job is starting on gpuc03.delta.ncsa.illinois.edu
| distributed init (rank 0): env://, gpu 0
| distributed init (rank 3): env://, gpu 3
| distributed init (rank 6): env://, gpu 6
| distributed init (rank 4): env://, gpu 4
| distributed init (rank 1): env://, gpu 1
| distributed init (rank 2): env://, gpu 2
| distributed init (rank 7): env://, gpu 7
| distributed init (rank 5): env://, gpu 5
Sampler_train = <torch.utils.data.distributed.DistributedSampler object at 0x7fcf4c052c10>
Namespace(patch_size=16, input_size_min=224, input_size_max=224, resolution_step=1, input_size_enc=None, encoder_type='vit_b_enc', decoder_type='unet_patched', post_mlp=True, encoder_ckpt=None, full_ckpt=None, freeze_enc=False, dec_transformer_dropout=0.2, quantizer_type='lucid', codebook_size=8192, latent_dim=32, norm_codes=True, norm_latents=False, codebook_weight=1.0, quantizer_ema_decay=0.99, coef_ema_dead_code=32.0, code_replacement_policy='batch_random', commitment_weight=1.0, orthogonal_reg_weight=1.0, orthogonal_reg_active_codes_only=False, orthogonal_reg_max_codes=None, kmeans_init=False, num_train_timesteps=1000, prediction_type='sample', beta_schedule='linear', zero_terminal_snr=True, cls_free_guidance_dropout=0.0, masked_cfg=False, masked_cfg_low=0, masked_cfg_high=None, thresholding=True, loss_fn='smooth_l1', conditioning='concat', resolution_cond=False, eval_res_cond=None, batch_size=96, batch_size_eval=None, epochs=20, save_ckpt_freq=3, opt='adamw', opt_eps=1e-08, opt_betas=[0.9, 0.99], clip_grad=None, skip_grad=None, momentum=0.9, weight_decay=0.05, weight_decay_end=None, blr=0.0001, warmup_lr=1e-06, min_lr=0.0, warmup_epochs=5, warmup_steps=-1, dtype='bf16', model_ema=False, model_ema_decay=0.9999, model_ema_force_cpu=False, model_ema_update_freq=1, hflip=0.5, use_random_rotations=True, near_orthogonal=True, rotation_resample_mode='bicubic', domain='depth', mask_value=0, data_path='/scratch/bdej/cohanlon/unsupervised/train', eval_data_path='/scratch/bdej/cohanlon/unsupervised/eval', imagenet_default_mean_and_std=False, mean_and_std='naip', standardize_surface_normals=False, min_crop_scale=0.8, cache_datasets=False, use_wds=False, s3_endpoint='', s3_data_endpoint='', wds_n_repeats=1, wds_shuffle_buffer_tar=1000, wds_shuffle_buffer_repeat=1000, s3_multipart_chunksize_mb=512, s3_multipart_threshold_mb=512, dataset_size=None, dist_eval=True, step_eval=False, eval_noise_schedule='DDIMScheduler', num_eval_timesteps=50, input_size_eval=224, num_eval_metrics_samples=5000, eval_freq=3, eval_metrics_freq=3, eval_image_log_freq=3, num_logged_images=1, eval_only=False, no_inception=False, log_codebook_usage=True, output_dir='output/tokenization/depth/ViTB-UNetP4_8k_224_predx0', device='cuda', seed=0, resume='', auto_resume=False, start_epoch=0, num_workers=110, pin_mem=True, find_unused_params=False, log_wandb=True, wandb_project='depth_tokenizer', wandb_entity='sarformer', wandb_run_name='depth/ViTB-UNetP4_8k_224_predx0', wandb_tags=[], show_user_warnings=False, world_size=8, local_rank=-1, dist_url='env://', s3_path='', s3_save_dir='', run_name='tokenization/depth/ViTB-UNetP4_8k_224_predx0', patch_size_dec=4, clip_sample=False, epoch_eval=True, config_path='cfgs/sarformer/tokenization/depth/ViTB-UNetP4_8k_224_predx0.yaml', rank=0, gpu=0, distributed=True, dist_backend='nccl', num_tasks=8, all_domains=['depth', 'mask_valid'], input_size=224)
Computed dead code EMA threshold: 0.5742
Model = DiVAE(
  (encoder): ViTEncoder(
    (proj): Conv2d(2, 768, kernel_size=(16, 16), stride=(16, 16))
    (blocks): Sequential(
      (0): Block(
        (norm1): LayerNorm((768,), eps=1e-06, elementwise_affine=True)
        (norm2): LayerNorm((768,), eps=1e-06, elementwise_affine=True)
        (attn): Attention(
          (qkv): Linear(in_features=768, out_features=2304, bias=True)
          (attn_drop): Dropout(p=0.0, inplace=False)
          (proj): Linear(in_features=768, out_features=768, bias=True)
          (proj_drop): Dropout(p=0.0, inplace=False)
        )
        (drop_path): Identity()
        (mlp): Mlp(
          (fc1): Linear(in_features=768, out_features=3072, bias=True)
          (act): GELU(approximate='none')
          (fc2): Linear(in_features=3072, out_features=768, bias=True)
          (drop): Dropout(p=0.0, inplace=False)
        )
      )
      (1): Block(
        (norm1): LayerNorm((768,), eps=1e-06, elementwise_affine=True)
        (norm2): LayerNorm((768,), eps=1e-06, elementwise_affine=True)
        (attn): Attention(
          (qkv): Linear(in_features=768, out_features=2304, bias=True)
          (attn_drop): Dropout(p=0.0, inplace=False)
          (proj): Linear(in_features=768, out_features=768, bias=True)
          (proj_drop): Dropout(p=0.0, inplace=False)
        )
        (drop_path): Identity()
        (mlp): Mlp(
          (fc1): Linear(in_features=768, out_features=3072, bias=True)
          (act): GELU(approximate='none')
          (fc2): Linear(in_features=3072, out_features=768, bias=True)
          (drop): Dropout(p=0.0, inplace=False)
        )
      )
      (2): Block(
        (norm1): LayerNorm((768,), eps=1e-06, elementwise_affine=True)
        (norm2): LayerNorm((768,), eps=1e-06, elementwise_affine=True)
        (attn): Attention(
          (qkv): Linear(in_features=768, out_features=2304, bias=True)
          (attn_drop): Dropout(p=0.0, inplace=False)
          (proj): Linear(in_features=768, out_features=768, bias=True)
          (proj_drop): Dropout(p=0.0, inplace=False)
        )
        (drop_path): Identity()
        (mlp): Mlp(
          (fc1): Linear(in_features=768, out_features=3072, bias=True)
          (act): GELU(approximate='none')
          (fc2): Linear(in_features=3072, out_features=768, bias=True)
          (drop): Dropout(p=0.0, inplace=False)
        )
      )
      (3): Block(
        (norm1): LayerNorm((768,), eps=1e-06, elementwise_affine=True)
        (norm2): LayerNorm((768,), eps=1e-06, elementwise_affine=True)
        (attn): Attention(
          (qkv): Linear(in_features=768, out_features=2304, bias=True)
          (attn_drop): Dropout(p=0.0, inplace=False)
          (proj): Linear(in_features=768, out_features=768, bias=True)
          (proj_drop): Dropout(p=0.0, inplace=False)
        )
        (drop_path): Identity()
        (mlp): Mlp(
          (fc1): Linear(in_features=768, out_features=3072, bias=True)
          (act): GELU(approximate='none')
          (fc2): Linear(in_features=3072, out_features=768, bias=True)
          (drop): Dropout(p=0.0, inplace=False)
        )
      )
      (4): Block(
        (norm1): LayerNorm((768,), eps=1e-06, elementwise_affine=True)
        (norm2): LayerNorm((768,), eps=1e-06, elementwise_affine=True)
        (attn): Attention(
          (qkv): Linear(in_features=768, out_features=2304, bias=True)
          (attn_drop): Dropout(p=0.0, inplace=False)
          (proj): Linear(in_features=768, out_features=768, bias=True)
          (proj_drop): Dropout(p=0.0, inplace=False)
        )
        (drop_path): Identity()
        (mlp): Mlp(
          (fc1): Linear(in_features=768, out_features=3072, bias=True)
          (act): GELU(approximate='none')
          (fc2): Linear(in_features=3072, out_features=768, bias=True)
          (drop): Dropout(p=0.0, inplace=False)
        )
      )
      (5): Block(
        (norm1): LayerNorm((768,), eps=1e-06, elementwise_affine=True)
        (norm2): LayerNorm((768,), eps=1e-06, elementwise_affine=True)
        (attn): Attention(
          (qkv): Linear(in_features=768, out_features=2304, bias=True)
          (attn_drop): Dropout(p=0.0, inplace=False)
          (proj): Linear(in_features=768, out_features=768, bias=True)
          (proj_drop): Dropout(p=0.0, inplace=False)
        )
        (drop_path): Identity()
        (mlp): Mlp(
          (fc1): Linear(in_features=768, out_features=3072, bias=True)
          (act): GELU(approximate='none')
          (fc2): Linear(in_features=3072, out_features=768, bias=True)
          (drop): Dropout(p=0.0, inplace=False)
        )
      )
      (6): Block(
        (norm1): LayerNorm((768,), eps=1e-06, elementwise_affine=True)
        (norm2): LayerNorm((768,), eps=1e-06, elementwise_affine=True)
        (attn): Attention(
          (qkv): Linear(in_features=768, out_features=2304, bias=True)
          (attn_drop): Dropout(p=0.0, inplace=False)
          (proj): Linear(in_features=768, out_features=768, bias=True)
          (proj_drop): Dropout(p=0.0, inplace=False)
        )
        (drop_path): Identity()
        (mlp): Mlp(
          (fc1): Linear(in_features=768, out_features=3072, bias=True)
          (act): GELU(approximate='none')
          (fc2): Linear(in_features=3072, out_features=768, bias=True)
          (drop): Dropout(p=0.0, inplace=False)
        )
      )
      (7): Block(
        (norm1): LayerNorm((768,), eps=1e-06, elementwise_affine=True)
        (norm2): LayerNorm((768,), eps=1e-06, elementwise_affine=True)
        (attn): Attention(
          (qkv): Linear(in_features=768, out_features=2304, bias=True)
          (attn_drop): Dropout(p=0.0, inplace=False)
          (proj): Linear(in_features=768, out_features=768, bias=True)
          (proj_drop): Dropout(p=0.0, inplace=False)
        )
        (drop_path): Identity()
        (mlp): Mlp(
          (fc1): Linear(in_features=768, out_features=3072, bias=True)
          (act): GELU(approximate='none')
          (fc2): Linear(in_features=3072, out_features=768, bias=True)
          (drop): Dropout(p=0.0, inplace=False)
        )
      )
      (8): Block(
        (norm1): LayerNorm((768,), eps=1e-06, elementwise_affine=True)
        (norm2): LayerNorm((768,), eps=1e-06, elementwise_affine=True)
        (attn): Attention(
          (qkv): Linear(in_features=768, out_features=2304, bias=True)
          (attn_drop): Dropout(p=0.0, inplace=False)
          (proj): Linear(in_features=768, out_features=768, bias=True)
          (proj_drop): Dropout(p=0.0, inplace=False)
        )
        (drop_path): Identity()
        (mlp): Mlp(
          (fc1): Linear(in_features=768, out_features=3072, bias=True)
          (act): GELU(approximate='none')
          (fc2): Linear(in_features=3072, out_features=768, bias=True)
          (drop): Dropout(p=0.0, inplace=False)
        )
      )
      (9): Block(
        (norm1): LayerNorm((768,), eps=1e-06, elementwise_affine=True)
        (norm2): LayerNorm((768,), eps=1e-06, elementwise_affine=True)
        (attn): Attention(
          (qkv): Linear(in_features=768, out_features=2304, bias=True)
          (attn_drop): Dropout(p=0.0, inplace=False)
          (proj): Linear(in_features=768, out_features=768, bias=True)
          (proj_drop): Dropout(p=0.0, inplace=False)
        )
        (drop_path): Identity()
        (mlp): Mlp(
          (fc1): Linear(in_features=768, out_features=3072, bias=True)
          (act): GELU(approximate='none')
          (fc2): Linear(in_features=3072, out_features=768, bias=True)
          (drop): Dropout(p=0.0, inplace=False)
        )
      )
      (10): Block(
        (norm1): LayerNorm((768,), eps=1e-06, elementwise_affine=True)
        (norm2): LayerNorm((768,), eps=1e-06, elementwise_affine=True)
        (attn): Attention(
          (qkv): Linear(in_features=768, out_features=2304, bias=True)
          (attn_drop): Dropout(p=0.0, inplace=False)
          (proj): Linear(in_features=768, out_features=768, bias=True)
          (proj_drop): Dropout(p=0.0, inplace=False)
        )
        (drop_path): Identity()
        (mlp): Mlp(
          (fc1): Linear(in_features=768, out_features=3072, bias=True)
          (act): GELU(approximate='none')
          (fc2): Linear(in_features=3072, out_features=768, bias=True)
          (drop): Dropout(p=0.0, inplace=False)
        )
      )
      (11): Block(
        (norm1): LayerNorm((768,), eps=1e-06, elementwise_affine=True)
        (norm2): LayerNorm((768,), eps=1e-06, elementwise_affine=True)
        (attn): Attention(
          (qkv): Linear(in_features=768, out_features=2304, bias=True)
          (attn_drop): Dropout(p=0.0, inplace=False)
          (proj): Linear(in_features=768, out_features=768, bias=True)
          (proj_drop): Dropout(p=0.0, inplace=False)
        )
        (drop_path): Identity()
        (mlp): Mlp(
          (fc1): Linear(in_features=768, out_features=3072, bias=True)
          (act): GELU(approximate='none')
          (fc2): Linear(in_features=3072, out_features=768, bias=True)
          (drop): Dropout(p=0.0, inplace=False)
        )
      )
    )
    (norm_mlp): LayerNorm((768,), eps=1e-06, elementwise_affine=True)
    (post_mlp): Mlp(
      (fc1): Linear(in_features=768, out_features=3072, bias=True)
      (act): Tanh()
      (fc2): Linear(in_features=3072, out_features=768, bias=True)
      (drop): Dropout(p=0.0, inplace=False)
    )
  )
  (quant_proj): Conv2d(768, 32, kernel_size=(1, 1), stride=(1, 1))
  (quantize): VectorQuantize(
    (project_in): Identity()
    (project_out): Identity()
    (_codebook): CosineSimCodebook()
  )
  (decoder): PatchedUNetCondCat(
    (time_embed): Sequential(
      (0): Linear(in_features=256, out_features=1024, bias=True)
      (1): SiLU()
      (2): Linear(in_features=1024, out_features=1024, bias=True)
    )
    (input_blocks): ModuleList(
      (0): TimestepEmbedSequential(
        (0): Conv2d(64, 256, kernel_size=(3, 3), stride=(1, 1), padding=(1, 1))
      )
      (1-3): 3 x TimestepEmbedSequential(
        (0): ResBlock(
          (in_layers): Sequential(
            (0): GroupNorm32(32, 256, eps=1e-05, affine=True)
            (1): SiLU()
            (2): Conv2d(256, 256, kernel_size=(3, 3), stride=(1, 1), padding=(1, 1))
          )
          (h_upd): Identity()
          (x_upd): Identity()
          (emb_layers): Sequential(
            (0): SiLU()
            (1): Linear(in_features=1024, out_features=256, bias=True)
          )
          (out_layers): Sequential(
            (0): GroupNorm32(32, 256, eps=1e-05, affine=True)
            (1): SiLU()
            (2): Dropout(p=0, inplace=False)
            (3): Conv2d(256, 256, kernel_size=(3, 3), stride=(1, 1), padding=(1, 1))
          )
          (skip_connection): Identity()
        )
      )
      (4): TimestepEmbedSequential(
        (0): Downsample(
          (op): Conv2d(256, 256, kernel_size=(3, 3), stride=(2, 2), padding=(1, 1))
        )
      )
      (5): TimestepEmbedSequential(
        (0): ResBlock(
          (in_layers): Sequential(
            (0): GroupNorm32(32, 256, eps=1e-05, affine=True)
            (1): SiLU()
            (2): Conv2d(256, 512, kernel_size=(3, 3), stride=(1, 1), padding=(1, 1))
          )
          (h_upd): Identity()
          (x_upd): Identity()
          (emb_layers): Sequential(
            (0): SiLU()
            (1): Linear(in_features=1024, out_features=512, bias=True)
          )
          (out_layers): Sequential(
            (0): GroupNorm32(32, 512, eps=1e-05, affine=True)
            (1): SiLU()
            (2): Dropout(p=0, inplace=False)
            (3): Conv2d(512, 512, kernel_size=(3, 3), stride=(1, 1), padding=(1, 1))
          )
          (skip_connection): Conv2d(256, 512, kernel_size=(1, 1), stride=(1, 1))
        )
      )
      (6-7): 2 x TimestepEmbedSequential(
        (0): ResBlock(
          (in_layers): Sequential(
            (0): GroupNorm32(32, 512, eps=1e-05, affine=True)
            (1): SiLU()
            (2): Conv2d(512, 512, kernel_size=(3, 3), stride=(1, 1), padding=(1, 1))
          )
          (h_upd): Identity()
          (x_upd): Identity()
          (emb_layers): Sequential(
            (0): SiLU()
            (1): Linear(in_features=1024, out_features=512, bias=True)
          )
          (out_layers): Sequential(
            (0): GroupNorm32(32, 512, eps=1e-05, affine=True)
            (1): SiLU()
            (2): Dropout(p=0, inplace=False)
            (3): Conv2d(512, 512, kernel_size=(3, 3), stride=(1, 1), padding=(1, 1))
          )
          (skip_connection): Identity()
        )
      )
      (8): TimestepEmbedSequential(
        (0): Downsample(
          (op): Conv2d(512, 512, kernel_size=(3, 3), stride=(2, 2), padding=(1, 1))
        )
      )
      (9-11): 3 x TimestepEmbedSequential(
        (0): ResBlock(
          (in_layers): Sequential(
            (0): GroupNorm32(32, 512, eps=1e-05, affine=True)
            (1): SiLU()
            (2): Conv2d(512, 512, kernel_size=(3, 3), stride=(1, 1), padding=(1, 1))
          )
          (h_upd): Identity()
          (x_upd): Identity()
          (emb_layers): Sequential(
            (0): SiLU()
            (1): Linear(in_features=1024, out_features=512, bias=True)
          )
          (out_layers): Sequential(
            (0): GroupNorm32(32, 512, eps=1e-05, affine=True)
            (1): SiLU()
            (2): Dropout(p=0, inplace=False)
            (3): Conv2d(512, 512, kernel_size=(3, 3), stride=(1, 1), padding=(1, 1))
          )
          (skip_connection): Identity()
        )
        (1): AttentionBlock(
          (norm): GroupNorm32(32, 512, eps=1e-05, affine=True)
          (qkv): Conv1d(512, 1536, kernel_size=(1,), stride=(1,))
          (attention): QKVAttentionLegacy()
          (proj_out): Conv1d(512, 512, kernel_size=(1,), stride=(1,))
        )
      )
      (12): TimestepEmbedSequential(
        (0): Downsample(
          (op): Conv2d(512, 512, kernel_size=(3, 3), stride=(2, 2), padding=(1, 1))
        )
      )
      (13-15): 3 x TimestepEmbedSequential(
        (0): ResBlock(
          (in_layers): Sequential(
            (0): GroupNorm32(32, 512, eps=1e-05, affine=True)
            (1): SiLU()
            (2): Conv2d(512, 512, kernel_size=(3, 3), stride=(1, 1), padding=(1, 1))
          )
          (h_upd): Identity()
          (x_upd): Identity()
          (emb_layers): Sequential(
            (0): SiLU()
            (1): Linear(in_features=1024, out_features=512, bias=True)
          )
          (out_layers): Sequential(
            (0): GroupNorm32(32, 512, eps=1e-05, affine=True)
            (1): SiLU()
            (2): Dropout(p=0, inplace=False)
            (3): Conv2d(512, 512, kernel_size=(3, 3), stride=(1, 1), padding=(1, 1))
          )
          (skip_connection): Identity()
        )
        (1): AttentionBlock(
          (norm): GroupNorm32(32, 512, eps=1e-05, affine=True)
          (qkv): Conv1d(512, 1536, kernel_size=(1,), stride=(1,))
          (attention): QKVAttentionLegacy()
          (proj_out): Conv1d(512, 512, kernel_size=(1,), stride=(1,))
        )
      )
    )
    (middle_block): TimestepEmbedSequential(
      (0): ResBlock(
        (in_layers): Sequential(
          (0): GroupNorm32(32, 512, eps=1e-05, affine=True)
          (1): SiLU()
          (2): Conv2d(512, 512, kernel_size=(3, 3), stride=(1, 1), padding=(1, 1))
        )
        (h_upd): Identity()
        (x_upd): Identity()
        (emb_layers): Sequential(
          (0): SiLU()
          (1): Linear(in_features=1024, out_features=512, bias=True)
        )
        (out_layers): Sequential(
          (0): GroupNorm32(32, 512, eps=1e-05, affine=True)
          (1): SiLU()
          (2): Dropout(p=0, inplace=False)
          (3): Conv2d(512, 512, kernel_size=(3, 3), stride=(1, 1), padding=(1, 1))
        )
        (skip_connection): Identity()
      )
      (1): AttentionBlock(
        (norm): GroupNorm32(32, 512, eps=1e-05, affine=True)
        (qkv): Conv1d(512, 1536, kernel_size=(1,), stride=(1,))
        (attention): QKVAttentionLegacy()
        (proj_out): Conv1d(512, 512, kernel_size=(1,), stride=(1,))
      )
      (2): ResBlock(
        (in_layers): Sequential(
          (0): GroupNorm32(32, 512, eps=1e-05, affine=True)
          (1): SiLU()
          (2): Conv2d(512, 512, kernel_size=(3, 3), stride=(1, 1), padding=(1, 1))
        )
        (h_upd): Identity()
        (x_upd): Identity()
        (emb_layers): Sequential(
          (0): SiLU()
          (1): Linear(in_features=1024, out_features=512, bias=True)
        )
        (out_layers): Sequential(
          (0): GroupNorm32(32, 512, eps=1e-05, affine=True)
          (1): SiLU()
          (2): Dropout(p=0, inplace=False)
          (3): Conv2d(512, 512, kernel_size=(3, 3), stride=(1, 1), padding=(1, 1))
        )
        (skip_connection): Identity()
      )
    )
    (output_blocks): ModuleList(
      (0-2): 3 x TimestepEmbedSequential(
        (0): ResBlock(
          (in_layers): Sequential(
            (0): GroupNorm32(32, 1024, eps=1e-05, affine=True)
            (1): SiLU()
            (2): Conv2d(1024, 512, kernel_size=(3, 3), stride=(1, 1), padding=(1, 1))
          )
          (h_upd): Identity()
          (x_upd): Identity()
          (emb_layers): Sequential(
            (0): SiLU()
            (1): Linear(in_features=1024, out_features=512, bias=True)
          )
          (out_layers): Sequential(
            (0): GroupNorm32(32, 512, eps=1e-05, affine=True)
            (1): SiLU()
            (2): Dropout(p=0, inplace=False)
            (3): Conv2d(512, 512, kernel_size=(3, 3), stride=(1, 1), padding=(1, 1))
          )
          (skip_connection): Conv2d(1024, 512, kernel_size=(1, 1), stride=(1, 1))
        )
        (1): AttentionBlock(
          (norm): GroupNorm32(32, 512, eps=1e-05, affine=True)
          (qkv): Conv1d(512, 1536, kernel_size=(1,), stride=(1,))
          (attention): QKVAttentionLegacy()
          (proj_out): Conv1d(512, 512, kernel_size=(1,), stride=(1,))
        )
      )
      (3): TimestepEmbedSequential(
        (0): ResBlock(
          (in_layers): Sequential(
            (0): GroupNorm32(32, 1024, eps=1e-05, affine=True)
            (1): SiLU()
            (2): Conv2d(1024, 512, kernel_size=(3, 3), stride=(1, 1), padding=(1, 1))
          )
          (h_upd): Identity()
          (x_upd): Identity()
          (emb_layers): Sequential(
            (0): SiLU()
            (1): Linear(in_features=1024, out_features=512, bias=True)
          )
          (out_layers): Sequential(
            (0): GroupNorm32(32, 512, eps=1e-05, affine=True)
            (1): SiLU()
            (2): Dropout(p=0, inplace=False)
            (3): Conv2d(512, 512, kernel_size=(3, 3), stride=(1, 1), padding=(1, 1))
          )
          (skip_connection): Conv2d(1024, 512, kernel_size=(1, 1), stride=(1, 1))
        )
        (1): AttentionBlock(
          (norm): GroupNorm32(32, 512, eps=1e-05, affine=True)
          (qkv): Conv1d(512, 1536, kernel_size=(1,), stride=(1,))
          (attention): QKVAttentionLegacy()
          (proj_out): Conv1d(512, 512, kernel_size=(1,), stride=(1,))
        )
        (2): Upsample(
          (conv): Conv2d(512, 512, kernel_size=(3, 3), stride=(1, 1), padding=(1, 1))
        )
      )
      (4-6): 3 x TimestepEmbedSequential(
        (0): ResBlock(
          (in_layers): Sequential(
            (0): GroupNorm32(32, 1024, eps=1e-05, affine=True)
            (1): SiLU()
            (2): Conv2d(1024, 512, kernel_size=(3, 3), stride=(1, 1), padding=(1, 1))
          )
          (h_upd): Identity()
          (x_upd): Identity()
          (emb_layers): Sequential(
            (0): SiLU()
            (1): Linear(in_features=1024, out_features=512, bias=True)
          )
          (out_layers): Sequential(
            (0): GroupNorm32(32, 512, eps=1e-05, affine=True)
            (1): SiLU()
            (2): Dropout(p=0, inplace=False)
            (3): Conv2d(512, 512, kernel_size=(3, 3), stride=(1, 1), padding=(1, 1))
          )
          (skip_connection): Conv2d(1024, 512, kernel_size=(1, 1), stride=(1, 1))
        )
        (1): AttentionBlock(
          (norm): GroupNorm32(32, 512, eps=1e-05, affine=True)
          (qkv): Conv1d(512, 1536, kernel_size=(1,), stride=(1,))
          (attention): QKVAttentionLegacy()
          (proj_out): Conv1d(512, 512, kernel_size=(1,), stride=(1,))
        )
      )
      (7): TimestepEmbedSequential(
        (0): ResBlock(
          (in_layers): Sequential(
            (0): GroupNorm32(32, 1024, eps=1e-05, affine=True)
            (1): SiLU()
            (2): Conv2d(1024, 512, kernel_size=(3, 3), stride=(1, 1), padding=(1, 1))
          )
          (h_upd): Identity()
          (x_upd): Identity()
          (emb_layers): Sequential(
            (0): SiLU()
            (1): Linear(in_features=1024, out_features=512, bias=True)
          )
          (out_layers): Sequential(
            (0): GroupNorm32(32, 512, eps=1e-05, affine=True)
            (1): SiLU()
            (2): Dropout(p=0, inplace=False)
            (3): Conv2d(512, 512, kernel_size=(3, 3), stride=(1, 1), padding=(1, 1))
          )
          (skip_connection): Conv2d(1024, 512, kernel_size=(1, 1), stride=(1, 1))
        )
        (1): AttentionBlock(
          (norm): GroupNorm32(32, 512, eps=1e-05, affine=True)
          (qkv): Conv1d(512, 1536, kernel_size=(1,), stride=(1,))
          (attention): QKVAttentionLegacy()
          (proj_out): Conv1d(512, 512, kernel_size=(1,), stride=(1,))
        )
        (2): Upsample(
          (conv): Conv2d(512, 512, kernel_size=(3, 3), stride=(1, 1), padding=(1, 1))
        )
      )
      (8-10): 3 x TimestepEmbedSequential(
        (0): ResBlock(
          (in_layers): Sequential(
            (0): GroupNorm32(32, 1024, eps=1e-05, affine=True)
            (1): SiLU()
            (2): Conv2d(1024, 512, kernel_size=(3, 3), stride=(1, 1), padding=(1, 1))
          )
          (h_upd): Identity()
          (x_upd): Identity()
          (emb_layers): Sequential(
            (0): SiLU()
            (1): Linear(in_features=1024, out_features=512, bias=True)
          )
          (out_layers): Sequential(
            (0): GroupNorm32(32, 512, eps=1e-05, affine=True)
            (1): SiLU()
            (2): Dropout(p=0, inplace=False)
            (3): Conv2d(512, 512, kernel_size=(3, 3), stride=(1, 1), padding=(1, 1))
          )
          (skip_connection): Conv2d(1024, 512, kernel_size=(1, 1), stride=(1, 1))
        )
      )
      (11): TimestepEmbedSequential(
        (0): ResBlock(
          (in_layers): Sequential(
            (0): GroupNorm32(32, 768, eps=1e-05, affine=True)
            (1): SiLU()
            (2): Conv2d(768, 512, kernel_size=(3, 3), stride=(1, 1), padding=(1, 1))
          )
          (h_upd): Identity()
          (x_upd): Identity()
          (emb_layers): Sequential(
            (0): SiLU()
            (1): Linear(in_features=1024, out_features=512, bias=True)
          )
          (out_layers): Sequential(
            (0): GroupNorm32(32, 512, eps=1e-05, affine=True)
            (1): SiLU()
            (2): Dropout(p=0, inplace=False)
            (3): Conv2d(512, 512, kernel_size=(3, 3), stride=(1, 1), padding=(1, 1))
          )
          (skip_connection): Conv2d(768, 512, kernel_size=(1, 1), stride=(1, 1))
        )
        (1): Upsample(
          (conv): Conv2d(512, 512, kernel_size=(3, 3), stride=(1, 1), padding=(1, 1))
        )
      )
      (12): TimestepEmbedSequential(
        (0): ResBlock(
          (in_layers): Sequential(
            (0): GroupNorm32(32, 768, eps=1e-05, affine=True)
            (1): SiLU()
            (2): Conv2d(768, 256, kernel_size=(3, 3), stride=(1, 1), padding=(1, 1))
          )
          (h_upd): Identity()
          (x_upd): Identity()
          (emb_layers): Sequential(
            (0): SiLU()
            (1): Linear(in_features=1024, out_features=256, bias=True)
          )
          (out_layers): Sequential(
            (0): GroupNorm32(32, 256, eps=1e-05, affine=True)
            (1): SiLU()
            (2): Dropout(p=0, inplace=False)
            (3): Conv2d(256, 256, kernel_size=(3, 3), stride=(1, 1), padding=(1, 1))
          )
          (skip_connection): Conv2d(768, 256, kernel_size=(1, 1), stride=(1, 1))
        )
      )
      (13-15): 3 x TimestepEmbedSequential(
        (0): ResBlock(
          (in_layers): Sequential(
            (0): GroupNorm32(32, 512, eps=1e-05, affine=True)
            (1): SiLU()
            (2): Conv2d(512, 256, kernel_size=(3, 3), stride=(1, 1), padding=(1, 1))
          )
          (h_upd): Identity()
          (x_upd): Identity()
          (emb_layers): Sequential(
            (0): SiLU()
            (1): Linear(in_features=1024, out_features=256, bias=True)
          )
          (out_layers): Sequential(
            (0): GroupNorm32(32, 256, eps=1e-05, affine=True)
            (1): SiLU()
            (2): Dropout(p=0, inplace=False)
            (3): Conv2d(256, 256, kernel_size=(3, 3), stride=(1, 1), padding=(1, 1))
          )
          (skip_connection): Conv2d(512, 256, kernel_size=(1, 1), stride=(1, 1))
        )
      )
    )
    (out): Sequential(
      (0): GroupNorm32(32, 256, eps=1e-05, affine=True)
      (1): SiLU()
      (2): Conv2d(256, 32, kernel_size=(3, 3), stride=(1, 1), padding=(1, 1))
    )
  )
)
Number of params: 286.73568 M
LR = 0.00030000
Batch size = 768
Number of training steps = 1416
Number of training examples per epoch = 1087488
Param groups = {
  "decay": {
    "weight_decay": 0.05,
    "params": [
      "encoder.proj.weight",
      "encoder.blocks.0.attn.qkv.weight",
      "encoder.blocks.0.attn.proj.weight",
      "encoder.blocks.0.mlp.fc1.weight",
      "encoder.blocks.0.mlp.fc2.weight",
      "encoder.blocks.1.attn.qkv.weight",
      "encoder.blocks.1.attn.proj.weight",
      "encoder.blocks.1.mlp.fc1.weight",
      "encoder.blocks.1.mlp.fc2.weight",
      "encoder.blocks.2.attn.qkv.weight",
      "encoder.blocks.2.attn.proj.weight",
      "encoder.blocks.2.mlp.fc1.weight",
      "encoder.blocks.2.mlp.fc2.weight",
      "encoder.blocks.3.attn.qkv.weight",
      "encoder.blocks.3.attn.proj.weight",
      "encoder.blocks.3.mlp.fc1.weight",
      "encoder.blocks.3.mlp.fc2.weight",
      "encoder.blocks.4.attn.qkv.weight",
      "encoder.blocks.4.attn.proj.weight",
      "encoder.blocks.4.mlp.fc1.weight",
      "encoder.blocks.4.mlp.fc2.weight",
      "encoder.blocks.5.attn.qkv.weight",
      "encoder.blocks.5.attn.proj.weight",
      "encoder.blocks.5.mlp.fc1.weight",
      "encoder.blocks.5.mlp.fc2.weight",
      "encoder.blocks.6.attn.qkv.weight",
      "encoder.blocks.6.attn.proj.weight",
      "encoder.blocks.6.mlp.fc1.weight",
      "encoder.blocks.6.mlp.fc2.weight",
      "encoder.blocks.7.attn.qkv.weight",
      "encoder.blocks.7.attn.proj.weight",
      "encoder.blocks.7.mlp.fc1.weight",
      "encoder.blocks.7.mlp.fc2.weight",
      "encoder.blocks.8.attn.qkv.weight",
      "encoder.blocks.8.attn.proj.weight",
      "encoder.blocks.8.mlp.fc1.weight",
      "encoder.blocks.8.mlp.fc2.weight",
      "encoder.blocks.9.attn.qkv.weight",
      "encoder.blocks.9.attn.proj.weight",
      "encoder.blocks.9.mlp.fc1.weight",
      "encoder.blocks.9.mlp.fc2.weight",
      "encoder.blocks.10.attn.qkv.weight",
      "encoder.blocks.10.attn.proj.weight",
      "encoder.blocks.10.mlp.fc1.weight",
      "encoder.blocks.10.mlp.fc2.weight",
      "encoder.blocks.11.attn.qkv.weight",
      "encoder.blocks.11.attn.proj.weight",
      "encoder.blocks.11.mlp.fc1.weight",
      "encoder.blocks.11.mlp.fc2.weight",
      "encoder.post_mlp.fc1.weight",
      "encoder.post_mlp.fc2.weight",
      "quant_proj.weight",
      "quantize._codebook.embed",
      "decoder.time_embed.0.weight",
      "decoder.time_embed.2.weight",
      "decoder.input_blocks.0.0.weight",
      "decoder.input_blocks.1.0.in_layers.0.weight",
      "decoder.input_blocks.1.0.in_layers.2.weight",
      "decoder.input_blocks.1.0.emb_layers.1.weight",
      "decoder.input_blocks.1.0.out_layers.0.weight",
      "decoder.input_blocks.1.0.out_layers.3.weight",
      "decoder.input_blocks.2.0.in_layers.0.weight",
      "decoder.input_blocks.2.0.in_layers.2.weight",
      "decoder.input_blocks.2.0.emb_layers.1.weight",
      "decoder.input_blocks.2.0.out_layers.0.weight",
      "decoder.input_blocks.2.0.out_layers.3.weight",
      "decoder.input_blocks.3.0.in_layers.0.weight",
      "decoder.input_blocks.3.0.in_layers.2.weight",
      "decoder.input_blocks.3.0.emb_layers.1.weight",
      "decoder.input_blocks.3.0.out_layers.0.weight",
      "decoder.input_blocks.3.0.out_layers.3.weight",
      "decoder.input_blocks.4.0.op.weight",
      "decoder.input_blocks.5.0.in_layers.0.weight",
      "decoder.input_blocks.5.0.in_layers.2.weight",
      "decoder.input_blocks.5.0.emb_layers.1.weight",
      "decoder.input_blocks.5.0.out_layers.0.weight",
      "decoder.input_blocks.5.0.out_layers.3.weight",
      "decoder.input_blocks.5.0.skip_connection.weight",
      "decoder.input_blocks.6.0.in_layers.0.weight",
      "decoder.input_blocks.6.0.in_layers.2.weight",
      "decoder.input_blocks.6.0.emb_layers.1.weight",
      "decoder.input_blocks.6.0.out_layers.0.weight",
      "decoder.input_blocks.6.0.out_layers.3.weight",
      "decoder.input_blocks.7.0.in_layers.0.weight",
      "decoder.input_blocks.7.0.in_layers.2.weight",
      "decoder.input_blocks.7.0.emb_layers.1.weight",
      "decoder.input_blocks.7.0.out_layers.0.weight",
      "decoder.input_blocks.7.0.out_layers.3.weight",
      "decoder.input_blocks.8.0.op.weight",
      "decoder.input_blocks.9.0.in_layers.0.weight",
      "decoder.input_blocks.9.0.in_layers.2.weight",
      "decoder.input_blocks.9.0.emb_layers.1.weight",
      "decoder.input_blocks.9.0.out_layers.0.weight",
      "decoder.input_blocks.9.0.out_layers.3.weight",
      "decoder.input_blocks.9.1.qkv.weight",
      "decoder.input_blocks.9.1.proj_out.weight",
      "decoder.input_blocks.10.0.in_layers.0.weight",
      "decoder.input_blocks.10.0.in_layers.2.weight",
      "decoder.input_blocks.10.0.emb_layers.1.weight",
      "decoder.input_blocks.10.0.out_layers.0.weight",
      "decoder.input_blocks.10.0.out_layers.3.weight",
      "decoder.input_blocks.10.1.qkv.weight",
      "decoder.input_blocks.10.1.proj_out.weight",
      "decoder.input_blocks.11.0.in_layers.0.weight",
      "decoder.input_blocks.11.0.in_layers.2.weight",
      "decoder.input_blocks.11.0.emb_layers.1.weight",
      "decoder.input_blocks.11.0.out_layers.0.weight",
      "decoder.input_blocks.11.0.out_layers.3.weight",
      "decoder.input_blocks.11.1.qkv.weight",
      "decoder.input_blocks.11.1.proj_out.weight",
      "decoder.input_blocks.12.0.op.weight",
      "decoder.input_blocks.13.0.in_layers.0.weight",
      "decoder.input_blocks.13.0.in_layers.2.weight",
      "decoder.input_blocks.13.0.emb_layers.1.weight",
      "decoder.input_blocks.13.0.out_layers.0.weight",
      "decoder.input_blocks.13.0.out_layers.3.weight",
      "decoder.input_blocks.13.1.qkv.weight",
      "decoder.input_blocks.13.1.proj_out.weight",
      "decoder.input_blocks.14.0.in_layers.0.weight",
      "decoder.input_blocks.14.0.in_layers.2.weight",
      "decoder.input_blocks.14.0.emb_layers.1.weight",
      "decoder.input_blocks.14.0.out_layers.0.weight",
      "decoder.input_blocks.14.0.out_layers.3.weight",
      "decoder.input_blocks.14.1.qkv.weight",
      "decoder.input_blocks.14.1.proj_out.weight",
      "decoder.input_blocks.15.0.in_layers.0.weight",
      "decoder.input_blocks.15.0.in_layers.2.weight",
      "decoder.input_blocks.15.0.emb_layers.1.weight",
      "decoder.input_blocks.15.0.out_layers.0.weight",
      "decoder.input_blocks.15.0.out_layers.3.weight",
      "decoder.input_blocks.15.1.qkv.weight",
      "decoder.input_blocks.15.1.proj_out.weight",
      "decoder.middle_block.0.in_layers.0.weight",
      "decoder.middle_block.0.in_layers.2.weight",
      "decoder.middle_block.0.emb_layers.1.weight",
      "decoder.middle_block.0.out_layers.0.weight",
      "decoder.middle_block.0.out_layers.3.weight",
      "decoder.middle_block.1.qkv.weight",
      "decoder.middle_block.1.proj_out.weight",
      "decoder.middle_block.2.in_layers.0.weight",
      "decoder.middle_block.2.in_layers.2.weight",
      "decoder.middle_block.2.emb_layers.1.weight",
      "decoder.middle_block.2.out_layers.0.weight",
      "decoder.middle_block.2.out_layers.3.weight",
      "decoder.output_blocks.0.0.in_layers.0.weight",
      "decoder.output_blocks.0.0.in_layers.2.weight",
      "decoder.output_blocks.0.0.emb_layers.1.weight",
      "decoder.output_blocks.0.0.out_layers.0.weight",
      "decoder.output_blocks.0.0.out_layers.3.weight",
      "decoder.output_blocks.0.0.skip_connection.weight",
      "decoder.output_blocks.0.1.qkv.weight",
      "decoder.output_blocks.0.1.proj_out.weight",
      "decoder.output_blocks.1.0.in_layers.0.weight",
      "decoder.output_blocks.1.0.in_layers.2.weight",
      "decoder.output_blocks.1.0.emb_layers.1.weight",
      "decoder.output_blocks.1.0.out_layers.0.weight",
      "decoder.output_blocks.1.0.out_layers.3.weight",
      "decoder.output_blocks.1.0.skip_connection.weight",
      "decoder.output_blocks.1.1.qkv.weight",
      "decoder.output_blocks.1.1.proj_out.weight",
      "decoder.output_blocks.2.0.in_layers.0.weight",
      "decoder.output_blocks.2.0.in_layers.2.weight",
      "decoder.output_blocks.2.0.emb_layers.1.weight",
      "decoder.output_blocks.2.0.out_layers.0.weight",
      "decoder.output_blocks.2.0.out_layers.3.weight",
      "decoder.output_blocks.2.0.skip_connection.weight",
      "decoder.output_blocks.2.1.qkv.weight",
      "decoder.output_blocks.2.1.proj_out.weight",
      "decoder.output_blocks.3.0.in_layers.0.weight",
      "decoder.output_blocks.3.0.in_layers.2.weight",
      "decoder.output_blocks.3.0.emb_layers.1.weight",
      "decoder.output_blocks.3.0.out_layers.0.weight",
      "decoder.output_blocks.3.0.out_layers.3.weight",
      "decoder.output_blocks.3.0.skip_connection.weight",
      "decoder.output_blocks.3.1.qkv.weight",
      "decoder.output_blocks.3.1.proj_out.weight",
      "decoder.output_blocks.3.2.conv.weight",
      "decoder.output_blocks.4.0.in_layers.0.weight",
      "decoder.output_blocks.4.0.in_layers.2.weight",
      "decoder.output_blocks.4.0.emb_layers.1.weight",
      "decoder.output_blocks.4.0.out_layers.0.weight",
      "decoder.output_blocks.4.0.out_layers.3.weight",
      "decoder.output_blocks.4.0.skip_connection.weight",
      "decoder.output_blocks.4.1.qkv.weight",
      "decoder.output_blocks.4.1.proj_out.weight",
      "decoder.output_blocks.5.0.in_layers.0.weight",
      "decoder.output_blocks.5.0.in_layers.2.weight",
      "decoder.output_blocks.5.0.emb_layers.1.weight",
      "decoder.output_blocks.5.0.out_layers.0.weight",
      "decoder.output_blocks.5.0.out_layers.3.weight",
      "decoder.output_blocks.5.0.skip_connection.weight",
      "decoder.output_blocks.5.1.qkv.weight",
      "decoder.output_blocks.5.1.proj_out.weight",
      "decoder.output_blocks.6.0.in_layers.0.weight",
      "decoder.output_blocks.6.0.in_layers.2.weight",
      "decoder.output_blocks.6.0.emb_layers.1.weight",
      "decoder.output_blocks.6.0.out_layers.0.weight",
      "decoder.output_blocks.6.0.out_layers.3.weight",
      "decoder.output_blocks.6.0.skip_connection.weight",
      "decoder.output_blocks.6.1.qkv.weight",
      "decoder.output_blocks.6.1.proj_out.weight",
      "decoder.output_blocks.7.0.in_layers.0.weight",
      "decoder.output_blocks.7.0.in_layers.2.weight",
      "decoder.output_blocks.7.0.emb_layers.1.weight",
      "decoder.output_blocks.7.0.out_layers.0.weight",
      "decoder.output_blocks.7.0.out_layers.3.weight",
      "decoder.output_blocks.7.0.skip_connection.weight",
      "decoder.output_blocks.7.1.qkv.weight",
      "decoder.output_blocks.7.1.proj_out.weight",
      "decoder.output_blocks.7.2.conv.weight",
      "decoder.output_blocks.8.0.in_layers.0.weight",
      "decoder.output_blocks.8.0.in_layers.2.weight",
      "decoder.output_blocks.8.0.emb_layers.1.weight",
      "decoder.output_blocks.8.0.out_layers.0.weight",
      "decoder.output_blocks.8.0.out_layers.3.weight",
      "decoder.output_blocks.8.0.skip_connection.weight",
      "decoder.output_blocks.9.0.in_layers.0.weight",
      "decoder.output_blocks.9.0.in_layers.2.weight",
      "decoder.output_blocks.9.0.emb_layers.1.weight",
      "decoder.output_blocks.9.0.out_layers.0.weight",
      "decoder.output_blocks.9.0.out_layers.3.weight",
      "decoder.output_blocks.9.0.skip_connection.weight",
      "decoder.output_blocks.10.0.in_layers.0.weight",
      "decoder.output_blocks.10.0.in_layers.2.weight",
      "decoder.output_blocks.10.0.emb_layers.1.weight",
      "decoder.output_blocks.10.0.out_layers.0.weight",
      "decoder.output_blocks.10.0.out_layers.3.weight",
      "decoder.output_blocks.10.0.skip_connection.weight",
      "decoder.output_blocks.11.0.in_layers.0.weight",
      "decoder.output_blocks.11.0.in_layers.2.weight",
      "decoder.output_blocks.11.0.emb_layers.1.weight",
      "decoder.output_blocks.11.0.out_layers.0.weight",
      "decoder.output_blocks.11.0.out_layers.3.weight",
      "decoder.output_blocks.11.0.skip_connection.weight",
      "decoder.output_blocks.11.1.conv.weight",
      "decoder.output_blocks.12.0.in_layers.0.weight",
      "decoder.output_blocks.12.0.in_layers.2.weight",
      "decoder.output_blocks.12.0.emb_layers.1.weight",
      "decoder.output_blocks.12.0.out_layers.0.weight",
      "decoder.output_blocks.12.0.out_layers.3.weight",
      "decoder.output_blocks.12.0.skip_connection.weight",
      "decoder.output_blocks.13.0.in_layers.0.weight",
      "decoder.output_blocks.13.0.in_layers.2.weight",
      "decoder.output_blocks.13.0.emb_layers.1.weight",
      "decoder.output_blocks.13.0.out_layers.0.weight",
      "decoder.output_blocks.13.0.out_layers.3.weight",
      "decoder.output_blocks.13.0.skip_connection.weight",
      "decoder.output_blocks.14.0.in_layers.0.weight",
      "decoder.output_blocks.14.0.in_layers.2.weight",
      "decoder.output_blocks.14.0.emb_layers.1.weight",
      "decoder.output_blocks.14.0.out_layers.0.weight",
      "decoder.output_blocks.14.0.out_layers.3.weight",
      "decoder.output_blocks.14.0.skip_connection.weight",
      "decoder.output_blocks.15.0.in_layers.0.weight",
      "decoder.output_blocks.15.0.in_layers.2.weight",
      "decoder.output_blocks.15.0.emb_layers.1.weight",
      "decoder.output_blocks.15.0.out_layers.0.weight",
      "decoder.output_blocks.15.0.out_layers.3.weight",
      "decoder.output_blocks.15.0.skip_connection.weight",
      "decoder.out.0.weight",
      "decoder.out.2.weight"
    ],
    "lr_scale": 1.0
  },
  "no_decay": {
    "weight_decay": 0.0,
    "params": [
      "encoder.proj.bias",
      "encoder.blocks.0.norm1.weight",
      "encoder.blocks.0.norm1.bias",
      "encoder.blocks.0.norm2.weight",
      "encoder.blocks.0.norm2.bias",
      "encoder.blocks.0.attn.qkv.bias",
      "encoder.blocks.0.attn.proj.bias",
      "encoder.blocks.0.mlp.fc1.bias",
      "encoder.blocks.0.mlp.fc2.bias",
      "encoder.blocks.1.norm1.weight",
      "encoder.blocks.1.norm1.bias",
      "encoder.blocks.1.norm2.weight",
      "encoder.blocks.1.norm2.bias",
      "encoder.blocks.1.attn.qkv.bias",
      "encoder.blocks.1.attn.proj.bias",
      "encoder.blocks.1.mlp.fc1.bias",
      "encoder.blocks.1.mlp.fc2.bias",
      "encoder.blocks.2.norm1.weight",
      "encoder.blocks.2.norm1.bias",
      "encoder.blocks.2.norm2.weight",
      "encoder.blocks.2.norm2.bias",
      "encoder.blocks.2.attn.qkv.bias",
      "encoder.blocks.2.attn.proj.bias",
      "encoder.blocks.2.mlp.fc1.bias",
      "encoder.blocks.2.mlp.fc2.bias",
      "encoder.blocks.3.norm1.weight",
      "encoder.blocks.3.norm1.bias",
      "encoder.blocks.3.norm2.weight",
      "encoder.blocks.3.norm2.bias",
      "encoder.blocks.3.attn.qkv.bias",
      "encoder.blocks.3.attn.proj.bias",
      "encoder.blocks.3.mlp.fc1.bias",
      "encoder.blocks.3.mlp.fc2.bias",
      "encoder.blocks.4.norm1.weight",
      "encoder.blocks.4.norm1.bias",
      "encoder.blocks.4.norm2.weight",
      "encoder.blocks.4.norm2.bias",
      "encoder.blocks.4.attn.qkv.bias",
      "encoder.blocks.4.attn.proj.bias",
      "encoder.blocks.4.mlp.fc1.bias",
      "encoder.blocks.4.mlp.fc2.bias",
      "encoder.blocks.5.norm1.weight",
      "encoder.blocks.5.norm1.bias",
      "encoder.blocks.5.norm2.weight",
      "encoder.blocks.5.norm2.bias",
      "encoder.blocks.5.attn.qkv.bias",
      "encoder.blocks.5.attn.proj.bias",
      "encoder.blocks.5.mlp.fc1.bias",
      "encoder.blocks.5.mlp.fc2.bias",
      "encoder.blocks.6.norm1.weight",
      "encoder.blocks.6.norm1.bias",
      "encoder.blocks.6.norm2.weight",
      "encoder.blocks.6.norm2.bias",
      "encoder.blocks.6.attn.qkv.bias",
      "encoder.blocks.6.attn.proj.bias",
      "encoder.blocks.6.mlp.fc1.bias",
      "encoder.blocks.6.mlp.fc2.bias",
      "encoder.blocks.7.norm1.weight",
      "encoder.blocks.7.norm1.bias",
      "encoder.blocks.7.norm2.weight",
      "encoder.blocks.7.norm2.bias",
      "encoder.blocks.7.attn.qkv.bias",
      "encoder.blocks.7.attn.proj.bias",
      "encoder.blocks.7.mlp.fc1.bias",
      "encoder.blocks.7.mlp.fc2.bias",
      "encoder.blocks.8.norm1.weight",
      "encoder.blocks.8.norm1.bias",
      "encoder.blocks.8.norm2.weight",
      "encoder.blocks.8.norm2.bias",
      "encoder.blocks.8.attn.qkv.bias",
      "encoder.blocks.8.attn.proj.bias",
      "encoder.blocks.8.mlp.fc1.bias",
      "encoder.blocks.8.mlp.fc2.bias",
      "encoder.blocks.9.norm1.weight",
      "encoder.blocks.9.norm1.bias",
      "encoder.blocks.9.norm2.weight",
      "encoder.blocks.9.norm2.bias",
      "encoder.blocks.9.attn.qkv.bias",
      "encoder.blocks.9.attn.proj.bias",
      "encoder.blocks.9.mlp.fc1.bias",
      "encoder.blocks.9.mlp.fc2.bias",
      "encoder.blocks.10.norm1.weight",
      "encoder.blocks.10.norm1.bias",
      "encoder.blocks.10.norm2.weight",
      "encoder.blocks.10.norm2.bias",
      "encoder.blocks.10.attn.qkv.bias",
      "encoder.blocks.10.attn.proj.bias",
      "encoder.blocks.10.mlp.fc1.bias",
      "encoder.blocks.10.mlp.fc2.bias",
      "encoder.blocks.11.norm1.weight",
      "encoder.blocks.11.norm1.bias",
      "encoder.blocks.11.norm2.weight",
      "encoder.blocks.11.norm2.bias",
      "encoder.blocks.11.attn.qkv.bias",
      "encoder.blocks.11.attn.proj.bias",
      "encoder.blocks.11.mlp.fc1.bias",
      "encoder.blocks.11.mlp.fc2.bias",
      "encoder.norm_mlp.weight",
      "encoder.norm_mlp.bias",
      "encoder.post_mlp.fc1.bias",
      "encoder.post_mlp.fc2.bias",
      "quant_proj.bias",
      "decoder.time_embed.0.bias",
      "decoder.time_embed.2.bias",
      "decoder.input_blocks.0.0.bias",
      "decoder.input_blocks.1.0.in_layers.0.bias",
      "decoder.input_blocks.1.0.in_layers.2.bias",
      "decoder.input_blocks.1.0.emb_layers.1.bias",
      "decoder.input_blocks.1.0.out_layers.0.bias",
      "decoder.input_blocks.1.0.out_layers.3.bias",
      "decoder.input_blocks.2.0.in_layers.0.bias",
      "decoder.input_blocks.2.0.in_layers.2.bias",
      "decoder.input_blocks.2.0.emb_layers.1.bias",
      "decoder.input_blocks.2.0.out_layers.0.bias",
      "decoder.input_blocks.2.0.out_layers.3.bias",
      "decoder.input_blocks.3.0.in_layers.0.bias",
      "decoder.input_blocks.3.0.in_layers.2.bias",
      "decoder.input_blocks.3.0.emb_layers.1.bias",
      "decoder.input_blocks.3.0.out_layers.0.bias",
      "decoder.input_blocks.3.0.out_layers.3.bias",
      "decoder.input_blocks.4.0.op.bias",
      "decoder.input_blocks.5.0.in_layers.0.bias",
      "decoder.input_blocks.5.0.in_layers.2.bias",
      "decoder.input_blocks.5.0.emb_layers.1.bias",
      "decoder.input_blocks.5.0.out_layers.0.bias",
      "decoder.input_blocks.5.0.out_layers.3.bias",
      "decoder.input_blocks.5.0.skip_connection.bias",
      "decoder.input_blocks.6.0.in_layers.0.bias",
      "decoder.input_blocks.6.0.in_layers.2.bias",
      "decoder.input_blocks.6.0.emb_layers.1.bias",
      "decoder.input_blocks.6.0.out_layers.0.bias",
      "decoder.input_blocks.6.0.out_layers.3.bias",
      "decoder.input_blocks.7.0.in_layers.0.bias",
      "decoder.input_blocks.7.0.in_layers.2.bias",
      "decoder.input_blocks.7.0.emb_layers.1.bias",
      "decoder.input_blocks.7.0.out_layers.0.bias",
      "decoder.input_blocks.7.0.out_layers.3.bias",
      "decoder.input_blocks.8.0.op.bias",
      "decoder.input_blocks.9.0.in_layers.0.bias",
      "decoder.input_blocks.9.0.in_layers.2.bias",
      "decoder.input_blocks.9.0.emb_layers.1.bias",
      "decoder.input_blocks.9.0.out_layers.0.bias",
      "decoder.input_blocks.9.0.out_layers.3.bias",
      "decoder.input_blocks.9.1.norm.weight",
      "decoder.input_blocks.9.1.norm.bias",
      "decoder.input_blocks.9.1.qkv.bias",
      "decoder.input_blocks.9.1.proj_out.bias",
      "decoder.input_blocks.10.0.in_layers.0.bias",
      "decoder.input_blocks.10.0.in_layers.2.bias",
      "decoder.input_blocks.10.0.emb_layers.1.bias",
      "decoder.input_blocks.10.0.out_layers.0.bias",
      "decoder.input_blocks.10.0.out_layers.3.bias",
      "decoder.input_blocks.10.1.norm.weight",
      "decoder.input_blocks.10.1.norm.bias",
      "decoder.input_blocks.10.1.qkv.bias",
      "decoder.input_blocks.10.1.proj_out.bias",
      "decoder.input_blocks.11.0.in_layers.0.bias",
      "decoder.input_blocks.11.0.in_layers.2.bias",
      "decoder.input_blocks.11.0.emb_layers.1.bias",
      "decoder.input_blocks.11.0.out_layers.0.bias",
      "decoder.input_blocks.11.0.out_layers.3.bias",
      "decoder.input_blocks.11.1.norm.weight",
      "decoder.input_blocks.11.1.norm.bias",
      "decoder.input_blocks.11.1.qkv.bias",
      "decoder.input_blocks.11.1.proj_out.bias",
      "decoder.input_blocks.12.0.op.bias",
      "decoder.input_blocks.13.0.in_layers.0.bias",
      "decoder.input_blocks.13.0.in_layers.2.bias",
      "decoder.input_blocks.13.0.emb_layers.1.bias",
      "decoder.input_blocks.13.0.out_layers.0.bias",
      "decoder.input_blocks.13.0.out_layers.3.bias",
      "decoder.input_blocks.13.1.norm.weight",
      "decoder.input_blocks.13.1.norm.bias",
      "decoder.input_blocks.13.1.qkv.bias",
      "decoder.input_blocks.13.1.proj_out.bias",
      "decoder.input_blocks.14.0.in_layers.0.bias",
      "decoder.input_blocks.14.0.in_layers.2.bias",
      "decoder.input_blocks.14.0.emb_layers.1.bias",
      "decoder.input_blocks.14.0.out_layers.0.bias",
      "decoder.input_blocks.14.0.out_layers.3.bias",
      "decoder.input_blocks.14.1.norm.weight",
      "decoder.input_blocks.14.1.norm.bias",
      "decoder.input_blocks.14.1.qkv.bias",
      "decoder.input_blocks.14.1.proj_out.bias",
      "decoder.input_blocks.15.0.in_layers.0.bias",
      "decoder.input_blocks.15.0.in_layers.2.bias",
      "decoder.input_blocks.15.0.emb_layers.1.bias",
      "decoder.input_blocks.15.0.out_layers.0.bias",
      "decoder.input_blocks.15.0.out_layers.3.bias",
      "decoder.input_blocks.15.1.norm.weight",
      "decoder.input_blocks.15.1.norm.bias",
      "decoder.input_blocks.15.1.qkv.bias",
      "decoder.input_blocks.15.1.proj_out.bias",
      "decoder.middle_block.0.in_layers.0.bias",
      "decoder.middle_block.0.in_layers.2.bias",
      "decoder.middle_block.0.emb_layers.1.bias",
      "decoder.middle_block.0.out_layers.0.bias",
      "decoder.middle_block.0.out_layers.3.bias",
      "decoder.middle_block.1.norm.weight",
      "decoder.middle_block.1.norm.bias",
      "decoder.middle_block.1.qkv.bias",
      "decoder.middle_block.1.proj_out.bias",
      "decoder.middle_block.2.in_layers.0.bias",
      "decoder.middle_block.2.in_layers.2.bias",
      "decoder.middle_block.2.emb_layers.1.bias",
      "decoder.middle_block.2.out_layers.0.bias",
      "decoder.middle_block.2.out_layers.3.bias",
      "decoder.output_blocks.0.0.in_layers.0.bias",
      "decoder.output_blocks.0.0.in_layers.2.bias",
      "decoder.output_blocks.0.0.emb_layers.1.bias",
      "decoder.output_blocks.0.0.out_layers.0.bias",
      "decoder.output_blocks.0.0.out_layers.3.bias",
      "decoder.output_blocks.0.0.skip_connection.bias",
      "decoder.output_blocks.0.1.norm.weight",
      "decoder.output_blocks.0.1.norm.bias",
      "decoder.output_blocks.0.1.qkv.bias",
      "decoder.output_blocks.0.1.proj_out.bias",
      "decoder.output_blocks.1.0.in_layers.0.bias",
      "decoder.output_blocks.1.0.in_layers.2.bias",
      "decoder.output_blocks.1.0.emb_layers.1.bias",
      "decoder.output_blocks.1.0.out_layers.0.bias",
      "decoder.output_blocks.1.0.out_layers.3.bias",
      "decoder.output_blocks.1.0.skip_connection.bias",
      "decoder.output_blocks.1.1.norm.weight",
      "decoder.output_blocks.1.1.norm.bias",
      "decoder.output_blocks.1.1.qkv.bias",
      "decoder.output_blocks.1.1.proj_out.bias",
      "decoder.output_blocks.2.0.in_layers.0.bias",
      "decoder.output_blocks.2.0.in_layers.2.bias",
      "decoder.output_blocks.2.0.emb_layers.1.bias",
      "decoder.output_blocks.2.0.out_layers.0.bias",
      "decoder.output_blocks.2.0.out_layers.3.bias",
      "decoder.output_blocks.2.0.skip_connection.bias",
      "decoder.output_blocks.2.1.norm.weight",
      "decoder.output_blocks.2.1.norm.bias",
      "decoder.output_blocks.2.1.qkv.bias",
      "decoder.output_blocks.2.1.proj_out.bias",
      "decoder.output_blocks.3.0.in_layers.0.bias",
      "decoder.output_blocks.3.0.in_layers.2.bias",
      "decoder.output_blocks.3.0.emb_layers.1.bias",
      "decoder.output_blocks.3.0.out_layers.0.bias",
      "decoder.output_blocks.3.0.out_layers.3.bias",
      "decoder.output_blocks.3.0.skip_connection.bias",
      "decoder.output_blocks.3.1.norm.weight",
      "decoder.output_blocks.3.1.norm.bias",
      "decoder.output_blocks.3.1.qkv.bias",
      "decoder.output_blocks.3.1.proj_out.bias",
      "decoder.output_blocks.3.2.conv.bias",
      "decoder.output_blocks.4.0.in_layers.0.bias",
      "decoder.output_blocks.4.0.in_layers.2.bias",
      "decoder.output_blocks.4.0.emb_layers.1.bias",
      "decoder.output_blocks.4.0.out_layers.0.bias",
      "decoder.output_blocks.4.0.out_layers.3.bias",
      "decoder.output_blocks.4.0.skip_connection.bias",
      "decoder.output_blocks.4.1.norm.weight",
      "decoder.output_blocks.4.1.norm.bias",
      "decoder.output_blocks.4.1.qkv.bias",
      "decoder.output_blocks.4.1.proj_out.bias",
      "decoder.output_blocks.5.0.in_layers.0.bias",
      "decoder.output_blocks.5.0.in_layers.2.bias",
      "decoder.output_blocks.5.0.emb_layers.1.bias",
      "decoder.output_blocks.5.0.out_layers.0.bias",
      "decoder.output_blocks.5.0.out_layers.3.bias",
      "decoder.output_blocks.5.0.skip_connection.bias",
      "decoder.output_blocks.5.1.norm.weight",
      "decoder.output_blocks.5.1.norm.bias",
      "decoder.output_blocks.5.1.qkv.bias",
      "decoder.output_blocks.5.1.proj_out.bias",
      "decoder.output_blocks.6.0.in_layers.0.bias",
      "decoder.output_blocks.6.0.in_layers.2.bias",
      "decoder.output_blocks.6.0.emb_layers.1.bias",
      "decoder.output_blocks.6.0.out_layers.0.bias",
      "decoder.output_blocks.6.0.out_layers.3.bias",
      "decoder.output_blocks.6.0.skip_connection.bias",
      "decoder.output_blocks.6.1.norm.weight",
      "decoder.output_blocks.6.1.norm.bias",
      "decoder.output_blocks.6.1.qkv.bias",
      "decoder.output_blocks.6.1.proj_out.bias",
      "decoder.output_blocks.7.0.in_layers.0.bias",
      "decoder.output_blocks.7.0.in_layers.2.bias",
      "decoder.output_blocks.7.0.emb_layers.1.bias",
      "decoder.output_blocks.7.0.out_layers.0.bias",
      "decoder.output_blocks.7.0.out_layers.3.bias",
      "decoder.output_blocks.7.0.skip_connection.bias",
      "decoder.output_blocks.7.1.norm.weight",
      "decoder.output_blocks.7.1.norm.bias",
      "decoder.output_blocks.7.1.qkv.bias",
      "decoder.output_blocks.7.1.proj_out.bias",
      "decoder.output_blocks.7.2.conv.bias",
      "decoder.output_blocks.8.0.in_layers.0.bias",
      "decoder.output_blocks.8.0.in_layers.2.bias",
      "decoder.output_blocks.8.0.emb_layers.1.bias",
      "decoder.output_blocks.8.0.out_layers.0.bias",
      "decoder.output_blocks.8.0.out_layers.3.bias",
      "decoder.output_blocks.8.0.skip_connection.bias",
      "decoder.output_blocks.9.0.in_layers.0.bias",
      "decoder.output_blocks.9.0.in_layers.2.bias",
      "decoder.output_blocks.9.0.emb_layers.1.bias",
      "decoder.output_blocks.9.0.out_layers.0.bias",
      "decoder.output_blocks.9.0.out_layers.3.bias",
      "decoder.output_blocks.9.0.skip_connection.bias",
      "decoder.output_blocks.10.0.in_layers.0.bias",
      "decoder.output_blocks.10.0.in_layers.2.bias",
      "decoder.output_blocks.10.0.emb_layers.1.bias",
      "decoder.output_blocks.10.0.out_layers.0.bias",
      "decoder.output_blocks.10.0.out_layers.3.bias",
      "decoder.output_blocks.10.0.skip_connection.bias",
      "decoder.output_blocks.11.0.in_layers.0.bias",
      "decoder.output_blocks.11.0.in_layers.2.bias",
      "decoder.output_blocks.11.0.emb_layers.1.bias",
      "decoder.output_blocks.11.0.out_layers.0.bias",
      "decoder.output_blocks.11.0.out_layers.3.bias",
      "decoder.output_blocks.11.0.skip_connection.bias",
      "decoder.output_blocks.11.1.conv.bias",
      "decoder.output_blocks.12.0.in_layers.0.bias",
      "decoder.output_blocks.12.0.in_layers.2.bias",
      "decoder.output_blocks.12.0.emb_layers.1.bias",
      "decoder.output_blocks.12.0.out_layers.0.bias",
      "decoder.output_blocks.12.0.out_layers.3.bias",
      "decoder.output_blocks.12.0.skip_connection.bias",
      "decoder.output_blocks.13.0.in_layers.0.bias",
      "decoder.output_blocks.13.0.in_layers.2.bias",
      "decoder.output_blocks.13.0.emb_layers.1.bias",
      "decoder.output_blocks.13.0.out_layers.0.bias",
      "decoder.output_blocks.13.0.out_layers.3.bias",
      "decoder.output_blocks.13.0.skip_connection.bias",
      "decoder.output_blocks.14.0.in_layers.0.bias",
      "decoder.output_blocks.14.0.in_layers.2.bias",
      "decoder.output_blocks.14.0.emb_layers.1.bias",
      "decoder.output_blocks.14.0.out_layers.0.bias",
      "decoder.output_blocks.14.0.out_layers.3.bias",
      "decoder.output_blocks.14.0.skip_connection.bias",
      "decoder.output_blocks.15.0.in_layers.0.bias",
      "decoder.output_blocks.15.0.in_layers.2.bias",
      "decoder.output_blocks.15.0.emb_layers.1.bias",
      "decoder.output_blocks.15.0.out_layers.0.bias",
      "decoder.output_blocks.15.0.out_layers.3.bias",
      "decoder.output_blocks.15.0.skip_connection.bias",
      "decoder.out.0.bias",
      "decoder.out.2.bias"
    ],
    "lr_scale": 1.0
  }
}
optimizer settings: {'lr': 0.00030000000000000003, 'weight_decay': 0.0, 'eps': 1e-08, 'betas': [0.9, 0.99]}
Use step level LR & WD scheduler!
Set warmup steps = 7080
Set warmup steps = 0
Max WD = 0.0500000, Min WD = 0.0500000
Start training for 20 epochs
Epoch: [0]  [   0/1416]  eta: 2 days, 6:30:02  lr: 0.000000  min_lr: 0.000000  loss: 5.2445 (5.2445)  reconst_loss: 0.4166 (0.4166)  code_loss: 4.8279 (4.8279)  weight_decay: 0.0500 (0.0500)  grad_norm: 143.0759 (143.0759)  time: 138.5611  data: 87.9620  max mem: 33773
Epoch: [0]  [  10/1416]  eta: 5:48:10  lr: 0.000000  min_lr: 0.000000  loss: 4.7753 (4.7009)  reconst_loss: 0.4144 (0.4139)  code_loss: 4.3596 (4.2870)  weight_decay: 0.0500 (0.0500)  grad_norm: 134.2836 (132.4915)  time: 14.8580  data: 7.9972  max mem: 35149
Epoch: [0]  [  20/1416]  eta: 3:10:47  lr: 0.000001  min_lr: 0.000001  loss: 3.9252 (3.9254)  reconst_loss: 0.4128 (0.4130)  code_loss: 3.5107 (3.5124)  weight_decay: 0.0500 (0.0500)  grad_norm: 115.2093 (112.6915)  time: 1.6819  data: 0.0005  max mem: 35149
Epoch: [0]  [  30/1416]  eta: 2:14:50  lr: 0.000001  min_lr: 0.000001  loss: 2.0701 (3.1920)  reconst_loss: 0.4103 (0.4115)  code_loss: 1.6605 (2.7805)  weight_decay: 0.0500 (0.0500)  grad_norm: 56.2106 (85.2031)  time: 0.8760  data: 0.0005  max mem: 35149
Epoch: [0]  [  40/1416]  eta: 1:46:04  lr: 0.000002  min_lr: 0.000002  loss: 1.4577 (2.7663)  reconst_loss: 0.4053 (0.4090)  code_loss: 1.0570 (2.3573)  weight_decay: 0.0500 (0.0500)  grad_norm: 16.2025 (67.7921)  time: 0.8727  data: 0.0006  max mem: 35149
Epoch: [0]  [  50/1416]  eta: 1:28:33  lr: 0.000002  min_lr: 0.000002  loss: 1.4388 (2.5048)  reconst_loss: 0.3968 (0.4057)  code_loss: 1.0432 (2.0992)  weight_decay: 0.0500 (0.0500)  grad_norm: 15.4442 (57.7574)  time: 0.8706  data: 0.0007  max mem: 35149
Epoch: [0]  [  60/1416]  eta: 1:16:46  lr: 0.000003  min_lr: 0.000003  loss: 1.3628 (2.3097)  reconst_loss: 0.3813 (0.4007)  code_loss: 0.9796 (1.9090)  weight_decay: 0.0500 (0.0500)  grad_norm: 7.3890 (48.9483)  time: 0.8781  data: 0.0005  max mem: 35149
Epoch: [0]  [  70/1416]  eta: 1:08:14  lr: 0.000003  min_lr: 0.000003  loss: 1.2710 (2.1573)  reconst_loss: 0.3662 (0.3943)  code_loss: 0.9033 (1.7630)  weight_decay: 0.0500 (0.0500)  grad_norm: 4.0510 (42.6415)  time: 0.8801  data: 0.0004  max mem: 35149
Epoch: [0]  [  80/1416]  eta: 1:01:45  lr: 0.000003  min_lr: 0.000003  loss: 1.1716 (2.0293)  reconst_loss: 0.3413 (0.3861)  code_loss: 0.8303 (1.6432)  weight_decay: 0.0500 (0.0500)  grad_norm: 3.5306 (37.7748)  time: 0.8724  data: 0.0004  max mem: 35149
Epoch: [0]  [  90/1416]  eta: 0:56:41  lr: 0.000004  min_lr: 0.000004  loss: 1.0570 (1.9169)  reconst_loss: 0.3081 (0.3758)  code_loss: 0.7489 (1.5410)  weight_decay: 0.0500 (0.0500)  grad_norm: 3.2339 (33.9809)  time: 0.8733  data: 0.0003  max mem: 35149
Epoch: [0]  [ 100/1416]  eta: 0:52:35  lr: 0.000004  min_lr: 0.000004  loss: 0.9491 (1.8162)  reconst_loss: 0.2717 (0.3640)  code_loss: 0.6774 (1.4523)  weight_decay: 0.0500 (0.0500)  grad_norm: 3.2016 (30.9312)  time: 0.8753  data: 0.0003  max mem: 35149
Epoch: [0]  [ 110/1416]  eta: 0:49:12  lr: 0.000005  min_lr: 0.000005  loss: 0.8391 (1.7238)  reconst_loss: 0.2358 (0.3508)  code_loss: 0.6033 (1.3730)  weight_decay: 0.0500 (0.0500)  grad_norm: 3.1114 (28.4180)  time: 0.8742  data: 0.0003  max mem: 35149
Epoch: [0]  [ 120/1416]  eta: 0:46:20  lr: 0.000005  min_lr: 0.000005  loss: 0.7292 (1.6379)  reconst_loss: 0.1986 (0.3368)  code_loss: 0.5306 (1.3011)  weight_decay: 0.0500 (0.0500)  grad_norm: 2.9595 (26.3038)  time: 0.8709  data: 0.0005  max mem: 35149
Epoch: [0]  [ 130/1416]  eta: 0:43:54  lr: 0.000006  min_lr: 0.000006  loss: 0.6289 (1.5574)  reconst_loss: 0.1616 (0.3223)  code_loss: 0.4672 (1.2351)  weight_decay: 0.0500 (0.0500)  grad_norm: 2.6936 (24.4925)  time: 0.8708  data: 0.0005  max mem: 35149
Epoch: [0]  [ 140/1416]  eta: 0:41:46  lr: 0.000006  min_lr: 0.000006  loss: 0.5318 (1.4817)  reconst_loss: 0.1300 (0.3078)  code_loss: 0.4018 (1.1739)  weight_decay: 0.0500 (0.0500)  grad_norm: 2.4083 (22.9170)  time: 0.8691  data: 0.0005  max mem: 35149
Epoch: [0]  [ 150/1416]  eta: 0:39:54  lr: 0.000006  min_lr: 0.000006  loss: 0.4423 (1.4108)  reconst_loss: 0.1018 (0.2935)  code_loss: 0.3406 (1.1173)  weight_decay: 0.0500 (0.0500)  grad_norm: 2.1029 (21.5284)  time: 0.8660  data: 0.0006  max mem: 35149
Epoch: [0]  [ 160/1416]  eta: 0:38:16  lr: 0.000007  min_lr: 0.000007  loss: 0.3773 (1.3447)  reconst_loss: 0.0816 (0.2798)  code_loss: 0.2958 (1.0649)  weight_decay: 0.0500 (0.0500)  grad_norm: 1.7584 (20.2914)  time: 0.8724  data: 0.0007  max mem: 35149
Epoch: [0]  [ 170/1416]  eta: 0:36:49  lr: 0.000007  min_lr: 0.000007  loss: 0.3165 (1.2833)  reconst_loss: 0.0636 (0.2668)  code_loss: 0.2529 (1.0165)  weight_decay: 0.0500 (0.0500)  grad_norm: 1.4497 (19.1829)  time: 0.8763  data: 0.0005  max mem: 35149
Epoch: [0]  [ 180/1416]  eta: 0:35:29  lr: 0.000008  min_lr: 0.000008  loss: 0.2679 (1.2263)  reconst_loss: 0.0507 (0.2546)  code_loss: 0.2172 (0.9716)  weight_decay: 0.0500 (0.0500)  grad_norm: 1.1337 (18.1808)  time: 0.8711  data: 0.0005  max mem: 35149
Epoch: [0]  [ 190/1416]  eta: 0:34:17  lr: 0.000008  min_lr: 0.000008  loss: 0.2318 (1.1735)  reconst_loss: 0.0428 (0.2434)  code_loss: 0.1905 (0.9302)  weight_decay: 0.0500 (0.0500)  grad_norm: 0.9884 (17.2771)  time: 0.8703  data: 0.0005  max mem: 35149
Epoch: [0]  [ 200/1416]  eta: 0:33:12  lr: 0.000008  min_lr: 0.000008  loss: 0.2039 (1.1248)  reconst_loss: 0.0368 (0.2329)  code_loss: 0.1684 (0.8919)  weight_decay: 0.0500 (0.0500)  grad_norm: 0.9395 (16.4810)  time: 0.8762  data: 0.0006  max mem: 35149
Epoch: [0]  [ 210/1416]  eta: 0:32:12  lr: 0.000009  min_lr: 0.000009  loss: 0.1847 (1.0799)  reconst_loss: 0.0312 (0.2233)  code_loss: 0.1527 (0.8566)  weight_decay: 0.0500 (0.0500)  grad_norm: 1.1363 (15.7481)  time: 0.8780  data: 0.0006  max mem: 35149
Epoch: [0]  [ 220/1416]  eta: 0:31:17  lr: 0.000009  min_lr: 0.000009  loss: 0.1676 (1.0383)  reconst_loss: 0.0281 (0.2144)  code_loss: 0.1392 (0.8239)  weight_decay: 0.0500 (0.0500)  grad_norm: 0.9144 (15.0759)  time: 0.8754  data: 0.0006  max mem: 35149
Epoch: [0]  [ 230/1416]  eta: 0:30:25  lr: 0.000010  min_lr: 0.000010  loss: 0.1544 (0.9999)  reconst_loss: 0.0260 (0.2062)  code_loss: 0.1291 (0.7937)  weight_decay: 0.0500 (0.0500)  grad_norm: 1.0012 (14.4920)  time: 0.8701  data: 0.0010  max mem: 35149
Epoch: [0]  [ 240/1416]  eta: 0:29:37  lr: 0.000010  min_lr: 0.000010  loss: 0.1472 (0.9643)  reconst_loss: 0.0245 (0.1987)  code_loss: 0.1216 (0.7657)  weight_decay: 0.0500 (0.0500)  grad_norm: 1.9068 (13.9712)  time: 0.8716  data: 0.0011  max mem: 35149
Epoch: [0]  [ 250/1416]  eta: 0:28:52  lr: 0.000011  min_lr: 0.000011  loss: 0.1386 (0.9313)  reconst_loss: 0.0227 (0.1917)  code_loss: 0.1155 (0.7397)  weight_decay: 0.0500 (0.0500)  grad_norm: 1.9552 (13.4886)  time: 0.8746  data: 0.0008  max mem: 35149
Epoch: [0]  [ 260/1416]  eta: 0:28:10  lr: 0.000011  min_lr: 0.000011  loss: 0.1317 (0.9006)  reconst_loss: 0.0216 (0.1851)  code_loss: 0.1103 (0.7155)  weight_decay: 0.0500 (0.0500)  grad_norm: 1.3587 (13.0214)  time: 0.8688  data: 0.0009  max mem: 35149
Epoch: [0]  [ 270/1416]  eta: 0:27:31  lr: 0.000011  min_lr: 0.000011  loss: 0.1275 (0.8721)  reconst_loss: 0.0210 (0.1791)  code_loss: 0.1067 (0.6930)  weight_decay: 0.0500 (0.0500)  grad_norm: 1.1948 (12.5861)  time: 0.8720  data: 0.0010  max mem: 35149
Epoch: [0]  [ 280/1416]  eta: 0:26:53  lr: 0.000012  min_lr: 0.000012  loss: 0.1241 (0.8454)  reconst_loss: 0.0202 (0.1734)  code_loss: 0.1043 (0.6720)  weight_decay: 0.0500 (0.0500)  grad_norm: 1.5754 (12.2362)  time: 0.8730  data: 0.0013  max mem: 35149
Epoch: [0]  [ 290/1416]  eta: 0:26:18  lr: 0.000012  min_lr: 0.000012  loss: 0.1236 (0.8207)  reconst_loss: 0.0196 (0.1681)  code_loss: 0.1040 (0.6526)  weight_decay: 0.0500 (0.0500)  grad_norm: 3.4496 (12.0273)  time: 0.8687  data: 0.0013  max mem: 35149
Epoch: [0]  [ 300/1416]  eta: 0:25:44  lr: 0.000013  min_lr: 0.000013  loss: 0.1244 (0.7976)  reconst_loss: 0.0190 (0.1632)  code_loss: 0.1043 (0.6344)  weight_decay: 0.0500 (0.0500)  grad_norm: 4.8254 (11.7932)  time: 0.8704  data: 0.0012  max mem: 35149
Epoch: [0]  [ 310/1416]  eta: 0:25:12  lr: 0.000013  min_lr: 0.000013  loss: 0.1200 (0.7757)  reconst_loss: 0.0180 (0.1585)  code_loss: 0.1023 (0.6173)  weight_decay: 0.0500 (0.0500)  grad_norm: 3.9491 (11.5228)  time: 0.8663  data: 0.0016  max mem: 35149
Epoch: [0]  [ 320/1416]  eta: 0:24:41  lr: 0.000014  min_lr: 0.000014  loss: 0.1166 (0.7552)  reconst_loss: 0.0167 (0.1541)  code_loss: 0.0998 (0.6011)  weight_decay: 0.0500 (0.0500)  grad_norm: 3.1458 (11.2550)  time: 0.8668  data: 0.0016  max mem: 35149
Epoch: [0]  [ 330/1416]  eta: 0:24:15  lr: 0.000014  min_lr: 0.000014  loss: 0.1145 (0.7358)  reconst_loss: 0.0162 (0.1499)  code_loss: 0.0984 (0.5859)  weight_decay: 0.0500 (0.0500)  grad_norm: 2.2412 (10.9723)  time: 0.9226  data: 0.0011  max mem: 35149
Epoch: [0]  [ 340/1416]  eta: 0:23:47  lr: 0.000014  min_lr: 0.000014  loss: 0.1125 (0.7175)  reconst_loss: 0.0153 (0.1459)  code_loss: 0.0973 (0.5716)  weight_decay: 0.0500 (0.0500)  grad_norm: 1.7964 (10.7115)  time: 0.9218  data: 0.0007  max mem: 35149
Epoch: [0]  [ 350/1416]  eta: 0:23:20  lr: 0.000015  min_lr: 0.000015  loss: 0.1127 (0.7003)  reconst_loss: 0.0152 (0.1422)  code_loss: 0.0975 (0.5581)  weight_decay: 0.0500 (0.0500)  grad_norm: 2.5452 (10.5225)  time: 0.8709  data: 0.0005  max mem: 35149
Epoch: [0]  [ 360/1416]  eta: 0:22:54  lr: 0.000015  min_lr: 0.000015  loss: 0.1134 (0.6841)  reconst_loss: 0.0152 (0.1387)  code_loss: 0.0984 (0.5454)  weight_decay: 0.0500 (0.0500)  grad_norm: 3.4497 (10.3306)  time: 0.8743  data: 0.0005  max mem: 35149
Epoch: [0]  [ 370/1416]  eta: 0:22:29  lr: 0.000016  min_lr: 0.000016  loss: 0.1146 (0.6688)  reconst_loss: 0.0152 (0.1353)  code_loss: 0.0989 (0.5334)  weight_decay: 0.0500 (0.0500)  grad_norm: 3.8604 (10.1979)  time: 0.8711  data: 0.0005  max mem: 35149
Epoch: [0]  [ 380/1416]  eta: 0:22:04  lr: 0.000016  min_lr: 0.000016  loss: 0.1166 (0.6543)  reconst_loss: 0.0149 (0.1322)  code_loss: 0.1017 (0.5221)  weight_decay: 0.0500 (0.0500)  grad_norm: 6.0211 (10.0911)  time: 0.8714  data: 0.0004  max mem: 35149
Epoch: [0]  [ 390/1416]  eta: 0:21:44  lr: 0.000017  min_lr: 0.000017  loss: 0.1196 (0.6407)  reconst_loss: 0.0145 (0.1292)  code_loss: 0.1054 (0.5115)  weight_decay: 0.0500 (0.0500)  grad_norm: 6.9671 (10.0365)  time: 0.9354  data: 0.0005  max mem: 35149
Epoch: [0]  [ 400/1416]  eta: 0:21:25  lr: 0.000017  min_lr: 0.000017  loss: 0.1192 (0.6276)  reconst_loss: 0.0142 (0.1263)  code_loss: 0.1050 (0.5013)  weight_decay: 0.0500 (0.0500)  grad_norm: 6.8676 (9.9320)  time: 1.0083  data: 0.0005  max mem: 35149
Epoch: [0]  [ 410/1416]  eta: 0:21:03  lr: 0.000017  min_lr: 0.000017  loss: 0.1165 (0.6152)  reconst_loss: 0.0143 (0.1236)  code_loss: 0.1015 (0.4916)  weight_decay: 0.0500 (0.0500)  grad_norm: 4.8980 (9.7966)  time: 0.9454  data: 0.0006  max mem: 35149
Epoch: [0]  [ 420/1416]  eta: 0:20:41  lr: 0.000018  min_lr: 0.000018  loss: 0.1158 (0.6033)  reconst_loss: 0.0143 (0.1210)  code_loss: 0.1013 (0.4823)  weight_decay: 0.0500 (0.0500)  grad_norm: 4.7253 (9.7098)  time: 0.8709  data: 0.0006  max mem: 35149
Epoch: [0]  [ 430/1416]  eta: 0:20:20  lr: 0.000018  min_lr: 0.000018  loss: 0.1156 (0.5920)  reconst_loss: 0.0136 (0.1185)  code_loss: 0.1022 (0.4735)  weight_decay: 0.0500 (0.0500)  grad_norm: 5.9966 (9.6260)  time: 0.8699  data: 0.0006  max mem: 35149
Epoch: [0]  [ 440/1416]  eta: 0:19:59  lr: 0.000019  min_lr: 0.000019  loss: 0.1134 (0.5811)  reconst_loss: 0.0134 (0.1161)  code_loss: 0.1002 (0.4650)  weight_decay: 0.0500 (0.0500)  grad_norm: 4.8305 (9.5049)  time: 0.8688  data: 0.0004  max mem: 35149
Epoch: [0]  [ 450/1416]  eta: 0:19:39  lr: 0.000019  min_lr: 0.000019  loss: 0.1124 (0.5708)  reconst_loss: 0.0128 (0.1138)  code_loss: 0.0997 (0.4570)  weight_decay: 0.0500 (0.0500)  grad_norm: 4.7565 (9.4203)  time: 0.8688  data: 0.0006  max mem: 35149
Epoch: [0]  [ 460/1416]  eta: 0:19:20  lr: 0.000019  min_lr: 0.000019  loss: 0.1152 (0.5610)  reconst_loss: 0.0126 (0.1116)  code_loss: 0.1030 (0.4494)  weight_decay: 0.0500 (0.0500)  grad_norm: 6.4040 (9.3640)  time: 0.8714  data: 0.0005  max mem: 35149
Epoch: [0]  [ 470/1416]  eta: 0:19:01  lr: 0.000020  min_lr: 0.000020  loss: 0.1225 (0.5519)  reconst_loss: 0.0136 (0.1096)  code_loss: 0.1079 (0.4423)  weight_decay: 0.0500 (0.0500)  grad_norm: 7.9384 (9.3735)  time: 0.8756  data: 0.0004  max mem: 35149
Epoch: [0]  [ 480/1416]  eta: 0:18:43  lr: 0.000020  min_lr: 0.000020  loss: 0.1267 (0.5430)  reconst_loss: 0.0140 (0.1076)  code_loss: 0.1140 (0.4354)  weight_decay: 0.0500 (0.0500)  grad_norm: 8.6161 (9.3254)  time: 0.8785  data: 0.0005  max mem: 35149
Epoch: [0]  [ 490/1416]  eta: 0:18:25  lr: 0.000021  min_lr: 0.000021  loss: 0.1174 (0.5342)  reconst_loss: 0.0125 (0.1056)  code_loss: 0.1048 (0.4286)  weight_decay: 0.0500 (0.0500)  grad_norm: 5.9844 (9.2420)  time: 0.8777  data: 0.0004  max mem: 35149
Epoch: [0]  [ 500/1416]  eta: 0:18:07  lr: 0.000021  min_lr: 0.000021  loss: 0.1145 (0.5259)  reconst_loss: 0.0120 (0.1038)  code_loss: 0.1026 (0.4221)  weight_decay: 0.0500 (0.0500)  grad_norm: 5.5331 (9.1757)  time: 0.8734  data: 0.0004  max mem: 35149
Epoch: [0]  [ 510/1416]  eta: 0:17:49  lr: 0.000022  min_lr: 0.000022  loss: 0.1150 (0.5178)  reconst_loss: 0.0117 (0.1020)  code_loss: 0.1031 (0.4159)  weight_decay: 0.0500 (0.0500)  grad_norm: 6.1468 (9.1205)  time: 0.8766  data: 0.0004  max mem: 35149
Epoch: [0]  [ 520/1416]  eta: 0:17:32  lr: 0.000022  min_lr: 0.000022  loss: 0.1146 (0.5101)  reconst_loss: 0.0113 (0.1002)  code_loss: 0.1031 (0.4099)  weight_decay: 0.0500 (0.0500)  grad_norm: 6.2411 (9.0687)  time: 0.8798  data: 0.0006  max mem: 35149
Epoch: [0]  [ 530/1416]  eta: 0:17:16  lr: 0.000022  min_lr: 0.000022  loss: 0.1146 (0.5027)  reconst_loss: 0.0113 (0.0985)  code_loss: 0.1029 (0.4041)  weight_decay: 0.0500 (0.0500)  grad_norm: 5.9974 (9.0105)  time: 0.8757  data: 0.0006  max mem: 35149
Epoch: [0]  [ 540/1416]  eta: 0:16:59  lr: 0.000023  min_lr: 0.000023  loss: 0.1147 (0.4955)  reconst_loss: 0.0111 (0.0969)  code_loss: 0.1035 (0.3986)  weight_decay: 0.0500 (0.0500)  grad_norm: 6.1200 (8.9631)  time: 0.8706  data: 0.0004  max mem: 35149
Epoch: [0]  [ 550/1416]  eta: 0:16:43  lr: 0.000023  min_lr: 0.000023  loss: 0.1162 (0.4887)  reconst_loss: 0.0107 (0.0954)  code_loss: 0.1058 (0.3933)  weight_decay: 0.0500 (0.0500)  grad_norm: 7.3442 (8.9522)  time: 0.8728  data: 0.0005  max mem: 35149
Epoch: [0]  [ 560/1416]  eta: 0:16:27  lr: 0.000024  min_lr: 0.000024  loss: 0.1173 (0.4821)  reconst_loss: 0.0106 (0.0939)  code_loss: 0.1067 (0.3882)  weight_decay: 0.0500 (0.0500)  grad_norm: 7.3710 (8.9189)  time: 0.8749  data: 0.0005  max mem: 35149
Epoch: [0]  [ 570/1416]  eta: 0:16:11  lr: 0.000024  min_lr: 0.000024  loss: 0.1187 (0.4757)  reconst_loss: 0.0107 (0.0924)  code_loss: 0.1073 (0.3833)  weight_decay: 0.0500 (0.0500)  grad_norm: 7.1761 (8.9063)  time: 0.8748  data: 0.0004  max mem: 35149
Epoch: [0]  [ 580/1416]  eta: 0:15:56  lr: 0.000025  min_lr: 0.000025  loss: 0.1188 (0.4696)  reconst_loss: 0.0105 (0.0910)  code_loss: 0.1076 (0.3786)  weight_decay: 0.0500 (0.0500)  grad_norm: 7.2475 (8.8706)  time: 0.8740  data: 0.0004  max mem: 35149
Epoch: [0]  [ 590/1416]  eta: 0:15:41  lr: 0.000025  min_lr: 0.000025  loss: 0.1189 (0.4637)  reconst_loss: 0.0101 (0.0896)  code_loss: 0.1078 (0.3741)  weight_decay: 0.0500 (0.0500)  grad_norm: 7.9248 (8.8702)  time: 0.8704  data: 0.0004  max mem: 35149
Epoch: [0]  [ 600/1416]  eta: 0:15:26  lr: 0.000025  min_lr: 0.000025  loss: 0.1183 (0.4579)  reconst_loss: 0.0102 (0.0883)  code_loss: 0.1075 (0.3696)  weight_decay: 0.0500 (0.0500)  grad_norm: 7.6355 (8.8244)  time: 0.8758  data: 0.0004  max mem: 35149
Epoch: [0]  [ 610/1416]  eta: 0:15:11  lr: 0.000026  min_lr: 0.000026  loss: 0.1137 (0.4523)  reconst_loss: 0.0097 (0.0870)  code_loss: 0.1041 (0.3653)  weight_decay: 0.0500 (0.0500)  grad_norm: 6.0420 (8.7915)  time: 0.8801  data: 0.0003  max mem: 35149
Epoch: [0]  [ 620/1416]  eta: 0:14:56  lr: 0.000026  min_lr: 0.000026  loss: 0.1138 (0.4468)  reconst_loss: 0.0097 (0.0858)  code_loss: 0.1041 (0.3611)  weight_decay: 0.0500 (0.0500)  grad_norm: 6.0440 (8.7405)  time: 0.8802  data: 0.0004  max mem: 35149
Epoch: [0]  [ 630/1416]  eta: 0:14:42  lr: 0.000027  min_lr: 0.000027  loss: 0.1148 (0.4417)  reconst_loss: 0.0097 (0.0846)  code_loss: 0.1047 (0.3572)  weight_decay: 0.0500 (0.0500)  grad_norm: 6.1754 (8.7591)  time: 0.8779  data: 0.0004  max mem: 35149
Epoch: [0]  [ 640/1416]  eta: 0:14:28  lr: 0.000027  min_lr: 0.000027  loss: 0.1194 (0.4367)  reconst_loss: 0.0095 (0.0834)  code_loss: 0.1099 (0.3533)  weight_decay: 0.0500 (0.0500)  grad_norm: 8.7042 (8.7521)  time: 0.8796  data: 0.0004  max mem: 35149
Epoch: [0]  [ 650/1416]  eta: 0:14:14  lr: 0.000028  min_lr: 0.000028  loss: 0.1162 (0.4318)  reconst_loss: 0.0095 (0.0823)  code_loss: 0.1072 (0.3495)  weight_decay: 0.0500 (0.0500)  grad_norm: 7.1832 (8.7242)  time: 0.8770  data: 0.0004  max mem: 35149
Epoch: [0]  [ 660/1416]  eta: 0:14:00  lr: 0.000028  min_lr: 0.000028  loss: 0.1158 (0.4270)  reconst_loss: 0.0099 (0.0812)  code_loss: 0.1052 (0.3458)  weight_decay: 0.0500 (0.0500)  grad_norm: 6.4984 (8.6874)  time: 0.8724  data: 0.0004  max mem: 35149
Epoch: [0]  [ 670/1416]  eta: 0:13:46  lr: 0.000028  min_lr: 0.000028  loss: 0.1167 (0.4224)  reconst_loss: 0.0098 (0.0801)  code_loss: 0.1069 (0.3423)  weight_decay: 0.0500 (0.0500)  grad_norm: 6.8322 (8.6747)  time: 0.8759  data: 0.0004  max mem: 35149
Epoch: [0]  [ 680/1416]  eta: 0:13:33  lr: 0.000029  min_lr: 0.000029  loss: 0.1151 (0.4179)  reconst_loss: 0.0092 (0.0791)  code_loss: 0.1062 (0.3388)  weight_decay: 0.0500 (0.0500)  grad_norm: 7.0369 (8.6448)  time: 0.8758  data: 0.0004  max mem: 35149
Epoch: [0]  [ 690/1416]  eta: 0:13:19  lr: 0.000029  min_lr: 0.000029  loss: 0.1147 (0.4135)  reconst_loss: 0.0088 (0.0781)  code_loss: 0.1062 (0.3355)  weight_decay: 0.0500 (0.0500)  grad_norm: 7.0688 (8.6299)  time: 0.8738  data: 0.0004  max mem: 35149
Epoch: [0]  [ 700/1416]  eta: 0:13:06  lr: 0.000030  min_lr: 0.000030  loss: 0.1147 (0.4092)  reconst_loss: 0.0086 (0.0771)  code_loss: 0.1060 (0.3322)  weight_decay: 0.0500 (0.0500)  grad_norm: 7.1678 (8.6033)  time: 0.8712  data: 0.0003  max mem: 35149
Epoch: [0]  [ 710/1416]  eta: 0:12:52  lr: 0.000030  min_lr: 0.000030  loss: 0.1114 (0.4050)  reconst_loss: 0.0082 (0.0761)  code_loss: 0.1032 (0.3289)  weight_decay: 0.0500 (0.0500)  grad_norm: 6.0661 (8.5580)  time: 0.8687  data: 0.0004  max mem: 35149
Epoch: [0]  [ 720/1416]  eta: 0:12:39  lr: 0.000031  min_lr: 0.000031  loss: 0.1117 (0.4010)  reconst_loss: 0.0082 (0.0751)  code_loss: 0.1032 (0.3259)  weight_decay: 0.0500 (0.0500)  grad_norm: 6.2670 (8.5477)  time: 0.8683  data: 0.0005  max mem: 35149
Epoch: [0]  [ 730/1416]  eta: 0:12:26  lr: 0.000031  min_lr: 0.000031  loss: 0.1201 (0.3973)  reconst_loss: 0.0083 (0.0742)  code_loss: 0.1114 (0.3230)  weight_decay: 0.0500 (0.0500)  grad_norm: 8.8379 (8.5739)  time: 0.8755  data: 0.0005  max mem: 35149
Epoch: [0]  [ 740/1416]  eta: 0:12:14  lr: 0.000031  min_lr: 0.000031  loss: 0.1229 (0.3936)  reconst_loss: 0.0086 (0.0734)  code_loss: 0.1142 (0.3203)  weight_decay: 0.0500 (0.0500)  grad_norm: 9.8088 (8.5873)  time: 0.8816  data: 0.0004  max mem: 35149
Epoch: [0]  [ 750/1416]  eta: 0:12:01  lr: 0.000032  min_lr: 0.000032  loss: 0.1242 (0.3900)  reconst_loss: 0.0086 (0.0725)  code_loss: 0.1148 (0.3175)  weight_decay: 0.0500 (0.0500)  grad_norm: 9.4982 (8.6007)  time: 0.8808  data: 0.0005  max mem: 35149
Epoch: [0]  [ 760/1416]  eta: 0:11:48  lr: 0.000032  min_lr: 0.000032  loss: 0.1244 (0.3866)  reconst_loss: 0.0090 (0.0717)  code_loss: 0.1157 (0.3149)  weight_decay: 0.0500 (0.0500)  grad_norm: 9.5332 (8.6132)  time: 0.8794  data: 0.0006  max mem: 35149
Epoch: [0]  [ 770/1416]  eta: 0:11:36  lr: 0.000033  min_lr: 0.000033  loss: 0.1200 (0.3832)  reconst_loss: 0.0093 (0.0709)  code_loss: 0.1111 (0.3123)  weight_decay: 0.0500 (0.0500)  grad_norm: 8.0711 (8.6030)  time: 0.8767  data: 0.0005  max mem: 35149
Epoch: [0]  [ 780/1416]  eta: 0:11:23  lr: 0.000033  min_lr: 0.000033  loss: 0.1150 (0.3797)  reconst_loss: 0.0084 (0.0701)  code_loss: 0.1068 (0.3096)  weight_decay: 0.0500 (0.0500)  grad_norm: 5.8578 (8.5631)  time: 0.8756  data: 0.0005  max mem: 35149
Epoch: [0]  [ 790/1416]  eta: 0:11:11  lr: 0.000033  min_lr: 0.000033  loss: 0.1100 (0.3762)  reconst_loss: 0.0077 (0.0693)  code_loss: 0.1022 (0.3070)  weight_decay: 0.0500 (0.0500)  grad_norm: 5.4136 (8.5193)  time: 0.8799  data: 0.0005  max mem: 35149
Epoch: [0]  [ 800/1416]  eta: 0:10:59  lr: 0.000034  min_lr: 0.000034  loss: 0.1067 (0.3729)  reconst_loss: 0.0075 (0.0685)  code_loss: 0.0995 (0.3044)  weight_decay: 0.0500 (0.0500)  grad_norm: 4.5277 (8.4670)  time: 0.8771  data: 0.0005  max mem: 35149
Epoch: [0]  [ 810/1416]  eta: 0:10:47  lr: 0.000034  min_lr: 0.000034  loss: 0.1075 (0.3697)  reconst_loss: 0.0074 (0.0677)  code_loss: 0.1002 (0.3020)  weight_decay: 0.0500 (0.0500)  grad_norm: 4.9054 (8.4605)  time: 0.8742  data: 0.0006  max mem: 35149
Epoch: [0]  [ 820/1416]  eta: 0:10:35  lr: 0.000035  min_lr: 0.000035  loss: 0.1139 (0.3667)  reconst_loss: 0.0073 (0.0670)  code_loss: 0.1067 (0.2997)  weight_decay: 0.0500 (0.0500)  grad_norm: 8.1254 (8.4754)  time: 0.8760  data: 0.0005  max mem: 35149
Epoch: [0]  [ 830/1416]  eta: 0:10:23  lr: 0.000035  min_lr: 0.000035  loss: 0.1145 (0.3637)  reconst_loss: 0.0071 (0.0663)  code_loss: 0.1070 (0.2974)  weight_decay: 0.0500 (0.0500)  grad_norm: 8.2128 (8.4722)  time: 0.8730  data: 0.0003  max mem: 35149
Epoch: [0]  [ 840/1416]  eta: 0:10:11  lr: 0.000036  min_lr: 0.000036  loss: 0.1156 (0.3608)  reconst_loss: 0.0071 (0.0656)  code_loss: 0.1086 (0.2952)  weight_decay: 0.0500 (0.0500)  grad_norm: 8.2003 (8.4734)  time: 0.8695  data: 0.0003  max mem: 35149
Epoch: [0]  [ 850/1416]  eta: 0:09:59  lr: 0.000036  min_lr: 0.000036  loss: 0.1154 (0.3579)  reconst_loss: 0.0073 (0.0649)  code_loss: 0.1084 (0.2930)  weight_decay: 0.0500 (0.0500)  grad_norm: 8.1192 (8.4660)  time: 0.8758  data: 0.0003  max mem: 35149
Epoch: [0]  [ 860/1416]  eta: 0:09:47  lr: 0.000036  min_lr: 0.000036  loss: 0.1154 (0.3551)  reconst_loss: 0.0072 (0.0642)  code_loss: 0.1081 (0.2909)  weight_decay: 0.0500 (0.0500)  grad_norm: 7.8533 (8.4707)  time: 0.8802  data: 0.0004  max mem: 35149
Epoch: [0]  [ 870/1416]  eta: 0:09:35  lr: 0.000037  min_lr: 0.000037  loss: 0.1288 (0.3527)  reconst_loss: 0.0077 (0.0636)  code_loss: 0.1211 (0.2891)  weight_decay: 0.0500 (0.0500)  grad_norm: 10.1943 (8.5237)  time: 0.8792  data: 0.0004  max mem: 35149
Epoch: [0]  [ 880/1416]  eta: 0:09:24  lr: 0.000037  min_lr: 0.000037  loss: 0.1365 (0.3502)  reconst_loss: 0.0084 (0.0630)  code_loss: 0.1284 (0.2872)  weight_decay: 0.0500 (0.0500)  grad_norm: 11.4685 (8.5515)  time: 0.8797  data: 0.0004  max mem: 35149
Epoch: [0]  [ 890/1416]  eta: 0:09:12  lr: 0.000038  min_lr: 0.000038  loss: 0.1422 (0.3481)  reconst_loss: 0.0090 (0.0624)  code_loss: 0.1326 (0.2857)  weight_decay: 0.0500 (0.0500)  grad_norm: 12.0833 (8.6164)  time: 0.8795  data: 0.0004  max mem: 35149
Epoch: [0]  [ 900/1416]  eta: 0:09:01  lr: 0.000038  min_lr: 0.000038  loss: 0.1585 (0.3463)  reconst_loss: 0.0108 (0.0618)  code_loss: 0.1482 (0.2845)  weight_decay: 0.0500 (0.0500)  grad_norm: 14.5142 (8.7230)  time: 0.8785  data: 0.0005  max mem: 35149
Epoch: [0]  [ 910/1416]  eta: 0:08:49  lr: 0.000039  min_lr: 0.000039  loss: 0.2189 (0.3470)  reconst_loss: 0.0111 (0.0614)  code_loss: 0.2083 (0.2856)  weight_decay: 0.0500 (0.0500)  grad_norm: 21.3722 (8.9958)  time: 0.8803  data: 0.0006  max mem: 35149
Epoch: [0]  [ 920/1416]  eta: 0:08:38  lr: 0.000039  min_lr: 0.000039  loss: 0.2386 (0.3463)  reconst_loss: 0.0226 (0.0610)  code_loss: 0.2182 (0.2854)  weight_decay: 0.0500 (0.0500)  grad_norm: 22.0107 (9.1311)  time: 0.8803  data: 0.0005  max mem: 35149
Epoch: [0]  [ 930/1416]  eta: 0:08:27  lr: 0.000039  min_lr: 0.000039  loss: 0.1653 (0.3441)  reconst_loss: 0.0167 (0.0604)  code_loss: 0.1482 (0.2837)  weight_decay: 0.0500 (0.0500)  grad_norm: 12.5539 (9.1282)  time: 0.8780  data: 0.0003  max mem: 35149
Epoch: [0]  [ 940/1416]  eta: 0:08:15  lr: 0.000040  min_lr: 0.000040  loss: 0.1125 (0.3416)  reconst_loss: 0.0123 (0.0599)  code_loss: 0.1005 (0.2817)  weight_decay: 0.0500 (0.0500)  grad_norm: 3.4145 (9.0607)  time: 0.8827  data: 0.0002  max mem: 35149
Epoch: [0]  [ 950/1416]  eta: 0:08:04  lr: 0.000040  min_lr: 0.000040  loss: 0.1024 (0.3391)  reconst_loss: 0.0108 (0.0594)  code_loss: 0.0921 (0.2797)  weight_decay: 0.0500 (0.0500)  grad_norm: 1.9389 (8.9788)  time: 0.8844  data: 0.0003  max mem: 35149
Epoch: [0]  [ 960/1416]  eta: 0:07:53  lr: 0.000041  min_lr: 0.000041  loss: 0.0985 (0.3366)  reconst_loss: 0.0090 (0.0589)  code_loss: 0.0896 (0.2777)  weight_decay: 0.0500 (0.0500)  grad_norm: 0.8445 (8.8921)  time: 0.8790  data: 0.0004  max mem: 35149
Epoch: [0]  [ 970/1416]  eta: 0:07:42  lr: 0.000041  min_lr: 0.000041  loss: 0.0968 (0.3341)  reconst_loss: 0.0084 (0.0583)  code_loss: 0.0886 (0.2757)  weight_decay: 0.0500 (0.0500)  grad_norm: 0.4690 (8.8042)  time: 0.8747  data: 0.0005  max mem: 35149
Epoch: [0]  [ 980/1416]  eta: 0:07:31  lr: 0.000042  min_lr: 0.000042  loss: 0.0950 (0.3316)  reconst_loss: 0.0070 (0.0578)  code_loss: 0.0879 (0.2738)  weight_decay: 0.0500 (0.0500)  grad_norm: 0.3480 (8.7181)  time: 0.8744  data: 0.0004  max mem: 35149
Epoch: [0]  [ 990/1416]  eta: 0:07:20  lr: 0.000042  min_lr: 0.000042  loss: 0.0944 (0.3292)  reconst_loss: 0.0070 (0.0573)  code_loss: 0.0874 (0.2719)  weight_decay: 0.0500 (0.0500)  grad_norm: 0.3480 (8.6337)  time: 0.8746  data: 0.0004  max mem: 35149
Epoch: [0]  [1000/1416]  eta: 0:07:09  lr: 0.000042  min_lr: 0.000042  loss: 0.0936 (0.3269)  reconst_loss: 0.0065 (0.0568)  code_loss: 0.0869 (0.2701)  weight_decay: 0.0500 (0.0500)  grad_norm: 0.3748 (8.5533)  time: 0.8738  data: 0.0004  max mem: 35149
Epoch: [0]  [1010/1416]  eta: 0:06:58  lr: 0.000043  min_lr: 0.000043  loss: 0.0932 (0.3246)  reconst_loss: 0.0065 (0.0563)  code_loss: 0.0867 (0.2683)  weight_decay: 0.0500 (0.0500)  grad_norm: 0.7045 (8.4804)  time: 0.8736  data: 0.0004  max mem: 35149
Epoch: [0]  [1020/1416]  eta: 0:06:47  lr: 0.000043  min_lr: 0.000043  loss: 0.0929 (0.3223)  reconst_loss: 0.0063 (0.0558)  code_loss: 0.0865 (0.2665)  weight_decay: 0.0500 (0.0500)  grad_norm: 1.3226 (8.4116)  time: 0.8740  data: 0.0004  max mem: 35149
Epoch: [0]  [1030/1416]  eta: 0:06:36  lr: 0.000044  min_lr: 0.000044  loss: 0.0931 (0.3202)  reconst_loss: 0.0063 (0.0553)  code_loss: 0.0866 (0.2649)  weight_decay: 0.0500 (0.0500)  grad_norm: 1.8355 (8.3956)  time: 0.8766  data: 0.0004  max mem: 35149
Epoch: [0]  [1040/1416]  eta: 0:06:25  lr: 0.000044  min_lr: 0.000044  loss: 0.1646 (0.3194)  reconst_loss: 0.0103 (0.0550)  code_loss: 0.1502 (0.2645)  weight_decay: 0.0500 (0.0500)  grad_norm: 16.4150 (8.5366)  time: 0.8794  data: 0.0004  max mem: 35149
Epoch: [0]  [1050/1416]  eta: 0:06:14  lr: 0.000044  min_lr: 0.000044  loss: 0.2206 (0.3186)  reconst_loss: 0.0135 (0.0545)  code_loss: 0.2071 (0.2640)  weight_decay: 0.0500 (0.0500)  grad_norm: 22.2250 (8.6635)  time: 0.8799  data: 0.0003  max mem: 35149
Epoch: [0]  [1060/1416]  eta: 0:06:04  lr: 0.000045  min_lr: 0.000045  loss: 0.1875 (0.3171)  reconst_loss: 0.0115 (0.0541)  code_loss: 0.1738 (0.2630)  weight_decay: 0.0500 (0.0500)  grad_norm: 18.6021 (8.7261)  time: 0.8813  data: 0.0003  max mem: 35149
Epoch: [0]  [1070/1416]  eta: 0:05:53  lr: 0.000045  min_lr: 0.000045  loss: 0.1699 (0.3158)  reconst_loss: 0.0116 (0.0538)  code_loss: 0.1567 (0.2620)  weight_decay: 0.0500 (0.0500)  grad_norm: 17.0904 (8.8074)  time: 0.8849  data: 0.0004  max mem: 35149
Epoch: [0]  [1080/1416]  eta: 0:05:42  lr: 0.000046  min_lr: 0.000046  loss: 0.1762 (0.3144)  reconst_loss: 0.0114 (0.0534)  code_loss: 0.1603 (0.2611)  weight_decay: 0.0500 (0.0500)  grad_norm: 17.3405 (8.8770)  time: 0.8853  data: 0.0004  max mem: 35149
Epoch: [0]  [1090/1416]  eta: 0:05:32  lr: 0.000046  min_lr: 0.000046  loss: 0.1485 (0.3128)  reconst_loss: 0.0102 (0.0530)  code_loss: 0.1395 (0.2598)  weight_decay: 0.0500 (0.0500)  grad_norm: 13.5169 (8.9047)  time: 0.8801  data: 0.0004  max mem: 35149
Epoch: [0]  [1100/1416]  eta: 0:05:21  lr: 0.000047  min_lr: 0.000047  loss: 0.1150 (0.3109)  reconst_loss: 0.0086 (0.0525)  code_loss: 0.1066 (0.2583)  weight_decay: 0.0500 (0.0500)  grad_norm: 8.8454 (8.8872)  time: 0.8764  data: 0.0005  max mem: 35149
Epoch: [0]  [1110/1416]  eta: 0:05:11  lr: 0.000047  min_lr: 0.000047  loss: 0.0931 (0.3089)  reconst_loss: 0.0075 (0.0521)  code_loss: 0.0854 (0.2568)  weight_decay: 0.0500 (0.0500)  grad_norm: 3.3167 (8.8268)  time: 0.8804  data: 0.0005  max mem: 35149
Epoch: [0]  [1120/1416]  eta: 0:05:00  lr: 0.000047  min_lr: 0.000047  loss: 0.0883 (0.3069)  reconst_loss: 0.0067 (0.0517)  code_loss: 0.0817 (0.2552)  weight_decay: 0.0500 (0.0500)  grad_norm: 1.1423 (8.7558)  time: 0.8855  data: 0.0004  max mem: 35149
Epoch: [0]  [1130/1416]  eta: 0:04:50  lr: 0.000048  min_lr: 0.000048  loss: 0.0872 (0.3050)  reconst_loss: 0.0063 (0.0513)  code_loss: 0.0808 (0.2537)  weight_decay: 0.0500 (0.0500)  grad_norm: 0.4919 (8.6814)  time: 0.8819  data: 0.0004  max mem: 35149
Epoch: [0]  [1140/1416]  eta: 0:04:39  lr: 0.000048  min_lr: 0.000048  loss: 0.0868 (0.3031)  reconst_loss: 0.0060 (0.0509)  code_loss: 0.0808 (0.2521)  weight_decay: 0.0500 (0.0500)  grad_norm: 0.2610 (8.6073)  time: 0.8797  data: 0.0004  max mem: 35149
Epoch: [0]  [1150/1416]  eta: 0:04:29  lr: 0.000049  min_lr: 0.000049  loss: 0.0873 (0.3012)  reconst_loss: 0.0059 (0.0505)  code_loss: 0.0813 (0.2507)  weight_decay: 0.0500 (0.0500)  grad_norm: 0.2432 (8.5347)  time: 0.8799  data: 0.0004  max mem: 35149
Epoch: [0]  [1160/1416]  eta: 0:04:18  lr: 0.000049  min_lr: 0.000049  loss: 0.0896 (0.2994)  reconst_loss: 0.0057 (0.0502)  code_loss: 0.0832 (0.2492)  weight_decay: 0.0500 (0.0500)  grad_norm: 0.2431 (8.4633)  time: 0.8793  data: 0.0006  max mem: 35149
Epoch: [0]  [1170/1416]  eta: 0:04:08  lr: 0.000050  min_lr: 0.000050  loss: 0.0914 (0.2976)  reconst_loss: 0.0055 (0.0498)  code_loss: 0.0860 (0.2479)  weight_decay: 0.0500 (0.0500)  grad_norm: 0.2507 (8.3947)  time: 0.8806  data: 0.0006  max mem: 35149
Epoch: [0]  [1180/1416]  eta: 0:03:58  lr: 0.000050  min_lr: 0.000050  loss: 0.0961 (0.2960)  reconst_loss: 0.0054 (0.0494)  code_loss: 0.0904 (0.2466)  weight_decay: 0.0500 (0.0500)  grad_norm: 0.4890 (8.3298)  time: 0.8816  data: 0.0005  max mem: 35149
Epoch: [0]  [1190/1416]  eta: 0:03:47  lr: 0.000050  min_lr: 0.000050  loss: 0.1017 (0.2957)  reconst_loss: 0.0057 (0.0491)  code_loss: 0.0966 (0.2466)  weight_decay: 0.0500 (0.0500)  grad_norm: 1.8635 (8.4498)  time: 0.8801  data: 0.0004  max mem: 35149
Epoch: [0]  [1200/1416]  eta: 0:03:37  lr: 0.000051  min_lr: 0.000051  loss: 0.2975 (0.2959)  reconst_loss: 0.0121 (0.0488)  code_loss: 0.2869 (0.2471)  weight_decay: 0.0500 (0.0500)  grad_norm: 26.9471 (8.6164)  time: 0.8789  data: 0.0009  max mem: 35149
Epoch: [0]  [1210/1416]  eta: 0:03:27  lr: 0.000051  min_lr: 0.000051  loss: 0.2860 (0.2956)  reconst_loss: 0.0135 (0.0485)  code_loss: 0.2717 (0.2471)  weight_decay: 0.0500 (0.0500)  grad_norm: 25.2908 (8.7319)  time: 0.8691  data: 0.0010  max mem: 35149
Epoch: [0]  [1220/1416]  eta: 0:03:16  lr: 0.000052  min_lr: 0.000052  loss: 0.2146 (0.2947)  reconst_loss: 0.0124 (0.0482)  code_loss: 0.2015 (0.2465)  weight_decay: 0.0500 (0.0500)  grad_norm: 19.6544 (8.7765)  time: 0.8525  data: 0.0003  max mem: 35149
Epoch: [0]  [1230/1416]  eta: 0:03:06  lr: 0.000052  min_lr: 0.000052  loss: 0.1449 (0.2934)  reconst_loss: 0.0089 (0.0479)  code_loss: 0.1357 (0.2456)  weight_decay: 0.0500 (0.0500)  grad_norm: 9.4553 (8.7492)  time: 0.8440  data: 0.0004  max mem: 35149
Epoch: [0]  [1240/1416]  eta: 0:02:56  lr: 0.000053  min_lr: 0.000053  loss: 0.1262 (0.2921)  reconst_loss: 0.0069 (0.0475)  code_loss: 0.1193 (0.2445)  weight_decay: 0.0500 (0.0500)  grad_norm: 1.3478 (8.6845)  time: 0.8394  data: 0.0006  max mem: 35149
Epoch: [0]  [1250/1416]  eta: 0:02:46  lr: 0.000053  min_lr: 0.000053  loss: 0.1282 (0.2908)  reconst_loss: 0.0060 (0.0472)  code_loss: 0.1222 (0.2436)  weight_decay: 0.0500 (0.0500)  grad_norm: 0.2431 (8.6166)  time: 0.8393  data: 0.0004  max mem: 35149
Epoch: [0]  [1260/1416]  eta: 0:02:35  lr: 0.000053  min_lr: 0.000053  loss: 0.1392 (0.2897)  reconst_loss: 0.0057 (0.0469)  code_loss: 0.1333 (0.2428)  weight_decay: 0.0500 (0.0500)  grad_norm: 0.1877 (8.5499)  time: 0.8407  data: 0.0001  max mem: 35149
Epoch: [0]  [1270/1416]  eta: 0:02:25  lr: 0.000054  min_lr: 0.000054  loss: 0.1531 (0.2887)  reconst_loss: 0.0056 (0.0465)  code_loss: 0.1475 (0.2421)  weight_decay: 0.0500 (0.0500)  grad_norm: 0.1703 (8.4838)  time: 0.8409  data: 0.0002  max mem: 35149
Epoch: [0]  [1280/1416]  eta: 0:02:15  lr: 0.000054  min_lr: 0.000054  loss: 0.1698 (0.2878)  reconst_loss: 0.0054 (0.0462)  code_loss: 0.1641 (0.2416)  weight_decay: 0.0500 (0.0500)  grad_norm: 0.1370 (8.4186)  time: 0.8423  data: 0.0002  max mem: 35149
Epoch: [0]  [1290/1416]  eta: 0:02:05  lr: 0.000055  min_lr: 0.000055  loss: 0.1867 (0.2871)  reconst_loss: 0.0053 (0.0459)  code_loss: 0.1812 (0.2412)  weight_decay: 0.0500 (0.0500)  grad_norm: 0.1357 (8.3544)  time: 0.8432  data: 0.0002  max mem: 35149
Epoch: [0]  [1300/1416]  eta: 0:01:55  lr: 0.000055  min_lr: 0.000055  loss: 0.2051 (0.2865)  reconst_loss: 0.0052 (0.0456)  code_loss: 0.1997 (0.2409)  weight_decay: 0.0500 (0.0500)  grad_norm: 0.1492 (8.2914)  time: 0.8435  data: 0.0002  max mem: 35149
Epoch: [0]  [1310/1416]  eta: 0:01:45  lr: 0.000056  min_lr: 0.000056  loss: 0.2199 (0.2861)  reconst_loss: 0.0051 (0.0453)  code_loss: 0.2150 (0.2408)  weight_decay: 0.0500 (0.0500)  grad_norm: 0.1720 (8.2298)  time: 0.8414  data: 0.0003  max mem: 35149
Epoch: [0]  [1320/1416]  eta: 0:01:35  lr: 0.000056  min_lr: 0.000056  loss: 0.2347 (0.2857)  reconst_loss: 0.0049 (0.0450)  code_loss: 0.2299 (0.2408)  weight_decay: 0.0500 (0.0500)  grad_norm: 0.2706 (8.1728)  time: 0.8381  data: 0.0003  max mem: 35149
Epoch: [0]  [1330/1416]  eta: 0:01:25  lr: 0.000056  min_lr: 0.000056  loss: 0.2464 (0.2873)  reconst_loss: 0.0051 (0.0448)  code_loss: 0.2416 (0.2426)  weight_decay: 0.0500 (0.0500)  grad_norm: 2.0025 (8.3209)  time: 0.8390  data: 0.0002  max mem: 35149
Epoch: [0]  [1340/1416]  eta: 0:01:15  lr: 0.000057  min_lr: 0.000057  loss: 0.4624 (0.2887)  reconst_loss: 0.0146 (0.0445)  code_loss: 0.4500 (0.2441)  weight_decay: 0.0500 (0.0500)  grad_norm: 26.8084 (8.4605)  time: 0.8402  data: 0.0003  max mem: 35149
Epoch: [0]  [1350/1416]  eta: 0:01:05  lr: 0.000057  min_lr: 0.000057  loss: 0.3675 (0.2889)  reconst_loss: 0.0130 (0.0443)  code_loss: 0.3519 (0.2445)  weight_decay: 0.0500 (0.0500)  grad_norm: 19.9770 (8.5002)  time: 0.8366  data: 0.0003  max mem: 35149
Epoch: [0]  [1360/1416]  eta: 0:00:55  lr: 0.000058  min_lr: 0.000058  loss: 0.2631 (0.2886)  reconst_loss: 0.0110 (0.0441)  code_loss: 0.2536 (0.2445)  weight_decay: 0.0500 (0.0500)  grad_norm: 6.1085 (8.4608)  time: 0.8376  data: 0.0003  max mem: 35149
Epoch: [0]  [1370/1416]  eta: 0:00:45  lr: 0.000058  min_lr: 0.000058  loss: 0.2436 (0.2882)  reconst_loss: 0.0080 (0.0438)  code_loss: 0.2355 (0.2444)  weight_decay: 0.0500 (0.0500)  grad_norm: 1.3668 (8.4065)  time: 0.8398  data: 0.0003  max mem: 35149
Epoch: [0]  [1380/1416]  eta: 0:00:35  lr: 0.000058  min_lr: 0.000058  loss: 0.2424 (0.2879)  reconst_loss: 0.0069 (0.0435)  code_loss: 0.2355 (0.2444)  weight_decay: 0.0500 (0.0500)  grad_norm: 0.5079 (8.3479)  time: 0.8385  data: 0.0003  max mem: 35149
Epoch: [0]  [1390/1416]  eta: 0:00:25  lr: 0.000059  min_lr: 0.000059  loss: 0.2424 (0.2876)  reconst_loss: 0.0062 (0.0433)  code_loss: 0.2359 (0.2443)  weight_decay: 0.0500 (0.0500)  grad_norm: 0.1917 (8.2891)  time: 0.8386  data: 0.0002  max mem: 35149
Epoch: [0]  [1400/1416]  eta: 0:00:15  lr: 0.000059  min_lr: 0.000059  loss: 0.2431 (0.2873)  reconst_loss: 0.0058 (0.0430)  code_loss: 0.2368 (0.2443)  weight_decay: 0.0500 (0.0500)  grad_norm: 0.1591 (8.2312)  time: 0.8375  data: 0.0002  max mem: 35149
Epoch: [0]  [1410/1416]  eta: 0:00:05  lr: 0.000060  min_lr: 0.000060  loss: 0.2436 (0.2870)  reconst_loss: 0.0056 (0.0427)  code_loss: 0.2380 (0.2442)  weight_decay: 0.0500 (0.0500)  grad_norm: 0.1748 (8.1741)  time: 0.8357  data: 0.0002  max mem: 35149
Epoch: [0]  [1415/1416]  eta: 0:00:00  lr: 0.000060  min_lr: 0.000060  loss: 0.2442 (0.2868)  reconst_loss: 0.0055 (0.0426)  code_loss: 0.2386 (0.2442)  weight_decay: 0.0500 (0.0500)  grad_norm: 0.1906 (8.1460)  time: 0.8367  data: 0.0001  max mem: 35149
Epoch: [0] Total time: 0:23:11 (0.9826 s / it)
Averaged stats: lr: 0.000060  min_lr: 0.000060  loss: 0.2442 (0.2868)  reconst_loss: 0.0055 (0.0426)  code_loss: 0.2386 (0.2442)  weight_decay: 0.0500 (0.0500)  grad_norm: 0.1906 (8.1460)
[Eval]   [0/5]  eta: 0:01:54  loss: 0.0259 (0.0259)  reconst_loss: 0.0259 (0.0259)  code_loss: 0.0000 (0.0000)  time: 22.9313  data: 21.1255  max mem: 35149
[Eval]   [4/5]  eta: 0:00:05  loss: 0.0128 (0.0144)  reconst_loss: 0.0128 (0.0144)  code_loss: 0.0000 (0.0000)  time: 5.5401  data: 4.7639  max mem: 35149
[Eval]  Total time: 0:00:28 (5.6899 s / it)
Eval averaged stats: loss: 0.0128 (0.0144)  reconst_loss: 0.0128 (0.0144)  code_loss: 0.0000 (0.0000)
[Eval] Image metrics @224:  [0/5]  eta: 0:01:48    time: 21.6335  data: 4.9993  max mem: 35149
[Eval] Image metrics @224:  [4/5]  eta: 0:00:14    time: 14.4356  data: 1.0002  max mem: 35149
[Eval] Image metrics @224: Total time: 0:01:12 (14.5550 s / it)
[Eval]  Generation results: [Eval] MSE@224: 0.0542 (0.0542)  [Eval] MAE@224: 0.0977 (0.0977)  [Eval] PSNR@224: 12.6570 (12.6570)  [Eval] MS-SSIM@224: 0.8991 (0.8991)  [Eval] CodebookUsage@224: 0.2095 (0.2095)
Logged 1 eval images @ res 224
Epoch: [1]  [   0/1416]  eta: 7:19:10  lr: 0.000060  min_lr: 0.000060  loss: 0.2454 (0.2454)  reconst_loss: 0.0051 (0.0051)  code_loss: 0.2404 (0.2404)  weight_decay: 0.0500 (0.0500)  grad_norm: 0.2207 (0.2207)  time: 18.6088  data: 17.3404  max mem: 35149
Epoch: [1]  [  10/1416]  eta: 0:58:12  lr: 0.000060  min_lr: 0.000060  loss: 0.2465 (0.2466)  reconst_loss: 0.0055 (0.0055)  code_loss: 0.2410 (0.2411)  weight_decay: 0.0500 (0.0500)  grad_norm: 0.2358 (0.2557)  time: 2.4838  data: 1.5768  max mem: 35168
Epoch: [1]  [  20/1416]  eta: 0:39:38  lr: 0.000061  min_lr: 0.000061  loss: 0.2472 (0.2489)  reconst_loss: 0.0053 (0.0055)  code_loss: 0.2417 (0.2435)  weight_decay: 0.0500 (0.0500)  grad_norm: 0.4122 (1.6171)  time: 0.8584  data: 0.0006  max mem: 35168
Epoch: [1]  [  30/1416]  eta: 0:33:01  lr: 0.000061  min_lr: 0.000061  loss: 0.2704 (0.3119)  reconst_loss: 0.0068 (0.0080)  code_loss: 0.2639 (0.3039)  weight_decay: 0.0500 (0.0500)  grad_norm: 9.7530 (9.4408)  time: 0.8501  data: 0.0008  max mem: 35168
Epoch: [1]  [  40/1416]  eta: 0:29:33  lr: 0.000062  min_lr: 0.000062  loss: 0.3803 (0.3265)  reconst_loss: 0.0103 (0.0086)  code_loss: 0.3698 (0.3180)  weight_decay: 0.0500 (0.0500)  grad_norm: 21.1344 (12.0133)  time: 0.8533  data: 0.0009  max mem: 35168
Epoch: [1]  [  50/1416]  eta: 0:27:24  lr: 0.000062  min_lr: 0.000062  loss: 0.3212 (0.3224)  reconst_loss: 0.0096 (0.0087)  code_loss: 0.3118 (0.3136)  weight_decay: 0.0500 (0.0500)  grad_norm: 16.4562 (12.4290)  time: 0.8539  data: 0.0011  max mem: 35168
Epoch: [1]  [  60/1416]  eta: 0:25:55  lr: 0.000063  min_lr: 0.000063  loss: 0.2900 (0.3157)  reconst_loss: 0.0097 (0.0090)  code_loss: 0.2792 (0.3067)  weight_decay: 0.0500 (0.0500)  grad_norm: 11.7843 (12.2341)  time: 0.8561  data: 0.0010  max mem: 35168
Epoch: [1]  [  70/1416]  eta: 0:24:48  lr: 0.000063  min_lr: 0.000063  loss: 0.2699 (0.3093)  reconst_loss: 0.0090 (0.0089)  code_loss: 0.2616 (0.3004)  weight_decay: 0.0500 (0.0500)  grad_norm: 10.0252 (11.8659)  time: 0.8569  data: 0.0006  max mem: 35168
Epoch: [1]  [  80/1416]  eta: 0:23:55  lr: 0.000063  min_lr: 0.000063  loss: 0.2649 (0.3032)  reconst_loss: 0.0079 (0.0088)  code_loss: 0.2555 (0.2945)  weight_decay: 0.0500 (0.0500)  grad_norm: 8.9451 (11.3816)  time: 0.8533  data: 0.0007  max mem: 35168
Epoch: [1]  [  90/1416]  eta: 0:23:12  lr: 0.000064  min_lr: 0.000064  loss: 0.2511 (0.2973)  reconst_loss: 0.0069 (0.0085)  code_loss: 0.2446 (0.2887)  weight_decay: 0.0500 (0.0500)  grad_norm: 6.6115 (10.7322)  time: 0.8523  data: 0.0008  max mem: 35168
Epoch: [1]  [ 100/1416]  eta: 0:22:36  lr: 0.000064  min_lr: 0.000064  loss: 0.2415 (0.2915)  reconst_loss: 0.0063 (0.0083)  code_loss: 0.2357 (0.2833)  weight_decay: 0.0500 (0.0500)  grad_norm: 4.0098 (9.9908)  time: 0.8527  data: 0.0010  max mem: 35168
Epoch: [1]  [ 110/1416]  eta: 0:22:05  lr: 0.000065  min_lr: 0.000065  loss: 0.2369 (0.2866)  reconst_loss: 0.0056 (0.0080)  code_loss: 0.2312 (0.2786)  weight_decay: 0.0500 (0.0500)  grad_norm: 2.2165 (9.2135)  time: 0.8515  data: 0.0013  max mem: 35168
Epoch: [1]  [ 120/1416]  eta: 0:21:37  lr: 0.000065  min_lr: 0.000065  loss: 0.2354 (0.2823)  reconst_loss: 0.0051 (0.0078)  code_loss: 0.2305 (0.2746)  weight_decay: 0.0500 (0.0500)  grad_norm: 0.8383 (8.4997)  time: 0.8542  data: 0.0011  max mem: 35168
Epoch: [1]  [ 130/1416]  eta: 0:21:13  lr: 0.000066  min_lr: 0.000066  loss: 0.2353 (0.2787)  reconst_loss: 0.0049 (0.0075)  code_loss: 0.2304 (0.2712)  weight_decay: 0.0500 (0.0500)  grad_norm: 0.4186 (7.8778)  time: 0.8531  data: 0.0007  max mem: 35168
Epoch: [1]  [ 140/1416]  eta: 0:20:50  lr: 0.000066  min_lr: 0.000066  loss: 0.2354 (0.2757)  reconst_loss: 0.0047 (0.0073)  code_loss: 0.2308 (0.2684)  weight_decay: 0.0500 (0.0500)  grad_norm: 0.3046 (7.3375)  time: 0.8506  data: 0.0006  max mem: 35168
Epoch: [1]  [ 150/1416]  eta: 0:20:29  lr: 0.000066  min_lr: 0.000066  loss: 0.2365 (0.2732)  reconst_loss: 0.0046 (0.0071)  code_loss: 0.2317 (0.2660)  weight_decay: 0.0500 (0.0500)  grad_norm: 0.2914 (6.8747)  time: 0.8501  data: 0.0007  max mem: 35168
Epoch: [1]  [ 160/1416]  eta: 0:20:10  lr: 0.000067  min_lr: 0.000067  loss: 0.2381 (0.2712)  reconst_loss: 0.0046 (0.0070)  code_loss: 0.2336 (0.2642)  weight_decay: 0.0500 (0.0500)  grad_norm: 0.4133 (6.5747)  time: 0.8506  data: 0.0006  max mem: 35168
Epoch: [1]  [ 170/1416]  eta: 0:19:52  lr: 0.000067  min_lr: 0.000067  loss: 0.2556 (0.2866)  reconst_loss: 0.0052 (0.0075)  code_loss: 0.2504 (0.2791)  weight_decay: 0.0500 (0.0500)  grad_norm: 7.9456 (7.9284)  time: 0.8496  data: 0.0007  max mem: 35168
Epoch: [1]  [ 180/1416]  eta: 0:19:35  lr: 0.000068  min_lr: 0.000068  loss: 0.4703 (0.2942)  reconst_loss: 0.0125 (0.0078)  code_loss: 0.4574 (0.2864)  weight_decay: 0.0500 (0.0500)  grad_norm: 24.8511 (8.6965)  time: 0.8509  data: 0.0008  max mem: 35168
Epoch: [1]  [ 190/1416]  eta: 0:19:20  lr: 0.000068  min_lr: 0.000068  loss: 0.2620 (0.2916)  reconst_loss: 0.0106 (0.0078)  code_loss: 0.2527 (0.2837)  weight_decay: 0.0500 (0.0500)  grad_norm: 8.5722 (8.5228)  time: 0.8556  data: 0.0009  max mem: 35168
Epoch: [1]  [ 200/1416]  eta: 0:19:05  lr: 0.000068  min_lr: 0.000068  loss: 0.2292 (0.2881)  reconst_loss: 0.0086 (0.0079)  code_loss: 0.2190 (0.2803)  weight_decay: 0.0500 (0.0500)  grad_norm: 2.6424 (8.1934)  time: 0.8538  data: 0.0009  max mem: 35168
Epoch: [1]  [ 210/1416]  eta: 0:18:50  lr: 0.000069  min_lr: 0.000069  loss: 0.2171 (0.2846)  reconst_loss: 0.0072 (0.0078)  code_loss: 0.2100 (0.2768)  weight_decay: 0.0500 (0.0500)  grad_norm: 1.0143 (7.8357)  time: 0.8536  data: 0.0006  max mem: 35168
Epoch: [1]  [ 220/1416]  eta: 0:18:37  lr: 0.000069  min_lr: 0.000069  loss: 0.2109 (0.2812)  reconst_loss: 0.0061 (0.0077)  code_loss: 0.2045 (0.2735)  weight_decay: 0.0500 (0.0500)  grad_norm: 0.3112 (7.4903)  time: 0.8580  data: 0.0005  max mem: 35168
Epoch: [1]  [ 230/1416]  eta: 0:18:24  lr: 0.000070  min_lr: 0.000070  loss: 0.2060 (0.2779)  reconst_loss: 0.0055 (0.0076)  code_loss: 0.2003 (0.2702)  weight_decay: 0.0500 (0.0500)  grad_norm: 0.1281 (7.1711)  time: 0.8588  data: 0.0008  max mem: 35168
Epoch: [1]  [ 240/1416]  eta: 0:18:11  lr: 0.000070  min_lr: 0.000070  loss: 0.2030 (0.2747)  reconst_loss: 0.0053 (0.0075)  code_loss: 0.1977 (0.2672)  weight_decay: 0.0500 (0.0500)  grad_norm: 0.1188 (6.8784)  time: 0.8588  data: 0.0009  max mem: 35168
Epoch: [1]  [ 250/1416]  eta: 0:17:58  lr: 0.000071  min_lr: 0.000071  loss: 0.2012 (0.2718)  reconst_loss: 0.0051 (0.0074)  code_loss: 0.1960 (0.2643)  weight_decay: 0.0500 (0.0500)  grad_norm: 0.1198 (6.6095)  time: 0.8597  data: 0.0007  max mem: 35168
Epoch: [1]  [ 260/1416]  eta: 0:17:46  lr: 0.000071  min_lr: 0.000071  loss: 0.2002 (0.2690)  reconst_loss: 0.0048 (0.0073)  code_loss: 0.1954 (0.2617)  weight_decay: 0.0500 (0.0500)  grad_norm: 0.1433 (6.3626)  time: 0.8543  data: 0.0007  max mem: 35168
Epoch: [1]  [ 270/1416]  eta: 0:17:33  lr: 0.000071  min_lr: 0.000071  loss: 0.2004 (0.2665)  reconst_loss: 0.0046 (0.0072)  code_loss: 0.1957 (0.2593)  weight_decay: 0.0500 (0.0500)  grad_norm: 0.1995 (6.1364)  time: 0.8502  data: 0.0007  max mem: 35168
Epoch: [1]  [ 280/1416]  eta: 0:17:22  lr: 0.000072  min_lr: 0.000072  loss: 0.2021 (0.2643)  reconst_loss: 0.0046 (0.0071)  code_loss: 0.1975 (0.2571)  weight_decay: 0.0500 (0.0500)  grad_norm: 0.2550 (5.9452)  time: 0.8584  data: 0.0007  max mem: 35168
Epoch: [1]  [ 290/1416]  eta: 0:17:11  lr: 0.000072  min_lr: 0.000072  loss: 0.2062 (0.2755)  reconst_loss: 0.0048 (0.0073)  code_loss: 0.2015 (0.2682)  weight_decay: 0.0500 (0.0500)  grad_norm: 2.8292 (6.7799)  time: 0.8636  data: 0.0009  max mem: 35168
Epoch: [1]  [ 300/1416]  eta: 0:16:59  lr: 0.000073  min_lr: 0.000073  loss: 0.4164 (0.2790)  reconst_loss: 0.0128 (0.0076)  code_loss: 0.4059 (0.2715)  weight_decay: 0.0500 (0.0500)  grad_norm: 24.7116 (7.1884)  time: 0.8569  data: 0.0009  max mem: 35168
Epoch: [1]  [ 310/1416]  eta: 0:16:48  lr: 0.000073  min_lr: 0.000073  loss: 0.2450 (0.2771)  reconst_loss: 0.0110 (0.0076)  code_loss: 0.2334 (0.2695)  weight_decay: 0.0500 (0.0500)  grad_norm: 9.6512 (7.1210)  time: 0.8564  data: 0.0012  max mem: 35168
Epoch: [1]  [ 320/1416]  eta: 0:16:37  lr: 0.000074  min_lr: 0.000074  loss: 0.1981 (0.2746)  reconst_loss: 0.0076 (0.0076)  code_loss: 0.1900 (0.2669)  weight_decay: 0.0500 (0.0500)  grad_norm: 1.8562 (6.9292)  time: 0.8582  data: 0.0014  max mem: 35168
Epoch: [1]  [ 330/1416]  eta: 0:16:26  lr: 0.000074  min_lr: 0.000074  loss: 0.1922 (0.2720)  reconst_loss: 0.0062 (0.0076)  code_loss: 0.1859 (0.2645)  weight_decay: 0.0500 (0.0500)  grad_norm: 0.3465 (6.7270)  time: 0.8544  data: 0.0010  max mem: 35168
Epoch: [1]  [ 340/1416]  eta: 0:16:15  lr: 0.000074  min_lr: 0.000074  loss: 0.1910 (0.2697)  reconst_loss: 0.0054 (0.0075)  code_loss: 0.1856 (0.2622)  weight_decay: 0.0500 (0.0500)  grad_norm: 0.1402 (6.5334)  time: 0.8533  data: 0.0011  max mem: 35168
Epoch: [1]  [ 350/1416]  eta: 0:16:05  lr: 0.000075  min_lr: 0.000075  loss: 0.1915 (0.2675)  reconst_loss: 0.0049 (0.0074)  code_loss: 0.1865 (0.2600)  weight_decay: 0.0500 (0.0500)  grad_norm: 0.1150 (6.3505)  time: 0.8530  data: 0.0014  max mem: 35168
Epoch: [1]  [ 360/1416]  eta: 0:15:54  lr: 0.000075  min_lr: 0.000075  loss: 0.1928 (0.2654)  reconst_loss: 0.0046 (0.0073)  code_loss: 0.1883 (0.2581)  weight_decay: 0.0500 (0.0500)  grad_norm: 0.1143 (6.1778)  time: 0.8550  data: 0.0011  max mem: 35168
Epoch: [1]  [ 370/1416]  eta: 0:15:44  lr: 0.000076  min_lr: 0.000076  loss: 0.1954 (0.2636)  reconst_loss: 0.0044 (0.0073)  code_loss: 0.1908 (0.2563)  weight_decay: 0.0500 (0.0500)  grad_norm: 0.1367 (6.0152)  time: 0.8587  data: 0.0009  max mem: 35168
Epoch: [1]  [ 380/1416]  eta: 0:15:34  lr: 0.000076  min_lr: 0.000076  loss: 0.1980 (0.2619)  reconst_loss: 0.0044 (0.0072)  code_loss: 0.1935 (0.2547)  weight_decay: 0.0500 (0.0500)  grad_norm: 0.1563 (5.8623)  time: 0.8599  data: 0.0010  max mem: 35168
Epoch: [1]  [ 390/1416]  eta: 0:15:23  lr: 0.000077  min_lr: 0.000077  loss: 0.2015 (0.2604)  reconst_loss: 0.0043 (0.0071)  code_loss: 0.1971 (0.2533)  weight_decay: 0.0500 (0.0500)  grad_norm: 0.2377 (5.7418)  time: 0.8588  data: 0.0010  max mem: 35168
Epoch: [1]  [ 400/1416]  eta: 0:15:13  lr: 0.000077  min_lr: 0.000077  loss: 0.2143 (0.2632)  reconst_loss: 0.0058 (0.0072)  code_loss: 0.2070 (0.2560)  weight_decay: 0.0500 (0.0500)  grad_norm: 4.0366 (6.0718)  time: 0.8546  data: 0.0008  max mem: 35168
Epoch: [1]  [ 410/1416]  eta: 0:15:03  lr: 0.000077  min_lr: 0.000077  loss: 0.3250 (0.2649)  reconst_loss: 0.0108 (0.0073)  code_loss: 0.3163 (0.2576)  weight_decay: 0.0500 (0.0500)  grad_norm: 16.5659 (6.3205)  time: 0.8505  data: 0.0009  max mem: 35168
Epoch: [1]  [ 420/1416]  eta: 0:14:53  lr: 0.000078  min_lr: 0.000078  loss: 0.2916 (0.2649)  reconst_loss: 0.0089 (0.0074)  code_loss: 0.2783 (0.2576)  weight_decay: 0.0500 (0.0500)  grad_norm: 13.5255 (6.4352)  time: 0.8518  data: 0.0010  max mem: 35168
Epoch: [1]  [ 430/1416]  eta: 0:14:43  lr: 0.000078  min_lr: 0.000078  loss: 0.2209 (0.2636)  reconst_loss: 0.0079 (0.0073)  code_loss: 0.2129 (0.2562)  weight_decay: 0.0500 (0.0500)  grad_norm: 6.4966 (6.3660)  time: 0.8538  data: 0.0007  max mem: 35168
Epoch: [1]  [ 440/1416]  eta: 0:14:33  lr: 0.000079  min_lr: 0.000079  loss: 0.2001 (0.2621)  reconst_loss: 0.0057 (0.0073)  code_loss: 0.1942 (0.2548)  weight_decay: 0.0500 (0.0500)  grad_norm: 1.6091 (6.2461)  time: 0.8539  data: 0.0006  max mem: 35168
Epoch: [1]  [ 450/1416]  eta: 0:14:23  lr: 0.000079  min_lr: 0.000079  loss: 0.1984 (0.2607)  reconst_loss: 0.0051 (0.0072)  code_loss: 0.1933 (0.2535)  weight_decay: 0.0500 (0.0500)  grad_norm: 0.6138 (6.1158)  time: 0.8524  data: 0.0010  max mem: 35168
Epoch: [1]  [ 460/1416]  eta: 0:14:13  lr: 0.000080  min_lr: 0.000080  loss: 0.1981 (0.2593)  reconst_loss: 0.0046 (0.0072)  code_loss: 0.1934 (0.2522)  weight_decay: 0.0500 (0.0500)  grad_norm: 0.1549 (5.9857)  time: 0.8520  data: 0.0011  max mem: 35168
Epoch: [1]  [ 470/1416]  eta: 0:14:04  lr: 0.000080  min_lr: 0.000080  loss: 0.1989 (0.2581)  reconst_loss: 0.0044 (0.0071)  code_loss: 0.1942 (0.2509)  weight_decay: 0.0500 (0.0500)  grad_norm: 0.0906 (5.8604)  time: 0.8541  data: 0.0009  max mem: 35168
Epoch: [1]  [ 480/1416]  eta: 0:13:54  lr: 0.000080  min_lr: 0.000080  loss: 0.1995 (0.2569)  reconst_loss: 0.0042 (0.0071)  code_loss: 0.1953 (0.2498)  weight_decay: 0.0500 (0.0500)  grad_norm: 0.0884 (5.7408)  time: 0.8554  data: 0.0008  max mem: 35168
Epoch: [1]  [ 490/1416]  eta: 0:13:45  lr: 0.000081  min_lr: 0.000081  loss: 0.2010 (0.2558)  reconst_loss: 0.0042 (0.0070)  code_loss: 0.1969 (0.2487)  weight_decay: 0.0500 (0.0500)  grad_norm: 0.1273 (5.6278)  time: 0.8561  data: 0.0007  max mem: 35168
Epoch: [1]  [ 500/1416]  eta: 0:13:35  lr: 0.000081  min_lr: 0.000081  loss: 0.2031 (0.2547)  reconst_loss: 0.0041 (0.0069)  code_loss: 0.1989 (0.2478)  weight_decay: 0.0500 (0.0500)  grad_norm: 0.2873 (5.5362)  time: 0.8562  data: 0.0007  max mem: 35168
Epoch: [1]  [ 510/1416]  eta: 0:13:26  lr: 0.000082  min_lr: 0.000082  loss: 0.2087 (0.2554)  reconst_loss: 0.0043 (0.0070)  code_loss: 0.2044 (0.2484)  weight_decay: 0.0500 (0.0500)  grad_norm: 3.0118 (5.6740)  time: 0.8581  data: 0.0010  max mem: 35168
Epoch: [1]  [ 520/1416]  eta: 0:13:16  lr: 0.000082  min_lr: 0.000082  loss: 0.2947 (0.2563)  reconst_loss: 0.0077 (0.0070)  code_loss: 0.2854 (0.2493)  weight_decay: 0.0500 (0.0500)  grad_norm: 13.2156 (5.8312)  time: 0.8604  data: 0.0010  max mem: 35168
Epoch: [1]  [ 530/1416]  eta: 0:13:07  lr: 0.000082  min_lr: 0.000082  loss: 0.2847 (0.2564)  reconst_loss: 0.0085 (0.0071)  code_loss: 0.2761 (0.2493)  weight_decay: 0.0500 (0.0500)  grad_norm: 11.8823 (5.9014)  time: 0.8622  data: 0.0007  max mem: 35168
Epoch: [1]  [ 540/1416]  eta: 0:12:57  lr: 0.000083  min_lr: 0.000083  loss: 0.2331 (0.2558)  reconst_loss: 0.0077 (0.0071)  code_loss: 0.2253 (0.2487)  weight_decay: 0.0500 (0.0500)  grad_norm: 6.7493 (5.8845)  time: 0.8578  data: 0.0007  max mem: 35168
Epoch: [1]  [ 550/1416]  eta: 0:12:48  lr: 0.000083  min_lr: 0.000083  loss: 0.2100 (0.2549)  reconst_loss: 0.0065 (0.0070)  code_loss: 0.2026 (0.2478)  weight_decay: 0.0500 (0.0500)  grad_norm: 2.3910 (5.8090)  time: 0.8554  data: 0.0010  max mem: 35168
Epoch: [1]  [ 560/1416]  eta: 0:12:39  lr: 0.000084  min_lr: 0.000084  loss: 0.2036 (0.2539)  reconst_loss: 0.0052 (0.0070)  code_loss: 0.1983 (0.2469)  weight_decay: 0.0500 (0.0500)  grad_norm: 0.6779 (5.7128)  time: 0.8592  data: 0.0011  max mem: 35168
Epoch: [1]  [ 570/1416]  eta: 0:12:29  lr: 0.000084  min_lr: 0.000084  loss: 0.2034 (0.2531)  reconst_loss: 0.0046 (0.0070)  code_loss: 0.1984 (0.2461)  weight_decay: 0.0500 (0.0500)  grad_norm: 0.2334 (5.6153)  time: 0.8578  data: 0.0008  max mem: 35168
Epoch: [1]  [ 580/1416]  eta: 0:12:20  lr: 0.000085  min_lr: 0.000085  loss: 0.2045 (0.2522)  reconst_loss: 0.0042 (0.0069)  code_loss: 0.2002 (0.2453)  weight_decay: 0.0500 (0.0500)  grad_norm: 0.1088 (5.5204)  time: 0.8560  data: 0.0006  max mem: 35168
Epoch: [1]  [ 590/1416]  eta: 0:12:11  lr: 0.000085  min_lr: 0.000085  loss: 0.2060 (0.2515)  reconst_loss: 0.0041 (0.0069)  code_loss: 0.2020 (0.2446)  weight_decay: 0.0500 (0.0500)  grad_norm: 0.0960 (5.4286)  time: 0.8565  data: 0.0006  max mem: 35168
Epoch: [1]  [ 600/1416]  eta: 0:12:02  lr: 0.000085  min_lr: 0.000085  loss: 0.2090 (0.2508)  reconst_loss: 0.0040 (0.0068)  code_loss: 0.2049 (0.2440)  weight_decay: 0.0500 (0.0500)  grad_norm: 0.1060 (5.3410)  time: 0.8589  data: 0.0006  max mem: 35168
Epoch: [1]  [ 610/1416]  eta: 0:11:52  lr: 0.000086  min_lr: 0.000086  loss: 0.2122 (0.2502)  reconst_loss: 0.0039 (0.0068)  code_loss: 0.2085 (0.2434)  weight_decay: 0.0500 (0.0500)  grad_norm: 0.3677 (5.2670)  time: 0.8567  data: 0.0006  max mem: 35168
Epoch: [1]  [ 620/1416]  eta: 0:11:43  lr: 0.000086  min_lr: 0.000086  loss: 0.2150 (0.2500)  reconst_loss: 0.0040 (0.0067)  code_loss: 0.2114 (0.2432)  weight_decay: 0.0500 (0.0500)  grad_norm: 1.1215 (5.2701)  time: 0.8552  data: 0.0006  max mem: 35168
Epoch: [1]  [ 630/1416]  eta: 0:11:34  lr: 0.000087  min_lr: 0.000087  loss: 0.2728 (0.2509)  reconst_loss: 0.0077 (0.0068)  code_loss: 0.2626 (0.2441)  weight_decay: 0.0500 (0.0500)  grad_norm: 9.9946 (5.3843)  time: 0.8577  data: 0.0005  max mem: 35168
Epoch: [1]  [ 640/1416]  eta: 0:11:25  lr: 0.000087  min_lr: 0.000087  loss: 0.3149 (0.2519)  reconst_loss: 0.0111 (0.0069)  code_loss: 0.3014 (0.2450)  weight_decay: 0.0500 (0.0500)  grad_norm: 11.8369 (5.4821)  time: 0.8561  data: 0.0006  max mem: 35168
Epoch: [1]  [ 650/1416]  eta: 0:11:16  lr: 0.000088  min_lr: 0.000088  loss: 0.2818 (0.2521)  reconst_loss: 0.0107 (0.0070)  code_loss: 0.2706 (0.2451)  weight_decay: 0.0500 (0.0500)  grad_norm: 9.4069 (5.5279)  time: 0.8584  data: 0.0005  max mem: 35168
Epoch: [1]  [ 660/1416]  eta: 0:11:07  lr: 0.000088  min_lr: 0.000088  loss: 0.2325 (0.2517)  reconst_loss: 0.0090 (0.0070)  code_loss: 0.2231 (0.2447)  weight_decay: 0.0500 (0.0500)  grad_norm: 6.6168 (5.5182)  time: 0.8583  data: 0.0005  max mem: 35168
Epoch: [1]  [ 670/1416]  eta: 0:10:58  lr: 0.000088  min_lr: 0.000088  loss: 0.2173 (0.2511)  reconst_loss: 0.0074 (0.0070)  code_loss: 0.2111 (0.2441)  weight_decay: 0.0500 (0.0500)  grad_norm: 3.9270 (5.4831)  time: 0.8579  data: 0.0006  max mem: 35168
Epoch: [1]  [ 680/1416]  eta: 0:10:49  lr: 0.000089  min_lr: 0.000089  loss: 0.2137 (0.2506)  reconst_loss: 0.0060 (0.0070)  code_loss: 0.2078 (0.2436)  weight_decay: 0.0500 (0.0500)  grad_norm: 2.0099 (5.4189)  time: 0.8635  data: 0.0007  max mem: 35168
Epoch: [1]  [ 690/1416]  eta: 0:10:39  lr: 0.000089  min_lr: 0.000089  loss: 0.2111 (0.2500)  reconst_loss: 0.0050 (0.0069)  code_loss: 0.2058 (0.2430)  weight_decay: 0.0500 (0.0500)  grad_norm: 0.4473 (5.3438)  time: 0.8608  data: 0.0011  max mem: 35168
Epoch: [1]  [ 700/1416]  eta: 0:10:30  lr: 0.000090  min_lr: 0.000090  loss: 0.2113 (0.2494)  reconst_loss: 0.0047 (0.0069)  code_loss: 0.2064 (0.2425)  weight_decay: 0.0500 (0.0500)  grad_norm: 0.1807 (5.2703)  time: 0.8592  data: 0.0011  max mem: 35168
Epoch: [1]  [ 710/1416]  eta: 0:10:21  lr: 0.000090  min_lr: 0.000090  loss: 0.2128 (0.2489)  reconst_loss: 0.0043 (0.0069)  code_loss: 0.2083 (0.2421)  weight_decay: 0.0500 (0.0500)  grad_norm: 0.1664 (5.1982)  time: 0.8606  data: 0.0008  max mem: 35168
Epoch: [1]  [ 720/1416]  eta: 0:10:12  lr: 0.000091  min_lr: 0.000091  loss: 0.2147 (0.2485)  reconst_loss: 0.0042 (0.0068)  code_loss: 0.2106 (0.2417)  weight_decay: 0.0500 (0.0500)  grad_norm: 0.1723 (5.1386)  time: 0.8607  data: 0.0009  max mem: 35168
Epoch: [1]  [ 730/1416]  eta: 0:10:03  lr: 0.000091  min_lr: 0.000091  loss: 0.2197 (0.2483)  reconst_loss: 0.0044 (0.0068)  code_loss: 0.2154 (0.2415)  weight_decay: 0.0500 (0.0500)  grad_norm: 2.3569 (5.1430)  time: 0.8614  data: 0.0009  max mem: 35168
Epoch: [1]  [ 740/1416]  eta: 0:09:54  lr: 0.000091  min_lr: 0.000091  loss: 0.2294 (0.2480)  reconst_loss: 0.0054 (0.0068)  code_loss: 0.2239 (0.2413)  weight_decay: 0.0500 (0.0500)  grad_norm: 4.5476 (5.1303)  time: 0.8591  data: 0.0008  max mem: 35168
Epoch: [1]  [ 750/1416]  eta: 0:09:45  lr: 0.000092  min_lr: 0.000092  loss: 0.2281 (0.2478)  reconst_loss: 0.0054 (0.0068)  code_loss: 0.2226 (0.2410)  weight_decay: 0.0500 (0.0500)  grad_norm: 4.3419 (5.1215)  time: 0.8612  data: 0.0007  max mem: 35168
Epoch: [1]  [ 760/1416]  eta: 0:09:37  lr: 0.000092  min_lr: 0.000092  loss: 0.2296 (0.2477)  reconst_loss: 0.0054 (0.0068)  code_loss: 0.2246 (0.2409)  weight_decay: 0.0500 (0.0500)  grad_norm: 4.4984 (5.1288)  time: 0.8641  data: 0.0006  max mem: 35168
Epoch: [1]  [ 770/1416]  eta: 0:09:28  lr: 0.000093  min_lr: 0.000093  loss: 0.2372 (0.2476)  reconst_loss: 0.0061 (0.0068)  code_loss: 0.2307 (0.2408)  weight_decay: 0.0500 (0.0500)  grad_norm: 6.3779 (5.1445)  time: 0.8615  data: 0.0007  max mem: 35168
Epoch: [1]  [ 780/1416]  eta: 0:09:19  lr: 0.000093  min_lr: 0.000093  loss: 0.2379 (0.2475)  reconst_loss: 0.0067 (0.0068)  code_loss: 0.2315 (0.2407)  weight_decay: 0.0500 (0.0500)  grad_norm: 6.5705 (5.1642)  time: 0.8599  data: 0.0008  max mem: 35168
Epoch: [1]  [ 790/1416]  eta: 0:09:10  lr: 0.000093  min_lr: 0.000093  loss: 0.2473 (0.2475)  reconst_loss: 0.0079 (0.0068)  code_loss: 0.2399 (0.2407)  weight_decay: 0.0500 (0.0500)  grad_norm: 6.7266 (5.1857)  time: 0.8613  data: 0.0011  max mem: 35168
Epoch: [1]  [ 800/1416]  eta: 0:09:01  lr: 0.000094  min_lr: 0.000094  loss: 0.2488 (0.2475)  reconst_loss: 0.0097 (0.0068)  code_loss: 0.2386 (0.2406)  weight_decay: 0.0500 (0.0500)  grad_norm: 6.5738 (5.2026)  time: 0.8603  data: 0.0009  max mem: 35168
Epoch: [1]  [ 810/1416]  eta: 0:08:52  lr: 0.000094  min_lr: 0.000094  loss: 0.2304 (0.2471)  reconst_loss: 0.0088 (0.0069)  code_loss: 0.2228 (0.2403)  weight_decay: 0.0500 (0.0500)  grad_norm: 5.1545 (5.1899)  time: 0.8601  data: 0.0008  max mem: 35168
Epoch: [1]  [ 820/1416]  eta: 0:08:43  lr: 0.000095  min_lr: 0.000095  loss: 0.2118 (0.2466)  reconst_loss: 0.0067 (0.0068)  code_loss: 0.2055 (0.2398)  weight_decay: 0.0500 (0.0500)  grad_norm: 3.2203 (5.1561)  time: 0.8609  data: 0.0007  max mem: 35168
Epoch: [1]  [ 830/1416]  eta: 0:08:34  lr: 0.000095  min_lr: 0.000095  loss: 0.1998 (0.2460)  reconst_loss: 0.0051 (0.0068)  code_loss: 0.1945 (0.2392)  weight_decay: 0.0500 (0.0500)  grad_norm: 1.5933 (5.1080)  time: 0.8621  data: 0.0005  max mem: 35168
Epoch: [1]  [ 840/1416]  eta: 0:08:25  lr: 0.000096  min_lr: 0.000096  loss: 0.1962 (0.2454)  reconst_loss: 0.0047 (0.0068)  code_loss: 0.1913 (0.2387)  weight_decay: 0.0500 (0.0500)  grad_norm: 0.6409 (5.0523)  time: 0.8630  data: 0.0006  max mem: 35168
Epoch: [1]  [ 850/1416]  eta: 0:08:16  lr: 0.000096  min_lr: 0.000096  loss: 0.1946 (0.2448)  reconst_loss: 0.0042 (0.0068)  code_loss: 0.1903 (0.2381)  weight_decay: 0.0500 (0.0500)  grad_norm: 0.3421 (4.9962)  time: 0.8641  data: 0.0005  max mem: 35168
Epoch: [1]  [ 860/1416]  eta: 0:08:07  lr: 0.000096  min_lr: 0.000096  loss: 0.1936 (0.2442)  reconst_loss: 0.0039 (0.0067)  code_loss: 0.1897 (0.2375)  weight_decay: 0.0500 (0.0500)  grad_norm: 0.2350 (4.9411)  time: 0.8604  data: 0.0005  max mem: 35168
Epoch: [1]  [ 870/1416]  eta: 0:07:58  lr: 0.000097  min_lr: 0.000097  loss: 0.1935 (0.2437)  reconst_loss: 0.0040 (0.0067)  code_loss: 0.1894 (0.2370)  weight_decay: 0.0500 (0.0500)  grad_norm: 0.3414 (4.9077)  time: 0.8576  data: 0.0006  max mem: 35168
Epoch: [1]  [ 880/1416]  eta: 0:07:50  lr: 0.000097  min_lr: 0.000097  loss: 0.2079 (0.2438)  reconst_loss: 0.0051 (0.0067)  code_loss: 0.2031 (0.2371)  weight_decay: 0.0500 (0.0500)  grad_norm: 4.1835 (4.9424)  time: 0.8609  data: 0.0007  max mem: 35168
Epoch: [1]  [ 890/1416]  eta: 0:07:41  lr: 0.000098  min_lr: 0.000098  loss: 0.3023 (0.2451)  reconst_loss: 0.0078 (0.0067)  code_loss: 0.2945 (0.2383)  weight_decay: 0.0500 (0.0500)  grad_norm: 11.5182 (5.0463)  time: 0.8584  data: 0.0008  max mem: 35168
Epoch: [1]  [ 900/1416]  eta: 0:07:32  lr: 0.000098  min_lr: 0.000098  loss: 0.3288 (0.2456)  reconst_loss: 0.0086 (0.0068)  code_loss: 0.3212 (0.2389)  weight_decay: 0.0500 (0.0500)  grad_norm: 13.3507 (5.1187)  time: 0.8562  data: 0.0007  max mem: 35168
Epoch: [1]  [ 910/1416]  eta: 0:07:23  lr: 0.000099  min_lr: 0.000099  loss: 0.2577 (0.2456)  reconst_loss: 0.0096 (0.0068)  code_loss: 0.2486 (0.2388)  weight_decay: 0.0500 (0.0500)  grad_norm: 8.9940 (5.1439)  time: 0.8573  data: 0.0007  max mem: 35168
Epoch: [1]  [ 920/1416]  eta: 0:07:14  lr: 0.000099  min_lr: 0.000099  loss: 0.2155 (0.2451)  reconst_loss: 0.0084 (0.0068)  code_loss: 0.2071 (0.2383)  weight_decay: 0.0500 (0.0500)  grad_norm: 5.1215 (5.1248)  time: 0.8597  data: 0.0007  max mem: 35168
Epoch: [1]  [ 930/1416]  eta: 0:07:05  lr: 0.000099  min_lr: 0.000099  loss: 0.1896 (0.2445)  reconst_loss: 0.0061 (0.0068)  code_loss: 0.1843 (0.2377)  weight_decay: 0.0500 (0.0500)  grad_norm: 2.0900 (5.0847)  time: 0.8612  data: 0.0007  max mem: 35168
Epoch: [1]  [ 940/1416]  eta: 0:06:56  lr: 0.000100  min_lr: 0.000100  loss: 0.1842 (0.2438)  reconst_loss: 0.0054 (0.0068)  code_loss: 0.1786 (0.2370)  weight_decay: 0.0500 (0.0500)  grad_norm: 0.8084 (5.0374)  time: 0.8622  data: 0.0007  max mem: 35168
Epoch: [1]  [ 950/1416]  eta: 0:06:48  lr: 0.000100  min_lr: 0.000100  loss: 0.1820 (0.2432)  reconst_loss: 0.0048 (0.0068)  code_loss: 0.1772 (0.2364)  weight_decay: 0.0500 (0.0500)  grad_norm: 0.4380 (4.9882)  time: 0.8611  data: 0.0007  max mem: 35168
Epoch: [1]  [ 960/1416]  eta: 0:06:39  lr: 0.000101  min_lr: 0.000101  loss: 0.1812 (0.2425)  reconst_loss: 0.0044 (0.0067)  code_loss: 0.1769 (0.2358)  weight_decay: 0.0500 (0.0500)  grad_norm: 0.3363 (4.9399)  time: 0.8596  data: 0.0008  max mem: 35168
Epoch: [1]  [ 970/1416]  eta: 0:06:30  lr: 0.000101  min_lr: 0.000101  loss: 0.1809 (0.2419)  reconst_loss: 0.0040 (0.0067)  code_loss: 0.1769 (0.2352)  weight_decay: 0.0500 (0.0500)  grad_norm: 0.2644 (4.8914)  time: 0.8612  data: 0.0008  max mem: 35168
Epoch: [1]  [ 980/1416]  eta: 0:06:21  lr: 0.000102  min_lr: 0.000102  loss: 0.1810 (0.2413)  reconst_loss: 0.0038 (0.0067)  code_loss: 0.1770 (0.2346)  weight_decay: 0.0500 (0.0500)  grad_norm: 0.2346 (4.8440)  time: 0.8610  data: 0.0007  max mem: 35168
Epoch: [1]  [ 990/1416]  eta: 0:06:12  lr: 0.000102  min_lr: 0.000102  loss: 0.1822 (0.2407)  reconst_loss: 0.0037 (0.0067)  code_loss: 0.1784 (0.2340)  weight_decay: 0.0500 (0.0500)  grad_norm: 0.2009 (4.7977)  time: 0.8608  data: 0.0006  max mem: 35168
Epoch: [1]  [1000/1416]  eta: 0:06:04  lr: 0.000102  min_lr: 0.000102  loss: 0.1845 (0.2404)  reconst_loss: 0.0038 (0.0066)  code_loss: 0.1806 (0.2338)  weight_decay: 0.0500 (0.0500)  grad_norm: 0.6975 (4.7934)  time: 0.8607  data: 0.0007  max mem: 35168
Epoch: [1]  [1010/1416]  eta: 0:05:55  lr: 0.000103  min_lr: 0.000103  loss: 0.2288 (0.2405)  reconst_loss: 0.0072 (0.0067)  code_loss: 0.2182 (0.2338)  weight_decay: 0.0500 (0.0500)  grad_norm: 6.8029 (4.8249)  time: 0.8631  data: 0.0007  max mem: 35168
Epoch: [1]  [1020/1416]  eta: 0:05:46  lr: 0.000103  min_lr: 0.000103  loss: 0.2259 (0.2402)  reconst_loss: 0.0079 (0.0067)  code_loss: 0.2171 (0.2335)  weight_decay: 0.0500 (0.0500)  grad_norm: 6.1528 (4.8313)  time: 0.8636  data: 0.0006  max mem: 35168
Epoch: [1]  [1030/1416]  eta: 0:05:37  lr: 0.000104  min_lr: 0.000104  loss: 0.2071 (0.2398)  reconst_loss: 0.0055 (0.0066)  code_loss: 0.2015 (0.2332)  weight_decay: 0.0500 (0.0500)  grad_norm: 4.8012 (4.8237)  time: 0.8633  data: 0.0008  max mem: 35168
Epoch: [1]  [1040/1416]  eta: 0:05:28  lr: 0.000104  min_lr: 0.000104  loss: 0.1978 (0.2394)  reconst_loss: 0.0050 (0.0066)  code_loss: 0.1929 (0.2328)  weight_decay: 0.0500 (0.0500)  grad_norm: 2.6086 (4.7971)  time: 0.8660  data: 0.0008  max mem: 35168
Epoch: [1]  [1050/1416]  eta: 0:05:20  lr: 0.000105  min_lr: 0.000105  loss: 0.1951 (0.2390)  reconst_loss: 0.0046 (0.0066)  code_loss: 0.1901 (0.2324)  weight_decay: 0.0500 (0.0500)  grad_norm: 1.3203 (4.7600)  time: 0.8649  data: 0.0007  max mem: 35168
Epoch: [1]  [1060/1416]  eta: 0:05:11  lr: 0.000105  min_lr: 0.000105  loss: 0.1916 (0.2385)  reconst_loss: 0.0041 (0.0066)  code_loss: 0.1873 (0.2319)  weight_decay: 0.0500 (0.0500)  grad_norm: 0.6165 (4.7186)  time: 0.8613  data: 0.0007  max mem: 35168
Epoch: [1]  [1070/1416]  eta: 0:05:02  lr: 0.000105  min_lr: 0.000105  loss: 0.1928 (0.2381)  reconst_loss: 0.0038 (0.0066)  code_loss: 0.1887 (0.2316)  weight_decay: 0.0500 (0.0500)  grad_norm: 0.1822 (4.6757)  time: 0.8563  data: 0.0008  max mem: 35168
Epoch: [1]  [1080/1416]  eta: 0:04:53  lr: 0.000106  min_lr: 0.000106  loss: 0.1973 (0.2378)  reconst_loss: 0.0036 (0.0065)  code_loss: 0.1936 (0.2312)  weight_decay: 0.0500 (0.0500)  grad_norm: 0.1204 (4.6343)  time: 0.8564  data: 0.0008  max mem: 35168
Epoch: [1]  [1090/1416]  eta: 0:04:44  lr: 0.000106  min_lr: 0.000106  loss: 0.2014 (0.2375)  reconst_loss: 0.0035 (0.0065)  code_loss: 0.1981 (0.2310)  weight_decay: 0.0500 (0.0500)  grad_norm: 0.3057 (4.5950)  time: 0.8602  data: 0.0007  max mem: 35168
Epoch: [1]  [1100/1416]  eta: 0:04:36  lr: 0.000107  min_lr: 0.000107  loss: 0.2055 (0.2372)  reconst_loss: 0.0034 (0.0065)  code_loss: 0.2019 (0.2307)  weight_decay: 0.0500 (0.0500)  grad_norm: 0.2957 (4.5556)  time: 0.8593  data: 0.0007  max mem: 35168
Epoch: [1]  [1110/1416]  eta: 0:04:27  lr: 0.000107  min_lr: 0.000107  loss: 0.2099 (0.2370)  reconst_loss: 0.0034 (0.0064)  code_loss: 0.2065 (0.2305)  weight_decay: 0.0500 (0.0500)  grad_norm: 0.3399 (4.5212)  time: 0.8547  data: 0.0008  max mem: 35168
Epoch: [1]  [1120/1416]  eta: 0:04:18  lr: 0.000107  min_lr: 0.000107  loss: 0.2184 (0.2370)  reconst_loss: 0.0037 (0.0064)  code_loss: 0.2147 (0.2306)  weight_decay: 0.0500 (0.0500)  grad_norm: 2.0458 (4.5305)  time: 0.8540  data: 0.0010  max mem: 35168
Epoch: [1]  [1130/1416]  eta: 0:04:09  lr: 0.000108  min_lr: 0.000108  loss: 0.2502 (0.2372)  reconst_loss: 0.0058 (0.0064)  code_loss: 0.2440 (0.2308)  weight_decay: 0.0500 (0.0500)  grad_norm: 6.2443 (4.5519)  time: 0.8593  data: 0.0010  max mem: 35168
Epoch: [1]  [1140/1416]  eta: 0:04:00  lr: 0.000108  min_lr: 0.000108  loss: 0.2670 (0.2377)  reconst_loss: 0.0069 (0.0064)  code_loss: 0.2601 (0.2312)  weight_decay: 0.0500 (0.0500)  grad_norm: 7.2914 (4.5931)  time: 0.8594  data: 0.0009  max mem: 35168
Epoch: [1]  [1150/1416]  eta: 0:03:52  lr: 0.000109  min_lr: 0.000109  loss: 0.3000 (0.2383)  reconst_loss: 0.0089 (0.0065)  code_loss: 0.2884 (0.2319)  weight_decay: 0.0500 (0.0500)  grad_norm: 10.0235 (4.6467)  time: 0.8568  data: 0.0011  max mem: 35168
Epoch: [1]  [1160/1416]  eta: 0:03:43  lr: 0.000109  min_lr: 0.000109  loss: 0.2809 (0.2386)  reconst_loss: 0.0107 (0.0065)  code_loss: 0.2728 (0.2321)  weight_decay: 0.0500 (0.0500)  grad_norm: 8.8115 (4.6699)  time: 0.8594  data: 0.0010  max mem: 35168
Epoch: [1]  [1170/1416]  eta: 0:03:34  lr: 0.000110  min_lr: 0.000110  loss: 0.2466 (0.2386)  reconst_loss: 0.0099 (0.0065)  code_loss: 0.2375 (0.2320)  weight_decay: 0.0500 (0.0500)  grad_norm: 5.8081 (4.6678)  time: 0.8599  data: 0.0009  max mem: 35168
Epoch: [1]  [1180/1416]  eta: 0:03:25  lr: 0.000110  min_lr: 0.000110  loss: 0.2168 (0.2383)  reconst_loss: 0.0071 (0.0065)  code_loss: 0.2092 (0.2318)  weight_decay: 0.0500 (0.0500)  grad_norm: 3.3598 (4.6448)  time: 0.8624  data: 0.0008  max mem: 35168
Epoch: [1]  [1190/1416]  eta: 0:03:17  lr: 0.000110  min_lr: 0.000110  loss: 0.2054 (0.2380)  reconst_loss: 0.0054 (0.0065)  code_loss: 0.2000 (0.2315)  weight_decay: 0.0500 (0.0500)  grad_norm: 1.0534 (4.6126)  time: 0.8646  data: 0.0006  max mem: 35168
Epoch: [1]  [1200/1416]  eta: 0:03:08  lr: 0.000111  min_lr: 0.000111  loss: 0.2030 (0.2377)  reconst_loss: 0.0045 (0.0065)  code_loss: 0.1981 (0.2312)  weight_decay: 0.0500 (0.0500)  grad_norm: 0.5719 (4.5776)  time: 0.8555  data: 0.0017  max mem: 35168
Epoch: [1]  [1210/1416]  eta: 0:02:59  lr: 0.000111  min_lr: 0.000111  loss: 0.2016 (0.2374)  reconst_loss: 0.0043 (0.0065)  code_loss: 0.1972 (0.2309)  weight_decay: 0.0500 (0.0500)  grad_norm: 0.3045 (4.5437)  time: 0.8435  data: 0.0015  max mem: 35168
Epoch: [1]  [1220/1416]  eta: 0:02:50  lr: 0.000112  min_lr: 0.000112  loss: 0.2015 (0.2371)  reconst_loss: 0.0041 (0.0065)  code_loss: 0.1972 (0.2306)  weight_decay: 0.0500 (0.0500)  grad_norm: 0.7049 (4.5131)  time: 0.8363  data: 0.0002  max mem: 35168
Epoch: [1]  [1230/1416]  eta: 0:02:42  lr: 0.000112  min_lr: 0.000112  loss: 0.2013 (0.2368)  reconst_loss: 0.0039 (0.0065)  code_loss: 0.1973 (0.2304)  weight_decay: 0.0500 (0.0500)  grad_norm: 0.7049 (4.4820)  time: 0.8336  data: 0.0003  max mem: 35168
Epoch: [1]  [1240/1416]  eta: 0:02:33  lr: 0.000113  min_lr: 0.000113  loss: 0.2013 (0.2366)  reconst_loss: 0.0038 (0.0064)  code_loss: 0.1975 (0.2301)  weight_decay: 0.0500 (0.0500)  grad_norm: 0.6977 (4.4517)  time: 0.8348  data: 0.0003  max mem: 35168
Epoch: [1]  [1250/1416]  eta: 0:02:24  lr: 0.000113  min_lr: 0.000113  loss: 0.2016 (0.2363)  reconst_loss: 0.0036 (0.0064)  code_loss: 0.1978 (0.2299)  weight_decay: 0.0500 (0.0500)  grad_norm: 0.7728 (4.4251)  time: 0.8346  data: 0.0001  max mem: 35168
Epoch: [1]  [1260/1416]  eta: 0:02:15  lr: 0.000113  min_lr: 0.000113  loss: 0.2031 (0.2360)  reconst_loss: 0.0038 (0.0064)  code_loss: 0.1992 (0.2296)  weight_decay: 0.0500 (0.0500)  grad_norm: 1.4619 (4.4037)  time: 0.8333  data: 0.0002  max mem: 35168
Epoch: [1]  [1270/1416]  eta: 0:02:07  lr: 0.000114  min_lr: 0.000114  loss: 0.2049 (0.2358)  reconst_loss: 0.0040 (0.0064)  code_loss: 0.2009 (0.2294)  weight_decay: 0.0500 (0.0500)  grad_norm: 1.7057 (4.3832)  time: 0.8326  data: 0.0002  max mem: 35168
Epoch: [1]  [1280/1416]  eta: 0:01:58  lr: 0.000114  min_lr: 0.000114  loss: 0.2071 (0.2356)  reconst_loss: 0.0040 (0.0064)  code_loss: 0.2031 (0.2292)  weight_decay: 0.0500 (0.0500)  grad_norm: 1.8083 (4.3634)  time: 0.8333  data: 0.0003  max mem: 35168
Epoch: [1]  [1290/1416]  eta: 0:01:49  lr: 0.000115  min_lr: 0.000115  loss: 0.2091 (0.2354)  reconst_loss: 0.0039 (0.0063)  code_loss: 0.2050 (0.2290)  weight_decay: 0.0500 (0.0500)  grad_norm: 1.6224 (4.3418)  time: 0.8380  data: 0.0003  max mem: 35168
Epoch: [1]  [1300/1416]  eta: 0:01:40  lr: 0.000115  min_lr: 0.000115  loss: 0.2110 (0.2352)  reconst_loss: 0.0039 (0.0063)  code_loss: 0.2072 (0.2289)  weight_decay: 0.0500 (0.0500)  grad_norm: 1.5316 (4.3195)  time: 0.8359  data: 0.0002  max mem: 35168
Epoch: [1]  [1310/1416]  eta: 0:01:32  lr: 0.000116  min_lr: 0.000116  loss: 0.2122 (0.2350)  reconst_loss: 0.0037 (0.0063)  code_loss: 0.2082 (0.2287)  weight_decay: 0.0500 (0.0500)  grad_norm: 1.1893 (4.2951)  time: 0.8352  data: 0.0002  max mem: 35168
Epoch: [1]  [1320/1416]  eta: 0:01:23  lr: 0.000116  min_lr: 0.000116  loss: 0.2155 (0.2349)  reconst_loss: 0.0036 (0.0063)  code_loss: 0.2121 (0.2286)  weight_decay: 0.0500 (0.0500)  grad_norm: 1.1530 (4.2710)  time: 0.8378  data: 0.0002  max mem: 35168
Epoch: [1]  [1330/1416]  eta: 0:01:14  lr: 0.000116  min_lr: 0.000116  loss: 0.2189 (0.2348)  reconst_loss: 0.0035 (0.0063)  code_loss: 0.2154 (0.2285)  weight_decay: 0.0500 (0.0500)  grad_norm: 1.1770 (4.2519)  time: 0.8365  data: 0.0003  max mem: 35168
Epoch: [1]  [1340/1416]  eta: 0:01:06  lr: 0.000117  min_lr: 0.000117  loss: 0.2220 (0.2347)  reconst_loss: 0.0037 (0.0062)  code_loss: 0.2185 (0.2285)  weight_decay: 0.0500 (0.0500)  grad_norm: 2.2081 (4.2452)  time: 0.8360  data: 0.0003  max mem: 35168
Epoch: [1]  [1350/1416]  eta: 0:00:57  lr: 0.000117  min_lr: 0.000117  loss: 0.2395 (0.2357)  reconst_loss: 0.0060 (0.0063)  code_loss: 0.2334 (0.2295)  weight_decay: 0.0500 (0.0500)  grad_norm: 5.6821 (4.3022)  time: 0.8360  data: 0.0002  max mem: 35168
Epoch: [1]  [1360/1416]  eta: 0:00:48  lr: 0.000118  min_lr: 0.000118  loss: 0.3870 (0.2371)  reconst_loss: 0.0093 (0.0063)  code_loss: 0.3769 (0.2308)  weight_decay: 0.0500 (0.0500)  grad_norm: 14.5274 (4.3857)  time: 0.8346  data: 0.0001  max mem: 35168
Epoch: [1]  [1370/1416]  eta: 0:00:39  lr: 0.000118  min_lr: 0.000118  loss: 0.3573 (0.2376)  reconst_loss: 0.0095 (0.0064)  code_loss: 0.3479 (0.2312)  weight_decay: 0.0500 (0.0500)  grad_norm: 12.9389 (4.4170)  time: 0.8324  data: 0.0001  max mem: 35168
Epoch: [1]  [1380/1416]  eta: 0:00:31  lr: 0.000118  min_lr: 0.000118  loss: 0.2646 (0.2377)  reconst_loss: 0.0111 (0.0064)  code_loss: 0.2516 (0.2312)  weight_decay: 0.0500 (0.0500)  grad_norm: 3.8448 (4.3986)  time: 0.8344  data: 0.0002  max mem: 35168
Epoch: [1]  [1390/1416]  eta: 0:00:22  lr: 0.000119  min_lr: 0.000119  loss: 0.2351 (0.2377)  reconst_loss: 0.0083 (0.0064)  code_loss: 0.2276 (0.2312)  weight_decay: 0.0500 (0.0500)  grad_norm: 0.7538 (4.3702)  time: 0.8347  data: 0.0002  max mem: 35168
Epoch: [1]  [1400/1416]  eta: 0:00:13  lr: 0.000119  min_lr: 0.000119  loss: 0.2348 (0.2376)  reconst_loss: 0.0066 (0.0064)  code_loss: 0.2279 (0.2312)  weight_decay: 0.0500 (0.0500)  grad_norm: 0.2920 (4.3407)  time: 0.8359  data: 0.0001  max mem: 35168
Epoch: [1]  [1410/1416]  eta: 0:00:05  lr: 0.000120  min_lr: 0.000120  loss: 0.2362 (0.2376)  reconst_loss: 0.0053 (0.0064)  code_loss: 0.2310 (0.2312)  weight_decay: 0.0500 (0.0500)  grad_norm: 0.1440 (4.3107)  time: 0.8365  data: 0.0002  max mem: 35168
Epoch: [1]  [1415/1416]  eta: 0:00:00  lr: 0.000120  min_lr: 0.000120  loss: 0.2380 (0.2377)  reconst_loss: 0.0050 (0.0064)  code_loss: 0.2328 (0.2312)  weight_decay: 0.0500 (0.0500)  grad_norm: 0.1008 (4.2957)  time: 0.8321  data: 0.0002  max mem: 35168
Epoch: [1] Total time: 0:20:28 (0.8678 s / it)
Averaged stats: lr: 0.000120  min_lr: 0.000120  loss: 0.2380 (0.2376)  reconst_loss: 0.0050 (0.0064)  code_loss: 0.2328 (0.2312)  weight_decay: 0.0500 (0.0500)  grad_norm: 0.1008 (4.2957)
Epoch: [2]  [   0/1416]  eta: 6:22:43  lr: 0.000120  min_lr: 0.000120  loss: 0.2422 (0.2422)  reconst_loss: 0.0043 (0.0043)  code_loss: 0.2379 (0.2379)  weight_decay: 0.0500 (0.0500)  grad_norm: 0.1899 (0.1899)  time: 16.2169  data: 13.5504  max mem: 35168
Epoch: [2]  [  10/1416]  eta: 0:53:55  lr: 0.000120  min_lr: 0.000120  loss: 0.2456 (0.2451)  reconst_loss: 0.0047 (0.0047)  code_loss: 0.2410 (0.2404)  weight_decay: 0.0500 (0.0500)  grad_norm: 1.0380 (0.9908)  time: 2.3015  data: 1.2324  max mem: 35168
Epoch: [2]  [  20/1416]  eta: 0:38:02  lr: 0.000121  min_lr: 0.000121  loss: 0.2457 (0.2453)  reconst_loss: 0.0042 (0.0044)  code_loss: 0.2413 (0.2409)  weight_decay: 0.0500 (0.0500)  grad_norm: 0.7721 (0.8336)  time: 0.9061  data: 0.0005  max mem: 35168
Epoch: [2]  [  30/1416]  eta: 0:32:01  lr: 0.000121  min_lr: 0.000121  loss: 0.2454 (0.2454)  reconst_loss: 0.0039 (0.0042)  code_loss: 0.2416 (0.2412)  weight_decay: 0.0500 (0.0500)  grad_norm: 0.4779 (0.6984)  time: 0.8832  data: 0.0009  max mem: 35168
Epoch: [2]  [  40/1416]  eta: 0:28:55  lr: 0.000122  min_lr: 0.000122  loss: 0.2463 (0.2461)  reconst_loss: 0.0037 (0.0041)  code_loss: 0.2427 (0.2420)  weight_decay: 0.0500 (0.0500)  grad_norm: 0.3073 (0.5837)  time: 0.8683  data: 0.0010  max mem: 35168
Epoch: [2]  [  50/1416]  eta: 0:26:56  lr: 0.000122  min_lr: 0.000122  loss: 0.2503 (0.2474)  reconst_loss: 0.0035 (0.0040)  code_loss: 0.2468 (0.2435)  weight_decay: 0.0500 (0.0500)  grad_norm: 0.2236 (0.5115)  time: 0.8683  data: 0.0008  max mem: 35168
Epoch: [2]  [  60/1416]  eta: 0:25:33  lr: 0.000123  min_lr: 0.000123  loss: 0.2548 (0.2491)  reconst_loss: 0.0034 (0.0039)  code_loss: 0.2514 (0.2452)  weight_decay: 0.0500 (0.0500)  grad_norm: 0.1921 (0.4650)  time: 0.8634  data: 0.0006  max mem: 35168
Epoch: [2]  [  70/1416]  eta: 0:24:31  lr: 0.000123  min_lr: 0.000123  loss: 0.2590 (0.2581)  reconst_loss: 0.0035 (0.0043)  code_loss: 0.2556 (0.2538)  weight_decay: 0.0500 (0.0500)  grad_norm: 0.5142 (1.2924)  time: 0.8646  data: 0.0006  max mem: 35168
Epoch: [2]  [  80/1416]  eta: 0:23:43  lr: 0.000123  min_lr: 0.000123  loss: 0.3169 (0.2676)  reconst_loss: 0.0088 (0.0051)  code_loss: 0.3065 (0.2625)  weight_decay: 0.0500 (0.0500)  grad_norm: 7.7828 (2.1821)  time: 0.8674  data: 0.0007  max mem: 35168
Epoch: [2]  [  90/1416]  eta: 0:23:03  lr: 0.000124  min_lr: 0.000124  loss: 0.3018 (0.2693)  reconst_loss: 0.0078 (0.0054)  code_loss: 0.2908 (0.2639)  weight_decay: 0.0500 (0.0500)  grad_norm: 6.3419 (2.5510)  time: 0.8654  data: 0.0006  max mem: 35168
Epoch: [2]  [ 100/1416]  eta: 0:22:30  lr: 0.000124  min_lr: 0.000124  loss: 0.2701 (0.2685)  reconst_loss: 0.0069 (0.0055)  code_loss: 0.2636 (0.2631)  weight_decay: 0.0500 (0.0500)  grad_norm: 4.5695 (2.6518)  time: 0.8656  data: 0.0006  max mem: 35168
Epoch: [2]  [ 110/1416]  eta: 0:22:01  lr: 0.000125  min_lr: 0.000125  loss: 0.2473 (0.2661)  reconst_loss: 0.0062 (0.0055)  code_loss: 0.2396 (0.2606)  weight_decay: 0.0500 (0.0500)  grad_norm: 1.9317 (2.5211)  time: 0.8698  data: 0.0010  max mem: 35168
Epoch: [2]  [ 120/1416]  eta: 0:21:35  lr: 0.000125  min_lr: 0.000125  loss: 0.2370 (0.2636)  reconst_loss: 0.0049 (0.0055)  code_loss: 0.2323 (0.2581)  weight_decay: 0.0500 (0.0500)  grad_norm: 0.4732 (2.3340)  time: 0.8644  data: 0.0010  max mem: 35168
Epoch: [2]  [ 130/1416]  eta: 0:21:12  lr: 0.000126  min_lr: 0.000126  loss: 0.2336 (0.2612)  reconst_loss: 0.0043 (0.0054)  code_loss: 0.2288 (0.2558)  weight_decay: 0.0500 (0.0500)  grad_norm: 0.1074 (2.1615)  time: 0.8617  data: 0.0006  max mem: 35168
Epoch: [2]  [ 140/1416]  eta: 0:20:50  lr: 0.000126  min_lr: 0.000126  loss: 0.2306 (0.2590)  reconst_loss: 0.0038 (0.0053)  code_loss: 0.2268 (0.2537)  weight_decay: 0.0500 (0.0500)  grad_norm: 0.0823 (2.0190)  time: 0.8651  data: 0.0006  max mem: 35168
Epoch: [2]  [ 150/1416]  eta: 0:20:31  lr: 0.000126  min_lr: 0.000126  loss: 0.2295 (0.2570)  reconst_loss: 0.0037 (0.0051)  code_loss: 0.2257 (0.2518)  weight_decay: 0.0500 (0.0500)  grad_norm: 0.1633 (1.8979)  time: 0.8635  data: 0.0007  max mem: 35168
Epoch: [2]  [ 160/1416]  eta: 0:20:13  lr: 0.000127  min_lr: 0.000127  loss: 0.2288 (0.2552)  reconst_loss: 0.0035 (0.0051)  code_loss: 0.2253 (0.2502)  weight_decay: 0.0500 (0.0500)  grad_norm: 0.2004 (1.7950)  time: 0.8637  data: 0.0006  max mem: 35168
Epoch: [2]  [ 170/1416]  eta: 0:19:55  lr: 0.000127  min_lr: 0.000127  loss: 0.2283 (0.2536)  reconst_loss: 0.0035 (0.0050)  code_loss: 0.2247 (0.2487)  weight_decay: 0.0500 (0.0500)  grad_norm: 0.2619 (1.7082)  time: 0.8639  data: 0.0007  max mem: 35168
Epoch: [2]  [ 180/1416]  eta: 0:19:40  lr: 0.000128  min_lr: 0.000128  loss: 0.2280 (0.2523)  reconst_loss: 0.0035 (0.0049)  code_loss: 0.2247 (0.2474)  weight_decay: 0.0500 (0.0500)  grad_norm: 0.4529 (1.6629)  time: 0.8658  data: 0.0007  max mem: 35168
Epoch: [2]  [ 190/1416]  eta: 0:19:24  lr: 0.000128  min_lr: 0.000128  loss: 0.2311 (0.2528)  reconst_loss: 0.0038 (0.0050)  code_loss: 0.2273 (0.2478)  weight_decay: 0.0500 (0.0500)  grad_norm: 1.9209 (1.8633)  time: 0.8657  data: 0.0005  max mem: 35168
Epoch: [2]  [ 200/1416]  eta: 0:19:10  lr: 0.000128  min_lr: 0.000128  loss: 0.2545 (0.2527)  reconst_loss: 0.0060 (0.0050)  code_loss: 0.2482 (0.2476)  weight_decay: 0.0500 (0.0500)  grad_norm: 4.8150 (1.9851)  time: 0.8645  data: 0.0005  max mem: 35168
Epoch: [2]  [ 210/1416]  eta: 0:18:56  lr: 0.000129  min_lr: 0.000129  loss: 0.2449 (0.2521)  reconst_loss: 0.0053 (0.0050)  code_loss: 0.2391 (0.2471)  weight_decay: 0.0500 (0.0500)  grad_norm: 3.7090 (2.0379)  time: 0.8684  data: 0.0008  max mem: 35168
Epoch: [2]  [ 220/1416]  eta: 0:18:42  lr: 0.000129  min_lr: 0.000129  loss: 0.2406 (0.2515)  reconst_loss: 0.0049 (0.0050)  code_loss: 0.2359 (0.2465)  weight_decay: 0.0500 (0.0500)  grad_norm: 2.1866 (2.0261)  time: 0.8688  data: 0.0008  max mem: 35168
Epoch: [2]  [ 230/1416]  eta: 0:18:29  lr: 0.000130  min_lr: 0.000130  loss: 0.2409 (0.2511)  reconst_loss: 0.0042 (0.0050)  code_loss: 0.2366 (0.2461)  weight_decay: 0.0500 (0.0500)  grad_norm: 1.4951 (1.9899)  time: 0.8630  data: 0.0008  max mem: 35168
Epoch: [2]  [ 240/1416]  eta: 0:18:16  lr: 0.000130  min_lr: 0.000130  loss: 0.2413 (0.2507)  reconst_loss: 0.0038 (0.0049)  code_loss: 0.2374 (0.2458)  weight_decay: 0.0500 (0.0500)  grad_norm: 0.8984 (1.9353)  time: 0.8598  data: 0.0008  max mem: 35168
Epoch: [2]  [ 250/1416]  eta: 0:18:03  lr: 0.000131  min_lr: 0.000131  loss: 0.2412 (0.2503)  reconst_loss: 0.0034 (0.0048)  code_loss: 0.2378 (0.2455)  weight_decay: 0.0500 (0.0500)  grad_norm: 0.3804 (1.8669)  time: 0.8629  data: 0.0009  max mem: 35168
Epoch: [2]  [ 260/1416]  eta: 0:17:51  lr: 0.000131  min_lr: 0.000131  loss: 0.2424 (0.2501)  reconst_loss: 0.0031 (0.0048)  code_loss: 0.2395 (0.2453)  weight_decay: 0.0500 (0.0500)  grad_norm: 0.1108 (1.7993)  time: 0.8645  data: 0.0009  max mem: 35168
Epoch: [2]  [ 270/1416]  eta: 0:17:39  lr: 0.000131  min_lr: 0.000131  loss: 0.2464 (0.2501)  reconst_loss: 0.0031 (0.0047)  code_loss: 0.2435 (0.2453)  weight_decay: 0.0500 (0.0500)  grad_norm: 0.2037 (1.7479)  time: 0.8619  data: 0.0008  max mem: 35168
Epoch: [2]  [ 280/1416]  eta: 0:17:27  lr: 0.000132  min_lr: 0.000132  loss: 0.2503 (0.2501)  reconst_loss: 0.0032 (0.0047)  code_loss: 0.2472 (0.2455)  weight_decay: 0.0500 (0.0500)  grad_norm: 0.4308 (1.7018)  time: 0.8623  data: 0.0007  max mem: 35168
Epoch: [2]  [ 290/1416]  eta: 0:17:16  lr: 0.000132  min_lr: 0.000132  loss: 0.2536 (0.2503)  reconst_loss: 0.0031 (0.0046)  code_loss: 0.2504 (0.2457)  weight_decay: 0.0500 (0.0500)  grad_norm: 0.5065 (1.6674)  time: 0.8621  data: 0.0007  max mem: 35168
Epoch: [2]  [ 300/1416]  eta: 0:17:05  lr: 0.000133  min_lr: 0.000133  loss: 0.2582 (0.2506)  reconst_loss: 0.0033 (0.0046)  code_loss: 0.2539 (0.2461)  weight_decay: 0.0500 (0.0500)  grad_norm: 0.8242 (1.6745)  time: 0.8627  data: 0.0006  max mem: 35168
Epoch: [2]  [ 310/1416]  eta: 0:16:53  lr: 0.000133  min_lr: 0.000133  loss: 0.2603 (0.2510)  reconst_loss: 0.0039 (0.0046)  code_loss: 0.2564 (0.2464)  weight_decay: 0.0500 (0.0500)  grad_norm: 2.0387 (1.6933)  time: 0.8650  data: 0.0006  max mem: 35168
Epoch: [2]  [ 320/1416]  eta: 0:16:43  lr: 0.000134  min_lr: 0.000134  loss: 0.2618 (0.2513)  reconst_loss: 0.0040 (0.0046)  code_loss: 0.2579 (0.2468)  weight_decay: 0.0500 (0.0500)  grad_norm: 2.4680 (1.7268)  time: 0.8654  data: 0.0006  max mem: 35168
Epoch: [2]  [ 330/1416]  eta: 0:16:32  lr: 0.000134  min_lr: 0.000134  loss: 0.2631 (0.2517)  reconst_loss: 0.0041 (0.0045)  code_loss: 0.2589 (0.2472)  weight_decay: 0.0500 (0.0500)  grad_norm: 2.3864 (1.7283)  time: 0.8669  data: 0.0008  max mem: 35168
Epoch: [2]  [ 340/1416]  eta: 0:16:21  lr: 0.000134  min_lr: 0.000134  loss: 0.2666 (0.2522)  reconst_loss: 0.0037 (0.0045)  code_loss: 0.2629 (0.2477)  weight_decay: 0.0500 (0.0500)  grad_norm: 1.3431 (1.7110)  time: 0.8652  data: 0.0010  max mem: 35168
Epoch: [2]  [ 350/1416]  eta: 0:16:11  lr: 0.000135  min_lr: 0.000135  loss: 0.2718 (0.2528)  reconst_loss: 0.0033 (0.0045)  code_loss: 0.2685 (0.2484)  weight_decay: 0.0500 (0.0500)  grad_norm: 0.8060 (1.6836)  time: 0.8646  data: 0.0009  max mem: 35168
Epoch: [2]  [ 360/1416]  eta: 0:16:00  lr: 0.000135  min_lr: 0.000135  loss: 0.2748 (0.2535)  reconst_loss: 0.0032 (0.0044)  code_loss: 0.2715 (0.2491)  weight_decay: 0.0500 (0.0500)  grad_norm: 0.6330 (1.6517)  time: 0.8618  data: 0.0006  max mem: 35168
Epoch: [2]  [ 370/1416]  eta: 0:15:50  lr: 0.000136  min_lr: 0.000136  loss: 0.2779 (0.2542)  reconst_loss: 0.0030 (0.0044)  code_loss: 0.2750 (0.2498)  weight_decay: 0.0500 (0.0500)  grad_norm: 0.4353 (1.6180)  time: 0.8618  data: 0.0006  max mem: 35168
Epoch: [2]  [ 380/1416]  eta: 0:15:39  lr: 0.000136  min_lr: 0.000136  loss: 0.2797 (0.2549)  reconst_loss: 0.0029 (0.0044)  code_loss: 0.2767 (0.2505)  weight_decay: 0.0500 (0.0500)  grad_norm: 0.4166 (1.5881)  time: 0.8644  data: 0.0005  max mem: 35168
Epoch: [2]  [ 390/1416]  eta: 0:15:29  lr: 0.000137  min_lr: 0.000137  loss: 0.2811 (0.2561)  reconst_loss: 0.0032 (0.0044)  code_loss: 0.2782 (0.2517)  weight_decay: 0.0500 (0.0500)  grad_norm: 0.7729 (1.6747)  time: 0.8686  data: 0.0005  max mem: 35168
Epoch: [2]  [ 400/1416]  eta: 0:15:19  lr: 0.000137  min_lr: 0.000137  loss: 0.4642 (0.2713)  reconst_loss: 0.0084 (0.0046)  code_loss: 0.4533 (0.2667)  weight_decay: 0.0500 (0.0500)  grad_norm: 14.1937 (2.3356)  time: 0.8690  data: 0.0005  max mem: 35168
Epoch: [2]  [ 410/1416]  eta: 0:15:09  lr: 0.000137  min_lr: 0.000137  loss: 0.4642 (0.2725)  reconst_loss: 0.0097 (0.0047)  code_loss: 0.4533 (0.2678)  weight_decay: 0.0500 (0.0500)  grad_norm: 18.1674 (2.5265)  time: 0.8613  data: 0.0005  max mem: 35168
Epoch: [2]  [ 420/1416]  eta: 0:14:59  lr: 0.000138  min_lr: 0.000138  loss: 0.2398 (0.2715)  reconst_loss: 0.0083 (0.0047)  code_loss: 0.2334 (0.2667)  weight_decay: 0.0500 (0.0500)  grad_norm: 3.6201 (2.5075)  time: 0.8613  data: 0.0006  max mem: 35168
Epoch: [2]  [ 430/1416]  eta: 0:14:49  lr: 0.000138  min_lr: 0.000138  loss: 0.2247 (0.2704)  reconst_loss: 0.0059 (0.0048)  code_loss: 0.2191 (0.2656)  weight_decay: 0.0500 (0.0500)  grad_norm: 0.4137 (2.4559)  time: 0.8616  data: 0.0008  max mem: 35168
Epoch: [2]  [ 440/1416]  eta: 0:14:39  lr: 0.000139  min_lr: 0.000139  loss: 0.2196 (0.2692)  reconst_loss: 0.0044 (0.0048)  code_loss: 0.2155 (0.2644)  weight_decay: 0.0500 (0.0500)  grad_norm: 0.2038 (2.4050)  time: 0.8631  data: 0.0009  max mem: 35168
Epoch: [2]  [ 450/1416]  eta: 0:14:29  lr: 0.000139  min_lr: 0.000139  loss: 0.2170 (0.2680)  reconst_loss: 0.0041 (0.0047)  code_loss: 0.2131 (0.2633)  weight_decay: 0.0500 (0.0500)  grad_norm: 0.2034 (2.3580)  time: 0.8674  data: 0.0009  max mem: 35168
Epoch: [2]  [ 460/1416]  eta: 0:14:20  lr: 0.000140  min_lr: 0.000140  loss: 0.2154 (0.2669)  reconst_loss: 0.0040 (0.0047)  code_loss: 0.2115 (0.2621)  weight_decay: 0.0500 (0.0500)  grad_norm: 0.1897 (2.3106)  time: 0.8683  data: 0.0007  max mem: 35168
Epoch: [2]  [ 470/1416]  eta: 0:14:10  lr: 0.000140  min_lr: 0.000140  loss: 0.2139 (0.2657)  reconst_loss: 0.0036 (0.0047)  code_loss: 0.2101 (0.2610)  weight_decay: 0.0500 (0.0500)  grad_norm: 0.1350 (2.2644)  time: 0.8665  data: 0.0005  max mem: 35168
Epoch: [2]  [ 480/1416]  eta: 0:14:00  lr: 0.000140  min_lr: 0.000140  loss: 0.2122 (0.2646)  reconst_loss: 0.0034 (0.0047)  code_loss: 0.2088 (0.2599)  weight_decay: 0.0500 (0.0500)  grad_norm: 0.1135 (2.2196)  time: 0.8648  data: 0.0006  max mem: 35168
Epoch: [2]  [ 490/1416]  eta: 0:13:51  lr: 0.000141  min_lr: 0.000141  loss: 0.2118 (0.2635)  reconst_loss: 0.0034 (0.0046)  code_loss: 0.2084 (0.2589)  weight_decay: 0.0500 (0.0500)  grad_norm: 0.1359 (2.1815)  time: 0.8631  data: 0.0007  max mem: 35168
Epoch: [2]  [ 500/1416]  eta: 0:13:41  lr: 0.000141  min_lr: 0.000141  loss: 0.2115 (0.2625)  reconst_loss: 0.0032 (0.0046)  code_loss: 0.2083 (0.2579)  weight_decay: 0.0500 (0.0500)  grad_norm: 0.3020 (2.1434)  time: 0.8607  data: 0.0006  max mem: 35168
Epoch: [2]  [ 510/1416]  eta: 0:13:31  lr: 0.000142  min_lr: 0.000142  loss: 0.2115 (0.2615)  reconst_loss: 0.0032 (0.0046)  code_loss: 0.2082 (0.2569)  weight_decay: 0.0500 (0.0500)  grad_norm: 0.2757 (2.1091)  time: 0.8599  data: 0.0005  max mem: 35168
Epoch: [2]  [ 520/1416]  eta: 0:13:22  lr: 0.000142  min_lr: 0.000142  loss: 0.2123 (0.2611)  reconst_loss: 0.0034 (0.0046)  code_loss: 0.2089 (0.2565)  weight_decay: 0.0500 (0.0500)  grad_norm: 0.9798 (2.1690)  time: 0.8604  data: 0.0007  max mem: 35168
Epoch: [2]  [ 530/1416]  eta: 0:13:12  lr: 0.000142  min_lr: 0.000142  loss: 0.2243 (0.2604)  reconst_loss: 0.0049 (0.0046)  code_loss: 0.2181 (0.2558)  weight_decay: 0.0500 (0.0500)  grad_norm: 3.7072 (2.1929)  time: 0.8649  data: 0.0007  max mem: 35168
Epoch: [2]  [ 540/1416]  eta: 0:13:03  lr: 0.000143  min_lr: 0.000143  loss: 0.2150 (0.2595)  reconst_loss: 0.0042 (0.0046)  code_loss: 0.2108 (0.2549)  weight_decay: 0.0500 (0.0500)  grad_norm: 2.1821 (2.1806)  time: 0.8669  data: 0.0007  max mem: 35168
Epoch: [2]  [ 550/1416]  eta: 0:12:54  lr: 0.000143  min_lr: 0.000143  loss: 0.2095 (0.2586)  reconst_loss: 0.0035 (0.0046)  code_loss: 0.2061 (0.2540)  weight_decay: 0.0500 (0.0500)  grad_norm: 0.7103 (2.1481)  time: 0.8679  data: 0.0008  max mem: 35168
Epoch: [2]  [ 560/1416]  eta: 0:12:44  lr: 0.000144  min_lr: 0.000144  loss: 0.2095 (0.2577)  reconst_loss: 0.0033 (0.0045)  code_loss: 0.2064 (0.2532)  weight_decay: 0.0500 (0.0500)  grad_norm: 0.1629 (2.1118)  time: 0.8671  data: 0.0007  max mem: 35168
Epoch: [2]  [ 570/1416]  eta: 0:12:35  lr: 0.000144  min_lr: 0.000144  loss: 0.2113 (0.2569)  reconst_loss: 0.0030 (0.0045)  code_loss: 0.2083 (0.2524)  weight_decay: 0.0500 (0.0500)  grad_norm: 0.1012 (2.0763)  time: 0.8654  data: 0.0005  max mem: 35168
Epoch: [2]  [ 580/1416]  eta: 0:12:26  lr: 0.000145  min_lr: 0.000145  loss: 0.2141 (0.2562)  reconst_loss: 0.0030 (0.0045)  code_loss: 0.2112 (0.2517)  weight_decay: 0.0500 (0.0500)  grad_norm: 0.0781 (2.0423)  time: 0.8681  data: 0.0007  max mem: 35168
Epoch: [2]  [ 590/1416]  eta: 0:12:16  lr: 0.000145  min_lr: 0.000145  loss: 0.2172 (0.2556)  reconst_loss: 0.0030 (0.0045)  code_loss: 0.2142 (0.2511)  weight_decay: 0.0500 (0.0500)  grad_norm: 0.2457 (2.0160)  time: 0.8681  data: 0.0008  max mem: 35168
Epoch: [2]  [ 600/1416]  eta: 0:12:07  lr: 0.000145  min_lr: 0.000145  loss: 0.2204 (0.2550)  reconst_loss: 0.0030 (0.0044)  code_loss: 0.2173 (0.2506)  weight_decay: 0.0500 (0.0500)  grad_norm: 0.3679 (1.9876)  time: 0.8672  data: 0.0009  max mem: 35168
Epoch: [2]  [ 610/1416]  eta: 0:11:58  lr: 0.000146  min_lr: 0.000146  loss: 0.2231 (0.2545)  reconst_loss: 0.0029 (0.0044)  code_loss: 0.2203 (0.2501)  weight_decay: 0.0500 (0.0500)  grad_norm: 0.2650 (1.9585)  time: 0.8670  data: 0.0009  max mem: 35168
Epoch: [2]  [ 620/1416]  eta: 0:11:49  lr: 0.000146  min_lr: 0.000146  loss: 0.2266 (0.2541)  reconst_loss: 0.0027 (0.0044)  code_loss: 0.2239 (0.2498)  weight_decay: 0.0500 (0.0500)  grad_norm: 0.1935 (1.9302)  time: 0.8641  data: 0.0007  max mem: 35168
Epoch: [2]  [ 630/1416]  eta: 0:11:39  lr: 0.000147  min_lr: 0.000147  loss: 0.2326 (0.2540)  reconst_loss: 0.0029 (0.0044)  code_loss: 0.2299 (0.2496)  weight_decay: 0.0500 (0.0500)  grad_norm: 0.3913 (1.9399)  time: 0.8624  data: 0.0006  max mem: 35168
Epoch: [2]  [ 640/1416]  eta: 0:11:30  lr: 0.000147  min_lr: 0.000147  loss: 0.2444 (0.2540)  reconst_loss: 0.0049 (0.0044)  code_loss: 0.2398 (0.2496)  weight_decay: 0.0500 (0.0500)  grad_norm: 3.2056 (1.9777)  time: 0.8619  data: 0.0006  max mem: 35168
Epoch: [2]  [ 650/1416]  eta: 0:11:21  lr: 0.000148  min_lr: 0.000148  loss: 0.2367 (0.2537)  reconst_loss: 0.0050 (0.0044)  code_loss: 0.2316 (0.2493)  weight_decay: 0.0500 (0.0500)  grad_norm: 2.3946 (1.9770)  time: 0.8588  data: 0.0006  max mem: 35168
Epoch: [2]  [ 660/1416]  eta: 0:11:12  lr: 0.000148  min_lr: 0.000148  loss: 0.2325 (0.2533)  reconst_loss: 0.0047 (0.0044)  code_loss: 0.2281 (0.2489)  weight_decay: 0.0500 (0.0500)  grad_norm: 1.3488 (1.9588)  time: 0.8625  data: 0.0006  max mem: 35168
Epoch: [2]  [ 670/1416]  eta: 0:11:03  lr: 0.000148  min_lr: 0.000148  loss: 0.2326 (0.2531)  reconst_loss: 0.0036 (0.0044)  code_loss: 0.2289 (0.2487)  weight_decay: 0.0500 (0.0500)  grad_norm: 0.3764 (1.9333)  time: 0.8679  data: 0.0007  max mem: 35168
Epoch: [2]  [ 680/1416]  eta: 0:10:53  lr: 0.000149  min_lr: 0.000149  loss: 0.2353 (0.2528)  reconst_loss: 0.0032 (0.0044)  code_loss: 0.2319 (0.2485)  weight_decay: 0.0500 (0.0500)  grad_norm: 0.1573 (1.9064)  time: 0.8682  data: 0.0009  max mem: 35168
Epoch: [2]  [ 690/1416]  eta: 0:10:44  lr: 0.000149  min_lr: 0.000149  loss: 0.2392 (0.2527)  reconst_loss: 0.0029 (0.0044)  code_loss: 0.2363 (0.2483)  weight_decay: 0.0500 (0.0500)  grad_norm: 0.0784 (1.8799)  time: 0.8646  data: 0.0008  max mem: 35168
Epoch: [2]  [ 700/1416]  eta: 0:10:35  lr: 0.000150  min_lr: 0.000150  loss: 0.2456 (0.2526)  reconst_loss: 0.0030 (0.0043)  code_loss: 0.2427 (0.2483)  weight_decay: 0.0500 (0.0500)  grad_norm: 0.1307 (1.8605)  time: 0.8606  data: 0.0006  max mem: 35168
Epoch: [2]  [ 710/1416]  eta: 0:10:26  lr: 0.000150  min_lr: 0.000150  loss: 0.2523 (0.2527)  reconst_loss: 0.0031 (0.0043)  code_loss: 0.2489 (0.2483)  weight_decay: 0.0500 (0.0500)  grad_norm: 0.7630 (1.8470)  time: 0.8643  data: 0.0006  max mem: 35168
Epoch: [2]  [ 720/1416]  eta: 0:10:17  lr: 0.000151  min_lr: 0.000151  loss: 0.2569 (0.2528)  reconst_loss: 0.0029 (0.0043)  code_loss: 0.2541 (0.2485)  weight_decay: 0.0500 (0.0500)  grad_norm: 0.8652 (1.8336)  time: 0.8682  data: 0.0005  max mem: 35168
Epoch: [2]  [ 730/1416]  eta: 0:10:08  lr: 0.000151  min_lr: 0.000151  loss: 0.2621 (0.2529)  reconst_loss: 0.0029 (0.0043)  code_loss: 0.2590 (0.2487)  weight_decay: 0.0500 (0.0500)  grad_norm: 1.0477 (1.8282)  time: 0.8657  data: 0.0005  max mem: 35168
Epoch: [2]  [ 740/1416]  eta: 0:09:59  lr: 0.000151  min_lr: 0.000151  loss: 0.2652 (0.2531)  reconst_loss: 0.0031 (0.0043)  code_loss: 0.2623 (0.2489)  weight_decay: 0.0500 (0.0500)  grad_norm: 1.3589 (1.8232)  time: 0.8672  data: 0.0005  max mem: 35168
Epoch: [2]  [ 750/1416]  eta: 0:09:50  lr: 0.000152  min_lr: 0.000152  loss: 0.2692 (0.2534)  reconst_loss: 0.0031 (0.0043)  code_loss: 0.2658 (0.2491)  weight_decay: 0.0500 (0.0500)  grad_norm: 1.5005 (1.8201)  time: 0.8686  data: 0.0005  max mem: 35168
Epoch: [2]  [ 760/1416]  eta: 0:09:41  lr: 0.000152  min_lr: 0.000152  loss: 0.2764 (0.2538)  reconst_loss: 0.0031 (0.0042)  code_loss: 0.2734 (0.2495)  weight_decay: 0.0500 (0.0500)  grad_norm: 1.2930 (1.8099)  time: 0.8652  data: 0.0004  max mem: 35168
Epoch: [2]  [ 770/1416]  eta: 0:09:32  lr: 0.000153  min_lr: 0.000153  loss: 0.2839 (0.2542)  reconst_loss: 0.0030 (0.0042)  code_loss: 0.2808 (0.2499)  weight_decay: 0.0500 (0.0500)  grad_norm: 0.9391 (1.7974)  time: 0.8646  data: 0.0004  max mem: 35168
Epoch: [2]  [ 780/1416]  eta: 0:09:23  lr: 0.000153  min_lr: 0.000153  loss: 0.2858 (0.2546)  reconst_loss: 0.0029 (0.0042)  code_loss: 0.2830 (0.2504)  weight_decay: 0.0500 (0.0500)  grad_norm: 0.7593 (1.7823)  time: 0.8656  data: 0.0004  max mem: 35168
Epoch: [2]  [ 790/1416]  eta: 0:09:14  lr: 0.000153  min_lr: 0.000153  loss: 0.2898 (0.2551)  reconst_loss: 0.0027 (0.0042)  code_loss: 0.2871 (0.2509)  weight_decay: 0.0500 (0.0500)  grad_norm: 0.4468 (1.7649)  time: 0.8679  data: 0.0004  max mem: 35168
Epoch: [2]  [ 800/1416]  eta: 0:09:05  lr: 0.000154  min_lr: 0.000154  loss: 0.2911 (0.2555)  reconst_loss: 0.0028 (0.0042)  code_loss: 0.2884 (0.2513)  weight_decay: 0.0500 (0.0500)  grad_norm: 0.4468 (1.7541)  time: 0.8664  data: 0.0004  max mem: 35168
Epoch: [2]  [ 810/1416]  eta: 0:08:56  lr: 0.000154  min_lr: 0.000154  loss: 0.2923 (0.2560)  reconst_loss: 0.0029 (0.0042)  code_loss: 0.2893 (0.2519)  weight_decay: 0.0500 (0.0500)  grad_norm: 0.9042 (1.7438)  time: 0.8625  data: 0.0006  max mem: 35168
Epoch: [2]  [ 820/1416]  eta: 0:08:47  lr: 0.000155  min_lr: 0.000155  loss: 0.2920 (0.2564)  reconst_loss: 0.0029 (0.0041)  code_loss: 0.2893 (0.2523)  weight_decay: 0.0500 (0.0500)  grad_norm: 1.1133 (1.7401)  time: 0.8661  data: 0.0007  max mem: 35168
Epoch: [2]  [ 830/1416]  eta: 0:08:38  lr: 0.000155  min_lr: 0.000155  loss: 0.2888 (0.2568)  reconst_loss: 0.0029 (0.0041)  code_loss: 0.2856 (0.2527)  weight_decay: 0.0500 (0.0500)  grad_norm: 1.4775 (1.7403)  time: 0.8711  data: 0.0007  max mem: 35168
Epoch: [2]  [ 840/1416]  eta: 0:08:29  lr: 0.000156  min_lr: 0.000156  loss: 0.2929 (0.2572)  reconst_loss: 0.0031 (0.0041)  code_loss: 0.2897 (0.2531)  weight_decay: 0.0500 (0.0500)  grad_norm: 1.7119 (1.7485)  time: 0.8686  data: 0.0006  max mem: 35168
Epoch: [2]  [ 850/1416]  eta: 0:08:20  lr: 0.000156  min_lr: 0.000156  loss: 0.3044 (0.2661)  reconst_loss: 0.0061 (0.0043)  code_loss: 0.3015 (0.2618)  weight_decay: 0.0500 (0.0500)  grad_norm: 4.8472 (2.0790)  time: 0.8640  data: 0.0006  max mem: 35168
Epoch: [2]  [ 860/1416]  eta: 0:08:11  lr: 0.000156  min_lr: 0.000156  loss: 0.5025 (0.2675)  reconst_loss: 0.0129 (0.0044)  code_loss: 0.4896 (0.2631)  weight_decay: 0.0500 (0.0500)  grad_norm: 18.0951 (2.1938)  time: 0.8622  data: 0.0006  max mem: 35168
Epoch: [2]  [ 870/1416]  eta: 0:08:02  lr: 0.000157  min_lr: 0.000157  loss: 0.2429 (0.2669)  reconst_loss: 0.0101 (0.0045)  code_loss: 0.2327 (0.2624)  weight_decay: 0.0500 (0.0500)  grad_norm: 3.6056 (2.1898)  time: 0.8599  data: 0.0004  max mem: 35168
Epoch: [2]  [ 880/1416]  eta: 0:07:53  lr: 0.000157  min_lr: 0.000157  loss: 0.1953 (0.2661)  reconst_loss: 0.0068 (0.0045)  code_loss: 0.1889 (0.2616)  weight_decay: 0.0500 (0.0500)  grad_norm: 0.5156 (2.1702)  time: 0.8576  data: 0.0003  max mem: 35168
Epoch: [2]  [ 890/1416]  eta: 0:07:44  lr: 0.000158  min_lr: 0.000158  loss: 0.1921 (0.2652)  reconst_loss: 0.0055 (0.0045)  code_loss: 0.1866 (0.2607)  weight_decay: 0.0500 (0.0500)  grad_norm: 0.4797 (2.1517)  time: 0.8619  data: 0.0004  max mem: 35168
Epoch: [2]  [ 900/1416]  eta: 0:07:35  lr: 0.000158  min_lr: 0.000158  loss: 0.1903 (0.2644)  reconst_loss: 0.0047 (0.0045)  code_loss: 0.1854 (0.2599)  weight_decay: 0.0500 (0.0500)  grad_norm: 0.4967 (2.1344)  time: 0.8678  data: 0.0005  max mem: 35168
Epoch: [2]  [ 910/1416]  eta: 0:07:26  lr: 0.000159  min_lr: 0.000159  loss: 0.1894 (0.2636)  reconst_loss: 0.0043 (0.0045)  code_loss: 0.1850 (0.2591)  weight_decay: 0.0500 (0.0500)  grad_norm: 0.4620 (2.1168)  time: 0.8677  data: 0.0008  max mem: 35168
Epoch: [2]  [ 920/1416]  eta: 0:07:17  lr: 0.000159  min_lr: 0.000159  loss: 0.1889 (0.2628)  reconst_loss: 0.0040 (0.0045)  code_loss: 0.1849 (0.2583)  weight_decay: 0.0500 (0.0500)  grad_norm: 0.4467 (2.0983)  time: 0.8647  data: 0.0006  max mem: 35168
Epoch: [2]  [ 930/1416]  eta: 0:07:08  lr: 0.000159  min_lr: 0.000159  loss: 0.1890 (0.2620)  reconst_loss: 0.0035 (0.0045)  code_loss: 0.1852 (0.2575)  weight_decay: 0.0500 (0.0500)  grad_norm: 0.3919 (2.0803)  time: 0.8646  data: 0.0004  max mem: 35168
Epoch: [2]  [ 940/1416]  eta: 0:06:59  lr: 0.000160  min_lr: 0.000160  loss: 0.1904 (0.2612)  reconst_loss: 0.0034 (0.0045)  code_loss: 0.1867 (0.2568)  weight_decay: 0.0500 (0.0500)  grad_norm: 0.3525 (2.0629)  time: 0.8658  data: 0.0005  max mem: 35168
Epoch: [2]  [ 950/1416]  eta: 0:06:50  lr: 0.000160  min_lr: 0.000160  loss: 0.1915 (0.2605)  reconst_loss: 0.0034 (0.0044)  code_loss: 0.1884 (0.2561)  weight_decay: 0.0500 (0.0500)  grad_norm: 0.3890 (2.0460)  time: 0.8625  data: 0.0006  max mem: 35168
Epoch: [2]  [ 960/1416]  eta: 0:06:41  lr: 0.000161  min_lr: 0.000161  loss: 0.1932 (0.2598)  reconst_loss: 0.0032 (0.0044)  code_loss: 0.1899 (0.2554)  weight_decay: 0.0500 (0.0500)  grad_norm: 0.4157 (2.0287)  time: 0.8590  data: 0.0006  max mem: 35168
Epoch: [2]  [ 970/1416]  eta: 0:06:33  lr: 0.000161  min_lr: 0.000161  loss: 0.1944 (0.2602)  reconst_loss: 0.0033 (0.0045)  code_loss: 0.1913 (0.2557)  weight_decay: 0.0500 (0.0500)  grad_norm: 0.4524 (2.0865)  time: 0.8599  data: 0.0004  max mem: 35168
Epoch: [2]  [ 980/1416]  eta: 0:06:24  lr: 0.000162  min_lr: 0.000162  loss: 0.2425 (0.2604)  reconst_loss: 0.0130 (0.0046)  code_loss: 0.2241 (0.2558)  weight_decay: 0.0500 (0.0500)  grad_norm: 6.3637 (2.1471)  time: 0.8627  data: 0.0005  max mem: 35168
Epoch: [2]  [ 990/1416]  eta: 0:06:15  lr: 0.000162  min_lr: 0.000162  loss: 0.2331 (0.2599)  reconst_loss: 0.0106 (0.0047)  code_loss: 0.2185 (0.2553)  weight_decay: 0.0500 (0.0500)  grad_norm: 4.7990 (2.1570)  time: 0.8653  data: 0.0005  max mem: 35168
Epoch: [2]  [1000/1416]  eta: 0:06:06  lr: 0.000162  min_lr: 0.000162  loss: 0.1924 (0.2592)  reconst_loss: 0.0078 (0.0047)  code_loss: 0.1850 (0.2546)  weight_decay: 0.0500 (0.0500)  grad_norm: 0.6991 (2.1384)  time: 0.8625  data: 0.0006  max mem: 35168
Epoch: [2]  [1010/1416]  eta: 0:05:57  lr: 0.000163  min_lr: 0.000163  loss: 0.1869 (0.2585)  reconst_loss: 0.0061 (0.0047)  code_loss: 0.1804 (0.2538)  weight_decay: 0.0500 (0.0500)  grad_norm: 0.1185 (2.1181)  time: 0.8619  data: 0.0005  max mem: 35168
Epoch: [2]  [1020/1416]  eta: 0:05:48  lr: 0.000163  min_lr: 0.000163  loss: 0.1834 (0.2578)  reconst_loss: 0.0051 (0.0047)  code_loss: 0.1780 (0.2531)  weight_decay: 0.0500 (0.0500)  grad_norm: 0.0690 (2.0979)  time: 0.8661  data: 0.0004  max mem: 35168
Epoch: [2]  [1030/1416]  eta: 0:05:39  lr: 0.000164  min_lr: 0.000164  loss: 0.1812 (0.2570)  reconst_loss: 0.0046 (0.0047)  code_loss: 0.1764 (0.2523)  weight_decay: 0.0500 (0.0500)  grad_norm: 0.0621 (2.0782)  time: 0.8668  data: 0.0006  max mem: 35168
Epoch: [2]  [1040/1416]  eta: 0:05:30  lr: 0.000164  min_lr: 0.000164  loss: 0.1798 (0.2563)  reconst_loss: 0.0042 (0.0047)  code_loss: 0.1754 (0.2516)  weight_decay: 0.0500 (0.0500)  grad_norm: 0.0643 (2.0589)  time: 0.8644  data: 0.0006  max mem: 35168
Epoch: [2]  [1050/1416]  eta: 0:05:22  lr: 0.000165  min_lr: 0.000165  loss: 0.1789 (0.2555)  reconst_loss: 0.0040 (0.0047)  code_loss: 0.1750 (0.2508)  weight_decay: 0.0500 (0.0500)  grad_norm: 0.0797 (2.0416)  time: 0.8660  data: 0.0004  max mem: 35168
Epoch: [2]  [1060/1416]  eta: 0:05:13  lr: 0.000165  min_lr: 0.000165  loss: 0.1789 (0.2548)  reconst_loss: 0.0039 (0.0047)  code_loss: 0.1750 (0.2501)  weight_decay: 0.0500 (0.0500)  grad_norm: 0.2699 (2.0250)  time: 0.8677  data: 0.0005  max mem: 35168
Epoch: [2]  [1070/1416]  eta: 0:05:04  lr: 0.000165  min_lr: 0.000165  loss: 0.1795 (0.2541)  reconst_loss: 0.0036 (0.0047)  code_loss: 0.1754 (0.2494)  weight_decay: 0.0500 (0.0500)  grad_norm: 0.2260 (2.0080)  time: 0.8668  data: 0.0005  max mem: 35168
Epoch: [2]  [1080/1416]  eta: 0:04:55  lr: 0.000166  min_lr: 0.000166  loss: 0.1798 (0.2534)  reconst_loss: 0.0033 (0.0047)  code_loss: 0.1762 (0.2488)  weight_decay: 0.0500 (0.0500)  grad_norm: 0.1902 (1.9910)  time: 0.8666  data: 0.0003  max mem: 35168
Epoch: [2]  [1090/1416]  eta: 0:04:46  lr: 0.000166  min_lr: 0.000166  loss: 0.1808 (0.2528)  reconst_loss: 0.0031 (0.0047)  code_loss: 0.1773 (0.2481)  weight_decay: 0.0500 (0.0500)  grad_norm: 0.1688 (1.9745)  time: 0.8678  data: 0.0003  max mem: 35168
Epoch: [2]  [1100/1416]  eta: 0:04:37  lr: 0.000167  min_lr: 0.000167  loss: 0.1821 (0.2521)  reconst_loss: 0.0032 (0.0046)  code_loss: 0.1789 (0.2475)  weight_decay: 0.0500 (0.0500)  grad_norm: 0.2039 (1.9606)  time: 0.8713  data: 0.0005  max mem: 35168
Epoch: [2]  [1110/1416]  eta: 0:04:29  lr: 0.000167  min_lr: 0.000167  loss: 0.1849 (0.2516)  reconst_loss: 0.0034 (0.0046)  code_loss: 0.1815 (0.2470)  weight_decay: 0.0500 (0.0500)  grad_norm: 0.9002 (1.9656)  time: 0.8688  data: 0.0006  max mem: 35168
Epoch: [2]  [1120/1416]  eta: 0:04:20  lr: 0.000167  min_lr: 0.000167  loss: 0.1924 (0.2511)  reconst_loss: 0.0044 (0.0046)  code_loss: 0.1888 (0.2465)  weight_decay: 0.0500 (0.0500)  grad_norm: 2.7577 (1.9751)  time: 0.8635  data: 0.0005  max mem: 35168
Epoch: [2]  [1130/1416]  eta: 0:04:11  lr: 0.000168  min_lr: 0.000168  loss: 0.1912 (0.2506)  reconst_loss: 0.0044 (0.0046)  code_loss: 0.1865 (0.2459)  weight_decay: 0.0500 (0.0500)  grad_norm: 2.0751 (1.9716)  time: 0.8662  data: 0.0004  max mem: 35168
Epoch: [2]  [1140/1416]  eta: 0:04:02  lr: 0.000168  min_lr: 0.000168  loss: 0.1885 (0.2500)  reconst_loss: 0.0038 (0.0046)  code_loss: 0.1842 (0.2454)  weight_decay: 0.0500 (0.0500)  grad_norm: 0.8781 (1.9593)  time: 0.8652  data: 0.0004  max mem: 35168
Epoch: [2]  [1150/1416]  eta: 0:03:53  lr: 0.000169  min_lr: 0.000169  loss: 0.1876 (0.2495)  reconst_loss: 0.0032 (0.0046)  code_loss: 0.1842 (0.2449)  weight_decay: 0.0500 (0.0500)  grad_norm: 0.3262 (1.9443)  time: 0.8669  data: 0.0005  max mem: 35168
Epoch: [2]  [1160/1416]  eta: 0:03:44  lr: 0.000169  min_lr: 0.000169  loss: 0.1913 (0.2490)  reconst_loss: 0.0029 (0.0046)  code_loss: 0.1882 (0.2444)  weight_decay: 0.0500 (0.0500)  grad_norm: 0.2045 (1.9294)  time: 0.8679  data: 0.0004  max mem: 35168
Epoch: [2]  [1170/1416]  eta: 0:03:36  lr: 0.000170  min_lr: 0.000170  loss: 0.1944 (0.2486)  reconst_loss: 0.0028 (0.0046)  code_loss: 0.1916 (0.2440)  weight_decay: 0.0500 (0.0500)  grad_norm: 0.2238 (1.9152)  time: 0.8662  data: 0.0004  max mem: 35168
Epoch: [2]  [1180/1416]  eta: 0:03:27  lr: 0.000170  min_lr: 0.000170  loss: 0.1986 (0.2482)  reconst_loss: 0.0028 (0.0046)  code_loss: 0.1957 (0.2436)  weight_decay: 0.0500 (0.0500)  grad_norm: 0.3205 (1.9022)  time: 0.8677  data: 0.0005  max mem: 35168
Epoch: [2]  [1190/1416]  eta: 0:03:18  lr: 0.000170  min_lr: 0.000170  loss: 0.2019 (0.2478)  reconst_loss: 0.0026 (0.0046)  code_loss: 0.1994 (0.2432)  weight_decay: 0.0500 (0.0500)  grad_norm: 0.3082 (1.8884)  time: 0.8652  data: 0.0005  max mem: 35168
Epoch: [2]  [1200/1416]  eta: 0:03:09  lr: 0.000171  min_lr: 0.000171  loss: 0.2056 (0.2474)  reconst_loss: 0.0026 (0.0045)  code_loss: 0.2032 (0.2429)  weight_decay: 0.0500 (0.0500)  grad_norm: 0.1960 (1.8741)  time: 0.8603  data: 0.0014  max mem: 35168
Epoch: [2]  [1210/1416]  eta: 0:03:00  lr: 0.000171  min_lr: 0.000171  loss: 0.2095 (0.2472)  reconst_loss: 0.0027 (0.0045)  code_loss: 0.2070 (0.2427)  weight_decay: 0.0500 (0.0500)  grad_norm: 0.1940 (1.8703)  time: 0.8482  data: 0.0013  max mem: 35168
Epoch: [2]  [1220/1416]  eta: 0:02:52  lr: 0.000172  min_lr: 0.000172  loss: 0.2257 (0.2471)  reconst_loss: 0.0038 (0.0045)  code_loss: 0.2218 (0.2426)  weight_decay: 0.0500 (0.0500)  grad_norm: 2.2694 (1.8813)  time: 0.8417  data: 0.0001  max mem: 35168
Epoch: [2]  [1230/1416]  eta: 0:02:43  lr: 0.000172  min_lr: 0.000172  loss: 0.2284 (0.2469)  reconst_loss: 0.0043 (0.0045)  code_loss: 0.2239 (0.2424)  weight_decay: 0.0500 (0.0500)  grad_norm: 2.4856 (1.8867)  time: 0.8438  data: 0.0001  max mem: 35168
Epoch: [2]  [1240/1416]  eta: 0:02:34  lr: 0.000173  min_lr: 0.000173  loss: 0.2244 (0.2468)  reconst_loss: 0.0038 (0.0045)  code_loss: 0.2208 (0.2422)  weight_decay: 0.0500 (0.0500)  grad_norm: 1.7785 (1.8828)  time: 0.8443  data: 0.0001  max mem: 35168
Epoch: [2]  [1250/1416]  eta: 0:02:25  lr: 0.000173  min_lr: 0.000173  loss: 0.2242 (0.2467)  reconst_loss: 0.0036 (0.0045)  code_loss: 0.2209 (0.2421)  weight_decay: 0.0500 (0.0500)  grad_norm: 1.9983 (1.8952)  time: 0.8438  data: 0.0001  max mem: 35168
Epoch: [2]  [1260/1416]  eta: 0:02:16  lr: 0.000173  min_lr: 0.000173  loss: 0.2312 (0.2466)  reconst_loss: 0.0046 (0.0045)  code_loss: 0.2256 (0.2420)  weight_decay: 0.0500 (0.0500)  grad_norm: 3.1513 (1.9097)  time: 0.8444  data: 0.0001  max mem: 35168
Epoch: [2]  [1270/1416]  eta: 0:02:07  lr: 0.000174  min_lr: 0.000174  loss: 0.2207 (0.2463)  reconst_loss: 0.0057 (0.0045)  code_loss: 0.2159 (0.2418)  weight_decay: 0.0500 (0.0500)  grad_norm: 2.3200 (1.9080)  time: 0.8430  data: 0.0001  max mem: 35168
Epoch: [2]  [1280/1416]  eta: 0:01:59  lr: 0.000174  min_lr: 0.000174  loss: 0.2123 (0.2460)  reconst_loss: 0.0047 (0.0045)  code_loss: 0.2069 (0.2415)  weight_decay: 0.0500 (0.0500)  grad_norm: 0.8524 (1.8986)  time: 0.8385  data: 0.0001  max mem: 35168
Epoch: [2]  [1290/1416]  eta: 0:01:50  lr: 0.000175  min_lr: 0.000175  loss: 0.2102 (0.2458)  reconst_loss: 0.0035 (0.0045)  code_loss: 0.2066 (0.2412)  weight_decay: 0.0500 (0.0500)  grad_norm: 0.5241 (1.8876)  time: 0.8372  data: 0.0001  max mem: 35168
Epoch: [2]  [1300/1416]  eta: 0:01:41  lr: 0.000175  min_lr: 0.000175  loss: 0.2103 (0.2455)  reconst_loss: 0.0031 (0.0045)  code_loss: 0.2069 (0.2410)  weight_decay: 0.0500 (0.0500)  grad_norm: 0.3075 (1.8749)  time: 0.8402  data: 0.0002  max mem: 35168
Epoch: [2]  [1310/1416]  eta: 0:01:32  lr: 0.000176  min_lr: 0.000176  loss: 0.2124 (0.2453)  reconst_loss: 0.0029 (0.0045)  code_loss: 0.2089 (0.2408)  weight_decay: 0.0500 (0.0500)  grad_norm: 0.2458 (1.8632)  time: 0.8407  data: 0.0001  max mem: 35168
Epoch: [2]  [1320/1416]  eta: 0:01:23  lr: 0.000176  min_lr: 0.000176  loss: 0.2145 (0.2450)  reconst_loss: 0.0029 (0.0045)  code_loss: 0.2115 (0.2406)  weight_decay: 0.0500 (0.0500)  grad_norm: 0.4159 (1.8580)  time: 0.8388  data: 0.0001  max mem: 35168
Epoch: [2]  [1330/1416]  eta: 0:01:15  lr: 0.000176  min_lr: 0.000176  loss: 0.2195 (0.2449)  reconst_loss: 0.0029 (0.0045)  code_loss: 0.2164 (0.2404)  weight_decay: 0.0500 (0.0500)  grad_norm: 0.9531 (1.8507)  time: 0.8374  data: 0.0002  max mem: 35168
Epoch: [2]  [1340/1416]  eta: 0:01:06  lr: 0.000177  min_lr: 0.000177  loss: 0.2212 (0.2447)  reconst_loss: 0.0028 (0.0045)  code_loss: 0.2185 (0.2402)  weight_decay: 0.0500 (0.0500)  grad_norm: 0.9314 (1.8439)  time: 0.8397  data: 0.0002  max mem: 35168
Epoch: [2]  [1350/1416]  eta: 0:00:57  lr: 0.000177  min_lr: 0.000177  loss: 0.2231 (0.2445)  reconst_loss: 0.0028 (0.0045)  code_loss: 0.2202 (0.2401)  weight_decay: 0.0500 (0.0500)  grad_norm: 0.8070 (1.8361)  time: 0.8401  data: 0.0001  max mem: 35168
Epoch: [2]  [1360/1416]  eta: 0:00:48  lr: 0.000178  min_lr: 0.000178  loss: 0.2251 (0.2444)  reconst_loss: 0.0028 (0.0044)  code_loss: 0.2226 (0.2400)  weight_decay: 0.0500 (0.0500)  grad_norm: 0.5337 (1.8256)  time: 0.8373  data: 0.0001  max mem: 35168
Epoch: [2]  [1370/1416]  eta: 0:00:40  lr: 0.000178  min_lr: 0.000178  loss: 0.2252 (0.2443)  reconst_loss: 0.0025 (0.0044)  code_loss: 0.2227 (0.2398)  weight_decay: 0.0500 (0.0500)  grad_norm: 0.2708 (1.8140)  time: 0.8370  data: 0.0002  max mem: 35168
Epoch: [2]  [1380/1416]  eta: 0:00:31  lr: 0.000178  min_lr: 0.000178  loss: 0.2263 (0.2442)  reconst_loss: 0.0026 (0.0044)  code_loss: 0.2236 (0.2397)  weight_decay: 0.0500 (0.0500)  grad_norm: 0.2525 (1.8041)  time: 0.8387  data: 0.0001  max mem: 35168
Epoch: [2]  [1390/1416]  eta: 0:00:22  lr: 0.000179  min_lr: 0.000179  loss: 0.2295 (0.2441)  reconst_loss: 0.0025 (0.0044)  code_loss: 0.2271 (0.2397)  weight_decay: 0.0500 (0.0500)  grad_norm: 0.4264 (1.7942)  time: 0.8401  data: 0.0001  max mem: 35168
Epoch: [2]  [1400/1416]  eta: 0:00:13  lr: 0.000179  min_lr: 0.000179  loss: 0.2335 (0.2440)  reconst_loss: 0.0025 (0.0044)  code_loss: 0.2310 (0.2396)  weight_decay: 0.0500 (0.0500)  grad_norm: 0.4258 (1.7845)  time: 0.8391  data: 0.0001  max mem: 35168
Epoch: [2]  [1410/1416]  eta: 0:00:05  lr: 0.000180  min_lr: 0.000180  loss: 0.2379 (0.2440)  reconst_loss: 0.0026 (0.0044)  code_loss: 0.2353 (0.2396)  weight_decay: 0.0500 (0.0500)  grad_norm: 0.5334 (1.7827)  time: 0.8379  data: 0.0002  max mem: 35168
Epoch: [2]  [1415/1416]  eta: 0:00:00  lr: 0.000180  min_lr: 0.000180  loss: 0.2394 (0.2440)  reconst_loss: 0.0028 (0.0044)  code_loss: 0.2370 (0.2396)  weight_decay: 0.0500 (0.0500)  grad_norm: 1.1277 (1.7908)  time: 0.8359  data: 0.0002  max mem: 35168
Epoch: [2] Total time: 0:20:36 (0.8736 s / it)
Averaged stats: lr: 0.000180  min_lr: 0.000180  loss: 0.2394 (0.2440)  reconst_loss: 0.0028 (0.0044)  code_loss: 0.2370 (0.2396)  weight_decay: 0.0500 (0.0500)  grad_norm: 1.1277 (1.7908)
Epoch: [3]  [   0/1416]  eta: 7:00:44  lr: 0.000180  min_lr: 0.000180  loss: 0.3248 (0.3248)  reconst_loss: 0.0067 (0.0067)  code_loss: 0.3181 (0.3181)  weight_decay: 0.0500 (0.0500)  grad_norm: 8.6479 (8.6479)  time: 17.8278  data: 16.6424  max mem: 35168
Epoch: [3]  [  10/1416]  eta: 0:57:19  lr: 0.000180  min_lr: 0.000180  loss: 0.9884 (0.9080)  reconst_loss: 0.0094 (0.0135)  code_loss: 0.9709 (0.8945)  weight_decay: 0.0500 (0.0500)  grad_norm: 32.3164 (27.7913)  time: 2.4460  data: 1.5132  max mem: 35168
Epoch: [3]  [  20/1416]  eta: 0:39:25  lr: 0.000181  min_lr: 0.000181  loss: 0.4160 (0.6233)  reconst_loss: 0.0095 (0.0120)  code_loss: 0.4071 (0.6113)  weight_decay: 0.0500 (0.0500)  grad_norm: 17.7354 (19.6908)  time: 0.8877  data: 0.0003  max mem: 35168
Epoch: [3]  [  30/1416]  eta: 0:32:58  lr: 0.000181  min_lr: 0.000181  loss: 0.2011 (0.4852)  reconst_loss: 0.0070 (0.0102)  code_loss: 0.1941 (0.4750)  weight_decay: 0.0500 (0.0500)  grad_norm: 2.2929 (13.6846)  time: 0.8669  data: 0.0003  max mem: 35168
Epoch: [3]  [  40/1416]  eta: 0:29:37  lr: 0.000182  min_lr: 0.000182  loss: 0.1906 (0.4128)  reconst_loss: 0.0059 (0.0090)  code_loss: 0.1846 (0.4038)  weight_decay: 0.0500 (0.0500)  grad_norm: 0.5313 (10.4432)  time: 0.8691  data: 0.0002  max mem: 35168
Epoch: [3]  [  50/1416]  eta: 0:27:29  lr: 0.000182  min_lr: 0.000182  loss: 0.1854 (0.3680)  reconst_loss: 0.0048 (0.0081)  code_loss: 0.1809 (0.3599)  weight_decay: 0.0500 (0.0500)  grad_norm: 0.2885 (8.4450)  time: 0.8679  data: 0.0003  max mem: 35168
Epoch: [3]  [  60/1416]  eta: 0:26:03  lr: 0.000183  min_lr: 0.000183  loss: 0.1827 (0.3374)  reconst_loss: 0.0042 (0.0074)  code_loss: 0.1787 (0.3300)  weight_decay: 0.0500 (0.0500)  grad_norm: 0.2397 (7.1254)  time: 0.8693  data: 0.0004  max mem: 35168
Epoch: [3]  [  70/1416]  eta: 0:24:57  lr: 0.000183  min_lr: 0.000183  loss: 0.1805 (0.3152)  reconst_loss: 0.0038 (0.0069)  code_loss: 0.1770 (0.3083)  weight_decay: 0.0500 (0.0500)  grad_norm: 0.3721 (6.1970)  time: 0.8705  data: 0.0003  max mem: 35168
Epoch: [3]  [  80/1416]  eta: 0:24:06  lr: 0.000183  min_lr: 0.000183  loss: 0.1782 (0.2982)  reconst_loss: 0.0036 (0.0065)  code_loss: 0.1746 (0.2917)  weight_decay: 0.0500 (0.0500)  grad_norm: 0.2926 (5.4642)  time: 0.8672  data: 0.0003  max mem: 35168
Epoch: [3]  [  90/1416]  eta: 0:23:24  lr: 0.000184  min_lr: 0.000184  loss: 0.1770 (0.2849)  reconst_loss: 0.0034 (0.0061)  code_loss: 0.1736 (0.2787)  weight_decay: 0.0500 (0.0500)  grad_norm: 0.2417 (4.8886)  time: 0.8680  data: 0.0003  max mem: 35168
Epoch: [3]  [ 100/1416]  eta: 0:22:48  lr: 0.000184  min_lr: 0.000184  loss: 0.1761 (0.2741)  reconst_loss: 0.0033 (0.0058)  code_loss: 0.1730 (0.2682)  weight_decay: 0.0500 (0.0500)  grad_norm: 0.1923 (4.4223)  time: 0.8687  data: 0.0002  max mem: 35168
Epoch: [3]  [ 110/1416]  eta: 0:22:17  lr: 0.000185  min_lr: 0.000185  loss: 0.1758 (0.2654)  reconst_loss: 0.0030 (0.0056)  code_loss: 0.1727 (0.2597)  weight_decay: 0.0500 (0.0500)  grad_norm: 0.2240 (4.1092)  time: 0.8646  data: 0.0003  max mem: 35168
Epoch: [3]  [ 120/1416]  eta: 0:21:49  lr: 0.000185  min_lr: 0.000185  loss: 0.1845 (0.2621)  reconst_loss: 0.0059 (0.0058)  code_loss: 0.1758 (0.2562)  weight_decay: 0.0500 (0.0500)  grad_norm: 2.2139 (4.3482)  time: 0.8616  data: 0.0002  max mem: 35168
Epoch: [3]  [ 130/1416]  eta: 0:21:25  lr: 0.000186  min_lr: 0.000186  loss: 0.1858 (0.2555)  reconst_loss: 0.0064 (0.0058)  code_loss: 0.1793 (0.2496)  weight_decay: 0.0500 (0.0500)  grad_norm: 2.9008 (4.1372)  time: 0.8631  data: 0.0004  max mem: 35168
Epoch: [3]  [ 140/1416]  eta: 0:21:03  lr: 0.000186  min_lr: 0.000186  loss: 0.1676 (0.2490)  reconst_loss: 0.0054 (0.0058)  code_loss: 0.1622 (0.2432)  weight_decay: 0.0500 (0.0500)  grad_norm: 0.4151 (3.8595)  time: 0.8635  data: 0.0004  max mem: 35168
Epoch: [3]  [ 150/1416]  eta: 0:20:42  lr: 0.000186  min_lr: 0.000186  loss: 0.1616 (0.2431)  reconst_loss: 0.0042 (0.0057)  code_loss: 0.1574 (0.2375)  weight_decay: 0.0500 (0.0500)  grad_norm: 0.1098 (3.6101)  time: 0.8620  data: 0.0003  max mem: 35168
Epoch: [3]  [ 160/1416]  eta: 0:20:23  lr: 0.000187  min_lr: 0.000187  loss: 0.1580 (0.2377)  reconst_loss: 0.0037 (0.0055)  code_loss: 0.1541 (0.2322)  weight_decay: 0.0500 (0.0500)  grad_norm: 0.0966 (3.3940)  time: 0.8624  data: 0.0002  max mem: 35168
Epoch: [3]  [ 170/1416]  eta: 0:20:05  lr: 0.000187  min_lr: 0.000187  loss: 0.1552 (0.2328)  reconst_loss: 0.0033 (0.0054)  code_loss: 0.1516 (0.2274)  weight_decay: 0.0500 (0.0500)  grad_norm: 0.1442 (3.2044)  time: 0.8631  data: 0.0002  max mem: 35168
Epoch: [3]  [ 180/1416]  eta: 0:19:48  lr: 0.000188  min_lr: 0.000188  loss: 0.1528 (0.2284)  reconst_loss: 0.0031 (0.0053)  code_loss: 0.1498 (0.2231)  weight_decay: 0.0500 (0.0500)  grad_norm: 0.1255 (3.0334)  time: 0.8615  data: 0.0002  max mem: 35168
Epoch: [3]  [ 190/1416]  eta: 0:19:32  lr: 0.000188  min_lr: 0.000188  loss: 0.1513 (0.2243)  reconst_loss: 0.0030 (0.0052)  code_loss: 0.1482 (0.2192)  weight_decay: 0.0500 (0.0500)  grad_norm: 0.1229 (2.8808)  time: 0.8636  data: 0.0002  max mem: 35168
Epoch: [3]  [ 200/1416]  eta: 0:19:17  lr: 0.000189  min_lr: 0.000189  loss: 0.1504 (0.2206)  reconst_loss: 0.0029 (0.0050)  code_loss: 0.1475 (0.2156)  weight_decay: 0.0500 (0.0500)  grad_norm: 0.1332 (2.7478)  time: 0.8662  data: 0.0003  max mem: 35168
Epoch: [3]  [ 210/1416]  eta: 0:19:03  lr: 0.000189  min_lr: 0.000189  loss: 0.1504 (0.2173)  reconst_loss: 0.0028 (0.0049)  code_loss: 0.1475 (0.2124)  weight_decay: 0.0500 (0.0500)  grad_norm: 0.1644 (2.6247)  time: 0.8653  data: 0.0003  max mem: 35168
Epoch: [3]  [ 220/1416]  eta: 0:18:49  lr: 0.000189  min_lr: 0.000189  loss: 0.1511 (0.2144)  reconst_loss: 0.0028 (0.0048)  code_loss: 0.1483 (0.2095)  weight_decay: 0.0500 (0.0500)  grad_norm: 0.1754 (2.5192)  time: 0.8651  data: 0.0003  max mem: 35168
Epoch: [3]  [ 230/1416]  eta: 0:18:35  lr: 0.000190  min_lr: 0.000190  loss: 0.1519 (0.2117)  reconst_loss: 0.0027 (0.0047)  code_loss: 0.1492 (0.2069)  weight_decay: 0.0500 (0.0500)  grad_norm: 0.3061 (2.4242)  time: 0.8649  data: 0.0004  max mem: 35168
Epoch: [3]  [ 240/1416]  eta: 0:18:22  lr: 0.000190  min_lr: 0.000190  loss: 0.1530 (0.2093)  reconst_loss: 0.0027 (0.0047)  code_loss: 0.1504 (0.2046)  weight_decay: 0.0500 (0.0500)  grad_norm: 0.3169 (2.3395)  time: 0.8627  data: 0.0005  max mem: 35168
Epoch: [3]  [ 250/1416]  eta: 0:18:09  lr: 0.000191  min_lr: 0.000191  loss: 0.1554 (0.2076)  reconst_loss: 0.0032 (0.0047)  code_loss: 0.1525 (0.2030)  weight_decay: 0.0500 (0.0500)  grad_norm: 0.7624 (2.3723)  time: 0.8637  data: 0.0005  max mem: 35168
Epoch: [3]  [ 260/1416]  eta: 0:17:57  lr: 0.000191  min_lr: 0.000191  loss: 0.1668 (0.2060)  reconst_loss: 0.0056 (0.0047)  code_loss: 0.1611 (0.2013)  weight_decay: 0.0500 (0.0500)  grad_norm: 2.4984 (2.3745)  time: 0.8620  data: 0.0005  max mem: 35168
Epoch: [3]  [ 270/1416]  eta: 0:17:44  lr: 0.000191  min_lr: 0.000191  loss: 0.1589 (0.2041)  reconst_loss: 0.0051 (0.0047)  code_loss: 0.1537 (0.1994)  weight_decay: 0.0500 (0.0500)  grad_norm: 1.6166 (2.3273)  time: 0.8621  data: 0.0005  max mem: 35168
Epoch: [3]  [ 280/1416]  eta: 0:17:33  lr: 0.000192  min_lr: 0.000192  loss: 0.1525 (0.2022)  reconst_loss: 0.0039 (0.0047)  code_loss: 0.1487 (0.1975)  weight_decay: 0.0500 (0.0500)  grad_norm: 0.8255 (2.2670)  time: 0.8673  data: 0.0003  max mem: 35168
Epoch: [3]  [ 290/1416]  eta: 0:17:21  lr: 0.000192  min_lr: 0.000192  loss: 0.1500 (0.2004)  reconst_loss: 0.0032 (0.0046)  code_loss: 0.1466 (0.1958)  weight_decay: 0.0500 (0.0500)  grad_norm: 0.4260 (2.1985)  time: 0.8681  data: 0.0004  max mem: 35168
Epoch: [3]  [ 300/1416]  eta: 0:17:09  lr: 0.000193  min_lr: 0.000193  loss: 0.1495 (0.1987)  reconst_loss: 0.0028 (0.0046)  code_loss: 0.1466 (0.1942)  weight_decay: 0.0500 (0.0500)  grad_norm: 0.1764 (2.1303)  time: 0.8620  data: 0.0005  max mem: 35168
Epoch: [3]  [ 310/1416]  eta: 0:16:58  lr: 0.000193  min_lr: 0.000193  loss: 0.1499 (0.1972)  reconst_loss: 0.0028 (0.0045)  code_loss: 0.1473 (0.1926)  weight_decay: 0.0500 (0.0500)  grad_norm: 0.1211 (2.0659)  time: 0.8623  data: 0.0005  max mem: 35168
Epoch: [3]  [ 320/1416]  eta: 0:16:47  lr: 0.000194  min_lr: 0.000194  loss: 0.1505 (0.1957)  reconst_loss: 0.0027 (0.0045)  code_loss: 0.1477 (0.1913)  weight_decay: 0.0500 (0.0500)  grad_norm: 0.1389 (2.0109)  time: 0.8651  data: 0.0007  max mem: 35168
Epoch: [3]  [ 330/1416]  eta: 0:16:36  lr: 0.000194  min_lr: 0.000194  loss: 0.1511 (0.1944)  reconst_loss: 0.0026 (0.0044)  code_loss: 0.1485 (0.1900)  weight_decay: 0.0500 (0.0500)  grad_norm: 0.3840 (1.9623)  time: 0.8631  data: 0.0007  max mem: 35168
Epoch: [3]  [ 340/1416]  eta: 0:16:25  lr: 0.000194  min_lr: 0.000194  loss: 0.1512 (0.1931)  reconst_loss: 0.0026 (0.0043)  code_loss: 0.1486 (0.1888)  weight_decay: 0.0500 (0.0500)  grad_norm: 0.3840 (1.9161)  time: 0.8635  data: 0.0004  max mem: 35168
Epoch: [3]  [ 350/1416]  eta: 0:16:14  lr: 0.000195  min_lr: 0.000195  loss: 0.1514 (0.1920)  reconst_loss: 0.0026 (0.0043)  code_loss: 0.1488 (0.1877)  weight_decay: 0.0500 (0.0500)  grad_norm: 0.4890 (1.8910)  time: 0.8605  data: 0.0004  max mem: 35168
Epoch: [3]  [ 360/1416]  eta: 0:16:03  lr: 0.000195  min_lr: 0.000195  loss: 0.1569 (0.1913)  reconst_loss: 0.0031 (0.0043)  code_loss: 0.1541 (0.1870)  weight_decay: 0.0500 (0.0500)  grad_norm: 2.1883 (1.9290)  time: 0.8601  data: 0.0004  max mem: 35168
Epoch: [3]  [ 370/1416]  eta: 0:15:53  lr: 0.000196  min_lr: 0.000196  loss: 0.1822 (0.1921)  reconst_loss: 0.0060 (0.0044)  code_loss: 0.1749 (0.1877)  weight_decay: 0.0500 (0.0500)  grad_norm: 4.5422 (2.0577)  time: 0.8617  data: 0.0003  max mem: 35168
Epoch: [3]  [ 380/1416]  eta: 0:15:42  lr: 0.000196  min_lr: 0.000196  loss: 0.2403 (0.1941)  reconst_loss: 0.0083 (0.0045)  code_loss: 0.2324 (0.1896)  weight_decay: 0.0500 (0.0500)  grad_norm: 7.6429 (2.2503)  time: 0.8623  data: 0.0003  max mem: 35168
Epoch: [3]  [ 390/1416]  eta: 0:15:32  lr: 0.000197  min_lr: 0.000197  loss: 0.2096 (0.1938)  reconst_loss: 0.0067 (0.0046)  code_loss: 0.2035 (0.1893)  weight_decay: 0.0500 (0.0500)  grad_norm: 6.8622 (2.3294)  time: 0.8655  data: 0.0003  max mem: 35168
Epoch: [3]  [ 400/1416]  eta: 0:15:22  lr: 0.000197  min_lr: 0.000197  loss: 0.1563 (0.1927)  reconst_loss: 0.0055 (0.0046)  code_loss: 0.1517 (0.1881)  weight_decay: 0.0500 (0.0500)  grad_norm: 2.8036 (2.3239)  time: 0.8630  data: 0.0004  max mem: 35168
Epoch: [3]  [ 410/1416]  eta: 0:15:12  lr: 0.000197  min_lr: 0.000197  loss: 0.1430 (0.1914)  reconst_loss: 0.0052 (0.0046)  code_loss: 0.1375 (0.1868)  weight_decay: 0.0500 (0.0500)  grad_norm: 1.1689 (2.2860)  time: 0.8618  data: 0.0004  max mem: 35168
Epoch: [3]  [ 420/1416]  eta: 0:15:02  lr: 0.000198  min_lr: 0.000198  loss: 0.1375 (0.1901)  reconst_loss: 0.0042 (0.0046)  code_loss: 0.1336 (0.1856)  weight_decay: 0.0500 (0.0500)  grad_norm: 0.4891 (2.2398)  time: 0.8622  data: 0.0003  max mem: 35168
Epoch: [3]  [ 430/1416]  eta: 0:14:51  lr: 0.000198  min_lr: 0.000198  loss: 0.1354 (0.1888)  reconst_loss: 0.0034 (0.0045)  code_loss: 0.1317 (0.1843)  weight_decay: 0.0500 (0.0500)  grad_norm: 0.2513 (2.1929)  time: 0.8583  data: 0.0003  max mem: 35168
Epoch: [3]  [ 440/1416]  eta: 0:14:42  lr: 0.000199  min_lr: 0.000199  loss: 0.1338 (0.1876)  reconst_loss: 0.0032 (0.0045)  code_loss: 0.1304 (0.1831)  weight_decay: 0.0500 (0.0500)  grad_norm: 0.2137 (2.1505)  time: 0.8624  data: 0.0003  max mem: 35168
Epoch: [3]  [ 450/1416]  eta: 0:14:32  lr: 0.000199  min_lr: 0.000199  loss: 0.1338 (0.1864)  reconst_loss: 0.0033 (0.0045)  code_loss: 0.1303 (0.1819)  weight_decay: 0.0500 (0.0500)  grad_norm: 0.9954 (2.1287)  time: 0.8676  data: 0.0004  max mem: 35168
Epoch: [3]  [ 460/1416]  eta: 0:14:22  lr: 0.000200  min_lr: 0.000200  loss: 0.1330 (0.1852)  reconst_loss: 0.0032 (0.0045)  code_loss: 0.1297 (0.1807)  weight_decay: 0.0500 (0.0500)  grad_norm: 0.9710 (2.1000)  time: 0.8641  data: 0.0005  max mem: 35168
Epoch: [3]  [ 470/1416]  eta: 0:14:12  lr: 0.000200  min_lr: 0.000200  loss: 0.1311 (0.1840)  reconst_loss: 0.0029 (0.0044)  code_loss: 0.1280 (0.1796)  weight_decay: 0.0500 (0.0500)  grad_norm: 0.6983 (2.0681)  time: 0.8630  data: 0.0006  max mem: 35168
Epoch: [3]  [ 480/1416]  eta: 0:14:02  lr: 0.000200  min_lr: 0.000200  loss: 0.1296 (0.1829)  reconst_loss: 0.0028 (0.0044)  code_loss: 0.1268 (0.1785)  weight_decay: 0.0500 (0.0500)  grad_norm: 0.4640 (2.0333)  time: 0.8634  data: 0.0005  max mem: 35168
Epoch: [3]  [ 490/1416]  eta: 0:13:53  lr: 0.000201  min_lr: 0.000201  loss: 0.1288 (0.1818)  reconst_loss: 0.0027 (0.0044)  code_loss: 0.1261 (0.1774)  weight_decay: 0.0500 (0.0500)  grad_norm: 0.3842 (2.0004)  time: 0.8694  data: 0.0005  max mem: 35168
Epoch: [3]  [ 500/1416]  eta: 0:13:43  lr: 0.000201  min_lr: 0.000201  loss: 0.1284 (0.1807)  reconst_loss: 0.0026 (0.0043)  code_loss: 0.1257 (0.1764)  weight_decay: 0.0500 (0.0500)  grad_norm: 0.4607 (1.9712)  time: 0.8665  data: 0.0005  max mem: 35168
Epoch: [3]  [ 510/1416]  eta: 0:13:33  lr: 0.000202  min_lr: 0.000202  loss: 0.1284 (0.1798)  reconst_loss: 0.0026 (0.0043)  code_loss: 0.1257 (0.1755)  weight_decay: 0.0500 (0.0500)  grad_norm: 0.5763 (1.9699)  time: 0.8597  data: 0.0006  max mem: 35168
Epoch: [3]  [ 520/1416]  eta: 0:13:24  lr: 0.000202  min_lr: 0.000202  loss: 0.1469 (0.1796)  reconst_loss: 0.0042 (0.0044)  code_loss: 0.1415 (0.1752)  weight_decay: 0.0500 (0.0500)  grad_norm: 3.7182 (2.0306)  time: 0.8612  data: 0.0007  max mem: 35168
Epoch: [3]  [ 530/1416]  eta: 0:13:14  lr: 0.000202  min_lr: 0.000202  loss: 0.1598 (0.1792)  reconst_loss: 0.0064 (0.0044)  code_loss: 0.1522 (0.1747)  weight_decay: 0.0500 (0.0500)  grad_norm: 4.5767 (2.0696)  time: 0.8600  data: 0.0006  max mem: 35168
Epoch: [3]  [ 540/1416]  eta: 0:13:05  lr: 0.000203  min_lr: 0.000203  loss: 0.1414 (0.1784)  reconst_loss: 0.0060 (0.0044)  code_loss: 0.1348 (0.1739)  weight_decay: 0.0500 (0.0500)  grad_norm: 3.1321 (2.0823)  time: 0.8609  data: 0.0004  max mem: 35168
Epoch: [3]  [ 550/1416]  eta: 0:12:55  lr: 0.000203  min_lr: 0.000203  loss: 0.1300 (0.1774)  reconst_loss: 0.0046 (0.0044)  code_loss: 0.1252 (0.1730)  weight_decay: 0.0500 (0.0500)  grad_norm: 1.9243 (2.0665)  time: 0.8644  data: 0.0003  max mem: 35168
Epoch: [3]  [ 560/1416]  eta: 0:12:46  lr: 0.000204  min_lr: 0.000204  loss: 0.1219 (0.1764)  reconst_loss: 0.0038 (0.0044)  code_loss: 0.1180 (0.1720)  weight_decay: 0.0500 (0.0500)  grad_norm: 0.4751 (2.0345)  time: 0.8659  data: 0.0003  max mem: 35168
Epoch: [3]  [ 570/1416]  eta: 0:12:36  lr: 0.000204  min_lr: 0.000204  loss: 0.1209 (0.1754)  reconst_loss: 0.0032 (0.0044)  code_loss: 0.1177 (0.1711)  weight_decay: 0.0500 (0.0500)  grad_norm: 0.1756 (2.0012)  time: 0.8664  data: 0.0004  max mem: 35168
Epoch: [3]  [ 580/1416]  eta: 0:12:27  lr: 0.000205  min_lr: 0.000205  loss: 0.1212 (0.1745)  reconst_loss: 0.0029 (0.0044)  code_loss: 0.1181 (0.1702)  weight_decay: 0.0500 (0.0500)  grad_norm: 0.0898 (1.9680)  time: 0.8697  data: 0.0005  max mem: 35168
Epoch: [3]  [ 590/1416]  eta: 0:12:18  lr: 0.000205  min_lr: 0.000205  loss: 0.1221 (0.1736)  reconst_loss: 0.0029 (0.0043)  code_loss: 0.1192 (0.1693)  weight_decay: 0.0500 (0.0500)  grad_norm: 0.0857 (1.9376)  time: 0.8659  data: 0.0003  max mem: 35168
Epoch: [3]  [ 600/1416]  eta: 0:12:08  lr: 0.000205  min_lr: 0.000205  loss: 0.1232 (0.1728)  reconst_loss: 0.0027 (0.0043)  code_loss: 0.1204 (0.1685)  weight_decay: 0.0500 (0.0500)  grad_norm: 0.1460 (1.9077)  time: 0.8637  data: 0.0003  max mem: 35168
Epoch: [3]  [ 610/1416]  eta: 0:11:59  lr: 0.000206  min_lr: 0.000206  loss: 0.1254 (0.1721)  reconst_loss: 0.0026 (0.0043)  code_loss: 0.1227 (0.1678)  weight_decay: 0.0500 (0.0500)  grad_norm: 0.1735 (1.8798)  time: 0.8640  data: 0.0004  max mem: 35168
Epoch: [3]  [ 620/1416]  eta: 0:11:50  lr: 0.000206  min_lr: 0.000206  loss: 0.1273 (0.1714)  reconst_loss: 0.0025 (0.0043)  code_loss: 0.1249 (0.1671)  weight_decay: 0.0500 (0.0500)  grad_norm: 0.3344 (1.8699)  time: 0.8633  data: 0.0005  max mem: 35168
Epoch: [3]  [ 630/1416]  eta: 0:11:40  lr: 0.000207  min_lr: 0.000207  loss: 0.1381 (0.1710)  reconst_loss: 0.0037 (0.0043)  code_loss: 0.1345 (0.1667)  weight_decay: 0.0500 (0.0500)  grad_norm: 2.6387 (1.8895)  time: 0.8651  data: 0.0004  max mem: 35168
Epoch: [3]  [ 640/1416]  eta: 0:11:31  lr: 0.000207  min_lr: 0.000207  loss: 0.1367 (0.1704)  reconst_loss: 0.0040 (0.0042)  code_loss: 0.1326 (0.1661)  weight_decay: 0.0500 (0.0500)  grad_norm: 2.3519 (1.8883)  time: 0.8624  data: 0.0004  max mem: 35168
Epoch: [3]  [ 650/1416]  eta: 0:11:22  lr: 0.000208  min_lr: 0.000208  loss: 0.1300 (0.1697)  reconst_loss: 0.0034 (0.0042)  code_loss: 0.1262 (0.1655)  weight_decay: 0.0500 (0.0500)  grad_norm: 0.9139 (1.8703)  time: 0.8612  data: 0.0006  max mem: 35168
Epoch: [3]  [ 660/1416]  eta: 0:11:13  lr: 0.000208  min_lr: 0.000208  loss: 0.1285 (0.1691)  reconst_loss: 0.0029 (0.0042)  code_loss: 0.1256 (0.1649)  weight_decay: 0.0500 (0.0500)  grad_norm: 0.5286 (1.8487)  time: 0.8645  data: 0.0004  max mem: 35168
Epoch: [3]  [ 670/1416]  eta: 0:11:04  lr: 0.000208  min_lr: 0.000208  loss: 0.1295 (0.1685)  reconst_loss: 0.0027 (0.0042)  code_loss: 0.1267 (0.1643)  weight_decay: 0.0500 (0.0500)  grad_norm: 0.3226 (1.8251)  time: 0.8640  data: 0.0003  max mem: 35168
Epoch: [3]  [ 680/1416]  eta: 0:10:54  lr: 0.000209  min_lr: 0.000209  loss: 0.1319 (0.1680)  reconst_loss: 0.0025 (0.0042)  code_loss: 0.1294 (0.1639)  weight_decay: 0.0500 (0.0500)  grad_norm: 0.2123 (1.8007)  time: 0.8637  data: 0.0005  max mem: 35168
Epoch: [3]  [ 690/1416]  eta: 0:10:45  lr: 0.000209  min_lr: 0.000209  loss: 0.1355 (0.1676)  reconst_loss: 0.0024 (0.0041)  code_loss: 0.1330 (0.1634)  weight_decay: 0.0500 (0.0500)  grad_norm: 0.1575 (1.7768)  time: 0.8700  data: 0.0006  max mem: 35168
Epoch: [3]  [ 700/1416]  eta: 0:10:36  lr: 0.000210  min_lr: 0.000210  loss: 0.1394 (0.1672)  reconst_loss: 0.0024 (0.0041)  code_loss: 0.1371 (0.1631)  weight_decay: 0.0500 (0.0500)  grad_norm: 0.1629 (1.7544)  time: 0.8702  data: 0.0004  max mem: 35168
Epoch: [3]  [ 710/1416]  eta: 0:10:27  lr: 0.000210  min_lr: 0.000210  loss: 0.1439 (0.1669)  reconst_loss: 0.0024 (0.0041)  code_loss: 0.1413 (0.1629)  weight_decay: 0.0500 (0.0500)  grad_norm: 0.2591 (1.7416)  time: 0.8653  data: 0.0004  max mem: 35168
Epoch: [3]  [ 720/1416]  eta: 0:10:18  lr: 0.000211  min_lr: 0.000211  loss: 0.1548 (0.1668)  reconst_loss: 0.0032 (0.0041)  code_loss: 0.1510 (0.1628)  weight_decay: 0.0500 (0.0500)  grad_norm: 1.9152 (1.7519)  time: 0.8624  data: 0.0005  max mem: 35168
Epoch: [3]  [ 730/1416]  eta: 0:10:09  lr: 0.000211  min_lr: 0.000211  loss: 0.1637 (0.1676)  reconst_loss: 0.0042 (0.0041)  code_loss: 0.1596 (0.1635)  weight_decay: 0.0500 (0.0500)  grad_norm: 2.9151 (1.8144)  time: 0.8645  data: 0.0004  max mem: 35168
Epoch: [3]  [ 740/1416]  eta: 0:10:00  lr: 0.000211  min_lr: 0.000211  loss: 0.3954 (0.1745)  reconst_loss: 0.0075 (0.0042)  code_loss: 0.3877 (0.1704)  weight_decay: 0.0500 (0.0500)  grad_norm: 14.8121 (2.1298)  time: 0.8647  data: 0.0003  max mem: 35168
Epoch: [3]  [ 750/1416]  eta: 0:09:50  lr: 0.000212  min_lr: 0.000212  loss: 0.3708 (0.1750)  reconst_loss: 0.0074 (0.0042)  code_loss: 0.3617 (0.1708)  weight_decay: 0.0500 (0.0500)  grad_norm: 19.1678 (2.2154)  time: 0.8583  data: 0.0003  max mem: 35168
Epoch: [3]  [ 760/1416]  eta: 0:09:41  lr: 0.000212  min_lr: 0.000212  loss: 0.1391 (0.1745)  reconst_loss: 0.0058 (0.0042)  code_loss: 0.1335 (0.1703)  weight_decay: 0.0500 (0.0500)  grad_norm: 1.5349 (2.1942)  time: 0.8588  data: 0.0004  max mem: 35168
Epoch: [3]  [ 770/1416]  eta: 0:09:32  lr: 0.000213  min_lr: 0.000213  loss: 0.1348 (0.1740)  reconst_loss: 0.0042 (0.0042)  code_loss: 0.1306 (0.1698)  weight_decay: 0.0500 (0.0500)  grad_norm: 0.2611 (2.1685)  time: 0.8606  data: 0.0006  max mem: 35168
Epoch: [3]  [ 780/1416]  eta: 0:09:23  lr: 0.000213  min_lr: 0.000213  loss: 0.1343 (0.1735)  reconst_loss: 0.0036 (0.0042)  code_loss: 0.1305 (0.1693)  weight_decay: 0.0500 (0.0500)  grad_norm: 0.1503 (2.1423)  time: 0.8623  data: 0.0005  max mem: 35168
Epoch: [3]  [ 790/1416]  eta: 0:09:14  lr: 0.000214  min_lr: 0.000214  loss: 0.1344 (0.1730)  reconst_loss: 0.0032 (0.0042)  code_loss: 0.1312 (0.1688)  weight_decay: 0.0500 (0.0500)  grad_norm: 0.1386 (2.1173)  time: 0.8606  data: 0.0003  max mem: 35168
Epoch: [3]  [ 800/1416]  eta: 0:09:05  lr: 0.000214  min_lr: 0.000214  loss: 0.1356 (0.1725)  reconst_loss: 0.0031 (0.0042)  code_loss: 0.1326 (0.1684)  weight_decay: 0.0500 (0.0500)  grad_norm: 0.1583 (2.0929)  time: 0.8586  data: 0.0003  max mem: 35168
Epoch: [3]  [ 810/1416]  eta: 0:08:56  lr: 0.000214  min_lr: 0.000214  loss: 0.1365 (0.1721)  reconst_loss: 0.0030 (0.0042)  code_loss: 0.1337 (0.1679)  weight_decay: 0.0500 (0.0500)  grad_norm: 0.1743 (2.0693)  time: 0.8636  data: 0.0003  max mem: 35168
Epoch: [3]  [ 820/1416]  eta: 0:08:47  lr: 0.000215  min_lr: 0.000215  loss: 0.1382 (0.1722)  reconst_loss: 0.0031 (0.0042)  code_loss: 0.1353 (0.1680)  weight_decay: 0.0500 (0.0500)  grad_norm: 0.2006 (2.1135)  time: 0.8690  data: 0.0003  max mem: 35168
Epoch: [3]  [ 830/1416]  eta: 0:08:38  lr: 0.000215  min_lr: 0.000215  loss: 0.1618 (0.1721)  reconst_loss: 0.0068 (0.0042)  code_loss: 0.1550 (0.1679)  weight_decay: 0.0500 (0.0500)  grad_norm: 4.3526 (2.1417)  time: 0.8646  data: 0.0004  max mem: 35168
Epoch: [3]  [ 840/1416]  eta: 0:08:29  lr: 0.000216  min_lr: 0.000216  loss: 0.1444 (0.1718)  reconst_loss: 0.0057 (0.0042)  code_loss: 0.1389 (0.1676)  weight_decay: 0.0500 (0.0500)  grad_norm: 1.6797 (2.1266)  time: 0.8644  data: 0.0004  max mem: 35168
Epoch: [3]  [ 850/1416]  eta: 0:08:20  lr: 0.000216  min_lr: 0.000216  loss: 0.1396 (0.1714)  reconst_loss: 0.0042 (0.0042)  code_loss: 0.1357 (0.1672)  weight_decay: 0.0500 (0.0500)  grad_norm: 0.2598 (2.1033)  time: 0.8703  data: 0.0003  max mem: 35168
Epoch: [3]  [ 860/1416]  eta: 0:08:11  lr: 0.000216  min_lr: 0.000216  loss: 0.1395 (0.1710)  reconst_loss: 0.0034 (0.0042)  code_loss: 0.1359 (0.1668)  weight_decay: 0.0500 (0.0500)  grad_norm: 0.0880 (2.0797)  time: 0.8668  data: 0.0003  max mem: 35168
Epoch: [3]  [ 870/1416]  eta: 0:08:02  lr: 0.000217  min_lr: 0.000217  loss: 0.1409 (0.1707)  reconst_loss: 0.0031 (0.0042)  code_loss: 0.1375 (0.1665)  weight_decay: 0.0500 (0.0500)  grad_norm: 0.0883 (2.0578)  time: 0.8656  data: 0.0003  max mem: 35168
Epoch: [3]  [ 880/1416]  eta: 0:07:53  lr: 0.000217  min_lr: 0.000217  loss: 0.1421 (0.1704)  reconst_loss: 0.0028 (0.0042)  code_loss: 0.1392 (0.1662)  weight_decay: 0.0500 (0.0500)  grad_norm: 0.1887 (2.0367)  time: 0.8652  data: 0.0003  max mem: 35168
Epoch: [3]  [ 890/1416]  eta: 0:07:44  lr: 0.000218  min_lr: 0.000218  loss: 0.1436 (0.1701)  reconst_loss: 0.0027 (0.0042)  code_loss: 0.1408 (0.1659)  weight_decay: 0.0500 (0.0500)  grad_norm: 0.2090 (2.0161)  time: 0.8634  data: 0.0002  max mem: 35168
Epoch: [3]  [ 900/1416]  eta: 0:07:35  lr: 0.000218  min_lr: 0.000218  loss: 0.1457 (0.1698)  reconst_loss: 0.0026 (0.0041)  code_loss: 0.1432 (0.1657)  weight_decay: 0.0500 (0.0500)  grad_norm: 0.2090 (1.9961)  time: 0.8667  data: 0.0003  max mem: 35168
Epoch: [3]  [ 910/1416]  eta: 0:07:26  lr: 0.000219  min_lr: 0.000219  loss: 0.1476 (0.1696)  reconst_loss: 0.0026 (0.0041)  code_loss: 0.1449 (0.1655)  weight_decay: 0.0500 (0.0500)  grad_norm: 0.1757 (1.9761)  time: 0.8669  data: 0.0003  max mem: 35168
Epoch: [3]  [ 920/1416]  eta: 0:07:18  lr: 0.000219  min_lr: 0.000219  loss: 0.1490 (0.1694)  reconst_loss: 0.0025 (0.0041)  code_loss: 0.1467 (0.1653)  weight_decay: 0.0500 (0.0500)  grad_norm: 0.1975 (1.9582)  time: 0.8619  data: 0.0003  max mem: 35168
Epoch: [3]  [ 930/1416]  eta: 0:07:09  lr: 0.000219  min_lr: 0.000219  loss: 0.1511 (0.1693)  reconst_loss: 0.0025 (0.0041)  code_loss: 0.1487 (0.1652)  weight_decay: 0.0500 (0.0500)  grad_norm: 0.4185 (1.9619)  time: 0.8608  data: 0.0003  max mem: 35168
Epoch: [3]  [ 940/1416]  eta: 0:07:00  lr: 0.000220  min_lr: 0.000220  loss: 0.1599 (0.1692)  reconst_loss: 0.0038 (0.0041)  code_loss: 0.1556 (0.1651)  weight_decay: 0.0500 (0.0500)  grad_norm: 2.4531 (1.9713)  time: 0.8638  data: 0.0004  max mem: 35168
Epoch: [3]  [ 950/1416]  eta: 0:06:51  lr: 0.000220  min_lr: 0.000220  loss: 0.1591 (0.1691)  reconst_loss: 0.0042 (0.0041)  code_loss: 0.1552 (0.1650)  weight_decay: 0.0500 (0.0500)  grad_norm: 2.3792 (1.9709)  time: 0.8648  data: 0.0004  max mem: 35168
Epoch: [3]  [ 960/1416]  eta: 0:06:42  lr: 0.000221  min_lr: 0.000221  loss: 0.1548 (0.1689)  reconst_loss: 0.0037 (0.0041)  code_loss: 0.1508 (0.1648)  weight_decay: 0.0500 (0.0500)  grad_norm: 1.2869 (1.9600)  time: 0.8633  data: 0.0004  max mem: 35168
Epoch: [3]  [ 970/1416]  eta: 0:06:33  lr: 0.000221  min_lr: 0.000221  loss: 0.1524 (0.1688)  reconst_loss: 0.0031 (0.0041)  code_loss: 0.1494 (0.1647)  weight_decay: 0.0500 (0.0500)  grad_norm: 0.4857 (1.9432)  time: 0.8613  data: 0.0003  max mem: 35168
Epoch: [3]  [ 980/1416]  eta: 0:06:24  lr: 0.000222  min_lr: 0.000222  loss: 0.1541 (0.1686)  reconst_loss: 0.0027 (0.0041)  code_loss: 0.1515 (0.1646)  weight_decay: 0.0500 (0.0500)  grad_norm: 0.1245 (1.9244)  time: 0.8629  data: 0.0003  max mem: 35168
Epoch: [3]  [ 990/1416]  eta: 0:06:15  lr: 0.000222  min_lr: 0.000222  loss: 0.1578 (0.1686)  reconst_loss: 0.0024 (0.0041)  code_loss: 0.1551 (0.1645)  weight_decay: 0.0500 (0.0500)  grad_norm: 0.0902 (1.9059)  time: 0.8640  data: 0.0003  max mem: 35168
Epoch: [3]  [1000/1416]  eta: 0:06:06  lr: 0.000222  min_lr: 0.000222  loss: 0.1611 (0.1685)  reconst_loss: 0.0023 (0.0040)  code_loss: 0.1589 (0.1645)  weight_decay: 0.0500 (0.0500)  grad_norm: 0.0902 (1.8879)  time: 0.8616  data: 0.0003  max mem: 35168
Epoch: [3]  [1010/1416]  eta: 0:05:57  lr: 0.000223  min_lr: 0.000223  loss: 0.1668 (0.1685)  reconst_loss: 0.0023 (0.0040)  code_loss: 0.1644 (0.1645)  weight_decay: 0.0500 (0.0500)  grad_norm: 0.2934 (1.8778)  time: 0.8617  data: 0.0004  max mem: 35168
Epoch: [3]  [1020/1416]  eta: 0:05:48  lr: 0.000223  min_lr: 0.000223  loss: 0.1721 (0.1686)  reconst_loss: 0.0026 (0.0040)  code_loss: 0.1696 (0.1646)  weight_decay: 0.0500 (0.0500)  grad_norm: 0.7663 (1.8661)  time: 0.8629  data: 0.0004  max mem: 35168
Epoch: [3]  [1030/1416]  eta: 0:05:40  lr: 0.000224  min_lr: 0.000224  loss: 0.1752 (0.1687)  reconst_loss: 0.0024 (0.0040)  code_loss: 0.1728 (0.1647)  weight_decay: 0.0500 (0.0500)  grad_norm: 0.5692 (1.8526)  time: 0.8637  data: 0.0003  max mem: 35168
Epoch: [3]  [1040/1416]  eta: 0:05:31  lr: 0.000224  min_lr: 0.000224  loss: 0.1762 (0.1687)  reconst_loss: 0.0023 (0.0040)  code_loss: 0.1737 (0.1648)  weight_decay: 0.0500 (0.0500)  grad_norm: 0.3876 (1.8385)  time: 0.8679  data: 0.0004  max mem: 35168
Epoch: [3]  [1050/1416]  eta: 0:05:22  lr: 0.000225  min_lr: 0.000225  loss: 0.1769 (0.1688)  reconst_loss: 0.0022 (0.0040)  code_loss: 0.1746 (0.1649)  weight_decay: 0.0500 (0.0500)  grad_norm: 0.2910 (1.8234)  time: 0.8705  data: 0.0005  max mem: 35168
Epoch: [3]  [1060/1416]  eta: 0:05:13  lr: 0.000225  min_lr: 0.000225  loss: 0.1780 (0.1689)  reconst_loss: 0.0022 (0.0039)  code_loss: 0.1758 (0.1650)  weight_decay: 0.0500 (0.0500)  grad_norm: 0.2795 (1.8162)  time: 0.8683  data: 0.0005  max mem: 35168
Epoch: [3]  [1070/1416]  eta: 0:05:04  lr: 0.000225  min_lr: 0.000225  loss: 0.1910 (0.1692)  reconst_loss: 0.0031 (0.0039)  code_loss: 0.1874 (0.1653)  weight_decay: 0.0500 (0.0500)  grad_norm: 2.4939 (1.8313)  time: 0.8676  data: 0.0005  max mem: 35168
Epoch: [3]  [1080/1416]  eta: 0:04:55  lr: 0.000226  min_lr: 0.000226  loss: 0.1939 (0.1694)  reconst_loss: 0.0038 (0.0039)  code_loss: 0.1899 (0.1655)  weight_decay: 0.0500 (0.0500)  grad_norm: 2.9970 (1.8403)  time: 0.8680  data: 0.0004  max mem: 35168
Epoch: [3]  [1090/1416]  eta: 0:04:46  lr: 0.000226  min_lr: 0.000226  loss: 0.1903 (0.1696)  reconst_loss: 0.0035 (0.0039)  code_loss: 0.1864 (0.1657)  weight_decay: 0.0500 (0.0500)  grad_norm: 2.3120 (1.8386)  time: 0.8690  data: 0.0004  max mem: 35168
Epoch: [3]  [1100/1416]  eta: 0:04:38  lr: 0.000227  min_lr: 0.000227  loss: 0.1865 (0.1697)  reconst_loss: 0.0031 (0.0039)  code_loss: 0.1834 (0.1658)  weight_decay: 0.0500 (0.0500)  grad_norm: 1.1147 (1.8309)  time: 0.8709  data: 0.0003  max mem: 35168
Epoch: [3]  [1110/1416]  eta: 0:04:29  lr: 0.000227  min_lr: 0.000227  loss: 0.1867 (0.1699)  reconst_loss: 0.0029 (0.0039)  code_loss: 0.1842 (0.1660)  weight_decay: 0.0500 (0.0500)  grad_norm: 0.8333 (1.8193)  time: 0.8697  data: 0.0003  max mem: 35168
Epoch: [3]  [1120/1416]  eta: 0:04:20  lr: 0.000227  min_lr: 0.000227  loss: 0.1875 (0.1701)  reconst_loss: 0.0024 (0.0039)  code_loss: 0.1853 (0.1662)  weight_decay: 0.0500 (0.0500)  grad_norm: 0.2211 (1.8044)  time: 0.8696  data: 0.0003  max mem: 35168
Epoch: [3]  [1130/1416]  eta: 0:04:11  lr: 0.000228  min_lr: 0.000228  loss: 0.1911 (0.1703)  reconst_loss: 0.0023 (0.0039)  code_loss: 0.1888 (0.1664)  weight_decay: 0.0500 (0.0500)  grad_norm: 0.1536 (1.7912)  time: 0.8692  data: 0.0003  max mem: 35168
Epoch: [3]  [1140/1416]  eta: 0:04:02  lr: 0.000228  min_lr: 0.000228  loss: 0.1976 (0.1705)  reconst_loss: 0.0023 (0.0039)  code_loss: 0.1955 (0.1667)  weight_decay: 0.0500 (0.0500)  grad_norm: 0.3204 (1.7783)  time: 0.8672  data: 0.0003  max mem: 35168
Epoch: [3]  [1150/1416]  eta: 0:03:54  lr: 0.000229  min_lr: 0.000229  loss: 0.1992 (0.1708)  reconst_loss: 0.0021 (0.0039)  code_loss: 0.1970 (0.1669)  weight_decay: 0.0500 (0.0500)  grad_norm: 0.3006 (1.7652)  time: 0.8699  data: 0.0003  max mem: 35168
Epoch: [3]  [1160/1416]  eta: 0:03:45  lr: 0.000229  min_lr: 0.000229  loss: 0.2002 (0.1711)  reconst_loss: 0.0021 (0.0038)  code_loss: 0.1979 (0.1672)  weight_decay: 0.0500 (0.0500)  grad_norm: 0.2000 (1.7514)  time: 0.8727  data: 0.0003  max mem: 35168
Epoch: [3]  [1170/1416]  eta: 0:03:36  lr: 0.000230  min_lr: 0.000230  loss: 0.2028 (0.1713)  reconst_loss: 0.0021 (0.0038)  code_loss: 0.2008 (0.1675)  weight_decay: 0.0500 (0.0500)  grad_norm: 0.1931 (1.7396)  time: 0.8710  data: 0.0003  max mem: 35168
Epoch: [3]  [1180/1416]  eta: 0:03:27  lr: 0.000230  min_lr: 0.000230  loss: 0.2069 (0.1717)  reconst_loss: 0.0022 (0.0038)  code_loss: 0.2047 (0.1678)  weight_decay: 0.0500 (0.0500)  grad_norm: 0.4107 (1.7287)  time: 0.8718  data: 0.0004  max mem: 35168
Epoch: [3]  [1190/1416]  eta: 0:03:18  lr: 0.000230  min_lr: 0.000230  loss: 0.2113 (0.1720)  reconst_loss: 0.0023 (0.0038)  code_loss: 0.2089 (0.1682)  weight_decay: 0.0500 (0.0500)  grad_norm: 0.4141 (1.7176)  time: 0.8683  data: 0.0004  max mem: 35168
Epoch: [3]  [1200/1416]  eta: 0:03:09  lr: 0.000231  min_lr: 0.000231  loss: 0.2155 (0.1724)  reconst_loss: 0.0022 (0.0038)  code_loss: 0.2134 (0.1686)  weight_decay: 0.0500 (0.0500)  grad_norm: 0.4321 (1.7072)  time: 0.8614  data: 0.0007  max mem: 35168
Epoch: [3]  [1210/1416]  eta: 0:03:01  lr: 0.000231  min_lr: 0.000231  loss: 0.2217 (0.1728)  reconst_loss: 0.0022 (0.0038)  code_loss: 0.2194 (0.1691)  weight_decay: 0.0500 (0.0500)  grad_norm: 0.5665 (1.7053)  time: 0.8529  data: 0.0007  max mem: 35168
Epoch: [3]  [1220/1416]  eta: 0:02:52  lr: 0.000232  min_lr: 0.000232  loss: 0.2244 (0.1733)  reconst_loss: 0.0028 (0.0038)  code_loss: 0.2210 (0.1695)  weight_decay: 0.0500 (0.0500)  grad_norm: 1.7136 (1.7063)  time: 0.8438  data: 0.0002  max mem: 35168
Epoch: [3]  [1230/1416]  eta: 0:02:43  lr: 0.000232  min_lr: 0.000232  loss: 0.2289 (0.1765)  reconst_loss: 0.0042 (0.0038)  code_loss: 0.2252 (0.1727)  weight_decay: 0.0500 (0.0500)  grad_norm: 2.1510 (1.8368)  time: 0.8417  data: 0.0001  max mem: 35168
Epoch: [3]  [1240/1416]  eta: 0:02:34  lr: 0.000233  min_lr: 0.000233  loss: 0.3406 (0.1780)  reconst_loss: 0.0079 (0.0039)  code_loss: 0.3334 (0.1742)  weight_decay: 0.0500 (0.0500)  grad_norm: 15.2575 (1.9446)  time: 0.8426  data: 0.0001  max mem: 35168
Epoch: [3]  [1250/1416]  eta: 0:02:25  lr: 0.000233  min_lr: 0.000233  loss: 0.2357 (0.1782)  reconst_loss: 0.0064 (0.0039)  code_loss: 0.2295 (0.1743)  weight_decay: 0.0500 (0.0500)  grad_norm: 7.9464 (1.9544)  time: 0.8420  data: 0.0001  max mem: 35168
Epoch: [3]  [1260/1416]  eta: 0:02:16  lr: 0.000233  min_lr: 0.000233  loss: 0.1758 (0.1781)  reconst_loss: 0.0050 (0.0039)  code_loss: 0.1703 (0.1742)  weight_decay: 0.0500 (0.0500)  grad_norm: 0.7388 (1.9427)  time: 0.8425  data: 0.0002  max mem: 35168
Epoch: [3]  [1270/1416]  eta: 0:02:08  lr: 0.000234  min_lr: 0.000234  loss: 0.1697 (0.1780)  reconst_loss: 0.0042 (0.0039)  code_loss: 0.1657 (0.1742)  weight_decay: 0.0500 (0.0500)  grad_norm: 0.2204 (1.9288)  time: 0.8422  data: 0.0001  max mem: 35168
Epoch: [3]  [1280/1416]  eta: 0:01:59  lr: 0.000234  min_lr: 0.000234  loss: 0.1663 (0.1779)  reconst_loss: 0.0036 (0.0039)  code_loss: 0.1624 (0.1741)  weight_decay: 0.0500 (0.0500)  grad_norm: 0.1773 (1.9159)  time: 0.8403  data: 0.0001  max mem: 35168
Epoch: [3]  [1290/1416]  eta: 0:01:50  lr: 0.000235  min_lr: 0.000235  loss: 0.1628 (0.1778)  reconst_loss: 0.0031 (0.0039)  code_loss: 0.1597 (0.1739)  weight_decay: 0.0500 (0.0500)  grad_norm: 0.2496 (1.9033)  time: 0.8400  data: 0.0001  max mem: 35168
Epoch: [3]  [1300/1416]  eta: 0:01:41  lr: 0.000235  min_lr: 0.000235  loss: 0.1600 (0.1777)  reconst_loss: 0.0029 (0.0039)  code_loss: 0.1572 (0.1738)  weight_decay: 0.0500 (0.0500)  grad_norm: 0.2424 (1.8906)  time: 0.8352  data: 0.0001  max mem: 35168
Epoch: [3]  [1310/1416]  eta: 0:01:32  lr: 0.000236  min_lr: 0.000236  loss: 0.1577 (0.1775)  reconst_loss: 0.0028 (0.0039)  code_loss: 0.1547 (0.1736)  weight_decay: 0.0500 (0.0500)  grad_norm: 0.2342 (1.8787)  time: 0.8370  data: 0.0002  max mem: 35168
Epoch: [3]  [1320/1416]  eta: 0:01:24  lr: 0.000236  min_lr: 0.000236  loss: 0.1554 (0.1773)  reconst_loss: 0.0027 (0.0038)  code_loss: 0.1527 (0.1735)  weight_decay: 0.0500 (0.0500)  grad_norm: 0.5513 (1.8689)  time: 0.8422  data: 0.0002  max mem: 35168
Epoch: [3]  [1330/1416]  eta: 0:01:15  lr: 0.000236  min_lr: 0.000236  loss: 0.1533 (0.1771)  reconst_loss: 0.0026 (0.0038)  code_loss: 0.1508 (0.1733)  weight_decay: 0.0500 (0.0500)  grad_norm: 0.6144 (1.8601)  time: 0.8407  data: 0.0002  max mem: 35168
Epoch: [3]  [1340/1416]  eta: 0:01:06  lr: 0.000237  min_lr: 0.000237  loss: 0.1506 (0.1769)  reconst_loss: 0.0025 (0.0038)  code_loss: 0.1482 (0.1731)  weight_decay: 0.0500 (0.0500)  grad_norm: 0.5494 (1.8497)  time: 0.8383  data: 0.0002  max mem: 35168
Epoch: [3]  [1350/1416]  eta: 0:00:57  lr: 0.000237  min_lr: 0.000237  loss: 0.1492 (0.1767)  reconst_loss: 0.0025 (0.0038)  code_loss: 0.1465 (0.1729)  weight_decay: 0.0500 (0.0500)  grad_norm: 0.5277 (1.8416)  time: 0.8393  data: 0.0002  max mem: 35168
Epoch: [3]  [1360/1416]  eta: 0:00:48  lr: 0.000238  min_lr: 0.000238  loss: 0.1471 (0.1765)  reconst_loss: 0.0025 (0.0038)  code_loss: 0.1445 (0.1727)  weight_decay: 0.0500 (0.0500)  grad_norm: 0.6506 (1.8325)  time: 0.8404  data: 0.0002  max mem: 35168
Epoch: [3]  [1370/1416]  eta: 0:00:40  lr: 0.000238  min_lr: 0.000238  loss: 0.1451 (0.1763)  reconst_loss: 0.0025 (0.0038)  code_loss: 0.1426 (0.1725)  weight_decay: 0.0500 (0.0500)  grad_norm: 0.4915 (1.8225)  time: 0.8420  data: 0.0002  max mem: 35168
Epoch: [3]  [1380/1416]  eta: 0:00:31  lr: 0.000239  min_lr: 0.000239  loss: 0.1441 (0.1761)  reconst_loss: 0.0025 (0.0038)  code_loss: 0.1415 (0.1723)  weight_decay: 0.0500 (0.0500)  grad_norm: 0.5803 (1.8260)  time: 0.8441  data: 0.0002  max mem: 35168
Epoch: [3]  [1390/1416]  eta: 0:00:22  lr: 0.000239  min_lr: 0.000239  loss: 0.1462 (0.1760)  reconst_loss: 0.0038 (0.0038)  code_loss: 0.1428 (0.1722)  weight_decay: 0.0500 (0.0500)  grad_norm: 1.7547 (1.8367)  time: 0.8430  data: 0.0002  max mem: 35168
Epoch: [3]  [1400/1416]  eta: 0:00:13  lr: 0.000239  min_lr: 0.000239  loss: 0.1425 (0.1757)  reconst_loss: 0.0039 (0.0038)  code_loss: 0.1384 (0.1719)  weight_decay: 0.0500 (0.0500)  grad_norm: 1.1172 (1.8288)  time: 0.8418  data: 0.0002  max mem: 35168
Epoch: [3]  [1410/1416]  eta: 0:00:05  lr: 0.000240  min_lr: 0.000240  loss: 0.1371 (0.1754)  reconst_loss: 0.0031 (0.0038)  code_loss: 0.1343 (0.1716)  weight_decay: 0.0500 (0.0500)  grad_norm: 0.3629 (1.8175)  time: 0.8404  data: 0.0002  max mem: 35168
Epoch: [3]  [1415/1416]  eta: 0:00:00  lr: 0.000240  min_lr: 0.000240  loss: 0.1359 (0.1753)  reconst_loss: 0.0028 (0.0038)  code_loss: 0.1332 (0.1715)  weight_decay: 0.0500 (0.0500)  grad_norm: 0.2203 (1.8114)  time: 0.8386  data: 0.0001  max mem: 35168
Epoch: [3] Total time: 0:20:38 (0.8744 s / it)
Averaged stats: lr: 0.000240  min_lr: 0.000240  loss: 0.1359 (0.1753)  reconst_loss: 0.0028 (0.0038)  code_loss: 0.1332 (0.1715)  weight_decay: 0.0500 (0.0500)  grad_norm: 0.2203 (1.8114)
[Eval]   [0/5]  eta: 0:00:25  loss: 0.0029 (0.0029)  reconst_loss: 0.0029 (0.0029)  code_loss: 0.0000 (0.0000)  time: 5.0117  data: 4.5264  max mem: 35168
[Eval]   [4/5]  eta: 0:00:01  loss: 0.0029 (0.0030)  reconst_loss: 0.0029 (0.0030)  code_loss: 0.0000 (0.0000)  time: 1.3259  data: 0.9054  max mem: 35168
[Eval]  Total time: 0:00:06 (1.3790 s / it)
Eval averaged stats: loss: 0.0029 (0.0030)  reconst_loss: 0.0029 (0.0030)  code_loss: 0.0000 (0.0000)
[Eval] Image metrics @224:  [0/5]  eta: 0:01:38    time: 19.6181  data: 4.7285  max mem: 35168
[Eval] Image metrics @224:  [4/5]  eta: 0:00:13    time: 13.9010  data: 0.9460  max mem: 35168
[Eval] Image metrics @224: Total time: 0:01:10 (14.0241 s / it)
[Eval]  Generation results: [Eval] MSE@224: 0.0057 (0.0057)  [Eval] MAE@224: 0.0309 (0.0309)  [Eval] PSNR@224: 22.4397 (22.4397)  [Eval] MS-SSIM@224: 0.9518 (0.9518)  [Eval] CodebookUsage@224: 0.1192 (0.1192)
Logged 1 eval images @ res 224
Epoch: [4]  [   0/1416]  eta: 7:12:25  lr: 0.000240  min_lr: 0.000240  loss: 0.1349 (0.1349)  reconst_loss: 0.0026 (0.0026)  code_loss: 0.1323 (0.1323)  weight_decay: 0.0500 (0.0500)  grad_norm: 0.0955 (0.0955)  time: 18.3234  data: 17.1477  max mem: 35168
Epoch: [4]  [  10/1416]  eta: 0:57:56  lr: 0.000240  min_lr: 0.000240  loss: 0.1346 (0.1346)  reconst_loss: 0.0024 (0.0024)  code_loss: 0.1322 (0.1322)  weight_decay: 0.0500 (0.0500)  grad_norm: 0.1028 (0.1041)  time: 2.4725  data: 1.5591  max mem: 35168
Epoch: [4]  [  20/1416]  eta: 0:39:36  lr: 0.000241  min_lr: 0.000241  loss: 0.1346 (0.1362)  reconst_loss: 0.0025 (0.0027)  code_loss: 0.1322 (0.1334)  weight_decay: 0.0500 (0.0500)  grad_norm: 0.1454 (0.6722)  time: 0.8713  data: 0.0005  max mem: 35168
Epoch: [4]  [  30/1416]  eta: 0:33:01  lr: 0.000241  min_lr: 0.000241  loss: 0.1366 (0.1367)  reconst_loss: 0.0029 (0.0028)  code_loss: 0.1338 (0.1339)  weight_decay: 0.0500 (0.0500)  grad_norm: 1.3840 (0.9479)  time: 0.8565  data: 0.0007  max mem: 35168
Epoch: [4]  [  40/1416]  eta: 0:29:35  lr: 0.000242  min_lr: 0.000242  loss: 0.1363 (0.1363)  reconst_loss: 0.0029 (0.0028)  code_loss: 0.1335 (0.1335)  weight_decay: 0.0500 (0.0500)  grad_norm: 1.1522 (0.9351)  time: 0.8581  data: 0.0008  max mem: 35168
Epoch: [4]  [  50/1416]  eta: 0:27:29  lr: 0.000242  min_lr: 0.000242  loss: 0.1345 (0.1359)  reconst_loss: 0.0026 (0.0027)  code_loss: 0.1319 (0.1332)  weight_decay: 0.0500 (0.0500)  grad_norm: 0.5248 (0.8141)  time: 0.8632  data: 0.0006  max mem: 35168
Epoch: [4]  [  60/1416]  eta: 0:25:59  lr: 0.000243  min_lr: 0.000243  loss: 0.1352 (0.1360)  reconst_loss: 0.0023 (0.0027)  code_loss: 0.1328 (0.1334)  weight_decay: 0.0500 (0.0500)  grad_norm: 0.1098 (0.6950)  time: 0.8628  data: 0.0004  max mem: 35168
Epoch: [4]  [  70/1416]  eta: 0:24:53  lr: 0.000243  min_lr: 0.000243  loss: 0.1384 (0.1367)  reconst_loss: 0.0022 (0.0026)  code_loss: 0.1362 (0.1341)  weight_decay: 0.0500 (0.0500)  grad_norm: 0.0964 (0.6216)  time: 0.8586  data: 0.0004  max mem: 35168
Epoch: [4]  [  80/1416]  eta: 0:24:01  lr: 0.000243  min_lr: 0.000243  loss: 0.1421 (0.1376)  reconst_loss: 0.0021 (0.0025)  code_loss: 0.1401 (0.1351)  weight_decay: 0.0500 (0.0500)  grad_norm: 0.1443 (0.5635)  time: 0.8609  data: 0.0003  max mem: 35168
Epoch: [4]  [  90/1416]  eta: 0:23:19  lr: 0.000244  min_lr: 0.000244  loss: 0.1459 (0.1389)  reconst_loss: 0.0021 (0.0025)  code_loss: 0.1440 (0.1364)  weight_decay: 0.0500 (0.0500)  grad_norm: 0.1553 (0.5186)  time: 0.8653  data: 0.0003  max mem: 35168
Epoch: [4]  [ 100/1416]  eta: 0:22:44  lr: 0.000244  min_lr: 0.000244  loss: 0.1518 (0.1405)  reconst_loss: 0.0021 (0.0024)  code_loss: 0.1497 (0.1381)  weight_decay: 0.0500 (0.0500)  grad_norm: 0.1571 (0.4826)  time: 0.8684  data: 0.0003  max mem: 35168
Epoch: [4]  [ 110/1416]  eta: 0:22:13  lr: 0.000245  min_lr: 0.000245  loss: 0.1566 (0.1421)  reconst_loss: 0.0020 (0.0024)  code_loss: 0.1546 (0.1397)  weight_decay: 0.0500 (0.0500)  grad_norm: 0.1819 (0.4670)  time: 0.8648  data: 0.0002  max mem: 35168
Epoch: [4]  [ 120/1416]  eta: 0:21:46  lr: 0.000245  min_lr: 0.000245  loss: 0.1613 (0.1442)  reconst_loss: 0.0022 (0.0024)  code_loss: 0.1586 (0.1418)  weight_decay: 0.0500 (0.0500)  grad_norm: 0.6486 (0.5803)  time: 0.8608  data: 0.0004  max mem: 35168
Epoch: [4]  [ 130/1416]  eta: 0:21:21  lr: 0.000246  min_lr: 0.000246  loss: 0.1722 (0.1471)  reconst_loss: 0.0032 (0.0027)  code_loss: 0.1687 (0.1445)  weight_decay: 0.0500 (0.0500)  grad_norm: 2.9488 (0.8247)  time: 0.8597  data: 0.0005  max mem: 35168
Epoch: [4]  [ 140/1416]  eta: 0:20:59  lr: 0.000246  min_lr: 0.000246  loss: 0.2009 (0.1531)  reconst_loss: 0.0065 (0.0031)  code_loss: 0.1931 (0.1500)  weight_decay: 0.0500 (0.0500)  grad_norm: 5.4140 (1.3203)  time: 0.8610  data: 0.0005  max mem: 35168
Epoch: [4]  [ 150/1416]  eta: 0:20:38  lr: 0.000246  min_lr: 0.000246  loss: 0.2035 (0.1564)  reconst_loss: 0.0083 (0.0035)  code_loss: 0.1965 (0.1529)  weight_decay: 0.0500 (0.0500)  grad_norm: 6.2409 (1.6405)  time: 0.8583  data: 0.0005  max mem: 35168
Epoch: [4]  [ 160/1416]  eta: 0:20:19  lr: 0.000247  min_lr: 0.000247  loss: 0.1994 (0.1590)  reconst_loss: 0.0081 (0.0038)  code_loss: 0.1906 (0.1553)  weight_decay: 0.0500 (0.0500)  grad_norm: 5.9323 (1.9262)  time: 0.8586  data: 0.0005  max mem: 35168
Epoch: [4]  [ 170/1416]  eta: 0:20:02  lr: 0.000247  min_lr: 0.000247  loss: 0.1852 (0.1597)  reconst_loss: 0.0064 (0.0039)  code_loss: 0.1719 (0.1558)  weight_decay: 0.0500 (0.0500)  grad_norm: 4.8831 (1.9856)  time: 0.8661  data: 0.0003  max mem: 35168
Epoch: [4]  [ 180/1416]  eta: 0:19:45  lr: 0.000248  min_lr: 0.000248  loss: 0.1532 (0.1593)  reconst_loss: 0.0052 (0.0040)  code_loss: 0.1486 (0.1553)  weight_decay: 0.0500 (0.0500)  grad_norm: 0.6988 (1.9042)  time: 0.8656  data: 0.0003  max mem: 35168
Epoch: [4]  [ 190/1416]  eta: 0:19:29  lr: 0.000248  min_lr: 0.000248  loss: 0.1521 (0.1589)  reconst_loss: 0.0040 (0.0039)  code_loss: 0.1479 (0.1549)  weight_decay: 0.0500 (0.0500)  grad_norm: 0.4007 (1.8220)  time: 0.8603  data: 0.0003  max mem: 35168
Epoch: [4]  [ 200/1416]  eta: 0:19:15  lr: 0.000249  min_lr: 0.000249  loss: 0.1515 (0.1585)  reconst_loss: 0.0033 (0.0039)  code_loss: 0.1481 (0.1546)  weight_decay: 0.0500 (0.0500)  grad_norm: 0.3422 (1.7525)  time: 0.8629  data: 0.0002  max mem: 35168
Epoch: [4]  [ 210/1416]  eta: 0:19:00  lr: 0.000249  min_lr: 0.000249  loss: 0.1513 (0.1582)  reconst_loss: 0.0030 (0.0038)  code_loss: 0.1482 (0.1543)  weight_decay: 0.0500 (0.0500)  grad_norm: 0.3131 (1.6831)  time: 0.8676  data: 0.0002  max mem: 35168
Epoch: [4]  [ 220/1416]  eta: 0:18:46  lr: 0.000249  min_lr: 0.000249  loss: 0.1514 (0.1579)  reconst_loss: 0.0026 (0.0038)  code_loss: 0.1488 (0.1541)  weight_decay: 0.0500 (0.0500)  grad_norm: 0.2376 (1.6154)  time: 0.8656  data: 0.0003  max mem: 35168
Epoch: [4]  [ 230/1416]  eta: 0:18:33  lr: 0.000250  min_lr: 0.000250  loss: 0.1516 (0.1576)  reconst_loss: 0.0025 (0.0037)  code_loss: 0.1491 (0.1539)  weight_decay: 0.0500 (0.0500)  grad_norm: 0.1652 (1.5536)  time: 0.8617  data: 0.0004  max mem: 35168
Epoch: [4]  [ 240/1416]  eta: 0:18:20  lr: 0.000250  min_lr: 0.000250  loss: 0.1524 (0.1574)  reconst_loss: 0.0024 (0.0037)  code_loss: 0.1500 (0.1537)  weight_decay: 0.0500 (0.0500)  grad_norm: 0.2295 (1.4993)  time: 0.8637  data: 0.0004  max mem: 35168
Epoch: [4]  [ 250/1416]  eta: 0:18:07  lr: 0.000251  min_lr: 0.000251  loss: 0.1529 (0.1573)  reconst_loss: 0.0025 (0.0036)  code_loss: 0.1505 (0.1537)  weight_decay: 0.0500 (0.0500)  grad_norm: 0.2923 (1.4873)  time: 0.8641  data: 0.0004  max mem: 35168
Epoch: [4]  [ 260/1416]  eta: 0:17:55  lr: 0.000251  min_lr: 0.000251  loss: 0.1550 (0.1572)  reconst_loss: 0.0025 (0.0036)  code_loss: 0.1525 (0.1536)  weight_decay: 0.0500 (0.0500)  grad_norm: 0.7351 (1.4549)  time: 0.8656  data: 0.0004  max mem: 35168
Epoch: [4]  [ 270/1416]  eta: 0:17:43  lr: 0.000251  min_lr: 0.000251  loss: 0.1540 (0.1571)  reconst_loss: 0.0023 (0.0036)  code_loss: 0.1518 (0.1535)  weight_decay: 0.0500 (0.0500)  grad_norm: 0.4545 (1.4138)  time: 0.8695  data: 0.0004  max mem: 35168
Epoch: [4]  [ 280/1416]  eta: 0:17:31  lr: 0.000252  min_lr: 0.000252  loss: 0.1532 (0.1569)  reconst_loss: 0.0023 (0.0035)  code_loss: 0.1508 (0.1534)  weight_decay: 0.0500 (0.0500)  grad_norm: 0.2328 (1.3704)  time: 0.8668  data: 0.0004  max mem: 35168
Epoch: [4]  [ 290/1416]  eta: 0:17:20  lr: 0.000252  min_lr: 0.000252  loss: 0.1543 (0.1569)  reconst_loss: 0.0022 (0.0035)  code_loss: 0.1521 (0.1534)  weight_decay: 0.0500 (0.0500)  grad_norm: 0.2042 (1.3327)  time: 0.8649  data: 0.0004  max mem: 35168
Epoch: [4]  [ 300/1416]  eta: 0:17:08  lr: 0.000253  min_lr: 0.000253  loss: 0.1567 (0.1569)  reconst_loss: 0.0022 (0.0034)  code_loss: 0.1544 (0.1535)  weight_decay: 0.0500 (0.0500)  grad_norm: 0.2388 (1.2975)  time: 0.8645  data: 0.0004  max mem: 35168
Epoch: [4]  [ 310/1416]  eta: 0:16:57  lr: 0.000253  min_lr: 0.000253  loss: 0.1582 (0.1570)  reconst_loss: 0.0022 (0.0034)  code_loss: 0.1561 (0.1536)  weight_decay: 0.0500 (0.0500)  grad_norm: 0.2732 (1.2648)  time: 0.8657  data: 0.0002  max mem: 35168
Epoch: [4]  [ 320/1416]  eta: 0:16:46  lr: 0.000254  min_lr: 0.000254  loss: 0.1592 (0.1571)  reconst_loss: 0.0021 (0.0033)  code_loss: 0.1569 (0.1537)  weight_decay: 0.0500 (0.0500)  grad_norm: 0.2831 (1.2364)  time: 0.8646  data: 0.0003  max mem: 35168
Epoch: [4]  [ 330/1416]  eta: 0:16:35  lr: 0.000254  min_lr: 0.000254  loss: 0.1609 (0.1572)  reconst_loss: 0.0021 (0.0033)  code_loss: 0.1589 (0.1539)  weight_decay: 0.0500 (0.0500)  grad_norm: 0.4010 (1.2146)  time: 0.8653  data: 0.0004  max mem: 35168
Epoch: [4]  [ 340/1416]  eta: 0:16:24  lr: 0.000254  min_lr: 0.000254  loss: 0.1644 (0.1575)  reconst_loss: 0.0023 (0.0033)  code_loss: 0.1620 (0.1542)  weight_decay: 0.0500 (0.0500)  grad_norm: 0.8527 (1.2301)  time: 0.8643  data: 0.0005  max mem: 35168
Epoch: [4]  [ 350/1416]  eta: 0:16:13  lr: 0.000255  min_lr: 0.000255  loss: 0.1675 (0.1578)  reconst_loss: 0.0029 (0.0033)  code_loss: 0.1646 (0.1545)  weight_decay: 0.0500 (0.0500)  grad_norm: 1.7727 (1.2478)  time: 0.8599  data: 0.0004  max mem: 35168
Epoch: [4]  [ 360/1416]  eta: 0:16:03  lr: 0.000255  min_lr: 0.000255  loss: 0.1713 (0.1582)  reconst_loss: 0.0030 (0.0033)  code_loss: 0.1686 (0.1549)  weight_decay: 0.0500 (0.0500)  grad_norm: 1.4374 (1.2459)  time: 0.8639  data: 0.0003  max mem: 35168
Epoch: [4]  [ 370/1416]  eta: 0:15:52  lr: 0.000256  min_lr: 0.000256  loss: 0.1711 (0.1585)  reconst_loss: 0.0026 (0.0032)  code_loss: 0.1683 (0.1552)  weight_decay: 0.0500 (0.0500)  grad_norm: 0.8310 (1.2300)  time: 0.8649  data: 0.0004  max mem: 35168
Epoch: [4]  [ 380/1416]  eta: 0:15:42  lr: 0.000256  min_lr: 0.000256  loss: 0.1673 (0.1587)  reconst_loss: 0.0023 (0.0032)  code_loss: 0.1650 (0.1555)  weight_decay: 0.0500 (0.0500)  grad_norm: 0.4097 (1.2062)  time: 0.8622  data: 0.0004  max mem: 35168
Epoch: [4]  [ 390/1416]  eta: 0:15:32  lr: 0.000257  min_lr: 0.000257  loss: 0.1682 (0.1590)  reconst_loss: 0.0022 (0.0032)  code_loss: 0.1659 (0.1558)  weight_decay: 0.0500 (0.0500)  grad_norm: 0.3594 (1.1861)  time: 0.8632  data: 0.0004  max mem: 35168
Epoch: [4]  [ 400/1416]  eta: 0:15:21  lr: 0.000257  min_lr: 0.000257  loss: 0.1736 (0.1594)  reconst_loss: 0.0021 (0.0032)  code_loss: 0.1716 (0.1562)  weight_decay: 0.0500 (0.0500)  grad_norm: 0.3907 (1.1657)  time: 0.8633  data: 0.0004  max mem: 35168
Epoch: [4]  [ 410/1416]  eta: 0:15:11  lr: 0.000257  min_lr: 0.000257  loss: 0.1765 (0.1599)  reconst_loss: 0.0021 (0.0031)  code_loss: 0.1745 (0.1567)  weight_decay: 0.0500 (0.0500)  grad_norm: 0.3629 (1.1495)  time: 0.8651  data: 0.0003  max mem: 35168
Epoch: [4]  [ 420/1416]  eta: 0:15:01  lr: 0.000258  min_lr: 0.000258  loss: 0.1819 (0.1605)  reconst_loss: 0.0021 (0.0031)  code_loss: 0.1797 (0.1574)  weight_decay: 0.0500 (0.0500)  grad_norm: 0.6527 (1.1391)  time: 0.8639  data: 0.0003  max mem: 35168
Epoch: [4]  [ 430/1416]  eta: 0:14:51  lr: 0.000258  min_lr: 0.000258  loss: 0.1875 (0.1612)  reconst_loss: 0.0020 (0.0031)  code_loss: 0.1854 (0.1581)  weight_decay: 0.0500 (0.0500)  grad_norm: 0.6379 (1.1248)  time: 0.8630  data: 0.0002  max mem: 35168
Epoch: [4]  [ 440/1416]  eta: 0:14:41  lr: 0.000259  min_lr: 0.000259  loss: 0.1908 (0.1619)  reconst_loss: 0.0020 (0.0031)  code_loss: 0.1889 (0.1588)  weight_decay: 0.0500 (0.0500)  grad_norm: 0.4212 (1.1091)  time: 0.8645  data: 0.0003  max mem: 35168
Epoch: [4]  [ 450/1416]  eta: 0:14:31  lr: 0.000259  min_lr: 0.000259  loss: 0.1946 (0.1627)  reconst_loss: 0.0021 (0.0031)  code_loss: 0.1924 (0.1596)  weight_decay: 0.0500 (0.0500)  grad_norm: 0.6192 (1.1018)  time: 0.8633  data: 0.0003  max mem: 35168
Epoch: [4]  [ 460/1416]  eta: 0:14:21  lr: 0.000260  min_lr: 0.000260  loss: 0.2010 (0.1636)  reconst_loss: 0.0021 (0.0030)  code_loss: 0.1987 (0.1605)  weight_decay: 0.0500 (0.0500)  grad_norm: 0.7168 (1.0914)  time: 0.8616  data: 0.0004  max mem: 35168
Epoch: [4]  [ 470/1416]  eta: 0:14:12  lr: 0.000260  min_lr: 0.000260  loss: 0.2053 (0.1645)  reconst_loss: 0.0021 (0.0030)  code_loss: 0.2030 (0.1615)  weight_decay: 0.0500 (0.0500)  grad_norm: 0.6844 (1.0868)  time: 0.8618  data: 0.0004  max mem: 35168
Epoch: [4]  [ 480/1416]  eta: 0:14:02  lr: 0.000260  min_lr: 0.000260  loss: 0.2092 (0.1655)  reconst_loss: 0.0024 (0.0030)  code_loss: 0.2069 (0.1625)  weight_decay: 0.0500 (0.0500)  grad_norm: 1.0173 (1.0861)  time: 0.8662  data: 0.0005  max mem: 35168
Epoch: [4]  [ 490/1416]  eta: 0:13:52  lr: 0.000261  min_lr: 0.000261  loss: 0.2144 (0.1666)  reconst_loss: 0.0026 (0.0030)  code_loss: 0.2118 (0.1636)  weight_decay: 0.0500 (0.0500)  grad_norm: 0.9595 (1.0816)  time: 0.8674  data: 0.0005  max mem: 35168
Epoch: [4]  [ 500/1416]  eta: 0:13:43  lr: 0.000261  min_lr: 0.000261  loss: 0.2189 (0.1677)  reconst_loss: 0.0024 (0.0030)  code_loss: 0.2164 (0.1647)  weight_decay: 0.0500 (0.0500)  grad_norm: 0.6913 (1.0718)  time: 0.8648  data: 0.0004  max mem: 35168
Epoch: [4]  [ 510/1416]  eta: 0:13:33  lr: 0.000262  min_lr: 0.000262  loss: 0.2238 (0.1688)  reconst_loss: 0.0022 (0.0030)  code_loss: 0.2216 (0.1658)  weight_decay: 0.0500 (0.0500)  grad_norm: 0.5125 (1.0590)  time: 0.8650  data: 0.0003  max mem: 35168
Epoch: [4]  [ 520/1416]  eta: 0:13:23  lr: 0.000262  min_lr: 0.000262  loss: 0.2246 (0.1698)  reconst_loss: 0.0021 (0.0030)  code_loss: 0.2224 (0.1669)  weight_decay: 0.0500 (0.0500)  grad_norm: 0.3805 (1.0481)  time: 0.8620  data: 0.0006  max mem: 35168
Epoch: [4]  [ 530/1416]  eta: 0:13:14  lr: 0.000262  min_lr: 0.000262  loss: 0.2252 (0.1709)  reconst_loss: 0.0022 (0.0029)  code_loss: 0.2229 (0.1680)  weight_decay: 0.0500 (0.0500)  grad_norm: 0.6588 (1.0428)  time: 0.8617  data: 0.0009  max mem: 35168
Epoch: [4]  [ 540/1416]  eta: 0:13:04  lr: 0.000263  min_lr: 0.000263  loss: 0.2308 (0.1721)  reconst_loss: 0.0022 (0.0029)  code_loss: 0.2286 (0.1692)  weight_decay: 0.0500 (0.0500)  grad_norm: 0.6296 (1.0332)  time: 0.8648  data: 0.0007  max mem: 35168
Epoch: [4]  [ 550/1416]  eta: 0:12:55  lr: 0.000263  min_lr: 0.000263  loss: 0.2340 (0.1732)  reconst_loss: 0.0020 (0.0029)  code_loss: 0.2320 (0.1703)  weight_decay: 0.0500 (0.0500)  grad_norm: 0.5249 (1.0273)  time: 0.8631  data: 0.0004  max mem: 35168
Epoch: [4]  [ 560/1416]  eta: 0:12:46  lr: 0.000264  min_lr: 0.000264  loss: 0.2361 (0.1744)  reconst_loss: 0.0020 (0.0029)  code_loss: 0.2337 (0.1715)  weight_decay: 0.0500 (0.0500)  grad_norm: 0.8605 (1.0254)  time: 0.8642  data: 0.0003  max mem: 35168
Epoch: [4]  [ 570/1416]  eta: 0:12:36  lr: 0.000264  min_lr: 0.000264  loss: 0.2366 (0.1768)  reconst_loss: 0.0025 (0.0029)  code_loss: 0.2344 (0.1739)  weight_decay: 0.0500 (0.0500)  grad_norm: 1.1943 (1.1062)  time: 0.8647  data: 0.0004  max mem: 35168
Epoch: [4]  [ 580/1416]  eta: 0:12:27  lr: 0.000265  min_lr: 0.000265  loss: 0.3041 (0.1866)  reconst_loss: 0.0069 (0.0031)  code_loss: 0.2957 (0.1835)  weight_decay: 0.0500 (0.0500)  grad_norm: 15.4819 (1.5630)  time: 0.8593  data: 0.0004  max mem: 35168
Epoch: [4]  [ 590/1416]  eta: 0:12:17  lr: 0.000265  min_lr: 0.000265  loss: 0.3041 (0.1873)  reconst_loss: 0.0079 (0.0032)  code_loss: 0.2957 (0.1841)  weight_decay: 0.0500 (0.0500)  grad_norm: 15.4819 (1.6677)  time: 0.8610  data: 0.0004  max mem: 35168
Epoch: [4]  [ 600/1416]  eta: 0:12:08  lr: 0.000265  min_lr: 0.000265  loss: 0.1648 (0.1869)  reconst_loss: 0.0056 (0.0032)  code_loss: 0.1599 (0.1837)  weight_decay: 0.0500 (0.0500)  grad_norm: 0.7427 (1.6472)  time: 0.8645  data: 0.0003  max mem: 35168
Epoch: [4]  [ 610/1416]  eta: 0:11:59  lr: 0.000266  min_lr: 0.000266  loss: 0.1615 (0.1865)  reconst_loss: 0.0041 (0.0032)  code_loss: 0.1575 (0.1833)  weight_decay: 0.0500 (0.0500)  grad_norm: 0.2852 (1.6240)  time: 0.8654  data: 0.0003  max mem: 35168
Epoch: [4]  [ 620/1416]  eta: 0:11:49  lr: 0.000266  min_lr: 0.000266  loss: 0.1592 (0.1860)  reconst_loss: 0.0035 (0.0032)  code_loss: 0.1558 (0.1828)  weight_decay: 0.0500 (0.0500)  grad_norm: 0.1883 (1.6003)  time: 0.8673  data: 0.0003  max mem: 35168
Epoch: [4]  [ 630/1416]  eta: 0:11:40  lr: 0.000267  min_lr: 0.000267  loss: 0.1576 (0.1856)  reconst_loss: 0.0030 (0.0032)  code_loss: 0.1546 (0.1824)  weight_decay: 0.0500 (0.0500)  grad_norm: 0.1774 (1.5785)  time: 0.8640  data: 0.0003  max mem: 35168
Epoch: [4]  [ 640/1416]  eta: 0:11:31  lr: 0.000267  min_lr: 0.000267  loss: 0.1561 (0.1851)  reconst_loss: 0.0028 (0.0032)  code_loss: 0.1535 (0.1819)  weight_decay: 0.0500 (0.0500)  grad_norm: 0.2123 (1.5574)  time: 0.8637  data: 0.0003  max mem: 35168
Epoch: [4]  [ 650/1416]  eta: 0:11:22  lr: 0.000268  min_lr: 0.000268  loss: 0.1547 (0.1846)  reconst_loss: 0.0026 (0.0032)  code_loss: 0.1520 (0.1814)  weight_decay: 0.0500 (0.0500)  grad_norm: 0.2193 (1.5370)  time: 0.8663  data: 0.0003  max mem: 35168
Epoch: [4]  [ 660/1416]  eta: 0:11:13  lr: 0.000268  min_lr: 0.000268  loss: 0.1538 (0.1841)  reconst_loss: 0.0026 (0.0032)  code_loss: 0.1512 (0.1810)  weight_decay: 0.0500 (0.0500)  grad_norm: 0.2300 (1.5225)  time: 0.8659  data: 0.0002  max mem: 35168
Epoch: [4]  [ 670/1416]  eta: 0:11:03  lr: 0.000268  min_lr: 0.000268  loss: 0.1536 (0.1837)  reconst_loss: 0.0028 (0.0032)  code_loss: 0.1510 (0.1805)  weight_decay: 0.0500 (0.0500)  grad_norm: 0.9575 (1.5165)  time: 0.8629  data: 0.0003  max mem: 35168
Epoch: [4]  [ 680/1416]  eta: 0:10:54  lr: 0.000269  min_lr: 0.000269  loss: 0.1527 (0.1832)  reconst_loss: 0.0026 (0.0031)  code_loss: 0.1501 (0.1801)  weight_decay: 0.0500 (0.0500)  grad_norm: 0.9194 (1.5052)  time: 0.8660  data: 0.0002  max mem: 35168
Epoch: [4]  [ 690/1416]  eta: 0:10:45  lr: 0.000269  min_lr: 0.000269  loss: 0.1505 (0.1827)  reconst_loss: 0.0025 (0.0031)  code_loss: 0.1480 (0.1796)  weight_decay: 0.0500 (0.0500)  grad_norm: 0.4724 (1.4880)  time: 0.8665  data: 0.0003  max mem: 35168
Epoch: [4]  [ 700/1416]  eta: 0:10:36  lr: 0.000270  min_lr: 0.000270  loss: 0.1494 (0.1823)  reconst_loss: 0.0024 (0.0031)  code_loss: 0.1470 (0.1791)  weight_decay: 0.0500 (0.0500)  grad_norm: 0.2093 (1.4693)  time: 0.8614  data: 0.0003  max mem: 35168
Epoch: [4]  [ 710/1416]  eta: 0:10:27  lr: 0.000270  min_lr: 0.000270  loss: 0.1487 (0.1818)  reconst_loss: 0.0023 (0.0031)  code_loss: 0.1464 (0.1787)  weight_decay: 0.0500 (0.0500)  grad_norm: 0.1653 (1.4516)  time: 0.8632  data: 0.0004  max mem: 35168
Epoch: [4]  [ 720/1416]  eta: 0:10:18  lr: 0.000271  min_lr: 0.000271  loss: 0.1483 (0.1813)  reconst_loss: 0.0023 (0.0031)  code_loss: 0.1460 (0.1782)  weight_decay: 0.0500 (0.0500)  grad_norm: 0.4889 (1.4418)  time: 0.8641  data: 0.0004  max mem: 35168
Epoch: [4]  [ 730/1416]  eta: 0:10:08  lr: 0.000271  min_lr: 0.000271  loss: 0.1471 (0.1808)  reconst_loss: 0.0024 (0.0031)  code_loss: 0.1449 (0.1777)  weight_decay: 0.0500 (0.0500)  grad_norm: 0.5704 (1.4291)  time: 0.8631  data: 0.0004  max mem: 35168
Epoch: [4]  [ 740/1416]  eta: 0:09:59  lr: 0.000271  min_lr: 0.000271  loss: 0.1454 (0.1804)  reconst_loss: 0.0022 (0.0031)  code_loss: 0.1430 (0.1773)  weight_decay: 0.0500 (0.0500)  grad_norm: 0.3929 (1.4142)  time: 0.8667  data: 0.0003  max mem: 35168
Epoch: [4]  [ 750/1416]  eta: 0:09:50  lr: 0.000272  min_lr: 0.000272  loss: 0.1444 (0.1799)  reconst_loss: 0.0022 (0.0031)  code_loss: 0.1422 (0.1768)  weight_decay: 0.0500 (0.0500)  grad_norm: 0.2816 (1.3989)  time: 0.8670  data: 0.0003  max mem: 35168
Epoch: [4]  [ 760/1416]  eta: 0:09:41  lr: 0.000272  min_lr: 0.000272  loss: 0.1444 (0.1794)  reconst_loss: 0.0022 (0.0031)  code_loss: 0.1422 (0.1763)  weight_decay: 0.0500 (0.0500)  grad_norm: 0.2776 (1.3862)  time: 0.8671  data: 0.0002  max mem: 35168
Epoch: [4]  [ 770/1416]  eta: 0:09:32  lr: 0.000273  min_lr: 0.000273  loss: 0.1448 (0.1790)  reconst_loss: 0.0023 (0.0031)  code_loss: 0.1426 (0.1760)  weight_decay: 0.0500 (0.0500)  grad_norm: 0.6951 (1.3877)  time: 0.8657  data: 0.0003  max mem: 35168
Epoch: [4]  [ 780/1416]  eta: 0:09:23  lr: 0.000273  min_lr: 0.000273  loss: 0.1549 (0.1788)  reconst_loss: 0.0035 (0.0031)  code_loss: 0.1501 (0.1757)  weight_decay: 0.0500 (0.0500)  grad_norm: 2.7774 (1.4230)  time: 0.8609  data: 0.0003  max mem: 35168
Epoch: [4]  [ 790/1416]  eta: 0:09:14  lr: 0.000274  min_lr: 0.000274  loss: 0.1549 (0.1784)  reconst_loss: 0.0055 (0.0031)  code_loss: 0.1501 (0.1753)  weight_decay: 0.0500 (0.0500)  grad_norm: 2.6104 (1.4213)  time: 0.8618  data: 0.0003  max mem: 35168
Epoch: [4]  [ 800/1416]  eta: 0:09:05  lr: 0.000274  min_lr: 0.000274  loss: 0.1440 (0.1780)  reconst_loss: 0.0046 (0.0031)  code_loss: 0.1397 (0.1748)  weight_decay: 0.0500 (0.0500)  grad_norm: 0.3209 (1.4055)  time: 0.8691  data: 0.0003  max mem: 35168
Epoch: [4]  [ 810/1416]  eta: 0:08:56  lr: 0.000274  min_lr: 0.000274  loss: 0.1438 (0.1776)  reconst_loss: 0.0032 (0.0031)  code_loss: 0.1405 (0.1744)  weight_decay: 0.0500 (0.0500)  grad_norm: 0.2077 (1.3921)  time: 0.8707  data: 0.0004  max mem: 35168
Epoch: [4]  [ 820/1416]  eta: 0:08:47  lr: 0.000275  min_lr: 0.000275  loss: 0.1466 (0.1772)  reconst_loss: 0.0029 (0.0031)  code_loss: 0.1435 (0.1741)  weight_decay: 0.0500 (0.0500)  grad_norm: 0.2265 (1.3775)  time: 0.8636  data: 0.0004  max mem: 35168
Epoch: [4]  [ 830/1416]  eta: 0:08:38  lr: 0.000275  min_lr: 0.000275  loss: 0.1502 (0.1769)  reconst_loss: 0.0026 (0.0031)  code_loss: 0.1476 (0.1738)  weight_decay: 0.0500 (0.0500)  grad_norm: 0.1526 (1.3626)  time: 0.8593  data: 0.0004  max mem: 35168
Epoch: [4]  [ 840/1416]  eta: 0:08:29  lr: 0.000276  min_lr: 0.000276  loss: 0.1558 (0.1767)  reconst_loss: 0.0023 (0.0031)  code_loss: 0.1535 (0.1736)  weight_decay: 0.0500 (0.0500)  grad_norm: 0.1367 (1.3482)  time: 0.8644  data: 0.0005  max mem: 35168
Epoch: [4]  [ 850/1416]  eta: 0:08:20  lr: 0.000276  min_lr: 0.000276  loss: 0.1616 (0.1766)  reconst_loss: 0.0022 (0.0031)  code_loss: 0.1596 (0.1735)  weight_decay: 0.0500 (0.0500)  grad_norm: 0.1360 (1.3339)  time: 0.8676  data: 0.0005  max mem: 35168
Epoch: [4]  [ 860/1416]  eta: 0:08:11  lr: 0.000276  min_lr: 0.000276  loss: 0.1684 (0.1765)  reconst_loss: 0.0022 (0.0031)  code_loss: 0.1664 (0.1734)  weight_decay: 0.0500 (0.0500)  grad_norm: 0.1772 (1.3234)  time: 0.8652  data: 0.0003  max mem: 35168
Epoch: [4]  [ 870/1416]  eta: 0:08:02  lr: 0.000277  min_lr: 0.000277  loss: 0.1741 (0.1765)  reconst_loss: 0.0022 (0.0031)  code_loss: 0.1718 (0.1734)  weight_decay: 0.0500 (0.0500)  grad_norm: 0.3558 (1.3124)  time: 0.8645  data: 0.0002  max mem: 35168
Epoch: [4]  [ 880/1416]  eta: 0:07:53  lr: 0.000277  min_lr: 0.000277  loss: 0.1761 (0.1765)  reconst_loss: 0.0020 (0.0031)  code_loss: 0.1741 (0.1734)  weight_decay: 0.0500 (0.0500)  grad_norm: 0.2649 (1.3001)  time: 0.8636  data: 0.0002  max mem: 35168
Epoch: [4]  [ 890/1416]  eta: 0:07:44  lr: 0.000278  min_lr: 0.000278  loss: 0.1782 (0.1766)  reconst_loss: 0.0020 (0.0031)  code_loss: 0.1761 (0.1735)  weight_decay: 0.0500 (0.0500)  grad_norm: 0.2403 (1.2898)  time: 0.8648  data: 0.0005  max mem: 35168
Epoch: [4]  [ 900/1416]  eta: 0:07:35  lr: 0.000278  min_lr: 0.000278  loss: 0.1830 (0.1767)  reconst_loss: 0.0020 (0.0031)  code_loss: 0.1810 (0.1736)  weight_decay: 0.0500 (0.0500)  grad_norm: 0.3823 (1.2804)  time: 0.8652  data: 0.0006  max mem: 35168
Epoch: [4]  [ 910/1416]  eta: 0:07:26  lr: 0.000279  min_lr: 0.000279  loss: 0.1845 (0.1767)  reconst_loss: 0.0020 (0.0030)  code_loss: 0.1826 (0.1737)  weight_decay: 0.0500 (0.0500)  grad_norm: 0.3395 (1.2694)  time: 0.8660  data: 0.0005  max mem: 35168
Epoch: [4]  [ 920/1416]  eta: 0:07:18  lr: 0.000279  min_lr: 0.000279  loss: 0.1849 (0.1769)  reconst_loss: 0.0020 (0.0030)  code_loss: 0.1830 (0.1738)  weight_decay: 0.0500 (0.0500)  grad_norm: 0.2564 (1.2625)  time: 0.8685  data: 0.0004  max mem: 35168
Epoch: [4]  [ 930/1416]  eta: 0:07:09  lr: 0.000279  min_lr: 0.000279  loss: 0.1938 (0.1804)  reconst_loss: 0.0034 (0.0031)  code_loss: 0.1905 (0.1773)  weight_decay: 0.0500 (0.0500)  grad_norm: 2.4691 (1.4305)  time: 0.8714  data: 0.0003  max mem: 35168
Epoch: [4]  [ 940/1416]  eta: 0:07:00  lr: 0.000280  min_lr: 0.000280  loss: 0.3117 (0.1827)  reconst_loss: 0.0073 (0.0031)  code_loss: 0.3052 (0.1795)  weight_decay: 0.0500 (0.0500)  grad_norm: 16.4904 (1.6303)  time: 0.8720  data: 0.0003  max mem: 35168
Epoch: [4]  [ 950/1416]  eta: 0:06:51  lr: 0.000280  min_lr: 0.000280  loss: 0.2693 (0.1830)  reconst_loss: 0.0076 (0.0032)  code_loss: 0.2627 (0.1798)  weight_decay: 0.0500 (0.0500)  grad_norm: 13.4513 (1.6809)  time: 0.8684  data: 0.0003  max mem: 35168
Epoch: [4]  [ 960/1416]  eta: 0:06:42  lr: 0.000281  min_lr: 0.000281  loss: 0.1759 (0.1829)  reconst_loss: 0.0065 (0.0032)  code_loss: 0.1695 (0.1796)  weight_decay: 0.0500 (0.0500)  grad_norm: 0.8831 (1.6687)  time: 0.8679  data: 0.0002  max mem: 35168
Epoch: [4]  [ 970/1416]  eta: 0:06:33  lr: 0.000281  min_lr: 0.000281  loss: 0.1696 (0.1827)  reconst_loss: 0.0046 (0.0032)  code_loss: 0.1648 (0.1795)  weight_decay: 0.0500 (0.0500)  grad_norm: 0.3038 (1.6540)  time: 0.8693  data: 0.0003  max mem: 35168
Epoch: [4]  [ 980/1416]  eta: 0:06:24  lr: 0.000282  min_lr: 0.000282  loss: 0.1655 (0.1825)  reconst_loss: 0.0039 (0.0032)  code_loss: 0.1618 (0.1793)  weight_decay: 0.0500 (0.0500)  grad_norm: 0.2151 (1.6392)  time: 0.8668  data: 0.0004  max mem: 35168
Epoch: [4]  [ 990/1416]  eta: 0:06:15  lr: 0.000282  min_lr: 0.000282  loss: 0.1630 (0.1823)  reconst_loss: 0.0033 (0.0032)  code_loss: 0.1595 (0.1791)  weight_decay: 0.0500 (0.0500)  grad_norm: 0.1794 (1.6244)  time: 0.8663  data: 0.0003  max mem: 35168
Epoch: [4]  [1000/1416]  eta: 0:06:06  lr: 0.000282  min_lr: 0.000282  loss: 0.1599 (0.1821)  reconst_loss: 0.0029 (0.0032)  code_loss: 0.1568 (0.1788)  weight_decay: 0.0500 (0.0500)  grad_norm: 0.1511 (1.6095)  time: 0.8674  data: 0.0003  max mem: 35168
Epoch: [4]  [1010/1416]  eta: 0:05:58  lr: 0.000283  min_lr: 0.000283  loss: 0.1570 (0.1818)  reconst_loss: 0.0028 (0.0032)  code_loss: 0.1544 (0.1786)  weight_decay: 0.0500 (0.0500)  grad_norm: 0.1498 (1.5956)  time: 0.8669  data: 0.0003  max mem: 35168
Epoch: [4]  [1020/1416]  eta: 0:05:49  lr: 0.000283  min_lr: 0.000283  loss: 0.1554 (0.1816)  reconst_loss: 0.0027 (0.0032)  code_loss: 0.1526 (0.1783)  weight_decay: 0.0500 (0.0500)  grad_norm: 0.1724 (1.5815)  time: 0.8685  data: 0.0003  max mem: 35168
Epoch: [4]  [1030/1416]  eta: 0:05:40  lr: 0.000284  min_lr: 0.000284  loss: 0.1540 (0.1813)  reconst_loss: 0.0026 (0.0032)  code_loss: 0.1515 (0.1781)  weight_decay: 0.0500 (0.0500)  grad_norm: 0.1626 (1.5723)  time: 0.8692  data: 0.0004  max mem: 35168
Epoch: [4]  [1040/1416]  eta: 0:05:31  lr: 0.000284  min_lr: 0.000284  loss: 0.1534 (0.1810)  reconst_loss: 0.0029 (0.0032)  code_loss: 0.1508 (0.1778)  weight_decay: 0.0500 (0.0500)  grad_norm: 0.9430 (1.5686)  time: 0.8676  data: 0.0004  max mem: 35168
Epoch: [4]  [1050/1416]  eta: 0:05:22  lr: 0.000285  min_lr: 0.000285  loss: 0.1513 (0.1807)  reconst_loss: 0.0028 (0.0032)  code_loss: 0.1485 (0.1775)  weight_decay: 0.0500 (0.0500)  grad_norm: 0.8609 (1.5599)  time: 0.8675  data: 0.0004  max mem: 35168
Epoch: [4]  [1060/1416]  eta: 0:05:13  lr: 0.000285  min_lr: 0.000285  loss: 0.1487 (0.1804)  reconst_loss: 0.0025 (0.0032)  code_loss: 0.1462 (0.1772)  weight_decay: 0.0500 (0.0500)  grad_norm: 0.4788 (1.5493)  time: 0.8617  data: 0.0003  max mem: 35168
Epoch: [4]  [1070/1416]  eta: 0:05:04  lr: 0.000285  min_lr: 0.000285  loss: 0.1475 (0.1801)  reconst_loss: 0.0022 (0.0032)  code_loss: 0.1453 (0.1769)  weight_decay: 0.0500 (0.0500)  grad_norm: 0.2818 (1.5367)  time: 0.8633  data: 0.0002  max mem: 35168
Epoch: [4]  [1080/1416]  eta: 0:04:55  lr: 0.000286  min_lr: 0.000286  loss: 0.1474 (0.1798)  reconst_loss: 0.0022 (0.0032)  code_loss: 0.1452 (0.1766)  weight_decay: 0.0500 (0.0500)  grad_norm: 0.1722 (1.5240)  time: 0.8680  data: 0.0003  max mem: 35168
Epoch: [4]  [1090/1416]  eta: 0:04:47  lr: 0.000286  min_lr: 0.000286  loss: 0.1476 (0.1795)  reconst_loss: 0.0021 (0.0032)  code_loss: 0.1454 (0.1763)  weight_decay: 0.0500 (0.0500)  grad_norm: 0.1816 (1.5123)  time: 0.8663  data: 0.0004  max mem: 35168
Epoch: [4]  [1100/1416]  eta: 0:04:38  lr: 0.000287  min_lr: 0.000287  loss: 0.1481 (0.1792)  reconst_loss: 0.0021 (0.0032)  code_loss: 0.1460 (0.1761)  weight_decay: 0.0500 (0.0500)  grad_norm: 0.2456 (1.5011)  time: 0.8652  data: 0.0003  max mem: 35168
Epoch: [4]  [1110/1416]  eta: 0:04:29  lr: 0.000287  min_lr: 0.000287  loss: 0.1484 (0.1790)  reconst_loss: 0.0021 (0.0032)  code_loss: 0.1465 (0.1758)  weight_decay: 0.0500 (0.0500)  grad_norm: 0.1965 (1.4892)  time: 0.8608  data: 0.0003  max mem: 35168
Epoch: [4]  [1120/1416]  eta: 0:04:20  lr: 0.000287  min_lr: 0.000287  loss: 0.1504 (0.1787)  reconst_loss: 0.0023 (0.0032)  code_loss: 0.1484 (0.1756)  weight_decay: 0.0500 (0.0500)  grad_norm: 0.3296 (1.4901)  time: 0.8633  data: 0.0004  max mem: 35168
Epoch: [4]  [1130/1416]  eta: 0:04:11  lr: 0.000288  min_lr: 0.000288  loss: 0.1543 (0.1785)  reconst_loss: 0.0025 (0.0032)  code_loss: 0.1520 (0.1754)  weight_decay: 0.0500 (0.0500)  grad_norm: 1.1659 (1.4860)  time: 0.8676  data: 0.0004  max mem: 35168
Epoch: [4]  [1140/1416]  eta: 0:04:02  lr: 0.000288  min_lr: 0.000288  loss: 0.1546 (0.1783)  reconst_loss: 0.0022 (0.0031)  code_loss: 0.1524 (0.1752)  weight_decay: 0.0500 (0.0500)  grad_norm: 0.7980 (1.4777)  time: 0.8671  data: 0.0003  max mem: 35168
Epoch: [4]  [1150/1416]  eta: 0:03:54  lr: 0.000289  min_lr: 0.000289  loss: 0.1556 (0.1781)  reconst_loss: 0.0021 (0.0031)  code_loss: 0.1535 (0.1750)  weight_decay: 0.0500 (0.0500)  grad_norm: 0.4119 (1.4681)  time: 0.8644  data: 0.0004  max mem: 35168
Epoch: [4]  [1160/1416]  eta: 0:03:45  lr: 0.000289  min_lr: 0.000289  loss: 0.1573 (0.1780)  reconst_loss: 0.0020 (0.0031)  code_loss: 0.1551 (0.1748)  weight_decay: 0.0500 (0.0500)  grad_norm: 0.3621 (1.4589)  time: 0.8667  data: 0.0004  max mem: 35168
Epoch: [4]  [1170/1416]  eta: 0:03:36  lr: 0.000290  min_lr: 0.000290  loss: 0.1600 (0.1778)  reconst_loss: 0.0020 (0.0031)  code_loss: 0.1581 (0.1747)  weight_decay: 0.0500 (0.0500)  grad_norm: 0.4076 (1.4500)  time: 0.8658  data: 0.0004  max mem: 35168
Epoch: [4]  [1180/1416]  eta: 0:03:27  lr: 0.000290  min_lr: 0.000290  loss: 0.1620 (0.1777)  reconst_loss: 0.0019 (0.0031)  code_loss: 0.1601 (0.1746)  weight_decay: 0.0500 (0.0500)  grad_norm: 0.4001 (1.4410)  time: 0.8628  data: 0.0003  max mem: 35168
Epoch: [4]  [1190/1416]  eta: 0:03:18  lr: 0.000290  min_lr: 0.000290  loss: 0.1641 (0.1776)  reconst_loss: 0.0020 (0.0031)  code_loss: 0.1623 (0.1745)  weight_decay: 0.0500 (0.0500)  grad_norm: 0.3984 (1.4323)  time: 0.8621  data: 0.0003  max mem: 35168
Epoch: [4]  [1200/1416]  eta: 0:03:09  lr: 0.000291  min_lr: 0.000291  loss: 0.1690 (0.1775)  reconst_loss: 0.0020 (0.0031)  code_loss: 0.1669 (0.1745)  weight_decay: 0.0500 (0.0500)  grad_norm: 0.4514 (1.4251)  time: 0.8556  data: 0.0007  max mem: 35168
Epoch: [4]  [1210/1416]  eta: 0:03:01  lr: 0.000291  min_lr: 0.000291  loss: 0.1732 (0.1775)  reconst_loss: 0.0020 (0.0031)  code_loss: 0.1711 (0.1745)  weight_decay: 0.0500 (0.0500)  grad_norm: 0.5992 (1.4209)  time: 0.8445  data: 0.0006  max mem: 35168
Epoch: [4]  [1220/1416]  eta: 0:02:52  lr: 0.000292  min_lr: 0.000292  loss: 0.1784 (0.1776)  reconst_loss: 0.0024 (0.0031)  code_loss: 0.1762 (0.1745)  weight_decay: 0.0500 (0.0500)  grad_norm: 1.4003 (1.4441)  time: 0.8353  data: 0.0001  max mem: 35168
Epoch: [4]  [1230/1416]  eta: 0:02:43  lr: 0.000292  min_lr: 0.000292  loss: 0.1841 (0.1777)  reconst_loss: 0.0039 (0.0031)  code_loss: 0.1796 (0.1746)  weight_decay: 0.0500 (0.0500)  grad_norm: 3.5463 (1.4587)  time: 0.8366  data: 0.0001  max mem: 35168
Epoch: [4]  [1240/1416]  eta: 0:02:34  lr: 0.000293  min_lr: 0.000293  loss: 0.1803 (0.1777)  reconst_loss: 0.0036 (0.0031)  code_loss: 0.1759 (0.1746)  weight_decay: 0.0500 (0.0500)  grad_norm: 2.1674 (1.4582)  time: 0.8365  data: 0.0001  max mem: 35168
Epoch: [4]  [1250/1416]  eta: 0:02:25  lr: 0.000293  min_lr: 0.000293  loss: 0.1732 (0.1776)  reconst_loss: 0.0029 (0.0031)  code_loss: 0.1701 (0.1745)  weight_decay: 0.0500 (0.0500)  grad_norm: 0.4724 (1.4488)  time: 0.8365  data: 0.0002  max mem: 35168
Epoch: [4]  [1260/1416]  eta: 0:02:16  lr: 0.000293  min_lr: 0.000293  loss: 0.1741 (0.1776)  reconst_loss: 0.0023 (0.0031)  code_loss: 0.1720 (0.1745)  weight_decay: 0.0500 (0.0500)  grad_norm: 0.1640 (1.4384)  time: 0.8396  data: 0.0002  max mem: 35168
Epoch: [4]  [1270/1416]  eta: 0:02:08  lr: 0.000294  min_lr: 0.000294  loss: 0.1783 (0.1776)  reconst_loss: 0.0022 (0.0031)  code_loss: 0.1761 (0.1746)  weight_decay: 0.0500 (0.0500)  grad_norm: 0.1421 (1.4283)  time: 0.8396  data: 0.0001  max mem: 35168
Epoch: [4]  [1280/1416]  eta: 0:01:59  lr: 0.000294  min_lr: 0.000294  loss: 0.1822 (0.1777)  reconst_loss: 0.0021 (0.0031)  code_loss: 0.1800 (0.1746)  weight_decay: 0.0500 (0.0500)  grad_norm: 0.1890 (1.4200)  time: 0.8378  data: 0.0002  max mem: 35168
Epoch: [4]  [1290/1416]  eta: 0:01:50  lr: 0.000295  min_lr: 0.000295  loss: 0.1877 (0.1778)  reconst_loss: 0.0021 (0.0031)  code_loss: 0.1855 (0.1747)  weight_decay: 0.0500 (0.0500)  grad_norm: 0.4496 (1.4125)  time: 0.8353  data: 0.0004  max mem: 35168
Epoch: [4]  [1300/1416]  eta: 0:01:41  lr: 0.000295  min_lr: 0.000295  loss: 0.1890 (0.1779)  reconst_loss: 0.0022 (0.0031)  code_loss: 0.1867 (0.1748)  weight_decay: 0.0500 (0.0500)  grad_norm: 0.4568 (1.4058)  time: 0.8367  data: 0.0003  max mem: 35168
Epoch: [4]  [1310/1416]  eta: 0:01:32  lr: 0.000296  min_lr: 0.000296  loss: 0.1902 (0.1780)  reconst_loss: 0.0020 (0.0030)  code_loss: 0.1882 (0.1749)  weight_decay: 0.0500 (0.0500)  grad_norm: 0.3961 (1.3980)  time: 0.8393  data: 0.0001  max mem: 35168
Epoch: [4]  [1320/1416]  eta: 0:01:24  lr: 0.000296  min_lr: 0.000296  loss: 0.1902 (0.1781)  reconst_loss: 0.0019 (0.0030)  code_loss: 0.1883 (0.1750)  weight_decay: 0.0500 (0.0500)  grad_norm: 0.2743 (1.3893)  time: 0.8397  data: 0.0001  max mem: 35168
Epoch: [4]  [1330/1416]  eta: 0:01:15  lr: 0.000296  min_lr: 0.000296  loss: 0.1919 (0.1782)  reconst_loss: 0.0019 (0.0030)  code_loss: 0.1899 (0.1752)  weight_decay: 0.0500 (0.0500)  grad_norm: 0.2610 (1.3813)  time: 0.8396  data: 0.0001  max mem: 35168
Epoch: [4]  [1340/1416]  eta: 0:01:06  lr: 0.000297  min_lr: 0.000297  loss: 0.1942 (0.1783)  reconst_loss: 0.0019 (0.0030)  code_loss: 0.1923 (0.1753)  weight_decay: 0.0500 (0.0500)  grad_norm: 0.3915 (1.3741)  time: 0.8378  data: 0.0001  max mem: 35168
Epoch: [4]  [1350/1416]  eta: 0:00:57  lr: 0.000297  min_lr: 0.000297  loss: 0.1947 (0.1784)  reconst_loss: 0.0019 (0.0030)  code_loss: 0.1927 (0.1754)  weight_decay: 0.0500 (0.0500)  grad_norm: 0.4518 (1.3687)  time: 0.8370  data: 0.0002  max mem: 35168
Epoch: [4]  [1360/1416]  eta: 0:00:48  lr: 0.000298  min_lr: 0.000298  loss: 0.1967 (0.1786)  reconst_loss: 0.0022 (0.0030)  code_loss: 0.1940 (0.1756)  weight_decay: 0.0500 (0.0500)  grad_norm: 1.1644 (1.3709)  time: 0.8352  data: 0.0002  max mem: 35168
Epoch: [4]  [1370/1416]  eta: 0:00:40  lr: 0.000298  min_lr: 0.000298  loss: 0.1988 (0.1787)  reconst_loss: 0.0026 (0.0030)  code_loss: 0.1959 (0.1757)  weight_decay: 0.0500 (0.0500)  grad_norm: 1.1644 (1.3674)  time: 0.8330  data: 0.0002  max mem: 35168
Epoch: [4]  [1380/1416]  eta: 0:00:31  lr: 0.000299  min_lr: 0.000299  loss: 0.1952 (0.1788)  reconst_loss: 0.0023 (0.0030)  code_loss: 0.1930 (0.1758)  weight_decay: 0.0500 (0.0500)  grad_norm: 0.6984 (1.3615)  time: 0.8371  data: 0.0002  max mem: 35168
Epoch: [4]  [1390/1416]  eta: 0:00:22  lr: 0.000299  min_lr: 0.000299  loss: 0.1904 (0.1789)  reconst_loss: 0.0020 (0.0030)  code_loss: 0.1885 (0.1759)  weight_decay: 0.0500 (0.0500)  grad_norm: 0.4767 (1.3551)  time: 0.8399  data: 0.0001  max mem: 35168
Epoch: [4]  [1400/1416]  eta: 0:00:13  lr: 0.000299  min_lr: 0.000299  loss: 0.1858 (0.1789)  reconst_loss: 0.0019 (0.0030)  code_loss: 0.1839 (0.1760)  weight_decay: 0.0500 (0.0500)  grad_norm: 0.4388 (1.3484)  time: 0.8389  data: 0.0002  max mem: 35168
Epoch: [4]  [1410/1416]  eta: 0:00:05  lr: 0.000300  min_lr: 0.000300  loss: 0.1846 (0.1790)  reconst_loss: 0.0019 (0.0030)  code_loss: 0.1828 (0.1760)  weight_decay: 0.0500 (0.0500)  grad_norm: 0.4820 (1.3429)  time: 0.8401  data: 0.0002  max mem: 35168
Epoch: [4]  [1415/1416]  eta: 0:00:00  lr: 0.000300  min_lr: 0.000300  loss: 0.1843 (0.1790)  reconst_loss: 0.0019 (0.0030)  code_loss: 0.1824 (0.1760)  weight_decay: 0.0500 (0.0500)  grad_norm: 0.4891 (1.3398)  time: 0.8389  data: 0.0002  max mem: 35168
Epoch: [4] Total time: 0:20:37 (0.8738 s / it)
Averaged stats: lr: 0.000300  min_lr: 0.000300  loss: 0.1843 (0.1790)  reconst_loss: 0.0019 (0.0030)  code_loss: 0.1824 (0.1760)  weight_decay: 0.0500 (0.0500)  grad_norm: 0.4891 (1.3398)
Epoch: [5]  [   0/1416]  eta: 6:26:50  lr: 0.000300  min_lr: 0.000300  loss: 0.1834 (0.1834)  reconst_loss: 0.0020 (0.0020)  code_loss: 0.1814 (0.1814)  weight_decay: 0.0500 (0.0500)  grad_norm: 0.5991 (0.5991)  time: 16.3919  data: 14.0449  max mem: 35168
Epoch: [5]  [  10/1416]  eta: 0:54:40  lr: 0.000300  min_lr: 0.000300  loss: 0.1847 (0.1847)  reconst_loss: 0.0020 (0.0020)  code_loss: 0.1829 (0.1827)  weight_decay: 0.0500 (0.0500)  grad_norm: 0.7217 (0.7213)  time: 2.3334  data: 1.2772  max mem: 35168
Epoch: [5]  [  20/1416]  eta: 0:38:35  lr: 0.000300  min_lr: 0.000300  loss: 0.1850 (0.1852)  reconst_loss: 0.0020 (0.0020)  code_loss: 0.1831 (0.1832)  weight_decay: 0.0500 (0.0500)  grad_norm: 0.7782 (0.7834)  time: 0.9217  data: 0.0004  max mem: 35168
Epoch: [5]  [  30/1416]  eta: 0:32:21  lr: 0.000300  min_lr: 0.000300  loss: 0.1858 (0.1854)  reconst_loss: 0.0020 (0.0020)  code_loss: 0.1837 (0.1834)  weight_decay: 0.0500 (0.0500)  grad_norm: 0.7782 (0.7518)  time: 0.8881  data: 0.0003  max mem: 35168
Epoch: [5]  [  40/1416]  eta: 0:29:10  lr: 0.000300  min_lr: 0.000300  loss: 0.1852 (0.1847)  reconst_loss: 0.0020 (0.0020)  code_loss: 0.1831 (0.1827)  weight_decay: 0.0500 (0.0500)  grad_norm: 0.4730 (0.6502)  time: 0.8667  data: 0.0002  max mem: 35168
Epoch: [5]  [  50/1416]  eta: 0:27:08  lr: 0.000300  min_lr: 0.000300  loss: 0.1817 (0.1841)  reconst_loss: 0.0019 (0.0020)  code_loss: 0.1798 (0.1821)  weight_decay: 0.0500 (0.0500)  grad_norm: 0.3058 (0.5827)  time: 0.8679  data: 0.0006  max mem: 35168
Epoch: [5]  [  60/1416]  eta: 0:25:43  lr: 0.000300  min_lr: 0.000300  loss: 0.1817 (0.1840)  reconst_loss: 0.0020 (0.0021)  code_loss: 0.1799 (0.1819)  weight_decay: 0.0500 (0.0500)  grad_norm: 0.3667 (0.7115)  time: 0.8643  data: 0.0007  max mem: 35168
Epoch: [5]  [  70/1416]  eta: 0:24:40  lr: 0.000300  min_lr: 0.000300  loss: 0.1850 (0.2528)  reconst_loss: 0.0033 (0.0049)  code_loss: 0.1820 (0.2480)  weight_decay: 0.0500 (0.0500)  grad_norm: 2.0577 (4.1510)  time: 0.8662  data: 0.0005  max mem: 35168
Epoch: [5]  [  80/1416]  eta: 0:23:51  lr: 0.000300  min_lr: 0.000300  loss: 0.3496 (0.2608)  reconst_loss: 0.0204 (0.0096)  code_loss: 0.2989 (0.2512)  weight_decay: 0.0500 (0.0500)  grad_norm: 17.5197 (5.4158)  time: 0.8686  data: 0.0004  max mem: 35168
Epoch: [5]  [  90/1416]  eta: 0:23:11  lr: 0.000300  min_lr: 0.000300  loss: 0.2626 (0.2577)  reconst_loss: 0.0257 (0.0149)  code_loss: 0.1925 (0.2428)  weight_decay: 0.0500 (0.0500)  grad_norm: 8.2545 (5.3817)  time: 0.8691  data: 0.0004  max mem: 35168
Epoch: [5]  [ 100/1416]  eta: 0:22:36  lr: 0.000300  min_lr: 0.000300  loss: 0.2121 (0.2551)  reconst_loss: 0.0425 (0.0198)  code_loss: 0.1671 (0.2352)  weight_decay: 0.0500 (0.0500)  grad_norm: 3.2562 (5.1456)  time: 0.8657  data: 0.0004  max mem: 35168
Epoch: [5]  [ 110/1416]  eta: 0:22:07  lr: 0.000300  min_lr: 0.000300  loss: 0.2449 (0.2555)  reconst_loss: 0.0849 (0.0273)  code_loss: 0.1595 (0.2282)  weight_decay: 0.0500 (0.0500)  grad_norm: 2.6605 (4.9219)  time: 0.8650  data: 0.0005  max mem: 35168
Epoch: [5]  [ 120/1416]  eta: 0:21:40  lr: 0.000300  min_lr: 0.000300  loss: 0.2196 (0.2527)  reconst_loss: 0.0693 (0.0309)  code_loss: 0.1524 (0.2218)  weight_decay: 0.0500 (0.0500)  grad_norm: 1.1542 (4.5850)  time: 0.8647  data: 0.0004  max mem: 35168
Epoch: [5]  [ 130/1416]  eta: 0:21:16  lr: 0.000300  min_lr: 0.000300  loss: 0.2091 (0.2491)  reconst_loss: 0.0602 (0.0330)  code_loss: 0.1488 (0.2161)  weight_decay: 0.0500 (0.0500)  grad_norm: 0.5114 (4.2675)  time: 0.8616  data: 0.0003  max mem: 35168
Epoch: [5]  [ 140/1416]  eta: 0:20:54  lr: 0.000300  min_lr: 0.000300  loss: 0.2037 (0.2472)  reconst_loss: 0.0567 (0.0360)  code_loss: 0.1460 (0.2112)  weight_decay: 0.0500 (0.0500)  grad_norm: 0.4198 (4.0356)  time: 0.8594  data: 0.0004  max mem: 35168
Epoch: [5]  [ 150/1416]  eta: 0:20:34  lr: 0.000300  min_lr: 0.000300  loss: 0.2142 (0.2456)  reconst_loss: 0.0704 (0.0389)  code_loss: 0.1455 (0.2067)  weight_decay: 0.0500 (0.0500)  grad_norm: 0.7119 (3.8274)  time: 0.8632  data: 0.0004  max mem: 35168
Epoch: [5]  [ 160/1416]  eta: 0:20:16  lr: 0.000300  min_lr: 0.000300  loss: 0.2083 (0.2430)  reconst_loss: 0.0646 (0.0402)  code_loss: 0.1436 (0.2028)  weight_decay: 0.0500 (0.0500)  grad_norm: 0.6626 (3.6219)  time: 0.8672  data: 0.0004  max mem: 35168
Epoch: [5]  [ 170/1416]  eta: 0:19:59  lr: 0.000300  min_lr: 0.000300  loss: 0.1983 (0.2403)  reconst_loss: 0.0552 (0.0410)  code_loss: 0.1431 (0.1993)  weight_decay: 0.0500 (0.0500)  grad_norm: 0.3814 (3.4275)  time: 0.8656  data: 0.0004  max mem: 35168
Epoch: [5]  [ 180/1416]  eta: 0:19:43  lr: 0.000300  min_lr: 0.000300  loss: 0.1936 (0.2376)  reconst_loss: 0.0499 (0.0414)  code_loss: 0.1432 (0.1962)  weight_decay: 0.0500 (0.0500)  grad_norm: 0.2384 (3.2484)  time: 0.8647  data: 0.0003  max mem: 35168
Epoch: [5]  [ 190/1416]  eta: 0:19:27  lr: 0.000300  min_lr: 0.000300  loss: 0.1902 (0.2350)  reconst_loss: 0.0460 (0.0415)  code_loss: 0.1444 (0.1935)  weight_decay: 0.0500 (0.0500)  grad_norm: 0.1937 (3.0958)  time: 0.8650  data: 0.0003  max mem: 35168
Epoch: [5]  [ 200/1416]  eta: 0:19:12  lr: 0.000300  min_lr: 0.000300  loss: 0.1861 (0.2325)  reconst_loss: 0.0410 (0.0414)  code_loss: 0.1452 (0.1911)  weight_decay: 0.0500 (0.0500)  grad_norm: 0.3122 (2.9621)  time: 0.8636  data: 0.0003  max mem: 35168
Epoch: [5]  [ 210/1416]  eta: 0:18:58  lr: 0.000300  min_lr: 0.000300  loss: 0.1841 (0.2302)  reconst_loss: 0.0383 (0.0411)  code_loss: 0.1464 (0.1891)  weight_decay: 0.0500 (0.0500)  grad_norm: 0.2914 (2.8337)  time: 0.8634  data: 0.0003  max mem: 35168
Epoch: [5]  [ 220/1416]  eta: 0:18:44  lr: 0.000300  min_lr: 0.000300  loss: 0.1829 (0.2281)  reconst_loss: 0.0340 (0.0408)  code_loss: 0.1484 (0.1873)  weight_decay: 0.0500 (0.0500)  grad_norm: 0.2341 (2.7155)  time: 0.8648  data: 0.0003  max mem: 35168
Epoch: [5]  [ 230/1416]  eta: 0:18:31  lr: 0.000300  min_lr: 0.000300  loss: 0.1826 (0.2261)  reconst_loss: 0.0308 (0.0403)  code_loss: 0.1514 (0.1858)  weight_decay: 0.0500 (0.0500)  grad_norm: 0.1618 (2.6045)  time: 0.8638  data: 0.0004  max mem: 35168
Epoch: [5]  [ 240/1416]  eta: 0:18:18  lr: 0.000300  min_lr: 0.000300  loss: 0.1836 (0.2244)  reconst_loss: 0.0284 (0.0397)  code_loss: 0.1544 (0.1846)  weight_decay: 0.0500 (0.0500)  grad_norm: 0.1415 (2.5025)  time: 0.8661  data: 0.0005  max mem: 35168
Epoch: [5]  [ 250/1416]  eta: 0:18:05  lr: 0.000300  min_lr: 0.000300  loss: 0.1860 (0.2229)  reconst_loss: 0.0261 (0.0392)  code_loss: 0.1597 (0.1837)  weight_decay: 0.0500 (0.0500)  grad_norm: 0.1365 (2.4079)  time: 0.8664  data: 0.0005  max mem: 35168
Epoch: [5]  [ 260/1416]  eta: 0:17:53  lr: 0.000300  min_lr: 0.000300  loss: 0.1904 (0.2218)  reconst_loss: 0.0251 (0.0386)  code_loss: 0.1653 (0.1832)  weight_decay: 0.0500 (0.0500)  grad_norm: 0.1190 (2.3210)  time: 0.8622  data: 0.0004  max mem: 35168
Epoch: [5]  [ 270/1416]  eta: 0:17:41  lr: 0.000300  min_lr: 0.000300  loss: 0.1955 (0.2218)  reconst_loss: 0.0254 (0.0382)  code_loss: 0.1719 (0.1836)  weight_decay: 0.0500 (0.0500)  grad_norm: 0.2630 (2.4031)  time: 0.8574  data: 0.0003  max mem: 35168
Epoch: [5]  [ 280/1416]  eta: 0:17:29  lr: 0.000300  min_lr: 0.000300  loss: 0.2102 (0.2214)  reconst_loss: 0.0272 (0.0378)  code_loss: 0.1831 (0.1836)  weight_decay: 0.0500 (0.0500)  grad_norm: 2.9969 (2.4273)  time: 0.8578  data: 0.0003  max mem: 35168
Epoch: [5]  [ 290/1416]  eta: 0:17:17  lr: 0.000300  min_lr: 0.000300  loss: 0.2056 (0.2209)  reconst_loss: 0.0260 (0.0374)  code_loss: 0.1795 (0.1834)  weight_decay: 0.0500 (0.0500)  grad_norm: 1.4203 (2.3746)  time: 0.8624  data: 0.0004  max mem: 35168
Epoch: [5]  [ 300/1416]  eta: 0:17:06  lr: 0.000300  min_lr: 0.000300  loss: 0.2052 (0.2204)  reconst_loss: 0.0254 (0.0370)  code_loss: 0.1798 (0.1834)  weight_decay: 0.0500 (0.0500)  grad_norm: 0.5158 (2.3061)  time: 0.8618  data: 0.0005  max mem: 35168
Epoch: [5]  [ 310/1416]  eta: 0:16:55  lr: 0.000300  min_lr: 0.000300  loss: 0.2103 (0.2202)  reconst_loss: 0.0240 (0.0366)  code_loss: 0.1852 (0.1836)  weight_decay: 0.0500 (0.0500)  grad_norm: 0.2338 (2.2433)  time: 0.8622  data: 0.0006  max mem: 35168
Epoch: [5]  [ 320/1416]  eta: 0:16:43  lr: 0.000300  min_lr: 0.000300  loss: 0.2181 (0.2203)  reconst_loss: 0.0249 (0.0363)  code_loss: 0.1924 (0.1840)  weight_decay: 0.0500 (0.0500)  grad_norm: 0.6504 (2.2014)  time: 0.8628  data: 0.0005  max mem: 35168
Epoch: [5]  [ 330/1416]  eta: 0:16:33  lr: 0.000300  min_lr: 0.000300  loss: 0.2246 (0.2205)  reconst_loss: 0.0249 (0.0360)  code_loss: 0.1989 (0.1845)  weight_decay: 0.0500 (0.0500)  grad_norm: 0.7540 (2.1587)  time: 0.8652  data: 0.0003  max mem: 35168
Epoch: [5]  [ 340/1416]  eta: 0:16:22  lr: 0.000300  min_lr: 0.000300  loss: 0.2265 (0.2207)  reconst_loss: 0.0226 (0.0355)  code_loss: 0.2035 (0.1852)  weight_decay: 0.0500 (0.0500)  grad_norm: 0.6839 (2.1133)  time: 0.8666  data: 0.0003  max mem: 35168
Epoch: [5]  [ 350/1416]  eta: 0:16:11  lr: 0.000300  min_lr: 0.000300  loss: 0.2283 (0.2211)  reconst_loss: 0.0215 (0.0352)  code_loss: 0.2090 (0.1859)  weight_decay: 0.0500 (0.0500)  grad_norm: 0.6261 (2.0748)  time: 0.8623  data: 0.0003  max mem: 35168
Epoch: [5]  [ 360/1416]  eta: 0:16:01  lr: 0.000300  min_lr: 0.000300  loss: 0.2409 (0.2217)  reconst_loss: 0.0244 (0.0349)  code_loss: 0.2145 (0.1868)  weight_decay: 0.0500 (0.0500)  grad_norm: 0.5376 (2.0290)  time: 0.8603  data: 0.0004  max mem: 35168
Epoch: [5]  [ 370/1416]  eta: 0:15:50  lr: 0.000300  min_lr: 0.000300  loss: 0.2445 (0.2224)  reconst_loss: 0.0223 (0.0345)  code_loss: 0.2211 (0.1879)  weight_decay: 0.0500 (0.0500)  grad_norm: 0.3378 (1.9839)  time: 0.8634  data: 0.0004  max mem: 35168
Epoch: [5]  [ 380/1416]  eta: 0:15:40  lr: 0.000300  min_lr: 0.000300  loss: 0.2522 (0.2232)  reconst_loss: 0.0208 (0.0342)  code_loss: 0.2308 (0.1891)  weight_decay: 0.0500 (0.0500)  grad_norm: 0.6540 (1.9553)  time: 0.8679  data: 0.0004  max mem: 35168
Epoch: [5]  [ 390/1416]  eta: 0:15:30  lr: 0.000300  min_lr: 0.000300  loss: 0.2543 (0.2240)  reconst_loss: 0.0194 (0.0338)  code_loss: 0.2346 (0.1903)  weight_decay: 0.0500 (0.0500)  grad_norm: 0.8639 (1.9285)  time: 0.8667  data: 0.0005  max mem: 35168
Epoch: [5]  [ 400/1416]  eta: 0:15:20  lr: 0.000300  min_lr: 0.000300  loss: 0.2547 (0.2248)  reconst_loss: 0.0175 (0.0333)  code_loss: 0.2370 (0.1915)  weight_decay: 0.0500 (0.0500)  grad_norm: 0.7435 (1.8942)  time: 0.8603  data: 0.0005  max mem: 35168
Epoch: [5]  [ 410/1416]  eta: 0:15:09  lr: 0.000300  min_lr: 0.000300  loss: 0.2563 (0.2256)  reconst_loss: 0.0168 (0.0330)  code_loss: 0.2394 (0.1927)  weight_decay: 0.0500 (0.0500)  grad_norm: 0.3587 (1.8542)  time: 0.8601  data: 0.0004  max mem: 35168
Epoch: [5]  [ 420/1416]  eta: 0:15:00  lr: 0.000300  min_lr: 0.000300  loss: 0.2589 (0.2265)  reconst_loss: 0.0161 (0.0325)  code_loss: 0.2425 (0.1939)  weight_decay: 0.0500 (0.0500)  grad_norm: 0.1208 (1.8126)  time: 0.8643  data: 0.0005  max mem: 35168
Epoch: [5]  [ 430/1416]  eta: 0:14:50  lr: 0.000300  min_lr: 0.000300  loss: 0.2638 (0.2274)  reconst_loss: 0.0154 (0.0322)  code_loss: 0.2482 (0.1952)  weight_decay: 0.0500 (0.0500)  grad_norm: 0.1115 (1.7739)  time: 0.8654  data: 0.0006  max mem: 35168
Epoch: [5]  [ 440/1416]  eta: 0:14:40  lr: 0.000300  min_lr: 0.000300  loss: 0.2661 (0.2283)  reconst_loss: 0.0154 (0.0318)  code_loss: 0.2507 (0.1965)  weight_decay: 0.0500 (0.0500)  grad_norm: 0.1434 (1.7478)  time: 0.8669  data: 0.0005  max mem: 35168
Epoch: [5]  [ 450/1416]  eta: 0:14:30  lr: 0.000300  min_lr: 0.000300  loss: 0.2675 (0.2292)  reconst_loss: 0.0149 (0.0314)  code_loss: 0.2526 (0.1978)  weight_decay: 0.0500 (0.0500)  grad_norm: 0.9728 (1.7341)  time: 0.8672  data: 0.0004  max mem: 35168
Epoch: [5]  [ 460/1416]  eta: 0:14:20  lr: 0.000300  min_lr: 0.000300  loss: 0.2669 (0.2300)  reconst_loss: 0.0146 (0.0310)  code_loss: 0.2528 (0.1990)  weight_decay: 0.0500 (0.0500)  grad_norm: 1.1098 (1.7227)  time: 0.8640  data: 0.0004  max mem: 35168
Epoch: [5]  [ 470/1416]  eta: 0:14:11  lr: 0.000300  min_lr: 0.000300  loss: 0.2659 (0.2307)  reconst_loss: 0.0138 (0.0306)  code_loss: 0.2521 (0.2001)  weight_decay: 0.0500 (0.0500)  grad_norm: 0.9906 (1.7037)  time: 0.8645  data: 0.0004  max mem: 35168
Epoch: [5]  [ 480/1416]  eta: 0:14:01  lr: 0.000300  min_lr: 0.000300  loss: 0.2653 (0.2315)  reconst_loss: 0.0138 (0.0303)  code_loss: 0.2516 (0.2011)  weight_decay: 0.0500 (0.0500)  grad_norm: 0.7759 (1.6872)  time: 0.8649  data: 0.0003  max mem: 35168
Epoch: [5]  [ 490/1416]  eta: 0:13:51  lr: 0.000300  min_lr: 0.000300  loss: 0.2643 (0.2321)  reconst_loss: 0.0132 (0.0299)  code_loss: 0.2500 (0.2021)  weight_decay: 0.0500 (0.0500)  grad_norm: 0.7564 (1.6692)  time: 0.8654  data: 0.0003  max mem: 35168
Epoch: [5]  [ 500/1416]  eta: 0:13:42  lr: 0.000300  min_lr: 0.000300  loss: 0.2556 (0.2325)  reconst_loss: 0.0131 (0.0296)  code_loss: 0.2426 (0.2029)  weight_decay: 0.0500 (0.0500)  grad_norm: 0.7111 (1.6512)  time: 0.8653  data: 0.0005  max mem: 35168
Epoch: [5]  [ 510/1416]  eta: 0:13:32  lr: 0.000300  min_lr: 0.000300  loss: 0.2539 (0.2329)  reconst_loss: 0.0148 (0.0294)  code_loss: 0.2393 (0.2036)  weight_decay: 0.0500 (0.0500)  grad_norm: 1.0223 (1.6452)  time: 0.8659  data: 0.0005  max mem: 35168
Epoch: [5]  [ 520/1416]  eta: 0:13:23  lr: 0.000300  min_lr: 0.000300  loss: 0.2519 (0.2332)  reconst_loss: 0.0139 (0.0290)  code_loss: 0.2375 (0.2042)  weight_decay: 0.0500 (0.0500)  grad_norm: 0.9252 (1.6305)  time: 0.8653  data: 0.0004  max mem: 35168
Epoch: [5]  [ 530/1416]  eta: 0:13:13  lr: 0.000300  min_lr: 0.000300  loss: 0.2424 (0.2333)  reconst_loss: 0.0112 (0.0287)  code_loss: 0.2315 (0.2046)  weight_decay: 0.0500 (0.0500)  grad_norm: 0.8050 (1.6132)  time: 0.8606  data: 0.0005  max mem: 35168
Epoch: [5]  [ 540/1416]  eta: 0:13:03  lr: 0.000300  min_lr: 0.000300  loss: 0.2348 (0.2333)  reconst_loss: 0.0104 (0.0284)  code_loss: 0.2242 (0.2050)  weight_decay: 0.0500 (0.0500)  grad_norm: 0.5230 (1.5915)  time: 0.8596  data: 0.0004  max mem: 35168
Epoch: [5]  [ 550/1416]  eta: 0:12:54  lr: 0.000300  min_lr: 0.000300  loss: 0.2306 (0.2333)  reconst_loss: 0.0089 (0.0280)  code_loss: 0.2219 (0.2053)  weight_decay: 0.0500 (0.0500)  grad_norm: 0.4309 (1.5710)  time: 0.8637  data: 0.0003  max mem: 35168
Epoch: [5]  [ 560/1416]  eta: 0:12:45  lr: 0.000299  min_lr: 0.000299  loss: 0.2303 (0.2333)  reconst_loss: 0.0086 (0.0277)  code_loss: 0.2212 (0.2056)  weight_decay: 0.0500 (0.0500)  grad_norm: 0.4651 (1.5626)  time: 0.8662  data: 0.0007  max mem: 35168
Epoch: [5]  [ 570/1416]  eta: 0:12:35  lr: 0.000299  min_lr: 0.000299  loss: 0.2400 (0.2383)  reconst_loss: 0.0150 (0.0277)  code_loss: 0.2236 (0.2106)  weight_decay: 0.0500 (0.0500)  grad_norm: 2.6302 (1.8577)  time: 0.8604  data: 0.0008  max mem: 35168
Epoch: [5]  [ 580/1416]  eta: 0:12:26  lr: 0.000299  min_lr: 0.000299  loss: 0.2965 (0.2394)  reconst_loss: 0.0193 (0.0275)  code_loss: 0.2828 (0.2119)  weight_decay: 0.0500 (0.0500)  grad_norm: 11.1441 (2.0433)  time: 0.8566  data: 0.0004  max mem: 35168
Epoch: [5]  [ 590/1416]  eta: 0:12:16  lr: 0.000299  min_lr: 0.000299  loss: 0.2578 (0.2394)  reconst_loss: 0.0169 (0.0273)  code_loss: 0.2410 (0.2121)  weight_decay: 0.0500 (0.0500)  grad_norm: 7.6571 (2.0927)  time: 0.8588  data: 0.0004  max mem: 35168
Epoch: [5]  [ 600/1416]  eta: 0:12:07  lr: 0.000299  min_lr: 0.000299  loss: 0.2115 (0.2388)  reconst_loss: 0.0131 (0.0271)  code_loss: 0.1980 (0.2117)  weight_decay: 0.0500 (0.0500)  grad_norm: 2.0774 (2.0708)  time: 0.8596  data: 0.0006  max mem: 35168
Epoch: [5]  [ 610/1416]  eta: 0:11:58  lr: 0.000299  min_lr: 0.000299  loss: 0.1985 (0.2381)  reconst_loss: 0.0109 (0.0268)  code_loss: 0.1876 (0.2113)  weight_decay: 0.0500 (0.0500)  grad_norm: 0.2430 (2.0395)  time: 0.8635  data: 0.0005  max mem: 35168
Epoch: [5]  [ 620/1416]  eta: 0:11:48  lr: 0.000299  min_lr: 0.000299  loss: 0.1932 (0.2373)  reconst_loss: 0.0098 (0.0265)  code_loss: 0.1833 (0.2108)  weight_decay: 0.0500 (0.0500)  grad_norm: 0.1057 (2.0081)  time: 0.8621  data: 0.0004  max mem: 35168
Epoch: [5]  [ 630/1416]  eta: 0:11:39  lr: 0.000299  min_lr: 0.000299  loss: 0.1889 (0.2365)  reconst_loss: 0.0088 (0.0262)  code_loss: 0.1792 (0.2103)  weight_decay: 0.0500 (0.0500)  grad_norm: 0.0830 (1.9775)  time: 0.8660  data: 0.0004  max mem: 35168
Epoch: [5]  [ 640/1416]  eta: 0:11:30  lr: 0.000299  min_lr: 0.000299  loss: 0.1855 (0.2357)  reconst_loss: 0.0083 (0.0259)  code_loss: 0.1765 (0.2098)  weight_decay: 0.0500 (0.0500)  grad_norm: 0.0863 (1.9480)  time: 0.8686  data: 0.0004  max mem: 35168
Epoch: [5]  [ 650/1416]  eta: 0:11:21  lr: 0.000299  min_lr: 0.000299  loss: 0.1832 (0.2349)  reconst_loss: 0.0081 (0.0257)  code_loss: 0.1748 (0.2092)  weight_decay: 0.0500 (0.0500)  grad_norm: 0.0863 (1.9193)  time: 0.8641  data: 0.0004  max mem: 35168
Epoch: [5]  [ 660/1416]  eta: 0:11:12  lr: 0.000299  min_lr: 0.000299  loss: 0.1823 (0.2341)  reconst_loss: 0.0081 (0.0254)  code_loss: 0.1742 (0.2087)  weight_decay: 0.0500 (0.0500)  grad_norm: 0.0983 (1.8951)  time: 0.8641  data: 0.0004  max mem: 35168
Epoch: [5]  [ 670/1416]  eta: 0:11:03  lr: 0.000299  min_lr: 0.000299  loss: 0.1825 (0.2334)  reconst_loss: 0.0083 (0.0252)  code_loss: 0.1742 (0.2082)  weight_decay: 0.0500 (0.0500)  grad_norm: 1.0066 (1.8858)  time: 0.8647  data: 0.0004  max mem: 35168
Epoch: [5]  [ 680/1416]  eta: 0:10:53  lr: 0.000299  min_lr: 0.000299  loss: 0.1835 (0.2326)  reconst_loss: 0.0099 (0.0250)  code_loss: 0.1743 (0.2077)  weight_decay: 0.0500 (0.0500)  grad_norm: 1.1506 (1.8742)  time: 0.8649  data: 0.0004  max mem: 35168
Epoch: [5]  [ 690/1416]  eta: 0:10:44  lr: 0.000299  min_lr: 0.000299  loss: 0.1804 (0.2319)  reconst_loss: 0.0088 (0.0248)  code_loss: 0.1717 (0.2071)  weight_decay: 0.0500 (0.0500)  grad_norm: 0.7346 (1.8551)  time: 0.8604  data: 0.0005  max mem: 35168
Epoch: [5]  [ 700/1416]  eta: 0:10:35  lr: 0.000299  min_lr: 0.000299  loss: 0.1791 (0.2311)  reconst_loss: 0.0078 (0.0245)  code_loss: 0.1713 (0.2066)  weight_decay: 0.0500 (0.0500)  grad_norm: 0.3126 (1.8317)  time: 0.8607  data: 0.0004  max mem: 35168
Epoch: [5]  [ 710/1416]  eta: 0:10:26  lr: 0.000299  min_lr: 0.000299  loss: 0.1808 (0.2304)  reconst_loss: 0.0070 (0.0243)  code_loss: 0.1736 (0.2062)  weight_decay: 0.0500 (0.0500)  grad_norm: 0.1257 (1.8075)  time: 0.8649  data: 0.0003  max mem: 35168
Epoch: [5]  [ 720/1416]  eta: 0:10:17  lr: 0.000299  min_lr: 0.000299  loss: 0.1840 (0.2298)  reconst_loss: 0.0064 (0.0240)  code_loss: 0.1776 (0.2058)  weight_decay: 0.0500 (0.0500)  grad_norm: 0.1088 (1.7839)  time: 0.8648  data: 0.0004  max mem: 35168
Epoch: [5]  [ 730/1416]  eta: 0:10:08  lr: 0.000299  min_lr: 0.000299  loss: 0.1886 (0.2293)  reconst_loss: 0.0060 (0.0238)  code_loss: 0.1827 (0.2056)  weight_decay: 0.0500 (0.0500)  grad_norm: 0.1066 (1.7626)  time: 0.8625  data: 0.0004  max mem: 35168
Epoch: [5]  [ 740/1416]  eta: 0:09:59  lr: 0.000299  min_lr: 0.000299  loss: 0.1944 (0.2289)  reconst_loss: 0.0057 (0.0235)  code_loss: 0.1888 (0.2054)  weight_decay: 0.0500 (0.0500)  grad_norm: 0.2423 (1.7436)  time: 0.8601  data: 0.0004  max mem: 35168
Epoch: [5]  [ 750/1416]  eta: 0:09:50  lr: 0.000299  min_lr: 0.000299  loss: 0.1987 (0.2285)  reconst_loss: 0.0054 (0.0233)  code_loss: 0.1933 (0.2052)  weight_decay: 0.0500 (0.0500)  grad_norm: 0.4319 (1.7285)  time: 0.8609  data: 0.0003  max mem: 35168
Epoch: [5]  [ 760/1416]  eta: 0:09:41  lr: 0.000299  min_lr: 0.000299  loss: 0.2045 (0.2282)  reconst_loss: 0.0052 (0.0230)  code_loss: 0.1996 (0.2052)  weight_decay: 0.0500 (0.0500)  grad_norm: 0.6653 (1.7145)  time: 0.8651  data: 0.0003  max mem: 35168
Epoch: [5]  [ 770/1416]  eta: 0:09:31  lr: 0.000299  min_lr: 0.000299  loss: 0.2086 (0.2280)  reconst_loss: 0.0051 (0.0228)  code_loss: 0.2036 (0.2052)  weight_decay: 0.0500 (0.0500)  grad_norm: 0.7070 (1.7025)  time: 0.8667  data: 0.0004  max mem: 35168
Epoch: [5]  [ 780/1416]  eta: 0:09:23  lr: 0.000299  min_lr: 0.000299  loss: 0.2130 (0.2278)  reconst_loss: 0.0050 (0.0226)  code_loss: 0.2082 (0.2053)  weight_decay: 0.0500 (0.0500)  grad_norm: 0.7622 (1.6904)  time: 0.8691  data: 0.0004  max mem: 35168
Epoch: [5]  [ 790/1416]  eta: 0:09:14  lr: 0.000299  min_lr: 0.000299  loss: 0.2164 (0.2278)  reconst_loss: 0.0050 (0.0223)  code_loss: 0.2109 (0.2054)  weight_decay: 0.0500 (0.0500)  grad_norm: 1.0944 (1.6886)  time: 0.8680  data: 0.0004  max mem: 35168
Epoch: [5]  [ 800/1416]  eta: 0:09:05  lr: 0.000299  min_lr: 0.000299  loss: 0.2236 (0.2278)  reconst_loss: 0.0050 (0.0221)  code_loss: 0.2188 (0.2056)  weight_decay: 0.0500 (0.0500)  grad_norm: 1.5166 (1.6864)  time: 0.8662  data: 0.0004  max mem: 35168
Epoch: [5]  [ 810/1416]  eta: 0:08:56  lr: 0.000299  min_lr: 0.000299  loss: 0.2321 (0.2278)  reconst_loss: 0.0049 (0.0219)  code_loss: 0.2272 (0.2059)  weight_decay: 0.0500 (0.0500)  grad_norm: 1.2771 (1.6801)  time: 0.8648  data: 0.0003  max mem: 35168
Epoch: [5]  [ 820/1416]  eta: 0:08:47  lr: 0.000299  min_lr: 0.000299  loss: 0.2333 (0.2279)  reconst_loss: 0.0048 (0.0217)  code_loss: 0.2284 (0.2062)  weight_decay: 0.0500 (0.0500)  grad_norm: 1.0819 (1.6715)  time: 0.8634  data: 0.0005  max mem: 35168
Epoch: [5]  [ 830/1416]  eta: 0:08:38  lr: 0.000299  min_lr: 0.000299  loss: 0.2306 (0.2279)  reconst_loss: 0.0045 (0.0215)  code_loss: 0.2262 (0.2064)  weight_decay: 0.0500 (0.0500)  grad_norm: 0.7436 (1.6585)  time: 0.8674  data: 0.0005  max mem: 35168
Epoch: [5]  [ 840/1416]  eta: 0:08:29  lr: 0.000299  min_lr: 0.000299  loss: 0.2281 (0.2279)  reconst_loss: 0.0043 (0.0213)  code_loss: 0.2236 (0.2066)  weight_decay: 0.0500 (0.0500)  grad_norm: 0.3578 (1.6423)  time: 0.8655  data: 0.0005  max mem: 35168
Epoch: [5]  [ 850/1416]  eta: 0:08:20  lr: 0.000299  min_lr: 0.000299  loss: 0.2302 (0.2280)  reconst_loss: 0.0042 (0.0211)  code_loss: 0.2262 (0.2069)  weight_decay: 0.0500 (0.0500)  grad_norm: 0.3222 (1.6283)  time: 0.8626  data: 0.0004  max mem: 35168
Epoch: [5]  [ 860/1416]  eta: 0:08:11  lr: 0.000299  min_lr: 0.000299  loss: 0.2361 (0.2281)  reconst_loss: 0.0041 (0.0209)  code_loss: 0.2319 (0.2072)  weight_decay: 0.0500 (0.0500)  grad_norm: 0.5333 (1.6157)  time: 0.8622  data: 0.0004  max mem: 35168
Epoch: [5]  [ 870/1416]  eta: 0:08:02  lr: 0.000299  min_lr: 0.000299  loss: 0.2407 (0.2283)  reconst_loss: 0.0041 (0.0207)  code_loss: 0.2368 (0.2076)  weight_decay: 0.0500 (0.0500)  grad_norm: 0.6076 (1.6058)  time: 0.8663  data: 0.0004  max mem: 35168
Epoch: [5]  [ 880/1416]  eta: 0:07:53  lr: 0.000299  min_lr: 0.000299  loss: 0.2468 (0.2285)  reconst_loss: 0.0040 (0.0205)  code_loss: 0.2427 (0.2080)  weight_decay: 0.0500 (0.0500)  grad_norm: 0.7611 (1.5971)  time: 0.8687  data: 0.0006  max mem: 35168
Epoch: [5]  [ 890/1416]  eta: 0:07:44  lr: 0.000299  min_lr: 0.000299  loss: 0.2522 (0.2288)  reconst_loss: 0.0039 (0.0203)  code_loss: 0.2482 (0.2085)  weight_decay: 0.0500 (0.0500)  grad_norm: 0.7838 (1.5886)  time: 0.8645  data: 0.0007  max mem: 35168
Epoch: [5]  [ 900/1416]  eta: 0:07:35  lr: 0.000299  min_lr: 0.000299  loss: 0.2525 (0.2291)  reconst_loss: 0.0038 (0.0201)  code_loss: 0.2484 (0.2089)  weight_decay: 0.0500 (0.0500)  grad_norm: 0.7463 (1.5777)  time: 0.8628  data: 0.0005  max mem: 35168
Epoch: [5]  [ 910/1416]  eta: 0:07:26  lr: 0.000299  min_lr: 0.000299  loss: 0.2483 (0.2293)  reconst_loss: 0.0038 (0.0200)  code_loss: 0.2443 (0.2093)  weight_decay: 0.0500 (0.0500)  grad_norm: 0.5387 (1.5659)  time: 0.8648  data: 0.0004  max mem: 35168
Epoch: [5]  [ 920/1416]  eta: 0:07:17  lr: 0.000299  min_lr: 0.000299  loss: 0.2454 (0.2294)  reconst_loss: 0.0036 (0.0198)  code_loss: 0.2416 (0.2096)  weight_decay: 0.0500 (0.0500)  grad_norm: 0.4494 (1.5537)  time: 0.8628  data: 0.0005  max mem: 35168
Epoch: [5]  [ 930/1416]  eta: 0:07:08  lr: 0.000299  min_lr: 0.000299  loss: 0.2432 (0.2296)  reconst_loss: 0.0034 (0.0196)  code_loss: 0.2401 (0.2100)  weight_decay: 0.0500 (0.0500)  grad_norm: 0.4910 (1.5431)  time: 0.8623  data: 0.0005  max mem: 35168
Epoch: [5]  [ 940/1416]  eta: 0:06:59  lr: 0.000299  min_lr: 0.000299  loss: 0.2437 (0.2297)  reconst_loss: 0.0034 (0.0194)  code_loss: 0.2402 (0.2103)  weight_decay: 0.0500 (0.0500)  grad_norm: 0.6284 (1.5345)  time: 0.8651  data: 0.0004  max mem: 35168
Epoch: [5]  [ 950/1416]  eta: 0:06:50  lr: 0.000299  min_lr: 0.000299  loss: 0.2454 (0.2299)  reconst_loss: 0.0035 (0.0193)  code_loss: 0.2421 (0.2106)  weight_decay: 0.0500 (0.0500)  grad_norm: 0.8303 (1.5281)  time: 0.8623  data: 0.0004  max mem: 35168
Epoch: [5]  [ 960/1416]  eta: 0:06:41  lr: 0.000298  min_lr: 0.000298  loss: 0.2457 (0.2301)  reconst_loss: 0.0036 (0.0191)  code_loss: 0.2422 (0.2110)  weight_decay: 0.0500 (0.0500)  grad_norm: 0.8303 (1.5200)  time: 0.8636  data: 0.0004  max mem: 35168
Epoch: [5]  [ 970/1416]  eta: 0:06:32  lr: 0.000298  min_lr: 0.000298  loss: 0.2444 (0.2302)  reconst_loss: 0.0034 (0.0189)  code_loss: 0.2410 (0.2113)  weight_decay: 0.0500 (0.0500)  grad_norm: 0.7429 (1.5125)  time: 0.8613  data: 0.0004  max mem: 35168
Epoch: [5]  [ 980/1416]  eta: 0:06:24  lr: 0.000298  min_lr: 0.000298  loss: 0.2423 (0.2303)  reconst_loss: 0.0035 (0.0188)  code_loss: 0.2391 (0.2115)  weight_decay: 0.0500 (0.0500)  grad_norm: 0.9369 (1.5120)  time: 0.8609  data: 0.0004  max mem: 35168
Epoch: [5]  [ 990/1416]  eta: 0:06:15  lr: 0.000298  min_lr: 0.000298  loss: 0.2398 (0.2304)  reconst_loss: 0.0039 (0.0187)  code_loss: 0.2357 (0.2117)  weight_decay: 0.0500 (0.0500)  grad_norm: 1.6287 (1.5173)  time: 0.8645  data: 0.0004  max mem: 35168
Epoch: [5]  [1000/1416]  eta: 0:06:06  lr: 0.000298  min_lr: 0.000298  loss: 0.2428 (0.2330)  reconst_loss: 0.0056 (0.0187)  code_loss: 0.2359 (0.2143)  weight_decay: 0.0500 (0.0500)  grad_norm: 2.6746 (1.6824)  time: 0.8628  data: 0.0003  max mem: 35168
Epoch: [5]  [1010/1416]  eta: 0:05:57  lr: 0.000298  min_lr: 0.000298  loss: 0.3256 (0.2340)  reconst_loss: 0.0184 (0.0187)  code_loss: 0.2746 (0.2153)  weight_decay: 0.0500 (0.0500)  grad_norm: 13.3812 (1.8364)  time: 0.8651  data: 0.0003  max mem: 35168
Epoch: [5]  [1020/1416]  eta: 0:05:48  lr: 0.000298  min_lr: 0.000298  loss: 0.2790 (0.2345)  reconst_loss: 0.0224 (0.0194)  code_loss: 0.2044 (0.2151)  weight_decay: 0.0500 (0.0500)  grad_norm: 10.1538 (1.8835)  time: 0.8637  data: 0.0003  max mem: 35168
Epoch: [5]  [1030/1416]  eta: 0:05:39  lr: 0.000298  min_lr: 0.000298  loss: 0.2590 (0.2362)  reconst_loss: 0.0706 (0.0207)  code_loss: 0.1940 (0.2156)  weight_decay: 0.0500 (0.0500)  grad_norm: 6.5546 (1.9664)  time: 0.8605  data: 0.0003  max mem: 35168
Epoch: [5]  [1040/1416]  eta: 0:05:30  lr: 0.000298  min_lr: 0.000298  loss: 0.2443 (0.2362)  reconst_loss: 0.0647 (0.0211)  code_loss: 0.1766 (0.2151)  weight_decay: 0.0500 (0.0500)  grad_norm: 2.0616 (1.9574)  time: 0.8600  data: 0.0003  max mem: 35168
Epoch: [5]  [1050/1416]  eta: 0:05:21  lr: 0.000298  min_lr: 0.000298  loss: 0.2272 (0.2361)  reconst_loss: 0.0588 (0.0214)  code_loss: 0.1690 (0.2147)  weight_decay: 0.0500 (0.0500)  grad_norm: 0.5644 (1.9428)  time: 0.8610  data: 0.0003  max mem: 35168
Epoch: [5]  [1060/1416]  eta: 0:05:13  lr: 0.000298  min_lr: 0.000298  loss: 0.2168 (0.2359)  reconst_loss: 0.0534 (0.0217)  code_loss: 0.1638 (0.2142)  weight_decay: 0.0500 (0.0500)  grad_norm: 0.3212 (1.9272)  time: 0.8636  data: 0.0004  max mem: 35168
Epoch: [5]  [1070/1416]  eta: 0:05:04  lr: 0.000298  min_lr: 0.000298  loss: 0.2097 (0.2356)  reconst_loss: 0.0494 (0.0219)  code_loss: 0.1595 (0.2137)  weight_decay: 0.0500 (0.0500)  grad_norm: 0.2462 (1.9111)  time: 0.8633  data: 0.0005  max mem: 35168
Epoch: [5]  [1080/1416]  eta: 0:04:55  lr: 0.000298  min_lr: 0.000298  loss: 0.1998 (0.2353)  reconst_loss: 0.0451 (0.0221)  code_loss: 0.1555 (0.2131)  weight_decay: 0.0500 (0.0500)  grad_norm: 0.2162 (1.8961)  time: 0.8628  data: 0.0004  max mem: 35168
Epoch: [5]  [1090/1416]  eta: 0:04:46  lr: 0.000298  min_lr: 0.000298  loss: 0.1944 (0.2348)  reconst_loss: 0.0413 (0.0223)  code_loss: 0.1531 (0.2125)  weight_decay: 0.0500 (0.0500)  grad_norm: 0.2684 (1.8826)  time: 0.8635  data: 0.0003  max mem: 35168
Epoch: [5]  [1100/1416]  eta: 0:04:37  lr: 0.000298  min_lr: 0.000298  loss: 0.1886 (0.2344)  reconst_loss: 0.0380 (0.0224)  code_loss: 0.1505 (0.2120)  weight_decay: 0.0500 (0.0500)  grad_norm: 0.4285 (1.8732)  time: 0.8639  data: 0.0004  max mem: 35168
Epoch: [5]  [1110/1416]  eta: 0:04:28  lr: 0.000298  min_lr: 0.000298  loss: 0.1833 (0.2339)  reconst_loss: 0.0344 (0.0225)  code_loss: 0.1488 (0.2114)  weight_decay: 0.0500 (0.0500)  grad_norm: 0.5578 (1.8615)  time: 0.8666  data: 0.0005  max mem: 35168
Epoch: [5]  [1120/1416]  eta: 0:04:20  lr: 0.000298  min_lr: 0.000298  loss: 0.1789 (0.2334)  reconst_loss: 0.0318 (0.0226)  code_loss: 0.1470 (0.2108)  weight_decay: 0.0500 (0.0500)  grad_norm: 0.4758 (1.8484)  time: 0.8697  data: 0.0004  max mem: 35168
Epoch: [5]  [1130/1416]  eta: 0:04:11  lr: 0.000298  min_lr: 0.000298  loss: 0.1765 (0.2329)  reconst_loss: 0.0306 (0.0227)  code_loss: 0.1459 (0.2102)  weight_decay: 0.0500 (0.0500)  grad_norm: 0.3502 (1.8352)  time: 0.8675  data: 0.0003  max mem: 35168
Epoch: [5]  [1140/1416]  eta: 0:04:02  lr: 0.000298  min_lr: 0.000298  loss: 0.1739 (0.2324)  reconst_loss: 0.0287 (0.0227)  code_loss: 0.1453 (0.2097)  weight_decay: 0.0500 (0.0500)  grad_norm: 0.3328 (1.8221)  time: 0.8665  data: 0.0003  max mem: 35168
Epoch: [5]  [1150/1416]  eta: 0:03:53  lr: 0.000298  min_lr: 0.000298  loss: 0.1739 (0.2319)  reconst_loss: 0.0281 (0.0228)  code_loss: 0.1453 (0.2091)  weight_decay: 0.0500 (0.0500)  grad_norm: 0.3704 (1.8154)  time: 0.8649  data: 0.0003  max mem: 35168
Epoch: [5]  [1160/1416]  eta: 0:03:44  lr: 0.000298  min_lr: 0.000298  loss: 0.1834 (0.2318)  reconst_loss: 0.0313 (0.0229)  code_loss: 0.1501 (0.2089)  weight_decay: 0.0500 (0.0500)  grad_norm: 2.9097 (1.8683)  time: 0.8629  data: 0.0004  max mem: 35168
Epoch: [5]  [1170/1416]  eta: 0:03:36  lr: 0.000298  min_lr: 0.000298  loss: 0.1892 (0.2313)  reconst_loss: 0.0353 (0.0230)  code_loss: 0.1501 (0.2083)  weight_decay: 0.0500 (0.0500)  grad_norm: 2.7042 (1.8633)  time: 0.8592  data: 0.0005  max mem: 35168
Epoch: [5]  [1180/1416]  eta: 0:03:27  lr: 0.000298  min_lr: 0.000298  loss: 0.1725 (0.2308)  reconst_loss: 0.0317 (0.0231)  code_loss: 0.1403 (0.2077)  weight_decay: 0.0500 (0.0500)  grad_norm: 0.3965 (1.8503)  time: 0.8598  data: 0.0005  max mem: 35168
Epoch: [5]  [1190/1416]  eta: 0:03:18  lr: 0.000298  min_lr: 0.000298  loss: 0.1678 (0.2303)  reconst_loss: 0.0289 (0.0231)  code_loss: 0.1388 (0.2072)  weight_decay: 0.0500 (0.0500)  grad_norm: 0.2567 (1.8368)  time: 0.8633  data: 0.0004  max mem: 35168
Epoch: [5]  [1200/1416]  eta: 0:03:09  lr: 0.000298  min_lr: 0.000298  loss: 0.1660 (0.2297)  reconst_loss: 0.0278 (0.0231)  code_loss: 0.1385 (0.2066)  weight_decay: 0.0500 (0.0500)  grad_norm: 0.1838 (1.8227)  time: 0.8597  data: 0.0007  max mem: 35168
Epoch: [5]  [1210/1416]  eta: 0:03:00  lr: 0.000298  min_lr: 0.000298  loss: 0.1656 (0.2292)  reconst_loss: 0.0267 (0.0232)  code_loss: 0.1389 (0.2060)  weight_decay: 0.0500 (0.0500)  grad_norm: 0.1665 (1.8094)  time: 0.8471  data: 0.0006  max mem: 35168
Epoch: [5]  [1220/1416]  eta: 0:02:51  lr: 0.000298  min_lr: 0.000298  loss: 0.1682 (0.2287)  reconst_loss: 0.0268 (0.0232)  code_loss: 0.1409 (0.2055)  weight_decay: 0.0500 (0.0500)  grad_norm: 0.2701 (1.7975)  time: 0.8383  data: 0.0001  max mem: 35168
Epoch: [5]  [1230/1416]  eta: 0:02:43  lr: 0.000298  min_lr: 0.000298  loss: 0.1718 (0.2283)  reconst_loss: 0.0272 (0.0232)  code_loss: 0.1446 (0.2050)  weight_decay: 0.0500 (0.0500)  grad_norm: 0.4464 (1.7875)  time: 0.8396  data: 0.0001  max mem: 35168
Epoch: [5]  [1240/1416]  eta: 0:02:34  lr: 0.000297  min_lr: 0.000297  loss: 0.1755 (0.2279)  reconst_loss: 0.0276 (0.0233)  code_loss: 0.1478 (0.2046)  weight_decay: 0.0500 (0.0500)  grad_norm: 0.6985 (1.7800)  time: 0.8407  data: 0.0001  max mem: 35168
Epoch: [5]  [1250/1416]  eta: 0:02:25  lr: 0.000297  min_lr: 0.000297  loss: 0.1790 (0.2275)  reconst_loss: 0.0279 (0.0233)  code_loss: 0.1509 (0.2042)  weight_decay: 0.0500 (0.0500)  grad_norm: 0.6793 (1.7703)  time: 0.8393  data: 0.0001  max mem: 35168
Epoch: [5]  [1260/1416]  eta: 0:02:16  lr: 0.000297  min_lr: 0.000297  loss: 0.1804 (0.2271)  reconst_loss: 0.0276 (0.0233)  code_loss: 0.1521 (0.2038)  weight_decay: 0.0500 (0.0500)  grad_norm: 0.5191 (1.7602)  time: 0.8354  data: 0.0001  max mem: 35168
Epoch: [5]  [1270/1416]  eta: 0:02:07  lr: 0.000297  min_lr: 0.000297  loss: 0.1855 (0.2268)  reconst_loss: 0.0267 (0.0234)  code_loss: 0.1577 (0.2034)  weight_decay: 0.0500 (0.0500)  grad_norm: 0.3376 (1.7489)  time: 0.8354  data: 0.0002  max mem: 35168
Epoch: [5]  [1280/1416]  eta: 0:01:59  lr: 0.000297  min_lr: 0.000297  loss: 0.1907 (0.2266)  reconst_loss: 0.0261 (0.0234)  code_loss: 0.1650 (0.2032)  weight_decay: 0.0500 (0.0500)  grad_norm: 0.3227 (1.7379)  time: 0.8338  data: 0.0002  max mem: 35168
Epoch: [5]  [1290/1416]  eta: 0:01:50  lr: 0.000297  min_lr: 0.000297  loss: 0.1975 (0.2264)  reconst_loss: 0.0241 (0.0234)  code_loss: 0.1726 (0.2030)  weight_decay: 0.0500 (0.0500)  grad_norm: 0.2679 (1.7258)  time: 0.8315  data: 0.0002  max mem: 35168
Epoch: [5]  [1300/1416]  eta: 0:01:41  lr: 0.000297  min_lr: 0.000297  loss: 0.2075 (0.2263)  reconst_loss: 0.0238 (0.0234)  code_loss: 0.1829 (0.2029)  weight_decay: 0.0500 (0.0500)  grad_norm: 0.1169 (1.7133)  time: 0.8339  data: 0.0001  max mem: 35168
Epoch: [5]  [1310/1416]  eta: 0:01:32  lr: 0.000297  min_lr: 0.000297  loss: 0.2183 (0.2263)  reconst_loss: 0.0235 (0.0234)  code_loss: 0.1943 (0.2029)  weight_decay: 0.0500 (0.0500)  grad_norm: 0.1070 (1.7014)  time: 0.8390  data: 0.0001  max mem: 35168
Epoch: [5]  [1320/1416]  eta: 0:01:23  lr: 0.000297  min_lr: 0.000297  loss: 0.2315 (0.2263)  reconst_loss: 0.0230 (0.0234)  code_loss: 0.2074 (0.2029)  weight_decay: 0.0500 (0.0500)  grad_norm: 0.1550 (1.6901)  time: 0.8389  data: 0.0001  max mem: 35168
Epoch: [5]  [1330/1416]  eta: 0:01:15  lr: 0.000297  min_lr: 0.000297  loss: 0.2401 (0.2265)  reconst_loss: 0.0229 (0.0234)  code_loss: 0.2169 (0.2031)  weight_decay: 0.0500 (0.0500)  grad_norm: 0.2107 (1.6791)  time: 0.8401  data: 0.0001  max mem: 35168
Epoch: [5]  [1340/1416]  eta: 0:01:06  lr: 0.000297  min_lr: 0.000297  loss: 0.2477 (0.2267)  reconst_loss: 0.0227 (0.0234)  code_loss: 0.2248 (0.2033)  weight_decay: 0.0500 (0.0500)  grad_norm: 0.2635 (1.6701)  time: 0.8412  data: 0.0001  max mem: 35168
Epoch: [5]  [1350/1416]  eta: 0:00:57  lr: 0.000297  min_lr: 0.000297  loss: 0.2528 (0.2269)  reconst_loss: 0.0226 (0.0234)  code_loss: 0.2307 (0.2035)  weight_decay: 0.0500 (0.0500)  grad_norm: 0.4771 (1.6610)  time: 0.8369  data: 0.0002  max mem: 35168
Epoch: [5]  [1360/1416]  eta: 0:00:48  lr: 0.000297  min_lr: 0.000297  loss: 0.2568 (0.2271)  reconst_loss: 0.0220 (0.0234)  code_loss: 0.2339 (0.2037)  weight_decay: 0.0500 (0.0500)  grad_norm: 0.4997 (1.6545)  time: 0.8365  data: 0.0002  max mem: 35168
Epoch: [5]  [1370/1416]  eta: 0:00:40  lr: 0.000297  min_lr: 0.000297  loss: 0.2612 (0.2274)  reconst_loss: 0.0220 (0.0234)  code_loss: 0.2388 (0.2040)  weight_decay: 0.0500 (0.0500)  grad_norm: 0.9949 (1.6577)  time: 0.8383  data: 0.0001  max mem: 35168
Epoch: [5]  [1380/1416]  eta: 0:00:31  lr: 0.000297  min_lr: 0.000297  loss: 0.2631 (0.2276)  reconst_loss: 0.0232 (0.0234)  code_loss: 0.2399 (0.2043)  weight_decay: 0.0500 (0.0500)  grad_norm: 1.9079 (1.6598)  time: 0.8423  data: 0.0002  max mem: 35168
Epoch: [5]  [1390/1416]  eta: 0:00:22  lr: 0.000297  min_lr: 0.000297  loss: 0.2613 (0.2278)  reconst_loss: 0.0227 (0.0234)  code_loss: 0.2377 (0.2045)  weight_decay: 0.0500 (0.0500)  grad_norm: 1.4326 (1.6548)  time: 0.8397  data: 0.0003  max mem: 35168
Epoch: [5]  [1400/1416]  eta: 0:00:13  lr: 0.000297  min_lr: 0.000297  loss: 0.2520 (0.2280)  reconst_loss: 0.0227 (0.0234)  code_loss: 0.2289 (0.2046)  weight_decay: 0.0500 (0.0500)  grad_norm: 0.4614 (1.6455)  time: 0.8348  data: 0.0002  max mem: 35168
Epoch: [5]  [1410/1416]  eta: 0:00:05  lr: 0.000297  min_lr: 0.000297  loss: 0.2516 (0.2282)  reconst_loss: 0.0228 (0.0234)  code_loss: 0.2290 (0.2048)  weight_decay: 0.0500 (0.0500)  grad_norm: 0.2918 (1.6356)  time: 0.8346  data: 0.0002  max mem: 35168
Epoch: [5]  [1415/1416]  eta: 0:00:00  lr: 0.000297  min_lr: 0.000297  loss: 0.2521 (0.2283)  reconst_loss: 0.0224 (0.0234)  code_loss: 0.2295 (0.2049)  weight_decay: 0.0500 (0.0500)  grad_norm: 0.2618 (1.6307)  time: 0.8382  data: 0.0002  max mem: 35168
Epoch: [5] Total time: 0:20:35 (0.8727 s / it)
Averaged stats: lr: 0.000297  min_lr: 0.000297  loss: 0.2521 (0.2283)  reconst_loss: 0.0224 (0.0233)  code_loss: 0.2295 (0.2049)  weight_decay: 0.0500 (0.0500)  grad_norm: 0.2618 (1.6307)
Epoch: [6]  [   0/1416]  eta: 7:04:09  lr: 0.000297  min_lr: 0.000297  loss: 0.2529 (0.2529)  reconst_loss: 0.0223 (0.0223)  code_loss: 0.2307 (0.2307)  weight_decay: 0.0500 (0.0500)  grad_norm: 0.2551 (0.2551)  time: 17.9731  data: 16.8137  max mem: 35168
Epoch: [6]  [  10/1416]  eta: 0:57:43  lr: 0.000297  min_lr: 0.000297  loss: 0.2535 (0.2538)  reconst_loss: 0.0228 (0.0231)  code_loss: 0.2307 (0.2308)  weight_decay: 0.0500 (0.0500)  grad_norm: 0.2103 (0.2125)  time: 2.4636  data: 1.5289  max mem: 35168
Epoch: [6]  [  20/1416]  eta: 0:39:36  lr: 0.000297  min_lr: 0.000297  loss: 0.2534 (0.2536)  reconst_loss: 0.0225 (0.0226)  code_loss: 0.2308 (0.2310)  weight_decay: 0.0500 (0.0500)  grad_norm: 0.2405 (0.2537)  time: 0.8889  data: 0.0003  max mem: 35168
Epoch: [6]  [  30/1416]  eta: 0:33:06  lr: 0.000297  min_lr: 0.000297  loss: 0.2530 (0.2535)  reconst_loss: 0.0218 (0.0224)  code_loss: 0.2312 (0.2311)  weight_decay: 0.0500 (0.0500)  grad_norm: 0.3079 (0.2917)  time: 0.8664  data: 0.0002  max mem: 35168
Epoch: [6]  [  40/1416]  eta: 0:29:40  lr: 0.000297  min_lr: 0.000297  loss: 0.2529 (0.2532)  reconst_loss: 0.0218 (0.0224)  code_loss: 0.2308 (0.2308)  weight_decay: 0.0500 (0.0500)  grad_norm: 0.4526 (0.3460)  time: 0.8658  data: 0.0003  max mem: 35168
Epoch: [6]  [  50/1416]  eta: 0:27:34  lr: 0.000296  min_lr: 0.000296  loss: 0.2504 (0.2525)  reconst_loss: 0.0218 (0.0222)  code_loss: 0.2286 (0.2303)  weight_decay: 0.0500 (0.0500)  grad_norm: 0.4725 (0.3735)  time: 0.8663  data: 0.0003  max mem: 35168
Epoch: [6]  [  60/1416]  eta: 0:26:04  lr: 0.000296  min_lr: 0.000296  loss: 0.2493 (0.2518)  reconst_loss: 0.0218 (0.0222)  code_loss: 0.2282 (0.2296)  weight_decay: 0.0500 (0.0500)  grad_norm: 0.4443 (0.3938)  time: 0.8652  data: 0.0003  max mem: 35168
Epoch: [6]  [  70/1416]  eta: 0:24:58  lr: 0.000296  min_lr: 0.000296  loss: 0.2453 (0.2508)  reconst_loss: 0.0216 (0.0221)  code_loss: 0.2237 (0.2288)  weight_decay: 0.0500 (0.0500)  grad_norm: 0.3955 (0.3856)  time: 0.8652  data: 0.0008  max mem: 35168
Epoch: [6]  [  80/1416]  eta: 0:24:07  lr: 0.000296  min_lr: 0.000296  loss: 0.2440 (0.2498)  reconst_loss: 0.0209 (0.0219)  code_loss: 0.2229 (0.2279)  weight_decay: 0.0500 (0.0500)  grad_norm: 0.3227 (0.3795)  time: 0.8691  data: 0.0013  max mem: 35168
Epoch: [6]  [  90/1416]  eta: 0:23:23  lr: 0.000296  min_lr: 0.000296  loss: 0.2420 (0.2489)  reconst_loss: 0.0205 (0.0218)  code_loss: 0.2212 (0.2271)  weight_decay: 0.0500 (0.0500)  grad_norm: 0.2855 (0.3687)  time: 0.8643  data: 0.0011  max mem: 35168
Epoch: [6]  [ 100/1416]  eta: 0:22:48  lr: 0.000296  min_lr: 0.000296  loss: 0.2412 (0.2482)  reconst_loss: 0.0204 (0.0217)  code_loss: 0.2207 (0.2265)  weight_decay: 0.0500 (0.0500)  grad_norm: 0.2853 (0.3658)  time: 0.8634  data: 0.0007  max mem: 35168
Epoch: [6]  [ 110/1416]  eta: 0:22:17  lr: 0.000296  min_lr: 0.000296  loss: 0.2418 (0.2477)  reconst_loss: 0.0204 (0.0216)  code_loss: 0.2208 (0.2261)  weight_decay: 0.0500 (0.0500)  grad_norm: 0.5318 (0.4006)  time: 0.8675  data: 0.0004  max mem: 35168
Epoch: [6]  [ 120/1416]  eta: 0:21:49  lr: 0.000296  min_lr: 0.000296  loss: 0.2434 (0.2475)  reconst_loss: 0.0203 (0.0215)  code_loss: 0.2234 (0.2260)  weight_decay: 0.0500 (0.0500)  grad_norm: 0.7993 (0.4376)  time: 0.8643  data: 0.0003  max mem: 35168
Epoch: [6]  [ 130/1416]  eta: 0:21:25  lr: 0.000296  min_lr: 0.000296  loss: 0.2463 (0.2475)  reconst_loss: 0.0202 (0.0214)  code_loss: 0.2257 (0.2261)  weight_decay: 0.0500 (0.0500)  grad_norm: 0.7977 (0.4555)  time: 0.8635  data: 0.0004  max mem: 35168
Epoch: [6]  [ 140/1416]  eta: 0:21:03  lr: 0.000296  min_lr: 0.000296  loss: 0.2492 (0.2477)  reconst_loss: 0.0201 (0.0213)  code_loss: 0.2287 (0.2264)  weight_decay: 0.0500 (0.0500)  grad_norm: 0.6092 (0.4630)  time: 0.8669  data: 0.0005  max mem: 35168
Epoch: [6]  [ 150/1416]  eta: 0:20:43  lr: 0.000296  min_lr: 0.000296  loss: 0.2516 (0.2481)  reconst_loss: 0.0201 (0.0213)  code_loss: 0.2321 (0.2269)  weight_decay: 0.0500 (0.0500)  grad_norm: 0.5190 (0.4662)  time: 0.8662  data: 0.0005  max mem: 35168
Epoch: [6]  [ 160/1416]  eta: 0:20:24  lr: 0.000296  min_lr: 0.000296  loss: 0.2547 (0.2488)  reconst_loss: 0.0209 (0.0213)  code_loss: 0.2338 (0.2275)  weight_decay: 0.0500 (0.0500)  grad_norm: 0.6467 (0.4964)  time: 0.8642  data: 0.0004  max mem: 35168
Epoch: [6]  [ 170/1416]  eta: 0:20:06  lr: 0.000296  min_lr: 0.000296  loss: 0.2588 (0.2494)  reconst_loss: 0.0206 (0.0212)  code_loss: 0.2372 (0.2282)  weight_decay: 0.0500 (0.0500)  grad_norm: 0.9116 (0.5144)  time: 0.8671  data: 0.0004  max mem: 35168
Epoch: [6]  [ 180/1416]  eta: 0:19:50  lr: 0.000296  min_lr: 0.000296  loss: 0.2589 (0.2499)  reconst_loss: 0.0202 (0.0212)  code_loss: 0.2387 (0.2288)  weight_decay: 0.0500 (0.0500)  grad_norm: 0.6049 (0.5117)  time: 0.8670  data: 0.0006  max mem: 35168
Epoch: [6]  [ 190/1416]  eta: 0:19:33  lr: 0.000296  min_lr: 0.000296  loss: 0.2577 (0.2503)  reconst_loss: 0.0198 (0.0211)  code_loss: 0.2374 (0.2292)  weight_decay: 0.0500 (0.0500)  grad_norm: 0.4467 (0.5056)  time: 0.8621  data: 0.0006  max mem: 35168
Epoch: [6]  [ 200/1416]  eta: 0:19:18  lr: 0.000296  min_lr: 0.000296  loss: 0.2590 (0.2508)  reconst_loss: 0.0193 (0.0210)  code_loss: 0.2383 (0.2298)  weight_decay: 0.0500 (0.0500)  grad_norm: 0.4467 (0.5035)  time: 0.8619  data: 0.0006  max mem: 35168
Epoch: [6]  [ 210/1416]  eta: 0:19:04  lr: 0.000296  min_lr: 0.000296  loss: 0.2623 (0.2514)  reconst_loss: 0.0193 (0.0210)  code_loss: 0.2438 (0.2305)  weight_decay: 0.0500 (0.0500)  grad_norm: 0.3795 (0.4930)  time: 0.8671  data: 0.0006  max mem: 35168
Epoch: [6]  [ 220/1416]  eta: 0:18:50  lr: 0.000296  min_lr: 0.000296  loss: 0.2639 (0.2520)  reconst_loss: 0.0199 (0.0209)  code_loss: 0.2442 (0.2311)  weight_decay: 0.0500 (0.0500)  grad_norm: 0.2976 (0.4922)  time: 0.8689  data: 0.0005  max mem: 35168
Epoch: [6]  [ 230/1416]  eta: 0:18:36  lr: 0.000296  min_lr: 0.000296  loss: 0.2667 (0.2528)  reconst_loss: 0.0202 (0.0209)  code_loss: 0.2474 (0.2319)  weight_decay: 0.0500 (0.0500)  grad_norm: 0.6761 (0.5041)  time: 0.8658  data: 0.0005  max mem: 35168
Epoch: [6]  [ 240/1416]  eta: 0:18:24  lr: 0.000296  min_lr: 0.000296  loss: 0.2721 (0.2537)  reconst_loss: 0.0201 (0.0209)  code_loss: 0.2525 (0.2329)  weight_decay: 0.0500 (0.0500)  grad_norm: 0.7938 (0.5170)  time: 0.8689  data: 0.0005  max mem: 35168
Epoch: [6]  [ 250/1416]  eta: 0:18:11  lr: 0.000295  min_lr: 0.000295  loss: 0.2769 (0.2548)  reconst_loss: 0.0195 (0.0208)  code_loss: 0.2579 (0.2340)  weight_decay: 0.0500 (0.0500)  grad_norm: 0.8243 (0.5287)  time: 0.8671  data: 0.0006  max mem: 35168
Epoch: [6]  [ 260/1416]  eta: 0:17:58  lr: 0.000295  min_lr: 0.000295  loss: 0.2819 (0.2560)  reconst_loss: 0.0187 (0.0207)  code_loss: 0.2633 (0.2353)  weight_decay: 0.0500 (0.0500)  grad_norm: 0.8252 (0.5453)  time: 0.8630  data: 0.0005  max mem: 35168
Epoch: [6]  [ 270/1416]  eta: 0:17:46  lr: 0.000295  min_lr: 0.000295  loss: 0.2872 (0.2646)  reconst_loss: 0.0193 (0.0213)  code_loss: 0.2680 (0.2433)  weight_decay: 0.0500 (0.0500)  grad_norm: 1.3907 (1.1340)  time: 0.8643  data: 0.0003  max mem: 35168
Epoch: [6]  [ 280/1416]  eta: 0:17:34  lr: 0.000295  min_lr: 0.000295  loss: 0.3158 (0.2663)  reconst_loss: 0.0355 (0.0219)  code_loss: 0.2804 (0.2444)  weight_decay: 0.0500 (0.0500)  grad_norm: 8.7526 (1.4535)  time: 0.8642  data: 0.0003  max mem: 35168
Epoch: [6]  [ 290/1416]  eta: 0:17:22  lr: 0.000295  min_lr: 0.000295  loss: 0.2755 (0.2664)  reconst_loss: 0.0276 (0.0220)  code_loss: 0.2466 (0.2444)  weight_decay: 0.0500 (0.0500)  grad_norm: 6.1064 (1.5283)  time: 0.8640  data: 0.0004  max mem: 35168
Epoch: [6]  [ 300/1416]  eta: 0:17:11  lr: 0.000295  min_lr: 0.000295  loss: 0.2527 (0.2658)  reconst_loss: 0.0248 (0.0221)  code_loss: 0.2281 (0.2437)  weight_decay: 0.0500 (0.0500)  grad_norm: 1.6774 (1.5073)  time: 0.8645  data: 0.0007  max mem: 35168
Epoch: [6]  [ 310/1416]  eta: 0:16:59  lr: 0.000295  min_lr: 0.000295  loss: 0.2458 (0.2651)  reconst_loss: 0.0231 (0.0221)  code_loss: 0.2226 (0.2430)  weight_decay: 0.0500 (0.0500)  grad_norm: 0.2259 (1.4636)  time: 0.8667  data: 0.0008  max mem: 35168
Epoch: [6]  [ 320/1416]  eta: 0:16:48  lr: 0.000295  min_lr: 0.000295  loss: 0.2451 (0.2645)  reconst_loss: 0.0218 (0.0221)  code_loss: 0.2228 (0.2424)  weight_decay: 0.0500 (0.0500)  grad_norm: 0.1050 (1.4207)  time: 0.8664  data: 0.0005  max mem: 35168
Epoch: [6]  [ 330/1416]  eta: 0:16:37  lr: 0.000295  min_lr: 0.000295  loss: 0.2455 (0.2640)  reconst_loss: 0.0210 (0.0221)  code_loss: 0.2246 (0.2419)  weight_decay: 0.0500 (0.0500)  grad_norm: 0.0801 (1.3800)  time: 0.8663  data: 0.0005  max mem: 35168
Epoch: [6]  [ 340/1416]  eta: 0:16:26  lr: 0.000295  min_lr: 0.000295  loss: 0.2475 (0.2635)  reconst_loss: 0.0203 (0.0220)  code_loss: 0.2267 (0.2415)  weight_decay: 0.0500 (0.0500)  grad_norm: 0.0639 (1.3412)  time: 0.8666  data: 0.0004  max mem: 35168
Epoch: [6]  [ 350/1416]  eta: 0:16:16  lr: 0.000295  min_lr: 0.000295  loss: 0.2487 (0.2631)  reconst_loss: 0.0199 (0.0220)  code_loss: 0.2287 (0.2412)  weight_decay: 0.0500 (0.0500)  grad_norm: 0.0510 (1.3043)  time: 0.8657  data: 0.0005  max mem: 35168
Epoch: [6]  [ 360/1416]  eta: 0:16:05  lr: 0.000295  min_lr: 0.000295  loss: 0.2507 (0.2628)  reconst_loss: 0.0197 (0.0219)  code_loss: 0.2312 (0.2409)  weight_decay: 0.0500 (0.0500)  grad_norm: 0.0524 (1.2699)  time: 0.8670  data: 0.0005  max mem: 35168
Epoch: [6]  [ 370/1416]  eta: 0:15:54  lr: 0.000295  min_lr: 0.000295  loss: 0.2539 (0.2626)  reconst_loss: 0.0190 (0.0218)  code_loss: 0.2345 (0.2408)  weight_decay: 0.0500 (0.0500)  grad_norm: 0.0653 (1.2385)  time: 0.8654  data: 0.0003  max mem: 35168
Epoch: [6]  [ 380/1416]  eta: 0:15:44  lr: 0.000295  min_lr: 0.000295  loss: 0.2578 (0.2625)  reconst_loss: 0.0193 (0.0218)  code_loss: 0.2372 (0.2407)  weight_decay: 0.0500 (0.0500)  grad_norm: 0.4116 (1.2225)  time: 0.8639  data: 0.0003  max mem: 35168
Epoch: [6]  [ 390/1416]  eta: 0:15:34  lr: 0.000295  min_lr: 0.000295  loss: 0.2599 (0.2625)  reconst_loss: 0.0198 (0.0217)  code_loss: 0.2393 (0.2407)  weight_decay: 0.0500 (0.0500)  grad_norm: 0.4167 (1.1982)  time: 0.8637  data: 0.0003  max mem: 35168
Epoch: [6]  [ 400/1416]  eta: 0:15:23  lr: 0.000295  min_lr: 0.000295  loss: 0.2610 (0.2625)  reconst_loss: 0.0185 (0.0216)  code_loss: 0.2423 (0.2408)  weight_decay: 0.0500 (0.0500)  grad_norm: 0.2626 (1.1751)  time: 0.8642  data: 0.0003  max mem: 35168
Epoch: [6]  [ 410/1416]  eta: 0:15:13  lr: 0.000295  min_lr: 0.000295  loss: 0.2627 (0.2625)  reconst_loss: 0.0175 (0.0215)  code_loss: 0.2448 (0.2410)  weight_decay: 0.0500 (0.0500)  grad_norm: 0.2525 (1.1526)  time: 0.8672  data: 0.0004  max mem: 35168
Epoch: [6]  [ 420/1416]  eta: 0:15:03  lr: 0.000295  min_lr: 0.000295  loss: 0.2651 (0.2626)  reconst_loss: 0.0167 (0.0214)  code_loss: 0.2485 (0.2412)  weight_decay: 0.0500 (0.0500)  grad_norm: 0.2880 (1.1335)  time: 0.8658  data: 0.0003  max mem: 35168
Epoch: [6]  [ 430/1416]  eta: 0:14:53  lr: 0.000294  min_lr: 0.000294  loss: 0.2685 (0.2628)  reconst_loss: 0.0160 (0.0213)  code_loss: 0.2526 (0.2415)  weight_decay: 0.0500 (0.0500)  grad_norm: 0.3868 (1.1180)  time: 0.8606  data: 0.0003  max mem: 35168
Epoch: [6]  [ 440/1416]  eta: 0:14:43  lr: 0.000294  min_lr: 0.000294  loss: 0.2718 (0.2630)  reconst_loss: 0.0149 (0.0211)  code_loss: 0.2565 (0.2419)  weight_decay: 0.0500 (0.0500)  grad_norm: 0.5062 (1.1061)  time: 0.8609  data: 0.0005  max mem: 35168
Epoch: [6]  [ 450/1416]  eta: 0:14:33  lr: 0.000294  min_lr: 0.000294  loss: 0.2735 (0.2633)  reconst_loss: 0.0147 (0.0210)  code_loss: 0.2589 (0.2423)  weight_decay: 0.0500 (0.0500)  grad_norm: 0.6570 (1.0970)  time: 0.8631  data: 0.0006  max mem: 35168
Epoch: [6]  [ 460/1416]  eta: 0:14:23  lr: 0.000294  min_lr: 0.000294  loss: 0.2741 (0.2635)  reconst_loss: 0.0144 (0.0208)  code_loss: 0.2601 (0.2427)  weight_decay: 0.0500 (0.0500)  grad_norm: 0.6570 (1.0885)  time: 0.8617  data: 0.0005  max mem: 35168
Epoch: [6]  [ 470/1416]  eta: 0:14:13  lr: 0.000294  min_lr: 0.000294  loss: 0.2749 (0.2638)  reconst_loss: 0.0137 (0.0207)  code_loss: 0.2610 (0.2431)  weight_decay: 0.0500 (0.0500)  grad_norm: 0.9790 (1.0943)  time: 0.8628  data: 0.0005  max mem: 35168
Epoch: [6]  [ 480/1416]  eta: 0:14:03  lr: 0.000294  min_lr: 0.000294  loss: 0.2767 (0.2641)  reconst_loss: 0.0139 (0.0206)  code_loss: 0.2628 (0.2435)  weight_decay: 0.0500 (0.0500)  grad_norm: 1.3208 (1.1065)  time: 0.8606  data: 0.0004  max mem: 35168
Epoch: [6]  [ 490/1416]  eta: 0:13:54  lr: 0.000294  min_lr: 0.000294  loss: 0.2767 (0.2643)  reconst_loss: 0.0136 (0.0204)  code_loss: 0.2631 (0.2439)  weight_decay: 0.0500 (0.0500)  grad_norm: 0.9864 (1.0988)  time: 0.8636  data: 0.0004  max mem: 35168
Epoch: [6]  [ 500/1416]  eta: 0:13:44  lr: 0.000294  min_lr: 0.000294  loss: 0.2756 (0.2645)  reconst_loss: 0.0128 (0.0203)  code_loss: 0.2627 (0.2443)  weight_decay: 0.0500 (0.0500)  grad_norm: 0.5291 (1.0842)  time: 0.8680  data: 0.0003  max mem: 35168
Epoch: [6]  [ 510/1416]  eta: 0:13:34  lr: 0.000294  min_lr: 0.000294  loss: 0.2757 (0.2648)  reconst_loss: 0.0126 (0.0201)  code_loss: 0.2632 (0.2447)  weight_decay: 0.0500 (0.0500)  grad_norm: 0.2307 (1.0658)  time: 0.8644  data: 0.0005  max mem: 35168
Epoch: [6]  [ 520/1416]  eta: 0:13:25  lr: 0.000294  min_lr: 0.000294  loss: 0.2797 (0.2651)  reconst_loss: 0.0119 (0.0199)  code_loss: 0.2673 (0.2452)  weight_decay: 0.0500 (0.0500)  grad_norm: 0.0949 (1.0470)  time: 0.8629  data: 0.0005  max mem: 35168
Epoch: [6]  [ 530/1416]  eta: 0:13:15  lr: 0.000294  min_lr: 0.000294  loss: 0.2842 (0.2655)  reconst_loss: 0.0118 (0.0198)  code_loss: 0.2724 (0.2457)  weight_decay: 0.0500 (0.0500)  grad_norm: 0.0949 (1.0299)  time: 0.8628  data: 0.0004  max mem: 35168
Epoch: [6]  [ 540/1416]  eta: 0:13:06  lr: 0.000294  min_lr: 0.000294  loss: 0.2880 (0.2660)  reconst_loss: 0.0120 (0.0196)  code_loss: 0.2759 (0.2463)  weight_decay: 0.0500 (0.0500)  grad_norm: 0.1482 (1.0138)  time: 0.8603  data: 0.0004  max mem: 35168
Epoch: [6]  [ 550/1416]  eta: 0:12:56  lr: 0.000294  min_lr: 0.000294  loss: 0.2919 (0.2665)  reconst_loss: 0.0117 (0.0195)  code_loss: 0.2803 (0.2470)  weight_decay: 0.0500 (0.0500)  grad_norm: 0.1492 (0.9980)  time: 0.8596  data: 0.0004  max mem: 35168
Epoch: [6]  [ 560/1416]  eta: 0:12:47  lr: 0.000294  min_lr: 0.000294  loss: 0.2974 (0.2671)  reconst_loss: 0.0120 (0.0194)  code_loss: 0.2855 (0.2477)  weight_decay: 0.0500 (0.0500)  grad_norm: 0.1683 (0.9866)  time: 0.8621  data: 0.0004  max mem: 35168
Epoch: [6]  [ 570/1416]  eta: 0:12:37  lr: 0.000294  min_lr: 0.000294  loss: 0.3004 (0.2677)  reconst_loss: 0.0115 (0.0192)  code_loss: 0.2889 (0.2484)  weight_decay: 0.0500 (0.0500)  grad_norm: 0.3288 (0.9752)  time: 0.8652  data: 0.0004  max mem: 35168
Epoch: [6]  [ 580/1416]  eta: 0:12:28  lr: 0.000294  min_lr: 0.000294  loss: 0.3003 (0.2682)  reconst_loss: 0.0115 (0.0191)  code_loss: 0.2887 (0.2491)  weight_decay: 0.0500 (0.0500)  grad_norm: 0.2402 (0.9620)  time: 0.8656  data: 0.0004  max mem: 35168
Epoch: [6]  [ 590/1416]  eta: 0:12:18  lr: 0.000293  min_lr: 0.000293  loss: 0.3004 (0.2688)  reconst_loss: 0.0116 (0.0190)  code_loss: 0.2887 (0.2498)  weight_decay: 0.0500 (0.0500)  grad_norm: 0.2035 (0.9498)  time: 0.8645  data: 0.0004  max mem: 35168
Epoch: [6]  [ 600/1416]  eta: 0:12:09  lr: 0.000293  min_lr: 0.000293  loss: 0.3019 (0.2694)  reconst_loss: 0.0119 (0.0189)  code_loss: 0.2903 (0.2505)  weight_decay: 0.0500 (0.0500)  grad_norm: 0.3256 (0.9507)  time: 0.8669  data: 0.0003  max mem: 35168
Epoch: [6]  [ 610/1416]  eta: 0:12:00  lr: 0.000293  min_lr: 0.000293  loss: 0.3042 (0.2700)  reconst_loss: 0.0127 (0.0188)  code_loss: 0.2915 (0.2512)  weight_decay: 0.0500 (0.0500)  grad_norm: 1.5466 (0.9840)  time: 0.8669  data: 0.0003  max mem: 35168
Epoch: [6]  [ 620/1416]  eta: 0:11:50  lr: 0.000293  min_lr: 0.000293  loss: 0.3061 (0.2707)  reconst_loss: 0.0136 (0.0187)  code_loss: 0.2930 (0.2520)  weight_decay: 0.0500 (0.0500)  grad_norm: 3.8648 (1.0515)  time: 0.8653  data: 0.0003  max mem: 35168
Epoch: [6]  [ 630/1416]  eta: 0:11:41  lr: 0.000293  min_lr: 0.000293  loss: 0.3059 (0.2713)  reconst_loss: 0.0138 (0.0186)  code_loss: 0.2927 (0.2526)  weight_decay: 0.0500 (0.0500)  grad_norm: 5.4700 (1.1326)  time: 0.8650  data: 0.0003  max mem: 35168
Epoch: [6]  [ 640/1416]  eta: 0:11:32  lr: 0.000293  min_lr: 0.000293  loss: 0.3011 (0.2717)  reconst_loss: 0.0135 (0.0185)  code_loss: 0.2870 (0.2531)  weight_decay: 0.0500 (0.0500)  grad_norm: 4.1564 (1.1599)  time: 0.8620  data: 0.0002  max mem: 35168
Epoch: [6]  [ 650/1416]  eta: 0:11:23  lr: 0.000293  min_lr: 0.000293  loss: 0.2848 (0.2718)  reconst_loss: 0.0125 (0.0185)  code_loss: 0.2731 (0.2533)  weight_decay: 0.0500 (0.0500)  grad_norm: 1.4657 (1.1552)  time: 0.8649  data: 0.0003  max mem: 35168
Epoch: [6]  [ 660/1416]  eta: 0:11:14  lr: 0.000293  min_lr: 0.000293  loss: 0.2736 (0.2718)  reconst_loss: 0.0121 (0.0184)  code_loss: 0.2608 (0.2534)  weight_decay: 0.0500 (0.0500)  grad_norm: 0.4681 (1.1423)  time: 0.8706  data: 0.0003  max mem: 35168
Epoch: [6]  [ 670/1416]  eta: 0:11:04  lr: 0.000293  min_lr: 0.000293  loss: 0.2688 (0.2717)  reconst_loss: 0.0116 (0.0183)  code_loss: 0.2576 (0.2535)  weight_decay: 0.0500 (0.0500)  grad_norm: 0.1724 (1.1273)  time: 0.8672  data: 0.0004  max mem: 35168
Epoch: [6]  [ 680/1416]  eta: 0:10:55  lr: 0.000293  min_lr: 0.000293  loss: 0.2665 (0.2716)  reconst_loss: 0.0114 (0.0182)  code_loss: 0.2551 (0.2535)  weight_decay: 0.0500 (0.0500)  grad_norm: 0.1065 (1.1122)  time: 0.8661  data: 0.0004  max mem: 35168
Epoch: [6]  [ 690/1416]  eta: 0:10:46  lr: 0.000293  min_lr: 0.000293  loss: 0.2631 (0.2715)  reconst_loss: 0.0112 (0.0181)  code_loss: 0.2518 (0.2534)  weight_decay: 0.0500 (0.0500)  grad_norm: 0.1022 (1.0976)  time: 0.8683  data: 0.0004  max mem: 35168
Epoch: [6]  [ 700/1416]  eta: 0:10:37  lr: 0.000293  min_lr: 0.000293  loss: 0.2598 (0.2713)  reconst_loss: 0.0109 (0.0180)  code_loss: 0.2487 (0.2533)  weight_decay: 0.0500 (0.0500)  grad_norm: 0.1113 (1.0839)  time: 0.8676  data: 0.0004  max mem: 35168
Epoch: [6]  [ 710/1416]  eta: 0:10:28  lr: 0.000293  min_lr: 0.000293  loss: 0.2563 (0.2711)  reconst_loss: 0.0107 (0.0179)  code_loss: 0.2457 (0.2532)  weight_decay: 0.0500 (0.0500)  grad_norm: 0.1409 (1.0712)  time: 0.8676  data: 0.0003  max mem: 35168
Epoch: [6]  [ 720/1416]  eta: 0:10:19  lr: 0.000293  min_lr: 0.000293  loss: 0.2527 (0.2708)  reconst_loss: 0.0104 (0.0177)  code_loss: 0.2427 (0.2530)  weight_decay: 0.0500 (0.0500)  grad_norm: 0.1530 (1.0587)  time: 0.8673  data: 0.0003  max mem: 35168
Epoch: [6]  [ 730/1416]  eta: 0:10:09  lr: 0.000293  min_lr: 0.000293  loss: 0.2501 (0.2705)  reconst_loss: 0.0099 (0.0176)  code_loss: 0.2398 (0.2528)  weight_decay: 0.0500 (0.0500)  grad_norm: 0.1958 (1.0476)  time: 0.8625  data: 0.0004  max mem: 35168
Epoch: [6]  [ 740/1416]  eta: 0:10:00  lr: 0.000292  min_lr: 0.000292  loss: 0.2442 (0.2701)  reconst_loss: 0.0099 (0.0175)  code_loss: 0.2342 (0.2525)  weight_decay: 0.0500 (0.0500)  grad_norm: 0.2608 (1.0371)  time: 0.8600  data: 0.0004  max mem: 35168
Epoch: [6]  [ 750/1416]  eta: 0:09:51  lr: 0.000292  min_lr: 0.000292  loss: 0.2396 (0.2696)  reconst_loss: 0.0095 (0.0174)  code_loss: 0.2298 (0.2522)  weight_decay: 0.0500 (0.0500)  grad_norm: 0.2582 (1.0264)  time: 0.8618  data: 0.0003  max mem: 35168
Epoch: [6]  [ 760/1416]  eta: 0:09:42  lr: 0.000292  min_lr: 0.000292  loss: 0.2350 (0.2692)  reconst_loss: 0.0095 (0.0173)  code_loss: 0.2251 (0.2518)  weight_decay: 0.0500 (0.0500)  grad_norm: 0.2666 (1.0199)  time: 0.8638  data: 0.0003  max mem: 35168
Epoch: [6]  [ 770/1416]  eta: 0:09:33  lr: 0.000292  min_lr: 0.000292  loss: 0.2325 (0.2687)  reconst_loss: 0.0098 (0.0172)  code_loss: 0.2225 (0.2514)  weight_decay: 0.0500 (0.0500)  grad_norm: 0.6325 (1.0159)  time: 0.8635  data: 0.0003  max mem: 35168
Epoch: [6]  [ 780/1416]  eta: 0:09:24  lr: 0.000292  min_lr: 0.000292  loss: 0.2309 (0.2682)  reconst_loss: 0.0102 (0.0171)  code_loss: 0.2206 (0.2510)  weight_decay: 0.0500 (0.0500)  grad_norm: 0.8230 (1.0234)  time: 0.8587  data: 0.0004  max mem: 35168
Epoch: [6]  [ 790/1416]  eta: 0:09:15  lr: 0.000292  min_lr: 0.000292  loss: 0.2269 (0.2676)  reconst_loss: 0.0101 (0.0171)  code_loss: 0.2169 (0.2505)  weight_decay: 0.0500 (0.0500)  grad_norm: 1.2024 (1.0233)  time: 0.8631  data: 0.0003  max mem: 35168
Epoch: [6]  [ 800/1416]  eta: 0:09:06  lr: 0.000292  min_lr: 0.000292  loss: 0.2184 (0.2670)  reconst_loss: 0.0096 (0.0170)  code_loss: 0.2083 (0.2500)  weight_decay: 0.0500 (0.0500)  grad_norm: 0.6705 (1.0160)  time: 0.8644  data: 0.0003  max mem: 35168
Epoch: [6]  [ 810/1416]  eta: 0:08:57  lr: 0.000292  min_lr: 0.000292  loss: 0.2164 (0.2663)  reconst_loss: 0.0093 (0.0169)  code_loss: 0.2071 (0.2495)  weight_decay: 0.0500 (0.0500)  grad_norm: 0.2322 (1.0059)  time: 0.8612  data: 0.0004  max mem: 35168
Epoch: [6]  [ 820/1416]  eta: 0:08:48  lr: 0.000292  min_lr: 0.000292  loss: 0.2170 (0.2658)  reconst_loss: 0.0092 (0.0168)  code_loss: 0.2076 (0.2490)  weight_decay: 0.0500 (0.0500)  grad_norm: 0.1754 (0.9958)  time: 0.8641  data: 0.0004  max mem: 35168
Epoch: [6]  [ 830/1416]  eta: 0:08:39  lr: 0.000292  min_lr: 0.000292  loss: 0.2201 (0.2652)  reconst_loss: 0.0090 (0.0167)  code_loss: 0.2111 (0.2486)  weight_decay: 0.0500 (0.0500)  grad_norm: 0.1872 (0.9865)  time: 0.8660  data: 0.0003  max mem: 35168
Epoch: [6]  [ 840/1416]  eta: 0:08:30  lr: 0.000292  min_lr: 0.000292  loss: 0.2232 (0.2648)  reconst_loss: 0.0089 (0.0166)  code_loss: 0.2146 (0.2482)  weight_decay: 0.0500 (0.0500)  grad_norm: 0.1870 (0.9769)  time: 0.8667  data: 0.0003  max mem: 35168
Epoch: [6]  [ 850/1416]  eta: 0:08:21  lr: 0.000292  min_lr: 0.000292  loss: 0.2297 (0.2644)  reconst_loss: 0.0087 (0.0165)  code_loss: 0.2206 (0.2479)  weight_decay: 0.0500 (0.0500)  grad_norm: 0.1858 (0.9679)  time: 0.8675  data: 0.0006  max mem: 35168
Epoch: [6]  [ 860/1416]  eta: 0:08:12  lr: 0.000292  min_lr: 0.000292  loss: 0.2347 (0.2641)  reconst_loss: 0.0087 (0.0164)  code_loss: 0.2262 (0.2477)  weight_decay: 0.0500 (0.0500)  grad_norm: 0.2047 (0.9593)  time: 0.8672  data: 0.0006  max mem: 35168
Epoch: [6]  [ 870/1416]  eta: 0:08:03  lr: 0.000292  min_lr: 0.000292  loss: 0.2355 (0.2637)  reconst_loss: 0.0087 (0.0163)  code_loss: 0.2269 (0.2474)  weight_decay: 0.0500 (0.0500)  grad_norm: 0.2222 (0.9513)  time: 0.8625  data: 0.0004  max mem: 35168
Epoch: [6]  [ 880/1416]  eta: 0:07:54  lr: 0.000291  min_lr: 0.000291  loss: 0.2350 (0.2634)  reconst_loss: 0.0085 (0.0162)  code_loss: 0.2265 (0.2472)  weight_decay: 0.0500 (0.0500)  grad_norm: 0.2630 (0.9433)  time: 0.8656  data: 0.0005  max mem: 35168
Epoch: [6]  [ 890/1416]  eta: 0:07:45  lr: 0.000291  min_lr: 0.000291  loss: 0.2361 (0.2631)  reconst_loss: 0.0087 (0.0161)  code_loss: 0.2269 (0.2470)  weight_decay: 0.0500 (0.0500)  grad_norm: 0.3059 (0.9379)  time: 0.8675  data: 0.0004  max mem: 35168
Epoch: [6]  [ 900/1416]  eta: 0:07:36  lr: 0.000291  min_lr: 0.000291  loss: 0.2383 (0.2628)  reconst_loss: 0.0088 (0.0161)  code_loss: 0.2295 (0.2468)  weight_decay: 0.0500 (0.0500)  grad_norm: 0.4015 (0.9317)  time: 0.8633  data: 0.0004  max mem: 35168
Epoch: [6]  [ 910/1416]  eta: 0:07:27  lr: 0.000291  min_lr: 0.000291  loss: 0.2385 (0.2626)  reconst_loss: 0.0084 (0.0160)  code_loss: 0.2298 (0.2466)  weight_decay: 0.0500 (0.0500)  grad_norm: 0.3893 (0.9260)  time: 0.8634  data: 0.0004  max mem: 35168
Epoch: [6]  [ 920/1416]  eta: 0:07:18  lr: 0.000291  min_lr: 0.000291  loss: 0.2425 (0.2624)  reconst_loss: 0.0081 (0.0159)  code_loss: 0.2348 (0.2465)  weight_decay: 0.0500 (0.0500)  grad_norm: 0.4074 (0.9209)  time: 0.8661  data: 0.0005  max mem: 35168
Epoch: [6]  [ 930/1416]  eta: 0:07:09  lr: 0.000291  min_lr: 0.000291  loss: 0.2495 (0.2623)  reconst_loss: 0.0081 (0.0158)  code_loss: 0.2413 (0.2465)  weight_decay: 0.0500 (0.0500)  grad_norm: 0.4302 (0.9159)  time: 0.8697  data: 0.0003  max mem: 35168
Epoch: [6]  [ 940/1416]  eta: 0:07:00  lr: 0.000291  min_lr: 0.000291  loss: 0.2510 (0.2622)  reconst_loss: 0.0081 (0.0157)  code_loss: 0.2427 (0.2464)  weight_decay: 0.0500 (0.0500)  grad_norm: 0.4420 (0.9109)  time: 0.8660  data: 0.0003  max mem: 35168
Epoch: [6]  [ 950/1416]  eta: 0:06:51  lr: 0.000291  min_lr: 0.000291  loss: 0.2503 (0.2621)  reconst_loss: 0.0080 (0.0156)  code_loss: 0.2423 (0.2464)  weight_decay: 0.0500 (0.0500)  grad_norm: 0.4550 (0.9065)  time: 0.8638  data: 0.0003  max mem: 35168
Epoch: [6]  [ 960/1416]  eta: 0:06:42  lr: 0.000291  min_lr: 0.000291  loss: 0.2527 (0.2620)  reconst_loss: 0.0082 (0.0156)  code_loss: 0.2445 (0.2464)  weight_decay: 0.0500 (0.0500)  grad_norm: 0.5584 (0.9040)  time: 0.8685  data: 0.0003  max mem: 35168
Epoch: [6]  [ 970/1416]  eta: 0:06:33  lr: 0.000291  min_lr: 0.000291  loss: 0.2583 (0.2620)  reconst_loss: 0.0080 (0.0155)  code_loss: 0.2500 (0.2465)  weight_decay: 0.0500 (0.0500)  grad_norm: 0.6849 (0.9016)  time: 0.8659  data: 0.0004  max mem: 35168
Epoch: [6]  [ 980/1416]  eta: 0:06:24  lr: 0.000291  min_lr: 0.000291  loss: 0.2628 (0.2620)  reconst_loss: 0.0075 (0.0154)  code_loss: 0.2550 (0.2466)  weight_decay: 0.0500 (0.0500)  grad_norm: 0.6103 (0.8979)  time: 0.8619  data: 0.0005  max mem: 35168
Epoch: [6]  [ 990/1416]  eta: 0:06:16  lr: 0.000291  min_lr: 0.000291  loss: 0.2612 (0.2620)  reconst_loss: 0.0076 (0.0153)  code_loss: 0.2532 (0.2466)  weight_decay: 0.0500 (0.0500)  grad_norm: 0.4997 (0.8943)  time: 0.8633  data: 0.0003  max mem: 35168
Epoch: [6]  [1000/1416]  eta: 0:06:07  lr: 0.000291  min_lr: 0.000291  loss: 0.2547 (0.2619)  reconst_loss: 0.0076 (0.0153)  code_loss: 0.2472 (0.2466)  weight_decay: 0.0500 (0.0500)  grad_norm: 0.4905 (0.8901)  time: 0.8672  data: 0.0003  max mem: 35168
Epoch: [6]  [1010/1416]  eta: 0:05:58  lr: 0.000290  min_lr: 0.000290  loss: 0.2520 (0.2618)  reconst_loss: 0.0073 (0.0152)  code_loss: 0.2444 (0.2466)  weight_decay: 0.0500 (0.0500)  grad_norm: 0.4406 (0.8854)  time: 0.8700  data: 0.0003  max mem: 35168
Epoch: [6]  [1020/1416]  eta: 0:05:49  lr: 0.000290  min_lr: 0.000290  loss: 0.2503 (0.2617)  reconst_loss: 0.0074 (0.0151)  code_loss: 0.2427 (0.2466)  weight_decay: 0.0500 (0.0500)  grad_norm: 0.4659 (0.8823)  time: 0.8664  data: 0.0004  max mem: 35168
Epoch: [6]  [1030/1416]  eta: 0:05:40  lr: 0.000290  min_lr: 0.000290  loss: 0.2516 (0.2616)  reconst_loss: 0.0076 (0.0150)  code_loss: 0.2433 (0.2465)  weight_decay: 0.0500 (0.0500)  grad_norm: 0.5612 (0.8797)  time: 0.8635  data: 0.0004  max mem: 35168
Epoch: [6]  [1040/1416]  eta: 0:05:31  lr: 0.000290  min_lr: 0.000290  loss: 0.2517 (0.2615)  reconst_loss: 0.0072 (0.0150)  code_loss: 0.2445 (0.2465)  weight_decay: 0.0500 (0.0500)  grad_norm: 0.6678 (0.8788)  time: 0.8644  data: 0.0003  max mem: 35168
Epoch: [6]  [1050/1416]  eta: 0:05:22  lr: 0.000290  min_lr: 0.000290  loss: 0.2526 (0.2618)  reconst_loss: 0.0072 (0.0150)  code_loss: 0.2447 (0.2468)  weight_decay: 0.0500 (0.0500)  grad_norm: 0.8254 (0.9161)  time: 0.8654  data: 0.0003  max mem: 35168
Epoch: [6]  [1060/1416]  eta: 0:05:13  lr: 0.000290  min_lr: 0.000290  loss: 0.2736 (0.2629)  reconst_loss: 0.0160 (0.0150)  code_loss: 0.2583 (0.2479)  weight_decay: 0.0500 (0.0500)  grad_norm: 12.4413 (1.0690)  time: 0.8653  data: 0.0006  max mem: 35168
Epoch: [6]  [1070/1416]  eta: 0:05:04  lr: 0.000290  min_lr: 0.000290  loss: 0.2399 (0.2624)  reconst_loss: 0.0157 (0.0150)  code_loss: 0.2264 (0.2474)  weight_decay: 0.0500 (0.0500)  grad_norm: 10.4725 (1.0952)  time: 0.8644  data: 0.0006  max mem: 35168
Epoch: [6]  [1080/1416]  eta: 0:04:56  lr: 0.000290  min_lr: 0.000290  loss: 0.1921 (0.2617)  reconst_loss: 0.0127 (0.0150)  code_loss: 0.1802 (0.2467)  weight_decay: 0.0500 (0.0500)  grad_norm: 0.9297 (1.0906)  time: 0.8677  data: 0.0002  max mem: 35168
Epoch: [6]  [1090/1416]  eta: 0:04:47  lr: 0.000290  min_lr: 0.000290  loss: 0.1862 (0.2610)  reconst_loss: 0.0111 (0.0149)  code_loss: 0.1756 (0.2461)  weight_decay: 0.0500 (0.0500)  grad_norm: 0.3643 (1.0831)  time: 0.8677  data: 0.0003  max mem: 35168
Epoch: [6]  [1100/1416]  eta: 0:04:38  lr: 0.000290  min_lr: 0.000290  loss: 0.1824 (0.2602)  reconst_loss: 0.0097 (0.0149)  code_loss: 0.1722 (0.2454)  weight_decay: 0.0500 (0.0500)  grad_norm: 0.1856 (1.0747)  time: 0.8658  data: 0.0005  max mem: 35168
Epoch: [6]  [1110/1416]  eta: 0:04:29  lr: 0.000290  min_lr: 0.000290  loss: 0.1783 (0.2595)  reconst_loss: 0.0087 (0.0148)  code_loss: 0.1693 (0.2447)  weight_decay: 0.0500 (0.0500)  grad_norm: 0.1512 (1.0663)  time: 0.8645  data: 0.0005  max mem: 35168
Epoch: [6]  [1120/1416]  eta: 0:04:20  lr: 0.000290  min_lr: 0.000290  loss: 0.1755 (0.2587)  reconst_loss: 0.0082 (0.0148)  code_loss: 0.1672 (0.2440)  weight_decay: 0.0500 (0.0500)  grad_norm: 0.1526 (1.0582)  time: 0.8640  data: 0.0004  max mem: 35168
Epoch: [6]  [1130/1416]  eta: 0:04:11  lr: 0.000289  min_lr: 0.000289  loss: 0.1734 (0.2580)  reconst_loss: 0.0079 (0.0147)  code_loss: 0.1652 (0.2433)  weight_decay: 0.0500 (0.0500)  grad_norm: 0.1307 (1.0498)  time: 0.8689  data: 0.0004  max mem: 35168
Epoch: [6]  [1140/1416]  eta: 0:04:03  lr: 0.000289  min_lr: 0.000289  loss: 0.1713 (0.2572)  reconst_loss: 0.0079 (0.0146)  code_loss: 0.1636 (0.2426)  weight_decay: 0.0500 (0.0500)  grad_norm: 0.0807 (1.0413)  time: 0.8697  data: 0.0004  max mem: 35168
Epoch: [6]  [1150/1416]  eta: 0:03:54  lr: 0.000289  min_lr: 0.000289  loss: 0.1708 (0.2565)  reconst_loss: 0.0079 (0.0146)  code_loss: 0.1628 (0.2419)  weight_decay: 0.0500 (0.0500)  grad_norm: 0.0797 (1.0332)  time: 0.8655  data: 0.0003  max mem: 35168
Epoch: [6]  [1160/1416]  eta: 0:03:45  lr: 0.000289  min_lr: 0.000289  loss: 0.1711 (0.2558)  reconst_loss: 0.0082 (0.0145)  code_loss: 0.1627 (0.2413)  weight_decay: 0.0500 (0.0500)  grad_norm: 0.1788 (1.0508)  time: 0.8688  data: 0.0002  max mem: 35168
Epoch: [6]  [1170/1416]  eta: 0:03:36  lr: 0.000289  min_lr: 0.000289  loss: 0.1760 (0.2551)  reconst_loss: 0.0089 (0.0145)  code_loss: 0.1675 (0.2406)  weight_decay: 0.0500 (0.0500)  grad_norm: 3.2492 (1.0705)  time: 0.8702  data: 0.0003  max mem: 35168
Epoch: [6]  [1180/1416]  eta: 0:03:27  lr: 0.000289  min_lr: 0.000289  loss: 0.1676 (0.2544)  reconst_loss: 0.0092 (0.0144)  code_loss: 0.1591 (0.2399)  weight_decay: 0.0500 (0.0500)  grad_norm: 1.5582 (1.0676)  time: 0.8649  data: 0.0002  max mem: 35168
Epoch: [6]  [1190/1416]  eta: 0:03:18  lr: 0.000289  min_lr: 0.000289  loss: 0.1615 (0.2536)  reconst_loss: 0.0080 (0.0144)  code_loss: 0.1536 (0.2392)  weight_decay: 0.0500 (0.0500)  grad_norm: 0.2584 (1.0603)  time: 0.8697  data: 0.0003  max mem: 35168
Epoch: [6]  [1200/1416]  eta: 0:03:10  lr: 0.000289  min_lr: 0.000289  loss: 0.1591 (0.2528)  reconst_loss: 0.0075 (0.0143)  code_loss: 0.1515 (0.2385)  weight_decay: 0.0500 (0.0500)  grad_norm: 0.1324 (1.0523)  time: 0.8685  data: 0.0006  max mem: 35168
Epoch: [6]  [1210/1416]  eta: 0:03:01  lr: 0.000289  min_lr: 0.000289  loss: 0.1581 (0.2520)  reconst_loss: 0.0074 (0.0143)  code_loss: 0.1508 (0.2377)  weight_decay: 0.0500 (0.0500)  grad_norm: 0.0757 (1.0442)  time: 0.8550  data: 0.0006  max mem: 35168
Epoch: [6]  [1220/1416]  eta: 0:02:52  lr: 0.000289  min_lr: 0.000289  loss: 0.1580 (0.2512)  reconst_loss: 0.0074 (0.0142)  code_loss: 0.1506 (0.2370)  weight_decay: 0.0500 (0.0500)  grad_norm: 0.0558 (1.0360)  time: 0.8461  data: 0.0001  max mem: 35168
Epoch: [6]  [1230/1416]  eta: 0:02:43  lr: 0.000289  min_lr: 0.000289  loss: 0.1583 (0.2505)  reconst_loss: 0.0074 (0.0142)  code_loss: 0.1509 (0.2363)  weight_decay: 0.0500 (0.0500)  grad_norm: 0.0483 (1.0281)  time: 0.8452  data: 0.0001  max mem: 35168
Epoch: [6]  [1240/1416]  eta: 0:02:34  lr: 0.000289  min_lr: 0.000289  loss: 0.1592 (0.2498)  reconst_loss: 0.0072 (0.0141)  code_loss: 0.1523 (0.2356)  weight_decay: 0.0500 (0.0500)  grad_norm: 0.0629 (1.0204)  time: 0.8497  data: 0.0001  max mem: 35168
Epoch: [6]  [1250/1416]  eta: 0:02:25  lr: 0.000288  min_lr: 0.000288  loss: 0.1610 (0.2491)  reconst_loss: 0.0071 (0.0141)  code_loss: 0.1541 (0.2350)  weight_decay: 0.0500 (0.0500)  grad_norm: 0.0726 (1.0129)  time: 0.8493  data: 0.0001  max mem: 35168
Epoch: [6]  [1260/1416]  eta: 0:02:17  lr: 0.000288  min_lr: 0.000288  loss: 0.1642 (0.2484)  reconst_loss: 0.0071 (0.0140)  code_loss: 0.1572 (0.2344)  weight_decay: 0.0500 (0.0500)  grad_norm: 0.0924 (1.0057)  time: 0.8448  data: 0.0002  max mem: 35168
Epoch: [6]  [1270/1416]  eta: 0:02:08  lr: 0.000288  min_lr: 0.000288  loss: 0.1686 (0.2478)  reconst_loss: 0.0070 (0.0139)  code_loss: 0.1615 (0.2339)  weight_decay: 0.0500 (0.0500)  grad_norm: 0.1016 (0.9987)  time: 0.8410  data: 0.0002  max mem: 35168
Epoch: [6]  [1280/1416]  eta: 0:01:59  lr: 0.000288  min_lr: 0.000288  loss: 0.1738 (0.2472)  reconst_loss: 0.0070 (0.0139)  code_loss: 0.1662 (0.2334)  weight_decay: 0.0500 (0.0500)  grad_norm: 0.1184 (0.9928)  time: 0.8453  data: 0.0002  max mem: 35168
Epoch: [6]  [1290/1416]  eta: 0:01:50  lr: 0.000288  min_lr: 0.000288  loss: 0.1785 (0.2467)  reconst_loss: 0.0070 (0.0138)  code_loss: 0.1712 (0.2329)  weight_decay: 0.0500 (0.0500)  grad_norm: 0.3078 (0.9876)  time: 0.8499  data: 0.0002  max mem: 35168
Epoch: [6]  [1300/1416]  eta: 0:01:41  lr: 0.000288  min_lr: 0.000288  loss: 0.1808 (0.2462)  reconst_loss: 0.0069 (0.0138)  code_loss: 0.1740 (0.2325)  weight_decay: 0.0500 (0.0500)  grad_norm: 0.2833 (0.9820)  time: 0.8472  data: 0.0002  max mem: 35168
Epoch: [6]  [1310/1416]  eta: 0:01:32  lr: 0.000288  min_lr: 0.000288  loss: 0.1856 (0.2458)  reconst_loss: 0.0068 (0.0137)  code_loss: 0.1786 (0.2321)  weight_decay: 0.0500 (0.0500)  grad_norm: 0.2325 (0.9760)  time: 0.8419  data: 0.0002  max mem: 35168
Epoch: [6]  [1320/1416]  eta: 0:01:24  lr: 0.000288  min_lr: 0.000288  loss: 0.1903 (0.2454)  reconst_loss: 0.0067 (0.0137)  code_loss: 0.1835 (0.2317)  weight_decay: 0.0500 (0.0500)  grad_norm: 0.2581 (0.9721)  time: 0.8366  data: 0.0002  max mem: 35168
Epoch: [6]  [1330/1416]  eta: 0:01:15  lr: 0.000288  min_lr: 0.000288  loss: 0.1994 (0.2451)  reconst_loss: 0.0068 (0.0136)  code_loss: 0.1929 (0.2315)  weight_decay: 0.0500 (0.0500)  grad_norm: 0.3830 (0.9673)  time: 0.8421  data: 0.0002  max mem: 35168
Epoch: [6]  [1340/1416]  eta: 0:01:06  lr: 0.000288  min_lr: 0.000288  loss: 0.2039 (0.2448)  reconst_loss: 0.0065 (0.0136)  code_loss: 0.1975 (0.2312)  weight_decay: 0.0500 (0.0500)  grad_norm: 0.2674 (0.9619)  time: 0.8432  data: 0.0002  max mem: 35168
Epoch: [6]  [1350/1416]  eta: 0:00:57  lr: 0.000288  min_lr: 0.000288  loss: 0.2090 (0.2446)  reconst_loss: 0.0064 (0.0135)  code_loss: 0.2022 (0.2310)  weight_decay: 0.0500 (0.0500)  grad_norm: 0.2237 (0.9564)  time: 0.8415  data: 0.0001  max mem: 35168
Epoch: [6]  [1360/1416]  eta: 0:00:49  lr: 0.000288  min_lr: 0.000288  loss: 0.2169 (0.2444)  reconst_loss: 0.0065 (0.0135)  code_loss: 0.2104 (0.2309)  weight_decay: 0.0500 (0.0500)  grad_norm: 0.2184 (0.9516)  time: 0.8452  data: 0.0001  max mem: 35168
Epoch: [6]  [1370/1416]  eta: 0:00:40  lr: 0.000287  min_lr: 0.000287  loss: 0.2248 (0.2443)  reconst_loss: 0.0065 (0.0134)  code_loss: 0.2179 (0.2309)  weight_decay: 0.0500 (0.0500)  grad_norm: 0.2109 (0.9460)  time: 0.8453  data: 0.0001  max mem: 35168
Epoch: [6]  [1380/1416]  eta: 0:00:31  lr: 0.000287  min_lr: 0.000287  loss: 0.2335 (0.2443)  reconst_loss: 0.0064 (0.0134)  code_loss: 0.2266 (0.2309)  weight_decay: 0.0500 (0.0500)  grad_norm: 0.1901 (0.9410)  time: 0.8400  data: 0.0002  max mem: 35168
Epoch: [6]  [1390/1416]  eta: 0:00:22  lr: 0.000287  min_lr: 0.000287  loss: 0.2443 (0.2443)  reconst_loss: 0.0064 (0.0133)  code_loss: 0.2378 (0.2310)  weight_decay: 0.0500 (0.0500)  grad_norm: 0.2613 (0.9365)  time: 0.8351  data: 0.0002  max mem: 35168
Epoch: [6]  [1400/1416]  eta: 0:00:13  lr: 0.000287  min_lr: 0.000287  loss: 0.2508 (0.2443)  reconst_loss: 0.0063 (0.0133)  code_loss: 0.2442 (0.2311)  weight_decay: 0.0500 (0.0500)  grad_norm: 0.3075 (0.9323)  time: 0.8365  data: 0.0002  max mem: 35168
Epoch: [6]  [1410/1416]  eta: 0:00:05  lr: 0.000287  min_lr: 0.000287  loss: 0.2537 (0.2444)  reconst_loss: 0.0064 (0.0132)  code_loss: 0.2473 (0.2312)  weight_decay: 0.0500 (0.0500)  grad_norm: 0.4171 (0.9296)  time: 0.8394  data: 0.0002  max mem: 35168
Epoch: [6]  [1415/1416]  eta: 0:00:00  lr: 0.000287  min_lr: 0.000287  loss: 0.2564 (0.2445)  reconst_loss: 0.0063 (0.0132)  code_loss: 0.2500 (0.2313)  weight_decay: 0.0500 (0.0500)  grad_norm: 0.4492 (0.9280)  time: 0.8385  data: 0.0002  max mem: 35168
Epoch: [6] Total time: 0:20:39 (0.8753 s / it)
Averaged stats: lr: 0.000287  min_lr: 0.000287  loss: 0.2564 (0.2444)  reconst_loss: 0.0063 (0.0132)  code_loss: 0.2500 (0.2313)  weight_decay: 0.0500 (0.0500)  grad_norm: 0.4492 (0.9280)
[Eval]   [0/5]  eta: 0:00:23  loss: 0.0096 (0.0096)  reconst_loss: 0.0096 (0.0096)  code_loss: 0.0000 (0.0000)  time: 4.7816  data: 4.2975  max mem: 35168
[Eval]   [4/5]  eta: 0:00:01  loss: 0.0080 (0.0081)  reconst_loss: 0.0080 (0.0081)  code_loss: 0.0000 (0.0000)  time: 1.2505  data: 0.8596  max mem: 35168
[Eval]  Total time: 0:00:06 (1.3109 s / it)
Eval averaged stats: loss: 0.0080 (0.0081)  reconst_loss: 0.0080 (0.0081)  code_loss: 0.0000 (0.0000)
[Eval] Image metrics @224:  [0/5]  eta: 0:01:37    time: 19.4169  data: 4.8690  max mem: 35168
[Eval] Image metrics @224:  [4/5]  eta: 0:00:13    time: 13.9076  data: 0.9751  max mem: 35168
[Eval] Image metrics @224: Total time: 0:01:10 (14.0286 s / it)
[Eval]  Generation results: [Eval] MSE@224: 0.0099 (0.0099)  [Eval] MAE@224: 0.0628 (0.0628)  [Eval] PSNR@224: 20.0537 (20.0537)  [Eval] MS-SSIM@224: nan (nan)  [Eval] CodebookUsage@224: 0.2220 (0.2220)
Logged 1 eval images @ res 224
Epoch: [7]  [   0/1416]  eta: 6:55:23  lr: 0.000287  min_lr: 0.000287  loss: 0.2587 (0.2587)  reconst_loss: 0.0064 (0.0064)  code_loss: 0.2524 (0.2524)  weight_decay: 0.0500 (0.0500)  grad_norm: 0.4784 (0.4784)  time: 17.6015  data: 16.4610  max mem: 35168
Epoch: [7]  [  10/1416]  eta: 0:56:20  lr: 0.000287  min_lr: 0.000287  loss: 0.2592 (0.2595)  reconst_loss: 0.0063 (0.0063)  code_loss: 0.2527 (0.2531)  weight_decay: 0.0500 (0.0500)  grad_norm: 0.5182 (0.5100)  time: 2.4044  data: 1.4968  max mem: 35168
Epoch: [7]  [  20/1416]  eta: 0:38:45  lr: 0.000287  min_lr: 0.000287  loss: 0.2606 (0.2605)  reconst_loss: 0.0063 (0.0063)  code_loss: 0.2543 (0.2542)  weight_decay: 0.0500 (0.0500)  grad_norm: 0.5327 (0.5389)  time: 0.8690  data: 0.0003  max mem: 35168
Epoch: [7]  [  30/1416]  eta: 0:32:23  lr: 0.000287  min_lr: 0.000287  loss: 0.2614 (0.2608)  reconst_loss: 0.0061 (0.0062)  code_loss: 0.2555 (0.2546)  weight_decay: 0.0500 (0.0500)  grad_norm: 0.5569 (0.5433)  time: 0.8506  data: 0.0003  max mem: 35168
Epoch: [7]  [  40/1416]  eta: 0:29:05  lr: 0.000287  min_lr: 0.000287  loss: 0.2613 (0.2610)  reconst_loss: 0.0060 (0.0062)  code_loss: 0.2555 (0.2548)  weight_decay: 0.0500 (0.0500)  grad_norm: 0.5033 (0.5287)  time: 0.8513  data: 0.0004  max mem: 35168
Epoch: [7]  [  50/1416]  eta: 0:27:01  lr: 0.000287  min_lr: 0.000287  loss: 0.2600 (0.2606)  reconst_loss: 0.0060 (0.0062)  code_loss: 0.2543 (0.2544)  weight_decay: 0.0500 (0.0500)  grad_norm: 0.4955 (0.5271)  time: 0.8541  data: 0.0007  max mem: 35168
Epoch: [7]  [  60/1416]  eta: 0:25:36  lr: 0.000286  min_lr: 0.000286  loss: 0.2583 (0.2602)  reconst_loss: 0.0061 (0.0062)  code_loss: 0.2523 (0.2540)  weight_decay: 0.0500 (0.0500)  grad_norm: 0.5542 (0.5475)  time: 0.8562  data: 0.0007  max mem: 35168
Epoch: [7]  [  70/1416]  eta: 0:24:34  lr: 0.000286  min_lr: 0.000286  loss: 0.2571 (0.2595)  reconst_loss: 0.0061 (0.0061)  code_loss: 0.2510 (0.2534)  weight_decay: 0.0500 (0.0500)  grad_norm: 0.5808 (0.5481)  time: 0.8606  data: 0.0003  max mem: 35168
Epoch: [7]  [  80/1416]  eta: 0:23:43  lr: 0.000286  min_lr: 0.000286  loss: 0.2530 (0.2586)  reconst_loss: 0.0058 (0.0061)  code_loss: 0.2475 (0.2525)  weight_decay: 0.0500 (0.0500)  grad_norm: 0.4811 (0.5400)  time: 0.8600  data: 0.0004  max mem: 35168
Epoch: [7]  [  90/1416]  eta: 0:23:03  lr: 0.000286  min_lr: 0.000286  loss: 0.2523 (0.2579)  reconst_loss: 0.0056 (0.0060)  code_loss: 0.2466 (0.2519)  weight_decay: 0.0500 (0.0500)  grad_norm: 0.5097 (0.5435)  time: 0.8588  data: 0.0005  max mem: 35168
Epoch: [7]  [ 100/1416]  eta: 0:22:28  lr: 0.000286  min_lr: 0.000286  loss: 0.2519 (0.2573)  reconst_loss: 0.0054 (0.0060)  code_loss: 0.2462 (0.2513)  weight_decay: 0.0500 (0.0500)  grad_norm: 0.4489 (0.5267)  time: 0.8591  data: 0.0003  max mem: 35168
Epoch: [7]  [ 110/1416]  eta: 0:21:58  lr: 0.000286  min_lr: 0.000286  loss: 0.2489 (0.2563)  reconst_loss: 0.0053 (0.0059)  code_loss: 0.2436 (0.2504)  weight_decay: 0.0500 (0.0500)  grad_norm: 0.2779 (0.5016)  time: 0.8585  data: 0.0005  max mem: 35168
Epoch: [7]  [ 120/1416]  eta: 0:21:32  lr: 0.000286  min_lr: 0.000286  loss: 0.2461 (0.2555)  reconst_loss: 0.0053 (0.0059)  code_loss: 0.2404 (0.2496)  weight_decay: 0.0500 (0.0500)  grad_norm: 0.2774 (0.5028)  time: 0.8563  data: 0.0006  max mem: 35168
Epoch: [7]  [ 130/1416]  eta: 0:21:08  lr: 0.000286  min_lr: 0.000286  loss: 0.2452 (0.2546)  reconst_loss: 0.0056 (0.0059)  code_loss: 0.2397 (0.2487)  weight_decay: 0.0500 (0.0500)  grad_norm: 0.4534 (0.4986)  time: 0.8571  data: 0.0004  max mem: 35168
Epoch: [7]  [ 140/1416]  eta: 0:20:47  lr: 0.000286  min_lr: 0.000286  loss: 0.2419 (0.2535)  reconst_loss: 0.0055 (0.0058)  code_loss: 0.2366 (0.2476)  weight_decay: 0.0500 (0.0500)  grad_norm: 0.3562 (0.4852)  time: 0.8606  data: 0.0005  max mem: 35168
Epoch: [7]  [ 150/1416]  eta: 0:20:27  lr: 0.000286  min_lr: 0.000286  loss: 0.2353 (0.2522)  reconst_loss: 0.0052 (0.0058)  code_loss: 0.2304 (0.2465)  weight_decay: 0.0500 (0.0500)  grad_norm: 0.2961 (0.4708)  time: 0.8598  data: 0.0005  max mem: 35168
Epoch: [7]  [ 160/1416]  eta: 0:20:09  lr: 0.000286  min_lr: 0.000286  loss: 0.2341 (0.2511)  reconst_loss: 0.0050 (0.0057)  code_loss: 0.2291 (0.2453)  weight_decay: 0.0500 (0.0500)  grad_norm: 0.2907 (0.4612)  time: 0.8575  data: 0.0003  max mem: 35168
Epoch: [7]  [ 170/1416]  eta: 0:19:51  lr: 0.000285  min_lr: 0.000285  loss: 0.2329 (0.2499)  reconst_loss: 0.0048 (0.0057)  code_loss: 0.2281 (0.2442)  weight_decay: 0.0500 (0.0500)  grad_norm: 0.2729 (0.4506)  time: 0.8568  data: 0.0003  max mem: 35168
Epoch: [7]  [ 180/1416]  eta: 0:19:35  lr: 0.000285  min_lr: 0.000285  loss: 0.2297 (0.2488)  reconst_loss: 0.0048 (0.0056)  code_loss: 0.2250 (0.2432)  weight_decay: 0.0500 (0.0500)  grad_norm: 0.3788 (0.4545)  time: 0.8604  data: 0.0004  max mem: 35168
Epoch: [7]  [ 190/1416]  eta: 0:19:20  lr: 0.000285  min_lr: 0.000285  loss: 0.2295 (0.2478)  reconst_loss: 0.0048 (0.0056)  code_loss: 0.2247 (0.2422)  weight_decay: 0.0500 (0.0500)  grad_norm: 0.5108 (0.4572)  time: 0.8594  data: 0.0004  max mem: 35168
Epoch: [7]  [ 200/1416]  eta: 0:19:05  lr: 0.000285  min_lr: 0.000285  loss: 0.2280 (0.2467)  reconst_loss: 0.0046 (0.0055)  code_loss: 0.2233 (0.2412)  weight_decay: 0.0500 (0.0500)  grad_norm: 0.4001 (0.4530)  time: 0.8594  data: 0.0003  max mem: 35168
Epoch: [7]  [ 210/1416]  eta: 0:18:52  lr: 0.000285  min_lr: 0.000285  loss: 0.2255 (0.2457)  reconst_loss: 0.0047 (0.0055)  code_loss: 0.2211 (0.2402)  weight_decay: 0.0500 (0.0500)  grad_norm: 0.4007 (0.4580)  time: 0.8653  data: 0.0003  max mem: 35168
Epoch: [7]  [ 220/1416]  eta: 0:18:38  lr: 0.000285  min_lr: 0.000285  loss: 0.2239 (0.2446)  reconst_loss: 0.0049 (0.0055)  code_loss: 0.2189 (0.2392)  weight_decay: 0.0500 (0.0500)  grad_norm: 0.6429 (0.4696)  time: 0.8665  data: 0.0004  max mem: 35168
Epoch: [7]  [ 230/1416]  eta: 0:18:25  lr: 0.000285  min_lr: 0.000285  loss: 0.2238 (0.2489)  reconst_loss: 0.0051 (0.0058)  code_loss: 0.2187 (0.2431)  weight_decay: 0.0500 (0.0500)  grad_norm: 0.8188 (0.9369)  time: 0.8642  data: 0.0007  max mem: 35168
Epoch: [7]  [ 240/1416]  eta: 0:18:12  lr: 0.000285  min_lr: 0.000285  loss: 0.2645 (0.2497)  reconst_loss: 0.0127 (0.0061)  code_loss: 0.2490 (0.2435)  weight_decay: 0.0500 (0.0500)  grad_norm: 12.5861 (1.4299)  time: 0.8597  data: 0.0006  max mem: 35168
Epoch: [7]  [ 250/1416]  eta: 0:18:00  lr: 0.000285  min_lr: 0.000285  loss: 0.2217 (0.2478)  reconst_loss: 0.0107 (0.0063)  code_loss: 0.2061 (0.2416)  weight_decay: 0.0500 (0.0500)  grad_norm: 6.4002 (1.5038)  time: 0.8580  data: 0.0004  max mem: 35168
Epoch: [7]  [ 260/1416]  eta: 0:17:47  lr: 0.000285  min_lr: 0.000285  loss: 0.1940 (0.2457)  reconst_loss: 0.0075 (0.0063)  code_loss: 0.1863 (0.2394)  weight_decay: 0.0500 (0.0500)  grad_norm: 1.0522 (1.4677)  time: 0.8574  data: 0.0006  max mem: 35168
Epoch: [7]  [ 270/1416]  eta: 0:17:35  lr: 0.000284  min_lr: 0.000284  loss: 0.1904 (0.2437)  reconst_loss: 0.0060 (0.0063)  code_loss: 0.1845 (0.2374)  weight_decay: 0.0500 (0.0500)  grad_norm: 0.2154 (1.4194)  time: 0.8582  data: 0.0006  max mem: 35168
Epoch: [7]  [ 280/1416]  eta: 0:17:24  lr: 0.000284  min_lr: 0.000284  loss: 0.1897 (0.2417)  reconst_loss: 0.0055 (0.0062)  code_loss: 0.1843 (0.2355)  weight_decay: 0.0500 (0.0500)  grad_norm: 0.1449 (1.3738)  time: 0.8605  data: 0.0007  max mem: 35168
Epoch: [7]  [ 290/1416]  eta: 0:17:12  lr: 0.000284  min_lr: 0.000284  loss: 0.1893 (0.2399)  reconst_loss: 0.0050 (0.0062)  code_loss: 0.1843 (0.2338)  weight_decay: 0.0500 (0.0500)  grad_norm: 0.1231 (1.3303)  time: 0.8613  data: 0.0005  max mem: 35168
Epoch: [7]  [ 300/1416]  eta: 0:17:01  lr: 0.000284  min_lr: 0.000284  loss: 0.1895 (0.2383)  reconst_loss: 0.0048 (0.0061)  code_loss: 0.1847 (0.2321)  weight_decay: 0.0500 (0.0500)  grad_norm: 0.1029 (1.2895)  time: 0.8635  data: 0.0004  max mem: 35168
Epoch: [7]  [ 310/1416]  eta: 0:16:50  lr: 0.000284  min_lr: 0.000284  loss: 0.1901 (0.2367)  reconst_loss: 0.0045 (0.0061)  code_loss: 0.1856 (0.2306)  weight_decay: 0.0500 (0.0500)  grad_norm: 0.1029 (1.2514)  time: 0.8608  data: 0.0004  max mem: 35168
Epoch: [7]  [ 320/1416]  eta: 0:16:39  lr: 0.000284  min_lr: 0.000284  loss: 0.1904 (0.2353)  reconst_loss: 0.0044 (0.0060)  code_loss: 0.1861 (0.2293)  weight_decay: 0.0500 (0.0500)  grad_norm: 0.1058 (1.2190)  time: 0.8555  data: 0.0004  max mem: 35168
Epoch: [7]  [ 330/1416]  eta: 0:16:28  lr: 0.000284  min_lr: 0.000284  loss: 0.1903 (0.2339)  reconst_loss: 0.0043 (0.0060)  code_loss: 0.1860 (0.2279)  weight_decay: 0.0500 (0.0500)  grad_norm: 0.3325 (1.1942)  time: 0.8563  data: 0.0004  max mem: 35168
Epoch: [7]  [ 340/1416]  eta: 0:16:17  lr: 0.000284  min_lr: 0.000284  loss: 0.1883 (0.2325)  reconst_loss: 0.0043 (0.0059)  code_loss: 0.1842 (0.2266)  weight_decay: 0.0500 (0.0500)  grad_norm: 0.5200 (1.1796)  time: 0.8609  data: 0.0006  max mem: 35168
Epoch: [7]  [ 350/1416]  eta: 0:16:07  lr: 0.000284  min_lr: 0.000284  loss: 0.1862 (0.2312)  reconst_loss: 0.0042 (0.0059)  code_loss: 0.1820 (0.2253)  weight_decay: 0.0500 (0.0500)  grad_norm: 0.5994 (1.1604)  time: 0.8618  data: 0.0006  max mem: 35168
Epoch: [7]  [ 360/1416]  eta: 0:15:56  lr: 0.000284  min_lr: 0.000284  loss: 0.1845 (0.2299)  reconst_loss: 0.0040 (0.0058)  code_loss: 0.1804 (0.2241)  weight_decay: 0.0500 (0.0500)  grad_norm: 0.2762 (1.1351)  time: 0.8613  data: 0.0003  max mem: 35168
Epoch: [7]  [ 370/1416]  eta: 0:15:46  lr: 0.000283  min_lr: 0.000283  loss: 0.1850 (0.2287)  reconst_loss: 0.0039 (0.0058)  code_loss: 0.1810 (0.2230)  weight_decay: 0.0500 (0.0500)  grad_norm: 0.2182 (1.1096)  time: 0.8593  data: 0.0004  max mem: 35168
Epoch: [7]  [ 380/1416]  eta: 0:15:36  lr: 0.000283  min_lr: 0.000283  loss: 0.1872 (0.2277)  reconst_loss: 0.0039 (0.0057)  code_loss: 0.1832 (0.2220)  weight_decay: 0.0500 (0.0500)  grad_norm: 0.2203 (1.0936)  time: 0.8592  data: 0.0004  max mem: 35168
Epoch: [7]  [ 390/1416]  eta: 0:15:26  lr: 0.000283  min_lr: 0.000283  loss: 0.1891 (0.2267)  reconst_loss: 0.0039 (0.0057)  code_loss: 0.1853 (0.2210)  weight_decay: 0.0500 (0.0500)  grad_norm: 0.4040 (1.0750)  time: 0.8637  data: 0.0003  max mem: 35168
Epoch: [7]  [ 400/1416]  eta: 0:15:15  lr: 0.000283  min_lr: 0.000283  loss: 0.1894 (0.2258)  reconst_loss: 0.0037 (0.0056)  code_loss: 0.1855 (0.2201)  weight_decay: 0.0500 (0.0500)  grad_norm: 0.2973 (1.0548)  time: 0.8605  data: 0.0003  max mem: 35168
Epoch: [7]  [ 410/1416]  eta: 0:15:05  lr: 0.000283  min_lr: 0.000283  loss: 0.1904 (0.2250)  reconst_loss: 0.0035 (0.0056)  code_loss: 0.1870 (0.2194)  weight_decay: 0.0500 (0.0500)  grad_norm: 0.2649 (1.0365)  time: 0.8598  data: 0.0003  max mem: 35168
Epoch: [7]  [ 420/1416]  eta: 0:14:55  lr: 0.000283  min_lr: 0.000283  loss: 0.1952 (0.2243)  reconst_loss: 0.0036 (0.0055)  code_loss: 0.1914 (0.2188)  weight_decay: 0.0500 (0.0500)  grad_norm: 0.4457 (1.0322)  time: 0.8594  data: 0.0003  max mem: 35168
Epoch: [7]  [ 430/1416]  eta: 0:14:45  lr: 0.000283  min_lr: 0.000283  loss: 0.1990 (0.2238)  reconst_loss: 0.0037 (0.0055)  code_loss: 0.1952 (0.2183)  weight_decay: 0.0500 (0.0500)  grad_norm: 0.9575 (1.0310)  time: 0.8542  data: 0.0003  max mem: 35168
Epoch: [7]  [ 440/1416]  eta: 0:14:36  lr: 0.000283  min_lr: 0.000283  loss: 0.2008 (0.2232)  reconst_loss: 0.0036 (0.0054)  code_loss: 0.1973 (0.2178)  weight_decay: 0.0500 (0.0500)  grad_norm: 0.7578 (1.0229)  time: 0.8578  data: 0.0003  max mem: 35168
Epoch: [7]  [ 450/1416]  eta: 0:14:26  lr: 0.000283  min_lr: 0.000283  loss: 0.2007 (0.2227)  reconst_loss: 0.0034 (0.0054)  code_loss: 0.1973 (0.2174)  weight_decay: 0.0500 (0.0500)  grad_norm: 0.5270 (1.0073)  time: 0.8679  data: 0.0004  max mem: 35168
Epoch: [7]  [ 460/1416]  eta: 0:14:16  lr: 0.000283  min_lr: 0.000283  loss: 0.2034 (0.2224)  reconst_loss: 0.0034 (0.0053)  code_loss: 0.1999 (0.2171)  weight_decay: 0.0500 (0.0500)  grad_norm: 0.3131 (0.9935)  time: 0.8682  data: 0.0004  max mem: 35168
Epoch: [7]  [ 470/1416]  eta: 0:14:07  lr: 0.000282  min_lr: 0.000282  loss: 0.2104 (0.2223)  reconst_loss: 0.0033 (0.0053)  code_loss: 0.2071 (0.2170)  weight_decay: 0.0500 (0.0500)  grad_norm: 0.2412 (0.9762)  time: 0.8635  data: 0.0004  max mem: 35168
Epoch: [7]  [ 480/1416]  eta: 0:13:57  lr: 0.000282  min_lr: 0.000282  loss: 0.2195 (0.2223)  reconst_loss: 0.0033 (0.0053)  code_loss: 0.2162 (0.2170)  weight_decay: 0.0500 (0.0500)  grad_norm: 0.1820 (0.9651)  time: 0.8647  data: 0.0003  max mem: 35168
Epoch: [7]  [ 490/1416]  eta: 0:13:48  lr: 0.000282  min_lr: 0.000282  loss: 0.2287 (0.2225)  reconst_loss: 0.0035 (0.0052)  code_loss: 0.2243 (0.2173)  weight_decay: 0.0500 (0.0500)  grad_norm: 0.5737 (0.9574)  time: 0.8663  data: 0.0005  max mem: 35168
Epoch: [7]  [ 500/1416]  eta: 0:13:38  lr: 0.000282  min_lr: 0.000282  loss: 0.2334 (0.2227)  reconst_loss: 0.0034 (0.0052)  code_loss: 0.2301 (0.2175)  weight_decay: 0.0500 (0.0500)  grad_norm: 0.5500 (0.9477)  time: 0.8644  data: 0.0008  max mem: 35168
Epoch: [7]  [ 510/1416]  eta: 0:13:29  lr: 0.000282  min_lr: 0.000282  loss: 0.2363 (0.2230)  reconst_loss: 0.0032 (0.0051)  code_loss: 0.2329 (0.2179)  weight_decay: 0.0500 (0.0500)  grad_norm: 0.4049 (0.9366)  time: 0.8608  data: 0.0006  max mem: 35168
Epoch: [7]  [ 520/1416]  eta: 0:13:19  lr: 0.000282  min_lr: 0.000282  loss: 0.2390 (0.2234)  reconst_loss: 0.0031 (0.0051)  code_loss: 0.2360 (0.2183)  weight_decay: 0.0500 (0.0500)  grad_norm: 0.3721 (0.9253)  time: 0.8619  data: 0.0003  max mem: 35168
Epoch: [7]  [ 530/1416]  eta: 0:13:10  lr: 0.000282  min_lr: 0.000282  loss: 0.2427 (0.2238)  reconst_loss: 0.0031 (0.0051)  code_loss: 0.2396 (0.2187)  weight_decay: 0.0500 (0.0500)  grad_norm: 0.3958 (0.9161)  time: 0.8658  data: 0.0003  max mem: 35168
Epoch: [7]  [ 540/1416]  eta: 0:13:00  lr: 0.000282  min_lr: 0.000282  loss: 0.2470 (0.2242)  reconst_loss: 0.0030 (0.0050)  code_loss: 0.2439 (0.2192)  weight_decay: 0.0500 (0.0500)  grad_norm: 0.4289 (0.9069)  time: 0.8622  data: 0.0004  max mem: 35168
Epoch: [7]  [ 550/1416]  eta: 0:12:51  lr: 0.000282  min_lr: 0.000282  loss: 0.2503 (0.2248)  reconst_loss: 0.0030 (0.0050)  code_loss: 0.2474 (0.2198)  weight_decay: 0.0500 (0.0500)  grad_norm: 0.5017 (0.9039)  time: 0.8594  data: 0.0004  max mem: 35168
Epoch: [7]  [ 560/1416]  eta: 0:12:42  lr: 0.000282  min_lr: 0.000282  loss: 0.2557 (0.2254)  reconst_loss: 0.0030 (0.0050)  code_loss: 0.2526 (0.2204)  weight_decay: 0.0500 (0.0500)  grad_norm: 0.6596 (0.8984)  time: 0.8625  data: 0.0004  max mem: 35168
Epoch: [7]  [ 570/1416]  eta: 0:12:32  lr: 0.000281  min_lr: 0.000281  loss: 0.2557 (0.2259)  reconst_loss: 0.0029 (0.0049)  code_loss: 0.2527 (0.2209)  weight_decay: 0.0500 (0.0500)  grad_norm: 0.5544 (0.8913)  time: 0.8645  data: 0.0004  max mem: 35168
Epoch: [7]  [ 580/1416]  eta: 0:12:23  lr: 0.000281  min_lr: 0.000281  loss: 0.2543 (0.2264)  reconst_loss: 0.0029 (0.0049)  code_loss: 0.2512 (0.2215)  weight_decay: 0.0500 (0.0500)  grad_norm: 0.3970 (0.8817)  time: 0.8658  data: 0.0005  max mem: 35168
Epoch: [7]  [ 590/1416]  eta: 0:12:14  lr: 0.000281  min_lr: 0.000281  loss: 0.2547 (0.2268)  reconst_loss: 0.0029 (0.0049)  code_loss: 0.2518 (0.2220)  weight_decay: 0.0500 (0.0500)  grad_norm: 0.4520 (0.8767)  time: 0.8635  data: 0.0005  max mem: 35168
Epoch: [7]  [ 600/1416]  eta: 0:12:05  lr: 0.000281  min_lr: 0.000281  loss: 0.2550 (0.2273)  reconst_loss: 0.0030 (0.0048)  code_loss: 0.2520 (0.2225)  weight_decay: 0.0500 (0.0500)  grad_norm: 0.6120 (0.8725)  time: 0.8637  data: 0.0005  max mem: 35168
Epoch: [7]  [ 610/1416]  eta: 0:11:55  lr: 0.000281  min_lr: 0.000281  loss: 0.2541 (0.2277)  reconst_loss: 0.0029 (0.0048)  code_loss: 0.2512 (0.2229)  weight_decay: 0.0500 (0.0500)  grad_norm: 0.6055 (0.8678)  time: 0.8639  data: 0.0005  max mem: 35168
Epoch: [7]  [ 620/1416]  eta: 0:11:46  lr: 0.000281  min_lr: 0.000281  loss: 0.2509 (0.2281)  reconst_loss: 0.0029 (0.0048)  code_loss: 0.2479 (0.2233)  weight_decay: 0.0500 (0.0500)  grad_norm: 0.4354 (0.8605)  time: 0.8641  data: 0.0007  max mem: 35168
Epoch: [7]  [ 630/1416]  eta: 0:11:37  lr: 0.000281  min_lr: 0.000281  loss: 0.2465 (0.2283)  reconst_loss: 0.0028 (0.0047)  code_loss: 0.2437 (0.2236)  weight_decay: 0.0500 (0.0500)  grad_norm: 0.3993 (0.8534)  time: 0.8631  data: 0.0006  max mem: 35168
Epoch: [7]  [ 640/1416]  eta: 0:11:28  lr: 0.000281  min_lr: 0.000281  loss: 0.2423 (0.2285)  reconst_loss: 0.0027 (0.0047)  code_loss: 0.2396 (0.2238)  weight_decay: 0.0500 (0.0500)  grad_norm: 0.3897 (0.8458)  time: 0.8656  data: 0.0003  max mem: 35168
Epoch: [7]  [ 650/1416]  eta: 0:11:19  lr: 0.000281  min_lr: 0.000281  loss: 0.2386 (0.2287)  reconst_loss: 0.0027 (0.0047)  code_loss: 0.2358 (0.2240)  weight_decay: 0.0500 (0.0500)  grad_norm: 0.3816 (0.8404)  time: 0.8715  data: 0.0003  max mem: 35168
Epoch: [7]  [ 660/1416]  eta: 0:11:10  lr: 0.000280  min_lr: 0.000280  loss: 0.2359 (0.2287)  reconst_loss: 0.0028 (0.0046)  code_loss: 0.2331 (0.2241)  weight_decay: 0.0500 (0.0500)  grad_norm: 0.3413 (0.8326)  time: 0.8672  data: 0.0004  max mem: 35168
Epoch: [7]  [ 670/1416]  eta: 0:11:01  lr: 0.000280  min_lr: 0.000280  loss: 0.2320 (0.2288)  reconst_loss: 0.0027 (0.0046)  code_loss: 0.2294 (0.2242)  weight_decay: 0.0500 (0.0500)  grad_norm: 0.3050 (0.8248)  time: 0.8622  data: 0.0005  max mem: 35168
Epoch: [7]  [ 680/1416]  eta: 0:10:52  lr: 0.000280  min_lr: 0.000280  loss: 0.2281 (0.2287)  reconst_loss: 0.0026 (0.0046)  code_loss: 0.2255 (0.2241)  weight_decay: 0.0500 (0.0500)  grad_norm: 0.2939 (0.8169)  time: 0.8634  data: 0.0005  max mem: 35168
Epoch: [7]  [ 690/1416]  eta: 0:10:43  lr: 0.000280  min_lr: 0.000280  loss: 0.2227 (0.2286)  reconst_loss: 0.0027 (0.0046)  code_loss: 0.2200 (0.2241)  weight_decay: 0.0500 (0.0500)  grad_norm: 0.3389 (0.8120)  time: 0.8675  data: 0.0005  max mem: 35168
Epoch: [7]  [ 700/1416]  eta: 0:10:33  lr: 0.000280  min_lr: 0.000280  loss: 0.2195 (0.2285)  reconst_loss: 0.0027 (0.0045)  code_loss: 0.2168 (0.2239)  weight_decay: 0.0500 (0.0500)  grad_norm: 0.4485 (0.8072)  time: 0.8652  data: 0.0003  max mem: 35168
Epoch: [7]  [ 710/1416]  eta: 0:10:24  lr: 0.000280  min_lr: 0.000280  loss: 0.2162 (0.2283)  reconst_loss: 0.0027 (0.0045)  code_loss: 0.2134 (0.2238)  weight_decay: 0.0500 (0.0500)  grad_norm: 0.5428 (0.8057)  time: 0.8605  data: 0.0003  max mem: 35168
Epoch: [7]  [ 720/1416]  eta: 0:10:15  lr: 0.000280  min_lr: 0.000280  loss: 0.2131 (0.2280)  reconst_loss: 0.0027 (0.0045)  code_loss: 0.2105 (0.2236)  weight_decay: 0.0500 (0.0500)  grad_norm: 0.6425 (0.8034)  time: 0.8628  data: 0.0004  max mem: 35168
Epoch: [7]  [ 730/1416]  eta: 0:10:06  lr: 0.000280  min_lr: 0.000280  loss: 0.2109 (0.2278)  reconst_loss: 0.0026 (0.0045)  code_loss: 0.2083 (0.2233)  weight_decay: 0.0500 (0.0500)  grad_norm: 0.5778 (0.7994)  time: 0.8633  data: 0.0004  max mem: 35168
Epoch: [7]  [ 740/1416]  eta: 0:09:57  lr: 0.000280  min_lr: 0.000280  loss: 0.2070 (0.2275)  reconst_loss: 0.0025 (0.0044)  code_loss: 0.2045 (0.2231)  weight_decay: 0.0500 (0.0500)  grad_norm: 0.4309 (0.7936)  time: 0.8622  data: 0.0003  max mem: 35168
Epoch: [7]  [ 750/1416]  eta: 0:09:48  lr: 0.000279  min_lr: 0.000279  loss: 0.2022 (0.2271)  reconst_loss: 0.0025 (0.0044)  code_loss: 0.1997 (0.2227)  weight_decay: 0.0500 (0.0500)  grad_norm: 0.3604 (0.7879)  time: 0.8646  data: 0.0003  max mem: 35168
Epoch: [7]  [ 760/1416]  eta: 0:09:39  lr: 0.000279  min_lr: 0.000279  loss: 0.1989 (0.2267)  reconst_loss: 0.0025 (0.0044)  code_loss: 0.1963 (0.2224)  weight_decay: 0.0500 (0.0500)  grad_norm: 0.3340 (0.7837)  time: 0.8631  data: 0.0003  max mem: 35168
Epoch: [7]  [ 770/1416]  eta: 0:09:30  lr: 0.000279  min_lr: 0.000279  loss: 0.1968 (0.2263)  reconst_loss: 0.0027 (0.0044)  code_loss: 0.1941 (0.2220)  weight_decay: 0.0500 (0.0500)  grad_norm: 0.4018 (0.7800)  time: 0.8615  data: 0.0004  max mem: 35168
Epoch: [7]  [ 780/1416]  eta: 0:09:21  lr: 0.000279  min_lr: 0.000279  loss: 0.1930 (0.2259)  reconst_loss: 0.0027 (0.0043)  code_loss: 0.1905 (0.2215)  weight_decay: 0.0500 (0.0500)  grad_norm: 0.4029 (0.7751)  time: 0.8671  data: 0.0004  max mem: 35168
Epoch: [7]  [ 790/1416]  eta: 0:09:12  lr: 0.000279  min_lr: 0.000279  loss: 0.1892 (0.2254)  reconst_loss: 0.0025 (0.0043)  code_loss: 0.1866 (0.2211)  weight_decay: 0.0500 (0.0500)  grad_norm: 0.3841 (0.7700)  time: 0.8658  data: 0.0004  max mem: 35168
Epoch: [7]  [ 800/1416]  eta: 0:09:03  lr: 0.000279  min_lr: 0.000279  loss: 0.1861 (0.2249)  reconst_loss: 0.0024 (0.0043)  code_loss: 0.1836 (0.2206)  weight_decay: 0.0500 (0.0500)  grad_norm: 0.3595 (0.7651)  time: 0.8650  data: 0.0003  max mem: 35168
Epoch: [7]  [ 810/1416]  eta: 0:08:54  lr: 0.000279  min_lr: 0.000279  loss: 0.1836 (0.2244)  reconst_loss: 0.0024 (0.0043)  code_loss: 0.1812 (0.2201)  weight_decay: 0.0500 (0.0500)  grad_norm: 0.3869 (0.7605)  time: 0.8630  data: 0.0003  max mem: 35168
Epoch: [7]  [ 820/1416]  eta: 0:08:45  lr: 0.000279  min_lr: 0.000279  loss: 0.1814 (0.2238)  reconst_loss: 0.0023 (0.0042)  code_loss: 0.1791 (0.2196)  weight_decay: 0.0500 (0.0500)  grad_norm: 0.3386 (0.7553)  time: 0.8579  data: 0.0004  max mem: 35168
Epoch: [7]  [ 830/1416]  eta: 0:08:36  lr: 0.000279  min_lr: 0.000279  loss: 0.1798 (0.2233)  reconst_loss: 0.0023 (0.0042)  code_loss: 0.1775 (0.2191)  weight_decay: 0.0500 (0.0500)  grad_norm: 0.3348 (0.7514)  time: 0.8582  data: 0.0004  max mem: 35168
Epoch: [7]  [ 840/1416]  eta: 0:08:27  lr: 0.000278  min_lr: 0.000278  loss: 0.1772 (0.2227)  reconst_loss: 0.0024 (0.0042)  code_loss: 0.1749 (0.2185)  weight_decay: 0.0500 (0.0500)  grad_norm: 0.3811 (0.7476)  time: 0.8631  data: 0.0004  max mem: 35168
Epoch: [7]  [ 850/1416]  eta: 0:08:18  lr: 0.000278  min_lr: 0.000278  loss: 0.1758 (0.2222)  reconst_loss: 0.0023 (0.0042)  code_loss: 0.1735 (0.2180)  weight_decay: 0.0500 (0.0500)  grad_norm: 0.3949 (0.7433)  time: 0.8674  data: 0.0003  max mem: 35168
Epoch: [7]  [ 860/1416]  eta: 0:08:09  lr: 0.000278  min_lr: 0.000278  loss: 0.1743 (0.2216)  reconst_loss: 0.0023 (0.0042)  code_loss: 0.1722 (0.2175)  weight_decay: 0.0500 (0.0500)  grad_norm: 0.3910 (0.7393)  time: 0.8660  data: 0.0002  max mem: 35168
Epoch: [7]  [ 870/1416]  eta: 0:08:01  lr: 0.000278  min_lr: 0.000278  loss: 0.1731 (0.2211)  reconst_loss: 0.0023 (0.0041)  code_loss: 0.1707 (0.2169)  weight_decay: 0.0500 (0.0500)  grad_norm: 0.3459 (0.7348)  time: 0.8629  data: 0.0003  max mem: 35168
Epoch: [7]  [ 880/1416]  eta: 0:07:52  lr: 0.000278  min_lr: 0.000278  loss: 0.1711 (0.2205)  reconst_loss: 0.0023 (0.0041)  code_loss: 0.1685 (0.2164)  weight_decay: 0.0500 (0.0500)  grad_norm: 0.4177 (0.7340)  time: 0.8621  data: 0.0003  max mem: 35168
Epoch: [7]  [ 890/1416]  eta: 0:07:43  lr: 0.000278  min_lr: 0.000278  loss: 0.1712 (0.2213)  reconst_loss: 0.0027 (0.0044)  code_loss: 0.1681 (0.2168)  weight_decay: 0.0500 (0.0500)  grad_norm: 1.2642 (0.8646)  time: 0.8654  data: 0.0003  max mem: 35168
Epoch: [7]  [ 900/1416]  eta: 0:07:34  lr: 0.000278  min_lr: 0.000278  loss: 0.2085 (0.2209)  reconst_loss: 0.0133 (0.0045)  code_loss: 0.1831 (0.2164)  weight_decay: 0.0500 (0.0500)  grad_norm: 7.5699 (0.9195)  time: 0.8657  data: 0.0004  max mem: 35168
Epoch: [7]  [ 910/1416]  eta: 0:07:25  lr: 0.000278  min_lr: 0.000278  loss: 0.1675 (0.2203)  reconst_loss: 0.0106 (0.0046)  code_loss: 0.1542 (0.2157)  weight_decay: 0.0500 (0.0500)  grad_norm: 1.8865 (0.9205)  time: 0.8630  data: 0.0004  max mem: 35168
Epoch: [7]  [ 920/1416]  eta: 0:07:16  lr: 0.000277  min_lr: 0.000277  loss: 0.1583 (0.2196)  reconst_loss: 0.0083 (0.0047)  code_loss: 0.1498 (0.2149)  weight_decay: 0.0500 (0.0500)  grad_norm: 0.5808 (0.9155)  time: 0.8632  data: 0.0005  max mem: 35168
Epoch: [7]  [ 930/1416]  eta: 0:07:07  lr: 0.000277  min_lr: 0.000277  loss: 0.1560 (0.2189)  reconst_loss: 0.0073 (0.0047)  code_loss: 0.1486 (0.2142)  weight_decay: 0.0500 (0.0500)  grad_norm: 0.3769 (0.9095)  time: 0.8625  data: 0.0006  max mem: 35168
Epoch: [7]  [ 940/1416]  eta: 0:06:58  lr: 0.000277  min_lr: 0.000277  loss: 0.1537 (0.2182)  reconst_loss: 0.0060 (0.0047)  code_loss: 0.1477 (0.2135)  weight_decay: 0.0500 (0.0500)  grad_norm: 0.2159 (0.9018)  time: 0.8597  data: 0.0004  max mem: 35168
Epoch: [7]  [ 950/1416]  eta: 0:06:49  lr: 0.000277  min_lr: 0.000277  loss: 0.1521 (0.2175)  reconst_loss: 0.0051 (0.0047)  code_loss: 0.1469 (0.2128)  weight_decay: 0.0500 (0.0500)  grad_norm: 0.1294 (0.8936)  time: 0.8602  data: 0.0003  max mem: 35168
Epoch: [7]  [ 960/1416]  eta: 0:06:40  lr: 0.000277  min_lr: 0.000277  loss: 0.1510 (0.2168)  reconst_loss: 0.0044 (0.0047)  code_loss: 0.1467 (0.2121)  weight_decay: 0.0500 (0.0500)  grad_norm: 0.1193 (0.8855)  time: 0.8621  data: 0.0004  max mem: 35168
Epoch: [7]  [ 970/1416]  eta: 0:06:32  lr: 0.000277  min_lr: 0.000277  loss: 0.1502 (0.2161)  reconst_loss: 0.0040 (0.0047)  code_loss: 0.1462 (0.2114)  weight_decay: 0.0500 (0.0500)  grad_norm: 0.1426 (0.8785)  time: 0.8612  data: 0.0004  max mem: 35168
Epoch: [7]  [ 980/1416]  eta: 0:06:23  lr: 0.000277  min_lr: 0.000277  loss: 0.1493 (0.2154)  reconst_loss: 0.0038 (0.0047)  code_loss: 0.1456 (0.2108)  weight_decay: 0.0500 (0.0500)  grad_norm: 0.2417 (0.8722)  time: 0.8600  data: 0.0003  max mem: 35168
Epoch: [7]  [ 990/1416]  eta: 0:06:14  lr: 0.000277  min_lr: 0.000277  loss: 0.1487 (0.2147)  reconst_loss: 0.0034 (0.0046)  code_loss: 0.1450 (0.2101)  weight_decay: 0.0500 (0.0500)  grad_norm: 0.2550 (0.8661)  time: 0.8633  data: 0.0004  max mem: 35168
Epoch: [7]  [1000/1416]  eta: 0:06:05  lr: 0.000277  min_lr: 0.000277  loss: 0.1479 (0.2141)  reconst_loss: 0.0034 (0.0046)  code_loss: 0.1443 (0.2094)  weight_decay: 0.0500 (0.0500)  grad_norm: 0.2806 (0.8634)  time: 0.8664  data: 0.0005  max mem: 35168
Epoch: [7]  [1010/1416]  eta: 0:05:56  lr: 0.000276  min_lr: 0.000276  loss: 0.1475 (0.2134)  reconst_loss: 0.0034 (0.0046)  code_loss: 0.1441 (0.2088)  weight_decay: 0.0500 (0.0500)  grad_norm: 0.6080 (0.8624)  time: 0.8638  data: 0.0006  max mem: 35168
Epoch: [7]  [1020/1416]  eta: 0:05:47  lr: 0.000276  min_lr: 0.000276  loss: 0.1467 (0.2128)  reconst_loss: 0.0034 (0.0046)  code_loss: 0.1433 (0.2081)  weight_decay: 0.0500 (0.0500)  grad_norm: 0.6170 (0.8597)  time: 0.8611  data: 0.0004  max mem: 35168
Epoch: [7]  [1030/1416]  eta: 0:05:38  lr: 0.000276  min_lr: 0.000276  loss: 0.1461 (0.2121)  reconst_loss: 0.0032 (0.0046)  code_loss: 0.1429 (0.2075)  weight_decay: 0.0500 (0.0500)  grad_norm: 0.5154 (0.8553)  time: 0.8628  data: 0.0004  max mem: 35168
Epoch: [7]  [1040/1416]  eta: 0:05:30  lr: 0.000276  min_lr: 0.000276  loss: 0.1461 (0.2115)  reconst_loss: 0.0030 (0.0046)  code_loss: 0.1432 (0.2069)  weight_decay: 0.0500 (0.0500)  grad_norm: 0.1929 (0.8487)  time: 0.8627  data: 0.0005  max mem: 35168
Epoch: [7]  [1050/1416]  eta: 0:05:21  lr: 0.000276  min_lr: 0.000276  loss: 0.1481 (0.2109)  reconst_loss: 0.0030 (0.0046)  code_loss: 0.1449 (0.2063)  weight_decay: 0.0500 (0.0500)  grad_norm: 0.2047 (0.8440)  time: 0.8627  data: 0.0004  max mem: 35168
Epoch: [7]  [1060/1416]  eta: 0:05:12  lr: 0.000276  min_lr: 0.000276  loss: 0.1505 (0.2103)  reconst_loss: 0.0030 (0.0046)  code_loss: 0.1474 (0.2058)  weight_decay: 0.0500 (0.0500)  grad_norm: 0.2479 (0.8383)  time: 0.8629  data: 0.0003  max mem: 35168
Epoch: [7]  [1070/1416]  eta: 0:05:03  lr: 0.000276  min_lr: 0.000276  loss: 0.1543 (0.2098)  reconst_loss: 0.0029 (0.0045)  code_loss: 0.1511 (0.2053)  weight_decay: 0.0500 (0.0500)  grad_norm: 0.2095 (0.8323)  time: 0.8607  data: 0.0004  max mem: 35168
Epoch: [7]  [1080/1416]  eta: 0:04:54  lr: 0.000276  min_lr: 0.000276  loss: 0.1585 (0.2094)  reconst_loss: 0.0029 (0.0045)  code_loss: 0.1556 (0.2049)  weight_decay: 0.0500 (0.0500)  grad_norm: 0.2685 (0.8322)  time: 0.8635  data: 0.0004  max mem: 35168
Epoch: [7]  [1090/1416]  eta: 0:04:46  lr: 0.000275  min_lr: 0.000275  loss: 0.1639 (0.2090)  reconst_loss: 0.0030 (0.0045)  code_loss: 0.1609 (0.2045)  weight_decay: 0.0500 (0.0500)  grad_norm: 0.7506 (0.8320)  time: 0.8639  data: 0.0003  max mem: 35168
Epoch: [7]  [1100/1416]  eta: 0:04:37  lr: 0.000275  min_lr: 0.000275  loss: 0.1666 (0.2086)  reconst_loss: 0.0029 (0.0045)  code_loss: 0.1635 (0.2041)  weight_decay: 0.0500 (0.0500)  grad_norm: 0.5891 (0.8289)  time: 0.8647  data: 0.0003  max mem: 35168
Epoch: [7]  [1110/1416]  eta: 0:04:28  lr: 0.000275  min_lr: 0.000275  loss: 0.1671 (0.2083)  reconst_loss: 0.0028 (0.0045)  code_loss: 0.1642 (0.2038)  weight_decay: 0.0500 (0.0500)  grad_norm: 0.3518 (0.8239)  time: 0.8641  data: 0.0003  max mem: 35168
Epoch: [7]  [1120/1416]  eta: 0:04:19  lr: 0.000275  min_lr: 0.000275  loss: 0.1720 (0.2080)  reconst_loss: 0.0027 (0.0045)  code_loss: 0.1693 (0.2035)  weight_decay: 0.0500 (0.0500)  grad_norm: 0.1570 (0.8175)  time: 0.8591  data: 0.0003  max mem: 35168
Epoch: [7]  [1130/1416]  eta: 0:04:10  lr: 0.000275  min_lr: 0.000275  loss: 0.1825 (0.2078)  reconst_loss: 0.0026 (0.0044)  code_loss: 0.1797 (0.2033)  weight_decay: 0.0500 (0.0500)  grad_norm: 0.1570 (0.8137)  time: 0.8601  data: 0.0002  max mem: 35168
Epoch: [7]  [1140/1416]  eta: 0:04:01  lr: 0.000275  min_lr: 0.000275  loss: 0.1909 (0.2077)  reconst_loss: 0.0026 (0.0044)  code_loss: 0.1881 (0.2032)  weight_decay: 0.0500 (0.0500)  grad_norm: 0.4357 (0.8110)  time: 0.8627  data: 0.0003  max mem: 35168
Epoch: [7]  [1150/1416]  eta: 0:03:53  lr: 0.000275  min_lr: 0.000275  loss: 0.1974 (0.2076)  reconst_loss: 0.0026 (0.0044)  code_loss: 0.1947 (0.2032)  weight_decay: 0.0500 (0.0500)  grad_norm: 0.4347 (0.8076)  time: 0.8614  data: 0.0003  max mem: 35168
Epoch: [7]  [1160/1416]  eta: 0:03:44  lr: 0.000275  min_lr: 0.000275  loss: 0.1990 (0.2075)  reconst_loss: 0.0025 (0.0044)  code_loss: 0.1962 (0.2031)  weight_decay: 0.0500 (0.0500)  grad_norm: 0.3677 (0.8035)  time: 0.8660  data: 0.0003  max mem: 35168
Epoch: [7]  [1170/1416]  eta: 0:03:35  lr: 0.000274  min_lr: 0.000274  loss: 0.1998 (0.2075)  reconst_loss: 0.0024 (0.0044)  code_loss: 0.1974 (0.2031)  weight_decay: 0.0500 (0.0500)  grad_norm: 0.3010 (0.7992)  time: 0.8690  data: 0.0003  max mem: 35168
Epoch: [7]  [1180/1416]  eta: 0:03:26  lr: 0.000274  min_lr: 0.000274  loss: 0.2029 (0.2074)  reconst_loss: 0.0024 (0.0044)  code_loss: 0.2005 (0.2031)  weight_decay: 0.0500 (0.0500)  grad_norm: 0.3288 (0.7957)  time: 0.8656  data: 0.0003  max mem: 35168
Epoch: [7]  [1190/1416]  eta: 0:03:18  lr: 0.000274  min_lr: 0.000274  loss: 0.2050 (0.2074)  reconst_loss: 0.0024 (0.0044)  code_loss: 0.2024 (0.2031)  weight_decay: 0.0500 (0.0500)  grad_norm: 0.4061 (0.7925)  time: 0.8674  data: 0.0003  max mem: 35168
Epoch: [7]  [1200/1416]  eta: 0:03:09  lr: 0.000274  min_lr: 0.000274  loss: 0.2071 (0.2075)  reconst_loss: 0.0025 (0.0043)  code_loss: 0.2044 (0.2031)  weight_decay: 0.0500 (0.0500)  grad_norm: 0.5500 (0.7926)  time: 0.8648  data: 0.0007  max mem: 35168
Epoch: [7]  [1210/1416]  eta: 0:03:00  lr: 0.000274  min_lr: 0.000274  loss: 0.2110 (0.2075)  reconst_loss: 0.0024 (0.0043)  code_loss: 0.2087 (0.2032)  weight_decay: 0.0500 (0.0500)  grad_norm: 0.6760 (0.7909)  time: 0.8490  data: 0.0006  max mem: 35168
Epoch: [7]  [1220/1416]  eta: 0:02:51  lr: 0.000274  min_lr: 0.000274  loss: 0.2106 (0.2075)  reconst_loss: 0.0023 (0.0043)  code_loss: 0.2083 (0.2032)  weight_decay: 0.0500 (0.0500)  grad_norm: 0.4477 (0.7870)  time: 0.8359  data: 0.0002  max mem: 35168
Epoch: [7]  [1230/1416]  eta: 0:02:42  lr: 0.000274  min_lr: 0.000274  loss: 0.2102 (0.2075)  reconst_loss: 0.0022 (0.0043)  code_loss: 0.2080 (0.2032)  weight_decay: 0.0500 (0.0500)  grad_norm: 0.3069 (0.7833)  time: 0.8343  data: 0.0002  max mem: 35168
Epoch: [7]  [1240/1416]  eta: 0:02:33  lr: 0.000274  min_lr: 0.000274  loss: 0.2100 (0.2075)  reconst_loss: 0.0023 (0.0043)  code_loss: 0.2077 (0.2033)  weight_decay: 0.0500 (0.0500)  grad_norm: 0.3426 (0.7799)  time: 0.8393  data: 0.0002  max mem: 35168
Epoch: [7]  [1250/1416]  eta: 0:02:25  lr: 0.000273  min_lr: 0.000273  loss: 0.2083 (0.2075)  reconst_loss: 0.0023 (0.0043)  code_loss: 0.2057 (0.2033)  weight_decay: 0.0500 (0.0500)  grad_norm: 0.3426 (0.7764)  time: 0.8430  data: 0.0002  max mem: 35168
Epoch: [7]  [1260/1416]  eta: 0:02:16  lr: 0.000273  min_lr: 0.000273  loss: 0.2058 (0.2075)  reconst_loss: 0.0023 (0.0042)  code_loss: 0.2036 (0.2033)  weight_decay: 0.0500 (0.0500)  grad_norm: 0.3621 (0.7741)  time: 0.8417  data: 0.0001  max mem: 35168
Epoch: [7]  [1270/1416]  eta: 0:02:07  lr: 0.000273  min_lr: 0.000273  loss: 0.2040 (0.2075)  reconst_loss: 0.0025 (0.0042)  code_loss: 0.2014 (0.2033)  weight_decay: 0.0500 (0.0500)  grad_norm: 0.4355 (0.7715)  time: 0.8425  data: 0.0001  max mem: 35168
Epoch: [7]  [1280/1416]  eta: 0:01:58  lr: 0.000273  min_lr: 0.000273  loss: 0.2007 (0.2074)  reconst_loss: 0.0023 (0.0042)  code_loss: 0.1982 (0.2032)  weight_decay: 0.0500 (0.0500)  grad_norm: 0.4130 (0.7687)  time: 0.8405  data: 0.0001  max mem: 35168
Epoch: [7]  [1290/1416]  eta: 0:01:50  lr: 0.000273  min_lr: 0.000273  loss: 0.1970 (0.2073)  reconst_loss: 0.0022 (0.0042)  code_loss: 0.1946 (0.2031)  weight_decay: 0.0500 (0.0500)  grad_norm: 0.3888 (0.7654)  time: 0.8404  data: 0.0001  max mem: 35168
Epoch: [7]  [1300/1416]  eta: 0:01:41  lr: 0.000273  min_lr: 0.000273  loss: 0.1934 (0.2072)  reconst_loss: 0.0021 (0.0042)  code_loss: 0.1913 (0.2030)  weight_decay: 0.0500 (0.0500)  grad_norm: 0.3232 (0.7631)  time: 0.8399  data: 0.0001  max mem: 35168
Epoch: [7]  [1310/1416]  eta: 0:01:32  lr: 0.000273  min_lr: 0.000273  loss: 0.1915 (0.2071)  reconst_loss: 0.0023 (0.0042)  code_loss: 0.1892 (0.2029)  weight_decay: 0.0500 (0.0500)  grad_norm: 0.4172 (0.7609)  time: 0.8393  data: 0.0001  max mem: 35168
Epoch: [7]  [1320/1416]  eta: 0:01:23  lr: 0.000273  min_lr: 0.000273  loss: 0.1880 (0.2069)  reconst_loss: 0.0022 (0.0042)  code_loss: 0.1859 (0.2028)  weight_decay: 0.0500 (0.0500)  grad_norm: 0.4077 (0.7579)  time: 0.8404  data: 0.0002  max mem: 35168
Epoch: [7]  [1330/1416]  eta: 0:01:15  lr: 0.000272  min_lr: 0.000272  loss: 0.1847 (0.2067)  reconst_loss: 0.0021 (0.0041)  code_loss: 0.1828 (0.2026)  weight_decay: 0.0500 (0.0500)  grad_norm: 0.2994 (0.7542)  time: 0.8440  data: 0.0002  max mem: 35168
Epoch: [7]  [1340/1416]  eta: 0:01:06  lr: 0.000272  min_lr: 0.000272  loss: 0.1818 (0.2066)  reconst_loss: 0.0021 (0.0041)  code_loss: 0.1798 (0.2024)  weight_decay: 0.0500 (0.0500)  grad_norm: 0.2720 (0.7506)  time: 0.8393  data: 0.0002  max mem: 35168
Epoch: [7]  [1350/1416]  eta: 0:00:57  lr: 0.000272  min_lr: 0.000272  loss: 0.1791 (0.2063)  reconst_loss: 0.0021 (0.0041)  code_loss: 0.1770 (0.2022)  weight_decay: 0.0500 (0.0500)  grad_norm: 0.3059 (0.7478)  time: 0.8353  data: 0.0002  max mem: 35168
Epoch: [7]  [1360/1416]  eta: 0:00:48  lr: 0.000272  min_lr: 0.000272  loss: 0.1766 (0.2061)  reconst_loss: 0.0021 (0.0041)  code_loss: 0.1744 (0.2020)  weight_decay: 0.0500 (0.0500)  grad_norm: 0.4040 (0.7453)  time: 0.8423  data: 0.0001  max mem: 35168
Epoch: [7]  [1370/1416]  eta: 0:00:40  lr: 0.000272  min_lr: 0.000272  loss: 0.1747 (0.2059)  reconst_loss: 0.0024 (0.0041)  code_loss: 0.1724 (0.2018)  weight_decay: 0.0500 (0.0500)  grad_norm: 0.4548 (0.7442)  time: 0.8421  data: 0.0001  max mem: 35168
Epoch: [7]  [1380/1416]  eta: 0:00:31  lr: 0.000272  min_lr: 0.000272  loss: 0.1723 (0.2056)  reconst_loss: 0.0024 (0.0041)  code_loss: 0.1698 (0.2016)  weight_decay: 0.0500 (0.0500)  grad_norm: 0.4288 (0.7415)  time: 0.8416  data: 0.0001  max mem: 35168
Epoch: [7]  [1390/1416]  eta: 0:00:22  lr: 0.000272  min_lr: 0.000272  loss: 0.1691 (0.2054)  reconst_loss: 0.0021 (0.0041)  code_loss: 0.1669 (0.2013)  weight_decay: 0.0500 (0.0500)  grad_norm: 0.3113 (0.7381)  time: 0.8428  data: 0.0002  max mem: 35168
Epoch: [7]  [1400/1416]  eta: 0:00:13  lr: 0.000272  min_lr: 0.000272  loss: 0.1668 (0.2051)  reconst_loss: 0.0021 (0.0040)  code_loss: 0.1647 (0.2010)  weight_decay: 0.0500 (0.0500)  grad_norm: 0.2550 (0.7346)  time: 0.8426  data: 0.0002  max mem: 35168
Epoch: [7]  [1410/1416]  eta: 0:00:05  lr: 0.000271  min_lr: 0.000271  loss: 0.1650 (0.2048)  reconst_loss: 0.0021 (0.0040)  code_loss: 0.1629 (0.2008)  weight_decay: 0.0500 (0.0500)  grad_norm: 0.2655 (0.7314)  time: 0.8409  data: 0.0002  max mem: 35168
Epoch: [7]  [1415/1416]  eta: 0:00:00  lr: 0.000271  min_lr: 0.000271  loss: 0.1637 (0.2046)  reconst_loss: 0.0021 (0.0040)  code_loss: 0.1616 (0.2006)  weight_decay: 0.0500 (0.0500)  grad_norm: 0.2830 (0.7299)  time: 0.8393  data: 0.0002  max mem: 35168
Epoch: [7] Total time: 0:20:34 (0.8718 s / it)
Averaged stats: lr: 0.000271  min_lr: 0.000271  loss: 0.1637 (0.2046)  reconst_loss: 0.0021 (0.0040)  code_loss: 0.1616 (0.2006)  weight_decay: 0.0500 (0.0500)  grad_norm: 0.2830 (0.7299)
Epoch: [8]  [   0/1416]  eta: 6:38:11  lr: 0.000271  min_lr: 0.000271  loss: 0.1610 (0.1610)  reconst_loss: 0.0020 (0.0020)  code_loss: 0.1590 (0.1590)  weight_decay: 0.0500 (0.0500)  grad_norm: 0.3091 (0.3091)  time: 16.8727  data: 12.7617  max mem: 35168
Epoch: [8]  [  10/1416]  eta: 0:55:07  lr: 0.000271  min_lr: 0.000271  loss: 0.1603 (0.1601)  reconst_loss: 0.0021 (0.0021)  code_loss: 0.1581 (0.1580)  weight_decay: 0.0500 (0.0500)  grad_norm: 0.3331 (0.3556)  time: 2.3525  data: 1.1604  max mem: 35168
Epoch: [8]  [  20/1416]  eta: 0:38:30  lr: 0.000271  min_lr: 0.000271  loss: 0.1585 (0.1589)  reconst_loss: 0.0020 (0.0020)  code_loss: 0.1564 (0.1569)  weight_decay: 0.0500 (0.0500)  grad_norm: 0.2819 (0.3045)  time: 0.8941  data: 0.0003  max mem: 35168
Epoch: [8]  [  30/1416]  eta: 0:32:17  lr: 0.000271  min_lr: 0.000271  loss: 0.1567 (0.1580)  reconst_loss: 0.0020 (0.0020)  code_loss: 0.1548 (0.1559)  weight_decay: 0.0500 (0.0500)  grad_norm: 0.2739 (0.3089)  time: 0.8734  data: 0.0002  max mem: 35168
Epoch: [8]  [  40/1416]  eta: 0:29:04  lr: 0.000271  min_lr: 0.000271  loss: 0.1552 (0.1572)  reconst_loss: 0.0021 (0.0021)  code_loss: 0.1531 (0.1551)  weight_decay: 0.0500 (0.0500)  grad_norm: 0.3964 (0.3849)  time: 0.8618  data: 0.0002  max mem: 35168
Epoch: [8]  [  50/1416]  eta: 0:27:02  lr: 0.000271  min_lr: 0.000271  loss: 0.1548 (0.1574)  reconst_loss: 0.0024 (0.0022)  code_loss: 0.1524 (0.1551)  weight_decay: 0.0500 (0.0500)  grad_norm: 0.7635 (0.6260)  time: 0.8611  data: 0.0003  max mem: 35168
Epoch: [8]  [  60/1416]  eta: 0:25:37  lr: 0.000271  min_lr: 0.000271  loss: 0.1798 (0.1743)  reconst_loss: 0.0046 (0.0036)  code_loss: 0.1723 (0.1707)  weight_decay: 0.0500 (0.0500)  grad_norm: 5.3016 (2.5226)  time: 0.8596  data: 0.0002  max mem: 35168
Epoch: [8]  [  70/1416]  eta: 0:24:36  lr: 0.000270  min_lr: 0.000270  loss: 0.1754 (0.1719)  reconst_loss: 0.0071 (0.0040)  code_loss: 0.1677 (0.1679)  weight_decay: 0.0500 (0.0500)  grad_norm: 7.1789 (2.7088)  time: 0.8654  data: 0.0002  max mem: 35168
Epoch: [8]  [  80/1416]  eta: 0:23:47  lr: 0.000270  min_lr: 0.000270  loss: 0.1443 (0.1682)  reconst_loss: 0.0051 (0.0041)  code_loss: 0.1392 (0.1641)  weight_decay: 0.0500 (0.0500)  grad_norm: 1.3159 (2.4695)  time: 0.8689  data: 0.0003  max mem: 35168
Epoch: [8]  [  90/1416]  eta: 0:23:06  lr: 0.000270  min_lr: 0.000270  loss: 0.1394 (0.1649)  reconst_loss: 0.0042 (0.0041)  code_loss: 0.1353 (0.1608)  weight_decay: 0.0500 (0.0500)  grad_norm: 0.3899 (2.2241)  time: 0.8655  data: 0.0003  max mem: 35168
Epoch: [8]  [ 100/1416]  eta: 0:22:32  lr: 0.000270  min_lr: 0.000270  loss: 0.1367 (0.1620)  reconst_loss: 0.0036 (0.0040)  code_loss: 0.1330 (0.1580)  weight_decay: 0.0500 (0.0500)  grad_norm: 0.1614 (2.0182)  time: 0.8639  data: 0.0003  max mem: 35168
Epoch: [8]  [ 110/1416]  eta: 0:22:03  lr: 0.000270  min_lr: 0.000270  loss: 0.1347 (0.1594)  reconst_loss: 0.0033 (0.0039)  code_loss: 0.1314 (0.1555)  weight_decay: 0.0500 (0.0500)  grad_norm: 0.1392 (1.8507)  time: 0.8667  data: 0.0004  max mem: 35168
Epoch: [8]  [ 120/1416]  eta: 0:21:37  lr: 0.000270  min_lr: 0.000270  loss: 0.1330 (0.1572)  reconst_loss: 0.0032 (0.0039)  code_loss: 0.1299 (0.1533)  weight_decay: 0.0500 (0.0500)  grad_norm: 0.1668 (1.7131)  time: 0.8672  data: 0.0004  max mem: 35168
Epoch: [8]  [ 130/1416]  eta: 0:21:14  lr: 0.000270  min_lr: 0.000270  loss: 0.1317 (0.1552)  reconst_loss: 0.0030 (0.0038)  code_loss: 0.1287 (0.1514)  weight_decay: 0.0500 (0.0500)  grad_norm: 0.1973 (1.6026)  time: 0.8637  data: 0.0004  max mem: 35168
Epoch: [8]  [ 140/1416]  eta: 0:20:52  lr: 0.000270  min_lr: 0.000270  loss: 0.1301 (0.1534)  reconst_loss: 0.0028 (0.0037)  code_loss: 0.1274 (0.1497)  weight_decay: 0.0500 (0.0500)  grad_norm: 0.2846 (1.5109)  time: 0.8630  data: 0.0006  max mem: 35168
Epoch: [8]  [ 150/1416]  eta: 0:20:32  lr: 0.000269  min_lr: 0.000269  loss: 0.1287 (0.1517)  reconst_loss: 0.0026 (0.0036)  code_loss: 0.1263 (0.1481)  weight_decay: 0.0500 (0.0500)  grad_norm: 0.2712 (1.4294)  time: 0.8614  data: 0.0005  max mem: 35168
Epoch: [8]  [ 160/1416]  eta: 0:20:14  lr: 0.000269  min_lr: 0.000269  loss: 0.1284 (0.1503)  reconst_loss: 0.0026 (0.0036)  code_loss: 0.1257 (0.1467)  weight_decay: 0.0500 (0.0500)  grad_norm: 0.4506 (1.4317)  time: 0.8601  data: 0.0005  max mem: 35168
Epoch: [8]  [ 170/1416]  eta: 0:19:56  lr: 0.000269  min_lr: 0.000269  loss: 0.1278 (0.1489)  reconst_loss: 0.0028 (0.0035)  code_loss: 0.1251 (0.1454)  weight_decay: 0.0500 (0.0500)  grad_norm: 1.0635 (1.3985)  time: 0.8608  data: 0.0006  max mem: 35168
Epoch: [8]  [ 180/1416]  eta: 0:19:40  lr: 0.000269  min_lr: 0.000269  loss: 0.1254 (0.1476)  reconst_loss: 0.0026 (0.0035)  code_loss: 0.1228 (0.1441)  weight_decay: 0.0500 (0.0500)  grad_norm: 0.4734 (1.3416)  time: 0.8613  data: 0.0003  max mem: 35168
Epoch: [8]  [ 190/1416]  eta: 0:19:24  lr: 0.000269  min_lr: 0.000269  loss: 0.1250 (0.1464)  reconst_loss: 0.0024 (0.0034)  code_loss: 0.1226 (0.1430)  weight_decay: 0.0500 (0.0500)  grad_norm: 0.1801 (1.2801)  time: 0.8618  data: 0.0002  max mem: 35168
Epoch: [8]  [ 200/1416]  eta: 0:19:10  lr: 0.000269  min_lr: 0.000269  loss: 0.1251 (0.1454)  reconst_loss: 0.0022 (0.0034)  code_loss: 0.1229 (0.1420)  weight_decay: 0.0500 (0.0500)  grad_norm: 0.1517 (1.2230)  time: 0.8645  data: 0.0003  max mem: 35168
Epoch: [8]  [ 210/1416]  eta: 0:18:56  lr: 0.000269  min_lr: 0.000269  loss: 0.1270 (0.1446)  reconst_loss: 0.0021 (0.0033)  code_loss: 0.1248 (0.1413)  weight_decay: 0.0500 (0.0500)  grad_norm: 0.1441 (1.1733)  time: 0.8672  data: 0.0004  max mem: 35168
Epoch: [8]  [ 220/1416]  eta: 0:18:42  lr: 0.000268  min_lr: 0.000268  loss: 0.1289 (0.1440)  reconst_loss: 0.0021 (0.0032)  code_loss: 0.1267 (0.1407)  weight_decay: 0.0500 (0.0500)  grad_norm: 0.1580 (1.1274)  time: 0.8643  data: 0.0003  max mem: 35168
Epoch: [8]  [ 230/1416]  eta: 0:18:29  lr: 0.000268  min_lr: 0.000268  loss: 0.1324 (0.1435)  reconst_loss: 0.0021 (0.0032)  code_loss: 0.1301 (0.1403)  weight_decay: 0.0500 (0.0500)  grad_norm: 0.2170 (1.0946)  time: 0.8596  data: 0.0004  max mem: 35168
Epoch: [8]  [ 240/1416]  eta: 0:18:16  lr: 0.000268  min_lr: 0.000268  loss: 0.1352 (0.1432)  reconst_loss: 0.0021 (0.0032)  code_loss: 0.1331 (0.1401)  weight_decay: 0.0500 (0.0500)  grad_norm: 0.3040 (1.0599)  time: 0.8604  data: 0.0004  max mem: 35168
Epoch: [8]  [ 250/1416]  eta: 0:18:04  lr: 0.000268  min_lr: 0.000268  loss: 0.1378 (0.1431)  reconst_loss: 0.0020 (0.0031)  code_loss: 0.1359 (0.1400)  weight_decay: 0.0500 (0.0500)  grad_norm: 0.1832 (1.0243)  time: 0.8668  data: 0.0006  max mem: 35168
Epoch: [8]  [ 260/1416]  eta: 0:17:51  lr: 0.000268  min_lr: 0.000268  loss: 0.1430 (0.1433)  reconst_loss: 0.0020 (0.0031)  code_loss: 0.1410 (0.1402)  weight_decay: 0.0500 (0.0500)  grad_norm: 0.1525 (0.9919)  time: 0.8686  data: 0.0005  max mem: 35168
Epoch: [8]  [ 270/1416]  eta: 0:17:39  lr: 0.000268  min_lr: 0.000268  loss: 0.1500 (0.1437)  reconst_loss: 0.0022 (0.0031)  code_loss: 0.1479 (0.1406)  weight_decay: 0.0500 (0.0500)  grad_norm: 0.4791 (0.9919)  time: 0.8621  data: 0.0003  max mem: 35168
Epoch: [8]  [ 280/1416]  eta: 0:17:27  lr: 0.000268  min_lr: 0.000268  loss: 0.1574 (0.1442)  reconst_loss: 0.0024 (0.0030)  code_loss: 0.1550 (0.1412)  weight_decay: 0.0500 (0.0500)  grad_norm: 0.7020 (0.9801)  time: 0.8588  data: 0.0003  max mem: 35168
Epoch: [8]  [ 290/1416]  eta: 0:17:16  lr: 0.000267  min_lr: 0.000267  loss: 0.1609 (0.1449)  reconst_loss: 0.0021 (0.0030)  code_loss: 0.1588 (0.1419)  weight_decay: 0.0500 (0.0500)  grad_norm: 0.5823 (0.9646)  time: 0.8617  data: 0.0004  max mem: 35168
Epoch: [8]  [ 300/1416]  eta: 0:17:04  lr: 0.000267  min_lr: 0.000267  loss: 0.1633 (0.1456)  reconst_loss: 0.0021 (0.0030)  code_loss: 0.1611 (0.1426)  weight_decay: 0.0500 (0.0500)  grad_norm: 0.3749 (0.9411)  time: 0.8618  data: 0.0003  max mem: 35168
Epoch: [8]  [ 310/1416]  eta: 0:16:53  lr: 0.000267  min_lr: 0.000267  loss: 0.1706 (0.1466)  reconst_loss: 0.0020 (0.0029)  code_loss: 0.1687 (0.1437)  weight_decay: 0.0500 (0.0500)  grad_norm: 0.1933 (0.9166)  time: 0.8612  data: 0.0003  max mem: 35168
Epoch: [8]  [ 320/1416]  eta: 0:16:42  lr: 0.000267  min_lr: 0.000267  loss: 0.1841 (0.1480)  reconst_loss: 0.0019 (0.0029)  code_loss: 0.1822 (0.1451)  weight_decay: 0.0500 (0.0500)  grad_norm: 0.1782 (0.8950)  time: 0.8637  data: 0.0003  max mem: 35168
Epoch: [8]  [ 330/1416]  eta: 0:16:32  lr: 0.000267  min_lr: 0.000267  loss: 0.1989 (0.1498)  reconst_loss: 0.0019 (0.0029)  code_loss: 0.1971 (0.1469)  weight_decay: 0.0500 (0.0500)  grad_norm: 0.1782 (0.8736)  time: 0.8652  data: 0.0005  max mem: 35168
Epoch: [8]  [ 340/1416]  eta: 0:16:21  lr: 0.000267  min_lr: 0.000267  loss: 0.2123 (0.1518)  reconst_loss: 0.0019 (0.0028)  code_loss: 0.2102 (0.1490)  weight_decay: 0.0500 (0.0500)  grad_norm: 0.1615 (0.8549)  time: 0.8619  data: 0.0005  max mem: 35168
Epoch: [8]  [ 350/1416]  eta: 0:16:10  lr: 0.000267  min_lr: 0.000267  loss: 0.2241 (0.1540)  reconst_loss: 0.0020 (0.0028)  code_loss: 0.2221 (0.1512)  weight_decay: 0.0500 (0.0500)  grad_norm: 0.3356 (0.8447)  time: 0.8636  data: 0.0004  max mem: 35168
Epoch: [8]  [ 360/1416]  eta: 0:16:00  lr: 0.000266  min_lr: 0.000266  loss: 0.2300 (0.1562)  reconst_loss: 0.0020 (0.0028)  code_loss: 0.2280 (0.1534)  weight_decay: 0.0500 (0.0500)  grad_norm: 0.4316 (0.8317)  time: 0.8633  data: 0.0004  max mem: 35168
Epoch: [8]  [ 370/1416]  eta: 0:15:49  lr: 0.000266  min_lr: 0.000266  loss: 0.2340 (0.1583)  reconst_loss: 0.0019 (0.0028)  code_loss: 0.2320 (0.1555)  weight_decay: 0.0500 (0.0500)  grad_norm: 0.3081 (0.8171)  time: 0.8607  data: 0.0003  max mem: 35168
Epoch: [8]  [ 380/1416]  eta: 0:15:39  lr: 0.000266  min_lr: 0.000266  loss: 0.2328 (0.1602)  reconst_loss: 0.0019 (0.0028)  code_loss: 0.2310 (0.1575)  weight_decay: 0.0500 (0.0500)  grad_norm: 0.3081 (0.8055)  time: 0.8636  data: 0.0004  max mem: 35168
Epoch: [8]  [ 390/1416]  eta: 0:15:29  lr: 0.000266  min_lr: 0.000266  loss: 0.2327 (0.1621)  reconst_loss: 0.0019 (0.0027)  code_loss: 0.2308 (0.1594)  weight_decay: 0.0500 (0.0500)  grad_norm: 0.3338 (0.7934)  time: 0.8655  data: 0.0004  max mem: 35168
Epoch: [8]  [ 400/1416]  eta: 0:15:19  lr: 0.000266  min_lr: 0.000266  loss: 0.2320 (0.1638)  reconst_loss: 0.0018 (0.0027)  code_loss: 0.2302 (0.1611)  weight_decay: 0.0500 (0.0500)  grad_norm: 0.3675 (0.7859)  time: 0.8670  data: 0.0004  max mem: 35168
Epoch: [8]  [ 410/1416]  eta: 0:15:09  lr: 0.000266  min_lr: 0.000266  loss: 0.2311 (0.1655)  reconst_loss: 0.0019 (0.0027)  code_loss: 0.2293 (0.1628)  weight_decay: 0.0500 (0.0500)  grad_norm: 0.4480 (0.7787)  time: 0.8656  data: 0.0004  max mem: 35168
Epoch: [8]  [ 420/1416]  eta: 0:14:59  lr: 0.000266  min_lr: 0.000266  loss: 0.2303 (0.1670)  reconst_loss: 0.0019 (0.0027)  code_loss: 0.2284 (0.1643)  weight_decay: 0.0500 (0.0500)  grad_norm: 0.3953 (0.7684)  time: 0.8678  data: 0.0003  max mem: 35168
Epoch: [8]  [ 430/1416]  eta: 0:14:49  lr: 0.000266  min_lr: 0.000266  loss: 0.2271 (0.1684)  reconst_loss: 0.0018 (0.0027)  code_loss: 0.2253 (0.1657)  weight_decay: 0.0500 (0.0500)  grad_norm: 0.3815 (0.7603)  time: 0.8667  data: 0.0003  max mem: 35168
Epoch: [8]  [ 440/1416]  eta: 0:14:39  lr: 0.000265  min_lr: 0.000265  loss: 0.2259 (0.1696)  reconst_loss: 0.0019 (0.0026)  code_loss: 0.2236 (0.1670)  weight_decay: 0.0500 (0.0500)  grad_norm: 0.4407 (0.7543)  time: 0.8637  data: 0.0003  max mem: 35168
Epoch: [8]  [ 450/1416]  eta: 0:14:29  lr: 0.000265  min_lr: 0.000265  loss: 0.2233 (0.1708)  reconst_loss: 0.0019 (0.0026)  code_loss: 0.2214 (0.1681)  weight_decay: 0.0500 (0.0500)  grad_norm: 0.3796 (0.7448)  time: 0.8654  data: 0.0003  max mem: 35168
Epoch: [8]  [ 460/1416]  eta: 0:14:19  lr: 0.000265  min_lr: 0.000265  loss: 0.2178 (0.1717)  reconst_loss: 0.0019 (0.0026)  code_loss: 0.2159 (0.1691)  weight_decay: 0.0500 (0.0500)  grad_norm: 0.3272 (0.7357)  time: 0.8596  data: 0.0004  max mem: 35168
Epoch: [8]  [ 470/1416]  eta: 0:14:10  lr: 0.000265  min_lr: 0.000265  loss: 0.2140 (0.1726)  reconst_loss: 0.0018 (0.0026)  code_loss: 0.2122 (0.1700)  weight_decay: 0.0500 (0.0500)  grad_norm: 0.3223 (0.7270)  time: 0.8561  data: 0.0005  max mem: 35168
Epoch: [8]  [ 480/1416]  eta: 0:14:00  lr: 0.000265  min_lr: 0.000265  loss: 0.2105 (0.1734)  reconst_loss: 0.0018 (0.0026)  code_loss: 0.2086 (0.1708)  weight_decay: 0.0500 (0.0500)  grad_norm: 0.3446 (0.7198)  time: 0.8603  data: 0.0005  max mem: 35168
Epoch: [8]  [ 490/1416]  eta: 0:13:50  lr: 0.000265  min_lr: 0.000265  loss: 0.2077 (0.1740)  reconst_loss: 0.0019 (0.0026)  code_loss: 0.2058 (0.1715)  weight_decay: 0.0500 (0.0500)  grad_norm: 0.3879 (0.7132)  time: 0.8623  data: 0.0004  max mem: 35168
Epoch: [8]  [ 500/1416]  eta: 0:13:41  lr: 0.000265  min_lr: 0.000265  loss: 0.2051 (0.1746)  reconst_loss: 0.0018 (0.0025)  code_loss: 0.2032 (0.1721)  weight_decay: 0.0500 (0.0500)  grad_norm: 0.4074 (0.7079)  time: 0.8603  data: 0.0003  max mem: 35168
Epoch: [8]  [ 510/1416]  eta: 0:13:31  lr: 0.000264  min_lr: 0.000264  loss: 0.2024 (0.1752)  reconst_loss: 0.0018 (0.0025)  code_loss: 0.2008 (0.1726)  weight_decay: 0.0500 (0.0500)  grad_norm: 0.4074 (0.7022)  time: 0.8592  data: 0.0003  max mem: 35168
Epoch: [8]  [ 520/1416]  eta: 0:13:21  lr: 0.000264  min_lr: 0.000264  loss: 0.1997 (0.1756)  reconst_loss: 0.0018 (0.0025)  code_loss: 0.1978 (0.1731)  weight_decay: 0.0500 (0.0500)  grad_norm: 0.3794 (0.6963)  time: 0.8612  data: 0.0003  max mem: 35168
Epoch: [8]  [ 530/1416]  eta: 0:13:12  lr: 0.000264  min_lr: 0.000264  loss: 0.1948 (0.1759)  reconst_loss: 0.0018 (0.0025)  code_loss: 0.1931 (0.1734)  weight_decay: 0.0500 (0.0500)  grad_norm: 0.3755 (0.6896)  time: 0.8656  data: 0.0003  max mem: 35168
Epoch: [8]  [ 540/1416]  eta: 0:13:02  lr: 0.000264  min_lr: 0.000264  loss: 0.1917 (0.1762)  reconst_loss: 0.0019 (0.0025)  code_loss: 0.1900 (0.1737)  weight_decay: 0.0500 (0.0500)  grad_norm: 0.3268 (0.6843)  time: 0.8622  data: 0.0003  max mem: 35168
Epoch: [8]  [ 550/1416]  eta: 0:12:53  lr: 0.000264  min_lr: 0.000264  loss: 0.1890 (0.1764)  reconst_loss: 0.0018 (0.0025)  code_loss: 0.1872 (0.1739)  weight_decay: 0.0500 (0.0500)  grad_norm: 0.3001 (0.6769)  time: 0.8586  data: 0.0003  max mem: 35168
Epoch: [8]  [ 560/1416]  eta: 0:12:44  lr: 0.000264  min_lr: 0.000264  loss: 0.1856 (0.1765)  reconst_loss: 0.0018 (0.0025)  code_loss: 0.1839 (0.1741)  weight_decay: 0.0500 (0.0500)  grad_norm: 0.2503 (0.6689)  time: 0.8614  data: 0.0004  max mem: 35168
Epoch: [8]  [ 570/1416]  eta: 0:12:34  lr: 0.000263  min_lr: 0.000263  loss: 0.1839 (0.1766)  reconst_loss: 0.0017 (0.0025)  code_loss: 0.1819 (0.1742)  weight_decay: 0.0500 (0.0500)  grad_norm: 0.2612 (0.6623)  time: 0.8609  data: 0.0003  max mem: 35168
Epoch: [8]  [ 580/1416]  eta: 0:12:25  lr: 0.000263  min_lr: 0.000263  loss: 0.1808 (0.1767)  reconst_loss: 0.0017 (0.0025)  code_loss: 0.1788 (0.1742)  weight_decay: 0.0500 (0.0500)  grad_norm: 0.3089 (0.6571)  time: 0.8617  data: 0.0004  max mem: 35168
Epoch: [8]  [ 590/1416]  eta: 0:12:16  lr: 0.000263  min_lr: 0.000263  loss: 0.1781 (0.1767)  reconst_loss: 0.0019 (0.0024)  code_loss: 0.1761 (0.1742)  weight_decay: 0.0500 (0.0500)  grad_norm: 0.3235 (0.6515)  time: 0.8630  data: 0.0005  max mem: 35168
Epoch: [8]  [ 600/1416]  eta: 0:12:06  lr: 0.000263  min_lr: 0.000263  loss: 0.1741 (0.1766)  reconst_loss: 0.0018 (0.0024)  code_loss: 0.1721 (0.1742)  weight_decay: 0.0500 (0.0500)  grad_norm: 0.3051 (0.6451)  time: 0.8634  data: 0.0005  max mem: 35168
Epoch: [8]  [ 610/1416]  eta: 0:11:57  lr: 0.000263  min_lr: 0.000263  loss: 0.1708 (0.1765)  reconst_loss: 0.0017 (0.0024)  code_loss: 0.1693 (0.1741)  weight_decay: 0.0500 (0.0500)  grad_norm: 0.2573 (0.6386)  time: 0.8630  data: 0.0004  max mem: 35168
Epoch: [8]  [ 620/1416]  eta: 0:11:48  lr: 0.000263  min_lr: 0.000263  loss: 0.1675 (0.1763)  reconst_loss: 0.0017 (0.0024)  code_loss: 0.1657 (0.1739)  weight_decay: 0.0500 (0.0500)  grad_norm: 0.2763 (0.6343)  time: 0.8672  data: 0.0004  max mem: 35168
Epoch: [8]  [ 630/1416]  eta: 0:11:39  lr: 0.000263  min_lr: 0.000263  loss: 0.1669 (0.1773)  reconst_loss: 0.0018 (0.0025)  code_loss: 0.1651 (0.1748)  weight_decay: 0.0500 (0.0500)  grad_norm: 0.4824 (0.7276)  time: 0.8648  data: 0.0004  max mem: 35168
Epoch: [8]  [ 640/1416]  eta: 0:11:29  lr: 0.000262  min_lr: 0.000262  loss: 0.1805 (0.1775)  reconst_loss: 0.0063 (0.0026)  code_loss: 0.1761 (0.1750)  weight_decay: 0.0500 (0.0500)  grad_norm: 6.1009 (0.8320)  time: 0.8614  data: 0.0004  max mem: 35168
Epoch: [8]  [ 650/1416]  eta: 0:11:20  lr: 0.000262  min_lr: 0.000262  loss: 0.1741 (0.1772)  reconst_loss: 0.0062 (0.0026)  code_loss: 0.1671 (0.1746)  weight_decay: 0.0500 (0.0500)  grad_norm: 5.2469 (0.8518)  time: 0.8622  data: 0.0005  max mem: 35168
Epoch: [8]  [ 660/1416]  eta: 0:11:11  lr: 0.000262  min_lr: 0.000262  loss: 0.1504 (0.1768)  reconst_loss: 0.0050 (0.0027)  code_loss: 0.1454 (0.1741)  weight_decay: 0.0500 (0.0500)  grad_norm: 0.6409 (0.8436)  time: 0.8583  data: 0.0004  max mem: 35168
Epoch: [8]  [ 670/1416]  eta: 0:11:02  lr: 0.000262  min_lr: 0.000262  loss: 0.1448 (0.1763)  reconst_loss: 0.0039 (0.0027)  code_loss: 0.1411 (0.1736)  weight_decay: 0.0500 (0.0500)  grad_norm: 0.1626 (0.8330)  time: 0.8642  data: 0.0004  max mem: 35168
Epoch: [8]  [ 680/1416]  eta: 0:10:53  lr: 0.000262  min_lr: 0.000262  loss: 0.1409 (0.1757)  reconst_loss: 0.0035 (0.0027)  code_loss: 0.1375 (0.1731)  weight_decay: 0.0500 (0.0500)  grad_norm: 0.1235 (0.8225)  time: 0.8624  data: 0.0004  max mem: 35168
Epoch: [8]  [ 690/1416]  eta: 0:10:43  lr: 0.000262  min_lr: 0.000262  loss: 0.1375 (0.1752)  reconst_loss: 0.0032 (0.0027)  code_loss: 0.1343 (0.1725)  weight_decay: 0.0500 (0.0500)  grad_norm: 0.1440 (0.8174)  time: 0.8612  data: 0.0003  max mem: 35168
Epoch: [8]  [ 700/1416]  eta: 0:10:34  lr: 0.000262  min_lr: 0.000262  loss: 0.1348 (0.1746)  reconst_loss: 0.0030 (0.0027)  code_loss: 0.1319 (0.1719)  weight_decay: 0.0500 (0.0500)  grad_norm: 0.3621 (0.8113)  time: 0.8663  data: 0.0003  max mem: 35168
Epoch: [8]  [ 710/1416]  eta: 0:10:25  lr: 0.000261  min_lr: 0.000261  loss: 0.1313 (0.1740)  reconst_loss: 0.0026 (0.0027)  code_loss: 0.1287 (0.1713)  weight_decay: 0.0500 (0.0500)  grad_norm: 0.2900 (0.8027)  time: 0.8629  data: 0.0003  max mem: 35168
Epoch: [8]  [ 720/1416]  eta: 0:10:16  lr: 0.000261  min_lr: 0.000261  loss: 0.1288 (0.1733)  reconst_loss: 0.0024 (0.0027)  code_loss: 0.1262 (0.1706)  weight_decay: 0.0500 (0.0500)  grad_norm: 0.1636 (0.7943)  time: 0.8600  data: 0.0003  max mem: 35168
Epoch: [8]  [ 730/1416]  eta: 0:10:07  lr: 0.000261  min_lr: 0.000261  loss: 0.1268 (0.1727)  reconst_loss: 0.0024 (0.0027)  code_loss: 0.1244 (0.1700)  weight_decay: 0.0500 (0.0500)  grad_norm: 0.1755 (0.7869)  time: 0.8599  data: 0.0004  max mem: 35168
Epoch: [8]  [ 740/1416]  eta: 0:09:58  lr: 0.000261  min_lr: 0.000261  loss: 0.1250 (0.1720)  reconst_loss: 0.0023 (0.0027)  code_loss: 0.1227 (0.1693)  weight_decay: 0.0500 (0.0500)  grad_norm: 0.2065 (0.7790)  time: 0.8644  data: 0.0004  max mem: 35168
Epoch: [8]  [ 750/1416]  eta: 0:09:49  lr: 0.000261  min_lr: 0.000261  loss: 0.1235 (0.1714)  reconst_loss: 0.0022 (0.0027)  code_loss: 0.1212 (0.1687)  weight_decay: 0.0500 (0.0500)  grad_norm: 0.1761 (0.7710)  time: 0.8645  data: 0.0003  max mem: 35168
Epoch: [8]  [ 760/1416]  eta: 0:09:40  lr: 0.000261  min_lr: 0.000261  loss: 0.1224 (0.1707)  reconst_loss: 0.0022 (0.0027)  code_loss: 0.1202 (0.1680)  weight_decay: 0.0500 (0.0500)  grad_norm: 0.2499 (0.7676)  time: 0.8624  data: 0.0003  max mem: 35168
Epoch: [8]  [ 770/1416]  eta: 0:09:31  lr: 0.000261  min_lr: 0.000261  loss: 0.1217 (0.1701)  reconst_loss: 0.0022 (0.0027)  code_loss: 0.1194 (0.1674)  weight_decay: 0.0500 (0.0500)  grad_norm: 0.4908 (0.7644)  time: 0.8643  data: 0.0003  max mem: 35168
Epoch: [8]  [ 780/1416]  eta: 0:09:22  lr: 0.000260  min_lr: 0.000260  loss: 0.1201 (0.1694)  reconst_loss: 0.0021 (0.0027)  code_loss: 0.1180 (0.1668)  weight_decay: 0.0500 (0.0500)  grad_norm: 0.4255 (0.7591)  time: 0.8631  data: 0.0004  max mem: 35168
Epoch: [8]  [ 790/1416]  eta: 0:09:13  lr: 0.000260  min_lr: 0.000260  loss: 0.1198 (0.1688)  reconst_loss: 0.0020 (0.0026)  code_loss: 0.1178 (0.1662)  weight_decay: 0.0500 (0.0500)  grad_norm: 0.2473 (0.7521)  time: 0.8641  data: 0.0003  max mem: 35168
Epoch: [8]  [ 800/1416]  eta: 0:09:04  lr: 0.000260  min_lr: 0.000260  loss: 0.1206 (0.1682)  reconst_loss: 0.0019 (0.0026)  code_loss: 0.1186 (0.1656)  weight_decay: 0.0500 (0.0500)  grad_norm: 0.1997 (0.7464)  time: 0.8655  data: 0.0004  max mem: 35168
Epoch: [8]  [ 810/1416]  eta: 0:08:55  lr: 0.000260  min_lr: 0.000260  loss: 0.1229 (0.1677)  reconst_loss: 0.0019 (0.0026)  code_loss: 0.1210 (0.1650)  weight_decay: 0.0500 (0.0500)  grad_norm: 0.2539 (0.7402)  time: 0.8691  data: 0.0004  max mem: 35168
Epoch: [8]  [ 820/1416]  eta: 0:08:46  lr: 0.000260  min_lr: 0.000260  loss: 0.1256 (0.1672)  reconst_loss: 0.0019 (0.0026)  code_loss: 0.1233 (0.1646)  weight_decay: 0.0500 (0.0500)  grad_norm: 0.2599 (0.7349)  time: 0.8648  data: 0.0004  max mem: 35168
Epoch: [8]  [ 830/1416]  eta: 0:08:37  lr: 0.000260  min_lr: 0.000260  loss: 0.1283 (0.1667)  reconst_loss: 0.0019 (0.0026)  code_loss: 0.1263 (0.1641)  weight_decay: 0.0500 (0.0500)  grad_norm: 0.3711 (0.7315)  time: 0.8626  data: 0.0004  max mem: 35168
Epoch: [8]  [ 840/1416]  eta: 0:08:28  lr: 0.000259  min_lr: 0.000259  loss: 0.1323 (0.1663)  reconst_loss: 0.0019 (0.0026)  code_loss: 0.1301 (0.1637)  weight_decay: 0.0500 (0.0500)  grad_norm: 0.3745 (0.7275)  time: 0.8667  data: 0.0004  max mem: 35168
Epoch: [8]  [ 850/1416]  eta: 0:08:19  lr: 0.000259  min_lr: 0.000259  loss: 0.1339 (0.1660)  reconst_loss: 0.0019 (0.0026)  code_loss: 0.1321 (0.1634)  weight_decay: 0.0500 (0.0500)  grad_norm: 0.4421 (0.7244)  time: 0.8580  data: 0.0003  max mem: 35168
Epoch: [8]  [ 860/1416]  eta: 0:08:10  lr: 0.000259  min_lr: 0.000259  loss: 0.1398 (0.1657)  reconst_loss: 0.0018 (0.0026)  code_loss: 0.1379 (0.1631)  weight_decay: 0.0500 (0.0500)  grad_norm: 0.4088 (0.7204)  time: 0.8594  data: 0.0004  max mem: 35168
Epoch: [8]  [ 870/1416]  eta: 0:08:01  lr: 0.000259  min_lr: 0.000259  loss: 0.1432 (0.1655)  reconst_loss: 0.0018 (0.0026)  code_loss: 0.1414 (0.1629)  weight_decay: 0.0500 (0.0500)  grad_norm: 0.3368 (0.7155)  time: 0.8630  data: 0.0005  max mem: 35168
Epoch: [8]  [ 880/1416]  eta: 0:07:52  lr: 0.000259  min_lr: 0.000259  loss: 0.1466 (0.1653)  reconst_loss: 0.0018 (0.0026)  code_loss: 0.1448 (0.1627)  weight_decay: 0.0500 (0.0500)  grad_norm: 0.3308 (0.7116)  time: 0.8607  data: 0.0006  max mem: 35168
Epoch: [8]  [ 890/1416]  eta: 0:07:43  lr: 0.000259  min_lr: 0.000259  loss: 0.1562 (0.1653)  reconst_loss: 0.0018 (0.0026)  code_loss: 0.1545 (0.1627)  weight_decay: 0.0500 (0.0500)  grad_norm: 0.3538 (0.7073)  time: 0.8613  data: 0.0005  max mem: 35168
Epoch: [8]  [ 900/1416]  eta: 0:07:34  lr: 0.000259  min_lr: 0.000259  loss: 0.1658 (0.1653)  reconst_loss: 0.0017 (0.0026)  code_loss: 0.1641 (0.1628)  weight_decay: 0.0500 (0.0500)  grad_norm: 0.3147 (0.7036)  time: 0.8574  data: 0.0004  max mem: 35168
Epoch: [8]  [ 910/1416]  eta: 0:07:25  lr: 0.000258  min_lr: 0.000258  loss: 0.1740 (0.1655)  reconst_loss: 0.0018 (0.0025)  code_loss: 0.1722 (0.1629)  weight_decay: 0.0500 (0.0500)  grad_norm: 0.3073 (0.6992)  time: 0.8601  data: 0.0004  max mem: 35168
Epoch: [8]  [ 920/1416]  eta: 0:07:16  lr: 0.000258  min_lr: 0.000258  loss: 0.1819 (0.1657)  reconst_loss: 0.0017 (0.0025)  code_loss: 0.1802 (0.1631)  weight_decay: 0.0500 (0.0500)  grad_norm: 0.3062 (0.6954)  time: 0.8655  data: 0.0004  max mem: 35168
Epoch: [8]  [ 930/1416]  eta: 0:07:08  lr: 0.000258  min_lr: 0.000258  loss: 0.1904 (0.1660)  reconst_loss: 0.0017 (0.0025)  code_loss: 0.1888 (0.1635)  weight_decay: 0.0500 (0.0500)  grad_norm: 0.3698 (0.6919)  time: 0.8647  data: 0.0003  max mem: 35168
Epoch: [8]  [ 940/1416]  eta: 0:06:59  lr: 0.000258  min_lr: 0.000258  loss: 0.1956 (0.1663)  reconst_loss: 0.0018 (0.0025)  code_loss: 0.1938 (0.1638)  weight_decay: 0.0500 (0.0500)  grad_norm: 0.3505 (0.6883)  time: 0.8636  data: 0.0002  max mem: 35168
Epoch: [8]  [ 950/1416]  eta: 0:06:50  lr: 0.000258  min_lr: 0.000258  loss: 0.1999 (0.1667)  reconst_loss: 0.0018 (0.0025)  code_loss: 0.1982 (0.1642)  weight_decay: 0.0500 (0.0500)  grad_norm: 0.3333 (0.6845)  time: 0.8628  data: 0.0003  max mem: 35168
Epoch: [8]  [ 960/1416]  eta: 0:06:41  lr: 0.000258  min_lr: 0.000258  loss: 0.2014 (0.1671)  reconst_loss: 0.0018 (0.0025)  code_loss: 0.1995 (0.1645)  weight_decay: 0.0500 (0.0500)  grad_norm: 0.2945 (0.6801)  time: 0.8648  data: 0.0004  max mem: 35168
Epoch: [8]  [ 970/1416]  eta: 0:06:32  lr: 0.000257  min_lr: 0.000257  loss: 0.2025 (0.1674)  reconst_loss: 0.0017 (0.0025)  code_loss: 0.2008 (0.1649)  weight_decay: 0.0500 (0.0500)  grad_norm: 0.2292 (0.6754)  time: 0.8652  data: 0.0003  max mem: 35168
Epoch: [8]  [ 980/1416]  eta: 0:06:23  lr: 0.000257  min_lr: 0.000257  loss: 0.2051 (0.1678)  reconst_loss: 0.0016 (0.0025)  code_loss: 0.2034 (0.1653)  weight_decay: 0.0500 (0.0500)  grad_norm: 0.2332 (0.6709)  time: 0.8631  data: 0.0003  max mem: 35168
Epoch: [8]  [ 990/1416]  eta: 0:06:14  lr: 0.000257  min_lr: 0.000257  loss: 0.2052 (0.1682)  reconst_loss: 0.0017 (0.0025)  code_loss: 0.2034 (0.1657)  weight_decay: 0.0500 (0.0500)  grad_norm: 0.2540 (0.6690)  time: 0.8660  data: 0.0004  max mem: 35168
Epoch: [8]  [1000/1416]  eta: 0:06:05  lr: 0.000257  min_lr: 0.000257  loss: 0.2047 (0.1686)  reconst_loss: 0.0018 (0.0025)  code_loss: 0.2030 (0.1661)  weight_decay: 0.0500 (0.0500)  grad_norm: 0.3931 (0.6663)  time: 0.8639  data: 0.0004  max mem: 35168
Epoch: [8]  [1010/1416]  eta: 0:05:57  lr: 0.000257  min_lr: 0.000257  loss: 0.2036 (0.1689)  reconst_loss: 0.0018 (0.0025)  code_loss: 0.2019 (0.1664)  weight_decay: 0.0500 (0.0500)  grad_norm: 0.3910 (0.6637)  time: 0.8595  data: 0.0003  max mem: 35168
Epoch: [8]  [1020/1416]  eta: 0:05:48  lr: 0.000257  min_lr: 0.000257  loss: 0.2026 (0.1692)  reconst_loss: 0.0018 (0.0025)  code_loss: 0.2008 (0.1668)  weight_decay: 0.0500 (0.0500)  grad_norm: 0.3909 (0.6609)  time: 0.8589  data: 0.0003  max mem: 35168
Epoch: [8]  [1030/1416]  eta: 0:05:39  lr: 0.000257  min_lr: 0.000257  loss: 0.1995 (0.1695)  reconst_loss: 0.0017 (0.0025)  code_loss: 0.1977 (0.1670)  weight_decay: 0.0500 (0.0500)  grad_norm: 0.3599 (0.6578)  time: 0.8592  data: 0.0003  max mem: 35168
Epoch: [8]  [1040/1416]  eta: 0:05:30  lr: 0.000256  min_lr: 0.000256  loss: 0.1964 (0.1698)  reconst_loss: 0.0017 (0.0024)  code_loss: 0.1947 (0.1673)  weight_decay: 0.0500 (0.0500)  grad_norm: 0.3744 (0.6562)  time: 0.8647  data: 0.0002  max mem: 35168
Epoch: [8]  [1050/1416]  eta: 0:05:21  lr: 0.000256  min_lr: 0.000256  loss: 0.1952 (0.1700)  reconst_loss: 0.0017 (0.0024)  code_loss: 0.1934 (0.1675)  weight_decay: 0.0500 (0.0500)  grad_norm: 0.3671 (0.6526)  time: 0.8669  data: 0.0003  max mem: 35168
Epoch: [8]  [1060/1416]  eta: 0:05:12  lr: 0.000256  min_lr: 0.000256  loss: 0.1940 (0.1702)  reconst_loss: 0.0017 (0.0024)  code_loss: 0.1923 (0.1678)  weight_decay: 0.0500 (0.0500)  grad_norm: 0.2497 (0.6486)  time: 0.8635  data: 0.0004  max mem: 35168
Epoch: [8]  [1070/1416]  eta: 0:05:03  lr: 0.000256  min_lr: 0.000256  loss: 0.1922 (0.1704)  reconst_loss: 0.0017 (0.0024)  code_loss: 0.1904 (0.1680)  weight_decay: 0.0500 (0.0500)  grad_norm: 0.2676 (0.6456)  time: 0.8618  data: 0.0004  max mem: 35168
Epoch: [8]  [1080/1416]  eta: 0:04:55  lr: 0.000256  min_lr: 0.000256  loss: 0.1893 (0.1706)  reconst_loss: 0.0017 (0.0024)  code_loss: 0.1877 (0.1681)  weight_decay: 0.0500 (0.0500)  grad_norm: 0.3196 (0.6425)  time: 0.8630  data: 0.0003  max mem: 35168
Epoch: [8]  [1090/1416]  eta: 0:04:46  lr: 0.000256  min_lr: 0.000256  loss: 0.1865 (0.1707)  reconst_loss: 0.0017 (0.0024)  code_loss: 0.1848 (0.1683)  weight_decay: 0.0500 (0.0500)  grad_norm: 0.3283 (0.6399)  time: 0.8637  data: 0.0004  max mem: 35168
Epoch: [8]  [1100/1416]  eta: 0:04:37  lr: 0.000255  min_lr: 0.000255  loss: 0.1841 (0.1708)  reconst_loss: 0.0017 (0.0024)  code_loss: 0.1824 (0.1684)  weight_decay: 0.0500 (0.0500)  grad_norm: 0.3463 (0.6373)  time: 0.8629  data: 0.0004  max mem: 35168
Epoch: [8]  [1110/1416]  eta: 0:04:28  lr: 0.000255  min_lr: 0.000255  loss: 0.1824 (0.1709)  reconst_loss: 0.0017 (0.0024)  code_loss: 0.1806 (0.1685)  weight_decay: 0.0500 (0.0500)  grad_norm: 0.3242 (0.6343)  time: 0.8653  data: 0.0004  max mem: 35168
Epoch: [8]  [1120/1416]  eta: 0:04:19  lr: 0.000255  min_lr: 0.000255  loss: 0.1800 (0.1710)  reconst_loss: 0.0016 (0.0024)  code_loss: 0.1783 (0.1686)  weight_decay: 0.0500 (0.0500)  grad_norm: 0.3243 (0.6322)  time: 0.8659  data: 0.0003  max mem: 35168
Epoch: [8]  [1130/1416]  eta: 0:04:11  lr: 0.000255  min_lr: 0.000255  loss: 0.1770 (0.1710)  reconst_loss: 0.0016 (0.0024)  code_loss: 0.1754 (0.1686)  weight_decay: 0.0500 (0.0500)  grad_norm: 0.3582 (0.6297)  time: 0.8620  data: 0.0003  max mem: 35168
Epoch: [8]  [1140/1416]  eta: 0:04:02  lr: 0.000255  min_lr: 0.000255  loss: 0.1737 (0.1710)  reconst_loss: 0.0016 (0.0024)  code_loss: 0.1721 (0.1687)  weight_decay: 0.0500 (0.0500)  grad_norm: 0.3207 (0.6267)  time: 0.8634  data: 0.0003  max mem: 35168
Epoch: [8]  [1150/1416]  eta: 0:03:53  lr: 0.000255  min_lr: 0.000255  loss: 0.1703 (0.1710)  reconst_loss: 0.0016 (0.0024)  code_loss: 0.1688 (0.1687)  weight_decay: 0.0500 (0.0500)  grad_norm: 0.3207 (0.6247)  time: 0.8667  data: 0.0003  max mem: 35168
Epoch: [8]  [1160/1416]  eta: 0:03:44  lr: 0.000255  min_lr: 0.000255  loss: 0.1688 (0.1710)  reconst_loss: 0.0017 (0.0024)  code_loss: 0.1669 (0.1686)  weight_decay: 0.0500 (0.0500)  grad_norm: 0.4106 (0.6229)  time: 0.8658  data: 0.0003  max mem: 35168
Epoch: [8]  [1170/1416]  eta: 0:03:35  lr: 0.000254  min_lr: 0.000254  loss: 0.1660 (0.1709)  reconst_loss: 0.0017 (0.0024)  code_loss: 0.1643 (0.1686)  weight_decay: 0.0500 (0.0500)  grad_norm: 0.3556 (0.6201)  time: 0.8663  data: 0.0003  max mem: 35168
Epoch: [8]  [1180/1416]  eta: 0:03:27  lr: 0.000254  min_lr: 0.000254  loss: 0.1632 (0.1709)  reconst_loss: 0.0017 (0.0024)  code_loss: 0.1616 (0.1685)  weight_decay: 0.0500 (0.0500)  grad_norm: 0.3500 (0.6189)  time: 0.8669  data: 0.0003  max mem: 35168
Epoch: [8]  [1190/1416]  eta: 0:03:18  lr: 0.000254  min_lr: 0.000254  loss: 0.1620 (0.1711)  reconst_loss: 0.0018 (0.0024)  code_loss: 0.1603 (0.1687)  weight_decay: 0.0500 (0.0500)  grad_norm: 0.6665 (0.6522)  time: 0.8645  data: 0.0003  max mem: 35168
Epoch: [8]  [1200/1416]  eta: 0:03:09  lr: 0.000254  min_lr: 0.000254  loss: 0.1798 (0.1712)  reconst_loss: 0.0053 (0.0024)  code_loss: 0.1741 (0.1688)  weight_decay: 0.0500 (0.0500)  grad_norm: 5.7835 (0.7026)  time: 0.8573  data: 0.0007  max mem: 35168
Epoch: [8]  [1210/1416]  eta: 0:03:00  lr: 0.000254  min_lr: 0.000254  loss: 0.1691 (0.1711)  reconst_loss: 0.0049 (0.0024)  code_loss: 0.1633 (0.1687)  weight_decay: 0.0500 (0.0500)  grad_norm: 4.3081 (0.7125)  time: 0.8442  data: 0.0006  max mem: 35168
Epoch: [8]  [1220/1416]  eta: 0:02:51  lr: 0.000254  min_lr: 0.000254  loss: 0.1520 (0.1709)  reconst_loss: 0.0037 (0.0024)  code_loss: 0.1484 (0.1685)  weight_decay: 0.0500 (0.0500)  grad_norm: 0.3990 (0.7087)  time: 0.8357  data: 0.0001  max mem: 35168
Epoch: [8]  [1230/1416]  eta: 0:02:42  lr: 0.000253  min_lr: 0.000253  loss: 0.1500 (0.1708)  reconst_loss: 0.0030 (0.0024)  code_loss: 0.1467 (0.1683)  weight_decay: 0.0500 (0.0500)  grad_norm: 0.1872 (0.7042)  time: 0.8402  data: 0.0001  max mem: 35168
Epoch: [8]  [1240/1416]  eta: 0:02:34  lr: 0.000253  min_lr: 0.000253  loss: 0.1473 (0.1706)  reconst_loss: 0.0026 (0.0024)  code_loss: 0.1448 (0.1681)  weight_decay: 0.0500 (0.0500)  grad_norm: 0.1232 (0.6993)  time: 0.8441  data: 0.0001  max mem: 35168
Epoch: [8]  [1250/1416]  eta: 0:02:25  lr: 0.000253  min_lr: 0.000253  loss: 0.1459 (0.1704)  reconst_loss: 0.0022 (0.0024)  code_loss: 0.1437 (0.1679)  weight_decay: 0.0500 (0.0500)  grad_norm: 0.0969 (0.6946)  time: 0.8408  data: 0.0001  max mem: 35168
Epoch: [8]  [1260/1416]  eta: 0:02:16  lr: 0.000253  min_lr: 0.000253  loss: 0.1448 (0.1702)  reconst_loss: 0.0021 (0.0024)  code_loss: 0.1428 (0.1677)  weight_decay: 0.0500 (0.0500)  grad_norm: 0.1301 (0.6905)  time: 0.8419  data: 0.0001  max mem: 35168
Epoch: [8]  [1270/1416]  eta: 0:02:07  lr: 0.000253  min_lr: 0.000253  loss: 0.1439 (0.1699)  reconst_loss: 0.0020 (0.0024)  code_loss: 0.1417 (0.1675)  weight_decay: 0.0500 (0.0500)  grad_norm: 0.1956 (0.6911)  time: 0.8451  data: 0.0001  max mem: 35168
Epoch: [8]  [1280/1416]  eta: 0:01:58  lr: 0.000253  min_lr: 0.000253  loss: 0.1428 (0.1697)  reconst_loss: 0.0020 (0.0024)  code_loss: 0.1408 (0.1673)  weight_decay: 0.0500 (0.0500)  grad_norm: 0.5017 (0.6906)  time: 0.8451  data: 0.0001  max mem: 35168
Epoch: [8]  [1290/1416]  eta: 0:01:50  lr: 0.000252  min_lr: 0.000252  loss: 0.1408 (0.1695)  reconst_loss: 0.0019 (0.0024)  code_loss: 0.1389 (0.1671)  weight_decay: 0.0500 (0.0500)  grad_norm: 0.3590 (0.6874)  time: 0.8424  data: 0.0001  max mem: 35168
Epoch: [8]  [1300/1416]  eta: 0:01:41  lr: 0.000252  min_lr: 0.000252  loss: 0.1392 (0.1693)  reconst_loss: 0.0018 (0.0024)  code_loss: 0.1375 (0.1668)  weight_decay: 0.0500 (0.0500)  grad_norm: 0.2015 (0.6835)  time: 0.8426  data: 0.0001  max mem: 35168
Epoch: [8]  [1310/1416]  eta: 0:01:32  lr: 0.000252  min_lr: 0.000252  loss: 0.1380 (0.1690)  reconst_loss: 0.0018 (0.0024)  code_loss: 0.1363 (0.1666)  weight_decay: 0.0500 (0.0500)  grad_norm: 0.1658 (0.6795)  time: 0.8450  data: 0.0001  max mem: 35168
Epoch: [8]  [1320/1416]  eta: 0:01:23  lr: 0.000252  min_lr: 0.000252  loss: 0.1377 (0.1688)  reconst_loss: 0.0017 (0.0024)  code_loss: 0.1359 (0.1664)  weight_decay: 0.0500 (0.0500)  grad_norm: 0.1625 (0.6759)  time: 0.8440  data: 0.0001  max mem: 35168
Epoch: [8]  [1330/1416]  eta: 0:01:15  lr: 0.000252  min_lr: 0.000252  loss: 0.1377 (0.1685)  reconst_loss: 0.0017 (0.0024)  code_loss: 0.1360 (0.1661)  weight_decay: 0.0500 (0.0500)  grad_norm: 0.1799 (0.6720)  time: 0.8398  data: 0.0001  max mem: 35168
Epoch: [8]  [1340/1416]  eta: 0:01:06  lr: 0.000252  min_lr: 0.000252  loss: 0.1379 (0.1683)  reconst_loss: 0.0017 (0.0024)  code_loss: 0.1362 (0.1659)  weight_decay: 0.0500 (0.0500)  grad_norm: 0.1799 (0.6686)  time: 0.8376  data: 0.0001  max mem: 35168
Epoch: [8]  [1350/1416]  eta: 0:00:57  lr: 0.000251  min_lr: 0.000251  loss: 0.1380 (0.1681)  reconst_loss: 0.0017 (0.0024)  code_loss: 0.1363 (0.1657)  weight_decay: 0.0500 (0.0500)  grad_norm: 0.1540 (0.6647)  time: 0.8405  data: 0.0001  max mem: 35168
Epoch: [8]  [1360/1416]  eta: 0:00:48  lr: 0.000251  min_lr: 0.000251  loss: 0.1388 (0.1679)  reconst_loss: 0.0017 (0.0024)  code_loss: 0.1372 (0.1655)  weight_decay: 0.0500 (0.0500)  grad_norm: 0.1599 (0.6621)  time: 0.8405  data: 0.0001  max mem: 35168
Epoch: [8]  [1370/1416]  eta: 0:00:40  lr: 0.000251  min_lr: 0.000251  loss: 0.1394 (0.1677)  reconst_loss: 0.0017 (0.0024)  code_loss: 0.1377 (0.1653)  weight_decay: 0.0500 (0.0500)  grad_norm: 0.2129 (0.6588)  time: 0.8369  data: 0.0002  max mem: 35168
Epoch: [8]  [1380/1416]  eta: 0:00:31  lr: 0.000251  min_lr: 0.000251  loss: 0.1398 (0.1675)  reconst_loss: 0.0017 (0.0024)  code_loss: 0.1380 (0.1651)  weight_decay: 0.0500 (0.0500)  grad_norm: 0.2179 (0.6556)  time: 0.8380  data: 0.0002  max mem: 35168
Epoch: [8]  [1390/1416]  eta: 0:00:22  lr: 0.000251  min_lr: 0.000251  loss: 0.1406 (0.1673)  reconst_loss: 0.0017 (0.0024)  code_loss: 0.1390 (0.1649)  weight_decay: 0.0500 (0.0500)  grad_norm: 0.2221 (0.6532)  time: 0.8389  data: 0.0002  max mem: 35168
Epoch: [8]  [1400/1416]  eta: 0:00:13  lr: 0.000251  min_lr: 0.000251  loss: 0.1427 (0.1671)  reconst_loss: 0.0017 (0.0024)  code_loss: 0.1407 (0.1648)  weight_decay: 0.0500 (0.0500)  grad_norm: 0.4219 (0.6523)  time: 0.8401  data: 0.0002  max mem: 35168
Epoch: [8]  [1410/1416]  eta: 0:00:05  lr: 0.000250  min_lr: 0.000250  loss: 0.1429 (0.1669)  reconst_loss: 0.0017 (0.0024)  code_loss: 0.1411 (0.1646)  weight_decay: 0.0500 (0.0500)  grad_norm: 0.3924 (0.6499)  time: 0.8393  data: 0.0001  max mem: 35168
Epoch: [8]  [1415/1416]  eta: 0:00:00  lr: 0.000250  min_lr: 0.000250  loss: 0.1431 (0.1669)  reconst_loss: 0.0017 (0.0024)  code_loss: 0.1413 (0.1645)  weight_decay: 0.0500 (0.0500)  grad_norm: 0.3013 (0.6484)  time: 0.8360  data: 0.0001  max mem: 35168
Epoch: [8] Total time: 0:20:35 (0.8724 s / it)
Averaged stats: lr: 0.000250  min_lr: 0.000250  loss: 0.1431 (0.1669)  reconst_loss: 0.0017 (0.0023)  code_loss: 0.1413 (0.1645)  weight_decay: 0.0500 (0.0500)  grad_norm: 0.3013 (0.6484)
Epoch: [9]  [   0/1416]  eta: 7:01:06  lr: 0.000250  min_lr: 0.000250  loss: 0.1448 (0.1448)  reconst_loss: 0.0015 (0.0015)  code_loss: 0.1433 (0.1433)  weight_decay: 0.0500 (0.0500)  grad_norm: 0.2154 (0.2154)  time: 17.8439  data: 16.7576  max mem: 35168
Epoch: [9]  [  10/1416]  eta: 0:57:00  lr: 0.000250  min_lr: 0.000250  loss: 0.1466 (0.1471)  reconst_loss: 0.0017 (0.0016)  code_loss: 0.1449 (0.1454)  weight_decay: 0.0500 (0.0500)  grad_norm: 0.1758 (0.1783)  time: 2.4329  data: 1.5238  max mem: 35168
Epoch: [9]  [  20/1416]  eta: 0:38:57  lr: 0.000250  min_lr: 0.000250  loss: 0.1501 (0.1500)  reconst_loss: 0.0016 (0.0016)  code_loss: 0.1483 (0.1484)  weight_decay: 0.0500 (0.0500)  grad_norm: 0.1626 (0.1675)  time: 0.8658  data: 0.0004  max mem: 35168
Epoch: [9]  [  30/1416]  eta: 0:32:29  lr: 0.000250  min_lr: 0.000250  loss: 0.1562 (0.1534)  reconst_loss: 0.0016 (0.0016)  code_loss: 0.1548 (0.1518)  weight_decay: 0.0500 (0.0500)  grad_norm: 0.1699 (0.2051)  time: 0.8420  data: 0.0004  max mem: 35168
Epoch: [9]  [  40/1416]  eta: 0:29:10  lr: 0.000250  min_lr: 0.000250  loss: 0.1630 (0.1562)  reconst_loss: 0.0017 (0.0016)  code_loss: 0.1612 (0.1545)  weight_decay: 0.0500 (0.0500)  grad_norm: 0.2546 (0.2310)  time: 0.8494  data: 0.0004  max mem: 35168
Epoch: [9]  [  50/1416]  eta: 0:27:10  lr: 0.000250  min_lr: 0.000250  loss: 0.1655 (0.1581)  reconst_loss: 0.0016 (0.0016)  code_loss: 0.1638 (0.1565)  weight_decay: 0.0500 (0.0500)  grad_norm: 0.2490 (0.2292)  time: 0.8632  data: 0.0003  max mem: 35168
Epoch: [9]  [  60/1416]  eta: 0:25:45  lr: 0.000249  min_lr: 0.000249  loss: 0.1665 (0.1597)  reconst_loss: 0.0016 (0.0016)  code_loss: 0.1650 (0.1581)  weight_decay: 0.0500 (0.0500)  grad_norm: 0.2323 (0.2329)  time: 0.8698  data: 0.0003  max mem: 35168
Epoch: [9]  [  70/1416]  eta: 0:24:42  lr: 0.000249  min_lr: 0.000249  loss: 0.1693 (0.1612)  reconst_loss: 0.0016 (0.0016)  code_loss: 0.1676 (0.1595)  weight_decay: 0.0500 (0.0500)  grad_norm: 0.2245 (0.2304)  time: 0.8669  data: 0.0003  max mem: 35168
Epoch: [9]  [  80/1416]  eta: 0:23:52  lr: 0.000249  min_lr: 0.000249  loss: 0.1701 (0.1623)  reconst_loss: 0.0015 (0.0016)  code_loss: 0.1685 (0.1607)  weight_decay: 0.0500 (0.0500)  grad_norm: 0.1955 (0.2264)  time: 0.8653  data: 0.0006  max mem: 35168
Epoch: [9]  [  90/1416]  eta: 0:23:12  lr: 0.000249  min_lr: 0.000249  loss: 0.1705 (0.1633)  reconst_loss: 0.0015 (0.0016)  code_loss: 0.1689 (0.1617)  weight_decay: 0.0500 (0.0500)  grad_norm: 0.1872 (0.2228)  time: 0.8684  data: 0.0007  max mem: 35168
Epoch: [9]  [ 100/1416]  eta: 0:22:38  lr: 0.000249  min_lr: 0.000249  loss: 0.1713 (0.1640)  reconst_loss: 0.0015 (0.0016)  code_loss: 0.1696 (0.1624)  weight_decay: 0.0500 (0.0500)  grad_norm: 0.2222 (0.2415)  time: 0.8691  data: 0.0005  max mem: 35168
Epoch: [9]  [ 110/1416]  eta: 0:22:09  lr: 0.000249  min_lr: 0.000249  loss: 0.1712 (0.1647)  reconst_loss: 0.0016 (0.0016)  code_loss: 0.1696 (0.1631)  weight_decay: 0.0500 (0.0500)  grad_norm: 0.3968 (0.2558)  time: 0.8699  data: 0.0005  max mem: 35168
Epoch: [9]  [ 120/1416]  eta: 0:21:42  lr: 0.000248  min_lr: 0.000248  loss: 0.1715 (0.1653)  reconst_loss: 0.0017 (0.0016)  code_loss: 0.1700 (0.1637)  weight_decay: 0.0500 (0.0500)  grad_norm: 0.5027 (0.2808)  time: 0.8666  data: 0.0005  max mem: 35168
Epoch: [9]  [ 130/1416]  eta: 0:21:17  lr: 0.000248  min_lr: 0.000248  loss: 0.1713 (0.1656)  reconst_loss: 0.0017 (0.0016)  code_loss: 0.1697 (0.1640)  weight_decay: 0.0500 (0.0500)  grad_norm: 0.4617 (0.2896)  time: 0.8608  data: 0.0003  max mem: 35168
Epoch: [9]  [ 140/1416]  eta: 0:20:56  lr: 0.000248  min_lr: 0.000248  loss: 0.1683 (0.1657)  reconst_loss: 0.0016 (0.0016)  code_loss: 0.1668 (0.1641)  weight_decay: 0.0500 (0.0500)  grad_norm: 0.3180 (0.2860)  time: 0.8636  data: 0.0004  max mem: 35168
Epoch: [9]  [ 150/1416]  eta: 0:20:36  lr: 0.000248  min_lr: 0.000248  loss: 0.1667 (0.1658)  reconst_loss: 0.0015 (0.0016)  code_loss: 0.1651 (0.1642)  weight_decay: 0.0500 (0.0500)  grad_norm: 0.1827 (0.2775)  time: 0.8627  data: 0.0004  max mem: 35168
Epoch: [9]  [ 160/1416]  eta: 0:20:18  lr: 0.000248  min_lr: 0.000248  loss: 0.1665 (0.1658)  reconst_loss: 0.0016 (0.0016)  code_loss: 0.1651 (0.1642)  weight_decay: 0.0500 (0.0500)  grad_norm: 0.1926 (0.2780)  time: 0.8657  data: 0.0003  max mem: 35168
Epoch: [9]  [ 170/1416]  eta: 0:20:00  lr: 0.000248  min_lr: 0.000248  loss: 0.1660 (0.1658)  reconst_loss: 0.0015 (0.0016)  code_loss: 0.1645 (0.1642)  weight_decay: 0.0500 (0.0500)  grad_norm: 0.2428 (0.2742)  time: 0.8670  data: 0.0004  max mem: 35168
Epoch: [9]  [ 180/1416]  eta: 0:19:44  lr: 0.000247  min_lr: 0.000247  loss: 0.1642 (0.1656)  reconst_loss: 0.0015 (0.0016)  code_loss: 0.1628 (0.1640)  weight_decay: 0.0500 (0.0500)  grad_norm: 0.1997 (0.2705)  time: 0.8652  data: 0.0003  max mem: 35168
Epoch: [9]  [ 190/1416]  eta: 0:19:28  lr: 0.000247  min_lr: 0.000247  loss: 0.1620 (0.1654)  reconst_loss: 0.0016 (0.0016)  code_loss: 0.1604 (0.1638)  weight_decay: 0.0500 (0.0500)  grad_norm: 0.2692 (0.2806)  time: 0.8655  data: 0.0004  max mem: 35168
Epoch: [9]  [ 200/1416]  eta: 0:19:14  lr: 0.000247  min_lr: 0.000247  loss: 0.1605 (0.1651)  reconst_loss: 0.0017 (0.0016)  code_loss: 0.1585 (0.1635)  weight_decay: 0.0500 (0.0500)  grad_norm: 0.3714 (0.2851)  time: 0.8649  data: 0.0004  max mem: 35168
Epoch: [9]  [ 210/1416]  eta: 0:18:59  lr: 0.000247  min_lr: 0.000247  loss: 0.1573 (0.1647)  reconst_loss: 0.0016 (0.0016)  code_loss: 0.1557 (0.1631)  weight_decay: 0.0500 (0.0500)  grad_norm: 0.3164 (0.2848)  time: 0.8656  data: 0.0003  max mem: 35168
Epoch: [9]  [ 220/1416]  eta: 0:18:45  lr: 0.000247  min_lr: 0.000247  loss: 0.1544 (0.1642)  reconst_loss: 0.0015 (0.0016)  code_loss: 0.1530 (0.1626)  weight_decay: 0.0500 (0.0500)  grad_norm: 0.2431 (0.2818)  time: 0.8618  data: 0.0003  max mem: 35168
Epoch: [9]  [ 230/1416]  eta: 0:18:32  lr: 0.000247  min_lr: 0.000247  loss: 0.1529 (0.1637)  reconst_loss: 0.0015 (0.0016)  code_loss: 0.1514 (0.1621)  weight_decay: 0.0500 (0.0500)  grad_norm: 0.2105 (0.2782)  time: 0.8604  data: 0.0003  max mem: 35168
Epoch: [9]  [ 240/1416]  eta: 0:18:19  lr: 0.000246  min_lr: 0.000246  loss: 0.1514 (0.1631)  reconst_loss: 0.0015 (0.0016)  code_loss: 0.1498 (0.1615)  weight_decay: 0.0500 (0.0500)  grad_norm: 0.2450 (0.2846)  time: 0.8619  data: 0.0004  max mem: 35168
Epoch: [9]  [ 250/1416]  eta: 0:18:06  lr: 0.000246  min_lr: 0.000246  loss: 0.1503 (0.1626)  reconst_loss: 0.0016 (0.0016)  code_loss: 0.1483 (0.1610)  weight_decay: 0.0500 (0.0500)  grad_norm: 0.3398 (0.2868)  time: 0.8627  data: 0.0006  max mem: 35168
Epoch: [9]  [ 260/1416]  eta: 0:17:54  lr: 0.000246  min_lr: 0.000246  loss: 0.1480 (0.1620)  reconst_loss: 0.0015 (0.0016)  code_loss: 0.1465 (0.1604)  weight_decay: 0.0500 (0.0500)  grad_norm: 0.3028 (0.2862)  time: 0.8645  data: 0.0005  max mem: 35168
Epoch: [9]  [ 270/1416]  eta: 0:17:42  lr: 0.000246  min_lr: 0.000246  loss: 0.1451 (0.1613)  reconst_loss: 0.0015 (0.0016)  code_loss: 0.1435 (0.1597)  weight_decay: 0.0500 (0.0500)  grad_norm: 0.2661 (0.2878)  time: 0.8646  data: 0.0005  max mem: 35168
Epoch: [9]  [ 280/1416]  eta: 0:17:30  lr: 0.000246  min_lr: 0.000246  loss: 0.1432 (0.1606)  reconst_loss: 0.0015 (0.0016)  code_loss: 0.1417 (0.1590)  weight_decay: 0.0500 (0.0500)  grad_norm: 0.3322 (0.2906)  time: 0.8680  data: 0.0009  max mem: 35168
Epoch: [9]  [ 290/1416]  eta: 0:17:18  lr: 0.000245  min_lr: 0.000245  loss: 0.1407 (0.1599)  reconst_loss: 0.0015 (0.0016)  code_loss: 0.1391 (0.1583)  weight_decay: 0.0500 (0.0500)  grad_norm: 0.2901 (0.2892)  time: 0.8681  data: 0.0011  max mem: 35168
Epoch: [9]  [ 300/1416]  eta: 0:17:07  lr: 0.000245  min_lr: 0.000245  loss: 0.1383 (0.1592)  reconst_loss: 0.0015 (0.0016)  code_loss: 0.1368 (0.1576)  weight_decay: 0.0500 (0.0500)  grad_norm: 0.2108 (0.2858)  time: 0.8648  data: 0.0007  max mem: 35168
Epoch: [9]  [ 310/1416]  eta: 0:16:56  lr: 0.000245  min_lr: 0.000245  loss: 0.1366 (0.1584)  reconst_loss: 0.0015 (0.0016)  code_loss: 0.1350 (0.1568)  weight_decay: 0.0500 (0.0500)  grad_norm: 0.1879 (0.2837)  time: 0.8613  data: 0.0004  max mem: 35168
Epoch: [9]  [ 320/1416]  eta: 0:16:45  lr: 0.000245  min_lr: 0.000245  loss: 0.1355 (0.1577)  reconst_loss: 0.0015 (0.0016)  code_loss: 0.1339 (0.1561)  weight_decay: 0.0500 (0.0500)  grad_norm: 0.2462 (0.2833)  time: 0.8615  data: 0.0004  max mem: 35168
Epoch: [9]  [ 330/1416]  eta: 0:16:34  lr: 0.000245  min_lr: 0.000245  loss: 0.1334 (0.1569)  reconst_loss: 0.0015 (0.0016)  code_loss: 0.1319 (0.1553)  weight_decay: 0.0500 (0.0500)  grad_norm: 0.2444 (0.2817)  time: 0.8642  data: 0.0004  max mem: 35168
Epoch: [9]  [ 340/1416]  eta: 0:16:23  lr: 0.000245  min_lr: 0.000245  loss: 0.1312 (0.1561)  reconst_loss: 0.0015 (0.0016)  code_loss: 0.1298 (0.1546)  weight_decay: 0.0500 (0.0500)  grad_norm: 0.2373 (0.2809)  time: 0.8625  data: 0.0004  max mem: 35168
Epoch: [9]  [ 350/1416]  eta: 0:16:12  lr: 0.000244  min_lr: 0.000244  loss: 0.1296 (0.1554)  reconst_loss: 0.0015 (0.0016)  code_loss: 0.1280 (0.1538)  weight_decay: 0.0500 (0.0500)  grad_norm: 0.2703 (0.2818)  time: 0.8632  data: 0.0004  max mem: 35168
Epoch: [9]  [ 360/1416]  eta: 0:16:02  lr: 0.000244  min_lr: 0.000244  loss: 0.1280 (0.1546)  reconst_loss: 0.0015 (0.0016)  code_loss: 0.1265 (0.1530)  weight_decay: 0.0500 (0.0500)  grad_norm: 0.2446 (0.2802)  time: 0.8613  data: 0.0004  max mem: 35168
Epoch: [9]  [ 370/1416]  eta: 0:15:51  lr: 0.000244  min_lr: 0.000244  loss: 0.1264 (0.1538)  reconst_loss: 0.0014 (0.0016)  code_loss: 0.1249 (0.1522)  weight_decay: 0.0500 (0.0500)  grad_norm: 0.2052 (0.2776)  time: 0.8625  data: 0.0006  max mem: 35168
Epoch: [9]  [ 380/1416]  eta: 0:15:41  lr: 0.000244  min_lr: 0.000244  loss: 0.1248 (0.1530)  reconst_loss: 0.0015 (0.0016)  code_loss: 0.1231 (0.1515)  weight_decay: 0.0500 (0.0500)  grad_norm: 0.2144 (0.2802)  time: 0.8648  data: 0.0006  max mem: 35168
Epoch: [9]  [ 390/1416]  eta: 0:15:30  lr: 0.000244  min_lr: 0.000244  loss: 0.1240 (0.1523)  reconst_loss: 0.0017 (0.0016)  code_loss: 0.1223 (0.1507)  weight_decay: 0.0500 (0.0500)  grad_norm: 0.2907 (0.2791)  time: 0.8612  data: 0.0004  max mem: 35168
Epoch: [9]  [ 400/1416]  eta: 0:15:20  lr: 0.000244  min_lr: 0.000244  loss: 0.1222 (0.1515)  reconst_loss: 0.0016 (0.0016)  code_loss: 0.1207 (0.1499)  weight_decay: 0.0500 (0.0500)  grad_norm: 0.2938 (0.2831)  time: 0.8597  data: 0.0004  max mem: 35168
Epoch: [9]  [ 410/1416]  eta: 0:15:10  lr: 0.000243  min_lr: 0.000243  loss: 0.1219 (0.1513)  reconst_loss: 0.0016 (0.0016)  code_loss: 0.1203 (0.1497)  weight_decay: 0.0500 (0.0500)  grad_norm: 0.4728 (0.3428)  time: 0.8606  data: 0.0004  max mem: 35168
Epoch: [9]  [ 420/1416]  eta: 0:15:00  lr: 0.000243  min_lr: 0.000243  loss: 0.1346 (0.1513)  reconst_loss: 0.0037 (0.0017)  code_loss: 0.1309 (0.1496)  weight_decay: 0.0500 (0.0500)  grad_norm: 4.2330 (0.4731)  time: 0.8585  data: 0.0004  max mem: 35168
Epoch: [9]  [ 430/1416]  eta: 0:14:50  lr: 0.000243  min_lr: 0.000243  loss: 0.1230 (0.1505)  reconst_loss: 0.0036 (0.0017)  code_loss: 0.1195 (0.1488)  weight_decay: 0.0500 (0.0500)  grad_norm: 1.9079 (0.4902)  time: 0.8571  data: 0.0005  max mem: 35168
Epoch: [9]  [ 440/1416]  eta: 0:14:40  lr: 0.000243  min_lr: 0.000243  loss: 0.1161 (0.1497)  reconst_loss: 0.0026 (0.0017)  code_loss: 0.1135 (0.1480)  weight_decay: 0.0500 (0.0500)  grad_norm: 0.5701 (0.4885)  time: 0.8569  data: 0.0005  max mem: 35168
Epoch: [9]  [ 450/1416]  eta: 0:14:30  lr: 0.000243  min_lr: 0.000243  loss: 0.1144 (0.1489)  reconst_loss: 0.0021 (0.0017)  code_loss: 0.1123 (0.1472)  weight_decay: 0.0500 (0.0500)  grad_norm: 0.2881 (0.4820)  time: 0.8592  data: 0.0003  max mem: 35168
Epoch: [9]  [ 460/1416]  eta: 0:14:20  lr: 0.000243  min_lr: 0.000243  loss: 0.1141 (0.1482)  reconst_loss: 0.0020 (0.0017)  code_loss: 0.1121 (0.1464)  weight_decay: 0.0500 (0.0500)  grad_norm: 0.2542 (0.4948)  time: 0.8625  data: 0.0003  max mem: 35168
Epoch: [9]  [ 470/1416]  eta: 0:14:10  lr: 0.000242  min_lr: 0.000242  loss: 0.1137 (0.1474)  reconst_loss: 0.0020 (0.0017)  code_loss: 0.1116 (0.1457)  weight_decay: 0.0500 (0.0500)  grad_norm: 0.3992 (0.4915)  time: 0.8574  data: 0.0003  max mem: 35168
Epoch: [9]  [ 480/1416]  eta: 0:14:00  lr: 0.000242  min_lr: 0.000242  loss: 0.1126 (0.1467)  reconst_loss: 0.0019 (0.0017)  code_loss: 0.1106 (0.1450)  weight_decay: 0.0500 (0.0500)  grad_norm: 0.2033 (0.4842)  time: 0.8561  data: 0.0003  max mem: 35168
Epoch: [9]  [ 490/1416]  eta: 0:13:51  lr: 0.000242  min_lr: 0.000242  loss: 0.1120 (0.1460)  reconst_loss: 0.0017 (0.0017)  code_loss: 0.1103 (0.1442)  weight_decay: 0.0500 (0.0500)  grad_norm: 0.1124 (0.4764)  time: 0.8595  data: 0.0003  max mem: 35168
Epoch: [9]  [ 500/1416]  eta: 0:13:41  lr: 0.000242  min_lr: 0.000242  loss: 0.1119 (0.1453)  reconst_loss: 0.0016 (0.0017)  code_loss: 0.1102 (0.1436)  weight_decay: 0.0500 (0.0500)  grad_norm: 0.1082 (0.4691)  time: 0.8613  data: 0.0005  max mem: 35168
Epoch: [9]  [ 510/1416]  eta: 0:13:31  lr: 0.000242  min_lr: 0.000242  loss: 0.1117 (0.1446)  reconst_loss: 0.0016 (0.0017)  code_loss: 0.1100 (0.1429)  weight_decay: 0.0500 (0.0500)  grad_norm: 0.1166 (0.4624)  time: 0.8619  data: 0.0006  max mem: 35168
Epoch: [9]  [ 520/1416]  eta: 0:13:22  lr: 0.000242  min_lr: 0.000242  loss: 0.1114 (0.1440)  reconst_loss: 0.0016 (0.0017)  code_loss: 0.1098 (0.1423)  weight_decay: 0.0500 (0.0500)  grad_norm: 0.1697 (0.4581)  time: 0.8588  data: 0.0004  max mem: 35168
Epoch: [9]  [ 530/1416]  eta: 0:13:12  lr: 0.000241  min_lr: 0.000241  loss: 0.1111 (0.1434)  reconst_loss: 0.0015 (0.0017)  code_loss: 0.1096 (0.1417)  weight_decay: 0.0500 (0.0500)  grad_norm: 0.2100 (0.4537)  time: 0.8608  data: 0.0004  max mem: 35168
Epoch: [9]  [ 540/1416]  eta: 0:13:03  lr: 0.000241  min_lr: 0.000241  loss: 0.1108 (0.1428)  reconst_loss: 0.0015 (0.0017)  code_loss: 0.1093 (0.1411)  weight_decay: 0.0500 (0.0500)  grad_norm: 0.2022 (0.4505)  time: 0.8616  data: 0.0006  max mem: 35168
Epoch: [9]  [ 550/1416]  eta: 0:12:53  lr: 0.000241  min_lr: 0.000241  loss: 0.1107 (0.1422)  reconst_loss: 0.0015 (0.0017)  code_loss: 0.1091 (0.1405)  weight_decay: 0.0500 (0.0500)  grad_norm: 0.2461 (0.4472)  time: 0.8614  data: 0.0006  max mem: 35168
Epoch: [9]  [ 560/1416]  eta: 0:12:44  lr: 0.000241  min_lr: 0.000241  loss: 0.1114 (0.1417)  reconst_loss: 0.0015 (0.0017)  code_loss: 0.1099 (0.1399)  weight_decay: 0.0500 (0.0500)  grad_norm: 0.2037 (0.4428)  time: 0.8631  data: 0.0005  max mem: 35168
Epoch: [9]  [ 570/1416]  eta: 0:12:34  lr: 0.000241  min_lr: 0.000241  loss: 0.1120 (0.1412)  reconst_loss: 0.0015 (0.0017)  code_loss: 0.1104 (0.1394)  weight_decay: 0.0500 (0.0500)  grad_norm: 0.2132 (0.4389)  time: 0.8616  data: 0.0004  max mem: 35168
Epoch: [9]  [ 580/1416]  eta: 0:12:25  lr: 0.000240  min_lr: 0.000240  loss: 0.1133 (0.1407)  reconst_loss: 0.0015 (0.0017)  code_loss: 0.1117 (0.1390)  weight_decay: 0.0500 (0.0500)  grad_norm: 0.2280 (0.4351)  time: 0.8611  data: 0.0006  max mem: 35168
Epoch: [9]  [ 590/1416]  eta: 0:12:16  lr: 0.000240  min_lr: 0.000240  loss: 0.1145 (0.1403)  reconst_loss: 0.0015 (0.0017)  code_loss: 0.1130 (0.1385)  weight_decay: 0.0500 (0.0500)  grad_norm: 0.1761 (0.4306)  time: 0.8576  data: 0.0007  max mem: 35168
Epoch: [9]  [ 600/1416]  eta: 0:12:06  lr: 0.000240  min_lr: 0.000240  loss: 0.1165 (0.1399)  reconst_loss: 0.0015 (0.0017)  code_loss: 0.1149 (0.1382)  weight_decay: 0.0500 (0.0500)  grad_norm: 0.1998 (0.4296)  time: 0.8569  data: 0.0007  max mem: 35168
Epoch: [9]  [ 610/1416]  eta: 0:11:57  lr: 0.000240  min_lr: 0.000240  loss: 0.1190 (0.1395)  reconst_loss: 0.0015 (0.0017)  code_loss: 0.1173 (0.1378)  weight_decay: 0.0500 (0.0500)  grad_norm: 0.3665 (0.4325)  time: 0.8593  data: 0.0006  max mem: 35168
Epoch: [9]  [ 620/1416]  eta: 0:11:48  lr: 0.000240  min_lr: 0.000240  loss: 0.1199 (0.1392)  reconst_loss: 0.0015 (0.0017)  code_loss: 0.1184 (0.1375)  weight_decay: 0.0500 (0.0500)  grad_norm: 0.3177 (0.4300)  time: 0.8625  data: 0.0004  max mem: 35168
Epoch: [9]  [ 630/1416]  eta: 0:11:38  lr: 0.000240  min_lr: 0.000240  loss: 0.1212 (0.1390)  reconst_loss: 0.0014 (0.0017)  code_loss: 0.1198 (0.1373)  weight_decay: 0.0500 (0.0500)  grad_norm: 0.2565 (0.4271)  time: 0.8629  data: 0.0003  max mem: 35168
Epoch: [9]  [ 640/1416]  eta: 0:11:29  lr: 0.000239  min_lr: 0.000239  loss: 0.1217 (0.1387)  reconst_loss: 0.0014 (0.0017)  code_loss: 0.1202 (0.1370)  weight_decay: 0.0500 (0.0500)  grad_norm: 0.2189 (0.4236)  time: 0.8617  data: 0.0004  max mem: 35168
Epoch: [9]  [ 650/1416]  eta: 0:11:20  lr: 0.000239  min_lr: 0.000239  loss: 0.1239 (0.1385)  reconst_loss: 0.0014 (0.0017)  code_loss: 0.1225 (0.1368)  weight_decay: 0.0500 (0.0500)  grad_norm: 0.2000 (0.4206)  time: 0.8613  data: 0.0010  max mem: 35168
Epoch: [9]  [ 660/1416]  eta: 0:11:11  lr: 0.000239  min_lr: 0.000239  loss: 0.1264 (0.1383)  reconst_loss: 0.0015 (0.0017)  code_loss: 0.1250 (0.1367)  weight_decay: 0.0500 (0.0500)  grad_norm: 0.1762 (0.4167)  time: 0.8615  data: 0.0013  max mem: 35168
Epoch: [9]  [ 670/1416]  eta: 0:11:02  lr: 0.000239  min_lr: 0.000239  loss: 0.1290 (0.1382)  reconst_loss: 0.0015 (0.0017)  code_loss: 0.1275 (0.1365)  weight_decay: 0.0500 (0.0500)  grad_norm: 0.1808 (0.4139)  time: 0.8627  data: 0.0007  max mem: 35168
Epoch: [9]  [ 680/1416]  eta: 0:10:53  lr: 0.000239  min_lr: 0.000239  loss: 0.1301 (0.1381)  reconst_loss: 0.0014 (0.0017)  code_loss: 0.1287 (0.1364)  weight_decay: 0.0500 (0.0500)  grad_norm: 0.1400 (0.4097)  time: 0.8617  data: 0.0004  max mem: 35168
Epoch: [9]  [ 690/1416]  eta: 0:10:43  lr: 0.000238  min_lr: 0.000238  loss: 0.1337 (0.1381)  reconst_loss: 0.0015 (0.0017)  code_loss: 0.1322 (0.1364)  weight_decay: 0.0500 (0.0500)  grad_norm: 0.1600 (0.4100)  time: 0.8604  data: 0.0005  max mem: 35168
Epoch: [9]  [ 700/1416]  eta: 0:10:34  lr: 0.000238  min_lr: 0.000238  loss: 0.1342 (0.1380)  reconst_loss: 0.0015 (0.0017)  code_loss: 0.1327 (0.1363)  weight_decay: 0.0500 (0.0500)  grad_norm: 0.2957 (0.4081)  time: 0.8624  data: 0.0005  max mem: 35168
Epoch: [9]  [ 710/1416]  eta: 0:10:25  lr: 0.000238  min_lr: 0.000238  loss: 0.1334 (0.1379)  reconst_loss: 0.0015 (0.0017)  code_loss: 0.1319 (0.1363)  weight_decay: 0.0500 (0.0500)  grad_norm: 0.2150 (0.4050)  time: 0.8648  data: 0.0003  max mem: 35168
Epoch: [9]  [ 720/1416]  eta: 0:10:16  lr: 0.000238  min_lr: 0.000238  loss: 0.1325 (0.1379)  reconst_loss: 0.0014 (0.0017)  code_loss: 0.1310 (0.1362)  weight_decay: 0.0500 (0.0500)  grad_norm: 0.1757 (0.4020)  time: 0.8636  data: 0.0003  max mem: 35168
Epoch: [9]  [ 730/1416]  eta: 0:10:07  lr: 0.000238  min_lr: 0.000238  loss: 0.1321 (0.1378)  reconst_loss: 0.0015 (0.0017)  code_loss: 0.1308 (0.1361)  weight_decay: 0.0500 (0.0500)  grad_norm: 0.1967 (0.4003)  time: 0.8613  data: 0.0004  max mem: 35168
Epoch: [9]  [ 740/1416]  eta: 0:09:58  lr: 0.000238  min_lr: 0.000238  loss: 0.1305 (0.1377)  reconst_loss: 0.0015 (0.0017)  code_loss: 0.1291 (0.1360)  weight_decay: 0.0500 (0.0500)  grad_norm: 0.2831 (0.3990)  time: 0.8621  data: 0.0003  max mem: 35168
Epoch: [9]  [ 750/1416]  eta: 0:09:49  lr: 0.000237  min_lr: 0.000237  loss: 0.1289 (0.1375)  reconst_loss: 0.0014 (0.0017)  code_loss: 0.1273 (0.1359)  weight_decay: 0.0500 (0.0500)  grad_norm: 0.2544 (0.3969)  time: 0.8637  data: 0.0005  max mem: 35168
Epoch: [9]  [ 760/1416]  eta: 0:09:40  lr: 0.000237  min_lr: 0.000237  loss: 0.1268 (0.1374)  reconst_loss: 0.0015 (0.0017)  code_loss: 0.1253 (0.1357)  weight_decay: 0.0500 (0.0500)  grad_norm: 0.2711 (0.3961)  time: 0.8622  data: 0.0010  max mem: 35168
Epoch: [9]  [ 770/1416]  eta: 0:09:31  lr: 0.000237  min_lr: 0.000237  loss: 0.1253 (0.1372)  reconst_loss: 0.0015 (0.0017)  code_loss: 0.1238 (0.1356)  weight_decay: 0.0500 (0.0500)  grad_norm: 0.2986 (0.3945)  time: 0.8629  data: 0.0008  max mem: 35168
Epoch: [9]  [ 780/1416]  eta: 0:09:22  lr: 0.000237  min_lr: 0.000237  loss: 0.1230 (0.1370)  reconst_loss: 0.0014 (0.0017)  code_loss: 0.1217 (0.1354)  weight_decay: 0.0500 (0.0500)  grad_norm: 0.2900 (0.3937)  time: 0.8635  data: 0.0004  max mem: 35168
Epoch: [9]  [ 790/1416]  eta: 0:09:13  lr: 0.000237  min_lr: 0.000237  loss: 0.1207 (0.1368)  reconst_loss: 0.0014 (0.0017)  code_loss: 0.1192 (0.1351)  weight_decay: 0.0500 (0.0500)  grad_norm: 0.2765 (0.3920)  time: 0.8639  data: 0.0003  max mem: 35168
Epoch: [9]  [ 800/1416]  eta: 0:09:04  lr: 0.000237  min_lr: 0.000237  loss: 0.1186 (0.1366)  reconst_loss: 0.0014 (0.0017)  code_loss: 0.1171 (0.1349)  weight_decay: 0.0500 (0.0500)  grad_norm: 0.2152 (0.3896)  time: 0.8616  data: 0.0004  max mem: 35168
Epoch: [9]  [ 810/1416]  eta: 0:08:55  lr: 0.000236  min_lr: 0.000236  loss: 0.1168 (0.1363)  reconst_loss: 0.0015 (0.0016)  code_loss: 0.1153 (0.1347)  weight_decay: 0.0500 (0.0500)  grad_norm: 0.1832 (0.3871)  time: 0.8611  data: 0.0003  max mem: 35168
Epoch: [9]  [ 820/1416]  eta: 0:08:46  lr: 0.000236  min_lr: 0.000236  loss: 0.1158 (0.1361)  reconst_loss: 0.0014 (0.0016)  code_loss: 0.1144 (0.1344)  weight_decay: 0.0500 (0.0500)  grad_norm: 0.1683 (0.3845)  time: 0.8651  data: 0.0003  max mem: 35168
Epoch: [9]  [ 830/1416]  eta: 0:08:37  lr: 0.000236  min_lr: 0.000236  loss: 0.1143 (0.1358)  reconst_loss: 0.0014 (0.0016)  code_loss: 0.1128 (0.1341)  weight_decay: 0.0500 (0.0500)  grad_norm: 0.2189 (0.3837)  time: 0.8629  data: 0.0004  max mem: 35168
Epoch: [9]  [ 840/1416]  eta: 0:08:28  lr: 0.000236  min_lr: 0.000236  loss: 0.1129 (0.1355)  reconst_loss: 0.0015 (0.0016)  code_loss: 0.1115 (0.1339)  weight_decay: 0.0500 (0.0500)  grad_norm: 0.2758 (0.3827)  time: 0.8580  data: 0.0005  max mem: 35168
Epoch: [9]  [ 850/1416]  eta: 0:08:19  lr: 0.000236  min_lr: 0.000236  loss: 0.1110 (0.1352)  reconst_loss: 0.0014 (0.0016)  code_loss: 0.1095 (0.1336)  weight_decay: 0.0500 (0.0500)  grad_norm: 0.2471 (0.3811)  time: 0.8623  data: 0.0004  max mem: 35168
Epoch: [9]  [ 860/1416]  eta: 0:08:10  lr: 0.000235  min_lr: 0.000235  loss: 0.1084 (0.1349)  reconst_loss: 0.0013 (0.0016)  code_loss: 0.1070 (0.1332)  weight_decay: 0.0500 (0.0500)  grad_norm: 0.2454 (0.3796)  time: 0.8624  data: 0.0006  max mem: 35168
Epoch: [9]  [ 870/1416]  eta: 0:08:01  lr: 0.000235  min_lr: 0.000235  loss: 0.1069 (0.1346)  reconst_loss: 0.0014 (0.0016)  code_loss: 0.1054 (0.1329)  weight_decay: 0.0500 (0.0500)  grad_norm: 0.2295 (0.3778)  time: 0.8625  data: 0.0007  max mem: 35168
Epoch: [9]  [ 880/1416]  eta: 0:07:52  lr: 0.000235  min_lr: 0.000235  loss: 0.1053 (0.1342)  reconst_loss: 0.0014 (0.0016)  code_loss: 0.1040 (0.1326)  weight_decay: 0.0500 (0.0500)  grad_norm: 0.2129 (0.3758)  time: 0.8650  data: 0.0005  max mem: 35168
Epoch: [9]  [ 890/1416]  eta: 0:07:43  lr: 0.000235  min_lr: 0.000235  loss: 0.1038 (0.1339)  reconst_loss: 0.0014 (0.0016)  code_loss: 0.1025 (0.1322)  weight_decay: 0.0500 (0.0500)  grad_norm: 0.2197 (0.3750)  time: 0.8622  data: 0.0005  max mem: 35168
Epoch: [9]  [ 900/1416]  eta: 0:07:34  lr: 0.000235  min_lr: 0.000235  loss: 0.1027 (0.1335)  reconst_loss: 0.0014 (0.0016)  code_loss: 0.1012 (0.1319)  weight_decay: 0.0500 (0.0500)  grad_norm: 0.2794 (0.3737)  time: 0.8628  data: 0.0004  max mem: 35168
Epoch: [9]  [ 910/1416]  eta: 0:07:25  lr: 0.000235  min_lr: 0.000235  loss: 0.1008 (0.1331)  reconst_loss: 0.0014 (0.0016)  code_loss: 0.0995 (0.1315)  weight_decay: 0.0500 (0.0500)  grad_norm: 0.2677 (0.3726)  time: 0.8612  data: 0.0004  max mem: 35168
Epoch: [9]  [ 920/1416]  eta: 0:07:16  lr: 0.000234  min_lr: 0.000234  loss: 0.0988 (0.1328)  reconst_loss: 0.0015 (0.0016)  code_loss: 0.0973 (0.1311)  weight_decay: 0.0500 (0.0500)  grad_norm: 0.2730 (0.3717)  time: 0.8605  data: 0.0005  max mem: 35168
Epoch: [9]  [ 930/1416]  eta: 0:07:07  lr: 0.000234  min_lr: 0.000234  loss: 0.0971 (0.1324)  reconst_loss: 0.0015 (0.0016)  code_loss: 0.0956 (0.1307)  weight_decay: 0.0500 (0.0500)  grad_norm: 0.2831 (0.3707)  time: 0.8602  data: 0.0003  max mem: 35168
Epoch: [9]  [ 940/1416]  eta: 0:06:59  lr: 0.000234  min_lr: 0.000234  loss: 0.0952 (0.1320)  reconst_loss: 0.0014 (0.0016)  code_loss: 0.0939 (0.1303)  weight_decay: 0.0500 (0.0500)  grad_norm: 0.2638 (0.3696)  time: 0.8593  data: 0.0004  max mem: 35168
Epoch: [9]  [ 950/1416]  eta: 0:06:50  lr: 0.000234  min_lr: 0.000234  loss: 0.0937 (0.1316)  reconst_loss: 0.0014 (0.0016)  code_loss: 0.0922 (0.1299)  weight_decay: 0.0500 (0.0500)  grad_norm: 0.2591 (0.3684)  time: 0.8639  data: 0.0005  max mem: 35168
Epoch: [9]  [ 960/1416]  eta: 0:06:41  lr: 0.000234  min_lr: 0.000234  loss: 0.0919 (0.1311)  reconst_loss: 0.0014 (0.0016)  code_loss: 0.0904 (0.1295)  weight_decay: 0.0500 (0.0500)  grad_norm: 0.2497 (0.3669)  time: 0.8651  data: 0.0004  max mem: 35168
Epoch: [9]  [ 970/1416]  eta: 0:06:32  lr: 0.000233  min_lr: 0.000233  loss: 0.0900 (0.1307)  reconst_loss: 0.0014 (0.0016)  code_loss: 0.0886 (0.1291)  weight_decay: 0.0500 (0.0500)  grad_norm: 0.2417 (0.3658)  time: 0.8663  data: 0.0003  max mem: 35168
Epoch: [9]  [ 980/1416]  eta: 0:06:23  lr: 0.000233  min_lr: 0.000233  loss: 0.0882 (0.1303)  reconst_loss: 0.0014 (0.0016)  code_loss: 0.0868 (0.1287)  weight_decay: 0.0500 (0.0500)  grad_norm: 0.2536 (0.3646)  time: 0.8654  data: 0.0005  max mem: 35168
Epoch: [9]  [ 990/1416]  eta: 0:06:14  lr: 0.000233  min_lr: 0.000233  loss: 0.0867 (0.1298)  reconst_loss: 0.0014 (0.0016)  code_loss: 0.0854 (0.1282)  weight_decay: 0.0500 (0.0500)  grad_norm: 0.2532 (0.3637)  time: 0.8609  data: 0.0005  max mem: 35168
Epoch: [9]  [1000/1416]  eta: 0:06:05  lr: 0.000233  min_lr: 0.000233  loss: 0.0858 (0.1294)  reconst_loss: 0.0014 (0.0016)  code_loss: 0.0845 (0.1278)  weight_decay: 0.0500 (0.0500)  grad_norm: 0.2593 (0.3627)  time: 0.8634  data: 0.0004  max mem: 35168
Epoch: [9]  [1010/1416]  eta: 0:05:56  lr: 0.000233  min_lr: 0.000233  loss: 0.0841 (0.1289)  reconst_loss: 0.0013 (0.0016)  code_loss: 0.0827 (0.1273)  weight_decay: 0.0500 (0.0500)  grad_norm: 0.2405 (0.3614)  time: 0.8648  data: 0.0004  max mem: 35168
Epoch: [9]  [1020/1416]  eta: 0:05:48  lr: 0.000232  min_lr: 0.000232  loss: 0.0828 (0.1285)  reconst_loss: 0.0014 (0.0016)  code_loss: 0.0815 (0.1269)  weight_decay: 0.0500 (0.0500)  grad_norm: 0.2349 (0.3607)  time: 0.8616  data: 0.0003  max mem: 35168
Epoch: [9]  [1030/1416]  eta: 0:05:39  lr: 0.000232  min_lr: 0.000232  loss: 0.0816 (0.1280)  reconst_loss: 0.0014 (0.0016)  code_loss: 0.0802 (0.1264)  weight_decay: 0.0500 (0.0500)  grad_norm: 0.2671 (0.3602)  time: 0.8611  data: 0.0003  max mem: 35168
Epoch: [9]  [1040/1416]  eta: 0:05:30  lr: 0.000232  min_lr: 0.000232  loss: 0.0816 (0.1279)  reconst_loss: 0.0015 (0.0016)  code_loss: 0.0801 (0.1263)  weight_decay: 0.0500 (0.0500)  grad_norm: 0.6109 (0.3945)  time: 0.8673  data: 0.0004  max mem: 35168
Epoch: [9]  [1050/1416]  eta: 0:05:21  lr: 0.000232  min_lr: 0.000232  loss: 0.0939 (0.1276)  reconst_loss: 0.0040 (0.0016)  code_loss: 0.0896 (0.1259)  weight_decay: 0.0500 (0.0500)  grad_norm: 3.0843 (0.4237)  time: 0.8637  data: 0.0004  max mem: 35168
Epoch: [9]  [1060/1416]  eta: 0:05:12  lr: 0.000232  min_lr: 0.000232  loss: 0.0834 (0.1271)  reconst_loss: 0.0036 (0.0017)  code_loss: 0.0798 (0.1255)  weight_decay: 0.0500 (0.0500)  grad_norm: 1.7411 (0.4301)  time: 0.8617  data: 0.0005  max mem: 35168
Epoch: [9]  [1070/1416]  eta: 0:05:03  lr: 0.000232  min_lr: 0.000232  loss: 0.0798 (0.1267)  reconst_loss: 0.0027 (0.0017)  code_loss: 0.0768 (0.1250)  weight_decay: 0.0500 (0.0500)  grad_norm: 0.6989 (0.4310)  time: 0.8671  data: 0.0006  max mem: 35168
Epoch: [9]  [1080/1416]  eta: 0:04:55  lr: 0.000231  min_lr: 0.000231  loss: 0.0783 (0.1262)  reconst_loss: 0.0024 (0.0017)  code_loss: 0.0758 (0.1246)  weight_decay: 0.0500 (0.0500)  grad_norm: 0.3788 (0.4299)  time: 0.8631  data: 0.0005  max mem: 35168
Epoch: [9]  [1090/1416]  eta: 0:04:46  lr: 0.000231  min_lr: 0.000231  loss: 0.0778 (0.1258)  reconst_loss: 0.0023 (0.0017)  code_loss: 0.0755 (0.1241)  weight_decay: 0.0500 (0.0500)  grad_norm: 0.2730 (0.4284)  time: 0.8633  data: 0.0008  max mem: 35168
Epoch: [9]  [1100/1416]  eta: 0:04:37  lr: 0.000231  min_lr: 0.000231  loss: 0.0773 (0.1254)  reconst_loss: 0.0021 (0.0017)  code_loss: 0.0753 (0.1237)  weight_decay: 0.0500 (0.0500)  grad_norm: 0.2314 (0.4263)  time: 0.8637  data: 0.0008  max mem: 35168
Epoch: [9]  [1110/1416]  eta: 0:04:28  lr: 0.000231  min_lr: 0.000231  loss: 0.0771 (0.1249)  reconst_loss: 0.0021 (0.0017)  code_loss: 0.0750 (0.1232)  weight_decay: 0.0500 (0.0500)  grad_norm: 0.2314 (0.4267)  time: 0.8626  data: 0.0004  max mem: 35168
Epoch: [9]  [1120/1416]  eta: 0:04:19  lr: 0.000231  min_lr: 0.000231  loss: 0.0766 (0.1245)  reconst_loss: 0.0020 (0.0017)  code_loss: 0.0746 (0.1228)  weight_decay: 0.0500 (0.0500)  grad_norm: 0.3552 (0.4261)  time: 0.8659  data: 0.0003  max mem: 35168
Epoch: [9]  [1130/1416]  eta: 0:04:10  lr: 0.000230  min_lr: 0.000230  loss: 0.0762 (0.1241)  reconst_loss: 0.0018 (0.0017)  code_loss: 0.0744 (0.1224)  weight_decay: 0.0500 (0.0500)  grad_norm: 0.2714 (0.4245)  time: 0.8625  data: 0.0003  max mem: 35168
Epoch: [9]  [1140/1416]  eta: 0:04:02  lr: 0.000230  min_lr: 0.000230  loss: 0.0765 (0.1236)  reconst_loss: 0.0018 (0.0017)  code_loss: 0.0747 (0.1220)  weight_decay: 0.0500 (0.0500)  grad_norm: 0.2670 (0.4238)  time: 0.8620  data: 0.0004  max mem: 35168
Epoch: [9]  [1150/1416]  eta: 0:03:53  lr: 0.000230  min_lr: 0.000230  loss: 0.0769 (0.1232)  reconst_loss: 0.0018 (0.0017)  code_loss: 0.0751 (0.1216)  weight_decay: 0.0500 (0.0500)  grad_norm: 0.4185 (0.4241)  time: 0.8649  data: 0.0004  max mem: 35168
Epoch: [9]  [1160/1416]  eta: 0:03:44  lr: 0.000230  min_lr: 0.000230  loss: 0.0768 (0.1228)  reconst_loss: 0.0017 (0.0017)  code_loss: 0.0751 (0.1212)  weight_decay: 0.0500 (0.0500)  grad_norm: 0.4067 (0.4238)  time: 0.8610  data: 0.0005  max mem: 35168
Epoch: [9]  [1170/1416]  eta: 0:03:35  lr: 0.000230  min_lr: 0.000230  loss: 0.0769 (0.1225)  reconst_loss: 0.0016 (0.0017)  code_loss: 0.0752 (0.1208)  weight_decay: 0.0500 (0.0500)  grad_norm: 0.2610 (0.4222)  time: 0.8633  data: 0.0005  max mem: 35168
Epoch: [9]  [1180/1416]  eta: 0:03:26  lr: 0.000229  min_lr: 0.000229  loss: 0.0780 (0.1221)  reconst_loss: 0.0016 (0.0017)  code_loss: 0.0764 (0.1204)  weight_decay: 0.0500 (0.0500)  grad_norm: 0.2291 (0.4205)  time: 0.8687  data: 0.0004  max mem: 35168
Epoch: [9]  [1190/1416]  eta: 0:03:18  lr: 0.000229  min_lr: 0.000229  loss: 0.0798 (0.1217)  reconst_loss: 0.0016 (0.0017)  code_loss: 0.0783 (0.1200)  weight_decay: 0.0500 (0.0500)  grad_norm: 0.2346 (0.4203)  time: 0.8694  data: 0.0004  max mem: 35168
Epoch: [9]  [1200/1416]  eta: 0:03:09  lr: 0.000229  min_lr: 0.000229  loss: 0.0811 (0.1214)  reconst_loss: 0.0016 (0.0017)  code_loss: 0.0795 (0.1197)  weight_decay: 0.0500 (0.0500)  grad_norm: 0.2445 (0.4185)  time: 0.8629  data: 0.0009  max mem: 35168
Epoch: [9]  [1210/1416]  eta: 0:03:00  lr: 0.000229  min_lr: 0.000229  loss: 0.0845 (0.1211)  reconst_loss: 0.0015 (0.0017)  code_loss: 0.0831 (0.1195)  weight_decay: 0.0500 (0.0500)  grad_norm: 0.1848 (0.4166)  time: 0.8524  data: 0.0008  max mem: 35168
Epoch: [9]  [1220/1416]  eta: 0:02:51  lr: 0.000229  min_lr: 0.000229  loss: 0.0897 (0.1209)  reconst_loss: 0.0015 (0.0017)  code_loss: 0.0882 (0.1192)  weight_decay: 0.0500 (0.0500)  grad_norm: 0.1795 (0.4148)  time: 0.8412  data: 0.0002  max mem: 35168
Epoch: [9]  [1230/1416]  eta: 0:02:42  lr: 0.000229  min_lr: 0.000229  loss: 0.0970 (0.1207)  reconst_loss: 0.0016 (0.0017)  code_loss: 0.0954 (0.1191)  weight_decay: 0.0500 (0.0500)  grad_norm: 0.2533 (0.4151)  time: 0.8382  data: 0.0001  max mem: 35168
Epoch: [9]  [1240/1416]  eta: 0:02:34  lr: 0.000228  min_lr: 0.000228  loss: 0.1032 (0.1206)  reconst_loss: 0.0015 (0.0017)  code_loss: 0.1017 (0.1189)  weight_decay: 0.0500 (0.0500)  grad_norm: 0.2870 (0.4138)  time: 0.8396  data: 0.0001  max mem: 35168
Epoch: [9]  [1250/1416]  eta: 0:02:25  lr: 0.000228  min_lr: 0.000228  loss: 0.1109 (0.1206)  reconst_loss: 0.0015 (0.0017)  code_loss: 0.1093 (0.1189)  weight_decay: 0.0500 (0.0500)  grad_norm: 0.2735 (0.4132)  time: 0.8399  data: 0.0001  max mem: 35168
Epoch: [9]  [1260/1416]  eta: 0:02:16  lr: 0.000228  min_lr: 0.000228  loss: 0.1196 (0.1206)  reconst_loss: 0.0015 (0.0017)  code_loss: 0.1182 (0.1189)  weight_decay: 0.0500 (0.0500)  grad_norm: 0.3064 (0.4126)  time: 0.8426  data: 0.0002  max mem: 35168
Epoch: [9]  [1270/1416]  eta: 0:02:07  lr: 0.000228  min_lr: 0.000228  loss: 0.1252 (0.1207)  reconst_loss: 0.0015 (0.0017)  code_loss: 0.1235 (0.1190)  weight_decay: 0.0500 (0.0500)  grad_norm: 0.3064 (0.4122)  time: 0.8394  data: 0.0002  max mem: 35168
Epoch: [9]  [1280/1416]  eta: 0:01:58  lr: 0.000228  min_lr: 0.000228  loss: 0.1292 (0.1207)  reconst_loss: 0.0015 (0.0017)  code_loss: 0.1276 (0.1191)  weight_decay: 0.0500 (0.0500)  grad_norm: 0.3045 (0.4113)  time: 0.8373  data: 0.0002  max mem: 35168
Epoch: [9]  [1290/1416]  eta: 0:01:50  lr: 0.000227  min_lr: 0.000227  loss: 0.1334 (0.1209)  reconst_loss: 0.0015 (0.0017)  code_loss: 0.1319 (0.1192)  weight_decay: 0.0500 (0.0500)  grad_norm: 0.3099 (0.4109)  time: 0.8346  data: 0.0001  max mem: 35168
Epoch: [9]  [1300/1416]  eta: 0:01:41  lr: 0.000227  min_lr: 0.000227  loss: 0.1397 (0.1211)  reconst_loss: 0.0015 (0.0017)  code_loss: 0.1382 (0.1194)  weight_decay: 0.0500 (0.0500)  grad_norm: 0.2188 (0.4092)  time: 0.8345  data: 0.0003  max mem: 35168
Epoch: [9]  [1310/1416]  eta: 0:01:32  lr: 0.000227  min_lr: 0.000227  loss: 0.1496 (0.1213)  reconst_loss: 0.0014 (0.0017)  code_loss: 0.1482 (0.1196)  weight_decay: 0.0500 (0.0500)  grad_norm: 0.2170 (0.4080)  time: 0.8372  data: 0.0003  max mem: 35168
Epoch: [9]  [1320/1416]  eta: 0:01:23  lr: 0.000227  min_lr: 0.000227  loss: 0.1563 (0.1216)  reconst_loss: 0.0014 (0.0017)  code_loss: 0.1549 (0.1199)  weight_decay: 0.0500 (0.0500)  grad_norm: 0.2444 (0.4067)  time: 0.8377  data: 0.0002  max mem: 35168
Epoch: [9]  [1330/1416]  eta: 0:01:15  lr: 0.000227  min_lr: 0.000227  loss: 0.1599 (0.1219)  reconst_loss: 0.0013 (0.0017)  code_loss: 0.1586 (0.1202)  weight_decay: 0.0500 (0.0500)  grad_norm: 0.2981 (0.4066)  time: 0.8423  data: 0.0002  max mem: 35168
Epoch: [9]  [1340/1416]  eta: 0:01:06  lr: 0.000226  min_lr: 0.000226  loss: 0.1626 (0.1222)  reconst_loss: 0.0014 (0.0017)  code_loss: 0.1612 (0.1205)  weight_decay: 0.0500 (0.0500)  grad_norm: 0.3674 (0.4063)  time: 0.8400  data: 0.0002  max mem: 35168
Epoch: [9]  [1350/1416]  eta: 0:00:57  lr: 0.000226  min_lr: 0.000226  loss: 0.1628 (0.1225)  reconst_loss: 0.0014 (0.0017)  code_loss: 0.1613 (0.1208)  weight_decay: 0.0500 (0.0500)  grad_norm: 0.3602 (0.4059)  time: 0.8352  data: 0.0002  max mem: 35168
Epoch: [9]  [1360/1416]  eta: 0:00:48  lr: 0.000226  min_lr: 0.000226  loss: 0.1621 (0.1228)  reconst_loss: 0.0014 (0.0017)  code_loss: 0.1606 (0.1211)  weight_decay: 0.0500 (0.0500)  grad_norm: 0.3268 (0.4049)  time: 0.8390  data: 0.0002  max mem: 35168
Epoch: [9]  [1370/1416]  eta: 0:00:40  lr: 0.000226  min_lr: 0.000226  loss: 0.1586 (0.1230)  reconst_loss: 0.0014 (0.0017)  code_loss: 0.1572 (0.1214)  weight_decay: 0.0500 (0.0500)  grad_norm: 0.2263 (0.4035)  time: 0.8403  data: 0.0002  max mem: 35168
Epoch: [9]  [1380/1416]  eta: 0:00:31  lr: 0.000226  min_lr: 0.000226  loss: 0.1574 (0.1233)  reconst_loss: 0.0014 (0.0017)  code_loss: 0.1560 (0.1216)  weight_decay: 0.0500 (0.0500)  grad_norm: 0.1818 (0.4017)  time: 0.8388  data: 0.0002  max mem: 35168
Epoch: [9]  [1390/1416]  eta: 0:00:22  lr: 0.000225  min_lr: 0.000225  loss: 0.1570 (0.1235)  reconst_loss: 0.0014 (0.0017)  code_loss: 0.1557 (0.1219)  weight_decay: 0.0500 (0.0500)  grad_norm: 0.1609 (0.4007)  time: 0.8362  data: 0.0002  max mem: 35168
Epoch: [9]  [1400/1416]  eta: 0:00:13  lr: 0.000225  min_lr: 0.000225  loss: 0.1560 (0.1237)  reconst_loss: 0.0014 (0.0017)  code_loss: 0.1542 (0.1221)  weight_decay: 0.0500 (0.0500)  grad_norm: 0.2827 (0.4005)  time: 0.8368  data: 0.0002  max mem: 35168
Epoch: [9]  [1410/1416]  eta: 0:00:05  lr: 0.000225  min_lr: 0.000225  loss: 0.1538 (0.1239)  reconst_loss: 0.0015 (0.0017)  code_loss: 0.1523 (0.1223)  weight_decay: 0.0500 (0.0500)  grad_norm: 0.3285 (0.4001)  time: 0.8378  data: 0.0001  max mem: 35168
Epoch: [9]  [1415/1416]  eta: 0:00:00  lr: 0.000225  min_lr: 0.000225  loss: 0.1529 (0.1240)  reconst_loss: 0.0015 (0.0017)  code_loss: 0.1515 (0.1224)  weight_decay: 0.0500 (0.0500)  grad_norm: 0.3090 (0.3998)  time: 0.8385  data: 0.0002  max mem: 35168
Epoch: [9] Total time: 0:20:34 (0.8720 s / it)
Averaged stats: lr: 0.000225  min_lr: 0.000225  loss: 0.1529 (0.1240)  reconst_loss: 0.0015 (0.0017)  code_loss: 0.1515 (0.1224)  weight_decay: 0.0500 (0.0500)  grad_norm: 0.3090 (0.3998)
[Eval]   [0/5]  eta: 0:00:22  loss: 0.0017 (0.0017)  reconst_loss: 0.0017 (0.0017)  code_loss: 0.0000 (0.0000)  time: 4.5410  data: 4.0464  max mem: 35168
[Eval]   [4/5]  eta: 0:00:01  loss: 0.0018 (0.0018)  reconst_loss: 0.0018 (0.0018)  code_loss: 0.0000 (0.0000)  time: 1.2096  data: 0.8094  max mem: 35168
[Eval]  Total time: 0:00:06 (1.2524 s / it)
Eval averaged stats: loss: 0.0018 (0.0018)  reconst_loss: 0.0018 (0.0018)  code_loss: 0.0000 (0.0000)
[Eval] Image metrics @224:  [0/5]  eta: 0:01:37    time: 19.4676  data: 4.7144  max mem: 35168
[Eval] Image metrics @224:  [4/5]  eta: 0:00:13    time: 13.8373  data: 0.9434  max mem: 35168
[Eval] Image metrics @224: Total time: 0:01:10 (14.0079 s / it)
[Eval]  Generation results: [Eval] MSE@224: 0.0035 (0.0035)  [Eval] MAE@224: 0.0327 (0.0327)  [Eval] PSNR@224: 24.5479 (24.5479)  [Eval] MS-SSIM@224: 0.9765 (0.9765)  [Eval] CodebookUsage@224: 0.4077 (0.4077)
Logged 1 eval images @ res 224
Epoch: [10]  [   0/1416]  eta: 7:06:35  lr: 0.000225  min_lr: 0.000225  loss: 0.1507 (0.1507)  reconst_loss: 0.0014 (0.0014)  code_loss: 0.1494 (0.1494)  weight_decay: 0.0500 (0.0500)  grad_norm: 0.3145 (0.3145)  time: 18.0757  data: 16.9092  max mem: 35168
Epoch: [10]  [  10/1416]  eta: 0:57:13  lr: 0.000225  min_lr: 0.000225  loss: 0.1491 (0.1491)  reconst_loss: 0.0014 (0.0014)  code_loss: 0.1477 (0.1477)  weight_decay: 0.0500 (0.0500)  grad_norm: 0.2670 (0.2741)  time: 2.4420  data: 1.5376  max mem: 35168
Epoch: [10]  [  20/1416]  eta: 0:39:24  lr: 0.000225  min_lr: 0.000225  loss: 0.1476 (0.1479)  reconst_loss: 0.0013 (0.0013)  code_loss: 0.1463 (0.1465)  weight_decay: 0.0500 (0.0500)  grad_norm: 0.2254 (0.2447)  time: 0.8750  data: 0.0004  max mem: 35168
Epoch: [10]  [  30/1416]  eta: 0:32:53  lr: 0.000224  min_lr: 0.000224  loss: 0.1453 (0.1468)  reconst_loss: 0.0013 (0.0013)  code_loss: 0.1440 (0.1454)  weight_decay: 0.0500 (0.0500)  grad_norm: 0.2112 (0.2326)  time: 0.8644  data: 0.0004  max mem: 35168
Epoch: [10]  [  40/1416]  eta: 0:29:32  lr: 0.000224  min_lr: 0.000224  loss: 0.1431 (0.1457)  reconst_loss: 0.0014 (0.0014)  code_loss: 0.1418 (0.1444)  weight_decay: 0.0500 (0.0500)  grad_norm: 0.2035 (0.2270)  time: 0.8623  data: 0.0003  max mem: 35168
Epoch: [10]  [  50/1416]  eta: 0:27:27  lr: 0.000224  min_lr: 0.000224  loss: 0.1413 (0.1447)  reconst_loss: 0.0013 (0.0013)  code_loss: 0.1401 (0.1433)  weight_decay: 0.0500 (0.0500)  grad_norm: 0.2178 (0.2295)  time: 0.8675  data: 0.0003  max mem: 35168
Epoch: [10]  [  60/1416]  eta: 0:25:57  lr: 0.000224  min_lr: 0.000224  loss: 0.1390 (0.1436)  reconst_loss: 0.0013 (0.0013)  code_loss: 0.1376 (0.1422)  weight_decay: 0.0500 (0.0500)  grad_norm: 0.2160 (0.2245)  time: 0.8624  data: 0.0004  max mem: 35168
Epoch: [10]  [  70/1416]  eta: 0:24:51  lr: 0.000224  min_lr: 0.000224  loss: 0.1365 (0.1425)  reconst_loss: 0.0013 (0.0013)  code_loss: 0.1351 (0.1411)  weight_decay: 0.0500 (0.0500)  grad_norm: 0.2085 (0.2314)  time: 0.8583  data: 0.0009  max mem: 35168
Epoch: [10]  [  80/1416]  eta: 0:23:59  lr: 0.000223  min_lr: 0.000223  loss: 0.1347 (0.1414)  reconst_loss: 0.0014 (0.0014)  code_loss: 0.1333 (0.1401)  weight_decay: 0.0500 (0.0500)  grad_norm: 0.2435 (0.2372)  time: 0.8618  data: 0.0008  max mem: 35168
Epoch: [10]  [  90/1416]  eta: 0:23:17  lr: 0.000223  min_lr: 0.000223  loss: 0.1324 (0.1403)  reconst_loss: 0.0014 (0.0014)  code_loss: 0.1309 (0.1389)  weight_decay: 0.0500 (0.0500)  grad_norm: 0.2320 (0.2341)  time: 0.8629  data: 0.0005  max mem: 35168
Epoch: [10]  [ 100/1416]  eta: 0:22:41  lr: 0.000223  min_lr: 0.000223  loss: 0.1299 (0.1391)  reconst_loss: 0.0013 (0.0014)  code_loss: 0.1286 (0.1378)  weight_decay: 0.0500 (0.0500)  grad_norm: 0.1831 (0.2277)  time: 0.8577  data: 0.0007  max mem: 35168
Epoch: [10]  [ 110/1416]  eta: 0:22:10  lr: 0.000223  min_lr: 0.000223  loss: 0.1280 (0.1381)  reconst_loss: 0.0013 (0.0014)  code_loss: 0.1267 (0.1367)  weight_decay: 0.0500 (0.0500)  grad_norm: 0.1647 (0.2235)  time: 0.8577  data: 0.0008  max mem: 35168
Epoch: [10]  [ 120/1416]  eta: 0:21:42  lr: 0.000223  min_lr: 0.000223  loss: 0.1262 (0.1370)  reconst_loss: 0.0013 (0.0013)  code_loss: 0.1249 (0.1357)  weight_decay: 0.0500 (0.0500)  grad_norm: 0.1750 (0.2208)  time: 0.8591  data: 0.0005  max mem: 35168
Epoch: [10]  [ 130/1416]  eta: 0:21:18  lr: 0.000222  min_lr: 0.000222  loss: 0.1245 (0.1360)  reconst_loss: 0.0013 (0.0013)  code_loss: 0.1232 (0.1347)  weight_decay: 0.0500 (0.0500)  grad_norm: 0.1965 (0.2190)  time: 0.8566  data: 0.0003  max mem: 35168
Epoch: [10]  [ 140/1416]  eta: 0:20:56  lr: 0.000222  min_lr: 0.000222  loss: 0.1223 (0.1350)  reconst_loss: 0.0013 (0.0013)  code_loss: 0.1211 (0.1336)  weight_decay: 0.0500 (0.0500)  grad_norm: 0.2437 (0.2239)  time: 0.8595  data: 0.0003  max mem: 35168
Epoch: [10]  [ 150/1416]  eta: 0:20:36  lr: 0.000222  min_lr: 0.000222  loss: 0.1206 (0.1340)  reconst_loss: 0.0013 (0.0013)  code_loss: 0.1190 (0.1326)  weight_decay: 0.0500 (0.0500)  grad_norm: 0.2542 (0.2236)  time: 0.8626  data: 0.0003  max mem: 35168
Epoch: [10]  [ 160/1416]  eta: 0:20:17  lr: 0.000222  min_lr: 0.000222  loss: 0.1181 (0.1329)  reconst_loss: 0.0013 (0.0013)  code_loss: 0.1165 (0.1316)  weight_decay: 0.0500 (0.0500)  grad_norm: 0.2175 (0.2253)  time: 0.8604  data: 0.0003  max mem: 35168
Epoch: [10]  [ 170/1416]  eta: 0:19:59  lr: 0.000222  min_lr: 0.000222  loss: 0.1161 (0.1319)  reconst_loss: 0.0013 (0.0013)  code_loss: 0.1147 (0.1305)  weight_decay: 0.0500 (0.0500)  grad_norm: 0.2257 (0.2261)  time: 0.8593  data: 0.0003  max mem: 35168
Epoch: [10]  [ 180/1416]  eta: 0:19:43  lr: 0.000222  min_lr: 0.000222  loss: 0.1143 (0.1309)  reconst_loss: 0.0013 (0.0013)  code_loss: 0.1129 (0.1295)  weight_decay: 0.0500 (0.0500)  grad_norm: 0.2255 (0.2254)  time: 0.8621  data: 0.0003  max mem: 35168
Epoch: [10]  [ 190/1416]  eta: 0:19:27  lr: 0.000221  min_lr: 0.000221  loss: 0.1130 (0.1299)  reconst_loss: 0.0013 (0.0013)  code_loss: 0.1116 (0.1286)  weight_decay: 0.0500 (0.0500)  grad_norm: 0.2299 (0.2263)  time: 0.8634  data: 0.0004  max mem: 35168
Epoch: [10]  [ 200/1416]  eta: 0:19:12  lr: 0.000221  min_lr: 0.000221  loss: 0.1116 (0.1290)  reconst_loss: 0.0013 (0.0013)  code_loss: 0.1102 (0.1276)  weight_decay: 0.0500 (0.0500)  grad_norm: 0.2299 (0.2265)  time: 0.8641  data: 0.0004  max mem: 35168
Epoch: [10]  [ 210/1416]  eta: 0:18:58  lr: 0.000221  min_lr: 0.000221  loss: 0.1099 (0.1280)  reconst_loss: 0.0013 (0.0013)  code_loss: 0.1085 (0.1267)  weight_decay: 0.0500 (0.0500)  grad_norm: 0.2202 (0.2267)  time: 0.8623  data: 0.0005  max mem: 35168
Epoch: [10]  [ 220/1416]  eta: 0:18:44  lr: 0.000221  min_lr: 0.000221  loss: 0.1080 (0.1271)  reconst_loss: 0.0013 (0.0013)  code_loss: 0.1068 (0.1257)  weight_decay: 0.0500 (0.0500)  grad_norm: 0.2442 (0.2286)  time: 0.8615  data: 0.0006  max mem: 35168
Epoch: [10]  [ 230/1416]  eta: 0:18:31  lr: 0.000221  min_lr: 0.000221  loss: 0.1061 (0.1261)  reconst_loss: 0.0014 (0.0013)  code_loss: 0.1047 (0.1248)  weight_decay: 0.0500 (0.0500)  grad_norm: 0.3032 (0.2330)  time: 0.8662  data: 0.0005  max mem: 35168
Epoch: [10]  [ 240/1416]  eta: 0:18:18  lr: 0.000220  min_lr: 0.000220  loss: 0.1053 (0.1253)  reconst_loss: 0.0015 (0.0014)  code_loss: 0.1038 (0.1239)  weight_decay: 0.0500 (0.0500)  grad_norm: 0.3588 (0.2522)  time: 0.8686  data: 0.0006  max mem: 35168
Epoch: [10]  [ 250/1416]  eta: 0:18:05  lr: 0.000220  min_lr: 0.000220  loss: 0.1098 (0.1259)  reconst_loss: 0.0024 (0.0015)  code_loss: 0.1074 (0.1244)  weight_decay: 0.0500 (0.0500)  grad_norm: 1.6486 (0.4707)  time: 0.8613  data: 0.0005  max mem: 35168
Epoch: [10]  [ 260/1416]  eta: 0:17:53  lr: 0.000220  min_lr: 0.000220  loss: 0.1117 (0.1250)  reconst_loss: 0.0035 (0.0015)  code_loss: 0.1087 (0.1235)  weight_decay: 0.0500 (0.0500)  grad_norm: 3.8373 (0.5417)  time: 0.8578  data: 0.0006  max mem: 35168
Epoch: [10]  [ 270/1416]  eta: 0:17:41  lr: 0.000220  min_lr: 0.000220  loss: 0.0962 (0.1239)  reconst_loss: 0.0029 (0.0016)  code_loss: 0.0935 (0.1223)  weight_decay: 0.0500 (0.0500)  grad_norm: 0.8388 (0.5405)  time: 0.8644  data: 0.0006  max mem: 35168
Epoch: [10]  [ 280/1416]  eta: 0:17:29  lr: 0.000220  min_lr: 0.000220  loss: 0.0926 (0.1227)  reconst_loss: 0.0023 (0.0016)  code_loss: 0.0905 (0.1211)  weight_decay: 0.0500 (0.0500)  grad_norm: 0.3123 (0.5303)  time: 0.8666  data: 0.0003  max mem: 35168
Epoch: [10]  [ 290/1416]  eta: 0:17:18  lr: 0.000219  min_lr: 0.000219  loss: 0.0905 (0.1216)  reconst_loss: 0.0021 (0.0016)  code_loss: 0.0883 (0.1200)  weight_decay: 0.0500 (0.0500)  grad_norm: 0.2102 (0.5180)  time: 0.8642  data: 0.0005  max mem: 35168
Epoch: [10]  [ 300/1416]  eta: 0:17:06  lr: 0.000219  min_lr: 0.000219  loss: 0.0877 (0.1204)  reconst_loss: 0.0018 (0.0016)  code_loss: 0.0859 (0.1188)  weight_decay: 0.0500 (0.0500)  grad_norm: 0.1593 (0.5061)  time: 0.8639  data: 0.0005  max mem: 35168
Epoch: [10]  [ 310/1416]  eta: 0:16:55  lr: 0.000219  min_lr: 0.000219  loss: 0.0858 (0.1193)  reconst_loss: 0.0018 (0.0016)  code_loss: 0.0840 (0.1177)  weight_decay: 0.0500 (0.0500)  grad_norm: 0.1379 (0.4938)  time: 0.8637  data: 0.0004  max mem: 35168
Epoch: [10]  [ 320/1416]  eta: 0:16:44  lr: 0.000219  min_lr: 0.000219  loss: 0.0841 (0.1182)  reconst_loss: 0.0017 (0.0016)  code_loss: 0.0823 (0.1165)  weight_decay: 0.0500 (0.0500)  grad_norm: 0.1523 (0.4901)  time: 0.8657  data: 0.0004  max mem: 35168
Epoch: [10]  [ 330/1416]  eta: 0:16:33  lr: 0.000219  min_lr: 0.000219  loss: 0.0829 (0.1171)  reconst_loss: 0.0016 (0.0016)  code_loss: 0.0812 (0.1155)  weight_decay: 0.0500 (0.0500)  grad_norm: 0.6022 (0.5000)  time: 0.8664  data: 0.0005  max mem: 35168
Epoch: [10]  [ 340/1416]  eta: 0:16:23  lr: 0.000218  min_lr: 0.000218  loss: 0.0815 (0.1160)  reconst_loss: 0.0016 (0.0016)  code_loss: 0.0799 (0.1144)  weight_decay: 0.0500 (0.0500)  grad_norm: 0.7668 (0.5076)  time: 0.8643  data: 0.0005  max mem: 35168
Epoch: [10]  [ 350/1416]  eta: 0:16:12  lr: 0.000218  min_lr: 0.000218  loss: 0.0801 (0.1150)  reconst_loss: 0.0015 (0.0016)  code_loss: 0.0785 (0.1134)  weight_decay: 0.0500 (0.0500)  grad_norm: 0.5702 (0.5031)  time: 0.8646  data: 0.0003  max mem: 35168
Epoch: [10]  [ 360/1416]  eta: 0:16:01  lr: 0.000218  min_lr: 0.000218  loss: 0.0791 (0.1140)  reconst_loss: 0.0015 (0.0016)  code_loss: 0.0776 (0.1124)  weight_decay: 0.0500 (0.0500)  grad_norm: 0.2359 (0.4949)  time: 0.8666  data: 0.0003  max mem: 35168
Epoch: [10]  [ 370/1416]  eta: 0:15:51  lr: 0.000218  min_lr: 0.000218  loss: 0.0785 (0.1130)  reconst_loss: 0.0014 (0.0016)  code_loss: 0.0769 (0.1114)  weight_decay: 0.0500 (0.0500)  grad_norm: 0.1938 (0.4862)  time: 0.8658  data: 0.0004  max mem: 35168
Epoch: [10]  [ 380/1416]  eta: 0:15:41  lr: 0.000218  min_lr: 0.000218  loss: 0.0781 (0.1121)  reconst_loss: 0.0015 (0.0016)  code_loss: 0.0767 (0.1105)  weight_decay: 0.0500 (0.0500)  grad_norm: 0.1466 (0.4771)  time: 0.8611  data: 0.0003  max mem: 35168
Epoch: [10]  [ 390/1416]  eta: 0:15:30  lr: 0.000217  min_lr: 0.000217  loss: 0.0781 (0.1112)  reconst_loss: 0.0015 (0.0016)  code_loss: 0.0766 (0.1096)  weight_decay: 0.0500 (0.0500)  grad_norm: 0.1563 (0.4732)  time: 0.8572  data: 0.0003  max mem: 35168
Epoch: [10]  [ 400/1416]  eta: 0:15:20  lr: 0.000217  min_lr: 0.000217  loss: 0.0782 (0.1104)  reconst_loss: 0.0014 (0.0016)  code_loss: 0.0767 (0.1088)  weight_decay: 0.0500 (0.0500)  grad_norm: 0.1608 (0.4652)  time: 0.8570  data: 0.0004  max mem: 35168
Epoch: [10]  [ 410/1416]  eta: 0:15:10  lr: 0.000217  min_lr: 0.000217  loss: 0.0793 (0.1097)  reconst_loss: 0.0014 (0.0016)  code_loss: 0.0778 (0.1081)  weight_decay: 0.0500 (0.0500)  grad_norm: 0.1421 (0.4573)  time: 0.8597  data: 0.0006  max mem: 35168
Epoch: [10]  [ 420/1416]  eta: 0:14:59  lr: 0.000217  min_lr: 0.000217  loss: 0.0804 (0.1090)  reconst_loss: 0.0014 (0.0016)  code_loss: 0.0791 (0.1074)  weight_decay: 0.0500 (0.0500)  grad_norm: 0.1636 (0.4521)  time: 0.8590  data: 0.0006  max mem: 35168
Epoch: [10]  [ 430/1416]  eta: 0:14:49  lr: 0.000217  min_lr: 0.000217  loss: 0.0819 (0.1084)  reconst_loss: 0.0014 (0.0016)  code_loss: 0.0804 (0.1068)  weight_decay: 0.0500 (0.0500)  grad_norm: 0.2488 (0.4500)  time: 0.8600  data: 0.0005  max mem: 35168
Epoch: [10]  [ 440/1416]  eta: 0:14:40  lr: 0.000216  min_lr: 0.000216  loss: 0.0843 (0.1079)  reconst_loss: 0.0015 (0.0016)  code_loss: 0.0828 (0.1063)  weight_decay: 0.0500 (0.0500)  grad_norm: 0.3234 (0.4482)  time: 0.8623  data: 0.0004  max mem: 35168
Epoch: [10]  [ 450/1416]  eta: 0:14:30  lr: 0.000216  min_lr: 0.000216  loss: 0.0867 (0.1075)  reconst_loss: 0.0014 (0.0016)  code_loss: 0.0852 (0.1059)  weight_decay: 0.0500 (0.0500)  grad_norm: 0.2473 (0.4434)  time: 0.8582  data: 0.0003  max mem: 35168
Epoch: [10]  [ 460/1416]  eta: 0:14:20  lr: 0.000216  min_lr: 0.000216  loss: 0.0909 (0.1072)  reconst_loss: 0.0014 (0.0016)  code_loss: 0.0894 (0.1056)  weight_decay: 0.0500 (0.0500)  grad_norm: 0.2435 (0.4403)  time: 0.8564  data: 0.0003  max mem: 35168
Epoch: [10]  [ 470/1416]  eta: 0:14:10  lr: 0.000216  min_lr: 0.000216  loss: 0.0970 (0.1070)  reconst_loss: 0.0014 (0.0016)  code_loss: 0.0955 (0.1055)  weight_decay: 0.0500 (0.0500)  grad_norm: 0.4373 (0.4434)  time: 0.8601  data: 0.0003  max mem: 35168
Epoch: [10]  [ 480/1416]  eta: 0:14:00  lr: 0.000216  min_lr: 0.000216  loss: 0.1046 (0.1070)  reconst_loss: 0.0015 (0.0016)  code_loss: 0.1031 (0.1055)  weight_decay: 0.0500 (0.0500)  grad_norm: 0.4802 (0.4432)  time: 0.8658  data: 0.0003  max mem: 35168
Epoch: [10]  [ 490/1416]  eta: 0:13:51  lr: 0.000215  min_lr: 0.000215  loss: 0.1089 (0.1072)  reconst_loss: 0.0014 (0.0016)  code_loss: 0.1077 (0.1056)  weight_decay: 0.0500 (0.0500)  grad_norm: 0.3595 (0.4411)  time: 0.8645  data: 0.0003  max mem: 35168
Epoch: [10]  [ 500/1416]  eta: 0:13:41  lr: 0.000215  min_lr: 0.000215  loss: 0.1147 (0.1074)  reconst_loss: 0.0014 (0.0016)  code_loss: 0.1133 (0.1058)  weight_decay: 0.0500 (0.0500)  grad_norm: 0.2877 (0.4371)  time: 0.8586  data: 0.0003  max mem: 35168
Epoch: [10]  [ 510/1416]  eta: 0:13:31  lr: 0.000215  min_lr: 0.000215  loss: 0.1194 (0.1077)  reconst_loss: 0.0013 (0.0016)  code_loss: 0.1181 (0.1061)  weight_decay: 0.0500 (0.0500)  grad_norm: 0.2338 (0.4328)  time: 0.8611  data: 0.0003  max mem: 35168
Epoch: [10]  [ 520/1416]  eta: 0:13:22  lr: 0.000215  min_lr: 0.000215  loss: 0.1283 (0.1082)  reconst_loss: 0.0013 (0.0016)  code_loss: 0.1271 (0.1066)  weight_decay: 0.0500 (0.0500)  grad_norm: 0.2301 (0.4291)  time: 0.8587  data: 0.0003  max mem: 35168
Epoch: [10]  [ 530/1416]  eta: 0:13:12  lr: 0.000215  min_lr: 0.000215  loss: 0.1359 (0.1088)  reconst_loss: 0.0013 (0.0016)  code_loss: 0.1348 (0.1072)  weight_decay: 0.0500 (0.0500)  grad_norm: 0.2207 (0.4254)  time: 0.8539  data: 0.0003  max mem: 35168
Epoch: [10]  [ 540/1416]  eta: 0:13:03  lr: 0.000214  min_lr: 0.000214  loss: 0.1426 (0.1094)  reconst_loss: 0.0012 (0.0015)  code_loss: 0.1412 (0.1079)  weight_decay: 0.0500 (0.0500)  grad_norm: 0.2207 (0.4219)  time: 0.8615  data: 0.0003  max mem: 35168
Epoch: [10]  [ 550/1416]  eta: 0:12:53  lr: 0.000214  min_lr: 0.000214  loss: 0.1462 (0.1101)  reconst_loss: 0.0013 (0.0015)  code_loss: 0.1449 (0.1086)  weight_decay: 0.0500 (0.0500)  grad_norm: 0.2424 (0.4186)  time: 0.8658  data: 0.0003  max mem: 35168
Epoch: [10]  [ 560/1416]  eta: 0:12:44  lr: 0.000214  min_lr: 0.000214  loss: 0.1495 (0.1108)  reconst_loss: 0.0013 (0.0015)  code_loss: 0.1481 (0.1093)  weight_decay: 0.0500 (0.0500)  grad_norm: 0.2874 (0.4174)  time: 0.8629  data: 0.0002  max mem: 35168
Epoch: [10]  [ 570/1416]  eta: 0:12:34  lr: 0.000214  min_lr: 0.000214  loss: 0.1504 (0.1115)  reconst_loss: 0.0013 (0.0015)  code_loss: 0.1491 (0.1100)  weight_decay: 0.0500 (0.0500)  grad_norm: 0.3241 (0.4155)  time: 0.8625  data: 0.0003  max mem: 35168
Epoch: [10]  [ 580/1416]  eta: 0:12:25  lr: 0.000214  min_lr: 0.000214  loss: 0.1511 (0.1122)  reconst_loss: 0.0013 (0.0015)  code_loss: 0.1498 (0.1107)  weight_decay: 0.0500 (0.0500)  grad_norm: 0.2656 (0.4123)  time: 0.8605  data: 0.0004  max mem: 35168
Epoch: [10]  [ 590/1416]  eta: 0:12:16  lr: 0.000213  min_lr: 0.000213  loss: 0.1510 (0.1129)  reconst_loss: 0.0013 (0.0015)  code_loss: 0.1497 (0.1114)  weight_decay: 0.0500 (0.0500)  grad_norm: 0.2513 (0.4109)  time: 0.8612  data: 0.0004  max mem: 35168
Epoch: [10]  [ 600/1416]  eta: 0:12:06  lr: 0.000213  min_lr: 0.000213  loss: 0.1500 (0.1135)  reconst_loss: 0.0013 (0.0015)  code_loss: 0.1487 (0.1120)  weight_decay: 0.0500 (0.0500)  grad_norm: 0.3039 (0.4091)  time: 0.8636  data: 0.0004  max mem: 35168
Epoch: [10]  [ 610/1416]  eta: 0:11:57  lr: 0.000213  min_lr: 0.000213  loss: 0.1490 (0.1141)  reconst_loss: 0.0012 (0.0015)  code_loss: 0.1478 (0.1125)  weight_decay: 0.0500 (0.0500)  grad_norm: 0.3204 (0.4085)  time: 0.8573  data: 0.0003  max mem: 35168
Epoch: [10]  [ 620/1416]  eta: 0:11:48  lr: 0.000213  min_lr: 0.000213  loss: 0.1482 (0.1146)  reconst_loss: 0.0013 (0.0015)  code_loss: 0.1470 (0.1131)  weight_decay: 0.0500 (0.0500)  grad_norm: 0.4108 (0.4086)  time: 0.8571  data: 0.0003  max mem: 35168
Epoch: [10]  [ 630/1416]  eta: 0:11:38  lr: 0.000213  min_lr: 0.000213  loss: 0.1478 (0.1151)  reconst_loss: 0.0013 (0.0015)  code_loss: 0.1465 (0.1136)  weight_decay: 0.0500 (0.0500)  grad_norm: 0.3854 (0.4072)  time: 0.8602  data: 0.0005  max mem: 35168
Epoch: [10]  [ 640/1416]  eta: 0:11:29  lr: 0.000212  min_lr: 0.000212  loss: 0.1475 (0.1156)  reconst_loss: 0.0012 (0.0015)  code_loss: 0.1461 (0.1141)  weight_decay: 0.0500 (0.0500)  grad_norm: 0.2269 (0.4044)  time: 0.8590  data: 0.0005  max mem: 35168
Epoch: [10]  [ 650/1416]  eta: 0:11:20  lr: 0.000212  min_lr: 0.000212  loss: 0.1467 (0.1161)  reconst_loss: 0.0012 (0.0015)  code_loss: 0.1455 (0.1146)  weight_decay: 0.0500 (0.0500)  grad_norm: 0.2201 (0.4016)  time: 0.8577  data: 0.0003  max mem: 35168
Epoch: [10]  [ 660/1416]  eta: 0:11:11  lr: 0.000212  min_lr: 0.000212  loss: 0.1463 (0.1166)  reconst_loss: 0.0012 (0.0015)  code_loss: 0.1449 (0.1151)  weight_decay: 0.0500 (0.0500)  grad_norm: 0.2134 (0.3989)  time: 0.8580  data: 0.0003  max mem: 35168
Epoch: [10]  [ 670/1416]  eta: 0:11:02  lr: 0.000212  min_lr: 0.000212  loss: 0.1443 (0.1170)  reconst_loss: 0.0013 (0.0015)  code_loss: 0.1430 (0.1155)  weight_decay: 0.0500 (0.0500)  grad_norm: 0.2102 (0.3960)  time: 0.8618  data: 0.0003  max mem: 35168
Epoch: [10]  [ 680/1416]  eta: 0:10:52  lr: 0.000212  min_lr: 0.000212  loss: 0.1432 (0.1173)  reconst_loss: 0.0013 (0.0015)  code_loss: 0.1419 (0.1158)  weight_decay: 0.0500 (0.0500)  grad_norm: 0.2172 (0.3938)  time: 0.8632  data: 0.0003  max mem: 35168
Epoch: [10]  [ 690/1416]  eta: 0:10:43  lr: 0.000211  min_lr: 0.000211  loss: 0.1424 (0.1177)  reconst_loss: 0.0013 (0.0015)  code_loss: 0.1412 (0.1162)  weight_decay: 0.0500 (0.0500)  grad_norm: 0.2180 (0.3910)  time: 0.8598  data: 0.0003  max mem: 35168
Epoch: [10]  [ 700/1416]  eta: 0:10:34  lr: 0.000211  min_lr: 0.000211  loss: 0.1418 (0.1180)  reconst_loss: 0.0013 (0.0015)  code_loss: 0.1404 (0.1165)  weight_decay: 0.0500 (0.0500)  grad_norm: 0.2013 (0.3884)  time: 0.8613  data: 0.0004  max mem: 35168
Epoch: [10]  [ 710/1416]  eta: 0:10:25  lr: 0.000211  min_lr: 0.000211  loss: 0.1410 (0.1184)  reconst_loss: 0.0013 (0.0015)  code_loss: 0.1397 (0.1169)  weight_decay: 0.0500 (0.0500)  grad_norm: 0.2331 (0.3869)  time: 0.8625  data: 0.0004  max mem: 35168
Epoch: [10]  [ 720/1416]  eta: 0:10:16  lr: 0.000211  min_lr: 0.000211  loss: 0.1404 (0.1186)  reconst_loss: 0.0013 (0.0015)  code_loss: 0.1390 (0.1172)  weight_decay: 0.0500 (0.0500)  grad_norm: 0.3121 (0.3865)  time: 0.8590  data: 0.0005  max mem: 35168
Epoch: [10]  [ 730/1416]  eta: 0:10:07  lr: 0.000211  min_lr: 0.000211  loss: 0.1393 (0.1189)  reconst_loss: 0.0014 (0.0015)  code_loss: 0.1379 (0.1174)  weight_decay: 0.0500 (0.0500)  grad_norm: 0.3275 (0.3855)  time: 0.8590  data: 0.0005  max mem: 35168
Epoch: [10]  [ 740/1416]  eta: 0:09:58  lr: 0.000210  min_lr: 0.000210  loss: 0.1367 (0.1191)  reconst_loss: 0.0012 (0.0015)  code_loss: 0.1353 (0.1177)  weight_decay: 0.0500 (0.0500)  grad_norm: 0.2384 (0.3827)  time: 0.8626  data: 0.0003  max mem: 35168
Epoch: [10]  [ 750/1416]  eta: 0:09:49  lr: 0.000210  min_lr: 0.000210  loss: 0.1356 (0.1194)  reconst_loss: 0.0012 (0.0015)  code_loss: 0.1344 (0.1179)  weight_decay: 0.0500 (0.0500)  grad_norm: 0.1477 (0.3794)  time: 0.8610  data: 0.0003  max mem: 35168
Epoch: [10]  [ 760/1416]  eta: 0:09:40  lr: 0.000210  min_lr: 0.000210  loss: 0.1352 (0.1196)  reconst_loss: 0.0012 (0.0015)  code_loss: 0.1340 (0.1181)  weight_decay: 0.0500 (0.0500)  grad_norm: 0.1477 (0.3770)  time: 0.8587  data: 0.0004  max mem: 35168
Epoch: [10]  [ 770/1416]  eta: 0:09:31  lr: 0.000210  min_lr: 0.000210  loss: 0.1338 (0.1197)  reconst_loss: 0.0012 (0.0015)  code_loss: 0.1326 (0.1183)  weight_decay: 0.0500 (0.0500)  grad_norm: 0.1920 (0.3749)  time: 0.8625  data: 0.0004  max mem: 35168
Epoch: [10]  [ 780/1416]  eta: 0:09:22  lr: 0.000210  min_lr: 0.000210  loss: 0.1320 (0.1199)  reconst_loss: 0.0012 (0.0015)  code_loss: 0.1309 (0.1184)  weight_decay: 0.0500 (0.0500)  grad_norm: 0.2055 (0.3726)  time: 0.8620  data: 0.0004  max mem: 35168
Epoch: [10]  [ 790/1416]  eta: 0:09:13  lr: 0.000209  min_lr: 0.000209  loss: 0.1305 (0.1200)  reconst_loss: 0.0012 (0.0015)  code_loss: 0.1293 (0.1186)  weight_decay: 0.0500 (0.0500)  grad_norm: 0.1684 (0.3698)  time: 0.8616  data: 0.0003  max mem: 35168
Epoch: [10]  [ 800/1416]  eta: 0:09:04  lr: 0.000209  min_lr: 0.000209  loss: 0.1292 (0.1201)  reconst_loss: 0.0012 (0.0015)  code_loss: 0.1278 (0.1187)  weight_decay: 0.0500 (0.0500)  grad_norm: 0.1633 (0.3681)  time: 0.8600  data: 0.0003  max mem: 35168
Epoch: [10]  [ 810/1416]  eta: 0:08:55  lr: 0.000209  min_lr: 0.000209  loss: 0.1279 (0.1202)  reconst_loss: 0.0013 (0.0015)  code_loss: 0.1266 (0.1188)  weight_decay: 0.0500 (0.0500)  grad_norm: 0.2113 (0.3662)  time: 0.8588  data: 0.0003  max mem: 35168
Epoch: [10]  [ 820/1416]  eta: 0:08:46  lr: 0.000209  min_lr: 0.000209  loss: 0.1261 (0.1203)  reconst_loss: 0.0012 (0.0015)  code_loss: 0.1249 (0.1188)  weight_decay: 0.0500 (0.0500)  grad_norm: 0.2113 (0.3643)  time: 0.8599  data: 0.0003  max mem: 35168
Epoch: [10]  [ 830/1416]  eta: 0:08:37  lr: 0.000209  min_lr: 0.000209  loss: 0.1236 (0.1203)  reconst_loss: 0.0012 (0.0014)  code_loss: 0.1224 (0.1188)  weight_decay: 0.0500 (0.0500)  grad_norm: 0.1836 (0.3620)  time: 0.8599  data: 0.0003  max mem: 35168
Epoch: [10]  [ 840/1416]  eta: 0:08:28  lr: 0.000208  min_lr: 0.000208  loss: 0.1220 (0.1203)  reconst_loss: 0.0012 (0.0014)  code_loss: 0.1208 (0.1189)  weight_decay: 0.0500 (0.0500)  grad_norm: 0.1738 (0.3598)  time: 0.8638  data: 0.0004  max mem: 35168
Epoch: [10]  [ 850/1416]  eta: 0:08:19  lr: 0.000208  min_lr: 0.000208  loss: 0.1203 (0.1203)  reconst_loss: 0.0012 (0.0014)  code_loss: 0.1192 (0.1189)  weight_decay: 0.0500 (0.0500)  grad_norm: 0.1738 (0.3580)  time: 0.8632  data: 0.0004  max mem: 35168
Epoch: [10]  [ 860/1416]  eta: 0:08:10  lr: 0.000208  min_lr: 0.000208  loss: 0.1186 (0.1203)  reconst_loss: 0.0012 (0.0014)  code_loss: 0.1173 (0.1188)  weight_decay: 0.0500 (0.0500)  grad_norm: 0.2107 (0.3564)  time: 0.8601  data: 0.0003  max mem: 35168
Epoch: [10]  [ 870/1416]  eta: 0:08:01  lr: 0.000208  min_lr: 0.000208  loss: 0.1169 (0.1202)  reconst_loss: 0.0013 (0.0014)  code_loss: 0.1158 (0.1188)  weight_decay: 0.0500 (0.0500)  grad_norm: 0.2184 (0.3549)  time: 0.8599  data: 0.0005  max mem: 35168
Epoch: [10]  [ 880/1416]  eta: 0:07:52  lr: 0.000208  min_lr: 0.000208  loss: 0.1149 (0.1201)  reconst_loss: 0.0013 (0.0014)  code_loss: 0.1137 (0.1187)  weight_decay: 0.0500 (0.0500)  grad_norm: 0.2264 (0.3536)  time: 0.8625  data: 0.0004  max mem: 35168
Epoch: [10]  [ 890/1416]  eta: 0:07:43  lr: 0.000207  min_lr: 0.000207  loss: 0.1130 (0.1201)  reconst_loss: 0.0012 (0.0014)  code_loss: 0.1117 (0.1186)  weight_decay: 0.0500 (0.0500)  grad_norm: 0.2309 (0.3524)  time: 0.8670  data: 0.0003  max mem: 35168
Epoch: [10]  [ 900/1416]  eta: 0:07:34  lr: 0.000207  min_lr: 0.000207  loss: 0.1109 (0.1199)  reconst_loss: 0.0012 (0.0014)  code_loss: 0.1097 (0.1185)  weight_decay: 0.0500 (0.0500)  grad_norm: 0.2116 (0.3507)  time: 0.8650  data: 0.0003  max mem: 35168
Epoch: [10]  [ 910/1416]  eta: 0:07:25  lr: 0.000207  min_lr: 0.000207  loss: 0.1091 (0.1198)  reconst_loss: 0.0012 (0.0014)  code_loss: 0.1078 (0.1184)  weight_decay: 0.0500 (0.0500)  grad_norm: 0.1940 (0.3491)  time: 0.8628  data: 0.0003  max mem: 35168
Epoch: [10]  [ 920/1416]  eta: 0:07:16  lr: 0.000207  min_lr: 0.000207  loss: 0.1074 (0.1197)  reconst_loss: 0.0012 (0.0014)  code_loss: 0.1062 (0.1182)  weight_decay: 0.0500 (0.0500)  grad_norm: 0.2189 (0.3479)  time: 0.8626  data: 0.0003  max mem: 35168
Epoch: [10]  [ 930/1416]  eta: 0:07:07  lr: 0.000206  min_lr: 0.000206  loss: 0.1056 (0.1195)  reconst_loss: 0.0012 (0.0014)  code_loss: 0.1043 (0.1181)  weight_decay: 0.0500 (0.0500)  grad_norm: 0.2269 (0.3465)  time: 0.8652  data: 0.0004  max mem: 35168
Epoch: [10]  [ 940/1416]  eta: 0:06:58  lr: 0.000206  min_lr: 0.000206  loss: 0.1040 (0.1193)  reconst_loss: 0.0012 (0.0014)  code_loss: 0.1029 (0.1179)  weight_decay: 0.0500 (0.0500)  grad_norm: 0.1964 (0.3448)  time: 0.8635  data: 0.0003  max mem: 35168
Epoch: [10]  [ 950/1416]  eta: 0:06:50  lr: 0.000206  min_lr: 0.000206  loss: 0.1024 (0.1192)  reconst_loss: 0.0012 (0.0014)  code_loss: 0.1012 (0.1177)  weight_decay: 0.0500 (0.0500)  grad_norm: 0.2060 (0.3435)  time: 0.8615  data: 0.0003  max mem: 35168
Epoch: [10]  [ 960/1416]  eta: 0:06:41  lr: 0.000206  min_lr: 0.000206  loss: 0.1005 (0.1190)  reconst_loss: 0.0012 (0.0014)  code_loss: 0.0994 (0.1175)  weight_decay: 0.0500 (0.0500)  grad_norm: 0.2396 (0.3431)  time: 0.8597  data: 0.0003  max mem: 35168
Epoch: [10]  [ 970/1416]  eta: 0:06:32  lr: 0.000206  min_lr: 0.000206  loss: 0.1005 (0.1190)  reconst_loss: 0.0013 (0.0014)  code_loss: 0.0992 (0.1175)  weight_decay: 0.0500 (0.0500)  grad_norm: 0.3566 (0.3732)  time: 0.8623  data: 0.0003  max mem: 35168
Epoch: [10]  [ 980/1416]  eta: 0:06:23  lr: 0.000205  min_lr: 0.000205  loss: 0.1045 (0.1188)  reconst_loss: 0.0035 (0.0015)  code_loss: 0.1015 (0.1173)  weight_decay: 0.0500 (0.0500)  grad_norm: 1.9365 (0.3886)  time: 0.8669  data: 0.0003  max mem: 35168
Epoch: [10]  [ 990/1416]  eta: 0:06:14  lr: 0.000205  min_lr: 0.000205  loss: 0.0986 (0.1186)  reconst_loss: 0.0027 (0.0015)  code_loss: 0.0958 (0.1171)  weight_decay: 0.0500 (0.0500)  grad_norm: 0.9973 (0.3925)  time: 0.8634  data: 0.0003  max mem: 35168
Epoch: [10]  [1000/1416]  eta: 0:06:05  lr: 0.000205  min_lr: 0.000205  loss: 0.0956 (0.1184)  reconst_loss: 0.0021 (0.0015)  code_loss: 0.0935 (0.1169)  weight_decay: 0.0500 (0.0500)  grad_norm: 0.5481 (0.3924)  time: 0.8635  data: 0.0003  max mem: 35168
Epoch: [10]  [1010/1416]  eta: 0:05:56  lr: 0.000205  min_lr: 0.000205  loss: 0.0937 (0.1181)  reconst_loss: 0.0018 (0.0015)  code_loss: 0.0920 (0.1166)  weight_decay: 0.0500 (0.0500)  grad_norm: 0.2279 (0.3905)  time: 0.8640  data: 0.0003  max mem: 35168
Epoch: [10]  [1020/1416]  eta: 0:05:48  lr: 0.000205  min_lr: 0.000205  loss: 0.0922 (0.1178)  reconst_loss: 0.0016 (0.0015)  code_loss: 0.0907 (0.1164)  weight_decay: 0.0500 (0.0500)  grad_norm: 0.1899 (0.3884)  time: 0.8652  data: 0.0003  max mem: 35168
Epoch: [10]  [1030/1416]  eta: 0:05:39  lr: 0.000204  min_lr: 0.000204  loss: 0.0912 (0.1176)  reconst_loss: 0.0016 (0.0015)  code_loss: 0.0897 (0.1161)  weight_decay: 0.0500 (0.0500)  grad_norm: 0.1928 (0.3874)  time: 0.8707  data: 0.0003  max mem: 35168
Epoch: [10]  [1040/1416]  eta: 0:05:30  lr: 0.000204  min_lr: 0.000204  loss: 0.0904 (0.1173)  reconst_loss: 0.0015 (0.0015)  code_loss: 0.0889 (0.1158)  weight_decay: 0.0500 (0.0500)  grad_norm: 0.3507 (0.3899)  time: 0.8671  data: 0.0003  max mem: 35168
Epoch: [10]  [1050/1416]  eta: 0:05:21  lr: 0.000204  min_lr: 0.000204  loss: 0.0897 (0.1170)  reconst_loss: 0.0014 (0.0015)  code_loss: 0.0881 (0.1156)  weight_decay: 0.0500 (0.0500)  grad_norm: 0.5379 (0.3905)  time: 0.8622  data: 0.0004  max mem: 35168
Epoch: [10]  [1060/1416]  eta: 0:05:12  lr: 0.000204  min_lr: 0.000204  loss: 0.0880 (0.1168)  reconst_loss: 0.0014 (0.0015)  code_loss: 0.0867 (0.1153)  weight_decay: 0.0500 (0.0500)  grad_norm: 0.3288 (0.3899)  time: 0.8620  data: 0.0004  max mem: 35168
Epoch: [10]  [1070/1416]  eta: 0:05:03  lr: 0.000204  min_lr: 0.000204  loss: 0.0872 (0.1165)  reconst_loss: 0.0013 (0.0015)  code_loss: 0.0857 (0.1150)  weight_decay: 0.0500 (0.0500)  grad_norm: 0.3066 (0.3887)  time: 0.8624  data: 0.0003  max mem: 35168
Epoch: [10]  [1080/1416]  eta: 0:04:55  lr: 0.000203  min_lr: 0.000203  loss: 0.0862 (0.1162)  reconst_loss: 0.0013 (0.0015)  code_loss: 0.0849 (0.1147)  weight_decay: 0.0500 (0.0500)  grad_norm: 0.1827 (0.3865)  time: 0.8632  data: 0.0003  max mem: 35168
Epoch: [10]  [1090/1416]  eta: 0:04:46  lr: 0.000203  min_lr: 0.000203  loss: 0.0855 (0.1159)  reconst_loss: 0.0012 (0.0015)  code_loss: 0.0844 (0.1144)  weight_decay: 0.0500 (0.0500)  grad_norm: 0.1598 (0.3844)  time: 0.8654  data: 0.0004  max mem: 35168
Epoch: [10]  [1100/1416]  eta: 0:04:37  lr: 0.000203  min_lr: 0.000203  loss: 0.0851 (0.1156)  reconst_loss: 0.0013 (0.0015)  code_loss: 0.0838 (0.1142)  weight_decay: 0.0500 (0.0500)  grad_norm: 0.1715 (0.3842)  time: 0.8704  data: 0.0004  max mem: 35168
Epoch: [10]  [1110/1416]  eta: 0:04:28  lr: 0.000203  min_lr: 0.000203  loss: 0.0849 (0.1154)  reconst_loss: 0.0013 (0.0015)  code_loss: 0.0835 (0.1139)  weight_decay: 0.0500 (0.0500)  grad_norm: 0.2132 (0.3830)  time: 0.8666  data: 0.0003  max mem: 35168
Epoch: [10]  [1120/1416]  eta: 0:04:19  lr: 0.000203  min_lr: 0.000203  loss: 0.0845 (0.1151)  reconst_loss: 0.0013 (0.0015)  code_loss: 0.0832 (0.1136)  weight_decay: 0.0500 (0.0500)  grad_norm: 0.1840 (0.3811)  time: 0.8612  data: 0.0003  max mem: 35168
Epoch: [10]  [1130/1416]  eta: 0:04:10  lr: 0.000202  min_lr: 0.000202  loss: 0.0844 (0.1148)  reconst_loss: 0.0013 (0.0015)  code_loss: 0.0831 (0.1133)  weight_decay: 0.0500 (0.0500)  grad_norm: 0.1914 (0.3800)  time: 0.8640  data: 0.0003  max mem: 35168
Epoch: [10]  [1140/1416]  eta: 0:04:02  lr: 0.000202  min_lr: 0.000202  loss: 0.0847 (0.1146)  reconst_loss: 0.0012 (0.0015)  code_loss: 0.0834 (0.1131)  weight_decay: 0.0500 (0.0500)  grad_norm: 0.2170 (0.3785)  time: 0.8633  data: 0.0003  max mem: 35168
Epoch: [10]  [1150/1416]  eta: 0:03:53  lr: 0.000202  min_lr: 0.000202  loss: 0.0849 (0.1143)  reconst_loss: 0.0012 (0.0015)  code_loss: 0.0836 (0.1128)  weight_decay: 0.0500 (0.0500)  grad_norm: 0.2024 (0.3776)  time: 0.8589  data: 0.0003  max mem: 35168
Epoch: [10]  [1160/1416]  eta: 0:03:44  lr: 0.000202  min_lr: 0.000202  loss: 0.0852 (0.1140)  reconst_loss: 0.0012 (0.0015)  code_loss: 0.0841 (0.1126)  weight_decay: 0.0500 (0.0500)  grad_norm: 0.1536 (0.3757)  time: 0.8637  data: 0.0003  max mem: 35168
Epoch: [10]  [1170/1416]  eta: 0:03:35  lr: 0.000202  min_lr: 0.000202  loss: 0.0860 (0.1138)  reconst_loss: 0.0012 (0.0015)  code_loss: 0.0848 (0.1124)  weight_decay: 0.0500 (0.0500)  grad_norm: 0.1449 (0.3736)  time: 0.8679  data: 0.0003  max mem: 35168
Epoch: [10]  [1180/1416]  eta: 0:03:26  lr: 0.000201  min_lr: 0.000201  loss: 0.0879 (0.1136)  reconst_loss: 0.0012 (0.0015)  code_loss: 0.0866 (0.1122)  weight_decay: 0.0500 (0.0500)  grad_norm: 0.1624 (0.3724)  time: 0.8661  data: 0.0003  max mem: 35168
Epoch: [10]  [1190/1416]  eta: 0:03:18  lr: 0.000201  min_lr: 0.000201  loss: 0.0898 (0.1134)  reconst_loss: 0.0012 (0.0015)  code_loss: 0.0886 (0.1120)  weight_decay: 0.0500 (0.0500)  grad_norm: 0.2752 (0.3724)  time: 0.8601  data: 0.0003  max mem: 35168
Epoch: [10]  [1200/1416]  eta: 0:03:09  lr: 0.000201  min_lr: 0.000201  loss: 0.0904 (0.1132)  reconst_loss: 0.0012 (0.0015)  code_loss: 0.0890 (0.1118)  weight_decay: 0.0500 (0.0500)  grad_norm: 0.2816 (0.3714)  time: 0.8575  data: 0.0007  max mem: 35168
Epoch: [10]  [1210/1416]  eta: 0:03:00  lr: 0.000201  min_lr: 0.000201  loss: 0.0907 (0.1130)  reconst_loss: 0.0012 (0.0015)  code_loss: 0.0895 (0.1116)  weight_decay: 0.0500 (0.0500)  grad_norm: 0.2719 (0.3709)  time: 0.8466  data: 0.0006  max mem: 35168
Epoch: [10]  [1220/1416]  eta: 0:02:51  lr: 0.000200  min_lr: 0.000200  loss: 0.0923 (0.1129)  reconst_loss: 0.0012 (0.0015)  code_loss: 0.0910 (0.1114)  weight_decay: 0.0500 (0.0500)  grad_norm: 0.2813 (0.3701)  time: 0.8390  data: 0.0001  max mem: 35168
Epoch: [10]  [1230/1416]  eta: 0:02:42  lr: 0.000200  min_lr: 0.000200  loss: 0.0936 (0.1127)  reconst_loss: 0.0012 (0.0015)  code_loss: 0.0923 (0.1113)  weight_decay: 0.0500 (0.0500)  grad_norm: 0.2097 (0.3687)  time: 0.8402  data: 0.0001  max mem: 35168
Epoch: [10]  [1240/1416]  eta: 0:02:34  lr: 0.000200  min_lr: 0.000200  loss: 0.0951 (0.1126)  reconst_loss: 0.0012 (0.0014)  code_loss: 0.0939 (0.1111)  weight_decay: 0.0500 (0.0500)  grad_norm: 0.2073 (0.3678)  time: 0.8347  data: 0.0001  max mem: 35168
Epoch: [10]  [1250/1416]  eta: 0:02:25  lr: 0.000200  min_lr: 0.000200  loss: 0.0968 (0.1125)  reconst_loss: 0.0012 (0.0014)  code_loss: 0.0956 (0.1110)  weight_decay: 0.0500 (0.0500)  grad_norm: 0.2960 (0.3676)  time: 0.8349  data: 0.0001  max mem: 35168
Epoch: [10]  [1260/1416]  eta: 0:02:16  lr: 0.000200  min_lr: 0.000200  loss: 0.0973 (0.1124)  reconst_loss: 0.0012 (0.0014)  code_loss: 0.0959 (0.1109)  weight_decay: 0.0500 (0.0500)  grad_norm: 0.3076 (0.3670)  time: 0.8405  data: 0.0001  max mem: 35168
Epoch: [10]  [1270/1416]  eta: 0:02:07  lr: 0.000199  min_lr: 0.000199  loss: 0.0977 (0.1122)  reconst_loss: 0.0012 (0.0014)  code_loss: 0.0963 (0.1108)  weight_decay: 0.0500 (0.0500)  grad_norm: 0.2066 (0.3655)  time: 0.8389  data: 0.0001  max mem: 35168
Epoch: [10]  [1280/1416]  eta: 0:01:58  lr: 0.000199  min_lr: 0.000199  loss: 0.0993 (0.1121)  reconst_loss: 0.0012 (0.0014)  code_loss: 0.0980 (0.1107)  weight_decay: 0.0500 (0.0500)  grad_norm: 0.1799 (0.3641)  time: 0.8394  data: 0.0001  max mem: 35168
Epoch: [10]  [1290/1416]  eta: 0:01:50  lr: 0.000199  min_lr: 0.000199  loss: 0.1002 (0.1121)  reconst_loss: 0.0012 (0.0014)  code_loss: 0.0990 (0.1106)  weight_decay: 0.0500 (0.0500)  grad_norm: 0.1980 (0.3629)  time: 0.8450  data: 0.0001  max mem: 35168
Epoch: [10]  [1300/1416]  eta: 0:01:41  lr: 0.000199  min_lr: 0.000199  loss: 0.1003 (0.1120)  reconst_loss: 0.0012 (0.0014)  code_loss: 0.0990 (0.1105)  weight_decay: 0.0500 (0.0500)  grad_norm: 0.2108 (0.3617)  time: 0.8403  data: 0.0001  max mem: 35168
Epoch: [10]  [1310/1416]  eta: 0:01:32  lr: 0.000199  min_lr: 0.000199  loss: 0.1003 (0.1119)  reconst_loss: 0.0012 (0.0014)  code_loss: 0.0990 (0.1104)  weight_decay: 0.0500 (0.0500)  grad_norm: 0.2147 (0.3606)  time: 0.8425  data: 0.0002  max mem: 35168
Epoch: [10]  [1320/1416]  eta: 0:01:23  lr: 0.000198  min_lr: 0.000198  loss: 0.1002 (0.1118)  reconst_loss: 0.0012 (0.0014)  code_loss: 0.0990 (0.1104)  weight_decay: 0.0500 (0.0500)  grad_norm: 0.2474 (0.3598)  time: 0.8455  data: 0.0002  max mem: 35168
Epoch: [10]  [1330/1416]  eta: 0:01:15  lr: 0.000198  min_lr: 0.000198  loss: 0.0997 (0.1117)  reconst_loss: 0.0011 (0.0014)  code_loss: 0.0984 (0.1103)  weight_decay: 0.0500 (0.0500)  grad_norm: 0.2432 (0.3588)  time: 0.8405  data: 0.0001  max mem: 35168
Epoch: [10]  [1340/1416]  eta: 0:01:06  lr: 0.000198  min_lr: 0.000198  loss: 0.0984 (0.1116)  reconst_loss: 0.0012 (0.0014)  code_loss: 0.0974 (0.1102)  weight_decay: 0.0500 (0.0500)  grad_norm: 0.2414 (0.3580)  time: 0.8384  data: 0.0001  max mem: 35168
Epoch: [10]  [1350/1416]  eta: 0:00:57  lr: 0.000198  min_lr: 0.000198  loss: 0.0980 (0.1115)  reconst_loss: 0.0012 (0.0014)  code_loss: 0.0968 (0.1101)  weight_decay: 0.0500 (0.0500)  grad_norm: 0.2605 (0.3575)  time: 0.8411  data: 0.0001  max mem: 35168
Epoch: [10]  [1360/1416]  eta: 0:00:48  lr: 0.000198  min_lr: 0.000198  loss: 0.0972 (0.1114)  reconst_loss: 0.0012 (0.0014)  code_loss: 0.0960 (0.1100)  weight_decay: 0.0500 (0.0500)  grad_norm: 0.2398 (0.3564)  time: 0.8429  data: 0.0001  max mem: 35168
Epoch: [10]  [1370/1416]  eta: 0:00:40  lr: 0.000197  min_lr: 0.000197  loss: 0.0970 (0.1113)  reconst_loss: 0.0012 (0.0014)  code_loss: 0.0958 (0.1098)  weight_decay: 0.0500 (0.0500)  grad_norm: 0.1873 (0.3551)  time: 0.8401  data: 0.0003  max mem: 35168
Epoch: [10]  [1380/1416]  eta: 0:00:31  lr: 0.000197  min_lr: 0.000197  loss: 0.0967 (0.1112)  reconst_loss: 0.0012 (0.0014)  code_loss: 0.0955 (0.1097)  weight_decay: 0.0500 (0.0500)  grad_norm: 0.1636 (0.3536)  time: 0.8421  data: 0.0004  max mem: 35168
Epoch: [10]  [1390/1416]  eta: 0:00:22  lr: 0.000197  min_lr: 0.000197  loss: 0.0965 (0.1111)  reconst_loss: 0.0012 (0.0014)  code_loss: 0.0954 (0.1096)  weight_decay: 0.0500 (0.0500)  grad_norm: 0.1418 (0.3520)  time: 0.8442  data: 0.0002  max mem: 35168
Epoch: [10]  [1400/1416]  eta: 0:00:13  lr: 0.000197  min_lr: 0.000197  loss: 0.0963 (0.1110)  reconst_loss: 0.0012 (0.0014)  code_loss: 0.0951 (0.1095)  weight_decay: 0.0500 (0.0500)  grad_norm: 0.1413 (0.3506)  time: 0.8456  data: 0.0002  max mem: 35168
Epoch: [10]  [1410/1416]  eta: 0:00:05  lr: 0.000196  min_lr: 0.000196  loss: 0.0959 (0.1109)  reconst_loss: 0.0012 (0.0014)  code_loss: 0.0947 (0.1094)  weight_decay: 0.0500 (0.0500)  grad_norm: 0.1221 (0.3490)  time: 0.8466  data: 0.0002  max mem: 35168
Epoch: [10]  [1415/1416]  eta: 0:00:00  lr: 0.000196  min_lr: 0.000196  loss: 0.0959 (0.1108)  reconst_loss: 0.0012 (0.0014)  code_loss: 0.0947 (0.1094)  weight_decay: 0.0500 (0.0500)  grad_norm: 0.1152 (0.3482)  time: 0.8481  data: 0.0002  max mem: 35168
Epoch: [10] Total time: 0:20:34 (0.8722 s / it)
Averaged stats: lr: 0.000196  min_lr: 0.000196  loss: 0.0959 (0.1108)  reconst_loss: 0.0012 (0.0014)  code_loss: 0.0947 (0.1094)  weight_decay: 0.0500 (0.0500)  grad_norm: 0.1152 (0.3482)
Epoch: [11]  [   0/1416]  eta: 6:47:53  lr: 0.000196  min_lr: 0.000196  loss: 0.0962 (0.0962)  reconst_loss: 0.0013 (0.0013)  code_loss: 0.0950 (0.0950)  weight_decay: 0.0500 (0.0500)  grad_norm: 0.3374 (0.3374)  time: 17.2837  data: 13.6374  max mem: 35168
Epoch: [11]  [  10/1416]  eta: 0:55:54  lr: 0.000196  min_lr: 0.000196  loss: 0.0962 (0.0962)  reconst_loss: 0.0012 (0.0013)  code_loss: 0.0949 (0.0949)  weight_decay: 0.0500 (0.0500)  grad_norm: 0.2443 (0.2604)  time: 2.3860  data: 1.2400  max mem: 35168
Epoch: [11]  [  20/1416]  eta: 0:38:45  lr: 0.000196  min_lr: 0.000196  loss: 0.0960 (0.0959)  reconst_loss: 0.0012 (0.0012)  code_loss: 0.0948 (0.0947)  weight_decay: 0.0500 (0.0500)  grad_norm: 0.2062 (0.2320)  time: 0.8851  data: 0.0004  max mem: 35168
Epoch: [11]  [  30/1416]  eta: 0:32:28  lr: 0.000196  min_lr: 0.000196  loss: 0.0951 (0.0955)  reconst_loss: 0.0011 (0.0012)  code_loss: 0.0940 (0.0943)  weight_decay: 0.0500 (0.0500)  grad_norm: 0.2020 (0.2258)  time: 0.8664  data: 0.0008  max mem: 35168
Epoch: [11]  [  40/1416]  eta: 0:29:14  lr: 0.000196  min_lr: 0.000196  loss: 0.0943 (0.0952)  reconst_loss: 0.0012 (0.0012)  code_loss: 0.0932 (0.0940)  weight_decay: 0.0500 (0.0500)  grad_norm: 0.1721 (0.2101)  time: 0.8649  data: 0.0007  max mem: 35168
Epoch: [11]  [  50/1416]  eta: 0:27:11  lr: 0.000195  min_lr: 0.000195  loss: 0.0939 (0.0949)  reconst_loss: 0.0011 (0.0012)  code_loss: 0.0927 (0.0937)  weight_decay: 0.0500 (0.0500)  grad_norm: 0.1709 (0.2104)  time: 0.8674  data: 0.0004  max mem: 35168
Epoch: [11]  [  60/1416]  eta: 0:25:46  lr: 0.000195  min_lr: 0.000195  loss: 0.0935 (0.0946)  reconst_loss: 0.0012 (0.0012)  code_loss: 0.0923 (0.0934)  weight_decay: 0.0500 (0.0500)  grad_norm: 0.2089 (0.2127)  time: 0.8649  data: 0.0006  max mem: 35168
Epoch: [11]  [  70/1416]  eta: 0:24:43  lr: 0.000195  min_lr: 0.000195  loss: 0.0927 (0.0943)  reconst_loss: 0.0012 (0.0012)  code_loss: 0.0915 (0.0931)  weight_decay: 0.0500 (0.0500)  grad_norm: 0.1978 (0.2090)  time: 0.8655  data: 0.0005  max mem: 35168
Epoch: [11]  [  80/1416]  eta: 0:23:53  lr: 0.000195  min_lr: 0.000195  loss: 0.0923 (0.0941)  reconst_loss: 0.0011 (0.0012)  code_loss: 0.0911 (0.0929)  weight_decay: 0.0500 (0.0500)  grad_norm: 0.1653 (0.2013)  time: 0.8678  data: 0.0006  max mem: 35168
Epoch: [11]  [  90/1416]  eta: 0:23:12  lr: 0.000194  min_lr: 0.000194  loss: 0.0920 (0.0938)  reconst_loss: 0.0011 (0.0012)  code_loss: 0.0909 (0.0926)  weight_decay: 0.0500 (0.0500)  grad_norm: 0.1401 (0.1960)  time: 0.8677  data: 0.0009  max mem: 35168
Epoch: [11]  [ 100/1416]  eta: 0:22:38  lr: 0.000194  min_lr: 0.000194  loss: 0.0918 (0.0936)  reconst_loss: 0.0012 (0.0012)  code_loss: 0.0906 (0.0924)  weight_decay: 0.0500 (0.0500)  grad_norm: 0.1351 (0.1907)  time: 0.8647  data: 0.0007  max mem: 35168
Epoch: [11]  [ 110/1416]  eta: 0:22:09  lr: 0.000194  min_lr: 0.000194  loss: 0.0912 (0.0933)  reconst_loss: 0.0012 (0.0012)  code_loss: 0.0900 (0.0922)  weight_decay: 0.0500 (0.0500)  grad_norm: 0.1601 (0.1892)  time: 0.8690  data: 0.0005  max mem: 35168
Epoch: [11]  [ 120/1416]  eta: 0:21:42  lr: 0.000194  min_lr: 0.000194  loss: 0.0903 (0.0930)  reconst_loss: 0.0012 (0.0012)  code_loss: 0.0891 (0.0919)  weight_decay: 0.0500 (0.0500)  grad_norm: 0.1817 (0.1906)  time: 0.8698  data: 0.0005  max mem: 35168
Epoch: [11]  [ 130/1416]  eta: 0:21:19  lr: 0.000194  min_lr: 0.000194  loss: 0.0893 (0.0927)  reconst_loss: 0.0012 (0.0012)  code_loss: 0.0880 (0.0915)  weight_decay: 0.0500 (0.0500)  grad_norm: 0.1855 (0.1919)  time: 0.8684  data: 0.0006  max mem: 35168
Epoch: [11]  [ 140/1416]  eta: 0:20:57  lr: 0.000193  min_lr: 0.000193  loss: 0.0881 (0.0924)  reconst_loss: 0.0011 (0.0012)  code_loss: 0.0870 (0.0912)  weight_decay: 0.0500 (0.0500)  grad_norm: 0.1733 (0.1887)  time: 0.8689  data: 0.0005  max mem: 35168
Epoch: [11]  [ 150/1416]  eta: 0:20:37  lr: 0.000193  min_lr: 0.000193  loss: 0.0876 (0.0920)  reconst_loss: 0.0012 (0.0012)  code_loss: 0.0864 (0.0909)  weight_decay: 0.0500 (0.0500)  grad_norm: 0.1187 (0.1839)  time: 0.8657  data: 0.0003  max mem: 35168
Epoch: [11]  [ 160/1416]  eta: 0:20:19  lr: 0.000193  min_lr: 0.000193  loss: 0.0871 (0.0917)  reconst_loss: 0.0012 (0.0012)  code_loss: 0.0859 (0.0905)  weight_decay: 0.0500 (0.0500)  grad_norm: 0.1399 (0.1834)  time: 0.8638  data: 0.0004  max mem: 35168
Epoch: [11]  [ 170/1416]  eta: 0:20:02  lr: 0.000193  min_lr: 0.000193  loss: 0.0864 (0.0914)  reconst_loss: 0.0012 (0.0012)  code_loss: 0.0853 (0.0902)  weight_decay: 0.0500 (0.0500)  grad_norm: 0.1881 (0.1849)  time: 0.8704  data: 0.0004  max mem: 35168
Epoch: [11]  [ 180/1416]  eta: 0:19:46  lr: 0.000193  min_lr: 0.000193  loss: 0.0852 (0.0910)  reconst_loss: 0.0012 (0.0012)  code_loss: 0.0839 (0.0898)  weight_decay: 0.0500 (0.0500)  grad_norm: 0.2007 (0.1861)  time: 0.8705  data: 0.0003  max mem: 35168
Epoch: [11]  [ 190/1416]  eta: 0:19:30  lr: 0.000192  min_lr: 0.000192  loss: 0.0837 (0.0906)  reconst_loss: 0.0012 (0.0012)  code_loss: 0.0826 (0.0894)  weight_decay: 0.0500 (0.0500)  grad_norm: 0.1809 (0.1841)  time: 0.8652  data: 0.0002  max mem: 35168
Epoch: [11]  [ 200/1416]  eta: 0:19:15  lr: 0.000192  min_lr: 0.000192  loss: 0.0829 (0.0902)  reconst_loss: 0.0011 (0.0012)  code_loss: 0.0818 (0.0890)  weight_decay: 0.0500 (0.0500)  grad_norm: 0.1437 (0.1832)  time: 0.8658  data: 0.0004  max mem: 35168
Epoch: [11]  [ 210/1416]  eta: 0:19:01  lr: 0.000192  min_lr: 0.000192  loss: 0.0818 (0.0898)  reconst_loss: 0.0011 (0.0012)  code_loss: 0.0806 (0.0886)  weight_decay: 0.0500 (0.0500)  grad_norm: 0.1985 (0.1844)  time: 0.8700  data: 0.0004  max mem: 35168
Epoch: [11]  [ 220/1416]  eta: 0:18:48  lr: 0.000192  min_lr: 0.000192  loss: 0.0806 (0.0893)  reconst_loss: 0.0011 (0.0012)  code_loss: 0.0795 (0.0882)  weight_decay: 0.0500 (0.0500)  grad_norm: 0.1991 (0.1850)  time: 0.8731  data: 0.0002  max mem: 35168
Epoch: [11]  [ 230/1416]  eta: 0:18:35  lr: 0.000191  min_lr: 0.000191  loss: 0.0795 (0.0889)  reconst_loss: 0.0011 (0.0012)  code_loss: 0.0783 (0.0877)  weight_decay: 0.0500 (0.0500)  grad_norm: 0.1842 (0.1846)  time: 0.8716  data: 0.0003  max mem: 35168
Epoch: [11]  [ 240/1416]  eta: 0:18:22  lr: 0.000191  min_lr: 0.000191  loss: 0.0782 (0.0884)  reconst_loss: 0.0011 (0.0012)  code_loss: 0.0771 (0.0873)  weight_decay: 0.0500 (0.0500)  grad_norm: 0.1857 (0.1857)  time: 0.8702  data: 0.0004  max mem: 35168
Epoch: [11]  [ 250/1416]  eta: 0:18:09  lr: 0.000191  min_lr: 0.000191  loss: 0.0770 (0.0880)  reconst_loss: 0.0012 (0.0012)  code_loss: 0.0758 (0.0868)  weight_decay: 0.0500 (0.0500)  grad_norm: 0.2023 (0.1860)  time: 0.8721  data: 0.0004  max mem: 35168
Epoch: [11]  [ 260/1416]  eta: 0:17:57  lr: 0.000191  min_lr: 0.000191  loss: 0.0759 (0.0875)  reconst_loss: 0.0012 (0.0012)  code_loss: 0.0748 (0.0863)  weight_decay: 0.0500 (0.0500)  grad_norm: 0.2118 (0.1877)  time: 0.8669  data: 0.0004  max mem: 35168
Epoch: [11]  [ 270/1416]  eta: 0:17:45  lr: 0.000191  min_lr: 0.000191  loss: 0.0749 (0.0870)  reconst_loss: 0.0012 (0.0012)  code_loss: 0.0737 (0.0858)  weight_decay: 0.0500 (0.0500)  grad_norm: 0.2243 (0.1885)  time: 0.8632  data: 0.0004  max mem: 35168
Epoch: [11]  [ 280/1416]  eta: 0:17:33  lr: 0.000190  min_lr: 0.000190  loss: 0.0740 (0.0865)  reconst_loss: 0.0012 (0.0012)  code_loss: 0.0728 (0.0853)  weight_decay: 0.0500 (0.0500)  grad_norm: 0.1951 (0.1880)  time: 0.8693  data: 0.0004  max mem: 35168
Epoch: [11]  [ 290/1416]  eta: 0:17:22  lr: 0.000190  min_lr: 0.000190  loss: 0.0728 (0.0860)  reconst_loss: 0.0012 (0.0012)  code_loss: 0.0717 (0.0849)  weight_decay: 0.0500 (0.0500)  grad_norm: 0.1815 (0.1884)  time: 0.8716  data: 0.0003  max mem: 35168
Epoch: [11]  [ 300/1416]  eta: 0:17:11  lr: 0.000190  min_lr: 0.000190  loss: 0.0721 (0.0856)  reconst_loss: 0.0011 (0.0012)  code_loss: 0.0709 (0.0844)  weight_decay: 0.0500 (0.0500)  grad_norm: 0.1928 (0.1887)  time: 0.8757  data: 0.0005  max mem: 35168
Epoch: [11]  [ 310/1416]  eta: 0:16:59  lr: 0.000190  min_lr: 0.000190  loss: 0.0711 (0.0851)  reconst_loss: 0.0011 (0.0012)  code_loss: 0.0699 (0.0839)  weight_decay: 0.0500 (0.0500)  grad_norm: 0.1803 (0.1874)  time: 0.8736  data: 0.0007  max mem: 35168
Epoch: [11]  [ 320/1416]  eta: 0:16:48  lr: 0.000190  min_lr: 0.000190  loss: 0.0703 (0.0846)  reconst_loss: 0.0011 (0.0012)  code_loss: 0.0691 (0.0834)  weight_decay: 0.0500 (0.0500)  grad_norm: 0.1327 (0.1856)  time: 0.8692  data: 0.0007  max mem: 35168
Epoch: [11]  [ 330/1416]  eta: 0:16:37  lr: 0.000189  min_lr: 0.000189  loss: 0.0696 (0.0841)  reconst_loss: 0.0012 (0.0012)  code_loss: 0.0684 (0.0830)  weight_decay: 0.0500 (0.0500)  grad_norm: 0.1246 (0.1840)  time: 0.8653  data: 0.0007  max mem: 35168
Epoch: [11]  [ 340/1416]  eta: 0:16:26  lr: 0.000189  min_lr: 0.000189  loss: 0.0689 (0.0837)  reconst_loss: 0.0012 (0.0012)  code_loss: 0.0678 (0.0825)  weight_decay: 0.0500 (0.0500)  grad_norm: 0.1287 (0.1825)  time: 0.8605  data: 0.0005  max mem: 35168
Epoch: [11]  [ 350/1416]  eta: 0:16:16  lr: 0.000189  min_lr: 0.000189  loss: 0.0681 (0.0832)  reconst_loss: 0.0011 (0.0012)  code_loss: 0.0670 (0.0821)  weight_decay: 0.0500 (0.0500)  grad_norm: 0.1255 (0.1812)  time: 0.8655  data: 0.0003  max mem: 35168
Epoch: [11]  [ 360/1416]  eta: 0:16:05  lr: 0.000189  min_lr: 0.000189  loss: 0.0673 (0.0828)  reconst_loss: 0.0011 (0.0012)  code_loss: 0.0662 (0.0816)  weight_decay: 0.0500 (0.0500)  grad_norm: 0.1255 (0.1799)  time: 0.8734  data: 0.0003  max mem: 35168
Epoch: [11]  [ 370/1416]  eta: 0:15:55  lr: 0.000188  min_lr: 0.000188  loss: 0.0664 (0.0823)  reconst_loss: 0.0011 (0.0012)  code_loss: 0.0654 (0.0812)  weight_decay: 0.0500 (0.0500)  grad_norm: 0.1175 (0.1782)  time: 0.8757  data: 0.0004  max mem: 35168
Epoch: [11]  [ 380/1416]  eta: 0:15:45  lr: 0.000188  min_lr: 0.000188  loss: 0.0658 (0.0819)  reconst_loss: 0.0011 (0.0012)  code_loss: 0.0646 (0.0807)  weight_decay: 0.0500 (0.0500)  grad_norm: 0.1210 (0.1773)  time: 0.8706  data: 0.0003  max mem: 35168
Epoch: [11]  [ 390/1416]  eta: 0:15:34  lr: 0.000188  min_lr: 0.000188  loss: 0.0653 (0.0815)  reconst_loss: 0.0012 (0.0012)  code_loss: 0.0640 (0.0803)  weight_decay: 0.0500 (0.0500)  grad_norm: 0.1402 (0.1767)  time: 0.8690  data: 0.0003  max mem: 35168
Epoch: [11]  [ 400/1416]  eta: 0:15:24  lr: 0.000188  min_lr: 0.000188  loss: 0.0644 (0.0810)  reconst_loss: 0.0011 (0.0012)  code_loss: 0.0633 (0.0799)  weight_decay: 0.0500 (0.0500)  grad_norm: 0.1534 (0.1766)  time: 0.8696  data: 0.0003  max mem: 35168
Epoch: [11]  [ 410/1416]  eta: 0:15:14  lr: 0.000188  min_lr: 0.000188  loss: 0.0636 (0.0806)  reconst_loss: 0.0011 (0.0012)  code_loss: 0.0625 (0.0794)  weight_decay: 0.0500 (0.0500)  grad_norm: 0.1569 (0.1761)  time: 0.8675  data: 0.0003  max mem: 35168
Epoch: [11]  [ 420/1416]  eta: 0:15:04  lr: 0.000187  min_lr: 0.000187  loss: 0.0630 (0.0802)  reconst_loss: 0.0012 (0.0012)  code_loss: 0.0618 (0.0790)  weight_decay: 0.0500 (0.0500)  grad_norm: 0.1542 (0.1758)  time: 0.8646  data: 0.0003  max mem: 35168
Epoch: [11]  [ 430/1416]  eta: 0:14:54  lr: 0.000187  min_lr: 0.000187  loss: 0.0621 (0.0797)  reconst_loss: 0.0012 (0.0012)  code_loss: 0.0610 (0.0786)  weight_decay: 0.0500 (0.0500)  grad_norm: 0.1723 (0.1758)  time: 0.8675  data: 0.0003  max mem: 35168
Epoch: [11]  [ 440/1416]  eta: 0:14:44  lr: 0.000187  min_lr: 0.000187  loss: 0.0613 (0.0793)  reconst_loss: 0.0012 (0.0012)  code_loss: 0.0602 (0.0781)  weight_decay: 0.0500 (0.0500)  grad_norm: 0.1950 (0.1774)  time: 0.8704  data: 0.0004  max mem: 35168
Epoch: [11]  [ 450/1416]  eta: 0:14:34  lr: 0.000187  min_lr: 0.000187  loss: 0.0615 (0.0791)  reconst_loss: 0.0013 (0.0012)  code_loss: 0.0603 (0.0780)  weight_decay: 0.0500 (0.0500)  grad_norm: 0.5126 (0.2199)  time: 0.8632  data: 0.0004  max mem: 35168
Epoch: [11]  [ 460/1416]  eta: 0:14:24  lr: 0.000187  min_lr: 0.000187  loss: 0.0650 (0.0788)  reconst_loss: 0.0020 (0.0012)  code_loss: 0.0629 (0.0776)  weight_decay: 0.0500 (0.0500)  grad_norm: 1.2609 (0.2410)  time: 0.8663  data: 0.0002  max mem: 35168
Epoch: [11]  [ 470/1416]  eta: 0:14:14  lr: 0.000186  min_lr: 0.000186  loss: 0.0618 (0.0785)  reconst_loss: 0.0018 (0.0012)  code_loss: 0.0600 (0.0772)  weight_decay: 0.0500 (0.0500)  grad_norm: 0.5410 (0.2435)  time: 0.8706  data: 0.0003  max mem: 35168
Epoch: [11]  [ 480/1416]  eta: 0:14:05  lr: 0.000186  min_lr: 0.000186  loss: 0.0608 (0.0781)  reconst_loss: 0.0015 (0.0012)  code_loss: 0.0592 (0.0769)  weight_decay: 0.0500 (0.0500)  grad_norm: 0.2680 (0.2428)  time: 0.8653  data: 0.0003  max mem: 35168
Epoch: [11]  [ 490/1416]  eta: 0:13:55  lr: 0.000186  min_lr: 0.000186  loss: 0.0599 (0.0777)  reconst_loss: 0.0013 (0.0012)  code_loss: 0.0586 (0.0765)  weight_decay: 0.0500 (0.0500)  grad_norm: 0.1679 (0.2410)  time: 0.8630  data: 0.0003  max mem: 35168
Epoch: [11]  [ 500/1416]  eta: 0:13:45  lr: 0.000186  min_lr: 0.000186  loss: 0.0595 (0.0773)  reconst_loss: 0.0013 (0.0012)  code_loss: 0.0582 (0.0761)  weight_decay: 0.0500 (0.0500)  grad_norm: 0.1590 (0.2410)  time: 0.8662  data: 0.0004  max mem: 35168
Epoch: [11]  [ 510/1416]  eta: 0:13:36  lr: 0.000185  min_lr: 0.000185  loss: 0.0588 (0.0770)  reconst_loss: 0.0012 (0.0012)  code_loss: 0.0577 (0.0757)  weight_decay: 0.0500 (0.0500)  grad_norm: 0.1365 (0.2385)  time: 0.8650  data: 0.0003  max mem: 35168
Epoch: [11]  [ 520/1416]  eta: 0:13:26  lr: 0.000185  min_lr: 0.000185  loss: 0.0585 (0.0766)  reconst_loss: 0.0011 (0.0012)  code_loss: 0.0573 (0.0754)  weight_decay: 0.0500 (0.0500)  grad_norm: 0.0984 (0.2356)  time: 0.8617  data: 0.0004  max mem: 35168
Epoch: [11]  [ 530/1416]  eta: 0:13:16  lr: 0.000185  min_lr: 0.000185  loss: 0.0582 (0.0763)  reconst_loss: 0.0012 (0.0012)  code_loss: 0.0570 (0.0750)  weight_decay: 0.0500 (0.0500)  grad_norm: 0.0984 (0.2342)  time: 0.8652  data: 0.0005  max mem: 35168
Epoch: [11]  [ 540/1416]  eta: 0:13:07  lr: 0.000185  min_lr: 0.000185  loss: 0.0578 (0.0759)  reconst_loss: 0.0011 (0.0012)  code_loss: 0.0566 (0.0747)  weight_decay: 0.0500 (0.0500)  grad_norm: 0.1892 (0.2347)  time: 0.8652  data: 0.0004  max mem: 35168
Epoch: [11]  [ 550/1416]  eta: 0:12:57  lr: 0.000185  min_lr: 0.000185  loss: 0.0573 (0.0756)  reconst_loss: 0.0011 (0.0012)  code_loss: 0.0562 (0.0744)  weight_decay: 0.0500 (0.0500)  grad_norm: 0.1849 (0.2334)  time: 0.8686  data: 0.0004  max mem: 35168
Epoch: [11]  [ 560/1416]  eta: 0:12:48  lr: 0.000184  min_lr: 0.000184  loss: 0.0569 (0.0752)  reconst_loss: 0.0011 (0.0012)  code_loss: 0.0558 (0.0740)  weight_decay: 0.0500 (0.0500)  grad_norm: 0.0971 (0.2307)  time: 0.8723  data: 0.0006  max mem: 35168
Epoch: [11]  [ 570/1416]  eta: 0:12:38  lr: 0.000184  min_lr: 0.000184  loss: 0.0565 (0.0749)  reconst_loss: 0.0011 (0.0012)  code_loss: 0.0555 (0.0737)  weight_decay: 0.0500 (0.0500)  grad_norm: 0.0746 (0.2280)  time: 0.8663  data: 0.0005  max mem: 35168
Epoch: [11]  [ 580/1416]  eta: 0:12:29  lr: 0.000184  min_lr: 0.000184  loss: 0.0563 (0.0746)  reconst_loss: 0.0011 (0.0012)  code_loss: 0.0552 (0.0734)  weight_decay: 0.0500 (0.0500)  grad_norm: 0.1026 (0.2292)  time: 0.8662  data: 0.0003  max mem: 35168
Epoch: [11]  [ 590/1416]  eta: 0:12:20  lr: 0.000184  min_lr: 0.000184  loss: 0.0562 (0.0743)  reconst_loss: 0.0012 (0.0012)  code_loss: 0.0549 (0.0731)  weight_decay: 0.0500 (0.0500)  grad_norm: 0.1961 (0.2294)  time: 0.8707  data: 0.0003  max mem: 35168
Epoch: [11]  [ 600/1416]  eta: 0:12:10  lr: 0.000184  min_lr: 0.000184  loss: 0.0558 (0.0740)  reconst_loss: 0.0012 (0.0012)  code_loss: 0.0546 (0.0728)  weight_decay: 0.0500 (0.0500)  grad_norm: 0.1749 (0.2279)  time: 0.8707  data: 0.0003  max mem: 35168
Epoch: [11]  [ 610/1416]  eta: 0:12:01  lr: 0.000183  min_lr: 0.000183  loss: 0.0555 (0.0737)  reconst_loss: 0.0011 (0.0012)  code_loss: 0.0544 (0.0725)  weight_decay: 0.0500 (0.0500)  grad_norm: 0.1274 (0.2262)  time: 0.8659  data: 0.0003  max mem: 35168
Epoch: [11]  [ 620/1416]  eta: 0:11:52  lr: 0.000183  min_lr: 0.000183  loss: 0.0553 (0.0734)  reconst_loss: 0.0011 (0.0012)  code_loss: 0.0542 (0.0722)  weight_decay: 0.0500 (0.0500)  grad_norm: 0.0946 (0.2239)  time: 0.8639  data: 0.0003  max mem: 35168
Epoch: [11]  [ 630/1416]  eta: 0:11:43  lr: 0.000183  min_lr: 0.000183  loss: 0.0552 (0.0731)  reconst_loss: 0.0011 (0.0012)  code_loss: 0.0541 (0.0719)  weight_decay: 0.0500 (0.0500)  grad_norm: 0.0853 (0.2229)  time: 0.8700  data: 0.0003  max mem: 35168
Epoch: [11]  [ 640/1416]  eta: 0:11:33  lr: 0.000183  min_lr: 0.000183  loss: 0.0552 (0.0728)  reconst_loss: 0.0011 (0.0012)  code_loss: 0.0540 (0.0716)  weight_decay: 0.0500 (0.0500)  grad_norm: 0.1393 (0.2219)  time: 0.8742  data: 0.0003  max mem: 35168
Epoch: [11]  [ 650/1416]  eta: 0:11:24  lr: 0.000182  min_lr: 0.000182  loss: 0.0551 (0.0725)  reconst_loss: 0.0012 (0.0012)  code_loss: 0.0540 (0.0713)  weight_decay: 0.0500 (0.0500)  grad_norm: 0.1078 (0.2202)  time: 0.8734  data: 0.0003  max mem: 35168
Epoch: [11]  [ 660/1416]  eta: 0:11:15  lr: 0.000182  min_lr: 0.000182  loss: 0.0551 (0.0723)  reconst_loss: 0.0011 (0.0012)  code_loss: 0.0540 (0.0711)  weight_decay: 0.0500 (0.0500)  grad_norm: 0.1171 (0.2193)  time: 0.8721  data: 0.0003  max mem: 35168
Epoch: [11]  [ 670/1416]  eta: 0:11:06  lr: 0.000182  min_lr: 0.000182  loss: 0.0551 (0.0720)  reconst_loss: 0.0011 (0.0012)  code_loss: 0.0540 (0.0708)  weight_decay: 0.0500 (0.0500)  grad_norm: 0.1788 (0.2189)  time: 0.8709  data: 0.0005  max mem: 35168
Epoch: [11]  [ 680/1416]  eta: 0:10:57  lr: 0.000182  min_lr: 0.000182  loss: 0.0551 (0.0718)  reconst_loss: 0.0011 (0.0012)  code_loss: 0.0540 (0.0706)  weight_decay: 0.0500 (0.0500)  grad_norm: 0.1801 (0.2185)  time: 0.8720  data: 0.0004  max mem: 35168
Epoch: [11]  [ 690/1416]  eta: 0:10:47  lr: 0.000182  min_lr: 0.000182  loss: 0.0551 (0.0715)  reconst_loss: 0.0011 (0.0012)  code_loss: 0.0540 (0.0703)  weight_decay: 0.0500 (0.0500)  grad_norm: 0.1668 (0.2176)  time: 0.8734  data: 0.0003  max mem: 35168
Epoch: [11]  [ 700/1416]  eta: 0:10:38  lr: 0.000181  min_lr: 0.000181  loss: 0.0550 (0.0713)  reconst_loss: 0.0011 (0.0012)  code_loss: 0.0539 (0.0701)  weight_decay: 0.0500 (0.0500)  grad_norm: 0.1500 (0.2166)  time: 0.8736  data: 0.0002  max mem: 35168
Epoch: [11]  [ 710/1416]  eta: 0:10:29  lr: 0.000181  min_lr: 0.000181  loss: 0.0549 (0.0711)  reconst_loss: 0.0011 (0.0012)  code_loss: 0.0538 (0.0699)  weight_decay: 0.0500 (0.0500)  grad_norm: 0.1328 (0.2155)  time: 0.8714  data: 0.0002  max mem: 35168
Epoch: [11]  [ 720/1416]  eta: 0:10:20  lr: 0.000181  min_lr: 0.000181  loss: 0.0548 (0.0708)  reconst_loss: 0.0011 (0.0012)  code_loss: 0.0537 (0.0696)  weight_decay: 0.0500 (0.0500)  grad_norm: 0.1082 (0.2142)  time: 0.8648  data: 0.0003  max mem: 35168
Epoch: [11]  [ 730/1416]  eta: 0:10:11  lr: 0.000181  min_lr: 0.000181  loss: 0.0547 (0.0706)  reconst_loss: 0.0011 (0.0012)  code_loss: 0.0536 (0.0694)  weight_decay: 0.0500 (0.0500)  grad_norm: 0.1361 (0.2137)  time: 0.8643  data: 0.0004  max mem: 35168
Epoch: [11]  [ 740/1416]  eta: 0:10:02  lr: 0.000180  min_lr: 0.000180  loss: 0.0546 (0.0704)  reconst_loss: 0.0011 (0.0012)  code_loss: 0.0534 (0.0692)  weight_decay: 0.0500 (0.0500)  grad_norm: 0.1755 (0.2139)  time: 0.8716  data: 0.0003  max mem: 35168
Epoch: [11]  [ 750/1416]  eta: 0:09:53  lr: 0.000180  min_lr: 0.000180  loss: 0.0541 (0.0702)  reconst_loss: 0.0011 (0.0012)  code_loss: 0.0530 (0.0690)  weight_decay: 0.0500 (0.0500)  grad_norm: 0.1649 (0.2129)  time: 0.8774  data: 0.0003  max mem: 35168
Epoch: [11]  [ 760/1416]  eta: 0:09:44  lr: 0.000180  min_lr: 0.000180  loss: 0.0539 (0.0700)  reconst_loss: 0.0011 (0.0012)  code_loss: 0.0528 (0.0688)  weight_decay: 0.0500 (0.0500)  grad_norm: 0.1272 (0.2117)  time: 0.8752  data: 0.0005  max mem: 35168
Epoch: [11]  [ 770/1416]  eta: 0:09:35  lr: 0.000180  min_lr: 0.000180  loss: 0.0536 (0.0697)  reconst_loss: 0.0011 (0.0012)  code_loss: 0.0525 (0.0685)  weight_decay: 0.0500 (0.0500)  grad_norm: 0.1189 (0.2107)  time: 0.8710  data: 0.0005  max mem: 35168
Epoch: [11]  [ 780/1416]  eta: 0:09:26  lr: 0.000180  min_lr: 0.000180  loss: 0.0533 (0.0695)  reconst_loss: 0.0011 (0.0012)  code_loss: 0.0521 (0.0683)  weight_decay: 0.0500 (0.0500)  grad_norm: 0.1256 (0.2099)  time: 0.8709  data: 0.0003  max mem: 35168
Epoch: [11]  [ 790/1416]  eta: 0:09:17  lr: 0.000179  min_lr: 0.000179  loss: 0.0530 (0.0693)  reconst_loss: 0.0011 (0.0012)  code_loss: 0.0519 (0.0681)  weight_decay: 0.0500 (0.0500)  grad_norm: 0.1034 (0.2084)  time: 0.8701  data: 0.0003  max mem: 35168
Epoch: [11]  [ 800/1416]  eta: 0:09:07  lr: 0.000179  min_lr: 0.000179  loss: 0.0527 (0.0691)  reconst_loss: 0.0011 (0.0012)  code_loss: 0.0516 (0.0679)  weight_decay: 0.0500 (0.0500)  grad_norm: 0.0962 (0.2076)  time: 0.8684  data: 0.0002  max mem: 35168
Epoch: [11]  [ 810/1416]  eta: 0:08:58  lr: 0.000179  min_lr: 0.000179  loss: 0.0525 (0.0689)  reconst_loss: 0.0011 (0.0012)  code_loss: 0.0514 (0.0677)  weight_decay: 0.0500 (0.0500)  grad_norm: 0.1042 (0.2064)  time: 0.8665  data: 0.0003  max mem: 35168
Epoch: [11]  [ 820/1416]  eta: 0:08:49  lr: 0.000179  min_lr: 0.000179  loss: 0.0522 (0.0687)  reconst_loss: 0.0011 (0.0012)  code_loss: 0.0511 (0.0675)  weight_decay: 0.0500 (0.0500)  grad_norm: 0.1171 (0.2058)  time: 0.8661  data: 0.0003  max mem: 35168
Epoch: [11]  [ 830/1416]  eta: 0:08:40  lr: 0.000179  min_lr: 0.000179  loss: 0.0520 (0.0685)  reconst_loss: 0.0011 (0.0012)  code_loss: 0.0509 (0.0673)  weight_decay: 0.0500 (0.0500)  grad_norm: 0.1248 (0.2050)  time: 0.8654  data: 0.0003  max mem: 35168
Epoch: [11]  [ 840/1416]  eta: 0:08:31  lr: 0.000178  min_lr: 0.000178  loss: 0.0518 (0.0683)  reconst_loss: 0.0011 (0.0012)  code_loss: 0.0507 (0.0671)  weight_decay: 0.0500 (0.0500)  grad_norm: 0.1423 (0.2044)  time: 0.8669  data: 0.0003  max mem: 35168
Epoch: [11]  [ 850/1416]  eta: 0:08:22  lr: 0.000178  min_lr: 0.000178  loss: 0.0514 (0.0681)  reconst_loss: 0.0011 (0.0012)  code_loss: 0.0503 (0.0669)  weight_decay: 0.0500 (0.0500)  grad_norm: 0.1445 (0.2037)  time: 0.8708  data: 0.0003  max mem: 35168
Epoch: [11]  [ 860/1416]  eta: 0:08:13  lr: 0.000178  min_lr: 0.000178  loss: 0.0509 (0.0679)  reconst_loss: 0.0011 (0.0012)  code_loss: 0.0498 (0.0667)  weight_decay: 0.0500 (0.0500)  grad_norm: 0.1414 (0.2032)  time: 0.8723  data: 0.0004  max mem: 35168
Epoch: [11]  [ 870/1416]  eta: 0:08:04  lr: 0.000178  min_lr: 0.000178  loss: 0.0506 (0.0677)  reconst_loss: 0.0011 (0.0012)  code_loss: 0.0494 (0.0665)  weight_decay: 0.0500 (0.0500)  grad_norm: 0.1292 (0.2024)  time: 0.8670  data: 0.0004  max mem: 35168
Epoch: [11]  [ 880/1416]  eta: 0:07:55  lr: 0.000177  min_lr: 0.000177  loss: 0.0501 (0.0675)  reconst_loss: 0.0011 (0.0012)  code_loss: 0.0489 (0.0663)  weight_decay: 0.0500 (0.0500)  grad_norm: 0.1270 (0.2019)  time: 0.8632  data: 0.0003  max mem: 35168
Epoch: [11]  [ 890/1416]  eta: 0:07:46  lr: 0.000177  min_lr: 0.000177  loss: 0.0496 (0.0673)  reconst_loss: 0.0011 (0.0012)  code_loss: 0.0486 (0.0661)  weight_decay: 0.0500 (0.0500)  grad_norm: 0.1187 (0.2009)  time: 0.8646  data: 0.0003  max mem: 35168
Epoch: [11]  [ 900/1416]  eta: 0:07:37  lr: 0.000177  min_lr: 0.000177  loss: 0.0493 (0.0671)  reconst_loss: 0.0011 (0.0012)  code_loss: 0.0482 (0.0659)  weight_decay: 0.0500 (0.0500)  grad_norm: 0.1152 (0.2004)  time: 0.8635  data: 0.0003  max mem: 35168
Epoch: [11]  [ 910/1416]  eta: 0:07:28  lr: 0.000177  min_lr: 0.000177  loss: 0.0491 (0.0669)  reconst_loss: 0.0011 (0.0012)  code_loss: 0.0480 (0.0657)  weight_decay: 0.0500 (0.0500)  grad_norm: 0.1429 (0.1996)  time: 0.8649  data: 0.0003  max mem: 35168
Epoch: [11]  [ 920/1416]  eta: 0:07:19  lr: 0.000177  min_lr: 0.000177  loss: 0.0486 (0.0667)  reconst_loss: 0.0011 (0.0012)  code_loss: 0.0476 (0.0655)  weight_decay: 0.0500 (0.0500)  grad_norm: 0.1283 (0.1990)  time: 0.8691  data: 0.0005  max mem: 35168
Epoch: [11]  [ 930/1416]  eta: 0:07:10  lr: 0.000176  min_lr: 0.000176  loss: 0.0483 (0.0665)  reconst_loss: 0.0011 (0.0012)  code_loss: 0.0472 (0.0653)  weight_decay: 0.0500 (0.0500)  grad_norm: 0.1283 (0.1983)  time: 0.8704  data: 0.0004  max mem: 35168
Epoch: [11]  [ 940/1416]  eta: 0:07:01  lr: 0.000176  min_lr: 0.000176  loss: 0.0480 (0.0663)  reconst_loss: 0.0011 (0.0012)  code_loss: 0.0469 (0.0651)  weight_decay: 0.0500 (0.0500)  grad_norm: 0.1132 (0.1973)  time: 0.8721  data: 0.0002  max mem: 35168
Epoch: [11]  [ 950/1416]  eta: 0:06:52  lr: 0.000176  min_lr: 0.000176  loss: 0.0477 (0.0661)  reconst_loss: 0.0011 (0.0012)  code_loss: 0.0465 (0.0649)  weight_decay: 0.0500 (0.0500)  grad_norm: 0.1054 (0.1965)  time: 0.8691  data: 0.0002  max mem: 35168
Epoch: [11]  [ 960/1416]  eta: 0:06:43  lr: 0.000176  min_lr: 0.000176  loss: 0.0474 (0.0659)  reconst_loss: 0.0011 (0.0012)  code_loss: 0.0464 (0.0647)  weight_decay: 0.0500 (0.0500)  grad_norm: 0.1061 (0.1956)  time: 0.8592  data: 0.0003  max mem: 35168
Epoch: [11]  [ 970/1416]  eta: 0:06:34  lr: 0.000175  min_lr: 0.000175  loss: 0.0472 (0.0657)  reconst_loss: 0.0011 (0.0012)  code_loss: 0.0461 (0.0645)  weight_decay: 0.0500 (0.0500)  grad_norm: 0.1219 (0.1953)  time: 0.8597  data: 0.0003  max mem: 35168
Epoch: [11]  [ 980/1416]  eta: 0:06:25  lr: 0.000175  min_lr: 0.000175  loss: 0.0469 (0.0655)  reconst_loss: 0.0011 (0.0012)  code_loss: 0.0458 (0.0643)  weight_decay: 0.0500 (0.0500)  grad_norm: 0.1481 (0.1949)  time: 0.8651  data: 0.0004  max mem: 35168
Epoch: [11]  [ 990/1416]  eta: 0:06:17  lr: 0.000175  min_lr: 0.000175  loss: 0.0466 (0.0653)  reconst_loss: 0.0011 (0.0012)  code_loss: 0.0456 (0.0641)  weight_decay: 0.0500 (0.0500)  grad_norm: 0.1356 (0.1943)  time: 0.8701  data: 0.0004  max mem: 35168
Epoch: [11]  [1000/1416]  eta: 0:06:08  lr: 0.000175  min_lr: 0.000175  loss: 0.0464 (0.0651)  reconst_loss: 0.0011 (0.0012)  code_loss: 0.0453 (0.0640)  weight_decay: 0.0500 (0.0500)  grad_norm: 0.1170 (0.1935)  time: 0.8703  data: 0.0003  max mem: 35168
Epoch: [11]  [1010/1416]  eta: 0:05:59  lr: 0.000175  min_lr: 0.000175  loss: 0.0461 (0.0649)  reconst_loss: 0.0011 (0.0012)  code_loss: 0.0449 (0.0638)  weight_decay: 0.0500 (0.0500)  grad_norm: 0.0982 (0.1925)  time: 0.8615  data: 0.0005  max mem: 35168
Epoch: [11]  [1020/1416]  eta: 0:05:50  lr: 0.000174  min_lr: 0.000174  loss: 0.0457 (0.0648)  reconst_loss: 0.0011 (0.0012)  code_loss: 0.0446 (0.0636)  weight_decay: 0.0500 (0.0500)  grad_norm: 0.1067 (0.1920)  time: 0.8643  data: 0.0005  max mem: 35168
Epoch: [11]  [1030/1416]  eta: 0:05:41  lr: 0.000174  min_lr: 0.000174  loss: 0.0454 (0.0646)  reconst_loss: 0.0011 (0.0012)  code_loss: 0.0444 (0.0634)  weight_decay: 0.0500 (0.0500)  grad_norm: 0.1589 (0.1920)  time: 0.8728  data: 0.0003  max mem: 35168
Epoch: [11]  [1040/1416]  eta: 0:05:32  lr: 0.000174  min_lr: 0.000174  loss: 0.0452 (0.0644)  reconst_loss: 0.0011 (0.0012)  code_loss: 0.0441 (0.0632)  weight_decay: 0.0500 (0.0500)  grad_norm: 0.1629 (0.1916)  time: 0.8742  data: 0.0002  max mem: 35168
Epoch: [11]  [1050/1416]  eta: 0:05:23  lr: 0.000174  min_lr: 0.000174  loss: 0.0449 (0.0642)  reconst_loss: 0.0011 (0.0012)  code_loss: 0.0438 (0.0630)  weight_decay: 0.0500 (0.0500)  grad_norm: 0.1385 (0.1911)  time: 0.8690  data: 0.0003  max mem: 35168
Epoch: [11]  [1060/1416]  eta: 0:05:14  lr: 0.000174  min_lr: 0.000174  loss: 0.0446 (0.0640)  reconst_loss: 0.0011 (0.0012)  code_loss: 0.0435 (0.0628)  weight_decay: 0.0500 (0.0500)  grad_norm: 0.1349 (0.1907)  time: 0.8695  data: 0.0004  max mem: 35168
Epoch: [11]  [1070/1416]  eta: 0:05:05  lr: 0.000173  min_lr: 0.000173  loss: 0.0443 (0.0638)  reconst_loss: 0.0010 (0.0012)  code_loss: 0.0432 (0.0626)  weight_decay: 0.0500 (0.0500)  grad_norm: 0.1286 (0.1901)  time: 0.8737  data: 0.0004  max mem: 35168
Epoch: [11]  [1080/1416]  eta: 0:04:56  lr: 0.000173  min_lr: 0.000173  loss: 0.0439 (0.0636)  reconst_loss: 0.0011 (0.0012)  code_loss: 0.0429 (0.0625)  weight_decay: 0.0500 (0.0500)  grad_norm: 0.1161 (0.1895)  time: 0.8747  data: 0.0003  max mem: 35168
Epoch: [11]  [1090/1416]  eta: 0:04:48  lr: 0.000173  min_lr: 0.000173  loss: 0.0437 (0.0634)  reconst_loss: 0.0011 (0.0012)  code_loss: 0.0426 (0.0623)  weight_decay: 0.0500 (0.0500)  grad_norm: 0.1062 (0.1887)  time: 0.8748  data: 0.0003  max mem: 35168
Epoch: [11]  [1100/1416]  eta: 0:04:39  lr: 0.000173  min_lr: 0.000173  loss: 0.0434 (0.0633)  reconst_loss: 0.0011 (0.0012)  code_loss: 0.0424 (0.0621)  weight_decay: 0.0500 (0.0500)  grad_norm: 0.1010 (0.1880)  time: 0.8704  data: 0.0004  max mem: 35168
Epoch: [11]  [1110/1416]  eta: 0:04:30  lr: 0.000172  min_lr: 0.000172  loss: 0.0432 (0.0631)  reconst_loss: 0.0011 (0.0012)  code_loss: 0.0421 (0.0619)  weight_decay: 0.0500 (0.0500)  grad_norm: 0.1050 (0.1874)  time: 0.8686  data: 0.0003  max mem: 35168
Epoch: [11]  [1120/1416]  eta: 0:04:21  lr: 0.000172  min_lr: 0.000172  loss: 0.0430 (0.0629)  reconst_loss: 0.0011 (0.0012)  code_loss: 0.0419 (0.0617)  weight_decay: 0.0500 (0.0500)  grad_norm: 0.1291 (0.1871)  time: 0.8679  data: 0.0003  max mem: 35168
Epoch: [11]  [1130/1416]  eta: 0:04:12  lr: 0.000172  min_lr: 0.000172  loss: 0.0428 (0.0627)  reconst_loss: 0.0011 (0.0012)  code_loss: 0.0417 (0.0616)  weight_decay: 0.0500 (0.0500)  grad_norm: 0.1382 (0.1867)  time: 0.8687  data: 0.0003  max mem: 35168
Epoch: [11]  [1140/1416]  eta: 0:04:03  lr: 0.000172  min_lr: 0.000172  loss: 0.0424 (0.0625)  reconst_loss: 0.0010 (0.0012)  code_loss: 0.0414 (0.0614)  weight_decay: 0.0500 (0.0500)  grad_norm: 0.1099 (0.1858)  time: 0.8668  data: 0.0002  max mem: 35168
Epoch: [11]  [1150/1416]  eta: 0:03:54  lr: 0.000172  min_lr: 0.000172  loss: 0.0422 (0.0624)  reconst_loss: 0.0010 (0.0012)  code_loss: 0.0412 (0.0612)  weight_decay: 0.0500 (0.0500)  grad_norm: 0.0855 (0.1849)  time: 0.8630  data: 0.0003  max mem: 35168
Epoch: [11]  [1160/1416]  eta: 0:03:45  lr: 0.000171  min_lr: 0.000171  loss: 0.0420 (0.0622)  reconst_loss: 0.0010 (0.0012)  code_loss: 0.0410 (0.0610)  weight_decay: 0.0500 (0.0500)  grad_norm: 0.0877 (0.1844)  time: 0.8646  data: 0.0003  max mem: 35168
Epoch: [11]  [1170/1416]  eta: 0:03:37  lr: 0.000171  min_lr: 0.000171  loss: 0.0418 (0.0620)  reconst_loss: 0.0011 (0.0012)  code_loss: 0.0407 (0.0609)  weight_decay: 0.0500 (0.0500)  grad_norm: 0.1428 (0.1842)  time: 0.8695  data: 0.0004  max mem: 35168
Epoch: [11]  [1180/1416]  eta: 0:03:28  lr: 0.000171  min_lr: 0.000171  loss: 0.0415 (0.0618)  reconst_loss: 0.0011 (0.0012)  code_loss: 0.0404 (0.0607)  weight_decay: 0.0500 (0.0500)  grad_norm: 0.1542 (0.1840)  time: 0.8724  data: 0.0003  max mem: 35168
Epoch: [11]  [1190/1416]  eta: 0:03:19  lr: 0.000171  min_lr: 0.000171  loss: 0.0411 (0.0617)  reconst_loss: 0.0010 (0.0012)  code_loss: 0.0401 (0.0605)  weight_decay: 0.0500 (0.0500)  grad_norm: 0.1297 (0.1835)  time: 0.8709  data: 0.0003  max mem: 35168
Epoch: [11]  [1200/1416]  eta: 0:03:10  lr: 0.000170  min_lr: 0.000170  loss: 0.0410 (0.0615)  reconst_loss: 0.0010 (0.0012)  code_loss: 0.0399 (0.0603)  weight_decay: 0.0500 (0.0500)  grad_norm: 0.1222 (0.1829)  time: 0.8634  data: 0.0007  max mem: 35168
Epoch: [11]  [1210/1416]  eta: 0:03:01  lr: 0.000170  min_lr: 0.000170  loss: 0.0407 (0.0613)  reconst_loss: 0.0010 (0.0012)  code_loss: 0.0396 (0.0602)  weight_decay: 0.0500 (0.0500)  grad_norm: 0.1222 (0.1825)  time: 0.8490  data: 0.0006  max mem: 35168
Epoch: [11]  [1220/1416]  eta: 0:02:52  lr: 0.000170  min_lr: 0.000170  loss: 0.0405 (0.0611)  reconst_loss: 0.0011 (0.0012)  code_loss: 0.0394 (0.0600)  weight_decay: 0.0500 (0.0500)  grad_norm: 0.1287 (0.1820)  time: 0.8396  data: 0.0001  max mem: 35168
Epoch: [11]  [1230/1416]  eta: 0:02:43  lr: 0.000170  min_lr: 0.000170  loss: 0.0403 (0.0610)  reconst_loss: 0.0011 (0.0012)  code_loss: 0.0392 (0.0598)  weight_decay: 0.0500 (0.0500)  grad_norm: 0.1231 (0.1815)  time: 0.8398  data: 0.0001  max mem: 35168
Epoch: [11]  [1240/1416]  eta: 0:02:35  lr: 0.000170  min_lr: 0.000170  loss: 0.0400 (0.0608)  reconst_loss: 0.0011 (0.0012)  code_loss: 0.0389 (0.0597)  weight_decay: 0.0500 (0.0500)  grad_norm: 0.1193 (0.1811)  time: 0.8389  data: 0.0001  max mem: 35168
Epoch: [11]  [1250/1416]  eta: 0:02:26  lr: 0.000169  min_lr: 0.000169  loss: 0.0399 (0.0606)  reconst_loss: 0.0010 (0.0012)  code_loss: 0.0388 (0.0595)  weight_decay: 0.0500 (0.0500)  grad_norm: 0.1182 (0.1805)  time: 0.8388  data: 0.0001  max mem: 35168
Epoch: [11]  [1260/1416]  eta: 0:02:17  lr: 0.000169  min_lr: 0.000169  loss: 0.0396 (0.0605)  reconst_loss: 0.0010 (0.0012)  code_loss: 0.0385 (0.0593)  weight_decay: 0.0500 (0.0500)  grad_norm: 0.1068 (0.1799)  time: 0.8405  data: 0.0001  max mem: 35168
Epoch: [11]  [1270/1416]  eta: 0:02:08  lr: 0.000169  min_lr: 0.000169  loss: 0.0393 (0.0603)  reconst_loss: 0.0010 (0.0012)  code_loss: 0.0383 (0.0592)  weight_decay: 0.0500 (0.0500)  grad_norm: 0.1069 (0.1794)  time: 0.8393  data: 0.0001  max mem: 35168
Epoch: [11]  [1280/1416]  eta: 0:01:59  lr: 0.000169  min_lr: 0.000169  loss: 0.0391 (0.0601)  reconst_loss: 0.0011 (0.0012)  code_loss: 0.0381 (0.0590)  weight_decay: 0.0500 (0.0500)  grad_norm: 0.1165 (0.1790)  time: 0.8390  data: 0.0001  max mem: 35168
Epoch: [11]  [1290/1416]  eta: 0:01:50  lr: 0.000168  min_lr: 0.000168  loss: 0.0390 (0.0600)  reconst_loss: 0.0011 (0.0012)  code_loss: 0.0379 (0.0588)  weight_decay: 0.0500 (0.0500)  grad_norm: 0.1092 (0.1785)  time: 0.8420  data: 0.0002  max mem: 35168
Epoch: [11]  [1300/1416]  eta: 0:01:41  lr: 0.000168  min_lr: 0.000168  loss: 0.0389 (0.0598)  reconst_loss: 0.0011 (0.0012)  code_loss: 0.0377 (0.0587)  weight_decay: 0.0500 (0.0500)  grad_norm: 0.1014 (0.1779)  time: 0.8448  data: 0.0001  max mem: 35168
Epoch: [11]  [1310/1416]  eta: 0:01:33  lr: 0.000168  min_lr: 0.000168  loss: 0.0386 (0.0597)  reconst_loss: 0.0011 (0.0012)  code_loss: 0.0375 (0.0585)  weight_decay: 0.0500 (0.0500)  grad_norm: 0.0944 (0.1773)  time: 0.8429  data: 0.0001  max mem: 35168
Epoch: [11]  [1320/1416]  eta: 0:01:24  lr: 0.000168  min_lr: 0.000168  loss: 0.0384 (0.0595)  reconst_loss: 0.0011 (0.0012)  code_loss: 0.0373 (0.0583)  weight_decay: 0.0500 (0.0500)  grad_norm: 0.0991 (0.1769)  time: 0.8402  data: 0.0001  max mem: 35168
Epoch: [11]  [1330/1416]  eta: 0:01:15  lr: 0.000168  min_lr: 0.000168  loss: 0.0382 (0.0593)  reconst_loss: 0.0010 (0.0012)  code_loss: 0.0372 (0.0582)  weight_decay: 0.0500 (0.0500)  grad_norm: 0.0995 (0.1763)  time: 0.8382  data: 0.0001  max mem: 35168
Epoch: [11]  [1340/1416]  eta: 0:01:06  lr: 0.000167  min_lr: 0.000167  loss: 0.0380 (0.0592)  reconst_loss: 0.0010 (0.0011)  code_loss: 0.0370 (0.0580)  weight_decay: 0.0500 (0.0500)  grad_norm: 0.0930 (0.1757)  time: 0.8390  data: 0.0001  max mem: 35168
Epoch: [11]  [1350/1416]  eta: 0:00:57  lr: 0.000167  min_lr: 0.000167  loss: 0.0379 (0.0590)  reconst_loss: 0.0010 (0.0011)  code_loss: 0.0368 (0.0579)  weight_decay: 0.0500 (0.0500)  grad_norm: 0.0930 (0.1752)  time: 0.8416  data: 0.0001  max mem: 35168
Epoch: [11]  [1360/1416]  eta: 0:00:49  lr: 0.000167  min_lr: 0.000167  loss: 0.0377 (0.0589)  reconst_loss: 0.0010 (0.0011)  code_loss: 0.0366 (0.0577)  weight_decay: 0.0500 (0.0500)  grad_norm: 0.0888 (0.1745)  time: 0.8409  data: 0.0001  max mem: 35168
Epoch: [11]  [1370/1416]  eta: 0:00:40  lr: 0.000167  min_lr: 0.000167  loss: 0.0375 (0.0587)  reconst_loss: 0.0011 (0.0011)  code_loss: 0.0364 (0.0575)  weight_decay: 0.0500 (0.0500)  grad_norm: 0.0953 (0.1742)  time: 0.8422  data: 0.0002  max mem: 35168
Epoch: [11]  [1380/1416]  eta: 0:00:31  lr: 0.000166  min_lr: 0.000166  loss: 0.0374 (0.0585)  reconst_loss: 0.0011 (0.0011)  code_loss: 0.0363 (0.0574)  weight_decay: 0.0500 (0.0500)  grad_norm: 0.1357 (0.1740)  time: 0.8423  data: 0.0002  max mem: 35168
Epoch: [11]  [1390/1416]  eta: 0:00:22  lr: 0.000166  min_lr: 0.000166  loss: 0.0372 (0.0584)  reconst_loss: 0.0011 (0.0011)  code_loss: 0.0361 (0.0572)  weight_decay: 0.0500 (0.0500)  grad_norm: 0.1211 (0.1736)  time: 0.8405  data: 0.0001  max mem: 35168
Epoch: [11]  [1400/1416]  eta: 0:00:14  lr: 0.000166  min_lr: 0.000166  loss: 0.0370 (0.0582)  reconst_loss: 0.0011 (0.0011)  code_loss: 0.0360 (0.0571)  weight_decay: 0.0500 (0.0500)  grad_norm: 0.1245 (0.1734)  time: 0.8411  data: 0.0001  max mem: 35168
Epoch: [11]  [1410/1416]  eta: 0:00:05  lr: 0.000166  min_lr: 0.000166  loss: 0.0369 (0.0581)  reconst_loss: 0.0011 (0.0011)  code_loss: 0.0358 (0.0569)  weight_decay: 0.0500 (0.0500)  grad_norm: 0.1230 (0.1729)  time: 0.8421  data: 0.0001  max mem: 35168
Epoch: [11]  [1415/1416]  eta: 0:00:00  lr: 0.000166  min_lr: 0.000166  loss: 0.0367 (0.0580)  reconst_loss: 0.0010 (0.0011)  code_loss: 0.0357 (0.0569)  weight_decay: 0.0500 (0.0500)  grad_norm: 0.1040 (0.1726)  time: 0.8402  data: 0.0002  max mem: 35168
Epoch: [11] Total time: 0:20:41 (0.8769 s / it)
Averaged stats: lr: 0.000166  min_lr: 0.000166  loss: 0.0367 (0.0580)  reconst_loss: 0.0010 (0.0011)  code_loss: 0.0357 (0.0569)  weight_decay: 0.0500 (0.0500)  grad_norm: 0.1040 (0.1726)
Epoch: [12]  [   0/1416]  eta: 6:54:52  lr: 0.000166  min_lr: 0.000166  loss: 0.0364 (0.0364)  reconst_loss: 0.0009 (0.0009)  code_loss: 0.0356 (0.0356)  weight_decay: 0.0500 (0.0500)  grad_norm: 0.0806 (0.0806)  time: 17.5797  data: 16.3529  max mem: 35168
Epoch: [12]  [  10/1416]  eta: 0:56:44  lr: 0.000165  min_lr: 0.000165  loss: 0.0365 (0.0365)  reconst_loss: 0.0010 (0.0010)  code_loss: 0.0355 (0.0355)  weight_decay: 0.0500 (0.0500)  grad_norm: 0.0821 (0.0827)  time: 2.4213  data: 1.4869  max mem: 35168
Epoch: [12]  [  20/1416]  eta: 0:38:51  lr: 0.000165  min_lr: 0.000165  loss: 0.0364 (0.0364)  reconst_loss: 0.0010 (0.0010)  code_loss: 0.0354 (0.0354)  weight_decay: 0.0500 (0.0500)  grad_norm: 0.0875 (0.0934)  time: 0.8748  data: 0.0004  max mem: 35168
Epoch: [12]  [  30/1416]  eta: 0:32:25  lr: 0.000165  min_lr: 0.000165  loss: 0.0362 (0.0363)  reconst_loss: 0.0010 (0.0010)  code_loss: 0.0352 (0.0353)  weight_decay: 0.0500 (0.0500)  grad_norm: 0.0935 (0.0944)  time: 0.8435  data: 0.0003  max mem: 35168
Epoch: [12]  [  40/1416]  eta: 0:29:05  lr: 0.000165  min_lr: 0.000165  loss: 0.0361 (0.0363)  reconst_loss: 0.0010 (0.0010)  code_loss: 0.0351 (0.0352)  weight_decay: 0.0500 (0.0500)  grad_norm: 0.0909 (0.0935)  time: 0.8474  data: 0.0003  max mem: 35168
Epoch: [12]  [  50/1416]  eta: 0:27:05  lr: 0.000165  min_lr: 0.000165  loss: 0.0360 (0.0362)  reconst_loss: 0.0010 (0.0010)  code_loss: 0.0350 (0.0352)  weight_decay: 0.0500 (0.0500)  grad_norm: 0.0919 (0.0959)  time: 0.8587  data: 0.0003  max mem: 35168
Epoch: [12]  [  60/1416]  eta: 0:25:41  lr: 0.000164  min_lr: 0.000164  loss: 0.0359 (0.0361)  reconst_loss: 0.0010 (0.0010)  code_loss: 0.0348 (0.0351)  weight_decay: 0.0500 (0.0500)  grad_norm: 0.0779 (0.0920)  time: 0.8656  data: 0.0002  max mem: 35168
Epoch: [12]  [  70/1416]  eta: 0:24:38  lr: 0.000164  min_lr: 0.000164  loss: 0.0358 (0.0361)  reconst_loss: 0.0010 (0.0010)  code_loss: 0.0347 (0.0350)  weight_decay: 0.0500 (0.0500)  grad_norm: 0.0778 (0.0926)  time: 0.8654  data: 0.0002  max mem: 35168
Epoch: [12]  [  80/1416]  eta: 0:23:50  lr: 0.000164  min_lr: 0.000164  loss: 0.0356 (0.0360)  reconst_loss: 0.0011 (0.0010)  code_loss: 0.0346 (0.0350)  weight_decay: 0.0500 (0.0500)  grad_norm: 0.1061 (0.0986)  time: 0.8689  data: 0.0003  max mem: 35168
Epoch: [12]  [  90/1416]  eta: 0:23:08  lr: 0.000164  min_lr: 0.000164  loss: 0.0355 (0.0360)  reconst_loss: 0.0011 (0.0010)  code_loss: 0.0345 (0.0349)  weight_decay: 0.0500 (0.0500)  grad_norm: 0.1244 (0.1027)  time: 0.8657  data: 0.0003  max mem: 35168
Epoch: [12]  [ 100/1416]  eta: 0:22:33  lr: 0.000163  min_lr: 0.000163  loss: 0.0354 (0.0359)  reconst_loss: 0.0010 (0.0010)  code_loss: 0.0344 (0.0349)  weight_decay: 0.0500 (0.0500)  grad_norm: 0.1010 (0.1016)  time: 0.8585  data: 0.0002  max mem: 35168
Epoch: [12]  [ 110/1416]  eta: 0:22:03  lr: 0.000163  min_lr: 0.000163  loss: 0.0353 (0.0358)  reconst_loss: 0.0010 (0.0010)  code_loss: 0.0342 (0.0348)  weight_decay: 0.0500 (0.0500)  grad_norm: 0.0871 (0.1003)  time: 0.8608  data: 0.0004  max mem: 35168
Epoch: [12]  [ 120/1416]  eta: 0:21:37  lr: 0.000163  min_lr: 0.000163  loss: 0.0351 (0.0358)  reconst_loss: 0.0010 (0.0010)  code_loss: 0.0341 (0.0347)  weight_decay: 0.0500 (0.0500)  grad_norm: 0.0832 (0.0994)  time: 0.8637  data: 0.0004  max mem: 35168
Epoch: [12]  [ 130/1416]  eta: 0:21:14  lr: 0.000163  min_lr: 0.000163  loss: 0.0350 (0.0357)  reconst_loss: 0.0010 (0.0010)  code_loss: 0.0340 (0.0347)  weight_decay: 0.0500 (0.0500)  grad_norm: 0.0806 (0.0980)  time: 0.8644  data: 0.0004  max mem: 35168
Epoch: [12]  [ 140/1416]  eta: 0:20:53  lr: 0.000163  min_lr: 0.000163  loss: 0.0349 (0.0357)  reconst_loss: 0.0010 (0.0010)  code_loss: 0.0339 (0.0346)  weight_decay: 0.0500 (0.0500)  grad_norm: 0.0805 (0.0971)  time: 0.8677  data: 0.0004  max mem: 35168
Epoch: [12]  [ 150/1416]  eta: 0:20:34  lr: 0.000162  min_lr: 0.000162  loss: 0.0349 (0.0356)  reconst_loss: 0.0010 (0.0010)  code_loss: 0.0338 (0.0346)  weight_decay: 0.0500 (0.0500)  grad_norm: 0.0829 (0.0959)  time: 0.8697  data: 0.0003  max mem: 35168
Epoch: [12]  [ 160/1416]  eta: 0:20:15  lr: 0.000162  min_lr: 0.000162  loss: 0.0347 (0.0355)  reconst_loss: 0.0010 (0.0010)  code_loss: 0.0337 (0.0345)  weight_decay: 0.0500 (0.0500)  grad_norm: 0.0827 (0.0952)  time: 0.8669  data: 0.0004  max mem: 35168
Epoch: [12]  [ 170/1416]  eta: 0:19:58  lr: 0.000162  min_lr: 0.000162  loss: 0.0346 (0.0355)  reconst_loss: 0.0010 (0.0010)  code_loss: 0.0336 (0.0345)  weight_decay: 0.0500 (0.0500)  grad_norm: 0.0735 (0.0940)  time: 0.8640  data: 0.0004  max mem: 35168
Epoch: [12]  [ 180/1416]  eta: 0:19:42  lr: 0.000162  min_lr: 0.000162  loss: 0.0345 (0.0354)  reconst_loss: 0.0010 (0.0010)  code_loss: 0.0335 (0.0344)  weight_decay: 0.0500 (0.0500)  grad_norm: 0.0735 (0.0938)  time: 0.8626  data: 0.0003  max mem: 35168
Epoch: [12]  [ 190/1416]  eta: 0:19:26  lr: 0.000161  min_lr: 0.000161  loss: 0.0344 (0.0354)  reconst_loss: 0.0010 (0.0010)  code_loss: 0.0334 (0.0343)  weight_decay: 0.0500 (0.0500)  grad_norm: 0.1059 (0.0949)  time: 0.8614  data: 0.0004  max mem: 35168
Epoch: [12]  [ 200/1416]  eta: 0:19:11  lr: 0.000161  min_lr: 0.000161  loss: 0.0343 (0.0353)  reconst_loss: 0.0010 (0.0010)  code_loss: 0.0333 (0.0343)  weight_decay: 0.0500 (0.0500)  grad_norm: 0.0988 (0.0950)  time: 0.8585  data: 0.0003  max mem: 35168
Epoch: [12]  [ 210/1416]  eta: 0:18:56  lr: 0.000161  min_lr: 0.000161  loss: 0.0343 (0.0353)  reconst_loss: 0.0010 (0.0010)  code_loss: 0.0333 (0.0342)  weight_decay: 0.0500 (0.0500)  grad_norm: 0.1070 (0.0961)  time: 0.8598  data: 0.0002  max mem: 35168
Epoch: [12]  [ 220/1416]  eta: 0:18:43  lr: 0.000161  min_lr: 0.000161  loss: 0.0341 (0.0352)  reconst_loss: 0.0010 (0.0010)  code_loss: 0.0331 (0.0342)  weight_decay: 0.0500 (0.0500)  grad_norm: 0.1069 (0.0960)  time: 0.8662  data: 0.0002  max mem: 35168
Epoch: [12]  [ 230/1416]  eta: 0:18:29  lr: 0.000161  min_lr: 0.000161  loss: 0.0341 (0.0352)  reconst_loss: 0.0010 (0.0010)  code_loss: 0.0331 (0.0341)  weight_decay: 0.0500 (0.0500)  grad_norm: 0.1013 (0.0968)  time: 0.8598  data: 0.0003  max mem: 35168
Epoch: [12]  [ 240/1416]  eta: 0:18:16  lr: 0.000160  min_lr: 0.000160  loss: 0.0340 (0.0351)  reconst_loss: 0.0010 (0.0010)  code_loss: 0.0329 (0.0341)  weight_decay: 0.0500 (0.0500)  grad_norm: 0.1003 (0.0965)  time: 0.8556  data: 0.0004  max mem: 35168
Epoch: [12]  [ 250/1416]  eta: 0:18:03  lr: 0.000160  min_lr: 0.000160  loss: 0.0339 (0.0351)  reconst_loss: 0.0010 (0.0010)  code_loss: 0.0329 (0.0340)  weight_decay: 0.0500 (0.0500)  grad_norm: 0.0780 (0.0956)  time: 0.8586  data: 0.0004  max mem: 35168
Epoch: [12]  [ 260/1416]  eta: 0:17:51  lr: 0.000160  min_lr: 0.000160  loss: 0.0337 (0.0350)  reconst_loss: 0.0010 (0.0010)  code_loss: 0.0328 (0.0340)  weight_decay: 0.0500 (0.0500)  grad_norm: 0.0718 (0.0950)  time: 0.8600  data: 0.0003  max mem: 35168
Epoch: [12]  [ 270/1416]  eta: 0:17:39  lr: 0.000160  min_lr: 0.000160  loss: 0.0337 (0.0350)  reconst_loss: 0.0010 (0.0010)  code_loss: 0.0327 (0.0339)  weight_decay: 0.0500 (0.0500)  grad_norm: 0.0793 (0.0953)  time: 0.8617  data: 0.0003  max mem: 35168
Epoch: [12]  [ 280/1416]  eta: 0:17:27  lr: 0.000159  min_lr: 0.000159  loss: 0.0337 (0.0349)  reconst_loss: 0.0010 (0.0010)  code_loss: 0.0326 (0.0339)  weight_decay: 0.0500 (0.0500)  grad_norm: 0.0914 (0.0956)  time: 0.8601  data: 0.0003  max mem: 35168
Epoch: [12]  [ 290/1416]  eta: 0:17:16  lr: 0.000159  min_lr: 0.000159  loss: 0.0336 (0.0349)  reconst_loss: 0.0010 (0.0010)  code_loss: 0.0326 (0.0338)  weight_decay: 0.0500 (0.0500)  grad_norm: 0.0975 (0.0959)  time: 0.8655  data: 0.0003  max mem: 35168
Epoch: [12]  [ 300/1416]  eta: 0:17:04  lr: 0.000159  min_lr: 0.000159  loss: 0.0335 (0.0348)  reconst_loss: 0.0010 (0.0010)  code_loss: 0.0325 (0.0338)  weight_decay: 0.0500 (0.0500)  grad_norm: 0.0880 (0.0955)  time: 0.8661  data: 0.0003  max mem: 35168
Epoch: [12]  [ 310/1416]  eta: 0:16:53  lr: 0.000159  min_lr: 0.000159  loss: 0.0335 (0.0348)  reconst_loss: 0.0010 (0.0010)  code_loss: 0.0325 (0.0338)  weight_decay: 0.0500 (0.0500)  grad_norm: 0.0732 (0.0946)  time: 0.8599  data: 0.0003  max mem: 35168
Epoch: [12]  [ 320/1416]  eta: 0:16:42  lr: 0.000159  min_lr: 0.000159  loss: 0.0334 (0.0347)  reconst_loss: 0.0010 (0.0010)  code_loss: 0.0324 (0.0337)  weight_decay: 0.0500 (0.0500)  grad_norm: 0.0723 (0.0946)  time: 0.8561  data: 0.0005  max mem: 35168
Epoch: [12]  [ 330/1416]  eta: 0:16:31  lr: 0.000158  min_lr: 0.000158  loss: 0.0334 (0.0347)  reconst_loss: 0.0010 (0.0010)  code_loss: 0.0324 (0.0337)  weight_decay: 0.0500 (0.0500)  grad_norm: 0.0649 (0.0934)  time: 0.8570  data: 0.0005  max mem: 35168
Epoch: [12]  [ 340/1416]  eta: 0:16:20  lr: 0.000158  min_lr: 0.000158  loss: 0.0333 (0.0347)  reconst_loss: 0.0010 (0.0010)  code_loss: 0.0323 (0.0336)  weight_decay: 0.0500 (0.0500)  grad_norm: 0.0633 (0.0931)  time: 0.8573  data: 0.0003  max mem: 35168
Epoch: [12]  [ 350/1416]  eta: 0:16:09  lr: 0.000158  min_lr: 0.000158  loss: 0.0332 (0.0346)  reconst_loss: 0.0010 (0.0010)  code_loss: 0.0322 (0.0336)  weight_decay: 0.0500 (0.0500)  grad_norm: 0.0714 (0.0926)  time: 0.8616  data: 0.0002  max mem: 35168
Epoch: [12]  [ 360/1416]  eta: 0:15:59  lr: 0.000158  min_lr: 0.000158  loss: 0.0331 (0.0346)  reconst_loss: 0.0010 (0.0010)  code_loss: 0.0322 (0.0336)  weight_decay: 0.0500 (0.0500)  grad_norm: 0.0733 (0.0920)  time: 0.8651  data: 0.0003  max mem: 35168
Epoch: [12]  [ 370/1416]  eta: 0:15:49  lr: 0.000157  min_lr: 0.000157  loss: 0.0332 (0.0345)  reconst_loss: 0.0010 (0.0010)  code_loss: 0.0322 (0.0335)  weight_decay: 0.0500 (0.0500)  grad_norm: 0.0763 (0.0920)  time: 0.8622  data: 0.0004  max mem: 35168
Epoch: [12]  [ 380/1416]  eta: 0:15:38  lr: 0.000157  min_lr: 0.000157  loss: 0.0332 (0.0345)  reconst_loss: 0.0010 (0.0010)  code_loss: 0.0321 (0.0335)  weight_decay: 0.0500 (0.0500)  grad_norm: 0.1064 (0.0927)  time: 0.8594  data: 0.0003  max mem: 35168
Epoch: [12]  [ 390/1416]  eta: 0:15:28  lr: 0.000157  min_lr: 0.000157  loss: 0.0331 (0.0345)  reconst_loss: 0.0011 (0.0010)  code_loss: 0.0321 (0.0334)  weight_decay: 0.0500 (0.0500)  grad_norm: 0.1272 (0.0934)  time: 0.8582  data: 0.0003  max mem: 35168
Epoch: [12]  [ 400/1416]  eta: 0:15:18  lr: 0.000157  min_lr: 0.000157  loss: 0.0330 (0.0344)  reconst_loss: 0.0010 (0.0010)  code_loss: 0.0320 (0.0334)  weight_decay: 0.0500 (0.0500)  grad_norm: 0.0991 (0.0933)  time: 0.8602  data: 0.0003  max mem: 35168
Epoch: [12]  [ 410/1416]  eta: 0:15:08  lr: 0.000157  min_lr: 0.000157  loss: 0.0330 (0.0344)  reconst_loss: 0.0010 (0.0010)  code_loss: 0.0320 (0.0334)  weight_decay: 0.0500 (0.0500)  grad_norm: 0.0754 (0.0929)  time: 0.8634  data: 0.0004  max mem: 35168
Epoch: [12]  [ 420/1416]  eta: 0:14:58  lr: 0.000156  min_lr: 0.000156  loss: 0.0330 (0.0344)  reconst_loss: 0.0010 (0.0010)  code_loss: 0.0319 (0.0333)  weight_decay: 0.0500 (0.0500)  grad_norm: 0.0754 (0.0926)  time: 0.8671  data: 0.0004  max mem: 35168
Epoch: [12]  [ 430/1416]  eta: 0:14:48  lr: 0.000156  min_lr: 0.000156  loss: 0.0329 (0.0343)  reconst_loss: 0.0010 (0.0010)  code_loss: 0.0319 (0.0333)  weight_decay: 0.0500 (0.0500)  grad_norm: 0.0755 (0.0921)  time: 0.8638  data: 0.0003  max mem: 35168
Epoch: [12]  [ 440/1416]  eta: 0:14:38  lr: 0.000156  min_lr: 0.000156  loss: 0.0329 (0.0343)  reconst_loss: 0.0010 (0.0010)  code_loss: 0.0319 (0.0333)  weight_decay: 0.0500 (0.0500)  grad_norm: 0.0711 (0.0919)  time: 0.8620  data: 0.0002  max mem: 35168
Epoch: [12]  [ 450/1416]  eta: 0:14:28  lr: 0.000156  min_lr: 0.000156  loss: 0.0328 (0.0343)  reconst_loss: 0.0010 (0.0010)  code_loss: 0.0318 (0.0332)  weight_decay: 0.0500 (0.0500)  grad_norm: 0.0797 (0.0916)  time: 0.8659  data: 0.0003  max mem: 35168
Epoch: [12]  [ 460/1416]  eta: 0:14:19  lr: 0.000156  min_lr: 0.000156  loss: 0.0328 (0.0342)  reconst_loss: 0.0010 (0.0010)  code_loss: 0.0318 (0.0332)  weight_decay: 0.0500 (0.0500)  grad_norm: 0.0727 (0.0912)  time: 0.8653  data: 0.0003  max mem: 35168
Epoch: [12]  [ 470/1416]  eta: 0:14:09  lr: 0.000155  min_lr: 0.000155  loss: 0.0328 (0.0342)  reconst_loss: 0.0010 (0.0010)  code_loss: 0.0318 (0.0332)  weight_decay: 0.0500 (0.0500)  grad_norm: 0.0722 (0.0909)  time: 0.8613  data: 0.0003  max mem: 35168
Epoch: [12]  [ 480/1416]  eta: 0:13:59  lr: 0.000155  min_lr: 0.000155  loss: 0.0328 (0.0342)  reconst_loss: 0.0010 (0.0010)  code_loss: 0.0318 (0.0331)  weight_decay: 0.0500 (0.0500)  grad_norm: 0.0726 (0.0908)  time: 0.8625  data: 0.0003  max mem: 35168
Epoch: [12]  [ 490/1416]  eta: 0:13:50  lr: 0.000155  min_lr: 0.000155  loss: 0.0327 (0.0341)  reconst_loss: 0.0010 (0.0010)  code_loss: 0.0317 (0.0331)  weight_decay: 0.0500 (0.0500)  grad_norm: 0.0678 (0.0902)  time: 0.8623  data: 0.0003  max mem: 35168
Epoch: [12]  [ 500/1416]  eta: 0:13:40  lr: 0.000155  min_lr: 0.000155  loss: 0.0327 (0.0341)  reconst_loss: 0.0010 (0.0010)  code_loss: 0.0317 (0.0331)  weight_decay: 0.0500 (0.0500)  grad_norm: 0.0775 (0.0910)  time: 0.8563  data: 0.0003  max mem: 35168
Epoch: [12]  [ 510/1416]  eta: 0:13:30  lr: 0.000154  min_lr: 0.000154  loss: 0.0327 (0.0341)  reconst_loss: 0.0011 (0.0010)  code_loss: 0.0317 (0.0331)  weight_decay: 0.0500 (0.0500)  grad_norm: 0.1201 (0.0916)  time: 0.8596  data: 0.0003  max mem: 35168
Epoch: [12]  [ 520/1416]  eta: 0:13:21  lr: 0.000154  min_lr: 0.000154  loss: 0.0327 (0.0341)  reconst_loss: 0.0010 (0.0010)  code_loss: 0.0317 (0.0330)  weight_decay: 0.0500 (0.0500)  grad_norm: 0.0888 (0.0913)  time: 0.8674  data: 0.0004  max mem: 35168
Epoch: [12]  [ 530/1416]  eta: 0:13:12  lr: 0.000154  min_lr: 0.000154  loss: 0.0327 (0.0340)  reconst_loss: 0.0010 (0.0010)  code_loss: 0.0316 (0.0330)  weight_decay: 0.0500 (0.0500)  grad_norm: 0.0644 (0.0907)  time: 0.8684  data: 0.0008  max mem: 35168
Epoch: [12]  [ 540/1416]  eta: 0:13:02  lr: 0.000154  min_lr: 0.000154  loss: 0.0326 (0.0340)  reconst_loss: 0.0010 (0.0010)  code_loss: 0.0316 (0.0330)  weight_decay: 0.0500 (0.0500)  grad_norm: 0.0551 (0.0900)  time: 0.8623  data: 0.0008  max mem: 35168
Epoch: [12]  [ 550/1416]  eta: 0:12:53  lr: 0.000154  min_lr: 0.000154  loss: 0.0326 (0.0340)  reconst_loss: 0.0010 (0.0010)  code_loss: 0.0316 (0.0330)  weight_decay: 0.0500 (0.0500)  grad_norm: 0.0481 (0.0891)  time: 0.8586  data: 0.0006  max mem: 35168
Epoch: [12]  [ 560/1416]  eta: 0:12:43  lr: 0.000153  min_lr: 0.000153  loss: 0.0326 (0.0340)  reconst_loss: 0.0010 (0.0010)  code_loss: 0.0316 (0.0329)  weight_decay: 0.0500 (0.0500)  grad_norm: 0.0494 (0.0891)  time: 0.8647  data: 0.0008  max mem: 35168
Epoch: [12]  [ 570/1416]  eta: 0:12:34  lr: 0.000153  min_lr: 0.000153  loss: 0.0325 (0.0339)  reconst_loss: 0.0010 (0.0010)  code_loss: 0.0315 (0.0329)  weight_decay: 0.0500 (0.0500)  grad_norm: 0.0750 (0.0888)  time: 0.8637  data: 0.0007  max mem: 35168
Epoch: [12]  [ 580/1416]  eta: 0:12:25  lr: 0.000153  min_lr: 0.000153  loss: 0.0325 (0.0339)  reconst_loss: 0.0010 (0.0010)  code_loss: 0.0315 (0.0329)  weight_decay: 0.0500 (0.0500)  grad_norm: 0.0792 (0.0890)  time: 0.8631  data: 0.0005  max mem: 35168
Epoch: [12]  [ 590/1416]  eta: 0:12:15  lr: 0.000153  min_lr: 0.000153  loss: 0.0325 (0.0339)  reconst_loss: 0.0010 (0.0010)  code_loss: 0.0315 (0.0329)  weight_decay: 0.0500 (0.0500)  grad_norm: 0.0825 (0.0888)  time: 0.8662  data: 0.0005  max mem: 35168
Epoch: [12]  [ 600/1416]  eta: 0:12:06  lr: 0.000152  min_lr: 0.000152  loss: 0.0325 (0.0339)  reconst_loss: 0.0010 (0.0010)  code_loss: 0.0315 (0.0328)  weight_decay: 0.0500 (0.0500)  grad_norm: 0.0868 (0.0890)  time: 0.8647  data: 0.0004  max mem: 35168
Epoch: [12]  [ 610/1416]  eta: 0:11:57  lr: 0.000152  min_lr: 0.000152  loss: 0.0325 (0.0338)  reconst_loss: 0.0010 (0.0010)  code_loss: 0.0315 (0.0328)  weight_decay: 0.0500 (0.0500)  grad_norm: 0.0795 (0.0887)  time: 0.8577  data: 0.0003  max mem: 35168
Epoch: [12]  [ 620/1416]  eta: 0:11:47  lr: 0.000152  min_lr: 0.000152  loss: 0.0324 (0.0338)  reconst_loss: 0.0010 (0.0010)  code_loss: 0.0315 (0.0328)  weight_decay: 0.0500 (0.0500)  grad_norm: 0.0665 (0.0885)  time: 0.8581  data: 0.0003  max mem: 35168
Epoch: [12]  [ 630/1416]  eta: 0:11:38  lr: 0.000152  min_lr: 0.000152  loss: 0.0324 (0.0338)  reconst_loss: 0.0010 (0.0010)  code_loss: 0.0314 (0.0328)  weight_decay: 0.0500 (0.0500)  grad_norm: 0.0719 (0.0883)  time: 0.8688  data: 0.0003  max mem: 35168
Epoch: [12]  [ 640/1416]  eta: 0:11:29  lr: 0.000152  min_lr: 0.000152  loss: 0.0324 (0.0338)  reconst_loss: 0.0010 (0.0010)  code_loss: 0.0314 (0.0327)  weight_decay: 0.0500 (0.0500)  grad_norm: 0.0720 (0.0881)  time: 0.8690  data: 0.0003  max mem: 35168
Epoch: [12]  [ 650/1416]  eta: 0:11:20  lr: 0.000151  min_lr: 0.000151  loss: 0.0324 (0.0338)  reconst_loss: 0.0010 (0.0010)  code_loss: 0.0314 (0.0327)  weight_decay: 0.0500 (0.0500)  grad_norm: 0.0678 (0.0877)  time: 0.8668  data: 0.0003  max mem: 35168
Epoch: [12]  [ 660/1416]  eta: 0:11:11  lr: 0.000151  min_lr: 0.000151  loss: 0.0324 (0.0337)  reconst_loss: 0.0010 (0.0010)  code_loss: 0.0314 (0.0327)  weight_decay: 0.0500 (0.0500)  grad_norm: 0.0651 (0.0874)  time: 0.8639  data: 0.0003  max mem: 35168
Epoch: [12]  [ 670/1416]  eta: 0:11:02  lr: 0.000151  min_lr: 0.000151  loss: 0.0324 (0.0337)  reconst_loss: 0.0010 (0.0010)  code_loss: 0.0314 (0.0327)  weight_decay: 0.0500 (0.0500)  grad_norm: 0.0553 (0.0868)  time: 0.8593  data: 0.0003  max mem: 35168
Epoch: [12]  [ 680/1416]  eta: 0:10:52  lr: 0.000151  min_lr: 0.000151  loss: 0.0324 (0.0337)  reconst_loss: 0.0010 (0.0010)  code_loss: 0.0314 (0.0327)  weight_decay: 0.0500 (0.0500)  grad_norm: 0.0602 (0.0868)  time: 0.8610  data: 0.0003  max mem: 35168
Epoch: [12]  [ 690/1416]  eta: 0:10:43  lr: 0.000150  min_lr: 0.000150  loss: 0.0324 (0.0337)  reconst_loss: 0.0010 (0.0010)  code_loss: 0.0314 (0.0326)  weight_decay: 0.0500 (0.0500)  grad_norm: 0.0815 (0.0868)  time: 0.8635  data: 0.0003  max mem: 35168
Epoch: [12]  [ 700/1416]  eta: 0:10:34  lr: 0.000150  min_lr: 0.000150  loss: 0.0324 (0.0337)  reconst_loss: 0.0010 (0.0010)  code_loss: 0.0314 (0.0326)  weight_decay: 0.0500 (0.0500)  grad_norm: 0.0815 (0.0868)  time: 0.8668  data: 0.0004  max mem: 35168
Epoch: [12]  [ 710/1416]  eta: 0:10:25  lr: 0.000150  min_lr: 0.000150  loss: 0.0324 (0.0336)  reconst_loss: 0.0010 (0.0010)  code_loss: 0.0314 (0.0326)  weight_decay: 0.0500 (0.0500)  grad_norm: 0.0783 (0.0866)  time: 0.8681  data: 0.0004  max mem: 35168
Epoch: [12]  [ 720/1416]  eta: 0:10:16  lr: 0.000150  min_lr: 0.000150  loss: 0.0324 (0.0336)  reconst_loss: 0.0010 (0.0010)  code_loss: 0.0314 (0.0326)  weight_decay: 0.0500 (0.0500)  grad_norm: 0.0599 (0.0861)  time: 0.8696  data: 0.0003  max mem: 35168
Epoch: [12]  [ 730/1416]  eta: 0:10:07  lr: 0.000150  min_lr: 0.000150  loss: 0.0323 (0.0336)  reconst_loss: 0.0010 (0.0010)  code_loss: 0.0313 (0.0326)  weight_decay: 0.0500 (0.0500)  grad_norm: 0.0464 (0.0856)  time: 0.8679  data: 0.0003  max mem: 35168
Epoch: [12]  [ 740/1416]  eta: 0:09:58  lr: 0.000149  min_lr: 0.000149  loss: 0.0323 (0.0336)  reconst_loss: 0.0010 (0.0010)  code_loss: 0.0313 (0.0326)  weight_decay: 0.0500 (0.0500)  grad_norm: 0.0537 (0.0856)  time: 0.8651  data: 0.0004  max mem: 35168
Epoch: [12]  [ 750/1416]  eta: 0:09:49  lr: 0.000149  min_lr: 0.000149  loss: 0.0323 (0.0336)  reconst_loss: 0.0010 (0.0010)  code_loss: 0.0313 (0.0325)  weight_decay: 0.0500 (0.0500)  grad_norm: 0.0623 (0.0853)  time: 0.8679  data: 0.0006  max mem: 35168
Epoch: [12]  [ 760/1416]  eta: 0:09:40  lr: 0.000149  min_lr: 0.000149  loss: 0.0323 (0.0336)  reconst_loss: 0.0010 (0.0010)  code_loss: 0.0313 (0.0325)  weight_decay: 0.0500 (0.0500)  grad_norm: 0.0616 (0.0852)  time: 0.8689  data: 0.0006  max mem: 35168
Epoch: [12]  [ 770/1416]  eta: 0:09:31  lr: 0.000149  min_lr: 0.000149  loss: 0.0323 (0.0335)  reconst_loss: 0.0010 (0.0010)  code_loss: 0.0313 (0.0325)  weight_decay: 0.0500 (0.0500)  grad_norm: 0.0690 (0.0850)  time: 0.8623  data: 0.0004  max mem: 35168
Epoch: [12]  [ 780/1416]  eta: 0:09:22  lr: 0.000148  min_lr: 0.000148  loss: 0.0323 (0.0335)  reconst_loss: 0.0010 (0.0010)  code_loss: 0.0313 (0.0325)  weight_decay: 0.0500 (0.0500)  grad_norm: 0.0676 (0.0848)  time: 0.8546  data: 0.0003  max mem: 35168
Epoch: [12]  [ 790/1416]  eta: 0:09:13  lr: 0.000148  min_lr: 0.000148  loss: 0.0323 (0.0335)  reconst_loss: 0.0010 (0.0010)  code_loss: 0.0313 (0.0325)  weight_decay: 0.0500 (0.0500)  grad_norm: 0.0709 (0.0848)  time: 0.8608  data: 0.0004  max mem: 35168
Epoch: [12]  [ 800/1416]  eta: 0:09:04  lr: 0.000148  min_lr: 0.000148  loss: 0.0323 (0.0335)  reconst_loss: 0.0010 (0.0010)  code_loss: 0.0313 (0.0325)  weight_decay: 0.0500 (0.0500)  grad_norm: 0.0794 (0.0847)  time: 0.8670  data: 0.0003  max mem: 35168
Epoch: [12]  [ 810/1416]  eta: 0:08:55  lr: 0.000148  min_lr: 0.000148  loss: 0.0323 (0.0335)  reconst_loss: 0.0010 (0.0010)  code_loss: 0.0313 (0.0325)  weight_decay: 0.0500 (0.0500)  grad_norm: 0.0540 (0.0843)  time: 0.8599  data: 0.0003  max mem: 35168
Epoch: [12]  [ 820/1416]  eta: 0:08:46  lr: 0.000148  min_lr: 0.000148  loss: 0.0323 (0.0335)  reconst_loss: 0.0010 (0.0010)  code_loss: 0.0313 (0.0324)  weight_decay: 0.0500 (0.0500)  grad_norm: 0.0495 (0.0840)  time: 0.8532  data: 0.0003  max mem: 35168
Epoch: [12]  [ 830/1416]  eta: 0:08:37  lr: 0.000147  min_lr: 0.000147  loss: 0.0323 (0.0334)  reconst_loss: 0.0010 (0.0010)  code_loss: 0.0313 (0.0324)  weight_decay: 0.0500 (0.0500)  grad_norm: 0.0497 (0.0836)  time: 0.8576  data: 0.0003  max mem: 35168
Epoch: [12]  [ 840/1416]  eta: 0:08:28  lr: 0.000147  min_lr: 0.000147  loss: 0.0322 (0.0334)  reconst_loss: 0.0009 (0.0010)  code_loss: 0.0313 (0.0324)  weight_decay: 0.0500 (0.0500)  grad_norm: 0.0575 (0.0836)  time: 0.8610  data: 0.0003  max mem: 35168
Epoch: [12]  [ 850/1416]  eta: 0:08:19  lr: 0.000147  min_lr: 0.000147  loss: 0.0323 (0.0334)  reconst_loss: 0.0010 (0.0010)  code_loss: 0.0313 (0.0324)  weight_decay: 0.0500 (0.0500)  grad_norm: 0.0646 (0.0834)  time: 0.8622  data: 0.0003  max mem: 35168
Epoch: [12]  [ 860/1416]  eta: 0:08:10  lr: 0.000147  min_lr: 0.000147  loss: 0.0323 (0.0334)  reconst_loss: 0.0010 (0.0010)  code_loss: 0.0313 (0.0324)  weight_decay: 0.0500 (0.0500)  grad_norm: 0.0593 (0.0832)  time: 0.8636  data: 0.0003  max mem: 35168
Epoch: [12]  [ 870/1416]  eta: 0:08:01  lr: 0.000146  min_lr: 0.000146  loss: 0.0323 (0.0334)  reconst_loss: 0.0010 (0.0010)  code_loss: 0.0313 (0.0324)  weight_decay: 0.0500 (0.0500)  grad_norm: 0.0655 (0.0831)  time: 0.8659  data: 0.0004  max mem: 35168
Epoch: [12]  [ 880/1416]  eta: 0:07:52  lr: 0.000146  min_lr: 0.000146  loss: 0.0323 (0.0334)  reconst_loss: 0.0010 (0.0010)  code_loss: 0.0313 (0.0324)  weight_decay: 0.0500 (0.0500)  grad_norm: 0.0738 (0.0831)  time: 0.8686  data: 0.0005  max mem: 35168
Epoch: [12]  [ 890/1416]  eta: 0:07:43  lr: 0.000146  min_lr: 0.000146  loss: 0.0323 (0.0334)  reconst_loss: 0.0010 (0.0010)  code_loss: 0.0313 (0.0324)  weight_decay: 0.0500 (0.0500)  grad_norm: 0.0784 (0.0831)  time: 0.8628  data: 0.0003  max mem: 35168
Epoch: [12]  [ 900/1416]  eta: 0:07:34  lr: 0.000146  min_lr: 0.000146  loss: 0.0323 (0.0334)  reconst_loss: 0.0010 (0.0010)  code_loss: 0.0313 (0.0323)  weight_decay: 0.0500 (0.0500)  grad_norm: 0.0784 (0.0831)  time: 0.8556  data: 0.0002  max mem: 35168
Epoch: [12]  [ 910/1416]  eta: 0:07:25  lr: 0.000146  min_lr: 0.000146  loss: 0.0323 (0.0333)  reconst_loss: 0.0010 (0.0010)  code_loss: 0.0313 (0.0323)  weight_decay: 0.0500 (0.0500)  grad_norm: 0.0800 (0.0831)  time: 0.8614  data: 0.0003  max mem: 35168
Epoch: [12]  [ 920/1416]  eta: 0:07:16  lr: 0.000145  min_lr: 0.000145  loss: 0.0322 (0.0333)  reconst_loss: 0.0009 (0.0010)  code_loss: 0.0313 (0.0323)  weight_decay: 0.0500 (0.0500)  grad_norm: 0.0561 (0.0828)  time: 0.8706  data: 0.0003  max mem: 35168
Epoch: [12]  [ 930/1416]  eta: 0:07:08  lr: 0.000145  min_lr: 0.000145  loss: 0.0322 (0.0333)  reconst_loss: 0.0009 (0.0010)  code_loss: 0.0313 (0.0323)  weight_decay: 0.0500 (0.0500)  grad_norm: 0.0487 (0.0823)  time: 0.8689  data: 0.0003  max mem: 35168
Epoch: [12]  [ 940/1416]  eta: 0:06:59  lr: 0.000145  min_lr: 0.000145  loss: 0.0323 (0.0333)  reconst_loss: 0.0010 (0.0010)  code_loss: 0.0313 (0.0323)  weight_decay: 0.0500 (0.0500)  grad_norm: 0.0449 (0.0819)  time: 0.8647  data: 0.0004  max mem: 35168
Epoch: [12]  [ 950/1416]  eta: 0:06:50  lr: 0.000145  min_lr: 0.000145  loss: 0.0323 (0.0333)  reconst_loss: 0.0010 (0.0010)  code_loss: 0.0313 (0.0323)  weight_decay: 0.0500 (0.0500)  grad_norm: 0.0464 (0.0816)  time: 0.8626  data: 0.0003  max mem: 35168
Epoch: [12]  [ 960/1416]  eta: 0:06:41  lr: 0.000144  min_lr: 0.000144  loss: 0.0322 (0.0333)  reconst_loss: 0.0010 (0.0010)  code_loss: 0.0313 (0.0323)  weight_decay: 0.0500 (0.0500)  grad_norm: 0.0522 (0.0814)  time: 0.8595  data: 0.0004  max mem: 35168
Epoch: [12]  [ 970/1416]  eta: 0:06:32  lr: 0.000144  min_lr: 0.000144  loss: 0.0322 (0.0333)  reconst_loss: 0.0010 (0.0010)  code_loss: 0.0313 (0.0323)  weight_decay: 0.0500 (0.0500)  grad_norm: 0.0554 (0.0812)  time: 0.8612  data: 0.0004  max mem: 35168
Epoch: [12]  [ 980/1416]  eta: 0:06:23  lr: 0.000144  min_lr: 0.000144  loss: 0.0323 (0.0333)  reconst_loss: 0.0010 (0.0010)  code_loss: 0.0313 (0.0323)  weight_decay: 0.0500 (0.0500)  grad_norm: 0.0567 (0.0811)  time: 0.8647  data: 0.0002  max mem: 35168
Epoch: [12]  [ 990/1416]  eta: 0:06:14  lr: 0.000144  min_lr: 0.000144  loss: 0.0323 (0.0333)  reconst_loss: 0.0010 (0.0010)  code_loss: 0.0313 (0.0322)  weight_decay: 0.0500 (0.0500)  grad_norm: 0.0691 (0.0811)  time: 0.8625  data: 0.0004  max mem: 35168
Epoch: [12]  [1000/1416]  eta: 0:06:05  lr: 0.000144  min_lr: 0.000144  loss: 0.0323 (0.0332)  reconst_loss: 0.0010 (0.0010)  code_loss: 0.0313 (0.0322)  weight_decay: 0.0500 (0.0500)  grad_norm: 0.0657 (0.0809)  time: 0.8622  data: 0.0005  max mem: 35168
Epoch: [12]  [1010/1416]  eta: 0:05:57  lr: 0.000143  min_lr: 0.000143  loss: 0.0323 (0.0332)  reconst_loss: 0.0010 (0.0010)  code_loss: 0.0313 (0.0322)  weight_decay: 0.0500 (0.0500)  grad_norm: 0.0542 (0.0807)  time: 0.8595  data: 0.0003  max mem: 35168
Epoch: [12]  [1020/1416]  eta: 0:05:48  lr: 0.000143  min_lr: 0.000143  loss: 0.0323 (0.0332)  reconst_loss: 0.0010 (0.0010)  code_loss: 0.0313 (0.0322)  weight_decay: 0.0500 (0.0500)  grad_norm: 0.0467 (0.0803)  time: 0.8600  data: 0.0002  max mem: 35168
Epoch: [12]  [1030/1416]  eta: 0:05:39  lr: 0.000143  min_lr: 0.000143  loss: 0.0323 (0.0332)  reconst_loss: 0.0010 (0.0010)  code_loss: 0.0313 (0.0322)  weight_decay: 0.0500 (0.0500)  grad_norm: 0.0511 (0.0802)  time: 0.8675  data: 0.0002  max mem: 35168
Epoch: [12]  [1040/1416]  eta: 0:05:30  lr: 0.000143  min_lr: 0.000143  loss: 0.0322 (0.0332)  reconst_loss: 0.0009 (0.0010)  code_loss: 0.0313 (0.0322)  weight_decay: 0.0500 (0.0500)  grad_norm: 0.0674 (0.0801)  time: 0.8704  data: 0.0003  max mem: 35168
Epoch: [12]  [1050/1416]  eta: 0:05:21  lr: 0.000142  min_lr: 0.000142  loss: 0.0323 (0.0332)  reconst_loss: 0.0010 (0.0010)  code_loss: 0.0313 (0.0322)  weight_decay: 0.0500 (0.0500)  grad_norm: 0.0626 (0.0799)  time: 0.8679  data: 0.0004  max mem: 35168
Epoch: [12]  [1060/1416]  eta: 0:05:12  lr: 0.000142  min_lr: 0.000142  loss: 0.0323 (0.0332)  reconst_loss: 0.0010 (0.0010)  code_loss: 0.0313 (0.0322)  weight_decay: 0.0500 (0.0500)  grad_norm: 0.0615 (0.0798)  time: 0.8655  data: 0.0003  max mem: 35168
Epoch: [12]  [1070/1416]  eta: 0:05:03  lr: 0.000142  min_lr: 0.000142  loss: 0.0322 (0.0332)  reconst_loss: 0.0010 (0.0010)  code_loss: 0.0313 (0.0322)  weight_decay: 0.0500 (0.0500)  grad_norm: 0.0571 (0.0795)  time: 0.8633  data: 0.0003  max mem: 35168
Epoch: [12]  [1080/1416]  eta: 0:04:55  lr: 0.000142  min_lr: 0.000142  loss: 0.0323 (0.0332)  reconst_loss: 0.0010 (0.0010)  code_loss: 0.0313 (0.0322)  weight_decay: 0.0500 (0.0500)  grad_norm: 0.0521 (0.0794)  time: 0.8638  data: 0.0003  max mem: 35168
Epoch: [12]  [1090/1416]  eta: 0:04:46  lr: 0.000142  min_lr: 0.000142  loss: 0.0322 (0.0332)  reconst_loss: 0.0009 (0.0010)  code_loss: 0.0313 (0.0322)  weight_decay: 0.0500 (0.0500)  grad_norm: 0.0637 (0.0793)  time: 0.8622  data: 0.0004  max mem: 35168
Epoch: [12]  [1100/1416]  eta: 0:04:37  lr: 0.000141  min_lr: 0.000141  loss: 0.0322 (0.0332)  reconst_loss: 0.0009 (0.0010)  code_loss: 0.0313 (0.0321)  weight_decay: 0.0500 (0.0500)  grad_norm: 0.0643 (0.0792)  time: 0.8620  data: 0.0005  max mem: 35168
Epoch: [12]  [1110/1416]  eta: 0:04:28  lr: 0.000141  min_lr: 0.000141  loss: 0.0323 (0.0332)  reconst_loss: 0.0010 (0.0010)  code_loss: 0.0313 (0.0321)  weight_decay: 0.0500 (0.0500)  grad_norm: 0.0571 (0.0790)  time: 0.8644  data: 0.0006  max mem: 35168
Epoch: [12]  [1120/1416]  eta: 0:04:19  lr: 0.000141  min_lr: 0.000141  loss: 0.0323 (0.0331)  reconst_loss: 0.0010 (0.0010)  code_loss: 0.0313 (0.0321)  weight_decay: 0.0500 (0.0500)  grad_norm: 0.0716 (0.0791)  time: 0.8574  data: 0.0006  max mem: 35168
Epoch: [12]  [1130/1416]  eta: 0:04:11  lr: 0.000141  min_lr: 0.000141  loss: 0.0323 (0.0331)  reconst_loss: 0.0010 (0.0010)  code_loss: 0.0313 (0.0321)  weight_decay: 0.0500 (0.0500)  grad_norm: 0.0841 (0.0791)  time: 0.8569  data: 0.0005  max mem: 35168
Epoch: [12]  [1140/1416]  eta: 0:04:02  lr: 0.000140  min_lr: 0.000140  loss: 0.0323 (0.0331)  reconst_loss: 0.0010 (0.0010)  code_loss: 0.0313 (0.0321)  weight_decay: 0.0500 (0.0500)  grad_norm: 0.0574 (0.0788)  time: 0.8575  data: 0.0004  max mem: 35168
Epoch: [12]  [1150/1416]  eta: 0:03:53  lr: 0.000140  min_lr: 0.000140  loss: 0.0322 (0.0331)  reconst_loss: 0.0009 (0.0010)  code_loss: 0.0313 (0.0321)  weight_decay: 0.0500 (0.0500)  grad_norm: 0.0504 (0.0786)  time: 0.8561  data: 0.0003  max mem: 35168
Epoch: [12]  [1160/1416]  eta: 0:03:44  lr: 0.000140  min_lr: 0.000140  loss: 0.0322 (0.0331)  reconst_loss: 0.0009 (0.0010)  code_loss: 0.0313 (0.0321)  weight_decay: 0.0500 (0.0500)  grad_norm: 0.0504 (0.0784)  time: 0.8572  data: 0.0003  max mem: 35168
Epoch: [12]  [1170/1416]  eta: 0:03:35  lr: 0.000140  min_lr: 0.000140  loss: 0.0322 (0.0331)  reconst_loss: 0.0009 (0.0010)  code_loss: 0.0313 (0.0321)  weight_decay: 0.0500 (0.0500)  grad_norm: 0.0583 (0.0784)  time: 0.8602  data: 0.0003  max mem: 35168
Epoch: [12]  [1180/1416]  eta: 0:03:26  lr: 0.000140  min_lr: 0.000140  loss: 0.0322 (0.0331)  reconst_loss: 0.0009 (0.0010)  code_loss: 0.0313 (0.0321)  weight_decay: 0.0500 (0.0500)  grad_norm: 0.0649 (0.0784)  time: 0.8646  data: 0.0006  max mem: 35168
Epoch: [12]  [1190/1416]  eta: 0:03:18  lr: 0.000139  min_lr: 0.000139  loss: 0.0322 (0.0331)  reconst_loss: 0.0010 (0.0010)  code_loss: 0.0313 (0.0321)  weight_decay: 0.0500 (0.0500)  grad_norm: 0.0649 (0.0783)  time: 0.8630  data: 0.0006  max mem: 35168
Epoch: [12]  [1200/1416]  eta: 0:03:09  lr: 0.000139  min_lr: 0.000139  loss: 0.0322 (0.0331)  reconst_loss: 0.0009 (0.0010)  code_loss: 0.0313 (0.0321)  weight_decay: 0.0500 (0.0500)  grad_norm: 0.0608 (0.0782)  time: 0.8625  data: 0.0007  max mem: 35168
Epoch: [12]  [1210/1416]  eta: 0:03:00  lr: 0.000139  min_lr: 0.000139  loss: 0.0322 (0.0331)  reconst_loss: 0.0009 (0.0010)  code_loss: 0.0313 (0.0321)  weight_decay: 0.0500 (0.0500)  grad_norm: 0.0555 (0.0780)  time: 0.8516  data: 0.0006  max mem: 35168
Epoch: [12]  [1220/1416]  eta: 0:02:51  lr: 0.000139  min_lr: 0.000139  loss: 0.0322 (0.0331)  reconst_loss: 0.0010 (0.0010)  code_loss: 0.0313 (0.0321)  weight_decay: 0.0500 (0.0500)  grad_norm: 0.0510 (0.0778)  time: 0.8389  data: 0.0001  max mem: 35168
Epoch: [12]  [1230/1416]  eta: 0:02:42  lr: 0.000138  min_lr: 0.000138  loss: 0.0322 (0.0331)  reconst_loss: 0.0010 (0.0010)  code_loss: 0.0313 (0.0321)  weight_decay: 0.0500 (0.0500)  grad_norm: 0.0488 (0.0776)  time: 0.8412  data: 0.0001  max mem: 35168
Epoch: [12]  [1240/1416]  eta: 0:02:34  lr: 0.000138  min_lr: 0.000138  loss: 0.0322 (0.0331)  reconst_loss: 0.0010 (0.0010)  code_loss: 0.0313 (0.0320)  weight_decay: 0.0500 (0.0500)  grad_norm: 0.0562 (0.0775)  time: 0.8411  data: 0.0001  max mem: 35168
Epoch: [12]  [1250/1416]  eta: 0:02:25  lr: 0.000138  min_lr: 0.000138  loss: 0.0322 (0.0331)  reconst_loss: 0.0010 (0.0010)  code_loss: 0.0313 (0.0320)  weight_decay: 0.0500 (0.0500)  grad_norm: 0.0655 (0.0775)  time: 0.8384  data: 0.0001  max mem: 35168
Epoch: [12]  [1260/1416]  eta: 0:02:16  lr: 0.000138  min_lr: 0.000138  loss: 0.0322 (0.0330)  reconst_loss: 0.0010 (0.0010)  code_loss: 0.0313 (0.0320)  weight_decay: 0.0500 (0.0500)  grad_norm: 0.0534 (0.0772)  time: 0.8414  data: 0.0001  max mem: 35168
Epoch: [12]  [1270/1416]  eta: 0:02:07  lr: 0.000138  min_lr: 0.000138  loss: 0.0322 (0.0330)  reconst_loss: 0.0009 (0.0010)  code_loss: 0.0313 (0.0320)  weight_decay: 0.0500 (0.0500)  grad_norm: 0.0465 (0.0770)  time: 0.8420  data: 0.0001  max mem: 35168
Epoch: [12]  [1280/1416]  eta: 0:01:58  lr: 0.000137  min_lr: 0.000137  loss: 0.0322 (0.0330)  reconst_loss: 0.0010 (0.0010)  code_loss: 0.0313 (0.0320)  weight_decay: 0.0500 (0.0500)  grad_norm: 0.0493 (0.0770)  time: 0.8405  data: 0.0001  max mem: 35168
Epoch: [12]  [1290/1416]  eta: 0:01:50  lr: 0.000137  min_lr: 0.000137  loss: 0.0322 (0.0330)  reconst_loss: 0.0010 (0.0010)  code_loss: 0.0313 (0.0320)  weight_decay: 0.0500 (0.0500)  grad_norm: 0.0677 (0.0769)  time: 0.8382  data: 0.0001  max mem: 35168
Epoch: [12]  [1300/1416]  eta: 0:01:41  lr: 0.000137  min_lr: 0.000137  loss: 0.0323 (0.0330)  reconst_loss: 0.0010 (0.0010)  code_loss: 0.0313 (0.0320)  weight_decay: 0.0500 (0.0500)  grad_norm: 0.0569 (0.0767)  time: 0.8360  data: 0.0001  max mem: 35168
Epoch: [12]  [1310/1416]  eta: 0:01:32  lr: 0.000137  min_lr: 0.000137  loss: 0.0323 (0.0330)  reconst_loss: 0.0010 (0.0010)  code_loss: 0.0313 (0.0320)  weight_decay: 0.0500 (0.0500)  grad_norm: 0.0525 (0.0766)  time: 0.8375  data: 0.0001  max mem: 35168
Epoch: [12]  [1320/1416]  eta: 0:01:23  lr: 0.000136  min_lr: 0.000136  loss: 0.0322 (0.0330)  reconst_loss: 0.0009 (0.0010)  code_loss: 0.0313 (0.0320)  weight_decay: 0.0500 (0.0500)  grad_norm: 0.0641 (0.0767)  time: 0.8356  data: 0.0001  max mem: 35168
Epoch: [12]  [1330/1416]  eta: 0:01:15  lr: 0.000136  min_lr: 0.000136  loss: 0.0322 (0.0330)  reconst_loss: 0.0010 (0.0010)  code_loss: 0.0313 (0.0320)  weight_decay: 0.0500 (0.0500)  grad_norm: 0.0830 (0.0768)  time: 0.8356  data: 0.0001  max mem: 35168
Epoch: [12]  [1340/1416]  eta: 0:01:06  lr: 0.000136  min_lr: 0.000136  loss: 0.0322 (0.0330)  reconst_loss: 0.0009 (0.0010)  code_loss: 0.0313 (0.0320)  weight_decay: 0.0500 (0.0500)  grad_norm: 0.0702 (0.0767)  time: 0.8370  data: 0.0001  max mem: 35168
Epoch: [12]  [1350/1416]  eta: 0:00:57  lr: 0.000136  min_lr: 0.000136  loss: 0.0322 (0.0330)  reconst_loss: 0.0009 (0.0010)  code_loss: 0.0313 (0.0320)  weight_decay: 0.0500 (0.0500)  grad_norm: 0.0496 (0.0765)  time: 0.8382  data: 0.0002  max mem: 35168
Epoch: [12]  [1360/1416]  eta: 0:00:48  lr: 0.000136  min_lr: 0.000136  loss: 0.0322 (0.0330)  reconst_loss: 0.0009 (0.0010)  code_loss: 0.0313 (0.0320)  weight_decay: 0.0500 (0.0500)  grad_norm: 0.0431 (0.0763)  time: 0.8419  data: 0.0002  max mem: 35168
Epoch: [12]  [1370/1416]  eta: 0:00:40  lr: 0.000135  min_lr: 0.000135  loss: 0.0322 (0.0330)  reconst_loss: 0.0010 (0.0010)  code_loss: 0.0313 (0.0320)  weight_decay: 0.0500 (0.0500)  grad_norm: 0.0546 (0.0762)  time: 0.8422  data: 0.0001  max mem: 35168
Epoch: [12]  [1380/1416]  eta: 0:00:31  lr: 0.000135  min_lr: 0.000135  loss: 0.0323 (0.0330)  reconst_loss: 0.0010 (0.0010)  code_loss: 0.0313 (0.0320)  weight_decay: 0.0500 (0.0500)  grad_norm: 0.0607 (0.0761)  time: 0.8378  data: 0.0002  max mem: 35168
Epoch: [12]  [1390/1416]  eta: 0:00:22  lr: 0.000135  min_lr: 0.000135  loss: 0.0322 (0.0330)  reconst_loss: 0.0010 (0.0010)  code_loss: 0.0313 (0.0320)  weight_decay: 0.0500 (0.0500)  grad_norm: 0.0583 (0.0760)  time: 0.8337  data: 0.0001  max mem: 35168
Epoch: [12]  [1400/1416]  eta: 0:00:13  lr: 0.000135  min_lr: 0.000135  loss: 0.0322 (0.0330)  reconst_loss: 0.0009 (0.0010)  code_loss: 0.0313 (0.0320)  weight_decay: 0.0500 (0.0500)  grad_norm: 0.0610 (0.0759)  time: 0.8361  data: 0.0001  max mem: 35168
Epoch: [12]  [1410/1416]  eta: 0:00:05  lr: 0.000134  min_lr: 0.000134  loss: 0.0322 (0.0330)  reconst_loss: 0.0009 (0.0010)  code_loss: 0.0313 (0.0320)  weight_decay: 0.0500 (0.0500)  grad_norm: 0.0508 (0.0757)  time: 0.8401  data: 0.0001  max mem: 35168
Epoch: [12]  [1415/1416]  eta: 0:00:00  lr: 0.000134  min_lr: 0.000134  loss: 0.0322 (0.0330)  reconst_loss: 0.0009 (0.0010)  code_loss: 0.0313 (0.0320)  weight_decay: 0.0500 (0.0500)  grad_norm: 0.0457 (0.0757)  time: 0.8395  data: 0.0001  max mem: 35168
Epoch: [12] Total time: 0:20:34 (0.8719 s / it)
Averaged stats: lr: 0.000134  min_lr: 0.000134  loss: 0.0322 (0.0330)  reconst_loss: 0.0009 (0.0010)  code_loss: 0.0313 (0.0320)  weight_decay: 0.0500 (0.0500)  grad_norm: 0.0457 (0.0757)
[Eval]   [0/5]  eta: 0:00:24  loss: 0.0010 (0.0010)  reconst_loss: 0.0010 (0.0010)  code_loss: 0.0000 (0.0000)  time: 4.9057  data: 4.4136  max mem: 35168
[Eval]   [4/5]  eta: 0:00:01  loss: 0.0011 (0.0011)  reconst_loss: 0.0011 (0.0011)  code_loss: 0.0000 (0.0000)  time: 1.2781  data: 0.8829  max mem: 35168
[Eval]  Total time: 0:00:06 (1.3651 s / it)
Eval averaged stats: loss: 0.0011 (0.0011)  reconst_loss: 0.0011 (0.0011)  code_loss: 0.0000 (0.0000)
[Eval] Image metrics @224:  [0/5]  eta: 0:01:38    time: 19.7553  data: 4.6811  max mem: 35168
[Eval] Image metrics @224:  [4/5]  eta: 0:00:13    time: 13.9586  data: 0.9372  max mem: 35168
[Eval] Image metrics @224: Total time: 0:01:10 (14.0517 s / it)
[Eval]  Generation results: [Eval] MSE@224: 0.0023 (0.0023)  [Eval] MAE@224: 0.0211 (0.0211)  [Eval] PSNR@224: 26.4751 (26.4751)  [Eval] MS-SSIM@224: 0.9851 (0.9851)  [Eval] CodebookUsage@224: 0.6064 (0.6064)
Logged 1 eval images @ res 224
Epoch: [13]  [   0/1416]  eta: 6:57:22  lr: 0.000134  min_lr: 0.000134  loss: 0.0323 (0.0323)  reconst_loss: 0.0010 (0.0010)  code_loss: 0.0313 (0.0313)  weight_decay: 0.0500 (0.0500)  grad_norm: 0.0724 (0.0724)  time: 17.6853  data: 16.5963  max mem: 35168
Epoch: [13]  [  10/1416]  eta: 0:56:19  lr: 0.000134  min_lr: 0.000134  loss: 0.0323 (0.0323)  reconst_loss: 0.0010 (0.0010)  code_loss: 0.0313 (0.0313)  weight_decay: 0.0500 (0.0500)  grad_norm: 0.0582 (0.0584)  time: 2.4037  data: 1.5090  max mem: 35168
Epoch: [13]  [  20/1416]  eta: 0:38:50  lr: 0.000134  min_lr: 0.000134  loss: 0.0322 (0.0322)  reconst_loss: 0.0009 (0.0010)  code_loss: 0.0313 (0.0313)  weight_decay: 0.0500 (0.0500)  grad_norm: 0.0488 (0.0495)  time: 0.8685  data: 0.0003  max mem: 35168
Epoch: [13]  [  30/1416]  eta: 0:32:32  lr: 0.000134  min_lr: 0.000134  loss: 0.0322 (0.0322)  reconst_loss: 0.0009 (0.0010)  code_loss: 0.0313 (0.0313)  weight_decay: 0.0500 (0.0500)  grad_norm: 0.0448 (0.0508)  time: 0.8617  data: 0.0002  max mem: 35168
Epoch: [13]  [  40/1416]  eta: 0:29:17  lr: 0.000133  min_lr: 0.000133  loss: 0.0322 (0.0322)  reconst_loss: 0.0010 (0.0010)  code_loss: 0.0313 (0.0313)  weight_decay: 0.0500 (0.0500)  grad_norm: 0.0582 (0.0543)  time: 0.8663  data: 0.0006  max mem: 35168
Epoch: [13]  [  50/1416]  eta: 0:27:14  lr: 0.000133  min_lr: 0.000133  loss: 0.0322 (0.0322)  reconst_loss: 0.0010 (0.0010)  code_loss: 0.0313 (0.0313)  weight_decay: 0.0500 (0.0500)  grad_norm: 0.0608 (0.0546)  time: 0.8682  data: 0.0006  max mem: 35168
Epoch: [13]  [  60/1416]  eta: 0:25:49  lr: 0.000133  min_lr: 0.000133  loss: 0.0322 (0.0322)  reconst_loss: 0.0009 (0.0010)  code_loss: 0.0313 (0.0313)  weight_decay: 0.0500 (0.0500)  grad_norm: 0.0642 (0.0585)  time: 0.8671  data: 0.0003  max mem: 35168
Epoch: [13]  [  70/1416]  eta: 0:24:45  lr: 0.000133  min_lr: 0.000133  loss: 0.0322 (0.0322)  reconst_loss: 0.0010 (0.0010)  code_loss: 0.0313 (0.0313)  weight_decay: 0.0500 (0.0500)  grad_norm: 0.0748 (0.0620)  time: 0.8673  data: 0.0003  max mem: 35168
Epoch: [13]  [  80/1416]  eta: 0:23:55  lr: 0.000133  min_lr: 0.000133  loss: 0.0322 (0.0322)  reconst_loss: 0.0009 (0.0010)  code_loss: 0.0313 (0.0313)  weight_decay: 0.0500 (0.0500)  grad_norm: 0.0677 (0.0622)  time: 0.8644  data: 0.0006  max mem: 35168
Epoch: [13]  [  90/1416]  eta: 0:23:12  lr: 0.000132  min_lr: 0.000132  loss: 0.0322 (0.0322)  reconst_loss: 0.0009 (0.0010)  code_loss: 0.0313 (0.0313)  weight_decay: 0.0500 (0.0500)  grad_norm: 0.0494 (0.0611)  time: 0.8573  data: 0.0006  max mem: 35168
Epoch: [13]  [ 100/1416]  eta: 0:22:37  lr: 0.000132  min_lr: 0.000132  loss: 0.0322 (0.0322)  reconst_loss: 0.0009 (0.0010)  code_loss: 0.0313 (0.0313)  weight_decay: 0.0500 (0.0500)  grad_norm: 0.0485 (0.0606)  time: 0.8598  data: 0.0003  max mem: 35168
Epoch: [13]  [ 110/1416]  eta: 0:22:07  lr: 0.000132  min_lr: 0.000132  loss: 0.0323 (0.0322)  reconst_loss: 0.0010 (0.0010)  code_loss: 0.0313 (0.0313)  weight_decay: 0.0500 (0.0500)  grad_norm: 0.0588 (0.0616)  time: 0.8657  data: 0.0004  max mem: 35168
Epoch: [13]  [ 120/1416]  eta: 0:21:41  lr: 0.000132  min_lr: 0.000132  loss: 0.0323 (0.0322)  reconst_loss: 0.0010 (0.0010)  code_loss: 0.0313 (0.0313)  weight_decay: 0.0500 (0.0500)  grad_norm: 0.0693 (0.0625)  time: 0.8654  data: 0.0004  max mem: 35168
Epoch: [13]  [ 130/1416]  eta: 0:21:17  lr: 0.000131  min_lr: 0.000131  loss: 0.0322 (0.0322)  reconst_loss: 0.0009 (0.0010)  code_loss: 0.0313 (0.0313)  weight_decay: 0.0500 (0.0500)  grad_norm: 0.0529 (0.0613)  time: 0.8654  data: 0.0004  max mem: 35168
Epoch: [13]  [ 140/1416]  eta: 0:20:56  lr: 0.000131  min_lr: 0.000131  loss: 0.0322 (0.0322)  reconst_loss: 0.0009 (0.0010)  code_loss: 0.0313 (0.0313)  weight_decay: 0.0500 (0.0500)  grad_norm: 0.0465 (0.0607)  time: 0.8662  data: 0.0007  max mem: 35168
Epoch: [13]  [ 150/1416]  eta: 0:20:36  lr: 0.000131  min_lr: 0.000131  loss: 0.0322 (0.0322)  reconst_loss: 0.0009 (0.0010)  code_loss: 0.0313 (0.0313)  weight_decay: 0.0500 (0.0500)  grad_norm: 0.0428 (0.0595)  time: 0.8648  data: 0.0008  max mem: 35168
Epoch: [13]  [ 160/1416]  eta: 0:20:17  lr: 0.000131  min_lr: 0.000131  loss: 0.0322 (0.0322)  reconst_loss: 0.0009 (0.0010)  code_loss: 0.0313 (0.0313)  weight_decay: 0.0500 (0.0500)  grad_norm: 0.0441 (0.0588)  time: 0.8626  data: 0.0004  max mem: 35168
Epoch: [13]  [ 170/1416]  eta: 0:20:00  lr: 0.000131  min_lr: 0.000131  loss: 0.0322 (0.0322)  reconst_loss: 0.0009 (0.0010)  code_loss: 0.0313 (0.0313)  weight_decay: 0.0500 (0.0500)  grad_norm: 0.0442 (0.0582)  time: 0.8672  data: 0.0004  max mem: 35168
Epoch: [13]  [ 180/1416]  eta: 0:19:44  lr: 0.000130  min_lr: 0.000130  loss: 0.0322 (0.0322)  reconst_loss: 0.0010 (0.0010)  code_loss: 0.0313 (0.0313)  weight_decay: 0.0500 (0.0500)  grad_norm: 0.0444 (0.0579)  time: 0.8649  data: 0.0004  max mem: 35168
Epoch: [13]  [ 190/1416]  eta: 0:19:27  lr: 0.000130  min_lr: 0.000130  loss: 0.0322 (0.0322)  reconst_loss: 0.0010 (0.0010)  code_loss: 0.0313 (0.0313)  weight_decay: 0.0500 (0.0500)  grad_norm: 0.0590 (0.0585)  time: 0.8561  data: 0.0004  max mem: 35168
Epoch: [13]  [ 200/1416]  eta: 0:19:12  lr: 0.000130  min_lr: 0.000130  loss: 0.0322 (0.0322)  reconst_loss: 0.0010 (0.0010)  code_loss: 0.0313 (0.0313)  weight_decay: 0.0500 (0.0500)  grad_norm: 0.0632 (0.0585)  time: 0.8571  data: 0.0004  max mem: 35168
Epoch: [13]  [ 210/1416]  eta: 0:18:58  lr: 0.000130  min_lr: 0.000130  loss: 0.0322 (0.0322)  reconst_loss: 0.0010 (0.0010)  code_loss: 0.0313 (0.0313)  weight_decay: 0.0500 (0.0500)  grad_norm: 0.0512 (0.0583)  time: 0.8625  data: 0.0004  max mem: 35168
Epoch: [13]  [ 220/1416]  eta: 0:18:44  lr: 0.000129  min_lr: 0.000129  loss: 0.0322 (0.0322)  reconst_loss: 0.0009 (0.0010)  code_loss: 0.0313 (0.0313)  weight_decay: 0.0500 (0.0500)  grad_norm: 0.0512 (0.0579)  time: 0.8645  data: 0.0003  max mem: 35168
Epoch: [13]  [ 230/1416]  eta: 0:18:31  lr: 0.000129  min_lr: 0.000129  loss: 0.0322 (0.0322)  reconst_loss: 0.0009 (0.0010)  code_loss: 0.0313 (0.0313)  weight_decay: 0.0500 (0.0500)  grad_norm: 0.0470 (0.0576)  time: 0.8677  data: 0.0005  max mem: 35168
Epoch: [13]  [ 240/1416]  eta: 0:18:19  lr: 0.000129  min_lr: 0.000129  loss: 0.0322 (0.0322)  reconst_loss: 0.0009 (0.0010)  code_loss: 0.0313 (0.0313)  weight_decay: 0.0500 (0.0500)  grad_norm: 0.0463 (0.0575)  time: 0.8747  data: 0.0006  max mem: 35168
Epoch: [13]  [ 250/1416]  eta: 0:18:06  lr: 0.000129  min_lr: 0.000129  loss: 0.0322 (0.0322)  reconst_loss: 0.0009 (0.0010)  code_loss: 0.0313 (0.0313)  weight_decay: 0.0500 (0.0500)  grad_norm: 0.0567 (0.0577)  time: 0.8718  data: 0.0004  max mem: 35168
Epoch: [13]  [ 260/1416]  eta: 0:17:54  lr: 0.000129  min_lr: 0.000129  loss: 0.0322 (0.0322)  reconst_loss: 0.0009 (0.0010)  code_loss: 0.0313 (0.0313)  weight_decay: 0.0500 (0.0500)  grad_norm: 0.0628 (0.0576)  time: 0.8629  data: 0.0006  max mem: 35168
Epoch: [13]  [ 270/1416]  eta: 0:17:42  lr: 0.000128  min_lr: 0.000128  loss: 0.0322 (0.0322)  reconst_loss: 0.0009 (0.0010)  code_loss: 0.0313 (0.0313)  weight_decay: 0.0500 (0.0500)  grad_norm: 0.0439 (0.0570)  time: 0.8648  data: 0.0008  max mem: 35168
Epoch: [13]  [ 280/1416]  eta: 0:17:31  lr: 0.000128  min_lr: 0.000128  loss: 0.0322 (0.0322)  reconst_loss: 0.0009 (0.0010)  code_loss: 0.0313 (0.0313)  weight_decay: 0.0500 (0.0500)  grad_norm: 0.0439 (0.0574)  time: 0.8701  data: 0.0006  max mem: 35168
Epoch: [13]  [ 290/1416]  eta: 0:17:19  lr: 0.000128  min_lr: 0.000128  loss: 0.0322 (0.0322)  reconst_loss: 0.0009 (0.0010)  code_loss: 0.0313 (0.0313)  weight_decay: 0.0500 (0.0500)  grad_norm: 0.0586 (0.0572)  time: 0.8689  data: 0.0005  max mem: 35168
Epoch: [13]  [ 300/1416]  eta: 0:17:08  lr: 0.000128  min_lr: 0.000128  loss: 0.0322 (0.0322)  reconst_loss: 0.0009 (0.0010)  code_loss: 0.0313 (0.0313)  weight_decay: 0.0500 (0.0500)  grad_norm: 0.0430 (0.0569)  time: 0.8648  data: 0.0007  max mem: 35168
Epoch: [13]  [ 310/1416]  eta: 0:16:56  lr: 0.000127  min_lr: 0.000127  loss: 0.0322 (0.0322)  reconst_loss: 0.0009 (0.0010)  code_loss: 0.0313 (0.0313)  weight_decay: 0.0500 (0.0500)  grad_norm: 0.0382 (0.0562)  time: 0.8653  data: 0.0009  max mem: 35168
Epoch: [13]  [ 320/1416]  eta: 0:16:45  lr: 0.000127  min_lr: 0.000127  loss: 0.0322 (0.0322)  reconst_loss: 0.0009 (0.0009)  code_loss: 0.0313 (0.0313)  weight_decay: 0.0500 (0.0500)  grad_norm: 0.0420 (0.0562)  time: 0.8677  data: 0.0008  max mem: 35168
Epoch: [13]  [ 330/1416]  eta: 0:16:35  lr: 0.000127  min_lr: 0.000127  loss: 0.0322 (0.0322)  reconst_loss: 0.0009 (0.0009)  code_loss: 0.0313 (0.0313)  weight_decay: 0.0500 (0.0500)  grad_norm: 0.0534 (0.0567)  time: 0.8671  data: 0.0005  max mem: 35168
Epoch: [13]  [ 340/1416]  eta: 0:16:24  lr: 0.000127  min_lr: 0.000127  loss: 0.0322 (0.0322)  reconst_loss: 0.0010 (0.0009)  code_loss: 0.0313 (0.0313)  weight_decay: 0.0500 (0.0500)  grad_norm: 0.0542 (0.0568)  time: 0.8634  data: 0.0003  max mem: 35168
Epoch: [13]  [ 350/1416]  eta: 0:16:13  lr: 0.000127  min_lr: 0.000127  loss: 0.0322 (0.0322)  reconst_loss: 0.0009 (0.0009)  code_loss: 0.0313 (0.0313)  weight_decay: 0.0500 (0.0500)  grad_norm: 0.0533 (0.0569)  time: 0.8608  data: 0.0005  max mem: 35168
Epoch: [13]  [ 360/1416]  eta: 0:16:02  lr: 0.000126  min_lr: 0.000126  loss: 0.0322 (0.0322)  reconst_loss: 0.0009 (0.0009)  code_loss: 0.0313 (0.0313)  weight_decay: 0.0500 (0.0500)  grad_norm: 0.0588 (0.0569)  time: 0.8613  data: 0.0007  max mem: 35168
Epoch: [13]  [ 370/1416]  eta: 0:15:52  lr: 0.000126  min_lr: 0.000126  loss: 0.0322 (0.0322)  reconst_loss: 0.0009 (0.0009)  code_loss: 0.0313 (0.0313)  weight_decay: 0.0500 (0.0500)  grad_norm: 0.0615 (0.0571)  time: 0.8623  data: 0.0007  max mem: 35168
Epoch: [13]  [ 380/1416]  eta: 0:15:41  lr: 0.000126  min_lr: 0.000126  loss: 0.0322 (0.0322)  reconst_loss: 0.0009 (0.0009)  code_loss: 0.0313 (0.0313)  weight_decay: 0.0500 (0.0500)  grad_norm: 0.0506 (0.0568)  time: 0.8644  data: 0.0005  max mem: 35168
Epoch: [13]  [ 390/1416]  eta: 0:15:32  lr: 0.000126  min_lr: 0.000126  loss: 0.0322 (0.0322)  reconst_loss: 0.0009 (0.0009)  code_loss: 0.0313 (0.0313)  weight_decay: 0.0500 (0.0500)  grad_norm: 0.0506 (0.0570)  time: 0.8727  data: 0.0003  max mem: 35168
Epoch: [13]  [ 400/1416]  eta: 0:15:21  lr: 0.000126  min_lr: 0.000126  loss: 0.0322 (0.0322)  reconst_loss: 0.0009 (0.0009)  code_loss: 0.0313 (0.0313)  weight_decay: 0.0500 (0.0500)  grad_norm: 0.0500 (0.0567)  time: 0.8745  data: 0.0003  max mem: 35168
Epoch: [13]  [ 410/1416]  eta: 0:15:11  lr: 0.000125  min_lr: 0.000125  loss: 0.0322 (0.0322)  reconst_loss: 0.0009 (0.0009)  code_loss: 0.0313 (0.0313)  weight_decay: 0.0500 (0.0500)  grad_norm: 0.0462 (0.0567)  time: 0.8681  data: 0.0003  max mem: 35168
Epoch: [13]  [ 420/1416]  eta: 0:15:01  lr: 0.000125  min_lr: 0.000125  loss: 0.0322 (0.0322)  reconst_loss: 0.0009 (0.0009)  code_loss: 0.0313 (0.0313)  weight_decay: 0.0500 (0.0500)  grad_norm: 0.0479 (0.0566)  time: 0.8648  data: 0.0003  max mem: 35168
Epoch: [13]  [ 430/1416]  eta: 0:14:51  lr: 0.000125  min_lr: 0.000125  loss: 0.0322 (0.0322)  reconst_loss: 0.0009 (0.0009)  code_loss: 0.0313 (0.0313)  weight_decay: 0.0500 (0.0500)  grad_norm: 0.0693 (0.0571)  time: 0.8647  data: 0.0002  max mem: 35168
Epoch: [13]  [ 440/1416]  eta: 0:14:41  lr: 0.000125  min_lr: 0.000125  loss: 0.0322 (0.0322)  reconst_loss: 0.0009 (0.0009)  code_loss: 0.0313 (0.0313)  weight_decay: 0.0500 (0.0500)  grad_norm: 0.0772 (0.0572)  time: 0.8645  data: 0.0002  max mem: 35168
Epoch: [13]  [ 450/1416]  eta: 0:14:31  lr: 0.000124  min_lr: 0.000124  loss: 0.0322 (0.0322)  reconst_loss: 0.0010 (0.0009)  code_loss: 0.0313 (0.0313)  weight_decay: 0.0500 (0.0500)  grad_norm: 0.0543 (0.0571)  time: 0.8627  data: 0.0003  max mem: 35168
Epoch: [13]  [ 460/1416]  eta: 0:14:22  lr: 0.000124  min_lr: 0.000124  loss: 0.0322 (0.0322)  reconst_loss: 0.0010 (0.0009)  code_loss: 0.0313 (0.0313)  weight_decay: 0.0500 (0.0500)  grad_norm: 0.0380 (0.0566)  time: 0.8622  data: 0.0005  max mem: 35168
Epoch: [13]  [ 470/1416]  eta: 0:14:12  lr: 0.000124  min_lr: 0.000124  loss: 0.0322 (0.0322)  reconst_loss: 0.0010 (0.0009)  code_loss: 0.0313 (0.0313)  weight_decay: 0.0500 (0.0500)  grad_norm: 0.0348 (0.0564)  time: 0.8617  data: 0.0006  max mem: 35168
Epoch: [13]  [ 480/1416]  eta: 0:14:02  lr: 0.000124  min_lr: 0.000124  loss: 0.0322 (0.0322)  reconst_loss: 0.0010 (0.0009)  code_loss: 0.0313 (0.0313)  weight_decay: 0.0500 (0.0500)  grad_norm: 0.0520 (0.0564)  time: 0.8626  data: 0.0007  max mem: 35168
Epoch: [13]  [ 490/1416]  eta: 0:13:52  lr: 0.000124  min_lr: 0.000124  loss: 0.0322 (0.0322)  reconst_loss: 0.0009 (0.0009)  code_loss: 0.0313 (0.0313)  weight_decay: 0.0500 (0.0500)  grad_norm: 0.0571 (0.0565)  time: 0.8668  data: 0.0007  max mem: 35168
Epoch: [13]  [ 500/1416]  eta: 0:13:43  lr: 0.000123  min_lr: 0.000123  loss: 0.0322 (0.0322)  reconst_loss: 0.0009 (0.0009)  code_loss: 0.0313 (0.0313)  weight_decay: 0.0500 (0.0500)  grad_norm: 0.0510 (0.0563)  time: 0.8668  data: 0.0004  max mem: 35168
Epoch: [13]  [ 510/1416]  eta: 0:13:33  lr: 0.000123  min_lr: 0.000123  loss: 0.0322 (0.0322)  reconst_loss: 0.0009 (0.0009)  code_loss: 0.0313 (0.0313)  weight_decay: 0.0500 (0.0500)  grad_norm: 0.0448 (0.0561)  time: 0.8612  data: 0.0003  max mem: 35168
Epoch: [13]  [ 520/1416]  eta: 0:13:24  lr: 0.000123  min_lr: 0.000123  loss: 0.0322 (0.0322)  reconst_loss: 0.0009 (0.0009)  code_loss: 0.0313 (0.0313)  weight_decay: 0.0500 (0.0500)  grad_norm: 0.0460 (0.0559)  time: 0.8610  data: 0.0003  max mem: 35168
Epoch: [13]  [ 530/1416]  eta: 0:13:14  lr: 0.000123  min_lr: 0.000123  loss: 0.0322 (0.0322)  reconst_loss: 0.0009 (0.0009)  code_loss: 0.0313 (0.0313)  weight_decay: 0.0500 (0.0500)  grad_norm: 0.0468 (0.0557)  time: 0.8685  data: 0.0004  max mem: 35168
Epoch: [13]  [ 540/1416]  eta: 0:13:05  lr: 0.000122  min_lr: 0.000122  loss: 0.0321 (0.0322)  reconst_loss: 0.0009 (0.0009)  code_loss: 0.0313 (0.0313)  weight_decay: 0.0500 (0.0500)  grad_norm: 0.0438 (0.0556)  time: 0.8681  data: 0.0004  max mem: 35168
Epoch: [13]  [ 550/1416]  eta: 0:12:55  lr: 0.000122  min_lr: 0.000122  loss: 0.0321 (0.0322)  reconst_loss: 0.0009 (0.0009)  code_loss: 0.0313 (0.0313)  weight_decay: 0.0500 (0.0500)  grad_norm: 0.0374 (0.0552)  time: 0.8611  data: 0.0003  max mem: 35168
Epoch: [13]  [ 560/1416]  eta: 0:12:46  lr: 0.000122  min_lr: 0.000122  loss: 0.0321 (0.0322)  reconst_loss: 0.0009 (0.0009)  code_loss: 0.0313 (0.0313)  weight_decay: 0.0500 (0.0500)  grad_norm: 0.0391 (0.0554)  time: 0.8583  data: 0.0003  max mem: 35168
Epoch: [13]  [ 570/1416]  eta: 0:12:36  lr: 0.000122  min_lr: 0.000122  loss: 0.0322 (0.0322)  reconst_loss: 0.0009 (0.0009)  code_loss: 0.0313 (0.0313)  weight_decay: 0.0500 (0.0500)  grad_norm: 0.0743 (0.0559)  time: 0.8623  data: 0.0004  max mem: 35168
Epoch: [13]  [ 580/1416]  eta: 0:12:27  lr: 0.000122  min_lr: 0.000122  loss: 0.0322 (0.0322)  reconst_loss: 0.0009 (0.0009)  code_loss: 0.0313 (0.0313)  weight_decay: 0.0500 (0.0500)  grad_norm: 0.0841 (0.0564)  time: 0.8652  data: 0.0004  max mem: 35168
Epoch: [13]  [ 590/1416]  eta: 0:12:17  lr: 0.000121  min_lr: 0.000121  loss: 0.0322 (0.0322)  reconst_loss: 0.0009 (0.0009)  code_loss: 0.0313 (0.0313)  weight_decay: 0.0500 (0.0500)  grad_norm: 0.0662 (0.0565)  time: 0.8642  data: 0.0003  max mem: 35168
Epoch: [13]  [ 600/1416]  eta: 0:12:08  lr: 0.000121  min_lr: 0.000121  loss: 0.0322 (0.0322)  reconst_loss: 0.0009 (0.0009)  code_loss: 0.0313 (0.0313)  weight_decay: 0.0500 (0.0500)  grad_norm: 0.0451 (0.0562)  time: 0.8646  data: 0.0003  max mem: 35168
Epoch: [13]  [ 610/1416]  eta: 0:11:59  lr: 0.000121  min_lr: 0.000121  loss: 0.0322 (0.0322)  reconst_loss: 0.0009 (0.0009)  code_loss: 0.0313 (0.0313)  weight_decay: 0.0500 (0.0500)  grad_norm: 0.0396 (0.0560)  time: 0.8644  data: 0.0003  max mem: 35168
Epoch: [13]  [ 620/1416]  eta: 0:11:50  lr: 0.000121  min_lr: 0.000121  loss: 0.0322 (0.0322)  reconst_loss: 0.0009 (0.0009)  code_loss: 0.0313 (0.0313)  weight_decay: 0.0500 (0.0500)  grad_norm: 0.0389 (0.0557)  time: 0.8643  data: 0.0003  max mem: 35168
Epoch: [13]  [ 630/1416]  eta: 0:11:40  lr: 0.000121  min_lr: 0.000121  loss: 0.0322 (0.0322)  reconst_loss: 0.0009 (0.0009)  code_loss: 0.0313 (0.0313)  weight_decay: 0.0500 (0.0500)  grad_norm: 0.0386 (0.0556)  time: 0.8649  data: 0.0003  max mem: 35168
Epoch: [13]  [ 640/1416]  eta: 0:11:31  lr: 0.000120  min_lr: 0.000120  loss: 0.0321 (0.0322)  reconst_loss: 0.0009 (0.0009)  code_loss: 0.0313 (0.0313)  weight_decay: 0.0500 (0.0500)  grad_norm: 0.0413 (0.0555)  time: 0.8648  data: 0.0003  max mem: 35168
Epoch: [13]  [ 650/1416]  eta: 0:11:22  lr: 0.000120  min_lr: 0.000120  loss: 0.0321 (0.0322)  reconst_loss: 0.0009 (0.0009)  code_loss: 0.0313 (0.0313)  weight_decay: 0.0500 (0.0500)  grad_norm: 0.0381 (0.0552)  time: 0.8632  data: 0.0002  max mem: 35168
Epoch: [13]  [ 660/1416]  eta: 0:11:13  lr: 0.000120  min_lr: 0.000120  loss: 0.0322 (0.0322)  reconst_loss: 0.0009 (0.0009)  code_loss: 0.0313 (0.0313)  weight_decay: 0.0500 (0.0500)  grad_norm: 0.0395 (0.0551)  time: 0.8606  data: 0.0004  max mem: 35168
Epoch: [13]  [ 670/1416]  eta: 0:11:03  lr: 0.000120  min_lr: 0.000120  loss: 0.0322 (0.0322)  reconst_loss: 0.0009 (0.0009)  code_loss: 0.0313 (0.0313)  weight_decay: 0.0500 (0.0500)  grad_norm: 0.0448 (0.0551)  time: 0.8600  data: 0.0005  max mem: 35168
Epoch: [13]  [ 680/1416]  eta: 0:10:54  lr: 0.000119  min_lr: 0.000119  loss: 0.0322 (0.0322)  reconst_loss: 0.0009 (0.0009)  code_loss: 0.0313 (0.0313)  weight_decay: 0.0500 (0.0500)  grad_norm: 0.0473 (0.0550)  time: 0.8631  data: 0.0003  max mem: 35168
Epoch: [13]  [ 690/1416]  eta: 0:10:45  lr: 0.000119  min_lr: 0.000119  loss: 0.0322 (0.0322)  reconst_loss: 0.0009 (0.0009)  code_loss: 0.0313 (0.0313)  weight_decay: 0.0500 (0.0500)  grad_norm: 0.0443 (0.0548)  time: 0.8697  data: 0.0003  max mem: 35168
Epoch: [13]  [ 700/1416]  eta: 0:10:36  lr: 0.000119  min_lr: 0.000119  loss: 0.0322 (0.0322)  reconst_loss: 0.0010 (0.0009)  code_loss: 0.0313 (0.0313)  weight_decay: 0.0500 (0.0500)  grad_norm: 0.0388 (0.0546)  time: 0.8690  data: 0.0002  max mem: 35168
Epoch: [13]  [ 710/1416]  eta: 0:10:27  lr: 0.000119  min_lr: 0.000119  loss: 0.0322 (0.0322)  reconst_loss: 0.0009 (0.0009)  code_loss: 0.0313 (0.0313)  weight_decay: 0.0500 (0.0500)  grad_norm: 0.0389 (0.0547)  time: 0.8631  data: 0.0002  max mem: 35168
Epoch: [13]  [ 720/1416]  eta: 0:10:18  lr: 0.000119  min_lr: 0.000119  loss: 0.0322 (0.0322)  reconst_loss: 0.0010 (0.0009)  code_loss: 0.0313 (0.0313)  weight_decay: 0.0500 (0.0500)  grad_norm: 0.0455 (0.0552)  time: 0.8691  data: 0.0003  max mem: 35168
Epoch: [13]  [ 730/1416]  eta: 0:10:09  lr: 0.000118  min_lr: 0.000118  loss: 0.0322 (0.0322)  reconst_loss: 0.0009 (0.0009)  code_loss: 0.0313 (0.0313)  weight_decay: 0.0500 (0.0500)  grad_norm: 0.0805 (0.0554)  time: 0.8703  data: 0.0003  max mem: 35168
Epoch: [13]  [ 740/1416]  eta: 0:10:00  lr: 0.000118  min_lr: 0.000118  loss: 0.0322 (0.0322)  reconst_loss: 0.0009 (0.0009)  code_loss: 0.0313 (0.0313)  weight_decay: 0.0500 (0.0500)  grad_norm: 0.0610 (0.0554)  time: 0.8622  data: 0.0003  max mem: 35168
Epoch: [13]  [ 750/1416]  eta: 0:09:50  lr: 0.000118  min_lr: 0.000118  loss: 0.0322 (0.0322)  reconst_loss: 0.0009 (0.0009)  code_loss: 0.0313 (0.0313)  weight_decay: 0.0500 (0.0500)  grad_norm: 0.0380 (0.0551)  time: 0.8634  data: 0.0003  max mem: 35168
Epoch: [13]  [ 760/1416]  eta: 0:09:41  lr: 0.000118  min_lr: 0.000118  loss: 0.0322 (0.0322)  reconst_loss: 0.0009 (0.0009)  code_loss: 0.0313 (0.0313)  weight_decay: 0.0500 (0.0500)  grad_norm: 0.0285 (0.0547)  time: 0.8632  data: 0.0004  max mem: 35168
Epoch: [13]  [ 770/1416]  eta: 0:09:32  lr: 0.000117  min_lr: 0.000117  loss: 0.0321 (0.0322)  reconst_loss: 0.0009 (0.0009)  code_loss: 0.0313 (0.0313)  weight_decay: 0.0500 (0.0500)  grad_norm: 0.0257 (0.0543)  time: 0.8610  data: 0.0005  max mem: 35168
Epoch: [13]  [ 780/1416]  eta: 0:09:23  lr: 0.000117  min_lr: 0.000117  loss: 0.0322 (0.0322)  reconst_loss: 0.0009 (0.0009)  code_loss: 0.0313 (0.0313)  weight_decay: 0.0500 (0.0500)  grad_norm: 0.0272 (0.0540)  time: 0.8670  data: 0.0004  max mem: 35168
Epoch: [13]  [ 790/1416]  eta: 0:09:14  lr: 0.000117  min_lr: 0.000117  loss: 0.0321 (0.0322)  reconst_loss: 0.0009 (0.0009)  code_loss: 0.0313 (0.0313)  weight_decay: 0.0500 (0.0500)  grad_norm: 0.0328 (0.0539)  time: 0.8669  data: 0.0003  max mem: 35168
Epoch: [13]  [ 800/1416]  eta: 0:09:05  lr: 0.000117  min_lr: 0.000117  loss: 0.0321 (0.0322)  reconst_loss: 0.0009 (0.0009)  code_loss: 0.0313 (0.0313)  weight_decay: 0.0500 (0.0500)  grad_norm: 0.0390 (0.0539)  time: 0.8622  data: 0.0003  max mem: 35168
Epoch: [13]  [ 810/1416]  eta: 0:08:56  lr: 0.000117  min_lr: 0.000117  loss: 0.0322 (0.0322)  reconst_loss: 0.0009 (0.0009)  code_loss: 0.0313 (0.0313)  weight_decay: 0.0500 (0.0500)  grad_norm: 0.0404 (0.0538)  time: 0.8626  data: 0.0002  max mem: 35168
Epoch: [13]  [ 820/1416]  eta: 0:08:47  lr: 0.000116  min_lr: 0.000116  loss: 0.0322 (0.0322)  reconst_loss: 0.0009 (0.0009)  code_loss: 0.0313 (0.0313)  weight_decay: 0.0500 (0.0500)  grad_norm: 0.0408 (0.0537)  time: 0.8638  data: 0.0002  max mem: 35168
Epoch: [13]  [ 830/1416]  eta: 0:08:38  lr: 0.000116  min_lr: 0.000116  loss: 0.0322 (0.0322)  reconst_loss: 0.0009 (0.0009)  code_loss: 0.0313 (0.0313)  weight_decay: 0.0500 (0.0500)  grad_norm: 0.0535 (0.0537)  time: 0.8639  data: 0.0003  max mem: 35168
Epoch: [13]  [ 840/1416]  eta: 0:08:29  lr: 0.000116  min_lr: 0.000116  loss: 0.0321 (0.0322)  reconst_loss: 0.0009 (0.0009)  code_loss: 0.0313 (0.0313)  weight_decay: 0.0500 (0.0500)  grad_norm: 0.0477 (0.0537)  time: 0.8636  data: 0.0003  max mem: 35168
Epoch: [13]  [ 850/1416]  eta: 0:08:20  lr: 0.000116  min_lr: 0.000116  loss: 0.0321 (0.0322)  reconst_loss: 0.0009 (0.0009)  code_loss: 0.0313 (0.0313)  weight_decay: 0.0500 (0.0500)  grad_norm: 0.0477 (0.0537)  time: 0.8657  data: 0.0003  max mem: 35168
Epoch: [13]  [ 860/1416]  eta: 0:08:11  lr: 0.000116  min_lr: 0.000116  loss: 0.0321 (0.0322)  reconst_loss: 0.0009 (0.0009)  code_loss: 0.0313 (0.0313)  weight_decay: 0.0500 (0.0500)  grad_norm: 0.0406 (0.0535)  time: 0.8642  data: 0.0003  max mem: 35168
Epoch: [13]  [ 870/1416]  eta: 0:08:02  lr: 0.000115  min_lr: 0.000115  loss: 0.0322 (0.0322)  reconst_loss: 0.0009 (0.0009)  code_loss: 0.0312 (0.0313)  weight_decay: 0.0500 (0.0500)  grad_norm: 0.0300 (0.0532)  time: 0.8599  data: 0.0003  max mem: 35168
Epoch: [13]  [ 880/1416]  eta: 0:07:53  lr: 0.000115  min_lr: 0.000115  loss: 0.0322 (0.0322)  reconst_loss: 0.0009 (0.0009)  code_loss: 0.0313 (0.0313)  weight_decay: 0.0500 (0.0500)  grad_norm: 0.0374 (0.0532)  time: 0.8598  data: 0.0004  max mem: 35168
Epoch: [13]  [ 890/1416]  eta: 0:07:44  lr: 0.000115  min_lr: 0.000115  loss: 0.0322 (0.0322)  reconst_loss: 0.0009 (0.0009)  code_loss: 0.0313 (0.0313)  weight_decay: 0.0500 (0.0500)  grad_norm: 0.0509 (0.0533)  time: 0.8611  data: 0.0003  max mem: 35168
Epoch: [13]  [ 900/1416]  eta: 0:07:35  lr: 0.000115  min_lr: 0.000115  loss: 0.0322 (0.0322)  reconst_loss: 0.0009 (0.0009)  code_loss: 0.0313 (0.0313)  weight_decay: 0.0500 (0.0500)  grad_norm: 0.0486 (0.0533)  time: 0.8623  data: 0.0003  max mem: 35168
Epoch: [13]  [ 910/1416]  eta: 0:07:26  lr: 0.000114  min_lr: 0.000114  loss: 0.0322 (0.0322)  reconst_loss: 0.0009 (0.0009)  code_loss: 0.0313 (0.0313)  weight_decay: 0.0500 (0.0500)  grad_norm: 0.0480 (0.0532)  time: 0.8608  data: 0.0003  max mem: 35168
Epoch: [13]  [ 920/1416]  eta: 0:07:17  lr: 0.000114  min_lr: 0.000114  loss: 0.0322 (0.0322)  reconst_loss: 0.0009 (0.0009)  code_loss: 0.0313 (0.0313)  weight_decay: 0.0500 (0.0500)  grad_norm: 0.0491 (0.0532)  time: 0.8614  data: 0.0002  max mem: 35168
Epoch: [13]  [ 930/1416]  eta: 0:07:08  lr: 0.000114  min_lr: 0.000114  loss: 0.0322 (0.0322)  reconst_loss: 0.0009 (0.0009)  code_loss: 0.0313 (0.0313)  weight_decay: 0.0500 (0.0500)  grad_norm: 0.0543 (0.0535)  time: 0.8634  data: 0.0003  max mem: 35168
Epoch: [13]  [ 940/1416]  eta: 0:07:00  lr: 0.000114  min_lr: 0.000114  loss: 0.0322 (0.0322)  reconst_loss: 0.0009 (0.0009)  code_loss: 0.0313 (0.0313)  weight_decay: 0.0500 (0.0500)  grad_norm: 0.0709 (0.0537)  time: 0.8631  data: 0.0003  max mem: 35168
Epoch: [13]  [ 950/1416]  eta: 0:06:51  lr: 0.000114  min_lr: 0.000114  loss: 0.0322 (0.0322)  reconst_loss: 0.0009 (0.0009)  code_loss: 0.0313 (0.0313)  weight_decay: 0.0500 (0.0500)  grad_norm: 0.0671 (0.0538)  time: 0.8638  data: 0.0003  max mem: 35168
Epoch: [13]  [ 960/1416]  eta: 0:06:42  lr: 0.000113  min_lr: 0.000113  loss: 0.0322 (0.0322)  reconst_loss: 0.0009 (0.0009)  code_loss: 0.0313 (0.0313)  weight_decay: 0.0500 (0.0500)  grad_norm: 0.0458 (0.0537)  time: 0.8647  data: 0.0003  max mem: 35168
Epoch: [13]  [ 970/1416]  eta: 0:06:33  lr: 0.000113  min_lr: 0.000113  loss: 0.0321 (0.0322)  reconst_loss: 0.0009 (0.0009)  code_loss: 0.0313 (0.0313)  weight_decay: 0.0500 (0.0500)  grad_norm: 0.0414 (0.0536)  time: 0.8582  data: 0.0003  max mem: 35168
Epoch: [13]  [ 980/1416]  eta: 0:06:24  lr: 0.000113  min_lr: 0.000113  loss: 0.0321 (0.0322)  reconst_loss: 0.0009 (0.0009)  code_loss: 0.0313 (0.0313)  weight_decay: 0.0500 (0.0500)  grad_norm: 0.0312 (0.0533)  time: 0.8577  data: 0.0002  max mem: 35168
Epoch: [13]  [ 990/1416]  eta: 0:06:15  lr: 0.000113  min_lr: 0.000113  loss: 0.0321 (0.0322)  reconst_loss: 0.0009 (0.0009)  code_loss: 0.0313 (0.0313)  weight_decay: 0.0500 (0.0500)  grad_norm: 0.0298 (0.0531)  time: 0.8657  data: 0.0002  max mem: 35168
Epoch: [13]  [1000/1416]  eta: 0:06:06  lr: 0.000113  min_lr: 0.000113  loss: 0.0322 (0.0322)  reconst_loss: 0.0009 (0.0009)  code_loss: 0.0313 (0.0313)  weight_decay: 0.0500 (0.0500)  grad_norm: 0.0387 (0.0530)  time: 0.8658  data: 0.0003  max mem: 35168
Epoch: [13]  [1010/1416]  eta: 0:05:57  lr: 0.000112  min_lr: 0.000112  loss: 0.0322 (0.0322)  reconst_loss: 0.0009 (0.0009)  code_loss: 0.0313 (0.0313)  weight_decay: 0.0500 (0.0500)  grad_norm: 0.0412 (0.0530)  time: 0.8586  data: 0.0003  max mem: 35168
Epoch: [13]  [1020/1416]  eta: 0:05:48  lr: 0.000112  min_lr: 0.000112  loss: 0.0322 (0.0322)  reconst_loss: 0.0009 (0.0009)  code_loss: 0.0313 (0.0313)  weight_decay: 0.0500 (0.0500)  grad_norm: 0.0531 (0.0530)  time: 0.8520  data: 0.0004  max mem: 35168
Epoch: [13]  [1030/1416]  eta: 0:05:39  lr: 0.000112  min_lr: 0.000112  loss: 0.0322 (0.0322)  reconst_loss: 0.0009 (0.0009)  code_loss: 0.0313 (0.0313)  weight_decay: 0.0500 (0.0500)  grad_norm: 0.0423 (0.0529)  time: 0.8583  data: 0.0004  max mem: 35168
Epoch: [13]  [1040/1416]  eta: 0:05:31  lr: 0.000112  min_lr: 0.000112  loss: 0.0321 (0.0322)  reconst_loss: 0.0009 (0.0009)  code_loss: 0.0313 (0.0313)  weight_decay: 0.0500 (0.0500)  grad_norm: 0.0310 (0.0527)  time: 0.8665  data: 0.0004  max mem: 35168
Epoch: [13]  [1050/1416]  eta: 0:05:22  lr: 0.000111  min_lr: 0.000111  loss: 0.0321 (0.0322)  reconst_loss: 0.0009 (0.0009)  code_loss: 0.0313 (0.0313)  weight_decay: 0.0500 (0.0500)  grad_norm: 0.0285 (0.0525)  time: 0.8647  data: 0.0007  max mem: 35168
Epoch: [13]  [1060/1416]  eta: 0:05:13  lr: 0.000111  min_lr: 0.000111  loss: 0.0321 (0.0322)  reconst_loss: 0.0009 (0.0009)  code_loss: 0.0313 (0.0313)  weight_decay: 0.0500 (0.0500)  grad_norm: 0.0329 (0.0523)  time: 0.8623  data: 0.0006  max mem: 35168
Epoch: [13]  [1070/1416]  eta: 0:05:04  lr: 0.000111  min_lr: 0.000111  loss: 0.0322 (0.0322)  reconst_loss: 0.0009 (0.0009)  code_loss: 0.0313 (0.0313)  weight_decay: 0.0500 (0.0500)  grad_norm: 0.0402 (0.0523)  time: 0.8614  data: 0.0004  max mem: 35168
Epoch: [13]  [1080/1416]  eta: 0:04:55  lr: 0.000111  min_lr: 0.000111  loss: 0.0322 (0.0322)  reconst_loss: 0.0009 (0.0009)  code_loss: 0.0313 (0.0313)  weight_decay: 0.0500 (0.0500)  grad_norm: 0.0464 (0.0523)  time: 0.8597  data: 0.0004  max mem: 35168
Epoch: [13]  [1090/1416]  eta: 0:04:46  lr: 0.000111  min_lr: 0.000111  loss: 0.0321 (0.0322)  reconst_loss: 0.0009 (0.0009)  code_loss: 0.0313 (0.0313)  weight_decay: 0.0500 (0.0500)  grad_norm: 0.0491 (0.0522)  time: 0.8555  data: 0.0006  max mem: 35168
Epoch: [13]  [1100/1416]  eta: 0:04:37  lr: 0.000110  min_lr: 0.000110  loss: 0.0321 (0.0322)  reconst_loss: 0.0009 (0.0009)  code_loss: 0.0312 (0.0313)  weight_decay: 0.0500 (0.0500)  grad_norm: 0.0452 (0.0522)  time: 0.8569  data: 0.0008  max mem: 35168
Epoch: [13]  [1110/1416]  eta: 0:04:28  lr: 0.000110  min_lr: 0.000110  loss: 0.0322 (0.0322)  reconst_loss: 0.0009 (0.0009)  code_loss: 0.0313 (0.0313)  weight_decay: 0.0500 (0.0500)  grad_norm: 0.0438 (0.0522)  time: 0.8601  data: 0.0007  max mem: 35168
Epoch: [13]  [1120/1416]  eta: 0:04:20  lr: 0.000110  min_lr: 0.000110  loss: 0.0322 (0.0322)  reconst_loss: 0.0009 (0.0009)  code_loss: 0.0312 (0.0313)  weight_decay: 0.0500 (0.0500)  grad_norm: 0.0385 (0.0520)  time: 0.8595  data: 0.0005  max mem: 35168
Epoch: [13]  [1130/1416]  eta: 0:04:11  lr: 0.000110  min_lr: 0.000110  loss: 0.0322 (0.0322)  reconst_loss: 0.0009 (0.0009)  code_loss: 0.0313 (0.0313)  weight_decay: 0.0500 (0.0500)  grad_norm: 0.0309 (0.0519)  time: 0.8639  data: 0.0003  max mem: 35168
Epoch: [13]  [1140/1416]  eta: 0:04:02  lr: 0.000110  min_lr: 0.000110  loss: 0.0322 (0.0322)  reconst_loss: 0.0009 (0.0009)  code_loss: 0.0313 (0.0313)  weight_decay: 0.0500 (0.0500)  grad_norm: 0.0339 (0.0519)  time: 0.8658  data: 0.0003  max mem: 35168
Epoch: [13]  [1150/1416]  eta: 0:03:53  lr: 0.000109  min_lr: 0.000109  loss: 0.0321 (0.0322)  reconst_loss: 0.0009 (0.0009)  code_loss: 0.0313 (0.0313)  weight_decay: 0.0500 (0.0500)  grad_norm: 0.0469 (0.0518)  time: 0.8639  data: 0.0005  max mem: 35168
Epoch: [13]  [1160/1416]  eta: 0:03:44  lr: 0.000109  min_lr: 0.000109  loss: 0.0321 (0.0322)  reconst_loss: 0.0009 (0.0009)  code_loss: 0.0313 (0.0313)  weight_decay: 0.0500 (0.0500)  grad_norm: 0.0379 (0.0517)  time: 0.8611  data: 0.0004  max mem: 35168
Epoch: [13]  [1170/1416]  eta: 0:03:36  lr: 0.000109  min_lr: 0.000109  loss: 0.0321 (0.0322)  reconst_loss: 0.0009 (0.0009)  code_loss: 0.0313 (0.0313)  weight_decay: 0.0500 (0.0500)  grad_norm: 0.0291 (0.0515)  time: 0.8618  data: 0.0003  max mem: 35168
Epoch: [13]  [1180/1416]  eta: 0:03:27  lr: 0.000109  min_lr: 0.000109  loss: 0.0321 (0.0322)  reconst_loss: 0.0009 (0.0009)  code_loss: 0.0312 (0.0313)  weight_decay: 0.0500 (0.0500)  grad_norm: 0.0336 (0.0514)  time: 0.8625  data: 0.0003  max mem: 35168
Epoch: [13]  [1190/1416]  eta: 0:03:18  lr: 0.000108  min_lr: 0.000108  loss: 0.0321 (0.0322)  reconst_loss: 0.0009 (0.0009)  code_loss: 0.0312 (0.0313)  weight_decay: 0.0500 (0.0500)  grad_norm: 0.0394 (0.0514)  time: 0.8614  data: 0.0003  max mem: 35168
Epoch: [13]  [1200/1416]  eta: 0:03:09  lr: 0.000108  min_lr: 0.000108  loss: 0.0321 (0.0322)  reconst_loss: 0.0009 (0.0009)  code_loss: 0.0312 (0.0313)  weight_decay: 0.0500 (0.0500)  grad_norm: 0.0374 (0.0513)  time: 0.8554  data: 0.0008  max mem: 35168
Epoch: [13]  [1210/1416]  eta: 0:03:00  lr: 0.000108  min_lr: 0.000108  loss: 0.0321 (0.0322)  reconst_loss: 0.0009 (0.0009)  code_loss: 0.0312 (0.0313)  weight_decay: 0.0500 (0.0500)  grad_norm: 0.0283 (0.0512)  time: 0.8434  data: 0.0006  max mem: 35168
Epoch: [13]  [1220/1416]  eta: 0:02:51  lr: 0.000108  min_lr: 0.000108  loss: 0.0322 (0.0322)  reconst_loss: 0.0009 (0.0009)  code_loss: 0.0313 (0.0313)  weight_decay: 0.0500 (0.0500)  grad_norm: 0.0485 (0.0514)  time: 0.8403  data: 0.0001  max mem: 35168
Epoch: [13]  [1230/1416]  eta: 0:02:43  lr: 0.000108  min_lr: 0.000108  loss: 0.0322 (0.0322)  reconst_loss: 0.0009 (0.0009)  code_loss: 0.0313 (0.0313)  weight_decay: 0.0500 (0.0500)  grad_norm: 0.0675 (0.0515)  time: 0.8360  data: 0.0001  max mem: 35168
Epoch: [13]  [1240/1416]  eta: 0:02:34  lr: 0.000107  min_lr: 0.000107  loss: 0.0321 (0.0322)  reconst_loss: 0.0009 (0.0009)  code_loss: 0.0313 (0.0313)  weight_decay: 0.0500 (0.0500)  grad_norm: 0.0537 (0.0515)  time: 0.8302  data: 0.0001  max mem: 35168
Epoch: [13]  [1250/1416]  eta: 0:02:25  lr: 0.000107  min_lr: 0.000107  loss: 0.0321 (0.0322)  reconst_loss: 0.0009 (0.0009)  code_loss: 0.0313 (0.0313)  weight_decay: 0.0500 (0.0500)  grad_norm: 0.0461 (0.0514)  time: 0.8311  data: 0.0001  max mem: 35168
Epoch: [13]  [1260/1416]  eta: 0:02:16  lr: 0.000107  min_lr: 0.000107  loss: 0.0321 (0.0322)  reconst_loss: 0.0009 (0.0009)  code_loss: 0.0313 (0.0313)  weight_decay: 0.0500 (0.0500)  grad_norm: 0.0410 (0.0513)  time: 0.8404  data: 0.0001  max mem: 35168
Epoch: [13]  [1270/1416]  eta: 0:02:07  lr: 0.000107  min_lr: 0.000107  loss: 0.0321 (0.0322)  reconst_loss: 0.0009 (0.0009)  code_loss: 0.0313 (0.0313)  weight_decay: 0.0500 (0.0500)  grad_norm: 0.0305 (0.0512)  time: 0.8426  data: 0.0001  max mem: 35168
Epoch: [13]  [1280/1416]  eta: 0:01:59  lr: 0.000107  min_lr: 0.000107  loss: 0.0321 (0.0322)  reconst_loss: 0.0009 (0.0009)  code_loss: 0.0313 (0.0313)  weight_decay: 0.0500 (0.0500)  grad_norm: 0.0305 (0.0511)  time: 0.8360  data: 0.0001  max mem: 35168
Epoch: [13]  [1290/1416]  eta: 0:01:50  lr: 0.000106  min_lr: 0.000106  loss: 0.0321 (0.0322)  reconst_loss: 0.0009 (0.0009)  code_loss: 0.0313 (0.0313)  weight_decay: 0.0500 (0.0500)  grad_norm: 0.0372 (0.0510)  time: 0.8372  data: 0.0002  max mem: 35168
Epoch: [13]  [1300/1416]  eta: 0:01:41  lr: 0.000106  min_lr: 0.000106  loss: 0.0321 (0.0322)  reconst_loss: 0.0009 (0.0009)  code_loss: 0.0313 (0.0313)  weight_decay: 0.0500 (0.0500)  grad_norm: 0.0407 (0.0510)  time: 0.8344  data: 0.0002  max mem: 35168
Epoch: [13]  [1310/1416]  eta: 0:01:32  lr: 0.000106  min_lr: 0.000106  loss: 0.0321 (0.0322)  reconst_loss: 0.0009 (0.0009)  code_loss: 0.0313 (0.0313)  weight_decay: 0.0500 (0.0500)  grad_norm: 0.0411 (0.0509)  time: 0.8398  data: 0.0001  max mem: 35168
Epoch: [13]  [1320/1416]  eta: 0:01:23  lr: 0.000106  min_lr: 0.000106  loss: 0.0321 (0.0322)  reconst_loss: 0.0009 (0.0009)  code_loss: 0.0312 (0.0313)  weight_decay: 0.0500 (0.0500)  grad_norm: 0.0341 (0.0508)  time: 0.8440  data: 0.0001  max mem: 35168
Epoch: [13]  [1330/1416]  eta: 0:01:15  lr: 0.000105  min_lr: 0.000105  loss: 0.0321 (0.0322)  reconst_loss: 0.0009 (0.0009)  code_loss: 0.0312 (0.0313)  weight_decay: 0.0500 (0.0500)  grad_norm: 0.0324 (0.0506)  time: 0.8397  data: 0.0001  max mem: 35168
Epoch: [13]  [1340/1416]  eta: 0:01:06  lr: 0.000105  min_lr: 0.000105  loss: 0.0321 (0.0322)  reconst_loss: 0.0009 (0.0009)  code_loss: 0.0312 (0.0313)  weight_decay: 0.0500 (0.0500)  grad_norm: 0.0330 (0.0505)  time: 0.8392  data: 0.0001  max mem: 35168
Epoch: [13]  [1350/1416]  eta: 0:00:57  lr: 0.000105  min_lr: 0.000105  loss: 0.0321 (0.0322)  reconst_loss: 0.0009 (0.0009)  code_loss: 0.0312 (0.0313)  weight_decay: 0.0500 (0.0500)  grad_norm: 0.0318 (0.0504)  time: 0.8420  data: 0.0001  max mem: 35168
Epoch: [13]  [1360/1416]  eta: 0:00:48  lr: 0.000105  min_lr: 0.000105  loss: 0.0321 (0.0322)  reconst_loss: 0.0009 (0.0009)  code_loss: 0.0312 (0.0313)  weight_decay: 0.0500 (0.0500)  grad_norm: 0.0289 (0.0502)  time: 0.8443  data: 0.0001  max mem: 35168
Epoch: [13]  [1370/1416]  eta: 0:00:40  lr: 0.000105  min_lr: 0.000105  loss: 0.0321 (0.0322)  reconst_loss: 0.0009 (0.0009)  code_loss: 0.0313 (0.0313)  weight_decay: 0.0500 (0.0500)  grad_norm: 0.0332 (0.0503)  time: 0.8396  data: 0.0001  max mem: 35168
Epoch: [13]  [1380/1416]  eta: 0:00:31  lr: 0.000104  min_lr: 0.000104  loss: 0.0322 (0.0322)  reconst_loss: 0.0009 (0.0009)  code_loss: 0.0313 (0.0313)  weight_decay: 0.0500 (0.0500)  grad_norm: 0.0510 (0.0504)  time: 0.8399  data: 0.0001  max mem: 35168
Epoch: [13]  [1390/1416]  eta: 0:00:22  lr: 0.000104  min_lr: 0.000104  loss: 0.0322 (0.0322)  reconst_loss: 0.0009 (0.0009)  code_loss: 0.0313 (0.0313)  weight_decay: 0.0500 (0.0500)  grad_norm: 0.0460 (0.0503)  time: 0.8419  data: 0.0002  max mem: 35168
Epoch: [13]  [1400/1416]  eta: 0:00:13  lr: 0.000104  min_lr: 0.000104  loss: 0.0321 (0.0322)  reconst_loss: 0.0009 (0.0009)  code_loss: 0.0313 (0.0313)  weight_decay: 0.0500 (0.0500)  grad_norm: 0.0456 (0.0503)  time: 0.8420  data: 0.0002  max mem: 35168
Epoch: [13]  [1410/1416]  eta: 0:00:05  lr: 0.000104  min_lr: 0.000104  loss: 0.0321 (0.0322)  reconst_loss: 0.0009 (0.0009)  code_loss: 0.0313 (0.0313)  weight_decay: 0.0500 (0.0500)  grad_norm: 0.0493 (0.0504)  time: 0.8445  data: 0.0002  max mem: 35168
Epoch: [13]  [1415/1416]  eta: 0:00:00  lr: 0.000104  min_lr: 0.000104  loss: 0.0321 (0.0322)  reconst_loss: 0.0009 (0.0009)  code_loss: 0.0313 (0.0313)  weight_decay: 0.0500 (0.0500)  grad_norm: 0.0570 (0.0504)  time: 0.8436  data: 0.0002  max mem: 35168
Epoch: [13] Total time: 0:20:36 (0.8729 s / it)
Averaged stats: lr: 0.000104  min_lr: 0.000104  loss: 0.0321 (0.0322)  reconst_loss: 0.0009 (0.0009)  code_loss: 0.0313 (0.0313)  weight_decay: 0.0500 (0.0500)  grad_norm: 0.0570 (0.0504)
Epoch: [14]  [   0/1416]  eta: 6:18:09  lr: 0.000104  min_lr: 0.000104  loss: 0.0321 (0.0321)  reconst_loss: 0.0009 (0.0009)  code_loss: 0.0312 (0.0312)  weight_decay: 0.0500 (0.0500)  grad_norm: 0.0717 (0.0717)  time: 16.0237  data: 14.0558  max mem: 35168
Epoch: [14]  [  10/1416]  eta: 0:53:20  lr: 0.000103  min_lr: 0.000103  loss: 0.0322 (0.0322)  reconst_loss: 0.0009 (0.0009)  code_loss: 0.0313 (0.0313)  weight_decay: 0.0500 (0.0500)  grad_norm: 0.0592 (0.0560)  time: 2.2766  data: 1.2782  max mem: 35168
Epoch: [14]  [  20/1416]  eta: 0:37:57  lr: 0.000103  min_lr: 0.000103  loss: 0.0322 (0.0322)  reconst_loss: 0.0009 (0.0009)  code_loss: 0.0313 (0.0313)  weight_decay: 0.0500 (0.0500)  grad_norm: 0.0592 (0.0591)  time: 0.9122  data: 0.0003  max mem: 35168
Epoch: [14]  [  30/1416]  eta: 0:31:58  lr: 0.000103  min_lr: 0.000103  loss: 0.0322 (0.0322)  reconst_loss: 0.0009 (0.0009)  code_loss: 0.0313 (0.0313)  weight_decay: 0.0500 (0.0500)  grad_norm: 0.0676 (0.0593)  time: 0.8939  data: 0.0005  max mem: 35168
Epoch: [14]  [  40/1416]  eta: 0:28:50  lr: 0.000103  min_lr: 0.000103  loss: 0.0322 (0.0322)  reconst_loss: 0.0009 (0.0009)  code_loss: 0.0313 (0.0313)  weight_decay: 0.0500 (0.0500)  grad_norm: 0.0434 (0.0548)  time: 0.8653  data: 0.0007  max mem: 35168
Epoch: [14]  [  50/1416]  eta: 0:26:52  lr: 0.000103  min_lr: 0.000103  loss: 0.0321 (0.0322)  reconst_loss: 0.0009 (0.0009)  code_loss: 0.0312 (0.0313)  weight_decay: 0.0500 (0.0500)  grad_norm: 0.0310 (0.0495)  time: 0.8635  data: 0.0006  max mem: 35168
Epoch: [14]  [  60/1416]  eta: 0:25:30  lr: 0.000102  min_lr: 0.000102  loss: 0.0321 (0.0322)  reconst_loss: 0.0009 (0.0009)  code_loss: 0.0312 (0.0313)  weight_decay: 0.0500 (0.0500)  grad_norm: 0.0274 (0.0461)  time: 0.8628  data: 0.0007  max mem: 35168
Epoch: [14]  [  70/1416]  eta: 0:24:28  lr: 0.000102  min_lr: 0.000102  loss: 0.0321 (0.0321)  reconst_loss: 0.0009 (0.0009)  code_loss: 0.0312 (0.0313)  weight_decay: 0.0500 (0.0500)  grad_norm: 0.0274 (0.0434)  time: 0.8647  data: 0.0006  max mem: 35168
Epoch: [14]  [  80/1416]  eta: 0:23:40  lr: 0.000102  min_lr: 0.000102  loss: 0.0321 (0.0321)  reconst_loss: 0.0009 (0.0009)  code_loss: 0.0312 (0.0313)  weight_decay: 0.0500 (0.0500)  grad_norm: 0.0289 (0.0425)  time: 0.8642  data: 0.0005  max mem: 35168
Epoch: [14]  [  90/1416]  eta: 0:23:00  lr: 0.000102  min_lr: 0.000102  loss: 0.0321 (0.0321)  reconst_loss: 0.0009 (0.0009)  code_loss: 0.0312 (0.0313)  weight_decay: 0.0500 (0.0500)  grad_norm: 0.0351 (0.0422)  time: 0.8639  data: 0.0005  max mem: 35168
Epoch: [14]  [ 100/1416]  eta: 0:22:27  lr: 0.000102  min_lr: 0.000102  loss: 0.0321 (0.0321)  reconst_loss: 0.0009 (0.0009)  code_loss: 0.0312 (0.0313)  weight_decay: 0.0500 (0.0500)  grad_norm: 0.0410 (0.0426)  time: 0.8660  data: 0.0005  max mem: 35168
Epoch: [14]  [ 110/1416]  eta: 0:21:58  lr: 0.000101  min_lr: 0.000101  loss: 0.0321 (0.0321)  reconst_loss: 0.0009 (0.0009)  code_loss: 0.0312 (0.0313)  weight_decay: 0.0500 (0.0500)  grad_norm: 0.0469 (0.0435)  time: 0.8662  data: 0.0004  max mem: 35168
Epoch: [14]  [ 120/1416]  eta: 0:21:33  lr: 0.000101  min_lr: 0.000101  loss: 0.0321 (0.0321)  reconst_loss: 0.0009 (0.0009)  code_loss: 0.0312 (0.0313)  weight_decay: 0.0500 (0.0500)  grad_norm: 0.0487 (0.0446)  time: 0.8667  data: 0.0003  max mem: 35168
Epoch: [14]  [ 130/1416]  eta: 0:21:11  lr: 0.000101  min_lr: 0.000101  loss: 0.0322 (0.0321)  reconst_loss: 0.0009 (0.0009)  code_loss: 0.0312 (0.0313)  weight_decay: 0.0500 (0.0500)  grad_norm: 0.0414 (0.0441)  time: 0.8707  data: 0.0004  max mem: 35168
Epoch: [14]  [ 140/1416]  eta: 0:20:50  lr: 0.000101  min_lr: 0.000101  loss: 0.0321 (0.0321)  reconst_loss: 0.0009 (0.0009)  code_loss: 0.0312 (0.0313)  weight_decay: 0.0500 (0.0500)  grad_norm: 0.0339 (0.0432)  time: 0.8720  data: 0.0003  max mem: 35168
Epoch: [14]  [ 150/1416]  eta: 0:20:31  lr: 0.000100  min_lr: 0.000100  loss: 0.0321 (0.0321)  reconst_loss: 0.0009 (0.0009)  code_loss: 0.0313 (0.0313)  weight_decay: 0.0500 (0.0500)  grad_norm: 0.0305 (0.0424)  time: 0.8708  data: 0.0003  max mem: 35168
Epoch: [14]  [ 160/1416]  eta: 0:20:13  lr: 0.000100  min_lr: 0.000100  loss: 0.0321 (0.0321)  reconst_loss: 0.0009 (0.0009)  code_loss: 0.0313 (0.0313)  weight_decay: 0.0500 (0.0500)  grad_norm: 0.0286 (0.0416)  time: 0.8693  data: 0.0002  max mem: 35168
Epoch: [14]  [ 170/1416]  eta: 0:19:57  lr: 0.000100  min_lr: 0.000100  loss: 0.0321 (0.0321)  reconst_loss: 0.0009 (0.0009)  code_loss: 0.0312 (0.0313)  weight_decay: 0.0500 (0.0500)  grad_norm: 0.0284 (0.0408)  time: 0.8690  data: 0.0002  max mem: 35168
Epoch: [14]  [ 180/1416]  eta: 0:19:40  lr: 0.000100  min_lr: 0.000100  loss: 0.0321 (0.0321)  reconst_loss: 0.0009 (0.0009)  code_loss: 0.0312 (0.0313)  weight_decay: 0.0500 (0.0500)  grad_norm: 0.0305 (0.0408)  time: 0.8641  data: 0.0003  max mem: 35168
Epoch: [14]  [ 190/1416]  eta: 0:19:25  lr: 0.000100  min_lr: 0.000100  loss: 0.0321 (0.0321)  reconst_loss: 0.0009 (0.0009)  code_loss: 0.0312 (0.0313)  weight_decay: 0.0500 (0.0500)  grad_norm: 0.0459 (0.0418)  time: 0.8650  data: 0.0005  max mem: 35168
Epoch: [14]  [ 200/1416]  eta: 0:19:11  lr: 0.000099  min_lr: 0.000099  loss: 0.0321 (0.0321)  reconst_loss: 0.0009 (0.0009)  code_loss: 0.0312 (0.0313)  weight_decay: 0.0500 (0.0500)  grad_norm: 0.0560 (0.0422)  time: 0.8702  data: 0.0005  max mem: 35168
Epoch: [14]  [ 210/1416]  eta: 0:18:56  lr: 0.000099  min_lr: 0.000099  loss: 0.0321 (0.0321)  reconst_loss: 0.0009 (0.0009)  code_loss: 0.0312 (0.0313)  weight_decay: 0.0500 (0.0500)  grad_norm: 0.0417 (0.0421)  time: 0.8658  data: 0.0004  max mem: 35168
Epoch: [14]  [ 220/1416]  eta: 0:18:43  lr: 0.000099  min_lr: 0.000099  loss: 0.0321 (0.0321)  reconst_loss: 0.0008 (0.0009)  code_loss: 0.0312 (0.0313)  weight_decay: 0.0500 (0.0500)  grad_norm: 0.0379 (0.0417)  time: 0.8646  data: 0.0005  max mem: 35168
Epoch: [14]  [ 230/1416]  eta: 0:18:30  lr: 0.000099  min_lr: 0.000099  loss: 0.0321 (0.0321)  reconst_loss: 0.0009 (0.0009)  code_loss: 0.0312 (0.0313)  weight_decay: 0.0500 (0.0500)  grad_norm: 0.0310 (0.0413)  time: 0.8657  data: 0.0005  max mem: 35168
Epoch: [14]  [ 240/1416]  eta: 0:18:17  lr: 0.000099  min_lr: 0.000099  loss: 0.0322 (0.0321)  reconst_loss: 0.0009 (0.0009)  code_loss: 0.0312 (0.0313)  weight_decay: 0.0500 (0.0500)  grad_norm: 0.0249 (0.0408)  time: 0.8622  data: 0.0003  max mem: 35168
Epoch: [14]  [ 250/1416]  eta: 0:18:04  lr: 0.000098  min_lr: 0.000098  loss: 0.0321 (0.0321)  reconst_loss: 0.0009 (0.0009)  code_loss: 0.0312 (0.0313)  weight_decay: 0.0500 (0.0500)  grad_norm: 0.0282 (0.0405)  time: 0.8630  data: 0.0003  max mem: 35168
Epoch: [14]  [ 260/1416]  eta: 0:17:52  lr: 0.000098  min_lr: 0.000098  loss: 0.0321 (0.0321)  reconst_loss: 0.0009 (0.0009)  code_loss: 0.0312 (0.0312)  weight_decay: 0.0500 (0.0500)  grad_norm: 0.0332 (0.0405)  time: 0.8684  data: 0.0003  max mem: 35168
Epoch: [14]  [ 270/1416]  eta: 0:17:41  lr: 0.000098  min_lr: 0.000098  loss: 0.0321 (0.0321)  reconst_loss: 0.0009 (0.0009)  code_loss: 0.0312 (0.0312)  weight_decay: 0.0500 (0.0500)  grad_norm: 0.0388 (0.0404)  time: 0.8714  data: 0.0003  max mem: 35168
Epoch: [14]  [ 280/1416]  eta: 0:17:29  lr: 0.000098  min_lr: 0.000098  loss: 0.0321 (0.0321)  reconst_loss: 0.0009 (0.0009)  code_loss: 0.0312 (0.0312)  weight_decay: 0.0500 (0.0500)  grad_norm: 0.0316 (0.0400)  time: 0.8657  data: 0.0003  max mem: 35168
Epoch: [14]  [ 290/1416]  eta: 0:17:17  lr: 0.000098  min_lr: 0.000098  loss: 0.0321 (0.0321)  reconst_loss: 0.0009 (0.0009)  code_loss: 0.0312 (0.0312)  weight_decay: 0.0500 (0.0500)  grad_norm: 0.0296 (0.0397)  time: 0.8580  data: 0.0004  max mem: 35168
Epoch: [14]  [ 300/1416]  eta: 0:17:06  lr: 0.000097  min_lr: 0.000097  loss: 0.0321 (0.0321)  reconst_loss: 0.0008 (0.0009)  code_loss: 0.0312 (0.0312)  weight_decay: 0.0500 (0.0500)  grad_norm: 0.0279 (0.0393)  time: 0.8634  data: 0.0004  max mem: 35168
Epoch: [14]  [ 310/1416]  eta: 0:16:55  lr: 0.000097  min_lr: 0.000097  loss: 0.0321 (0.0321)  reconst_loss: 0.0009 (0.0009)  code_loss: 0.0313 (0.0313)  weight_decay: 0.0500 (0.0500)  grad_norm: 0.0330 (0.0403)  time: 0.8696  data: 0.0005  max mem: 35168
Epoch: [14]  [ 320/1416]  eta: 0:16:44  lr: 0.000097  min_lr: 0.000097  loss: 0.0321 (0.0321)  reconst_loss: 0.0009 (0.0009)  code_loss: 0.0313 (0.0313)  weight_decay: 0.0500 (0.0500)  grad_norm: 0.0671 (0.0409)  time: 0.8666  data: 0.0008  max mem: 35168
Epoch: [14]  [ 330/1416]  eta: 0:16:33  lr: 0.000097  min_lr: 0.000097  loss: 0.0321 (0.0321)  reconst_loss: 0.0009 (0.0009)  code_loss: 0.0313 (0.0313)  weight_decay: 0.0500 (0.0500)  grad_norm: 0.0510 (0.0410)  time: 0.8650  data: 0.0007  max mem: 35168
Epoch: [14]  [ 340/1416]  eta: 0:16:22  lr: 0.000097  min_lr: 0.000097  loss: 0.0321 (0.0321)  reconst_loss: 0.0009 (0.0009)  code_loss: 0.0312 (0.0313)  weight_decay: 0.0500 (0.0500)  grad_norm: 0.0402 (0.0409)  time: 0.8649  data: 0.0004  max mem: 35168
Epoch: [14]  [ 350/1416]  eta: 0:16:11  lr: 0.000096  min_lr: 0.000096  loss: 0.0321 (0.0321)  reconst_loss: 0.0009 (0.0009)  code_loss: 0.0312 (0.0313)  weight_decay: 0.0500 (0.0500)  grad_norm: 0.0231 (0.0403)  time: 0.8589  data: 0.0003  max mem: 35168
Epoch: [14]  [ 360/1416]  eta: 0:16:01  lr: 0.000096  min_lr: 0.000096  loss: 0.0321 (0.0321)  reconst_loss: 0.0009 (0.0009)  code_loss: 0.0312 (0.0312)  weight_decay: 0.0500 (0.0500)  grad_norm: 0.0188 (0.0397)  time: 0.8615  data: 0.0003  max mem: 35168
Epoch: [14]  [ 370/1416]  eta: 0:15:50  lr: 0.000096  min_lr: 0.000096  loss: 0.0321 (0.0321)  reconst_loss: 0.0009 (0.0009)  code_loss: 0.0312 (0.0312)  weight_decay: 0.0500 (0.0500)  grad_norm: 0.0200 (0.0394)  time: 0.8637  data: 0.0003  max mem: 35168
Epoch: [14]  [ 380/1416]  eta: 0:15:40  lr: 0.000096  min_lr: 0.000096  loss: 0.0321 (0.0321)  reconst_loss: 0.0009 (0.0009)  code_loss: 0.0312 (0.0312)  weight_decay: 0.0500 (0.0500)  grad_norm: 0.0245 (0.0390)  time: 0.8606  data: 0.0003  max mem: 35168
Epoch: [14]  [ 390/1416]  eta: 0:15:30  lr: 0.000095  min_lr: 0.000095  loss: 0.0321 (0.0321)  reconst_loss: 0.0009 (0.0009)  code_loss: 0.0312 (0.0312)  weight_decay: 0.0500 (0.0500)  grad_norm: 0.0225 (0.0388)  time: 0.8650  data: 0.0003  max mem: 35168
Epoch: [14]  [ 400/1416]  eta: 0:15:20  lr: 0.000095  min_lr: 0.000095  loss: 0.0321 (0.0321)  reconst_loss: 0.0008 (0.0009)  code_loss: 0.0312 (0.0312)  weight_decay: 0.0500 (0.0500)  grad_norm: 0.0364 (0.0394)  time: 0.8640  data: 0.0003  max mem: 35168
Epoch: [14]  [ 410/1416]  eta: 0:15:09  lr: 0.000095  min_lr: 0.000095  loss: 0.0321 (0.0321)  reconst_loss: 0.0009 (0.0009)  code_loss: 0.0312 (0.0312)  weight_decay: 0.0500 (0.0500)  grad_norm: 0.0429 (0.0394)  time: 0.8610  data: 0.0005  max mem: 35168
Epoch: [14]  [ 420/1416]  eta: 0:14:59  lr: 0.000095  min_lr: 0.000095  loss: 0.0321 (0.0321)  reconst_loss: 0.0009 (0.0009)  code_loss: 0.0312 (0.0312)  weight_decay: 0.0500 (0.0500)  grad_norm: 0.0314 (0.0392)  time: 0.8638  data: 0.0005  max mem: 35168
Epoch: [14]  [ 430/1416]  eta: 0:14:49  lr: 0.000095  min_lr: 0.000095  loss: 0.0321 (0.0321)  reconst_loss: 0.0009 (0.0009)  code_loss: 0.0312 (0.0312)  weight_decay: 0.0500 (0.0500)  grad_norm: 0.0371 (0.0393)  time: 0.8637  data: 0.0004  max mem: 35168
Epoch: [14]  [ 440/1416]  eta: 0:14:40  lr: 0.000094  min_lr: 0.000094  loss: 0.0321 (0.0321)  reconst_loss: 0.0009 (0.0009)  code_loss: 0.0312 (0.0312)  weight_decay: 0.0500 (0.0500)  grad_norm: 0.0401 (0.0392)  time: 0.8655  data: 0.0004  max mem: 35168
Epoch: [14]  [ 450/1416]  eta: 0:14:30  lr: 0.000094  min_lr: 0.000094  loss: 0.0321 (0.0321)  reconst_loss: 0.0009 (0.0009)  code_loss: 0.0312 (0.0312)  weight_decay: 0.0500 (0.0500)  grad_norm: 0.0371 (0.0393)  time: 0.8656  data: 0.0005  max mem: 35168
Epoch: [14]  [ 460/1416]  eta: 0:14:20  lr: 0.000094  min_lr: 0.000094  loss: 0.0321 (0.0321)  reconst_loss: 0.0009 (0.0009)  code_loss: 0.0312 (0.0312)  weight_decay: 0.0500 (0.0500)  grad_norm: 0.0357 (0.0392)  time: 0.8655  data: 0.0006  max mem: 35168
Epoch: [14]  [ 470/1416]  eta: 0:14:10  lr: 0.000094  min_lr: 0.000094  loss: 0.0321 (0.0321)  reconst_loss: 0.0009 (0.0009)  code_loss: 0.0312 (0.0312)  weight_decay: 0.0500 (0.0500)  grad_norm: 0.0322 (0.0391)  time: 0.8651  data: 0.0004  max mem: 35168
Epoch: [14]  [ 480/1416]  eta: 0:14:01  lr: 0.000094  min_lr: 0.000094  loss: 0.0321 (0.0321)  reconst_loss: 0.0009 (0.0009)  code_loss: 0.0312 (0.0312)  weight_decay: 0.0500 (0.0500)  grad_norm: 0.0236 (0.0388)  time: 0.8676  data: 0.0007  max mem: 35168
Epoch: [14]  [ 490/1416]  eta: 0:13:51  lr: 0.000093  min_lr: 0.000093  loss: 0.0321 (0.0321)  reconst_loss: 0.0009 (0.0009)  code_loss: 0.0312 (0.0312)  weight_decay: 0.0500 (0.0500)  grad_norm: 0.0229 (0.0386)  time: 0.8719  data: 0.0008  max mem: 35168
Epoch: [14]  [ 500/1416]  eta: 0:13:42  lr: 0.000093  min_lr: 0.000093  loss: 0.0321 (0.0321)  reconst_loss: 0.0009 (0.0009)  code_loss: 0.0312 (0.0312)  weight_decay: 0.0500 (0.0500)  grad_norm: 0.0315 (0.0386)  time: 0.8666  data: 0.0004  max mem: 35168
Epoch: [14]  [ 510/1416]  eta: 0:13:32  lr: 0.000093  min_lr: 0.000093  loss: 0.0321 (0.0321)  reconst_loss: 0.0009 (0.0009)  code_loss: 0.0312 (0.0312)  weight_decay: 0.0500 (0.0500)  grad_norm: 0.0466 (0.0391)  time: 0.8605  data: 0.0003  max mem: 35168
Epoch: [14]  [ 520/1416]  eta: 0:13:22  lr: 0.000093  min_lr: 0.000093  loss: 0.0322 (0.0321)  reconst_loss: 0.0009 (0.0009)  code_loss: 0.0312 (0.0312)  weight_decay: 0.0500 (0.0500)  grad_norm: 0.0659 (0.0395)  time: 0.8606  data: 0.0003  max mem: 35168
Epoch: [14]  [ 530/1416]  eta: 0:13:13  lr: 0.000093  min_lr: 0.000093  loss: 0.0321 (0.0321)  reconst_loss: 0.0009 (0.0009)  code_loss: 0.0312 (0.0312)  weight_decay: 0.0500 (0.0500)  grad_norm: 0.0482 (0.0395)  time: 0.8649  data: 0.0003  max mem: 35168
Epoch: [14]  [ 540/1416]  eta: 0:13:04  lr: 0.000092  min_lr: 0.000092  loss: 0.0321 (0.0321)  reconst_loss: 0.0009 (0.0009)  code_loss: 0.0312 (0.0312)  weight_decay: 0.0500 (0.0500)  grad_norm: 0.0267 (0.0392)  time: 0.8687  data: 0.0005  max mem: 35168
Epoch: [14]  [ 550/1416]  eta: 0:12:54  lr: 0.000092  min_lr: 0.000092  loss: 0.0321 (0.0321)  reconst_loss: 0.0008 (0.0009)  code_loss: 0.0312 (0.0312)  weight_decay: 0.0500 (0.0500)  grad_norm: 0.0209 (0.0388)  time: 0.8655  data: 0.0008  max mem: 35168
Epoch: [14]  [ 560/1416]  eta: 0:12:45  lr: 0.000092  min_lr: 0.000092  loss: 0.0321 (0.0321)  reconst_loss: 0.0008 (0.0009)  code_loss: 0.0312 (0.0312)  weight_decay: 0.0500 (0.0500)  grad_norm: 0.0199 (0.0385)  time: 0.8634  data: 0.0007  max mem: 35168
Epoch: [14]  [ 570/1416]  eta: 0:12:36  lr: 0.000092  min_lr: 0.000092  loss: 0.0321 (0.0321)  reconst_loss: 0.0008 (0.0009)  code_loss: 0.0312 (0.0312)  weight_decay: 0.0500 (0.0500)  grad_norm: 0.0262 (0.0386)  time: 0.8694  data: 0.0004  max mem: 35168
Epoch: [14]  [ 580/1416]  eta: 0:12:26  lr: 0.000092  min_lr: 0.000092  loss: 0.0321 (0.0321)  reconst_loss: 0.0009 (0.0009)  code_loss: 0.0312 (0.0312)  weight_decay: 0.0500 (0.0500)  grad_norm: 0.0283 (0.0384)  time: 0.8700  data: 0.0003  max mem: 35168
Epoch: [14]  [ 590/1416]  eta: 0:12:17  lr: 0.000091  min_lr: 0.000091  loss: 0.0321 (0.0321)  reconst_loss: 0.0009 (0.0009)  code_loss: 0.0312 (0.0312)  weight_decay: 0.0500 (0.0500)  grad_norm: 0.0312 (0.0384)  time: 0.8657  data: 0.0002  max mem: 35168
Epoch: [14]  [ 600/1416]  eta: 0:12:08  lr: 0.000091  min_lr: 0.000091  loss: 0.0321 (0.0321)  reconst_loss: 0.0009 (0.0009)  code_loss: 0.0312 (0.0312)  weight_decay: 0.0500 (0.0500)  grad_norm: 0.0313 (0.0383)  time: 0.8629  data: 0.0003  max mem: 35168
Epoch: [14]  [ 610/1416]  eta: 0:11:58  lr: 0.000091  min_lr: 0.000091  loss: 0.0321 (0.0321)  reconst_loss: 0.0009 (0.0009)  code_loss: 0.0312 (0.0312)  weight_decay: 0.0500 (0.0500)  grad_norm: 0.0289 (0.0382)  time: 0.8672  data: 0.0005  max mem: 35168
Epoch: [14]  [ 620/1416]  eta: 0:11:49  lr: 0.000091  min_lr: 0.000091  loss: 0.0321 (0.0321)  reconst_loss: 0.0008 (0.0009)  code_loss: 0.0312 (0.0312)  weight_decay: 0.0500 (0.0500)  grad_norm: 0.0399 (0.0383)  time: 0.8651  data: 0.0005  max mem: 35168
Epoch: [14]  [ 630/1416]  eta: 0:11:40  lr: 0.000091  min_lr: 0.000091  loss: 0.0321 (0.0321)  reconst_loss: 0.0009 (0.0009)  code_loss: 0.0312 (0.0312)  weight_decay: 0.0500 (0.0500)  grad_norm: 0.0399 (0.0383)  time: 0.8616  data: 0.0003  max mem: 35168
Epoch: [14]  [ 640/1416]  eta: 0:11:30  lr: 0.000090  min_lr: 0.000090  loss: 0.0321 (0.0321)  reconst_loss: 0.0009 (0.0009)  code_loss: 0.0312 (0.0312)  weight_decay: 0.0500 (0.0500)  grad_norm: 0.0298 (0.0381)  time: 0.8631  data: 0.0002  max mem: 35168
Epoch: [14]  [ 650/1416]  eta: 0:11:21  lr: 0.000090  min_lr: 0.000090  loss: 0.0321 (0.0321)  reconst_loss: 0.0009 (0.0009)  code_loss: 0.0312 (0.0312)  weight_decay: 0.0500 (0.0500)  grad_norm: 0.0294 (0.0381)  time: 0.8642  data: 0.0004  max mem: 35168
Epoch: [14]  [ 660/1416]  eta: 0:11:12  lr: 0.000090  min_lr: 0.000090  loss: 0.0321 (0.0321)  reconst_loss: 0.0009 (0.0009)  code_loss: 0.0312 (0.0312)  weight_decay: 0.0500 (0.0500)  grad_norm: 0.0313 (0.0381)  time: 0.8658  data: 0.0004  max mem: 35168
Epoch: [14]  [ 670/1416]  eta: 0:11:03  lr: 0.000090  min_lr: 0.000090  loss: 0.0321 (0.0321)  reconst_loss: 0.0009 (0.0009)  code_loss: 0.0312 (0.0312)  weight_decay: 0.0500 (0.0500)  grad_norm: 0.0295 (0.0379)  time: 0.8602  data: 0.0003  max mem: 35168
Epoch: [14]  [ 680/1416]  eta: 0:10:54  lr: 0.000090  min_lr: 0.000090  loss: 0.0321 (0.0321)  reconst_loss: 0.0009 (0.0009)  code_loss: 0.0312 (0.0312)  weight_decay: 0.0500 (0.0500)  grad_norm: 0.0299 (0.0380)  time: 0.8598  data: 0.0005  max mem: 35168
Epoch: [14]  [ 690/1416]  eta: 0:10:44  lr: 0.000089  min_lr: 0.000089  loss: 0.0321 (0.0321)  reconst_loss: 0.0009 (0.0009)  code_loss: 0.0312 (0.0312)  weight_decay: 0.0500 (0.0500)  grad_norm: 0.0335 (0.0379)  time: 0.8620  data: 0.0005  max mem: 35168
Epoch: [14]  [ 700/1416]  eta: 0:10:35  lr: 0.000089  min_lr: 0.000089  loss: 0.0321 (0.0321)  reconst_loss: 0.0009 (0.0009)  code_loss: 0.0312 (0.0312)  weight_decay: 0.0500 (0.0500)  grad_norm: 0.0264 (0.0380)  time: 0.8610  data: 0.0006  max mem: 35168
Epoch: [14]  [ 710/1416]  eta: 0:10:26  lr: 0.000089  min_lr: 0.000089  loss: 0.0321 (0.0321)  reconst_loss: 0.0009 (0.0009)  code_loss: 0.0312 (0.0312)  weight_decay: 0.0500 (0.0500)  grad_norm: 0.0502 (0.0382)  time: 0.8602  data: 0.0006  max mem: 35168
Epoch: [14]  [ 720/1416]  eta: 0:10:17  lr: 0.000089  min_lr: 0.000089  loss: 0.0321 (0.0321)  reconst_loss: 0.0009 (0.0009)  code_loss: 0.0312 (0.0312)  weight_decay: 0.0500 (0.0500)  grad_norm: 0.0466 (0.0383)  time: 0.8591  data: 0.0003  max mem: 35168
Epoch: [14]  [ 730/1416]  eta: 0:10:08  lr: 0.000089  min_lr: 0.000089  loss: 0.0322 (0.0321)  reconst_loss: 0.0009 (0.0009)  code_loss: 0.0312 (0.0312)  weight_decay: 0.0500 (0.0500)  grad_norm: 0.0306 (0.0382)  time: 0.8646  data: 0.0005  max mem: 35168
Epoch: [14]  [ 740/1416]  eta: 0:09:59  lr: 0.000088  min_lr: 0.000088  loss: 0.0321 (0.0321)  reconst_loss: 0.0009 (0.0009)  code_loss: 0.0312 (0.0312)  weight_decay: 0.0500 (0.0500)  grad_norm: 0.0231 (0.0379)  time: 0.8631  data: 0.0005  max mem: 35168
Epoch: [14]  [ 750/1416]  eta: 0:09:50  lr: 0.000088  min_lr: 0.000088  loss: 0.0321 (0.0321)  reconst_loss: 0.0008 (0.0009)  code_loss: 0.0312 (0.0312)  weight_decay: 0.0500 (0.0500)  grad_norm: 0.0215 (0.0378)  time: 0.8599  data: 0.0003  max mem: 35168
Epoch: [14]  [ 760/1416]  eta: 0:09:41  lr: 0.000088  min_lr: 0.000088  loss: 0.0321 (0.0321)  reconst_loss: 0.0009 (0.0009)  code_loss: 0.0312 (0.0312)  weight_decay: 0.0500 (0.0500)  grad_norm: 0.0257 (0.0378)  time: 0.8637  data: 0.0005  max mem: 35168
Epoch: [14]  [ 770/1416]  eta: 0:09:32  lr: 0.000088  min_lr: 0.000088  loss: 0.0321 (0.0321)  reconst_loss: 0.0009 (0.0009)  code_loss: 0.0312 (0.0312)  weight_decay: 0.0500 (0.0500)  grad_norm: 0.0315 (0.0378)  time: 0.8663  data: 0.0005  max mem: 35168
Epoch: [14]  [ 780/1416]  eta: 0:09:23  lr: 0.000088  min_lr: 0.000088  loss: 0.0321 (0.0321)  reconst_loss: 0.0009 (0.0009)  code_loss: 0.0312 (0.0312)  weight_decay: 0.0500 (0.0500)  grad_norm: 0.0310 (0.0377)  time: 0.8662  data: 0.0003  max mem: 35168
Epoch: [14]  [ 790/1416]  eta: 0:09:14  lr: 0.000087  min_lr: 0.000087  loss: 0.0321 (0.0321)  reconst_loss: 0.0009 (0.0009)  code_loss: 0.0312 (0.0312)  weight_decay: 0.0500 (0.0500)  grad_norm: 0.0368 (0.0378)  time: 0.8654  data: 0.0004  max mem: 35168
Epoch: [14]  [ 800/1416]  eta: 0:09:05  lr: 0.000087  min_lr: 0.000087  loss: 0.0321 (0.0321)  reconst_loss: 0.0009 (0.0009)  code_loss: 0.0312 (0.0312)  weight_decay: 0.0500 (0.0500)  grad_norm: 0.0421 (0.0378)  time: 0.8650  data: 0.0004  max mem: 35168
Epoch: [14]  [ 810/1416]  eta: 0:08:56  lr: 0.000087  min_lr: 0.000087  loss: 0.0321 (0.0321)  reconst_loss: 0.0008 (0.0009)  code_loss: 0.0312 (0.0312)  weight_decay: 0.0500 (0.0500)  grad_norm: 0.0307 (0.0377)  time: 0.8636  data: 0.0003  max mem: 35168
Epoch: [14]  [ 820/1416]  eta: 0:08:47  lr: 0.000087  min_lr: 0.000087  loss: 0.0321 (0.0321)  reconst_loss: 0.0008 (0.0009)  code_loss: 0.0312 (0.0312)  weight_decay: 0.0500 (0.0500)  grad_norm: 0.0298 (0.0377)  time: 0.8681  data: 0.0003  max mem: 35168
Epoch: [14]  [ 830/1416]  eta: 0:08:38  lr: 0.000087  min_lr: 0.000087  loss: 0.0321 (0.0321)  reconst_loss: 0.0008 (0.0009)  code_loss: 0.0312 (0.0312)  weight_decay: 0.0500 (0.0500)  grad_norm: 0.0319 (0.0376)  time: 0.8678  data: 0.0005  max mem: 35168
Epoch: [14]  [ 840/1416]  eta: 0:08:29  lr: 0.000086  min_lr: 0.000086  loss: 0.0321 (0.0321)  reconst_loss: 0.0008 (0.0009)  code_loss: 0.0312 (0.0312)  weight_decay: 0.0500 (0.0500)  grad_norm: 0.0266 (0.0374)  time: 0.8639  data: 0.0006  max mem: 35168
Epoch: [14]  [ 850/1416]  eta: 0:08:20  lr: 0.000086  min_lr: 0.000086  loss: 0.0321 (0.0321)  reconst_loss: 0.0008 (0.0009)  code_loss: 0.0312 (0.0312)  weight_decay: 0.0500 (0.0500)  grad_norm: 0.0246 (0.0374)  time: 0.8680  data: 0.0007  max mem: 35168
Epoch: [14]  [ 860/1416]  eta: 0:08:11  lr: 0.000086  min_lr: 0.000086  loss: 0.0321 (0.0321)  reconst_loss: 0.0009 (0.0009)  code_loss: 0.0312 (0.0312)  weight_decay: 0.0500 (0.0500)  grad_norm: 0.0303 (0.0373)  time: 0.8711  data: 0.0006  max mem: 35168
Epoch: [14]  [ 870/1416]  eta: 0:08:02  lr: 0.000086  min_lr: 0.000086  loss: 0.0321 (0.0321)  reconst_loss: 0.0009 (0.0009)  code_loss: 0.0312 (0.0312)  weight_decay: 0.0500 (0.0500)  grad_norm: 0.0293 (0.0372)  time: 0.8656  data: 0.0005  max mem: 35168
Epoch: [14]  [ 880/1416]  eta: 0:07:53  lr: 0.000086  min_lr: 0.000086  loss: 0.0321 (0.0321)  reconst_loss: 0.0009 (0.0009)  code_loss: 0.0312 (0.0312)  weight_decay: 0.0500 (0.0500)  grad_norm: 0.0348 (0.0373)  time: 0.8654  data: 0.0003  max mem: 35168
Epoch: [14]  [ 890/1416]  eta: 0:07:44  lr: 0.000085  min_lr: 0.000085  loss: 0.0321 (0.0321)  reconst_loss: 0.0008 (0.0009)  code_loss: 0.0312 (0.0312)  weight_decay: 0.0500 (0.0500)  grad_norm: 0.0348 (0.0372)  time: 0.8664  data: 0.0003  max mem: 35168
Epoch: [14]  [ 900/1416]  eta: 0:07:35  lr: 0.000085  min_lr: 0.000085  loss: 0.0321 (0.0321)  reconst_loss: 0.0008 (0.0009)  code_loss: 0.0312 (0.0312)  weight_decay: 0.0500 (0.0500)  grad_norm: 0.0255 (0.0371)  time: 0.8622  data: 0.0003  max mem: 35168
Epoch: [14]  [ 910/1416]  eta: 0:07:26  lr: 0.000085  min_lr: 0.000085  loss: 0.0321 (0.0321)  reconst_loss: 0.0009 (0.0009)  code_loss: 0.0312 (0.0312)  weight_decay: 0.0500 (0.0500)  grad_norm: 0.0275 (0.0371)  time: 0.8632  data: 0.0004  max mem: 35168
Epoch: [14]  [ 920/1416]  eta: 0:07:17  lr: 0.000085  min_lr: 0.000085  loss: 0.0321 (0.0321)  reconst_loss: 0.0009 (0.0009)  code_loss: 0.0312 (0.0312)  weight_decay: 0.0500 (0.0500)  grad_norm: 0.0381 (0.0372)  time: 0.8638  data: 0.0004  max mem: 35168
Epoch: [14]  [ 930/1416]  eta: 0:07:08  lr: 0.000085  min_lr: 0.000085  loss: 0.0321 (0.0321)  reconst_loss: 0.0008 (0.0009)  code_loss: 0.0312 (0.0312)  weight_decay: 0.0500 (0.0500)  grad_norm: 0.0415 (0.0372)  time: 0.8601  data: 0.0004  max mem: 35168
Epoch: [14]  [ 940/1416]  eta: 0:06:59  lr: 0.000084  min_lr: 0.000084  loss: 0.0321 (0.0321)  reconst_loss: 0.0008 (0.0009)  code_loss: 0.0312 (0.0312)  weight_decay: 0.0500 (0.0500)  grad_norm: 0.0329 (0.0371)  time: 0.8594  data: 0.0004  max mem: 35168
Epoch: [14]  [ 950/1416]  eta: 0:06:50  lr: 0.000084  min_lr: 0.000084  loss: 0.0321 (0.0321)  reconst_loss: 0.0008 (0.0009)  code_loss: 0.0312 (0.0312)  weight_decay: 0.0500 (0.0500)  grad_norm: 0.0289 (0.0371)  time: 0.8662  data: 0.0003  max mem: 35168
Epoch: [14]  [ 960/1416]  eta: 0:06:42  lr: 0.000084  min_lr: 0.000084  loss: 0.0321 (0.0321)  reconst_loss: 0.0008 (0.0009)  code_loss: 0.0312 (0.0312)  weight_decay: 0.0500 (0.0500)  grad_norm: 0.0303 (0.0371)  time: 0.8703  data: 0.0004  max mem: 35168
Epoch: [14]  [ 970/1416]  eta: 0:06:33  lr: 0.000084  min_lr: 0.000084  loss: 0.0321 (0.0321)  reconst_loss: 0.0008 (0.0009)  code_loss: 0.0312 (0.0312)  weight_decay: 0.0500 (0.0500)  grad_norm: 0.0416 (0.0372)  time: 0.8663  data: 0.0004  max mem: 35168
Epoch: [14]  [ 980/1416]  eta: 0:06:24  lr: 0.000084  min_lr: 0.000084  loss: 0.0321 (0.0321)  reconst_loss: 0.0008 (0.0009)  code_loss: 0.0312 (0.0312)  weight_decay: 0.0500 (0.0500)  grad_norm: 0.0385 (0.0371)  time: 0.8665  data: 0.0005  max mem: 35168
Epoch: [14]  [ 990/1416]  eta: 0:06:15  lr: 0.000083  min_lr: 0.000083  loss: 0.0321 (0.0321)  reconst_loss: 0.0009 (0.0009)  code_loss: 0.0312 (0.0312)  weight_decay: 0.0500 (0.0500)  grad_norm: 0.0282 (0.0370)  time: 0.8713  data: 0.0005  max mem: 35168
Epoch: [14]  [1000/1416]  eta: 0:06:06  lr: 0.000083  min_lr: 0.000083  loss: 0.0321 (0.0321)  reconst_loss: 0.0009 (0.0009)  code_loss: 0.0312 (0.0312)  weight_decay: 0.0500 (0.0500)  grad_norm: 0.0313 (0.0370)  time: 0.8723  data: 0.0004  max mem: 35168
Epoch: [14]  [1010/1416]  eta: 0:05:57  lr: 0.000083  min_lr: 0.000083  loss: 0.0321 (0.0321)  reconst_loss: 0.0008 (0.0009)  code_loss: 0.0312 (0.0312)  weight_decay: 0.0500 (0.0500)  grad_norm: 0.0337 (0.0370)  time: 0.8707  data: 0.0004  max mem: 35168
Epoch: [14]  [1020/1416]  eta: 0:05:48  lr: 0.000083  min_lr: 0.000083  loss: 0.0321 (0.0321)  reconst_loss: 0.0009 (0.0009)  code_loss: 0.0312 (0.0312)  weight_decay: 0.0500 (0.0500)  grad_norm: 0.0265 (0.0369)  time: 0.8707  data: 0.0003  max mem: 35168
Epoch: [14]  [1030/1416]  eta: 0:05:40  lr: 0.000083  min_lr: 0.000083  loss: 0.0321 (0.0321)  reconst_loss: 0.0009 (0.0009)  code_loss: 0.0312 (0.0312)  weight_decay: 0.0500 (0.0500)  grad_norm: 0.0243 (0.0367)  time: 0.8689  data: 0.0003  max mem: 35168
Epoch: [14]  [1040/1416]  eta: 0:05:31  lr: 0.000082  min_lr: 0.000082  loss: 0.0321 (0.0321)  reconst_loss: 0.0008 (0.0009)  code_loss: 0.0312 (0.0312)  weight_decay: 0.0500 (0.0500)  grad_norm: 0.0274 (0.0368)  time: 0.8674  data: 0.0003  max mem: 35168
Epoch: [14]  [1050/1416]  eta: 0:05:22  lr: 0.000082  min_lr: 0.000082  loss: 0.0321 (0.0321)  reconst_loss: 0.0008 (0.0009)  code_loss: 0.0312 (0.0312)  weight_decay: 0.0500 (0.0500)  grad_norm: 0.0411 (0.0369)  time: 0.8681  data: 0.0003  max mem: 35168
Epoch: [14]  [1060/1416]  eta: 0:05:13  lr: 0.000082  min_lr: 0.000082  loss: 0.0321 (0.0321)  reconst_loss: 0.0009 (0.0009)  code_loss: 0.0312 (0.0312)  weight_decay: 0.0500 (0.0500)  grad_norm: 0.0459 (0.0370)  time: 0.8661  data: 0.0003  max mem: 35168
Epoch: [14]  [1070/1416]  eta: 0:05:04  lr: 0.000082  min_lr: 0.000082  loss: 0.0321 (0.0321)  reconst_loss: 0.0009 (0.0009)  code_loss: 0.0312 (0.0312)  weight_decay: 0.0500 (0.0500)  grad_norm: 0.0459 (0.0371)  time: 0.8635  data: 0.0004  max mem: 35168
Epoch: [14]  [1080/1416]  eta: 0:04:55  lr: 0.000082  min_lr: 0.000082  loss: 0.0321 (0.0321)  reconst_loss: 0.0009 (0.0009)  code_loss: 0.0312 (0.0312)  weight_decay: 0.0500 (0.0500)  grad_norm: 0.0352 (0.0370)  time: 0.8654  data: 0.0003  max mem: 35168
Epoch: [14]  [1090/1416]  eta: 0:04:46  lr: 0.000081  min_lr: 0.000081  loss: 0.0321 (0.0321)  reconst_loss: 0.0009 (0.0009)  code_loss: 0.0312 (0.0312)  weight_decay: 0.0500 (0.0500)  grad_norm: 0.0272 (0.0370)  time: 0.8694  data: 0.0003  max mem: 35168
Epoch: [14]  [1100/1416]  eta: 0:04:38  lr: 0.000081  min_lr: 0.000081  loss: 0.0321 (0.0321)  reconst_loss: 0.0008 (0.0009)  code_loss: 0.0312 (0.0312)  weight_decay: 0.0500 (0.0500)  grad_norm: 0.0243 (0.0368)  time: 0.8659  data: 0.0003  max mem: 35168
Epoch: [14]  [1110/1416]  eta: 0:04:29  lr: 0.000081  min_lr: 0.000081  loss: 0.0321 (0.0321)  reconst_loss: 0.0008 (0.0009)  code_loss: 0.0312 (0.0312)  weight_decay: 0.0500 (0.0500)  grad_norm: 0.0235 (0.0367)  time: 0.8587  data: 0.0003  max mem: 35168
Epoch: [14]  [1120/1416]  eta: 0:04:20  lr: 0.000081  min_lr: 0.000081  loss: 0.0321 (0.0321)  reconst_loss: 0.0008 (0.0009)  code_loss: 0.0312 (0.0312)  weight_decay: 0.0500 (0.0500)  grad_norm: 0.0239 (0.0366)  time: 0.8617  data: 0.0004  max mem: 35168
Epoch: [14]  [1130/1416]  eta: 0:04:11  lr: 0.000081  min_lr: 0.000081  loss: 0.0321 (0.0321)  reconst_loss: 0.0008 (0.0009)  code_loss: 0.0312 (0.0312)  weight_decay: 0.0500 (0.0500)  grad_norm: 0.0250 (0.0365)  time: 0.8666  data: 0.0005  max mem: 35168
Epoch: [14]  [1140/1416]  eta: 0:04:02  lr: 0.000080  min_lr: 0.000080  loss: 0.0321 (0.0321)  reconst_loss: 0.0009 (0.0009)  code_loss: 0.0312 (0.0312)  weight_decay: 0.0500 (0.0500)  grad_norm: 0.0274 (0.0365)  time: 0.8682  data: 0.0005  max mem: 35168
Epoch: [14]  [1150/1416]  eta: 0:03:53  lr: 0.000080  min_lr: 0.000080  loss: 0.0321 (0.0321)  reconst_loss: 0.0008 (0.0009)  code_loss: 0.0312 (0.0312)  weight_decay: 0.0500 (0.0500)  grad_norm: 0.0301 (0.0366)  time: 0.8689  data: 0.0005  max mem: 35168
Epoch: [14]  [1160/1416]  eta: 0:03:45  lr: 0.000080  min_lr: 0.000080  loss: 0.0321 (0.0321)  reconst_loss: 0.0008 (0.0009)  code_loss: 0.0312 (0.0312)  weight_decay: 0.0500 (0.0500)  grad_norm: 0.0314 (0.0365)  time: 0.8707  data: 0.0003  max mem: 35168
Epoch: [14]  [1170/1416]  eta: 0:03:36  lr: 0.000080  min_lr: 0.000080  loss: 0.0321 (0.0321)  reconst_loss: 0.0008 (0.0009)  code_loss: 0.0312 (0.0312)  weight_decay: 0.0500 (0.0500)  grad_norm: 0.0259 (0.0364)  time: 0.8721  data: 0.0004  max mem: 35168
Epoch: [14]  [1180/1416]  eta: 0:03:27  lr: 0.000080  min_lr: 0.000080  loss: 0.0321 (0.0321)  reconst_loss: 0.0008 (0.0009)  code_loss: 0.0312 (0.0312)  weight_decay: 0.0500 (0.0500)  grad_norm: 0.0219 (0.0363)  time: 0.8652  data: 0.0004  max mem: 35168
Epoch: [14]  [1190/1416]  eta: 0:03:18  lr: 0.000079  min_lr: 0.000079  loss: 0.0321 (0.0321)  reconst_loss: 0.0008 (0.0009)  code_loss: 0.0312 (0.0312)  weight_decay: 0.0500 (0.0500)  grad_norm: 0.0185 (0.0361)  time: 0.8629  data: 0.0004  max mem: 35168
Epoch: [14]  [1200/1416]  eta: 0:03:09  lr: 0.000079  min_lr: 0.000079  loss: 0.0321 (0.0321)  reconst_loss: 0.0008 (0.0009)  code_loss: 0.0312 (0.0312)  weight_decay: 0.0500 (0.0500)  grad_norm: 0.0267 (0.0362)  time: 0.8625  data: 0.0007  max mem: 35168
Epoch: [14]  [1210/1416]  eta: 0:03:00  lr: 0.000079  min_lr: 0.000079  loss: 0.0321 (0.0321)  reconst_loss: 0.0009 (0.0009)  code_loss: 0.0312 (0.0312)  weight_decay: 0.0500 (0.0500)  grad_norm: 0.0512 (0.0364)  time: 0.8488  data: 0.0006  max mem: 35168
Epoch: [14]  [1220/1416]  eta: 0:02:52  lr: 0.000079  min_lr: 0.000079  loss: 0.0321 (0.0321)  reconst_loss: 0.0008 (0.0009)  code_loss: 0.0312 (0.0312)  weight_decay: 0.0500 (0.0500)  grad_norm: 0.0342 (0.0363)  time: 0.8392  data: 0.0001  max mem: 35168
Epoch: [14]  [1230/1416]  eta: 0:02:43  lr: 0.000079  min_lr: 0.000079  loss: 0.0321 (0.0321)  reconst_loss: 0.0008 (0.0009)  code_loss: 0.0312 (0.0312)  weight_decay: 0.0500 (0.0500)  grad_norm: 0.0232 (0.0362)  time: 0.8411  data: 0.0001  max mem: 35168
Epoch: [14]  [1240/1416]  eta: 0:02:34  lr: 0.000078  min_lr: 0.000078  loss: 0.0321 (0.0321)  reconst_loss: 0.0008 (0.0009)  code_loss: 0.0312 (0.0312)  weight_decay: 0.0500 (0.0500)  grad_norm: 0.0199 (0.0361)  time: 0.8415  data: 0.0001  max mem: 35168
Epoch: [14]  [1250/1416]  eta: 0:02:25  lr: 0.000078  min_lr: 0.000078  loss: 0.0321 (0.0321)  reconst_loss: 0.0008 (0.0009)  code_loss: 0.0312 (0.0312)  weight_decay: 0.0500 (0.0500)  grad_norm: 0.0193 (0.0360)  time: 0.8373  data: 0.0001  max mem: 35168
Epoch: [14]  [1260/1416]  eta: 0:02:16  lr: 0.000078  min_lr: 0.000078  loss: 0.0321 (0.0321)  reconst_loss: 0.0008 (0.0009)  code_loss: 0.0312 (0.0312)  weight_decay: 0.0500 (0.0500)  grad_norm: 0.0214 (0.0359)  time: 0.8356  data: 0.0001  max mem: 35168
Epoch: [14]  [1270/1416]  eta: 0:02:07  lr: 0.000078  min_lr: 0.000078  loss: 0.0321 (0.0321)  reconst_loss: 0.0008 (0.0009)  code_loss: 0.0312 (0.0312)  weight_decay: 0.0500 (0.0500)  grad_norm: 0.0200 (0.0358)  time: 0.8364  data: 0.0002  max mem: 35168
Epoch: [14]  [1280/1416]  eta: 0:01:59  lr: 0.000078  min_lr: 0.000078  loss: 0.0321 (0.0321)  reconst_loss: 0.0008 (0.0009)  code_loss: 0.0312 (0.0312)  weight_decay: 0.0500 (0.0500)  grad_norm: 0.0185 (0.0356)  time: 0.8393  data: 0.0003  max mem: 35168
Epoch: [14]  [1290/1416]  eta: 0:01:50  lr: 0.000077  min_lr: 0.000077  loss: 0.0321 (0.0321)  reconst_loss: 0.0008 (0.0009)  code_loss: 0.0312 (0.0312)  weight_decay: 0.0500 (0.0500)  grad_norm: 0.0211 (0.0356)  time: 0.8404  data: 0.0002  max mem: 35168
Epoch: [14]  [1300/1416]  eta: 0:01:41  lr: 0.000077  min_lr: 0.000077  loss: 0.0321 (0.0321)  reconst_loss: 0.0009 (0.0009)  code_loss: 0.0312 (0.0312)  weight_decay: 0.0500 (0.0500)  grad_norm: 0.0262 (0.0355)  time: 0.8392  data: 0.0001  max mem: 35168
Epoch: [14]  [1310/1416]  eta: 0:01:32  lr: 0.000077  min_lr: 0.000077  loss: 0.0321 (0.0321)  reconst_loss: 0.0008 (0.0009)  code_loss: 0.0312 (0.0312)  weight_decay: 0.0500 (0.0500)  grad_norm: 0.0282 (0.0355)  time: 0.8404  data: 0.0001  max mem: 35168
Epoch: [14]  [1320/1416]  eta: 0:01:24  lr: 0.000077  min_lr: 0.000077  loss: 0.0320 (0.0321)  reconst_loss: 0.0008 (0.0009)  code_loss: 0.0312 (0.0312)  weight_decay: 0.0500 (0.0500)  grad_norm: 0.0282 (0.0355)  time: 0.8390  data: 0.0001  max mem: 35168
Epoch: [14]  [1330/1416]  eta: 0:01:15  lr: 0.000077  min_lr: 0.000077  loss: 0.0320 (0.0321)  reconst_loss: 0.0008 (0.0009)  code_loss: 0.0312 (0.0312)  weight_decay: 0.0500 (0.0500)  grad_norm: 0.0301 (0.0356)  time: 0.8364  data: 0.0001  max mem: 35168
Epoch: [14]  [1340/1416]  eta: 0:01:06  lr: 0.000076  min_lr: 0.000076  loss: 0.0321 (0.0321)  reconst_loss: 0.0008 (0.0009)  code_loss: 0.0312 (0.0312)  weight_decay: 0.0500 (0.0500)  grad_norm: 0.0308 (0.0355)  time: 0.8363  data: 0.0001  max mem: 35168
Epoch: [14]  [1350/1416]  eta: 0:00:57  lr: 0.000076  min_lr: 0.000076  loss: 0.0321 (0.0321)  reconst_loss: 0.0008 (0.0009)  code_loss: 0.0312 (0.0312)  weight_decay: 0.0500 (0.0500)  grad_norm: 0.0212 (0.0354)  time: 0.8386  data: 0.0001  max mem: 35168
Epoch: [14]  [1360/1416]  eta: 0:00:48  lr: 0.000076  min_lr: 0.000076  loss: 0.0321 (0.0321)  reconst_loss: 0.0008 (0.0009)  code_loss: 0.0312 (0.0312)  weight_decay: 0.0500 (0.0500)  grad_norm: 0.0212 (0.0353)  time: 0.8399  data: 0.0001  max mem: 35168
Epoch: [14]  [1370/1416]  eta: 0:00:40  lr: 0.000076  min_lr: 0.000076  loss: 0.0321 (0.0321)  reconst_loss: 0.0009 (0.0009)  code_loss: 0.0312 (0.0312)  weight_decay: 0.0500 (0.0500)  grad_norm: 0.0220 (0.0353)  time: 0.8391  data: 0.0001  max mem: 35168
Epoch: [14]  [1380/1416]  eta: 0:00:31  lr: 0.000076  min_lr: 0.000076  loss: 0.0321 (0.0321)  reconst_loss: 0.0009 (0.0009)  code_loss: 0.0312 (0.0312)  weight_decay: 0.0500 (0.0500)  grad_norm: 0.0260 (0.0352)  time: 0.8378  data: 0.0001  max mem: 35168
Epoch: [14]  [1390/1416]  eta: 0:00:22  lr: 0.000076  min_lr: 0.000076  loss: 0.0321 (0.0321)  reconst_loss: 0.0009 (0.0009)  code_loss: 0.0312 (0.0312)  weight_decay: 0.0500 (0.0500)  grad_norm: 0.0260 (0.0351)  time: 0.8415  data: 0.0001  max mem: 35168
Epoch: [14]  [1400/1416]  eta: 0:00:13  lr: 0.000075  min_lr: 0.000075  loss: 0.0321 (0.0321)  reconst_loss: 0.0009 (0.0009)  code_loss: 0.0312 (0.0312)  weight_decay: 0.0500 (0.0500)  grad_norm: 0.0213 (0.0350)  time: 0.8395  data: 0.0001  max mem: 35168
Epoch: [14]  [1410/1416]  eta: 0:00:05  lr: 0.000075  min_lr: 0.000075  loss: 0.0321 (0.0321)  reconst_loss: 0.0008 (0.0009)  code_loss: 0.0312 (0.0312)  weight_decay: 0.0500 (0.0500)  grad_norm: 0.0213 (0.0350)  time: 0.8385  data: 0.0001  max mem: 35168
Epoch: [14]  [1415/1416]  eta: 0:00:00  lr: 0.000075  min_lr: 0.000075  loss: 0.0321 (0.0321)  reconst_loss: 0.0008 (0.0009)  code_loss: 0.0312 (0.0312)  weight_decay: 0.0500 (0.0500)  grad_norm: 0.0206 (0.0349)  time: 0.8382  data: 0.0001  max mem: 35168
Epoch: [14] Total time: 0:20:37 (0.8737 s / it)
Averaged stats: lr: 0.000075  min_lr: 0.000075  loss: 0.0321 (0.0321)  reconst_loss: 0.0008 (0.0009)  code_loss: 0.0312 (0.0312)  weight_decay: 0.0500 (0.0500)  grad_norm: 0.0206 (0.0349)
Epoch: [15]  [   0/1416]  eta: 6:53:46  lr: 0.000075  min_lr: 0.000075  loss: 0.0321 (0.0321)  reconst_loss: 0.0008 (0.0008)  code_loss: 0.0312 (0.0312)  weight_decay: 0.0500 (0.0500)  grad_norm: 0.0145 (0.0145)  time: 17.5328  data: 16.4387  max mem: 35168
Epoch: [15]  [  10/1416]  eta: 0:56:06  lr: 0.000075  min_lr: 0.000075  loss: 0.0321 (0.0321)  reconst_loss: 0.0008 (0.0009)  code_loss: 0.0312 (0.0312)  weight_decay: 0.0500 (0.0500)  grad_norm: 0.0327 (0.0373)  time: 2.3945  data: 1.4948  max mem: 35168
Epoch: [15]  [  20/1416]  eta: 0:38:29  lr: 0.000075  min_lr: 0.000075  loss: 0.0320 (0.0321)  reconst_loss: 0.0008 (0.0008)  code_loss: 0.0312 (0.0312)  weight_decay: 0.0500 (0.0500)  grad_norm: 0.0327 (0.0355)  time: 0.8606  data: 0.0003  max mem: 35168
Epoch: [15]  [  30/1416]  eta: 0:32:12  lr: 0.000074  min_lr: 0.000074  loss: 0.0320 (0.0321)  reconst_loss: 0.0008 (0.0008)  code_loss: 0.0312 (0.0312)  weight_decay: 0.0500 (0.0500)  grad_norm: 0.0264 (0.0324)  time: 0.8445  data: 0.0004  max mem: 35168
Epoch: [15]  [  40/1416]  eta: 0:28:55  lr: 0.000074  min_lr: 0.000074  loss: 0.0321 (0.0321)  reconst_loss: 0.0008 (0.0008)  code_loss: 0.0312 (0.0312)  weight_decay: 0.0500 (0.0500)  grad_norm: 0.0248 (0.0322)  time: 0.8476  data: 0.0004  max mem: 35168
Epoch: [15]  [  50/1416]  eta: 0:26:54  lr: 0.000074  min_lr: 0.000074  loss: 0.0321 (0.0321)  reconst_loss: 0.0008 (0.0008)  code_loss: 0.0312 (0.0312)  weight_decay: 0.0500 (0.0500)  grad_norm: 0.0258 (0.0310)  time: 0.8532  data: 0.0004  max mem: 35168
Epoch: [15]  [  60/1416]  eta: 0:25:29  lr: 0.000074  min_lr: 0.000074  loss: 0.0321 (0.0321)  reconst_loss: 0.0008 (0.0008)  code_loss: 0.0312 (0.0312)  weight_decay: 0.0500 (0.0500)  grad_norm: 0.0295 (0.0326)  time: 0.8562  data: 0.0003  max mem: 35168
Epoch: [15]  [  70/1416]  eta: 0:24:27  lr: 0.000074  min_lr: 0.000074  loss: 0.0321 (0.0321)  reconst_loss: 0.0008 (0.0008)  code_loss: 0.0312 (0.0312)  weight_decay: 0.0500 (0.0500)  grad_norm: 0.0284 (0.0317)  time: 0.8560  data: 0.0004  max mem: 35168
Epoch: [15]  [  80/1416]  eta: 0:23:37  lr: 0.000073  min_lr: 0.000073  loss: 0.0321 (0.0321)  reconst_loss: 0.0008 (0.0008)  code_loss: 0.0312 (0.0312)  weight_decay: 0.0500 (0.0500)  grad_norm: 0.0256 (0.0324)  time: 0.8572  data: 0.0003  max mem: 35168
Epoch: [15]  [  90/1416]  eta: 0:22:57  lr: 0.000073  min_lr: 0.000073  loss: 0.0321 (0.0321)  reconst_loss: 0.0008 (0.0008)  code_loss: 0.0312 (0.0312)  weight_decay: 0.0500 (0.0500)  grad_norm: 0.0409 (0.0338)  time: 0.8546  data: 0.0002  max mem: 35168
Epoch: [15]  [ 100/1416]  eta: 0:22:23  lr: 0.000073  min_lr: 0.000073  loss: 0.0321 (0.0321)  reconst_loss: 0.0008 (0.0008)  code_loss: 0.0312 (0.0312)  weight_decay: 0.0500 (0.0500)  grad_norm: 0.0446 (0.0350)  time: 0.8580  data: 0.0003  max mem: 35168
Epoch: [15]  [ 110/1416]  eta: 0:21:54  lr: 0.000073  min_lr: 0.000073  loss: 0.0321 (0.0321)  reconst_loss: 0.0008 (0.0008)  code_loss: 0.0312 (0.0312)  weight_decay: 0.0500 (0.0500)  grad_norm: 0.0409 (0.0349)  time: 0.8603  data: 0.0005  max mem: 35168
Epoch: [15]  [ 120/1416]  eta: 0:21:27  lr: 0.000073  min_lr: 0.000073  loss: 0.0321 (0.0321)  reconst_loss: 0.0008 (0.0008)  code_loss: 0.0312 (0.0312)  weight_decay: 0.0500 (0.0500)  grad_norm: 0.0267 (0.0342)  time: 0.8549  data: 0.0005  max mem: 35168
Epoch: [15]  [ 130/1416]  eta: 0:21:04  lr: 0.000073  min_lr: 0.000073  loss: 0.0321 (0.0321)  reconst_loss: 0.0008 (0.0008)  code_loss: 0.0312 (0.0312)  weight_decay: 0.0500 (0.0500)  grad_norm: 0.0236 (0.0333)  time: 0.8525  data: 0.0003  max mem: 35168
Epoch: [15]  [ 140/1416]  eta: 0:20:42  lr: 0.000072  min_lr: 0.000072  loss: 0.0321 (0.0321)  reconst_loss: 0.0008 (0.0008)  code_loss: 0.0312 (0.0312)  weight_decay: 0.0500 (0.0500)  grad_norm: 0.0195 (0.0324)  time: 0.8523  data: 0.0004  max mem: 35168
Epoch: [15]  [ 150/1416]  eta: 0:20:22  lr: 0.000072  min_lr: 0.000072  loss: 0.0321 (0.0321)  reconst_loss: 0.0009 (0.0008)  code_loss: 0.0312 (0.0312)  weight_decay: 0.0500 (0.0500)  grad_norm: 0.0200 (0.0317)  time: 0.8509  data: 0.0004  max mem: 35168
Epoch: [15]  [ 160/1416]  eta: 0:20:03  lr: 0.000072  min_lr: 0.000072  loss: 0.0321 (0.0321)  reconst_loss: 0.0009 (0.0008)  code_loss: 0.0312 (0.0312)  weight_decay: 0.0500 (0.0500)  grad_norm: 0.0200 (0.0309)  time: 0.8514  data: 0.0003  max mem: 35168
Epoch: [15]  [ 170/1416]  eta: 0:19:46  lr: 0.000072  min_lr: 0.000072  loss: 0.0321 (0.0321)  reconst_loss: 0.0009 (0.0008)  code_loss: 0.0312 (0.0312)  weight_decay: 0.0500 (0.0500)  grad_norm: 0.0198 (0.0303)  time: 0.8521  data: 0.0003  max mem: 35168
Epoch: [15]  [ 180/1416]  eta: 0:19:31  lr: 0.000072  min_lr: 0.000072  loss: 0.0321 (0.0321)  reconst_loss: 0.0008 (0.0008)  code_loss: 0.0312 (0.0312)  weight_decay: 0.0500 (0.0500)  grad_norm: 0.0220 (0.0300)  time: 0.8629  data: 0.0002  max mem: 35168
Epoch: [15]  [ 190/1416]  eta: 0:19:16  lr: 0.000071  min_lr: 0.000071  loss: 0.0320 (0.0321)  reconst_loss: 0.0008 (0.0008)  code_loss: 0.0312 (0.0312)  weight_decay: 0.0500 (0.0500)  grad_norm: 0.0188 (0.0295)  time: 0.8688  data: 0.0002  max mem: 35168
Epoch: [15]  [ 200/1416]  eta: 0:19:02  lr: 0.000071  min_lr: 0.000071  loss: 0.0320 (0.0321)  reconst_loss: 0.0008 (0.0008)  code_loss: 0.0312 (0.0312)  weight_decay: 0.0500 (0.0500)  grad_norm: 0.0237 (0.0298)  time: 0.8646  data: 0.0003  max mem: 35168
Epoch: [15]  [ 210/1416]  eta: 0:18:48  lr: 0.000071  min_lr: 0.000071  loss: 0.0321 (0.0321)  reconst_loss: 0.0008 (0.0008)  code_loss: 0.0312 (0.0312)  weight_decay: 0.0500 (0.0500)  grad_norm: 0.0311 (0.0298)  time: 0.8632  data: 0.0003  max mem: 35168
Epoch: [15]  [ 220/1416]  eta: 0:18:35  lr: 0.000071  min_lr: 0.000071  loss: 0.0320 (0.0321)  reconst_loss: 0.0008 (0.0008)  code_loss: 0.0312 (0.0312)  weight_decay: 0.0500 (0.0500)  grad_norm: 0.0274 (0.0297)  time: 0.8649  data: 0.0002  max mem: 35168
Epoch: [15]  [ 230/1416]  eta: 0:18:23  lr: 0.000071  min_lr: 0.000071  loss: 0.0321 (0.0321)  reconst_loss: 0.0008 (0.0008)  code_loss: 0.0312 (0.0312)  weight_decay: 0.0500 (0.0500)  grad_norm: 0.0274 (0.0298)  time: 0.8693  data: 0.0002  max mem: 35168
Epoch: [15]  [ 240/1416]  eta: 0:18:10  lr: 0.000070  min_lr: 0.000070  loss: 0.0321 (0.0321)  reconst_loss: 0.0008 (0.0008)  code_loss: 0.0312 (0.0312)  weight_decay: 0.0500 (0.0500)  grad_norm: 0.0335 (0.0300)  time: 0.8651  data: 0.0003  max mem: 35168
Epoch: [15]  [ 250/1416]  eta: 0:17:57  lr: 0.000070  min_lr: 0.000070  loss: 0.0321 (0.0321)  reconst_loss: 0.0008 (0.0008)  code_loss: 0.0312 (0.0312)  weight_decay: 0.0500 (0.0500)  grad_norm: 0.0352 (0.0302)  time: 0.8593  data: 0.0004  max mem: 35168
Epoch: [15]  [ 260/1416]  eta: 0:17:46  lr: 0.000070  min_lr: 0.000070  loss: 0.0321 (0.0321)  reconst_loss: 0.0008 (0.0008)  code_loss: 0.0312 (0.0312)  weight_decay: 0.0500 (0.0500)  grad_norm: 0.0341 (0.0302)  time: 0.8628  data: 0.0004  max mem: 35168
Epoch: [15]  [ 270/1416]  eta: 0:17:34  lr: 0.000070  min_lr: 0.000070  loss: 0.0320 (0.0321)  reconst_loss: 0.0008 (0.0008)  code_loss: 0.0312 (0.0312)  weight_decay: 0.0500 (0.0500)  grad_norm: 0.0257 (0.0301)  time: 0.8650  data: 0.0004  max mem: 35168
Epoch: [15]  [ 280/1416]  eta: 0:17:23  lr: 0.000070  min_lr: 0.000070  loss: 0.0321 (0.0321)  reconst_loss: 0.0008 (0.0008)  code_loss: 0.0312 (0.0312)  weight_decay: 0.0500 (0.0500)  grad_norm: 0.0177 (0.0296)  time: 0.8683  data: 0.0004  max mem: 35168
Epoch: [15]  [ 290/1416]  eta: 0:17:12  lr: 0.000069  min_lr: 0.000069  loss: 0.0321 (0.0321)  reconst_loss: 0.0008 (0.0008)  code_loss: 0.0312 (0.0312)  weight_decay: 0.0500 (0.0500)  grad_norm: 0.0175 (0.0293)  time: 0.8709  data: 0.0004  max mem: 35168
Epoch: [15]  [ 300/1416]  eta: 0:17:00  lr: 0.000069  min_lr: 0.000069  loss: 0.0320 (0.0321)  reconst_loss: 0.0008 (0.0008)  code_loss: 0.0312 (0.0312)  weight_decay: 0.0500 (0.0500)  grad_norm: 0.0221 (0.0290)  time: 0.8637  data: 0.0003  max mem: 35168
Epoch: [15]  [ 310/1416]  eta: 0:16:50  lr: 0.000069  min_lr: 0.000069  loss: 0.0320 (0.0321)  reconst_loss: 0.0008 (0.0008)  code_loss: 0.0312 (0.0312)  weight_decay: 0.0500 (0.0500)  grad_norm: 0.0221 (0.0290)  time: 0.8645  data: 0.0003  max mem: 35168
Epoch: [15]  [ 320/1416]  eta: 0:16:39  lr: 0.000069  min_lr: 0.000069  loss: 0.0321 (0.0321)  reconst_loss: 0.0008 (0.0008)  code_loss: 0.0312 (0.0312)  weight_decay: 0.0500 (0.0500)  grad_norm: 0.0221 (0.0288)  time: 0.8654  data: 0.0003  max mem: 35168
Epoch: [15]  [ 330/1416]  eta: 0:16:28  lr: 0.000069  min_lr: 0.000069  loss: 0.0321 (0.0321)  reconst_loss: 0.0008 (0.0008)  code_loss: 0.0312 (0.0312)  weight_decay: 0.0500 (0.0500)  grad_norm: 0.0295 (0.0292)  time: 0.8641  data: 0.0003  max mem: 35168
Epoch: [15]  [ 340/1416]  eta: 0:16:18  lr: 0.000069  min_lr: 0.000069  loss: 0.0321 (0.0321)  reconst_loss: 0.0008 (0.0008)  code_loss: 0.0312 (0.0312)  weight_decay: 0.0500 (0.0500)  grad_norm: 0.0341 (0.0293)  time: 0.8711  data: 0.0003  max mem: 35168
Epoch: [15]  [ 350/1416]  eta: 0:16:08  lr: 0.000068  min_lr: 0.000068  loss: 0.0321 (0.0321)  reconst_loss: 0.0008 (0.0008)  code_loss: 0.0312 (0.0312)  weight_decay: 0.0500 (0.0500)  grad_norm: 0.0228 (0.0291)  time: 0.8708  data: 0.0004  max mem: 35168
Epoch: [15]  [ 360/1416]  eta: 0:15:57  lr: 0.000068  min_lr: 0.000068  loss: 0.0320 (0.0321)  reconst_loss: 0.0008 (0.0008)  code_loss: 0.0312 (0.0312)  weight_decay: 0.0500 (0.0500)  grad_norm: 0.0228 (0.0290)  time: 0.8657  data: 0.0004  max mem: 35168
Epoch: [15]  [ 370/1416]  eta: 0:15:47  lr: 0.000068  min_lr: 0.000068  loss: 0.0320 (0.0321)  reconst_loss: 0.0008 (0.0008)  code_loss: 0.0312 (0.0312)  weight_decay: 0.0500 (0.0500)  grad_norm: 0.0218 (0.0287)  time: 0.8617  data: 0.0004  max mem: 35168
Epoch: [15]  [ 380/1416]  eta: 0:15:37  lr: 0.000068  min_lr: 0.000068  loss: 0.0321 (0.0321)  reconst_loss: 0.0008 (0.0008)  code_loss: 0.0312 (0.0312)  weight_decay: 0.0500 (0.0500)  grad_norm: 0.0204 (0.0285)  time: 0.8616  data: 0.0003  max mem: 35168
Epoch: [15]  [ 390/1416]  eta: 0:15:27  lr: 0.000068  min_lr: 0.000068  loss: 0.0321 (0.0321)  reconst_loss: 0.0009 (0.0008)  code_loss: 0.0312 (0.0312)  weight_decay: 0.0500 (0.0500)  grad_norm: 0.0241 (0.0287)  time: 0.8663  data: 0.0004  max mem: 35168
Epoch: [15]  [ 400/1416]  eta: 0:15:17  lr: 0.000067  min_lr: 0.000067  loss: 0.0321 (0.0321)  reconst_loss: 0.0008 (0.0008)  code_loss: 0.0312 (0.0312)  weight_decay: 0.0500 (0.0500)  grad_norm: 0.0396 (0.0291)  time: 0.8690  data: 0.0004  max mem: 35168
Epoch: [15]  [ 410/1416]  eta: 0:15:07  lr: 0.000067  min_lr: 0.000067  loss: 0.0320 (0.0321)  reconst_loss: 0.0008 (0.0008)  code_loss: 0.0312 (0.0312)  weight_decay: 0.0500 (0.0500)  grad_norm: 0.0450 (0.0293)  time: 0.8668  data: 0.0003  max mem: 35168
Epoch: [15]  [ 420/1416]  eta: 0:14:57  lr: 0.000067  min_lr: 0.000067  loss: 0.0321 (0.0321)  reconst_loss: 0.0008 (0.0008)  code_loss: 0.0312 (0.0312)  weight_decay: 0.0500 (0.0500)  grad_norm: 0.0302 (0.0294)  time: 0.8669  data: 0.0004  max mem: 35168
Epoch: [15]  [ 430/1416]  eta: 0:14:47  lr: 0.000067  min_lr: 0.000067  loss: 0.0321 (0.0321)  reconst_loss: 0.0008 (0.0008)  code_loss: 0.0312 (0.0312)  weight_decay: 0.0500 (0.0500)  grad_norm: 0.0199 (0.0291)  time: 0.8648  data: 0.0008  max mem: 35168
Epoch: [15]  [ 440/1416]  eta: 0:14:37  lr: 0.000067  min_lr: 0.000067  loss: 0.0320 (0.0321)  reconst_loss: 0.0008 (0.0008)  code_loss: 0.0312 (0.0312)  weight_decay: 0.0500 (0.0500)  grad_norm: 0.0190 (0.0289)  time: 0.8605  data: 0.0006  max mem: 35168
Epoch: [15]  [ 450/1416]  eta: 0:14:27  lr: 0.000067  min_lr: 0.000067  loss: 0.0321 (0.0321)  reconst_loss: 0.0008 (0.0008)  code_loss: 0.0312 (0.0312)  weight_decay: 0.0500 (0.0500)  grad_norm: 0.0193 (0.0287)  time: 0.8616  data: 0.0004  max mem: 35168
Epoch: [15]  [ 460/1416]  eta: 0:14:18  lr: 0.000066  min_lr: 0.000066  loss: 0.0321 (0.0321)  reconst_loss: 0.0008 (0.0008)  code_loss: 0.0312 (0.0312)  weight_decay: 0.0500 (0.0500)  grad_norm: 0.0193 (0.0286)  time: 0.8635  data: 0.0003  max mem: 35168
Epoch: [15]  [ 470/1416]  eta: 0:14:08  lr: 0.000066  min_lr: 0.000066  loss: 0.0321 (0.0321)  reconst_loss: 0.0008 (0.0008)  code_loss: 0.0312 (0.0312)  weight_decay: 0.0500 (0.0500)  grad_norm: 0.0212 (0.0286)  time: 0.8662  data: 0.0003  max mem: 35168
Epoch: [15]  [ 480/1416]  eta: 0:13:59  lr: 0.000066  min_lr: 0.000066  loss: 0.0321 (0.0321)  reconst_loss: 0.0009 (0.0008)  code_loss: 0.0312 (0.0312)  weight_decay: 0.0500 (0.0500)  grad_norm: 0.0283 (0.0287)  time: 0.8711  data: 0.0005  max mem: 35168
Epoch: [15]  [ 490/1416]  eta: 0:13:49  lr: 0.000066  min_lr: 0.000066  loss: 0.0321 (0.0321)  reconst_loss: 0.0008 (0.0008)  code_loss: 0.0312 (0.0312)  weight_decay: 0.0500 (0.0500)  grad_norm: 0.0244 (0.0286)  time: 0.8725  data: 0.0004  max mem: 35168
Epoch: [15]  [ 500/1416]  eta: 0:13:40  lr: 0.000066  min_lr: 0.000066  loss: 0.0321 (0.0321)  reconst_loss: 0.0008 (0.0008)  code_loss: 0.0312 (0.0312)  weight_decay: 0.0500 (0.0500)  grad_norm: 0.0227 (0.0285)  time: 0.8679  data: 0.0004  max mem: 35168
Epoch: [15]  [ 510/1416]  eta: 0:13:30  lr: 0.000065  min_lr: 0.000065  loss: 0.0321 (0.0321)  reconst_loss: 0.0008 (0.0008)  code_loss: 0.0312 (0.0312)  weight_decay: 0.0500 (0.0500)  grad_norm: 0.0213 (0.0284)  time: 0.8659  data: 0.0005  max mem: 35168
Epoch: [15]  [ 520/1416]  eta: 0:13:21  lr: 0.000065  min_lr: 0.000065  loss: 0.0321 (0.0321)  reconst_loss: 0.0008 (0.0008)  code_loss: 0.0312 (0.0312)  weight_decay: 0.0500 (0.0500)  grad_norm: 0.0229 (0.0284)  time: 0.8615  data: 0.0007  max mem: 35168
Epoch: [15]  [ 530/1416]  eta: 0:13:11  lr: 0.000065  min_lr: 0.000065  loss: 0.0320 (0.0321)  reconst_loss: 0.0008 (0.0008)  code_loss: 0.0312 (0.0312)  weight_decay: 0.0500 (0.0500)  grad_norm: 0.0234 (0.0284)  time: 0.8620  data: 0.0007  max mem: 35168
Epoch: [15]  [ 540/1416]  eta: 0:13:02  lr: 0.000065  min_lr: 0.000065  loss: 0.0320 (0.0321)  reconst_loss: 0.0008 (0.0008)  code_loss: 0.0312 (0.0312)  weight_decay: 0.0500 (0.0500)  grad_norm: 0.0228 (0.0283)  time: 0.8662  data: 0.0003  max mem: 35168
Epoch: [15]  [ 550/1416]  eta: 0:12:52  lr: 0.000065  min_lr: 0.000065  loss: 0.0320 (0.0321)  reconst_loss: 0.0008 (0.0008)  code_loss: 0.0312 (0.0312)  weight_decay: 0.0500 (0.0500)  grad_norm: 0.0241 (0.0283)  time: 0.8636  data: 0.0003  max mem: 35168
Epoch: [15]  [ 560/1416]  eta: 0:12:43  lr: 0.000065  min_lr: 0.000065  loss: 0.0320 (0.0321)  reconst_loss: 0.0008 (0.0008)  code_loss: 0.0312 (0.0312)  weight_decay: 0.0500 (0.0500)  grad_norm: 0.0206 (0.0282)  time: 0.8663  data: 0.0004  max mem: 35168
Epoch: [15]  [ 570/1416]  eta: 0:12:34  lr: 0.000064  min_lr: 0.000064  loss: 0.0320 (0.0321)  reconst_loss: 0.0008 (0.0008)  code_loss: 0.0312 (0.0312)  weight_decay: 0.0500 (0.0500)  grad_norm: 0.0166 (0.0282)  time: 0.8668  data: 0.0003  max mem: 35168
Epoch: [15]  [ 580/1416]  eta: 0:12:25  lr: 0.000064  min_lr: 0.000064  loss: 0.0320 (0.0321)  reconst_loss: 0.0008 (0.0008)  code_loss: 0.0312 (0.0312)  weight_decay: 0.0500 (0.0500)  grad_norm: 0.0268 (0.0282)  time: 0.8653  data: 0.0003  max mem: 35168
Epoch: [15]  [ 590/1416]  eta: 0:12:15  lr: 0.000064  min_lr: 0.000064  loss: 0.0321 (0.0321)  reconst_loss: 0.0008 (0.0008)  code_loss: 0.0312 (0.0312)  weight_decay: 0.0500 (0.0500)  grad_norm: 0.0239 (0.0281)  time: 0.8701  data: 0.0004  max mem: 35168
Epoch: [15]  [ 600/1416]  eta: 0:12:06  lr: 0.000064  min_lr: 0.000064  loss: 0.0321 (0.0321)  reconst_loss: 0.0008 (0.0008)  code_loss: 0.0312 (0.0312)  weight_decay: 0.0500 (0.0500)  grad_norm: 0.0203 (0.0280)  time: 0.8660  data: 0.0005  max mem: 35168
Epoch: [15]  [ 610/1416]  eta: 0:11:57  lr: 0.000064  min_lr: 0.000064  loss: 0.0320 (0.0321)  reconst_loss: 0.0008 (0.0008)  code_loss: 0.0312 (0.0312)  weight_decay: 0.0500 (0.0500)  grad_norm: 0.0167 (0.0278)  time: 0.8610  data: 0.0004  max mem: 35168
Epoch: [15]  [ 620/1416]  eta: 0:11:48  lr: 0.000063  min_lr: 0.000063  loss: 0.0320 (0.0321)  reconst_loss: 0.0008 (0.0008)  code_loss: 0.0312 (0.0312)  weight_decay: 0.0500 (0.0500)  grad_norm: 0.0157 (0.0278)  time: 0.8658  data: 0.0004  max mem: 35168
Epoch: [15]  [ 630/1416]  eta: 0:11:38  lr: 0.000063  min_lr: 0.000063  loss: 0.0320 (0.0321)  reconst_loss: 0.0008 (0.0008)  code_loss: 0.0312 (0.0312)  weight_decay: 0.0500 (0.0500)  grad_norm: 0.0268 (0.0278)  time: 0.8675  data: 0.0007  max mem: 35168
Epoch: [15]  [ 640/1416]  eta: 0:11:29  lr: 0.000063  min_lr: 0.000063  loss: 0.0320 (0.0321)  reconst_loss: 0.0008 (0.0008)  code_loss: 0.0312 (0.0312)  weight_decay: 0.0500 (0.0500)  grad_norm: 0.0289 (0.0278)  time: 0.8661  data: 0.0007  max mem: 35168
Epoch: [15]  [ 650/1416]  eta: 0:11:20  lr: 0.000063  min_lr: 0.000063  loss: 0.0321 (0.0321)  reconst_loss: 0.0008 (0.0008)  code_loss: 0.0312 (0.0312)  weight_decay: 0.0500 (0.0500)  grad_norm: 0.0225 (0.0277)  time: 0.8657  data: 0.0005  max mem: 35168
Epoch: [15]  [ 660/1416]  eta: 0:11:11  lr: 0.000063  min_lr: 0.000063  loss: 0.0321 (0.0321)  reconst_loss: 0.0008 (0.0008)  code_loss: 0.0312 (0.0312)  weight_decay: 0.0500 (0.0500)  grad_norm: 0.0173 (0.0276)  time: 0.8656  data: 0.0003  max mem: 35168
Epoch: [15]  [ 670/1416]  eta: 0:11:02  lr: 0.000063  min_lr: 0.000063  loss: 0.0320 (0.0321)  reconst_loss: 0.0008 (0.0008)  code_loss: 0.0312 (0.0312)  weight_decay: 0.0500 (0.0500)  grad_norm: 0.0244 (0.0277)  time: 0.8681  data: 0.0002  max mem: 35168
Epoch: [15]  [ 680/1416]  eta: 0:10:53  lr: 0.000062  min_lr: 0.000062  loss: 0.0320 (0.0321)  reconst_loss: 0.0008 (0.0008)  code_loss: 0.0312 (0.0312)  weight_decay: 0.0500 (0.0500)  grad_norm: 0.0271 (0.0276)  time: 0.8693  data: 0.0003  max mem: 35168
Epoch: [15]  [ 690/1416]  eta: 0:10:44  lr: 0.000062  min_lr: 0.000062  loss: 0.0321 (0.0321)  reconst_loss: 0.0008 (0.0008)  code_loss: 0.0312 (0.0312)  weight_decay: 0.0500 (0.0500)  grad_norm: 0.0216 (0.0276)  time: 0.8679  data: 0.0005  max mem: 35168
Epoch: [15]  [ 700/1416]  eta: 0:10:35  lr: 0.000062  min_lr: 0.000062  loss: 0.0321 (0.0321)  reconst_loss: 0.0008 (0.0008)  code_loss: 0.0312 (0.0312)  weight_decay: 0.0500 (0.0500)  grad_norm: 0.0232 (0.0276)  time: 0.8675  data: 0.0006  max mem: 35168
Epoch: [15]  [ 710/1416]  eta: 0:10:26  lr: 0.000062  min_lr: 0.000062  loss: 0.0321 (0.0321)  reconst_loss: 0.0008 (0.0008)  code_loss: 0.0312 (0.0312)  weight_decay: 0.0500 (0.0500)  grad_norm: 0.0294 (0.0276)  time: 0.8662  data: 0.0006  max mem: 35168
Epoch: [15]  [ 720/1416]  eta: 0:10:16  lr: 0.000062  min_lr: 0.000062  loss: 0.0321 (0.0321)  reconst_loss: 0.0008 (0.0008)  code_loss: 0.0312 (0.0312)  weight_decay: 0.0500 (0.0500)  grad_norm: 0.0294 (0.0277)  time: 0.8660  data: 0.0005  max mem: 35168
Epoch: [15]  [ 730/1416]  eta: 0:10:07  lr: 0.000061  min_lr: 0.000061  loss: 0.0321 (0.0321)  reconst_loss: 0.0008 (0.0008)  code_loss: 0.0312 (0.0312)  weight_decay: 0.0500 (0.0500)  grad_norm: 0.0251 (0.0276)  time: 0.8669  data: 0.0003  max mem: 35168
Epoch: [15]  [ 740/1416]  eta: 0:09:58  lr: 0.000061  min_lr: 0.000061  loss: 0.0321 (0.0321)  reconst_loss: 0.0008 (0.0008)  code_loss: 0.0312 (0.0312)  weight_decay: 0.0500 (0.0500)  grad_norm: 0.0167 (0.0274)  time: 0.8670  data: 0.0003  max mem: 35168
Epoch: [15]  [ 750/1416]  eta: 0:09:49  lr: 0.000061  min_lr: 0.000061  loss: 0.0320 (0.0321)  reconst_loss: 0.0008 (0.0008)  code_loss: 0.0312 (0.0312)  weight_decay: 0.0500 (0.0500)  grad_norm: 0.0177 (0.0275)  time: 0.8680  data: 0.0004  max mem: 35168
Epoch: [15]  [ 760/1416]  eta: 0:09:40  lr: 0.000061  min_lr: 0.000061  loss: 0.0320 (0.0321)  reconst_loss: 0.0008 (0.0008)  code_loss: 0.0312 (0.0312)  weight_decay: 0.0500 (0.0500)  grad_norm: 0.0297 (0.0275)  time: 0.8690  data: 0.0003  max mem: 35168
Epoch: [15]  [ 770/1416]  eta: 0:09:31  lr: 0.000061  min_lr: 0.000061  loss: 0.0320 (0.0321)  reconst_loss: 0.0008 (0.0008)  code_loss: 0.0312 (0.0312)  weight_decay: 0.0500 (0.0500)  grad_norm: 0.0326 (0.0275)  time: 0.8692  data: 0.0003  max mem: 35168
Epoch: [15]  [ 780/1416]  eta: 0:09:22  lr: 0.000061  min_lr: 0.000061  loss: 0.0320 (0.0321)  reconst_loss: 0.0008 (0.0008)  code_loss: 0.0312 (0.0312)  weight_decay: 0.0500 (0.0500)  grad_norm: 0.0268 (0.0275)  time: 0.8702  data: 0.0004  max mem: 35168
Epoch: [15]  [ 790/1416]  eta: 0:09:13  lr: 0.000060  min_lr: 0.000060  loss: 0.0321 (0.0321)  reconst_loss: 0.0008 (0.0008)  code_loss: 0.0312 (0.0312)  weight_decay: 0.0500 (0.0500)  grad_norm: 0.0262 (0.0275)  time: 0.8646  data: 0.0004  max mem: 35168
Epoch: [15]  [ 800/1416]  eta: 0:09:04  lr: 0.000060  min_lr: 0.000060  loss: 0.0321 (0.0321)  reconst_loss: 0.0008 (0.0008)  code_loss: 0.0312 (0.0312)  weight_decay: 0.0500 (0.0500)  grad_norm: 0.0261 (0.0276)  time: 0.8625  data: 0.0002  max mem: 35168
Epoch: [15]  [ 810/1416]  eta: 0:08:55  lr: 0.000060  min_lr: 0.000060  loss: 0.0321 (0.0321)  reconst_loss: 0.0008 (0.0008)  code_loss: 0.0312 (0.0312)  weight_decay: 0.0500 (0.0500)  grad_norm: 0.0326 (0.0276)  time: 0.8701  data: 0.0003  max mem: 35168
Epoch: [15]  [ 820/1416]  eta: 0:08:46  lr: 0.000060  min_lr: 0.000060  loss: 0.0321 (0.0321)  reconst_loss: 0.0008 (0.0008)  code_loss: 0.0312 (0.0312)  weight_decay: 0.0500 (0.0500)  grad_norm: 0.0238 (0.0276)  time: 0.8716  data: 0.0003  max mem: 35168
Epoch: [15]  [ 830/1416]  eta: 0:08:38  lr: 0.000060  min_lr: 0.000060  loss: 0.0320 (0.0321)  reconst_loss: 0.0008 (0.0008)  code_loss: 0.0312 (0.0312)  weight_decay: 0.0500 (0.0500)  grad_norm: 0.0192 (0.0275)  time: 0.8697  data: 0.0003  max mem: 35168
Epoch: [15]  [ 840/1416]  eta: 0:08:29  lr: 0.000059  min_lr: 0.000059  loss: 0.0320 (0.0321)  reconst_loss: 0.0008 (0.0008)  code_loss: 0.0312 (0.0312)  weight_decay: 0.0500 (0.0500)  grad_norm: 0.0208 (0.0274)  time: 0.8713  data: 0.0003  max mem: 35168
Epoch: [15]  [ 850/1416]  eta: 0:08:20  lr: 0.000059  min_lr: 0.000059  loss: 0.0320 (0.0321)  reconst_loss: 0.0008 (0.0008)  code_loss: 0.0312 (0.0312)  weight_decay: 0.0500 (0.0500)  grad_norm: 0.0196 (0.0273)  time: 0.8747  data: 0.0004  max mem: 35168
Epoch: [15]  [ 860/1416]  eta: 0:08:11  lr: 0.000059  min_lr: 0.000059  loss: 0.0321 (0.0321)  reconst_loss: 0.0008 (0.0008)  code_loss: 0.0312 (0.0312)  weight_decay: 0.0500 (0.0500)  grad_norm: 0.0220 (0.0273)  time: 0.8682  data: 0.0004  max mem: 35168
Epoch: [15]  [ 870/1416]  eta: 0:08:02  lr: 0.000059  min_lr: 0.000059  loss: 0.0321 (0.0321)  reconst_loss: 0.0008 (0.0008)  code_loss: 0.0312 (0.0312)  weight_decay: 0.0500 (0.0500)  grad_norm: 0.0191 (0.0272)  time: 0.8619  data: 0.0003  max mem: 35168
Epoch: [15]  [ 880/1416]  eta: 0:07:53  lr: 0.000059  min_lr: 0.000059  loss: 0.0320 (0.0321)  reconst_loss: 0.0008 (0.0008)  code_loss: 0.0312 (0.0312)  weight_decay: 0.0500 (0.0500)  grad_norm: 0.0181 (0.0271)  time: 0.8667  data: 0.0003  max mem: 35168
Epoch: [15]  [ 890/1416]  eta: 0:07:44  lr: 0.000059  min_lr: 0.000059  loss: 0.0320 (0.0321)  reconst_loss: 0.0008 (0.0008)  code_loss: 0.0312 (0.0312)  weight_decay: 0.0500 (0.0500)  grad_norm: 0.0242 (0.0272)  time: 0.8665  data: 0.0004  max mem: 35168
Epoch: [15]  [ 900/1416]  eta: 0:07:35  lr: 0.000058  min_lr: 0.000058  loss: 0.0320 (0.0321)  reconst_loss: 0.0008 (0.0008)  code_loss: 0.0312 (0.0312)  weight_decay: 0.0500 (0.0500)  grad_norm: 0.0293 (0.0272)  time: 0.8635  data: 0.0004  max mem: 35168
Epoch: [15]  [ 910/1416]  eta: 0:07:26  lr: 0.000058  min_lr: 0.000058  loss: 0.0320 (0.0321)  reconst_loss: 0.0008 (0.0008)  code_loss: 0.0312 (0.0312)  weight_decay: 0.0500 (0.0500)  grad_norm: 0.0223 (0.0272)  time: 0.8618  data: 0.0004  max mem: 35168
Epoch: [15]  [ 920/1416]  eta: 0:07:17  lr: 0.000058  min_lr: 0.000058  loss: 0.0320 (0.0321)  reconst_loss: 0.0008 (0.0008)  code_loss: 0.0312 (0.0312)  weight_decay: 0.0500 (0.0500)  grad_norm: 0.0219 (0.0271)  time: 0.8640  data: 0.0004  max mem: 35168
Epoch: [15]  [ 930/1416]  eta: 0:07:08  lr: 0.000058  min_lr: 0.000058  loss: 0.0320 (0.0321)  reconst_loss: 0.0008 (0.0008)  code_loss: 0.0312 (0.0312)  weight_decay: 0.0500 (0.0500)  grad_norm: 0.0219 (0.0270)  time: 0.8682  data: 0.0005  max mem: 35168
Epoch: [15]  [ 940/1416]  eta: 0:06:59  lr: 0.000058  min_lr: 0.000058  loss: 0.0321 (0.0321)  reconst_loss: 0.0008 (0.0008)  code_loss: 0.0312 (0.0312)  weight_decay: 0.0500 (0.0500)  grad_norm: 0.0170 (0.0270)  time: 0.8669  data: 0.0005  max mem: 35168
Epoch: [15]  [ 950/1416]  eta: 0:06:50  lr: 0.000058  min_lr: 0.000058  loss: 0.0321 (0.0321)  reconst_loss: 0.0008 (0.0008)  code_loss: 0.0312 (0.0312)  weight_decay: 0.0500 (0.0500)  grad_norm: 0.0206 (0.0270)  time: 0.8649  data: 0.0003  max mem: 35168
Epoch: [15]  [ 960/1416]  eta: 0:06:42  lr: 0.000057  min_lr: 0.000057  loss: 0.0321 (0.0321)  reconst_loss: 0.0008 (0.0008)  code_loss: 0.0312 (0.0312)  weight_decay: 0.0500 (0.0500)  grad_norm: 0.0198 (0.0268)  time: 0.8670  data: 0.0003  max mem: 35168
Epoch: [15]  [ 970/1416]  eta: 0:06:33  lr: 0.000057  min_lr: 0.000057  loss: 0.0320 (0.0321)  reconst_loss: 0.0008 (0.0008)  code_loss: 0.0312 (0.0312)  weight_decay: 0.0500 (0.0500)  grad_norm: 0.0165 (0.0267)  time: 0.8659  data: 0.0005  max mem: 35168
Epoch: [15]  [ 980/1416]  eta: 0:06:24  lr: 0.000057  min_lr: 0.000057  loss: 0.0320 (0.0321)  reconst_loss: 0.0008 (0.0008)  code_loss: 0.0312 (0.0312)  weight_decay: 0.0500 (0.0500)  grad_norm: 0.0199 (0.0268)  time: 0.8647  data: 0.0005  max mem: 35168
Epoch: [15]  [ 990/1416]  eta: 0:06:15  lr: 0.000057  min_lr: 0.000057  loss: 0.0321 (0.0321)  reconst_loss: 0.0008 (0.0008)  code_loss: 0.0312 (0.0312)  weight_decay: 0.0500 (0.0500)  grad_norm: 0.0243 (0.0268)  time: 0.8688  data: 0.0003  max mem: 35168
Epoch: [15]  [1000/1416]  eta: 0:06:06  lr: 0.000057  min_lr: 0.000057  loss: 0.0320 (0.0321)  reconst_loss: 0.0008 (0.0008)  code_loss: 0.0312 (0.0312)  weight_decay: 0.0500 (0.0500)  grad_norm: 0.0188 (0.0267)  time: 0.8663  data: 0.0003  max mem: 35168
Epoch: [15]  [1010/1416]  eta: 0:05:57  lr: 0.000057  min_lr: 0.000057  loss: 0.0320 (0.0321)  reconst_loss: 0.0008 (0.0008)  code_loss: 0.0312 (0.0312)  weight_decay: 0.0500 (0.0500)  grad_norm: 0.0213 (0.0267)  time: 0.8633  data: 0.0004  max mem: 35168
Epoch: [15]  [1020/1416]  eta: 0:05:48  lr: 0.000056  min_lr: 0.000056  loss: 0.0321 (0.0321)  reconst_loss: 0.0008 (0.0008)  code_loss: 0.0312 (0.0312)  weight_decay: 0.0500 (0.0500)  grad_norm: 0.0208 (0.0266)  time: 0.8601  data: 0.0007  max mem: 35168
Epoch: [15]  [1030/1416]  eta: 0:05:39  lr: 0.000056  min_lr: 0.000056  loss: 0.0321 (0.0321)  reconst_loss: 0.0008 (0.0008)  code_loss: 0.0312 (0.0312)  weight_decay: 0.0500 (0.0500)  grad_norm: 0.0165 (0.0266)  time: 0.8615  data: 0.0006  max mem: 35168
Epoch: [15]  [1040/1416]  eta: 0:05:31  lr: 0.000056  min_lr: 0.000056  loss: 0.0320 (0.0321)  reconst_loss: 0.0008 (0.0008)  code_loss: 0.0312 (0.0312)  weight_decay: 0.0500 (0.0500)  grad_norm: 0.0161 (0.0265)  time: 0.8718  data: 0.0003  max mem: 35168
Epoch: [15]  [1050/1416]  eta: 0:05:22  lr: 0.000056  min_lr: 0.000056  loss: 0.0320 (0.0321)  reconst_loss: 0.0008 (0.0008)  code_loss: 0.0312 (0.0312)  weight_decay: 0.0500 (0.0500)  grad_norm: 0.0193 (0.0265)  time: 0.8690  data: 0.0004  max mem: 35168
Epoch: [15]  [1060/1416]  eta: 0:05:13  lr: 0.000056  min_lr: 0.000056  loss: 0.0321 (0.0321)  reconst_loss: 0.0008 (0.0008)  code_loss: 0.0312 (0.0312)  weight_decay: 0.0500 (0.0500)  grad_norm: 0.0284 (0.0267)  time: 0.8641  data: 0.0003  max mem: 35168
Epoch: [15]  [1070/1416]  eta: 0:05:04  lr: 0.000055  min_lr: 0.000055  loss: 0.0320 (0.0321)  reconst_loss: 0.0008 (0.0008)  code_loss: 0.0312 (0.0312)  weight_decay: 0.0500 (0.0500)  grad_norm: 0.0264 (0.0266)  time: 0.8681  data: 0.0002  max mem: 35168
Epoch: [15]  [1080/1416]  eta: 0:04:55  lr: 0.000055  min_lr: 0.000055  loss: 0.0320 (0.0321)  reconst_loss: 0.0008 (0.0008)  code_loss: 0.0312 (0.0312)  weight_decay: 0.0500 (0.0500)  grad_norm: 0.0181 (0.0266)  time: 0.8660  data: 0.0002  max mem: 35168
Epoch: [15]  [1090/1416]  eta: 0:04:46  lr: 0.000055  min_lr: 0.000055  loss: 0.0320 (0.0321)  reconst_loss: 0.0008 (0.0008)  code_loss: 0.0312 (0.0312)  weight_decay: 0.0500 (0.0500)  grad_norm: 0.0200 (0.0266)  time: 0.8663  data: 0.0003  max mem: 35168
Epoch: [15]  [1100/1416]  eta: 0:04:37  lr: 0.000055  min_lr: 0.000055  loss: 0.0320 (0.0321)  reconst_loss: 0.0008 (0.0008)  code_loss: 0.0312 (0.0312)  weight_decay: 0.0500 (0.0500)  grad_norm: 0.0173 (0.0265)  time: 0.8696  data: 0.0003  max mem: 35168
Epoch: [15]  [1110/1416]  eta: 0:04:29  lr: 0.000055  min_lr: 0.000055  loss: 0.0320 (0.0321)  reconst_loss: 0.0008 (0.0008)  code_loss: 0.0312 (0.0312)  weight_decay: 0.0500 (0.0500)  grad_norm: 0.0171 (0.0265)  time: 0.8676  data: 0.0003  max mem: 35168
Epoch: [15]  [1120/1416]  eta: 0:04:20  lr: 0.000055  min_lr: 0.000055  loss: 0.0320 (0.0321)  reconst_loss: 0.0008 (0.0008)  code_loss: 0.0312 (0.0312)  weight_decay: 0.0500 (0.0500)  grad_norm: 0.0266 (0.0265)  time: 0.8659  data: 0.0003  max mem: 35168
Epoch: [15]  [1130/1416]  eta: 0:04:11  lr: 0.000054  min_lr: 0.000054  loss: 0.0320 (0.0321)  reconst_loss: 0.0008 (0.0008)  code_loss: 0.0312 (0.0312)  weight_decay: 0.0500 (0.0500)  grad_norm: 0.0277 (0.0265)  time: 0.8627  data: 0.0003  max mem: 35168
Epoch: [15]  [1140/1416]  eta: 0:04:02  lr: 0.000054  min_lr: 0.000054  loss: 0.0321 (0.0321)  reconst_loss: 0.0008 (0.0008)  code_loss: 0.0312 (0.0312)  weight_decay: 0.0500 (0.0500)  grad_norm: 0.0279 (0.0265)  time: 0.8623  data: 0.0003  max mem: 35168
Epoch: [15]  [1150/1416]  eta: 0:03:53  lr: 0.000054  min_lr: 0.000054  loss: 0.0320 (0.0321)  reconst_loss: 0.0008 (0.0008)  code_loss: 0.0312 (0.0312)  weight_decay: 0.0500 (0.0500)  grad_norm: 0.0147 (0.0264)  time: 0.8652  data: 0.0004  max mem: 35168
Epoch: [15]  [1160/1416]  eta: 0:03:45  lr: 0.000054  min_lr: 0.000054  loss: 0.0320 (0.0321)  reconst_loss: 0.0008 (0.0008)  code_loss: 0.0312 (0.0312)  weight_decay: 0.0500 (0.0500)  grad_norm: 0.0144 (0.0263)  time: 0.8665  data: 0.0004  max mem: 35168
Epoch: [15]  [1170/1416]  eta: 0:03:36  lr: 0.000054  min_lr: 0.000054  loss: 0.0320 (0.0321)  reconst_loss: 0.0008 (0.0008)  code_loss: 0.0312 (0.0312)  weight_decay: 0.0500 (0.0500)  grad_norm: 0.0173 (0.0262)  time: 0.8708  data: 0.0003  max mem: 35168
Epoch: [15]  [1180/1416]  eta: 0:03:27  lr: 0.000054  min_lr: 0.000054  loss: 0.0320 (0.0321)  reconst_loss: 0.0008 (0.0008)  code_loss: 0.0312 (0.0312)  weight_decay: 0.0500 (0.0500)  grad_norm: 0.0247 (0.0262)  time: 0.8701  data: 0.0003  max mem: 35168
Epoch: [15]  [1190/1416]  eta: 0:03:18  lr: 0.000053  min_lr: 0.000053  loss: 0.0320 (0.0321)  reconst_loss: 0.0008 (0.0008)  code_loss: 0.0312 (0.0312)  weight_decay: 0.0500 (0.0500)  grad_norm: 0.0211 (0.0262)  time: 0.8680  data: 0.0003  max mem: 35168
Epoch: [15]  [1200/1416]  eta: 0:03:09  lr: 0.000053  min_lr: 0.000053  loss: 0.0320 (0.0321)  reconst_loss: 0.0008 (0.0008)  code_loss: 0.0312 (0.0312)  weight_decay: 0.0500 (0.0500)  grad_norm: 0.0215 (0.0261)  time: 0.8669  data: 0.0006  max mem: 35168
Epoch: [15]  [1210/1416]  eta: 0:03:00  lr: 0.000053  min_lr: 0.000053  loss: 0.0320 (0.0321)  reconst_loss: 0.0008 (0.0008)  code_loss: 0.0312 (0.0312)  weight_decay: 0.0500 (0.0500)  grad_norm: 0.0216 (0.0261)  time: 0.8522  data: 0.0006  max mem: 35168
Epoch: [15]  [1220/1416]  eta: 0:02:52  lr: 0.000053  min_lr: 0.000053  loss: 0.0320 (0.0321)  reconst_loss: 0.0008 (0.0008)  code_loss: 0.0312 (0.0312)  weight_decay: 0.0500 (0.0500)  grad_norm: 0.0222 (0.0261)  time: 0.8376  data: 0.0002  max mem: 35168
Epoch: [15]  [1230/1416]  eta: 0:02:43  lr: 0.000053  min_lr: 0.000053  loss: 0.0320 (0.0321)  reconst_loss: 0.0008 (0.0008)  code_loss: 0.0312 (0.0312)  weight_decay: 0.0500 (0.0500)  grad_norm: 0.0320 (0.0262)  time: 0.8358  data: 0.0001  max mem: 35168
Epoch: [15]  [1240/1416]  eta: 0:02:34  lr: 0.000053  min_lr: 0.000053  loss: 0.0320 (0.0321)  reconst_loss: 0.0008 (0.0008)  code_loss: 0.0312 (0.0312)  weight_decay: 0.0500 (0.0500)  grad_norm: 0.0331 (0.0262)  time: 0.8376  data: 0.0001  max mem: 35168
Epoch: [15]  [1250/1416]  eta: 0:02:25  lr: 0.000052  min_lr: 0.000052  loss: 0.0320 (0.0321)  reconst_loss: 0.0008 (0.0008)  code_loss: 0.0312 (0.0312)  weight_decay: 0.0500 (0.0500)  grad_norm: 0.0233 (0.0262)  time: 0.8412  data: 0.0001  max mem: 35168
Epoch: [15]  [1260/1416]  eta: 0:02:16  lr: 0.000052  min_lr: 0.000052  loss: 0.0320 (0.0321)  reconst_loss: 0.0008 (0.0008)  code_loss: 0.0312 (0.0312)  weight_decay: 0.0500 (0.0500)  grad_norm: 0.0176 (0.0261)  time: 0.8434  data: 0.0002  max mem: 35168
Epoch: [15]  [1270/1416]  eta: 0:02:07  lr: 0.000052  min_lr: 0.000052  loss: 0.0320 (0.0321)  reconst_loss: 0.0008 (0.0008)  code_loss: 0.0312 (0.0312)  weight_decay: 0.0500 (0.0500)  grad_norm: 0.0156 (0.0260)  time: 0.8394  data: 0.0002  max mem: 35168
Epoch: [15]  [1280/1416]  eta: 0:01:59  lr: 0.000052  min_lr: 0.000052  loss: 0.0320 (0.0321)  reconst_loss: 0.0008 (0.0008)  code_loss: 0.0312 (0.0312)  weight_decay: 0.0500 (0.0500)  grad_norm: 0.0169 (0.0260)  time: 0.8400  data: 0.0002  max mem: 35168
Epoch: [15]  [1290/1416]  eta: 0:01:50  lr: 0.000052  min_lr: 0.000052  loss: 0.0320 (0.0321)  reconst_loss: 0.0008 (0.0008)  code_loss: 0.0312 (0.0312)  weight_decay: 0.0500 (0.0500)  grad_norm: 0.0222 (0.0260)  time: 0.8407  data: 0.0001  max mem: 35168
Epoch: [15]  [1300/1416]  eta: 0:01:41  lr: 0.000052  min_lr: 0.000052  loss: 0.0321 (0.0321)  reconst_loss: 0.0008 (0.0008)  code_loss: 0.0312 (0.0312)  weight_decay: 0.0500 (0.0500)  grad_norm: 0.0350 (0.0261)  time: 0.8366  data: 0.0001  max mem: 35168
Epoch: [15]  [1310/1416]  eta: 0:01:32  lr: 0.000051  min_lr: 0.000051  loss: 0.0321 (0.0321)  reconst_loss: 0.0008 (0.0008)  code_loss: 0.0312 (0.0312)  weight_decay: 0.0500 (0.0500)  grad_norm: 0.0297 (0.0261)  time: 0.8381  data: 0.0001  max mem: 35168
Epoch: [15]  [1320/1416]  eta: 0:01:24  lr: 0.000051  min_lr: 0.000051  loss: 0.0320 (0.0321)  reconst_loss: 0.0008 (0.0008)  code_loss: 0.0312 (0.0312)  weight_decay: 0.0500 (0.0500)  grad_norm: 0.0239 (0.0261)  time: 0.8436  data: 0.0001  max mem: 35168
Epoch: [15]  [1330/1416]  eta: 0:01:15  lr: 0.000051  min_lr: 0.000051  loss: 0.0320 (0.0321)  reconst_loss: 0.0008 (0.0008)  code_loss: 0.0312 (0.0312)  weight_decay: 0.0500 (0.0500)  grad_norm: 0.0241 (0.0261)  time: 0.8437  data: 0.0001  max mem: 35168
Epoch: [15]  [1340/1416]  eta: 0:01:06  lr: 0.000051  min_lr: 0.000051  loss: 0.0320 (0.0321)  reconst_loss: 0.0008 (0.0008)  code_loss: 0.0312 (0.0312)  weight_decay: 0.0500 (0.0500)  grad_norm: 0.0182 (0.0261)  time: 0.8388  data: 0.0001  max mem: 35168
Epoch: [15]  [1350/1416]  eta: 0:00:57  lr: 0.000051  min_lr: 0.000051  loss: 0.0321 (0.0321)  reconst_loss: 0.0008 (0.0008)  code_loss: 0.0312 (0.0312)  weight_decay: 0.0500 (0.0500)  grad_norm: 0.0175 (0.0260)  time: 0.8383  data: 0.0001  max mem: 35168
Epoch: [15]  [1360/1416]  eta: 0:00:48  lr: 0.000051  min_lr: 0.000051  loss: 0.0320 (0.0321)  reconst_loss: 0.0008 (0.0008)  code_loss: 0.0312 (0.0312)  weight_decay: 0.0500 (0.0500)  grad_norm: 0.0151 (0.0259)  time: 0.8389  data: 0.0001  max mem: 35168
Epoch: [15]  [1370/1416]  eta: 0:00:40  lr: 0.000050  min_lr: 0.000050  loss: 0.0320 (0.0321)  reconst_loss: 0.0008 (0.0008)  code_loss: 0.0312 (0.0312)  weight_decay: 0.0500 (0.0500)  grad_norm: 0.0119 (0.0259)  time: 0.8331  data: 0.0001  max mem: 35168
Epoch: [15]  [1380/1416]  eta: 0:00:31  lr: 0.000050  min_lr: 0.000050  loss: 0.0321 (0.0321)  reconst_loss: 0.0008 (0.0008)  code_loss: 0.0312 (0.0312)  weight_decay: 0.0500 (0.0500)  grad_norm: 0.0157 (0.0259)  time: 0.8306  data: 0.0001  max mem: 35168
Epoch: [15]  [1390/1416]  eta: 0:00:22  lr: 0.000050  min_lr: 0.000050  loss: 0.0321 (0.0321)  reconst_loss: 0.0009 (0.0008)  code_loss: 0.0312 (0.0312)  weight_decay: 0.0500 (0.0500)  grad_norm: 0.0231 (0.0258)  time: 0.8349  data: 0.0001  max mem: 35168
Epoch: [15]  [1400/1416]  eta: 0:00:13  lr: 0.000050  min_lr: 0.000050  loss: 0.0320 (0.0321)  reconst_loss: 0.0008 (0.0008)  code_loss: 0.0312 (0.0312)  weight_decay: 0.0500 (0.0500)  grad_norm: 0.0198 (0.0258)  time: 0.8386  data: 0.0001  max mem: 35168
Epoch: [15]  [1410/1416]  eta: 0:00:05  lr: 0.000050  min_lr: 0.000050  loss: 0.0320 (0.0321)  reconst_loss: 0.0008 (0.0008)  code_loss: 0.0312 (0.0312)  weight_decay: 0.0500 (0.0500)  grad_norm: 0.0173 (0.0257)  time: 0.8412  data: 0.0001  max mem: 35168
Epoch: [15]  [1415/1416]  eta: 0:00:00  lr: 0.000050  min_lr: 0.000050  loss: 0.0320 (0.0321)  reconst_loss: 0.0008 (0.0008)  code_loss: 0.0312 (0.0312)  weight_decay: 0.0500 (0.0500)  grad_norm: 0.0165 (0.0257)  time: 0.8407  data: 0.0001  max mem: 35168
Epoch: [15] Total time: 0:20:36 (0.8735 s / it)
Averaged stats: lr: 0.000050  min_lr: 0.000050  loss: 0.0320 (0.0321)  reconst_loss: 0.0008 (0.0008)  code_loss: 0.0312 (0.0312)  weight_decay: 0.0500 (0.0500)  grad_norm: 0.0165 (0.0257)
[Eval]   [0/5]  eta: 0:00:23  loss: 0.0009 (0.0009)  reconst_loss: 0.0009 (0.0009)  code_loss: 0.0000 (0.0000)  time: 4.7517  data: 4.2753  max mem: 35168
[Eval]   [4/5]  eta: 0:00:01  loss: 0.0010 (0.0010)  reconst_loss: 0.0010 (0.0010)  code_loss: 0.0000 (0.0000)  time: 1.2429  data: 0.8552  max mem: 35168
[Eval]  Total time: 0:00:06 (1.2932 s / it)
Eval averaged stats: loss: 0.0010 (0.0010)  reconst_loss: 0.0010 (0.0010)  code_loss: 0.0000 (0.0000)
[Eval] Image metrics @224:  [0/5]  eta: 0:01:37    time: 19.4313  data: 4.6947  max mem: 35168
[Eval] Image metrics @224:  [4/5]  eta: 0:00:13    time: 13.8780  data: 0.9392  max mem: 35168
[Eval] Image metrics @224: Total time: 0:01:09 (13.9878 s / it)
[Eval]  Generation results: [Eval] MSE@224: 0.0017 (0.0017)  [Eval] MAE@224: 0.0086 (0.0086)  [Eval] PSNR@224: 27.7975 (27.7975)  [Eval] MS-SSIM@224: 0.9863 (0.9863)  [Eval] CodebookUsage@224: 0.6288 (0.6288)
Logged 1 eval images @ res 224
Epoch: [16]  [   0/1416]  eta: 7:00:27  lr: 0.000050  min_lr: 0.000050  loss: 0.0321 (0.0321)  reconst_loss: 0.0009 (0.0009)  code_loss: 0.0312 (0.0312)  weight_decay: 0.0500 (0.0500)  grad_norm: 0.0170 (0.0170)  time: 17.8159  data: 16.6440  max mem: 35168
Epoch: [16]  [  10/1416]  eta: 0:57:21  lr: 0.000049  min_lr: 0.000049  loss: 0.0320 (0.0321)  reconst_loss: 0.0008 (0.0008)  code_loss: 0.0312 (0.0312)  weight_decay: 0.0500 (0.0500)  grad_norm: 0.0244 (0.0250)  time: 2.4479  data: 1.5135  max mem: 35168
Epoch: [16]  [  20/1416]  eta: 0:39:24  lr: 0.000049  min_lr: 0.000049  loss: 0.0320 (0.0321)  reconst_loss: 0.0008 (0.0008)  code_loss: 0.0312 (0.0312)  weight_decay: 0.0500 (0.0500)  grad_norm: 0.0298 (0.0306)  time: 0.8874  data: 0.0007  max mem: 35168
Epoch: [16]  [  30/1416]  eta: 0:32:53  lr: 0.000049  min_lr: 0.000049  loss: 0.0320 (0.0320)  reconst_loss: 0.0008 (0.0008)  code_loss: 0.0312 (0.0312)  weight_decay: 0.0500 (0.0500)  grad_norm: 0.0327 (0.0300)  time: 0.8601  data: 0.0015  max mem: 35168
Epoch: [16]  [  40/1416]  eta: 0:29:31  lr: 0.000049  min_lr: 0.000049  loss: 0.0320 (0.0321)  reconst_loss: 0.0008 (0.0008)  code_loss: 0.0312 (0.0312)  weight_decay: 0.0500 (0.0500)  grad_norm: 0.0264 (0.0288)  time: 0.8614  data: 0.0019  max mem: 35168
Epoch: [16]  [  50/1416]  eta: 0:27:25  lr: 0.000049  min_lr: 0.000049  loss: 0.0320 (0.0321)  reconst_loss: 0.0008 (0.0008)  code_loss: 0.0312 (0.0312)  weight_decay: 0.0500 (0.0500)  grad_norm: 0.0216 (0.0269)  time: 0.8647  data: 0.0014  max mem: 35168
Epoch: [16]  [  60/1416]  eta: 0:25:56  lr: 0.000049  min_lr: 0.000049  loss: 0.0320 (0.0321)  reconst_loss: 0.0008 (0.0008)  code_loss: 0.0312 (0.0312)  weight_decay: 0.0500 (0.0500)  grad_norm: 0.0178 (0.0252)  time: 0.8618  data: 0.0008  max mem: 35168
Epoch: [16]  [  70/1416]  eta: 0:24:51  lr: 0.000048  min_lr: 0.000048  loss: 0.0320 (0.0321)  reconst_loss: 0.0008 (0.0008)  code_loss: 0.0312 (0.0312)  weight_decay: 0.0500 (0.0500)  grad_norm: 0.0154 (0.0238)  time: 0.8621  data: 0.0006  max mem: 35168
Epoch: [16]  [  80/1416]  eta: 0:24:00  lr: 0.000048  min_lr: 0.000048  loss: 0.0320 (0.0320)  reconst_loss: 0.0008 (0.0008)  code_loss: 0.0312 (0.0312)  weight_decay: 0.0500 (0.0500)  grad_norm: 0.0154 (0.0230)  time: 0.8642  data: 0.0005  max mem: 35168
Epoch: [16]  [  90/1416]  eta: 0:23:17  lr: 0.000048  min_lr: 0.000048  loss: 0.0320 (0.0321)  reconst_loss: 0.0008 (0.0008)  code_loss: 0.0312 (0.0312)  weight_decay: 0.0500 (0.0500)  grad_norm: 0.0206 (0.0233)  time: 0.8621  data: 0.0009  max mem: 35168
Epoch: [16]  [ 100/1416]  eta: 0:22:42  lr: 0.000048  min_lr: 0.000048  loss: 0.0320 (0.0320)  reconst_loss: 0.0008 (0.0008)  code_loss: 0.0312 (0.0312)  weight_decay: 0.0500 (0.0500)  grad_norm: 0.0300 (0.0239)  time: 0.8610  data: 0.0011  max mem: 35168
Epoch: [16]  [ 110/1416]  eta: 0:22:10  lr: 0.000048  min_lr: 0.000048  loss: 0.0320 (0.0320)  reconst_loss: 0.0008 (0.0008)  code_loss: 0.0312 (0.0312)  weight_decay: 0.0500 (0.0500)  grad_norm: 0.0307 (0.0244)  time: 0.8580  data: 0.0006  max mem: 35168
Epoch: [16]  [ 120/1416]  eta: 0:21:43  lr: 0.000048  min_lr: 0.000048  loss: 0.0320 (0.0320)  reconst_loss: 0.0008 (0.0008)  code_loss: 0.0312 (0.0312)  weight_decay: 0.0500 (0.0500)  grad_norm: 0.0267 (0.0248)  time: 0.8591  data: 0.0008  max mem: 35168
Epoch: [16]  [ 130/1416]  eta: 0:21:19  lr: 0.000048  min_lr: 0.000048  loss: 0.0321 (0.0320)  reconst_loss: 0.0008 (0.0008)  code_loss: 0.0312 (0.0312)  weight_decay: 0.0500 (0.0500)  grad_norm: 0.0285 (0.0251)  time: 0.8632  data: 0.0012  max mem: 35168
Epoch: [16]  [ 140/1416]  eta: 0:20:57  lr: 0.000047  min_lr: 0.000047  loss: 0.0321 (0.0320)  reconst_loss: 0.0008 (0.0008)  code_loss: 0.0312 (0.0312)  weight_decay: 0.0500 (0.0500)  grad_norm: 0.0290 (0.0252)  time: 0.8622  data: 0.0008  max mem: 35168
Epoch: [16]  [ 150/1416]  eta: 0:20:37  lr: 0.000047  min_lr: 0.000047  loss: 0.0320 (0.0320)  reconst_loss: 0.0008 (0.0008)  code_loss: 0.0312 (0.0312)  weight_decay: 0.0500 (0.0500)  grad_norm: 0.0174 (0.0246)  time: 0.8625  data: 0.0005  max mem: 35168
Epoch: [16]  [ 160/1416]  eta: 0:20:18  lr: 0.000047  min_lr: 0.000047  loss: 0.0320 (0.0320)  reconst_loss: 0.0008 (0.0008)  code_loss: 0.0312 (0.0312)  weight_decay: 0.0500 (0.0500)  grad_norm: 0.0163 (0.0242)  time: 0.8620  data: 0.0005  max mem: 35168
Epoch: [16]  [ 170/1416]  eta: 0:20:01  lr: 0.000047  min_lr: 0.000047  loss: 0.0320 (0.0320)  reconst_loss: 0.0008 (0.0008)  code_loss: 0.0312 (0.0312)  weight_decay: 0.0500 (0.0500)  grad_norm: 0.0138 (0.0236)  time: 0.8678  data: 0.0006  max mem: 35168
Epoch: [16]  [ 180/1416]  eta: 0:19:45  lr: 0.000047  min_lr: 0.000047  loss: 0.0320 (0.0320)  reconst_loss: 0.0008 (0.0008)  code_loss: 0.0312 (0.0312)  weight_decay: 0.0500 (0.0500)  grad_norm: 0.0136 (0.0237)  time: 0.8709  data: 0.0009  max mem: 35168
Epoch: [16]  [ 190/1416]  eta: 0:19:29  lr: 0.000047  min_lr: 0.000047  loss: 0.0320 (0.0320)  reconst_loss: 0.0008 (0.0008)  code_loss: 0.0312 (0.0312)  weight_decay: 0.0500 (0.0500)  grad_norm: 0.0193 (0.0235)  time: 0.8653  data: 0.0009  max mem: 35168
Epoch: [16]  [ 200/1416]  eta: 0:19:14  lr: 0.000046  min_lr: 0.000046  loss: 0.0320 (0.0320)  reconst_loss: 0.0008 (0.0008)  code_loss: 0.0312 (0.0312)  weight_decay: 0.0500 (0.0500)  grad_norm: 0.0153 (0.0233)  time: 0.8633  data: 0.0005  max mem: 35168
Epoch: [16]  [ 210/1416]  eta: 0:19:00  lr: 0.000046  min_lr: 0.000046  loss: 0.0320 (0.0320)  reconst_loss: 0.0008 (0.0008)  code_loss: 0.0312 (0.0312)  weight_decay: 0.0500 (0.0500)  grad_norm: 0.0142 (0.0229)  time: 0.8646  data: 0.0005  max mem: 35168
Epoch: [16]  [ 220/1416]  eta: 0:18:46  lr: 0.000046  min_lr: 0.000046  loss: 0.0320 (0.0320)  reconst_loss: 0.0008 (0.0008)  code_loss: 0.0312 (0.0312)  weight_decay: 0.0500 (0.0500)  grad_norm: 0.0167 (0.0228)  time: 0.8659  data: 0.0006  max mem: 35168
Epoch: [16]  [ 230/1416]  eta: 0:18:33  lr: 0.000046  min_lr: 0.000046  loss: 0.0320 (0.0320)  reconst_loss: 0.0008 (0.0008)  code_loss: 0.0312 (0.0312)  weight_decay: 0.0500 (0.0500)  grad_norm: 0.0193 (0.0226)  time: 0.8653  data: 0.0006  max mem: 35168
Epoch: [16]  [ 240/1416]  eta: 0:18:20  lr: 0.000046  min_lr: 0.000046  loss: 0.0320 (0.0320)  reconst_loss: 0.0008 (0.0008)  code_loss: 0.0312 (0.0312)  weight_decay: 0.0500 (0.0500)  grad_norm: 0.0169 (0.0224)  time: 0.8653  data: 0.0005  max mem: 35168
Epoch: [16]  [ 250/1416]  eta: 0:18:07  lr: 0.000046  min_lr: 0.000046  loss: 0.0320 (0.0320)  reconst_loss: 0.0008 (0.0008)  code_loss: 0.0312 (0.0312)  weight_decay: 0.0500 (0.0500)  grad_norm: 0.0148 (0.0223)  time: 0.8607  data: 0.0007  max mem: 35168
Epoch: [16]  [ 260/1416]  eta: 0:17:54  lr: 0.000045  min_lr: 0.000045  loss: 0.0320 (0.0320)  reconst_loss: 0.0008 (0.0008)  code_loss: 0.0312 (0.0312)  weight_decay: 0.0500 (0.0500)  grad_norm: 0.0148 (0.0221)  time: 0.8562  data: 0.0007  max mem: 35168
Epoch: [16]  [ 270/1416]  eta: 0:17:42  lr: 0.000045  min_lr: 0.000045  loss: 0.0320 (0.0320)  reconst_loss: 0.0008 (0.0008)  code_loss: 0.0312 (0.0312)  weight_decay: 0.0500 (0.0500)  grad_norm: 0.0179 (0.0222)  time: 0.8600  data: 0.0006  max mem: 35168
Epoch: [16]  [ 280/1416]  eta: 0:17:30  lr: 0.000045  min_lr: 0.000045  loss: 0.0320 (0.0320)  reconst_loss: 0.0008 (0.0008)  code_loss: 0.0312 (0.0312)  weight_decay: 0.0500 (0.0500)  grad_norm: 0.0227 (0.0222)  time: 0.8635  data: 0.0005  max mem: 35168
Epoch: [16]  [ 290/1416]  eta: 0:17:19  lr: 0.000045  min_lr: 0.000045  loss: 0.0320 (0.0320)  reconst_loss: 0.0008 (0.0008)  code_loss: 0.0312 (0.0312)  weight_decay: 0.0500 (0.0500)  grad_norm: 0.0204 (0.0221)  time: 0.8681  data: 0.0005  max mem: 35168
Epoch: [16]  [ 300/1416]  eta: 0:17:07  lr: 0.000045  min_lr: 0.000045  loss: 0.0320 (0.0320)  reconst_loss: 0.0008 (0.0008)  code_loss: 0.0312 (0.0312)  weight_decay: 0.0500 (0.0500)  grad_norm: 0.0148 (0.0219)  time: 0.8672  data: 0.0006  max mem: 35168
Epoch: [16]  [ 310/1416]  eta: 0:16:56  lr: 0.000045  min_lr: 0.000045  loss: 0.0320 (0.0320)  reconst_loss: 0.0008 (0.0008)  code_loss: 0.0312 (0.0312)  weight_decay: 0.0500 (0.0500)  grad_norm: 0.0158 (0.0221)  time: 0.8612  data: 0.0007  max mem: 35168
Epoch: [16]  [ 320/1416]  eta: 0:16:44  lr: 0.000044  min_lr: 0.000044  loss: 0.0320 (0.0320)  reconst_loss: 0.0008 (0.0008)  code_loss: 0.0312 (0.0312)  weight_decay: 0.0500 (0.0500)  grad_norm: 0.0204 (0.0222)  time: 0.8518  data: 0.0006  max mem: 35168
Epoch: [16]  [ 330/1416]  eta: 0:16:33  lr: 0.000044  min_lr: 0.000044  loss: 0.0320 (0.0320)  reconst_loss: 0.0008 (0.0008)  code_loss: 0.0312 (0.0312)  weight_decay: 0.0500 (0.0500)  grad_norm: 0.0215 (0.0221)  time: 0.8481  data: 0.0005  max mem: 35168
Epoch: [16]  [ 340/1416]  eta: 0:16:22  lr: 0.000044  min_lr: 0.000044  loss: 0.0321 (0.0320)  reconst_loss: 0.0008 (0.0008)  code_loss: 0.0312 (0.0312)  weight_decay: 0.0500 (0.0500)  grad_norm: 0.0181 (0.0220)  time: 0.8613  data: 0.0007  max mem: 35168
Epoch: [16]  [ 350/1416]  eta: 0:16:12  lr: 0.000044  min_lr: 0.000044  loss: 0.0320 (0.0320)  reconst_loss: 0.0008 (0.0008)  code_loss: 0.0312 (0.0312)  weight_decay: 0.0500 (0.0500)  grad_norm: 0.0207 (0.0221)  time: 0.8675  data: 0.0011  max mem: 35168
Epoch: [16]  [ 360/1416]  eta: 0:16:01  lr: 0.000044  min_lr: 0.000044  loss: 0.0320 (0.0320)  reconst_loss: 0.0008 (0.0008)  code_loss: 0.0312 (0.0312)  weight_decay: 0.0500 (0.0500)  grad_norm: 0.0252 (0.0221)  time: 0.8636  data: 0.0011  max mem: 35168
Epoch: [16]  [ 370/1416]  eta: 0:15:51  lr: 0.000044  min_lr: 0.000044  loss: 0.0320 (0.0320)  reconst_loss: 0.0008 (0.0008)  code_loss: 0.0312 (0.0312)  weight_decay: 0.0500 (0.0500)  grad_norm: 0.0191 (0.0221)  time: 0.8648  data: 0.0006  max mem: 35168
Epoch: [16]  [ 380/1416]  eta: 0:15:41  lr: 0.000044  min_lr: 0.000044  loss: 0.0321 (0.0320)  reconst_loss: 0.0008 (0.0008)  code_loss: 0.0312 (0.0312)  weight_decay: 0.0500 (0.0500)  grad_norm: 0.0183 (0.0220)  time: 0.8655  data: 0.0005  max mem: 35168
Epoch: [16]  [ 390/1416]  eta: 0:15:30  lr: 0.000043  min_lr: 0.000043  loss: 0.0321 (0.0320)  reconst_loss: 0.0008 (0.0008)  code_loss: 0.0312 (0.0312)  weight_decay: 0.0500 (0.0500)  grad_norm: 0.0201 (0.0221)  time: 0.8663  data: 0.0005  max mem: 35168
Epoch: [16]  [ 400/1416]  eta: 0:15:20  lr: 0.000043  min_lr: 0.000043  loss: 0.0320 (0.0320)  reconst_loss: 0.0008 (0.0008)  code_loss: 0.0312 (0.0312)  weight_decay: 0.0500 (0.0500)  grad_norm: 0.0295 (0.0224)  time: 0.8631  data: 0.0007  max mem: 35168
Epoch: [16]  [ 410/1416]  eta: 0:15:10  lr: 0.000043  min_lr: 0.000043  loss: 0.0320 (0.0320)  reconst_loss: 0.0008 (0.0008)  code_loss: 0.0312 (0.0312)  weight_decay: 0.0500 (0.0500)  grad_norm: 0.0189 (0.0223)  time: 0.8593  data: 0.0007  max mem: 35168
Epoch: [16]  [ 420/1416]  eta: 0:15:00  lr: 0.000043  min_lr: 0.000043  loss: 0.0320 (0.0320)  reconst_loss: 0.0008 (0.0008)  code_loss: 0.0312 (0.0312)  weight_decay: 0.0500 (0.0500)  grad_norm: 0.0154 (0.0222)  time: 0.8621  data: 0.0005  max mem: 35168
Epoch: [16]  [ 430/1416]  eta: 0:14:50  lr: 0.000043  min_lr: 0.000043  loss: 0.0320 (0.0320)  reconst_loss: 0.0008 (0.0008)  code_loss: 0.0312 (0.0312)  weight_decay: 0.0500 (0.0500)  grad_norm: 0.0154 (0.0220)  time: 0.8651  data: 0.0005  max mem: 35168
Epoch: [16]  [ 440/1416]  eta: 0:14:40  lr: 0.000043  min_lr: 0.000043  loss: 0.0320 (0.0320)  reconst_loss: 0.0008 (0.0008)  code_loss: 0.0312 (0.0312)  weight_decay: 0.0500 (0.0500)  grad_norm: 0.0183 (0.0220)  time: 0.8705  data: 0.0005  max mem: 35168
Epoch: [16]  [ 450/1416]  eta: 0:14:31  lr: 0.000042  min_lr: 0.000042  loss: 0.0320 (0.0320)  reconst_loss: 0.0008 (0.0008)  code_loss: 0.0312 (0.0312)  weight_decay: 0.0500 (0.0500)  grad_norm: 0.0205 (0.0221)  time: 0.8695  data: 0.0006  max mem: 35168
Epoch: [16]  [ 460/1416]  eta: 0:14:21  lr: 0.000042  min_lr: 0.000042  loss: 0.0320 (0.0320)  reconst_loss: 0.0008 (0.0008)  code_loss: 0.0312 (0.0312)  weight_decay: 0.0500 (0.0500)  grad_norm: 0.0197 (0.0220)  time: 0.8634  data: 0.0007  max mem: 35168
Epoch: [16]  [ 470/1416]  eta: 0:14:11  lr: 0.000042  min_lr: 0.000042  loss: 0.0321 (0.0320)  reconst_loss: 0.0008 (0.0008)  code_loss: 0.0312 (0.0312)  weight_decay: 0.0500 (0.0500)  grad_norm: 0.0186 (0.0219)  time: 0.8624  data: 0.0008  max mem: 35168
Epoch: [16]  [ 480/1416]  eta: 0:14:01  lr: 0.000042  min_lr: 0.000042  loss: 0.0320 (0.0320)  reconst_loss: 0.0008 (0.0008)  code_loss: 0.0312 (0.0312)  weight_decay: 0.0500 (0.0500)  grad_norm: 0.0142 (0.0218)  time: 0.8668  data: 0.0009  max mem: 35168
Epoch: [16]  [ 490/1416]  eta: 0:13:52  lr: 0.000042  min_lr: 0.000042  loss: 0.0320 (0.0320)  reconst_loss: 0.0008 (0.0008)  code_loss: 0.0312 (0.0312)  weight_decay: 0.0500 (0.0500)  grad_norm: 0.0142 (0.0217)  time: 0.8700  data: 0.0005  max mem: 35168
Epoch: [16]  [ 500/1416]  eta: 0:13:42  lr: 0.000042  min_lr: 0.000042  loss: 0.0321 (0.0320)  reconst_loss: 0.0008 (0.0008)  code_loss: 0.0312 (0.0312)  weight_decay: 0.0500 (0.0500)  grad_norm: 0.0158 (0.0216)  time: 0.8676  data: 0.0003  max mem: 35168
Epoch: [16]  [ 510/1416]  eta: 0:13:33  lr: 0.000042  min_lr: 0.000042  loss: 0.0321 (0.0320)  reconst_loss: 0.0008 (0.0008)  code_loss: 0.0312 (0.0312)  weight_decay: 0.0500 (0.0500)  grad_norm: 0.0134 (0.0214)  time: 0.8649  data: 0.0003  max mem: 35168
Epoch: [16]  [ 520/1416]  eta: 0:13:23  lr: 0.000041  min_lr: 0.000041  loss: 0.0320 (0.0320)  reconst_loss: 0.0008 (0.0008)  code_loss: 0.0312 (0.0312)  weight_decay: 0.0500 (0.0500)  grad_norm: 0.0132 (0.0213)  time: 0.8647  data: 0.0004  max mem: 35168
Epoch: [16]  [ 530/1416]  eta: 0:13:13  lr: 0.000041  min_lr: 0.000041  loss: 0.0320 (0.0320)  reconst_loss: 0.0008 (0.0008)  code_loss: 0.0312 (0.0312)  weight_decay: 0.0500 (0.0500)  grad_norm: 0.0152 (0.0213)  time: 0.8616  data: 0.0005  max mem: 35168
Epoch: [16]  [ 540/1416]  eta: 0:13:04  lr: 0.000041  min_lr: 0.000041  loss: 0.0320 (0.0320)  reconst_loss: 0.0008 (0.0008)  code_loss: 0.0312 (0.0312)  weight_decay: 0.0500 (0.0500)  grad_norm: 0.0150 (0.0211)  time: 0.8594  data: 0.0004  max mem: 35168
Epoch: [16]  [ 550/1416]  eta: 0:12:55  lr: 0.000041  min_lr: 0.000041  loss: 0.0320 (0.0320)  reconst_loss: 0.0008 (0.0008)  code_loss: 0.0312 (0.0312)  weight_decay: 0.0500 (0.0500)  grad_norm: 0.0132 (0.0210)  time: 0.8636  data: 0.0004  max mem: 35168
Epoch: [16]  [ 560/1416]  eta: 0:12:45  lr: 0.000041  min_lr: 0.000041  loss: 0.0320 (0.0320)  reconst_loss: 0.0008 (0.0008)  code_loss: 0.0312 (0.0312)  weight_decay: 0.0500 (0.0500)  grad_norm: 0.0151 (0.0209)  time: 0.8645  data: 0.0005  max mem: 35168
Epoch: [16]  [ 570/1416]  eta: 0:12:36  lr: 0.000041  min_lr: 0.000041  loss: 0.0320 (0.0320)  reconst_loss: 0.0008 (0.0008)  code_loss: 0.0312 (0.0312)  weight_decay: 0.0500 (0.0500)  grad_norm: 0.0162 (0.0209)  time: 0.8618  data: 0.0006  max mem: 35168
Epoch: [16]  [ 580/1416]  eta: 0:12:26  lr: 0.000040  min_lr: 0.000040  loss: 0.0320 (0.0320)  reconst_loss: 0.0008 (0.0008)  code_loss: 0.0312 (0.0312)  weight_decay: 0.0500 (0.0500)  grad_norm: 0.0172 (0.0210)  time: 0.8637  data: 0.0004  max mem: 35168
Epoch: [16]  [ 590/1416]  eta: 0:12:17  lr: 0.000040  min_lr: 0.000040  loss: 0.0320 (0.0320)  reconst_loss: 0.0008 (0.0008)  code_loss: 0.0312 (0.0312)  weight_decay: 0.0500 (0.0500)  grad_norm: 0.0172 (0.0209)  time: 0.8657  data: 0.0004  max mem: 35168
Epoch: [16]  [ 600/1416]  eta: 0:12:08  lr: 0.000040  min_lr: 0.000040  loss: 0.0320 (0.0320)  reconst_loss: 0.0008 (0.0008)  code_loss: 0.0312 (0.0312)  weight_decay: 0.0500 (0.0500)  grad_norm: 0.0186 (0.0210)  time: 0.8640  data: 0.0005  max mem: 35168
Epoch: [16]  [ 610/1416]  eta: 0:11:58  lr: 0.000040  min_lr: 0.000040  loss: 0.0320 (0.0320)  reconst_loss: 0.0008 (0.0008)  code_loss: 0.0312 (0.0312)  weight_decay: 0.0500 (0.0500)  grad_norm: 0.0235 (0.0211)  time: 0.8619  data: 0.0005  max mem: 35168
Epoch: [16]  [ 620/1416]  eta: 0:11:49  lr: 0.000040  min_lr: 0.000040  loss: 0.0320 (0.0320)  reconst_loss: 0.0008 (0.0008)  code_loss: 0.0312 (0.0312)  weight_decay: 0.0500 (0.0500)  grad_norm: 0.0288 (0.0213)  time: 0.8647  data: 0.0005  max mem: 35168
Epoch: [16]  [ 630/1416]  eta: 0:11:40  lr: 0.000040  min_lr: 0.000040  loss: 0.0320 (0.0320)  reconst_loss: 0.0007 (0.0008)  code_loss: 0.0312 (0.0312)  weight_decay: 0.0500 (0.0500)  grad_norm: 0.0399 (0.0215)  time: 0.8703  data: 0.0005  max mem: 35168
Epoch: [16]  [ 640/1416]  eta: 0:11:31  lr: 0.000040  min_lr: 0.000040  loss: 0.0320 (0.0320)  reconst_loss: 0.0008 (0.0008)  code_loss: 0.0312 (0.0312)  weight_decay: 0.0500 (0.0500)  grad_norm: 0.0398 (0.0217)  time: 0.8705  data: 0.0004  max mem: 35168
Epoch: [16]  [ 650/1416]  eta: 0:11:22  lr: 0.000039  min_lr: 0.000039  loss: 0.0320 (0.0320)  reconst_loss: 0.0008 (0.0008)  code_loss: 0.0312 (0.0312)  weight_decay: 0.0500 (0.0500)  grad_norm: 0.0206 (0.0217)  time: 0.8682  data: 0.0004  max mem: 35168
Epoch: [16]  [ 660/1416]  eta: 0:11:12  lr: 0.000039  min_lr: 0.000039  loss: 0.0320 (0.0320)  reconst_loss: 0.0008 (0.0008)  code_loss: 0.0312 (0.0312)  weight_decay: 0.0500 (0.0500)  grad_norm: 0.0184 (0.0216)  time: 0.8618  data: 0.0003  max mem: 35168
Epoch: [16]  [ 670/1416]  eta: 0:11:03  lr: 0.000039  min_lr: 0.000039  loss: 0.0320 (0.0320)  reconst_loss: 0.0008 (0.0008)  code_loss: 0.0312 (0.0312)  weight_decay: 0.0500 (0.0500)  grad_norm: 0.0175 (0.0216)  time: 0.8598  data: 0.0004  max mem: 35168
Epoch: [16]  [ 680/1416]  eta: 0:10:54  lr: 0.000039  min_lr: 0.000039  loss: 0.0320 (0.0320)  reconst_loss: 0.0008 (0.0008)  code_loss: 0.0312 (0.0312)  weight_decay: 0.0500 (0.0500)  grad_norm: 0.0175 (0.0215)  time: 0.8647  data: 0.0006  max mem: 35168
Epoch: [16]  [ 690/1416]  eta: 0:10:45  lr: 0.000039  min_lr: 0.000039  loss: 0.0320 (0.0320)  reconst_loss: 0.0008 (0.0008)  code_loss: 0.0312 (0.0312)  weight_decay: 0.0500 (0.0500)  grad_norm: 0.0143 (0.0214)  time: 0.8690  data: 0.0005  max mem: 35168
Epoch: [16]  [ 700/1416]  eta: 0:10:36  lr: 0.000039  min_lr: 0.000039  loss: 0.0321 (0.0320)  reconst_loss: 0.0008 (0.0008)  code_loss: 0.0312 (0.0312)  weight_decay: 0.0500 (0.0500)  grad_norm: 0.0131 (0.0213)  time: 0.8689  data: 0.0005  max mem: 35168
Epoch: [16]  [ 710/1416]  eta: 0:10:27  lr: 0.000038  min_lr: 0.000038  loss: 0.0321 (0.0320)  reconst_loss: 0.0008 (0.0008)  code_loss: 0.0312 (0.0312)  weight_decay: 0.0500 (0.0500)  grad_norm: 0.0149 (0.0213)  time: 0.8647  data: 0.0005  max mem: 35168
Epoch: [16]  [ 720/1416]  eta: 0:10:17  lr: 0.000038  min_lr: 0.000038  loss: 0.0321 (0.0320)  reconst_loss: 0.0008 (0.0008)  code_loss: 0.0312 (0.0312)  weight_decay: 0.0500 (0.0500)  grad_norm: 0.0244 (0.0214)  time: 0.8626  data: 0.0004  max mem: 35168
Epoch: [16]  [ 730/1416]  eta: 0:10:08  lr: 0.000038  min_lr: 0.000038  loss: 0.0321 (0.0320)  reconst_loss: 0.0008 (0.0008)  code_loss: 0.0312 (0.0312)  weight_decay: 0.0500 (0.0500)  grad_norm: 0.0268 (0.0215)  time: 0.8653  data: 0.0005  max mem: 35168
Epoch: [16]  [ 740/1416]  eta: 0:09:59  lr: 0.000038  min_lr: 0.000038  loss: 0.0321 (0.0320)  reconst_loss: 0.0008 (0.0008)  code_loss: 0.0312 (0.0312)  weight_decay: 0.0500 (0.0500)  grad_norm: 0.0229 (0.0215)  time: 0.8679  data: 0.0005  max mem: 35168
Epoch: [16]  [ 750/1416]  eta: 0:09:50  lr: 0.000038  min_lr: 0.000038  loss: 0.0320 (0.0320)  reconst_loss: 0.0008 (0.0008)  code_loss: 0.0312 (0.0312)  weight_decay: 0.0500 (0.0500)  grad_norm: 0.0202 (0.0215)  time: 0.8686  data: 0.0006  max mem: 35168
Epoch: [16]  [ 760/1416]  eta: 0:09:41  lr: 0.000038  min_lr: 0.000038  loss: 0.0320 (0.0320)  reconst_loss: 0.0008 (0.0008)  code_loss: 0.0312 (0.0312)  weight_decay: 0.0500 (0.0500)  grad_norm: 0.0173 (0.0214)  time: 0.8663  data: 0.0005  max mem: 35168
Epoch: [16]  [ 770/1416]  eta: 0:09:32  lr: 0.000038  min_lr: 0.000038  loss: 0.0320 (0.0320)  reconst_loss: 0.0008 (0.0008)  code_loss: 0.0312 (0.0312)  weight_decay: 0.0500 (0.0500)  grad_norm: 0.0112 (0.0212)  time: 0.8630  data: 0.0004  max mem: 35168
Epoch: [16]  [ 780/1416]  eta: 0:09:23  lr: 0.000037  min_lr: 0.000037  loss: 0.0320 (0.0320)  reconst_loss: 0.0008 (0.0008)  code_loss: 0.0312 (0.0312)  weight_decay: 0.0500 (0.0500)  grad_norm: 0.0115 (0.0212)  time: 0.8680  data: 0.0004  max mem: 35168
Epoch: [16]  [ 790/1416]  eta: 0:09:14  lr: 0.000037  min_lr: 0.000037  loss: 0.0320 (0.0320)  reconst_loss: 0.0008 (0.0008)  code_loss: 0.0312 (0.0312)  weight_decay: 0.0500 (0.0500)  grad_norm: 0.0209 (0.0212)  time: 0.8700  data: 0.0004  max mem: 35168
Epoch: [16]  [ 800/1416]  eta: 0:09:05  lr: 0.000037  min_lr: 0.000037  loss: 0.0320 (0.0320)  reconst_loss: 0.0008 (0.0008)  code_loss: 0.0313 (0.0312)  weight_decay: 0.0500 (0.0500)  grad_norm: 0.0278 (0.0213)  time: 0.8656  data: 0.0006  max mem: 35168
Epoch: [16]  [ 810/1416]  eta: 0:08:56  lr: 0.000037  min_lr: 0.000037  loss: 0.0321 (0.0320)  reconst_loss: 0.0008 (0.0008)  code_loss: 0.0313 (0.0312)  weight_decay: 0.0500 (0.0500)  grad_norm: 0.0140 (0.0212)  time: 0.8637  data: 0.0006  max mem: 35168
Epoch: [16]  [ 820/1416]  eta: 0:08:47  lr: 0.000037  min_lr: 0.000037  loss: 0.0320 (0.0320)  reconst_loss: 0.0008 (0.0008)  code_loss: 0.0313 (0.0312)  weight_decay: 0.0500 (0.0500)  grad_norm: 0.0111 (0.0210)  time: 0.8656  data: 0.0004  max mem: 35168
Epoch: [16]  [ 830/1416]  eta: 0:08:38  lr: 0.000037  min_lr: 0.000037  loss: 0.0320 (0.0320)  reconst_loss: 0.0008 (0.0008)  code_loss: 0.0313 (0.0312)  weight_decay: 0.0500 (0.0500)  grad_norm: 0.0128 (0.0210)  time: 0.8694  data: 0.0003  max mem: 35168
Epoch: [16]  [ 840/1416]  eta: 0:08:29  lr: 0.000037  min_lr: 0.000037  loss: 0.0320 (0.0320)  reconst_loss: 0.0008 (0.0008)  code_loss: 0.0313 (0.0312)  weight_decay: 0.0500 (0.0500)  grad_norm: 0.0155 (0.0209)  time: 0.8724  data: 0.0007  max mem: 35168
Epoch: [16]  [ 850/1416]  eta: 0:08:20  lr: 0.000036  min_lr: 0.000036  loss: 0.0320 (0.0320)  reconst_loss: 0.0008 (0.0008)  code_loss: 0.0313 (0.0312)  weight_decay: 0.0500 (0.0500)  grad_norm: 0.0138 (0.0209)  time: 0.8729  data: 0.0009  max mem: 35168
Epoch: [16]  [ 860/1416]  eta: 0:08:11  lr: 0.000036  min_lr: 0.000036  loss: 0.0320 (0.0320)  reconst_loss: 0.0008 (0.0008)  code_loss: 0.0313 (0.0312)  weight_decay: 0.0500 (0.0500)  grad_norm: 0.0131 (0.0208)  time: 0.8700  data: 0.0006  max mem: 35168
Epoch: [16]  [ 870/1416]  eta: 0:08:02  lr: 0.000036  min_lr: 0.000036  loss: 0.0320 (0.0320)  reconst_loss: 0.0008 (0.0008)  code_loss: 0.0313 (0.0312)  weight_decay: 0.0500 (0.0500)  grad_norm: 0.0127 (0.0207)  time: 0.8632  data: 0.0003  max mem: 35168
Epoch: [16]  [ 880/1416]  eta: 0:07:53  lr: 0.000036  min_lr: 0.000036  loss: 0.0320 (0.0320)  reconst_loss: 0.0008 (0.0008)  code_loss: 0.0313 (0.0312)  weight_decay: 0.0500 (0.0500)  grad_norm: 0.0131 (0.0207)  time: 0.8616  data: 0.0005  max mem: 35168
Epoch: [16]  [ 890/1416]  eta: 0:07:44  lr: 0.000036  min_lr: 0.000036  loss: 0.0320 (0.0320)  reconst_loss: 0.0008 (0.0008)  code_loss: 0.0313 (0.0312)  weight_decay: 0.0500 (0.0500)  grad_norm: 0.0170 (0.0206)  time: 0.8620  data: 0.0006  max mem: 35168
Epoch: [16]  [ 900/1416]  eta: 0:07:35  lr: 0.000036  min_lr: 0.000036  loss: 0.0320 (0.0320)  reconst_loss: 0.0008 (0.0008)  code_loss: 0.0313 (0.0312)  weight_decay: 0.0500 (0.0500)  grad_norm: 0.0172 (0.0206)  time: 0.8638  data: 0.0005  max mem: 35168
Epoch: [16]  [ 910/1416]  eta: 0:07:27  lr: 0.000036  min_lr: 0.000036  loss: 0.0321 (0.0320)  reconst_loss: 0.0008 (0.0008)  code_loss: 0.0313 (0.0312)  weight_decay: 0.0500 (0.0500)  grad_norm: 0.0149 (0.0205)  time: 0.8664  data: 0.0008  max mem: 35168
Epoch: [16]  [ 920/1416]  eta: 0:07:18  lr: 0.000035  min_lr: 0.000035  loss: 0.0320 (0.0320)  reconst_loss: 0.0008 (0.0008)  code_loss: 0.0313 (0.0312)  weight_decay: 0.0500 (0.0500)  grad_norm: 0.0150 (0.0205)  time: 0.8656  data: 0.0008  max mem: 35168
Epoch: [16]  [ 930/1416]  eta: 0:07:09  lr: 0.000035  min_lr: 0.000035  loss: 0.0320 (0.0320)  reconst_loss: 0.0008 (0.0008)  code_loss: 0.0313 (0.0312)  weight_decay: 0.0500 (0.0500)  grad_norm: 0.0159 (0.0204)  time: 0.8630  data: 0.0004  max mem: 35168
Epoch: [16]  [ 940/1416]  eta: 0:07:00  lr: 0.000035  min_lr: 0.000035  loss: 0.0320 (0.0320)  reconst_loss: 0.0008 (0.0008)  code_loss: 0.0313 (0.0312)  weight_decay: 0.0500 (0.0500)  grad_norm: 0.0143 (0.0204)  time: 0.8604  data: 0.0004  max mem: 35168
Epoch: [16]  [ 950/1416]  eta: 0:06:51  lr: 0.000035  min_lr: 0.000035  loss: 0.0320 (0.0320)  reconst_loss: 0.0008 (0.0008)  code_loss: 0.0313 (0.0312)  weight_decay: 0.0500 (0.0500)  grad_norm: 0.0118 (0.0203)  time: 0.8628  data: 0.0004  max mem: 35168
Epoch: [16]  [ 960/1416]  eta: 0:06:42  lr: 0.000035  min_lr: 0.000035  loss: 0.0321 (0.0320)  reconst_loss: 0.0008 (0.0008)  code_loss: 0.0313 (0.0312)  weight_decay: 0.0500 (0.0500)  grad_norm: 0.0127 (0.0203)  time: 0.8644  data: 0.0004  max mem: 35168
Epoch: [16]  [ 970/1416]  eta: 0:06:33  lr: 0.000035  min_lr: 0.000035  loss: 0.0321 (0.0320)  reconst_loss: 0.0008 (0.0008)  code_loss: 0.0313 (0.0312)  weight_decay: 0.0500 (0.0500)  grad_norm: 0.0174 (0.0203)  time: 0.8676  data: 0.0002  max mem: 35168
Epoch: [16]  [ 980/1416]  eta: 0:06:24  lr: 0.000035  min_lr: 0.000035  loss: 0.0320 (0.0320)  reconst_loss: 0.0007 (0.0008)  code_loss: 0.0313 (0.0312)  weight_decay: 0.0500 (0.0500)  grad_norm: 0.0136 (0.0202)  time: 0.8697  data: 0.0003  max mem: 35168
Epoch: [16]  [ 990/1416]  eta: 0:06:15  lr: 0.000034  min_lr: 0.000034  loss: 0.0320 (0.0320)  reconst_loss: 0.0008 (0.0008)  code_loss: 0.0313 (0.0312)  weight_decay: 0.0500 (0.0500)  grad_norm: 0.0127 (0.0202)  time: 0.8674  data: 0.0004  max mem: 35168
Epoch: [16]  [1000/1416]  eta: 0:06:06  lr: 0.000034  min_lr: 0.000034  loss: 0.0320 (0.0320)  reconst_loss: 0.0008 (0.0008)  code_loss: 0.0313 (0.0312)  weight_decay: 0.0500 (0.0500)  grad_norm: 0.0127 (0.0201)  time: 0.8638  data: 0.0004  max mem: 35168
Epoch: [16]  [1010/1416]  eta: 0:05:57  lr: 0.000034  min_lr: 0.000034  loss: 0.0320 (0.0320)  reconst_loss: 0.0008 (0.0008)  code_loss: 0.0313 (0.0312)  weight_decay: 0.0500 (0.0500)  grad_norm: 0.0118 (0.0201)  time: 0.8635  data: 0.0004  max mem: 35168
Epoch: [16]  [1020/1416]  eta: 0:05:49  lr: 0.000034  min_lr: 0.000034  loss: 0.0320 (0.0320)  reconst_loss: 0.0008 (0.0008)  code_loss: 0.0313 (0.0312)  weight_decay: 0.0500 (0.0500)  grad_norm: 0.0102 (0.0200)  time: 0.8617  data: 0.0004  max mem: 35168
Epoch: [16]  [1030/1416]  eta: 0:05:40  lr: 0.000034  min_lr: 0.000034  loss: 0.0320 (0.0320)  reconst_loss: 0.0008 (0.0008)  code_loss: 0.0313 (0.0312)  weight_decay: 0.0500 (0.0500)  grad_norm: 0.0142 (0.0200)  time: 0.8568  data: 0.0004  max mem: 35168
Epoch: [16]  [1040/1416]  eta: 0:05:31  lr: 0.000034  min_lr: 0.000034  loss: 0.0320 (0.0320)  reconst_loss: 0.0008 (0.0008)  code_loss: 0.0313 (0.0312)  weight_decay: 0.0500 (0.0500)  grad_norm: 0.0160 (0.0200)  time: 0.8587  data: 0.0006  max mem: 35168
Epoch: [16]  [1050/1416]  eta: 0:05:22  lr: 0.000034  min_lr: 0.000034  loss: 0.0320 (0.0320)  reconst_loss: 0.0008 (0.0008)  code_loss: 0.0313 (0.0312)  weight_decay: 0.0500 (0.0500)  grad_norm: 0.0147 (0.0200)  time: 0.8609  data: 0.0007  max mem: 35168
Epoch: [16]  [1060/1416]  eta: 0:05:13  lr: 0.000033  min_lr: 0.000033  loss: 0.0320 (0.0320)  reconst_loss: 0.0008 (0.0008)  code_loss: 0.0313 (0.0312)  weight_decay: 0.0500 (0.0500)  grad_norm: 0.0128 (0.0199)  time: 0.8609  data: 0.0005  max mem: 35168
Epoch: [16]  [1070/1416]  eta: 0:05:04  lr: 0.000033  min_lr: 0.000033  loss: 0.0320 (0.0320)  reconst_loss: 0.0008 (0.0008)  code_loss: 0.0313 (0.0312)  weight_decay: 0.0500 (0.0500)  grad_norm: 0.0112 (0.0198)  time: 0.8641  data: 0.0005  max mem: 35168
Epoch: [16]  [1080/1416]  eta: 0:04:55  lr: 0.000033  min_lr: 0.000033  loss: 0.0321 (0.0320)  reconst_loss: 0.0008 (0.0008)  code_loss: 0.0313 (0.0312)  weight_decay: 0.0500 (0.0500)  grad_norm: 0.0098 (0.0197)  time: 0.8637  data: 0.0005  max mem: 35168
Epoch: [16]  [1090/1416]  eta: 0:04:46  lr: 0.000033  min_lr: 0.000033  loss: 0.0320 (0.0320)  reconst_loss: 0.0008 (0.0008)  code_loss: 0.0313 (0.0312)  weight_decay: 0.0500 (0.0500)  grad_norm: 0.0095 (0.0197)  time: 0.8637  data: 0.0006  max mem: 35168
Epoch: [16]  [1100/1416]  eta: 0:04:38  lr: 0.000033  min_lr: 0.000033  loss: 0.0320 (0.0320)  reconst_loss: 0.0008 (0.0008)  code_loss: 0.0313 (0.0312)  weight_decay: 0.0500 (0.0500)  grad_norm: 0.0114 (0.0196)  time: 0.8640  data: 0.0006  max mem: 35168
Epoch: [16]  [1110/1416]  eta: 0:04:29  lr: 0.000033  min_lr: 0.000033  loss: 0.0321 (0.0320)  reconst_loss: 0.0008 (0.0008)  code_loss: 0.0313 (0.0312)  weight_decay: 0.0500 (0.0500)  grad_norm: 0.0180 (0.0196)  time: 0.8647  data: 0.0004  max mem: 35168
Epoch: [16]  [1120/1416]  eta: 0:04:20  lr: 0.000033  min_lr: 0.000033  loss: 0.0321 (0.0320)  reconst_loss: 0.0008 (0.0008)  code_loss: 0.0313 (0.0312)  weight_decay: 0.0500 (0.0500)  grad_norm: 0.0174 (0.0196)  time: 0.8646  data: 0.0005  max mem: 35168
Epoch: [16]  [1130/1416]  eta: 0:04:11  lr: 0.000032  min_lr: 0.000032  loss: 0.0321 (0.0320)  reconst_loss: 0.0008 (0.0008)  code_loss: 0.0313 (0.0312)  weight_decay: 0.0500 (0.0500)  grad_norm: 0.0144 (0.0196)  time: 0.8629  data: 0.0007  max mem: 35168
Epoch: [16]  [1140/1416]  eta: 0:04:02  lr: 0.000032  min_lr: 0.000032  loss: 0.0320 (0.0320)  reconst_loss: 0.0008 (0.0008)  code_loss: 0.0313 (0.0312)  weight_decay: 0.0500 (0.0500)  grad_norm: 0.0145 (0.0195)  time: 0.8638  data: 0.0007  max mem: 35168
Epoch: [16]  [1150/1416]  eta: 0:03:53  lr: 0.000032  min_lr: 0.000032  loss: 0.0320 (0.0320)  reconst_loss: 0.0008 (0.0008)  code_loss: 0.0313 (0.0312)  weight_decay: 0.0500 (0.0500)  grad_norm: 0.0170 (0.0195)  time: 0.8628  data: 0.0007  max mem: 35168
Epoch: [16]  [1160/1416]  eta: 0:03:45  lr: 0.000032  min_lr: 0.000032  loss: 0.0320 (0.0320)  reconst_loss: 0.0007 (0.0008)  code_loss: 0.0313 (0.0312)  weight_decay: 0.0500 (0.0500)  grad_norm: 0.0167 (0.0195)  time: 0.8624  data: 0.0005  max mem: 35168
Epoch: [16]  [1170/1416]  eta: 0:03:36  lr: 0.000032  min_lr: 0.000032  loss: 0.0320 (0.0320)  reconst_loss: 0.0007 (0.0008)  code_loss: 0.0313 (0.0313)  weight_decay: 0.0500 (0.0500)  grad_norm: 0.0141 (0.0194)  time: 0.8661  data: 0.0003  max mem: 35168
Epoch: [16]  [1180/1416]  eta: 0:03:27  lr: 0.000032  min_lr: 0.000032  loss: 0.0321 (0.0320)  reconst_loss: 0.0008 (0.0008)  code_loss: 0.0313 (0.0313)  weight_decay: 0.0500 (0.0500)  grad_norm: 0.0149 (0.0195)  time: 0.8674  data: 0.0003  max mem: 35168
Epoch: [16]  [1190/1416]  eta: 0:03:18  lr: 0.000032  min_lr: 0.000032  loss: 0.0320 (0.0320)  reconst_loss: 0.0008 (0.0008)  code_loss: 0.0313 (0.0313)  weight_decay: 0.0500 (0.0500)  grad_norm: 0.0172 (0.0194)  time: 0.8645  data: 0.0004  max mem: 35168
Epoch: [16]  [1200/1416]  eta: 0:03:09  lr: 0.000032  min_lr: 0.000032  loss: 0.0320 (0.0320)  reconst_loss: 0.0008 (0.0008)  code_loss: 0.0313 (0.0313)  weight_decay: 0.0500 (0.0500)  grad_norm: 0.0123 (0.0194)  time: 0.8564  data: 0.0017  max mem: 35168
Epoch: [16]  [1210/1416]  eta: 0:03:00  lr: 0.000031  min_lr: 0.000031  loss: 0.0320 (0.0320)  reconst_loss: 0.0008 (0.0008)  code_loss: 0.0313 (0.0313)  weight_decay: 0.0500 (0.0500)  grad_norm: 0.0103 (0.0193)  time: 0.8444  data: 0.0015  max mem: 35168
Epoch: [16]  [1220/1416]  eta: 0:02:52  lr: 0.000031  min_lr: 0.000031  loss: 0.0321 (0.0320)  reconst_loss: 0.0008 (0.0008)  code_loss: 0.0313 (0.0313)  weight_decay: 0.0500 (0.0500)  grad_norm: 0.0143 (0.0193)  time: 0.8345  data: 0.0001  max mem: 35168
Epoch: [16]  [1230/1416]  eta: 0:02:43  lr: 0.000031  min_lr: 0.000031  loss: 0.0321 (0.0320)  reconst_loss: 0.0008 (0.0008)  code_loss: 0.0313 (0.0313)  weight_decay: 0.0500 (0.0500)  grad_norm: 0.0152 (0.0192)  time: 0.8338  data: 0.0001  max mem: 35168
Epoch: [16]  [1240/1416]  eta: 0:02:34  lr: 0.000031  min_lr: 0.000031  loss: 0.0320 (0.0320)  reconst_loss: 0.0008 (0.0008)  code_loss: 0.0313 (0.0313)  weight_decay: 0.0500 (0.0500)  grad_norm: 0.0154 (0.0192)  time: 0.8359  data: 0.0001  max mem: 35168
Epoch: [16]  [1250/1416]  eta: 0:02:25  lr: 0.000031  min_lr: 0.000031  loss: 0.0320 (0.0320)  reconst_loss: 0.0008 (0.0008)  code_loss: 0.0313 (0.0313)  weight_decay: 0.0500 (0.0500)  grad_norm: 0.0200 (0.0193)  time: 0.8390  data: 0.0001  max mem: 35168
Epoch: [16]  [1260/1416]  eta: 0:02:16  lr: 0.000031  min_lr: 0.000031  loss: 0.0320 (0.0320)  reconst_loss: 0.0008 (0.0008)  code_loss: 0.0313 (0.0313)  weight_decay: 0.0500 (0.0500)  grad_norm: 0.0259 (0.0193)  time: 0.8406  data: 0.0001  max mem: 35168
Epoch: [16]  [1270/1416]  eta: 0:02:07  lr: 0.000031  min_lr: 0.000031  loss: 0.0321 (0.0320)  reconst_loss: 0.0008 (0.0008)  code_loss: 0.0313 (0.0313)  weight_decay: 0.0500 (0.0500)  grad_norm: 0.0207 (0.0193)  time: 0.8419  data: 0.0001  max mem: 35168
Epoch: [16]  [1280/1416]  eta: 0:01:59  lr: 0.000030  min_lr: 0.000030  loss: 0.0321 (0.0320)  reconst_loss: 0.0008 (0.0008)  code_loss: 0.0313 (0.0313)  weight_decay: 0.0500 (0.0500)  grad_norm: 0.0144 (0.0192)  time: 0.8428  data: 0.0001  max mem: 35168
Epoch: [16]  [1290/1416]  eta: 0:01:50  lr: 0.000030  min_lr: 0.000030  loss: 0.0321 (0.0320)  reconst_loss: 0.0008 (0.0008)  code_loss: 0.0313 (0.0313)  weight_decay: 0.0500 (0.0500)  grad_norm: 0.0126 (0.0192)  time: 0.8411  data: 0.0001  max mem: 35168
Epoch: [16]  [1300/1416]  eta: 0:01:41  lr: 0.000030  min_lr: 0.000030  loss: 0.0321 (0.0320)  reconst_loss: 0.0008 (0.0008)  code_loss: 0.0313 (0.0313)  weight_decay: 0.0500 (0.0500)  grad_norm: 0.0130 (0.0191)  time: 0.8410  data: 0.0002  max mem: 35168
Epoch: [16]  [1310/1416]  eta: 0:01:32  lr: 0.000030  min_lr: 0.000030  loss: 0.0321 (0.0320)  reconst_loss: 0.0008 (0.0008)  code_loss: 0.0313 (0.0313)  weight_decay: 0.0500 (0.0500)  grad_norm: 0.0090 (0.0190)  time: 0.8416  data: 0.0002  max mem: 35168
Epoch: [16]  [1320/1416]  eta: 0:01:23  lr: 0.000030  min_lr: 0.000030  loss: 0.0321 (0.0320)  reconst_loss: 0.0008 (0.0008)  code_loss: 0.0313 (0.0313)  weight_decay: 0.0500 (0.0500)  grad_norm: 0.0090 (0.0190)  time: 0.8408  data: 0.0002  max mem: 35168
Epoch: [16]  [1330/1416]  eta: 0:01:15  lr: 0.000030  min_lr: 0.000030  loss: 0.0321 (0.0320)  reconst_loss: 0.0008 (0.0008)  code_loss: 0.0313 (0.0313)  weight_decay: 0.0500 (0.0500)  grad_norm: 0.0102 (0.0189)  time: 0.8426  data: 0.0002  max mem: 35168
Epoch: [16]  [1340/1416]  eta: 0:01:06  lr: 0.000030  min_lr: 0.000030  loss: 0.0320 (0.0320)  reconst_loss: 0.0007 (0.0008)  code_loss: 0.0313 (0.0313)  weight_decay: 0.0500 (0.0500)  grad_norm: 0.0104 (0.0189)  time: 0.8437  data: 0.0001  max mem: 35168
Epoch: [16]  [1350/1416]  eta: 0:00:57  lr: 0.000030  min_lr: 0.000030  loss: 0.0320 (0.0320)  reconst_loss: 0.0008 (0.0008)  code_loss: 0.0313 (0.0313)  weight_decay: 0.0500 (0.0500)  grad_norm: 0.0110 (0.0188)  time: 0.8417  data: 0.0001  max mem: 35168
Epoch: [16]  [1360/1416]  eta: 0:00:48  lr: 0.000029  min_lr: 0.000029  loss: 0.0321 (0.0320)  reconst_loss: 0.0008 (0.0008)  code_loss: 0.0313 (0.0313)  weight_decay: 0.0500 (0.0500)  grad_norm: 0.0111 (0.0188)  time: 0.8415  data: 0.0001  max mem: 35168
Epoch: [16]  [1370/1416]  eta: 0:00:40  lr: 0.000029  min_lr: 0.000029  loss: 0.0321 (0.0321)  reconst_loss: 0.0008 (0.0008)  code_loss: 0.0313 (0.0313)  weight_decay: 0.0500 (0.0500)  grad_norm: 0.0098 (0.0187)  time: 0.8415  data: 0.0001  max mem: 35168
Epoch: [16]  [1380/1416]  eta: 0:00:31  lr: 0.000029  min_lr: 0.000029  loss: 0.0321 (0.0321)  reconst_loss: 0.0008 (0.0008)  code_loss: 0.0313 (0.0313)  weight_decay: 0.0500 (0.0500)  grad_norm: 0.0084 (0.0186)  time: 0.8414  data: 0.0001  max mem: 35168
Epoch: [16]  [1390/1416]  eta: 0:00:22  lr: 0.000029  min_lr: 0.000029  loss: 0.0321 (0.0321)  reconst_loss: 0.0008 (0.0008)  code_loss: 0.0313 (0.0313)  weight_decay: 0.0500 (0.0500)  grad_norm: 0.0109 (0.0186)  time: 0.8401  data: 0.0001  max mem: 35168
Epoch: [16]  [1400/1416]  eta: 0:00:13  lr: 0.000029  min_lr: 0.000029  loss: 0.0321 (0.0321)  reconst_loss: 0.0008 (0.0008)  code_loss: 0.0313 (0.0313)  weight_decay: 0.0500 (0.0500)  grad_norm: 0.0141 (0.0186)  time: 0.8433  data: 0.0001  max mem: 35168
Epoch: [16]  [1410/1416]  eta: 0:00:05  lr: 0.000029  min_lr: 0.000029  loss: 0.0321 (0.0321)  reconst_loss: 0.0008 (0.0008)  code_loss: 0.0313 (0.0313)  weight_decay: 0.0500 (0.0500)  grad_norm: 0.0144 (0.0186)  time: 0.8433  data: 0.0002  max mem: 35168
Epoch: [16]  [1415/1416]  eta: 0:00:00  lr: 0.000029  min_lr: 0.000029  loss: 0.0321 (0.0321)  reconst_loss: 0.0008 (0.0008)  code_loss: 0.0313 (0.0313)  weight_decay: 0.0500 (0.0500)  grad_norm: 0.0144 (0.0186)  time: 0.8405  data: 0.0002  max mem: 35168
Epoch: [16] Total time: 0:20:37 (0.8737 s / it)
Averaged stats: lr: 0.000029  min_lr: 0.000029  loss: 0.0321 (0.0321)  reconst_loss: 0.0008 (0.0008)  code_loss: 0.0313 (0.0313)  weight_decay: 0.0500 (0.0500)  grad_norm: 0.0144 (0.0186)
Epoch: [17]  [   0/1416]  eta: 6:22:36  lr: 0.000029  min_lr: 0.000029  loss: 0.0321 (0.0321)  reconst_loss: 0.0008 (0.0008)  code_loss: 0.0313 (0.0313)  weight_decay: 0.0500 (0.0500)  grad_norm: 0.0219 (0.0219)  time: 16.2121  data: 14.1408  max mem: 35168
Epoch: [17]  [  10/1416]  eta: 0:54:04  lr: 0.000029  min_lr: 0.000029  loss: 0.0321 (0.0321)  reconst_loss: 0.0008 (0.0008)  code_loss: 0.0313 (0.0313)  weight_decay: 0.0500 (0.0500)  grad_norm: 0.0139 (0.0141)  time: 2.3074  data: 1.2859  max mem: 35168
Epoch: [17]  [  20/1416]  eta: 0:38:04  lr: 0.000028  min_lr: 0.000028  loss: 0.0321 (0.0321)  reconst_loss: 0.0008 (0.0008)  code_loss: 0.0313 (0.0313)  weight_decay: 0.0500 (0.0500)  grad_norm: 0.0135 (0.0136)  time: 0.9079  data: 0.0005  max mem: 35168
Epoch: [17]  [  30/1416]  eta: 0:31:58  lr: 0.000028  min_lr: 0.000028  loss: 0.0321 (0.0321)  reconst_loss: 0.0008 (0.0008)  code_loss: 0.0313 (0.0313)  weight_decay: 0.0500 (0.0500)  grad_norm: 0.0128 (0.0137)  time: 0.8760  data: 0.0009  max mem: 35168
Epoch: [17]  [  40/1416]  eta: 0:28:42  lr: 0.000028  min_lr: 0.000028  loss: 0.0320 (0.0321)  reconst_loss: 0.0007 (0.0008)  code_loss: 0.0313 (0.0313)  weight_decay: 0.0500 (0.0500)  grad_norm: 0.0121 (0.0133)  time: 0.8475  data: 0.0012  max mem: 35168
Epoch: [17]  [  50/1416]  eta: 0:26:43  lr: 0.000028  min_lr: 0.000028  loss: 0.0321 (0.0321)  reconst_loss: 0.0008 (0.0008)  code_loss: 0.0313 (0.0313)  weight_decay: 0.0500 (0.0500)  grad_norm: 0.0115 (0.0134)  time: 0.8476  data: 0.0015  max mem: 35168
Epoch: [17]  [  60/1416]  eta: 0:25:21  lr: 0.000028  min_lr: 0.000028  loss: 0.0321 (0.0321)  reconst_loss: 0.0008 (0.0008)  code_loss: 0.0313 (0.0313)  weight_decay: 0.0500 (0.0500)  grad_norm: 0.0132 (0.0147)  time: 0.8560  data: 0.0015  max mem: 35168
Epoch: [17]  [  70/1416]  eta: 0:24:22  lr: 0.000028  min_lr: 0.000028  loss: 0.0321 (0.0321)  reconst_loss: 0.0008 (0.0008)  code_loss: 0.0313 (0.0313)  weight_decay: 0.0500 (0.0500)  grad_norm: 0.0144 (0.0153)  time: 0.8636  data: 0.0011  max mem: 35168
Epoch: [17]  [  80/1416]  eta: 0:23:36  lr: 0.000028  min_lr: 0.000028  loss: 0.0320 (0.0321)  reconst_loss: 0.0007 (0.0008)  code_loss: 0.0313 (0.0313)  weight_decay: 0.0500 (0.0500)  grad_norm: 0.0184 (0.0160)  time: 0.8713  data: 0.0008  max mem: 35168
Epoch: [17]  [  90/1416]  eta: 0:22:58  lr: 0.000027  min_lr: 0.000027  loss: 0.0320 (0.0321)  reconst_loss: 0.0007 (0.0008)  code_loss: 0.0313 (0.0313)  weight_decay: 0.0500 (0.0500)  grad_norm: 0.0224 (0.0164)  time: 0.8745  data: 0.0009  max mem: 35168
Epoch: [17]  [ 100/1416]  eta: 0:22:25  lr: 0.000027  min_lr: 0.000027  loss: 0.0321 (0.0321)  reconst_loss: 0.0007 (0.0008)  code_loss: 0.0313 (0.0313)  weight_decay: 0.0500 (0.0500)  grad_norm: 0.0126 (0.0158)  time: 0.8696  data: 0.0007  max mem: 35168
Epoch: [17]  [ 110/1416]  eta: 0:21:56  lr: 0.000027  min_lr: 0.000027  loss: 0.0321 (0.0321)  reconst_loss: 0.0007 (0.0008)  code_loss: 0.0313 (0.0313)  weight_decay: 0.0500 (0.0500)  grad_norm: 0.0106 (0.0154)  time: 0.8648  data: 0.0007  max mem: 35168
Epoch: [17]  [ 120/1416]  eta: 0:21:31  lr: 0.000027  min_lr: 0.000027  loss: 0.0321 (0.0321)  reconst_loss: 0.0008 (0.0008)  code_loss: 0.0313 (0.0313)  weight_decay: 0.0500 (0.0500)  grad_norm: 0.0115 (0.0151)  time: 0.8646  data: 0.0009  max mem: 35168
Epoch: [17]  [ 130/1416]  eta: 0:21:08  lr: 0.000027  min_lr: 0.000027  loss: 0.0321 (0.0321)  reconst_loss: 0.0008 (0.0008)  code_loss: 0.0313 (0.0313)  weight_decay: 0.0500 (0.0500)  grad_norm: 0.0129 (0.0156)  time: 0.8678  data: 0.0006  max mem: 35168
Epoch: [17]  [ 140/1416]  eta: 0:20:48  lr: 0.000027  min_lr: 0.000027  loss: 0.0321 (0.0321)  reconst_loss: 0.0007 (0.0008)  code_loss: 0.0313 (0.0313)  weight_decay: 0.0500 (0.0500)  grad_norm: 0.0159 (0.0157)  time: 0.8689  data: 0.0003  max mem: 35168
Epoch: [17]  [ 150/1416]  eta: 0:20:28  lr: 0.000027  min_lr: 0.000027  loss: 0.0321 (0.0321)  reconst_loss: 0.0007 (0.0008)  code_loss: 0.0313 (0.0313)  weight_decay: 0.0500 (0.0500)  grad_norm: 0.0118 (0.0154)  time: 0.8657  data: 0.0005  max mem: 35168
Epoch: [17]  [ 160/1416]  eta: 0:20:11  lr: 0.000027  min_lr: 0.000027  loss: 0.0321 (0.0321)  reconst_loss: 0.0008 (0.0008)  code_loss: 0.0313 (0.0313)  weight_decay: 0.0500 (0.0500)  grad_norm: 0.0104 (0.0151)  time: 0.8665  data: 0.0004  max mem: 35168
Epoch: [17]  [ 170/1416]  eta: 0:19:54  lr: 0.000026  min_lr: 0.000026  loss: 0.0321 (0.0321)  reconst_loss: 0.0008 (0.0008)  code_loss: 0.0313 (0.0313)  weight_decay: 0.0500 (0.0500)  grad_norm: 0.0110 (0.0150)  time: 0.8674  data: 0.0003  max mem: 35168
Epoch: [17]  [ 180/1416]  eta: 0:19:38  lr: 0.000026  min_lr: 0.000026  loss: 0.0321 (0.0321)  reconst_loss: 0.0008 (0.0008)  code_loss: 0.0313 (0.0313)  weight_decay: 0.0500 (0.0500)  grad_norm: 0.0110 (0.0148)  time: 0.8694  data: 0.0003  max mem: 35168
Epoch: [17]  [ 190/1416]  eta: 0:19:24  lr: 0.000026  min_lr: 0.000026  loss: 0.0321 (0.0321)  reconst_loss: 0.0008 (0.0008)  code_loss: 0.0313 (0.0313)  weight_decay: 0.0500 (0.0500)  grad_norm: 0.0111 (0.0147)  time: 0.8729  data: 0.0002  max mem: 35168
Epoch: [17]  [ 200/1416]  eta: 0:19:09  lr: 0.000026  min_lr: 0.000026  loss: 0.0321 (0.0321)  reconst_loss: 0.0008 (0.0008)  code_loss: 0.0313 (0.0313)  weight_decay: 0.0500 (0.0500)  grad_norm: 0.0098 (0.0146)  time: 0.8714  data: 0.0003  max mem: 35168
Epoch: [17]  [ 210/1416]  eta: 0:18:56  lr: 0.000026  min_lr: 0.000026  loss: 0.0321 (0.0321)  reconst_loss: 0.0007 (0.0008)  code_loss: 0.0313 (0.0313)  weight_decay: 0.0500 (0.0500)  grad_norm: 0.0091 (0.0143)  time: 0.8691  data: 0.0003  max mem: 35168
Epoch: [17]  [ 220/1416]  eta: 0:18:42  lr: 0.000026  min_lr: 0.000026  loss: 0.0321 (0.0321)  reconst_loss: 0.0007 (0.0008)  code_loss: 0.0313 (0.0313)  weight_decay: 0.0500 (0.0500)  grad_norm: 0.0076 (0.0140)  time: 0.8644  data: 0.0003  max mem: 35168
Epoch: [17]  [ 230/1416]  eta: 0:18:29  lr: 0.000026  min_lr: 0.000026  loss: 0.0321 (0.0321)  reconst_loss: 0.0008 (0.0008)  code_loss: 0.0313 (0.0313)  weight_decay: 0.0500 (0.0500)  grad_norm: 0.0090 (0.0139)  time: 0.8651  data: 0.0003  max mem: 35168
Epoch: [17]  [ 240/1416]  eta: 0:18:17  lr: 0.000026  min_lr: 0.000026  loss: 0.0321 (0.0321)  reconst_loss: 0.0008 (0.0008)  code_loss: 0.0313 (0.0313)  weight_decay: 0.0500 (0.0500)  grad_norm: 0.0101 (0.0138)  time: 0.8726  data: 0.0003  max mem: 35168
Epoch: [17]  [ 250/1416]  eta: 0:18:04  lr: 0.000025  min_lr: 0.000025  loss: 0.0321 (0.0321)  reconst_loss: 0.0007 (0.0008)  code_loss: 0.0313 (0.0313)  weight_decay: 0.0500 (0.0500)  grad_norm: 0.0136 (0.0140)  time: 0.8724  data: 0.0003  max mem: 35168
Epoch: [17]  [ 260/1416]  eta: 0:17:52  lr: 0.000025  min_lr: 0.000025  loss: 0.0321 (0.0321)  reconst_loss: 0.0007 (0.0008)  code_loss: 0.0313 (0.0313)  weight_decay: 0.0500 (0.0500)  grad_norm: 0.0152 (0.0140)  time: 0.8657  data: 0.0003  max mem: 35168
Epoch: [17]  [ 270/1416]  eta: 0:17:40  lr: 0.000025  min_lr: 0.000025  loss: 0.0321 (0.0321)  reconst_loss: 0.0007 (0.0008)  code_loss: 0.0313 (0.0313)  weight_decay: 0.0500 (0.0500)  grad_norm: 0.0129 (0.0141)  time: 0.8633  data: 0.0002  max mem: 35168
Epoch: [17]  [ 280/1416]  eta: 0:17:29  lr: 0.000025  min_lr: 0.000025  loss: 0.0321 (0.0321)  reconst_loss: 0.0008 (0.0008)  code_loss: 0.0313 (0.0313)  weight_decay: 0.0500 (0.0500)  grad_norm: 0.0194 (0.0144)  time: 0.8676  data: 0.0004  max mem: 35168
Epoch: [17]  [ 290/1416]  eta: 0:17:17  lr: 0.000025  min_lr: 0.000025  loss: 0.0321 (0.0321)  reconst_loss: 0.0008 (0.0008)  code_loss: 0.0313 (0.0313)  weight_decay: 0.0500 (0.0500)  grad_norm: 0.0221 (0.0146)  time: 0.8698  data: 0.0006  max mem: 35168
Epoch: [17]  [ 300/1416]  eta: 0:17:06  lr: 0.000025  min_lr: 0.000025  loss: 0.0321 (0.0321)  reconst_loss: 0.0008 (0.0008)  code_loss: 0.0313 (0.0313)  weight_decay: 0.0500 (0.0500)  grad_norm: 0.0166 (0.0147)  time: 0.8669  data: 0.0004  max mem: 35168
Epoch: [17]  [ 310/1416]  eta: 0:16:55  lr: 0.000025  min_lr: 0.000025  loss: 0.0321 (0.0321)  reconst_loss: 0.0008 (0.0008)  code_loss: 0.0314 (0.0313)  weight_decay: 0.0500 (0.0500)  grad_norm: 0.0164 (0.0147)  time: 0.8660  data: 0.0003  max mem: 35168
Epoch: [17]  [ 320/1416]  eta: 0:16:44  lr: 0.000025  min_lr: 0.000025  loss: 0.0321 (0.0321)  reconst_loss: 0.0008 (0.0008)  code_loss: 0.0314 (0.0313)  weight_decay: 0.0500 (0.0500)  grad_norm: 0.0154 (0.0147)  time: 0.8674  data: 0.0003  max mem: 35168
Epoch: [17]  [ 330/1416]  eta: 0:16:33  lr: 0.000024  min_lr: 0.000024  loss: 0.0321 (0.0321)  reconst_loss: 0.0008 (0.0008)  code_loss: 0.0314 (0.0313)  weight_decay: 0.0500 (0.0500)  grad_norm: 0.0115 (0.0146)  time: 0.8623  data: 0.0003  max mem: 35168
Epoch: [17]  [ 340/1416]  eta: 0:16:22  lr: 0.000024  min_lr: 0.000024  loss: 0.0321 (0.0321)  reconst_loss: 0.0008 (0.0008)  code_loss: 0.0314 (0.0313)  weight_decay: 0.0500 (0.0500)  grad_norm: 0.0127 (0.0146)  time: 0.8597  data: 0.0003  max mem: 35168
Epoch: [17]  [ 350/1416]  eta: 0:16:11  lr: 0.000024  min_lr: 0.000024  loss: 0.0321 (0.0321)  reconst_loss: 0.0008 (0.0008)  code_loss: 0.0314 (0.0313)  weight_decay: 0.0500 (0.0500)  grad_norm: 0.0142 (0.0147)  time: 0.8621  data: 0.0002  max mem: 35168
Epoch: [17]  [ 360/1416]  eta: 0:16:01  lr: 0.000024  min_lr: 0.000024  loss: 0.0321 (0.0321)  reconst_loss: 0.0008 (0.0008)  code_loss: 0.0314 (0.0313)  weight_decay: 0.0500 (0.0500)  grad_norm: 0.0114 (0.0145)  time: 0.8628  data: 0.0003  max mem: 35168
Epoch: [17]  [ 370/1416]  eta: 0:15:50  lr: 0.000024  min_lr: 0.000024  loss: 0.0321 (0.0321)  reconst_loss: 0.0007 (0.0008)  code_loss: 0.0314 (0.0313)  weight_decay: 0.0500 (0.0500)  grad_norm: 0.0098 (0.0145)  time: 0.8655  data: 0.0003  max mem: 35168
Epoch: [17]  [ 380/1416]  eta: 0:15:40  lr: 0.000024  min_lr: 0.000024  loss: 0.0321 (0.0321)  reconst_loss: 0.0008 (0.0008)  code_loss: 0.0314 (0.0313)  weight_decay: 0.0500 (0.0500)  grad_norm: 0.0133 (0.0145)  time: 0.8671  data: 0.0004  max mem: 35168
Epoch: [17]  [ 390/1416]  eta: 0:15:30  lr: 0.000024  min_lr: 0.000024  loss: 0.0322 (0.0321)  reconst_loss: 0.0008 (0.0008)  code_loss: 0.0314 (0.0313)  weight_decay: 0.0500 (0.0500)  grad_norm: 0.0167 (0.0146)  time: 0.8665  data: 0.0012  max mem: 35168
Epoch: [17]  [ 400/1416]  eta: 0:15:20  lr: 0.000024  min_lr: 0.000024  loss: 0.0321 (0.0321)  reconst_loss: 0.0008 (0.0008)  code_loss: 0.0314 (0.0313)  weight_decay: 0.0500 (0.0500)  grad_norm: 0.0104 (0.0144)  time: 0.8645  data: 0.0012  max mem: 35168
Epoch: [17]  [ 410/1416]  eta: 0:15:10  lr: 0.000024  min_lr: 0.000024  loss: 0.0321 (0.0321)  reconst_loss: 0.0008 (0.0008)  code_loss: 0.0314 (0.0313)  weight_decay: 0.0500 (0.0500)  grad_norm: 0.0079 (0.0143)  time: 0.8673  data: 0.0003  max mem: 35168
Epoch: [17]  [ 420/1416]  eta: 0:15:00  lr: 0.000023  min_lr: 0.000023  loss: 0.0321 (0.0321)  reconst_loss: 0.0007 (0.0008)  code_loss: 0.0314 (0.0313)  weight_decay: 0.0500 (0.0500)  grad_norm: 0.0110 (0.0143)  time: 0.8698  data: 0.0003  max mem: 35168
Epoch: [17]  [ 430/1416]  eta: 0:14:50  lr: 0.000023  min_lr: 0.000023  loss: 0.0321 (0.0321)  reconst_loss: 0.0008 (0.0008)  code_loss: 0.0314 (0.0313)  weight_decay: 0.0500 (0.0500)  grad_norm: 0.0129 (0.0143)  time: 0.8703  data: 0.0004  max mem: 35168
Epoch: [17]  [ 440/1416]  eta: 0:14:40  lr: 0.000023  min_lr: 0.000023  loss: 0.0321 (0.0321)  reconst_loss: 0.0008 (0.0008)  code_loss: 0.0314 (0.0313)  weight_decay: 0.0500 (0.0500)  grad_norm: 0.0113 (0.0142)  time: 0.8706  data: 0.0004  max mem: 35168
Epoch: [17]  [ 450/1416]  eta: 0:14:31  lr: 0.000023  min_lr: 0.000023  loss: 0.0322 (0.0321)  reconst_loss: 0.0008 (0.0008)  code_loss: 0.0314 (0.0313)  weight_decay: 0.0500 (0.0500)  grad_norm: 0.0113 (0.0141)  time: 0.8656  data: 0.0004  max mem: 35168
Epoch: [17]  [ 460/1416]  eta: 0:14:21  lr: 0.000023  min_lr: 0.000023  loss: 0.0322 (0.0321)  reconst_loss: 0.0008 (0.0008)  code_loss: 0.0314 (0.0313)  weight_decay: 0.0500 (0.0500)  grad_norm: 0.0101 (0.0141)  time: 0.8678  data: 0.0004  max mem: 35168
Epoch: [17]  [ 470/1416]  eta: 0:14:11  lr: 0.000023  min_lr: 0.000023  loss: 0.0321 (0.0321)  reconst_loss: 0.0008 (0.0008)  code_loss: 0.0314 (0.0313)  weight_decay: 0.0500 (0.0500)  grad_norm: 0.0112 (0.0140)  time: 0.8702  data: 0.0006  max mem: 35168
Epoch: [17]  [ 480/1416]  eta: 0:14:02  lr: 0.000023  min_lr: 0.000023  loss: 0.0321 (0.0321)  reconst_loss: 0.0008 (0.0008)  code_loss: 0.0314 (0.0313)  weight_decay: 0.0500 (0.0500)  grad_norm: 0.0128 (0.0140)  time: 0.8693  data: 0.0006  max mem: 35168
Epoch: [17]  [ 490/1416]  eta: 0:13:52  lr: 0.000023  min_lr: 0.000023  loss: 0.0322 (0.0321)  reconst_loss: 0.0008 (0.0008)  code_loss: 0.0314 (0.0313)  weight_decay: 0.0500 (0.0500)  grad_norm: 0.0094 (0.0139)  time: 0.8688  data: 0.0004  max mem: 35168
Epoch: [17]  [ 500/1416]  eta: 0:13:43  lr: 0.000022  min_lr: 0.000022  loss: 0.0322 (0.0321)  reconst_loss: 0.0008 (0.0008)  code_loss: 0.0314 (0.0313)  weight_decay: 0.0500 (0.0500)  grad_norm: 0.0104 (0.0139)  time: 0.8692  data: 0.0003  max mem: 35168
Epoch: [17]  [ 510/1416]  eta: 0:13:33  lr: 0.000022  min_lr: 0.000022  loss: 0.0322 (0.0321)  reconst_loss: 0.0008 (0.0008)  code_loss: 0.0314 (0.0313)  weight_decay: 0.0500 (0.0500)  grad_norm: 0.0105 (0.0138)  time: 0.8698  data: 0.0003  max mem: 35168
Epoch: [17]  [ 520/1416]  eta: 0:13:24  lr: 0.000022  min_lr: 0.000022  loss: 0.0322 (0.0321)  reconst_loss: 0.0008 (0.0008)  code_loss: 0.0314 (0.0313)  weight_decay: 0.0500 (0.0500)  grad_norm: 0.0105 (0.0138)  time: 0.8685  data: 0.0004  max mem: 35168
Epoch: [17]  [ 530/1416]  eta: 0:13:14  lr: 0.000022  min_lr: 0.000022  loss: 0.0321 (0.0321)  reconst_loss: 0.0007 (0.0008)  code_loss: 0.0314 (0.0313)  weight_decay: 0.0500 (0.0500)  grad_norm: 0.0122 (0.0138)  time: 0.8727  data: 0.0003  max mem: 35168
Epoch: [17]  [ 540/1416]  eta: 0:13:05  lr: 0.000022  min_lr: 0.000022  loss: 0.0322 (0.0321)  reconst_loss: 0.0007 (0.0008)  code_loss: 0.0314 (0.0313)  weight_decay: 0.0500 (0.0500)  grad_norm: 0.0151 (0.0139)  time: 0.8732  data: 0.0003  max mem: 35168
Epoch: [17]  [ 550/1416]  eta: 0:12:56  lr: 0.000022  min_lr: 0.000022  loss: 0.0322 (0.0321)  reconst_loss: 0.0008 (0.0008)  code_loss: 0.0314 (0.0313)  weight_decay: 0.0500 (0.0500)  grad_norm: 0.0142 (0.0139)  time: 0.8709  data: 0.0003  max mem: 35168
Epoch: [17]  [ 560/1416]  eta: 0:12:46  lr: 0.000022  min_lr: 0.000022  loss: 0.0321 (0.0321)  reconst_loss: 0.0007 (0.0008)  code_loss: 0.0314 (0.0314)  weight_decay: 0.0500 (0.0500)  grad_norm: 0.0136 (0.0139)  time: 0.8685  data: 0.0003  max mem: 35168
Epoch: [17]  [ 570/1416]  eta: 0:12:37  lr: 0.000022  min_lr: 0.000022  loss: 0.0321 (0.0321)  reconst_loss: 0.0007 (0.0008)  code_loss: 0.0314 (0.0314)  weight_decay: 0.0500 (0.0500)  grad_norm: 0.0122 (0.0138)  time: 0.8635  data: 0.0003  max mem: 35168
Epoch: [17]  [ 580/1416]  eta: 0:12:27  lr: 0.000022  min_lr: 0.000022  loss: 0.0322 (0.0321)  reconst_loss: 0.0008 (0.0008)  code_loss: 0.0314 (0.0314)  weight_decay: 0.0500 (0.0500)  grad_norm: 0.0099 (0.0138)  time: 0.8605  data: 0.0003  max mem: 35168
Epoch: [17]  [ 590/1416]  eta: 0:12:18  lr: 0.000021  min_lr: 0.000021  loss: 0.0322 (0.0321)  reconst_loss: 0.0008 (0.0008)  code_loss: 0.0314 (0.0314)  weight_decay: 0.0500 (0.0500)  grad_norm: 0.0103 (0.0137)  time: 0.8559  data: 0.0004  max mem: 35168
Epoch: [17]  [ 600/1416]  eta: 0:12:08  lr: 0.000021  min_lr: 0.000021  loss: 0.0322 (0.0321)  reconst_loss: 0.0008 (0.0008)  code_loss: 0.0314 (0.0314)  weight_decay: 0.0500 (0.0500)  grad_norm: 0.0118 (0.0137)  time: 0.8619  data: 0.0004  max mem: 35168
Epoch: [17]  [ 610/1416]  eta: 0:11:59  lr: 0.000021  min_lr: 0.000021  loss: 0.0322 (0.0321)  reconst_loss: 0.0007 (0.0008)  code_loss: 0.0314 (0.0314)  weight_decay: 0.0500 (0.0500)  grad_norm: 0.0131 (0.0137)  time: 0.8673  data: 0.0003  max mem: 35168
Epoch: [17]  [ 620/1416]  eta: 0:11:50  lr: 0.000021  min_lr: 0.000021  loss: 0.0322 (0.0321)  reconst_loss: 0.0007 (0.0008)  code_loss: 0.0314 (0.0314)  weight_decay: 0.0500 (0.0500)  grad_norm: 0.0140 (0.0137)  time: 0.8622  data: 0.0003  max mem: 35168
Epoch: [17]  [ 630/1416]  eta: 0:11:40  lr: 0.000021  min_lr: 0.000021  loss: 0.0322 (0.0321)  reconst_loss: 0.0007 (0.0008)  code_loss: 0.0314 (0.0314)  weight_decay: 0.0500 (0.0500)  grad_norm: 0.0128 (0.0137)  time: 0.8619  data: 0.0002  max mem: 35168
Epoch: [17]  [ 640/1416]  eta: 0:11:31  lr: 0.000021  min_lr: 0.000021  loss: 0.0322 (0.0321)  reconst_loss: 0.0007 (0.0008)  code_loss: 0.0314 (0.0314)  weight_decay: 0.0500 (0.0500)  grad_norm: 0.0086 (0.0136)  time: 0.8676  data: 0.0003  max mem: 35168
Epoch: [17]  [ 650/1416]  eta: 0:11:22  lr: 0.000021  min_lr: 0.000021  loss: 0.0322 (0.0321)  reconst_loss: 0.0007 (0.0008)  code_loss: 0.0314 (0.0314)  weight_decay: 0.0500 (0.0500)  grad_norm: 0.0072 (0.0135)  time: 0.8693  data: 0.0003  max mem: 35168
Epoch: [17]  [ 660/1416]  eta: 0:11:13  lr: 0.000021  min_lr: 0.000021  loss: 0.0322 (0.0321)  reconst_loss: 0.0008 (0.0008)  code_loss: 0.0314 (0.0314)  weight_decay: 0.0500 (0.0500)  grad_norm: 0.0077 (0.0134)  time: 0.8654  data: 0.0004  max mem: 35168
Epoch: [17]  [ 670/1416]  eta: 0:11:04  lr: 0.000021  min_lr: 0.000021  loss: 0.0322 (0.0321)  reconst_loss: 0.0008 (0.0008)  code_loss: 0.0314 (0.0314)  weight_decay: 0.0500 (0.0500)  grad_norm: 0.0089 (0.0134)  time: 0.8614  data: 0.0004  max mem: 35168
Epoch: [17]  [ 680/1416]  eta: 0:10:54  lr: 0.000020  min_lr: 0.000020  loss: 0.0322 (0.0321)  reconst_loss: 0.0008 (0.0008)  code_loss: 0.0315 (0.0314)  weight_decay: 0.0500 (0.0500)  grad_norm: 0.0083 (0.0133)  time: 0.8639  data: 0.0003  max mem: 35168
Epoch: [17]  [ 690/1416]  eta: 0:10:45  lr: 0.000020  min_lr: 0.000020  loss: 0.0322 (0.0321)  reconst_loss: 0.0008 (0.0008)  code_loss: 0.0315 (0.0314)  weight_decay: 0.0500 (0.0500)  grad_norm: 0.0091 (0.0132)  time: 0.8706  data: 0.0003  max mem: 35168
Epoch: [17]  [ 700/1416]  eta: 0:10:36  lr: 0.000020  min_lr: 0.000020  loss: 0.0322 (0.0321)  reconst_loss: 0.0008 (0.0008)  code_loss: 0.0315 (0.0314)  weight_decay: 0.0500 (0.0500)  grad_norm: 0.0100 (0.0132)  time: 0.8678  data: 0.0003  max mem: 35168
Epoch: [17]  [ 710/1416]  eta: 0:10:27  lr: 0.000020  min_lr: 0.000020  loss: 0.0322 (0.0321)  reconst_loss: 0.0008 (0.0008)  code_loss: 0.0315 (0.0314)  weight_decay: 0.0500 (0.0500)  grad_norm: 0.0100 (0.0132)  time: 0.8671  data: 0.0002  max mem: 35168
Epoch: [17]  [ 720/1416]  eta: 0:10:18  lr: 0.000020  min_lr: 0.000020  loss: 0.0322 (0.0321)  reconst_loss: 0.0008 (0.0008)  code_loss: 0.0315 (0.0314)  weight_decay: 0.0500 (0.0500)  grad_norm: 0.0082 (0.0131)  time: 0.8712  data: 0.0002  max mem: 35168
Epoch: [17]  [ 730/1416]  eta: 0:10:09  lr: 0.000020  min_lr: 0.000020  loss: 0.0322 (0.0321)  reconst_loss: 0.0008 (0.0008)  code_loss: 0.0315 (0.0314)  weight_decay: 0.0500 (0.0500)  grad_norm: 0.0074 (0.0130)  time: 0.8670  data: 0.0003  max mem: 35168
Epoch: [17]  [ 740/1416]  eta: 0:10:00  lr: 0.000020  min_lr: 0.000020  loss: 0.0322 (0.0321)  reconst_loss: 0.0008 (0.0008)  code_loss: 0.0315 (0.0314)  weight_decay: 0.0500 (0.0500)  grad_norm: 0.0087 (0.0130)  time: 0.8643  data: 0.0004  max mem: 35168
Epoch: [17]  [ 750/1416]  eta: 0:09:51  lr: 0.000020  min_lr: 0.000020  loss: 0.0323 (0.0321)  reconst_loss: 0.0008 (0.0008)  code_loss: 0.0315 (0.0314)  weight_decay: 0.0500 (0.0500)  grad_norm: 0.0101 (0.0130)  time: 0.8676  data: 0.0003  max mem: 35168
Epoch: [17]  [ 760/1416]  eta: 0:09:42  lr: 0.000020  min_lr: 0.000020  loss: 0.0322 (0.0321)  reconst_loss: 0.0008 (0.0008)  code_loss: 0.0315 (0.0314)  weight_decay: 0.0500 (0.0500)  grad_norm: 0.0143 (0.0130)  time: 0.8650  data: 0.0002  max mem: 35168
Epoch: [17]  [ 770/1416]  eta: 0:09:33  lr: 0.000019  min_lr: 0.000019  loss: 0.0322 (0.0322)  reconst_loss: 0.0008 (0.0008)  code_loss: 0.0315 (0.0314)  weight_decay: 0.0500 (0.0500)  grad_norm: 0.0128 (0.0130)  time: 0.8627  data: 0.0004  max mem: 35168
Epoch: [17]  [ 780/1416]  eta: 0:09:24  lr: 0.000019  min_lr: 0.000019  loss: 0.0323 (0.0322)  reconst_loss: 0.0008 (0.0008)  code_loss: 0.0315 (0.0314)  weight_decay: 0.0500 (0.0500)  grad_norm: 0.0128 (0.0130)  time: 0.8615  data: 0.0005  max mem: 35168
Epoch: [17]  [ 790/1416]  eta: 0:09:14  lr: 0.000019  min_lr: 0.000019  loss: 0.0323 (0.0322)  reconst_loss: 0.0008 (0.0008)  code_loss: 0.0315 (0.0314)  weight_decay: 0.0500 (0.0500)  grad_norm: 0.0106 (0.0130)  time: 0.8610  data: 0.0004  max mem: 35168
Epoch: [17]  [ 800/1416]  eta: 0:09:05  lr: 0.000019  min_lr: 0.000019  loss: 0.0323 (0.0322)  reconst_loss: 0.0008 (0.0008)  code_loss: 0.0315 (0.0314)  weight_decay: 0.0500 (0.0500)  grad_norm: 0.0090 (0.0129)  time: 0.8635  data: 0.0004  max mem: 35168
Epoch: [17]  [ 810/1416]  eta: 0:08:56  lr: 0.000019  min_lr: 0.000019  loss: 0.0323 (0.0322)  reconst_loss: 0.0008 (0.0008)  code_loss: 0.0315 (0.0314)  weight_decay: 0.0500 (0.0500)  grad_norm: 0.0079 (0.0129)  time: 0.8643  data: 0.0003  max mem: 35168
Epoch: [17]  [ 820/1416]  eta: 0:08:47  lr: 0.000019  min_lr: 0.000019  loss: 0.0323 (0.0322)  reconst_loss: 0.0008 (0.0008)  code_loss: 0.0315 (0.0314)  weight_decay: 0.0500 (0.0500)  grad_norm: 0.0083 (0.0129)  time: 0.8677  data: 0.0003  max mem: 35168
Epoch: [17]  [ 830/1416]  eta: 0:08:38  lr: 0.000019  min_lr: 0.000019  loss: 0.0323 (0.0322)  reconst_loss: 0.0008 (0.0008)  code_loss: 0.0315 (0.0314)  weight_decay: 0.0500 (0.0500)  grad_norm: 0.0089 (0.0128)  time: 0.8722  data: 0.0006  max mem: 35168
Epoch: [17]  [ 840/1416]  eta: 0:08:30  lr: 0.000019  min_lr: 0.000019  loss: 0.0322 (0.0322)  reconst_loss: 0.0007 (0.0008)  code_loss: 0.0315 (0.0314)  weight_decay: 0.0500 (0.0500)  grad_norm: 0.0088 (0.0128)  time: 0.8701  data: 0.0006  max mem: 35168
Epoch: [17]  [ 850/1416]  eta: 0:08:21  lr: 0.000019  min_lr: 0.000019  loss: 0.0322 (0.0322)  reconst_loss: 0.0007 (0.0008)  code_loss: 0.0315 (0.0314)  weight_decay: 0.0500 (0.0500)  grad_norm: 0.0090 (0.0127)  time: 0.8717  data: 0.0004  max mem: 35168
Epoch: [17]  [ 860/1416]  eta: 0:08:12  lr: 0.000018  min_lr: 0.000018  loss: 0.0323 (0.0322)  reconst_loss: 0.0007 (0.0008)  code_loss: 0.0315 (0.0314)  weight_decay: 0.0500 (0.0500)  grad_norm: 0.0089 (0.0127)  time: 0.8707  data: 0.0003  max mem: 35168
Epoch: [17]  [ 870/1416]  eta: 0:08:03  lr: 0.000018  min_lr: 0.000018  loss: 0.0323 (0.0322)  reconst_loss: 0.0008 (0.0008)  code_loss: 0.0315 (0.0314)  weight_decay: 0.0500 (0.0500)  grad_norm: 0.0088 (0.0127)  time: 0.8627  data: 0.0003  max mem: 35168
Epoch: [17]  [ 880/1416]  eta: 0:07:54  lr: 0.000018  min_lr: 0.000018  loss: 0.0323 (0.0322)  reconst_loss: 0.0008 (0.0008)  code_loss: 0.0315 (0.0314)  weight_decay: 0.0500 (0.0500)  grad_norm: 0.0080 (0.0126)  time: 0.8654  data: 0.0003  max mem: 35168
Epoch: [17]  [ 890/1416]  eta: 0:07:45  lr: 0.000018  min_lr: 0.000018  loss: 0.0323 (0.0322)  reconst_loss: 0.0007 (0.0008)  code_loss: 0.0315 (0.0314)  weight_decay: 0.0500 (0.0500)  grad_norm: 0.0074 (0.0125)  time: 0.8703  data: 0.0003  max mem: 35168
Epoch: [17]  [ 900/1416]  eta: 0:07:36  lr: 0.000018  min_lr: 0.000018  loss: 0.0323 (0.0322)  reconst_loss: 0.0007 (0.0008)  code_loss: 0.0315 (0.0314)  weight_decay: 0.0500 (0.0500)  grad_norm: 0.0074 (0.0125)  time: 0.8702  data: 0.0003  max mem: 35168
Epoch: [17]  [ 910/1416]  eta: 0:07:27  lr: 0.000018  min_lr: 0.000018  loss: 0.0323 (0.0322)  reconst_loss: 0.0007 (0.0008)  code_loss: 0.0315 (0.0314)  weight_decay: 0.0500 (0.0500)  grad_norm: 0.0075 (0.0124)  time: 0.8683  data: 0.0002  max mem: 35168
Epoch: [17]  [ 920/1416]  eta: 0:07:18  lr: 0.000018  min_lr: 0.000018  loss: 0.0323 (0.0322)  reconst_loss: 0.0008 (0.0008)  code_loss: 0.0315 (0.0314)  weight_decay: 0.0500 (0.0500)  grad_norm: 0.0105 (0.0124)  time: 0.8656  data: 0.0003  max mem: 35168
Epoch: [17]  [ 930/1416]  eta: 0:07:09  lr: 0.000018  min_lr: 0.000018  loss: 0.0323 (0.0322)  reconst_loss: 0.0008 (0.0008)  code_loss: 0.0315 (0.0314)  weight_decay: 0.0500 (0.0500)  grad_norm: 0.0108 (0.0124)  time: 0.8633  data: 0.0003  max mem: 35168
Epoch: [17]  [ 940/1416]  eta: 0:07:00  lr: 0.000018  min_lr: 0.000018  loss: 0.0323 (0.0322)  reconst_loss: 0.0007 (0.0008)  code_loss: 0.0316 (0.0314)  weight_decay: 0.0500 (0.0500)  grad_norm: 0.0118 (0.0124)  time: 0.8610  data: 0.0002  max mem: 35168
Epoch: [17]  [ 950/1416]  eta: 0:06:51  lr: 0.000017  min_lr: 0.000017  loss: 0.0323 (0.0322)  reconst_loss: 0.0007 (0.0008)  code_loss: 0.0316 (0.0314)  weight_decay: 0.0500 (0.0500)  grad_norm: 0.0138 (0.0124)  time: 0.8587  data: 0.0003  max mem: 35168
Epoch: [17]  [ 960/1416]  eta: 0:06:42  lr: 0.000017  min_lr: 0.000017  loss: 0.0323 (0.0322)  reconst_loss: 0.0008 (0.0008)  code_loss: 0.0316 (0.0314)  weight_decay: 0.0500 (0.0500)  grad_norm: 0.0146 (0.0125)  time: 0.8568  data: 0.0003  max mem: 35168
Epoch: [17]  [ 970/1416]  eta: 0:06:33  lr: 0.000017  min_lr: 0.000017  loss: 0.0323 (0.0322)  reconst_loss: 0.0007 (0.0008)  code_loss: 0.0316 (0.0314)  weight_decay: 0.0500 (0.0500)  grad_norm: 0.0146 (0.0125)  time: 0.8522  data: 0.0003  max mem: 35168
Epoch: [17]  [ 980/1416]  eta: 0:06:24  lr: 0.000017  min_lr: 0.000017  loss: 0.0323 (0.0322)  reconst_loss: 0.0007 (0.0008)  code_loss: 0.0316 (0.0314)  weight_decay: 0.0500 (0.0500)  grad_norm: 0.0123 (0.0125)  time: 0.8522  data: 0.0003  max mem: 35168
Epoch: [17]  [ 990/1416]  eta: 0:06:15  lr: 0.000017  min_lr: 0.000017  loss: 0.0324 (0.0322)  reconst_loss: 0.0008 (0.0008)  code_loss: 0.0316 (0.0314)  weight_decay: 0.0500 (0.0500)  grad_norm: 0.0108 (0.0125)  time: 0.8626  data: 0.0002  max mem: 35168
Epoch: [17]  [1000/1416]  eta: 0:06:06  lr: 0.000017  min_lr: 0.000017  loss: 0.0323 (0.0322)  reconst_loss: 0.0008 (0.0008)  code_loss: 0.0316 (0.0314)  weight_decay: 0.0500 (0.0500)  grad_norm: 0.0101 (0.0125)  time: 0.8662  data: 0.0003  max mem: 35168
Epoch: [17]  [1010/1416]  eta: 0:05:57  lr: 0.000017  min_lr: 0.000017  loss: 0.0323 (0.0322)  reconst_loss: 0.0008 (0.0008)  code_loss: 0.0316 (0.0314)  weight_decay: 0.0500 (0.0500)  grad_norm: 0.0089 (0.0124)  time: 0.8649  data: 0.0003  max mem: 35168
Epoch: [17]  [1020/1416]  eta: 0:05:49  lr: 0.000017  min_lr: 0.000017  loss: 0.0324 (0.0322)  reconst_loss: 0.0008 (0.0008)  code_loss: 0.0316 (0.0314)  weight_decay: 0.0500 (0.0500)  grad_norm: 0.0088 (0.0124)  time: 0.8703  data: 0.0003  max mem: 35168
Epoch: [17]  [1030/1416]  eta: 0:05:40  lr: 0.000017  min_lr: 0.000017  loss: 0.0323 (0.0322)  reconst_loss: 0.0007 (0.0008)  code_loss: 0.0316 (0.0314)  weight_decay: 0.0500 (0.0500)  grad_norm: 0.0092 (0.0124)  time: 0.8714  data: 0.0004  max mem: 35168
Epoch: [17]  [1040/1416]  eta: 0:05:31  lr: 0.000017  min_lr: 0.000017  loss: 0.0323 (0.0322)  reconst_loss: 0.0007 (0.0008)  code_loss: 0.0316 (0.0314)  weight_decay: 0.0500 (0.0500)  grad_norm: 0.0092 (0.0123)  time: 0.8703  data: 0.0004  max mem: 35168
Epoch: [17]  [1050/1416]  eta: 0:05:22  lr: 0.000016  min_lr: 0.000016  loss: 0.0324 (0.0322)  reconst_loss: 0.0008 (0.0008)  code_loss: 0.0316 (0.0314)  weight_decay: 0.0500 (0.0500)  grad_norm: 0.0079 (0.0123)  time: 0.8670  data: 0.0003  max mem: 35168
Epoch: [17]  [1060/1416]  eta: 0:05:13  lr: 0.000016  min_lr: 0.000016  loss: 0.0324 (0.0322)  reconst_loss: 0.0008 (0.0008)  code_loss: 0.0316 (0.0314)  weight_decay: 0.0500 (0.0500)  grad_norm: 0.0077 (0.0123)  time: 0.8665  data: 0.0003  max mem: 35168
Epoch: [17]  [1070/1416]  eta: 0:05:04  lr: 0.000016  min_lr: 0.000016  loss: 0.0324 (0.0322)  reconst_loss: 0.0008 (0.0008)  code_loss: 0.0316 (0.0314)  weight_decay: 0.0500 (0.0500)  grad_norm: 0.0072 (0.0122)  time: 0.8702  data: 0.0003  max mem: 35168
Epoch: [17]  [1080/1416]  eta: 0:04:56  lr: 0.000016  min_lr: 0.000016  loss: 0.0324 (0.0322)  reconst_loss: 0.0008 (0.0008)  code_loss: 0.0316 (0.0314)  weight_decay: 0.0500 (0.0500)  grad_norm: 0.0074 (0.0122)  time: 0.8713  data: 0.0003  max mem: 35168
Epoch: [17]  [1090/1416]  eta: 0:04:47  lr: 0.000016  min_lr: 0.000016  loss: 0.0324 (0.0322)  reconst_loss: 0.0008 (0.0008)  code_loss: 0.0316 (0.0314)  weight_decay: 0.0500 (0.0500)  grad_norm: 0.0090 (0.0122)  time: 0.8680  data: 0.0004  max mem: 35168
Epoch: [17]  [1100/1416]  eta: 0:04:38  lr: 0.000016  min_lr: 0.000016  loss: 0.0324 (0.0322)  reconst_loss: 0.0007 (0.0008)  code_loss: 0.0316 (0.0314)  weight_decay: 0.0500 (0.0500)  grad_norm: 0.0086 (0.0121)  time: 0.8629  data: 0.0004  max mem: 35168
Epoch: [17]  [1110/1416]  eta: 0:04:29  lr: 0.000016  min_lr: 0.000016  loss: 0.0324 (0.0322)  reconst_loss: 0.0008 (0.0008)  code_loss: 0.0316 (0.0314)  weight_decay: 0.0500 (0.0500)  grad_norm: 0.0078 (0.0121)  time: 0.8617  data: 0.0002  max mem: 35168
Epoch: [17]  [1120/1416]  eta: 0:04:20  lr: 0.000016  min_lr: 0.000016  loss: 0.0324 (0.0322)  reconst_loss: 0.0007 (0.0008)  code_loss: 0.0317 (0.0314)  weight_decay: 0.0500 (0.0500)  grad_norm: 0.0070 (0.0121)  time: 0.8637  data: 0.0003  max mem: 35168
Epoch: [17]  [1130/1416]  eta: 0:04:11  lr: 0.000016  min_lr: 0.000016  loss: 0.0324 (0.0322)  reconst_loss: 0.0008 (0.0008)  code_loss: 0.0317 (0.0314)  weight_decay: 0.0500 (0.0500)  grad_norm: 0.0070 (0.0120)  time: 0.8684  data: 0.0003  max mem: 35168
Epoch: [17]  [1140/1416]  eta: 0:04:02  lr: 0.000016  min_lr: 0.000016  loss: 0.0324 (0.0322)  reconst_loss: 0.0008 (0.0008)  code_loss: 0.0317 (0.0314)  weight_decay: 0.0500 (0.0500)  grad_norm: 0.0087 (0.0120)  time: 0.8678  data: 0.0002  max mem: 35168
Epoch: [17]  [1150/1416]  eta: 0:03:54  lr: 0.000015  min_lr: 0.000015  loss: 0.0324 (0.0322)  reconst_loss: 0.0007 (0.0008)  code_loss: 0.0317 (0.0314)  weight_decay: 0.0500 (0.0500)  grad_norm: 0.0101 (0.0120)  time: 0.8657  data: 0.0002  max mem: 35168
Epoch: [17]  [1160/1416]  eta: 0:03:45  lr: 0.000015  min_lr: 0.000015  loss: 0.0324 (0.0322)  reconst_loss: 0.0007 (0.0008)  code_loss: 0.0317 (0.0314)  weight_decay: 0.0500 (0.0500)  grad_norm: 0.0101 (0.0120)  time: 0.8676  data: 0.0004  max mem: 35168
Epoch: [17]  [1170/1416]  eta: 0:03:36  lr: 0.000015  min_lr: 0.000015  loss: 0.0324 (0.0322)  reconst_loss: 0.0007 (0.0008)  code_loss: 0.0317 (0.0314)  weight_decay: 0.0500 (0.0500)  grad_norm: 0.0098 (0.0120)  time: 0.8670  data: 0.0004  max mem: 35168
Epoch: [17]  [1180/1416]  eta: 0:03:27  lr: 0.000015  min_lr: 0.000015  loss: 0.0324 (0.0322)  reconst_loss: 0.0007 (0.0008)  code_loss: 0.0317 (0.0314)  weight_decay: 0.0500 (0.0500)  grad_norm: 0.0103 (0.0120)  time: 0.8670  data: 0.0003  max mem: 35168
Epoch: [17]  [1190/1416]  eta: 0:03:18  lr: 0.000015  min_lr: 0.000015  loss: 0.0324 (0.0322)  reconst_loss: 0.0007 (0.0008)  code_loss: 0.0317 (0.0315)  weight_decay: 0.0500 (0.0500)  grad_norm: 0.0117 (0.0120)  time: 0.8700  data: 0.0003  max mem: 35168
Epoch: [17]  [1200/1416]  eta: 0:03:09  lr: 0.000015  min_lr: 0.000015  loss: 0.0324 (0.0322)  reconst_loss: 0.0007 (0.0008)  code_loss: 0.0317 (0.0315)  weight_decay: 0.0500 (0.0500)  grad_norm: 0.0097 (0.0120)  time: 0.8670  data: 0.0008  max mem: 35168
Epoch: [17]  [1210/1416]  eta: 0:03:01  lr: 0.000015  min_lr: 0.000015  loss: 0.0324 (0.0322)  reconst_loss: 0.0007 (0.0008)  code_loss: 0.0317 (0.0315)  weight_decay: 0.0500 (0.0500)  grad_norm: 0.0080 (0.0119)  time: 0.8547  data: 0.0006  max mem: 35168
Epoch: [17]  [1220/1416]  eta: 0:02:52  lr: 0.000015  min_lr: 0.000015  loss: 0.0325 (0.0322)  reconst_loss: 0.0007 (0.0008)  code_loss: 0.0317 (0.0315)  weight_decay: 0.0500 (0.0500)  grad_norm: 0.0082 (0.0119)  time: 0.8444  data: 0.0002  max mem: 35168
Epoch: [17]  [1230/1416]  eta: 0:02:43  lr: 0.000015  min_lr: 0.000015  loss: 0.0325 (0.0322)  reconst_loss: 0.0008 (0.0008)  code_loss: 0.0317 (0.0315)  weight_decay: 0.0500 (0.0500)  grad_norm: 0.0093 (0.0119)  time: 0.8374  data: 0.0002  max mem: 35168
Epoch: [17]  [1240/1416]  eta: 0:02:34  lr: 0.000015  min_lr: 0.000015  loss: 0.0325 (0.0322)  reconst_loss: 0.0008 (0.0008)  code_loss: 0.0317 (0.0315)  weight_decay: 0.0500 (0.0500)  grad_norm: 0.0093 (0.0119)  time: 0.8354  data: 0.0001  max mem: 35168
Epoch: [17]  [1250/1416]  eta: 0:02:25  lr: 0.000015  min_lr: 0.000015  loss: 0.0325 (0.0322)  reconst_loss: 0.0008 (0.0008)  code_loss: 0.0317 (0.0315)  weight_decay: 0.0500 (0.0500)  grad_norm: 0.0086 (0.0118)  time: 0.8380  data: 0.0001  max mem: 35168
Epoch: [17]  [1260/1416]  eta: 0:02:16  lr: 0.000014  min_lr: 0.000014  loss: 0.0325 (0.0322)  reconst_loss: 0.0008 (0.0008)  code_loss: 0.0317 (0.0315)  weight_decay: 0.0500 (0.0500)  grad_norm: 0.0083 (0.0118)  time: 0.8395  data: 0.0001  max mem: 35168
Epoch: [17]  [1270/1416]  eta: 0:02:08  lr: 0.000014  min_lr: 0.000014  loss: 0.0325 (0.0322)  reconst_loss: 0.0007 (0.0008)  code_loss: 0.0317 (0.0315)  weight_decay: 0.0500 (0.0500)  grad_norm: 0.0097 (0.0118)  time: 0.8410  data: 0.0001  max mem: 35168
Epoch: [17]  [1280/1416]  eta: 0:01:59  lr: 0.000014  min_lr: 0.000014  loss: 0.0325 (0.0322)  reconst_loss: 0.0007 (0.0008)  code_loss: 0.0318 (0.0315)  weight_decay: 0.0500 (0.0500)  grad_norm: 0.0132 (0.0118)  time: 0.8393  data: 0.0001  max mem: 35168
Epoch: [17]  [1290/1416]  eta: 0:01:50  lr: 0.000014  min_lr: 0.000014  loss: 0.0325 (0.0322)  reconst_loss: 0.0008 (0.0008)  code_loss: 0.0318 (0.0315)  weight_decay: 0.0500 (0.0500)  grad_norm: 0.0154 (0.0119)  time: 0.8391  data: 0.0002  max mem: 35168
Epoch: [17]  [1300/1416]  eta: 0:01:41  lr: 0.000014  min_lr: 0.000014  loss: 0.0326 (0.0322)  reconst_loss: 0.0008 (0.0008)  code_loss: 0.0318 (0.0315)  weight_decay: 0.0500 (0.0500)  grad_norm: 0.0088 (0.0118)  time: 0.8421  data: 0.0002  max mem: 35168
Epoch: [17]  [1310/1416]  eta: 0:01:32  lr: 0.000014  min_lr: 0.000014  loss: 0.0326 (0.0322)  reconst_loss: 0.0008 (0.0008)  code_loss: 0.0318 (0.0315)  weight_decay: 0.0500 (0.0500)  grad_norm: 0.0083 (0.0118)  time: 0.8388  data: 0.0001  max mem: 35168
Epoch: [17]  [1320/1416]  eta: 0:01:24  lr: 0.000014  min_lr: 0.000014  loss: 0.0325 (0.0323)  reconst_loss: 0.0007 (0.0008)  code_loss: 0.0318 (0.0315)  weight_decay: 0.0500 (0.0500)  grad_norm: 0.0126 (0.0118)  time: 0.8359  data: 0.0001  max mem: 35168
Epoch: [17]  [1330/1416]  eta: 0:01:15  lr: 0.000014  min_lr: 0.000014  loss: 0.0325 (0.0323)  reconst_loss: 0.0007 (0.0008)  code_loss: 0.0318 (0.0315)  weight_decay: 0.0500 (0.0500)  grad_norm: 0.0110 (0.0118)  time: 0.8396  data: 0.0001  max mem: 35168
Epoch: [17]  [1340/1416]  eta: 0:01:06  lr: 0.000014  min_lr: 0.000014  loss: 0.0325 (0.0323)  reconst_loss: 0.0007 (0.0008)  code_loss: 0.0318 (0.0315)  weight_decay: 0.0500 (0.0500)  grad_norm: 0.0099 (0.0118)  time: 0.8427  data: 0.0001  max mem: 35168
Epoch: [17]  [1350/1416]  eta: 0:00:57  lr: 0.000014  min_lr: 0.000014  loss: 0.0326 (0.0323)  reconst_loss: 0.0007 (0.0008)  code_loss: 0.0318 (0.0315)  weight_decay: 0.0500 (0.0500)  grad_norm: 0.0068 (0.0118)  time: 0.8419  data: 0.0002  max mem: 35168
Epoch: [17]  [1360/1416]  eta: 0:00:48  lr: 0.000013  min_lr: 0.000013  loss: 0.0325 (0.0323)  reconst_loss: 0.0007 (0.0008)  code_loss: 0.0318 (0.0315)  weight_decay: 0.0500 (0.0500)  grad_norm: 0.0060 (0.0118)  time: 0.8397  data: 0.0001  max mem: 35168
Epoch: [17]  [1370/1416]  eta: 0:00:40  lr: 0.000013  min_lr: 0.000013  loss: 0.0326 (0.0323)  reconst_loss: 0.0008 (0.0008)  code_loss: 0.0318 (0.0315)  weight_decay: 0.0500 (0.0500)  grad_norm: 0.0069 (0.0117)  time: 0.8375  data: 0.0001  max mem: 35168
Epoch: [17]  [1380/1416]  eta: 0:00:31  lr: 0.000013  min_lr: 0.000013  loss: 0.0326 (0.0323)  reconst_loss: 0.0008 (0.0008)  code_loss: 0.0318 (0.0315)  weight_decay: 0.0500 (0.0500)  grad_norm: 0.0069 (0.0117)  time: 0.8358  data: 0.0001  max mem: 35168
Epoch: [17]  [1390/1416]  eta: 0:00:22  lr: 0.000013  min_lr: 0.000013  loss: 0.0326 (0.0323)  reconst_loss: 0.0008 (0.0008)  code_loss: 0.0318 (0.0315)  weight_decay: 0.0500 (0.0500)  grad_norm: 0.0069 (0.0117)  time: 0.8352  data: 0.0001  max mem: 35168
Epoch: [17]  [1400/1416]  eta: 0:00:13  lr: 0.000013  min_lr: 0.000013  loss: 0.0326 (0.0323)  reconst_loss: 0.0008 (0.0008)  code_loss: 0.0318 (0.0315)  weight_decay: 0.0500 (0.0500)  grad_norm: 0.0070 (0.0116)  time: 0.8418  data: 0.0001  max mem: 35168
Epoch: [17]  [1410/1416]  eta: 0:00:05  lr: 0.000013  min_lr: 0.000013  loss: 0.0326 (0.0323)  reconst_loss: 0.0008 (0.0008)  code_loss: 0.0318 (0.0315)  weight_decay: 0.0500 (0.0500)  grad_norm: 0.0088 (0.0116)  time: 0.8520  data: 0.0001  max mem: 35168
Epoch: [17]  [1415/1416]  eta: 0:00:00  lr: 0.000013  min_lr: 0.000013  loss: 0.0326 (0.0323)  reconst_loss: 0.0008 (0.0008)  code_loss: 0.0318 (0.0315)  weight_decay: 0.0500 (0.0500)  grad_norm: 0.0091 (0.0116)  time: 0.8534  data: 0.0001  max mem: 35168
Epoch: [17] Total time: 0:20:38 (0.8745 s / it)
Averaged stats: lr: 0.000013  min_lr: 0.000013  loss: 0.0326 (0.0323)  reconst_loss: 0.0008 (0.0008)  code_loss: 0.0318 (0.0315)  weight_decay: 0.0500 (0.0500)  grad_norm: 0.0091 (0.0116)
Epoch: [18]  [   0/1416]  eta: 6:53:35  lr: 0.000013  min_lr: 0.000013  loss: 0.0327 (0.0327)  reconst_loss: 0.0009 (0.0009)  code_loss: 0.0319 (0.0319)  weight_decay: 0.0500 (0.0500)  grad_norm: 0.0124 (0.0124)  time: 17.5250  data: 16.4265  max mem: 35168
Epoch: [18]  [  10/1416]  eta: 0:56:13  lr: 0.000013  min_lr: 0.000013  loss: 0.0326 (0.0326)  reconst_loss: 0.0008 (0.0008)  code_loss: 0.0319 (0.0319)  weight_decay: 0.0500 (0.0500)  grad_norm: 0.0077 (0.0083)  time: 2.3993  data: 1.4936  max mem: 35168
Epoch: [18]  [  20/1416]  eta: 0:38:46  lr: 0.000013  min_lr: 0.000013  loss: 0.0326 (0.0326)  reconst_loss: 0.0007 (0.0008)  code_loss: 0.0319 (0.0319)  weight_decay: 0.0500 (0.0500)  grad_norm: 0.0077 (0.0089)  time: 0.8740  data: 0.0003  max mem: 35168
Epoch: [18]  [  30/1416]  eta: 0:32:26  lr: 0.000013  min_lr: 0.000013  loss: 0.0326 (0.0326)  reconst_loss: 0.0007 (0.0008)  code_loss: 0.0319 (0.0319)  weight_decay: 0.0500 (0.0500)  grad_norm: 0.0085 (0.0090)  time: 0.8570  data: 0.0003  max mem: 35168
Epoch: [18]  [  40/1416]  eta: 0:29:10  lr: 0.000013  min_lr: 0.000013  loss: 0.0326 (0.0326)  reconst_loss: 0.0008 (0.0008)  code_loss: 0.0319 (0.0319)  weight_decay: 0.0500 (0.0500)  grad_norm: 0.0076 (0.0085)  time: 0.8580  data: 0.0003  max mem: 35168
Epoch: [18]  [  50/1416]  eta: 0:27:07  lr: 0.000013  min_lr: 0.000013  loss: 0.0326 (0.0326)  reconst_loss: 0.0007 (0.0008)  code_loss: 0.0319 (0.0319)  weight_decay: 0.0500 (0.0500)  grad_norm: 0.0065 (0.0083)  time: 0.8621  data: 0.0002  max mem: 35168
Epoch: [18]  [  60/1416]  eta: 0:25:42  lr: 0.000012  min_lr: 0.000012  loss: 0.0326 (0.0326)  reconst_loss: 0.0007 (0.0008)  code_loss: 0.0319 (0.0319)  weight_decay: 0.0500 (0.0500)  grad_norm: 0.0057 (0.0078)  time: 0.8610  data: 0.0002  max mem: 35168
Epoch: [18]  [  70/1416]  eta: 0:24:39  lr: 0.000012  min_lr: 0.000012  loss: 0.0326 (0.0326)  reconst_loss: 0.0007 (0.0008)  code_loss: 0.0319 (0.0319)  weight_decay: 0.0500 (0.0500)  grad_norm: 0.0056 (0.0077)  time: 0.8638  data: 0.0005  max mem: 35168
Epoch: [18]  [  80/1416]  eta: 0:23:48  lr: 0.000012  min_lr: 0.000012  loss: 0.0327 (0.0326)  reconst_loss: 0.0008 (0.0008)  code_loss: 0.0319 (0.0319)  weight_decay: 0.0500 (0.0500)  grad_norm: 0.0071 (0.0076)  time: 0.8602  data: 0.0007  max mem: 35168
Epoch: [18]  [  90/1416]  eta: 0:23:07  lr: 0.000012  min_lr: 0.000012  loss: 0.0326 (0.0327)  reconst_loss: 0.0007 (0.0008)  code_loss: 0.0319 (0.0319)  weight_decay: 0.0500 (0.0500)  grad_norm: 0.0066 (0.0075)  time: 0.8571  data: 0.0007  max mem: 35168
Epoch: [18]  [ 100/1416]  eta: 0:22:32  lr: 0.000012  min_lr: 0.000012  loss: 0.0326 (0.0327)  reconst_loss: 0.0007 (0.0008)  code_loss: 0.0319 (0.0319)  weight_decay: 0.0500 (0.0500)  grad_norm: 0.0073 (0.0078)  time: 0.8612  data: 0.0006  max mem: 35168
Epoch: [18]  [ 110/1416]  eta: 0:22:02  lr: 0.000012  min_lr: 0.000012  loss: 0.0327 (0.0327)  reconst_loss: 0.0007 (0.0008)  code_loss: 0.0319 (0.0319)  weight_decay: 0.0500 (0.0500)  grad_norm: 0.0097 (0.0080)  time: 0.8622  data: 0.0004  max mem: 35168
Epoch: [18]  [ 120/1416]  eta: 0:21:36  lr: 0.000012  min_lr: 0.000012  loss: 0.0327 (0.0327)  reconst_loss: 0.0007 (0.0008)  code_loss: 0.0319 (0.0319)  weight_decay: 0.0500 (0.0500)  grad_norm: 0.0097 (0.0083)  time: 0.8613  data: 0.0005  max mem: 35168
Epoch: [18]  [ 130/1416]  eta: 0:21:13  lr: 0.000012  min_lr: 0.000012  loss: 0.0327 (0.0327)  reconst_loss: 0.0007 (0.0008)  code_loss: 0.0320 (0.0319)  weight_decay: 0.0500 (0.0500)  grad_norm: 0.0089 (0.0083)  time: 0.8620  data: 0.0005  max mem: 35168
Epoch: [18]  [ 140/1416]  eta: 0:20:51  lr: 0.000012  min_lr: 0.000012  loss: 0.0327 (0.0327)  reconst_loss: 0.0007 (0.0008)  code_loss: 0.0320 (0.0319)  weight_decay: 0.0500 (0.0500)  grad_norm: 0.0075 (0.0082)  time: 0.8648  data: 0.0004  max mem: 35168
Epoch: [18]  [ 150/1416]  eta: 0:20:32  lr: 0.000012  min_lr: 0.000012  loss: 0.0327 (0.0327)  reconst_loss: 0.0007 (0.0008)  code_loss: 0.0320 (0.0319)  weight_decay: 0.0500 (0.0500)  grad_norm: 0.0082 (0.0083)  time: 0.8681  data: 0.0003  max mem: 35168
Epoch: [18]  [ 160/1416]  eta: 0:20:15  lr: 0.000012  min_lr: 0.000012  loss: 0.0327 (0.0327)  reconst_loss: 0.0007 (0.0008)  code_loss: 0.0320 (0.0319)  weight_decay: 0.0500 (0.0500)  grad_norm: 0.0072 (0.0082)  time: 0.8709  data: 0.0004  max mem: 35168
Epoch: [18]  [ 170/1416]  eta: 0:19:57  lr: 0.000011  min_lr: 0.000011  loss: 0.0327 (0.0327)  reconst_loss: 0.0007 (0.0008)  code_loss: 0.0320 (0.0319)  weight_decay: 0.0500 (0.0500)  grad_norm: 0.0063 (0.0081)  time: 0.8675  data: 0.0005  max mem: 35168
Epoch: [18]  [ 180/1416]  eta: 0:19:41  lr: 0.000011  min_lr: 0.000011  loss: 0.0328 (0.0327)  reconst_loss: 0.0008 (0.0008)  code_loss: 0.0320 (0.0319)  weight_decay: 0.0500 (0.0500)  grad_norm: 0.0062 (0.0080)  time: 0.8652  data: 0.0003  max mem: 35168
Epoch: [18]  [ 190/1416]  eta: 0:19:26  lr: 0.000011  min_lr: 0.000011  loss: 0.0328 (0.0327)  reconst_loss: 0.0008 (0.0008)  code_loss: 0.0320 (0.0319)  weight_decay: 0.0500 (0.0500)  grad_norm: 0.0074 (0.0081)  time: 0.8651  data: 0.0004  max mem: 35168
Epoch: [18]  [ 200/1416]  eta: 0:19:11  lr: 0.000011  min_lr: 0.000011  loss: 0.0328 (0.0327)  reconst_loss: 0.0007 (0.0008)  code_loss: 0.0320 (0.0319)  weight_decay: 0.0500 (0.0500)  grad_norm: 0.0077 (0.0081)  time: 0.8637  data: 0.0007  max mem: 35168
Epoch: [18]  [ 210/1416]  eta: 0:18:57  lr: 0.000011  min_lr: 0.000011  loss: 0.0328 (0.0327)  reconst_loss: 0.0007 (0.0008)  code_loss: 0.0320 (0.0319)  weight_decay: 0.0500 (0.0500)  grad_norm: 0.0065 (0.0081)  time: 0.8651  data: 0.0005  max mem: 35168
Epoch: [18]  [ 220/1416]  eta: 0:18:43  lr: 0.000011  min_lr: 0.000011  loss: 0.0328 (0.0327)  reconst_loss: 0.0007 (0.0008)  code_loss: 0.0320 (0.0320)  weight_decay: 0.0500 (0.0500)  grad_norm: 0.0073 (0.0080)  time: 0.8660  data: 0.0004  max mem: 35168
Epoch: [18]  [ 230/1416]  eta: 0:18:30  lr: 0.000011  min_lr: 0.000011  loss: 0.0328 (0.0327)  reconst_loss: 0.0007 (0.0008)  code_loss: 0.0320 (0.0320)  weight_decay: 0.0500 (0.0500)  grad_norm: 0.0074 (0.0081)  time: 0.8668  data: 0.0003  max mem: 35168
Epoch: [18]  [ 240/1416]  eta: 0:18:17  lr: 0.000011  min_lr: 0.000011  loss: 0.0328 (0.0327)  reconst_loss: 0.0008 (0.0008)  code_loss: 0.0321 (0.0320)  weight_decay: 0.0500 (0.0500)  grad_norm: 0.0066 (0.0081)  time: 0.8679  data: 0.0003  max mem: 35168
Epoch: [18]  [ 250/1416]  eta: 0:18:05  lr: 0.000011  min_lr: 0.000011  loss: 0.0328 (0.0327)  reconst_loss: 0.0007 (0.0008)  code_loss: 0.0321 (0.0320)  weight_decay: 0.0500 (0.0500)  grad_norm: 0.0066 (0.0080)  time: 0.8667  data: 0.0003  max mem: 35168
Epoch: [18]  [ 260/1416]  eta: 0:17:53  lr: 0.000011  min_lr: 0.000011  loss: 0.0328 (0.0327)  reconst_loss: 0.0007 (0.0008)  code_loss: 0.0321 (0.0320)  weight_decay: 0.0500 (0.0500)  grad_norm: 0.0060 (0.0079)  time: 0.8656  data: 0.0002  max mem: 35168
Epoch: [18]  [ 270/1416]  eta: 0:17:41  lr: 0.000011  min_lr: 0.000011  loss: 0.0328 (0.0327)  reconst_loss: 0.0007 (0.0008)  code_loss: 0.0321 (0.0320)  weight_decay: 0.0500 (0.0500)  grad_norm: 0.0060 (0.0079)  time: 0.8677  data: 0.0003  max mem: 35168
Epoch: [18]  [ 280/1416]  eta: 0:17:29  lr: 0.000011  min_lr: 0.000011  loss: 0.0329 (0.0327)  reconst_loss: 0.0008 (0.0008)  code_loss: 0.0321 (0.0320)  weight_decay: 0.0500 (0.0500)  grad_norm: 0.0070 (0.0079)  time: 0.8667  data: 0.0005  max mem: 35168
Epoch: [18]  [ 290/1416]  eta: 0:17:18  lr: 0.000010  min_lr: 0.000010  loss: 0.0329 (0.0327)  reconst_loss: 0.0008 (0.0008)  code_loss: 0.0321 (0.0320)  weight_decay: 0.0500 (0.0500)  grad_norm: 0.0064 (0.0078)  time: 0.8631  data: 0.0005  max mem: 35168
Epoch: [18]  [ 300/1416]  eta: 0:17:06  lr: 0.000010  min_lr: 0.000010  loss: 0.0328 (0.0327)  reconst_loss: 0.0007 (0.0008)  code_loss: 0.0321 (0.0320)  weight_decay: 0.0500 (0.0500)  grad_norm: 0.0060 (0.0078)  time: 0.8626  data: 0.0004  max mem: 35168
Epoch: [18]  [ 310/1416]  eta: 0:16:55  lr: 0.000010  min_lr: 0.000010  loss: 0.0329 (0.0327)  reconst_loss: 0.0007 (0.0008)  code_loss: 0.0321 (0.0320)  weight_decay: 0.0500 (0.0500)  grad_norm: 0.0076 (0.0078)  time: 0.8657  data: 0.0007  max mem: 35168
Epoch: [18]  [ 320/1416]  eta: 0:16:44  lr: 0.000010  min_lr: 0.000010  loss: 0.0329 (0.0328)  reconst_loss: 0.0007 (0.0008)  code_loss: 0.0321 (0.0320)  weight_decay: 0.0500 (0.0500)  grad_norm: 0.0077 (0.0078)  time: 0.8649  data: 0.0008  max mem: 35168
Epoch: [18]  [ 330/1416]  eta: 0:16:33  lr: 0.000010  min_lr: 0.000010  loss: 0.0329 (0.0328)  reconst_loss: 0.0007 (0.0008)  code_loss: 0.0322 (0.0320)  weight_decay: 0.0500 (0.0500)  grad_norm: 0.0073 (0.0078)  time: 0.8630  data: 0.0003  max mem: 35168
Epoch: [18]  [ 340/1416]  eta: 0:16:23  lr: 0.000010  min_lr: 0.000010  loss: 0.0329 (0.0328)  reconst_loss: 0.0008 (0.0008)  code_loss: 0.0322 (0.0320)  weight_decay: 0.0500 (0.0500)  grad_norm: 0.0071 (0.0078)  time: 0.8668  data: 0.0003  max mem: 35168
Epoch: [18]  [ 350/1416]  eta: 0:16:12  lr: 0.000010  min_lr: 0.000010  loss: 0.0329 (0.0328)  reconst_loss: 0.0007 (0.0008)  code_loss: 0.0322 (0.0320)  weight_decay: 0.0500 (0.0500)  grad_norm: 0.0065 (0.0078)  time: 0.8694  data: 0.0003  max mem: 35168
Epoch: [18]  [ 360/1416]  eta: 0:16:02  lr: 0.000010  min_lr: 0.000010  loss: 0.0329 (0.0328)  reconst_loss: 0.0007 (0.0008)  code_loss: 0.0322 (0.0320)  weight_decay: 0.0500 (0.0500)  grad_norm: 0.0053 (0.0077)  time: 0.8675  data: 0.0004  max mem: 35168
Epoch: [18]  [ 370/1416]  eta: 0:15:51  lr: 0.000010  min_lr: 0.000010  loss: 0.0330 (0.0328)  reconst_loss: 0.0008 (0.0008)  code_loss: 0.0322 (0.0320)  weight_decay: 0.0500 (0.0500)  grad_norm: 0.0052 (0.0077)  time: 0.8641  data: 0.0004  max mem: 35168
Epoch: [18]  [ 380/1416]  eta: 0:15:41  lr: 0.000010  min_lr: 0.000010  loss: 0.0330 (0.0328)  reconst_loss: 0.0008 (0.0008)  code_loss: 0.0322 (0.0320)  weight_decay: 0.0500 (0.0500)  grad_norm: 0.0053 (0.0077)  time: 0.8622  data: 0.0005  max mem: 35168
Epoch: [18]  [ 390/1416]  eta: 0:15:30  lr: 0.000010  min_lr: 0.000010  loss: 0.0330 (0.0328)  reconst_loss: 0.0008 (0.0008)  code_loss: 0.0322 (0.0320)  weight_decay: 0.0500 (0.0500)  grad_norm: 0.0066 (0.0077)  time: 0.8633  data: 0.0004  max mem: 35168
Epoch: [18]  [ 400/1416]  eta: 0:15:20  lr: 0.000010  min_lr: 0.000010  loss: 0.0329 (0.0328)  reconst_loss: 0.0007 (0.0008)  code_loss: 0.0322 (0.0320)  weight_decay: 0.0500 (0.0500)  grad_norm: 0.0067 (0.0076)  time: 0.8639  data: 0.0003  max mem: 35168
Epoch: [18]  [ 410/1416]  eta: 0:15:10  lr: 0.000010  min_lr: 0.000010  loss: 0.0329 (0.0328)  reconst_loss: 0.0007 (0.0008)  code_loss: 0.0322 (0.0320)  weight_decay: 0.0500 (0.0500)  grad_norm: 0.0057 (0.0076)  time: 0.8619  data: 0.0003  max mem: 35168
Epoch: [18]  [ 420/1416]  eta: 0:15:00  lr: 0.000009  min_lr: 0.000009  loss: 0.0330 (0.0328)  reconst_loss: 0.0007 (0.0008)  code_loss: 0.0322 (0.0320)  weight_decay: 0.0500 (0.0500)  grad_norm: 0.0057 (0.0076)  time: 0.8612  data: 0.0004  max mem: 35168
Epoch: [18]  [ 430/1416]  eta: 0:14:50  lr: 0.000009  min_lr: 0.000009  loss: 0.0330 (0.0328)  reconst_loss: 0.0007 (0.0008)  code_loss: 0.0323 (0.0321)  weight_decay: 0.0500 (0.0500)  grad_norm: 0.0061 (0.0075)  time: 0.8654  data: 0.0004  max mem: 35168
Epoch: [18]  [ 440/1416]  eta: 0:14:40  lr: 0.000009  min_lr: 0.000009  loss: 0.0330 (0.0328)  reconst_loss: 0.0007 (0.0008)  code_loss: 0.0323 (0.0321)  weight_decay: 0.0500 (0.0500)  grad_norm: 0.0067 (0.0076)  time: 0.8671  data: 0.0004  max mem: 35168
Epoch: [18]  [ 450/1416]  eta: 0:14:31  lr: 0.000009  min_lr: 0.000009  loss: 0.0330 (0.0328)  reconst_loss: 0.0008 (0.0008)  code_loss: 0.0323 (0.0321)  weight_decay: 0.0500 (0.0500)  grad_norm: 0.0085 (0.0076)  time: 0.8657  data: 0.0004  max mem: 35168
Epoch: [18]  [ 460/1416]  eta: 0:14:21  lr: 0.000009  min_lr: 0.000009  loss: 0.0330 (0.0328)  reconst_loss: 0.0008 (0.0008)  code_loss: 0.0323 (0.0321)  weight_decay: 0.0500 (0.0500)  grad_norm: 0.0074 (0.0076)  time: 0.8708  data: 0.0004  max mem: 35168
Epoch: [18]  [ 470/1416]  eta: 0:14:11  lr: 0.000009  min_lr: 0.000009  loss: 0.0331 (0.0328)  reconst_loss: 0.0008 (0.0008)  code_loss: 0.0323 (0.0321)  weight_decay: 0.0500 (0.0500)  grad_norm: 0.0060 (0.0076)  time: 0.8707  data: 0.0003  max mem: 35168
Epoch: [18]  [ 480/1416]  eta: 0:14:02  lr: 0.000009  min_lr: 0.000009  loss: 0.0331 (0.0328)  reconst_loss: 0.0008 (0.0008)  code_loss: 0.0323 (0.0321)  weight_decay: 0.0500 (0.0500)  grad_norm: 0.0057 (0.0076)  time: 0.8668  data: 0.0003  max mem: 35168
Epoch: [18]  [ 490/1416]  eta: 0:13:52  lr: 0.000009  min_lr: 0.000009  loss: 0.0331 (0.0328)  reconst_loss: 0.0008 (0.0008)  code_loss: 0.0323 (0.0321)  weight_decay: 0.0500 (0.0500)  grad_norm: 0.0066 (0.0076)  time: 0.8680  data: 0.0003  max mem: 35168
Epoch: [18]  [ 500/1416]  eta: 0:13:42  lr: 0.000009  min_lr: 0.000009  loss: 0.0331 (0.0328)  reconst_loss: 0.0008 (0.0008)  code_loss: 0.0323 (0.0321)  weight_decay: 0.0500 (0.0500)  grad_norm: 0.0070 (0.0076)  time: 0.8650  data: 0.0004  max mem: 35168
Epoch: [18]  [ 510/1416]  eta: 0:13:33  lr: 0.000009  min_lr: 0.000009  loss: 0.0331 (0.0328)  reconst_loss: 0.0008 (0.0008)  code_loss: 0.0323 (0.0321)  weight_decay: 0.0500 (0.0500)  grad_norm: 0.0086 (0.0076)  time: 0.8629  data: 0.0004  max mem: 35168
Epoch: [18]  [ 520/1416]  eta: 0:13:23  lr: 0.000009  min_lr: 0.000009  loss: 0.0331 (0.0329)  reconst_loss: 0.0007 (0.0008)  code_loss: 0.0324 (0.0321)  weight_decay: 0.0500 (0.0500)  grad_norm: 0.0073 (0.0076)  time: 0.8668  data: 0.0003  max mem: 35168
Epoch: [18]  [ 530/1416]  eta: 0:13:14  lr: 0.000009  min_lr: 0.000009  loss: 0.0331 (0.0329)  reconst_loss: 0.0007 (0.0008)  code_loss: 0.0324 (0.0321)  weight_decay: 0.0500 (0.0500)  grad_norm: 0.0065 (0.0076)  time: 0.8680  data: 0.0008  max mem: 35168
Epoch: [18]  [ 540/1416]  eta: 0:13:04  lr: 0.000009  min_lr: 0.000009  loss: 0.0331 (0.0329)  reconst_loss: 0.0007 (0.0008)  code_loss: 0.0324 (0.0321)  weight_decay: 0.0500 (0.0500)  grad_norm: 0.0063 (0.0076)  time: 0.8668  data: 0.0008  max mem: 35168
Epoch: [18]  [ 550/1416]  eta: 0:12:55  lr: 0.000008  min_lr: 0.000008  loss: 0.0331 (0.0329)  reconst_loss: 0.0007 (0.0008)  code_loss: 0.0324 (0.0321)  weight_decay: 0.0500 (0.0500)  grad_norm: 0.0063 (0.0075)  time: 0.8635  data: 0.0003  max mem: 35168
Epoch: [18]  [ 560/1416]  eta: 0:12:45  lr: 0.000008  min_lr: 0.000008  loss: 0.0331 (0.0329)  reconst_loss: 0.0007 (0.0008)  code_loss: 0.0324 (0.0321)  weight_decay: 0.0500 (0.0500)  grad_norm: 0.0059 (0.0075)  time: 0.8640  data: 0.0003  max mem: 35168
Epoch: [18]  [ 570/1416]  eta: 0:12:36  lr: 0.000008  min_lr: 0.000008  loss: 0.0331 (0.0329)  reconst_loss: 0.0007 (0.0008)  code_loss: 0.0324 (0.0321)  weight_decay: 0.0500 (0.0500)  grad_norm: 0.0071 (0.0076)  time: 0.8682  data: 0.0003  max mem: 35168
Epoch: [18]  [ 580/1416]  eta: 0:12:27  lr: 0.000008  min_lr: 0.000008  loss: 0.0332 (0.0329)  reconst_loss: 0.0007 (0.0008)  code_loss: 0.0324 (0.0321)  weight_decay: 0.0500 (0.0500)  grad_norm: 0.0077 (0.0076)  time: 0.8673  data: 0.0003  max mem: 35168
Epoch: [18]  [ 590/1416]  eta: 0:12:17  lr: 0.000008  min_lr: 0.000008  loss: 0.0332 (0.0329)  reconst_loss: 0.0007 (0.0008)  code_loss: 0.0324 (0.0321)  weight_decay: 0.0500 (0.0500)  grad_norm: 0.0056 (0.0075)  time: 0.8671  data: 0.0005  max mem: 35168
Epoch: [18]  [ 600/1416]  eta: 0:12:08  lr: 0.000008  min_lr: 0.000008  loss: 0.0332 (0.0329)  reconst_loss: 0.0007 (0.0008)  code_loss: 0.0325 (0.0321)  weight_decay: 0.0500 (0.0500)  grad_norm: 0.0050 (0.0075)  time: 0.8648  data: 0.0005  max mem: 35168
Epoch: [18]  [ 610/1416]  eta: 0:11:59  lr: 0.000008  min_lr: 0.000008  loss: 0.0332 (0.0329)  reconst_loss: 0.0007 (0.0008)  code_loss: 0.0325 (0.0321)  weight_decay: 0.0500 (0.0500)  grad_norm: 0.0053 (0.0075)  time: 0.8623  data: 0.0003  max mem: 35168
Epoch: [18]  [ 620/1416]  eta: 0:11:50  lr: 0.000008  min_lr: 0.000008  loss: 0.0332 (0.0329)  reconst_loss: 0.0007 (0.0008)  code_loss: 0.0325 (0.0322)  weight_decay: 0.0500 (0.0500)  grad_norm: 0.0090 (0.0075)  time: 0.8656  data: 0.0003  max mem: 35168
Epoch: [18]  [ 630/1416]  eta: 0:11:40  lr: 0.000008  min_lr: 0.000008  loss: 0.0332 (0.0329)  reconst_loss: 0.0007 (0.0008)  code_loss: 0.0325 (0.0322)  weight_decay: 0.0500 (0.0500)  grad_norm: 0.0090 (0.0075)  time: 0.8669  data: 0.0005  max mem: 35168
Epoch: [18]  [ 640/1416]  eta: 0:11:31  lr: 0.000008  min_lr: 0.000008  loss: 0.0333 (0.0329)  reconst_loss: 0.0008 (0.0008)  code_loss: 0.0325 (0.0322)  weight_decay: 0.0500 (0.0500)  grad_norm: 0.0059 (0.0075)  time: 0.8650  data: 0.0005  max mem: 35168
Epoch: [18]  [ 650/1416]  eta: 0:11:22  lr: 0.000008  min_lr: 0.000008  loss: 0.0333 (0.0329)  reconst_loss: 0.0007 (0.0008)  code_loss: 0.0325 (0.0322)  weight_decay: 0.0500 (0.0500)  grad_norm: 0.0076 (0.0076)  time: 0.8627  data: 0.0003  max mem: 35168
Epoch: [18]  [ 660/1416]  eta: 0:11:13  lr: 0.000008  min_lr: 0.000008  loss: 0.0333 (0.0329)  reconst_loss: 0.0007 (0.0008)  code_loss: 0.0325 (0.0322)  weight_decay: 0.0500 (0.0500)  grad_norm: 0.0093 (0.0076)  time: 0.8652  data: 0.0003  max mem: 35168
Epoch: [18]  [ 670/1416]  eta: 0:11:03  lr: 0.000008  min_lr: 0.000008  loss: 0.0333 (0.0329)  reconst_loss: 0.0008 (0.0008)  code_loss: 0.0325 (0.0322)  weight_decay: 0.0500 (0.0500)  grad_norm: 0.0070 (0.0076)  time: 0.8669  data: 0.0004  max mem: 35168
Epoch: [18]  [ 680/1416]  eta: 0:10:54  lr: 0.000008  min_lr: 0.000008  loss: 0.0333 (0.0329)  reconst_loss: 0.0008 (0.0008)  code_loss: 0.0326 (0.0322)  weight_decay: 0.0500 (0.0500)  grad_norm: 0.0066 (0.0076)  time: 0.8640  data: 0.0004  max mem: 35168
Epoch: [18]  [ 690/1416]  eta: 0:10:45  lr: 0.000007  min_lr: 0.000007  loss: 0.0333 (0.0329)  reconst_loss: 0.0007 (0.0008)  code_loss: 0.0326 (0.0322)  weight_decay: 0.0500 (0.0500)  grad_norm: 0.0071 (0.0076)  time: 0.8631  data: 0.0004  max mem: 35168
Epoch: [18]  [ 700/1416]  eta: 0:10:36  lr: 0.000007  min_lr: 0.000007  loss: 0.0333 (0.0330)  reconst_loss: 0.0007 (0.0008)  code_loss: 0.0326 (0.0322)  weight_decay: 0.0500 (0.0500)  grad_norm: 0.0069 (0.0076)  time: 0.8658  data: 0.0003  max mem: 35168
Epoch: [18]  [ 710/1416]  eta: 0:10:27  lr: 0.000007  min_lr: 0.000007  loss: 0.0333 (0.0330)  reconst_loss: 0.0007 (0.0008)  code_loss: 0.0326 (0.0322)  weight_decay: 0.0500 (0.0500)  grad_norm: 0.0064 (0.0076)  time: 0.8671  data: 0.0002  max mem: 35168
Epoch: [18]  [ 720/1416]  eta: 0:10:18  lr: 0.000007  min_lr: 0.000007  loss: 0.0333 (0.0330)  reconst_loss: 0.0007 (0.0008)  code_loss: 0.0326 (0.0322)  weight_decay: 0.0500 (0.0500)  grad_norm: 0.0084 (0.0076)  time: 0.8651  data: 0.0002  max mem: 35168
Epoch: [18]  [ 730/1416]  eta: 0:10:09  lr: 0.000007  min_lr: 0.000007  loss: 0.0334 (0.0330)  reconst_loss: 0.0007 (0.0008)  code_loss: 0.0326 (0.0322)  weight_decay: 0.0500 (0.0500)  grad_norm: 0.0069 (0.0076)  time: 0.8679  data: 0.0002  max mem: 35168
Epoch: [18]  [ 740/1416]  eta: 0:10:00  lr: 0.000007  min_lr: 0.000007  loss: 0.0334 (0.0330)  reconst_loss: 0.0007 (0.0008)  code_loss: 0.0326 (0.0322)  weight_decay: 0.0500 (0.0500)  grad_norm: 0.0063 (0.0076)  time: 0.8691  data: 0.0003  max mem: 35168
Epoch: [18]  [ 750/1416]  eta: 0:09:50  lr: 0.000007  min_lr: 0.000007  loss: 0.0334 (0.0330)  reconst_loss: 0.0007 (0.0008)  code_loss: 0.0327 (0.0322)  weight_decay: 0.0500 (0.0500)  grad_norm: 0.0065 (0.0076)  time: 0.8613  data: 0.0003  max mem: 35168
Epoch: [18]  [ 760/1416]  eta: 0:09:41  lr: 0.000007  min_lr: 0.000007  loss: 0.0334 (0.0330)  reconst_loss: 0.0007 (0.0008)  code_loss: 0.0327 (0.0322)  weight_decay: 0.0500 (0.0500)  grad_norm: 0.0062 (0.0076)  time: 0.8605  data: 0.0003  max mem: 35168
Epoch: [18]  [ 770/1416]  eta: 0:09:32  lr: 0.000007  min_lr: 0.000007  loss: 0.0334 (0.0330)  reconst_loss: 0.0007 (0.0008)  code_loss: 0.0327 (0.0322)  weight_decay: 0.0500 (0.0500)  grad_norm: 0.0056 (0.0076)  time: 0.8640  data: 0.0003  max mem: 35168
Epoch: [18]  [ 780/1416]  eta: 0:09:23  lr: 0.000007  min_lr: 0.000007  loss: 0.0334 (0.0330)  reconst_loss: 0.0007 (0.0008)  code_loss: 0.0327 (0.0322)  weight_decay: 0.0500 (0.0500)  grad_norm: 0.0070 (0.0076)  time: 0.8643  data: 0.0003  max mem: 35168
Epoch: [18]  [ 790/1416]  eta: 0:09:14  lr: 0.000007  min_lr: 0.000007  loss: 0.0335 (0.0330)  reconst_loss: 0.0007 (0.0008)  code_loss: 0.0327 (0.0323)  weight_decay: 0.0500 (0.0500)  grad_norm: 0.0057 (0.0076)  time: 0.8696  data: 0.0004  max mem: 35168
Epoch: [18]  [ 800/1416]  eta: 0:09:05  lr: 0.000007  min_lr: 0.000007  loss: 0.0335 (0.0330)  reconst_loss: 0.0008 (0.0008)  code_loss: 0.0327 (0.0323)  weight_decay: 0.0500 (0.0500)  grad_norm: 0.0054 (0.0076)  time: 0.8713  data: 0.0005  max mem: 35168
Epoch: [18]  [ 810/1416]  eta: 0:08:56  lr: 0.000007  min_lr: 0.000007  loss: 0.0335 (0.0330)  reconst_loss: 0.0008 (0.0008)  code_loss: 0.0327 (0.0323)  weight_decay: 0.0500 (0.0500)  grad_norm: 0.0057 (0.0076)  time: 0.8619  data: 0.0004  max mem: 35168
Epoch: [18]  [ 820/1416]  eta: 0:08:47  lr: 0.000007  min_lr: 0.000007  loss: 0.0335 (0.0330)  reconst_loss: 0.0008 (0.0008)  code_loss: 0.0328 (0.0323)  weight_decay: 0.0500 (0.0500)  grad_norm: 0.0061 (0.0076)  time: 0.8640  data: 0.0003  max mem: 35168
Epoch: [18]  [ 830/1416]  eta: 0:08:38  lr: 0.000007  min_lr: 0.000007  loss: 0.0335 (0.0330)  reconst_loss: 0.0007 (0.0008)  code_loss: 0.0328 (0.0323)  weight_decay: 0.0500 (0.0500)  grad_norm: 0.0083 (0.0076)  time: 0.8692  data: 0.0003  max mem: 35168
Epoch: [18]  [ 840/1416]  eta: 0:08:29  lr: 0.000006  min_lr: 0.000006  loss: 0.0335 (0.0330)  reconst_loss: 0.0007 (0.0008)  code_loss: 0.0328 (0.0323)  weight_decay: 0.0500 (0.0500)  grad_norm: 0.0078 (0.0076)  time: 0.8655  data: 0.0003  max mem: 35168
Epoch: [18]  [ 850/1416]  eta: 0:08:20  lr: 0.000006  min_lr: 0.000006  loss: 0.0335 (0.0330)  reconst_loss: 0.0007 (0.0008)  code_loss: 0.0328 (0.0323)  weight_decay: 0.0500 (0.0500)  grad_norm: 0.0058 (0.0076)  time: 0.8649  data: 0.0003  max mem: 35168
Epoch: [18]  [ 860/1416]  eta: 0:08:11  lr: 0.000006  min_lr: 0.000006  loss: 0.0335 (0.0330)  reconst_loss: 0.0007 (0.0008)  code_loss: 0.0328 (0.0323)  weight_decay: 0.0500 (0.0500)  grad_norm: 0.0067 (0.0076)  time: 0.8682  data: 0.0003  max mem: 35168
Epoch: [18]  [ 870/1416]  eta: 0:08:02  lr: 0.000006  min_lr: 0.000006  loss: 0.0336 (0.0331)  reconst_loss: 0.0007 (0.0008)  code_loss: 0.0328 (0.0323)  weight_decay: 0.0500 (0.0500)  grad_norm: 0.0086 (0.0076)  time: 0.8670  data: 0.0003  max mem: 35168
Epoch: [18]  [ 880/1416]  eta: 0:07:53  lr: 0.000006  min_lr: 0.000006  loss: 0.0336 (0.0331)  reconst_loss: 0.0008 (0.0008)  code_loss: 0.0328 (0.0323)  weight_decay: 0.0500 (0.0500)  grad_norm: 0.0082 (0.0076)  time: 0.8607  data: 0.0002  max mem: 35168
Epoch: [18]  [ 890/1416]  eta: 0:07:44  lr: 0.000006  min_lr: 0.000006  loss: 0.0336 (0.0331)  reconst_loss: 0.0007 (0.0008)  code_loss: 0.0329 (0.0323)  weight_decay: 0.0500 (0.0500)  grad_norm: 0.0081 (0.0076)  time: 0.8570  data: 0.0003  max mem: 35168
Epoch: [18]  [ 900/1416]  eta: 0:07:35  lr: 0.000006  min_lr: 0.000006  loss: 0.0336 (0.0331)  reconst_loss: 0.0007 (0.0008)  code_loss: 0.0329 (0.0323)  weight_decay: 0.0500 (0.0500)  grad_norm: 0.0081 (0.0077)  time: 0.8612  data: 0.0005  max mem: 35168
Epoch: [18]  [ 910/1416]  eta: 0:07:27  lr: 0.000006  min_lr: 0.000006  loss: 0.0336 (0.0331)  reconst_loss: 0.0007 (0.0008)  code_loss: 0.0329 (0.0323)  weight_decay: 0.0500 (0.0500)  grad_norm: 0.0060 (0.0076)  time: 0.8661  data: 0.0005  max mem: 35168
Epoch: [18]  [ 920/1416]  eta: 0:07:18  lr: 0.000006  min_lr: 0.000006  loss: 0.0336 (0.0331)  reconst_loss: 0.0007 (0.0008)  code_loss: 0.0329 (0.0323)  weight_decay: 0.0500 (0.0500)  grad_norm: 0.0051 (0.0076)  time: 0.8619  data: 0.0006  max mem: 35168
Epoch: [18]  [ 930/1416]  eta: 0:07:09  lr: 0.000006  min_lr: 0.000006  loss: 0.0336 (0.0331)  reconst_loss: 0.0007 (0.0008)  code_loss: 0.0329 (0.0323)  weight_decay: 0.0500 (0.0500)  grad_norm: 0.0065 (0.0076)  time: 0.8603  data: 0.0007  max mem: 35168
Epoch: [18]  [ 940/1416]  eta: 0:07:00  lr: 0.000006  min_lr: 0.000006  loss: 0.0337 (0.0331)  reconst_loss: 0.0007 (0.0008)  code_loss: 0.0329 (0.0323)  weight_decay: 0.0500 (0.0500)  grad_norm: 0.0074 (0.0076)  time: 0.8630  data: 0.0003  max mem: 35168
Epoch: [18]  [ 950/1416]  eta: 0:06:51  lr: 0.000006  min_lr: 0.000006  loss: 0.0337 (0.0331)  reconst_loss: 0.0008 (0.0008)  code_loss: 0.0330 (0.0324)  weight_decay: 0.0500 (0.0500)  grad_norm: 0.0060 (0.0076)  time: 0.8658  data: 0.0002  max mem: 35168
Epoch: [18]  [ 960/1416]  eta: 0:06:42  lr: 0.000006  min_lr: 0.000006  loss: 0.0337 (0.0331)  reconst_loss: 0.0007 (0.0008)  code_loss: 0.0330 (0.0324)  weight_decay: 0.0500 (0.0500)  grad_norm: 0.0047 (0.0076)  time: 0.8661  data: 0.0002  max mem: 35168
Epoch: [18]  [ 970/1416]  eta: 0:06:33  lr: 0.000006  min_lr: 0.000006  loss: 0.0337 (0.0331)  reconst_loss: 0.0007 (0.0008)  code_loss: 0.0330 (0.0324)  weight_decay: 0.0500 (0.0500)  grad_norm: 0.0049 (0.0076)  time: 0.8657  data: 0.0003  max mem: 35168
Epoch: [18]  [ 980/1416]  eta: 0:06:24  lr: 0.000006  min_lr: 0.000006  loss: 0.0337 (0.0331)  reconst_loss: 0.0007 (0.0008)  code_loss: 0.0330 (0.0324)  weight_decay: 0.0500 (0.0500)  grad_norm: 0.0080 (0.0076)  time: 0.8699  data: 0.0004  max mem: 35168
Epoch: [18]  [ 990/1416]  eta: 0:06:15  lr: 0.000006  min_lr: 0.000006  loss: 0.0337 (0.0331)  reconst_loss: 0.0007 (0.0008)  code_loss: 0.0330 (0.0324)  weight_decay: 0.0500 (0.0500)  grad_norm: 0.0067 (0.0076)  time: 0.8698  data: 0.0004  max mem: 35168
Epoch: [18]  [1000/1416]  eta: 0:06:06  lr: 0.000005  min_lr: 0.000005  loss: 0.0338 (0.0331)  reconst_loss: 0.0007 (0.0008)  code_loss: 0.0330 (0.0324)  weight_decay: 0.0500 (0.0500)  grad_norm: 0.0058 (0.0075)  time: 0.8635  data: 0.0004  max mem: 35168
Epoch: [18]  [1010/1416]  eta: 0:05:57  lr: 0.000005  min_lr: 0.000005  loss: 0.0338 (0.0331)  reconst_loss: 0.0007 (0.0008)  code_loss: 0.0330 (0.0324)  weight_decay: 0.0500 (0.0500)  grad_norm: 0.0063 (0.0075)  time: 0.8638  data: 0.0004  max mem: 35168
Epoch: [18]  [1020/1416]  eta: 0:05:49  lr: 0.000005  min_lr: 0.000005  loss: 0.0338 (0.0332)  reconst_loss: 0.0008 (0.0008)  code_loss: 0.0331 (0.0324)  weight_decay: 0.0500 (0.0500)  grad_norm: 0.0057 (0.0075)  time: 0.8614  data: 0.0004  max mem: 35168
Epoch: [18]  [1030/1416]  eta: 0:05:40  lr: 0.000005  min_lr: 0.000005  loss: 0.0339 (0.0332)  reconst_loss: 0.0008 (0.0008)  code_loss: 0.0331 (0.0324)  weight_decay: 0.0500 (0.0500)  grad_norm: 0.0055 (0.0075)  time: 0.8565  data: 0.0003  max mem: 35168
Epoch: [18]  [1040/1416]  eta: 0:05:31  lr: 0.000005  min_lr: 0.000005  loss: 0.0338 (0.0332)  reconst_loss: 0.0007 (0.0008)  code_loss: 0.0331 (0.0324)  weight_decay: 0.0500 (0.0500)  grad_norm: 0.0055 (0.0075)  time: 0.8616  data: 0.0004  max mem: 35168
Epoch: [18]  [1050/1416]  eta: 0:05:22  lr: 0.000005  min_lr: 0.000005  loss: 0.0339 (0.0332)  reconst_loss: 0.0008 (0.0008)  code_loss: 0.0331 (0.0324)  weight_decay: 0.0500 (0.0500)  grad_norm: 0.0060 (0.0075)  time: 0.8609  data: 0.0003  max mem: 35168
Epoch: [18]  [1060/1416]  eta: 0:05:13  lr: 0.000005  min_lr: 0.000005  loss: 0.0339 (0.0332)  reconst_loss: 0.0008 (0.0008)  code_loss: 0.0331 (0.0324)  weight_decay: 0.0500 (0.0500)  grad_norm: 0.0060 (0.0075)  time: 0.8620  data: 0.0003  max mem: 35168
Epoch: [18]  [1070/1416]  eta: 0:05:04  lr: 0.000005  min_lr: 0.000005  loss: 0.0339 (0.0332)  reconst_loss: 0.0007 (0.0008)  code_loss: 0.0331 (0.0324)  weight_decay: 0.0500 (0.0500)  grad_norm: 0.0051 (0.0075)  time: 0.8662  data: 0.0003  max mem: 35168
Epoch: [18]  [1080/1416]  eta: 0:04:55  lr: 0.000005  min_lr: 0.000005  loss: 0.0339 (0.0332)  reconst_loss: 0.0008 (0.0008)  code_loss: 0.0332 (0.0324)  weight_decay: 0.0500 (0.0500)  grad_norm: 0.0050 (0.0074)  time: 0.8665  data: 0.0003  max mem: 35168
Epoch: [18]  [1090/1416]  eta: 0:04:46  lr: 0.000005  min_lr: 0.000005  loss: 0.0339 (0.0332)  reconst_loss: 0.0007 (0.0008)  code_loss: 0.0332 (0.0324)  weight_decay: 0.0500 (0.0500)  grad_norm: 0.0055 (0.0074)  time: 0.8692  data: 0.0003  max mem: 35168
Epoch: [18]  [1100/1416]  eta: 0:04:38  lr: 0.000005  min_lr: 0.000005  loss: 0.0339 (0.0332)  reconst_loss: 0.0007 (0.0008)  code_loss: 0.0332 (0.0325)  weight_decay: 0.0500 (0.0500)  grad_norm: 0.0060 (0.0074)  time: 0.8687  data: 0.0003  max mem: 35168
Epoch: [18]  [1110/1416]  eta: 0:04:29  lr: 0.000005  min_lr: 0.000005  loss: 0.0339 (0.0332)  reconst_loss: 0.0007 (0.0008)  code_loss: 0.0332 (0.0325)  weight_decay: 0.0500 (0.0500)  grad_norm: 0.0077 (0.0075)  time: 0.8718  data: 0.0003  max mem: 35168
Epoch: [18]  [1120/1416]  eta: 0:04:20  lr: 0.000005  min_lr: 0.000005  loss: 0.0339 (0.0332)  reconst_loss: 0.0007 (0.0008)  code_loss: 0.0332 (0.0325)  weight_decay: 0.0500 (0.0500)  grad_norm: 0.0098 (0.0075)  time: 0.8731  data: 0.0006  max mem: 35168
Epoch: [18]  [1130/1416]  eta: 0:04:11  lr: 0.000005  min_lr: 0.000005  loss: 0.0340 (0.0332)  reconst_loss: 0.0007 (0.0008)  code_loss: 0.0332 (0.0325)  weight_decay: 0.0500 (0.0500)  grad_norm: 0.0052 (0.0074)  time: 0.8662  data: 0.0007  max mem: 35168
Epoch: [18]  [1140/1416]  eta: 0:04:02  lr: 0.000005  min_lr: 0.000005  loss: 0.0340 (0.0332)  reconst_loss: 0.0007 (0.0008)  code_loss: 0.0333 (0.0325)  weight_decay: 0.0500 (0.0500)  grad_norm: 0.0049 (0.0074)  time: 0.8655  data: 0.0005  max mem: 35168
Epoch: [18]  [1150/1416]  eta: 0:03:53  lr: 0.000005  min_lr: 0.000005  loss: 0.0340 (0.0332)  reconst_loss: 0.0007 (0.0008)  code_loss: 0.0333 (0.0325)  weight_decay: 0.0500 (0.0500)  grad_norm: 0.0058 (0.0074)  time: 0.8682  data: 0.0003  max mem: 35168
Epoch: [18]  [1160/1416]  eta: 0:03:45  lr: 0.000005  min_lr: 0.000005  loss: 0.0340 (0.0332)  reconst_loss: 0.0007 (0.0008)  code_loss: 0.0333 (0.0325)  weight_decay: 0.0500 (0.0500)  grad_norm: 0.0068 (0.0074)  time: 0.8656  data: 0.0003  max mem: 35168
Epoch: [18]  [1170/1416]  eta: 0:03:36  lr: 0.000005  min_lr: 0.000005  loss: 0.0340 (0.0333)  reconst_loss: 0.0007 (0.0008)  code_loss: 0.0333 (0.0325)  weight_decay: 0.0500 (0.0500)  grad_norm: 0.0057 (0.0074)  time: 0.8624  data: 0.0002  max mem: 35168
Epoch: [18]  [1180/1416]  eta: 0:03:27  lr: 0.000004  min_lr: 0.000004  loss: 0.0340 (0.0333)  reconst_loss: 0.0007 (0.0008)  code_loss: 0.0333 (0.0325)  weight_decay: 0.0500 (0.0500)  grad_norm: 0.0052 (0.0074)  time: 0.8618  data: 0.0003  max mem: 35168
Epoch: [18]  [1190/1416]  eta: 0:03:18  lr: 0.000004  min_lr: 0.000004  loss: 0.0341 (0.0333)  reconst_loss: 0.0007 (0.0008)  code_loss: 0.0333 (0.0325)  weight_decay: 0.0500 (0.0500)  grad_norm: 0.0050 (0.0074)  time: 0.8608  data: 0.0003  max mem: 35168
Epoch: [18]  [1200/1416]  eta: 0:03:09  lr: 0.000004  min_lr: 0.000004  loss: 0.0341 (0.0333)  reconst_loss: 0.0007 (0.0008)  code_loss: 0.0334 (0.0325)  weight_decay: 0.0500 (0.0500)  grad_norm: 0.0050 (0.0074)  time: 0.8585  data: 0.0006  max mem: 35168
Epoch: [18]  [1210/1416]  eta: 0:03:00  lr: 0.000004  min_lr: 0.000004  loss: 0.0341 (0.0333)  reconst_loss: 0.0007 (0.0008)  code_loss: 0.0334 (0.0325)  weight_decay: 0.0500 (0.0500)  grad_norm: 0.0053 (0.0073)  time: 0.8513  data: 0.0006  max mem: 35168
Epoch: [18]  [1220/1416]  eta: 0:02:52  lr: 0.000004  min_lr: 0.000004  loss: 0.0341 (0.0333)  reconst_loss: 0.0007 (0.0008)  code_loss: 0.0334 (0.0325)  weight_decay: 0.0500 (0.0500)  grad_norm: 0.0053 (0.0073)  time: 0.8417  data: 0.0001  max mem: 35168
Epoch: [18]  [1230/1416]  eta: 0:02:43  lr: 0.000004  min_lr: 0.000004  loss: 0.0342 (0.0333)  reconst_loss: 0.0008 (0.0008)  code_loss: 0.0334 (0.0325)  weight_decay: 0.0500 (0.0500)  grad_norm: 0.0066 (0.0073)  time: 0.8376  data: 0.0001  max mem: 35168
Epoch: [18]  [1240/1416]  eta: 0:02:34  lr: 0.000004  min_lr: 0.000004  loss: 0.0342 (0.0333)  reconst_loss: 0.0007 (0.0008)  code_loss: 0.0334 (0.0325)  weight_decay: 0.0500 (0.0500)  grad_norm: 0.0062 (0.0073)  time: 0.8374  data: 0.0001  max mem: 35168
Epoch: [18]  [1250/1416]  eta: 0:02:25  lr: 0.000004  min_lr: 0.000004  loss: 0.0342 (0.0333)  reconst_loss: 0.0007 (0.0008)  code_loss: 0.0335 (0.0326)  weight_decay: 0.0500 (0.0500)  grad_norm: 0.0056 (0.0073)  time: 0.8403  data: 0.0001  max mem: 35168
Epoch: [18]  [1260/1416]  eta: 0:02:16  lr: 0.000004  min_lr: 0.000004  loss: 0.0342 (0.0333)  reconst_loss: 0.0008 (0.0008)  code_loss: 0.0335 (0.0326)  weight_decay: 0.0500 (0.0500)  grad_norm: 0.0068 (0.0073)  time: 0.8402  data: 0.0001  max mem: 35168
Epoch: [18]  [1270/1416]  eta: 0:02:07  lr: 0.000004  min_lr: 0.000004  loss: 0.0342 (0.0333)  reconst_loss: 0.0008 (0.0008)  code_loss: 0.0335 (0.0326)  weight_decay: 0.0500 (0.0500)  grad_norm: 0.0053 (0.0073)  time: 0.8382  data: 0.0001  max mem: 35168
Epoch: [18]  [1280/1416]  eta: 0:01:59  lr: 0.000004  min_lr: 0.000004  loss: 0.0343 (0.0333)  reconst_loss: 0.0008 (0.0008)  code_loss: 0.0335 (0.0326)  weight_decay: 0.0500 (0.0500)  grad_norm: 0.0050 (0.0073)  time: 0.8389  data: 0.0001  max mem: 35168
Epoch: [18]  [1290/1416]  eta: 0:01:50  lr: 0.000004  min_lr: 0.000004  loss: 0.0343 (0.0333)  reconst_loss: 0.0008 (0.0008)  code_loss: 0.0335 (0.0326)  weight_decay: 0.0500 (0.0500)  grad_norm: 0.0068 (0.0073)  time: 0.8446  data: 0.0001  max mem: 35168
Epoch: [18]  [1300/1416]  eta: 0:01:41  lr: 0.000004  min_lr: 0.000004  loss: 0.0343 (0.0333)  reconst_loss: 0.0008 (0.0008)  code_loss: 0.0335 (0.0326)  weight_decay: 0.0500 (0.0500)  grad_norm: 0.0074 (0.0073)  time: 0.8395  data: 0.0001  max mem: 35168
Epoch: [18]  [1310/1416]  eta: 0:01:32  lr: 0.000004  min_lr: 0.000004  loss: 0.0343 (0.0334)  reconst_loss: 0.0008 (0.0008)  code_loss: 0.0336 (0.0326)  weight_decay: 0.0500 (0.0500)  grad_norm: 0.0063 (0.0073)  time: 0.8345  data: 0.0001  max mem: 35168
Epoch: [18]  [1320/1416]  eta: 0:01:24  lr: 0.000004  min_lr: 0.000004  loss: 0.0343 (0.0334)  reconst_loss: 0.0007 (0.0008)  code_loss: 0.0336 (0.0326)  weight_decay: 0.0500 (0.0500)  grad_norm: 0.0059 (0.0073)  time: 0.8385  data: 0.0001  max mem: 35168
Epoch: [18]  [1330/1416]  eta: 0:01:15  lr: 0.000004  min_lr: 0.000004  loss: 0.0343 (0.0334)  reconst_loss: 0.0007 (0.0008)  code_loss: 0.0336 (0.0326)  weight_decay: 0.0500 (0.0500)  grad_norm: 0.0050 (0.0073)  time: 0.8404  data: 0.0001  max mem: 35168
Epoch: [18]  [1340/1416]  eta: 0:01:06  lr: 0.000004  min_lr: 0.000004  loss: 0.0343 (0.0334)  reconst_loss: 0.0007 (0.0008)  code_loss: 0.0336 (0.0326)  weight_decay: 0.0500 (0.0500)  grad_norm: 0.0045 (0.0073)  time: 0.8422  data: 0.0001  max mem: 35168
Epoch: [18]  [1350/1416]  eta: 0:00:57  lr: 0.000004  min_lr: 0.000004  loss: 0.0343 (0.0334)  reconst_loss: 0.0007 (0.0008)  code_loss: 0.0336 (0.0326)  weight_decay: 0.0500 (0.0500)  grad_norm: 0.0047 (0.0072)  time: 0.8408  data: 0.0001  max mem: 35168
Epoch: [18]  [1360/1416]  eta: 0:00:48  lr: 0.000004  min_lr: 0.000004  loss: 0.0344 (0.0334)  reconst_loss: 0.0007 (0.0008)  code_loss: 0.0336 (0.0326)  weight_decay: 0.0500 (0.0500)  grad_norm: 0.0048 (0.0072)  time: 0.8411  data: 0.0001  max mem: 35168
Epoch: [18]  [1370/1416]  eta: 0:00:40  lr: 0.000003  min_lr: 0.000003  loss: 0.0344 (0.0334)  reconst_loss: 0.0008 (0.0008)  code_loss: 0.0337 (0.0326)  weight_decay: 0.0500 (0.0500)  grad_norm: 0.0050 (0.0072)  time: 0.8432  data: 0.0001  max mem: 35168
Epoch: [18]  [1380/1416]  eta: 0:00:31  lr: 0.000003  min_lr: 0.000003  loss: 0.0345 (0.0334)  reconst_loss: 0.0008 (0.0008)  code_loss: 0.0337 (0.0327)  weight_decay: 0.0500 (0.0500)  grad_norm: 0.0049 (0.0072)  time: 0.8426  data: 0.0001  max mem: 35168
Epoch: [18]  [1390/1416]  eta: 0:00:22  lr: 0.000003  min_lr: 0.000003  loss: 0.0345 (0.0334)  reconst_loss: 0.0007 (0.0008)  code_loss: 0.0337 (0.0327)  weight_decay: 0.0500 (0.0500)  grad_norm: 0.0053 (0.0072)  time: 0.8369  data: 0.0001  max mem: 35168
Epoch: [18]  [1400/1416]  eta: 0:00:13  lr: 0.000003  min_lr: 0.000003  loss: 0.0345 (0.0334)  reconst_loss: 0.0007 (0.0008)  code_loss: 0.0337 (0.0327)  weight_decay: 0.0500 (0.0500)  grad_norm: 0.0053 (0.0072)  time: 0.8324  data: 0.0001  max mem: 35168
Epoch: [18]  [1410/1416]  eta: 0:00:05  lr: 0.000003  min_lr: 0.000003  loss: 0.0345 (0.0334)  reconst_loss: 0.0008 (0.0008)  code_loss: 0.0337 (0.0327)  weight_decay: 0.0500 (0.0500)  grad_norm: 0.0046 (0.0072)  time: 0.8376  data: 0.0001  max mem: 35168
Epoch: [18]  [1415/1416]  eta: 0:00:00  lr: 0.000003  min_lr: 0.000003  loss: 0.0345 (0.0334)  reconst_loss: 0.0007 (0.0008)  code_loss: 0.0338 (0.0327)  weight_decay: 0.0500 (0.0500)  grad_norm: 0.0046 (0.0072)  time: 0.8368  data: 0.0001  max mem: 35168
Epoch: [18] Total time: 0:20:37 (0.8738 s / it)
Averaged stats: lr: 0.000003  min_lr: 0.000003  loss: 0.0345 (0.0334)  reconst_loss: 0.0007 (0.0008)  code_loss: 0.0338 (0.0327)  weight_decay: 0.0500 (0.0500)  grad_norm: 0.0046 (0.0072)
[Eval]   [0/5]  eta: 0:00:22  loss: 0.0007 (0.0007)  reconst_loss: 0.0007 (0.0007)  code_loss: 0.0000 (0.0000)  time: 4.5977  data: 4.1302  max mem: 35168
[Eval]   [4/5]  eta: 0:00:01  loss: 0.0008 (0.0008)  reconst_loss: 0.0008 (0.0008)  code_loss: 0.0000 (0.0000)  time: 1.2186  data: 0.8262  max mem: 35168
[Eval]  Total time: 0:00:06 (1.2682 s / it)
Eval averaged stats: loss: 0.0008 (0.0008)  reconst_loss: 0.0008 (0.0008)  code_loss: 0.0000 (0.0000)
[Eval] Image metrics @224:  [0/5]  eta: 0:01:37    time: 19.5774  data: 4.8339  max mem: 35168
[Eval] Image metrics @224:  [4/5]  eta: 0:00:13    time: 13.9220  data: 0.9674  max mem: 35168
[Eval] Image metrics @224: Total time: 0:01:10 (14.0179 s / it)
[Eval]  Generation results: [Eval] MSE@224: 0.0016 (0.0016)  [Eval] MAE@224: 0.0078 (0.0078)  [Eval] PSNR@224: 28.0642 (28.0642)  [Eval] MS-SSIM@224: 0.9870 (0.9870)  [Eval] CodebookUsage@224: 0.6297 (0.6297)
Logged 1 eval images @ res 224
Epoch: [19]  [   0/1416]  eta: 6:54:38  lr: 0.000003  min_lr: 0.000003  loss: 0.0345 (0.0345)  reconst_loss: 0.0008 (0.0008)  code_loss: 0.0338 (0.0338)  weight_decay: 0.0500 (0.0500)  grad_norm: 0.0039 (0.0039)  time: 17.5698  data: 16.4647  max mem: 35168
Epoch: [19]  [  10/1416]  eta: 0:55:58  lr: 0.000003  min_lr: 0.000003  loss: 0.0345 (0.0345)  reconst_loss: 0.0007 (0.0007)  code_loss: 0.0338 (0.0338)  weight_decay: 0.0500 (0.0500)  grad_norm: 0.0041 (0.0045)  time: 2.3887  data: 1.4971  max mem: 35168
Epoch: [19]  [  20/1416]  eta: 0:38:27  lr: 0.000003  min_lr: 0.000003  loss: 0.0345 (0.0345)  reconst_loss: 0.0007 (0.0007)  code_loss: 0.0338 (0.0338)  weight_decay: 0.0500 (0.0500)  grad_norm: 0.0045 (0.0047)  time: 0.8569  data: 0.0004  max mem: 35168
Epoch: [19]  [  30/1416]  eta: 0:32:08  lr: 0.000003  min_lr: 0.000003  loss: 0.0345 (0.0345)  reconst_loss: 0.0007 (0.0007)  code_loss: 0.0338 (0.0338)  weight_decay: 0.0500 (0.0500)  grad_norm: 0.0046 (0.0048)  time: 0.8433  data: 0.0003  max mem: 35168
Epoch: [19]  [  40/1416]  eta: 0:28:52  lr: 0.000003  min_lr: 0.000003  loss: 0.0345 (0.0345)  reconst_loss: 0.0007 (0.0007)  code_loss: 0.0338 (0.0338)  weight_decay: 0.0500 (0.0500)  grad_norm: 0.0053 (0.0055)  time: 0.8456  data: 0.0003  max mem: 35168
Epoch: [19]  [  50/1416]  eta: 0:26:48  lr: 0.000003  min_lr: 0.000003  loss: 0.0346 (0.0346)  reconst_loss: 0.0007 (0.0007)  code_loss: 0.0338 (0.0338)  weight_decay: 0.0500 (0.0500)  grad_norm: 0.0070 (0.0059)  time: 0.8458  data: 0.0003  max mem: 35168
Epoch: [19]  [  60/1416]  eta: 0:25:26  lr: 0.000003  min_lr: 0.000003  loss: 0.0346 (0.0346)  reconst_loss: 0.0007 (0.0007)  code_loss: 0.0339 (0.0338)  weight_decay: 0.0500 (0.0500)  grad_norm: 0.0052 (0.0058)  time: 0.8523  data: 0.0004  max mem: 35168
Epoch: [19]  [  70/1416]  eta: 0:24:23  lr: 0.000003  min_lr: 0.000003  loss: 0.0346 (0.0346)  reconst_loss: 0.0007 (0.0007)  code_loss: 0.0339 (0.0338)  weight_decay: 0.0500 (0.0500)  grad_norm: 0.0047 (0.0058)  time: 0.8566  data: 0.0005  max mem: 35168
Epoch: [19]  [  80/1416]  eta: 0:23:34  lr: 0.000003  min_lr: 0.000003  loss: 0.0346 (0.0346)  reconst_loss: 0.0007 (0.0007)  code_loss: 0.0339 (0.0338)  weight_decay: 0.0500 (0.0500)  grad_norm: 0.0051 (0.0058)  time: 0.8543  data: 0.0007  max mem: 35168
Epoch: [19]  [  90/1416]  eta: 0:22:54  lr: 0.000003  min_lr: 0.000003  loss: 0.0346 (0.0346)  reconst_loss: 0.0007 (0.0007)  code_loss: 0.0339 (0.0339)  weight_decay: 0.0500 (0.0500)  grad_norm: 0.0051 (0.0057)  time: 0.8555  data: 0.0007  max mem: 35168
Epoch: [19]  [ 100/1416]  eta: 0:22:19  lr: 0.000003  min_lr: 0.000003  loss: 0.0346 (0.0346)  reconst_loss: 0.0007 (0.0007)  code_loss: 0.0339 (0.0339)  weight_decay: 0.0500 (0.0500)  grad_norm: 0.0047 (0.0056)  time: 0.8543  data: 0.0003  max mem: 35168
Epoch: [19]  [ 110/1416]  eta: 0:21:51  lr: 0.000003  min_lr: 0.000003  loss: 0.0347 (0.0346)  reconst_loss: 0.0007 (0.0007)  code_loss: 0.0340 (0.0339)  weight_decay: 0.0500 (0.0500)  grad_norm: 0.0049 (0.0056)  time: 0.8585  data: 0.0003  max mem: 35168
Epoch: [19]  [ 120/1416]  eta: 0:21:26  lr: 0.000003  min_lr: 0.000003  loss: 0.0347 (0.0346)  reconst_loss: 0.0007 (0.0007)  code_loss: 0.0340 (0.0339)  weight_decay: 0.0500 (0.0500)  grad_norm: 0.0052 (0.0058)  time: 0.8619  data: 0.0005  max mem: 35168
Epoch: [19]  [ 130/1416]  eta: 0:21:02  lr: 0.000003  min_lr: 0.000003  loss: 0.0347 (0.0346)  reconst_loss: 0.0007 (0.0007)  code_loss: 0.0340 (0.0339)  weight_decay: 0.0500 (0.0500)  grad_norm: 0.0058 (0.0059)  time: 0.8559  data: 0.0004  max mem: 35168
Epoch: [19]  [ 140/1416]  eta: 0:20:41  lr: 0.000003  min_lr: 0.000003  loss: 0.0348 (0.0346)  reconst_loss: 0.0007 (0.0007)  code_loss: 0.0340 (0.0339)  weight_decay: 0.0500 (0.0500)  grad_norm: 0.0061 (0.0060)  time: 0.8546  data: 0.0004  max mem: 35168
Epoch: [19]  [ 150/1416]  eta: 0:20:22  lr: 0.000003  min_lr: 0.000003  loss: 0.0348 (0.0346)  reconst_loss: 0.0007 (0.0007)  code_loss: 0.0340 (0.0339)  weight_decay: 0.0500 (0.0500)  grad_norm: 0.0060 (0.0060)  time: 0.8600  data: 0.0005  max mem: 35168
Epoch: [19]  [ 160/1416]  eta: 0:20:03  lr: 0.000003  min_lr: 0.000003  loss: 0.0348 (0.0347)  reconst_loss: 0.0008 (0.0007)  code_loss: 0.0341 (0.0339)  weight_decay: 0.0500 (0.0500)  grad_norm: 0.0048 (0.0059)  time: 0.8582  data: 0.0005  max mem: 35168
Epoch: [19]  [ 170/1416]  eta: 0:19:47  lr: 0.000003  min_lr: 0.000003  loss: 0.0348 (0.0347)  reconst_loss: 0.0008 (0.0007)  code_loss: 0.0341 (0.0339)  weight_decay: 0.0500 (0.0500)  grad_norm: 0.0045 (0.0058)  time: 0.8570  data: 0.0003  max mem: 35168
Epoch: [19]  [ 180/1416]  eta: 0:19:30  lr: 0.000002  min_lr: 0.000002  loss: 0.0349 (0.0347)  reconst_loss: 0.0007 (0.0007)  code_loss: 0.0341 (0.0339)  weight_decay: 0.0500 (0.0500)  grad_norm: 0.0051 (0.0058)  time: 0.8552  data: 0.0003  max mem: 35168
Epoch: [19]  [ 190/1416]  eta: 0:19:15  lr: 0.000002  min_lr: 0.000002  loss: 0.0349 (0.0347)  reconst_loss: 0.0007 (0.0007)  code_loss: 0.0341 (0.0340)  weight_decay: 0.0500 (0.0500)  grad_norm: 0.0050 (0.0058)  time: 0.8569  data: 0.0003  max mem: 35168
Epoch: [19]  [ 200/1416]  eta: 0:19:01  lr: 0.000002  min_lr: 0.000002  loss: 0.0349 (0.0347)  reconst_loss: 0.0007 (0.0007)  code_loss: 0.0341 (0.0340)  weight_decay: 0.0500 (0.0500)  grad_norm: 0.0044 (0.0058)  time: 0.8598  data: 0.0004  max mem: 35168
Epoch: [19]  [ 210/1416]  eta: 0:18:47  lr: 0.000002  min_lr: 0.000002  loss: 0.0349 (0.0347)  reconst_loss: 0.0007 (0.0007)  code_loss: 0.0342 (0.0340)  weight_decay: 0.0500 (0.0500)  grad_norm: 0.0042 (0.0057)  time: 0.8560  data: 0.0006  max mem: 35168
Epoch: [19]  [ 220/1416]  eta: 0:18:33  lr: 0.000002  min_lr: 0.000002  loss: 0.0349 (0.0347)  reconst_loss: 0.0007 (0.0007)  code_loss: 0.0342 (0.0340)  weight_decay: 0.0500 (0.0500)  grad_norm: 0.0041 (0.0057)  time: 0.8589  data: 0.0005  max mem: 35168
Epoch: [19]  [ 230/1416]  eta: 0:18:21  lr: 0.000002  min_lr: 0.000002  loss: 0.0349 (0.0347)  reconst_loss: 0.0007 (0.0007)  code_loss: 0.0342 (0.0340)  weight_decay: 0.0500 (0.0500)  grad_norm: 0.0040 (0.0056)  time: 0.8642  data: 0.0004  max mem: 35168
Epoch: [19]  [ 240/1416]  eta: 0:18:08  lr: 0.000002  min_lr: 0.000002  loss: 0.0349 (0.0347)  reconst_loss: 0.0007 (0.0007)  code_loss: 0.0342 (0.0340)  weight_decay: 0.0500 (0.0500)  grad_norm: 0.0041 (0.0056)  time: 0.8640  data: 0.0005  max mem: 35168
Epoch: [19]  [ 250/1416]  eta: 0:17:56  lr: 0.000002  min_lr: 0.000002  loss: 0.0349 (0.0347)  reconst_loss: 0.0007 (0.0007)  code_loss: 0.0342 (0.0340)  weight_decay: 0.0500 (0.0500)  grad_norm: 0.0065 (0.0057)  time: 0.8599  data: 0.0005  max mem: 35168
Epoch: [19]  [ 260/1416]  eta: 0:17:44  lr: 0.000002  min_lr: 0.000002  loss: 0.0350 (0.0348)  reconst_loss: 0.0007 (0.0007)  code_loss: 0.0343 (0.0340)  weight_decay: 0.0500 (0.0500)  grad_norm: 0.0066 (0.0057)  time: 0.8594  data: 0.0005  max mem: 35168
Epoch: [19]  [ 270/1416]  eta: 0:17:32  lr: 0.000002  min_lr: 0.000002  loss: 0.0350 (0.0348)  reconst_loss: 0.0007 (0.0007)  code_loss: 0.0343 (0.0340)  weight_decay: 0.0500 (0.0500)  grad_norm: 0.0058 (0.0057)  time: 0.8597  data: 0.0004  max mem: 35168
Epoch: [19]  [ 280/1416]  eta: 0:17:20  lr: 0.000002  min_lr: 0.000002  loss: 0.0350 (0.0348)  reconst_loss: 0.0007 (0.0007)  code_loss: 0.0343 (0.0340)  weight_decay: 0.0500 (0.0500)  grad_norm: 0.0065 (0.0058)  time: 0.8577  data: 0.0005  max mem: 35168
Epoch: [19]  [ 290/1416]  eta: 0:17:08  lr: 0.000002  min_lr: 0.000002  loss: 0.0350 (0.0348)  reconst_loss: 0.0007 (0.0007)  code_loss: 0.0343 (0.0340)  weight_decay: 0.0500 (0.0500)  grad_norm: 0.0051 (0.0057)  time: 0.8534  data: 0.0007  max mem: 35168
Epoch: [19]  [ 300/1416]  eta: 0:16:58  lr: 0.000002  min_lr: 0.000002  loss: 0.0350 (0.0348)  reconst_loss: 0.0007 (0.0007)  code_loss: 0.0343 (0.0341)  weight_decay: 0.0500 (0.0500)  grad_norm: 0.0055 (0.0058)  time: 0.8597  data: 0.0008  max mem: 35168
Epoch: [19]  [ 310/1416]  eta: 0:16:47  lr: 0.000002  min_lr: 0.000002  loss: 0.0351 (0.0348)  reconst_loss: 0.0007 (0.0007)  code_loss: 0.0344 (0.0341)  weight_decay: 0.0500 (0.0500)  grad_norm: 0.0068 (0.0058)  time: 0.8674  data: 0.0006  max mem: 35168
Epoch: [19]  [ 320/1416]  eta: 0:16:36  lr: 0.000002  min_lr: 0.000002  loss: 0.0351 (0.0348)  reconst_loss: 0.0007 (0.0007)  code_loss: 0.0344 (0.0341)  weight_decay: 0.0500 (0.0500)  grad_norm: 0.0049 (0.0058)  time: 0.8586  data: 0.0004  max mem: 35168
Epoch: [19]  [ 330/1416]  eta: 0:16:25  lr: 0.000002  min_lr: 0.000002  loss: 0.0351 (0.0348)  reconst_loss: 0.0007 (0.0007)  code_loss: 0.0344 (0.0341)  weight_decay: 0.0500 (0.0500)  grad_norm: 0.0045 (0.0058)  time: 0.8605  data: 0.0003  max mem: 35168
Epoch: [19]  [ 340/1416]  eta: 0:16:15  lr: 0.000002  min_lr: 0.000002  loss: 0.0352 (0.0348)  reconst_loss: 0.0007 (0.0007)  code_loss: 0.0344 (0.0341)  weight_decay: 0.0500 (0.0500)  grad_norm: 0.0049 (0.0058)  time: 0.8633  data: 0.0004  max mem: 35168
Epoch: [19]  [ 350/1416]  eta: 0:16:04  lr: 0.000002  min_lr: 0.000002  loss: 0.0352 (0.0348)  reconst_loss: 0.0007 (0.0007)  code_loss: 0.0344 (0.0341)  weight_decay: 0.0500 (0.0500)  grad_norm: 0.0051 (0.0057)  time: 0.8541  data: 0.0007  max mem: 35168
Epoch: [19]  [ 360/1416]  eta: 0:15:53  lr: 0.000002  min_lr: 0.000002  loss: 0.0352 (0.0349)  reconst_loss: 0.0007 (0.0007)  code_loss: 0.0344 (0.0341)  weight_decay: 0.0500 (0.0500)  grad_norm: 0.0048 (0.0057)  time: 0.8529  data: 0.0006  max mem: 35168
Epoch: [19]  [ 370/1416]  eta: 0:15:43  lr: 0.000002  min_lr: 0.000002  loss: 0.0352 (0.0349)  reconst_loss: 0.0007 (0.0007)  code_loss: 0.0345 (0.0341)  weight_decay: 0.0500 (0.0500)  grad_norm: 0.0048 (0.0057)  time: 0.8579  data: 0.0004  max mem: 35168
Epoch: [19]  [ 380/1416]  eta: 0:15:33  lr: 0.000002  min_lr: 0.000002  loss: 0.0352 (0.0349)  reconst_loss: 0.0007 (0.0007)  code_loss: 0.0345 (0.0341)  weight_decay: 0.0500 (0.0500)  grad_norm: 0.0046 (0.0057)  time: 0.8617  data: 0.0004  max mem: 35168
Epoch: [19]  [ 390/1416]  eta: 0:15:23  lr: 0.000002  min_lr: 0.000002  loss: 0.0353 (0.0349)  reconst_loss: 0.0008 (0.0007)  code_loss: 0.0345 (0.0341)  weight_decay: 0.0500 (0.0500)  grad_norm: 0.0040 (0.0057)  time: 0.8608  data: 0.0004  max mem: 35168
Epoch: [19]  [ 400/1416]  eta: 0:15:13  lr: 0.000002  min_lr: 0.000002  loss: 0.0353 (0.0349)  reconst_loss: 0.0007 (0.0007)  code_loss: 0.0345 (0.0342)  weight_decay: 0.0500 (0.0500)  grad_norm: 0.0037 (0.0056)  time: 0.8578  data: 0.0004  max mem: 35168
Epoch: [19]  [ 410/1416]  eta: 0:15:03  lr: 0.000002  min_lr: 0.000002  loss: 0.0353 (0.0349)  reconst_loss: 0.0007 (0.0007)  code_loss: 0.0345 (0.0342)  weight_decay: 0.0500 (0.0500)  grad_norm: 0.0038 (0.0056)  time: 0.8595  data: 0.0005  max mem: 35168
Epoch: [19]  [ 420/1416]  eta: 0:14:53  lr: 0.000002  min_lr: 0.000002  loss: 0.0353 (0.0349)  reconst_loss: 0.0007 (0.0007)  code_loss: 0.0346 (0.0342)  weight_decay: 0.0500 (0.0500)  grad_norm: 0.0039 (0.0056)  time: 0.8578  data: 0.0003  max mem: 35168
Epoch: [19]  [ 430/1416]  eta: 0:14:43  lr: 0.000002  min_lr: 0.000002  loss: 0.0353 (0.0349)  reconst_loss: 0.0007 (0.0007)  code_loss: 0.0346 (0.0342)  weight_decay: 0.0500 (0.0500)  grad_norm: 0.0039 (0.0056)  time: 0.8571  data: 0.0004  max mem: 35168
Epoch: [19]  [ 440/1416]  eta: 0:14:33  lr: 0.000002  min_lr: 0.000002  loss: 0.0353 (0.0349)  reconst_loss: 0.0007 (0.0007)  code_loss: 0.0346 (0.0342)  weight_decay: 0.0500 (0.0500)  grad_norm: 0.0047 (0.0056)  time: 0.8607  data: 0.0004  max mem: 35168
Epoch: [19]  [ 450/1416]  eta: 0:14:24  lr: 0.000002  min_lr: 0.000002  loss: 0.0354 (0.0349)  reconst_loss: 0.0008 (0.0007)  code_loss: 0.0346 (0.0342)  weight_decay: 0.0500 (0.0500)  grad_norm: 0.0061 (0.0056)  time: 0.8610  data: 0.0005  max mem: 35168
Epoch: [19]  [ 460/1416]  eta: 0:14:14  lr: 0.000001  min_lr: 0.000001  loss: 0.0354 (0.0350)  reconst_loss: 0.0007 (0.0007)  code_loss: 0.0347 (0.0342)  weight_decay: 0.0500 (0.0500)  grad_norm: 0.0056 (0.0056)  time: 0.8548  data: 0.0006  max mem: 35168
Epoch: [19]  [ 470/1416]  eta: 0:14:04  lr: 0.000001  min_lr: 0.000001  loss: 0.0354 (0.0350)  reconst_loss: 0.0007 (0.0007)  code_loss: 0.0347 (0.0342)  weight_decay: 0.0500 (0.0500)  grad_norm: 0.0049 (0.0056)  time: 0.8535  data: 0.0004  max mem: 35168
Epoch: [19]  [ 480/1416]  eta: 0:13:55  lr: 0.000001  min_lr: 0.000001  loss: 0.0354 (0.0350)  reconst_loss: 0.0007 (0.0007)  code_loss: 0.0347 (0.0342)  weight_decay: 0.0500 (0.0500)  grad_norm: 0.0049 (0.0056)  time: 0.8610  data: 0.0004  max mem: 35168
Epoch: [19]  [ 490/1416]  eta: 0:13:45  lr: 0.000001  min_lr: 0.000001  loss: 0.0355 (0.0350)  reconst_loss: 0.0007 (0.0007)  code_loss: 0.0347 (0.0342)  weight_decay: 0.0500 (0.0500)  grad_norm: 0.0040 (0.0055)  time: 0.8650  data: 0.0005  max mem: 35168
Epoch: [19]  [ 500/1416]  eta: 0:13:36  lr: 0.000001  min_lr: 0.000001  loss: 0.0354 (0.0350)  reconst_loss: 0.0007 (0.0007)  code_loss: 0.0347 (0.0343)  weight_decay: 0.0500 (0.0500)  grad_norm: 0.0036 (0.0055)  time: 0.8646  data: 0.0006  max mem: 35168
Epoch: [19]  [ 510/1416]  eta: 0:13:26  lr: 0.000001  min_lr: 0.000001  loss: 0.0355 (0.0350)  reconst_loss: 0.0007 (0.0007)  code_loss: 0.0348 (0.0343)  weight_decay: 0.0500 (0.0500)  grad_norm: 0.0039 (0.0055)  time: 0.8604  data: 0.0006  max mem: 35168
Epoch: [19]  [ 520/1416]  eta: 0:13:17  lr: 0.000001  min_lr: 0.000001  loss: 0.0355 (0.0350)  reconst_loss: 0.0007 (0.0007)  code_loss: 0.0348 (0.0343)  weight_decay: 0.0500 (0.0500)  grad_norm: 0.0041 (0.0055)  time: 0.8597  data: 0.0004  max mem: 35168
Epoch: [19]  [ 530/1416]  eta: 0:13:08  lr: 0.000001  min_lr: 0.000001  loss: 0.0355 (0.0350)  reconst_loss: 0.0007 (0.0007)  code_loss: 0.0348 (0.0343)  weight_decay: 0.0500 (0.0500)  grad_norm: 0.0056 (0.0055)  time: 0.8621  data: 0.0004  max mem: 35168
Epoch: [19]  [ 540/1416]  eta: 0:12:58  lr: 0.000001  min_lr: 0.000001  loss: 0.0355 (0.0350)  reconst_loss: 0.0007 (0.0007)  code_loss: 0.0348 (0.0343)  weight_decay: 0.0500 (0.0500)  grad_norm: 0.0040 (0.0054)  time: 0.8610  data: 0.0005  max mem: 35168
Epoch: [19]  [ 550/1416]  eta: 0:12:49  lr: 0.000001  min_lr: 0.000001  loss: 0.0356 (0.0350)  reconst_loss: 0.0007 (0.0007)  code_loss: 0.0348 (0.0343)  weight_decay: 0.0500 (0.0500)  grad_norm: 0.0037 (0.0054)  time: 0.8621  data: 0.0007  max mem: 35168
Epoch: [19]  [ 560/1416]  eta: 0:12:40  lr: 0.000001  min_lr: 0.000001  loss: 0.0356 (0.0351)  reconst_loss: 0.0007 (0.0007)  code_loss: 0.0348 (0.0343)  weight_decay: 0.0500 (0.0500)  grad_norm: 0.0042 (0.0054)  time: 0.8631  data: 0.0006  max mem: 35168
Epoch: [19]  [ 570/1416]  eta: 0:12:30  lr: 0.000001  min_lr: 0.000001  loss: 0.0356 (0.0351)  reconst_loss: 0.0007 (0.0007)  code_loss: 0.0349 (0.0343)  weight_decay: 0.0500 (0.0500)  grad_norm: 0.0039 (0.0054)  time: 0.8594  data: 0.0005  max mem: 35168
Epoch: [19]  [ 580/1416]  eta: 0:12:21  lr: 0.000001  min_lr: 0.000001  loss: 0.0356 (0.0351)  reconst_loss: 0.0007 (0.0007)  code_loss: 0.0349 (0.0343)  weight_decay: 0.0500 (0.0500)  grad_norm: 0.0040 (0.0054)  time: 0.8571  data: 0.0005  max mem: 35168
Epoch: [19]  [ 590/1416]  eta: 0:12:12  lr: 0.000001  min_lr: 0.000001  loss: 0.0357 (0.0351)  reconst_loss: 0.0008 (0.0007)  code_loss: 0.0349 (0.0343)  weight_decay: 0.0500 (0.0500)  grad_norm: 0.0046 (0.0054)  time: 0.8545  data: 0.0003  max mem: 35168
Epoch: [19]  [ 600/1416]  eta: 0:12:02  lr: 0.000001  min_lr: 0.000001  loss: 0.0357 (0.0351)  reconst_loss: 0.0007 (0.0007)  code_loss: 0.0349 (0.0344)  weight_decay: 0.0500 (0.0500)  grad_norm: 0.0039 (0.0054)  time: 0.8546  data: 0.0003  max mem: 35168
Epoch: [19]  [ 610/1416]  eta: 0:11:53  lr: 0.000001  min_lr: 0.000001  loss: 0.0356 (0.0351)  reconst_loss: 0.0007 (0.0007)  code_loss: 0.0350 (0.0344)  weight_decay: 0.0500 (0.0500)  grad_norm: 0.0036 (0.0053)  time: 0.8566  data: 0.0003  max mem: 35168
Epoch: [19]  [ 620/1416]  eta: 0:11:44  lr: 0.000001  min_lr: 0.000001  loss: 0.0357 (0.0351)  reconst_loss: 0.0007 (0.0007)  code_loss: 0.0350 (0.0344)  weight_decay: 0.0500 (0.0500)  grad_norm: 0.0037 (0.0053)  time: 0.8559  data: 0.0003  max mem: 35168
Epoch: [19]  [ 630/1416]  eta: 0:11:35  lr: 0.000001  min_lr: 0.000001  loss: 0.0357 (0.0351)  reconst_loss: 0.0007 (0.0007)  code_loss: 0.0350 (0.0344)  weight_decay: 0.0500 (0.0500)  grad_norm: 0.0041 (0.0053)  time: 0.8545  data: 0.0003  max mem: 35168
Epoch: [19]  [ 640/1416]  eta: 0:11:25  lr: 0.000001  min_lr: 0.000001  loss: 0.0358 (0.0351)  reconst_loss: 0.0007 (0.0007)  code_loss: 0.0350 (0.0344)  weight_decay: 0.0500 (0.0500)  grad_norm: 0.0037 (0.0053)  time: 0.8526  data: 0.0004  max mem: 35168
Epoch: [19]  [ 650/1416]  eta: 0:11:16  lr: 0.000001  min_lr: 0.000001  loss: 0.0358 (0.0351)  reconst_loss: 0.0007 (0.0007)  code_loss: 0.0350 (0.0344)  weight_decay: 0.0500 (0.0500)  grad_norm: 0.0035 (0.0053)  time: 0.8560  data: 0.0006  max mem: 35168
Epoch: [19]  [ 660/1416]  eta: 0:11:07  lr: 0.000001  min_lr: 0.000001  loss: 0.0358 (0.0352)  reconst_loss: 0.0007 (0.0007)  code_loss: 0.0351 (0.0344)  weight_decay: 0.0500 (0.0500)  grad_norm: 0.0042 (0.0053)  time: 0.8574  data: 0.0006  max mem: 35168
Epoch: [19]  [ 670/1416]  eta: 0:10:58  lr: 0.000001  min_lr: 0.000001  loss: 0.0358 (0.0352)  reconst_loss: 0.0007 (0.0007)  code_loss: 0.0351 (0.0344)  weight_decay: 0.0500 (0.0500)  grad_norm: 0.0047 (0.0053)  time: 0.8575  data: 0.0009  max mem: 35168
Epoch: [19]  [ 680/1416]  eta: 0:10:49  lr: 0.000001  min_lr: 0.000001  loss: 0.0358 (0.0352)  reconst_loss: 0.0007 (0.0007)  code_loss: 0.0351 (0.0344)  weight_decay: 0.0500 (0.0500)  grad_norm: 0.0043 (0.0052)  time: 0.8573  data: 0.0009  max mem: 35168
Epoch: [19]  [ 690/1416]  eta: 0:10:40  lr: 0.000001  min_lr: 0.000001  loss: 0.0358 (0.0352)  reconst_loss: 0.0007 (0.0007)  code_loss: 0.0351 (0.0344)  weight_decay: 0.0500 (0.0500)  grad_norm: 0.0035 (0.0052)  time: 0.8576  data: 0.0006  max mem: 35168
Epoch: [19]  [ 700/1416]  eta: 0:10:31  lr: 0.000001  min_lr: 0.000001  loss: 0.0359 (0.0352)  reconst_loss: 0.0008 (0.0007)  code_loss: 0.0351 (0.0345)  weight_decay: 0.0500 (0.0500)  grad_norm: 0.0033 (0.0052)  time: 0.8609  data: 0.0005  max mem: 35168
Epoch: [19]  [ 710/1416]  eta: 0:10:22  lr: 0.000001  min_lr: 0.000001  loss: 0.0359 (0.0352)  reconst_loss: 0.0008 (0.0007)  code_loss: 0.0352 (0.0345)  weight_decay: 0.0500 (0.0500)  grad_norm: 0.0037 (0.0052)  time: 0.8608  data: 0.0003  max mem: 35168
Epoch: [19]  [ 720/1416]  eta: 0:10:13  lr: 0.000001  min_lr: 0.000001  loss: 0.0359 (0.0352)  reconst_loss: 0.0008 (0.0007)  code_loss: 0.0352 (0.0345)  weight_decay: 0.0500 (0.0500)  grad_norm: 0.0035 (0.0052)  time: 0.8608  data: 0.0003  max mem: 35168
Epoch: [19]  [ 730/1416]  eta: 0:10:04  lr: 0.000001  min_lr: 0.000001  loss: 0.0359 (0.0352)  reconst_loss: 0.0007 (0.0007)  code_loss: 0.0352 (0.0345)  weight_decay: 0.0500 (0.0500)  grad_norm: 0.0030 (0.0051)  time: 0.8605  data: 0.0003  max mem: 35168
Epoch: [19]  [ 740/1416]  eta: 0:09:55  lr: 0.000001  min_lr: 0.000001  loss: 0.0359 (0.0352)  reconst_loss: 0.0007 (0.0007)  code_loss: 0.0352 (0.0345)  weight_decay: 0.0500 (0.0500)  grad_norm: 0.0030 (0.0051)  time: 0.8600  data: 0.0003  max mem: 35168
Epoch: [19]  [ 750/1416]  eta: 0:09:46  lr: 0.000001  min_lr: 0.000001  loss: 0.0360 (0.0352)  reconst_loss: 0.0007 (0.0007)  code_loss: 0.0352 (0.0345)  weight_decay: 0.0500 (0.0500)  grad_norm: 0.0033 (0.0051)  time: 0.8566  data: 0.0003  max mem: 35168
Epoch: [19]  [ 760/1416]  eta: 0:09:37  lr: 0.000001  min_lr: 0.000001  loss: 0.0360 (0.0353)  reconst_loss: 0.0007 (0.0007)  code_loss: 0.0353 (0.0345)  weight_decay: 0.0500 (0.0500)  grad_norm: 0.0030 (0.0051)  time: 0.8519  data: 0.0003  max mem: 35168
Epoch: [19]  [ 770/1416]  eta: 0:09:28  lr: 0.000001  min_lr: 0.000001  loss: 0.0360 (0.0353)  reconst_loss: 0.0007 (0.0007)  code_loss: 0.0353 (0.0345)  weight_decay: 0.0500 (0.0500)  grad_norm: 0.0030 (0.0050)  time: 0.8521  data: 0.0004  max mem: 35168
Epoch: [19]  [ 780/1416]  eta: 0:09:19  lr: 0.000001  min_lr: 0.000001  loss: 0.0360 (0.0353)  reconst_loss: 0.0007 (0.0007)  code_loss: 0.0353 (0.0345)  weight_decay: 0.0500 (0.0500)  grad_norm: 0.0032 (0.0050)  time: 0.8525  data: 0.0004  max mem: 35168
Epoch: [19]  [ 790/1416]  eta: 0:09:10  lr: 0.000001  min_lr: 0.000001  loss: 0.0361 (0.0353)  reconst_loss: 0.0007 (0.0007)  code_loss: 0.0353 (0.0345)  weight_decay: 0.0500 (0.0500)  grad_norm: 0.0035 (0.0050)  time: 0.8520  data: 0.0005  max mem: 35168
Epoch: [19]  [ 800/1416]  eta: 0:09:01  lr: 0.000001  min_lr: 0.000001  loss: 0.0361 (0.0353)  reconst_loss: 0.0007 (0.0007)  code_loss: 0.0353 (0.0346)  weight_decay: 0.0500 (0.0500)  grad_norm: 0.0029 (0.0050)  time: 0.8608  data: 0.0004  max mem: 35168
Epoch: [19]  [ 810/1416]  eta: 0:08:52  lr: 0.000001  min_lr: 0.000001  loss: 0.0362 (0.0353)  reconst_loss: 0.0008 (0.0007)  code_loss: 0.0354 (0.0346)  weight_decay: 0.0500 (0.0500)  grad_norm: 0.0029 (0.0050)  time: 0.8597  data: 0.0003  max mem: 35168
Epoch: [19]  [ 820/1416]  eta: 0:08:43  lr: 0.000001  min_lr: 0.000001  loss: 0.0361 (0.0353)  reconst_loss: 0.0007 (0.0007)  code_loss: 0.0354 (0.0346)  weight_decay: 0.0500 (0.0500)  grad_norm: 0.0035 (0.0050)  time: 0.8565  data: 0.0005  max mem: 35168
Epoch: [19]  [ 830/1416]  eta: 0:08:34  lr: 0.000001  min_lr: 0.000001  loss: 0.0361 (0.0353)  reconst_loss: 0.0007 (0.0007)  code_loss: 0.0354 (0.0346)  weight_decay: 0.0500 (0.0500)  grad_norm: 0.0033 (0.0049)  time: 0.8628  data: 0.0005  max mem: 35168
Epoch: [19]  [ 840/1416]  eta: 0:08:25  lr: 0.000001  min_lr: 0.000001  loss: 0.0361 (0.0353)  reconst_loss: 0.0007 (0.0007)  code_loss: 0.0354 (0.0346)  weight_decay: 0.0500 (0.0500)  grad_norm: 0.0031 (0.0049)  time: 0.8606  data: 0.0005  max mem: 35168
Epoch: [19]  [ 850/1416]  eta: 0:08:16  lr: 0.000001  min_lr: 0.000001  loss: 0.0362 (0.0353)  reconst_loss: 0.0007 (0.0007)  code_loss: 0.0354 (0.0346)  weight_decay: 0.0500 (0.0500)  grad_norm: 0.0032 (0.0049)  time: 0.8588  data: 0.0005  max mem: 35168
Epoch: [19]  [ 860/1416]  eta: 0:08:07  lr: 0.000001  min_lr: 0.000001  loss: 0.0362 (0.0354)  reconst_loss: 0.0007 (0.0007)  code_loss: 0.0354 (0.0346)  weight_decay: 0.0500 (0.0500)  grad_norm: 0.0032 (0.0049)  time: 0.8622  data: 0.0005  max mem: 35168
Epoch: [19]  [ 870/1416]  eta: 0:07:58  lr: 0.000000  min_lr: 0.000000  loss: 0.0362 (0.0354)  reconst_loss: 0.0007 (0.0007)  code_loss: 0.0355 (0.0346)  weight_decay: 0.0500 (0.0500)  grad_norm: 0.0030 (0.0049)  time: 0.8604  data: 0.0004  max mem: 35168
Epoch: [19]  [ 880/1416]  eta: 0:07:50  lr: 0.000000  min_lr: 0.000000  loss: 0.0362 (0.0354)  reconst_loss: 0.0007 (0.0007)  code_loss: 0.0355 (0.0346)  weight_decay: 0.0500 (0.0500)  grad_norm: 0.0035 (0.0049)  time: 0.8595  data: 0.0005  max mem: 35168
Epoch: [19]  [ 890/1416]  eta: 0:07:41  lr: 0.000000  min_lr: 0.000000  loss: 0.0362 (0.0354)  reconst_loss: 0.0007 (0.0007)  code_loss: 0.0355 (0.0346)  weight_decay: 0.0500 (0.0500)  grad_norm: 0.0037 (0.0049)  time: 0.8589  data: 0.0004  max mem: 35168
Epoch: [19]  [ 900/1416]  eta: 0:07:32  lr: 0.000000  min_lr: 0.000000  loss: 0.0362 (0.0354)  reconst_loss: 0.0007 (0.0007)  code_loss: 0.0355 (0.0347)  weight_decay: 0.0500 (0.0500)  grad_norm: 0.0037 (0.0049)  time: 0.8596  data: 0.0004  max mem: 35168
Epoch: [19]  [ 910/1416]  eta: 0:07:23  lr: 0.000000  min_lr: 0.000000  loss: 0.0363 (0.0354)  reconst_loss: 0.0008 (0.0007)  code_loss: 0.0356 (0.0347)  weight_decay: 0.0500 (0.0500)  grad_norm: 0.0039 (0.0048)  time: 0.8620  data: 0.0005  max mem: 35168
Epoch: [19]  [ 920/1416]  eta: 0:07:14  lr: 0.000000  min_lr: 0.000000  loss: 0.0363 (0.0354)  reconst_loss: 0.0008 (0.0007)  code_loss: 0.0356 (0.0347)  weight_decay: 0.0500 (0.0500)  grad_norm: 0.0039 (0.0048)  time: 0.8566  data: 0.0005  max mem: 35168
Epoch: [19]  [ 930/1416]  eta: 0:07:05  lr: 0.000000  min_lr: 0.000000  loss: 0.0363 (0.0354)  reconst_loss: 0.0007 (0.0007)  code_loss: 0.0356 (0.0347)  weight_decay: 0.0500 (0.0500)  grad_norm: 0.0037 (0.0048)  time: 0.8570  data: 0.0004  max mem: 35168
Epoch: [19]  [ 940/1416]  eta: 0:06:56  lr: 0.000000  min_lr: 0.000000  loss: 0.0363 (0.0354)  reconst_loss: 0.0007 (0.0007)  code_loss: 0.0356 (0.0347)  weight_decay: 0.0500 (0.0500)  grad_norm: 0.0038 (0.0048)  time: 0.8636  data: 0.0004  max mem: 35168
Epoch: [19]  [ 950/1416]  eta: 0:06:48  lr: 0.000000  min_lr: 0.000000  loss: 0.0363 (0.0354)  reconst_loss: 0.0007 (0.0007)  code_loss: 0.0356 (0.0347)  weight_decay: 0.0500 (0.0500)  grad_norm: 0.0039 (0.0048)  time: 0.8653  data: 0.0004  max mem: 35168
Epoch: [19]  [ 960/1416]  eta: 0:06:39  lr: 0.000000  min_lr: 0.000000  loss: 0.0364 (0.0355)  reconst_loss: 0.0007 (0.0007)  code_loss: 0.0356 (0.0347)  weight_decay: 0.0500 (0.0500)  grad_norm: 0.0039 (0.0048)  time: 0.8629  data: 0.0004  max mem: 35168
Epoch: [19]  [ 970/1416]  eta: 0:06:30  lr: 0.000000  min_lr: 0.000000  loss: 0.0364 (0.0355)  reconst_loss: 0.0007 (0.0007)  code_loss: 0.0357 (0.0347)  weight_decay: 0.0500 (0.0500)  grad_norm: 0.0031 (0.0048)  time: 0.8617  data: 0.0004  max mem: 35168
Epoch: [19]  [ 980/1416]  eta: 0:06:21  lr: 0.000000  min_lr: 0.000000  loss: 0.0364 (0.0355)  reconst_loss: 0.0007 (0.0007)  code_loss: 0.0357 (0.0347)  weight_decay: 0.0500 (0.0500)  grad_norm: 0.0029 (0.0048)  time: 0.8602  data: 0.0003  max mem: 35168
Epoch: [19]  [ 990/1416]  eta: 0:06:12  lr: 0.000000  min_lr: 0.000000  loss: 0.0364 (0.0355)  reconst_loss: 0.0007 (0.0007)  code_loss: 0.0357 (0.0347)  weight_decay: 0.0500 (0.0500)  grad_norm: 0.0029 (0.0048)  time: 0.8586  data: 0.0004  max mem: 35168
Epoch: [19]  [1000/1416]  eta: 0:06:03  lr: 0.000000  min_lr: 0.000000  loss: 0.0364 (0.0355)  reconst_loss: 0.0007 (0.0007)  code_loss: 0.0357 (0.0348)  weight_decay: 0.0500 (0.0500)  grad_norm: 0.0031 (0.0048)  time: 0.8588  data: 0.0003  max mem: 35168
Epoch: [19]  [1010/1416]  eta: 0:05:55  lr: 0.000000  min_lr: 0.000000  loss: 0.0364 (0.0355)  reconst_loss: 0.0007 (0.0007)  code_loss: 0.0357 (0.0348)  weight_decay: 0.0500 (0.0500)  grad_norm: 0.0031 (0.0047)  time: 0.8623  data: 0.0003  max mem: 35168
Epoch: [19]  [1020/1416]  eta: 0:05:46  lr: 0.000000  min_lr: 0.000000  loss: 0.0365 (0.0355)  reconst_loss: 0.0007 (0.0007)  code_loss: 0.0358 (0.0348)  weight_decay: 0.0500 (0.0500)  grad_norm: 0.0040 (0.0047)  time: 0.8610  data: 0.0004  max mem: 35168
Epoch: [19]  [1030/1416]  eta: 0:05:37  lr: 0.000000  min_lr: 0.000000  loss: 0.0365 (0.0355)  reconst_loss: 0.0007 (0.0007)  code_loss: 0.0358 (0.0348)  weight_decay: 0.0500 (0.0500)  grad_norm: 0.0036 (0.0047)  time: 0.8592  data: 0.0004  max mem: 35168
Epoch: [19]  [1040/1416]  eta: 0:05:28  lr: 0.000000  min_lr: 0.000000  loss: 0.0365 (0.0355)  reconst_loss: 0.0007 (0.0007)  code_loss: 0.0358 (0.0348)  weight_decay: 0.0500 (0.0500)  grad_norm: 0.0027 (0.0047)  time: 0.8632  data: 0.0004  max mem: 35168
Epoch: [19]  [1050/1416]  eta: 0:05:20  lr: 0.000000  min_lr: 0.000000  loss: 0.0365 (0.0355)  reconst_loss: 0.0007 (0.0007)  code_loss: 0.0358 (0.0348)  weight_decay: 0.0500 (0.0500)  grad_norm: 0.0031 (0.0047)  time: 0.8636  data: 0.0003  max mem: 35168
Epoch: [19]  [1060/1416]  eta: 0:05:11  lr: 0.000000  min_lr: 0.000000  loss: 0.0366 (0.0356)  reconst_loss: 0.0008 (0.0007)  code_loss: 0.0358 (0.0348)  weight_decay: 0.0500 (0.0500)  grad_norm: 0.0031 (0.0047)  time: 0.8600  data: 0.0004  max mem: 35168
Epoch: [19]  [1070/1416]  eta: 0:05:02  lr: 0.000000  min_lr: 0.000000  loss: 0.0366 (0.0356)  reconst_loss: 0.0007 (0.0007)  code_loss: 0.0358 (0.0348)  weight_decay: 0.0500 (0.0500)  grad_norm: 0.0039 (0.0047)  time: 0.8589  data: 0.0005  max mem: 35168
Epoch: [19]  [1080/1416]  eta: 0:04:53  lr: 0.000000  min_lr: 0.000000  loss: 0.0366 (0.0356)  reconst_loss: 0.0007 (0.0007)  code_loss: 0.0359 (0.0348)  weight_decay: 0.0500 (0.0500)  grad_norm: 0.0041 (0.0047)  time: 0.8636  data: 0.0005  max mem: 35168
Epoch: [19]  [1090/1416]  eta: 0:04:44  lr: 0.000000  min_lr: 0.000000  loss: 0.0366 (0.0356)  reconst_loss: 0.0007 (0.0007)  code_loss: 0.0359 (0.0348)  weight_decay: 0.0500 (0.0500)  grad_norm: 0.0035 (0.0047)  time: 0.8628  data: 0.0003  max mem: 35168
Epoch: [19]  [1100/1416]  eta: 0:04:36  lr: 0.000000  min_lr: 0.000000  loss: 0.0366 (0.0356)  reconst_loss: 0.0008 (0.0007)  code_loss: 0.0359 (0.0349)  weight_decay: 0.0500 (0.0500)  grad_norm: 0.0030 (0.0047)  time: 0.8584  data: 0.0006  max mem: 35168
Epoch: [19]  [1110/1416]  eta: 0:04:27  lr: 0.000000  min_lr: 0.000000  loss: 0.0367 (0.0356)  reconst_loss: 0.0008 (0.0007)  code_loss: 0.0359 (0.0349)  weight_decay: 0.0500 (0.0500)  grad_norm: 0.0028 (0.0046)  time: 0.8603  data: 0.0006  max mem: 35168
Epoch: [19]  [1120/1416]  eta: 0:04:18  lr: 0.000000  min_lr: 0.000000  loss: 0.0367 (0.0356)  reconst_loss: 0.0007 (0.0007)  code_loss: 0.0359 (0.0349)  weight_decay: 0.0500 (0.0500)  grad_norm: 0.0026 (0.0046)  time: 0.8599  data: 0.0004  max mem: 35168
Epoch: [19]  [1130/1416]  eta: 0:04:09  lr: 0.000000  min_lr: 0.000000  loss: 0.0367 (0.0356)  reconst_loss: 0.0007 (0.0007)  code_loss: 0.0359 (0.0349)  weight_decay: 0.0500 (0.0500)  grad_norm: 0.0031 (0.0046)  time: 0.8564  data: 0.0007  max mem: 35168
Epoch: [19]  [1140/1416]  eta: 0:04:00  lr: 0.000000  min_lr: 0.000000  loss: 0.0367 (0.0356)  reconst_loss: 0.0007 (0.0007)  code_loss: 0.0359 (0.0349)  weight_decay: 0.0500 (0.0500)  grad_norm: 0.0033 (0.0046)  time: 0.8570  data: 0.0010  max mem: 35168
Epoch: [19]  [1150/1416]  eta: 0:03:52  lr: 0.000000  min_lr: 0.000000  loss: 0.0367 (0.0356)  reconst_loss: 0.0007 (0.0007)  code_loss: 0.0359 (0.0349)  weight_decay: 0.0500 (0.0500)  grad_norm: 0.0034 (0.0046)  time: 0.8647  data: 0.0009  max mem: 35168
Epoch: [19]  [1160/1416]  eta: 0:03:43  lr: 0.000000  min_lr: 0.000000  loss: 0.0367 (0.0356)  reconst_loss: 0.0008 (0.0007)  code_loss: 0.0360 (0.0349)  weight_decay: 0.0500 (0.0500)  grad_norm: 0.0038 (0.0046)  time: 0.8669  data: 0.0006  max mem: 35168
Epoch: [19]  [1170/1416]  eta: 0:03:34  lr: 0.000000  min_lr: 0.000000  loss: 0.0367 (0.0357)  reconst_loss: 0.0007 (0.0007)  code_loss: 0.0360 (0.0349)  weight_decay: 0.0500 (0.0500)  grad_norm: 0.0038 (0.0046)  time: 0.8638  data: 0.0004  max mem: 35168
Epoch: [19]  [1180/1416]  eta: 0:03:25  lr: 0.000000  min_lr: 0.000000  loss: 0.0367 (0.0357)  reconst_loss: 0.0007 (0.0007)  code_loss: 0.0360 (0.0349)  weight_decay: 0.0500 (0.0500)  grad_norm: 0.0033 (0.0046)  time: 0.8631  data: 0.0004  max mem: 35168
Epoch: [19]  [1190/1416]  eta: 0:03:17  lr: 0.000000  min_lr: 0.000000  loss: 0.0367 (0.0357)  reconst_loss: 0.0007 (0.0007)  code_loss: 0.0360 (0.0349)  weight_decay: 0.0500 (0.0500)  grad_norm: 0.0031 (0.0046)  time: 0.8594  data: 0.0005  max mem: 35168
Epoch: [19]  [1200/1416]  eta: 0:03:08  lr: 0.000000  min_lr: 0.000000  loss: 0.0368 (0.0357)  reconst_loss: 0.0007 (0.0007)  code_loss: 0.0360 (0.0349)  weight_decay: 0.0500 (0.0500)  grad_norm: 0.0031 (0.0046)  time: 0.8516  data: 0.0020  max mem: 35168
Epoch: [19]  [1210/1416]  eta: 0:02:59  lr: 0.000000  min_lr: 0.000000  loss: 0.0368 (0.0357)  reconst_loss: 0.0007 (0.0007)  code_loss: 0.0360 (0.0350)  weight_decay: 0.0500 (0.0500)  grad_norm: 0.0031 (0.0046)  time: 0.8399  data: 0.0020  max mem: 35168
Epoch: [19]  [1220/1416]  eta: 0:02:50  lr: 0.000000  min_lr: 0.000000  loss: 0.0368 (0.0357)  reconst_loss: 0.0007 (0.0007)  code_loss: 0.0361 (0.0350)  weight_decay: 0.0500 (0.0500)  grad_norm: 0.0031 (0.0045)  time: 0.8360  data: 0.0004  max mem: 35168
Epoch: [19]  [1230/1416]  eta: 0:02:42  lr: 0.000000  min_lr: 0.000000  loss: 0.0368 (0.0357)  reconst_loss: 0.0007 (0.0007)  code_loss: 0.0361 (0.0350)  weight_decay: 0.0500 (0.0500)  grad_norm: 0.0031 (0.0045)  time: 0.8323  data: 0.0004  max mem: 35168
Epoch: [19]  [1240/1416]  eta: 0:02:33  lr: 0.000000  min_lr: 0.000000  loss: 0.0369 (0.0357)  reconst_loss: 0.0008 (0.0007)  code_loss: 0.0361 (0.0350)  weight_decay: 0.0500 (0.0500)  grad_norm: 0.0032 (0.0045)  time: 0.8284  data: 0.0003  max mem: 35168
Epoch: [19]  [1250/1416]  eta: 0:02:24  lr: 0.000000  min_lr: 0.000000  loss: 0.0368 (0.0357)  reconst_loss: 0.0007 (0.0007)  code_loss: 0.0361 (0.0350)  weight_decay: 0.0500 (0.0500)  grad_norm: 0.0036 (0.0045)  time: 0.8325  data: 0.0002  max mem: 35168
Epoch: [19]  [1260/1416]  eta: 0:02:15  lr: 0.000000  min_lr: 0.000000  loss: 0.0368 (0.0357)  reconst_loss: 0.0007 (0.0007)  code_loss: 0.0361 (0.0350)  weight_decay: 0.0500 (0.0500)  grad_norm: 0.0034 (0.0045)  time: 0.8375  data: 0.0001  max mem: 35168
Epoch: [19]  [1270/1416]  eta: 0:02:07  lr: 0.000000  min_lr: 0.000000  loss: 0.0369 (0.0357)  reconst_loss: 0.0008 (0.0007)  code_loss: 0.0361 (0.0350)  weight_decay: 0.0500 (0.0500)  grad_norm: 0.0030 (0.0045)  time: 0.8365  data: 0.0002  max mem: 35168
Epoch: [19]  [1280/1416]  eta: 0:01:58  lr: 0.000000  min_lr: 0.000000  loss: 0.0369 (0.0358)  reconst_loss: 0.0008 (0.0007)  code_loss: 0.0361 (0.0350)  weight_decay: 0.0500 (0.0500)  grad_norm: 0.0029 (0.0045)  time: 0.8381  data: 0.0002  max mem: 35168
Epoch: [19]  [1290/1416]  eta: 0:01:49  lr: 0.000000  min_lr: 0.000000  loss: 0.0369 (0.0358)  reconst_loss: 0.0008 (0.0007)  code_loss: 0.0361 (0.0350)  weight_decay: 0.0500 (0.0500)  grad_norm: 0.0028 (0.0045)  time: 0.8433  data: 0.0002  max mem: 35168
Epoch: [19]  [1300/1416]  eta: 0:01:40  lr: 0.000000  min_lr: 0.000000  loss: 0.0369 (0.0358)  reconst_loss: 0.0007 (0.0007)  code_loss: 0.0361 (0.0350)  weight_decay: 0.0500 (0.0500)  grad_norm: 0.0028 (0.0045)  time: 0.8400  data: 0.0002  max mem: 35168
Epoch: [19]  [1310/1416]  eta: 0:01:32  lr: 0.000000  min_lr: 0.000000  loss: 0.0369 (0.0358)  reconst_loss: 0.0008 (0.0007)  code_loss: 0.0361 (0.0350)  weight_decay: 0.0500 (0.0500)  grad_norm: 0.0029 (0.0045)  time: 0.8356  data: 0.0002  max mem: 35168
Epoch: [19]  [1320/1416]  eta: 0:01:23  lr: 0.000000  min_lr: 0.000000  loss: 0.0369 (0.0358)  reconst_loss: 0.0007 (0.0007)  code_loss: 0.0362 (0.0350)  weight_decay: 0.0500 (0.0500)  grad_norm: 0.0030 (0.0044)  time: 0.8349  data: 0.0002  max mem: 35168
Epoch: [19]  [1330/1416]  eta: 0:01:14  lr: 0.000000  min_lr: 0.000000  loss: 0.0369 (0.0358)  reconst_loss: 0.0007 (0.0007)  code_loss: 0.0362 (0.0351)  weight_decay: 0.0500 (0.0500)  grad_norm: 0.0028 (0.0044)  time: 0.8334  data: 0.0001  max mem: 35168
Epoch: [19]  [1340/1416]  eta: 0:01:06  lr: 0.000000  min_lr: 0.000000  loss: 0.0369 (0.0358)  reconst_loss: 0.0007 (0.0007)  code_loss: 0.0362 (0.0351)  weight_decay: 0.0500 (0.0500)  grad_norm: 0.0031 (0.0044)  time: 0.8346  data: 0.0001  max mem: 35168
Epoch: [19]  [1350/1416]  eta: 0:00:57  lr: 0.000000  min_lr: 0.000000  loss: 0.0369 (0.0358)  reconst_loss: 0.0007 (0.0007)  code_loss: 0.0362 (0.0351)  weight_decay: 0.0500 (0.0500)  grad_norm: 0.0030 (0.0044)  time: 0.8397  data: 0.0001  max mem: 35168
Epoch: [19]  [1360/1416]  eta: 0:00:48  lr: 0.000000  min_lr: 0.000000  loss: 0.0369 (0.0358)  reconst_loss: 0.0007 (0.0007)  code_loss: 0.0362 (0.0351)  weight_decay: 0.0500 (0.0500)  grad_norm: 0.0028 (0.0044)  time: 0.8433  data: 0.0001  max mem: 35168
Epoch: [19]  [1370/1416]  eta: 0:00:39  lr: 0.000000  min_lr: 0.000000  loss: 0.0369 (0.0358)  reconst_loss: 0.0007 (0.0007)  code_loss: 0.0362 (0.0351)  weight_decay: 0.0500 (0.0500)  grad_norm: 0.0033 (0.0044)  time: 0.8390  data: 0.0001  max mem: 35168
Epoch: [19]  [1380/1416]  eta: 0:00:31  lr: 0.000000  min_lr: 0.000000  loss: 0.0370 (0.0358)  reconst_loss: 0.0008 (0.0007)  code_loss: 0.0362 (0.0351)  weight_decay: 0.0500 (0.0500)  grad_norm: 0.0034 (0.0044)  time: 0.8379  data: 0.0002  max mem: 35168
Epoch: [19]  [1390/1416]  eta: 0:00:22  lr: 0.000000  min_lr: 0.000000  loss: 0.0370 (0.0358)  reconst_loss: 0.0007 (0.0007)  code_loss: 0.0362 (0.0351)  weight_decay: 0.0500 (0.0500)  grad_norm: 0.0027 (0.0044)  time: 0.8366  data: 0.0003  max mem: 35168
Epoch: [19]  [1400/1416]  eta: 0:00:13  lr: 0.000000  min_lr: 0.000000  loss: 0.0369 (0.0359)  reconst_loss: 0.0007 (0.0007)  code_loss: 0.0362 (0.0351)  weight_decay: 0.0500 (0.0500)  grad_norm: 0.0027 (0.0044)  time: 0.8325  data: 0.0004  max mem: 35168
Epoch: [19]  [1410/1416]  eta: 0:00:05  lr: 0.000000  min_lr: 0.000000  loss: 0.0370 (0.0359)  reconst_loss: 0.0007 (0.0007)  code_loss: 0.0362 (0.0351)  weight_decay: 0.0500 (0.0500)  grad_norm: 0.0024 (0.0044)  time: 0.8365  data: 0.0002  max mem: 35168
Epoch: [19]  [1415/1416]  eta: 0:00:00  lr: 0.000000  min_lr: 0.000000  loss: 0.0369 (0.0359)  reconst_loss: 0.0007 (0.0007)  code_loss: 0.0362 (0.0351)  weight_decay: 0.0500 (0.0500)  grad_norm: 0.0024 (0.0043)  time: 0.8379  data: 0.0003  max mem: 35168
Epoch: [19] Total time: 0:20:29 (0.8680 s / it)
Averaged stats: lr: 0.000000  min_lr: 0.000000  loss: 0.0369 (0.0359)  reconst_loss: 0.0007 (0.0007)  code_loss: 0.0362 (0.0351)  weight_decay: 0.0500 (0.0500)  grad_norm: 0.0024 (0.0043)
[Eval]   [0/5]  eta: 0:00:24  loss: 0.0008 (0.0008)  reconst_loss: 0.0008 (0.0008)  code_loss: 0.0000 (0.0000)  time: 4.9553  data: 4.4111  max mem: 35168
[Eval]   [4/5]  eta: 0:00:01  loss: 0.0008 (0.0009)  reconst_loss: 0.0008 (0.0009)  code_loss: 0.0000 (0.0000)  time: 1.3147  data: 0.8823  max mem: 35168
[Eval]  Total time: 0:00:07 (1.4942 s / it)
Eval averaged stats: loss: 0.0008 (0.0009)  reconst_loss: 0.0008 (0.0009)  code_loss: 0.0000 (0.0000)
[Eval] Image metrics @224:  [0/5]  eta: 0:01:36    time: 19.2138  data: 4.2599  max mem: 35168
[Eval] Image metrics @224:  [4/5]  eta: 0:00:13    time: 13.8351  data: 0.8522  max mem: 35168
[Eval] Image metrics @224: Total time: 0:01:09 (13.9705 s / it)
[Eval]  Generation results: [Eval] MSE@224: 0.0016 (0.0016)  [Eval] MAE@224: 0.0081 (0.0081)  [Eval] PSNR@224: 28.0220 (28.0220)  [Eval] MS-SSIM@224: 0.9879 (0.9879)  [Eval] CodebookUsage@224: 0.6284 (0.6284)
Logged 1 eval images @ res 224
Training time 7:07:56
