job is starting on gpuc03.delta.ncsa.illinois.edu
| distributed init (rank 0): env://, gpu 0
| distributed init (rank 2): env://, gpu 2
| distributed init (rank 3): env://, gpu 3
| distributed init (rank 6): env://, gpu 6
| distributed init (rank 5): env://, gpu 5
| distributed init (rank 4): env://, gpu 4
| distributed init (rank 1): env://, gpu 1
| distributed init (rank 7): env://, gpu 7
dataset_train size = 10884
dataset_val size = 96
Namespace(run_name='model/SARFormerT_SwiGLU_QKNorm', batch_size=24, input_size=224, patch_size=None, epochs=550, accum_iter=1, save_ckpt_freq=25, model='sarformer_t_swiglu_qknorm', dtype='bf16', cond_domains=['tok_rgb@224', 'tok_depth@224', 'caption', 'structured_data'], loss_type='bce', distance_type='euclidean', finetune='', opt='adamw', opt_eps=1e-08, opt_betas=[0.9, 0.99], compute_grad_norm=True, clip_grad=None, skip_grad=None, momentum=0.9, weight_decay=0.05, weight_decay_end=None, blr=0.0001, min_blr=0.0, lr_and_wd_scheduler='cosine', warmup_epochs=100, cooldown_epochs=10, text_tokenizer_path='fourm/utils/tokenizer/trained/tokenizer_inc_nonUS_lower.json', data_csv_path='/scratch/bdej/cohanlon/data/labeled_sar_data.csv', csv_delimiter='@', csv_index_col='uid', use_valid_ids=True, num_train_timesteps=1000, eval_noise_schedule='DDIMScheduler', num_eval_timesteps=50, beta_schedule='linear', zero_terminal_snr=True, cfg_scale=0.0, thresholding=True, eval_data_path='/scratch/bdej/cohanlon/data/eval', num_eval_metrics_samples=96, num_logged_images=9, eval_batch_size=None, eval_freq=25, eval_metric_freq=10, eval_image_log_freq=25, dist_eval=True, eval_only=False, output_dir='checkpoints/sarformer/model/SARFormerT_SwiGLU_QKNorm', device='cuda', seed=0, resume='', auto_resume=False, start_epoch=0, num_workers=110, pin_mem=True, show_user_warnings=False, log_wandb=True, wandb_project='model', wandb_entity='sarformer', wandb_run_name='SARFormerT_SwiGLU_QKNorm', dist_url='env://', print_all=False, warmup_lr=1e-06, min_lr=0.0, eval_metrics_freq=25, data_path='/scratch/bdej/cohanlon/data/train', config_path='cfgs/sarformer/model/SARFormerT_SwiGLU_QKNorm.yaml', rank=0, world_size=8, gpu=0, distributed=True, dist_backend='nccl', all_domains=['tok_rgb@224', 'tok_depth@224', 'caption', 'structured_data', 'target_distribution'])
Creating model: sarformer_t_swiglu_qknorm conditioned on ['tok_rgb@224', 'tok_depth@224', 'caption', 'structured_data']
Model = SARFormer(
  (encoder_embeddings): ModuleDict(
    (tok_rgb@224): ImageTokenEncoderEmbedding(
      (token_emb): Embedding(16384, 768)
    )
    (tok_depth@224): ImageTokenEncoderEmbedding(
      (token_emb): Embedding(8192, 768)
    )
    (caption): SequenceEncoderEmbedding(
      (token_emb): Embedding(30000, 768, padding_idx=0)
    )
    (structured_data): SequenceEncoderEmbedding(
      (token_emb): Embedding(30000, 768, padding_idx=0)
    )
  )
  (encoder): ModuleList(
    (0-2): 3 x EncoderBlock(
      (norm1): LayerNorm()
      (attn): NormAttention(
        (qkv): Linear(in_features=768, out_features=2304, bias=True)
        (attn_drop): Dropout(p=0.0, inplace=False)
        (proj): Linear(in_features=768, out_features=768, bias=True)
        (proj_drop): Dropout(p=0.0, inplace=False)
        (q_norm): LayerNorm()
        (k_norm): LayerNorm()
      )
      (drop_path): Identity()
      (norm2): LayerNorm()
      (mlp): GatedMlp(
        (fc1): Linear(in_features=768, out_features=2048, bias=True)
        (act): SiLU()
        (fc2): Linear(in_features=2048, out_features=768, bias=True)
        (fc3): Linear(in_features=768, out_features=2048, bias=True)
      )
    )
  )
  (encoder_norm): LayerNorm()
  (context_proj): Linear(in_features=768, out_features=768, bias=True)
  (backbone): PatchedConvNeXtUNet(
    (time_embed): Sequential(
      (0): Linear(in_features=128, out_features=512, bias=True)
      (1): SiLU()
      (2): Linear(in_features=512, out_features=512, bias=True)
    )
    (in_proj): Linear(in_features=16, out_features=128, bias=True)
    (down_blocks): ModuleList(
      (0): TimestepEmbedSequential(
        (0): ConvNeXtV2Block(
          (time_embed_proj): Linear(in_features=512, out_features=128, bias=True)
          (skip_proj): Identity()
          (dwconv): Conv2d(128, 128, kernel_size=(7, 7), stride=(1, 1), padding=(3, 3), groups=128)
          (norm): LayerNorm((128,), eps=1e-06, elementwise_affine=True)
          (pwconv1): Linear(in_features=128, out_features=512, bias=True)
          (act): SiLU()
          (grn): GRN()
          (pwconv2): Linear(in_features=512, out_features=128, bias=True)
          (drop_path): Identity()
        )
        (1): ConvNeXtV2Block(
          (time_embed_proj): Linear(in_features=512, out_features=128, bias=True)
          (skip_proj): Identity()
          (dwconv): Conv2d(128, 128, kernel_size=(7, 7), stride=(1, 1), padding=(3, 3), groups=128)
          (norm): LayerNorm((128,), eps=1e-06, elementwise_affine=True)
          (pwconv1): Linear(in_features=128, out_features=512, bias=True)
          (act): SiLU()
          (grn): GRN()
          (pwconv2): Linear(in_features=512, out_features=128, bias=True)
          (drop_path): Identity()
        )
        (2): ConvNeXtV2Block(
          (time_embed_proj): Linear(in_features=512, out_features=128, bias=True)
          (skip_proj): Linear(in_features=128, out_features=256, bias=True)
          (dwconv): Conv2d(128, 128, kernel_size=(7, 7), stride=(1, 1), padding=(3, 3), groups=128)
          (norm): LayerNorm((128,), eps=1e-06, elementwise_affine=True)
          (pwconv1): Linear(in_features=128, out_features=512, bias=True)
          (act): SiLU()
          (grn): GRN()
          (pwconv2): Linear(in_features=512, out_features=256, bias=True)
          (drop_path): Identity()
        )
        (3): CrossAttentionBlock(
          (q): Linear(in_features=256, out_features=256, bias=True)
          (kv): Linear(in_features=768, out_features=512, bias=True)
          (attn_drop): Dropout(p=0.0, inplace=False)
          (proj): Linear(in_features=256, out_features=256, bias=True)
          (proj_drop): Dropout(p=0.0, inplace=False)
        )
      )
      (1): TimestepEmbedSequential(
        (0): Downsample(
          scale_factor=0.5
          (pool): AvgPool2d(kernel_size=2, stride=2, padding=0)
        )
        (1): ConvNeXtV2Block(
          (time_embed_proj): Linear(in_features=512, out_features=256, bias=True)
          (skip_proj): Identity()
          (dwconv): Conv2d(256, 256, kernel_size=(7, 7), stride=(1, 1), padding=(3, 3), groups=256)
          (norm): LayerNorm((256,), eps=1e-06, elementwise_affine=True)
          (pwconv1): Linear(in_features=256, out_features=1024, bias=True)
          (act): SiLU()
          (grn): GRN()
          (pwconv2): Linear(in_features=1024, out_features=256, bias=True)
          (drop_path): Identity()
        )
        (2): ConvNeXtV2Block(
          (time_embed_proj): Linear(in_features=512, out_features=256, bias=True)
          (skip_proj): Identity()
          (dwconv): Conv2d(256, 256, kernel_size=(7, 7), stride=(1, 1), padding=(3, 3), groups=256)
          (norm): LayerNorm((256,), eps=1e-06, elementwise_affine=True)
          (pwconv1): Linear(in_features=256, out_features=1024, bias=True)
          (act): SiLU()
          (grn): GRN()
          (pwconv2): Linear(in_features=1024, out_features=256, bias=True)
          (drop_path): Identity()
        )
        (3): ConvNeXtV2Block(
          (time_embed_proj): Linear(in_features=512, out_features=256, bias=True)
          (skip_proj): Linear(in_features=256, out_features=512, bias=True)
          (dwconv): Conv2d(256, 256, kernel_size=(7, 7), stride=(1, 1), padding=(3, 3), groups=256)
          (norm): LayerNorm((256,), eps=1e-06, elementwise_affine=True)
          (pwconv1): Linear(in_features=256, out_features=1024, bias=True)
          (act): SiLU()
          (grn): GRN()
          (pwconv2): Linear(in_features=1024, out_features=512, bias=True)
          (drop_path): Identity()
        )
        (4): CrossAttentionBlock(
          (q): Linear(in_features=512, out_features=512, bias=True)
          (kv): Linear(in_features=768, out_features=1024, bias=True)
          (attn_drop): Dropout(p=0.0, inplace=False)
          (proj): Linear(in_features=512, out_features=512, bias=True)
          (proj_drop): Dropout(p=0.0, inplace=False)
        )
      )
      (2): TimestepEmbedSequential(
        (0): Downsample(
          scale_factor=0.5
          (pool): AvgPool2d(kernel_size=2, stride=2, padding=0)
        )
        (1): ConvNeXtV2Block(
          (time_embed_proj): Linear(in_features=512, out_features=512, bias=True)
          (skip_proj): Identity()
          (dwconv): Conv2d(512, 512, kernel_size=(7, 7), stride=(1, 1), padding=(3, 3), groups=512)
          (norm): LayerNorm((512,), eps=1e-06, elementwise_affine=True)
          (pwconv1): Linear(in_features=512, out_features=2048, bias=True)
          (act): SiLU()
          (grn): GRN()
          (pwconv2): Linear(in_features=2048, out_features=512, bias=True)
          (drop_path): Identity()
        )
        (2): ConvNeXtV2Block(
          (time_embed_proj): Linear(in_features=512, out_features=512, bias=True)
          (skip_proj): Identity()
          (dwconv): Conv2d(512, 512, kernel_size=(7, 7), stride=(1, 1), padding=(3, 3), groups=512)
          (norm): LayerNorm((512,), eps=1e-06, elementwise_affine=True)
          (pwconv1): Linear(in_features=512, out_features=2048, bias=True)
          (act): SiLU()
          (grn): GRN()
          (pwconv2): Linear(in_features=2048, out_features=512, bias=True)
          (drop_path): Identity()
        )
        (3): ConvNeXtV2Block(
          (time_embed_proj): Linear(in_features=512, out_features=512, bias=True)
          (skip_proj): Linear(in_features=512, out_features=1024, bias=True)
          (dwconv): Conv2d(512, 512, kernel_size=(7, 7), stride=(1, 1), padding=(3, 3), groups=512)
          (norm): LayerNorm((512,), eps=1e-06, elementwise_affine=True)
          (pwconv1): Linear(in_features=512, out_features=2048, bias=True)
          (act): SiLU()
          (grn): GRN()
          (pwconv2): Linear(in_features=2048, out_features=1024, bias=True)
          (drop_path): Identity()
        )
        (4): CrossAttentionBlock(
          (q): Linear(in_features=1024, out_features=1024, bias=True)
          (kv): Linear(in_features=768, out_features=2048, bias=True)
          (attn_drop): Dropout(p=0.0, inplace=False)
          (proj): Linear(in_features=1024, out_features=1024, bias=True)
          (proj_drop): Dropout(p=0.0, inplace=False)
        )
      )
    )
    (middle_block): TimestepEmbedSequential(
      (0): Downsample(
        scale_factor=0.5
        (pool): AvgPool2d(kernel_size=2, stride=2, padding=0)
      )
      (1): ConvNeXtV2Block(
        (time_embed_proj): Linear(in_features=512, out_features=1024, bias=True)
        (skip_proj): Identity()
        (dwconv): Conv2d(1024, 1024, kernel_size=(7, 7), stride=(1, 1), padding=(3, 3), groups=1024)
        (norm): LayerNorm((1024,), eps=1e-06, elementwise_affine=True)
        (pwconv1): Linear(in_features=1024, out_features=4096, bias=True)
        (act): SiLU()
        (grn): GRN()
        (pwconv2): Linear(in_features=4096, out_features=1024, bias=True)
        (drop_path): Identity()
      )
      (2): ConvNeXtV2Block(
        (time_embed_proj): Linear(in_features=512, out_features=1024, bias=True)
        (skip_proj): Identity()
        (dwconv): Conv2d(1024, 1024, kernel_size=(7, 7), stride=(1, 1), padding=(3, 3), groups=1024)
        (norm): LayerNorm((1024,), eps=1e-06, elementwise_affine=True)
        (pwconv1): Linear(in_features=1024, out_features=4096, bias=True)
        (act): SiLU()
        (grn): GRN()
        (pwconv2): Linear(in_features=4096, out_features=1024, bias=True)
        (drop_path): Identity()
      )
      (3): ConvNeXtV2Block(
        (time_embed_proj): Linear(in_features=512, out_features=1024, bias=True)
        (skip_proj): Linear(in_features=1024, out_features=2048, bias=True)
        (dwconv): Conv2d(1024, 1024, kernel_size=(7, 7), stride=(1, 1), padding=(3, 3), groups=1024)
        (norm): LayerNorm((1024,), eps=1e-06, elementwise_affine=True)
        (pwconv1): Linear(in_features=1024, out_features=4096, bias=True)
        (act): SiLU()
        (grn): GRN()
        (pwconv2): Linear(in_features=4096, out_features=2048, bias=True)
        (drop_path): Identity()
      )
      (4): CrossAttentionBlock(
        (q): Linear(in_features=2048, out_features=2048, bias=True)
        (kv): Linear(in_features=768, out_features=4096, bias=True)
        (attn_drop): Dropout(p=0.0, inplace=False)
        (proj): Linear(in_features=2048, out_features=2048, bias=True)
        (proj_drop): Dropout(p=0.0, inplace=False)
      )
      (5): ConvNeXtV2Block(
        (time_embed_proj): Linear(in_features=512, out_features=2048, bias=True)
        (skip_proj): Identity()
        (dwconv): Conv2d(2048, 2048, kernel_size=(7, 7), stride=(1, 1), padding=(3, 3), groups=2048)
        (norm): LayerNorm((2048,), eps=1e-06, elementwise_affine=True)
        (pwconv1): Linear(in_features=2048, out_features=8192, bias=True)
        (act): SiLU()
        (grn): GRN()
        (pwconv2): Linear(in_features=8192, out_features=2048, bias=True)
        (drop_path): Identity()
      )
      (6): ConvNeXtV2Block(
        (time_embed_proj): Linear(in_features=512, out_features=2048, bias=True)
        (skip_proj): Identity()
        (dwconv): Conv2d(2048, 2048, kernel_size=(7, 7), stride=(1, 1), padding=(3, 3), groups=2048)
        (norm): LayerNorm((2048,), eps=1e-06, elementwise_affine=True)
        (pwconv1): Linear(in_features=2048, out_features=8192, bias=True)
        (act): SiLU()
        (grn): GRN()
        (pwconv2): Linear(in_features=8192, out_features=2048, bias=True)
        (drop_path): Identity()
      )
      (7): ConvNeXtV2Block(
        (time_embed_proj): Linear(in_features=512, out_features=2048, bias=True)
        (skip_proj): Linear(in_features=2048, out_features=1024, bias=True)
        (dwconv): Conv2d(2048, 2048, kernel_size=(7, 7), stride=(1, 1), padding=(3, 3), groups=2048)
        (norm): LayerNorm((2048,), eps=1e-06, elementwise_affine=True)
        (pwconv1): Linear(in_features=2048, out_features=8192, bias=True)
        (act): SiLU()
        (grn): GRN()
        (pwconv2): Linear(in_features=8192, out_features=1024, bias=True)
        (drop_path): Identity()
      )
      (8): Upsample(scale_factor=2.0, mode=nearest)
    )
    (up_blocks): ModuleList(
      (0): TimestepEmbedSequential(
        (0): ConvNeXtV2Block(
          (time_embed_proj): Linear(in_features=512, out_features=2048, bias=True)
          (skip_proj): Linear(in_features=2048, out_features=1024, bias=True)
          (dwconv): Conv2d(2048, 2048, kernel_size=(7, 7), stride=(1, 1), padding=(3, 3), groups=2048)
          (norm): LayerNorm((2048,), eps=1e-06, elementwise_affine=True)
          (pwconv1): Linear(in_features=2048, out_features=8192, bias=True)
          (act): SiLU()
          (grn): GRN()
          (pwconv2): Linear(in_features=8192, out_features=1024, bias=True)
          (drop_path): Identity()
        )
        (1): ConvNeXtV2Block(
          (time_embed_proj): Linear(in_features=512, out_features=1024, bias=True)
          (skip_proj): Identity()
          (dwconv): Conv2d(1024, 1024, kernel_size=(7, 7), stride=(1, 1), padding=(3, 3), groups=1024)
          (norm): LayerNorm((1024,), eps=1e-06, elementwise_affine=True)
          (pwconv1): Linear(in_features=1024, out_features=4096, bias=True)
          (act): SiLU()
          (grn): GRN()
          (pwconv2): Linear(in_features=4096, out_features=1024, bias=True)
          (drop_path): Identity()
        )
        (2): ConvNeXtV2Block(
          (time_embed_proj): Linear(in_features=512, out_features=1024, bias=True)
          (skip_proj): Linear(in_features=1024, out_features=512, bias=True)
          (dwconv): Conv2d(1024, 1024, kernel_size=(7, 7), stride=(1, 1), padding=(3, 3), groups=1024)
          (norm): LayerNorm((1024,), eps=1e-06, elementwise_affine=True)
          (pwconv1): Linear(in_features=1024, out_features=4096, bias=True)
          (act): SiLU()
          (grn): GRN()
          (pwconv2): Linear(in_features=4096, out_features=512, bias=True)
          (drop_path): Identity()
        )
        (3): CrossAttentionBlock(
          (q): Linear(in_features=512, out_features=512, bias=True)
          (kv): Linear(in_features=768, out_features=1024, bias=True)
          (attn_drop): Dropout(p=0.0, inplace=False)
          (proj): Linear(in_features=512, out_features=512, bias=True)
          (proj_drop): Dropout(p=0.0, inplace=False)
        )
        (4): Upsample(scale_factor=2.0, mode=nearest)
      )
      (1): TimestepEmbedSequential(
        (0): ConvNeXtV2Block(
          (time_embed_proj): Linear(in_features=512, out_features=1024, bias=True)
          (skip_proj): Linear(in_features=1024, out_features=512, bias=True)
          (dwconv): Conv2d(1024, 1024, kernel_size=(7, 7), stride=(1, 1), padding=(3, 3), groups=1024)
          (norm): LayerNorm((1024,), eps=1e-06, elementwise_affine=True)
          (pwconv1): Linear(in_features=1024, out_features=4096, bias=True)
          (act): SiLU()
          (grn): GRN()
          (pwconv2): Linear(in_features=4096, out_features=512, bias=True)
          (drop_path): Identity()
        )
        (1): ConvNeXtV2Block(
          (time_embed_proj): Linear(in_features=512, out_features=512, bias=True)
          (skip_proj): Identity()
          (dwconv): Conv2d(512, 512, kernel_size=(7, 7), stride=(1, 1), padding=(3, 3), groups=512)
          (norm): LayerNorm((512,), eps=1e-06, elementwise_affine=True)
          (pwconv1): Linear(in_features=512, out_features=2048, bias=True)
          (act): SiLU()
          (grn): GRN()
          (pwconv2): Linear(in_features=2048, out_features=512, bias=True)
          (drop_path): Identity()
        )
        (2): ConvNeXtV2Block(
          (time_embed_proj): Linear(in_features=512, out_features=512, bias=True)
          (skip_proj): Linear(in_features=512, out_features=256, bias=True)
          (dwconv): Conv2d(512, 512, kernel_size=(7, 7), stride=(1, 1), padding=(3, 3), groups=512)
          (norm): LayerNorm((512,), eps=1e-06, elementwise_affine=True)
          (pwconv1): Linear(in_features=512, out_features=2048, bias=True)
          (act): SiLU()
          (grn): GRN()
          (pwconv2): Linear(in_features=2048, out_features=256, bias=True)
          (drop_path): Identity()
        )
        (3): CrossAttentionBlock(
          (q): Linear(in_features=256, out_features=256, bias=True)
          (kv): Linear(in_features=768, out_features=512, bias=True)
          (attn_drop): Dropout(p=0.0, inplace=False)
          (proj): Linear(in_features=256, out_features=256, bias=True)
          (proj_drop): Dropout(p=0.0, inplace=False)
        )
        (4): Upsample(scale_factor=2.0, mode=nearest)
      )
      (2): TimestepEmbedSequential(
        (0): ConvNeXtV2Block(
          (time_embed_proj): Linear(in_features=512, out_features=512, bias=True)
          (skip_proj): Linear(in_features=512, out_features=256, bias=True)
          (dwconv): Conv2d(512, 512, kernel_size=(7, 7), stride=(1, 1), padding=(3, 3), groups=512)
          (norm): LayerNorm((512,), eps=1e-06, elementwise_affine=True)
          (pwconv1): Linear(in_features=512, out_features=2048, bias=True)
          (act): SiLU()
          (grn): GRN()
          (pwconv2): Linear(in_features=2048, out_features=256, bias=True)
          (drop_path): Identity()
        )
        (1): ConvNeXtV2Block(
          (time_embed_proj): Linear(in_features=512, out_features=256, bias=True)
          (skip_proj): Identity()
          (dwconv): Conv2d(256, 256, kernel_size=(7, 7), stride=(1, 1), padding=(3, 3), groups=256)
          (norm): LayerNorm((256,), eps=1e-06, elementwise_affine=True)
          (pwconv1): Linear(in_features=256, out_features=1024, bias=True)
          (act): SiLU()
          (grn): GRN()
          (pwconv2): Linear(in_features=1024, out_features=256, bias=True)
          (drop_path): Identity()
        )
        (2): ConvNeXtV2Block(
          (time_embed_proj): Linear(in_features=512, out_features=256, bias=True)
          (skip_proj): Linear(in_features=256, out_features=128, bias=True)
          (dwconv): Conv2d(256, 256, kernel_size=(7, 7), stride=(1, 1), padding=(3, 3), groups=256)
          (norm): LayerNorm((256,), eps=1e-06, elementwise_affine=True)
          (pwconv1): Linear(in_features=256, out_features=1024, bias=True)
          (act): SiLU()
          (grn): GRN()
          (pwconv2): Linear(in_features=1024, out_features=128, bias=True)
          (drop_path): Identity()
        )
        (3): CrossAttentionBlock(
          (q): Linear(in_features=128, out_features=128, bias=True)
          (kv): Linear(in_features=768, out_features=256, bias=True)
          (attn_drop): Dropout(p=0.0, inplace=False)
          (proj): Linear(in_features=128, out_features=128, bias=True)
          (proj_drop): Dropout(p=0.0, inplace=False)
        )
      )
    )
    (norm): LayerNorm((128,), eps=1e-06, elementwise_affine=True)
    (out_proj): Linear(in_features=128, out_features=16, bias=True)
  )
)
Number of params: 309.186128 M
LR = 0.00007500
Min LR = 0.00000000
Total (effective) batch size = 192
Accumulate grad iterations = 1
Number of training steps = 56
Number of training examples per epoch = 10752
Param groups = {
  "decay": {
    "weight_decay": 0.05,
    "params": [
      "encoder_embeddings.tok_rgb@224.mod_emb",
      "encoder_embeddings.tok_rgb@224.token_emb.weight",
      "encoder_embeddings.tok_depth@224.mod_emb",
      "encoder_embeddings.tok_depth@224.token_emb.weight",
      "encoder_embeddings.caption.mod_emb",
      "encoder_embeddings.caption.token_emb.weight",
      "encoder_embeddings.structured_data.mod_emb",
      "encoder_embeddings.structured_data.token_emb.weight",
      "encoder.0.attn.qkv.weight",
      "encoder.0.attn.proj.weight",
      "encoder.0.mlp.fc1.weight",
      "encoder.0.mlp.fc2.weight",
      "encoder.0.mlp.fc3.weight",
      "encoder.1.attn.qkv.weight",
      "encoder.1.attn.proj.weight",
      "encoder.1.mlp.fc1.weight",
      "encoder.1.mlp.fc2.weight",
      "encoder.1.mlp.fc3.weight",
      "encoder.2.attn.qkv.weight",
      "encoder.2.attn.proj.weight",
      "encoder.2.mlp.fc1.weight",
      "encoder.2.mlp.fc2.weight",
      "encoder.2.mlp.fc3.weight",
      "context_proj.weight",
      "backbone.time_embed.0.weight",
      "backbone.time_embed.2.weight",
      "backbone.in_proj.weight",
      "backbone.down_blocks.0.0.time_embed_proj.weight",
      "backbone.down_blocks.0.0.dwconv.weight",
      "backbone.down_blocks.0.0.pwconv1.weight",
      "backbone.down_blocks.0.0.pwconv2.weight",
      "backbone.down_blocks.0.1.time_embed_proj.weight",
      "backbone.down_blocks.0.1.dwconv.weight",
      "backbone.down_blocks.0.1.pwconv1.weight",
      "backbone.down_blocks.0.1.pwconv2.weight",
      "backbone.down_blocks.0.2.time_embed_proj.weight",
      "backbone.down_blocks.0.2.skip_proj.weight",
      "backbone.down_blocks.0.2.dwconv.weight",
      "backbone.down_blocks.0.2.pwconv1.weight",
      "backbone.down_blocks.0.2.pwconv2.weight",
      "backbone.down_blocks.0.3.q.weight",
      "backbone.down_blocks.0.3.kv.weight",
      "backbone.down_blocks.0.3.proj.weight",
      "backbone.down_blocks.1.1.time_embed_proj.weight",
      "backbone.down_blocks.1.1.dwconv.weight",
      "backbone.down_blocks.1.1.pwconv1.weight",
      "backbone.down_blocks.1.1.pwconv2.weight",
      "backbone.down_blocks.1.2.time_embed_proj.weight",
      "backbone.down_blocks.1.2.dwconv.weight",
      "backbone.down_blocks.1.2.pwconv1.weight",
      "backbone.down_blocks.1.2.pwconv2.weight",
      "backbone.down_blocks.1.3.time_embed_proj.weight",
      "backbone.down_blocks.1.3.skip_proj.weight",
      "backbone.down_blocks.1.3.dwconv.weight",
      "backbone.down_blocks.1.3.pwconv1.weight",
      "backbone.down_blocks.1.3.pwconv2.weight",
      "backbone.down_blocks.1.4.q.weight",
      "backbone.down_blocks.1.4.kv.weight",
      "backbone.down_blocks.1.4.proj.weight",
      "backbone.down_blocks.2.1.time_embed_proj.weight",
      "backbone.down_blocks.2.1.dwconv.weight",
      "backbone.down_blocks.2.1.pwconv1.weight",
      "backbone.down_blocks.2.1.pwconv2.weight",
      "backbone.down_blocks.2.2.time_embed_proj.weight",
      "backbone.down_blocks.2.2.dwconv.weight",
      "backbone.down_blocks.2.2.pwconv1.weight",
      "backbone.down_blocks.2.2.pwconv2.weight",
      "backbone.down_blocks.2.3.time_embed_proj.weight",
      "backbone.down_blocks.2.3.skip_proj.weight",
      "backbone.down_blocks.2.3.dwconv.weight",
      "backbone.down_blocks.2.3.pwconv1.weight",
      "backbone.down_blocks.2.3.pwconv2.weight",
      "backbone.down_blocks.2.4.q.weight",
      "backbone.down_blocks.2.4.kv.weight",
      "backbone.down_blocks.2.4.proj.weight",
      "backbone.middle_block.1.time_embed_proj.weight",
      "backbone.middle_block.1.dwconv.weight",
      "backbone.middle_block.1.pwconv1.weight",
      "backbone.middle_block.1.pwconv2.weight",
      "backbone.middle_block.2.time_embed_proj.weight",
      "backbone.middle_block.2.dwconv.weight",
      "backbone.middle_block.2.pwconv1.weight",
      "backbone.middle_block.2.pwconv2.weight",
      "backbone.middle_block.3.time_embed_proj.weight",
      "backbone.middle_block.3.skip_proj.weight",
      "backbone.middle_block.3.dwconv.weight",
      "backbone.middle_block.3.pwconv1.weight",
      "backbone.middle_block.3.pwconv2.weight",
      "backbone.middle_block.4.q.weight",
      "backbone.middle_block.4.kv.weight",
      "backbone.middle_block.4.proj.weight",
      "backbone.middle_block.5.time_embed_proj.weight",
      "backbone.middle_block.5.dwconv.weight",
      "backbone.middle_block.5.pwconv1.weight",
      "backbone.middle_block.5.pwconv2.weight",
      "backbone.middle_block.6.time_embed_proj.weight",
      "backbone.middle_block.6.dwconv.weight",
      "backbone.middle_block.6.pwconv1.weight",
      "backbone.middle_block.6.pwconv2.weight",
      "backbone.middle_block.7.time_embed_proj.weight",
      "backbone.middle_block.7.skip_proj.weight",
      "backbone.middle_block.7.dwconv.weight",
      "backbone.middle_block.7.pwconv1.weight",
      "backbone.middle_block.7.pwconv2.weight",
      "backbone.up_blocks.0.0.time_embed_proj.weight",
      "backbone.up_blocks.0.0.skip_proj.weight",
      "backbone.up_blocks.0.0.dwconv.weight",
      "backbone.up_blocks.0.0.pwconv1.weight",
      "backbone.up_blocks.0.0.pwconv2.weight",
      "backbone.up_blocks.0.1.time_embed_proj.weight",
      "backbone.up_blocks.0.1.dwconv.weight",
      "backbone.up_blocks.0.1.pwconv1.weight",
      "backbone.up_blocks.0.1.pwconv2.weight",
      "backbone.up_blocks.0.2.time_embed_proj.weight",
      "backbone.up_blocks.0.2.skip_proj.weight",
      "backbone.up_blocks.0.2.dwconv.weight",
      "backbone.up_blocks.0.2.pwconv1.weight",
      "backbone.up_blocks.0.2.pwconv2.weight",
      "backbone.up_blocks.0.3.q.weight",
      "backbone.up_blocks.0.3.kv.weight",
      "backbone.up_blocks.0.3.proj.weight",
      "backbone.up_blocks.1.0.time_embed_proj.weight",
      "backbone.up_blocks.1.0.skip_proj.weight",
      "backbone.up_blocks.1.0.dwconv.weight",
      "backbone.up_blocks.1.0.pwconv1.weight",
      "backbone.up_blocks.1.0.pwconv2.weight",
      "backbone.up_blocks.1.1.time_embed_proj.weight",
      "backbone.up_blocks.1.1.dwconv.weight",
      "backbone.up_blocks.1.1.pwconv1.weight",
      "backbone.up_blocks.1.1.pwconv2.weight",
      "backbone.up_blocks.1.2.time_embed_proj.weight",
      "backbone.up_blocks.1.2.skip_proj.weight",
      "backbone.up_blocks.1.2.dwconv.weight",
      "backbone.up_blocks.1.2.pwconv1.weight",
      "backbone.up_blocks.1.2.pwconv2.weight",
      "backbone.up_blocks.1.3.q.weight",
      "backbone.up_blocks.1.3.kv.weight",
      "backbone.up_blocks.1.3.proj.weight",
      "backbone.up_blocks.2.0.time_embed_proj.weight",
      "backbone.up_blocks.2.0.skip_proj.weight",
      "backbone.up_blocks.2.0.dwconv.weight",
      "backbone.up_blocks.2.0.pwconv1.weight",
      "backbone.up_blocks.2.0.pwconv2.weight",
      "backbone.up_blocks.2.1.time_embed_proj.weight",
      "backbone.up_blocks.2.1.dwconv.weight",
      "backbone.up_blocks.2.1.pwconv1.weight",
      "backbone.up_blocks.2.1.pwconv2.weight",
      "backbone.up_blocks.2.2.time_embed_proj.weight",
      "backbone.up_blocks.2.2.skip_proj.weight",
      "backbone.up_blocks.2.2.dwconv.weight",
      "backbone.up_blocks.2.2.pwconv1.weight",
      "backbone.up_blocks.2.2.pwconv2.weight",
      "backbone.up_blocks.2.3.q.weight",
      "backbone.up_blocks.2.3.kv.weight",
      "backbone.up_blocks.2.3.proj.weight",
      "backbone.out_proj.weight"
    ],
    "lr_scale": 1.0
  },
  "no_decay": {
    "weight_decay": 0.0,
    "params": [
      "encoder.0.norm1.weight",
      "encoder.0.attn.qkv.bias",
      "encoder.0.attn.proj.bias",
      "encoder.0.attn.q_norm.weight",
      "encoder.0.attn.k_norm.weight",
      "encoder.0.norm2.weight",
      "encoder.0.mlp.fc1.bias",
      "encoder.0.mlp.fc2.bias",
      "encoder.0.mlp.fc3.bias",
      "encoder.1.norm1.weight",
      "encoder.1.attn.qkv.bias",
      "encoder.1.attn.proj.bias",
      "encoder.1.attn.q_norm.weight",
      "encoder.1.attn.k_norm.weight",
      "encoder.1.norm2.weight",
      "encoder.1.mlp.fc1.bias",
      "encoder.1.mlp.fc2.bias",
      "encoder.1.mlp.fc3.bias",
      "encoder.2.norm1.weight",
      "encoder.2.attn.qkv.bias",
      "encoder.2.attn.proj.bias",
      "encoder.2.attn.q_norm.weight",
      "encoder.2.attn.k_norm.weight",
      "encoder.2.norm2.weight",
      "encoder.2.mlp.fc1.bias",
      "encoder.2.mlp.fc2.bias",
      "encoder.2.mlp.fc3.bias",
      "encoder_norm.weight",
      "context_proj.bias",
      "backbone.time_embed.0.bias",
      "backbone.time_embed.2.bias",
      "backbone.in_proj.bias",
      "backbone.down_blocks.0.0.time_embed_proj.bias",
      "backbone.down_blocks.0.0.dwconv.bias",
      "backbone.down_blocks.0.0.norm.weight",
      "backbone.down_blocks.0.0.norm.bias",
      "backbone.down_blocks.0.0.pwconv1.bias",
      "backbone.down_blocks.0.0.grn.gamma",
      "backbone.down_blocks.0.0.grn.beta",
      "backbone.down_blocks.0.0.pwconv2.bias",
      "backbone.down_blocks.0.1.time_embed_proj.bias",
      "backbone.down_blocks.0.1.dwconv.bias",
      "backbone.down_blocks.0.1.norm.weight",
      "backbone.down_blocks.0.1.norm.bias",
      "backbone.down_blocks.0.1.pwconv1.bias",
      "backbone.down_blocks.0.1.grn.gamma",
      "backbone.down_blocks.0.1.grn.beta",
      "backbone.down_blocks.0.1.pwconv2.bias",
      "backbone.down_blocks.0.2.time_embed_proj.bias",
      "backbone.down_blocks.0.2.skip_proj.bias",
      "backbone.down_blocks.0.2.dwconv.bias",
      "backbone.down_blocks.0.2.norm.weight",
      "backbone.down_blocks.0.2.norm.bias",
      "backbone.down_blocks.0.2.pwconv1.bias",
      "backbone.down_blocks.0.2.grn.gamma",
      "backbone.down_blocks.0.2.grn.beta",
      "backbone.down_blocks.0.2.pwconv2.bias",
      "backbone.down_blocks.0.3.q.bias",
      "backbone.down_blocks.0.3.kv.bias",
      "backbone.down_blocks.0.3.proj.bias",
      "backbone.down_blocks.1.1.time_embed_proj.bias",
      "backbone.down_blocks.1.1.dwconv.bias",
      "backbone.down_blocks.1.1.norm.weight",
      "backbone.down_blocks.1.1.norm.bias",
      "backbone.down_blocks.1.1.pwconv1.bias",
      "backbone.down_blocks.1.1.grn.gamma",
      "backbone.down_blocks.1.1.grn.beta",
      "backbone.down_blocks.1.1.pwconv2.bias",
      "backbone.down_blocks.1.2.time_embed_proj.bias",
      "backbone.down_blocks.1.2.dwconv.bias",
      "backbone.down_blocks.1.2.norm.weight",
      "backbone.down_blocks.1.2.norm.bias",
      "backbone.down_blocks.1.2.pwconv1.bias",
      "backbone.down_blocks.1.2.grn.gamma",
      "backbone.down_blocks.1.2.grn.beta",
      "backbone.down_blocks.1.2.pwconv2.bias",
      "backbone.down_blocks.1.3.time_embed_proj.bias",
      "backbone.down_blocks.1.3.skip_proj.bias",
      "backbone.down_blocks.1.3.dwconv.bias",
      "backbone.down_blocks.1.3.norm.weight",
      "backbone.down_blocks.1.3.norm.bias",
      "backbone.down_blocks.1.3.pwconv1.bias",
      "backbone.down_blocks.1.3.grn.gamma",
      "backbone.down_blocks.1.3.grn.beta",
      "backbone.down_blocks.1.3.pwconv2.bias",
      "backbone.down_blocks.1.4.q.bias",
      "backbone.down_blocks.1.4.kv.bias",
      "backbone.down_blocks.1.4.proj.bias",
      "backbone.down_blocks.2.1.time_embed_proj.bias",
      "backbone.down_blocks.2.1.dwconv.bias",
      "backbone.down_blocks.2.1.norm.weight",
      "backbone.down_blocks.2.1.norm.bias",
      "backbone.down_blocks.2.1.pwconv1.bias",
      "backbone.down_blocks.2.1.grn.gamma",
      "backbone.down_blocks.2.1.grn.beta",
      "backbone.down_blocks.2.1.pwconv2.bias",
      "backbone.down_blocks.2.2.time_embed_proj.bias",
      "backbone.down_blocks.2.2.dwconv.bias",
      "backbone.down_blocks.2.2.norm.weight",
      "backbone.down_blocks.2.2.norm.bias",
      "backbone.down_blocks.2.2.pwconv1.bias",
      "backbone.down_blocks.2.2.grn.gamma",
      "backbone.down_blocks.2.2.grn.beta",
      "backbone.down_blocks.2.2.pwconv2.bias",
      "backbone.down_blocks.2.3.time_embed_proj.bias",
      "backbone.down_blocks.2.3.skip_proj.bias",
      "backbone.down_blocks.2.3.dwconv.bias",
      "backbone.down_blocks.2.3.norm.weight",
      "backbone.down_blocks.2.3.norm.bias",
      "backbone.down_blocks.2.3.pwconv1.bias",
      "backbone.down_blocks.2.3.grn.gamma",
      "backbone.down_blocks.2.3.grn.beta",
      "backbone.down_blocks.2.3.pwconv2.bias",
      "backbone.down_blocks.2.4.q.bias",
      "backbone.down_blocks.2.4.kv.bias",
      "backbone.down_blocks.2.4.proj.bias",
      "backbone.middle_block.1.time_embed_proj.bias",
      "backbone.middle_block.1.dwconv.bias",
      "backbone.middle_block.1.norm.weight",
      "backbone.middle_block.1.norm.bias",
      "backbone.middle_block.1.pwconv1.bias",
      "backbone.middle_block.1.grn.gamma",
      "backbone.middle_block.1.grn.beta",
      "backbone.middle_block.1.pwconv2.bias",
      "backbone.middle_block.2.time_embed_proj.bias",
      "backbone.middle_block.2.dwconv.bias",
      "backbone.middle_block.2.norm.weight",
      "backbone.middle_block.2.norm.bias",
      "backbone.middle_block.2.pwconv1.bias",
      "backbone.middle_block.2.grn.gamma",
      "backbone.middle_block.2.grn.beta",
      "backbone.middle_block.2.pwconv2.bias",
      "backbone.middle_block.3.time_embed_proj.bias",
      "backbone.middle_block.3.skip_proj.bias",
      "backbone.middle_block.3.dwconv.bias",
      "backbone.middle_block.3.norm.weight",
      "backbone.middle_block.3.norm.bias",
      "backbone.middle_block.3.pwconv1.bias",
      "backbone.middle_block.3.grn.gamma",
      "backbone.middle_block.3.grn.beta",
      "backbone.middle_block.3.pwconv2.bias",
      "backbone.middle_block.4.q.bias",
      "backbone.middle_block.4.kv.bias",
      "backbone.middle_block.4.proj.bias",
      "backbone.middle_block.5.time_embed_proj.bias",
      "backbone.middle_block.5.dwconv.bias",
      "backbone.middle_block.5.norm.weight",
      "backbone.middle_block.5.norm.bias",
      "backbone.middle_block.5.pwconv1.bias",
      "backbone.middle_block.5.grn.gamma",
      "backbone.middle_block.5.grn.beta",
      "backbone.middle_block.5.pwconv2.bias",
      "backbone.middle_block.6.time_embed_proj.bias",
      "backbone.middle_block.6.dwconv.bias",
      "backbone.middle_block.6.norm.weight",
      "backbone.middle_block.6.norm.bias",
      "backbone.middle_block.6.pwconv1.bias",
      "backbone.middle_block.6.grn.gamma",
      "backbone.middle_block.6.grn.beta",
      "backbone.middle_block.6.pwconv2.bias",
      "backbone.middle_block.7.time_embed_proj.bias",
      "backbone.middle_block.7.skip_proj.bias",
      "backbone.middle_block.7.dwconv.bias",
      "backbone.middle_block.7.norm.weight",
      "backbone.middle_block.7.norm.bias",
      "backbone.middle_block.7.pwconv1.bias",
      "backbone.middle_block.7.grn.gamma",
      "backbone.middle_block.7.grn.beta",
      "backbone.middle_block.7.pwconv2.bias",
      "backbone.up_blocks.0.0.time_embed_proj.bias",
      "backbone.up_blocks.0.0.skip_proj.bias",
      "backbone.up_blocks.0.0.dwconv.bias",
      "backbone.up_blocks.0.0.norm.weight",
      "backbone.up_blocks.0.0.norm.bias",
      "backbone.up_blocks.0.0.pwconv1.bias",
      "backbone.up_blocks.0.0.grn.gamma",
      "backbone.up_blocks.0.0.grn.beta",
      "backbone.up_blocks.0.0.pwconv2.bias",
      "backbone.up_blocks.0.1.time_embed_proj.bias",
      "backbone.up_blocks.0.1.dwconv.bias",
      "backbone.up_blocks.0.1.norm.weight",
      "backbone.up_blocks.0.1.norm.bias",
      "backbone.up_blocks.0.1.pwconv1.bias",
      "backbone.up_blocks.0.1.grn.gamma",
      "backbone.up_blocks.0.1.grn.beta",
      "backbone.up_blocks.0.1.pwconv2.bias",
      "backbone.up_blocks.0.2.time_embed_proj.bias",
      "backbone.up_blocks.0.2.skip_proj.bias",
      "backbone.up_blocks.0.2.dwconv.bias",
      "backbone.up_blocks.0.2.norm.weight",
      "backbone.up_blocks.0.2.norm.bias",
      "backbone.up_blocks.0.2.pwconv1.bias",
      "backbone.up_blocks.0.2.grn.gamma",
      "backbone.up_blocks.0.2.grn.beta",
      "backbone.up_blocks.0.2.pwconv2.bias",
      "backbone.up_blocks.0.3.q.bias",
      "backbone.up_blocks.0.3.kv.bias",
      "backbone.up_blocks.0.3.proj.bias",
      "backbone.up_blocks.1.0.time_embed_proj.bias",
      "backbone.up_blocks.1.0.skip_proj.bias",
      "backbone.up_blocks.1.0.dwconv.bias",
      "backbone.up_blocks.1.0.norm.weight",
      "backbone.up_blocks.1.0.norm.bias",
      "backbone.up_blocks.1.0.pwconv1.bias",
      "backbone.up_blocks.1.0.grn.gamma",
      "backbone.up_blocks.1.0.grn.beta",
      "backbone.up_blocks.1.0.pwconv2.bias",
      "backbone.up_blocks.1.1.time_embed_proj.bias",
      "backbone.up_blocks.1.1.dwconv.bias",
      "backbone.up_blocks.1.1.norm.weight",
      "backbone.up_blocks.1.1.norm.bias",
      "backbone.up_blocks.1.1.pwconv1.bias",
      "backbone.up_blocks.1.1.grn.gamma",
      "backbone.up_blocks.1.1.grn.beta",
      "backbone.up_blocks.1.1.pwconv2.bias",
      "backbone.up_blocks.1.2.time_embed_proj.bias",
      "backbone.up_blocks.1.2.skip_proj.bias",
      "backbone.up_blocks.1.2.dwconv.bias",
      "backbone.up_blocks.1.2.norm.weight",
      "backbone.up_blocks.1.2.norm.bias",
      "backbone.up_blocks.1.2.pwconv1.bias",
      "backbone.up_blocks.1.2.grn.gamma",
      "backbone.up_blocks.1.2.grn.beta",
      "backbone.up_blocks.1.2.pwconv2.bias",
      "backbone.up_blocks.1.3.q.bias",
      "backbone.up_blocks.1.3.kv.bias",
      "backbone.up_blocks.1.3.proj.bias",
      "backbone.up_blocks.2.0.time_embed_proj.bias",
      "backbone.up_blocks.2.0.skip_proj.bias",
      "backbone.up_blocks.2.0.dwconv.bias",
      "backbone.up_blocks.2.0.norm.weight",
      "backbone.up_blocks.2.0.norm.bias",
      "backbone.up_blocks.2.0.pwconv1.bias",
      "backbone.up_blocks.2.0.grn.gamma",
      "backbone.up_blocks.2.0.grn.beta",
      "backbone.up_blocks.2.0.pwconv2.bias",
      "backbone.up_blocks.2.1.time_embed_proj.bias",
      "backbone.up_blocks.2.1.dwconv.bias",
      "backbone.up_blocks.2.1.norm.weight",
      "backbone.up_blocks.2.1.norm.bias",
      "backbone.up_blocks.2.1.pwconv1.bias",
      "backbone.up_blocks.2.1.grn.gamma",
      "backbone.up_blocks.2.1.grn.beta",
      "backbone.up_blocks.2.1.pwconv2.bias",
      "backbone.up_blocks.2.2.time_embed_proj.bias",
      "backbone.up_blocks.2.2.skip_proj.bias",
      "backbone.up_blocks.2.2.dwconv.bias",
      "backbone.up_blocks.2.2.norm.weight",
      "backbone.up_blocks.2.2.norm.bias",
      "backbone.up_blocks.2.2.pwconv1.bias",
      "backbone.up_blocks.2.2.grn.gamma",
      "backbone.up_blocks.2.2.grn.beta",
      "backbone.up_blocks.2.2.pwconv2.bias",
      "backbone.up_blocks.2.3.q.bias",
      "backbone.up_blocks.2.3.kv.bias",
      "backbone.up_blocks.2.3.proj.bias",
      "backbone.norm.weight",
      "backbone.norm.bias",
      "backbone.out_proj.bias"
    ],
    "lr_scale": 1.0
  }
}
optimizer settings: {'lr': 7.500000000000001e-05, 'weight_decay': 0.0, 'eps': 1e-08, 'betas': [0.9, 0.99]}
Set warmup steps = 5600
Set warmup steps = 0
Max WD = 0.0500000, Min WD = 0.0500000
Start training for 550 epochs
Epoch: [0]  [ 0/56]  eta: 0:20:12  lr: 0.000000  min_lr: 0.000000  loss: 0.0340 (0.0340)  weight_decay: 0.0500 (0.0500)  grad_norm: 0.0323 (0.0323)  time: 21.6586  data: 10.6907  max mem: 34591
Epoch: [0]  [10/56]  eta: 0:03:18  lr: 0.000000  min_lr: 0.000000  loss: 0.0314 (0.0314)  weight_decay: 0.0500 (0.0500)  grad_norm: 0.0323 (0.0318)  time: 4.3210  data: 0.9723  max mem: 36959
Epoch: [0]  [20/56]  eta: 0:02:05  lr: 0.000000  min_lr: 0.000000  loss: 0.0323 (0.0324)  weight_decay: 0.0500 (0.0500)  grad_norm: 0.0315 (0.0318)  time: 2.5803  data: 0.0004  max mem: 36959
Epoch: [0]  [30/56]  eta: 0:01:23  lr: 0.000000  min_lr: 0.000000  loss: 0.0329 (0.0331)  weight_decay: 0.0500 (0.0500)  grad_norm: 0.0319 (0.0318)  time: 2.6146  data: 0.0003  max mem: 36959
Epoch: [0]  [40/56]  eta: 0:00:49  lr: 0.000001  min_lr: 0.000001  loss: 0.0331 (0.0330)  weight_decay: 0.0500 (0.0500)  grad_norm: 0.0319 (0.0318)  time: 2.6650  data: 0.0003  max mem: 36959
Epoch: [0]  [50/56]  eta: 0:00:18  lr: 0.000001  min_lr: 0.000001  loss: 0.0330 (0.0332)  weight_decay: 0.0500 (0.0500)  grad_norm: 0.0316 (0.0318)  time: 2.6789  data: 0.0003  max mem: 36959
Epoch: [0]  [55/56]  eta: 0:00:02  lr: 0.000001  min_lr: 0.000001  loss: 0.0331 (0.0332)  weight_decay: 0.0500 (0.0500)  grad_norm: 0.0316 (0.0318)  time: 2.6936  data: 0.0002  max mem: 36959
Epoch: [0] Total time: 0:02:47 (2.9905 s / it)
Averaged stats: lr: 0.000001  min_lr: 0.000001  loss: 0.0331 (0.0335)  weight_decay: 0.0500 (0.0500)  grad_norm: 0.0316 (0.0318)
[Eval]   [0/1]  eta: 0:00:05  loss: 0.0252 (0.0252)  time: 5.5034  data: 3.6471  max mem: 36959
[Eval]  Total time: 0:00:06 (6.2842 s / it)
Eval averaged stats: loss: 0.0252 (0.0321)
[Eval] Image metrics:  [0/1]  eta: 0:00:06    time: 6.6856  data: 3.4324  max mem: 36959
[Eval] Image metrics: Total time: 0:00:07 (7.0347 s / it)
[Eval]  Generation results: [Eval] MSE: 0.0000 (0.0000)  [Eval] MAE: 0.0000 (0.0000)  [Eval] PSNR: 47.0050 (47.0050)  [Eval] MS-SSIM: 0.9988 (0.9988)
Logged 9 eval images
Epoch: [1]  [ 0/56]  eta: 0:04:21  lr: 0.000001  min_lr: 0.000001  loss: 0.0335 (0.0335)  weight_decay: 0.0500 (0.0500)  grad_norm: 0.0325 (0.0325)  time: 4.6770  data: 3.5774  max mem: 36959
Epoch: [1]  [10/56]  eta: 0:02:12  lr: 0.000001  min_lr: 0.000001  loss: 0.0316 (0.0311)  weight_decay: 0.0500 (0.0500)  grad_norm: 0.0322 (0.0318)  time: 2.8892  data: 0.3256  max mem: 36959
Epoch: [1]  [20/56]  eta: 0:01:40  lr: 0.000001  min_lr: 0.000001  loss: 0.0317 (0.0321)  weight_decay: 0.0500 (0.0500)  grad_norm: 0.0317 (0.0318)  time: 2.6835  data: 0.0003  max mem: 36959
Epoch: [1]  [30/56]  eta: 0:01:11  lr: 0.000001  min_lr: 0.000001  loss: 0.0332 (0.0328)  weight_decay: 0.0500 (0.0500)  grad_norm: 0.0318 (0.0318)  time: 2.6475  data: 0.0002  max mem: 36959
Epoch: [1]  [40/56]  eta: 0:00:43  lr: 0.000001  min_lr: 0.000001  loss: 0.0336 (0.0328)  weight_decay: 0.0500 (0.0500)  grad_norm: 0.0314 (0.0317)  time: 2.6528  data: 0.0003  max mem: 36959
Epoch: [1]  [50/56]  eta: 0:00:16  lr: 0.000001  min_lr: 0.000001  loss: 0.0327 (0.0330)  weight_decay: 0.0500 (0.0500)  grad_norm: 0.0315 (0.0317)  time: 2.6610  data: 0.0003  max mem: 36959
Epoch: [1]  [55/56]  eta: 0:00:02  lr: 0.000001  min_lr: 0.000001  loss: 0.0331 (0.0330)  weight_decay: 0.0500 (0.0500)  grad_norm: 0.0315 (0.0316)  time: 2.6571  data: 0.0003  max mem: 36959
Epoch: [1] Total time: 0:02:32 (2.7223 s / it)
Averaged stats: lr: 0.000001  min_lr: 0.000001  loss: 0.0331 (0.0332)  weight_decay: 0.0500 (0.0500)  grad_norm: 0.0315 (0.0316)
Epoch: [2]  [ 0/56]  eta: 0:07:28  lr: 0.000002  min_lr: 0.000002  loss: 0.0332 (0.0332)  weight_decay: 0.0500 (0.0500)  grad_norm: 0.0321 (0.0321)  time: 8.0100  data: 5.5360  max mem: 36959
Epoch: [2]  [10/56]  eta: 0:02:27  lr: 0.000002  min_lr: 0.000002  loss: 0.0307 (0.0306)  weight_decay: 0.0500 (0.0500)  grad_norm: 0.0320 (0.0315)  time: 3.2023  data: 0.5036  max mem: 36959
Epoch: [2]  [20/56]  eta: 0:01:46  lr: 0.000002  min_lr: 0.000002  loss: 0.0311 (0.0316)  weight_decay: 0.0500 (0.0500)  grad_norm: 0.0314 (0.0315)  time: 2.7078  data: 0.0003  max mem: 36959
Epoch: [2]  [30/56]  eta: 0:01:14  lr: 0.000002  min_lr: 0.000002  loss: 0.0323 (0.0324)  weight_decay: 0.0500 (0.0500)  grad_norm: 0.0316 (0.0315)  time: 2.6795  data: 0.0003  max mem: 36959
Epoch: [2]  [40/56]  eta: 0:00:45  lr: 0.000002  min_lr: 0.000002  loss: 0.0324 (0.0323)  weight_decay: 0.0500 (0.0500)  grad_norm: 0.0311 (0.0314)  time: 2.6746  data: 0.0003  max mem: 36959
Epoch: [2]  [50/56]  eta: 0:00:16  lr: 0.000002  min_lr: 0.000002  loss: 0.0320 (0.0325)  weight_decay: 0.0500 (0.0500)  grad_norm: 0.0310 (0.0314)  time: 2.6835  data: 0.0003  max mem: 36959
Epoch: [2]  [55/56]  eta: 0:00:02  lr: 0.000002  min_lr: 0.000002  loss: 0.0323 (0.0324)  weight_decay: 0.0500 (0.0500)  grad_norm: 0.0310 (0.0313)  time: 2.6690  data: 0.0003  max mem: 36959
Epoch: [2] Total time: 0:02:36 (2.7965 s / it)
Averaged stats: lr: 0.000002  min_lr: 0.000002  loss: 0.0323 (0.0326)  weight_decay: 0.0500 (0.0500)  grad_norm: 0.0310 (0.0313)
Epoch: [3]  [ 0/56]  eta: 0:06:54  lr: 0.000002  min_lr: 0.000002  loss: 0.0323 (0.0323)  weight_decay: 0.0500 (0.0500)  grad_norm: 0.0315 (0.0315)  time: 7.4002  data: 5.1693  max mem: 36959
Epoch: [3]  [10/56]  eta: 0:02:24  lr: 0.000002  min_lr: 0.000002  loss: 0.0301 (0.0301)  weight_decay: 0.0500 (0.0500)  grad_norm: 0.0315 (0.0310)  time: 3.1481  data: 0.4705  max mem: 36959
Epoch: [3]  [20/56]  eta: 0:01:45  lr: 0.000003  min_lr: 0.000003  loss: 0.0305 (0.0309)  weight_decay: 0.0500 (0.0500)  grad_norm: 0.0308 (0.0309)  time: 2.7111  data: 0.0004  max mem: 36959
Epoch: [3]  [30/56]  eta: 0:01:14  lr: 0.000003  min_lr: 0.000003  loss: 0.0324 (0.0317)  weight_decay: 0.0500 (0.0500)  grad_norm: 0.0307 (0.0309)  time: 2.6923  data: 0.0002  max mem: 36959
Epoch: [3]  [40/56]  eta: 0:00:44  lr: 0.000003  min_lr: 0.000003  loss: 0.0318 (0.0316)  weight_decay: 0.0500 (0.0500)  grad_norm: 0.0305 (0.0308)  time: 2.6792  data: 0.0002  max mem: 36959
Epoch: [3]  [50/56]  eta: 0:00:16  lr: 0.000003  min_lr: 0.000003  loss: 0.0311 (0.0318)  weight_decay: 0.0500 (0.0500)  grad_norm: 0.0305 (0.0308)  time: 2.6958  data: 0.0002  max mem: 36959
Epoch: [3]  [55/56]  eta: 0:00:02  lr: 0.000003  min_lr: 0.000003  loss: 0.0313 (0.0318)  weight_decay: 0.0500 (0.0500)  grad_norm: 0.0305 (0.0307)  time: 2.6971  data: 0.0002  max mem: 36959
Epoch: [3] Total time: 0:02:36 (2.8009 s / it)
Averaged stats: lr: 0.000003  min_lr: 0.000003  loss: 0.0313 (0.0320)  weight_decay: 0.0500 (0.0500)  grad_norm: 0.0305 (0.0307)
Epoch: [4]  [ 0/56]  eta: 0:07:03  lr: 0.000003  min_lr: 0.000003  loss: 0.0310 (0.0310)  weight_decay: 0.0500 (0.0500)  grad_norm: 0.0307 (0.0307)  time: 7.5603  data: 5.3468  max mem: 36959
Epoch: [4]  [10/56]  eta: 0:02:26  lr: 0.000003  min_lr: 0.000003  loss: 0.0296 (0.0294)  weight_decay: 0.0500 (0.0500)  grad_norm: 0.0307 (0.0303)  time: 3.1794  data: 0.4863  max mem: 36959
Epoch: [4]  [20/56]  eta: 0:01:46  lr: 0.000003  min_lr: 0.000003  loss: 0.0303 (0.0304)  weight_decay: 0.0500 (0.0500)  grad_norm: 0.0302 (0.0303)  time: 2.7403  data: 0.0003  max mem: 36959
Epoch: [4]  [30/56]  eta: 0:01:15  lr: 0.000003  min_lr: 0.000003  loss: 0.0312 (0.0311)  weight_decay: 0.0500 (0.0500)  grad_norm: 0.0302 (0.0302)  time: 2.7404  data: 0.0002  max mem: 36959
Epoch: [4]  [40/56]  eta: 0:00:45  lr: 0.000004  min_lr: 0.000004  loss: 0.0313 (0.0310)  weight_decay: 0.0500 (0.0500)  grad_norm: 0.0299 (0.0301)  time: 2.7564  data: 0.0003  max mem: 36959
Epoch: [4]  [50/56]  eta: 0:00:17  lr: 0.000004  min_lr: 0.000004  loss: 0.0308 (0.0313)  weight_decay: 0.0500 (0.0500)  grad_norm: 0.0299 (0.0301)  time: 2.7868  data: 0.0003  max mem: 36959
Epoch: [4]  [55/56]  eta: 0:00:02  lr: 0.000004  min_lr: 0.000004  loss: 0.0313 (0.0312)  weight_decay: 0.0500 (0.0500)  grad_norm: 0.0298 (0.0300)  time: 2.8135  data: 0.0003  max mem: 36959
Epoch: [4] Total time: 0:02:40 (2.8727 s / it)
Averaged stats: lr: 0.000004  min_lr: 0.000004  loss: 0.0313 (0.0314)  weight_decay: 0.0500 (0.0500)  grad_norm: 0.0298 (0.0300)
Epoch: [5]  [ 0/56]  eta: 0:07:06  lr: 0.000004  min_lr: 0.000004  loss: 0.0314 (0.0314)  weight_decay: 0.0500 (0.0500)  grad_norm: 0.0300 (0.0300)  time: 7.6138  data: 5.3422  max mem: 36959
Epoch: [5]  [10/56]  eta: 0:02:27  lr: 0.000004  min_lr: 0.000004  loss: 0.0291 (0.0289)  weight_decay: 0.0500 (0.0500)  grad_norm: 0.0300 (0.0297)  time: 3.2110  data: 0.4859  max mem: 36959
Epoch: [5]  [20/56]  eta: 0:01:47  lr: 0.000004  min_lr: 0.000004  loss: 0.0300 (0.0299)  weight_decay: 0.0500 (0.0500)  grad_norm: 0.0296 (0.0296)  time: 2.7593  data: 0.0002  max mem: 36959
Epoch: [5]  [30/56]  eta: 0:01:15  lr: 0.000004  min_lr: 0.000004  loss: 0.0308 (0.0306)  weight_decay: 0.0500 (0.0500)  grad_norm: 0.0296 (0.0296)  time: 2.7192  data: 0.0002  max mem: 36959
Epoch: [5]  [40/56]  eta: 0:00:45  lr: 0.000004  min_lr: 0.000004  loss: 0.0308 (0.0306)  weight_decay: 0.0500 (0.0500)  grad_norm: 0.0290 (0.0294)  time: 2.6890  data: 0.0002  max mem: 36959
Epoch: [5]  [50/56]  eta: 0:00:16  lr: 0.000004  min_lr: 0.000004  loss: 0.0307 (0.0307)  weight_decay: 0.0500 (0.0500)  grad_norm: 0.0291 (0.0294)  time: 2.7067  data: 0.0002  max mem: 36959
Epoch: [5]  [55/56]  eta: 0:00:02  lr: 0.000004  min_lr: 0.000004  loss: 0.0308 (0.0307)  weight_decay: 0.0500 (0.0500)  grad_norm: 0.0291 (0.0293)  time: 2.7439  data: 0.0002  max mem: 36959
Epoch: [5] Total time: 0:02:38 (2.8363 s / it)
Averaged stats: lr: 0.000004  min_lr: 0.000004  loss: 0.0308 (0.0310)  weight_decay: 0.0500 (0.0500)  grad_norm: 0.0291 (0.0293)
Epoch: [6]  [ 0/56]  eta: 0:07:21  lr: 0.000005  min_lr: 0.000005  loss: 0.0309 (0.0309)  weight_decay: 0.0500 (0.0500)  grad_norm: 0.0294 (0.0294)  time: 7.8868  data: 5.6745  max mem: 36959
Epoch: [6]  [10/56]  eta: 0:02:29  lr: 0.000005  min_lr: 0.000005  loss: 0.0287 (0.0285)  weight_decay: 0.0500 (0.0500)  grad_norm: 0.0294 (0.0289)  time: 3.2477  data: 0.5162  max mem: 36959
Epoch: [6]  [20/56]  eta: 0:01:47  lr: 0.000005  min_lr: 0.000005  loss: 0.0294 (0.0295)  weight_decay: 0.0500 (0.0500)  grad_norm: 0.0290 (0.0289)  time: 2.7531  data: 0.0003  max mem: 36959
Epoch: [6]  [30/56]  eta: 0:01:15  lr: 0.000005  min_lr: 0.000005  loss: 0.0306 (0.0302)  weight_decay: 0.0500 (0.0500)  grad_norm: 0.0288 (0.0289)  time: 2.7340  data: 0.0002  max mem: 36959
Epoch: [6]  [40/56]  eta: 0:00:46  lr: 0.000005  min_lr: 0.000005  loss: 0.0306 (0.0302)  weight_decay: 0.0500 (0.0500)  grad_norm: 0.0284 (0.0287)  time: 2.7480  data: 0.0002  max mem: 36959
Epoch: [6]  [50/56]  eta: 0:00:17  lr: 0.000005  min_lr: 0.000005  loss: 0.0302 (0.0304)  weight_decay: 0.0500 (0.0500)  grad_norm: 0.0283 (0.0286)  time: 2.7502  data: 0.0002  max mem: 36959
Epoch: [6]  [55/56]  eta: 0:00:02  lr: 0.000005  min_lr: 0.000005  loss: 0.0303 (0.0304)  weight_decay: 0.0500 (0.0500)  grad_norm: 0.0282 (0.0286)  time: 2.7396  data: 0.0003  max mem: 36959
Epoch: [6] Total time: 0:02:40 (2.8632 s / it)
Averaged stats: lr: 0.000005  min_lr: 0.000005  loss: 0.0303 (0.0305)  weight_decay: 0.0500 (0.0500)  grad_norm: 0.0282 (0.0286)
Epoch: [7]  [ 0/56]  eta: 0:06:46  lr: 0.000005  min_lr: 0.000005  loss: 0.0303 (0.0303)  weight_decay: 0.0500 (0.0500)  grad_norm: 0.0289 (0.0289)  time: 7.2575  data: 4.9998  max mem: 36959
Epoch: [7]  [10/56]  eta: 0:02:24  lr: 0.000005  min_lr: 0.000005  loss: 0.0291 (0.0283)  weight_decay: 0.0500 (0.0500)  grad_norm: 0.0286 (0.0282)  time: 3.1326  data: 0.4548  max mem: 36959
Epoch: [7]  [20/56]  eta: 0:01:45  lr: 0.000006  min_lr: 0.000006  loss: 0.0291 (0.0293)  weight_decay: 0.0500 (0.0500)  grad_norm: 0.0282 (0.0282)  time: 2.7240  data: 0.0003  max mem: 36959
Epoch: [7]  [30/56]  eta: 0:01:14  lr: 0.000006  min_lr: 0.000006  loss: 0.0304 (0.0299)  weight_decay: 0.0500 (0.0500)  grad_norm: 0.0279 (0.0282)  time: 2.7120  data: 0.0003  max mem: 36959
Epoch: [7]  [40/56]  eta: 0:00:45  lr: 0.000006  min_lr: 0.000006  loss: 0.0303 (0.0298)  weight_decay: 0.0500 (0.0500)  grad_norm: 0.0278 (0.0281)  time: 2.7352  data: 0.0003  max mem: 36959
Epoch: [7]  [50/56]  eta: 0:00:16  lr: 0.000006  min_lr: 0.000006  loss: 0.0302 (0.0300)  weight_decay: 0.0500 (0.0500)  grad_norm: 0.0278 (0.0280)  time: 2.7303  data: 0.0002  max mem: 36959
Epoch: [7]  [55/56]  eta: 0:00:02  lr: 0.000006  min_lr: 0.000006  loss: 0.0303 (0.0300)  weight_decay: 0.0500 (0.0500)  grad_norm: 0.0277 (0.0280)  time: 2.7061  data: 0.0002  max mem: 36959
Epoch: [7] Total time: 0:02:37 (2.8174 s / it)
Averaged stats: lr: 0.000006  min_lr: 0.000006  loss: 0.0303 (0.0302)  weight_decay: 0.0500 (0.0500)  grad_norm: 0.0277 (0.0280)
Epoch: [8]  [ 0/56]  eta: 0:07:03  lr: 0.000006  min_lr: 0.000006  loss: 0.0299 (0.0299)  weight_decay: 0.0500 (0.0500)  grad_norm: 0.0282 (0.0282)  time: 7.5640  data: 5.2560  max mem: 36959
Epoch: [8]  [10/56]  eta: 0:02:26  lr: 0.000006  min_lr: 0.000006  loss: 0.0286 (0.0279)  weight_decay: 0.0500 (0.0500)  grad_norm: 0.0281 (0.0277)  time: 3.1928  data: 0.4781  max mem: 36959
Epoch: [8]  [20/56]  eta: 0:01:47  lr: 0.000006  min_lr: 0.000006  loss: 0.0287 (0.0289)  weight_decay: 0.0500 (0.0500)  grad_norm: 0.0277 (0.0276)  time: 2.7506  data: 0.0003  max mem: 36959
Epoch: [8]  [30/56]  eta: 0:01:15  lr: 0.000006  min_lr: 0.000006  loss: 0.0304 (0.0295)  weight_decay: 0.0500 (0.0500)  grad_norm: 0.0276 (0.0277)  time: 2.7425  data: 0.0003  max mem: 36959
Epoch: [8]  [40/56]  eta: 0:00:45  lr: 0.000007  min_lr: 0.000007  loss: 0.0300 (0.0295)  weight_decay: 0.0500 (0.0500)  grad_norm: 0.0274 (0.0276)  time: 2.7194  data: 0.0004  max mem: 36959
Epoch: [8]  [50/56]  eta: 0:00:16  lr: 0.000007  min_lr: 0.000007  loss: 0.0296 (0.0297)  weight_decay: 0.0500 (0.0500)  grad_norm: 0.0273 (0.0275)  time: 2.7238  data: 0.0004  max mem: 36959
Epoch: [8]  [55/56]  eta: 0:00:02  lr: 0.000007  min_lr: 0.000007  loss: 0.0300 (0.0297)  weight_decay: 0.0500 (0.0500)  grad_norm: 0.0272 (0.0275)  time: 2.7365  data: 0.0003  max mem: 36959
Epoch: [8] Total time: 0:02:39 (2.8400 s / it)
Averaged stats: lr: 0.000007  min_lr: 0.000007  loss: 0.0300 (0.0299)  weight_decay: 0.0500 (0.0500)  grad_norm: 0.0272 (0.0275)
Epoch: [9]  [ 0/56]  eta: 0:06:50  lr: 0.000007  min_lr: 0.000007  loss: 0.0297 (0.0297)  weight_decay: 0.0500 (0.0500)  grad_norm: 0.0277 (0.0277)  time: 7.3215  data: 5.0804  max mem: 36959
Epoch: [9]  [10/56]  eta: 0:02:25  lr: 0.000007  min_lr: 0.000007  loss: 0.0280 (0.0276)  weight_decay: 0.0500 (0.0500)  grad_norm: 0.0276 (0.0272)  time: 3.1707  data: 0.4621  max mem: 36959
Epoch: [9]  [20/56]  eta: 0:01:44  lr: 0.000007  min_lr: 0.000007  loss: 0.0284 (0.0287)  weight_decay: 0.0500 (0.0500)  grad_norm: 0.0269 (0.0271)  time: 2.6889  data: 0.0003  max mem: 36959
Epoch: [9]  [30/56]  eta: 0:01:13  lr: 0.000007  min_lr: 0.000007  loss: 0.0298 (0.0293)  weight_decay: 0.0500 (0.0500)  grad_norm: 0.0270 (0.0272)  time: 2.6380  data: 0.0002  max mem: 36959
Epoch: [9]  [40/56]  eta: 0:00:44  lr: 0.000007  min_lr: 0.000007  loss: 0.0298 (0.0292)  weight_decay: 0.0500 (0.0500)  grad_norm: 0.0269 (0.0271)  time: 2.6610  data: 0.0003  max mem: 36959
Epoch: [9]  [50/56]  eta: 0:00:16  lr: 0.000007  min_lr: 0.000007  loss: 0.0291 (0.0294)  weight_decay: 0.0500 (0.0500)  grad_norm: 0.0268 (0.0271)  time: 2.6815  data: 0.0003  max mem: 36959
Epoch: [9]  [55/56]  eta: 0:00:02  lr: 0.000007  min_lr: 0.000007  loss: 0.0295 (0.0294)  weight_decay: 0.0500 (0.0500)  grad_norm: 0.0267 (0.0270)  time: 2.6934  data: 0.0002  max mem: 36959
Epoch: [9] Total time: 0:02:35 (2.7840 s / it)
Averaged stats: lr: 0.000007  min_lr: 0.000007  loss: 0.0295 (0.0295)  weight_decay: 0.0500 (0.0500)  grad_norm: 0.0267 (0.0270)
Epoch: [10]  [ 0/56]  eta: 0:07:11  lr: 0.000008  min_lr: 0.000008  loss: 0.0293 (0.0293)  weight_decay: 0.0500 (0.0500)  grad_norm: 0.0274 (0.0274)  time: 7.7020  data: 5.2649  max mem: 36959
Epoch: [10]  [10/56]  eta: 0:02:23  lr: 0.000008  min_lr: 0.000008  loss: 0.0278 (0.0274)  weight_decay: 0.0500 (0.0500)  grad_norm: 0.0273 (0.0269)  time: 3.1151  data: 0.4789  max mem: 36959
Epoch: [10]  [20/56]  eta: 0:01:44  lr: 0.000008  min_lr: 0.000008  loss: 0.0283 (0.0284)  weight_decay: 0.0500 (0.0500)  grad_norm: 0.0267 (0.0269)  time: 2.6756  data: 0.0003  max mem: 36959
Epoch: [10]  [30/56]  eta: 0:01:13  lr: 0.000008  min_lr: 0.000008  loss: 0.0297 (0.0289)  weight_decay: 0.0500 (0.0500)  grad_norm: 0.0267 (0.0269)  time: 2.6858  data: 0.0002  max mem: 36959
Epoch: [10]  [40/56]  eta: 0:00:44  lr: 0.000008  min_lr: 0.000008  loss: 0.0293 (0.0289)  weight_decay: 0.0500 (0.0500)  grad_norm: 0.0267 (0.0268)  time: 2.6786  data: 0.0002  max mem: 36959
Epoch: [10]  [50/56]  eta: 0:00:16  lr: 0.000008  min_lr: 0.000008  loss: 0.0291 (0.0291)  weight_decay: 0.0500 (0.0500)  grad_norm: 0.0266 (0.0268)  time: 2.6959  data: 0.0002  max mem: 36959
Epoch: [10]  [55/56]  eta: 0:00:02  lr: 0.000008  min_lr: 0.000008  loss: 0.0295 (0.0291)  weight_decay: 0.0500 (0.0500)  grad_norm: 0.0266 (0.0268)  time: 2.7253  data: 0.0002  max mem: 36959
Epoch: [10] Total time: 0:02:36 (2.7967 s / it)
Averaged stats: lr: 0.000008  min_lr: 0.000008  loss: 0.0295 (0.0293)  weight_decay: 0.0500 (0.0500)  grad_norm: 0.0266 (0.0268)
Epoch: [11]  [ 0/56]  eta: 0:07:02  lr: 0.000008  min_lr: 0.000008  loss: 0.0289 (0.0289)  weight_decay: 0.0500 (0.0500)  grad_norm: 0.0271 (0.0271)  time: 7.5403  data: 4.5304  max mem: 36959
Epoch: [11]  [10/56]  eta: 0:02:24  lr: 0.000008  min_lr: 0.000008  loss: 0.0270 (0.0272)  weight_decay: 0.0500 (0.0500)  grad_norm: 0.0270 (0.0266)  time: 3.1417  data: 0.4122  max mem: 36959
Epoch: [11]  [20/56]  eta: 0:01:46  lr: 0.000009  min_lr: 0.000009  loss: 0.0279 (0.0282)  weight_decay: 0.0500 (0.0500)  grad_norm: 0.0263 (0.0265)  time: 2.7216  data: 0.0003  max mem: 36959
Epoch: [11]  [30/56]  eta: 0:01:14  lr: 0.000009  min_lr: 0.000009  loss: 0.0297 (0.0287)  weight_decay: 0.0500 (0.0500)  grad_norm: 0.0266 (0.0266)  time: 2.7265  data: 0.0003  max mem: 36959
Epoch: [11]  [40/56]  eta: 0:00:45  lr: 0.000009  min_lr: 0.000009  loss: 0.0291 (0.0286)  weight_decay: 0.0500 (0.0500)  grad_norm: 0.0264 (0.0265)  time: 2.6933  data: 0.0003  max mem: 36959
Epoch: [11]  [50/56]  eta: 0:00:16  lr: 0.000009  min_lr: 0.000009  loss: 0.0290 (0.0288)  weight_decay: 0.0500 (0.0500)  grad_norm: 0.0264 (0.0265)  time: 2.7115  data: 0.0003  max mem: 36959
Epoch: [11]  [55/56]  eta: 0:00:02  lr: 0.000009  min_lr: 0.000009  loss: 0.0293 (0.0288)  weight_decay: 0.0500 (0.0500)  grad_norm: 0.0263 (0.0265)  time: 2.7236  data: 0.0003  max mem: 36959
Epoch: [11] Total time: 0:02:38 (2.8221 s / it)
Averaged stats: lr: 0.000009  min_lr: 0.000009  loss: 0.0293 (0.0290)  weight_decay: 0.0500 (0.0500)  grad_norm: 0.0263 (0.0265)
Epoch: [12]  [ 0/56]  eta: 0:07:03  lr: 0.000009  min_lr: 0.000009  loss: 0.0287 (0.0287)  weight_decay: 0.0500 (0.0500)  grad_norm: 0.0267 (0.0267)  time: 7.5688  data: 5.2306  max mem: 36959
Epoch: [12]  [10/56]  eta: 0:02:26  lr: 0.000009  min_lr: 0.000009  loss: 0.0271 (0.0268)  weight_decay: 0.0500 (0.0500)  grad_norm: 0.0265 (0.0263)  time: 3.1776  data: 0.4758  max mem: 36959
Epoch: [12]  [20/56]  eta: 0:01:47  lr: 0.000009  min_lr: 0.000009  loss: 0.0281 (0.0279)  weight_decay: 0.0500 (0.0500)  grad_norm: 0.0262 (0.0263)  time: 2.7514  data: 0.0003  max mem: 36959
Epoch: [12]  [30/56]  eta: 0:01:15  lr: 0.000009  min_lr: 0.000009  loss: 0.0292 (0.0285)  weight_decay: 0.0500 (0.0500)  grad_norm: 0.0265 (0.0264)  time: 2.7720  data: 0.0003  max mem: 36959
Epoch: [12]  [40/56]  eta: 0:00:46  lr: 0.000010  min_lr: 0.000010  loss: 0.0292 (0.0285)  weight_decay: 0.0500 (0.0500)  grad_norm: 0.0262 (0.0264)  time: 2.7662  data: 0.0003  max mem: 36959
Epoch: [12]  [50/56]  eta: 0:00:17  lr: 0.000010  min_lr: 0.000010  loss: 0.0286 (0.0287)  weight_decay: 0.0500 (0.0500)  grad_norm: 0.0262 (0.0263)  time: 2.7389  data: 0.0003  max mem: 36959
Epoch: [12]  [55/56]  eta: 0:00:02  lr: 0.000010  min_lr: 0.000010  loss: 0.0291 (0.0286)  weight_decay: 0.0500 (0.0500)  grad_norm: 0.0260 (0.0263)  time: 2.7466  data: 0.0003  max mem: 36959
Epoch: [12] Total time: 0:02:40 (2.8605 s / it)
Averaged stats: lr: 0.000010  min_lr: 0.000010  loss: 0.0291 (0.0287)  weight_decay: 0.0500 (0.0500)  grad_norm: 0.0260 (0.0263)
Epoch: [13]  [ 0/56]  eta: 0:07:01  lr: 0.000010  min_lr: 0.000010  loss: 0.0287 (0.0287)  weight_decay: 0.0500 (0.0500)  grad_norm: 0.0267 (0.0267)  time: 7.5189  data: 5.2921  max mem: 36959
Epoch: [13]  [10/56]  eta: 0:02:24  lr: 0.000010  min_lr: 0.000010  loss: 0.0269 (0.0265)  weight_decay: 0.0500 (0.0500)  grad_norm: 0.0264 (0.0262)  time: 3.1382  data: 0.4813  max mem: 36959
Epoch: [13]  [20/56]  eta: 0:01:46  lr: 0.000010  min_lr: 0.000010  loss: 0.0273 (0.0275)  weight_decay: 0.0500 (0.0500)  grad_norm: 0.0261 (0.0261)  time: 2.7191  data: 0.0003  max mem: 36959
Epoch: [13]  [30/56]  eta: 0:01:14  lr: 0.000010  min_lr: 0.000010  loss: 0.0291 (0.0281)  weight_decay: 0.0500 (0.0500)  grad_norm: 0.0263 (0.0262)  time: 2.7246  data: 0.0003  max mem: 36959
Epoch: [13]  [40/56]  eta: 0:00:45  lr: 0.000010  min_lr: 0.000010  loss: 0.0286 (0.0280)  weight_decay: 0.0500 (0.0500)  grad_norm: 0.0262 (0.0262)  time: 2.7463  data: 0.0002  max mem: 36959
Epoch: [13]  [50/56]  eta: 0:00:16  lr: 0.000010  min_lr: 0.000010  loss: 0.0282 (0.0283)  weight_decay: 0.0500 (0.0500)  grad_norm: 0.0262 (0.0262)  time: 2.7452  data: 0.0002  max mem: 36959
Epoch: [13]  [55/56]  eta: 0:00:02  lr: 0.000010  min_lr: 0.000010  loss: 0.0284 (0.0282)  weight_decay: 0.0500 (0.0500)  grad_norm: 0.0261 (0.0262)  time: 2.7198  data: 0.0002  max mem: 36959
Epoch: [13] Total time: 0:02:38 (2.8305 s / it)
Averaged stats: lr: 0.000010  min_lr: 0.000010  loss: 0.0284 (0.0284)  weight_decay: 0.0500 (0.0500)  grad_norm: 0.0261 (0.0262)
Epoch: [14]  [ 0/56]  eta: 0:06:49  lr: 0.000011  min_lr: 0.000011  loss: 0.0283 (0.0283)  weight_decay: 0.0500 (0.0500)  grad_norm: 0.0266 (0.0266)  time: 7.3130  data: 5.1140  max mem: 36959
Epoch: [14]  [10/56]  eta: 0:02:25  lr: 0.000011  min_lr: 0.000011  loss: 0.0261 (0.0264)  weight_decay: 0.0500 (0.0500)  grad_norm: 0.0262 (0.0261)  time: 3.1678  data: 0.4652  max mem: 36959
Epoch: [14]  [20/56]  eta: 0:01:46  lr: 0.000011  min_lr: 0.000011  loss: 0.0271 (0.0274)  weight_decay: 0.0500 (0.0500)  grad_norm: 0.0259 (0.0260)  time: 2.7370  data: 0.0003  max mem: 36959
Epoch: [14]  [30/56]  eta: 0:01:15  lr: 0.000011  min_lr: 0.000011  loss: 0.0287 (0.0279)  weight_decay: 0.0500 (0.0500)  grad_norm: 0.0261 (0.0261)  time: 2.7361  data: 0.0002  max mem: 36959
Epoch: [14]  [40/56]  eta: 0:00:45  lr: 0.000011  min_lr: 0.000011  loss: 0.0286 (0.0279)  weight_decay: 0.0500 (0.0500)  grad_norm: 0.0261 (0.0261)  time: 2.7332  data: 0.0002  max mem: 36959
Epoch: [14]  [50/56]  eta: 0:00:16  lr: 0.000011  min_lr: 0.000011  loss: 0.0279 (0.0281)  weight_decay: 0.0500 (0.0500)  grad_norm: 0.0261 (0.0261)  time: 2.7094  data: 0.0003  max mem: 36959
Epoch: [14]  [55/56]  eta: 0:00:02  lr: 0.000011  min_lr: 0.000011  loss: 0.0284 (0.0281)  weight_decay: 0.0500 (0.0500)  grad_norm: 0.0261 (0.0261)  time: 2.7225  data: 0.0003  max mem: 36959
Epoch: [14] Total time: 0:02:38 (2.8309 s / it)
Averaged stats: lr: 0.000011  min_lr: 0.000011  loss: 0.0284 (0.0282)  weight_decay: 0.0500 (0.0500)  grad_norm: 0.0261 (0.0261)
Epoch: [15]  [ 0/56]  eta: 0:07:21  lr: 0.000011  min_lr: 0.000011  loss: 0.0283 (0.0283)  weight_decay: 0.0500 (0.0500)  grad_norm: 0.0267 (0.0267)  time: 7.8906  data: 5.3568  max mem: 36959
Epoch: [15]  [10/56]  eta: 0:02:27  lr: 0.000011  min_lr: 0.000011  loss: 0.0260 (0.0262)  weight_decay: 0.0500 (0.0500)  grad_norm: 0.0262 (0.0261)  time: 3.1984  data: 0.4873  max mem: 36959
Epoch: [15]  [20/56]  eta: 0:01:47  lr: 0.000012  min_lr: 0.000012  loss: 0.0269 (0.0271)  weight_decay: 0.0500 (0.0500)  grad_norm: 0.0259 (0.0260)  time: 2.7546  data: 0.0003  max mem: 36959
Epoch: [15]  [30/56]  eta: 0:01:16  lr: 0.000012  min_lr: 0.000012  loss: 0.0280 (0.0276)  weight_decay: 0.0500 (0.0500)  grad_norm: 0.0260 (0.0261)  time: 2.7757  data: 0.0002  max mem: 36959
Epoch: [15]  [40/56]  eta: 0:00:46  lr: 0.000012  min_lr: 0.000012  loss: 0.0279 (0.0276)  weight_decay: 0.0500 (0.0500)  grad_norm: 0.0260 (0.0261)  time: 2.7589  data: 0.0002  max mem: 36959
Epoch: [15]  [50/56]  eta: 0:00:17  lr: 0.000012  min_lr: 0.000012  loss: 0.0278 (0.0278)  weight_decay: 0.0500 (0.0500)  grad_norm: 0.0263 (0.0261)  time: 2.7376  data: 0.0002  max mem: 36959
Epoch: [15]  [55/56]  eta: 0:00:02  lr: 0.000012  min_lr: 0.000012  loss: 0.0281 (0.0277)  weight_decay: 0.0500 (0.0500)  grad_norm: 0.0263 (0.0261)  time: 2.7287  data: 0.0002  max mem: 36959
Epoch: [15] Total time: 0:02:40 (2.8608 s / it)
Averaged stats: lr: 0.000012  min_lr: 0.000012  loss: 0.0281 (0.0279)  weight_decay: 0.0500 (0.0500)  grad_norm: 0.0263 (0.0261)
Epoch: [16]  [ 0/56]  eta: 0:07:14  lr: 0.000012  min_lr: 0.000012  loss: 0.0275 (0.0275)  weight_decay: 0.0500 (0.0500)  grad_norm: 0.0267 (0.0267)  time: 7.7640  data: 5.2148  max mem: 36959
Epoch: [16]  [10/56]  eta: 0:02:27  lr: 0.000012  min_lr: 0.000012  loss: 0.0260 (0.0259)  weight_decay: 0.0500 (0.0500)  grad_norm: 0.0266 (0.0263)  time: 3.1980  data: 0.4744  max mem: 36959
Epoch: [16]  [20/56]  eta: 0:01:47  lr: 0.000012  min_lr: 0.000012  loss: 0.0269 (0.0269)  weight_decay: 0.0500 (0.0500)  grad_norm: 0.0263 (0.0262)  time: 2.7375  data: 0.0003  max mem: 36959
Epoch: [16]  [30/56]  eta: 0:01:15  lr: 0.000012  min_lr: 0.000012  loss: 0.0285 (0.0274)  weight_decay: 0.0500 (0.0500)  grad_norm: 0.0261 (0.0262)  time: 2.7358  data: 0.0002  max mem: 36959
Epoch: [16]  [40/56]  eta: 0:00:45  lr: 0.000013  min_lr: 0.000013  loss: 0.0279 (0.0274)  weight_decay: 0.0500 (0.0500)  grad_norm: 0.0260 (0.0261)  time: 2.7323  data: 0.0002  max mem: 36959
Epoch: [16]  [50/56]  eta: 0:00:16  lr: 0.000013  min_lr: 0.000013  loss: 0.0279 (0.0276)  weight_decay: 0.0500 (0.0500)  grad_norm: 0.0262 (0.0261)  time: 2.7243  data: 0.0002  max mem: 36959
Epoch: [16]  [55/56]  eta: 0:00:02  lr: 0.000013  min_lr: 0.000013  loss: 0.0279 (0.0276)  weight_decay: 0.0500 (0.0500)  grad_norm: 0.0262 (0.0261)  time: 2.7381  data: 0.0002  max mem: 36959
Epoch: [16] Total time: 0:02:39 (2.8411 s / it)
Averaged stats: lr: 0.000013  min_lr: 0.000013  loss: 0.0279 (0.0276)  weight_decay: 0.0500 (0.0500)  grad_norm: 0.0262 (0.0261)
Epoch: [17]  [ 0/56]  eta: 0:07:40  lr: 0.000013  min_lr: 0.000013  loss: 0.0280 (0.0280)  weight_decay: 0.0500 (0.0500)  grad_norm: 0.0269 (0.0269)  time: 8.2200  data: 5.9722  max mem: 36959
Epoch: [17]  [10/56]  eta: 0:02:32  lr: 0.000013  min_lr: 0.000013  loss: 0.0260 (0.0260)  weight_decay: 0.0500 (0.0500)  grad_norm: 0.0268 (0.0265)  time: 3.3084  data: 0.5433  max mem: 36959
Epoch: [17]  [20/56]  eta: 0:01:48  lr: 0.000013  min_lr: 0.000013  loss: 0.0265 (0.0267)  weight_decay: 0.0500 (0.0500)  grad_norm: 0.0261 (0.0263)  time: 2.7492  data: 0.0003  max mem: 36959
Epoch: [17]  [30/56]  eta: 0:01:16  lr: 0.000013  min_lr: 0.000013  loss: 0.0280 (0.0272)  weight_decay: 0.0500 (0.0500)  grad_norm: 0.0261 (0.0262)  time: 2.7260  data: 0.0003  max mem: 36959
Epoch: [17]  [40/56]  eta: 0:00:46  lr: 0.000013  min_lr: 0.000013  loss: 0.0279 (0.0272)  weight_decay: 0.0500 (0.0500)  grad_norm: 0.0259 (0.0262)  time: 2.7388  data: 0.0003  max mem: 36959
Epoch: [17]  [50/56]  eta: 0:00:17  lr: 0.000013  min_lr: 0.000013  loss: 0.0275 (0.0274)  weight_decay: 0.0500 (0.0500)  grad_norm: 0.0259 (0.0261)  time: 2.7188  data: 0.0003  max mem: 36959
Epoch: [17]  [55/56]  eta: 0:00:02  lr: 0.000013  min_lr: 0.000013  loss: 0.0278 (0.0273)  weight_decay: 0.0500 (0.0500)  grad_norm: 0.0258 (0.0261)  time: 2.7156  data: 0.0003  max mem: 36959
Epoch: [17] Total time: 0:02:39 (2.8547 s / it)
Averaged stats: lr: 0.000013  min_lr: 0.000013  loss: 0.0278 (0.0274)  weight_decay: 0.0500 (0.0500)  grad_norm: 0.0258 (0.0261)
Epoch: [18]  [ 0/56]  eta: 0:07:41  lr: 0.000014  min_lr: 0.000014  loss: 0.0275 (0.0275)  weight_decay: 0.0500 (0.0500)  grad_norm: 0.0267 (0.0267)  time: 8.2393  data: 5.9120  max mem: 36959
Epoch: [18]  [10/56]  eta: 0:02:29  lr: 0.000014  min_lr: 0.000014  loss: 0.0253 (0.0256)  weight_decay: 0.0500 (0.0500)  grad_norm: 0.0265 (0.0263)  time: 3.2546  data: 0.5378  max mem: 36959
Epoch: [18]  [20/56]  eta: 0:01:47  lr: 0.000014  min_lr: 0.000014  loss: 0.0264 (0.0266)  weight_decay: 0.0500 (0.0500)  grad_norm: 0.0262 (0.0262)  time: 2.7104  data: 0.0004  max mem: 36959
Epoch: [18]  [30/56]  eta: 0:01:14  lr: 0.000014  min_lr: 0.000014  loss: 0.0278 (0.0271)  weight_decay: 0.0500 (0.0500)  grad_norm: 0.0262 (0.0262)  time: 2.6805  data: 0.0003  max mem: 36959
Epoch: [18]  [40/56]  eta: 0:00:45  lr: 0.000014  min_lr: 0.000014  loss: 0.0274 (0.0270)  weight_decay: 0.0500 (0.0500)  grad_norm: 0.0258 (0.0262)  time: 2.6970  data: 0.0003  max mem: 36959
Epoch: [18]  [50/56]  eta: 0:00:16  lr: 0.000014  min_lr: 0.000014  loss: 0.0274 (0.0272)  weight_decay: 0.0500 (0.0500)  grad_norm: 0.0260 (0.0261)  time: 2.6843  data: 0.0003  max mem: 36959
Epoch: [18]  [55/56]  eta: 0:00:02  lr: 0.000014  min_lr: 0.000014  loss: 0.0274 (0.0271)  weight_decay: 0.0500 (0.0500)  grad_norm: 0.0259 (0.0260)  time: 2.6662  data: 0.0003  max mem: 36959
Epoch: [18] Total time: 0:02:37 (2.8115 s / it)
Averaged stats: lr: 0.000014  min_lr: 0.000014  loss: 0.0274 (0.0272)  weight_decay: 0.0500 (0.0500)  grad_norm: 0.0259 (0.0260)
Epoch: [19]  [ 0/56]  eta: 0:07:35  lr: 0.000014  min_lr: 0.000014  loss: 0.0276 (0.0276)  weight_decay: 0.0500 (0.0500)  grad_norm: 0.0263 (0.0263)  time: 8.1349  data: 5.8409  max mem: 36959
Epoch: [19]  [10/56]  eta: 0:02:28  lr: 0.000014  min_lr: 0.000014  loss: 0.0257 (0.0255)  weight_decay: 0.0500 (0.0500)  grad_norm: 0.0261 (0.0261)  time: 3.2390  data: 0.5314  max mem: 36959
Epoch: [19]  [20/56]  eta: 0:01:47  lr: 0.000015  min_lr: 0.000015  loss: 0.0259 (0.0262)  weight_decay: 0.0500 (0.0500)  grad_norm: 0.0261 (0.0261)  time: 2.7333  data: 0.0003  max mem: 36959
Epoch: [19]  [30/56]  eta: 0:01:14  lr: 0.000015  min_lr: 0.000015  loss: 0.0276 (0.0267)  weight_decay: 0.0500 (0.0500)  grad_norm: 0.0258 (0.0260)  time: 2.6790  data: 0.0003  max mem: 36959
Epoch: [19]  [40/56]  eta: 0:00:45  lr: 0.000015  min_lr: 0.000015  loss: 0.0267 (0.0266)  weight_decay: 0.0500 (0.0500)  grad_norm: 0.0258 (0.0260)  time: 2.6741  data: 0.0003  max mem: 36959
Epoch: [19]  [50/56]  eta: 0:00:16  lr: 0.000015  min_lr: 0.000015  loss: 0.0266 (0.0268)  weight_decay: 0.0500 (0.0500)  grad_norm: 0.0259 (0.0260)  time: 2.6597  data: 0.0002  max mem: 36959
Epoch: [19]  [55/56]  eta: 0:00:02  lr: 0.000015  min_lr: 0.000015  loss: 0.0267 (0.0268)  weight_decay: 0.0500 (0.0500)  grad_norm: 0.0259 (0.0259)  time: 2.6478  data: 0.0002  max mem: 36959
Epoch: [19] Total time: 0:02:36 (2.7959 s / it)
Averaged stats: lr: 0.000015  min_lr: 0.000015  loss: 0.0267 (0.0269)  weight_decay: 0.0500 (0.0500)  grad_norm: 0.0259 (0.0259)
Epoch: [20]  [ 0/56]  eta: 0:07:00  lr: 0.000015  min_lr: 0.000015  loss: 0.0270 (0.0270)  weight_decay: 0.0500 (0.0500)  grad_norm: 0.0260 (0.0260)  time: 7.5128  data: 5.2416  max mem: 36959
Epoch: [20]  [10/56]  eta: 0:02:22  lr: 0.000015  min_lr: 0.000015  loss: 0.0246 (0.0250)  weight_decay: 0.0500 (0.0500)  grad_norm: 0.0260 (0.0259)  time: 3.1056  data: 0.4768  max mem: 36959
Epoch: [20]  [20/56]  eta: 0:01:43  lr: 0.000015  min_lr: 0.000015  loss: 0.0258 (0.0260)  weight_decay: 0.0500 (0.0500)  grad_norm: 0.0261 (0.0260)  time: 2.6436  data: 0.0003  max mem: 36959
Epoch: [20]  [30/56]  eta: 0:01:13  lr: 0.000015  min_lr: 0.000015  loss: 0.0274 (0.0265)  weight_decay: 0.0500 (0.0500)  grad_norm: 0.0261 (0.0260)  time: 2.6442  data: 0.0003  max mem: 36959
Epoch: [20]  [40/56]  eta: 0:00:44  lr: 0.000016  min_lr: 0.000016  loss: 0.0265 (0.0264)  weight_decay: 0.0500 (0.0500)  grad_norm: 0.0258 (0.0260)  time: 2.6854  data: 0.0003  max mem: 36959
Epoch: [20]  [50/56]  eta: 0:00:16  lr: 0.000016  min_lr: 0.000016  loss: 0.0264 (0.0266)  weight_decay: 0.0500 (0.0500)  grad_norm: 0.0258 (0.0260)  time: 2.7113  data: 0.0003  max mem: 36959
Epoch: [20]  [55/56]  eta: 0:00:02  lr: 0.000016  min_lr: 0.000016  loss: 0.0265 (0.0266)  weight_decay: 0.0500 (0.0500)  grad_norm: 0.0259 (0.0259)  time: 2.7259  data: 0.0003  max mem: 36959
Epoch: [20] Total time: 0:02:36 (2.7891 s / it)
Averaged stats: lr: 0.000016  min_lr: 0.000016  loss: 0.0265 (0.0266)  weight_decay: 0.0500 (0.0500)  grad_norm: 0.0259 (0.0259)
Epoch: [21]  [ 0/56]  eta: 0:07:07  lr: 0.000016  min_lr: 0.000016  loss: 0.0273 (0.0273)  weight_decay: 0.0500 (0.0500)  grad_norm: 0.0264 (0.0264)  time: 7.6310  data: 5.1213  max mem: 36959
Epoch: [21]  [10/56]  eta: 0:02:24  lr: 0.000016  min_lr: 0.000016  loss: 0.0243 (0.0248)  weight_decay: 0.0500 (0.0500)  grad_norm: 0.0262 (0.0260)  time: 3.1405  data: 0.4658  max mem: 36959
Epoch: [21]  [20/56]  eta: 0:01:45  lr: 0.000016  min_lr: 0.000016  loss: 0.0255 (0.0256)  weight_decay: 0.0500 (0.0500)  grad_norm: 0.0261 (0.0261)  time: 2.6922  data: 0.0003  max mem: 36959
Epoch: [21]  [30/56]  eta: 0:01:13  lr: 0.000016  min_lr: 0.000016  loss: 0.0267 (0.0261)  weight_decay: 0.0500 (0.0500)  grad_norm: 0.0261 (0.0260)  time: 2.6653  data: 0.0003  max mem: 36959
Epoch: [21]  [40/56]  eta: 0:00:44  lr: 0.000016  min_lr: 0.000016  loss: 0.0262 (0.0261)  weight_decay: 0.0500 (0.0500)  grad_norm: 0.0258 (0.0260)  time: 2.6750  data: 0.0004  max mem: 36959
Epoch: [21]  [50/56]  eta: 0:00:16  lr: 0.000016  min_lr: 0.000016  loss: 0.0261 (0.0262)  weight_decay: 0.0500 (0.0500)  grad_norm: 0.0259 (0.0260)  time: 2.6912  data: 0.0005  max mem: 36959
Epoch: [21]  [55/56]  eta: 0:00:02  lr: 0.000016  min_lr: 0.000016  loss: 0.0266 (0.0262)  weight_decay: 0.0500 (0.0500)  grad_norm: 0.0259 (0.0260)  time: 2.6813  data: 0.0005  max mem: 36959
Epoch: [21] Total time: 0:02:35 (2.7855 s / it)
Averaged stats: lr: 0.000016  min_lr: 0.000016  loss: 0.0266 (0.0264)  weight_decay: 0.0500 (0.0500)  grad_norm: 0.0259 (0.0260)
Epoch: [22]  [ 0/56]  eta: 0:07:17  lr: 0.000017  min_lr: 0.000017  loss: 0.0269 (0.0269)  weight_decay: 0.0500 (0.0500)  grad_norm: 0.0266 (0.0266)  time: 7.8071  data: 5.3408  max mem: 36959
Epoch: [22]  [10/56]  eta: 0:02:29  lr: 0.000017  min_lr: 0.000017  loss: 0.0245 (0.0245)  weight_decay: 0.0500 (0.0500)  grad_norm: 0.0262 (0.0261)  time: 3.2501  data: 0.4858  max mem: 36959
Epoch: [22]  [20/56]  eta: 0:01:47  lr: 0.000017  min_lr: 0.000017  loss: 0.0252 (0.0254)  weight_decay: 0.0500 (0.0500)  grad_norm: 0.0260 (0.0262)  time: 2.7577  data: 0.0003  max mem: 36959
Epoch: [22]  [30/56]  eta: 0:01:15  lr: 0.000017  min_lr: 0.000017  loss: 0.0264 (0.0259)  weight_decay: 0.0500 (0.0500)  grad_norm: 0.0261 (0.0262)  time: 2.7148  data: 0.0003  max mem: 36959
Epoch: [22]  [40/56]  eta: 0:00:45  lr: 0.000017  min_lr: 0.000017  loss: 0.0262 (0.0259)  weight_decay: 0.0500 (0.0500)  grad_norm: 0.0260 (0.0262)  time: 2.7099  data: 0.0003  max mem: 36959
Epoch: [22]  [50/56]  eta: 0:00:17  lr: 0.000017  min_lr: 0.000017  loss: 0.0260 (0.0260)  weight_decay: 0.0500 (0.0500)  grad_norm: 0.0259 (0.0261)  time: 2.7249  data: 0.0004  max mem: 36959
Epoch: [22]  [55/56]  eta: 0:00:02  lr: 0.000017  min_lr: 0.000017  loss: 0.0261 (0.0260)  weight_decay: 0.0500 (0.0500)  grad_norm: 0.0258 (0.0260)  time: 2.7311  data: 0.0003  max mem: 36959
Epoch: [22] Total time: 0:02:39 (2.8429 s / it)
Averaged stats: lr: 0.000017  min_lr: 0.000017  loss: 0.0261 (0.0261)  weight_decay: 0.0500 (0.0500)  grad_norm: 0.0258 (0.0260)
Epoch: [23]  [ 0/56]  eta: 0:07:17  lr: 0.000017  min_lr: 0.000017  loss: 0.0269 (0.0269)  weight_decay: 0.0500 (0.0500)  grad_norm: 0.0264 (0.0264)  time: 7.8141  data: 5.4680  max mem: 36959
Epoch: [23]  [10/56]  eta: 0:02:26  lr: 0.000017  min_lr: 0.000017  loss: 0.0243 (0.0245)  weight_decay: 0.0500 (0.0500)  grad_norm: 0.0264 (0.0263)  time: 3.1932  data: 0.4975  max mem: 36959
Epoch: [23]  [20/56]  eta: 0:01:46  lr: 0.000018  min_lr: 0.000018  loss: 0.0249 (0.0252)  weight_decay: 0.0500 (0.0500)  grad_norm: 0.0262 (0.0264)  time: 2.7169  data: 0.0004  max mem: 36959
Epoch: [23]  [30/56]  eta: 0:01:14  lr: 0.000018  min_lr: 0.000018  loss: 0.0260 (0.0256)  weight_decay: 0.0500 (0.0500)  grad_norm: 0.0265 (0.0264)  time: 2.6857  data: 0.0003  max mem: 36959
Epoch: [23]  [40/56]  eta: 0:00:45  lr: 0.000018  min_lr: 0.000018  loss: 0.0258 (0.0256)  weight_decay: 0.0500 (0.0500)  grad_norm: 0.0263 (0.0264)  time: 2.6597  data: 0.0004  max mem: 36959
Epoch: [23]  [50/56]  eta: 0:00:16  lr: 0.000018  min_lr: 0.000018  loss: 0.0255 (0.0257)  weight_decay: 0.0500 (0.0500)  grad_norm: 0.0263 (0.0264)  time: 2.6805  data: 0.0003  max mem: 36959
Epoch: [23]  [55/56]  eta: 0:00:02  lr: 0.000018  min_lr: 0.000018  loss: 0.0258 (0.0257)  weight_decay: 0.0500 (0.0500)  grad_norm: 0.0261 (0.0263)  time: 2.7048  data: 0.0003  max mem: 36959
Epoch: [23] Total time: 0:02:37 (2.8107 s / it)
Averaged stats: lr: 0.000018  min_lr: 0.000018  loss: 0.0258 (0.0258)  weight_decay: 0.0500 (0.0500)  grad_norm: 0.0261 (0.0263)
Epoch: [24]  [ 0/56]  eta: 0:07:35  lr: 0.000018  min_lr: 0.000018  loss: 0.0266 (0.0266)  weight_decay: 0.0500 (0.0500)  grad_norm: 0.0264 (0.0264)  time: 8.1356  data: 5.7849  max mem: 36959
Epoch: [24]  [10/56]  eta: 0:02:27  lr: 0.000018  min_lr: 0.000018  loss: 0.0246 (0.0244)  weight_decay: 0.0500 (0.0500)  grad_norm: 0.0261 (0.0261)  time: 3.2010  data: 0.5263  max mem: 36959
Epoch: [24]  [20/56]  eta: 0:01:46  lr: 0.000018  min_lr: 0.000018  loss: 0.0247 (0.0250)  weight_decay: 0.0500 (0.0500)  grad_norm: 0.0261 (0.0262)  time: 2.6983  data: 0.0004  max mem: 36959
Epoch: [24]  [30/56]  eta: 0:01:14  lr: 0.000018  min_lr: 0.000018  loss: 0.0261 (0.0255)  weight_decay: 0.0500 (0.0500)  grad_norm: 0.0267 (0.0265)  time: 2.6728  data: 0.0003  max mem: 36959
Epoch: [24]  [40/56]  eta: 0:00:44  lr: 0.000019  min_lr: 0.000019  loss: 0.0256 (0.0255)  weight_decay: 0.0500 (0.0500)  grad_norm: 0.0269 (0.0266)  time: 2.6527  data: 0.0003  max mem: 36959
Epoch: [24]  [50/56]  eta: 0:00:16  lr: 0.000019  min_lr: 0.000019  loss: 0.0256 (0.0255)  weight_decay: 0.0500 (0.0500)  grad_norm: 0.0266 (0.0265)  time: 2.6542  data: 0.0003  max mem: 36959
Epoch: [24]  [55/56]  eta: 0:00:02  lr: 0.000019  min_lr: 0.000019  loss: 0.0256 (0.0255)  weight_decay: 0.0500 (0.0500)  grad_norm: 0.0263 (0.0265)  time: 2.6724  data: 0.0004  max mem: 36959
Epoch: [24] Total time: 0:02:36 (2.7872 s / it)
Averaged stats: lr: 0.000019  min_lr: 0.000019  loss: 0.0256 (0.0256)  weight_decay: 0.0500 (0.0500)  grad_norm: 0.0263 (0.0265)
Epoch: [25]  [ 0/56]  eta: 0:05:20  lr: 0.000019  min_lr: 0.000019  loss: 0.0262 (0.0262)  weight_decay: 0.0500 (0.0500)  grad_norm: 0.0265 (0.0265)  time: 5.7270  data: 3.5489  max mem: 36959
Epoch: [25]  [10/56]  eta: 0:02:17  lr: 0.000019  min_lr: 0.000019  loss: 0.0243 (0.0242)  weight_decay: 0.0500 (0.0500)  grad_norm: 0.0263 (0.0262)  time: 2.9842  data: 0.3230  max mem: 36959
Epoch: [25]  [20/56]  eta: 0:01:43  lr: 0.000019  min_lr: 0.000019  loss: 0.0248 (0.0249)  weight_decay: 0.0500 (0.0500)  grad_norm: 0.0263 (0.0263)  time: 2.7283  data: 0.0004  max mem: 36959
Epoch: [25]  [30/56]  eta: 0:01:13  lr: 0.000019  min_lr: 0.000019  loss: 0.0259 (0.0252)  weight_decay: 0.0500 (0.0500)  grad_norm: 0.0266 (0.0264)  time: 2.7584  data: 0.0003  max mem: 36959
Epoch: [25]  [40/56]  eta: 0:00:45  lr: 0.000019  min_lr: 0.000019  loss: 0.0256 (0.0252)  weight_decay: 0.0500 (0.0500)  grad_norm: 0.0269 (0.0266)  time: 2.7562  data: 0.0002  max mem: 36959
Epoch: [25]  [50/56]  eta: 0:00:16  lr: 0.000019  min_lr: 0.000019  loss: 0.0256 (0.0253)  weight_decay: 0.0500 (0.0500)  grad_norm: 0.0269 (0.0266)  time: 2.7182  data: 0.0003  max mem: 36959
Epoch: [25]  [55/56]  eta: 0:00:02  lr: 0.000019  min_lr: 0.000019  loss: 0.0256 (0.0253)  weight_decay: 0.0500 (0.0500)  grad_norm: 0.0266 (0.0266)  time: 2.6969  data: 0.0003  max mem: 36959
Epoch: [25] Total time: 0:02:36 (2.8020 s / it)
Averaged stats: lr: 0.000019  min_lr: 0.000019  loss: 0.0256 (0.0254)  weight_decay: 0.0500 (0.0500)  grad_norm: 0.0266 (0.0266)
[Eval]   [0/1]  eta: 0:00:04  loss: 0.0251 (0.0251)  time: 4.2428  data: 3.8495  max mem: 36959
[Eval]  Total time: 0:00:04 (4.7554 s / it)
Eval averaged stats: loss: 0.0251 (0.0326)
[Eval] Image metrics:  [0/1]  eta: 0:00:06    time: 6.3432  data: 3.3925  max mem: 36959
[Eval] Image metrics: Total time: 0:00:06 (6.5704 s / it)
[Eval]  Generation results: [Eval] MSE: 0.0000 (0.0000)  [Eval] MAE: 0.0000 (0.0000)  [Eval] PSNR: 47.0050 (47.0050)  [Eval] MS-SSIM: 0.9988 (0.9988)
Logged 9 eval images
Epoch: [26]  [ 0/56]  eta: 0:04:21  lr: 0.000020  min_lr: 0.000020  loss: 0.0254 (0.0254)  weight_decay: 0.0500 (0.0500)  grad_norm: 0.0267 (0.0267)  time: 4.6694  data: 3.5379  max mem: 36959
Epoch: [26]  [10/56]  eta: 0:02:14  lr: 0.000020  min_lr: 0.000020  loss: 0.0234 (0.0237)  weight_decay: 0.0500 (0.0500)  grad_norm: 0.0265 (0.0266)  time: 2.9258  data: 0.3220  max mem: 36959
Epoch: [26]  [20/56]  eta: 0:01:39  lr: 0.000020  min_lr: 0.000020  loss: 0.0243 (0.0245)  weight_decay: 0.0500 (0.0500)  grad_norm: 0.0265 (0.0266)  time: 2.6754  data: 0.0003  max mem: 36959
Epoch: [26]  [30/56]  eta: 0:01:10  lr: 0.000020  min_lr: 0.000020  loss: 0.0259 (0.0250)  weight_decay: 0.0500 (0.0500)  grad_norm: 0.0266 (0.0266)  time: 2.6167  data: 0.0003  max mem: 36959
Epoch: [26]  [40/56]  eta: 0:00:42  lr: 0.000020  min_lr: 0.000020  loss: 0.0253 (0.0249)  weight_decay: 0.0500 (0.0500)  grad_norm: 0.0271 (0.0268)  time: 2.5977  data: 0.0003  max mem: 36959
Epoch: [26]  [50/56]  eta: 0:00:16  lr: 0.000020  min_lr: 0.000020  loss: 0.0252 (0.0250)  weight_decay: 0.0500 (0.0500)  grad_norm: 0.0276 (0.0270)  time: 2.6126  data: 0.0003  max mem: 36959
Epoch: [26]  [55/56]  eta: 0:00:02  lr: 0.000020  min_lr: 0.000020  loss: 0.0253 (0.0250)  weight_decay: 0.0500 (0.0500)  grad_norm: 0.0275 (0.0269)  time: 2.6260  data: 0.0003  max mem: 36959
Epoch: [26] Total time: 0:02:30 (2.6934 s / it)
Averaged stats: lr: 0.000020  min_lr: 0.000020  loss: 0.0253 (0.0250)  weight_decay: 0.0500 (0.0500)  grad_norm: 0.0275 (0.0269)
Epoch: [27]  [ 0/56]  eta: 0:07:34  lr: 0.000020  min_lr: 0.000020  loss: 0.0255 (0.0255)  weight_decay: 0.0500 (0.0500)  grad_norm: 0.0273 (0.0273)  time: 8.1218  data: 5.9272  max mem: 36959
Epoch: [27]  [10/56]  eta: 0:02:21  lr: 0.000020  min_lr: 0.000020  loss: 0.0234 (0.0236)  weight_decay: 0.0500 (0.0500)  grad_norm: 0.0269 (0.0268)  time: 3.0841  data: 0.5394  max mem: 36959
Epoch: [27]  [20/56]  eta: 0:01:43  lr: 0.000021  min_lr: 0.000021  loss: 0.0240 (0.0242)  weight_decay: 0.0500 (0.0500)  grad_norm: 0.0267 (0.0268)  time: 2.6121  data: 0.0005  max mem: 36959
Epoch: [27]  [30/56]  eta: 0:01:12  lr: 0.000021  min_lr: 0.000021  loss: 0.0252 (0.0247)  weight_decay: 0.0500 (0.0500)  grad_norm: 0.0269 (0.0269)  time: 2.6313  data: 0.0004  max mem: 36959
Epoch: [27]  [40/56]  eta: 0:00:43  lr: 0.000021  min_lr: 0.000021  loss: 0.0249 (0.0246)  weight_decay: 0.0500 (0.0500)  grad_norm: 0.0275 (0.0271)  time: 2.6153  data: 0.0003  max mem: 36959
Epoch: [27]  [50/56]  eta: 0:00:16  lr: 0.000021  min_lr: 0.000021  loss: 0.0247 (0.0247)  weight_decay: 0.0500 (0.0500)  grad_norm: 0.0282 (0.0274)  time: 2.5984  data: 0.0003  max mem: 36959
Epoch: [27]  [55/56]  eta: 0:00:02  lr: 0.000021  min_lr: 0.000021  loss: 0.0247 (0.0246)  weight_decay: 0.0500 (0.0500)  grad_norm: 0.0281 (0.0274)  time: 2.6148  data: 0.0003  max mem: 36959
Epoch: [27] Total time: 0:02:32 (2.7238 s / it)
Averaged stats: lr: 0.000021  min_lr: 0.000021  loss: 0.0247 (0.0247)  weight_decay: 0.0500 (0.0500)  grad_norm: 0.0281 (0.0274)
Epoch: [28]  [ 0/56]  eta: 0:06:54  lr: 0.000021  min_lr: 0.000021  loss: 0.0255 (0.0255)  weight_decay: 0.0500 (0.0500)  grad_norm: 0.0279 (0.0279)  time: 7.3991  data: 4.8931  max mem: 36959
Epoch: [28]  [10/56]  eta: 0:02:21  lr: 0.000021  min_lr: 0.000021  loss: 0.0233 (0.0233)  weight_decay: 0.0500 (0.0500)  grad_norm: 0.0275 (0.0273)  time: 3.0797  data: 0.4453  max mem: 36959
Epoch: [28]  [20/56]  eta: 0:01:42  lr: 0.000021  min_lr: 0.000021  loss: 0.0236 (0.0239)  weight_decay: 0.0500 (0.0500)  grad_norm: 0.0271 (0.0272)  time: 2.6300  data: 0.0004  max mem: 36959
Epoch: [28]  [30/56]  eta: 0:01:12  lr: 0.000021  min_lr: 0.000021  loss: 0.0246 (0.0244)  weight_decay: 0.0500 (0.0500)  grad_norm: 0.0272 (0.0272)  time: 2.6530  data: 0.0003  max mem: 36959
Epoch: [28]  [40/56]  eta: 0:00:44  lr: 0.000022  min_lr: 0.000022  loss: 0.0247 (0.0245)  weight_decay: 0.0500 (0.0500)  grad_norm: 0.0273 (0.0273)  time: 2.6667  data: 0.0003  max mem: 36959
Epoch: [28]  [50/56]  eta: 0:00:16  lr: 0.000022  min_lr: 0.000022  loss: 0.0245 (0.0245)  weight_decay: 0.0500 (0.0500)  grad_norm: 0.0280 (0.0275)  time: 2.6651  data: 0.0002  max mem: 36959
Epoch: [28]  [55/56]  eta: 0:00:02  lr: 0.000022  min_lr: 0.000022  loss: 0.0245 (0.0245)  weight_decay: 0.0500 (0.0500)  grad_norm: 0.0283 (0.0275)  time: 2.6599  data: 0.0002  max mem: 36959
Epoch: [28] Total time: 0:02:34 (2.7503 s / it)
Averaged stats: lr: 0.000022  min_lr: 0.000022  loss: 0.0245 (0.0245)  weight_decay: 0.0500 (0.0500)  grad_norm: 0.0283 (0.0275)
Epoch: [29]  [ 0/56]  eta: 0:07:03  lr: 0.000022  min_lr: 0.000022  loss: 0.0251 (0.0251)  weight_decay: 0.0500 (0.0500)  grad_norm: 0.0284 (0.0284)  time: 7.5573  data: 5.2039  max mem: 36959
Epoch: [29]  [10/56]  eta: 0:02:24  lr: 0.000022  min_lr: 0.000022  loss: 0.0231 (0.0232)  weight_decay: 0.0500 (0.0500)  grad_norm: 0.0281 (0.0279)  time: 3.1384  data: 0.4734  max mem: 36959
Epoch: [29]  [20/56]  eta: 0:01:44  lr: 0.000022  min_lr: 0.000022  loss: 0.0234 (0.0239)  weight_decay: 0.0500 (0.0500)  grad_norm: 0.0275 (0.0277)  time: 2.6746  data: 0.0004  max mem: 36959
Epoch: [29]  [30/56]  eta: 0:01:13  lr: 0.000022  min_lr: 0.000022  loss: 0.0251 (0.0243)  weight_decay: 0.0500 (0.0500)  grad_norm: 0.0271 (0.0274)  time: 2.6580  data: 0.0004  max mem: 36959
Epoch: [29]  [40/56]  eta: 0:00:44  lr: 0.000022  min_lr: 0.000022  loss: 0.0247 (0.0242)  weight_decay: 0.0500 (0.0500)  grad_norm: 0.0271 (0.0275)  time: 2.6855  data: 0.0003  max mem: 36959
Epoch: [29]  [50/56]  eta: 0:00:16  lr: 0.000022  min_lr: 0.000022  loss: 0.0243 (0.0243)  weight_decay: 0.0500 (0.0500)  grad_norm: 0.0281 (0.0277)  time: 2.6692  data: 0.0003  max mem: 36959
Epoch: [29]  [55/56]  eta: 0:00:02  lr: 0.000022  min_lr: 0.000022  loss: 0.0243 (0.0243)  weight_decay: 0.0500 (0.0500)  grad_norm: 0.0283 (0.0278)  time: 2.6738  data: 0.0003  max mem: 36959
Epoch: [29] Total time: 0:02:35 (2.7847 s / it)
Averaged stats: lr: 0.000022  min_lr: 0.000022  loss: 0.0243 (0.0244)  weight_decay: 0.0500 (0.0500)  grad_norm: 0.0283 (0.0278)
Epoch: [30]  [ 0/56]  eta: 0:07:25  lr: 0.000023  min_lr: 0.000023  loss: 0.0251 (0.0251)  weight_decay: 0.0500 (0.0500)  grad_norm: 0.0292 (0.0292)  time: 7.9610  data: 5.6641  max mem: 36959
Epoch: [30]  [10/56]  eta: 0:02:25  lr: 0.000023  min_lr: 0.000023  loss: 0.0230 (0.0229)  weight_decay: 0.0500 (0.0500)  grad_norm: 0.0282 (0.0284)  time: 3.1542  data: 0.5151  max mem: 36959
Epoch: [30]  [20/56]  eta: 0:01:45  lr: 0.000023  min_lr: 0.000023  loss: 0.0230 (0.0234)  weight_decay: 0.0500 (0.0500)  grad_norm: 0.0278 (0.0281)  time: 2.6790  data: 0.0003  max mem: 36959
Epoch: [30]  [30/56]  eta: 0:01:14  lr: 0.000023  min_lr: 0.000023  loss: 0.0246 (0.0239)  weight_decay: 0.0500 (0.0500)  grad_norm: 0.0276 (0.0278)  time: 2.6957  data: 0.0003  max mem: 36959
Epoch: [30]  [40/56]  eta: 0:00:44  lr: 0.000023  min_lr: 0.000023  loss: 0.0244 (0.0239)  weight_decay: 0.0500 (0.0500)  grad_norm: 0.0273 (0.0277)  time: 2.6811  data: 0.0003  max mem: 36959
Epoch: [30]  [50/56]  eta: 0:00:16  lr: 0.000023  min_lr: 0.000023  loss: 0.0239 (0.0239)  weight_decay: 0.0500 (0.0500)  grad_norm: 0.0277 (0.0278)  time: 2.6716  data: 0.0004  max mem: 36959
Epoch: [30]  [55/56]  eta: 0:00:02  lr: 0.000023  min_lr: 0.000023  loss: 0.0238 (0.0239)  weight_decay: 0.0500 (0.0500)  grad_norm: 0.0279 (0.0278)  time: 2.6646  data: 0.0003  max mem: 36959
Epoch: [30] Total time: 0:02:35 (2.7849 s / it)
Averaged stats: lr: 0.000023  min_lr: 0.000023  loss: 0.0238 (0.0240)  weight_decay: 0.0500 (0.0500)  grad_norm: 0.0279 (0.0278)
Epoch: [31]  [ 0/56]  eta: 0:06:44  lr: 0.000023  min_lr: 0.000023  loss: 0.0246 (0.0246)  weight_decay: 0.0500 (0.0500)  grad_norm: 0.0290 (0.0290)  time: 7.2249  data: 4.9954  max mem: 36959
Epoch: [31]  [10/56]  eta: 0:02:26  lr: 0.000023  min_lr: 0.000023  loss: 0.0231 (0.0233)  weight_decay: 0.0500 (0.0500)  grad_norm: 0.0290 (0.0291)  time: 3.1919  data: 0.4544  max mem: 36959
Epoch: [31]  [20/56]  eta: 0:01:45  lr: 0.000024  min_lr: 0.000024  loss: 0.0233 (0.0236)  weight_decay: 0.0500 (0.0500)  grad_norm: 0.0283 (0.0285)  time: 2.7263  data: 0.0003  max mem: 36959
Epoch: [31]  [30/56]  eta: 0:01:15  lr: 0.000024  min_lr: 0.000024  loss: 0.0242 (0.0240)  weight_decay: 0.0500 (0.0500)  grad_norm: 0.0280 (0.0283)  time: 2.7248  data: 0.0002  max mem: 36959
Epoch: [31]  [40/56]  eta: 0:00:45  lr: 0.000024  min_lr: 0.000024  loss: 0.0242 (0.0240)  weight_decay: 0.0500 (0.0500)  grad_norm: 0.0277 (0.0281)  time: 2.7966  data: 0.0002  max mem: 36959
Epoch: [31]  [50/56]  eta: 0:00:16  lr: 0.000024  min_lr: 0.000024  loss: 0.0238 (0.0239)  weight_decay: 0.0500 (0.0500)  grad_norm: 0.0278 (0.0281)  time: 2.7335  data: 0.0002  max mem: 36959
Epoch: [31]  [55/56]  eta: 0:00:02  lr: 0.000024  min_lr: 0.000024  loss: 0.0238 (0.0239)  weight_decay: 0.0500 (0.0500)  grad_norm: 0.0280 (0.0281)  time: 2.7471  data: 0.0002  max mem: 36959
Epoch: [31] Total time: 0:02:39 (2.8497 s / it)
Averaged stats: lr: 0.000024  min_lr: 0.000024  loss: 0.0238 (0.0239)  weight_decay: 0.0500 (0.0500)  grad_norm: 0.0280 (0.0281)
Epoch: [32]  [ 0/56]  eta: 0:07:06  lr: 0.000024  min_lr: 0.000024  loss: 0.0242 (0.0242)  weight_decay: 0.0500 (0.0500)  grad_norm: 0.0291 (0.0291)  time: 7.6185  data: 5.0241  max mem: 36959
Epoch: [32]  [10/56]  eta: 0:02:28  lr: 0.000024  min_lr: 0.000024  loss: 0.0231 (0.0231)  weight_decay: 0.0500 (0.0500)  grad_norm: 0.0286 (0.0287)  time: 3.2259  data: 0.4570  max mem: 36959
Epoch: [32]  [20/56]  eta: 0:01:46  lr: 0.000024  min_lr: 0.000024  loss: 0.0241 (0.0239)  weight_decay: 0.0500 (0.0500)  grad_norm: 0.0283 (0.0283)  time: 2.7294  data: 0.0003  max mem: 36959
Epoch: [32]  [30/56]  eta: 0:01:14  lr: 0.000024  min_lr: 0.000024  loss: 0.0244 (0.0240)  weight_decay: 0.0500 (0.0500)  grad_norm: 0.0271 (0.0278)  time: 2.6572  data: 0.0003  max mem: 36959
Epoch: [32]  [40/56]  eta: 0:00:45  lr: 0.000025  min_lr: 0.000025  loss: 0.0246 (0.0241)  weight_decay: 0.0500 (0.0500)  grad_norm: 0.0271 (0.0277)  time: 2.6737  data: 0.0003  max mem: 36959
Epoch: [32]  [50/56]  eta: 0:00:16  lr: 0.000025  min_lr: 0.000025  loss: 0.0248 (0.0244)  weight_decay: 0.0500 (0.0500)  grad_norm: 0.0274 (0.0276)  time: 2.6929  data: 0.0003  max mem: 36959
Epoch: [32]  [55/56]  eta: 0:00:02  lr: 0.000025  min_lr: 0.000025  loss: 0.0247 (0.0243)  weight_decay: 0.0500 (0.0500)  grad_norm: 0.0271 (0.0275)  time: 2.7333  data: 0.0002  max mem: 36959
Epoch: [32] Total time: 0:02:37 (2.8092 s / it)
Averaged stats: lr: 0.000025  min_lr: 0.000025  loss: 0.0247 (0.0243)  weight_decay: 0.0500 (0.0500)  grad_norm: 0.0271 (0.0275)
Epoch: [33]  [ 0/56]  eta: 0:06:50  lr: 0.000025  min_lr: 0.000025  loss: 0.0241 (0.0241)  weight_decay: 0.0500 (0.0500)  grad_norm: 0.0269 (0.0269)  time: 7.3337  data: 5.1691  max mem: 36959
Epoch: [33]  [10/56]  eta: 0:02:23  lr: 0.000025  min_lr: 0.000025  loss: 0.0220 (0.0223)  weight_decay: 0.0500 (0.0500)  grad_norm: 0.0269 (0.0269)  time: 3.1176  data: 0.4701  max mem: 36959
Epoch: [33]  [20/56]  eta: 0:01:43  lr: 0.000025  min_lr: 0.000025  loss: 0.0233 (0.0236)  weight_decay: 0.0500 (0.0500)  grad_norm: 0.0273 (0.0271)  time: 2.6517  data: 0.0002  max mem: 36959
Epoch: [33]  [30/56]  eta: 0:01:12  lr: 0.000025  min_lr: 0.000025  loss: 0.0260 (0.0244)  weight_decay: 0.0500 (0.0500)  grad_norm: 0.0270 (0.0269)  time: 2.6340  data: 0.0004  max mem: 36959
Epoch: [33]  [40/56]  eta: 0:00:44  lr: 0.000025  min_lr: 0.000025  loss: 0.0244 (0.0243)  weight_decay: 0.0500 (0.0500)  grad_norm: 0.0261 (0.0267)  time: 2.6675  data: 0.0004  max mem: 36959
Epoch: [33]  [50/56]  eta: 0:00:16  lr: 0.000025  min_lr: 0.000025  loss: 0.0242 (0.0244)  weight_decay: 0.0500 (0.0500)  grad_norm: 0.0258 (0.0265)  time: 2.6505  data: 0.0002  max mem: 36959
Epoch: [33]  [55/56]  eta: 0:00:02  lr: 0.000025  min_lr: 0.000025  loss: 0.0243 (0.0244)  weight_decay: 0.0500 (0.0500)  grad_norm: 0.0257 (0.0264)  time: 2.6123  data: 0.0003  max mem: 36959
Epoch: [33] Total time: 0:02:33 (2.7482 s / it)
Averaged stats: lr: 0.000025  min_lr: 0.000025  loss: 0.0243 (0.0244)  weight_decay: 0.0500 (0.0500)  grad_norm: 0.0257 (0.0264)
Epoch: [34]  [ 0/56]  eta: 0:06:36  lr: 0.000026  min_lr: 0.000026  loss: 0.0249 (0.0249)  weight_decay: 0.0500 (0.0500)  grad_norm: 0.0263 (0.0263)  time: 7.0800  data: 4.8719  max mem: 36959
Epoch: [34]  [10/56]  eta: 0:02:19  lr: 0.000026  min_lr: 0.000026  loss: 0.0225 (0.0227)  weight_decay: 0.0500 (0.0500)  grad_norm: 0.0263 (0.0265)  time: 3.0236  data: 0.4432  max mem: 36959
Epoch: [34]  [20/56]  eta: 0:01:41  lr: 0.000026  min_lr: 0.000026  loss: 0.0233 (0.0235)  weight_decay: 0.0500 (0.0500)  grad_norm: 0.0264 (0.0264)  time: 2.6117  data: 0.0003  max mem: 36959
Epoch: [34]  [30/56]  eta: 0:01:12  lr: 0.000026  min_lr: 0.000026  loss: 0.0248 (0.0239)  weight_decay: 0.0500 (0.0500)  grad_norm: 0.0263 (0.0263)  time: 2.6315  data: 0.0002  max mem: 36959
Epoch: [34]  [40/56]  eta: 0:00:43  lr: 0.000026  min_lr: 0.000026  loss: 0.0240 (0.0239)  weight_decay: 0.0500 (0.0500)  grad_norm: 0.0260 (0.0262)  time: 2.6289  data: 0.0002  max mem: 36959
Epoch: [34]  [50/56]  eta: 0:00:16  lr: 0.000026  min_lr: 0.000026  loss: 0.0238 (0.0240)  weight_decay: 0.0500 (0.0500)  grad_norm: 0.0260 (0.0262)  time: 2.6284  data: 0.0002  max mem: 36959
Epoch: [34]  [55/56]  eta: 0:00:02  lr: 0.000026  min_lr: 0.000026  loss: 0.0240 (0.0240)  weight_decay: 0.0500 (0.0500)  grad_norm: 0.0258 (0.0261)  time: 2.6396  data: 0.0002  max mem: 36959
Epoch: [34] Total time: 0:02:32 (2.7300 s / it)
Averaged stats: lr: 0.000026  min_lr: 0.000026  loss: 0.0240 (0.0241)  weight_decay: 0.0500 (0.0500)  grad_norm: 0.0258 (0.0261)
Epoch: [35]  [ 0/56]  eta: 0:06:29  lr: 0.000026  min_lr: 0.000026  loss: 0.0242 (0.0242)  weight_decay: 0.0500 (0.0500)  grad_norm: 0.0256 (0.0256)  time: 6.9607  data: 4.7544  max mem: 36959
Epoch: [35]  [10/56]  eta: 0:02:19  lr: 0.000026  min_lr: 0.000026  loss: 0.0223 (0.0222)  weight_decay: 0.0500 (0.0500)  grad_norm: 0.0256 (0.0257)  time: 3.0364  data: 0.4325  max mem: 36959
Epoch: [35]  [20/56]  eta: 0:01:42  lr: 0.000027  min_lr: 0.000027  loss: 0.0227 (0.0229)  weight_decay: 0.0500 (0.0500)  grad_norm: 0.0257 (0.0259)  time: 2.6432  data: 0.0003  max mem: 36959
Epoch: [35]  [30/56]  eta: 0:01:12  lr: 0.000027  min_lr: 0.000027  loss: 0.0242 (0.0235)  weight_decay: 0.0500 (0.0500)  grad_norm: 0.0261 (0.0260)  time: 2.6387  data: 0.0002  max mem: 36959
Epoch: [35]  [40/56]  eta: 0:00:43  lr: 0.000027  min_lr: 0.000027  loss: 0.0240 (0.0235)  weight_decay: 0.0500 (0.0500)  grad_norm: 0.0260 (0.0260)  time: 2.6357  data: 0.0002  max mem: 36959
Epoch: [35]  [50/56]  eta: 0:00:16  lr: 0.000027  min_lr: 0.000027  loss: 0.0238 (0.0237)  weight_decay: 0.0500 (0.0500)  grad_norm: 0.0260 (0.0260)  time: 2.6653  data: 0.0002  max mem: 36959
Epoch: [35]  [55/56]  eta: 0:00:02  lr: 0.000027  min_lr: 0.000027  loss: 0.0238 (0.0237)  weight_decay: 0.0500 (0.0500)  grad_norm: 0.0260 (0.0260)  time: 2.6699  data: 0.0002  max mem: 36959
Epoch: [35] Total time: 0:02:33 (2.7424 s / it)
Averaged stats: lr: 0.000027  min_lr: 0.000027  loss: 0.0238 (0.0238)  weight_decay: 0.0500 (0.0500)  grad_norm: 0.0260 (0.0260)
Epoch: [36]  [ 0/56]  eta: 0:07:15  lr: 0.000027  min_lr: 0.000027  loss: 0.0239 (0.0239)  weight_decay: 0.0500 (0.0500)  grad_norm: 0.0269 (0.0269)  time: 7.7696  data: 5.5731  max mem: 36959
Epoch: [36]  [10/56]  eta: 0:02:25  lr: 0.000027  min_lr: 0.000027  loss: 0.0219 (0.0219)  weight_decay: 0.0500 (0.0500)  grad_norm: 0.0268 (0.0268)  time: 3.1709  data: 0.5069  max mem: 36959
Epoch: [36]  [20/56]  eta: 0:01:44  lr: 0.000027  min_lr: 0.000027  loss: 0.0222 (0.0226)  weight_decay: 0.0500 (0.0500)  grad_norm: 0.0265 (0.0266)  time: 2.6598  data: 0.0003  max mem: 36959
Epoch: [36]  [30/56]  eta: 0:01:13  lr: 0.000027  min_lr: 0.000027  loss: 0.0235 (0.0231)  weight_decay: 0.0500 (0.0500)  grad_norm: 0.0264 (0.0266)  time: 2.6264  data: 0.0002  max mem: 36959
Epoch: [36]  [40/56]  eta: 0:00:44  lr: 0.000028  min_lr: 0.000028  loss: 0.0231 (0.0231)  weight_decay: 0.0500 (0.0500)  grad_norm: 0.0262 (0.0265)  time: 2.6377  data: 0.0002  max mem: 36959
Epoch: [36]  [50/56]  eta: 0:00:16  lr: 0.000028  min_lr: 0.000028  loss: 0.0230 (0.0232)  weight_decay: 0.0500 (0.0500)  grad_norm: 0.0261 (0.0265)  time: 2.6497  data: 0.0003  max mem: 36959
Epoch: [36]  [55/56]  eta: 0:00:02  lr: 0.000028  min_lr: 0.000028  loss: 0.0231 (0.0232)  weight_decay: 0.0500 (0.0500)  grad_norm: 0.0261 (0.0264)  time: 2.6379  data: 0.0003  max mem: 36959
Epoch: [36] Total time: 0:02:34 (2.7566 s / it)
Averaged stats: lr: 0.000028  min_lr: 0.000028  loss: 0.0231 (0.0234)  weight_decay: 0.0500 (0.0500)  grad_norm: 0.0261 (0.0264)
Epoch: [37]  [ 0/56]  eta: 0:07:15  lr: 0.000028  min_lr: 0.000028  loss: 0.0244 (0.0244)  weight_decay: 0.0500 (0.0500)  grad_norm: 0.0263 (0.0263)  time: 7.7816  data: 5.6425  max mem: 36959
Epoch: [37]  [10/56]  eta: 0:02:20  lr: 0.000028  min_lr: 0.000028  loss: 0.0224 (0.0225)  weight_decay: 0.0500 (0.0500)  grad_norm: 0.0261 (0.0260)  time: 3.0589  data: 0.5132  max mem: 36959
Epoch: [37]  [20/56]  eta: 0:01:42  lr: 0.000028  min_lr: 0.000028  loss: 0.0223 (0.0227)  weight_decay: 0.0500 (0.0500)  grad_norm: 0.0258 (0.0259)  time: 2.5966  data: 0.0003  max mem: 36959
Epoch: [37]  [30/56]  eta: 0:01:11  lr: 0.000028  min_lr: 0.000028  loss: 0.0233 (0.0231)  weight_decay: 0.0500 (0.0500)  grad_norm: 0.0263 (0.0262)  time: 2.6024  data: 0.0002  max mem: 36959
Epoch: [37]  [40/56]  eta: 0:00:43  lr: 0.000028  min_lr: 0.000028  loss: 0.0236 (0.0231)  weight_decay: 0.0500 (0.0500)  grad_norm: 0.0268 (0.0264)  time: 2.6029  data: 0.0002  max mem: 36959
Epoch: [37]  [50/56]  eta: 0:00:16  lr: 0.000028  min_lr: 0.000028  loss: 0.0235 (0.0232)  weight_decay: 0.0500 (0.0500)  grad_norm: 0.0269 (0.0265)  time: 2.5720  data: 0.0002  max mem: 36959
Epoch: [37]  [55/56]  eta: 0:00:02  lr: 0.000028  min_lr: 0.000028  loss: 0.0235 (0.0232)  weight_decay: 0.0500 (0.0500)  grad_norm: 0.0269 (0.0265)  time: 2.5852  data: 0.0002  max mem: 36959
Epoch: [37] Total time: 0:02:31 (2.6975 s / it)
Averaged stats: lr: 0.000028  min_lr: 0.000028  loss: 0.0235 (0.0232)  weight_decay: 0.0500 (0.0500)  grad_norm: 0.0269 (0.0265)
Epoch: [38]  [ 0/56]  eta: 0:07:06  lr: 0.000029  min_lr: 0.000029  loss: 0.0232 (0.0232)  weight_decay: 0.0500 (0.0500)  grad_norm: 0.0261 (0.0261)  time: 7.6122  data: 5.3318  max mem: 36959
Epoch: [38]  [10/56]  eta: 0:02:21  lr: 0.000029  min_lr: 0.000029  loss: 0.0218 (0.0218)  weight_decay: 0.0500 (0.0500)  grad_norm: 0.0260 (0.0258)  time: 3.0763  data: 0.4851  max mem: 36959
Epoch: [38]  [20/56]  eta: 0:01:41  lr: 0.000029  min_lr: 0.000029  loss: 0.0221 (0.0223)  weight_decay: 0.0500 (0.0500)  grad_norm: 0.0260 (0.0260)  time: 2.5890  data: 0.0003  max mem: 36959
Epoch: [38]  [30/56]  eta: 0:01:11  lr: 0.000029  min_lr: 0.000029  loss: 0.0231 (0.0228)  weight_decay: 0.0500 (0.0500)  grad_norm: 0.0262 (0.0262)  time: 2.5737  data: 0.0002  max mem: 36959
Epoch: [38]  [40/56]  eta: 0:00:43  lr: 0.000029  min_lr: 0.000029  loss: 0.0236 (0.0229)  weight_decay: 0.0500 (0.0500)  grad_norm: 0.0268 (0.0264)  time: 2.5742  data: 0.0002  max mem: 36959
Epoch: [38]  [50/56]  eta: 0:00:16  lr: 0.000029  min_lr: 0.000029  loss: 0.0234 (0.0229)  weight_decay: 0.0500 (0.0500)  grad_norm: 0.0274 (0.0266)  time: 2.5493  data: 0.0003  max mem: 36959
Epoch: [38]  [55/56]  eta: 0:00:02  lr: 0.000029  min_lr: 0.000029  loss: 0.0231 (0.0229)  weight_decay: 0.0500 (0.0500)  grad_norm: 0.0271 (0.0266)  time: 2.5788  data: 0.0003  max mem: 36959
Epoch: [38] Total time: 0:02:31 (2.6975 s / it)
Averaged stats: lr: 0.000029  min_lr: 0.000029  loss: 0.0231 (0.0229)  weight_decay: 0.0500 (0.0500)  grad_norm: 0.0271 (0.0266)
Epoch: [39]  [ 0/56]  eta: 0:06:44  lr: 0.000029  min_lr: 0.000029  loss: 0.0232 (0.0232)  weight_decay: 0.0500 (0.0500)  grad_norm: 0.0270 (0.0270)  time: 7.2317  data: 5.0043  max mem: 36959
Epoch: [39]  [10/56]  eta: 0:02:20  lr: 0.000029  min_lr: 0.000029  loss: 0.0217 (0.0216)  weight_decay: 0.0500 (0.0500)  grad_norm: 0.0266 (0.0267)  time: 3.0471  data: 0.4552  max mem: 36959
Epoch: [39]  [20/56]  eta: 0:01:44  lr: 0.000030  min_lr: 0.000030  loss: 0.0220 (0.0221)  weight_decay: 0.0500 (0.0500)  grad_norm: 0.0265 (0.0265)  time: 2.6733  data: 0.0003  max mem: 36959
Epoch: [39]  [30/56]  eta: 0:01:12  lr: 0.000030  min_lr: 0.000030  loss: 0.0229 (0.0225)  weight_decay: 0.0500 (0.0500)  grad_norm: 0.0264 (0.0264)  time: 2.6406  data: 0.0003  max mem: 36959
Epoch: [39]  [40/56]  eta: 0:00:43  lr: 0.000030  min_lr: 0.000030  loss: 0.0228 (0.0225)  weight_decay: 0.0500 (0.0500)  grad_norm: 0.0267 (0.0265)  time: 2.5871  data: 0.0003  max mem: 36959
Epoch: [39]  [50/56]  eta: 0:00:16  lr: 0.000030  min_lr: 0.000030  loss: 0.0226 (0.0224)  weight_decay: 0.0500 (0.0500)  grad_norm: 0.0270 (0.0266)  time: 2.5768  data: 0.0002  max mem: 36959
Epoch: [39]  [55/56]  eta: 0:00:02  lr: 0.000030  min_lr: 0.000030  loss: 0.0227 (0.0224)  weight_decay: 0.0500 (0.0500)  grad_norm: 0.0273 (0.0267)  time: 2.5865  data: 0.0002  max mem: 36959
Epoch: [39] Total time: 0:02:32 (2.7236 s / it)
Averaged stats: lr: 0.000030  min_lr: 0.000030  loss: 0.0227 (0.0225)  weight_decay: 0.0500 (0.0500)  grad_norm: 0.0273 (0.0267)
Epoch: [40]  [ 0/56]  eta: 0:06:51  lr: 0.000030  min_lr: 0.000030  loss: 0.0243 (0.0243)  weight_decay: 0.0500 (0.0500)  grad_norm: 0.0287 (0.0287)  time: 7.3465  data: 5.0247  max mem: 36959
Epoch: [40]  [10/56]  eta: 0:02:20  lr: 0.000030  min_lr: 0.000030  loss: 0.0222 (0.0224)  weight_decay: 0.0500 (0.0500)  grad_norm: 0.0278 (0.0277)  time: 3.0470  data: 0.4571  max mem: 36959
Epoch: [40]  [20/56]  eta: 0:01:41  lr: 0.000030  min_lr: 0.000030  loss: 0.0222 (0.0224)  weight_decay: 0.0500 (0.0500)  grad_norm: 0.0269 (0.0273)  time: 2.6006  data: 0.0003  max mem: 36959
Epoch: [40]  [30/56]  eta: 0:01:11  lr: 0.000030  min_lr: 0.000030  loss: 0.0226 (0.0226)  weight_decay: 0.0500 (0.0500)  grad_norm: 0.0266 (0.0270)  time: 2.6005  data: 0.0003  max mem: 36959
Epoch: [40]  [40/56]  eta: 0:00:43  lr: 0.000031  min_lr: 0.000031  loss: 0.0225 (0.0224)  weight_decay: 0.0500 (0.0500)  grad_norm: 0.0262 (0.0268)  time: 2.6200  data: 0.0003  max mem: 36959
Epoch: [40]  [50/56]  eta: 0:00:16  lr: 0.000031  min_lr: 0.000031  loss: 0.0225 (0.0225)  weight_decay: 0.0500 (0.0500)  grad_norm: 0.0270 (0.0270)  time: 2.6562  data: 0.0003  max mem: 36959
Epoch: [40]  [55/56]  eta: 0:00:02  lr: 0.000031  min_lr: 0.000031  loss: 0.0223 (0.0224)  weight_decay: 0.0500 (0.0500)  grad_norm: 0.0271 (0.0269)  time: 2.6467  data: 0.0003  max mem: 36959
Epoch: [40] Total time: 0:02:32 (2.7257 s / it)
Averaged stats: lr: 0.000031  min_lr: 0.000031  loss: 0.0223 (0.0225)  weight_decay: 0.0500 (0.0500)  grad_norm: 0.0271 (0.0269)
Epoch: [41]  [ 0/56]  eta: 0:06:43  lr: 0.000031  min_lr: 0.000031  loss: 0.0225 (0.0225)  weight_decay: 0.0500 (0.0500)  grad_norm: 0.0279 (0.0279)  time: 7.2134  data: 4.9550  max mem: 36959
Epoch: [41]  [10/56]  eta: 0:02:20  lr: 0.000031  min_lr: 0.000031  loss: 0.0214 (0.0213)  weight_decay: 0.0500 (0.0500)  grad_norm: 0.0278 (0.0276)  time: 3.0540  data: 0.4508  max mem: 36959
Epoch: [41]  [20/56]  eta: 0:01:43  lr: 0.000031  min_lr: 0.000031  loss: 0.0215 (0.0217)  weight_decay: 0.0500 (0.0500)  grad_norm: 0.0271 (0.0273)  time: 2.6541  data: 0.0003  max mem: 36959
Epoch: [41]  [30/56]  eta: 0:01:13  lr: 0.000031  min_lr: 0.000031  loss: 0.0220 (0.0220)  weight_decay: 0.0500 (0.0500)  grad_norm: 0.0271 (0.0272)  time: 2.6786  data: 0.0003  max mem: 36959
Epoch: [41]  [40/56]  eta: 0:00:44  lr: 0.000031  min_lr: 0.000031  loss: 0.0222 (0.0220)  weight_decay: 0.0500 (0.0500)  grad_norm: 0.0274 (0.0273)  time: 2.6800  data: 0.0002  max mem: 36959
Epoch: [41]  [50/56]  eta: 0:00:16  lr: 0.000031  min_lr: 0.000031  loss: 0.0225 (0.0222)  weight_decay: 0.0500 (0.0500)  grad_norm: 0.0277 (0.0274)  time: 2.6608  data: 0.0003  max mem: 36959
Epoch: [41]  [55/56]  eta: 0:00:02  lr: 0.000031  min_lr: 0.000031  loss: 0.0225 (0.0222)  weight_decay: 0.0500 (0.0500)  grad_norm: 0.0274 (0.0273)  time: 2.6764  data: 0.0003  max mem: 36959
Epoch: [41] Total time: 0:02:35 (2.7699 s / it)
Averaged stats: lr: 0.000031  min_lr: 0.000031  loss: 0.0225 (0.0223)  weight_decay: 0.0500 (0.0500)  grad_norm: 0.0274 (0.0273)
Epoch: [42]  [ 0/56]  eta: 0:06:53  lr: 0.000032  min_lr: 0.000032  loss: 0.0229 (0.0229)  weight_decay: 0.0500 (0.0500)  grad_norm: 0.0272 (0.0272)  time: 7.3855  data: 5.0111  max mem: 36959
Epoch: [42]  [10/56]  eta: 0:02:24  lr: 0.000032  min_lr: 0.000032  loss: 0.0208 (0.0208)  weight_decay: 0.0500 (0.0500)  grad_norm: 0.0267 (0.0267)  time: 3.1379  data: 0.4558  max mem: 36959
Epoch: [42]  [20/56]  eta: 0:01:44  lr: 0.000032  min_lr: 0.000032  loss: 0.0213 (0.0215)  weight_decay: 0.0500 (0.0500)  grad_norm: 0.0270 (0.0271)  time: 2.6872  data: 0.0003  max mem: 36959
Epoch: [42]  [30/56]  eta: 0:01:13  lr: 0.000032  min_lr: 0.000032  loss: 0.0225 (0.0218)  weight_decay: 0.0500 (0.0500)  grad_norm: 0.0280 (0.0273)  time: 2.6701  data: 0.0003  max mem: 36959
Epoch: [42]  [40/56]  eta: 0:00:44  lr: 0.000032  min_lr: 0.000032  loss: 0.0223 (0.0218)  weight_decay: 0.0500 (0.0500)  grad_norm: 0.0276 (0.0273)  time: 2.6716  data: 0.0003  max mem: 36959
Epoch: [42]  [50/56]  eta: 0:00:16  lr: 0.000032  min_lr: 0.000032  loss: 0.0222 (0.0218)  weight_decay: 0.0500 (0.0500)  grad_norm: 0.0266 (0.0271)  time: 2.6981  data: 0.0003  max mem: 36959
Epoch: [42]  [55/56]  eta: 0:00:02  lr: 0.000032  min_lr: 0.000032  loss: 0.0217 (0.0218)  weight_decay: 0.0500 (0.0500)  grad_norm: 0.0262 (0.0270)  time: 2.7047  data: 0.0003  max mem: 36959
Epoch: [42] Total time: 0:02:36 (2.7965 s / it)
Averaged stats: lr: 0.000032  min_lr: 0.000032  loss: 0.0217 (0.0219)  weight_decay: 0.0500 (0.0500)  grad_norm: 0.0262 (0.0270)
Epoch: [43]  [ 0/56]  eta: 0:07:21  lr: 0.000032  min_lr: 0.000032  loss: 0.0222 (0.0222)  weight_decay: 0.0500 (0.0500)  grad_norm: 0.0277 (0.0277)  time: 7.8847  data: 5.5334  max mem: 36959
Epoch: [43]  [10/56]  eta: 0:02:25  lr: 0.000032  min_lr: 0.000032  loss: 0.0214 (0.0210)  weight_decay: 0.0500 (0.0500)  grad_norm: 0.0281 (0.0283)  time: 3.1688  data: 0.5033  max mem: 36959
Epoch: [43]  [20/56]  eta: 0:01:46  lr: 0.000033  min_lr: 0.000033  loss: 0.0213 (0.0214)  weight_decay: 0.0500 (0.0500)  grad_norm: 0.0283 (0.0281)  time: 2.7225  data: 0.0004  max mem: 36959
Epoch: [43]  [30/56]  eta: 0:01:14  lr: 0.000033  min_lr: 0.000033  loss: 0.0217 (0.0216)  weight_decay: 0.0500 (0.0500)  grad_norm: 0.0281 (0.0279)  time: 2.7172  data: 0.0006  max mem: 36959
Epoch: [43]  [40/56]  eta: 0:00:45  lr: 0.000033  min_lr: 0.000033  loss: 0.0216 (0.0215)  weight_decay: 0.0500 (0.0500)  grad_norm: 0.0277 (0.0278)  time: 2.6800  data: 0.0005  max mem: 36959
Epoch: [43]  [50/56]  eta: 0:00:16  lr: 0.000033  min_lr: 0.000033  loss: 0.0214 (0.0215)  weight_decay: 0.0500 (0.0500)  grad_norm: 0.0274 (0.0276)  time: 2.7325  data: 0.0003  max mem: 36959
Epoch: [43]  [55/56]  eta: 0:00:02  lr: 0.000033  min_lr: 0.000033  loss: 0.0214 (0.0215)  weight_decay: 0.0500 (0.0500)  grad_norm: 0.0273 (0.0276)  time: 2.7431  data: 0.0002  max mem: 36959
Epoch: [43] Total time: 0:02:38 (2.8246 s / it)
Averaged stats: lr: 0.000033  min_lr: 0.000033  loss: 0.0214 (0.0215)  weight_decay: 0.0500 (0.0500)  grad_norm: 0.0273 (0.0276)
Epoch: [44]  [ 0/56]  eta: 0:06:40  lr: 0.000033  min_lr: 0.000033  loss: 0.0224 (0.0224)  weight_decay: 0.0500 (0.0500)  grad_norm: 0.0288 (0.0288)  time: 7.1437  data: 4.7897  max mem: 36959
Epoch: [44]  [10/56]  eta: 0:02:21  lr: 0.000033  min_lr: 0.000033  loss: 0.0215 (0.0211)  weight_decay: 0.0500 (0.0500)  grad_norm: 0.0288 (0.0287)  time: 3.0815  data: 0.4357  max mem: 36959
Epoch: [44]  [20/56]  eta: 0:01:43  lr: 0.000033  min_lr: 0.000033  loss: 0.0214 (0.0214)  weight_decay: 0.0500 (0.0500)  grad_norm: 0.0279 (0.0282)  time: 2.6604  data: 0.0003  max mem: 36959
Epoch: [44]  [30/56]  eta: 0:01:13  lr: 0.000033  min_lr: 0.000033  loss: 0.0216 (0.0215)  weight_decay: 0.0500 (0.0500)  grad_norm: 0.0277 (0.0279)  time: 2.6658  data: 0.0003  max mem: 36959
Epoch: [44]  [40/56]  eta: 0:00:44  lr: 0.000034  min_lr: 0.000034  loss: 0.0212 (0.0213)  weight_decay: 0.0500 (0.0500)  grad_norm: 0.0277 (0.0279)  time: 2.6832  data: 0.0003  max mem: 36959
Epoch: [44]  [50/56]  eta: 0:00:16  lr: 0.000034  min_lr: 0.000034  loss: 0.0213 (0.0214)  weight_decay: 0.0500 (0.0500)  grad_norm: 0.0279 (0.0280)  time: 2.6694  data: 0.0003  max mem: 36959
Epoch: [44]  [55/56]  eta: 0:00:02  lr: 0.000034  min_lr: 0.000034  loss: 0.0213 (0.0214)  weight_decay: 0.0500 (0.0500)  grad_norm: 0.0283 (0.0280)  time: 2.6498  data: 0.0003  max mem: 36959
Epoch: [44] Total time: 0:02:34 (2.7624 s / it)
Averaged stats: lr: 0.000034  min_lr: 0.000034  loss: 0.0213 (0.0216)  weight_decay: 0.0500 (0.0500)  grad_norm: 0.0283 (0.0280)
Epoch: [45]  [ 0/56]  eta: 0:06:40  lr: 0.000034  min_lr: 0.000034  loss: 0.0221 (0.0221)  weight_decay: 0.0500 (0.0500)  grad_norm: 0.0290 (0.0290)  time: 7.1459  data: 4.8537  max mem: 36959
Epoch: [45]  [10/56]  eta: 0:02:24  lr: 0.000034  min_lr: 0.000034  loss: 0.0200 (0.0200)  weight_decay: 0.0500 (0.0500)  grad_norm: 0.0283 (0.0283)  time: 3.1345  data: 0.4416  max mem: 36959
Epoch: [45]  [20/56]  eta: 0:01:45  lr: 0.000034  min_lr: 0.000034  loss: 0.0200 (0.0203)  weight_decay: 0.0500 (0.0500)  grad_norm: 0.0279 (0.0279)  time: 2.7189  data: 0.0003  max mem: 36959
Epoch: [45]  [30/56]  eta: 0:01:14  lr: 0.000034  min_lr: 0.000034  loss: 0.0207 (0.0205)  weight_decay: 0.0500 (0.0500)  grad_norm: 0.0279 (0.0280)  time: 2.7267  data: 0.0003  max mem: 36959
Epoch: [45]  [40/56]  eta: 0:00:45  lr: 0.000034  min_lr: 0.000034  loss: 0.0208 (0.0205)  weight_decay: 0.0500 (0.0500)  grad_norm: 0.0285 (0.0282)  time: 2.7161  data: 0.0003  max mem: 36959
Epoch: [45]  [50/56]  eta: 0:00:16  lr: 0.000034  min_lr: 0.000034  loss: 0.0208 (0.0206)  weight_decay: 0.0500 (0.0500)  grad_norm: 0.0286 (0.0282)  time: 2.6671  data: 0.0002  max mem: 36959
Epoch: [45]  [55/56]  eta: 0:00:02  lr: 0.000034  min_lr: 0.000034  loss: 0.0206 (0.0205)  weight_decay: 0.0500 (0.0500)  grad_norm: 0.0285 (0.0283)  time: 2.6698  data: 0.0002  max mem: 36959
Epoch: [45] Total time: 0:02:37 (2.8065 s / it)
Averaged stats: lr: 0.000034  min_lr: 0.000034  loss: 0.0206 (0.0207)  weight_decay: 0.0500 (0.0500)  grad_norm: 0.0285 (0.0283)
Epoch: [46]  [ 0/56]  eta: 0:06:54  lr: 0.000035  min_lr: 0.000035  loss: 0.0212 (0.0212)  weight_decay: 0.0500 (0.0500)  grad_norm: 0.0304 (0.0304)  time: 7.3935  data: 5.0766  max mem: 36959
Epoch: [46]  [10/56]  eta: 0:02:27  lr: 0.000035  min_lr: 0.000035  loss: 0.0193 (0.0193)  weight_decay: 0.0500 (0.0500)  grad_norm: 0.0294 (0.0293)  time: 3.2125  data: 0.4617  max mem: 36959
Epoch: [46]  [20/56]  eta: 0:01:46  lr: 0.000035  min_lr: 0.000035  loss: 0.0194 (0.0196)  weight_decay: 0.0500 (0.0500)  grad_norm: 0.0289 (0.0288)  time: 2.7478  data: 0.0005  max mem: 36959
Epoch: [46]  [30/56]  eta: 0:01:14  lr: 0.000035  min_lr: 0.000035  loss: 0.0199 (0.0199)  weight_decay: 0.0500 (0.0500)  grad_norm: 0.0284 (0.0287)  time: 2.7012  data: 0.0005  max mem: 36959
Epoch: [46]  [40/56]  eta: 0:00:45  lr: 0.000035  min_lr: 0.000035  loss: 0.0203 (0.0200)  weight_decay: 0.0500 (0.0500)  grad_norm: 0.0288 (0.0290)  time: 2.7177  data: 0.0003  max mem: 36959
Epoch: [46]  [50/56]  eta: 0:00:16  lr: 0.000035  min_lr: 0.000035  loss: 0.0203 (0.0200)  weight_decay: 0.0500 (0.0500)  grad_norm: 0.0293 (0.0289)  time: 2.7254  data: 0.0003  max mem: 36959
Epoch: [46]  [55/56]  eta: 0:00:02  lr: 0.000035  min_lr: 0.000035  loss: 0.0201 (0.0200)  weight_decay: 0.0500 (0.0500)  grad_norm: 0.0288 (0.0289)  time: 2.7460  data: 0.0003  max mem: 36959
Epoch: [46] Total time: 0:02:38 (2.8357 s / it)
Averaged stats: lr: 0.000035  min_lr: 0.000035  loss: 0.0201 (0.0201)  weight_decay: 0.0500 (0.0500)  grad_norm: 0.0288 (0.0289)
Epoch: [47]  [ 0/56]  eta: 0:07:09  lr: 0.000035  min_lr: 0.000035  loss: 0.0210 (0.0210)  weight_decay: 0.0500 (0.0500)  grad_norm: 0.0308 (0.0308)  time: 7.6631  data: 5.3207  max mem: 36959
Epoch: [47]  [10/56]  eta: 0:02:27  lr: 0.000035  min_lr: 0.000035  loss: 0.0188 (0.0188)  weight_decay: 0.0500 (0.0500)  grad_norm: 0.0312 (0.0313)  time: 3.2006  data: 0.4841  max mem: 36959
Epoch: [47]  [20/56]  eta: 0:01:46  lr: 0.000036  min_lr: 0.000036  loss: 0.0190 (0.0191)  weight_decay: 0.0500 (0.0500)  grad_norm: 0.0298 (0.0302)  time: 2.7329  data: 0.0004  max mem: 36959
Epoch: [47]  [30/56]  eta: 0:01:14  lr: 0.000036  min_lr: 0.000036  loss: 0.0197 (0.0194)  weight_decay: 0.0500 (0.0500)  grad_norm: 0.0287 (0.0296)  time: 2.6911  data: 0.0003  max mem: 36959
Epoch: [47]  [40/56]  eta: 0:00:44  lr: 0.000036  min_lr: 0.000036  loss: 0.0195 (0.0194)  weight_decay: 0.0500 (0.0500)  grad_norm: 0.0291 (0.0297)  time: 2.6371  data: 0.0003  max mem: 36959
Epoch: [47]  [50/56]  eta: 0:00:16  lr: 0.000036  min_lr: 0.000036  loss: 0.0195 (0.0194)  weight_decay: 0.0500 (0.0500)  grad_norm: 0.0296 (0.0296)  time: 2.6387  data: 0.0003  max mem: 36959
Epoch: [47]  [55/56]  eta: 0:00:02  lr: 0.000036  min_lr: 0.000036  loss: 0.0197 (0.0194)  weight_decay: 0.0500 (0.0500)  grad_norm: 0.0294 (0.0296)  time: 2.6775  data: 0.0004  max mem: 36959
Epoch: [47] Total time: 0:02:36 (2.7935 s / it)
Averaged stats: lr: 0.000036  min_lr: 0.000036  loss: 0.0197 (0.0195)  weight_decay: 0.0500 (0.0500)  grad_norm: 0.0294 (0.0296)
Epoch: [48]  [ 0/56]  eta: 0:07:06  lr: 0.000036  min_lr: 0.000036  loss: 0.0203 (0.0203)  weight_decay: 0.0500 (0.0500)  grad_norm: 0.0306 (0.0306)  time: 7.6167  data: 5.1499  max mem: 36959
Epoch: [48]  [10/56]  eta: 0:02:24  lr: 0.000036  min_lr: 0.000036  loss: 0.0188 (0.0189)  weight_decay: 0.0500 (0.0500)  grad_norm: 0.0336 (0.0331)  time: 3.1336  data: 0.4685  max mem: 36959
Epoch: [48]  [20/56]  eta: 0:01:44  lr: 0.000036  min_lr: 0.000036  loss: 0.0193 (0.0195)  weight_decay: 0.0500 (0.0500)  grad_norm: 0.0336 (0.0328)  time: 2.6543  data: 0.0003  max mem: 36959
Epoch: [48]  [30/56]  eta: 0:01:13  lr: 0.000036  min_lr: 0.000036  loss: 0.0197 (0.0196)  weight_decay: 0.0500 (0.0500)  grad_norm: 0.0298 (0.0316)  time: 2.6390  data: 0.0004  max mem: 36959
Epoch: [48]  [40/56]  eta: 0:00:44  lr: 0.000037  min_lr: 0.000037  loss: 0.0196 (0.0195)  weight_decay: 0.0500 (0.0500)  grad_norm: 0.0302 (0.0317)  time: 2.6627  data: 0.0004  max mem: 36959
Epoch: [48]  [50/56]  eta: 0:00:16  lr: 0.000037  min_lr: 0.000037  loss: 0.0196 (0.0196)  weight_decay: 0.0500 (0.0500)  grad_norm: 0.0311 (0.0314)  time: 2.6539  data: 0.0003  max mem: 36959
Epoch: [48]  [55/56]  eta: 0:00:02  lr: 0.000037  min_lr: 0.000037  loss: 0.0197 (0.0195)  weight_decay: 0.0500 (0.0500)  grad_norm: 0.0304 (0.0312)  time: 2.6642  data: 0.0004  max mem: 36959
Epoch: [48] Total time: 0:02:34 (2.7596 s / it)
Averaged stats: lr: 0.000037  min_lr: 0.000037  loss: 0.0197 (0.0196)  weight_decay: 0.0500 (0.0500)  grad_norm: 0.0304 (0.0312)
Epoch: [49]  [ 0/56]  eta: 0:07:04  lr: 0.000037  min_lr: 0.000037  loss: 0.0211 (0.0211)  weight_decay: 0.0500 (0.0500)  grad_norm: 0.0319 (0.0319)  time: 7.5885  data: 5.3361  max mem: 36959
Epoch: [49]  [10/56]  eta: 0:02:21  lr: 0.000037  min_lr: 0.000037  loss: 0.0186 (0.0189)  weight_decay: 0.0500 (0.0500)  grad_norm: 0.0325 (0.0324)  time: 3.0777  data: 0.4854  max mem: 36959
Epoch: [49]  [20/56]  eta: 0:01:43  lr: 0.000037  min_lr: 0.000037  loss: 0.0195 (0.0197)  weight_decay: 0.0500 (0.0500)  grad_norm: 0.0329 (0.0332)  time: 2.6490  data: 0.0004  max mem: 36959
Epoch: [49]  [30/56]  eta: 0:01:13  lr: 0.000037  min_lr: 0.000037  loss: 0.0207 (0.0201)  weight_decay: 0.0500 (0.0500)  grad_norm: 0.0319 (0.0325)  time: 2.6686  data: 0.0004  max mem: 36959
Epoch: [49]  [40/56]  eta: 0:00:44  lr: 0.000037  min_lr: 0.000037  loss: 0.0197 (0.0197)  weight_decay: 0.0500 (0.0500)  grad_norm: 0.0303 (0.0319)  time: 2.6196  data: 0.0003  max mem: 36959
Epoch: [49]  [50/56]  eta: 0:00:16  lr: 0.000037  min_lr: 0.000037  loss: 0.0189 (0.0197)  weight_decay: 0.0500 (0.0500)  grad_norm: 0.0300 (0.0317)  time: 2.6008  data: 0.0003  max mem: 36959
Epoch: [49]  [55/56]  eta: 0:00:02  lr: 0.000037  min_lr: 0.000037  loss: 0.0188 (0.0196)  weight_decay: 0.0500 (0.0500)  grad_norm: 0.0300 (0.0314)  time: 2.6137  data: 0.0003  max mem: 36959
Epoch: [49] Total time: 0:02:33 (2.7402 s / it)
Averaged stats: lr: 0.000037  min_lr: 0.000037  loss: 0.0188 (0.0197)  weight_decay: 0.0500 (0.0500)  grad_norm: 0.0300 (0.0314)
Epoch: [50]  [ 0/56]  eta: 0:05:04  lr: 0.000038  min_lr: 0.000038  loss: 0.0198 (0.0198)  weight_decay: 0.0500 (0.0500)  grad_norm: 0.0295 (0.0295)  time: 5.4364  data: 3.3168  max mem: 36959
Epoch: [50]  [10/56]  eta: 0:02:12  lr: 0.000038  min_lr: 0.000038  loss: 0.0186 (0.0186)  weight_decay: 0.0500 (0.0500)  grad_norm: 0.0316 (0.0314)  time: 2.8801  data: 0.3019  max mem: 36959
Epoch: [50]  [20/56]  eta: 0:01:38  lr: 0.000038  min_lr: 0.000038  loss: 0.0188 (0.0194)  weight_decay: 0.0500 (0.0500)  grad_norm: 0.0320 (0.0324)  time: 2.5987  data: 0.0003  max mem: 36959
Epoch: [50]  [30/56]  eta: 0:01:09  lr: 0.000038  min_lr: 0.000038  loss: 0.0203 (0.0198)  weight_decay: 0.0500 (0.0500)  grad_norm: 0.0324 (0.0322)  time: 2.5830  data: 0.0002  max mem: 36959
Epoch: [50]  [40/56]  eta: 0:00:42  lr: 0.000038  min_lr: 0.000038  loss: 0.0193 (0.0195)  weight_decay: 0.0500 (0.0500)  grad_norm: 0.0305 (0.0316)  time: 2.6243  data: 0.0002  max mem: 36959
Epoch: [50]  [50/56]  eta: 0:00:15  lr: 0.000038  min_lr: 0.000038  loss: 0.0188 (0.0194)  weight_decay: 0.0500 (0.0500)  grad_norm: 0.0298 (0.0315)  time: 2.6244  data: 0.0006  max mem: 36959
Epoch: [50]  [55/56]  eta: 0:00:02  lr: 0.000038  min_lr: 0.000038  loss: 0.0188 (0.0193)  weight_decay: 0.0500 (0.0500)  grad_norm: 0.0298 (0.0313)  time: 2.6449  data: 0.0006  max mem: 36959
Epoch: [50] Total time: 0:02:30 (2.6824 s / it)
Averaged stats: lr: 0.000038  min_lr: 0.000038  loss: 0.0188 (0.0194)  weight_decay: 0.0500 (0.0500)  grad_norm: 0.0298 (0.0313)
[Eval]   [0/1]  eta: 0:00:03  loss: 0.0298 (0.0298)  time: 3.9127  data: 3.3309  max mem: 36959
[Eval]  Total time: 0:00:04 (4.5513 s / it)
Eval averaged stats: loss: 0.0298 (0.0356)
[Eval] Image metrics:  [0/1]  eta: 0:00:06    time: 6.2180  data: 3.3040  max mem: 36959
[Eval] Image metrics: Total time: 0:00:06 (6.5700 s / it)
[Eval]  Generation results: [Eval] MSE: 0.0000 (0.0000)  [Eval] MAE: 0.0000 (0.0000)  [Eval] PSNR: 47.0050 (47.0050)  [Eval] MS-SSIM: 0.9988 (0.9988)
Logged 9 eval images
Epoch: [51]  [ 0/56]  eta: 0:04:00  lr: 0.000038  min_lr: 0.000038  loss: 0.0192 (0.0192)  weight_decay: 0.0500 (0.0500)  grad_norm: 0.0296 (0.0296)  time: 4.2949  data: 3.1607  max mem: 36959
Epoch: [51]  [10/56]  eta: 0:02:07  lr: 0.000038  min_lr: 0.000038  loss: 0.0180 (0.0179)  weight_decay: 0.0500 (0.0500)  grad_norm: 0.0304 (0.0304)  time: 2.7696  data: 0.2877  max mem: 36959
Epoch: [51]  [20/56]  eta: 0:01:37  lr: 0.000039  min_lr: 0.000039  loss: 0.0187 (0.0188)  weight_decay: 0.0500 (0.0500)  grad_norm: 0.0310 (0.0316)  time: 2.6328  data: 0.0003  max mem: 36959
Epoch: [51]  [30/56]  eta: 0:01:09  lr: 0.000039  min_lr: 0.000039  loss: 0.0196 (0.0190)  weight_decay: 0.0500 (0.0500)  grad_norm: 0.0322 (0.0318)  time: 2.6347  data: 0.0003  max mem: 36959
Epoch: [51]  [40/56]  eta: 0:00:42  lr: 0.000039  min_lr: 0.000039  loss: 0.0189 (0.0188)  weight_decay: 0.0500 (0.0500)  grad_norm: 0.0319 (0.0318)  time: 2.6310  data: 0.0003  max mem: 36959
Epoch: [51]  [50/56]  eta: 0:00:15  lr: 0.000039  min_lr: 0.000039  loss: 0.0181 (0.0187)  weight_decay: 0.0500 (0.0500)  grad_norm: 0.0313 (0.0316)  time: 2.6353  data: 0.0003  max mem: 36959
Epoch: [51]  [55/56]  eta: 0:00:02  lr: 0.000039  min_lr: 0.000039  loss: 0.0181 (0.0187)  weight_decay: 0.0500 (0.0500)  grad_norm: 0.0308 (0.0314)  time: 2.6479  data: 0.0003  max mem: 36959
Epoch: [51] Total time: 0:02:30 (2.6859 s / it)
Averaged stats: lr: 0.000039  min_lr: 0.000039  loss: 0.0181 (0.0188)  weight_decay: 0.0500 (0.0500)  grad_norm: 0.0308 (0.0314)
Epoch: [52]  [ 0/56]  eta: 0:07:01  lr: 0.000039  min_lr: 0.000039  loss: 0.0195 (0.0195)  weight_decay: 0.0500 (0.0500)  grad_norm: 0.0317 (0.0317)  time: 7.5267  data: 5.2989  max mem: 36959
Epoch: [52]  [10/56]  eta: 0:02:23  lr: 0.000039  min_lr: 0.000039  loss: 0.0177 (0.0176)  weight_decay: 0.0500 (0.0500)  grad_norm: 0.0315 (0.0314)  time: 3.1120  data: 0.4820  max mem: 36959
Epoch: [52]  [20/56]  eta: 0:01:44  lr: 0.000039  min_lr: 0.000039  loss: 0.0182 (0.0182)  weight_decay: 0.0500 (0.0500)  grad_norm: 0.0314 (0.0317)  time: 2.6740  data: 0.0003  max mem: 36959
Epoch: [52]  [30/56]  eta: 0:01:13  lr: 0.000039  min_lr: 0.000039  loss: 0.0190 (0.0186)  weight_decay: 0.0500 (0.0500)  grad_norm: 0.0320 (0.0321)  time: 2.6484  data: 0.0002  max mem: 36959
Epoch: [52]  [40/56]  eta: 0:00:44  lr: 0.000040  min_lr: 0.000040  loss: 0.0184 (0.0183)  weight_decay: 0.0500 (0.0500)  grad_norm: 0.0323 (0.0322)  time: 2.6627  data: 0.0002  max mem: 36959
Epoch: [52]  [50/56]  eta: 0:00:16  lr: 0.000040  min_lr: 0.000040  loss: 0.0179 (0.0182)  weight_decay: 0.0500 (0.0500)  grad_norm: 0.0315 (0.0320)  time: 2.6709  data: 0.0002  max mem: 36959
Epoch: [52]  [55/56]  eta: 0:00:02  lr: 0.000040  min_lr: 0.000040  loss: 0.0181 (0.0182)  weight_decay: 0.0500 (0.0500)  grad_norm: 0.0309 (0.0319)  time: 2.6717  data: 0.0002  max mem: 36959
Epoch: [52] Total time: 0:02:34 (2.7668 s / it)
Averaged stats: lr: 0.000040  min_lr: 0.000040  loss: 0.0181 (0.0183)  weight_decay: 0.0500 (0.0500)  grad_norm: 0.0309 (0.0319)
Epoch: [53]  [ 0/56]  eta: 0:06:52  lr: 0.000040  min_lr: 0.000040  loss: 0.0190 (0.0190)  weight_decay: 0.0500 (0.0500)  grad_norm: 0.0305 (0.0305)  time: 7.3637  data: 5.1069  max mem: 36959
Epoch: [53]  [10/56]  eta: 0:02:27  lr: 0.000040  min_lr: 0.000040  loss: 0.0173 (0.0172)  weight_decay: 0.0500 (0.0500)  grad_norm: 0.0327 (0.0327)  time: 3.2172  data: 0.4645  max mem: 36959
Epoch: [53]  [20/56]  eta: 0:01:47  lr: 0.000040  min_lr: 0.000040  loss: 0.0177 (0.0179)  weight_decay: 0.0500 (0.0500)  grad_norm: 0.0327 (0.0332)  time: 2.7558  data: 0.0003  max mem: 36959
Epoch: [53]  [30/56]  eta: 0:01:16  lr: 0.000040  min_lr: 0.000040  loss: 0.0183 (0.0180)  weight_decay: 0.0500 (0.0500)  grad_norm: 0.0319 (0.0329)  time: 2.7645  data: 0.0002  max mem: 36959
Epoch: [53]  [40/56]  eta: 0:00:46  lr: 0.000040  min_lr: 0.000040  loss: 0.0178 (0.0178)  weight_decay: 0.0500 (0.0500)  grad_norm: 0.0319 (0.0330)  time: 2.7837  data: 0.0002  max mem: 36959
Epoch: [53]  [50/56]  eta: 0:00:17  lr: 0.000040  min_lr: 0.000040  loss: 0.0173 (0.0178)  weight_decay: 0.0500 (0.0500)  grad_norm: 0.0327 (0.0330)  time: 2.7175  data: 0.0002  max mem: 36959
Epoch: [53]  [55/56]  eta: 0:00:02  lr: 0.000040  min_lr: 0.000040  loss: 0.0174 (0.0177)  weight_decay: 0.0500 (0.0500)  grad_norm: 0.0330 (0.0328)  time: 2.7229  data: 0.0002  max mem: 36959
Epoch: [53] Total time: 0:02:39 (2.8458 s / it)
Averaged stats: lr: 0.000040  min_lr: 0.000040  loss: 0.0174 (0.0180)  weight_decay: 0.0500 (0.0500)  grad_norm: 0.0330 (0.0328)
Epoch: [54]  [ 0/56]  eta: 0:06:42  lr: 0.000041  min_lr: 0.000041  loss: 0.0187 (0.0187)  weight_decay: 0.0500 (0.0500)  grad_norm: 0.0312 (0.0312)  time: 7.1952  data: 4.8907  max mem: 36959
Epoch: [54]  [10/56]  eta: 0:02:22  lr: 0.000041  min_lr: 0.000041  loss: 0.0171 (0.0170)  weight_decay: 0.0500 (0.0500)  grad_norm: 0.0328 (0.0327)  time: 3.1061  data: 0.4449  max mem: 36959
Epoch: [54]  [20/56]  eta: 0:01:45  lr: 0.000041  min_lr: 0.000041  loss: 0.0173 (0.0175)  weight_decay: 0.0500 (0.0500)  grad_norm: 0.0330 (0.0338)  time: 2.7156  data: 0.0003  max mem: 36959
Epoch: [54]  [30/56]  eta: 0:01:14  lr: 0.000041  min_lr: 0.000041  loss: 0.0175 (0.0176)  weight_decay: 0.0500 (0.0500)  grad_norm: 0.0333 (0.0338)  time: 2.7217  data: 0.0002  max mem: 36959
Epoch: [54]  [40/56]  eta: 0:00:45  lr: 0.000041  min_lr: 0.000041  loss: 0.0176 (0.0175)  weight_decay: 0.0500 (0.0500)  grad_norm: 0.0352 (0.0342)  time: 2.7267  data: 0.0002  max mem: 36959
Epoch: [54]  [50/56]  eta: 0:00:16  lr: 0.000041  min_lr: 0.000041  loss: 0.0175 (0.0175)  weight_decay: 0.0500 (0.0500)  grad_norm: 0.0335 (0.0340)  time: 2.7046  data: 0.0002  max mem: 36959
Epoch: [54]  [55/56]  eta: 0:00:02  lr: 0.000041  min_lr: 0.000041  loss: 0.0173 (0.0174)  weight_decay: 0.0500 (0.0500)  grad_norm: 0.0335 (0.0339)  time: 2.6952  data: 0.0002  max mem: 36959
Epoch: [54] Total time: 0:02:37 (2.8117 s / it)
Averaged stats: lr: 0.000041  min_lr: 0.000041  loss: 0.0173 (0.0176)  weight_decay: 0.0500 (0.0500)  grad_norm: 0.0335 (0.0339)
Epoch: [55]  [ 0/56]  eta: 0:06:49  lr: 0.000041  min_lr: 0.000041  loss: 0.0189 (0.0189)  weight_decay: 0.0500 (0.0500)  grad_norm: 0.0324 (0.0324)  time: 7.3092  data: 5.0106  max mem: 36959
Epoch: [55]  [10/56]  eta: 0:02:23  lr: 0.000041  min_lr: 0.000041  loss: 0.0169 (0.0170)  weight_decay: 0.0500 (0.0500)  grad_norm: 0.0330 (0.0334)  time: 3.1260  data: 0.4557  max mem: 36959
Epoch: [55]  [20/56]  eta: 0:01:45  lr: 0.000042  min_lr: 0.000042  loss: 0.0171 (0.0173)  weight_decay: 0.0500 (0.0500)  grad_norm: 0.0336 (0.0339)  time: 2.7087  data: 0.0003  max mem: 36959
Epoch: [55]  [30/56]  eta: 0:01:14  lr: 0.000042  min_lr: 0.000042  loss: 0.0175 (0.0174)  weight_decay: 0.0500 (0.0500)  grad_norm: 0.0341 (0.0341)  time: 2.7364  data: 0.0003  max mem: 36959
Epoch: [55]  [40/56]  eta: 0:00:45  lr: 0.000042  min_lr: 0.000042  loss: 0.0174 (0.0173)  weight_decay: 0.0500 (0.0500)  grad_norm: 0.0341 (0.0341)  time: 2.7224  data: 0.0002  max mem: 36959
Epoch: [55]  [50/56]  eta: 0:00:16  lr: 0.000042  min_lr: 0.000042  loss: 0.0174 (0.0173)  weight_decay: 0.0500 (0.0500)  grad_norm: 0.0340 (0.0341)  time: 2.6551  data: 0.0002  max mem: 36959
Epoch: [55]  [55/56]  eta: 0:00:02  lr: 0.000042  min_lr: 0.000042  loss: 0.0169 (0.0173)  weight_decay: 0.0500 (0.0500)  grad_norm: 0.0335 (0.0339)  time: 2.6886  data: 0.0002  max mem: 36959
Epoch: [55] Total time: 0:02:36 (2.8011 s / it)
Averaged stats: lr: 0.000042  min_lr: 0.000042  loss: 0.0169 (0.0173)  weight_decay: 0.0500 (0.0500)  grad_norm: 0.0335 (0.0339)
Epoch: [56]  [ 0/56]  eta: 0:06:53  lr: 0.000042  min_lr: 0.000042  loss: 0.0182 (0.0182)  weight_decay: 0.0500 (0.0500)  grad_norm: 0.0334 (0.0334)  time: 7.3794  data: 5.1863  max mem: 36959
Epoch: [56]  [10/56]  eta: 0:02:22  lr: 0.000042  min_lr: 0.000042  loss: 0.0165 (0.0166)  weight_decay: 0.0500 (0.0500)  grad_norm: 0.0336 (0.0341)  time: 3.1003  data: 0.4717  max mem: 36959
Epoch: [56]  [20/56]  eta: 0:01:44  lr: 0.000042  min_lr: 0.000042  loss: 0.0171 (0.0171)  weight_decay: 0.0500 (0.0500)  grad_norm: 0.0344 (0.0347)  time: 2.6908  data: 0.0002  max mem: 36959
Epoch: [56]  [30/56]  eta: 0:01:14  lr: 0.000042  min_lr: 0.000042  loss: 0.0174 (0.0173)  weight_decay: 0.0500 (0.0500)  grad_norm: 0.0353 (0.0351)  time: 2.7073  data: 0.0002  max mem: 36959
Epoch: [56]  [40/56]  eta: 0:00:44  lr: 0.000043  min_lr: 0.000043  loss: 0.0173 (0.0173)  weight_decay: 0.0500 (0.0500)  grad_norm: 0.0353 (0.0352)  time: 2.7007  data: 0.0003  max mem: 36959
Epoch: [56]  [50/56]  eta: 0:00:16  lr: 0.000043  min_lr: 0.000043  loss: 0.0169 (0.0172)  weight_decay: 0.0500 (0.0500)  grad_norm: 0.0340 (0.0350)  time: 2.7064  data: 0.0003  max mem: 36959
Epoch: [56]  [55/56]  eta: 0:00:02  lr: 0.000043  min_lr: 0.000043  loss: 0.0169 (0.0171)  weight_decay: 0.0500 (0.0500)  grad_norm: 0.0335 (0.0348)  time: 2.7209  data: 0.0002  max mem: 36959
Epoch: [56] Total time: 0:02:37 (2.8042 s / it)
Averaged stats: lr: 0.000043  min_lr: 0.000043  loss: 0.0169 (0.0172)  weight_decay: 0.0500 (0.0500)  grad_norm: 0.0335 (0.0348)
Epoch: [57]  [ 0/56]  eta: 0:06:49  lr: 0.000043  min_lr: 0.000043  loss: 0.0182 (0.0182)  weight_decay: 0.0500 (0.0500)  grad_norm: 0.0351 (0.0351)  time: 7.3141  data: 5.0009  max mem: 36959
Epoch: [57]  [10/56]  eta: 0:02:24  lr: 0.000043  min_lr: 0.000043  loss: 0.0168 (0.0165)  weight_decay: 0.0500 (0.0500)  grad_norm: 0.0351 (0.0355)  time: 3.1433  data: 0.4551  max mem: 36959
Epoch: [57]  [20/56]  eta: 0:01:45  lr: 0.000043  min_lr: 0.000043  loss: 0.0171 (0.0173)  weight_decay: 0.0500 (0.0500)  grad_norm: 0.0359 (0.0358)  time: 2.7061  data: 0.0004  max mem: 36959
Epoch: [57]  [30/56]  eta: 0:01:14  lr: 0.000043  min_lr: 0.000043  loss: 0.0174 (0.0174)  weight_decay: 0.0500 (0.0500)  grad_norm: 0.0352 (0.0353)  time: 2.7094  data: 0.0003  max mem: 36959
Epoch: [57]  [40/56]  eta: 0:00:45  lr: 0.000043  min_lr: 0.000043  loss: 0.0170 (0.0172)  weight_decay: 0.0500 (0.0500)  grad_norm: 0.0339 (0.0348)  time: 2.7306  data: 0.0003  max mem: 36959
Epoch: [57]  [50/56]  eta: 0:00:16  lr: 0.000043  min_lr: 0.000043  loss: 0.0167 (0.0171)  weight_decay: 0.0500 (0.0500)  grad_norm: 0.0333 (0.0347)  time: 2.7157  data: 0.0003  max mem: 36959
Epoch: [57]  [55/56]  eta: 0:00:02  lr: 0.000043  min_lr: 0.000043  loss: 0.0165 (0.0171)  weight_decay: 0.0500 (0.0500)  grad_norm: 0.0333 (0.0346)  time: 2.7003  data: 0.0003  max mem: 36959
Epoch: [57] Total time: 0:02:37 (2.8143 s / it)
Averaged stats: lr: 0.000043  min_lr: 0.000043  loss: 0.0165 (0.0172)  weight_decay: 0.0500 (0.0500)  grad_norm: 0.0333 (0.0346)
Epoch: [58]  [ 0/56]  eta: 0:06:40  lr: 0.000044  min_lr: 0.000044  loss: 0.0181 (0.0181)  weight_decay: 0.0500 (0.0500)  grad_norm: 0.0347 (0.0347)  time: 7.1497  data: 4.7626  max mem: 36959
Epoch: [58]  [10/56]  eta: 0:02:22  lr: 0.000044  min_lr: 0.000044  loss: 0.0173 (0.0171)  weight_decay: 0.0500 (0.0500)  grad_norm: 0.0343 (0.0341)  time: 3.1032  data: 0.4333  max mem: 36959
Epoch: [58]  [20/56]  eta: 0:01:42  lr: 0.000044  min_lr: 0.000044  loss: 0.0169 (0.0170)  weight_decay: 0.0500 (0.0500)  grad_norm: 0.0333 (0.0333)  time: 2.6419  data: 0.0003  max mem: 36959
Epoch: [58]  [30/56]  eta: 0:01:12  lr: 0.000044  min_lr: 0.000044  loss: 0.0169 (0.0170)  weight_decay: 0.0500 (0.0500)  grad_norm: 0.0323 (0.0331)  time: 2.6150  data: 0.0003  max mem: 36959
Epoch: [58]  [40/56]  eta: 0:00:44  lr: 0.000044  min_lr: 0.000044  loss: 0.0162 (0.0167)  weight_decay: 0.0500 (0.0500)  grad_norm: 0.0322 (0.0330)  time: 2.6492  data: 0.0003  max mem: 36959
Epoch: [58]  [50/56]  eta: 0:00:16  lr: 0.000044  min_lr: 0.000044  loss: 0.0162 (0.0168)  weight_decay: 0.0500 (0.0500)  grad_norm: 0.0336 (0.0332)  time: 2.6455  data: 0.0002  max mem: 36959
Epoch: [58]  [55/56]  eta: 0:00:02  lr: 0.000044  min_lr: 0.000044  loss: 0.0165 (0.0168)  weight_decay: 0.0500 (0.0500)  grad_norm: 0.0335 (0.0331)  time: 2.6522  data: 0.0002  max mem: 36959
Epoch: [58] Total time: 0:02:33 (2.7428 s / it)
Averaged stats: lr: 0.000044  min_lr: 0.000044  loss: 0.0165 (0.0170)  weight_decay: 0.0500 (0.0500)  grad_norm: 0.0335 (0.0331)
Epoch: [59]  [ 0/56]  eta: 0:06:53  lr: 0.000044  min_lr: 0.000044  loss: 0.0182 (0.0182)  weight_decay: 0.0500 (0.0500)  grad_norm: 0.0336 (0.0336)  time: 7.3894  data: 5.1506  max mem: 36959
Epoch: [59]  [10/56]  eta: 0:02:24  lr: 0.000044  min_lr: 0.000044  loss: 0.0163 (0.0162)  weight_decay: 0.0500 (0.0500)  grad_norm: 0.0331 (0.0331)  time: 3.1471  data: 0.4685  max mem: 36959
Epoch: [59]  [20/56]  eta: 0:01:44  lr: 0.000045  min_lr: 0.000045  loss: 0.0161 (0.0163)  weight_decay: 0.0500 (0.0500)  grad_norm: 0.0330 (0.0328)  time: 2.6686  data: 0.0003  max mem: 36959
Epoch: [59]  [30/56]  eta: 0:01:13  lr: 0.000045  min_lr: 0.000045  loss: 0.0161 (0.0164)  weight_decay: 0.0500 (0.0500)  grad_norm: 0.0327 (0.0330)  time: 2.6640  data: 0.0003  max mem: 36959
Epoch: [59]  [40/56]  eta: 0:00:44  lr: 0.000045  min_lr: 0.000045  loss: 0.0162 (0.0163)  weight_decay: 0.0500 (0.0500)  grad_norm: 0.0339 (0.0333)  time: 2.6726  data: 0.0003  max mem: 36959
Epoch: [59]  [50/56]  eta: 0:00:16  lr: 0.000045  min_lr: 0.000045  loss: 0.0161 (0.0163)  weight_decay: 0.0500 (0.0500)  grad_norm: 0.0336 (0.0334)  time: 2.6647  data: 0.0003  max mem: 36959
Epoch: [59]  [55/56]  eta: 0:00:02  lr: 0.000045  min_lr: 0.000045  loss: 0.0161 (0.0163)  weight_decay: 0.0500 (0.0500)  grad_norm: 0.0333 (0.0333)  time: 2.6798  data: 0.0003  max mem: 36959
Epoch: [59] Total time: 0:02:35 (2.7744 s / it)
Averaged stats: lr: 0.000045  min_lr: 0.000045  loss: 0.0161 (0.0165)  weight_decay: 0.0500 (0.0500)  grad_norm: 0.0333 (0.0333)
Epoch: [60]  [ 0/56]  eta: 0:06:52  lr: 0.000045  min_lr: 0.000045  loss: 0.0169 (0.0169)  weight_decay: 0.0500 (0.0500)  grad_norm: 0.0317 (0.0317)  time: 7.3606  data: 4.9040  max mem: 36959
Epoch: [60]  [10/56]  eta: 0:02:26  lr: 0.000045  min_lr: 0.000045  loss: 0.0159 (0.0155)  weight_decay: 0.0500 (0.0500)  grad_norm: 0.0320 (0.0321)  time: 3.1940  data: 0.4461  max mem: 36959
Epoch: [60]  [20/56]  eta: 0:01:46  lr: 0.000045  min_lr: 0.000045  loss: 0.0159 (0.0160)  weight_decay: 0.0500 (0.0500)  grad_norm: 0.0331 (0.0339)  time: 2.7266  data: 0.0003  max mem: 36959
Epoch: [60]  [30/56]  eta: 0:01:14  lr: 0.000045  min_lr: 0.000045  loss: 0.0161 (0.0161)  weight_decay: 0.0500 (0.0500)  grad_norm: 0.0358 (0.0345)  time: 2.6739  data: 0.0002  max mem: 36959
Epoch: [60]  [40/56]  eta: 0:00:45  lr: 0.000046  min_lr: 0.000046  loss: 0.0161 (0.0161)  weight_decay: 0.0500 (0.0500)  grad_norm: 0.0356 (0.0349)  time: 2.7057  data: 0.0002  max mem: 36959
Epoch: [60]  [50/56]  eta: 0:00:16  lr: 0.000046  min_lr: 0.000046  loss: 0.0160 (0.0161)  weight_decay: 0.0500 (0.0500)  grad_norm: 0.0344 (0.0347)  time: 2.6907  data: 0.0002  max mem: 36959
Epoch: [60]  [55/56]  eta: 0:00:02  lr: 0.000046  min_lr: 0.000046  loss: 0.0159 (0.0161)  weight_decay: 0.0500 (0.0500)  grad_norm: 0.0343 (0.0347)  time: 2.6643  data: 0.0002  max mem: 36959
Epoch: [60] Total time: 0:02:36 (2.7989 s / it)
Averaged stats: lr: 0.000046  min_lr: 0.000046  loss: 0.0159 (0.0162)  weight_decay: 0.0500 (0.0500)  grad_norm: 0.0343 (0.0347)
Epoch: [61]  [ 0/56]  eta: 0:06:36  lr: 0.000046  min_lr: 0.000046  loss: 0.0166 (0.0166)  weight_decay: 0.0500 (0.0500)  grad_norm: 0.0357 (0.0357)  time: 7.0824  data: 4.7763  max mem: 36959
Epoch: [61]  [10/56]  eta: 0:02:24  lr: 0.000046  min_lr: 0.000046  loss: 0.0153 (0.0154)  weight_decay: 0.0500 (0.0500)  grad_norm: 0.0337 (0.0335)  time: 3.1453  data: 0.4346  max mem: 36959
Epoch: [61]  [20/56]  eta: 0:01:45  lr: 0.000046  min_lr: 0.000046  loss: 0.0159 (0.0157)  weight_decay: 0.0500 (0.0500)  grad_norm: 0.0338 (0.0342)  time: 2.7288  data: 0.0003  max mem: 36959
Epoch: [61]  [30/56]  eta: 0:01:13  lr: 0.000046  min_lr: 0.000046  loss: 0.0159 (0.0159)  weight_decay: 0.0500 (0.0500)  grad_norm: 0.0352 (0.0348)  time: 2.6708  data: 0.0003  max mem: 36959
Epoch: [61]  [40/56]  eta: 0:00:44  lr: 0.000046  min_lr: 0.000046  loss: 0.0161 (0.0159)  weight_decay: 0.0500 (0.0500)  grad_norm: 0.0358 (0.0352)  time: 2.6495  data: 0.0003  max mem: 36959
Epoch: [61]  [50/56]  eta: 0:00:16  lr: 0.000046  min_lr: 0.000046  loss: 0.0161 (0.0160)  weight_decay: 0.0500 (0.0500)  grad_norm: 0.0358 (0.0353)  time: 2.6778  data: 0.0002  max mem: 36959
Epoch: [61]  [55/56]  eta: 0:00:02  lr: 0.000046  min_lr: 0.000046  loss: 0.0158 (0.0160)  weight_decay: 0.0500 (0.0500)  grad_norm: 0.0356 (0.0354)  time: 2.6845  data: 0.0002  max mem: 36959
Epoch: [61] Total time: 0:02:35 (2.7838 s / it)
Averaged stats: lr: 0.000046  min_lr: 0.000046  loss: 0.0158 (0.0161)  weight_decay: 0.0500 (0.0500)  grad_norm: 0.0356 (0.0354)
Epoch: [62]  [ 0/56]  eta: 0:06:36  lr: 0.000047  min_lr: 0.000047  loss: 0.0163 (0.0163)  weight_decay: 0.0500 (0.0500)  grad_norm: 0.0339 (0.0339)  time: 7.0743  data: 4.9078  max mem: 36959
Epoch: [62]  [10/56]  eta: 0:02:18  lr: 0.000047  min_lr: 0.000047  loss: 0.0153 (0.0151)  weight_decay: 0.0500 (0.0500)  grad_norm: 0.0338 (0.0333)  time: 3.0209  data: 0.4465  max mem: 36959
Epoch: [62]  [20/56]  eta: 0:01:41  lr: 0.000047  min_lr: 0.000047  loss: 0.0154 (0.0155)  weight_decay: 0.0500 (0.0500)  grad_norm: 0.0340 (0.0346)  time: 2.6180  data: 0.0003  max mem: 36959
Epoch: [62]  [30/56]  eta: 0:01:11  lr: 0.000047  min_lr: 0.000047  loss: 0.0162 (0.0161)  weight_decay: 0.0500 (0.0500)  grad_norm: 0.0378 (0.0361)  time: 2.6135  data: 0.0002  max mem: 36959
Epoch: [62]  [40/56]  eta: 0:00:43  lr: 0.000047  min_lr: 0.000047  loss: 0.0159 (0.0160)  weight_decay: 0.0500 (0.0500)  grad_norm: 0.0365 (0.0360)  time: 2.6246  data: 0.0002  max mem: 36959
Epoch: [62]  [50/56]  eta: 0:00:16  lr: 0.000047  min_lr: 0.000047  loss: 0.0157 (0.0160)  weight_decay: 0.0500 (0.0500)  grad_norm: 0.0351 (0.0358)  time: 2.6038  data: 0.0002  max mem: 36959
Epoch: [62]  [55/56]  eta: 0:00:02  lr: 0.000047  min_lr: 0.000047  loss: 0.0155 (0.0159)  weight_decay: 0.0500 (0.0500)  grad_norm: 0.0350 (0.0356)  time: 2.6161  data: 0.0002  max mem: 36959
Epoch: [62] Total time: 0:02:31 (2.7084 s / it)
Averaged stats: lr: 0.000047  min_lr: 0.000047  loss: 0.0155 (0.0160)  weight_decay: 0.0500 (0.0500)  grad_norm: 0.0350 (0.0356)
Epoch: [63]  [ 0/56]  eta: 0:06:50  lr: 0.000047  min_lr: 0.000047  loss: 0.0156 (0.0156)  weight_decay: 0.0500 (0.0500)  grad_norm: 0.0366 (0.0366)  time: 7.3312  data: 5.0992  max mem: 36959
Epoch: [63]  [10/56]  eta: 0:02:20  lr: 0.000047  min_lr: 0.000047  loss: 0.0151 (0.0149)  weight_decay: 0.0500 (0.0500)  grad_norm: 0.0346 (0.0350)  time: 3.0551  data: 0.4638  max mem: 36959
Epoch: [63]  [20/56]  eta: 0:01:43  lr: 0.000048  min_lr: 0.000048  loss: 0.0151 (0.0154)  weight_decay: 0.0500 (0.0500)  grad_norm: 0.0346 (0.0355)  time: 2.6500  data: 0.0003  max mem: 36959
Epoch: [63]  [30/56]  eta: 0:01:13  lr: 0.000048  min_lr: 0.000048  loss: 0.0160 (0.0158)  weight_decay: 0.0500 (0.0500)  grad_norm: 0.0382 (0.0365)  time: 2.6767  data: 0.0003  max mem: 36959
Epoch: [63]  [40/56]  eta: 0:00:43  lr: 0.000048  min_lr: 0.000048  loss: 0.0157 (0.0156)  weight_decay: 0.0500 (0.0500)  grad_norm: 0.0372 (0.0364)  time: 2.6184  data: 0.0002  max mem: 36959
Epoch: [63]  [50/56]  eta: 0:00:16  lr: 0.000048  min_lr: 0.000048  loss: 0.0149 (0.0155)  weight_decay: 0.0500 (0.0500)  grad_norm: 0.0339 (0.0359)  time: 2.5689  data: 0.0002  max mem: 36959
Epoch: [63]  [55/56]  eta: 0:00:02  lr: 0.000048  min_lr: 0.000048  loss: 0.0149 (0.0155)  weight_decay: 0.0500 (0.0500)  grad_norm: 0.0339 (0.0357)  time: 2.5881  data: 0.0004  max mem: 36959
Epoch: [63] Total time: 0:02:32 (2.7238 s / it)
Averaged stats: lr: 0.000048  min_lr: 0.000048  loss: 0.0149 (0.0156)  weight_decay: 0.0500 (0.0500)  grad_norm: 0.0339 (0.0357)
Epoch: [64]  [ 0/56]  eta: 0:06:48  lr: 0.000048  min_lr: 0.000048  loss: 0.0151 (0.0151)  weight_decay: 0.0500 (0.0500)  grad_norm: 0.0372 (0.0372)  time: 7.2886  data: 5.1526  max mem: 36959
Epoch: [64]  [10/56]  eta: 0:02:21  lr: 0.000048  min_lr: 0.000048  loss: 0.0151 (0.0148)  weight_decay: 0.0500 (0.0500)  grad_norm: 0.0357 (0.0360)  time: 3.0768  data: 0.4687  max mem: 36959
Epoch: [64]  [20/56]  eta: 0:01:44  lr: 0.000048  min_lr: 0.000048  loss: 0.0154 (0.0154)  weight_decay: 0.0500 (0.0500)  grad_norm: 0.0367 (0.0382)  time: 2.6739  data: 0.0003  max mem: 36959
Epoch: [64]  [30/56]  eta: 0:01:12  lr: 0.000048  min_lr: 0.000048  loss: 0.0159 (0.0158)  weight_decay: 0.0500 (0.0500)  grad_norm: 0.0403 (0.0396)  time: 2.6505  data: 0.0002  max mem: 36959
Epoch: [64]  [40/56]  eta: 0:00:44  lr: 0.000049  min_lr: 0.000049  loss: 0.0163 (0.0159)  weight_decay: 0.0500 (0.0500)  grad_norm: 0.0395 (0.0396)  time: 2.6068  data: 0.0002  max mem: 36959
Epoch: [64]  [50/56]  eta: 0:00:16  lr: 0.000049  min_lr: 0.000049  loss: 0.0157 (0.0158)  weight_decay: 0.0500 (0.0500)  grad_norm: 0.0351 (0.0387)  time: 2.6085  data: 0.0002  max mem: 36959
Epoch: [64]  [55/56]  eta: 0:00:02  lr: 0.000049  min_lr: 0.000049  loss: 0.0147 (0.0156)  weight_decay: 0.0500 (0.0500)  grad_norm: 0.0338 (0.0382)  time: 2.6263  data: 0.0002  max mem: 36959
Epoch: [64] Total time: 0:02:32 (2.7302 s / it)
Averaged stats: lr: 0.000049  min_lr: 0.000049  loss: 0.0147 (0.0157)  weight_decay: 0.0500 (0.0500)  grad_norm: 0.0338 (0.0382)
Epoch: [65]  [ 0/56]  eta: 0:06:45  lr: 0.000049  min_lr: 0.000049  loss: 0.0154 (0.0154)  weight_decay: 0.0500 (0.0500)  grad_norm: 0.0371 (0.0371)  time: 7.2493  data: 4.8549  max mem: 36959
Epoch: [65]  [10/56]  eta: 0:02:18  lr: 0.000049  min_lr: 0.000049  loss: 0.0144 (0.0145)  weight_decay: 0.0500 (0.0500)  grad_norm: 0.0359 (0.0357)  time: 3.0000  data: 0.4417  max mem: 36959
Epoch: [65]  [20/56]  eta: 0:01:41  lr: 0.000049  min_lr: 0.000049  loss: 0.0152 (0.0151)  weight_decay: 0.0500 (0.0500)  grad_norm: 0.0361 (0.0359)  time: 2.6091  data: 0.0003  max mem: 36959
Epoch: [65]  [30/56]  eta: 0:01:11  lr: 0.000049  min_lr: 0.000049  loss: 0.0158 (0.0156)  weight_decay: 0.0500 (0.0500)  grad_norm: 0.0381 (0.0369)  time: 2.6413  data: 0.0002  max mem: 36959
Epoch: [65]  [40/56]  eta: 0:00:43  lr: 0.000049  min_lr: 0.000049  loss: 0.0157 (0.0154)  weight_decay: 0.0500 (0.0500)  grad_norm: 0.0383 (0.0369)  time: 2.6527  data: 0.0002  max mem: 36959
Epoch: [65]  [50/56]  eta: 0:00:16  lr: 0.000049  min_lr: 0.000049  loss: 0.0149 (0.0154)  weight_decay: 0.0500 (0.0500)  grad_norm: 0.0370 (0.0375)  time: 2.6538  data: 0.0002  max mem: 36959
Epoch: [65]  [55/56]  eta: 0:00:02  lr: 0.000049  min_lr: 0.000049  loss: 0.0152 (0.0153)  weight_decay: 0.0500 (0.0500)  grad_norm: 0.0367 (0.0373)  time: 2.6637  data: 0.0002  max mem: 36959
Epoch: [65] Total time: 0:02:33 (2.7372 s / it)
Averaged stats: lr: 0.000049  min_lr: 0.000049  loss: 0.0152 (0.0155)  weight_decay: 0.0500 (0.0500)  grad_norm: 0.0367 (0.0373)
Epoch: [66]  [ 0/56]  eta: 0:06:47  lr: 0.000050  min_lr: 0.000050  loss: 0.0160 (0.0160)  weight_decay: 0.0500 (0.0500)  grad_norm: 0.0359 (0.0359)  time: 7.2700  data: 4.7255  max mem: 36959
Epoch: [66]  [10/56]  eta: 0:02:20  lr: 0.000050  min_lr: 0.000050  loss: 0.0158 (0.0153)  weight_decay: 0.0500 (0.0500)  grad_norm: 0.0359 (0.0357)  time: 3.0566  data: 0.4298  max mem: 36959
Epoch: [66]  [20/56]  eta: 0:01:42  lr: 0.000050  min_lr: 0.000050  loss: 0.0154 (0.0155)  weight_decay: 0.0500 (0.0500)  grad_norm: 0.0359 (0.0368)  time: 2.6154  data: 0.0003  max mem: 36959
Epoch: [66]  [30/56]  eta: 0:01:11  lr: 0.000050  min_lr: 0.000050  loss: 0.0156 (0.0157)  weight_decay: 0.0500 (0.0500)  grad_norm: 0.0362 (0.0372)  time: 2.6052  data: 0.0003  max mem: 36959
Epoch: [66]  [40/56]  eta: 0:00:43  lr: 0.000050  min_lr: 0.000050  loss: 0.0152 (0.0155)  weight_decay: 0.0500 (0.0500)  grad_norm: 0.0357 (0.0369)  time: 2.6499  data: 0.0003  max mem: 36959
Epoch: [66]  [50/56]  eta: 0:00:16  lr: 0.000050  min_lr: 0.000050  loss: 0.0150 (0.0154)  weight_decay: 0.0500 (0.0500)  grad_norm: 0.0360 (0.0369)  time: 2.6556  data: 0.0002  max mem: 36959
Epoch: [66]  [55/56]  eta: 0:00:02  lr: 0.000050  min_lr: 0.000050  loss: 0.0150 (0.0154)  weight_decay: 0.0500 (0.0500)  grad_norm: 0.0361 (0.0368)  time: 2.6987  data: 0.0002  max mem: 36959
Epoch: [66] Total time: 0:02:33 (2.7465 s / it)
Averaged stats: lr: 0.000050  min_lr: 0.000050  loss: 0.0150 (0.0155)  weight_decay: 0.0500 (0.0500)  grad_norm: 0.0361 (0.0368)
Epoch: [67]  [ 0/56]  eta: 0:06:59  lr: 0.000050  min_lr: 0.000050  loss: 0.0167 (0.0167)  weight_decay: 0.0500 (0.0500)  grad_norm: 0.0384 (0.0384)  time: 7.4981  data: 5.3928  max mem: 36959
Epoch: [67]  [10/56]  eta: 0:02:20  lr: 0.000050  min_lr: 0.000050  loss: 0.0141 (0.0144)  weight_decay: 0.0500 (0.0500)  grad_norm: 0.0352 (0.0350)  time: 3.0525  data: 0.4906  max mem: 36959
Epoch: [67]  [20/56]  eta: 0:01:43  lr: 0.000051  min_lr: 0.000051  loss: 0.0143 (0.0147)  weight_decay: 0.0500 (0.0500)  grad_norm: 0.0348 (0.0352)  time: 2.6526  data: 0.0003  max mem: 36959
Epoch: [67]  [30/56]  eta: 0:01:13  lr: 0.000051  min_lr: 0.000051  loss: 0.0156 (0.0150)  weight_decay: 0.0500 (0.0500)  grad_norm: 0.0352 (0.0358)  time: 2.6911  data: 0.0002  max mem: 36959
Epoch: [67]  [40/56]  eta: 0:00:44  lr: 0.000051  min_lr: 0.000051  loss: 0.0159 (0.0152)  weight_decay: 0.0500 (0.0500)  grad_norm: 0.0393 (0.0381)  time: 2.6750  data: 0.0002  max mem: 36959
Epoch: [67]  [50/56]  eta: 0:00:16  lr: 0.000051  min_lr: 0.000051  loss: 0.0150 (0.0152)  weight_decay: 0.0500 (0.0500)  grad_norm: 0.0405 (0.0377)  time: 2.6555  data: 0.0003  max mem: 36959
Epoch: [67]  [55/56]  eta: 0:00:02  lr: 0.000051  min_lr: 0.000051  loss: 0.0148 (0.0151)  weight_decay: 0.0500 (0.0500)  grad_norm: 0.0352 (0.0374)  time: 2.6559  data: 0.0003  max mem: 36959
Epoch: [67] Total time: 0:02:34 (2.7673 s / it)
Averaged stats: lr: 0.000051  min_lr: 0.000051  loss: 0.0148 (0.0152)  weight_decay: 0.0500 (0.0500)  grad_norm: 0.0352 (0.0374)
Epoch: [68]  [ 0/56]  eta: 0:06:35  lr: 0.000051  min_lr: 0.000051  loss: 0.0155 (0.0155)  weight_decay: 0.0500 (0.0500)  grad_norm: 0.0354 (0.0354)  time: 7.0614  data: 4.8923  max mem: 36959
Epoch: [68]  [10/56]  eta: 0:02:20  lr: 0.000051  min_lr: 0.000051  loss: 0.0140 (0.0141)  weight_decay: 0.0500 (0.0500)  grad_norm: 0.0354 (0.0354)  time: 3.0561  data: 0.4450  max mem: 36959
Epoch: [68]  [20/56]  eta: 0:01:42  lr: 0.000051  min_lr: 0.000051  loss: 0.0142 (0.0145)  weight_decay: 0.0500 (0.0500)  grad_norm: 0.0359 (0.0362)  time: 2.6453  data: 0.0003  max mem: 36959
Epoch: [68]  [30/56]  eta: 0:01:12  lr: 0.000051  min_lr: 0.000051  loss: 0.0153 (0.0150)  weight_decay: 0.0500 (0.0500)  grad_norm: 0.0368 (0.0368)  time: 2.6414  data: 0.0003  max mem: 36959
Epoch: [68]  [40/56]  eta: 0:00:44  lr: 0.000052  min_lr: 0.000052  loss: 0.0158 (0.0150)  weight_decay: 0.0500 (0.0500)  grad_norm: 0.0390 (0.0372)  time: 2.6548  data: 0.0003  max mem: 36959
Epoch: [68]  [50/56]  eta: 0:00:16  lr: 0.000052  min_lr: 0.000052  loss: 0.0148 (0.0149)  weight_decay: 0.0500 (0.0500)  grad_norm: 0.0372 (0.0372)  time: 2.6420  data: 0.0002  max mem: 36959
Epoch: [68]  [55/56]  eta: 0:00:02  lr: 0.000052  min_lr: 0.000052  loss: 0.0141 (0.0148)  weight_decay: 0.0500 (0.0500)  grad_norm: 0.0359 (0.0370)  time: 2.6162  data: 0.0002  max mem: 36959
Epoch: [68] Total time: 0:02:33 (2.7362 s / it)
Averaged stats: lr: 0.000052  min_lr: 0.000052  loss: 0.0141 (0.0150)  weight_decay: 0.0500 (0.0500)  grad_norm: 0.0359 (0.0370)
Epoch: [69]  [ 0/56]  eta: 0:07:01  lr: 0.000052  min_lr: 0.000052  loss: 0.0147 (0.0147)  weight_decay: 0.0500 (0.0500)  grad_norm: 0.0378 (0.0378)  time: 7.5235  data: 4.8446  max mem: 36959
Epoch: [69]  [10/56]  eta: 0:02:28  lr: 0.000052  min_lr: 0.000052  loss: 0.0143 (0.0140)  weight_decay: 0.0500 (0.0500)  grad_norm: 0.0378 (0.0374)  time: 3.2289  data: 0.4406  max mem: 36959
Epoch: [69]  [20/56]  eta: 0:01:48  lr: 0.000052  min_lr: 0.000052  loss: 0.0144 (0.0145)  weight_decay: 0.0500 (0.0500)  grad_norm: 0.0357 (0.0367)  time: 2.7774  data: 0.0003  max mem: 36959
Epoch: [69]  [30/56]  eta: 0:01:15  lr: 0.000052  min_lr: 0.000052  loss: 0.0150 (0.0149)  weight_decay: 0.0500 (0.0500)  grad_norm: 0.0363 (0.0367)  time: 2.7544  data: 0.0003  max mem: 36959
Epoch: [69]  [40/56]  eta: 0:00:45  lr: 0.000052  min_lr: 0.000052  loss: 0.0150 (0.0149)  weight_decay: 0.0500 (0.0500)  grad_norm: 0.0362 (0.0364)  time: 2.7228  data: 0.0002  max mem: 36959
Epoch: [69]  [50/56]  eta: 0:00:17  lr: 0.000052  min_lr: 0.000052  loss: 0.0145 (0.0148)  weight_decay: 0.0500 (0.0500)  grad_norm: 0.0353 (0.0365)  time: 2.7174  data: 0.0002  max mem: 36959
Epoch: [69]  [55/56]  eta: 0:00:02  lr: 0.000052  min_lr: 0.000052  loss: 0.0142 (0.0147)  weight_decay: 0.0500 (0.0500)  grad_norm: 0.0347 (0.0363)  time: 2.7051  data: 0.0002  max mem: 36959
Epoch: [69] Total time: 0:02:39 (2.8449 s / it)
Averaged stats: lr: 0.000052  min_lr: 0.000052  loss: 0.0142 (0.0148)  weight_decay: 0.0500 (0.0500)  grad_norm: 0.0347 (0.0363)
Epoch: [70]  [ 0/56]  eta: 0:06:59  lr: 0.000053  min_lr: 0.000053  loss: 0.0158 (0.0158)  weight_decay: 0.0500 (0.0500)  grad_norm: 0.0387 (0.0387)  time: 7.4880  data: 5.3436  max mem: 36959
Epoch: [70]  [10/56]  eta: 0:02:24  lr: 0.000053  min_lr: 0.000053  loss: 0.0143 (0.0142)  weight_decay: 0.0500 (0.0500)  grad_norm: 0.0359 (0.0362)  time: 3.1428  data: 0.4860  max mem: 36959
Epoch: [70]  [20/56]  eta: 0:01:44  lr: 0.000053  min_lr: 0.000053  loss: 0.0146 (0.0148)  weight_decay: 0.0500 (0.0500)  grad_norm: 0.0361 (0.0364)  time: 2.6726  data: 0.0002  max mem: 36959
Epoch: [70]  [30/56]  eta: 0:01:13  lr: 0.000053  min_lr: 0.000053  loss: 0.0154 (0.0150)  weight_decay: 0.0500 (0.0500)  grad_norm: 0.0361 (0.0362)  time: 2.6359  data: 0.0002  max mem: 36959
Epoch: [70]  [40/56]  eta: 0:00:44  lr: 0.000053  min_lr: 0.000053  loss: 0.0146 (0.0149)  weight_decay: 0.0500 (0.0500)  grad_norm: 0.0357 (0.0361)  time: 2.6428  data: 0.0002  max mem: 36959
Epoch: [70]  [50/56]  eta: 0:00:16  lr: 0.000053  min_lr: 0.000053  loss: 0.0139 (0.0147)  weight_decay: 0.0500 (0.0500)  grad_norm: 0.0357 (0.0361)  time: 2.6799  data: 0.0002  max mem: 36959
Epoch: [70]  [55/56]  eta: 0:00:02  lr: 0.000053  min_lr: 0.000053  loss: 0.0139 (0.0147)  weight_decay: 0.0500 (0.0500)  grad_norm: 0.0357 (0.0361)  time: 2.6837  data: 0.0002  max mem: 36959
Epoch: [70] Total time: 0:02:35 (2.7753 s / it)
Averaged stats: lr: 0.000053  min_lr: 0.000053  loss: 0.0139 (0.0148)  weight_decay: 0.0500 (0.0500)  grad_norm: 0.0357 (0.0361)
Epoch: [71]  [ 0/56]  eta: 0:06:46  lr: 0.000053  min_lr: 0.000053  loss: 0.0154 (0.0154)  weight_decay: 0.0500 (0.0500)  grad_norm: 0.0372 (0.0372)  time: 7.2671  data: 4.9700  max mem: 36959
Epoch: [71]  [10/56]  eta: 0:02:22  lr: 0.000053  min_lr: 0.000053  loss: 0.0150 (0.0148)  weight_decay: 0.0500 (0.0500)  grad_norm: 0.0372 (0.0379)  time: 3.1079  data: 0.4521  max mem: 36959
Epoch: [71]  [20/56]  eta: 0:01:43  lr: 0.000054  min_lr: 0.000054  loss: 0.0146 (0.0149)  weight_decay: 0.0500 (0.0500)  grad_norm: 0.0365 (0.0372)  time: 2.6693  data: 0.0003  max mem: 36959
Epoch: [71]  [30/56]  eta: 0:01:13  lr: 0.000054  min_lr: 0.000054  loss: 0.0148 (0.0149)  weight_decay: 0.0500 (0.0500)  grad_norm: 0.0356 (0.0367)  time: 2.6961  data: 0.0003  max mem: 36959
Epoch: [71]  [40/56]  eta: 0:00:44  lr: 0.000054  min_lr: 0.000054  loss: 0.0141 (0.0146)  weight_decay: 0.0500 (0.0500)  grad_norm: 0.0353 (0.0365)  time: 2.7158  data: 0.0002  max mem: 36959
Epoch: [71]  [50/56]  eta: 0:00:16  lr: 0.000054  min_lr: 0.000054  loss: 0.0141 (0.0146)  weight_decay: 0.0500 (0.0500)  grad_norm: 0.0365 (0.0366)  time: 2.6856  data: 0.0002  max mem: 36959
Epoch: [71]  [55/56]  eta: 0:00:02  lr: 0.000054  min_lr: 0.000054  loss: 0.0141 (0.0145)  weight_decay: 0.0500 (0.0500)  grad_norm: 0.0356 (0.0365)  time: 2.6695  data: 0.0002  max mem: 36959
Epoch: [71] Total time: 0:02:36 (2.7890 s / it)
Averaged stats: lr: 0.000054  min_lr: 0.000054  loss: 0.0141 (0.0148)  weight_decay: 0.0500 (0.0500)  grad_norm: 0.0356 (0.0365)
Epoch: [72]  [ 0/56]  eta: 0:06:45  lr: 0.000054  min_lr: 0.000054  loss: 0.0146 (0.0146)  weight_decay: 0.0500 (0.0500)  grad_norm: 0.0350 (0.0350)  time: 7.2471  data: 5.0295  max mem: 36959
Epoch: [72]  [10/56]  eta: 0:02:22  lr: 0.000054  min_lr: 0.000054  loss: 0.0140 (0.0136)  weight_decay: 0.0500 (0.0500)  grad_norm: 0.0367 (0.0367)  time: 3.1069  data: 0.4575  max mem: 36959
Epoch: [72]  [20/56]  eta: 0:01:43  lr: 0.000054  min_lr: 0.000054  loss: 0.0140 (0.0140)  weight_decay: 0.0500 (0.0500)  grad_norm: 0.0357 (0.0367)  time: 2.6543  data: 0.0003  max mem: 36959
Epoch: [72]  [30/56]  eta: 0:01:13  lr: 0.000054  min_lr: 0.000054  loss: 0.0145 (0.0142)  weight_decay: 0.0500 (0.0500)  grad_norm: 0.0361 (0.0371)  time: 2.6559  data: 0.0003  max mem: 36959
Epoch: [72]  [40/56]  eta: 0:00:44  lr: 0.000055  min_lr: 0.000055  loss: 0.0142 (0.0142)  weight_decay: 0.0500 (0.0500)  grad_norm: 0.0378 (0.0373)  time: 2.6902  data: 0.0003  max mem: 36959
Epoch: [72]  [50/56]  eta: 0:00:16  lr: 0.000055  min_lr: 0.000055  loss: 0.0141 (0.0142)  weight_decay: 0.0500 (0.0500)  grad_norm: 0.0363 (0.0370)  time: 2.6495  data: 0.0003  max mem: 36959
Epoch: [72]  [55/56]  eta: 0:00:02  lr: 0.000055  min_lr: 0.000055  loss: 0.0140 (0.0142)  weight_decay: 0.0500 (0.0500)  grad_norm: 0.0359 (0.0370)  time: 2.6435  data: 0.0003  max mem: 36959
Epoch: [72] Total time: 0:02:34 (2.7568 s / it)
Averaged stats: lr: 0.000055  min_lr: 0.000055  loss: 0.0140 (0.0143)  weight_decay: 0.0500 (0.0500)  grad_norm: 0.0359 (0.0370)
Epoch: [73]  [ 0/56]  eta: 0:06:53  lr: 0.000055  min_lr: 0.000055  loss: 0.0137 (0.0137)  weight_decay: 0.0500 (0.0500)  grad_norm: 0.0367 (0.0367)  time: 7.3911  data: 5.0478  max mem: 36959
Epoch: [73]  [10/56]  eta: 0:02:25  lr: 0.000055  min_lr: 0.000055  loss: 0.0137 (0.0135)  weight_decay: 0.0500 (0.0500)  grad_norm: 0.0363 (0.0366)  time: 3.1553  data: 0.4592  max mem: 36959
Epoch: [73]  [20/56]  eta: 0:01:46  lr: 0.000055  min_lr: 0.000055  loss: 0.0138 (0.0139)  weight_decay: 0.0500 (0.0500)  grad_norm: 0.0363 (0.0373)  time: 2.7252  data: 0.0003  max mem: 36959
Epoch: [73]  [30/56]  eta: 0:01:13  lr: 0.000055  min_lr: 0.000055  loss: 0.0144 (0.0142)  weight_decay: 0.0500 (0.0500)  grad_norm: 0.0373 (0.0379)  time: 2.6657  data: 0.0002  max mem: 36959
Epoch: [73]  [40/56]  eta: 0:00:44  lr: 0.000055  min_lr: 0.000055  loss: 0.0144 (0.0141)  weight_decay: 0.0500 (0.0500)  grad_norm: 0.0369 (0.0376)  time: 2.6256  data: 0.0002  max mem: 36959
Epoch: [73]  [50/56]  eta: 0:00:16  lr: 0.000055  min_lr: 0.000055  loss: 0.0139 (0.0142)  weight_decay: 0.0500 (0.0500)  grad_norm: 0.0379 (0.0387)  time: 2.6126  data: 0.0002  max mem: 36959
Epoch: [73]  [55/56]  eta: 0:00:02  lr: 0.000055  min_lr: 0.000055  loss: 0.0138 (0.0141)  weight_decay: 0.0500 (0.0500)  grad_norm: 0.0372 (0.0387)  time: 2.6632  data: 0.0002  max mem: 36959
Epoch: [73] Total time: 0:02:34 (2.7666 s / it)
Averaged stats: lr: 0.000055  min_lr: 0.000055  loss: 0.0138 (0.0143)  weight_decay: 0.0500 (0.0500)  grad_norm: 0.0372 (0.0387)
Epoch: [74]  [ 0/56]  eta: 0:06:24  lr: 0.000056  min_lr: 0.000056  loss: 0.0154 (0.0154)  weight_decay: 0.0500 (0.0500)  grad_norm: 0.0442 (0.0442)  time: 6.8574  data: 4.6220  max mem: 36959
Epoch: [74]  [10/56]  eta: 0:02:22  lr: 0.000056  min_lr: 0.000056  loss: 0.0135 (0.0137)  weight_decay: 0.0500 (0.0500)  grad_norm: 0.0369 (0.0382)  time: 3.1059  data: 0.4204  max mem: 36959
Epoch: [74]  [20/56]  eta: 0:01:45  lr: 0.000056  min_lr: 0.000056  loss: 0.0135 (0.0138)  weight_decay: 0.0500 (0.0500)  grad_norm: 0.0367 (0.0374)  time: 2.7361  data: 0.0003  max mem: 36959
Epoch: [74]  [30/56]  eta: 0:01:13  lr: 0.000056  min_lr: 0.000056  loss: 0.0139 (0.0141)  weight_decay: 0.0500 (0.0500)  grad_norm: 0.0359 (0.0370)  time: 2.7031  data: 0.0002  max mem: 36959
Epoch: [74]  [40/56]  eta: 0:00:45  lr: 0.000056  min_lr: 0.000056  loss: 0.0143 (0.0141)  weight_decay: 0.0500 (0.0500)  grad_norm: 0.0376 (0.0377)  time: 2.7016  data: 0.0002  max mem: 36959
Epoch: [74]  [50/56]  eta: 0:00:16  lr: 0.000056  min_lr: 0.000056  loss: 0.0142 (0.0141)  weight_decay: 0.0500 (0.0500)  grad_norm: 0.0401 (0.0390)  time: 2.7278  data: 0.0002  max mem: 36959
Epoch: [74]  [55/56]  eta: 0:00:02  lr: 0.000056  min_lr: 0.000056  loss: 0.0142 (0.0141)  weight_decay: 0.0500 (0.0500)  grad_norm: 0.0401 (0.0391)  time: 2.7264  data: 0.0002  max mem: 36959
Epoch: [74] Total time: 0:02:36 (2.8029 s / it)
Averaged stats: lr: 0.000056  min_lr: 0.000056  loss: 0.0142 (0.0143)  weight_decay: 0.0500 (0.0500)  grad_norm: 0.0401 (0.0391)
Epoch: [75]  [ 0/56]  eta: 0:04:43  lr: 0.000056  min_lr: 0.000056  loss: 0.0154 (0.0154)  weight_decay: 0.0500 (0.0500)  grad_norm: 0.0574 (0.0574)  time: 5.0666  data: 2.9164  max mem: 36959
Epoch: [75]  [10/56]  eta: 0:02:11  lr: 0.000056  min_lr: 0.000056  loss: 0.0138 (0.0138)  weight_decay: 0.0500 (0.0500)  grad_norm: 0.0398 (0.0406)  time: 2.8645  data: 0.2654  max mem: 36959
Epoch: [75]  [20/56]  eta: 0:01:40  lr: 0.000057  min_lr: 0.000057  loss: 0.0143 (0.0143)  weight_decay: 0.0500 (0.0500)  grad_norm: 0.0382 (0.0394)  time: 2.6870  data: 0.0003  max mem: 36959
Epoch: [75]  [30/56]  eta: 0:01:11  lr: 0.000057  min_lr: 0.000057  loss: 0.0146 (0.0144)  weight_decay: 0.0500 (0.0500)  grad_norm: 0.0386 (0.0401)  time: 2.7069  data: 0.0003  max mem: 36959
Epoch: [75]  [40/56]  eta: 0:00:43  lr: 0.000057  min_lr: 0.000057  loss: 0.0144 (0.0144)  weight_decay: 0.0500 (0.0500)  grad_norm: 0.0396 (0.0408)  time: 2.6638  data: 0.0003  max mem: 36959
Epoch: [75]  [50/56]  eta: 0:00:16  lr: 0.000057  min_lr: 0.000057  loss: 0.0145 (0.0143)  weight_decay: 0.0500 (0.0500)  grad_norm: 0.0384 (0.0402)  time: 2.6299  data: 0.0003  max mem: 36959
Epoch: [75]  [55/56]  eta: 0:00:02  lr: 0.000057  min_lr: 0.000057  loss: 0.0141 (0.0143)  weight_decay: 0.0500 (0.0500)  grad_norm: 0.0374 (0.0401)  time: 2.6280  data: 0.0003  max mem: 36959
Epoch: [75] Total time: 0:02:32 (2.7243 s / it)
Averaged stats: lr: 0.000057  min_lr: 0.000057  loss: 0.0141 (0.0145)  weight_decay: 0.0500 (0.0500)  grad_norm: 0.0374 (0.0401)
[Eval]   [0/1]  eta: 0:00:04  loss: 0.0331 (0.0331)  time: 4.9897  data: 3.9905  max mem: 36959
[Eval]  Total time: 0:00:05 (5.7330 s / it)
Eval averaged stats: loss: 0.0331 (0.0375)
[Eval] Image metrics:  [0/1]  eta: 0:00:06    time: 6.2831  data: 3.3762  max mem: 36959
[Eval] Image metrics: Total time: 0:00:06 (6.6804 s / it)
[Eval]  Generation results: [Eval] MSE: 0.0000 (0.0000)  [Eval] MAE: 0.0000 (0.0000)  [Eval] PSNR: 47.0050 (47.0050)  [Eval] MS-SSIM: 0.9988 (0.9988)
Logged 9 eval images
Epoch: [76]  [ 0/56]  eta: 0:04:08  lr: 0.000057  min_lr: 0.000057  loss: 0.0149 (0.0149)  weight_decay: 0.0500 (0.0500)  grad_norm: 0.0388 (0.0388)  time: 4.4425  data: 3.2789  max mem: 36959
Epoch: [76]  [10/56]  eta: 0:02:10  lr: 0.000057  min_lr: 0.000057  loss: 0.0145 (0.0143)  weight_decay: 0.0500 (0.0500)  grad_norm: 0.0400 (0.0428)  time: 2.8423  data: 0.2984  max mem: 36959
Epoch: [76]  [20/56]  eta: 0:01:38  lr: 0.000057  min_lr: 0.000057  loss: 0.0144 (0.0147)  weight_decay: 0.0500 (0.0500)  grad_norm: 0.0400 (0.0424)  time: 2.6373  data: 0.0003  max mem: 36959
Epoch: [76]  [30/56]  eta: 0:01:10  lr: 0.000057  min_lr: 0.000057  loss: 0.0147 (0.0148)  weight_decay: 0.0500 (0.0500)  grad_norm: 0.0406 (0.0424)  time: 2.6177  data: 0.0002  max mem: 36959
Epoch: [76]  [40/56]  eta: 0:00:43  lr: 0.000058  min_lr: 0.000058  loss: 0.0146 (0.0147)  weight_decay: 0.0500 (0.0500)  grad_norm: 0.0414 (0.0420)  time: 2.6644  data: 0.0003  max mem: 36959
Epoch: [76]  [50/56]  eta: 0:00:16  lr: 0.000058  min_lr: 0.000058  loss: 0.0144 (0.0146)  weight_decay: 0.0500 (0.0500)  grad_norm: 0.0371 (0.0411)  time: 2.6887  data: 0.0003  max mem: 36959
Epoch: [76]  [55/56]  eta: 0:00:02  lr: 0.000058  min_lr: 0.000058  loss: 0.0146 (0.0146)  weight_decay: 0.0500 (0.0500)  grad_norm: 0.0370 (0.0407)  time: 2.6834  data: 0.0003  max mem: 36959
Epoch: [76] Total time: 0:02:31 (2.7082 s / it)
Averaged stats: lr: 0.000058  min_lr: 0.000058  loss: 0.0146 (0.0148)  weight_decay: 0.0500 (0.0500)  grad_norm: 0.0370 (0.0407)
Epoch: [77]  [ 0/56]  eta: 0:06:35  lr: 0.000058  min_lr: 0.000058  loss: 0.0153 (0.0153)  weight_decay: 0.0500 (0.0500)  grad_norm: 0.0364 (0.0364)  time: 7.0673  data: 4.9080  max mem: 36959
Epoch: [77]  [10/56]  eta: 0:02:22  lr: 0.000058  min_lr: 0.000058  loss: 0.0140 (0.0139)  weight_decay: 0.0500 (0.0500)  grad_norm: 0.0382 (0.0381)  time: 3.0973  data: 0.4489  max mem: 36959
Epoch: [77]  [20/56]  eta: 0:01:44  lr: 0.000058  min_lr: 0.000058  loss: 0.0142 (0.0143)  weight_decay: 0.0500 (0.0500)  grad_norm: 0.0377 (0.0374)  time: 2.6832  data: 0.0017  max mem: 36959
Epoch: [77]  [30/56]  eta: 0:01:13  lr: 0.000058  min_lr: 0.000058  loss: 0.0149 (0.0146)  weight_decay: 0.0500 (0.0500)  grad_norm: 0.0375 (0.0380)  time: 2.6592  data: 0.0003  max mem: 36959
Epoch: [77]  [40/56]  eta: 0:00:44  lr: 0.000058  min_lr: 0.000058  loss: 0.0155 (0.0147)  weight_decay: 0.0500 (0.0500)  grad_norm: 0.0416 (0.0401)  time: 2.6647  data: 0.0003  max mem: 36959
Epoch: [77]  [50/56]  eta: 0:00:16  lr: 0.000058  min_lr: 0.000058  loss: 0.0150 (0.0147)  weight_decay: 0.0500 (0.0500)  grad_norm: 0.0416 (0.0398)  time: 2.6606  data: 0.0002  max mem: 36959
Epoch: [77]  [55/56]  eta: 0:00:02  lr: 0.000058  min_lr: 0.000058  loss: 0.0143 (0.0146)  weight_decay: 0.0500 (0.0500)  grad_norm: 0.0367 (0.0393)  time: 2.6472  data: 0.0002  max mem: 36959
Epoch: [77] Total time: 0:02:34 (2.7602 s / it)
Averaged stats: lr: 0.000058  min_lr: 0.000058  loss: 0.0143 (0.0147)  weight_decay: 0.0500 (0.0500)  grad_norm: 0.0367 (0.0393)
Epoch: [78]  [ 0/56]  eta: 0:06:40  lr: 0.000059  min_lr: 0.000059  loss: 0.0150 (0.0150)  weight_decay: 0.0500 (0.0500)  grad_norm: 0.0337 (0.0337)  time: 7.1594  data: 4.9374  max mem: 36959
Epoch: [78]  [10/56]  eta: 0:02:20  lr: 0.000059  min_lr: 0.000059  loss: 0.0135 (0.0134)  weight_decay: 0.0500 (0.0500)  grad_norm: 0.0353 (0.0357)  time: 3.0526  data: 0.4492  max mem: 36959
Epoch: [78]  [20/56]  eta: 0:01:42  lr: 0.000059  min_lr: 0.000059  loss: 0.0136 (0.0139)  weight_decay: 0.0500 (0.0500)  grad_norm: 0.0356 (0.0361)  time: 2.6400  data: 0.0004  max mem: 36959
Epoch: [78]  [30/56]  eta: 0:01:12  lr: 0.000059  min_lr: 0.000059  loss: 0.0143 (0.0142)  weight_decay: 0.0500 (0.0500)  grad_norm: 0.0370 (0.0369)  time: 2.6251  data: 0.0004  max mem: 36959
Epoch: [78]  [40/56]  eta: 0:00:43  lr: 0.000059  min_lr: 0.000059  loss: 0.0149 (0.0144)  weight_decay: 0.0500 (0.0500)  grad_norm: 0.0410 (0.0390)  time: 2.6353  data: 0.0003  max mem: 36959
Epoch: [78]  [50/56]  eta: 0:00:16  lr: 0.000059  min_lr: 0.000059  loss: 0.0148 (0.0144)  weight_decay: 0.0500 (0.0500)  grad_norm: 0.0429 (0.0398)  time: 2.6549  data: 0.0003  max mem: 36959
Epoch: [78]  [55/56]  eta: 0:00:02  lr: 0.000059  min_lr: 0.000059  loss: 0.0146 (0.0144)  weight_decay: 0.0500 (0.0500)  grad_norm: 0.0395 (0.0395)  time: 2.6719  data: 0.0003  max mem: 36959
Epoch: [78] Total time: 0:02:33 (2.7427 s / it)
Averaged stats: lr: 0.000059  min_lr: 0.000059  loss: 0.0146 (0.0145)  weight_decay: 0.0500 (0.0500)  grad_norm: 0.0395 (0.0395)
Epoch: [79]  [ 0/56]  eta: 0:07:00  lr: 0.000059  min_lr: 0.000059  loss: 0.0143 (0.0143)  weight_decay: 0.0500 (0.0500)  grad_norm: 0.0358 (0.0358)  time: 7.5047  data: 5.2764  max mem: 36959
Epoch: [79]  [10/56]  eta: 0:02:24  lr: 0.000059  min_lr: 0.000059  loss: 0.0132 (0.0135)  weight_decay: 0.0500 (0.0500)  grad_norm: 0.0367 (0.0370)  time: 3.1485  data: 0.4800  max mem: 36959
Epoch: [79]  [20/56]  eta: 0:01:44  lr: 0.000060  min_lr: 0.000060  loss: 0.0140 (0.0140)  weight_decay: 0.0500 (0.0500)  grad_norm: 0.0365 (0.0373)  time: 2.6755  data: 0.0003  max mem: 36959
Epoch: [79]  [30/56]  eta: 0:01:13  lr: 0.000060  min_lr: 0.000060  loss: 0.0146 (0.0143)  weight_decay: 0.0500 (0.0500)  grad_norm: 0.0364 (0.0373)  time: 2.6517  data: 0.0003  max mem: 36959
Epoch: [79]  [40/56]  eta: 0:00:44  lr: 0.000060  min_lr: 0.000060  loss: 0.0148 (0.0145)  weight_decay: 0.0500 (0.0500)  grad_norm: 0.0380 (0.0393)  time: 2.6370  data: 0.0004  max mem: 36959
Epoch: [79]  [50/56]  eta: 0:00:16  lr: 0.000060  min_lr: 0.000060  loss: 0.0145 (0.0144)  weight_decay: 0.0500 (0.0500)  grad_norm: 0.0377 (0.0389)  time: 2.6005  data: 0.0004  max mem: 36959
Epoch: [79]  [55/56]  eta: 0:00:02  lr: 0.000060  min_lr: 0.000060  loss: 0.0137 (0.0143)  weight_decay: 0.0500 (0.0500)  grad_norm: 0.0368 (0.0385)  time: 2.6268  data: 0.0004  max mem: 36959
Epoch: [79] Total time: 0:02:34 (2.7536 s / it)
Averaged stats: lr: 0.000060  min_lr: 0.000060  loss: 0.0137 (0.0145)  weight_decay: 0.0500 (0.0500)  grad_norm: 0.0368 (0.0385)
Epoch: [80]  [ 0/56]  eta: 0:06:29  lr: 0.000060  min_lr: 0.000060  loss: 0.0152 (0.0152)  weight_decay: 0.0500 (0.0500)  grad_norm: 0.0381 (0.0381)  time: 6.9580  data: 4.6321  max mem: 36959
Epoch: [80]  [10/56]  eta: 0:02:20  lr: 0.000060  min_lr: 0.000060  loss: 0.0141 (0.0139)  weight_decay: 0.0500 (0.0500)  grad_norm: 0.0367 (0.0366)  time: 3.0474  data: 0.4215  max mem: 36959
Epoch: [80]  [20/56]  eta: 0:01:43  lr: 0.000060  min_lr: 0.000060  loss: 0.0140 (0.0142)  weight_decay: 0.0500 (0.0500)  grad_norm: 0.0367 (0.0367)  time: 2.6681  data: 0.0004  max mem: 36959
Epoch: [80]  [30/56]  eta: 0:01:12  lr: 0.000060  min_lr: 0.000060  loss: 0.0149 (0.0146)  weight_decay: 0.0500 (0.0500)  grad_norm: 0.0368 (0.0367)  time: 2.6730  data: 0.0003  max mem: 36959
Epoch: [80]  [40/56]  eta: 0:00:44  lr: 0.000061  min_lr: 0.000061  loss: 0.0151 (0.0146)  weight_decay: 0.0500 (0.0500)  grad_norm: 0.0370 (0.0376)  time: 2.6772  data: 0.0003  max mem: 36959
Epoch: [80]  [50/56]  eta: 0:00:16  lr: 0.000061  min_lr: 0.000061  loss: 0.0150 (0.0147)  weight_decay: 0.0500 (0.0500)  grad_norm: 0.0385 (0.0379)  time: 2.6779  data: 0.0002  max mem: 36959
Epoch: [80]  [55/56]  eta: 0:00:02  lr: 0.000061  min_lr: 0.000061  loss: 0.0142 (0.0146)  weight_decay: 0.0500 (0.0500)  grad_norm: 0.0366 (0.0377)  time: 2.6773  data: 0.0002  max mem: 36959
Epoch: [80] Total time: 0:02:34 (2.7600 s / it)
Averaged stats: lr: 0.000061  min_lr: 0.000061  loss: 0.0142 (0.0146)  weight_decay: 0.0500 (0.0500)  grad_norm: 0.0366 (0.0377)
Epoch: [81]  [ 0/56]  eta: 0:06:34  lr: 0.000061  min_lr: 0.000061  loss: 0.0141 (0.0141)  weight_decay: 0.0500 (0.0500)  grad_norm: 0.0365 (0.0365)  time: 7.0501  data: 4.9250  max mem: 36959
Epoch: [81]  [10/56]  eta: 0:02:20  lr: 0.000061  min_lr: 0.000061  loss: 0.0140 (0.0135)  weight_decay: 0.0500 (0.0500)  grad_norm: 0.0352 (0.0358)  time: 3.0628  data: 0.4481  max mem: 36959
Epoch: [81]  [20/56]  eta: 0:01:42  lr: 0.000061  min_lr: 0.000061  loss: 0.0142 (0.0143)  weight_decay: 0.0500 (0.0500)  grad_norm: 0.0363 (0.0366)  time: 2.6292  data: 0.0004  max mem: 36959
Epoch: [81]  [30/56]  eta: 0:01:12  lr: 0.000061  min_lr: 0.000061  loss: 0.0153 (0.0145)  weight_decay: 0.0500 (0.0500)  grad_norm: 0.0363 (0.0366)  time: 2.6352  data: 0.0003  max mem: 36959
Epoch: [81]  [40/56]  eta: 0:00:44  lr: 0.000061  min_lr: 0.000061  loss: 0.0148 (0.0145)  weight_decay: 0.0500 (0.0500)  grad_norm: 0.0362 (0.0369)  time: 2.6800  data: 0.0003  max mem: 36959
Epoch: [81]  [50/56]  eta: 0:00:16  lr: 0.000061  min_lr: 0.000061  loss: 0.0143 (0.0143)  weight_decay: 0.0500 (0.0500)  grad_norm: 0.0362 (0.0366)  time: 2.6839  data: 0.0002  max mem: 36959
Epoch: [81]  [55/56]  eta: 0:00:02  lr: 0.000061  min_lr: 0.000061  loss: 0.0139 (0.0143)  weight_decay: 0.0500 (0.0500)  grad_norm: 0.0357 (0.0366)  time: 2.6867  data: 0.0002  max mem: 36959
Epoch: [81] Total time: 0:02:34 (2.7639 s / it)
Averaged stats: lr: 0.000061  min_lr: 0.000061  loss: 0.0139 (0.0145)  weight_decay: 0.0500 (0.0500)  grad_norm: 0.0357 (0.0366)
Epoch: [82]  [ 0/56]  eta: 0:07:03  lr: 0.000062  min_lr: 0.000062  loss: 0.0142 (0.0142)  weight_decay: 0.0500 (0.0500)  grad_norm: 0.0367 (0.0367)  time: 7.5585  data: 5.2199  max mem: 36959
Epoch: [82]  [10/56]  eta: 0:02:24  lr: 0.000062  min_lr: 0.000062  loss: 0.0139 (0.0142)  weight_decay: 0.0500 (0.0500)  grad_norm: 0.0367 (0.0366)  time: 3.1325  data: 0.4748  max mem: 36959
Epoch: [82]  [20/56]  eta: 0:01:46  lr: 0.000062  min_lr: 0.000062  loss: 0.0143 (0.0144)  weight_decay: 0.0500 (0.0500)  grad_norm: 0.0373 (0.0372)  time: 2.7411  data: 0.0003  max mem: 36959
Epoch: [82]  [30/56]  eta: 0:01:14  lr: 0.000062  min_lr: 0.000062  loss: 0.0145 (0.0145)  weight_decay: 0.0500 (0.0500)  grad_norm: 0.0373 (0.0373)  time: 2.7431  data: 0.0003  max mem: 36959
Epoch: [82]  [40/56]  eta: 0:00:45  lr: 0.000062  min_lr: 0.000062  loss: 0.0144 (0.0143)  weight_decay: 0.0500 (0.0500)  grad_norm: 0.0368 (0.0374)  time: 2.7436  data: 0.0003  max mem: 36959
Epoch: [82]  [50/56]  eta: 0:00:16  lr: 0.000062  min_lr: 0.000062  loss: 0.0137 (0.0143)  weight_decay: 0.0500 (0.0500)  grad_norm: 0.0380 (0.0377)  time: 2.7375  data: 0.0003  max mem: 36959
Epoch: [82]  [55/56]  eta: 0:00:02  lr: 0.000062  min_lr: 0.000062  loss: 0.0136 (0.0142)  weight_decay: 0.0500 (0.0500)  grad_norm: 0.0379 (0.0376)  time: 2.7164  data: 0.0003  max mem: 36959
Epoch: [82] Total time: 0:02:38 (2.8305 s / it)
Averaged stats: lr: 0.000062  min_lr: 0.000062  loss: 0.0136 (0.0142)  weight_decay: 0.0500 (0.0500)  grad_norm: 0.0379 (0.0376)
Epoch: [83]  [ 0/56]  eta: 0:06:58  lr: 0.000062  min_lr: 0.000062  loss: 0.0151 (0.0151)  weight_decay: 0.0500 (0.0500)  grad_norm: 0.0360 (0.0360)  time: 7.4732  data: 5.1464  max mem: 36959
Epoch: [83]  [10/56]  eta: 0:02:22  lr: 0.000062  min_lr: 0.000062  loss: 0.0137 (0.0135)  weight_decay: 0.0500 (0.0500)  grad_norm: 0.0358 (0.0360)  time: 3.1023  data: 0.4681  max mem: 36959
Epoch: [83]  [20/56]  eta: 0:01:46  lr: 0.000063  min_lr: 0.000063  loss: 0.0137 (0.0139)  weight_decay: 0.0500 (0.0500)  grad_norm: 0.0360 (0.0364)  time: 2.7465  data: 0.0003  max mem: 36959
Epoch: [83]  [30/56]  eta: 0:01:15  lr: 0.000063  min_lr: 0.000063  loss: 0.0143 (0.0143)  weight_decay: 0.0500 (0.0500)  grad_norm: 0.0377 (0.0374)  time: 2.7711  data: 0.0003  max mem: 36959
Epoch: [83]  [40/56]  eta: 0:00:45  lr: 0.000063  min_lr: 0.000063  loss: 0.0143 (0.0142)  weight_decay: 0.0500 (0.0500)  grad_norm: 0.0391 (0.0379)  time: 2.7093  data: 0.0005  max mem: 36959
Epoch: [83]  [50/56]  eta: 0:00:16  lr: 0.000063  min_lr: 0.000063  loss: 0.0136 (0.0141)  weight_decay: 0.0500 (0.0500)  grad_norm: 0.0365 (0.0377)  time: 2.7171  data: 0.0005  max mem: 36959
Epoch: [83]  [55/56]  eta: 0:00:02  lr: 0.000063  min_lr: 0.000063  loss: 0.0133 (0.0140)  weight_decay: 0.0500 (0.0500)  grad_norm: 0.0364 (0.0376)  time: 2.7598  data: 0.0004  max mem: 36959
Epoch: [83] Total time: 0:02:39 (2.8449 s / it)
Averaged stats: lr: 0.000063  min_lr: 0.000063  loss: 0.0133 (0.0141)  weight_decay: 0.0500 (0.0500)  grad_norm: 0.0364 (0.0376)
Epoch: [84]  [ 0/56]  eta: 0:06:45  lr: 0.000063  min_lr: 0.000063  loss: 0.0156 (0.0156)  weight_decay: 0.0500 (0.0500)  grad_norm: 0.0393 (0.0393)  time: 7.2435  data: 4.9596  max mem: 36959
Epoch: [84]  [10/56]  eta: 0:02:26  lr: 0.000063  min_lr: 0.000063  loss: 0.0133 (0.0136)  weight_decay: 0.0500 (0.0500)  grad_norm: 0.0367 (0.0372)  time: 3.1908  data: 0.4511  max mem: 36959
Epoch: [84]  [20/56]  eta: 0:01:47  lr: 0.000063  min_lr: 0.000063  loss: 0.0138 (0.0139)  weight_decay: 0.0500 (0.0500)  grad_norm: 0.0368 (0.0370)  time: 2.7742  data: 0.0002  max mem: 36959
Epoch: [84]  [30/56]  eta: 0:01:15  lr: 0.000063  min_lr: 0.000063  loss: 0.0146 (0.0142)  weight_decay: 0.0500 (0.0500)  grad_norm: 0.0372 (0.0376)  time: 2.7446  data: 0.0003  max mem: 36959
Epoch: [84]  [40/56]  eta: 0:00:45  lr: 0.000064  min_lr: 0.000064  loss: 0.0148 (0.0143)  weight_decay: 0.0500 (0.0500)  grad_norm: 0.0396 (0.0381)  time: 2.7257  data: 0.0003  max mem: 36959
Epoch: [84]  [50/56]  eta: 0:00:16  lr: 0.000064  min_lr: 0.000064  loss: 0.0145 (0.0143)  weight_decay: 0.0500 (0.0500)  grad_norm: 0.0400 (0.0388)  time: 2.6915  data: 0.0003  max mem: 36959
Epoch: [84]  [55/56]  eta: 0:00:02  lr: 0.000064  min_lr: 0.000064  loss: 0.0141 (0.0143)  weight_decay: 0.0500 (0.0500)  grad_norm: 0.0390 (0.0384)  time: 2.6908  data: 0.0002  max mem: 36959
Epoch: [84] Total time: 0:02:38 (2.8286 s / it)
Averaged stats: lr: 0.000064  min_lr: 0.000064  loss: 0.0141 (0.0143)  weight_decay: 0.0500 (0.0500)  grad_norm: 0.0390 (0.0384)
Epoch: [85]  [ 0/56]  eta: 0:06:59  lr: 0.000064  min_lr: 0.000064  loss: 0.0148 (0.0148)  weight_decay: 0.0500 (0.0500)  grad_norm: 0.0386 (0.0386)  time: 7.4886  data: 5.1349  max mem: 36959
Epoch: [85]  [10/56]  eta: 0:02:22  lr: 0.000064  min_lr: 0.000064  loss: 0.0136 (0.0134)  weight_decay: 0.0500 (0.0500)  grad_norm: 0.0364 (0.0366)  time: 3.1083  data: 0.4670  max mem: 36959
Epoch: [85]  [20/56]  eta: 0:01:45  lr: 0.000064  min_lr: 0.000064  loss: 0.0137 (0.0138)  weight_decay: 0.0500 (0.0500)  grad_norm: 0.0368 (0.0371)  time: 2.6997  data: 0.0003  max mem: 36959
Epoch: [85]  [30/56]  eta: 0:01:13  lr: 0.000064  min_lr: 0.000064  loss: 0.0141 (0.0140)  weight_decay: 0.0500 (0.0500)  grad_norm: 0.0376 (0.0374)  time: 2.7005  data: 0.0003  max mem: 36959
Epoch: [85]  [40/56]  eta: 0:00:44  lr: 0.000064  min_lr: 0.000064  loss: 0.0140 (0.0140)  weight_decay: 0.0500 (0.0500)  grad_norm: 0.0370 (0.0373)  time: 2.6582  data: 0.0003  max mem: 36959
Epoch: [85]  [50/56]  eta: 0:00:16  lr: 0.000064  min_lr: 0.000064  loss: 0.0138 (0.0140)  weight_decay: 0.0500 (0.0500)  grad_norm: 0.0370 (0.0377)  time: 2.6364  data: 0.0003  max mem: 36959
Epoch: [85]  [55/56]  eta: 0:00:02  lr: 0.000064  min_lr: 0.000064  loss: 0.0133 (0.0139)  weight_decay: 0.0500 (0.0500)  grad_norm: 0.0364 (0.0374)  time: 2.6334  data: 0.0003  max mem: 36959
Epoch: [85] Total time: 0:02:35 (2.7716 s / it)
Averaged stats: lr: 0.000064  min_lr: 0.000064  loss: 0.0133 (0.0142)  weight_decay: 0.0500 (0.0500)  grad_norm: 0.0364 (0.0374)
Epoch: [86]  [ 0/56]  eta: 0:06:45  lr: 0.000065  min_lr: 0.000065  loss: 0.0143 (0.0143)  weight_decay: 0.0500 (0.0500)  grad_norm: 0.0386 (0.0386)  time: 7.2385  data: 4.8536  max mem: 36959
Epoch: [86]  [10/56]  eta: 0:02:21  lr: 0.000065  min_lr: 0.000065  loss: 0.0134 (0.0130)  weight_decay: 0.0500 (0.0500)  grad_norm: 0.0366 (0.0370)  time: 3.0699  data: 0.4415  max mem: 36959
Epoch: [86]  [20/56]  eta: 0:01:44  lr: 0.000065  min_lr: 0.000065  loss: 0.0135 (0.0137)  weight_decay: 0.0500 (0.0500)  grad_norm: 0.0384 (0.0400)  time: 2.6950  data: 0.0003  max mem: 36959
Epoch: [86]  [30/56]  eta: 0:01:14  lr: 0.000065  min_lr: 0.000065  loss: 0.0144 (0.0138)  weight_decay: 0.0500 (0.0500)  grad_norm: 0.0375 (0.0389)  time: 2.7262  data: 0.0003  max mem: 36959
Epoch: [86]  [40/56]  eta: 0:00:44  lr: 0.000065  min_lr: 0.000065  loss: 0.0135 (0.0138)  weight_decay: 0.0500 (0.0500)  grad_norm: 0.0359 (0.0382)  time: 2.7054  data: 0.0004  max mem: 36959
Epoch: [86]  [50/56]  eta: 0:00:16  lr: 0.000065  min_lr: 0.000065  loss: 0.0135 (0.0138)  weight_decay: 0.0500 (0.0500)  grad_norm: 0.0365 (0.0388)  time: 2.7166  data: 0.0004  max mem: 36959
Epoch: [86]  [55/56]  eta: 0:00:02  lr: 0.000065  min_lr: 0.000065  loss: 0.0135 (0.0138)  weight_decay: 0.0500 (0.0500)  grad_norm: 0.0372 (0.0385)  time: 2.7233  data: 0.0004  max mem: 36959
Epoch: [86] Total time: 0:02:37 (2.8105 s / it)
Averaged stats: lr: 0.000065  min_lr: 0.000065  loss: 0.0135 (0.0138)  weight_decay: 0.0500 (0.0500)  grad_norm: 0.0372 (0.0385)
Epoch: [87]  [ 0/56]  eta: 0:06:57  lr: 0.000065  min_lr: 0.000065  loss: 0.0152 (0.0152)  weight_decay: 0.0500 (0.0500)  grad_norm: 0.0377 (0.0377)  time: 7.4560  data: 5.2185  max mem: 36959
Epoch: [87]  [10/56]  eta: 0:02:26  lr: 0.000065  min_lr: 0.000065  loss: 0.0130 (0.0129)  weight_decay: 0.0500 (0.0500)  grad_norm: 0.0367 (0.0371)  time: 3.1910  data: 0.4747  max mem: 36959
Epoch: [87]  [20/56]  eta: 0:01:46  lr: 0.000066  min_lr: 0.000066  loss: 0.0135 (0.0135)  weight_decay: 0.0500 (0.0500)  grad_norm: 0.0384 (0.0400)  time: 2.7229  data: 0.0003  max mem: 36959
Epoch: [87]  [30/56]  eta: 0:01:14  lr: 0.000066  min_lr: 0.000066  loss: 0.0144 (0.0140)  weight_decay: 0.0500 (0.0500)  grad_norm: 0.0408 (0.0406)  time: 2.6643  data: 0.0003  max mem: 36959
Epoch: [87]  [40/56]  eta: 0:00:44  lr: 0.000066  min_lr: 0.000066  loss: 0.0140 (0.0139)  weight_decay: 0.0500 (0.0500)  grad_norm: 0.0420 (0.0409)  time: 2.6338  data: 0.0003  max mem: 36959
Epoch: [87]  [50/56]  eta: 0:00:16  lr: 0.000066  min_lr: 0.000066  loss: 0.0138 (0.0140)  weight_decay: 0.0500 (0.0500)  grad_norm: 0.0423 (0.0417)  time: 2.6277  data: 0.0002  max mem: 36959
Epoch: [87]  [55/56]  eta: 0:00:02  lr: 0.000066  min_lr: 0.000066  loss: 0.0138 (0.0139)  weight_decay: 0.0500 (0.0500)  grad_norm: 0.0389 (0.0411)  time: 2.6538  data: 0.0002  max mem: 36959
Epoch: [87] Total time: 0:02:35 (2.7793 s / it)
Averaged stats: lr: 0.000066  min_lr: 0.000066  loss: 0.0138 (0.0141)  weight_decay: 0.0500 (0.0500)  grad_norm: 0.0389 (0.0411)
Epoch: [88]  [ 0/56]  eta: 0:06:55  lr: 0.000066  min_lr: 0.000066  loss: 0.0142 (0.0142)  weight_decay: 0.0500 (0.0500)  grad_norm: 0.0392 (0.0392)  time: 7.4120  data: 5.1465  max mem: 36959
Epoch: [88]  [10/56]  eta: 0:02:24  lr: 0.000066  min_lr: 0.000066  loss: 0.0137 (0.0133)  weight_decay: 0.0500 (0.0500)  grad_norm: 0.0392 (0.0390)  time: 3.1391  data: 0.4682  max mem: 36959
Epoch: [88]  [20/56]  eta: 0:01:45  lr: 0.000066  min_lr: 0.000066  loss: 0.0139 (0.0139)  weight_decay: 0.0500 (0.0500)  grad_norm: 0.0402 (0.0411)  time: 2.7154  data: 0.0004  max mem: 36959
Epoch: [88]  [30/56]  eta: 0:01:14  lr: 0.000066  min_lr: 0.000066  loss: 0.0143 (0.0141)  weight_decay: 0.0500 (0.0500)  grad_norm: 0.0410 (0.0406)  time: 2.7271  data: 0.0003  max mem: 36959
Epoch: [88]  [40/56]  eta: 0:00:45  lr: 0.000067  min_lr: 0.000067  loss: 0.0144 (0.0142)  weight_decay: 0.0500 (0.0500)  grad_norm: 0.0411 (0.0412)  time: 2.7444  data: 0.0003  max mem: 36959
Epoch: [88]  [50/56]  eta: 0:00:16  lr: 0.000067  min_lr: 0.000067  loss: 0.0146 (0.0143)  weight_decay: 0.0500 (0.0500)  grad_norm: 0.0425 (0.0421)  time: 2.7552  data: 0.0002  max mem: 36959
Epoch: [88]  [55/56]  eta: 0:00:02  lr: 0.000067  min_lr: 0.000067  loss: 0.0146 (0.0143)  weight_decay: 0.0500 (0.0500)  grad_norm: 0.0416 (0.0419)  time: 2.7582  data: 0.0002  max mem: 36959
Epoch: [88] Total time: 0:02:38 (2.8357 s / it)
Averaged stats: lr: 0.000067  min_lr: 0.000067  loss: 0.0146 (0.0144)  weight_decay: 0.0500 (0.0500)  grad_norm: 0.0416 (0.0419)
Epoch: [89]  [ 0/56]  eta: 0:06:50  lr: 0.000067  min_lr: 0.000067  loss: 0.0144 (0.0144)  weight_decay: 0.0500 (0.0500)  grad_norm: 0.0354 (0.0354)  time: 7.3276  data: 4.9284  max mem: 36959
Epoch: [89]  [10/56]  eta: 0:02:24  lr: 0.000067  min_lr: 0.000067  loss: 0.0139 (0.0135)  weight_decay: 0.0500 (0.0500)  grad_norm: 0.0367 (0.0373)  time: 3.1517  data: 0.4486  max mem: 36959
Epoch: [89]  [20/56]  eta: 0:01:45  lr: 0.000067  min_lr: 0.000067  loss: 0.0140 (0.0139)  weight_decay: 0.0500 (0.0500)  grad_norm: 0.0367 (0.0372)  time: 2.7032  data: 0.0004  max mem: 36959
Epoch: [89]  [30/56]  eta: 0:01:14  lr: 0.000067  min_lr: 0.000067  loss: 0.0143 (0.0140)  weight_decay: 0.0500 (0.0500)  grad_norm: 0.0368 (0.0371)  time: 2.6798  data: 0.0002  max mem: 36959
Epoch: [89]  [40/56]  eta: 0:00:44  lr: 0.000067  min_lr: 0.000067  loss: 0.0143 (0.0141)  weight_decay: 0.0500 (0.0500)  grad_norm: 0.0378 (0.0387)  time: 2.6691  data: 0.0003  max mem: 36959
Epoch: [89]  [50/56]  eta: 0:00:16  lr: 0.000067  min_lr: 0.000067  loss: 0.0148 (0.0144)  weight_decay: 0.0500 (0.0500)  grad_norm: 0.0434 (0.0394)  time: 2.6376  data: 0.0003  max mem: 36959
Epoch: [89]  [55/56]  eta: 0:00:02  lr: 0.000067  min_lr: 0.000067  loss: 0.0147 (0.0144)  weight_decay: 0.0500 (0.0500)  grad_norm: 0.0406 (0.0393)  time: 2.6316  data: 0.0003  max mem: 36959
Epoch: [89] Total time: 0:02:35 (2.7732 s / it)
Averaged stats: lr: 0.000067  min_lr: 0.000067  loss: 0.0147 (0.0145)  weight_decay: 0.0500 (0.0500)  grad_norm: 0.0406 (0.0393)
Epoch: [90]  [ 0/56]  eta: 0:06:31  lr: 0.000068  min_lr: 0.000068  loss: 0.0145 (0.0145)  weight_decay: 0.0500 (0.0500)  grad_norm: 0.0393 (0.0393)  time: 6.9941  data: 4.7988  max mem: 36959
Epoch: [90]  [10/56]  eta: 0:02:24  lr: 0.000068  min_lr: 0.000068  loss: 0.0140 (0.0137)  weight_decay: 0.0500 (0.0500)  grad_norm: 0.0376 (0.0383)  time: 3.1332  data: 0.4366  max mem: 36959
Epoch: [90]  [20/56]  eta: 0:01:44  lr: 0.000068  min_lr: 0.000068  loss: 0.0140 (0.0141)  weight_decay: 0.0500 (0.0500)  grad_norm: 0.0376 (0.0380)  time: 2.7069  data: 0.0003  max mem: 36959
Epoch: [90]  [30/56]  eta: 0:01:13  lr: 0.000068  min_lr: 0.000068  loss: 0.0146 (0.0142)  weight_decay: 0.0500 (0.0500)  grad_norm: 0.0363 (0.0375)  time: 2.6691  data: 0.0003  max mem: 36959
Epoch: [90]  [40/56]  eta: 0:00:44  lr: 0.000068  min_lr: 0.000068  loss: 0.0144 (0.0142)  weight_decay: 0.0500 (0.0500)  grad_norm: 0.0366 (0.0378)  time: 2.6591  data: 0.0003  max mem: 36959
Epoch: [90]  [50/56]  eta: 0:00:16  lr: 0.000068  min_lr: 0.000068  loss: 0.0146 (0.0144)  weight_decay: 0.0500 (0.0500)  grad_norm: 0.0388 (0.0387)  time: 2.6489  data: 0.0003  max mem: 36959
Epoch: [90]  [55/56]  eta: 0:00:02  lr: 0.000068  min_lr: 0.000068  loss: 0.0146 (0.0143)  weight_decay: 0.0500 (0.0500)  grad_norm: 0.0397 (0.0386)  time: 2.6478  data: 0.0003  max mem: 36959
Epoch: [90] Total time: 0:02:34 (2.7585 s / it)
Averaged stats: lr: 0.000068  min_lr: 0.000068  loss: 0.0146 (0.0145)  weight_decay: 0.0500 (0.0500)  grad_norm: 0.0397 (0.0386)
Epoch: [91]  [ 0/56]  eta: 0:06:59  lr: 0.000068  min_lr: 0.000068  loss: 0.0149 (0.0149)  weight_decay: 0.0500 (0.0500)  grad_norm: 0.0379 (0.0379)  time: 7.4950  data: 5.0945  max mem: 36959
Epoch: [91]  [10/56]  eta: 0:02:23  lr: 0.000068  min_lr: 0.000068  loss: 0.0136 (0.0134)  weight_decay: 0.0500 (0.0500)  grad_norm: 0.0383 (0.0383)  time: 3.1298  data: 0.4634  max mem: 36959
Epoch: [91]  [20/56]  eta: 0:01:43  lr: 0.000069  min_lr: 0.000069  loss: 0.0136 (0.0138)  weight_decay: 0.0500 (0.0500)  grad_norm: 0.0382 (0.0382)  time: 2.6469  data: 0.0003  max mem: 36959
Epoch: [91]  [30/56]  eta: 0:01:13  lr: 0.000069  min_lr: 0.000069  loss: 0.0141 (0.0140)  weight_decay: 0.0500 (0.0500)  grad_norm: 0.0359 (0.0374)  time: 2.6454  data: 0.0003  max mem: 36959
Epoch: [91]  [40/56]  eta: 0:00:44  lr: 0.000069  min_lr: 0.000069  loss: 0.0141 (0.0139)  weight_decay: 0.0500 (0.0500)  grad_norm: 0.0358 (0.0371)  time: 2.6628  data: 0.0002  max mem: 36959
Epoch: [91]  [50/56]  eta: 0:00:16  lr: 0.000069  min_lr: 0.000069  loss: 0.0144 (0.0140)  weight_decay: 0.0500 (0.0500)  grad_norm: 0.0362 (0.0372)  time: 2.6324  data: 0.0003  max mem: 36959
Epoch: [91]  [55/56]  eta: 0:00:02  lr: 0.000069  min_lr: 0.000069  loss: 0.0142 (0.0140)  weight_decay: 0.0500 (0.0500)  grad_norm: 0.0361 (0.0371)  time: 2.6310  data: 0.0002  max mem: 36959
Epoch: [91] Total time: 0:02:34 (2.7590 s / it)
Averaged stats: lr: 0.000069  min_lr: 0.000069  loss: 0.0142 (0.0142)  weight_decay: 0.0500 (0.0500)  grad_norm: 0.0361 (0.0371)
Epoch: [92]  [ 0/56]  eta: 0:06:51  lr: 0.000069  min_lr: 0.000069  loss: 0.0149 (0.0149)  weight_decay: 0.0500 (0.0500)  grad_norm: 0.0406 (0.0406)  time: 7.3550  data: 4.2204  max mem: 36959
Epoch: [92]  [10/56]  eta: 0:02:22  lr: 0.000069  min_lr: 0.000069  loss: 0.0141 (0.0138)  weight_decay: 0.0500 (0.0500)  grad_norm: 0.0391 (0.0398)  time: 3.0934  data: 0.3839  max mem: 36959
Epoch: [92]  [20/56]  eta: 0:01:43  lr: 0.000069  min_lr: 0.000069  loss: 0.0142 (0.0142)  weight_decay: 0.0500 (0.0500)  grad_norm: 0.0388 (0.0402)  time: 2.6572  data: 0.0003  max mem: 36959
Epoch: [92]  [30/56]  eta: 0:01:13  lr: 0.000069  min_lr: 0.000069  loss: 0.0149 (0.0142)  weight_decay: 0.0500 (0.0500)  grad_norm: 0.0381 (0.0393)  time: 2.6696  data: 0.0003  max mem: 36959
Epoch: [92]  [40/56]  eta: 0:00:44  lr: 0.000070  min_lr: 0.000070  loss: 0.0139 (0.0141)  weight_decay: 0.0500 (0.0500)  grad_norm: 0.0360 (0.0385)  time: 2.6930  data: 0.0003  max mem: 36959
Epoch: [92]  [50/56]  eta: 0:00:16  lr: 0.000070  min_lr: 0.000070  loss: 0.0141 (0.0141)  weight_decay: 0.0500 (0.0500)  grad_norm: 0.0363 (0.0384)  time: 2.6987  data: 0.0003  max mem: 36959
Epoch: [92]  [55/56]  eta: 0:00:02  lr: 0.000070  min_lr: 0.000070  loss: 0.0141 (0.0141)  weight_decay: 0.0500 (0.0500)  grad_norm: 0.0362 (0.0381)  time: 2.6864  data: 0.0003  max mem: 36959
Epoch: [92] Total time: 0:02:35 (2.7809 s / it)
Averaged stats: lr: 0.000070  min_lr: 0.000070  loss: 0.0141 (0.0142)  weight_decay: 0.0500 (0.0500)  grad_norm: 0.0362 (0.0381)
Epoch: [93]  [ 0/56]  eta: 0:07:06  lr: 0.000070  min_lr: 0.000070  loss: 0.0142 (0.0142)  weight_decay: 0.0500 (0.0500)  grad_norm: 0.0372 (0.0372)  time: 7.6126  data: 5.1478  max mem: 36959
Epoch: [93]  [10/56]  eta: 0:02:25  lr: 0.000070  min_lr: 0.000070  loss: 0.0132 (0.0133)  weight_decay: 0.0500 (0.0500)  grad_norm: 0.0368 (0.0364)  time: 3.1532  data: 0.4683  max mem: 36959
Epoch: [93]  [20/56]  eta: 0:01:46  lr: 0.000070  min_lr: 0.000070  loss: 0.0135 (0.0138)  weight_decay: 0.0500 (0.0500)  grad_norm: 0.0368 (0.0374)  time: 2.7283  data: 0.0004  max mem: 36959
Epoch: [93]  [30/56]  eta: 0:01:14  lr: 0.000070  min_lr: 0.000070  loss: 0.0146 (0.0140)  weight_decay: 0.0500 (0.0500)  grad_norm: 0.0372 (0.0372)  time: 2.7140  data: 0.0004  max mem: 36959
Epoch: [93]  [40/56]  eta: 0:00:45  lr: 0.000070  min_lr: 0.000070  loss: 0.0139 (0.0139)  weight_decay: 0.0500 (0.0500)  grad_norm: 0.0367 (0.0372)  time: 2.6980  data: 0.0002  max mem: 36959
Epoch: [93]  [50/56]  eta: 0:00:16  lr: 0.000070  min_lr: 0.000070  loss: 0.0133 (0.0139)  weight_decay: 0.0500 (0.0500)  grad_norm: 0.0361 (0.0371)  time: 2.7082  data: 0.0002  max mem: 36959
Epoch: [93]  [55/56]  eta: 0:00:02  lr: 0.000070  min_lr: 0.000070  loss: 0.0133 (0.0138)  weight_decay: 0.0500 (0.0500)  grad_norm: 0.0358 (0.0370)  time: 2.7076  data: 0.0002  max mem: 36959
Epoch: [93] Total time: 0:02:37 (2.8150 s / it)
Averaged stats: lr: 0.000070  min_lr: 0.000070  loss: 0.0133 (0.0140)  weight_decay: 0.0500 (0.0500)  grad_norm: 0.0358 (0.0370)
Epoch: [94]  [ 0/56]  eta: 0:06:45  lr: 0.000071  min_lr: 0.000071  loss: 0.0142 (0.0142)  weight_decay: 0.0500 (0.0500)  grad_norm: 0.0370 (0.0370)  time: 7.2424  data: 4.8078  max mem: 36959
Epoch: [94]  [10/56]  eta: 0:02:24  lr: 0.000071  min_lr: 0.000071  loss: 0.0131 (0.0131)  weight_decay: 0.0500 (0.0500)  grad_norm: 0.0368 (0.0369)  time: 3.1342  data: 0.4374  max mem: 36959
Epoch: [94]  [20/56]  eta: 0:01:45  lr: 0.000071  min_lr: 0.000071  loss: 0.0139 (0.0137)  weight_decay: 0.0500 (0.0500)  grad_norm: 0.0367 (0.0373)  time: 2.7279  data: 0.0003  max mem: 36959
Epoch: [94]  [30/56]  eta: 0:01:14  lr: 0.000071  min_lr: 0.000071  loss: 0.0140 (0.0137)  weight_decay: 0.0500 (0.0500)  grad_norm: 0.0362 (0.0369)  time: 2.7417  data: 0.0002  max mem: 36959
Epoch: [94]  [40/56]  eta: 0:00:45  lr: 0.000071  min_lr: 0.000071  loss: 0.0136 (0.0136)  weight_decay: 0.0500 (0.0500)  grad_norm: 0.0359 (0.0367)  time: 2.7097  data: 0.0003  max mem: 36959
Epoch: [94]  [50/56]  eta: 0:00:16  lr: 0.000071  min_lr: 0.000071  loss: 0.0137 (0.0136)  weight_decay: 0.0500 (0.0500)  grad_norm: 0.0365 (0.0367)  time: 2.6829  data: 0.0003  max mem: 36959
Epoch: [94]  [55/56]  eta: 0:00:02  lr: 0.000071  min_lr: 0.000071  loss: 0.0137 (0.0136)  weight_decay: 0.0500 (0.0500)  grad_norm: 0.0363 (0.0366)  time: 2.6772  data: 0.0003  max mem: 36959
Epoch: [94] Total time: 0:02:37 (2.8139 s / it)
Averaged stats: lr: 0.000071  min_lr: 0.000071  loss: 0.0137 (0.0137)  weight_decay: 0.0500 (0.0500)  grad_norm: 0.0363 (0.0366)
Epoch: [95]  [ 0/56]  eta: 0:06:40  lr: 0.000071  min_lr: 0.000071  loss: 0.0134 (0.0134)  weight_decay: 0.0500 (0.0500)  grad_norm: 0.0378 (0.0378)  time: 7.1464  data: 5.0061  max mem: 36959
Epoch: [95]  [10/56]  eta: 0:02:20  lr: 0.000071  min_lr: 0.000071  loss: 0.0129 (0.0127)  weight_decay: 0.0500 (0.0500)  grad_norm: 0.0362 (0.0365)  time: 3.0597  data: 0.4554  max mem: 36959
Epoch: [95]  [20/56]  eta: 0:01:44  lr: 0.000072  min_lr: 0.000072  loss: 0.0129 (0.0130)  weight_decay: 0.0500 (0.0500)  grad_norm: 0.0362 (0.0367)  time: 2.6957  data: 0.0003  max mem: 36959
Epoch: [95]  [30/56]  eta: 0:01:14  lr: 0.000072  min_lr: 0.000072  loss: 0.0130 (0.0131)  weight_decay: 0.0500 (0.0500)  grad_norm: 0.0363 (0.0366)  time: 2.7364  data: 0.0003  max mem: 36959
Epoch: [95]  [40/56]  eta: 0:00:45  lr: 0.000072  min_lr: 0.000072  loss: 0.0132 (0.0131)  weight_decay: 0.0500 (0.0500)  grad_norm: 0.0368 (0.0373)  time: 2.7473  data: 0.0003  max mem: 36959
Epoch: [95]  [50/56]  eta: 0:00:16  lr: 0.000072  min_lr: 0.000072  loss: 0.0130 (0.0132)  weight_decay: 0.0500 (0.0500)  grad_norm: 0.0372 (0.0372)  time: 2.7407  data: 0.0003  max mem: 36959
Epoch: [95]  [55/56]  eta: 0:00:02  lr: 0.000072  min_lr: 0.000072  loss: 0.0129 (0.0132)  weight_decay: 0.0500 (0.0500)  grad_norm: 0.0366 (0.0371)  time: 2.7542  data: 0.0003  max mem: 36959
Epoch: [95] Total time: 0:02:38 (2.8269 s / it)
Averaged stats: lr: 0.000072  min_lr: 0.000072  loss: 0.0129 (0.0134)  weight_decay: 0.0500 (0.0500)  grad_norm: 0.0366 (0.0371)
Epoch: [96]  [ 0/56]  eta: 0:06:54  lr: 0.000072  min_lr: 0.000072  loss: 0.0144 (0.0144)  weight_decay: 0.0500 (0.0500)  grad_norm: 0.0360 (0.0360)  time: 7.3949  data: 4.9149  max mem: 36959
Epoch: [96]  [10/56]  eta: 0:02:23  lr: 0.000072  min_lr: 0.000072  loss: 0.0128 (0.0126)  weight_decay: 0.0500 (0.0500)  grad_norm: 0.0391 (0.0390)  time: 3.1190  data: 0.4470  max mem: 36959
Epoch: [96]  [20/56]  eta: 0:01:44  lr: 0.000072  min_lr: 0.000072  loss: 0.0128 (0.0130)  weight_decay: 0.0500 (0.0500)  grad_norm: 0.0389 (0.0384)  time: 2.6787  data: 0.0002  max mem: 36959
Epoch: [96]  [30/56]  eta: 0:01:14  lr: 0.000072  min_lr: 0.000072  loss: 0.0137 (0.0132)  weight_decay: 0.0500 (0.0500)  grad_norm: 0.0374 (0.0382)  time: 2.7033  data: 0.0003  max mem: 36959
Epoch: [96]  [40/56]  eta: 0:00:44  lr: 0.000073  min_lr: 0.000073  loss: 0.0135 (0.0132)  weight_decay: 0.0500 (0.0500)  grad_norm: 0.0376 (0.0382)  time: 2.6971  data: 0.0003  max mem: 36959
Epoch: [96]  [50/56]  eta: 0:00:16  lr: 0.000073  min_lr: 0.000073  loss: 0.0135 (0.0132)  weight_decay: 0.0500 (0.0500)  grad_norm: 0.0376 (0.0382)  time: 2.6508  data: 0.0002  max mem: 36959
Epoch: [96]  [55/56]  eta: 0:00:02  lr: 0.000073  min_lr: 0.000073  loss: 0.0135 (0.0132)  weight_decay: 0.0500 (0.0500)  grad_norm: 0.0377 (0.0384)  time: 2.6171  data: 0.0002  max mem: 36959
Epoch: [96] Total time: 0:02:35 (2.7735 s / it)
Averaged stats: lr: 0.000073  min_lr: 0.000073  loss: 0.0135 (0.0134)  weight_decay: 0.0500 (0.0500)  grad_norm: 0.0377 (0.0384)
Epoch: [97]  [ 0/56]  eta: 0:07:11  lr: 0.000073  min_lr: 0.000073  loss: 0.0143 (0.0143)  weight_decay: 0.0500 (0.0500)  grad_norm: 0.0432 (0.0432)  time: 7.7088  data: 5.4857  max mem: 36959
Epoch: [97]  [10/56]  eta: 0:02:22  lr: 0.000073  min_lr: 0.000073  loss: 0.0131 (0.0127)  weight_decay: 0.0500 (0.0500)  grad_norm: 0.0394 (0.0402)  time: 3.1078  data: 0.4991  max mem: 36959
Epoch: [97]  [20/56]  eta: 0:01:43  lr: 0.000073  min_lr: 0.000073  loss: 0.0130 (0.0131)  weight_decay: 0.0500 (0.0500)  grad_norm: 0.0393 (0.0400)  time: 2.6426  data: 0.0003  max mem: 36959
Epoch: [97]  [30/56]  eta: 0:01:13  lr: 0.000073  min_lr: 0.000073  loss: 0.0132 (0.0132)  weight_decay: 0.0500 (0.0500)  grad_norm: 0.0378 (0.0394)  time: 2.6504  data: 0.0003  max mem: 36959
Epoch: [97]  [40/56]  eta: 0:00:44  lr: 0.000073  min_lr: 0.000073  loss: 0.0129 (0.0131)  weight_decay: 0.0500 (0.0500)  grad_norm: 0.0379 (0.0396)  time: 2.6637  data: 0.0003  max mem: 36959
Epoch: [97]  [50/56]  eta: 0:00:16  lr: 0.000073  min_lr: 0.000073  loss: 0.0130 (0.0132)  weight_decay: 0.0500 (0.0500)  grad_norm: 0.0392 (0.0400)  time: 2.6500  data: 0.0003  max mem: 36959
Epoch: [97]  [55/56]  eta: 0:00:02  lr: 0.000073  min_lr: 0.000073  loss: 0.0127 (0.0132)  weight_decay: 0.0500 (0.0500)  grad_norm: 0.0379 (0.0397)  time: 2.6729  data: 0.0002  max mem: 36959
Epoch: [97] Total time: 0:02:34 (2.7664 s / it)
Averaged stats: lr: 0.000073  min_lr: 0.000073  loss: 0.0127 (0.0134)  weight_decay: 0.0500 (0.0500)  grad_norm: 0.0379 (0.0397)
Epoch: [98]  [ 0/56]  eta: 0:07:03  lr: 0.000074  min_lr: 0.000074  loss: 0.0137 (0.0137)  weight_decay: 0.0500 (0.0500)  grad_norm: 0.0389 (0.0389)  time: 7.5548  data: 5.3033  max mem: 36959
Epoch: [98]  [10/56]  eta: 0:02:21  lr: 0.000074  min_lr: 0.000074  loss: 0.0120 (0.0123)  weight_decay: 0.0500 (0.0500)  grad_norm: 0.0364 (0.0372)  time: 3.0762  data: 0.4826  max mem: 36959
Epoch: [98]  [20/56]  eta: 0:01:44  lr: 0.000074  min_lr: 0.000074  loss: 0.0129 (0.0130)  weight_decay: 0.0500 (0.0500)  grad_norm: 0.0366 (0.0388)  time: 2.6583  data: 0.0004  max mem: 36959
Epoch: [98]  [30/56]  eta: 0:01:12  lr: 0.000074  min_lr: 0.000074  loss: 0.0136 (0.0131)  weight_decay: 0.0500 (0.0500)  grad_norm: 0.0379 (0.0388)  time: 2.6533  data: 0.0003  max mem: 36959
Epoch: [98]  [40/56]  eta: 0:00:44  lr: 0.000074  min_lr: 0.000074  loss: 0.0129 (0.0131)  weight_decay: 0.0500 (0.0500)  grad_norm: 0.0373 (0.0386)  time: 2.6823  data: 0.0003  max mem: 36959
Epoch: [98]  [50/56]  eta: 0:00:16  lr: 0.000074  min_lr: 0.000074  loss: 0.0132 (0.0130)  weight_decay: 0.0500 (0.0500)  grad_norm: 0.0365 (0.0380)  time: 2.7158  data: 0.0003  max mem: 36959
Epoch: [98]  [55/56]  eta: 0:00:02  lr: 0.000074  min_lr: 0.000074  loss: 0.0132 (0.0130)  weight_decay: 0.0500 (0.0500)  grad_norm: 0.0350 (0.0377)  time: 2.6894  data: 0.0002  max mem: 36959
Epoch: [98] Total time: 0:02:35 (2.7827 s / it)
Averaged stats: lr: 0.000074  min_lr: 0.000074  loss: 0.0132 (0.0131)  weight_decay: 0.0500 (0.0500)  grad_norm: 0.0350 (0.0377)
Epoch: [99]  [ 0/56]  eta: 0:06:49  lr: 0.000074  min_lr: 0.000074  loss: 0.0135 (0.0135)  weight_decay: 0.0500 (0.0500)  grad_norm: 0.0373 (0.0373)  time: 7.3214  data: 5.0155  max mem: 36959
Epoch: [99]  [10/56]  eta: 0:02:24  lr: 0.000074  min_lr: 0.000074  loss: 0.0124 (0.0122)  weight_decay: 0.0500 (0.0500)  grad_norm: 0.0368 (0.0367)  time: 3.1334  data: 0.4563  max mem: 36959
Epoch: [99]  [20/56]  eta: 0:01:44  lr: 0.000075  min_lr: 0.000075  loss: 0.0126 (0.0127)  weight_decay: 0.0500 (0.0500)  grad_norm: 0.0368 (0.0379)  time: 2.6708  data: 0.0003  max mem: 36959
Epoch: [99]  [30/56]  eta: 0:01:13  lr: 0.000075  min_lr: 0.000075  loss: 0.0131 (0.0128)  weight_decay: 0.0500 (0.0500)  grad_norm: 0.0374 (0.0381)  time: 2.6527  data: 0.0002  max mem: 36959
Epoch: [99]  [40/56]  eta: 0:00:44  lr: 0.000075  min_lr: 0.000075  loss: 0.0129 (0.0128)  weight_decay: 0.0500 (0.0500)  grad_norm: 0.0368 (0.0378)  time: 2.6521  data: 0.0002  max mem: 36959
Epoch: [99]  [50/56]  eta: 0:00:16  lr: 0.000075  min_lr: 0.000075  loss: 0.0130 (0.0129)  weight_decay: 0.0500 (0.0500)  grad_norm: 0.0366 (0.0376)  time: 2.6478  data: 0.0002  max mem: 36959
Epoch: [99]  [55/56]  eta: 0:00:02  lr: 0.000075  min_lr: 0.000075  loss: 0.0130 (0.0128)  weight_decay: 0.0500 (0.0500)  grad_norm: 0.0361 (0.0374)  time: 2.6559  data: 0.0002  max mem: 36959
Epoch: [99] Total time: 0:02:34 (2.7647 s / it)
Averaged stats: lr: 0.000075  min_lr: 0.000075  loss: 0.0130 (0.0131)  weight_decay: 0.0500 (0.0500)  grad_norm: 0.0361 (0.0374)
Epoch: [100]  [ 0/56]  eta: 0:04:57  lr: 0.000075  min_lr: 0.000075  loss: 0.0133 (0.0133)  weight_decay: 0.0500 (0.0500)  grad_norm: 0.0360 (0.0360)  time: 5.3121  data: 3.1053  max mem: 36959
Epoch: [100]  [10/56]  eta: 0:02:12  lr: 0.000075  min_lr: 0.000075  loss: 0.0124 (0.0120)  weight_decay: 0.0500 (0.0500)  grad_norm: 0.0355 (0.0354)  time: 2.8751  data: 0.2825  max mem: 36959
Epoch: [100]  [20/56]  eta: 0:01:39  lr: 0.000075  min_lr: 0.000075  loss: 0.0124 (0.0126)  weight_decay: 0.0500 (0.0500)  grad_norm: 0.0358 (0.0365)  time: 2.6446  data: 0.0002  max mem: 36959
Epoch: [100]  [30/56]  eta: 0:01:10  lr: 0.000075  min_lr: 0.000075  loss: 0.0129 (0.0127)  weight_decay: 0.0500 (0.0500)  grad_norm: 0.0365 (0.0367)  time: 2.6159  data: 0.0002  max mem: 36959
Epoch: [100]  [40/56]  eta: 0:00:43  lr: 0.000075  min_lr: 0.000075  loss: 0.0126 (0.0128)  weight_decay: 0.0500 (0.0500)  grad_norm: 0.0362 (0.0368)  time: 2.6214  data: 0.0002  max mem: 36959
Epoch: [100]  [50/56]  eta: 0:00:16  lr: 0.000075  min_lr: 0.000075  loss: 0.0127 (0.0127)  weight_decay: 0.0500 (0.0500)  grad_norm: 0.0362 (0.0367)  time: 2.6554  data: 0.0002  max mem: 36959
Epoch: [100]  [55/56]  eta: 0:00:02  lr: 0.000075  min_lr: 0.000075  loss: 0.0126 (0.0127)  weight_decay: 0.0500 (0.0500)  grad_norm: 0.0361 (0.0366)  time: 2.6800  data: 0.0002  max mem: 36959
Epoch: [100] Total time: 0:02:31 (2.7136 s / it)
Averaged stats: lr: 0.000075  min_lr: 0.000075  loss: 0.0126 (0.0129)  weight_decay: 0.0500 (0.0500)  grad_norm: 0.0361 (0.0366)
[Eval]   [0/1]  eta: 0:00:03  loss: 0.0339 (0.0339)  time: 3.8478  data: 3.5793  max mem: 36959
[Eval]  Total time: 0:00:04 (4.0765 s / it)
Eval averaged stats: loss: 0.0339 (0.0398)
[Eval] Image metrics:  [0/1]  eta: 0:00:06    time: 6.1965  data: 3.2534  max mem: 36959
[Eval] Image metrics: Total time: 0:00:06 (6.4744 s / it)
[Eval]  Generation results: [Eval] MSE: 0.0000 (0.0000)  [Eval] MAE: 0.0000 (0.0000)  [Eval] PSNR: 47.0050 (47.0050)  [Eval] MS-SSIM: 0.9988 (0.9988)
Logged 9 eval images
Epoch: [101]  [ 0/56]  eta: 0:04:25  lr: 0.000075  min_lr: 0.000075  loss: 0.0139 (0.0139)  weight_decay: 0.0500 (0.0500)  grad_norm: 0.0373 (0.0373)  time: 4.7435  data: 3.6563  max mem: 36959
Epoch: [101]  [10/56]  eta: 0:02:10  lr: 0.000075  min_lr: 0.000075  loss: 0.0126 (0.0125)  weight_decay: 0.0500 (0.0500)  grad_norm: 0.0369 (0.0366)  time: 2.8438  data: 0.3326  max mem: 36959
Epoch: [101]  [20/56]  eta: 0:01:39  lr: 0.000075  min_lr: 0.000075  loss: 0.0126 (0.0128)  weight_decay: 0.0500 (0.0500)  grad_norm: 0.0371 (0.0370)  time: 2.6762  data: 0.0003  max mem: 36959
Epoch: [101]  [30/56]  eta: 0:01:11  lr: 0.000075  min_lr: 0.000075  loss: 0.0134 (0.0131)  weight_decay: 0.0500 (0.0500)  grad_norm: 0.0376 (0.0377)  time: 2.6919  data: 0.0003  max mem: 36959
Epoch: [101]  [40/56]  eta: 0:00:43  lr: 0.000075  min_lr: 0.000075  loss: 0.0131 (0.0131)  weight_decay: 0.0500 (0.0500)  grad_norm: 0.0372 (0.0374)  time: 2.6790  data: 0.0003  max mem: 36959
Epoch: [101]  [50/56]  eta: 0:00:16  lr: 0.000075  min_lr: 0.000075  loss: 0.0130 (0.0131)  weight_decay: 0.0500 (0.0500)  grad_norm: 0.0362 (0.0371)  time: 2.6823  data: 0.0003  max mem: 36959
Epoch: [101]  [55/56]  eta: 0:00:02  lr: 0.000075  min_lr: 0.000075  loss: 0.0129 (0.0131)  weight_decay: 0.0500 (0.0500)  grad_norm: 0.0358 (0.0370)  time: 2.6924  data: 0.0003  max mem: 36959
Epoch: [101] Total time: 0:02:33 (2.7346 s / it)
Averaged stats: lr: 0.000075  min_lr: 0.000075  loss: 0.0129 (0.0132)  weight_decay: 0.0500 (0.0500)  grad_norm: 0.0358 (0.0370)
Epoch: [102]  [ 0/56]  eta: 0:07:00  lr: 0.000075  min_lr: 0.000075  loss: 0.0139 (0.0139)  weight_decay: 0.0500 (0.0500)  grad_norm: 0.0376 (0.0376)  time: 7.5122  data: 5.0950  max mem: 36959
Epoch: [102]  [10/56]  eta: 0:02:23  lr: 0.000075  min_lr: 0.000075  loss: 0.0127 (0.0124)  weight_decay: 0.0500 (0.0500)  grad_norm: 0.0362 (0.0364)  time: 3.1273  data: 0.4635  max mem: 36959
Epoch: [102]  [20/56]  eta: 0:01:44  lr: 0.000075  min_lr: 0.000075  loss: 0.0128 (0.0128)  weight_decay: 0.0500 (0.0500)  grad_norm: 0.0358 (0.0359)  time: 2.6816  data: 0.0003  max mem: 36959
Epoch: [102]  [30/56]  eta: 0:01:14  lr: 0.000075  min_lr: 0.000075  loss: 0.0132 (0.0128)  weight_decay: 0.0500 (0.0500)  grad_norm: 0.0360 (0.0362)  time: 2.6939  data: 0.0003  max mem: 36959
Epoch: [102]  [40/56]  eta: 0:00:44  lr: 0.000075  min_lr: 0.000075  loss: 0.0128 (0.0128)  weight_decay: 0.0500 (0.0500)  grad_norm: 0.0368 (0.0363)  time: 2.6963  data: 0.0003  max mem: 36959
Epoch: [102]  [50/56]  eta: 0:00:16  lr: 0.000075  min_lr: 0.000075  loss: 0.0130 (0.0129)  weight_decay: 0.0500 (0.0500)  grad_norm: 0.0368 (0.0365)  time: 2.6634  data: 0.0003  max mem: 36959
Epoch: [102]  [55/56]  eta: 0:00:02  lr: 0.000075  min_lr: 0.000075  loss: 0.0130 (0.0128)  weight_decay: 0.0500 (0.0500)  grad_norm: 0.0367 (0.0365)  time: 2.6697  data: 0.0003  max mem: 36959
Epoch: [102] Total time: 0:02:35 (2.7841 s / it)
Averaged stats: lr: 0.000075  min_lr: 0.000075  loss: 0.0130 (0.0131)  weight_decay: 0.0500 (0.0500)  grad_norm: 0.0367 (0.0365)
Epoch: [103]  [ 0/56]  eta: 0:06:53  lr: 0.000075  min_lr: 0.000075  loss: 0.0132 (0.0132)  weight_decay: 0.0500 (0.0500)  grad_norm: 0.0380 (0.0380)  time: 7.3876  data: 4.7427  max mem: 36959
Epoch: [103]  [10/56]  eta: 0:02:23  lr: 0.000075  min_lr: 0.000075  loss: 0.0121 (0.0119)  weight_decay: 0.0500 (0.0500)  grad_norm: 0.0364 (0.0364)  time: 3.1235  data: 0.4314  max mem: 36959
Epoch: [103]  [20/56]  eta: 0:01:44  lr: 0.000075  min_lr: 0.000075  loss: 0.0122 (0.0124)  weight_decay: 0.0500 (0.0500)  grad_norm: 0.0363 (0.0364)  time: 2.6788  data: 0.0003  max mem: 36959
Epoch: [103]  [30/56]  eta: 0:01:13  lr: 0.000075  min_lr: 0.000075  loss: 0.0128 (0.0127)  weight_decay: 0.0500 (0.0500)  grad_norm: 0.0370 (0.0366)  time: 2.6393  data: 0.0003  max mem: 36959
Epoch: [103]  [40/56]  eta: 0:00:44  lr: 0.000075  min_lr: 0.000075  loss: 0.0129 (0.0127)  weight_decay: 0.0500 (0.0500)  grad_norm: 0.0368 (0.0367)  time: 2.6625  data: 0.0002  max mem: 36959
Epoch: [103]  [50/56]  eta: 0:00:16  lr: 0.000075  min_lr: 0.000075  loss: 0.0129 (0.0127)  weight_decay: 0.0500 (0.0500)  grad_norm: 0.0367 (0.0368)  time: 2.6865  data: 0.0002  max mem: 36959
Epoch: [103]  [55/56]  eta: 0:00:02  lr: 0.000075  min_lr: 0.000075  loss: 0.0129 (0.0127)  weight_decay: 0.0500 (0.0500)  grad_norm: 0.0362 (0.0366)  time: 2.7051  data: 0.0002  max mem: 36959
Epoch: [103] Total time: 0:02:35 (2.7806 s / it)
Averaged stats: lr: 0.000075  min_lr: 0.000075  loss: 0.0129 (0.0129)  weight_decay: 0.0500 (0.0500)  grad_norm: 0.0362 (0.0366)
Epoch: [104]  [ 0/56]  eta: 0:06:39  lr: 0.000075  min_lr: 0.000075  loss: 0.0125 (0.0125)  weight_decay: 0.0500 (0.0500)  grad_norm: 0.0348 (0.0348)  time: 7.1289  data: 4.8710  max mem: 36959
Epoch: [104]  [10/56]  eta: 0:02:21  lr: 0.000075  min_lr: 0.000075  loss: 0.0119 (0.0118)  weight_decay: 0.0500 (0.0500)  grad_norm: 0.0362 (0.0359)  time: 3.0692  data: 0.4430  max mem: 36959
Epoch: [104]  [20/56]  eta: 0:01:44  lr: 0.000075  min_lr: 0.000075  loss: 0.0122 (0.0123)  weight_decay: 0.0500 (0.0500)  grad_norm: 0.0363 (0.0364)  time: 2.6850  data: 0.0002  max mem: 36959
Epoch: [104]  [30/56]  eta: 0:01:13  lr: 0.000075  min_lr: 0.000075  loss: 0.0127 (0.0125)  weight_decay: 0.0500 (0.0500)  grad_norm: 0.0364 (0.0364)  time: 2.6940  data: 0.0003  max mem: 36959
Epoch: [104]  [40/56]  eta: 0:00:44  lr: 0.000075  min_lr: 0.000075  loss: 0.0121 (0.0124)  weight_decay: 0.0500 (0.0500)  grad_norm: 0.0375 (0.0369)  time: 2.6827  data: 0.0003  max mem: 36959
Epoch: [104]  [50/56]  eta: 0:00:16  lr: 0.000075  min_lr: 0.000075  loss: 0.0121 (0.0124)  weight_decay: 0.0500 (0.0500)  grad_norm: 0.0376 (0.0372)  time: 2.7118  data: 0.0002  max mem: 36959
Epoch: [104]  [55/56]  eta: 0:00:02  lr: 0.000075  min_lr: 0.000075  loss: 0.0121 (0.0124)  weight_decay: 0.0500 (0.0500)  grad_norm: 0.0370 (0.0370)  time: 2.6907  data: 0.0002  max mem: 36959
Epoch: [104] Total time: 0:02:35 (2.7820 s / it)
Averaged stats: lr: 0.000075  min_lr: 0.000075  loss: 0.0121 (0.0127)  weight_decay: 0.0500 (0.0500)  grad_norm: 0.0370 (0.0370)
Epoch: [105]  [ 0/56]  eta: 0:06:36  lr: 0.000075  min_lr: 0.000075  loss: 0.0133 (0.0133)  weight_decay: 0.0500 (0.0500)  grad_norm: 0.0383 (0.0383)  time: 7.0737  data: 4.8918  max mem: 36959
Epoch: [105]  [10/56]  eta: 0:02:21  lr: 0.000075  min_lr: 0.000075  loss: 0.0120 (0.0119)  weight_decay: 0.0500 (0.0500)  grad_norm: 0.0362 (0.0363)  time: 3.0839  data: 0.4450  max mem: 36959
Epoch: [105]  [20/56]  eta: 0:01:44  lr: 0.000075  min_lr: 0.000075  loss: 0.0123 (0.0124)  weight_decay: 0.0500 (0.0500)  grad_norm: 0.0370 (0.0371)  time: 2.6882  data: 0.0003  max mem: 36959
Epoch: [105]  [30/56]  eta: 0:01:13  lr: 0.000075  min_lr: 0.000075  loss: 0.0127 (0.0127)  weight_decay: 0.0500 (0.0500)  grad_norm: 0.0382 (0.0378)  time: 2.7067  data: 0.0003  max mem: 36959
Epoch: [105]  [40/56]  eta: 0:00:44  lr: 0.000075  min_lr: 0.000075  loss: 0.0127 (0.0126)  weight_decay: 0.0500 (0.0500)  grad_norm: 0.0379 (0.0378)  time: 2.6722  data: 0.0003  max mem: 36959
Epoch: [105]  [50/56]  eta: 0:00:16  lr: 0.000075  min_lr: 0.000075  loss: 0.0124 (0.0126)  weight_decay: 0.0500 (0.0500)  grad_norm: 0.0375 (0.0379)  time: 2.6702  data: 0.0003  max mem: 36959
Epoch: [105]  [55/56]  eta: 0:00:02  lr: 0.000075  min_lr: 0.000075  loss: 0.0124 (0.0126)  weight_decay: 0.0500 (0.0500)  grad_norm: 0.0370 (0.0378)  time: 2.6761  data: 0.0002  max mem: 36959
Epoch: [105] Total time: 0:02:35 (2.7768 s / it)
Averaged stats: lr: 0.000075  min_lr: 0.000075  loss: 0.0124 (0.0127)  weight_decay: 0.0500 (0.0500)  grad_norm: 0.0370 (0.0378)
Epoch: [106]  [ 0/56]  eta: 0:07:04  lr: 0.000075  min_lr: 0.000075  loss: 0.0126 (0.0126)  weight_decay: 0.0500 (0.0500)  grad_norm: 0.0353 (0.0353)  time: 7.5814  data: 5.3516  max mem: 36959
Epoch: [106]  [10/56]  eta: 0:02:22  lr: 0.000075  min_lr: 0.000075  loss: 0.0115 (0.0116)  weight_decay: 0.0500 (0.0500)  grad_norm: 0.0364 (0.0365)  time: 3.1014  data: 0.4867  max mem: 36959
Epoch: [106]  [20/56]  eta: 0:01:46  lr: 0.000075  min_lr: 0.000075  loss: 0.0118 (0.0119)  weight_decay: 0.0500 (0.0500)  grad_norm: 0.0365 (0.0375)  time: 2.7234  data: 0.0002  max mem: 36959
Epoch: [106]  [30/56]  eta: 0:01:14  lr: 0.000075  min_lr: 0.000075  loss: 0.0121 (0.0122)  weight_decay: 0.0500 (0.0500)  grad_norm: 0.0376 (0.0377)  time: 2.7540  data: 0.0002  max mem: 36959
Epoch: [106]  [40/56]  eta: 0:00:45  lr: 0.000075  min_lr: 0.000075  loss: 0.0123 (0.0122)  weight_decay: 0.0500 (0.0500)  grad_norm: 0.0373 (0.0375)  time: 2.7027  data: 0.0002  max mem: 36959
Epoch: [106]  [50/56]  eta: 0:00:16  lr: 0.000075  min_lr: 0.000075  loss: 0.0123 (0.0123)  weight_decay: 0.0500 (0.0500)  grad_norm: 0.0373 (0.0381)  time: 2.6646  data: 0.0003  max mem: 36959
Epoch: [106]  [55/56]  eta: 0:00:02  lr: 0.000075  min_lr: 0.000075  loss: 0.0123 (0.0123)  weight_decay: 0.0500 (0.0500)  grad_norm: 0.0382 (0.0380)  time: 2.6461  data: 0.0003  max mem: 36959
Epoch: [106] Total time: 0:02:36 (2.7976 s / it)
Averaged stats: lr: 0.000075  min_lr: 0.000075  loss: 0.0123 (0.0126)  weight_decay: 0.0500 (0.0500)  grad_norm: 0.0382 (0.0380)
Epoch: [107]  [ 0/56]  eta: 0:07:00  lr: 0.000075  min_lr: 0.000075  loss: 0.0131 (0.0131)  weight_decay: 0.0500 (0.0500)  grad_norm: 0.0404 (0.0404)  time: 7.5082  data: 5.2720  max mem: 36959
Epoch: [107]  [10/56]  eta: 0:02:25  lr: 0.000075  min_lr: 0.000075  loss: 0.0117 (0.0117)  weight_decay: 0.0500 (0.0500)  grad_norm: 0.0366 (0.0366)  time: 3.1568  data: 0.4796  max mem: 36959
Epoch: [107]  [20/56]  eta: 0:01:45  lr: 0.000075  min_lr: 0.000075  loss: 0.0122 (0.0123)  weight_decay: 0.0500 (0.0500)  grad_norm: 0.0370 (0.0373)  time: 2.6932  data: 0.0004  max mem: 36959
Epoch: [107]  [30/56]  eta: 0:01:14  lr: 0.000075  min_lr: 0.000075  loss: 0.0124 (0.0125)  weight_decay: 0.0500 (0.0500)  grad_norm: 0.0376 (0.0378)  time: 2.6830  data: 0.0004  max mem: 36959
Epoch: [107]  [40/56]  eta: 0:00:45  lr: 0.000075  min_lr: 0.000075  loss: 0.0122 (0.0124)  weight_decay: 0.0500 (0.0500)  grad_norm: 0.0370 (0.0378)  time: 2.7113  data: 0.0003  max mem: 36959
Epoch: [107]  [50/56]  eta: 0:00:16  lr: 0.000075  min_lr: 0.000075  loss: 0.0122 (0.0124)  weight_decay: 0.0500 (0.0500)  grad_norm: 0.0378 (0.0383)  time: 2.7077  data: 0.0003  max mem: 36959
Epoch: [107]  [55/56]  eta: 0:00:02  lr: 0.000075  min_lr: 0.000075  loss: 0.0122 (0.0124)  weight_decay: 0.0500 (0.0500)  grad_norm: 0.0376 (0.0382)  time: 2.7025  data: 0.0003  max mem: 36959
Epoch: [107] Total time: 0:02:37 (2.8061 s / it)
Averaged stats: lr: 0.000075  min_lr: 0.000075  loss: 0.0122 (0.0124)  weight_decay: 0.0500 (0.0500)  grad_norm: 0.0376 (0.0382)
Epoch: [108]  [ 0/56]  eta: 0:06:29  lr: 0.000075  min_lr: 0.000075  loss: 0.0133 (0.0133)  weight_decay: 0.0500 (0.0500)  grad_norm: 0.0414 (0.0414)  time: 6.9625  data: 4.6460  max mem: 36959
Epoch: [108]  [10/56]  eta: 0:02:22  lr: 0.000075  min_lr: 0.000075  loss: 0.0115 (0.0115)  weight_decay: 0.0500 (0.0500)  grad_norm: 0.0367 (0.0370)  time: 3.1041  data: 0.4226  max mem: 36959
Epoch: [108]  [20/56]  eta: 0:01:45  lr: 0.000075  min_lr: 0.000075  loss: 0.0115 (0.0118)  weight_decay: 0.0500 (0.0500)  grad_norm: 0.0369 (0.0374)  time: 2.7387  data: 0.0003  max mem: 36959
Epoch: [108]  [30/56]  eta: 0:01:14  lr: 0.000075  min_lr: 0.000075  loss: 0.0122 (0.0121)  weight_decay: 0.0500 (0.0500)  grad_norm: 0.0387 (0.0383)  time: 2.7314  data: 0.0003  max mem: 36959
Epoch: [108]  [40/56]  eta: 0:00:45  lr: 0.000075  min_lr: 0.000075  loss: 0.0124 (0.0121)  weight_decay: 0.0500 (0.0500)  grad_norm: 0.0380 (0.0380)  time: 2.7154  data: 0.0002  max mem: 36959
Epoch: [108]  [50/56]  eta: 0:00:16  lr: 0.000075  min_lr: 0.000075  loss: 0.0120 (0.0122)  weight_decay: 0.0500 (0.0500)  grad_norm: 0.0376 (0.0381)  time: 2.7116  data: 0.0002  max mem: 36959
Epoch: [108]  [55/56]  eta: 0:00:02  lr: 0.000075  min_lr: 0.000075  loss: 0.0120 (0.0122)  weight_decay: 0.0500 (0.0500)  grad_norm: 0.0379 (0.0380)  time: 2.7285  data: 0.0002  max mem: 36959
Epoch: [108] Total time: 0:02:37 (2.8199 s / it)
Averaged stats: lr: 0.000075  min_lr: 0.000075  loss: 0.0120 (0.0124)  weight_decay: 0.0500 (0.0500)  grad_norm: 0.0379 (0.0380)
Epoch: [109]  [ 0/56]  eta: 0:07:02  lr: 0.000075  min_lr: 0.000075  loss: 0.0128 (0.0128)  weight_decay: 0.0500 (0.0500)  grad_norm: 0.0355 (0.0355)  time: 7.5398  data: 5.2347  max mem: 36959
Epoch: [109]  [10/56]  eta: 0:02:31  lr: 0.000075  min_lr: 0.000075  loss: 0.0114 (0.0115)  weight_decay: 0.0500 (0.0500)  grad_norm: 0.0370 (0.0372)  time: 3.2897  data: 0.4761  max mem: 36959
Epoch: [109]  [20/56]  eta: 0:01:50  lr: 0.000075  min_lr: 0.000075  loss: 0.0118 (0.0120)  weight_decay: 0.0500 (0.0500)  grad_norm: 0.0371 (0.0380)  time: 2.8453  data: 0.0002  max mem: 36959
Epoch: [109]  [30/56]  eta: 0:01:16  lr: 0.000075  min_lr: 0.000075  loss: 0.0129 (0.0123)  weight_decay: 0.0500 (0.0500)  grad_norm: 0.0383 (0.0382)  time: 2.7497  data: 0.0002  max mem: 36959
Epoch: [109]  [40/56]  eta: 0:00:45  lr: 0.000075  min_lr: 0.000075  loss: 0.0119 (0.0121)  weight_decay: 0.0500 (0.0500)  grad_norm: 0.0383 (0.0382)  time: 2.6683  data: 0.0002  max mem: 36959
Epoch: [109]  [50/56]  eta: 0:00:17  lr: 0.000075  min_lr: 0.000075  loss: 0.0119 (0.0123)  weight_decay: 0.0500 (0.0500)  grad_norm: 0.0406 (0.0407)  time: 2.6890  data: 0.0002  max mem: 36959
Epoch: [109]  [55/56]  eta: 0:00:02  lr: 0.000075  min_lr: 0.000075  loss: 0.0121 (0.0123)  weight_decay: 0.0500 (0.0500)  grad_norm: 0.0411 (0.0406)  time: 2.7065  data: 0.0003  max mem: 36959
Epoch: [109] Total time: 0:02:39 (2.8499 s / it)
Averaged stats: lr: 0.000075  min_lr: 0.000075  loss: 0.0121 (0.0124)  weight_decay: 0.0500 (0.0500)  grad_norm: 0.0411 (0.0406)
Epoch: [110]  [ 0/56]  eta: 0:06:43  lr: 0.000075  min_lr: 0.000075  loss: 0.0131 (0.0131)  weight_decay: 0.0500 (0.0500)  grad_norm: 0.0388 (0.0388)  time: 7.2025  data: 4.9869  max mem: 36959
Epoch: [110]  [10/56]  eta: 0:02:26  lr: 0.000075  min_lr: 0.000075  loss: 0.0122 (0.0117)  weight_decay: 0.0500 (0.0500)  grad_norm: 0.0373 (0.0376)  time: 3.1816  data: 0.4536  max mem: 36959
Epoch: [110]  [20/56]  eta: 0:01:47  lr: 0.000075  min_lr: 0.000075  loss: 0.0120 (0.0120)  weight_decay: 0.0500 (0.0500)  grad_norm: 0.0369 (0.0374)  time: 2.7832  data: 0.0003  max mem: 36959
Epoch: [110]  [30/56]  eta: 0:01:15  lr: 0.000075  min_lr: 0.000075  loss: 0.0121 (0.0122)  weight_decay: 0.0500 (0.0500)  grad_norm: 0.0386 (0.0381)  time: 2.7731  data: 0.0003  max mem: 36959
Epoch: [110]  [40/56]  eta: 0:00:45  lr: 0.000075  min_lr: 0.000075  loss: 0.0125 (0.0123)  weight_decay: 0.0500 (0.0500)  grad_norm: 0.0386 (0.0383)  time: 2.7294  data: 0.0003  max mem: 36959
Epoch: [110]  [50/56]  eta: 0:00:16  lr: 0.000075  min_lr: 0.000075  loss: 0.0125 (0.0123)  weight_decay: 0.0500 (0.0500)  grad_norm: 0.0378 (0.0391)  time: 2.7020  data: 0.0002  max mem: 36959
Epoch: [110]  [55/56]  eta: 0:00:02  lr: 0.000075  min_lr: 0.000075  loss: 0.0117 (0.0122)  weight_decay: 0.0500 (0.0500)  grad_norm: 0.0378 (0.0390)  time: 2.6983  data: 0.0002  max mem: 36959
Epoch: [110] Total time: 0:02:39 (2.8445 s / it)
Averaged stats: lr: 0.000075  min_lr: 0.000075  loss: 0.0117 (0.0124)  weight_decay: 0.0500 (0.0500)  grad_norm: 0.0378 (0.0390)
Epoch: [111]  [ 0/56]  eta: 0:06:29  lr: 0.000075  min_lr: 0.000075  loss: 0.0127 (0.0127)  weight_decay: 0.0500 (0.0500)  grad_norm: 0.0372 (0.0372)  time: 6.9573  data: 4.5889  max mem: 36959
Epoch: [111]  [10/56]  eta: 0:02:24  lr: 0.000075  min_lr: 0.000075  loss: 0.0111 (0.0112)  weight_decay: 0.0500 (0.0500)  grad_norm: 0.0367 (0.0367)  time: 3.1358  data: 0.4175  max mem: 36959
Epoch: [111]  [20/56]  eta: 0:01:44  lr: 0.000075  min_lr: 0.000075  loss: 0.0116 (0.0116)  weight_decay: 0.0500 (0.0500)  grad_norm: 0.0370 (0.0370)  time: 2.7112  data: 0.0003  max mem: 36959
Epoch: [111]  [30/56]  eta: 0:01:13  lr: 0.000075  min_lr: 0.000075  loss: 0.0121 (0.0120)  weight_decay: 0.0500 (0.0500)  grad_norm: 0.0377 (0.0372)  time: 2.6855  data: 0.0003  max mem: 36959
Epoch: [111]  [40/56]  eta: 0:00:45  lr: 0.000075  min_lr: 0.000075  loss: 0.0124 (0.0120)  weight_decay: 0.0500 (0.0500)  grad_norm: 0.0375 (0.0374)  time: 2.7314  data: 0.0004  max mem: 36959
Epoch: [111]  [50/56]  eta: 0:00:16  lr: 0.000075  min_lr: 0.000075  loss: 0.0123 (0.0121)  weight_decay: 0.0500 (0.0500)  grad_norm: 0.0378 (0.0376)  time: 2.7206  data: 0.0004  max mem: 36959
Epoch: [111]  [55/56]  eta: 0:00:02  lr: 0.000075  min_lr: 0.000075  loss: 0.0122 (0.0120)  weight_decay: 0.0500 (0.0500)  grad_norm: 0.0376 (0.0376)  time: 2.7205  data: 0.0003  max mem: 36959
Epoch: [111] Total time: 0:02:37 (2.8094 s / it)
Averaged stats: lr: 0.000075  min_lr: 0.000075  loss: 0.0122 (0.0122)  weight_decay: 0.0500 (0.0500)  grad_norm: 0.0376 (0.0376)
Epoch: [112]  [ 0/56]  eta: 0:07:10  lr: 0.000075  min_lr: 0.000075  loss: 0.0123 (0.0123)  weight_decay: 0.0500 (0.0500)  grad_norm: 0.0364 (0.0364)  time: 7.6932  data: 5.5083  max mem: 36959
Epoch: [112]  [10/56]  eta: 0:02:26  lr: 0.000075  min_lr: 0.000075  loss: 0.0120 (0.0117)  weight_decay: 0.0500 (0.0500)  grad_norm: 0.0377 (0.0378)  time: 3.1906  data: 0.5009  max mem: 36959
Epoch: [112]  [20/56]  eta: 0:01:49  lr: 0.000075  min_lr: 0.000075  loss: 0.0121 (0.0122)  weight_decay: 0.0500 (0.0500)  grad_norm: 0.0378 (0.0381)  time: 2.7969  data: 0.0002  max mem: 36959
Epoch: [112]  [30/56]  eta: 0:01:16  lr: 0.000075  min_lr: 0.000075  loss: 0.0127 (0.0125)  weight_decay: 0.0500 (0.0500)  grad_norm: 0.0391 (0.0385)  time: 2.8003  data: 0.0002  max mem: 36959
Epoch: [112]  [40/56]  eta: 0:00:46  lr: 0.000075  min_lr: 0.000075  loss: 0.0125 (0.0124)  weight_decay: 0.0500 (0.0500)  grad_norm: 0.0392 (0.0387)  time: 2.7266  data: 0.0002  max mem: 36959
Epoch: [112]  [50/56]  eta: 0:00:17  lr: 0.000075  min_lr: 0.000075  loss: 0.0122 (0.0124)  weight_decay: 0.0500 (0.0500)  grad_norm: 0.0393 (0.0389)  time: 2.7102  data: 0.0002  max mem: 36959
Epoch: [112]  [55/56]  eta: 0:00:02  lr: 0.000075  min_lr: 0.000075  loss: 0.0122 (0.0124)  weight_decay: 0.0500 (0.0500)  grad_norm: 0.0397 (0.0389)  time: 2.7201  data: 0.0002  max mem: 36959
Epoch: [112] Total time: 0:02:39 (2.8564 s / it)
Averaged stats: lr: 0.000075  min_lr: 0.000075  loss: 0.0122 (0.0125)  weight_decay: 0.0500 (0.0500)  grad_norm: 0.0397 (0.0389)
Epoch: [113]  [ 0/56]  eta: 0:06:42  lr: 0.000075  min_lr: 0.000075  loss: 0.0131 (0.0131)  weight_decay: 0.0500 (0.0500)  grad_norm: 0.0392 (0.0392)  time: 7.1958  data: 4.7230  max mem: 36959
Epoch: [113]  [10/56]  eta: 0:02:23  lr: 0.000075  min_lr: 0.000075  loss: 0.0114 (0.0116)  weight_decay: 0.0500 (0.0500)  grad_norm: 0.0382 (0.0384)  time: 3.1090  data: 0.4296  max mem: 36959
Epoch: [113]  [20/56]  eta: 0:01:45  lr: 0.000075  min_lr: 0.000075  loss: 0.0115 (0.0119)  weight_decay: 0.0500 (0.0500)  grad_norm: 0.0381 (0.0383)  time: 2.7162  data: 0.0002  max mem: 36959
Epoch: [113]  [30/56]  eta: 0:01:13  lr: 0.000075  min_lr: 0.000075  loss: 0.0123 (0.0121)  weight_decay: 0.0500 (0.0500)  grad_norm: 0.0382 (0.0384)  time: 2.6948  data: 0.0002  max mem: 36959
Epoch: [113]  [40/56]  eta: 0:00:44  lr: 0.000075  min_lr: 0.000075  loss: 0.0122 (0.0120)  weight_decay: 0.0500 (0.0500)  grad_norm: 0.0382 (0.0383)  time: 2.6560  data: 0.0002  max mem: 36959
Epoch: [113]  [50/56]  eta: 0:00:16  lr: 0.000075  min_lr: 0.000075  loss: 0.0119 (0.0120)  weight_decay: 0.0500 (0.0500)  grad_norm: 0.0382 (0.0383)  time: 2.6552  data: 0.0003  max mem: 36959
Epoch: [113]  [55/56]  eta: 0:00:02  lr: 0.000075  min_lr: 0.000075  loss: 0.0119 (0.0120)  weight_decay: 0.0500 (0.0500)  grad_norm: 0.0376 (0.0382)  time: 2.6789  data: 0.0003  max mem: 36959
Epoch: [113] Total time: 0:02:35 (2.7829 s / it)
Averaged stats: lr: 0.000075  min_lr: 0.000075  loss: 0.0119 (0.0123)  weight_decay: 0.0500 (0.0500)  grad_norm: 0.0376 (0.0382)
Epoch: [114]  [ 0/56]  eta: 0:07:03  lr: 0.000075  min_lr: 0.000075  loss: 0.0133 (0.0133)  weight_decay: 0.0500 (0.0500)  grad_norm: 0.0384 (0.0384)  time: 7.5616  data: 5.2608  max mem: 36959
Epoch: [114]  [10/56]  eta: 0:02:27  lr: 0.000075  min_lr: 0.000075  loss: 0.0115 (0.0116)  weight_decay: 0.0500 (0.0500)  grad_norm: 0.0376 (0.0375)  time: 3.2031  data: 0.4785  max mem: 36959
Epoch: [114]  [20/56]  eta: 0:01:46  lr: 0.000075  min_lr: 0.000075  loss: 0.0119 (0.0120)  weight_decay: 0.0500 (0.0500)  grad_norm: 0.0377 (0.0379)  time: 2.7318  data: 0.0003  max mem: 36959
Epoch: [114]  [30/56]  eta: 0:01:14  lr: 0.000075  min_lr: 0.000075  loss: 0.0121 (0.0122)  weight_decay: 0.0500 (0.0500)  grad_norm: 0.0384 (0.0383)  time: 2.6958  data: 0.0003  max mem: 36959
Epoch: [114]  [40/56]  eta: 0:00:45  lr: 0.000075  min_lr: 0.000075  loss: 0.0122 (0.0122)  weight_decay: 0.0500 (0.0500)  grad_norm: 0.0398 (0.0397)  time: 2.6935  data: 0.0003  max mem: 36959
Epoch: [114]  [50/56]  eta: 0:00:16  lr: 0.000075  min_lr: 0.000075  loss: 0.0123 (0.0122)  weight_decay: 0.0500 (0.0500)  grad_norm: 0.0419 (0.0400)  time: 2.6910  data: 0.0003  max mem: 36959
Epoch: [114]  [55/56]  eta: 0:00:02  lr: 0.000075  min_lr: 0.000075  loss: 0.0123 (0.0122)  weight_decay: 0.0500 (0.0500)  grad_norm: 0.0419 (0.0402)  time: 2.6816  data: 0.0003  max mem: 36959
Epoch: [114] Total time: 0:02:37 (2.8102 s / it)
Averaged stats: lr: 0.000075  min_lr: 0.000075  loss: 0.0123 (0.0123)  weight_decay: 0.0500 (0.0500)  grad_norm: 0.0419 (0.0402)
Epoch: [115]  [ 0/56]  eta: 0:06:39  lr: 0.000075  min_lr: 0.000075  loss: 0.0129 (0.0129)  weight_decay: 0.0500 (0.0500)  grad_norm: 0.0379 (0.0379)  time: 7.1280  data: 4.5509  max mem: 36959
Epoch: [115]  [10/56]  eta: 0:02:24  lr: 0.000075  min_lr: 0.000075  loss: 0.0115 (0.0114)  weight_decay: 0.0500 (0.0500)  grad_norm: 0.0379 (0.0385)  time: 3.1428  data: 0.4140  max mem: 36959
Epoch: [115]  [20/56]  eta: 0:01:46  lr: 0.000075  min_lr: 0.000075  loss: 0.0116 (0.0119)  weight_decay: 0.0500 (0.0500)  grad_norm: 0.0381 (0.0385)  time: 2.7467  data: 0.0003  max mem: 36959
Epoch: [115]  [30/56]  eta: 0:01:14  lr: 0.000075  min_lr: 0.000075  loss: 0.0123 (0.0121)  weight_decay: 0.0500 (0.0500)  grad_norm: 0.0390 (0.0393)  time: 2.7305  data: 0.0004  max mem: 36959
Epoch: [115]  [40/56]  eta: 0:00:45  lr: 0.000075  min_lr: 0.000075  loss: 0.0118 (0.0120)  weight_decay: 0.0500 (0.0500)  grad_norm: 0.0390 (0.0391)  time: 2.7071  data: 0.0003  max mem: 36959
Epoch: [115]  [50/56]  eta: 0:00:16  lr: 0.000075  min_lr: 0.000075  loss: 0.0120 (0.0120)  weight_decay: 0.0500 (0.0500)  grad_norm: 0.0387 (0.0391)  time: 2.7420  data: 0.0003  max mem: 36959
Epoch: [115]  [55/56]  eta: 0:00:02  lr: 0.000075  min_lr: 0.000075  loss: 0.0120 (0.0120)  weight_decay: 0.0500 (0.0500)  grad_norm: 0.0391 (0.0392)  time: 2.7508  data: 0.0003  max mem: 36959
Epoch: [115] Total time: 0:02:38 (2.8333 s / it)
Averaged stats: lr: 0.000075  min_lr: 0.000075  loss: 0.0120 (0.0122)  weight_decay: 0.0500 (0.0500)  grad_norm: 0.0391 (0.0392)
Epoch: [116]  [ 0/56]  eta: 0:06:51  lr: 0.000075  min_lr: 0.000075  loss: 0.0139 (0.0139)  weight_decay: 0.0500 (0.0500)  grad_norm: 0.0427 (0.0427)  time: 7.3464  data: 4.8922  max mem: 36959
Epoch: [116]  [10/56]  eta: 0:02:24  lr: 0.000075  min_lr: 0.000075  loss: 0.0116 (0.0118)  weight_decay: 0.0500 (0.0500)  grad_norm: 0.0387 (0.0394)  time: 3.1371  data: 0.4451  max mem: 36959
Epoch: [116]  [20/56]  eta: 0:01:44  lr: 0.000075  min_lr: 0.000075  loss: 0.0119 (0.0121)  weight_decay: 0.0500 (0.0500)  grad_norm: 0.0387 (0.0394)  time: 2.6945  data: 0.0003  max mem: 36959
Epoch: [116]  [30/56]  eta: 0:01:14  lr: 0.000075  min_lr: 0.000075  loss: 0.0126 (0.0123)  weight_decay: 0.0500 (0.0500)  grad_norm: 0.0401 (0.0399)  time: 2.6893  data: 0.0002  max mem: 36959
Epoch: [116]  [40/56]  eta: 0:00:44  lr: 0.000075  min_lr: 0.000075  loss: 0.0129 (0.0124)  weight_decay: 0.0500 (0.0500)  grad_norm: 0.0415 (0.0405)  time: 2.6836  data: 0.0003  max mem: 36959
Epoch: [116]  [50/56]  eta: 0:00:16  lr: 0.000075  min_lr: 0.000075  loss: 0.0126 (0.0124)  weight_decay: 0.0500 (0.0500)  grad_norm: 0.0410 (0.0405)  time: 2.6661  data: 0.0003  max mem: 36959
Epoch: [116]  [55/56]  eta: 0:00:02  lr: 0.000075  min_lr: 0.000075  loss: 0.0124 (0.0124)  weight_decay: 0.0500 (0.0500)  grad_norm: 0.0401 (0.0404)  time: 2.6728  data: 0.0003  max mem: 36959
Epoch: [116] Total time: 0:02:36 (2.7864 s / it)
Averaged stats: lr: 0.000075  min_lr: 0.000075  loss: 0.0124 (0.0126)  weight_decay: 0.0500 (0.0500)  grad_norm: 0.0401 (0.0404)
Epoch: [117]  [ 0/56]  eta: 0:07:07  lr: 0.000075  min_lr: 0.000075  loss: 0.0125 (0.0125)  weight_decay: 0.0500 (0.0500)  grad_norm: 0.0367 (0.0367)  time: 7.6272  data: 5.3608  max mem: 36959
Epoch: [117]  [10/56]  eta: 0:02:21  lr: 0.000075  min_lr: 0.000075  loss: 0.0115 (0.0114)  weight_decay: 0.0500 (0.0500)  grad_norm: 0.0371 (0.0377)  time: 3.0767  data: 0.4875  max mem: 36959
Epoch: [117]  [20/56]  eta: 0:01:43  lr: 0.000075  min_lr: 0.000075  loss: 0.0115 (0.0117)  weight_decay: 0.0500 (0.0500)  grad_norm: 0.0374 (0.0379)  time: 2.6424  data: 0.0003  max mem: 36959
Epoch: [117]  [30/56]  eta: 0:01:12  lr: 0.000075  min_lr: 0.000075  loss: 0.0121 (0.0121)  weight_decay: 0.0500 (0.0500)  grad_norm: 0.0384 (0.0383)  time: 2.6514  data: 0.0003  max mem: 36959
Epoch: [117]  [40/56]  eta: 0:00:44  lr: 0.000075  min_lr: 0.000075  loss: 0.0124 (0.0120)  weight_decay: 0.0500 (0.0500)  grad_norm: 0.0387 (0.0384)  time: 2.6389  data: 0.0003  max mem: 36959
Epoch: [117]  [50/56]  eta: 0:00:16  lr: 0.000075  min_lr: 0.000075  loss: 0.0120 (0.0120)  weight_decay: 0.0500 (0.0500)  grad_norm: 0.0386 (0.0385)  time: 2.6729  data: 0.0002  max mem: 36959
Epoch: [117]  [55/56]  eta: 0:00:02  lr: 0.000075  min_lr: 0.000075  loss: 0.0121 (0.0120)  weight_decay: 0.0500 (0.0500)  grad_norm: 0.0385 (0.0385)  time: 2.6953  data: 0.0002  max mem: 36959
Epoch: [117] Total time: 0:02:34 (2.7642 s / it)
Averaged stats: lr: 0.000075  min_lr: 0.000075  loss: 0.0121 (0.0122)  weight_decay: 0.0500 (0.0500)  grad_norm: 0.0385 (0.0385)
Epoch: [118]  [ 0/56]  eta: 0:07:00  lr: 0.000075  min_lr: 0.000075  loss: 0.0137 (0.0137)  weight_decay: 0.0500 (0.0500)  grad_norm: 0.0411 (0.0411)  time: 7.5145  data: 5.1931  max mem: 36959
Epoch: [118]  [10/56]  eta: 0:02:21  lr: 0.000075  min_lr: 0.000075  loss: 0.0126 (0.0120)  weight_decay: 0.0500 (0.0500)  grad_norm: 0.0393 (0.0393)  time: 3.0856  data: 0.4724  max mem: 36959
Epoch: [118]  [20/56]  eta: 0:01:43  lr: 0.000075  min_lr: 0.000075  loss: 0.0117 (0.0121)  weight_decay: 0.0500 (0.0500)  grad_norm: 0.0399 (0.0404)  time: 2.6430  data: 0.0003  max mem: 36959
Epoch: [118]  [30/56]  eta: 0:01:13  lr: 0.000075  min_lr: 0.000075  loss: 0.0128 (0.0125)  weight_decay: 0.0500 (0.0500)  grad_norm: 0.0420 (0.0412)  time: 2.6584  data: 0.0003  max mem: 36959
Epoch: [118]  [40/56]  eta: 0:00:44  lr: 0.000075  min_lr: 0.000075  loss: 0.0131 (0.0126)  weight_decay: 0.0500 (0.0500)  grad_norm: 0.0418 (0.0415)  time: 2.6554  data: 0.0003  max mem: 36959
Epoch: [118]  [50/56]  eta: 0:00:16  lr: 0.000075  min_lr: 0.000075  loss: 0.0129 (0.0126)  weight_decay: 0.0500 (0.0500)  grad_norm: 0.0400 (0.0412)  time: 2.6872  data: 0.0002  max mem: 36959
Epoch: [118]  [55/56]  eta: 0:00:02  lr: 0.000075  min_lr: 0.000075  loss: 0.0123 (0.0125)  weight_decay: 0.0500 (0.0500)  grad_norm: 0.0395 (0.0409)  time: 2.7004  data: 0.0002  max mem: 36959
Epoch: [118] Total time: 0:02:35 (2.7687 s / it)
Averaged stats: lr: 0.000075  min_lr: 0.000075  loss: 0.0123 (0.0125)  weight_decay: 0.0500 (0.0500)  grad_norm: 0.0395 (0.0409)
Epoch: [119]  [ 0/56]  eta: 0:06:49  lr: 0.000075  min_lr: 0.000075  loss: 0.0123 (0.0123)  weight_decay: 0.0500 (0.0500)  grad_norm: 0.0379 (0.0379)  time: 7.3211  data: 4.9122  max mem: 36959
Epoch: [119]  [10/56]  eta: 0:02:24  lr: 0.000075  min_lr: 0.000075  loss: 0.0117 (0.0114)  weight_decay: 0.0500 (0.0500)  grad_norm: 0.0384 (0.0381)  time: 3.1345  data: 0.4468  max mem: 36959
Epoch: [119]  [20/56]  eta: 0:01:44  lr: 0.000075  min_lr: 0.000075  loss: 0.0117 (0.0118)  weight_decay: 0.0500 (0.0500)  grad_norm: 0.0385 (0.0385)  time: 2.6785  data: 0.0003  max mem: 36959
Epoch: [119]  [30/56]  eta: 0:01:14  lr: 0.000075  min_lr: 0.000075  loss: 0.0118 (0.0120)  weight_decay: 0.0500 (0.0500)  grad_norm: 0.0391 (0.0389)  time: 2.6879  data: 0.0003  max mem: 36959
Epoch: [119]  [40/56]  eta: 0:00:44  lr: 0.000075  min_lr: 0.000075  loss: 0.0124 (0.0120)  weight_decay: 0.0500 (0.0500)  grad_norm: 0.0386 (0.0387)  time: 2.7030  data: 0.0002  max mem: 36959
Epoch: [119]  [50/56]  eta: 0:00:16  lr: 0.000075  min_lr: 0.000075  loss: 0.0120 (0.0119)  weight_decay: 0.0500 (0.0500)  grad_norm: 0.0389 (0.0389)  time: 2.6591  data: 0.0003  max mem: 36959
Epoch: [119]  [55/56]  eta: 0:00:02  lr: 0.000075  min_lr: 0.000075  loss: 0.0120 (0.0119)  weight_decay: 0.0500 (0.0500)  grad_norm: 0.0389 (0.0388)  time: 2.6116  data: 0.0003  max mem: 36959
Epoch: [119] Total time: 0:02:35 (2.7723 s / it)
Averaged stats: lr: 0.000075  min_lr: 0.000075  loss: 0.0120 (0.0122)  weight_decay: 0.0500 (0.0500)  grad_norm: 0.0389 (0.0388)
Epoch: [120]  [ 0/56]  eta: 0:07:04  lr: 0.000075  min_lr: 0.000075  loss: 0.0134 (0.0134)  weight_decay: 0.0500 (0.0500)  grad_norm: 0.0413 (0.0413)  time: 7.5751  data: 5.4079  max mem: 36959
Epoch: [120]  [10/56]  eta: 0:02:20  lr: 0.000075  min_lr: 0.000075  loss: 0.0119 (0.0118)  weight_decay: 0.0500 (0.0500)  grad_norm: 0.0401 (0.0399)  time: 3.0642  data: 0.4919  max mem: 36959
Epoch: [120]  [20/56]  eta: 0:01:44  lr: 0.000075  min_lr: 0.000075  loss: 0.0119 (0.0120)  weight_decay: 0.0500 (0.0500)  grad_norm: 0.0401 (0.0403)  time: 2.6661  data: 0.0002  max mem: 36959
Epoch: [120]  [30/56]  eta: 0:01:13  lr: 0.000075  min_lr: 0.000075  loss: 0.0120 (0.0123)  weight_decay: 0.0500 (0.0500)  grad_norm: 0.0415 (0.0416)  time: 2.7092  data: 0.0002  max mem: 36959
Epoch: [120]  [40/56]  eta: 0:00:44  lr: 0.000075  min_lr: 0.000075  loss: 0.0125 (0.0123)  weight_decay: 0.0500 (0.0500)  grad_norm: 0.0430 (0.0413)  time: 2.6792  data: 0.0002  max mem: 36959
Epoch: [120]  [50/56]  eta: 0:00:16  lr: 0.000075  min_lr: 0.000075  loss: 0.0124 (0.0124)  weight_decay: 0.0500 (0.0500)  grad_norm: 0.0393 (0.0426)  time: 2.6888  data: 0.0002  max mem: 36959
Epoch: [120]  [55/56]  eta: 0:00:02  lr: 0.000075  min_lr: 0.000075  loss: 0.0124 (0.0123)  weight_decay: 0.0500 (0.0500)  grad_norm: 0.0409 (0.0426)  time: 2.7106  data: 0.0002  max mem: 36959
Epoch: [120] Total time: 0:02:36 (2.7975 s / it)
Averaged stats: lr: 0.000075  min_lr: 0.000075  loss: 0.0124 (0.0125)  weight_decay: 0.0500 (0.0500)  grad_norm: 0.0409 (0.0426)
Epoch: [121]  [ 0/56]  eta: 0:06:57  lr: 0.000075  min_lr: 0.000075  loss: 0.0135 (0.0135)  weight_decay: 0.0500 (0.0500)  grad_norm: 0.0460 (0.0460)  time: 7.4596  data: 4.8627  max mem: 36959
Epoch: [121]  [10/56]  eta: 0:02:24  lr: 0.000075  min_lr: 0.000075  loss: 0.0118 (0.0119)  weight_decay: 0.0500 (0.0500)  grad_norm: 0.0396 (0.0416)  time: 3.1507  data: 0.4423  max mem: 36959
Epoch: [121]  [20/56]  eta: 0:01:45  lr: 0.000075  min_lr: 0.000075  loss: 0.0117 (0.0120)  weight_decay: 0.0500 (0.0500)  grad_norm: 0.0395 (0.0404)  time: 2.7035  data: 0.0002  max mem: 36959
Epoch: [121]  [30/56]  eta: 0:01:14  lr: 0.000075  min_lr: 0.000075  loss: 0.0121 (0.0122)  weight_decay: 0.0500 (0.0500)  grad_norm: 0.0400 (0.0423)  time: 2.7174  data: 0.0002  max mem: 36959
Epoch: [121]  [40/56]  eta: 0:00:45  lr: 0.000075  min_lr: 0.000075  loss: 0.0120 (0.0120)  weight_decay: 0.0500 (0.0500)  grad_norm: 0.0401 (0.0414)  time: 2.7695  data: 0.0002  max mem: 36959
Epoch: [121]  [50/56]  eta: 0:00:16  lr: 0.000075  min_lr: 0.000075  loss: 0.0120 (0.0120)  weight_decay: 0.0500 (0.0500)  grad_norm: 0.0389 (0.0412)  time: 2.7311  data: 0.0002  max mem: 36959
Epoch: [121]  [55/56]  eta: 0:00:02  lr: 0.000075  min_lr: 0.000075  loss: 0.0120 (0.0119)  weight_decay: 0.0500 (0.0500)  grad_norm: 0.0388 (0.0408)  time: 2.6649  data: 0.0002  max mem: 36959
Epoch: [121] Total time: 0:02:37 (2.8164 s / it)
Averaged stats: lr: 0.000075  min_lr: 0.000075  loss: 0.0120 (0.0122)  weight_decay: 0.0500 (0.0500)  grad_norm: 0.0388 (0.0408)
Epoch: [122]  [ 0/56]  eta: 0:07:03  lr: 0.000075  min_lr: 0.000075  loss: 0.0124 (0.0124)  weight_decay: 0.0500 (0.0500)  grad_norm: 0.0378 (0.0378)  time: 7.5596  data: 5.3587  max mem: 36959
Epoch: [122]  [10/56]  eta: 0:02:23  lr: 0.000075  min_lr: 0.000075  loss: 0.0116 (0.0113)  weight_decay: 0.0500 (0.0500)  grad_norm: 0.0387 (0.0386)  time: 3.1259  data: 0.4874  max mem: 36959
Epoch: [122]  [20/56]  eta: 0:01:45  lr: 0.000075  min_lr: 0.000075  loss: 0.0114 (0.0116)  weight_decay: 0.0500 (0.0500)  grad_norm: 0.0389 (0.0394)  time: 2.7114  data: 0.0002  max mem: 36959
Epoch: [122]  [30/56]  eta: 0:01:14  lr: 0.000075  min_lr: 0.000075  loss: 0.0120 (0.0119)  weight_decay: 0.0500 (0.0500)  grad_norm: 0.0410 (0.0412)  time: 2.7214  data: 0.0002  max mem: 36959
Epoch: [122]  [40/56]  eta: 0:00:45  lr: 0.000075  min_lr: 0.000075  loss: 0.0122 (0.0119)  weight_decay: 0.0500 (0.0500)  grad_norm: 0.0405 (0.0408)  time: 2.6823  data: 0.0002  max mem: 36959
Epoch: [122]  [50/56]  eta: 0:00:16  lr: 0.000075  min_lr: 0.000075  loss: 0.0121 (0.0119)  weight_decay: 0.0500 (0.0500)  grad_norm: 0.0399 (0.0408)  time: 2.6610  data: 0.0002  max mem: 36959
Epoch: [122]  [55/56]  eta: 0:00:02  lr: 0.000075  min_lr: 0.000075  loss: 0.0118 (0.0119)  weight_decay: 0.0500 (0.0500)  grad_norm: 0.0395 (0.0406)  time: 2.6770  data: 0.0002  max mem: 36959
Epoch: [122] Total time: 0:02:36 (2.7903 s / it)
Averaged stats: lr: 0.000075  min_lr: 0.000075  loss: 0.0118 (0.0120)  weight_decay: 0.0500 (0.0500)  grad_norm: 0.0395 (0.0406)
Epoch: [123]  [ 0/56]  eta: 0:07:06  lr: 0.000075  min_lr: 0.000075  loss: 0.0128 (0.0128)  weight_decay: 0.0500 (0.0500)  grad_norm: 0.0400 (0.0400)  time: 7.6234  data: 5.4179  max mem: 36959
Epoch: [123]  [10/56]  eta: 0:02:24  lr: 0.000075  min_lr: 0.000075  loss: 0.0114 (0.0114)  weight_decay: 0.0500 (0.0500)  grad_norm: 0.0390 (0.0389)  time: 3.1457  data: 0.4927  max mem: 36959
Epoch: [123]  [20/56]  eta: 0:01:45  lr: 0.000075  min_lr: 0.000075  loss: 0.0114 (0.0115)  weight_decay: 0.0500 (0.0500)  grad_norm: 0.0390 (0.0416)  time: 2.6939  data: 0.0003  max mem: 36959
Epoch: [123]  [30/56]  eta: 0:01:13  lr: 0.000074  min_lr: 0.000074  loss: 0.0118 (0.0117)  weight_decay: 0.0500 (0.0500)  grad_norm: 0.0407 (0.0418)  time: 2.6809  data: 0.0003  max mem: 36959
Epoch: [123]  [40/56]  eta: 0:00:45  lr: 0.000074  min_lr: 0.000074  loss: 0.0117 (0.0117)  weight_decay: 0.0500 (0.0500)  grad_norm: 0.0392 (0.0410)  time: 2.7177  data: 0.0002  max mem: 36959
Epoch: [123]  [50/56]  eta: 0:00:16  lr: 0.000074  min_lr: 0.000074  loss: 0.0114 (0.0116)  weight_decay: 0.0500 (0.0500)  grad_norm: 0.0384 (0.0407)  time: 2.7053  data: 0.0002  max mem: 36959
Epoch: [123]  [55/56]  eta: 0:00:02  lr: 0.000074  min_lr: 0.000074  loss: 0.0114 (0.0116)  weight_decay: 0.0500 (0.0500)  grad_norm: 0.0399 (0.0408)  time: 2.6542  data: 0.0003  max mem: 36959
Epoch: [123] Total time: 0:02:36 (2.7953 s / it)
Averaged stats: lr: 0.000074  min_lr: 0.000074  loss: 0.0114 (0.0119)  weight_decay: 0.0500 (0.0500)  grad_norm: 0.0399 (0.0408)
Epoch: [124]  [ 0/56]  eta: 0:06:49  lr: 0.000074  min_lr: 0.000074  loss: 0.0136 (0.0136)  weight_decay: 0.0500 (0.0500)  grad_norm: 0.0409 (0.0409)  time: 7.3168  data: 5.1923  max mem: 36959
Epoch: [124]  [10/56]  eta: 0:02:23  lr: 0.000074  min_lr: 0.000074  loss: 0.0112 (0.0112)  weight_decay: 0.0500 (0.0500)  grad_norm: 0.0398 (0.0399)  time: 3.1121  data: 0.4722  max mem: 36959
Epoch: [124]  [20/56]  eta: 0:01:45  lr: 0.000074  min_lr: 0.000074  loss: 0.0112 (0.0115)  weight_decay: 0.0500 (0.0500)  grad_norm: 0.0390 (0.0393)  time: 2.7114  data: 0.0002  max mem: 36959
Epoch: [124]  [30/56]  eta: 0:01:13  lr: 0.000074  min_lr: 0.000074  loss: 0.0121 (0.0118)  weight_decay: 0.0500 (0.0500)  grad_norm: 0.0391 (0.0399)  time: 2.6910  data: 0.0002  max mem: 36959
Epoch: [124]  [40/56]  eta: 0:00:44  lr: 0.000074  min_lr: 0.000074  loss: 0.0126 (0.0119)  weight_decay: 0.0500 (0.0500)  grad_norm: 0.0401 (0.0406)  time: 2.6535  data: 0.0002  max mem: 36959
Epoch: [124]  [50/56]  eta: 0:00:16  lr: 0.000074  min_lr: 0.000074  loss: 0.0119 (0.0119)  weight_decay: 0.0500 (0.0500)  grad_norm: 0.0411 (0.0410)  time: 2.6324  data: 0.0003  max mem: 36959
Epoch: [124]  [55/56]  eta: 0:00:02  lr: 0.000074  min_lr: 0.000074  loss: 0.0116 (0.0119)  weight_decay: 0.0500 (0.0500)  grad_norm: 0.0432 (0.0414)  time: 2.6191  data: 0.0002  max mem: 36959
Epoch: [124] Total time: 0:02:34 (2.7652 s / it)
Averaged stats: lr: 0.000074  min_lr: 0.000074  loss: 0.0116 (0.0120)  weight_decay: 0.0500 (0.0500)  grad_norm: 0.0432 (0.0414)
Epoch: [125]  [ 0/56]  eta: 0:05:15  lr: 0.000074  min_lr: 0.000074  loss: 0.0130 (0.0130)  weight_decay: 0.0500 (0.0500)  grad_norm: 0.0435 (0.0435)  time: 5.6292  data: 3.4801  max mem: 36959
Epoch: [125]  [10/56]  eta: 0:02:13  lr: 0.000074  min_lr: 0.000074  loss: 0.0119 (0.0117)  weight_decay: 0.0500 (0.0500)  grad_norm: 0.0435 (0.0440)  time: 2.8951  data: 0.3167  max mem: 36959
Epoch: [125]  [20/56]  eta: 0:01:40  lr: 0.000074  min_lr: 0.000074  loss: 0.0117 (0.0117)  weight_decay: 0.0500 (0.0500)  grad_norm: 0.0423 (0.0423)  time: 2.6468  data: 0.0003  max mem: 36959
Epoch: [125]  [30/56]  eta: 0:01:11  lr: 0.000074  min_lr: 0.000074  loss: 0.0118 (0.0118)  weight_decay: 0.0500 (0.0500)  grad_norm: 0.0402 (0.0416)  time: 2.6752  data: 0.0002  max mem: 36959
Epoch: [125]  [40/56]  eta: 0:00:43  lr: 0.000074  min_lr: 0.000074  loss: 0.0118 (0.0117)  weight_decay: 0.0500 (0.0500)  grad_norm: 0.0393 (0.0409)  time: 2.6553  data: 0.0003  max mem: 36959
Epoch: [125]  [50/56]  eta: 0:00:16  lr: 0.000074  min_lr: 0.000074  loss: 0.0120 (0.0118)  weight_decay: 0.0500 (0.0500)  grad_norm: 0.0402 (0.0445)  time: 2.6562  data: 0.0003  max mem: 36959
Epoch: [125]  [55/56]  eta: 0:00:02  lr: 0.000074  min_lr: 0.000074  loss: 0.0121 (0.0119)  weight_decay: 0.0500 (0.0500)  grad_norm: 0.0449 (0.0446)  time: 2.6502  data: 0.0002  max mem: 36959
Epoch: [125] Total time: 0:02:32 (2.7266 s / it)
Averaged stats: lr: 0.000074  min_lr: 0.000074  loss: 0.0121 (0.0121)  weight_decay: 0.0500 (0.0500)  grad_norm: 0.0449 (0.0446)
[Eval]   [0/1]  eta: 0:00:03  loss: 0.0364 (0.0364)  time: 3.8949  data: 3.6535  max mem: 36959
[Eval]  Total time: 0:00:04 (4.5259 s / it)
Eval averaged stats: loss: 0.0364 (0.0424)
[Eval] Image metrics:  [0/1]  eta: 0:00:06    time: 6.1359  data: 3.2307  max mem: 36959
[Eval] Image metrics: Total time: 0:00:06 (6.3427 s / it)
[Eval]  Generation results: [Eval] MSE: 0.0000 (0.0000)  [Eval] MAE: 0.0000 (0.0000)  [Eval] PSNR: 47.0050 (47.0050)  [Eval] MS-SSIM: 0.9988 (0.9988)
Logged 9 eval images
Epoch: [126]  [ 0/56]  eta: 0:04:08  lr: 0.000074  min_lr: 0.000074  loss: 0.0145 (0.0145)  weight_decay: 0.0500 (0.0500)  grad_norm: 0.0522 (0.0522)  time: 4.4309  data: 3.3276  max mem: 36959
Epoch: [126]  [10/56]  eta: 0:02:09  lr: 0.000074  min_lr: 0.000074  loss: 0.0113 (0.0113)  weight_decay: 0.0500 (0.0500)  grad_norm: 0.0393 (0.0402)  time: 2.8256  data: 0.3028  max mem: 36959
Epoch: [126]  [20/56]  eta: 0:01:38  lr: 0.000074  min_lr: 0.000074  loss: 0.0113 (0.0115)  weight_decay: 0.0500 (0.0500)  grad_norm: 0.0386 (0.0396)  time: 2.6442  data: 0.0003  max mem: 36959
Epoch: [126]  [30/56]  eta: 0:01:10  lr: 0.000074  min_lr: 0.000074  loss: 0.0117 (0.0118)  weight_decay: 0.0500 (0.0500)  grad_norm: 0.0397 (0.0397)  time: 2.6232  data: 0.0002  max mem: 36959
Epoch: [126]  [40/56]  eta: 0:00:43  lr: 0.000074  min_lr: 0.000074  loss: 0.0117 (0.0118)  weight_decay: 0.0500 (0.0500)  grad_norm: 0.0400 (0.0397)  time: 2.6511  data: 0.0002  max mem: 36959
Epoch: [126]  [50/56]  eta: 0:00:16  lr: 0.000074  min_lr: 0.000074  loss: 0.0115 (0.0118)  weight_decay: 0.0500 (0.0500)  grad_norm: 0.0401 (0.0398)  time: 2.6629  data: 0.0002  max mem: 36959
Epoch: [126]  [55/56]  eta: 0:00:02  lr: 0.000074  min_lr: 0.000074  loss: 0.0115 (0.0117)  weight_decay: 0.0500 (0.0500)  grad_norm: 0.0404 (0.0399)  time: 2.6832  data: 0.0002  max mem: 36959
Epoch: [126] Total time: 0:02:31 (2.7061 s / it)
Averaged stats: lr: 0.000074  min_lr: 0.000074  loss: 0.0115 (0.0119)  weight_decay: 0.0500 (0.0500)  grad_norm: 0.0404 (0.0399)
Epoch: [127]  [ 0/56]  eta: 0:06:50  lr: 0.000074  min_lr: 0.000074  loss: 0.0122 (0.0122)  weight_decay: 0.0500 (0.0500)  grad_norm: 0.0413 (0.0413)  time: 7.3382  data: 4.9930  max mem: 36959
Epoch: [127]  [10/56]  eta: 0:02:22  lr: 0.000074  min_lr: 0.000074  loss: 0.0119 (0.0114)  weight_decay: 0.0500 (0.0500)  grad_norm: 0.0404 (0.0410)  time: 3.0951  data: 0.4541  max mem: 36959
Epoch: [127]  [20/56]  eta: 0:01:44  lr: 0.000074  min_lr: 0.000074  loss: 0.0114 (0.0115)  weight_decay: 0.0500 (0.0500)  grad_norm: 0.0404 (0.0410)  time: 2.6885  data: 0.0003  max mem: 36959
Epoch: [127]  [30/56]  eta: 0:01:13  lr: 0.000074  min_lr: 0.000074  loss: 0.0114 (0.0117)  weight_decay: 0.0500 (0.0500)  grad_norm: 0.0408 (0.0409)  time: 2.7022  data: 0.0003  max mem: 36959
Epoch: [127]  [40/56]  eta: 0:00:45  lr: 0.000074  min_lr: 0.000074  loss: 0.0122 (0.0118)  weight_decay: 0.0500 (0.0500)  grad_norm: 0.0405 (0.0407)  time: 2.7117  data: 0.0003  max mem: 36959
Epoch: [127]  [50/56]  eta: 0:00:16  lr: 0.000074  min_lr: 0.000074  loss: 0.0121 (0.0118)  weight_decay: 0.0500 (0.0500)  grad_norm: 0.0401 (0.0406)  time: 2.7453  data: 0.0002  max mem: 36959
Epoch: [127]  [55/56]  eta: 0:00:02  lr: 0.000074  min_lr: 0.000074  loss: 0.0120 (0.0118)  weight_decay: 0.0500 (0.0500)  grad_norm: 0.0400 (0.0405)  time: 2.7502  data: 0.0002  max mem: 36959
Epoch: [127] Total time: 0:02:37 (2.8151 s / it)
Averaged stats: lr: 0.000074  min_lr: 0.000074  loss: 0.0120 (0.0119)  weight_decay: 0.0500 (0.0500)  grad_norm: 0.0400 (0.0405)
Epoch: [128]  [ 0/56]  eta: 0:07:04  lr: 0.000074  min_lr: 0.000074  loss: 0.0132 (0.0132)  weight_decay: 0.0500 (0.0500)  grad_norm: 0.0398 (0.0398)  time: 7.5757  data: 5.2904  max mem: 36959
Epoch: [128]  [10/56]  eta: 0:02:24  lr: 0.000074  min_lr: 0.000074  loss: 0.0108 (0.0112)  weight_decay: 0.0500 (0.0500)  grad_norm: 0.0398 (0.0397)  time: 3.1327  data: 0.4812  max mem: 36959
Epoch: [128]  [20/56]  eta: 0:01:46  lr: 0.000074  min_lr: 0.000074  loss: 0.0114 (0.0116)  weight_decay: 0.0500 (0.0500)  grad_norm: 0.0407 (0.0415)  time: 2.7203  data: 0.0003  max mem: 36959
Epoch: [128]  [30/56]  eta: 0:01:14  lr: 0.000074  min_lr: 0.000074  loss: 0.0119 (0.0118)  weight_decay: 0.0500 (0.0500)  grad_norm: 0.0412 (0.0413)  time: 2.7281  data: 0.0003  max mem: 36959
Epoch: [128]  [40/56]  eta: 0:00:45  lr: 0.000074  min_lr: 0.000074  loss: 0.0119 (0.0118)  weight_decay: 0.0500 (0.0500)  grad_norm: 0.0403 (0.0409)  time: 2.6938  data: 0.0004  max mem: 36959
Epoch: [128]  [50/56]  eta: 0:00:16  lr: 0.000074  min_lr: 0.000074  loss: 0.0116 (0.0117)  weight_decay: 0.0500 (0.0500)  grad_norm: 0.0397 (0.0408)  time: 2.6944  data: 0.0004  max mem: 36959
Epoch: [128]  [55/56]  eta: 0:00:02  lr: 0.000074  min_lr: 0.000074  loss: 0.0115 (0.0117)  weight_decay: 0.0500 (0.0500)  grad_norm: 0.0400 (0.0409)  time: 2.7183  data: 0.0003  max mem: 36959
Epoch: [128] Total time: 0:02:37 (2.8126 s / it)
Averaged stats: lr: 0.000074  min_lr: 0.000074  loss: 0.0115 (0.0120)  weight_decay: 0.0500 (0.0500)  grad_norm: 0.0400 (0.0409)
Epoch: [129]  [ 0/56]  eta: 0:07:07  lr: 0.000074  min_lr: 0.000074  loss: 0.0132 (0.0132)  weight_decay: 0.0500 (0.0500)  grad_norm: 0.0466 (0.0466)  time: 7.6342  data: 5.2479  max mem: 36959
Epoch: [129]  [10/56]  eta: 0:02:25  lr: 0.000074  min_lr: 0.000074  loss: 0.0118 (0.0116)  weight_decay: 0.0500 (0.0500)  grad_norm: 0.0423 (0.0423)  time: 3.1722  data: 0.4774  max mem: 36959
Epoch: [129]  [20/56]  eta: 0:01:46  lr: 0.000074  min_lr: 0.000074  loss: 0.0114 (0.0115)  weight_decay: 0.0500 (0.0500)  grad_norm: 0.0401 (0.0409)  time: 2.7158  data: 0.0003  max mem: 36959
Epoch: [129]  [30/56]  eta: 0:01:14  lr: 0.000074  min_lr: 0.000074  loss: 0.0116 (0.0117)  weight_decay: 0.0500 (0.0500)  grad_norm: 0.0401 (0.0409)  time: 2.7137  data: 0.0003  max mem: 36959
Epoch: [129]  [40/56]  eta: 0:00:45  lr: 0.000074  min_lr: 0.000074  loss: 0.0119 (0.0117)  weight_decay: 0.0500 (0.0500)  grad_norm: 0.0409 (0.0414)  time: 2.6909  data: 0.0003  max mem: 36959
Epoch: [129]  [50/56]  eta: 0:00:16  lr: 0.000074  min_lr: 0.000074  loss: 0.0121 (0.0117)  weight_decay: 0.0500 (0.0500)  grad_norm: 0.0415 (0.0415)  time: 2.7031  data: 0.0003  max mem: 36959
Epoch: [129]  [55/56]  eta: 0:00:02  lr: 0.000074  min_lr: 0.000074  loss: 0.0121 (0.0117)  weight_decay: 0.0500 (0.0500)  grad_norm: 0.0422 (0.0415)  time: 2.7136  data: 0.0003  max mem: 36959
Epoch: [129] Total time: 0:02:37 (2.8150 s / it)
Averaged stats: lr: 0.000074  min_lr: 0.000074  loss: 0.0121 (0.0119)  weight_decay: 0.0500 (0.0500)  grad_norm: 0.0422 (0.0415)
Epoch: [130]  [ 0/56]  eta: 0:07:01  lr: 0.000074  min_lr: 0.000074  loss: 0.0131 (0.0131)  weight_decay: 0.0500 (0.0500)  grad_norm: 0.0429 (0.0429)  time: 7.5221  data: 5.2108  max mem: 36959
Epoch: [130]  [10/56]  eta: 0:02:26  lr: 0.000074  min_lr: 0.000074  loss: 0.0111 (0.0112)  weight_decay: 0.0500 (0.0500)  grad_norm: 0.0429 (0.0422)  time: 3.1815  data: 0.4740  max mem: 36959
Epoch: [130]  [20/56]  eta: 0:01:45  lr: 0.000074  min_lr: 0.000074  loss: 0.0112 (0.0116)  weight_decay: 0.0500 (0.0500)  grad_norm: 0.0407 (0.0416)  time: 2.7101  data: 0.0003  max mem: 36959
Epoch: [130]  [30/56]  eta: 0:01:14  lr: 0.000074  min_lr: 0.000074  loss: 0.0118 (0.0117)  weight_decay: 0.0500 (0.0500)  grad_norm: 0.0407 (0.0415)  time: 2.6753  data: 0.0003  max mem: 36959
Epoch: [130]  [40/56]  eta: 0:00:44  lr: 0.000074  min_lr: 0.000074  loss: 0.0116 (0.0116)  weight_decay: 0.0500 (0.0500)  grad_norm: 0.0401 (0.0410)  time: 2.6526  data: 0.0003  max mem: 36959
Epoch: [130]  [50/56]  eta: 0:00:16  lr: 0.000074  min_lr: 0.000074  loss: 0.0112 (0.0115)  weight_decay: 0.0500 (0.0500)  grad_norm: 0.0395 (0.0409)  time: 2.6652  data: 0.0003  max mem: 36959
Epoch: [130]  [55/56]  eta: 0:00:02  lr: 0.000074  min_lr: 0.000074  loss: 0.0109 (0.0115)  weight_decay: 0.0500 (0.0500)  grad_norm: 0.0401 (0.0410)  time: 2.6731  data: 0.0003  max mem: 36959
Epoch: [130] Total time: 0:02:36 (2.7928 s / it)
Averaged stats: lr: 0.000074  min_lr: 0.000074  loss: 0.0109 (0.0118)  weight_decay: 0.0500 (0.0500)  grad_norm: 0.0401 (0.0410)
Epoch: [131]  [ 0/56]  eta: 0:06:57  lr: 0.000074  min_lr: 0.000074  loss: 0.0133 (0.0133)  weight_decay: 0.0500 (0.0500)  grad_norm: 0.0410 (0.0410)  time: 7.4587  data: 5.1171  max mem: 36959
Epoch: [131]  [10/56]  eta: 0:02:24  lr: 0.000074  min_lr: 0.000074  loss: 0.0113 (0.0115)  weight_decay: 0.0500 (0.0500)  grad_norm: 0.0428 (0.0426)  time: 3.1349  data: 0.4656  max mem: 36959
Epoch: [131]  [20/56]  eta: 0:01:45  lr: 0.000074  min_lr: 0.000074  loss: 0.0116 (0.0117)  weight_decay: 0.0500 (0.0500)  grad_norm: 0.0413 (0.0420)  time: 2.7014  data: 0.0004  max mem: 36959
Epoch: [131]  [30/56]  eta: 0:01:14  lr: 0.000074  min_lr: 0.000074  loss: 0.0121 (0.0118)  weight_decay: 0.0500 (0.0500)  grad_norm: 0.0413 (0.0426)  time: 2.7055  data: 0.0004  max mem: 36959
Epoch: [131]  [40/56]  eta: 0:00:45  lr: 0.000074  min_lr: 0.000074  loss: 0.0118 (0.0117)  weight_decay: 0.0500 (0.0500)  grad_norm: 0.0408 (0.0421)  time: 2.7188  data: 0.0003  max mem: 36959
Epoch: [131]  [50/56]  eta: 0:00:16  lr: 0.000074  min_lr: 0.000074  loss: 0.0117 (0.0117)  weight_decay: 0.0500 (0.0500)  grad_norm: 0.0405 (0.0423)  time: 2.6889  data: 0.0005  max mem: 36959
Epoch: [131]  [55/56]  eta: 0:00:02  lr: 0.000074  min_lr: 0.000074  loss: 0.0115 (0.0116)  weight_decay: 0.0500 (0.0500)  grad_norm: 0.0406 (0.0428)  time: 2.6750  data: 0.0005  max mem: 36959
Epoch: [131] Total time: 0:02:36 (2.7943 s / it)
Averaged stats: lr: 0.000074  min_lr: 0.000074  loss: 0.0115 (0.0117)  weight_decay: 0.0500 (0.0500)  grad_norm: 0.0406 (0.0428)
Epoch: [132]  [ 0/56]  eta: 0:06:43  lr: 0.000074  min_lr: 0.000074  loss: 0.0134 (0.0134)  weight_decay: 0.0500 (0.0500)  grad_norm: 0.0394 (0.0394)  time: 7.2006  data: 4.9599  max mem: 36959
Epoch: [132]  [10/56]  eta: 0:02:23  lr: 0.000074  min_lr: 0.000074  loss: 0.0111 (0.0110)  weight_decay: 0.0500 (0.0500)  grad_norm: 0.0432 (0.0433)  time: 3.1277  data: 0.4513  max mem: 36959
Epoch: [132]  [20/56]  eta: 0:01:44  lr: 0.000074  min_lr: 0.000074  loss: 0.0111 (0.0112)  weight_decay: 0.0500 (0.0500)  grad_norm: 0.0408 (0.0420)  time: 2.6903  data: 0.0004  max mem: 36959
Epoch: [132]  [30/56]  eta: 0:01:13  lr: 0.000074  min_lr: 0.000074  loss: 0.0117 (0.0115)  weight_decay: 0.0500 (0.0500)  grad_norm: 0.0404 (0.0420)  time: 2.6736  data: 0.0003  max mem: 36959
Epoch: [132]  [40/56]  eta: 0:00:44  lr: 0.000074  min_lr: 0.000074  loss: 0.0119 (0.0116)  weight_decay: 0.0500 (0.0500)  grad_norm: 0.0419 (0.0422)  time: 2.6452  data: 0.0003  max mem: 36959
Epoch: [132]  [50/56]  eta: 0:00:16  lr: 0.000074  min_lr: 0.000074  loss: 0.0115 (0.0115)  weight_decay: 0.0500 (0.0500)  grad_norm: 0.0422 (0.0422)  time: 2.6324  data: 0.0002  max mem: 36959
Epoch: [132]  [55/56]  eta: 0:00:02  lr: 0.000074  min_lr: 0.000074  loss: 0.0115 (0.0115)  weight_decay: 0.0500 (0.0500)  grad_norm: 0.0416 (0.0425)  time: 2.6484  data: 0.0002  max mem: 36959
Epoch: [132] Total time: 0:02:34 (2.7634 s / it)
Averaged stats: lr: 0.000074  min_lr: 0.000074  loss: 0.0115 (0.0117)  weight_decay: 0.0500 (0.0500)  grad_norm: 0.0416 (0.0425)
Epoch: [133]  [ 0/56]  eta: 0:07:00  lr: 0.000074  min_lr: 0.000074  loss: 0.0123 (0.0123)  weight_decay: 0.0500 (0.0500)  grad_norm: 0.0434 (0.0434)  time: 7.5034  data: 5.1678  max mem: 36959
Epoch: [133]  [10/56]  eta: 0:02:23  lr: 0.000074  min_lr: 0.000074  loss: 0.0109 (0.0111)  weight_decay: 0.0500 (0.0500)  grad_norm: 0.0425 (0.0434)  time: 3.1156  data: 0.4701  max mem: 36959
Epoch: [133]  [20/56]  eta: 0:01:44  lr: 0.000074  min_lr: 0.000074  loss: 0.0111 (0.0115)  weight_decay: 0.0500 (0.0500)  grad_norm: 0.0423 (0.0432)  time: 2.6807  data: 0.0003  max mem: 36959
Epoch: [133]  [30/56]  eta: 0:01:13  lr: 0.000074  min_lr: 0.000074  loss: 0.0118 (0.0117)  weight_decay: 0.0500 (0.0500)  grad_norm: 0.0423 (0.0431)  time: 2.6875  data: 0.0003  max mem: 36959
Epoch: [133]  [40/56]  eta: 0:00:44  lr: 0.000074  min_lr: 0.000074  loss: 0.0119 (0.0117)  weight_decay: 0.0500 (0.0500)  grad_norm: 0.0420 (0.0427)  time: 2.6982  data: 0.0003  max mem: 36959
Epoch: [133]  [50/56]  eta: 0:00:16  lr: 0.000074  min_lr: 0.000074  loss: 0.0117 (0.0116)  weight_decay: 0.0500 (0.0500)  grad_norm: 0.0427 (0.0428)  time: 2.6721  data: 0.0003  max mem: 36959
Epoch: [133]  [55/56]  eta: 0:00:02  lr: 0.000074  min_lr: 0.000074  loss: 0.0117 (0.0115)  weight_decay: 0.0500 (0.0500)  grad_norm: 0.0421 (0.0427)  time: 2.6387  data: 0.0003  max mem: 36959
Epoch: [133] Total time: 0:02:35 (2.7815 s / it)
Averaged stats: lr: 0.000074  min_lr: 0.000074  loss: 0.0117 (0.0118)  weight_decay: 0.0500 (0.0500)  grad_norm: 0.0421 (0.0427)
Epoch: [134]  [ 0/56]  eta: 0:07:18  lr: 0.000074  min_lr: 0.000074  loss: 0.0130 (0.0130)  weight_decay: 0.0500 (0.0500)  grad_norm: 0.0425 (0.0425)  time: 7.8333  data: 5.5794  max mem: 36959
Epoch: [134]  [10/56]  eta: 0:02:22  lr: 0.000074  min_lr: 0.000074  loss: 0.0103 (0.0109)  weight_decay: 0.0500 (0.0500)  grad_norm: 0.0406 (0.0407)  time: 3.1015  data: 0.5076  max mem: 36959
Epoch: [134]  [20/56]  eta: 0:01:45  lr: 0.000074  min_lr: 0.000074  loss: 0.0111 (0.0112)  weight_decay: 0.0500 (0.0500)  grad_norm: 0.0408 (0.0413)  time: 2.6881  data: 0.0003  max mem: 36959
Epoch: [134]  [30/56]  eta: 0:01:14  lr: 0.000074  min_lr: 0.000074  loss: 0.0114 (0.0114)  weight_decay: 0.0500 (0.0500)  grad_norm: 0.0412 (0.0411)  time: 2.7209  data: 0.0003  max mem: 36959
Epoch: [134]  [40/56]  eta: 0:00:45  lr: 0.000074  min_lr: 0.000074  loss: 0.0117 (0.0114)  weight_decay: 0.0500 (0.0500)  grad_norm: 0.0410 (0.0410)  time: 2.7238  data: 0.0002  max mem: 36959
Epoch: [134]  [50/56]  eta: 0:00:16  lr: 0.000074  min_lr: 0.000074  loss: 0.0110 (0.0114)  weight_decay: 0.0500 (0.0500)  grad_norm: 0.0410 (0.0412)  time: 2.6996  data: 0.0002  max mem: 36959
Epoch: [134]  [55/56]  eta: 0:00:02  lr: 0.000074  min_lr: 0.000074  loss: 0.0110 (0.0114)  weight_decay: 0.0500 (0.0500)  grad_norm: 0.0410 (0.0417)  time: 2.6899  data: 0.0003  max mem: 36959
Epoch: [134] Total time: 0:02:36 (2.8014 s / it)
Averaged stats: lr: 0.000074  min_lr: 0.000074  loss: 0.0110 (0.0115)  weight_decay: 0.0500 (0.0500)  grad_norm: 0.0410 (0.0417)
Epoch: [135]  [ 0/56]  eta: 0:06:53  lr: 0.000074  min_lr: 0.000074  loss: 0.0121 (0.0121)  weight_decay: 0.0500 (0.0500)  grad_norm: 0.0459 (0.0459)  time: 7.3775  data: 5.1614  max mem: 36959
Epoch: [135]  [10/56]  eta: 0:02:23  lr: 0.000074  min_lr: 0.000074  loss: 0.0113 (0.0110)  weight_decay: 0.0500 (0.0500)  grad_norm: 0.0456 (0.0454)  time: 3.1181  data: 0.4694  max mem: 36959
Epoch: [135]  [20/56]  eta: 0:01:46  lr: 0.000074  min_lr: 0.000074  loss: 0.0106 (0.0110)  weight_decay: 0.0500 (0.0500)  grad_norm: 0.0419 (0.0433)  time: 2.7398  data: 0.0002  max mem: 36959
Epoch: [135]  [30/56]  eta: 0:01:15  lr: 0.000074  min_lr: 0.000074  loss: 0.0113 (0.0113)  weight_decay: 0.0500 (0.0500)  grad_norm: 0.0406 (0.0430)  time: 2.7573  data: 0.0002  max mem: 36959
Epoch: [135]  [40/56]  eta: 0:00:45  lr: 0.000074  min_lr: 0.000074  loss: 0.0123 (0.0115)  weight_decay: 0.0500 (0.0500)  grad_norm: 0.0428 (0.0439)  time: 2.7307  data: 0.0002  max mem: 36959
Epoch: [135]  [50/56]  eta: 0:00:16  lr: 0.000074  min_lr: 0.000074  loss: 0.0120 (0.0115)  weight_decay: 0.0500 (0.0500)  grad_norm: 0.0453 (0.0445)  time: 2.7379  data: 0.0002  max mem: 36959
Epoch: [135]  [55/56]  eta: 0:00:02  lr: 0.000074  min_lr: 0.000074  loss: 0.0118 (0.0116)  weight_decay: 0.0500 (0.0500)  grad_norm: 0.0446 (0.0448)  time: 2.7735  data: 0.0002  max mem: 36959
Epoch: [135] Total time: 0:02:39 (2.8527 s / it)
Averaged stats: lr: 0.000074  min_lr: 0.000074  loss: 0.0118 (0.0118)  weight_decay: 0.0500 (0.0500)  grad_norm: 0.0446 (0.0448)
Epoch: [136]  [ 0/56]  eta: 0:06:44  lr: 0.000074  min_lr: 0.000074  loss: 0.0144 (0.0144)  weight_decay: 0.0500 (0.0500)  grad_norm: 0.0488 (0.0488)  time: 7.2174  data: 4.8959  max mem: 36959
Epoch: [136]  [10/56]  eta: 0:02:24  lr: 0.000074  min_lr: 0.000074  loss: 0.0113 (0.0115)  weight_decay: 0.0500 (0.0500)  grad_norm: 0.0433 (0.0457)  time: 3.1470  data: 0.4453  max mem: 36959
Epoch: [136]  [20/56]  eta: 0:01:44  lr: 0.000074  min_lr: 0.000074  loss: 0.0115 (0.0118)  weight_decay: 0.0500 (0.0500)  grad_norm: 0.0433 (0.0460)  time: 2.6975  data: 0.0002  max mem: 36959
Epoch: [136]  [30/56]  eta: 0:01:14  lr: 0.000074  min_lr: 0.000074  loss: 0.0118 (0.0118)  weight_decay: 0.0500 (0.0500)  grad_norm: 0.0423 (0.0446)  time: 2.7193  data: 0.0002  max mem: 36959
Epoch: [136]  [40/56]  eta: 0:00:45  lr: 0.000074  min_lr: 0.000074  loss: 0.0117 (0.0117)  weight_decay: 0.0500 (0.0500)  grad_norm: 0.0404 (0.0435)  time: 2.7381  data: 0.0003  max mem: 36959
Epoch: [136]  [50/56]  eta: 0:00:16  lr: 0.000074  min_lr: 0.000074  loss: 0.0110 (0.0116)  weight_decay: 0.0500 (0.0500)  grad_norm: 0.0403 (0.0434)  time: 2.7139  data: 0.0003  max mem: 36959
Epoch: [136]  [55/56]  eta: 0:00:02  lr: 0.000074  min_lr: 0.000074  loss: 0.0106 (0.0115)  weight_decay: 0.0500 (0.0500)  grad_norm: 0.0412 (0.0437)  time: 2.7330  data: 0.0002  max mem: 36959
Epoch: [136] Total time: 0:02:37 (2.8181 s / it)
Averaged stats: lr: 0.000074  min_lr: 0.000074  loss: 0.0106 (0.0118)  weight_decay: 0.0500 (0.0500)  grad_norm: 0.0412 (0.0437)
Epoch: [137]  [ 0/56]  eta: 0:07:01  lr: 0.000074  min_lr: 0.000074  loss: 0.0140 (0.0140)  weight_decay: 0.0500 (0.0500)  grad_norm: 0.0545 (0.0545)  time: 7.5336  data: 5.2588  max mem: 36959
Epoch: [137]  [10/56]  eta: 0:02:23  lr: 0.000074  min_lr: 0.000074  loss: 0.0109 (0.0113)  weight_decay: 0.0500 (0.0500)  grad_norm: 0.0452 (0.0441)  time: 3.1174  data: 0.4784  max mem: 36959
Epoch: [137]  [20/56]  eta: 0:01:44  lr: 0.000074  min_lr: 0.000074  loss: 0.0106 (0.0111)  weight_decay: 0.0500 (0.0500)  grad_norm: 0.0408 (0.0426)  time: 2.6804  data: 0.0003  max mem: 36959
Epoch: [137]  [30/56]  eta: 0:01:14  lr: 0.000074  min_lr: 0.000074  loss: 0.0107 (0.0112)  weight_decay: 0.0500 (0.0500)  grad_norm: 0.0408 (0.0419)  time: 2.7123  data: 0.0002  max mem: 36959
Epoch: [137]  [40/56]  eta: 0:00:44  lr: 0.000074  min_lr: 0.000074  loss: 0.0115 (0.0113)  weight_decay: 0.0500 (0.0500)  grad_norm: 0.0406 (0.0415)  time: 2.6808  data: 0.0002  max mem: 36959
Epoch: [137]  [50/56]  eta: 0:00:16  lr: 0.000074  min_lr: 0.000074  loss: 0.0113 (0.0113)  weight_decay: 0.0500 (0.0500)  grad_norm: 0.0406 (0.0413)  time: 2.6268  data: 0.0002  max mem: 36959
Epoch: [137]  [55/56]  eta: 0:00:02  lr: 0.000074  min_lr: 0.000074  loss: 0.0113 (0.0113)  weight_decay: 0.0500 (0.0500)  grad_norm: 0.0404 (0.0412)  time: 2.6774  data: 0.0002  max mem: 36959
Epoch: [137] Total time: 0:02:36 (2.7919 s / it)
Averaged stats: lr: 0.000074  min_lr: 0.000074  loss: 0.0113 (0.0116)  weight_decay: 0.0500 (0.0500)  grad_norm: 0.0404 (0.0412)
Epoch: [138]  [ 0/56]  eta: 0:06:48  lr: 0.000074  min_lr: 0.000074  loss: 0.0120 (0.0120)  weight_decay: 0.0500 (0.0500)  grad_norm: 0.0400 (0.0400)  time: 7.2983  data: 5.0443  max mem: 36959
Epoch: [138]  [10/56]  eta: 0:02:21  lr: 0.000074  min_lr: 0.000074  loss: 0.0112 (0.0109)  weight_decay: 0.0500 (0.0500)  grad_norm: 0.0412 (0.0417)  time: 3.0807  data: 0.4588  max mem: 36959
Epoch: [138]  [20/56]  eta: 0:01:43  lr: 0.000074  min_lr: 0.000074  loss: 0.0112 (0.0113)  weight_decay: 0.0500 (0.0500)  grad_norm: 0.0413 (0.0417)  time: 2.6654  data: 0.0002  max mem: 36959
Epoch: [138]  [30/56]  eta: 0:01:13  lr: 0.000074  min_lr: 0.000074  loss: 0.0121 (0.0115)  weight_decay: 0.0500 (0.0500)  grad_norm: 0.0426 (0.0431)  time: 2.6856  data: 0.0003  max mem: 36959
Epoch: [138]  [40/56]  eta: 0:00:44  lr: 0.000074  min_lr: 0.000074  loss: 0.0123 (0.0115)  weight_decay: 0.0500 (0.0500)  grad_norm: 0.0433 (0.0445)  time: 2.7068  data: 0.0002  max mem: 36959
Epoch: [138]  [50/56]  eta: 0:00:16  lr: 0.000074  min_lr: 0.000074  loss: 0.0112 (0.0115)  weight_decay: 0.0500 (0.0500)  grad_norm: 0.0428 (0.0444)  time: 2.7175  data: 0.0003  max mem: 36959
Epoch: [138]  [55/56]  eta: 0:00:02  lr: 0.000074  min_lr: 0.000074  loss: 0.0109 (0.0115)  weight_decay: 0.0500 (0.0500)  grad_norm: 0.0422 (0.0440)  time: 2.6958  data: 0.0002  max mem: 36959
Epoch: [138] Total time: 0:02:36 (2.7967 s / it)
Averaged stats: lr: 0.000074  min_lr: 0.000074  loss: 0.0109 (0.0117)  weight_decay: 0.0500 (0.0500)  grad_norm: 0.0422 (0.0440)
Epoch: [139]  [ 0/56]  eta: 0:07:33  lr: 0.000074  min_lr: 0.000074  loss: 0.0125 (0.0125)  weight_decay: 0.0500 (0.0500)  grad_norm: 0.0422 (0.0422)  time: 8.0986  data: 5.6356  max mem: 36959
Epoch: [139]  [10/56]  eta: 0:02:26  lr: 0.000074  min_lr: 0.000074  loss: 0.0112 (0.0110)  weight_decay: 0.0500 (0.0500)  grad_norm: 0.0396 (0.0404)  time: 3.1853  data: 0.5126  max mem: 36959
Epoch: [139]  [20/56]  eta: 0:01:46  lr: 0.000074  min_lr: 0.000074  loss: 0.0106 (0.0110)  weight_decay: 0.0500 (0.0500)  grad_norm: 0.0396 (0.0404)  time: 2.7062  data: 0.0003  max mem: 36959
Epoch: [139]  [30/56]  eta: 0:01:15  lr: 0.000074  min_lr: 0.000074  loss: 0.0107 (0.0113)  weight_decay: 0.0500 (0.0500)  grad_norm: 0.0407 (0.0408)  time: 2.7227  data: 0.0002  max mem: 36959
Epoch: [139]  [40/56]  eta: 0:00:45  lr: 0.000074  min_lr: 0.000074  loss: 0.0114 (0.0114)  weight_decay: 0.0500 (0.0500)  grad_norm: 0.0416 (0.0411)  time: 2.7201  data: 0.0003  max mem: 36959
Epoch: [139]  [50/56]  eta: 0:00:16  lr: 0.000074  min_lr: 0.000074  loss: 0.0114 (0.0114)  weight_decay: 0.0500 (0.0500)  grad_norm: 0.0416 (0.0412)  time: 2.7152  data: 0.0002  max mem: 36959
Epoch: [139]  [55/56]  eta: 0:00:02  lr: 0.000074  min_lr: 0.000074  loss: 0.0113 (0.0114)  weight_decay: 0.0500 (0.0500)  grad_norm: 0.0411 (0.0412)  time: 2.7449  data: 0.0002  max mem: 36959
Epoch: [139] Total time: 0:02:38 (2.8302 s / it)
Averaged stats: lr: 0.000074  min_lr: 0.000074  loss: 0.0113 (0.0115)  weight_decay: 0.0500 (0.0500)  grad_norm: 0.0411 (0.0412)
Epoch: [140]  [ 0/56]  eta: 0:06:58  lr: 0.000074  min_lr: 0.000074  loss: 0.0126 (0.0126)  weight_decay: 0.0500 (0.0500)  grad_norm: 0.0419 (0.0419)  time: 7.4769  data: 4.9413  max mem: 36959
Epoch: [140]  [10/56]  eta: 0:02:27  lr: 0.000074  min_lr: 0.000074  loss: 0.0109 (0.0111)  weight_decay: 0.0500 (0.0500)  grad_norm: 0.0412 (0.0413)  time: 3.2112  data: 0.4495  max mem: 36959
Epoch: [140]  [20/56]  eta: 0:01:47  lr: 0.000074  min_lr: 0.000074  loss: 0.0112 (0.0114)  weight_decay: 0.0500 (0.0500)  grad_norm: 0.0407 (0.0412)  time: 2.7657  data: 0.0003  max mem: 36959
Epoch: [140]  [30/56]  eta: 0:01:15  lr: 0.000074  min_lr: 0.000074  loss: 0.0115 (0.0117)  weight_decay: 0.0500 (0.0500)  grad_norm: 0.0420 (0.0416)  time: 2.7168  data: 0.0002  max mem: 36959
Epoch: [140]  [40/56]  eta: 0:00:45  lr: 0.000073  min_lr: 0.000073  loss: 0.0118 (0.0116)  weight_decay: 0.0500 (0.0500)  grad_norm: 0.0420 (0.0416)  time: 2.6624  data: 0.0003  max mem: 36959
Epoch: [140]  [50/56]  eta: 0:00:16  lr: 0.000073  min_lr: 0.000073  loss: 0.0113 (0.0115)  weight_decay: 0.0500 (0.0500)  grad_norm: 0.0417 (0.0420)  time: 2.6722  data: 0.0003  max mem: 36959
Epoch: [140]  [55/56]  eta: 0:00:02  lr: 0.000073  min_lr: 0.000073  loss: 0.0111 (0.0115)  weight_decay: 0.0500 (0.0500)  grad_norm: 0.0421 (0.0420)  time: 2.6899  data: 0.0003  max mem: 36959
Epoch: [140] Total time: 0:02:37 (2.8137 s / it)
Averaged stats: lr: 0.000073  min_lr: 0.000073  loss: 0.0111 (0.0117)  weight_decay: 0.0500 (0.0500)  grad_norm: 0.0421 (0.0420)
Epoch: [141]  [ 0/56]  eta: 0:06:53  lr: 0.000073  min_lr: 0.000073  loss: 0.0125 (0.0125)  weight_decay: 0.0500 (0.0500)  grad_norm: 0.0411 (0.0411)  time: 7.3841  data: 5.1953  max mem: 36959
Epoch: [141]  [10/56]  eta: 0:02:23  lr: 0.000073  min_lr: 0.000073  loss: 0.0112 (0.0109)  weight_decay: 0.0500 (0.0500)  grad_norm: 0.0421 (0.0429)  time: 3.1152  data: 0.4726  max mem: 36959
Epoch: [141]  [20/56]  eta: 0:01:45  lr: 0.000073  min_lr: 0.000073  loss: 0.0109 (0.0111)  weight_decay: 0.0500 (0.0500)  grad_norm: 0.0428 (0.0454)  time: 2.6975  data: 0.0003  max mem: 36959
Epoch: [141]  [30/56]  eta: 0:01:13  lr: 0.000073  min_lr: 0.000073  loss: 0.0115 (0.0113)  weight_decay: 0.0500 (0.0500)  grad_norm: 0.0416 (0.0441)  time: 2.6937  data: 0.0003  max mem: 36959
Epoch: [141]  [40/56]  eta: 0:00:44  lr: 0.000073  min_lr: 0.000073  loss: 0.0118 (0.0114)  weight_decay: 0.0500 (0.0500)  grad_norm: 0.0415 (0.0435)  time: 2.6697  data: 0.0003  max mem: 36959
Epoch: [141]  [50/56]  eta: 0:00:16  lr: 0.000073  min_lr: 0.000073  loss: 0.0118 (0.0114)  weight_decay: 0.0500 (0.0500)  grad_norm: 0.0418 (0.0433)  time: 2.6880  data: 0.0003  max mem: 36959
Epoch: [141]  [55/56]  eta: 0:00:02  lr: 0.000073  min_lr: 0.000073  loss: 0.0115 (0.0114)  weight_decay: 0.0500 (0.0500)  grad_norm: 0.0417 (0.0431)  time: 2.6862  data: 0.0002  max mem: 36959
Epoch: [141] Total time: 0:02:35 (2.7835 s / it)
Averaged stats: lr: 0.000073  min_lr: 0.000073  loss: 0.0115 (0.0116)  weight_decay: 0.0500 (0.0500)  grad_norm: 0.0417 (0.0431)
Epoch: [142]  [ 0/56]  eta: 0:07:37  lr: 0.000073  min_lr: 0.000073  loss: 0.0135 (0.0135)  weight_decay: 0.0500 (0.0500)  grad_norm: 0.0424 (0.0424)  time: 8.1615  data: 5.4320  max mem: 36959
Epoch: [142]  [10/56]  eta: 0:02:30  lr: 0.000073  min_lr: 0.000073  loss: 0.0106 (0.0112)  weight_decay: 0.0500 (0.0500)  grad_norm: 0.0416 (0.0418)  time: 3.2626  data: 0.4940  max mem: 36959
Epoch: [142]  [20/56]  eta: 0:01:48  lr: 0.000073  min_lr: 0.000073  loss: 0.0110 (0.0113)  weight_decay: 0.0500 (0.0500)  grad_norm: 0.0416 (0.0419)  time: 2.7607  data: 0.0002  max mem: 36959
Epoch: [142]  [30/56]  eta: 0:01:15  lr: 0.000073  min_lr: 0.000073  loss: 0.0113 (0.0115)  weight_decay: 0.0500 (0.0500)  grad_norm: 0.0421 (0.0420)  time: 2.7123  data: 0.0002  max mem: 36959
Epoch: [142]  [40/56]  eta: 0:00:45  lr: 0.000073  min_lr: 0.000073  loss: 0.0118 (0.0115)  weight_decay: 0.0500 (0.0500)  grad_norm: 0.0416 (0.0417)  time: 2.7227  data: 0.0003  max mem: 36959
Epoch: [142]  [50/56]  eta: 0:00:17  lr: 0.000073  min_lr: 0.000073  loss: 0.0113 (0.0114)  weight_decay: 0.0500 (0.0500)  grad_norm: 0.0410 (0.0417)  time: 2.7386  data: 0.0003  max mem: 36959
Epoch: [142]  [55/56]  eta: 0:00:02  lr: 0.000073  min_lr: 0.000073  loss: 0.0111 (0.0113)  weight_decay: 0.0500 (0.0500)  grad_norm: 0.0409 (0.0416)  time: 2.7504  data: 0.0003  max mem: 36959
Epoch: [142] Total time: 0:02:40 (2.8633 s / it)
Averaged stats: lr: 0.000073  min_lr: 0.000073  loss: 0.0111 (0.0115)  weight_decay: 0.0500 (0.0500)  grad_norm: 0.0409 (0.0416)
Epoch: [143]  [ 0/56]  eta: 0:06:56  lr: 0.000073  min_lr: 0.000073  loss: 0.0127 (0.0127)  weight_decay: 0.0500 (0.0500)  grad_norm: 0.0406 (0.0406)  time: 7.4399  data: 4.6797  max mem: 36959
Epoch: [143]  [10/56]  eta: 0:02:26  lr: 0.000073  min_lr: 0.000073  loss: 0.0109 (0.0109)  weight_decay: 0.0500 (0.0500)  grad_norm: 0.0406 (0.0409)  time: 3.1867  data: 0.4258  max mem: 36959
Epoch: [143]  [20/56]  eta: 0:01:45  lr: 0.000073  min_lr: 0.000073  loss: 0.0107 (0.0109)  weight_decay: 0.0500 (0.0500)  grad_norm: 0.0407 (0.0408)  time: 2.7162  data: 0.0004  max mem: 36959
Epoch: [143]  [30/56]  eta: 0:01:13  lr: 0.000073  min_lr: 0.000073  loss: 0.0113 (0.0111)  weight_decay: 0.0500 (0.0500)  grad_norm: 0.0417 (0.0411)  time: 2.6517  data: 0.0003  max mem: 36959
Epoch: [143]  [40/56]  eta: 0:00:44  lr: 0.000073  min_lr: 0.000073  loss: 0.0113 (0.0111)  weight_decay: 0.0500 (0.0500)  grad_norm: 0.0417 (0.0411)  time: 2.6331  data: 0.0003  max mem: 36959
Epoch: [143]  [50/56]  eta: 0:00:16  lr: 0.000073  min_lr: 0.000073  loss: 0.0110 (0.0112)  weight_decay: 0.0500 (0.0500)  grad_norm: 0.0411 (0.0412)  time: 2.6197  data: 0.0003  max mem: 36959
Epoch: [143]  [55/56]  eta: 0:00:02  lr: 0.000073  min_lr: 0.000073  loss: 0.0112 (0.0112)  weight_decay: 0.0500 (0.0500)  grad_norm: 0.0409 (0.0412)  time: 2.6510  data: 0.0003  max mem: 36959
Epoch: [143] Total time: 0:02:35 (2.7719 s / it)
Averaged stats: lr: 0.000073  min_lr: 0.000073  loss: 0.0112 (0.0114)  weight_decay: 0.0500 (0.0500)  grad_norm: 0.0409 (0.0412)
Epoch: [144]  [ 0/56]  eta: 0:06:55  lr: 0.000073  min_lr: 0.000073  loss: 0.0126 (0.0126)  weight_decay: 0.0500 (0.0500)  grad_norm: 0.0444 (0.0444)  time: 7.4246  data: 5.2351  max mem: 36959
Epoch: [144]  [10/56]  eta: 0:02:20  lr: 0.000073  min_lr: 0.000073  loss: 0.0107 (0.0111)  weight_decay: 0.0500 (0.0500)  grad_norm: 0.0420 (0.0424)  time: 3.0549  data: 0.4762  max mem: 36959
Epoch: [144]  [20/56]  eta: 0:01:42  lr: 0.000073  min_lr: 0.000073  loss: 0.0109 (0.0113)  weight_decay: 0.0500 (0.0500)  grad_norm: 0.0436 (0.0441)  time: 2.6234  data: 0.0004  max mem: 36959
Epoch: [144]  [30/56]  eta: 0:01:11  lr: 0.000073  min_lr: 0.000073  loss: 0.0115 (0.0115)  weight_decay: 0.0500 (0.0500)  grad_norm: 0.0439 (0.0436)  time: 2.5950  data: 0.0004  max mem: 36959
Epoch: [144]  [40/56]  eta: 0:00:43  lr: 0.000073  min_lr: 0.000073  loss: 0.0115 (0.0114)  weight_decay: 0.0500 (0.0500)  grad_norm: 0.0414 (0.0429)  time: 2.5859  data: 0.0003  max mem: 36959
Epoch: [144]  [50/56]  eta: 0:00:16  lr: 0.000073  min_lr: 0.000073  loss: 0.0112 (0.0113)  weight_decay: 0.0500 (0.0500)  grad_norm: 0.0408 (0.0426)  time: 2.6300  data: 0.0003  max mem: 36959
Epoch: [144]  [55/56]  eta: 0:00:02  lr: 0.000073  min_lr: 0.000073  loss: 0.0111 (0.0113)  weight_decay: 0.0500 (0.0500)  grad_norm: 0.0403 (0.0423)  time: 2.6379  data: 0.0004  max mem: 36959
Epoch: [144] Total time: 0:02:32 (2.7176 s / it)
Averaged stats: lr: 0.000073  min_lr: 0.000073  loss: 0.0111 (0.0114)  weight_decay: 0.0500 (0.0500)  grad_norm: 0.0403 (0.0423)
Epoch: [145]  [ 0/56]  eta: 0:06:57  lr: 0.000073  min_lr: 0.000073  loss: 0.0124 (0.0124)  weight_decay: 0.0500 (0.0500)  grad_norm: 0.0422 (0.0422)  time: 7.4602  data: 5.2962  max mem: 36959
Epoch: [145]  [10/56]  eta: 0:02:22  lr: 0.000073  min_lr: 0.000073  loss: 0.0107 (0.0106)  weight_decay: 0.0500 (0.0500)  grad_norm: 0.0397 (0.0402)  time: 3.1061  data: 0.4817  max mem: 36959
Epoch: [145]  [20/56]  eta: 0:01:44  lr: 0.000073  min_lr: 0.000073  loss: 0.0105 (0.0108)  weight_decay: 0.0500 (0.0500)  grad_norm: 0.0398 (0.0403)  time: 2.6669  data: 0.0003  max mem: 36959
Epoch: [145]  [30/56]  eta: 0:01:12  lr: 0.000073  min_lr: 0.000073  loss: 0.0108 (0.0111)  weight_decay: 0.0500 (0.0500)  grad_norm: 0.0403 (0.0407)  time: 2.6358  data: 0.0003  max mem: 36959
Epoch: [145]  [40/56]  eta: 0:00:44  lr: 0.000073  min_lr: 0.000073  loss: 0.0115 (0.0111)  weight_decay: 0.0500 (0.0500)  grad_norm: 0.0418 (0.0409)  time: 2.6137  data: 0.0003  max mem: 36959
Epoch: [145]  [50/56]  eta: 0:00:16  lr: 0.000073  min_lr: 0.000073  loss: 0.0112 (0.0112)  weight_decay: 0.0500 (0.0500)  grad_norm: 0.0419 (0.0411)  time: 2.6445  data: 0.0003  max mem: 36959
Epoch: [145]  [55/56]  eta: 0:00:02  lr: 0.000073  min_lr: 0.000073  loss: 0.0114 (0.0112)  weight_decay: 0.0500 (0.0500)  grad_norm: 0.0419 (0.0412)  time: 2.6448  data: 0.0003  max mem: 36959
Epoch: [145] Total time: 0:02:34 (2.7508 s / it)
Averaged stats: lr: 0.000073  min_lr: 0.000073  loss: 0.0114 (0.0112)  weight_decay: 0.0500 (0.0500)  grad_norm: 0.0419 (0.0412)
Epoch: [146]  [ 0/56]  eta: 0:06:39  lr: 0.000073  min_lr: 0.000073  loss: 0.0108 (0.0108)  weight_decay: 0.0500 (0.0500)  grad_norm: 0.0406 (0.0406)  time: 7.1367  data: 4.9713  max mem: 36959
Epoch: [146]  [10/56]  eta: 0:02:21  lr: 0.000073  min_lr: 0.000073  loss: 0.0107 (0.0107)  weight_decay: 0.0500 (0.0500)  grad_norm: 0.0434 (0.0485)  time: 3.0671  data: 0.4522  max mem: 36959
Epoch: [146]  [20/56]  eta: 0:01:43  lr: 0.000073  min_lr: 0.000073  loss: 0.0108 (0.0110)  weight_decay: 0.0500 (0.0500)  grad_norm: 0.0428 (0.0454)  time: 2.6755  data: 0.0003  max mem: 36959
Epoch: [146]  [30/56]  eta: 0:01:13  lr: 0.000073  min_lr: 0.000073  loss: 0.0118 (0.0112)  weight_decay: 0.0500 (0.0500)  grad_norm: 0.0423 (0.0445)  time: 2.6661  data: 0.0002  max mem: 36959
Epoch: [146]  [40/56]  eta: 0:00:44  lr: 0.000073  min_lr: 0.000073  loss: 0.0118 (0.0113)  weight_decay: 0.0500 (0.0500)  grad_norm: 0.0423 (0.0440)  time: 2.6321  data: 0.0002  max mem: 36959
Epoch: [146]  [50/56]  eta: 0:00:16  lr: 0.000073  min_lr: 0.000073  loss: 0.0113 (0.0112)  weight_decay: 0.0500 (0.0500)  grad_norm: 0.0435 (0.0441)  time: 2.6324  data: 0.0002  max mem: 36959
Epoch: [146]  [55/56]  eta: 0:00:02  lr: 0.000073  min_lr: 0.000073  loss: 0.0109 (0.0112)  weight_decay: 0.0500 (0.0500)  grad_norm: 0.0433 (0.0440)  time: 2.6330  data: 0.0003  max mem: 36959
Epoch: [146] Total time: 0:02:34 (2.7500 s / it)
Averaged stats: lr: 0.000073  min_lr: 0.000073  loss: 0.0109 (0.0115)  weight_decay: 0.0500 (0.0500)  grad_norm: 0.0433 (0.0440)
Epoch: [147]  [ 0/56]  eta: 0:07:12  lr: 0.000073  min_lr: 0.000073  loss: 0.0142 (0.0142)  weight_decay: 0.0500 (0.0500)  grad_norm: 0.0485 (0.0485)  time: 7.7289  data: 5.2528  max mem: 36959
Epoch: [147]  [10/56]  eta: 0:02:28  lr: 0.000073  min_lr: 0.000073  loss: 0.0104 (0.0105)  weight_decay: 0.0500 (0.0500)  grad_norm: 0.0401 (0.0416)  time: 3.2275  data: 0.4778  max mem: 36959
Epoch: [147]  [20/56]  eta: 0:01:45  lr: 0.000073  min_lr: 0.000073  loss: 0.0103 (0.0106)  weight_decay: 0.0500 (0.0500)  grad_norm: 0.0401 (0.0411)  time: 2.6926  data: 0.0003  max mem: 36959
Epoch: [147]  [30/56]  eta: 0:01:13  lr: 0.000073  min_lr: 0.000073  loss: 0.0108 (0.0109)  weight_decay: 0.0500 (0.0500)  grad_norm: 0.0412 (0.0412)  time: 2.6146  data: 0.0002  max mem: 36959
Epoch: [147]  [40/56]  eta: 0:00:44  lr: 0.000073  min_lr: 0.000073  loss: 0.0113 (0.0109)  weight_decay: 0.0500 (0.0500)  grad_norm: 0.0406 (0.0411)  time: 2.6089  data: 0.0002  max mem: 36959
Epoch: [147]  [50/56]  eta: 0:00:16  lr: 0.000073  min_lr: 0.000073  loss: 0.0114 (0.0110)  weight_decay: 0.0500 (0.0500)  grad_norm: 0.0406 (0.0412)  time: 2.6441  data: 0.0003  max mem: 36959
Epoch: [147]  [55/56]  eta: 0:00:02  lr: 0.000073  min_lr: 0.000073  loss: 0.0114 (0.0110)  weight_decay: 0.0500 (0.0500)  grad_norm: 0.0413 (0.0412)  time: 2.6554  data: 0.0003  max mem: 36959
Epoch: [147] Total time: 0:02:34 (2.7664 s / it)
Averaged stats: lr: 0.000073  min_lr: 0.000073  loss: 0.0114 (0.0111)  weight_decay: 0.0500 (0.0500)  grad_norm: 0.0413 (0.0412)
Epoch: [148]  [ 0/56]  eta: 0:06:44  lr: 0.000073  min_lr: 0.000073  loss: 0.0120 (0.0120)  weight_decay: 0.0500 (0.0500)  grad_norm: 0.0409 (0.0409)  time: 7.2255  data: 4.8310  max mem: 36959
Epoch: [148]  [10/56]  eta: 0:02:22  lr: 0.000073  min_lr: 0.000073  loss: 0.0109 (0.0109)  weight_decay: 0.0500 (0.0500)  grad_norm: 0.0408 (0.0411)  time: 3.1033  data: 0.4395  max mem: 36959
Epoch: [148]  [20/56]  eta: 0:01:44  lr: 0.000073  min_lr: 0.000073  loss: 0.0105 (0.0108)  weight_decay: 0.0500 (0.0500)  grad_norm: 0.0410 (0.0415)  time: 2.6995  data: 0.0003  max mem: 36959
Epoch: [148]  [30/56]  eta: 0:01:13  lr: 0.000073  min_lr: 0.000073  loss: 0.0110 (0.0110)  weight_decay: 0.0500 (0.0500)  grad_norm: 0.0419 (0.0417)  time: 2.6821  data: 0.0003  max mem: 36959
Epoch: [148]  [40/56]  eta: 0:00:44  lr: 0.000073  min_lr: 0.000073  loss: 0.0114 (0.0110)  weight_decay: 0.0500 (0.0500)  grad_norm: 0.0417 (0.0416)  time: 2.6565  data: 0.0003  max mem: 36959
Epoch: [148]  [50/56]  eta: 0:00:16  lr: 0.000073  min_lr: 0.000073  loss: 0.0109 (0.0109)  weight_decay: 0.0500 (0.0500)  grad_norm: 0.0410 (0.0415)  time: 2.6399  data: 0.0002  max mem: 36959
Epoch: [148]  [55/56]  eta: 0:00:02  lr: 0.000073  min_lr: 0.000073  loss: 0.0107 (0.0109)  weight_decay: 0.0500 (0.0500)  grad_norm: 0.0406 (0.0415)  time: 2.6335  data: 0.0002  max mem: 36959
Epoch: [148] Total time: 0:02:34 (2.7666 s / it)
Averaged stats: lr: 0.000073  min_lr: 0.000073  loss: 0.0107 (0.0111)  weight_decay: 0.0500 (0.0500)  grad_norm: 0.0406 (0.0415)
Epoch: [149]  [ 0/56]  eta: 0:07:01  lr: 0.000073  min_lr: 0.000073  loss: 0.0119 (0.0119)  weight_decay: 0.0500 (0.0500)  grad_norm: 0.0408 (0.0408)  time: 7.5307  data: 4.6755  max mem: 36959
Epoch: [149]  [10/56]  eta: 0:02:20  lr: 0.000073  min_lr: 0.000073  loss: 0.0105 (0.0103)  weight_decay: 0.0500 (0.0500)  grad_norm: 0.0408 (0.0408)  time: 3.0550  data: 0.4254  max mem: 36959
Epoch: [149]  [20/56]  eta: 0:01:44  lr: 0.000073  min_lr: 0.000073  loss: 0.0105 (0.0106)  weight_decay: 0.0500 (0.0500)  grad_norm: 0.0400 (0.0412)  time: 2.6612  data: 0.0003  max mem: 36959
Epoch: [149]  [30/56]  eta: 0:01:13  lr: 0.000073  min_lr: 0.000073  loss: 0.0108 (0.0108)  weight_decay: 0.0500 (0.0500)  grad_norm: 0.0414 (0.0413)  time: 2.6816  data: 0.0003  max mem: 36959
Epoch: [149]  [40/56]  eta: 0:00:44  lr: 0.000073  min_lr: 0.000073  loss: 0.0112 (0.0109)  weight_decay: 0.0500 (0.0500)  grad_norm: 0.0417 (0.0414)  time: 2.6282  data: 0.0003  max mem: 36959
Epoch: [149]  [50/56]  eta: 0:00:16  lr: 0.000073  min_lr: 0.000073  loss: 0.0110 (0.0109)  weight_decay: 0.0500 (0.0500)  grad_norm: 0.0414 (0.0414)  time: 2.6551  data: 0.0002  max mem: 36959
Epoch: [149]  [55/56]  eta: 0:00:02  lr: 0.000073  min_lr: 0.000073  loss: 0.0109 (0.0108)  weight_decay: 0.0500 (0.0500)  grad_norm: 0.0411 (0.0413)  time: 2.6674  data: 0.0003  max mem: 36959
Epoch: [149] Total time: 0:02:34 (2.7608 s / it)
Averaged stats: lr: 0.000073  min_lr: 0.000073  loss: 0.0109 (0.0110)  weight_decay: 0.0500 (0.0500)  grad_norm: 0.0411 (0.0413)
Epoch: [150]  [ 0/56]  eta: 0:05:12  lr: 0.000073  min_lr: 0.000073  loss: 0.0122 (0.0122)  weight_decay: 0.0500 (0.0500)  grad_norm: 0.0427 (0.0427)  time: 5.5716  data: 3.3784  max mem: 36959
