job is starting on gpuc05.delta.ncsa.illinois.edu
| distributed init (rank 0): env://, gpu 0
| distributed init (rank 1): env://, gpu 1
| distributed init (rank 5): env://, gpu 5
| distributed init (rank 3): env://, gpu 3
| distributed init (rank 7): env://, gpu 7
| distributed init (rank 2): env://, gpu 2
| distributed init (rank 4): env://, gpu 4
| distributed init (rank 6): env://, gpu 6
dataset_train size = 40780
dataset_val size = 416
Namespace(run_name='model/pretrain/S_MAE_rgb-depth-caption', batch_size=48, full_img_size=673, eff_img_size=673, target_size=224, mask_proportion=0.6, patch_size=32, epochs=500, accum_iter=1, save_ckpt_freq=100, model='sarformer_s', dtype='bf16', cond_domains=['rgb', 'depth', 'caption'], loss_type='bce', distance_type='euclidean', objective='mae', crop_std=1e+16, hflip=0.5, vflip=0.5, finetune='', opt='adamw', opt_eps=1e-08, opt_betas=[0.9, 0.99], compute_grad_norm=True, clip_grad=None, skip_grad=None, momentum=0.9, weight_decay=0.05, weight_decay_end=None, blr=0.0001, min_blr=0.0, lr_and_wd_scheduler='cosine', warmup_epochs=50, cooldown_epochs=10, eval_data_path='/scratch/bdej/cohanlon/data/eval', num_eval_metrics_samples=416, num_logged_images=9, eval_batch_size=None, eval_freq=25, eval_metric_freq=10, eval_image_log_freq=50, dist_eval=True, eval_only=False, output_dir='/scratch/bdej/cohanlon/checkpoints/sarformer/model/pretrain/S_MAE_rgb-depth-caption', device='cuda', seed=0, start_epoch=0, num_workers=110, pin_mem=True, show_user_warnings=False, log_wandb=True, wandb_project='model', wandb_entity='sarformer', wandb_run_name='pretrain/S_MAE_rgb-depth-caption', dist_url='env://', print_all=False, warmup_lr=1e-06, min_lr=0.0, eval_metrics_freq=100, data_path='/scratch/bdej/cohanlon/data/train', config_path='cfgs/sarformer/model/pretrain/S_MAE_rgb-depth-caption.yaml', rank=0, world_size=8, gpu=0, distributed=True, dist_backend='nccl', all_domains=['rgb', 'depth', 'caption', 'mask'], is_pretraining=True)
Creating model: sarformer_s conditioned on ['rgb', 'depth', 'caption']
Model = SARFormer(
  (seq_encoder): T5EncoderModel(
    (shared): Embedding(32128, 512)
    (encoder): T5Stack(
      (embed_tokens): Embedding(32128, 512)
      (block): ModuleList(
        (0): T5Block(
          (layer): ModuleList(
            (0): T5LayerSelfAttention(
              (SelfAttention): T5Attention(
                (q): Linear(in_features=512, out_features=384, bias=False)
                (k): Linear(in_features=512, out_features=384, bias=False)
                (v): Linear(in_features=512, out_features=384, bias=False)
                (o): Linear(in_features=384, out_features=512, bias=False)
                (relative_attention_bias): Embedding(32, 6)
              )
              (layer_norm): T5LayerNorm()
              (dropout): Dropout(p=0.1, inplace=False)
            )
            (1): T5LayerFF(
              (DenseReluDense): T5DenseGatedActDense(
                (wi_0): Linear(in_features=512, out_features=1024, bias=False)
                (wi_1): Linear(in_features=512, out_features=1024, bias=False)
                (wo): Linear(in_features=1024, out_features=512, bias=False)
                (dropout): Dropout(p=0.1, inplace=False)
                (act): NewGELUActivation()
              )
              (layer_norm): T5LayerNorm()
              (dropout): Dropout(p=0.1, inplace=False)
            )
          )
        )
        (1-7): 7 x T5Block(
          (layer): ModuleList(
            (0): T5LayerSelfAttention(
              (SelfAttention): T5Attention(
                (q): Linear(in_features=512, out_features=384, bias=False)
                (k): Linear(in_features=512, out_features=384, bias=False)
                (v): Linear(in_features=512, out_features=384, bias=False)
                (o): Linear(in_features=384, out_features=512, bias=False)
              )
              (layer_norm): T5LayerNorm()
              (dropout): Dropout(p=0.1, inplace=False)
            )
            (1): T5LayerFF(
              (DenseReluDense): T5DenseGatedActDense(
                (wi_0): Linear(in_features=512, out_features=1024, bias=False)
                (wi_1): Linear(in_features=512, out_features=1024, bias=False)
                (wo): Linear(in_features=1024, out_features=512, bias=False)
                (dropout): Dropout(p=0.1, inplace=False)
                (act): NewGELUActivation()
              )
              (layer_norm): T5LayerNorm()
              (dropout): Dropout(p=0.1, inplace=False)
            )
          )
        )
      )
      (final_layer_norm): T5LayerNorm()
      (dropout): Dropout(p=0.1, inplace=False)
    )
  )
  (backbone): PatchedConvNeXtUNet(
    (in_proj): Linear(in_features=64, out_features=64, bias=True)
    (down_blocks): ModuleList(
      (0): ConditionedSequential(
        (0): ConvNeXtV2Block(
          (skip_proj): Identity()
          (dwconv): Conv2d(64, 64, kernel_size=(7, 7), stride=(1, 1), padding=(3, 3), groups=64)
          (norm): LayerNorm((64,), eps=1e-06, elementwise_affine=True)
          (pwconv1): Linear(in_features=64, out_features=256, bias=True)
          (act): SiLU()
          (grn): GRN()
          (pwconv2): Linear(in_features=256, out_features=64, bias=True)
          (drop_path): Identity()
        )
        (1): ConvNeXtV2Block(
          (skip_proj): Identity()
          (dwconv): Conv2d(64, 64, kernel_size=(7, 7), stride=(1, 1), padding=(3, 3), groups=64)
          (norm): LayerNorm((64,), eps=1e-06, elementwise_affine=True)
          (pwconv1): Linear(in_features=64, out_features=256, bias=True)
          (act): SiLU()
          (grn): GRN()
          (pwconv2): Linear(in_features=256, out_features=64, bias=True)
          (drop_path): Identity()
        )
        (2): ConvNeXtV2Block(
          (skip_proj): Identity()
          (dwconv): Conv2d(64, 64, kernel_size=(7, 7), stride=(1, 1), padding=(3, 3), groups=64)
          (norm): LayerNorm((64,), eps=1e-06, elementwise_affine=True)
          (pwconv1): Linear(in_features=64, out_features=256, bias=True)
          (act): SiLU()
          (grn): GRN()
          (pwconv2): Linear(in_features=256, out_features=64, bias=True)
          (drop_path): Identity()
        )
        (3): ConvNeXtV2Block(
          (skip_proj): Identity()
          (dwconv): Conv2d(64, 64, kernel_size=(7, 7), stride=(1, 1), padding=(3, 3), groups=64)
          (norm): LayerNorm((64,), eps=1e-06, elementwise_affine=True)
          (pwconv1): Linear(in_features=64, out_features=256, bias=True)
          (act): SiLU()
          (grn): GRN()
          (pwconv2): Linear(in_features=256, out_features=64, bias=True)
          (drop_path): Identity()
        )
        (4): ConvNeXtV2Block(
          (skip_proj): Linear(in_features=64, out_features=128, bias=True)
          (dwconv): Conv2d(64, 64, kernel_size=(7, 7), stride=(1, 1), padding=(3, 3), groups=64)
          (norm): LayerNorm((64,), eps=1e-06, elementwise_affine=True)
          (pwconv1): Linear(in_features=64, out_features=256, bias=True)
          (act): SiLU()
          (grn): GRN()
          (pwconv2): Linear(in_features=256, out_features=128, bias=True)
          (drop_path): Identity()
        )
        (5): NormCrossAttentionBlock(
          (q): Linear(in_features=128, out_features=128, bias=True)
          (kv): Linear(in_features=512, out_features=256, bias=True)
          (attn_drop): Dropout(p=0.0, inplace=False)
          (proj): Linear(in_features=128, out_features=128, bias=True)
          (proj_drop): Dropout(p=0.0, inplace=False)
          (q_norm): LayerNorm((16,), eps=1e-05, elementwise_affine=True)
          (k_norm): LayerNorm((16,), eps=1e-05, elementwise_affine=True)
        )
      )
      (1): ConditionedSequential(
        (0): Downsample(
          scale_factor=0.5
          (pool): AvgPool2d(kernel_size=2, stride=2, padding=0)
        )
        (1): ConvNeXtV2Block(
          (skip_proj): Identity()
          (dwconv): Conv2d(128, 128, kernel_size=(7, 7), stride=(1, 1), padding=(3, 3), groups=128)
          (norm): LayerNorm((128,), eps=1e-06, elementwise_affine=True)
          (pwconv1): Linear(in_features=128, out_features=512, bias=True)
          (act): SiLU()
          (grn): GRN()
          (pwconv2): Linear(in_features=512, out_features=128, bias=True)
          (drop_path): Identity()
        )
        (2): ConvNeXtV2Block(
          (skip_proj): Identity()
          (dwconv): Conv2d(128, 128, kernel_size=(7, 7), stride=(1, 1), padding=(3, 3), groups=128)
          (norm): LayerNorm((128,), eps=1e-06, elementwise_affine=True)
          (pwconv1): Linear(in_features=128, out_features=512, bias=True)
          (act): SiLU()
          (grn): GRN()
          (pwconv2): Linear(in_features=512, out_features=128, bias=True)
          (drop_path): Identity()
        )
        (3): ConvNeXtV2Block(
          (skip_proj): Identity()
          (dwconv): Conv2d(128, 128, kernel_size=(7, 7), stride=(1, 1), padding=(3, 3), groups=128)
          (norm): LayerNorm((128,), eps=1e-06, elementwise_affine=True)
          (pwconv1): Linear(in_features=128, out_features=512, bias=True)
          (act): SiLU()
          (grn): GRN()
          (pwconv2): Linear(in_features=512, out_features=128, bias=True)
          (drop_path): Identity()
        )
        (4): ConvNeXtV2Block(
          (skip_proj): Identity()
          (dwconv): Conv2d(128, 128, kernel_size=(7, 7), stride=(1, 1), padding=(3, 3), groups=128)
          (norm): LayerNorm((128,), eps=1e-06, elementwise_affine=True)
          (pwconv1): Linear(in_features=128, out_features=512, bias=True)
          (act): SiLU()
          (grn): GRN()
          (pwconv2): Linear(in_features=512, out_features=128, bias=True)
          (drop_path): Identity()
        )
        (5): ConvNeXtV2Block(
          (skip_proj): Linear(in_features=128, out_features=256, bias=True)
          (dwconv): Conv2d(128, 128, kernel_size=(7, 7), stride=(1, 1), padding=(3, 3), groups=128)
          (norm): LayerNorm((128,), eps=1e-06, elementwise_affine=True)
          (pwconv1): Linear(in_features=128, out_features=512, bias=True)
          (act): SiLU()
          (grn): GRN()
          (pwconv2): Linear(in_features=512, out_features=256, bias=True)
          (drop_path): Identity()
        )
        (6): NormCrossAttentionBlock(
          (q): Linear(in_features=256, out_features=256, bias=True)
          (kv): Linear(in_features=512, out_features=512, bias=True)
          (attn_drop): Dropout(p=0.0, inplace=False)
          (proj): Linear(in_features=256, out_features=256, bias=True)
          (proj_drop): Dropout(p=0.0, inplace=False)
          (q_norm): LayerNorm((32,), eps=1e-05, elementwise_affine=True)
          (k_norm): LayerNorm((32,), eps=1e-05, elementwise_affine=True)
        )
      )
      (2): ConditionedSequential(
        (0): Downsample(
          scale_factor=0.5
          (pool): AvgPool2d(kernel_size=2, stride=2, padding=0)
        )
        (1): ConvNeXtV2Block(
          (skip_proj): Identity()
          (dwconv): Conv2d(256, 256, kernel_size=(7, 7), stride=(1, 1), padding=(3, 3), groups=256)
          (norm): LayerNorm((256,), eps=1e-06, elementwise_affine=True)
          (pwconv1): Linear(in_features=256, out_features=1024, bias=True)
          (act): SiLU()
          (grn): GRN()
          (pwconv2): Linear(in_features=1024, out_features=256, bias=True)
          (drop_path): Identity()
        )
        (2): ConvNeXtV2Block(
          (skip_proj): Identity()
          (dwconv): Conv2d(256, 256, kernel_size=(7, 7), stride=(1, 1), padding=(3, 3), groups=256)
          (norm): LayerNorm((256,), eps=1e-06, elementwise_affine=True)
          (pwconv1): Linear(in_features=256, out_features=1024, bias=True)
          (act): SiLU()
          (grn): GRN()
          (pwconv2): Linear(in_features=1024, out_features=256, bias=True)
          (drop_path): Identity()
        )
        (3): ConvNeXtV2Block(
          (skip_proj): Identity()
          (dwconv): Conv2d(256, 256, kernel_size=(7, 7), stride=(1, 1), padding=(3, 3), groups=256)
          (norm): LayerNorm((256,), eps=1e-06, elementwise_affine=True)
          (pwconv1): Linear(in_features=256, out_features=1024, bias=True)
          (act): SiLU()
          (grn): GRN()
          (pwconv2): Linear(in_features=1024, out_features=256, bias=True)
          (drop_path): Identity()
        )
        (4): ConvNeXtV2Block(
          (skip_proj): Identity()
          (dwconv): Conv2d(256, 256, kernel_size=(7, 7), stride=(1, 1), padding=(3, 3), groups=256)
          (norm): LayerNorm((256,), eps=1e-06, elementwise_affine=True)
          (pwconv1): Linear(in_features=256, out_features=1024, bias=True)
          (act): SiLU()
          (grn): GRN()
          (pwconv2): Linear(in_features=1024, out_features=256, bias=True)
          (drop_path): Identity()
        )
        (5): ConvNeXtV2Block(
          (skip_proj): Linear(in_features=256, out_features=512, bias=True)
          (dwconv): Conv2d(256, 256, kernel_size=(7, 7), stride=(1, 1), padding=(3, 3), groups=256)
          (norm): LayerNorm((256,), eps=1e-06, elementwise_affine=True)
          (pwconv1): Linear(in_features=256, out_features=1024, bias=True)
          (act): SiLU()
          (grn): GRN()
          (pwconv2): Linear(in_features=1024, out_features=512, bias=True)
          (drop_path): Identity()
        )
        (6): NormCrossAttentionBlock(
          (q): Linear(in_features=512, out_features=512, bias=True)
          (kv): Linear(in_features=512, out_features=1024, bias=True)
          (attn_drop): Dropout(p=0.0, inplace=False)
          (proj): Linear(in_features=512, out_features=512, bias=True)
          (proj_drop): Dropout(p=0.0, inplace=False)
          (q_norm): LayerNorm((64,), eps=1e-05, elementwise_affine=True)
          (k_norm): LayerNorm((64,), eps=1e-05, elementwise_affine=True)
        )
      )
    )
    (middle_block): ConditionedSequential(
      (0): Downsample(
        scale_factor=0.5
        (pool): AvgPool2d(kernel_size=2, stride=2, padding=0)
      )
      (1): ConvNeXtV2Block(
        (skip_proj): Identity()
        (dwconv): Conv2d(512, 512, kernel_size=(7, 7), stride=(1, 1), padding=(3, 3), groups=512)
        (norm): LayerNorm((512,), eps=1e-06, elementwise_affine=True)
        (pwconv1): Linear(in_features=512, out_features=2048, bias=True)
        (act): SiLU()
        (grn): GRN()
        (pwconv2): Linear(in_features=2048, out_features=512, bias=True)
        (drop_path): Identity()
      )
      (2): ConvNeXtV2Block(
        (skip_proj): Identity()
        (dwconv): Conv2d(512, 512, kernel_size=(7, 7), stride=(1, 1), padding=(3, 3), groups=512)
        (norm): LayerNorm((512,), eps=1e-06, elementwise_affine=True)
        (pwconv1): Linear(in_features=512, out_features=2048, bias=True)
        (act): SiLU()
        (grn): GRN()
        (pwconv2): Linear(in_features=2048, out_features=512, bias=True)
        (drop_path): Identity()
      )
      (3): ConvNeXtV2Block(
        (skip_proj): Identity()
        (dwconv): Conv2d(512, 512, kernel_size=(7, 7), stride=(1, 1), padding=(3, 3), groups=512)
        (norm): LayerNorm((512,), eps=1e-06, elementwise_affine=True)
        (pwconv1): Linear(in_features=512, out_features=2048, bias=True)
        (act): SiLU()
        (grn): GRN()
        (pwconv2): Linear(in_features=2048, out_features=512, bias=True)
        (drop_path): Identity()
      )
      (4): ConvNeXtV2Block(
        (skip_proj): Identity()
        (dwconv): Conv2d(512, 512, kernel_size=(7, 7), stride=(1, 1), padding=(3, 3), groups=512)
        (norm): LayerNorm((512,), eps=1e-06, elementwise_affine=True)
        (pwconv1): Linear(in_features=512, out_features=2048, bias=True)
        (act): SiLU()
        (grn): GRN()
        (pwconv2): Linear(in_features=2048, out_features=512, bias=True)
        (drop_path): Identity()
      )
      (5): ConvNeXtV2Block(
        (skip_proj): Linear(in_features=512, out_features=1024, bias=True)
        (dwconv): Conv2d(512, 512, kernel_size=(7, 7), stride=(1, 1), padding=(3, 3), groups=512)
        (norm): LayerNorm((512,), eps=1e-06, elementwise_affine=True)
        (pwconv1): Linear(in_features=512, out_features=2048, bias=True)
        (act): SiLU()
        (grn): GRN()
        (pwconv2): Linear(in_features=2048, out_features=1024, bias=True)
        (drop_path): Identity()
      )
      (6): NormCrossAttentionBlock(
        (q): Linear(in_features=1024, out_features=1024, bias=True)
        (kv): Linear(in_features=512, out_features=2048, bias=True)
        (attn_drop): Dropout(p=0.0, inplace=False)
        (proj): Linear(in_features=1024, out_features=1024, bias=True)
        (proj_drop): Dropout(p=0.0, inplace=False)
        (q_norm): LayerNorm((128,), eps=1e-05, elementwise_affine=True)
        (k_norm): LayerNorm((128,), eps=1e-05, elementwise_affine=True)
      )
      (7): ConvNeXtV2Block(
        (skip_proj): Identity()
        (dwconv): Conv2d(1024, 1024, kernel_size=(7, 7), stride=(1, 1), padding=(3, 3), groups=1024)
        (norm): LayerNorm((1024,), eps=1e-06, elementwise_affine=True)
        (pwconv1): Linear(in_features=1024, out_features=4096, bias=True)
        (act): SiLU()
        (grn): GRN()
        (pwconv2): Linear(in_features=4096, out_features=1024, bias=True)
        (drop_path): Identity()
      )
      (8): ConvNeXtV2Block(
        (skip_proj): Identity()
        (dwconv): Conv2d(1024, 1024, kernel_size=(7, 7), stride=(1, 1), padding=(3, 3), groups=1024)
        (norm): LayerNorm((1024,), eps=1e-06, elementwise_affine=True)
        (pwconv1): Linear(in_features=1024, out_features=4096, bias=True)
        (act): SiLU()
        (grn): GRN()
        (pwconv2): Linear(in_features=4096, out_features=1024, bias=True)
        (drop_path): Identity()
      )
      (9): ConvNeXtV2Block(
        (skip_proj): Identity()
        (dwconv): Conv2d(1024, 1024, kernel_size=(7, 7), stride=(1, 1), padding=(3, 3), groups=1024)
        (norm): LayerNorm((1024,), eps=1e-06, elementwise_affine=True)
        (pwconv1): Linear(in_features=1024, out_features=4096, bias=True)
        (act): SiLU()
        (grn): GRN()
        (pwconv2): Linear(in_features=4096, out_features=1024, bias=True)
        (drop_path): Identity()
      )
      (10): ConvNeXtV2Block(
        (skip_proj): Identity()
        (dwconv): Conv2d(1024, 1024, kernel_size=(7, 7), stride=(1, 1), padding=(3, 3), groups=1024)
        (norm): LayerNorm((1024,), eps=1e-06, elementwise_affine=True)
        (pwconv1): Linear(in_features=1024, out_features=4096, bias=True)
        (act): SiLU()
        (grn): GRN()
        (pwconv2): Linear(in_features=4096, out_features=1024, bias=True)
        (drop_path): Identity()
      )
      (11): ConvNeXtV2Block(
        (skip_proj): Linear(in_features=1024, out_features=512, bias=True)
        (dwconv): Conv2d(1024, 1024, kernel_size=(7, 7), stride=(1, 1), padding=(3, 3), groups=1024)
        (norm): LayerNorm((1024,), eps=1e-06, elementwise_affine=True)
        (pwconv1): Linear(in_features=1024, out_features=4096, bias=True)
        (act): SiLU()
        (grn): GRN()
        (pwconv2): Linear(in_features=4096, out_features=512, bias=True)
        (drop_path): Identity()
      )
      (12): Upsample(scale_factor=2.0, mode=nearest)
    )
    (up_blocks): ModuleList(
      (0): ConditionedSequential(
        (0): ConvNeXtV2Block(
          (skip_proj): Linear(in_features=1024, out_features=512, bias=True)
          (dwconv): Conv2d(1024, 1024, kernel_size=(7, 7), stride=(1, 1), padding=(3, 3), groups=1024)
          (norm): LayerNorm((1024,), eps=1e-06, elementwise_affine=True)
          (pwconv1): Linear(in_features=1024, out_features=4096, bias=True)
          (act): SiLU()
          (grn): GRN()
          (pwconv2): Linear(in_features=4096, out_features=512, bias=True)
          (drop_path): Identity()
        )
        (1): ConvNeXtV2Block(
          (skip_proj): Identity()
          (dwconv): Conv2d(512, 512, kernel_size=(7, 7), stride=(1, 1), padding=(3, 3), groups=512)
          (norm): LayerNorm((512,), eps=1e-06, elementwise_affine=True)
          (pwconv1): Linear(in_features=512, out_features=2048, bias=True)
          (act): SiLU()
          (grn): GRN()
          (pwconv2): Linear(in_features=2048, out_features=512, bias=True)
          (drop_path): Identity()
        )
        (2): ConvNeXtV2Block(
          (skip_proj): Identity()
          (dwconv): Conv2d(512, 512, kernel_size=(7, 7), stride=(1, 1), padding=(3, 3), groups=512)
          (norm): LayerNorm((512,), eps=1e-06, elementwise_affine=True)
          (pwconv1): Linear(in_features=512, out_features=2048, bias=True)
          (act): SiLU()
          (grn): GRN()
          (pwconv2): Linear(in_features=2048, out_features=512, bias=True)
          (drop_path): Identity()
        )
        (3): ConvNeXtV2Block(
          (skip_proj): Identity()
          (dwconv): Conv2d(512, 512, kernel_size=(7, 7), stride=(1, 1), padding=(3, 3), groups=512)
          (norm): LayerNorm((512,), eps=1e-06, elementwise_affine=True)
          (pwconv1): Linear(in_features=512, out_features=2048, bias=True)
          (act): SiLU()
          (grn): GRN()
          (pwconv2): Linear(in_features=2048, out_features=512, bias=True)
          (drop_path): Identity()
        )
        (4): ConvNeXtV2Block(
          (skip_proj): Linear(in_features=512, out_features=256, bias=True)
          (dwconv): Conv2d(512, 512, kernel_size=(7, 7), stride=(1, 1), padding=(3, 3), groups=512)
          (norm): LayerNorm((512,), eps=1e-06, elementwise_affine=True)
          (pwconv1): Linear(in_features=512, out_features=2048, bias=True)
          (act): SiLU()
          (grn): GRN()
          (pwconv2): Linear(in_features=2048, out_features=256, bias=True)
          (drop_path): Identity()
        )
        (5): NormCrossAttentionBlock(
          (q): Linear(in_features=256, out_features=256, bias=True)
          (kv): Linear(in_features=512, out_features=512, bias=True)
          (attn_drop): Dropout(p=0.0, inplace=False)
          (proj): Linear(in_features=256, out_features=256, bias=True)
          (proj_drop): Dropout(p=0.0, inplace=False)
          (q_norm): LayerNorm((32,), eps=1e-05, elementwise_affine=True)
          (k_norm): LayerNorm((32,), eps=1e-05, elementwise_affine=True)
        )
        (6): Upsample(scale_factor=2.0, mode=nearest)
      )
      (1): ConditionedSequential(
        (0): ConvNeXtV2Block(
          (skip_proj): Linear(in_features=512, out_features=256, bias=True)
          (dwconv): Conv2d(512, 512, kernel_size=(7, 7), stride=(1, 1), padding=(3, 3), groups=512)
          (norm): LayerNorm((512,), eps=1e-06, elementwise_affine=True)
          (pwconv1): Linear(in_features=512, out_features=2048, bias=True)
          (act): SiLU()
          (grn): GRN()
          (pwconv2): Linear(in_features=2048, out_features=256, bias=True)
          (drop_path): Identity()
        )
        (1): ConvNeXtV2Block(
          (skip_proj): Identity()
          (dwconv): Conv2d(256, 256, kernel_size=(7, 7), stride=(1, 1), padding=(3, 3), groups=256)
          (norm): LayerNorm((256,), eps=1e-06, elementwise_affine=True)
          (pwconv1): Linear(in_features=256, out_features=1024, bias=True)
          (act): SiLU()
          (grn): GRN()
          (pwconv2): Linear(in_features=1024, out_features=256, bias=True)
          (drop_path): Identity()
        )
        (2): ConvNeXtV2Block(
          (skip_proj): Identity()
          (dwconv): Conv2d(256, 256, kernel_size=(7, 7), stride=(1, 1), padding=(3, 3), groups=256)
          (norm): LayerNorm((256,), eps=1e-06, elementwise_affine=True)
          (pwconv1): Linear(in_features=256, out_features=1024, bias=True)
          (act): SiLU()
          (grn): GRN()
          (pwconv2): Linear(in_features=1024, out_features=256, bias=True)
          (drop_path): Identity()
        )
        (3): ConvNeXtV2Block(
          (skip_proj): Identity()
          (dwconv): Conv2d(256, 256, kernel_size=(7, 7), stride=(1, 1), padding=(3, 3), groups=256)
          (norm): LayerNorm((256,), eps=1e-06, elementwise_affine=True)
          (pwconv1): Linear(in_features=256, out_features=1024, bias=True)
          (act): SiLU()
          (grn): GRN()
          (pwconv2): Linear(in_features=1024, out_features=256, bias=True)
          (drop_path): Identity()
        )
        (4): ConvNeXtV2Block(
          (skip_proj): Linear(in_features=256, out_features=128, bias=True)
          (dwconv): Conv2d(256, 256, kernel_size=(7, 7), stride=(1, 1), padding=(3, 3), groups=256)
          (norm): LayerNorm((256,), eps=1e-06, elementwise_affine=True)
          (pwconv1): Linear(in_features=256, out_features=1024, bias=True)
          (act): SiLU()
          (grn): GRN()
          (pwconv2): Linear(in_features=1024, out_features=128, bias=True)
          (drop_path): Identity()
        )
        (5): NormCrossAttentionBlock(
          (q): Linear(in_features=128, out_features=128, bias=True)
          (kv): Linear(in_features=512, out_features=256, bias=True)
          (attn_drop): Dropout(p=0.0, inplace=False)
          (proj): Linear(in_features=128, out_features=128, bias=True)
          (proj_drop): Dropout(p=0.0, inplace=False)
          (q_norm): LayerNorm((16,), eps=1e-05, elementwise_affine=True)
          (k_norm): LayerNorm((16,), eps=1e-05, elementwise_affine=True)
        )
        (6): Upsample(scale_factor=2.0, mode=nearest)
      )
      (2): ConditionedSequential(
        (0): ConvNeXtV2Block(
          (skip_proj): Linear(in_features=256, out_features=128, bias=True)
          (dwconv): Conv2d(256, 256, kernel_size=(7, 7), stride=(1, 1), padding=(3, 3), groups=256)
          (norm): LayerNorm((256,), eps=1e-06, elementwise_affine=True)
          (pwconv1): Linear(in_features=256, out_features=1024, bias=True)
          (act): SiLU()
          (grn): GRN()
          (pwconv2): Linear(in_features=1024, out_features=128, bias=True)
          (drop_path): Identity()
        )
        (1): ConvNeXtV2Block(
          (skip_proj): Identity()
          (dwconv): Conv2d(128, 128, kernel_size=(7, 7), stride=(1, 1), padding=(3, 3), groups=128)
          (norm): LayerNorm((128,), eps=1e-06, elementwise_affine=True)
          (pwconv1): Linear(in_features=128, out_features=512, bias=True)
          (act): SiLU()
          (grn): GRN()
          (pwconv2): Linear(in_features=512, out_features=128, bias=True)
          (drop_path): Identity()
        )
        (2): ConvNeXtV2Block(
          (skip_proj): Identity()
          (dwconv): Conv2d(128, 128, kernel_size=(7, 7), stride=(1, 1), padding=(3, 3), groups=128)
          (norm): LayerNorm((128,), eps=1e-06, elementwise_affine=True)
          (pwconv1): Linear(in_features=128, out_features=512, bias=True)
          (act): SiLU()
          (grn): GRN()
          (pwconv2): Linear(in_features=512, out_features=128, bias=True)
          (drop_path): Identity()
        )
        (3): ConvNeXtV2Block(
          (skip_proj): Identity()
          (dwconv): Conv2d(128, 128, kernel_size=(7, 7), stride=(1, 1), padding=(3, 3), groups=128)
          (norm): LayerNorm((128,), eps=1e-06, elementwise_affine=True)
          (pwconv1): Linear(in_features=128, out_features=512, bias=True)
          (act): SiLU()
          (grn): GRN()
          (pwconv2): Linear(in_features=512, out_features=128, bias=True)
          (drop_path): Identity()
        )
        (4): ConvNeXtV2Block(
          (skip_proj): Linear(in_features=128, out_features=64, bias=True)
          (dwconv): Conv2d(128, 128, kernel_size=(7, 7), stride=(1, 1), padding=(3, 3), groups=128)
          (norm): LayerNorm((128,), eps=1e-06, elementwise_affine=True)
          (pwconv1): Linear(in_features=128, out_features=512, bias=True)
          (act): SiLU()
          (grn): GRN()
          (pwconv2): Linear(in_features=512, out_features=64, bias=True)
          (drop_path): Identity()
        )
        (5): NormCrossAttentionBlock(
          (q): Linear(in_features=64, out_features=64, bias=True)
          (kv): Linear(in_features=512, out_features=128, bias=True)
          (attn_drop): Dropout(p=0.0, inplace=False)
          (proj): Linear(in_features=64, out_features=64, bias=True)
          (proj_drop): Dropout(p=0.0, inplace=False)
          (q_norm): LayerNorm((8,), eps=1e-05, elementwise_affine=True)
          (k_norm): LayerNorm((8,), eps=1e-05, elementwise_affine=True)
        )
      )
    )
    (norm): LayerNorm((64,), eps=1e-06, elementwise_affine=True)
    (out_proj): Linear(in_features=64, out_features=64, bias=True)
  )
)
Number of params: 82.22352 M
LR = 0.00015000
Min LR = 0.00000000
Total (effective) batch size = 384
Accumulate grad iterations = 1
Number of training steps = 106
Number of training examples per epoch = 40704
Param groups = {
  "decay": {
    "weight_decay": 0.05,
    "params": [
      "backbone.in_proj.weight",
      "backbone.down_blocks.0.0.dwconv.weight",
      "backbone.down_blocks.0.0.pwconv1.weight",
      "backbone.down_blocks.0.0.pwconv2.weight",
      "backbone.down_blocks.0.1.dwconv.weight",
      "backbone.down_blocks.0.1.pwconv1.weight",
      "backbone.down_blocks.0.1.pwconv2.weight",
      "backbone.down_blocks.0.2.dwconv.weight",
      "backbone.down_blocks.0.2.pwconv1.weight",
      "backbone.down_blocks.0.2.pwconv2.weight",
      "backbone.down_blocks.0.3.dwconv.weight",
      "backbone.down_blocks.0.3.pwconv1.weight",
      "backbone.down_blocks.0.3.pwconv2.weight",
      "backbone.down_blocks.0.4.skip_proj.weight",
      "backbone.down_blocks.0.4.dwconv.weight",
      "backbone.down_blocks.0.4.pwconv1.weight",
      "backbone.down_blocks.0.4.pwconv2.weight",
      "backbone.down_blocks.0.5.q.weight",
      "backbone.down_blocks.0.5.kv.weight",
      "backbone.down_blocks.0.5.proj.weight",
      "backbone.down_blocks.1.1.dwconv.weight",
      "backbone.down_blocks.1.1.pwconv1.weight",
      "backbone.down_blocks.1.1.pwconv2.weight",
      "backbone.down_blocks.1.2.dwconv.weight",
      "backbone.down_blocks.1.2.pwconv1.weight",
      "backbone.down_blocks.1.2.pwconv2.weight",
      "backbone.down_blocks.1.3.dwconv.weight",
      "backbone.down_blocks.1.3.pwconv1.weight",
      "backbone.down_blocks.1.3.pwconv2.weight",
      "backbone.down_blocks.1.4.dwconv.weight",
      "backbone.down_blocks.1.4.pwconv1.weight",
      "backbone.down_blocks.1.4.pwconv2.weight",
      "backbone.down_blocks.1.5.skip_proj.weight",
      "backbone.down_blocks.1.5.dwconv.weight",
      "backbone.down_blocks.1.5.pwconv1.weight",
      "backbone.down_blocks.1.5.pwconv2.weight",
      "backbone.down_blocks.1.6.q.weight",
      "backbone.down_blocks.1.6.kv.weight",
      "backbone.down_blocks.1.6.proj.weight",
      "backbone.down_blocks.2.1.dwconv.weight",
      "backbone.down_blocks.2.1.pwconv1.weight",
      "backbone.down_blocks.2.1.pwconv2.weight",
      "backbone.down_blocks.2.2.dwconv.weight",
      "backbone.down_blocks.2.2.pwconv1.weight",
      "backbone.down_blocks.2.2.pwconv2.weight",
      "backbone.down_blocks.2.3.dwconv.weight",
      "backbone.down_blocks.2.3.pwconv1.weight",
      "backbone.down_blocks.2.3.pwconv2.weight",
      "backbone.down_blocks.2.4.dwconv.weight",
      "backbone.down_blocks.2.4.pwconv1.weight",
      "backbone.down_blocks.2.4.pwconv2.weight",
      "backbone.down_blocks.2.5.skip_proj.weight",
      "backbone.down_blocks.2.5.dwconv.weight",
      "backbone.down_blocks.2.5.pwconv1.weight",
      "backbone.down_blocks.2.5.pwconv2.weight",
      "backbone.down_blocks.2.6.q.weight",
      "backbone.down_blocks.2.6.kv.weight",
      "backbone.down_blocks.2.6.proj.weight",
      "backbone.middle_block.1.dwconv.weight",
      "backbone.middle_block.1.pwconv1.weight",
      "backbone.middle_block.1.pwconv2.weight",
      "backbone.middle_block.2.dwconv.weight",
      "backbone.middle_block.2.pwconv1.weight",
      "backbone.middle_block.2.pwconv2.weight",
      "backbone.middle_block.3.dwconv.weight",
      "backbone.middle_block.3.pwconv1.weight",
      "backbone.middle_block.3.pwconv2.weight",
      "backbone.middle_block.4.dwconv.weight",
      "backbone.middle_block.4.pwconv1.weight",
      "backbone.middle_block.4.pwconv2.weight",
      "backbone.middle_block.5.skip_proj.weight",
      "backbone.middle_block.5.dwconv.weight",
      "backbone.middle_block.5.pwconv1.weight",
      "backbone.middle_block.5.pwconv2.weight",
      "backbone.middle_block.6.q.weight",
      "backbone.middle_block.6.kv.weight",
      "backbone.middle_block.6.proj.weight",
      "backbone.middle_block.7.dwconv.weight",
      "backbone.middle_block.7.pwconv1.weight",
      "backbone.middle_block.7.pwconv2.weight",
      "backbone.middle_block.8.dwconv.weight",
      "backbone.middle_block.8.pwconv1.weight",
      "backbone.middle_block.8.pwconv2.weight",
      "backbone.middle_block.9.dwconv.weight",
      "backbone.middle_block.9.pwconv1.weight",
      "backbone.middle_block.9.pwconv2.weight",
      "backbone.middle_block.10.dwconv.weight",
      "backbone.middle_block.10.pwconv1.weight",
      "backbone.middle_block.10.pwconv2.weight",
      "backbone.middle_block.11.skip_proj.weight",
      "backbone.middle_block.11.dwconv.weight",
      "backbone.middle_block.11.pwconv1.weight",
      "backbone.middle_block.11.pwconv2.weight",
      "backbone.up_blocks.0.0.skip_proj.weight",
      "backbone.up_blocks.0.0.dwconv.weight",
      "backbone.up_blocks.0.0.pwconv1.weight",
      "backbone.up_blocks.0.0.pwconv2.weight",
      "backbone.up_blocks.0.1.dwconv.weight",
      "backbone.up_blocks.0.1.pwconv1.weight",
      "backbone.up_blocks.0.1.pwconv2.weight",
      "backbone.up_blocks.0.2.dwconv.weight",
      "backbone.up_blocks.0.2.pwconv1.weight",
      "backbone.up_blocks.0.2.pwconv2.weight",
      "backbone.up_blocks.0.3.dwconv.weight",
      "backbone.up_blocks.0.3.pwconv1.weight",
      "backbone.up_blocks.0.3.pwconv2.weight",
      "backbone.up_blocks.0.4.skip_proj.weight",
      "backbone.up_blocks.0.4.dwconv.weight",
      "backbone.up_blocks.0.4.pwconv1.weight",
      "backbone.up_blocks.0.4.pwconv2.weight",
      "backbone.up_blocks.0.5.q.weight",
      "backbone.up_blocks.0.5.kv.weight",
      "backbone.up_blocks.0.5.proj.weight",
      "backbone.up_blocks.1.0.skip_proj.weight",
      "backbone.up_blocks.1.0.dwconv.weight",
      "backbone.up_blocks.1.0.pwconv1.weight",
      "backbone.up_blocks.1.0.pwconv2.weight",
      "backbone.up_blocks.1.1.dwconv.weight",
      "backbone.up_blocks.1.1.pwconv1.weight",
      "backbone.up_blocks.1.1.pwconv2.weight",
      "backbone.up_blocks.1.2.dwconv.weight",
      "backbone.up_blocks.1.2.pwconv1.weight",
      "backbone.up_blocks.1.2.pwconv2.weight",
      "backbone.up_blocks.1.3.dwconv.weight",
      "backbone.up_blocks.1.3.pwconv1.weight",
      "backbone.up_blocks.1.3.pwconv2.weight",
      "backbone.up_blocks.1.4.skip_proj.weight",
      "backbone.up_blocks.1.4.dwconv.weight",
      "backbone.up_blocks.1.4.pwconv1.weight",
      "backbone.up_blocks.1.4.pwconv2.weight",
      "backbone.up_blocks.1.5.q.weight",
      "backbone.up_blocks.1.5.kv.weight",
      "backbone.up_blocks.1.5.proj.weight",
      "backbone.up_blocks.2.0.skip_proj.weight",
      "backbone.up_blocks.2.0.dwconv.weight",
      "backbone.up_blocks.2.0.pwconv1.weight",
      "backbone.up_blocks.2.0.pwconv2.weight",
      "backbone.up_blocks.2.1.dwconv.weight",
      "backbone.up_blocks.2.1.pwconv1.weight",
      "backbone.up_blocks.2.1.pwconv2.weight",
      "backbone.up_blocks.2.2.dwconv.weight",
      "backbone.up_blocks.2.2.pwconv1.weight",
      "backbone.up_blocks.2.2.pwconv2.weight",
      "backbone.up_blocks.2.3.dwconv.weight",
      "backbone.up_blocks.2.3.pwconv1.weight",
      "backbone.up_blocks.2.3.pwconv2.weight",
      "backbone.up_blocks.2.4.skip_proj.weight",
      "backbone.up_blocks.2.4.dwconv.weight",
      "backbone.up_blocks.2.4.pwconv1.weight",
      "backbone.up_blocks.2.4.pwconv2.weight",
      "backbone.up_blocks.2.5.q.weight",
      "backbone.up_blocks.2.5.kv.weight",
      "backbone.up_blocks.2.5.proj.weight",
      "backbone.out_proj.weight"
    ],
    "lr_scale": 1.0
  },
  "no_decay": {
    "weight_decay": 0.0,
    "params": [
      "backbone.in_proj.bias",
      "backbone.down_blocks.0.0.dwconv.bias",
      "backbone.down_blocks.0.0.norm.weight",
      "backbone.down_blocks.0.0.norm.bias",
      "backbone.down_blocks.0.0.pwconv1.bias",
      "backbone.down_blocks.0.0.grn.gamma",
      "backbone.down_blocks.0.0.grn.beta",
      "backbone.down_blocks.0.0.pwconv2.bias",
      "backbone.down_blocks.0.1.dwconv.bias",
      "backbone.down_blocks.0.1.norm.weight",
      "backbone.down_blocks.0.1.norm.bias",
      "backbone.down_blocks.0.1.pwconv1.bias",
      "backbone.down_blocks.0.1.grn.gamma",
      "backbone.down_blocks.0.1.grn.beta",
      "backbone.down_blocks.0.1.pwconv2.bias",
      "backbone.down_blocks.0.2.dwconv.bias",
      "backbone.down_blocks.0.2.norm.weight",
      "backbone.down_blocks.0.2.norm.bias",
      "backbone.down_blocks.0.2.pwconv1.bias",
      "backbone.down_blocks.0.2.grn.gamma",
      "backbone.down_blocks.0.2.grn.beta",
      "backbone.down_blocks.0.2.pwconv2.bias",
      "backbone.down_blocks.0.3.dwconv.bias",
      "backbone.down_blocks.0.3.norm.weight",
      "backbone.down_blocks.0.3.norm.bias",
      "backbone.down_blocks.0.3.pwconv1.bias",
      "backbone.down_blocks.0.3.grn.gamma",
      "backbone.down_blocks.0.3.grn.beta",
      "backbone.down_blocks.0.3.pwconv2.bias",
      "backbone.down_blocks.0.4.skip_proj.bias",
      "backbone.down_blocks.0.4.dwconv.bias",
      "backbone.down_blocks.0.4.norm.weight",
      "backbone.down_blocks.0.4.norm.bias",
      "backbone.down_blocks.0.4.pwconv1.bias",
      "backbone.down_blocks.0.4.grn.gamma",
      "backbone.down_blocks.0.4.grn.beta",
      "backbone.down_blocks.0.4.pwconv2.bias",
      "backbone.down_blocks.0.5.q.bias",
      "backbone.down_blocks.0.5.kv.bias",
      "backbone.down_blocks.0.5.proj.bias",
      "backbone.down_blocks.0.5.q_norm.weight",
      "backbone.down_blocks.0.5.q_norm.bias",
      "backbone.down_blocks.0.5.k_norm.weight",
      "backbone.down_blocks.0.5.k_norm.bias",
      "backbone.down_blocks.1.1.dwconv.bias",
      "backbone.down_blocks.1.1.norm.weight",
      "backbone.down_blocks.1.1.norm.bias",
      "backbone.down_blocks.1.1.pwconv1.bias",
      "backbone.down_blocks.1.1.grn.gamma",
      "backbone.down_blocks.1.1.grn.beta",
      "backbone.down_blocks.1.1.pwconv2.bias",
      "backbone.down_blocks.1.2.dwconv.bias",
      "backbone.down_blocks.1.2.norm.weight",
      "backbone.down_blocks.1.2.norm.bias",
      "backbone.down_blocks.1.2.pwconv1.bias",
      "backbone.down_blocks.1.2.grn.gamma",
      "backbone.down_blocks.1.2.grn.beta",
      "backbone.down_blocks.1.2.pwconv2.bias",
      "backbone.down_blocks.1.3.dwconv.bias",
      "backbone.down_blocks.1.3.norm.weight",
      "backbone.down_blocks.1.3.norm.bias",
      "backbone.down_blocks.1.3.pwconv1.bias",
      "backbone.down_blocks.1.3.grn.gamma",
      "backbone.down_blocks.1.3.grn.beta",
      "backbone.down_blocks.1.3.pwconv2.bias",
      "backbone.down_blocks.1.4.dwconv.bias",
      "backbone.down_blocks.1.4.norm.weight",
      "backbone.down_blocks.1.4.norm.bias",
      "backbone.down_blocks.1.4.pwconv1.bias",
      "backbone.down_blocks.1.4.grn.gamma",
      "backbone.down_blocks.1.4.grn.beta",
      "backbone.down_blocks.1.4.pwconv2.bias",
      "backbone.down_blocks.1.5.skip_proj.bias",
      "backbone.down_blocks.1.5.dwconv.bias",
      "backbone.down_blocks.1.5.norm.weight",
      "backbone.down_blocks.1.5.norm.bias",
      "backbone.down_blocks.1.5.pwconv1.bias",
      "backbone.down_blocks.1.5.grn.gamma",
      "backbone.down_blocks.1.5.grn.beta",
      "backbone.down_blocks.1.5.pwconv2.bias",
      "backbone.down_blocks.1.6.q.bias",
      "backbone.down_blocks.1.6.kv.bias",
      "backbone.down_blocks.1.6.proj.bias",
      "backbone.down_blocks.1.6.q_norm.weight",
      "backbone.down_blocks.1.6.q_norm.bias",
      "backbone.down_blocks.1.6.k_norm.weight",
      "backbone.down_blocks.1.6.k_norm.bias",
      "backbone.down_blocks.2.1.dwconv.bias",
      "backbone.down_blocks.2.1.norm.weight",
      "backbone.down_blocks.2.1.norm.bias",
      "backbone.down_blocks.2.1.pwconv1.bias",
      "backbone.down_blocks.2.1.grn.gamma",
      "backbone.down_blocks.2.1.grn.beta",
      "backbone.down_blocks.2.1.pwconv2.bias",
      "backbone.down_blocks.2.2.dwconv.bias",
      "backbone.down_blocks.2.2.norm.weight",
      "backbone.down_blocks.2.2.norm.bias",
      "backbone.down_blocks.2.2.pwconv1.bias",
      "backbone.down_blocks.2.2.grn.gamma",
      "backbone.down_blocks.2.2.grn.beta",
      "backbone.down_blocks.2.2.pwconv2.bias",
      "backbone.down_blocks.2.3.dwconv.bias",
      "backbone.down_blocks.2.3.norm.weight",
      "backbone.down_blocks.2.3.norm.bias",
      "backbone.down_blocks.2.3.pwconv1.bias",
      "backbone.down_blocks.2.3.grn.gamma",
      "backbone.down_blocks.2.3.grn.beta",
      "backbone.down_blocks.2.3.pwconv2.bias",
      "backbone.down_blocks.2.4.dwconv.bias",
      "backbone.down_blocks.2.4.norm.weight",
      "backbone.down_blocks.2.4.norm.bias",
      "backbone.down_blocks.2.4.pwconv1.bias",
      "backbone.down_blocks.2.4.grn.gamma",
      "backbone.down_blocks.2.4.grn.beta",
      "backbone.down_blocks.2.4.pwconv2.bias",
      "backbone.down_blocks.2.5.skip_proj.bias",
      "backbone.down_blocks.2.5.dwconv.bias",
      "backbone.down_blocks.2.5.norm.weight",
      "backbone.down_blocks.2.5.norm.bias",
      "backbone.down_blocks.2.5.pwconv1.bias",
      "backbone.down_blocks.2.5.grn.gamma",
      "backbone.down_blocks.2.5.grn.beta",
      "backbone.down_blocks.2.5.pwconv2.bias",
      "backbone.down_blocks.2.6.q.bias",
      "backbone.down_blocks.2.6.kv.bias",
      "backbone.down_blocks.2.6.proj.bias",
      "backbone.down_blocks.2.6.q_norm.weight",
      "backbone.down_blocks.2.6.q_norm.bias",
      "backbone.down_blocks.2.6.k_norm.weight",
      "backbone.down_blocks.2.6.k_norm.bias",
      "backbone.middle_block.1.dwconv.bias",
      "backbone.middle_block.1.norm.weight",
      "backbone.middle_block.1.norm.bias",
      "backbone.middle_block.1.pwconv1.bias",
      "backbone.middle_block.1.grn.gamma",
      "backbone.middle_block.1.grn.beta",
      "backbone.middle_block.1.pwconv2.bias",
      "backbone.middle_block.2.dwconv.bias",
      "backbone.middle_block.2.norm.weight",
      "backbone.middle_block.2.norm.bias",
      "backbone.middle_block.2.pwconv1.bias",
      "backbone.middle_block.2.grn.gamma",
      "backbone.middle_block.2.grn.beta",
      "backbone.middle_block.2.pwconv2.bias",
      "backbone.middle_block.3.dwconv.bias",
      "backbone.middle_block.3.norm.weight",
      "backbone.middle_block.3.norm.bias",
      "backbone.middle_block.3.pwconv1.bias",
      "backbone.middle_block.3.grn.gamma",
      "backbone.middle_block.3.grn.beta",
      "backbone.middle_block.3.pwconv2.bias",
      "backbone.middle_block.4.dwconv.bias",
      "backbone.middle_block.4.norm.weight",
      "backbone.middle_block.4.norm.bias",
      "backbone.middle_block.4.pwconv1.bias",
      "backbone.middle_block.4.grn.gamma",
      "backbone.middle_block.4.grn.beta",
      "backbone.middle_block.4.pwconv2.bias",
      "backbone.middle_block.5.skip_proj.bias",
      "backbone.middle_block.5.dwconv.bias",
      "backbone.middle_block.5.norm.weight",
      "backbone.middle_block.5.norm.bias",
      "backbone.middle_block.5.pwconv1.bias",
      "backbone.middle_block.5.grn.gamma",
      "backbone.middle_block.5.grn.beta",
      "backbone.middle_block.5.pwconv2.bias",
      "backbone.middle_block.6.q.bias",
      "backbone.middle_block.6.kv.bias",
      "backbone.middle_block.6.proj.bias",
      "backbone.middle_block.6.q_norm.weight",
      "backbone.middle_block.6.q_norm.bias",
      "backbone.middle_block.6.k_norm.weight",
      "backbone.middle_block.6.k_norm.bias",
      "backbone.middle_block.7.dwconv.bias",
      "backbone.middle_block.7.norm.weight",
      "backbone.middle_block.7.norm.bias",
      "backbone.middle_block.7.pwconv1.bias",
      "backbone.middle_block.7.grn.gamma",
      "backbone.middle_block.7.grn.beta",
      "backbone.middle_block.7.pwconv2.bias",
      "backbone.middle_block.8.dwconv.bias",
      "backbone.middle_block.8.norm.weight",
      "backbone.middle_block.8.norm.bias",
      "backbone.middle_block.8.pwconv1.bias",
      "backbone.middle_block.8.grn.gamma",
      "backbone.middle_block.8.grn.beta",
      "backbone.middle_block.8.pwconv2.bias",
      "backbone.middle_block.9.dwconv.bias",
      "backbone.middle_block.9.norm.weight",
      "backbone.middle_block.9.norm.bias",
      "backbone.middle_block.9.pwconv1.bias",
      "backbone.middle_block.9.grn.gamma",
      "backbone.middle_block.9.grn.beta",
      "backbone.middle_block.9.pwconv2.bias",
      "backbone.middle_block.10.dwconv.bias",
      "backbone.middle_block.10.norm.weight",
      "backbone.middle_block.10.norm.bias",
      "backbone.middle_block.10.pwconv1.bias",
      "backbone.middle_block.10.grn.gamma",
      "backbone.middle_block.10.grn.beta",
      "backbone.middle_block.10.pwconv2.bias",
      "backbone.middle_block.11.skip_proj.bias",
      "backbone.middle_block.11.dwconv.bias",
      "backbone.middle_block.11.norm.weight",
      "backbone.middle_block.11.norm.bias",
      "backbone.middle_block.11.pwconv1.bias",
      "backbone.middle_block.11.grn.gamma",
      "backbone.middle_block.11.grn.beta",
      "backbone.middle_block.11.pwconv2.bias",
      "backbone.up_blocks.0.0.skip_proj.bias",
      "backbone.up_blocks.0.0.dwconv.bias",
      "backbone.up_blocks.0.0.norm.weight",
      "backbone.up_blocks.0.0.norm.bias",
      "backbone.up_blocks.0.0.pwconv1.bias",
      "backbone.up_blocks.0.0.grn.gamma",
      "backbone.up_blocks.0.0.grn.beta",
      "backbone.up_blocks.0.0.pwconv2.bias",
      "backbone.up_blocks.0.1.dwconv.bias",
      "backbone.up_blocks.0.1.norm.weight",
      "backbone.up_blocks.0.1.norm.bias",
      "backbone.up_blocks.0.1.pwconv1.bias",
      "backbone.up_blocks.0.1.grn.gamma",
      "backbone.up_blocks.0.1.grn.beta",
      "backbone.up_blocks.0.1.pwconv2.bias",
      "backbone.up_blocks.0.2.dwconv.bias",
      "backbone.up_blocks.0.2.norm.weight",
      "backbone.up_blocks.0.2.norm.bias",
      "backbone.up_blocks.0.2.pwconv1.bias",
      "backbone.up_blocks.0.2.grn.gamma",
      "backbone.up_blocks.0.2.grn.beta",
      "backbone.up_blocks.0.2.pwconv2.bias",
      "backbone.up_blocks.0.3.dwconv.bias",
      "backbone.up_blocks.0.3.norm.weight",
      "backbone.up_blocks.0.3.norm.bias",
      "backbone.up_blocks.0.3.pwconv1.bias",
      "backbone.up_blocks.0.3.grn.gamma",
      "backbone.up_blocks.0.3.grn.beta",
      "backbone.up_blocks.0.3.pwconv2.bias",
      "backbone.up_blocks.0.4.skip_proj.bias",
      "backbone.up_blocks.0.4.dwconv.bias",
      "backbone.up_blocks.0.4.norm.weight",
      "backbone.up_blocks.0.4.norm.bias",
      "backbone.up_blocks.0.4.pwconv1.bias",
      "backbone.up_blocks.0.4.grn.gamma",
      "backbone.up_blocks.0.4.grn.beta",
      "backbone.up_blocks.0.4.pwconv2.bias",
      "backbone.up_blocks.0.5.q.bias",
      "backbone.up_blocks.0.5.kv.bias",
      "backbone.up_blocks.0.5.proj.bias",
      "backbone.up_blocks.0.5.q_norm.weight",
      "backbone.up_blocks.0.5.q_norm.bias",
      "backbone.up_blocks.0.5.k_norm.weight",
      "backbone.up_blocks.0.5.k_norm.bias",
      "backbone.up_blocks.1.0.skip_proj.bias",
      "backbone.up_blocks.1.0.dwconv.bias",
      "backbone.up_blocks.1.0.norm.weight",
      "backbone.up_blocks.1.0.norm.bias",
      "backbone.up_blocks.1.0.pwconv1.bias",
      "backbone.up_blocks.1.0.grn.gamma",
      "backbone.up_blocks.1.0.grn.beta",
      "backbone.up_blocks.1.0.pwconv2.bias",
      "backbone.up_blocks.1.1.dwconv.bias",
      "backbone.up_blocks.1.1.norm.weight",
      "backbone.up_blocks.1.1.norm.bias",
      "backbone.up_blocks.1.1.pwconv1.bias",
      "backbone.up_blocks.1.1.grn.gamma",
      "backbone.up_blocks.1.1.grn.beta",
      "backbone.up_blocks.1.1.pwconv2.bias",
      "backbone.up_blocks.1.2.dwconv.bias",
      "backbone.up_blocks.1.2.norm.weight",
      "backbone.up_blocks.1.2.norm.bias",
      "backbone.up_blocks.1.2.pwconv1.bias",
      "backbone.up_blocks.1.2.grn.gamma",
      "backbone.up_blocks.1.2.grn.beta",
      "backbone.up_blocks.1.2.pwconv2.bias",
      "backbone.up_blocks.1.3.dwconv.bias",
      "backbone.up_blocks.1.3.norm.weight",
      "backbone.up_blocks.1.3.norm.bias",
      "backbone.up_blocks.1.3.pwconv1.bias",
      "backbone.up_blocks.1.3.grn.gamma",
      "backbone.up_blocks.1.3.grn.beta",
      "backbone.up_blocks.1.3.pwconv2.bias",
      "backbone.up_blocks.1.4.skip_proj.bias",
      "backbone.up_blocks.1.4.dwconv.bias",
      "backbone.up_blocks.1.4.norm.weight",
      "backbone.up_blocks.1.4.norm.bias",
      "backbone.up_blocks.1.4.pwconv1.bias",
      "backbone.up_blocks.1.4.grn.gamma",
      "backbone.up_blocks.1.4.grn.beta",
      "backbone.up_blocks.1.4.pwconv2.bias",
      "backbone.up_blocks.1.5.q.bias",
      "backbone.up_blocks.1.5.kv.bias",
      "backbone.up_blocks.1.5.proj.bias",
      "backbone.up_blocks.1.5.q_norm.weight",
      "backbone.up_blocks.1.5.q_norm.bias",
      "backbone.up_blocks.1.5.k_norm.weight",
      "backbone.up_blocks.1.5.k_norm.bias",
      "backbone.up_blocks.2.0.skip_proj.bias",
      "backbone.up_blocks.2.0.dwconv.bias",
      "backbone.up_blocks.2.0.norm.weight",
      "backbone.up_blocks.2.0.norm.bias",
      "backbone.up_blocks.2.0.pwconv1.bias",
      "backbone.up_blocks.2.0.grn.gamma",
      "backbone.up_blocks.2.0.grn.beta",
      "backbone.up_blocks.2.0.pwconv2.bias",
      "backbone.up_blocks.2.1.dwconv.bias",
      "backbone.up_blocks.2.1.norm.weight",
      "backbone.up_blocks.2.1.norm.bias",
      "backbone.up_blocks.2.1.pwconv1.bias",
      "backbone.up_blocks.2.1.grn.gamma",
      "backbone.up_blocks.2.1.grn.beta",
      "backbone.up_blocks.2.1.pwconv2.bias",
      "backbone.up_blocks.2.2.dwconv.bias",
      "backbone.up_blocks.2.2.norm.weight",
      "backbone.up_blocks.2.2.norm.bias",
      "backbone.up_blocks.2.2.pwconv1.bias",
      "backbone.up_blocks.2.2.grn.gamma",
      "backbone.up_blocks.2.2.grn.beta",
      "backbone.up_blocks.2.2.pwconv2.bias",
      "backbone.up_blocks.2.3.dwconv.bias",
      "backbone.up_blocks.2.3.norm.weight",
      "backbone.up_blocks.2.3.norm.bias",
      "backbone.up_blocks.2.3.pwconv1.bias",
      "backbone.up_blocks.2.3.grn.gamma",
      "backbone.up_blocks.2.3.grn.beta",
      "backbone.up_blocks.2.3.pwconv2.bias",
      "backbone.up_blocks.2.4.skip_proj.bias",
      "backbone.up_blocks.2.4.dwconv.bias",
      "backbone.up_blocks.2.4.norm.weight",
      "backbone.up_blocks.2.4.norm.bias",
      "backbone.up_blocks.2.4.pwconv1.bias",
      "backbone.up_blocks.2.4.grn.gamma",
      "backbone.up_blocks.2.4.grn.beta",
      "backbone.up_blocks.2.4.pwconv2.bias",
      "backbone.up_blocks.2.5.q.bias",
      "backbone.up_blocks.2.5.kv.bias",
      "backbone.up_blocks.2.5.proj.bias",
      "backbone.up_blocks.2.5.q_norm.weight",
      "backbone.up_blocks.2.5.q_norm.bias",
      "backbone.up_blocks.2.5.k_norm.weight",
      "backbone.up_blocks.2.5.k_norm.bias",
      "backbone.norm.weight",
      "backbone.norm.bias",
      "backbone.out_proj.bias"
    ],
    "lr_scale": 1.0
  }
}
optimizer settings: {'lr': 0.00015000000000000001, 'weight_decay': 0.0, 'eps': 1e-08, 'betas': [0.9, 0.99]}
Set warmup steps = 5300
Set warmup steps = 0
Max WD = 0.0500000, Min WD = 0.0500000
Start training for 500 epochs
Epoch: [0]  [  0/106]  eta: 4:35:18  lr: 0.000000  min_lr: 0.000000  loss: 0.4479 (0.4479)  weight_decay: 0.0500 (0.0500)  grad_norm: 0.2320 (0.2320)  time: 155.8386  data: 114.3373  max mem: 31698
Epoch: [0]  [ 10/106]  eta: 0:24:13  lr: 0.000000  min_lr: 0.000000  loss: 0.4560 (0.4544)  weight_decay: 0.0500 (0.0500)  grad_norm: 0.2320 (0.2317)  time: 15.1362  data: 10.5549  max mem: 32317
Epoch: [0]  [ 20/106]  eta: 0:11:50  lr: 0.000001  min_lr: 0.000001  loss: 0.4501 (0.4529)  weight_decay: 0.0500 (0.0500)  grad_norm: 0.2314 (0.2314)  time: 0.8835  data: 0.0884  max mem: 32317
Epoch: [0]  [ 30/106]  eta: 0:07:22  lr: 0.000001  min_lr: 0.000001  loss: 0.4467 (0.4501)  weight_decay: 0.0500 (0.0500)  grad_norm: 0.2299 (0.2306)  time: 0.6979  data: 0.0002  max mem: 32317
Epoch: [0]  [ 40/106]  eta: 0:05:01  lr: 0.000001  min_lr: 0.000001  loss: 0.4455 (0.4489)  weight_decay: 0.0500 (0.0500)  grad_norm: 0.2278 (0.2296)  time: 0.6931  data: 0.0002  max mem: 32317
Epoch: [0]  [ 50/106]  eta: 0:03:33  lr: 0.000001  min_lr: 0.000001  loss: 0.4442 (0.4479)  weight_decay: 0.0500 (0.0500)  grad_norm: 0.2252 (0.2286)  time: 0.6916  data: 0.0002  max mem: 32317
Epoch: [0]  [ 60/106]  eta: 0:02:31  lr: 0.000002  min_lr: 0.000002  loss: 0.4367 (0.4459)  weight_decay: 0.0500 (0.0500)  grad_norm: 0.2236 (0.2275)  time: 0.6920  data: 0.0002  max mem: 32317
Epoch: [0]  [ 70/106]  eta: 0:01:45  lr: 0.000002  min_lr: 0.000002  loss: 0.4283 (0.4430)  weight_decay: 0.0500 (0.0500)  grad_norm: 0.2207 (0.2265)  time: 0.6916  data: 0.0002  max mem: 32317
Epoch: [0]  [ 80/106]  eta: 0:01:09  lr: 0.000002  min_lr: 0.000002  loss: 0.4248 (0.4403)  weight_decay: 0.0500 (0.0500)  grad_norm: 0.2196 (0.2256)  time: 0.6897  data: 0.0002  max mem: 32317
Epoch: [0]  [ 90/106]  eta: 0:00:39  lr: 0.000003  min_lr: 0.000003  loss: 0.4135 (0.4367)  weight_decay: 0.0500 (0.0500)  grad_norm: 0.2191 (0.2249)  time: 0.7159  data: 0.0001  max mem: 32317
Epoch: [0]  [100/106]  eta: 0:00:13  lr: 0.000003  min_lr: 0.000003  loss: 0.4000 (0.4330)  weight_decay: 0.0500 (0.0500)  grad_norm: 0.2201 (0.2245)  time: 0.7612  data: 0.0001  max mem: 32317
Epoch: [0]  [105/106]  eta: 0:00:02  lr: 0.000003  min_lr: 0.000003  loss: 0.3989 (0.4311)  weight_decay: 0.0500 (0.0500)  grad_norm: 0.2211 (0.2244)  time: 0.7667  data: 0.0001  max mem: 32317
Epoch: [0] Total time: 0:03:55 (2.2196 s / it)
Averaged stats: lr: 0.000003  min_lr: 0.000003  loss: 0.3989 (0.4317)  weight_decay: 0.0500 (0.0500)  grad_norm: 0.2211 (0.2244)
[Eval]   [0/2]  eta: 0:00:20  loss: 0.3929 (0.3929)  time: 10.4784  data: 10.2590  max mem: 32317
[Eval]   [1/2]  eta: 0:00:05  loss: 0.3482 (0.3705)  time: 5.4956  data: 5.1296  max mem: 32317
[Eval]  Total time: 0:00:11 (5.5943 s / it)
Eval averaged stats: loss: 0.3482 (0.3927)
[Eval] Image Metrics:  [0/2]  eta: 0:00:08    time: 4.4109  data: 3.4370  max mem: 32317
[Eval] Image Metrics:  [1/2]  eta: 0:00:02    time: 2.4336  data: 1.7187  max mem: 32317
[Eval] Image Metrics: Total time: 0:00:05 (2.8159 s / it)
[Eval] Metric Results: [Eval] MSE: 0.2263 (0.2263)  [Eval] MAE: 0.3597 (0.3597)  [Eval] PSNR: 6.4531 (6.4531)  [Eval] MS-SSIM: 0.1032 (0.1032)
Logged 9 eval images
Epoch: [1]  [  0/106]  eta: 1:46:10  lr: 0.000003  min_lr: 0.000003  loss: 0.3879 (0.3879)  weight_decay: 0.0500 (0.0500)  grad_norm: 0.2238 (0.2238)  time: 60.0946  data: 59.2681  max mem: 32317
Epoch: [1]  [ 10/106]  eta: 0:09:54  lr: 0.000003  min_lr: 0.000003  loss: 0.3882 (0.3893)  weight_decay: 0.0500 (0.0500)  grad_norm: 0.2257 (0.2256)  time: 6.1955  data: 5.3883  max mem: 32317
Epoch: [1]  [ 20/106]  eta: 0:05:10  lr: 0.000004  min_lr: 0.000004  loss: 0.3787 (0.3807)  weight_decay: 0.0500 (0.0500)  grad_norm: 0.2270 (0.2278)  time: 0.7919  data: 0.0003  max mem: 32317
Epoch: [1]  [ 30/106]  eta: 0:03:25  lr: 0.000004  min_lr: 0.000004  loss: 0.3636 (0.3740)  weight_decay: 0.0500 (0.0500)  grad_norm: 0.2336 (0.2306)  time: 0.7837  data: 0.0002  max mem: 32317
Epoch: [1]  [ 40/106]  eta: 0:02:28  lr: 0.000004  min_lr: 0.000004  loss: 0.3566 (0.3683)  weight_decay: 0.0500 (0.0500)  grad_norm: 0.2397 (0.2338)  time: 0.8026  data: 0.0002  max mem: 32317
Epoch: [1]  [ 50/106]  eta: 0:01:49  lr: 0.000004  min_lr: 0.000004  loss: 0.3436 (0.3623)  weight_decay: 0.0500 (0.0500)  grad_norm: 0.2480 (0.2380)  time: 0.7890  data: 0.0002  max mem: 32317
Epoch: [1]  [ 60/106]  eta: 0:01:20  lr: 0.000005  min_lr: 0.000005  loss: 0.3278 (0.3561)  weight_decay: 0.0500 (0.0500)  grad_norm: 0.2597 (0.2426)  time: 0.7521  data: 0.0002  max mem: 32317
Epoch: [1]  [ 70/106]  eta: 0:00:58  lr: 0.000005  min_lr: 0.000005  loss: 0.3193 (0.3494)  weight_decay: 0.0500 (0.0500)  grad_norm: 0.2711 (0.2480)  time: 0.7854  data: 0.0002  max mem: 32317
Epoch: [1]  [ 80/106]  eta: 0:00:39  lr: 0.000005  min_lr: 0.000005  loss: 0.3026 (0.3430)  weight_decay: 0.0500 (0.0500)  grad_norm: 0.2904 (0.2543)  time: 0.7788  data: 0.0002  max mem: 32317
Epoch: [1]  [ 90/106]  eta: 0:00:22  lr: 0.000006  min_lr: 0.000006  loss: 0.2812 (0.3353)  weight_decay: 0.0500 (0.0500)  grad_norm: 0.3066 (0.2611)  time: 0.7120  data: 0.0002  max mem: 32317
Epoch: [1]  [100/106]  eta: 0:00:08  lr: 0.000006  min_lr: 0.000006  loss: 0.2664 (0.3278)  weight_decay: 0.0500 (0.0500)  grad_norm: 0.3238 (0.2682)  time: 0.6923  data: 0.0002  max mem: 32317
Epoch: [1]  [105/106]  eta: 0:00:01  lr: 0.000006  min_lr: 0.000006  loss: 0.2577 (0.3240)  weight_decay: 0.0500 (0.0500)  grad_norm: 0.3316 (0.2717)  time: 0.6920  data: 0.0002  max mem: 32317
Epoch: [1] Total time: 0:02:21 (1.3313 s / it)
Averaged stats: lr: 0.000006  min_lr: 0.000006  loss: 0.2577 (0.3244)  weight_decay: 0.0500 (0.0500)  grad_norm: 0.3316 (0.2717)
Epoch: [2]  [  0/106]  eta: 1:51:45  lr: 0.000006  min_lr: 0.000006  loss: 0.2441 (0.2441)  weight_decay: 0.0500 (0.0500)  grad_norm: 0.3459 (0.3459)  time: 63.2626  data: 44.2491  max mem: 32317
Epoch: [2]  [ 10/106]  eta: 0:10:49  lr: 0.000006  min_lr: 0.000006  loss: 0.2346 (0.2369)  weight_decay: 0.0500 (0.0500)  grad_norm: 0.3515 (0.3512)  time: 6.7632  data: 4.0228  max mem: 32317
Epoch: [2]  [ 20/106]  eta: 0:05:36  lr: 0.000007  min_lr: 0.000007  loss: 0.2250 (0.2288)  weight_decay: 0.0500 (0.0500)  grad_norm: 0.3549 (0.3543)  time: 0.9400  data: 0.0002  max mem: 32317
Epoch: [2]  [ 30/106]  eta: 0:03:38  lr: 0.000007  min_lr: 0.000007  loss: 0.2095 (0.2207)  weight_decay: 0.0500 (0.0500)  grad_norm: 0.3583 (0.3557)  time: 0.7346  data: 0.0002  max mem: 32317
Epoch: [2]  [ 40/106]  eta: 0:02:34  lr: 0.000007  min_lr: 0.000007  loss: 0.2013 (0.2144)  weight_decay: 0.0500 (0.0500)  grad_norm: 0.3572 (0.3558)  time: 0.7009  data: 0.0002  max mem: 32317
Epoch: [2]  [ 50/106]  eta: 0:01:53  lr: 0.000007  min_lr: 0.000007  loss: 0.1903 (0.2085)  weight_decay: 0.0500 (0.0500)  grad_norm: 0.3536 (0.3549)  time: 0.6968  data: 0.0002  max mem: 32317
Epoch: [2]  [ 60/106]  eta: 0:01:22  lr: 0.000008  min_lr: 0.000008  loss: 0.1789 (0.2029)  weight_decay: 0.0500 (0.0500)  grad_norm: 0.3480 (0.3530)  time: 0.6942  data: 0.0002  max mem: 32317
Epoch: [2]  [ 70/106]  eta: 0:00:59  lr: 0.000008  min_lr: 0.000008  loss: 0.1668 (0.1972)  weight_decay: 0.0500 (0.0500)  grad_norm: 0.3376 (0.3502)  time: 0.6938  data: 0.0002  max mem: 32317
Epoch: [2]  [ 80/106]  eta: 0:00:39  lr: 0.000008  min_lr: 0.000008  loss: 0.1608 (0.1921)  weight_decay: 0.0500 (0.0500)  grad_norm: 0.3273 (0.3466)  time: 0.6932  data: 0.0002  max mem: 32317
Epoch: [2]  [ 90/106]  eta: 0:00:22  lr: 0.000009  min_lr: 0.000009  loss: 0.1467 (0.1864)  weight_decay: 0.0500 (0.0500)  grad_norm: 0.3132 (0.3423)  time: 0.6936  data: 0.0002  max mem: 32317
Epoch: [2]  [100/106]  eta: 0:00:08  lr: 0.000009  min_lr: 0.000009  loss: 0.1357 (0.1810)  weight_decay: 0.0500 (0.0500)  grad_norm: 0.3006 (0.3375)  time: 0.6922  data: 0.0002  max mem: 32317
Epoch: [2]  [105/106]  eta: 0:00:01  lr: 0.000009  min_lr: 0.000009  loss: 0.1327 (0.1784)  weight_decay: 0.0500 (0.0500)  grad_norm: 0.2946 (0.3350)  time: 0.6927  data: 0.0002  max mem: 32317
Epoch: [2] Total time: 0:02:22 (1.3429 s / it)
Averaged stats: lr: 0.000009  min_lr: 0.000009  loss: 0.1327 (0.1788)  weight_decay: 0.0500 (0.0500)  grad_norm: 0.2946 (0.3350)
Epoch: [3]  [  0/106]  eta: 2:29:27  lr: 0.000009  min_lr: 0.000009  loss: 0.1150 (0.1150)  weight_decay: 0.0500 (0.0500)  grad_norm: 0.2766 (0.2766)  time: 84.6007  data: 45.2270  max mem: 32317
Epoch: [3]  [ 10/106]  eta: 0:13:42  lr: 0.000009  min_lr: 0.000009  loss: 0.1212 (0.1208)  weight_decay: 0.0500 (0.0500)  grad_norm: 0.2700 (0.2693)  time: 8.5635  data: 4.1118  max mem: 32317
Epoch: [3]  [ 20/106]  eta: 0:06:56  lr: 0.000010  min_lr: 0.000010  loss: 0.1143 (0.1160)  weight_decay: 0.0500 (0.0500)  grad_norm: 0.2601 (0.2622)  time: 0.8563  data: 0.0002  max mem: 32317
Epoch: [3]  [ 30/106]  eta: 0:04:26  lr: 0.000010  min_lr: 0.000010  loss: 0.1056 (0.1117)  weight_decay: 0.0500 (0.0500)  grad_norm: 0.2461 (0.2547)  time: 0.7307  data: 0.0002  max mem: 32317
Epoch: [3]  [ 40/106]  eta: 0:03:06  lr: 0.000010  min_lr: 0.000010  loss: 0.1002 (0.1083)  weight_decay: 0.0500 (0.0500)  grad_norm: 0.2314 (0.2477)  time: 0.7030  data: 0.0005  max mem: 32317
Epoch: [3]  [ 50/106]  eta: 0:02:14  lr: 0.000010  min_lr: 0.000010  loss: 0.0946 (0.1055)  weight_decay: 0.0500 (0.0500)  grad_norm: 0.2217 (0.2412)  time: 0.6978  data: 0.0005  max mem: 32317
Epoch: [3]  [ 60/106]  eta: 0:01:37  lr: 0.000011  min_lr: 0.000011  loss: 0.0907 (0.1028)  weight_decay: 0.0500 (0.0500)  grad_norm: 0.2082 (0.2344)  time: 0.6956  data: 0.0002  max mem: 32317
Epoch: [3]  [ 70/106]  eta: 0:01:09  lr: 0.000011  min_lr: 0.000011  loss: 0.0870 (0.1001)  weight_decay: 0.0500 (0.0500)  grad_norm: 0.1963 (0.2288)  time: 0.6919  data: 0.0001  max mem: 32317
Epoch: [3]  [ 80/106]  eta: 0:00:46  lr: 0.000011  min_lr: 0.000011  loss: 0.0836 (0.0980)  weight_decay: 0.0500 (0.0500)  grad_norm: 0.1825 (0.2224)  time: 0.6912  data: 0.0002  max mem: 32317
Epoch: [3]  [ 90/106]  eta: 0:00:26  lr: 0.000012  min_lr: 0.000012  loss: 0.0800 (0.0957)  weight_decay: 0.0500 (0.0500)  grad_norm: 0.1733 (0.2168)  time: 0.6926  data: 0.0002  max mem: 32317
Epoch: [3]  [100/106]  eta: 0:00:09  lr: 0.000012  min_lr: 0.000012  loss: 0.0763 (0.0939)  weight_decay: 0.0500 (0.0500)  grad_norm: 0.1733 (0.2135)  time: 0.6927  data: 0.0001  max mem: 32317
Epoch: [3]  [105/106]  eta: 0:00:01  lr: 0.000012  min_lr: 0.000012  loss: 0.0753 (0.0928)  weight_decay: 0.0500 (0.0500)  grad_norm: 0.1728 (0.2110)  time: 0.6929  data: 0.0002  max mem: 32317
Epoch: [3] Total time: 0:02:41 (1.5278 s / it)
Averaged stats: lr: 0.000012  min_lr: 0.000012  loss: 0.0753 (0.0932)  weight_decay: 0.0500 (0.0500)  grad_norm: 0.1728 (0.2110)
Epoch: [4]  [  0/106]  eta: 3:21:37  lr: 0.000012  min_lr: 0.000012  loss: 0.0696 (0.0696)  weight_decay: 0.0500 (0.0500)  grad_norm: 0.1575 (0.1575)  time: 114.1245  data: 110.2558  max mem: 32317
Epoch: [4]  [ 10/106]  eta: 0:17:44  lr: 0.000012  min_lr: 0.000012  loss: 0.0696 (0.0696)  weight_decay: 0.0500 (0.0500)  grad_norm: 0.1431 (0.1475)  time: 11.0912  data: 10.0234  max mem: 32317
Epoch: [4]  [ 20/106]  eta: 0:08:48  lr: 0.000013  min_lr: 0.000013  loss: 0.0681 (0.0682)  weight_decay: 0.0500 (0.0500)  grad_norm: 0.1425 (0.1474)  time: 0.7503  data: 0.0002  max mem: 32317
Epoch: [4]  [ 30/106]  eta: 0:05:34  lr: 0.000013  min_lr: 0.000013  loss: 0.0655 (0.0669)  weight_decay: 0.0500 (0.0500)  grad_norm: 0.1417 (0.1450)  time: 0.7252  data: 0.0002  max mem: 32317
Epoch: [4]  [ 40/106]  eta: 0:03:51  lr: 0.000013  min_lr: 0.000013  loss: 0.0626 (0.0656)  weight_decay: 0.0500 (0.0500)  grad_norm: 0.1386 (0.1428)  time: 0.7220  data: 0.0002  max mem: 32317
Epoch: [4]  [ 50/106]  eta: 0:02:45  lr: 0.000013  min_lr: 0.000013  loss: 0.0617 (0.0650)  weight_decay: 0.0500 (0.0500)  grad_norm: 0.1268 (0.1406)  time: 0.7025  data: 0.0002  max mem: 32317
Epoch: [4]  [ 60/106]  eta: 0:01:58  lr: 0.000014  min_lr: 0.000014  loss: 0.0610 (0.0645)  weight_decay: 0.0500 (0.0500)  grad_norm: 0.1294 (0.1425)  time: 0.6953  data: 0.0001  max mem: 32317
Epoch: [4]  [ 70/106]  eta: 0:01:23  lr: 0.000014  min_lr: 0.000014  loss: 0.0589 (0.0635)  weight_decay: 0.0500 (0.0500)  grad_norm: 0.1409 (0.1436)  time: 0.6919  data: 0.0001  max mem: 32317
Epoch: [4]  [ 80/106]  eta: 0:00:54  lr: 0.000014  min_lr: 0.000014  loss: 0.0586 (0.0629)  weight_decay: 0.0500 (0.0500)  grad_norm: 0.1229 (0.1400)  time: 0.6913  data: 0.0001  max mem: 32317
Epoch: [4]  [ 90/106]  eta: 0:00:31  lr: 0.000015  min_lr: 0.000015  loss: 0.0581 (0.0621)  weight_decay: 0.0500 (0.0500)  grad_norm: 0.1195 (0.1387)  time: 0.6907  data: 0.0001  max mem: 32317
Epoch: [4]  [100/106]  eta: 0:00:10  lr: 0.000015  min_lr: 0.000015  loss: 0.0556 (0.0614)  weight_decay: 0.0500 (0.0500)  grad_norm: 0.1144 (0.1364)  time: 0.6915  data: 0.0001  max mem: 32317
Epoch: [4]  [105/106]  eta: 0:00:01  lr: 0.000015  min_lr: 0.000015  loss: 0.0546 (0.0611)  weight_decay: 0.0500 (0.0500)  grad_norm: 0.1123 (0.1360)  time: 0.6928  data: 0.0001  max mem: 32317
Epoch: [4] Total time: 0:03:09 (1.7905 s / it)
Averaged stats: lr: 0.000015  min_lr: 0.000015  loss: 0.0546 (0.0617)  weight_decay: 0.0500 (0.0500)  grad_norm: 0.1123 (0.1360)
Epoch: [5]  [  0/106]  eta: 2:07:25  lr: 0.000015  min_lr: 0.000015  loss: 0.0461 (0.0461)  weight_decay: 0.0500 (0.0500)  grad_norm: 0.1624 (0.1624)  time: 72.1315  data: 71.1906  max mem: 32317
Epoch: [5]  [ 10/106]  eta: 0:11:40  lr: 0.000015  min_lr: 0.000015  loss: 0.0533 (0.0525)  weight_decay: 0.0500 (0.0500)  grad_norm: 0.1346 (0.1336)  time: 7.2934  data: 6.4720  max mem: 32317
Epoch: [5]  [ 20/106]  eta: 0:05:58  lr: 0.000016  min_lr: 0.000016  loss: 0.0510 (0.0517)  weight_decay: 0.0500 (0.0500)  grad_norm: 0.1169 (0.1280)  time: 0.7651  data: 0.0002  max mem: 32317
Epoch: [5]  [ 30/106]  eta: 0:03:51  lr: 0.000016  min_lr: 0.000016  loss: 0.0495 (0.0507)  weight_decay: 0.0500 (0.0500)  grad_norm: 0.1103 (0.1235)  time: 0.7153  data: 0.0001  max mem: 32317
Epoch: [5]  [ 40/106]  eta: 0:02:43  lr: 0.000016  min_lr: 0.000016  loss: 0.0488 (0.0500)  weight_decay: 0.0500 (0.0500)  grad_norm: 0.1103 (0.1230)  time: 0.7049  data: 0.0001  max mem: 32317
Epoch: [5]  [ 50/106]  eta: 0:01:59  lr: 0.000016  min_lr: 0.000016  loss: 0.0479 (0.0496)  weight_decay: 0.0500 (0.0500)  grad_norm: 0.1124 (0.1209)  time: 0.6991  data: 0.0001  max mem: 32317
Epoch: [5]  [ 60/106]  eta: 0:01:27  lr: 0.000017  min_lr: 0.000017  loss: 0.0481 (0.0496)  weight_decay: 0.0500 (0.0500)  grad_norm: 0.1192 (0.1259)  time: 0.6970  data: 0.0001  max mem: 32317
Epoch: [5]  [ 70/106]  eta: 0:01:02  lr: 0.000017  min_lr: 0.000017  loss: 0.0471 (0.0490)  weight_decay: 0.0500 (0.0500)  grad_norm: 0.1444 (0.1279)  time: 0.6963  data: 0.0001  max mem: 32317
Epoch: [5]  [ 80/106]  eta: 0:00:41  lr: 0.000017  min_lr: 0.000017  loss: 0.0456 (0.0488)  weight_decay: 0.0500 (0.0500)  grad_norm: 0.1061 (0.1241)  time: 0.6954  data: 0.0001  max mem: 32317
Epoch: [5]  [ 90/106]  eta: 0:00:23  lr: 0.000018  min_lr: 0.000018  loss: 0.0460 (0.0485)  weight_decay: 0.0500 (0.0500)  grad_norm: 0.1007 (0.1224)  time: 0.6956  data: 0.0001  max mem: 32317
Epoch: [5]  [100/106]  eta: 0:00:08  lr: 0.000018  min_lr: 0.000018  loss: 0.0459 (0.0482)  weight_decay: 0.0500 (0.0500)  grad_norm: 0.1073 (0.1243)  time: 0.6963  data: 0.0001  max mem: 32317
Epoch: [5]  [105/106]  eta: 0:00:01  lr: 0.000018  min_lr: 0.000018  loss: 0.0455 (0.0480)  weight_decay: 0.0500 (0.0500)  grad_norm: 0.1459 (0.1280)  time: 0.6945  data: 0.0001  max mem: 32317
Epoch: [5] Total time: 0:02:27 (1.3954 s / it)
Averaged stats: lr: 0.000018  min_lr: 0.000018  loss: 0.0455 (0.0486)  weight_decay: 0.0500 (0.0500)  grad_norm: 0.1459 (0.1280)
Epoch: [6]  [  0/106]  eta: 1:58:01  lr: 0.000018  min_lr: 0.000018  loss: 0.0414 (0.0414)  weight_decay: 0.0500 (0.0500)  grad_norm: 0.1544 (0.1544)  time: 66.8106  data: 51.5328  max mem: 32317
Epoch: [6]  [ 10/106]  eta: 0:10:46  lr: 0.000018  min_lr: 0.000018  loss: 0.0450 (0.0443)  weight_decay: 0.0500 (0.0500)  grad_norm: 0.2248 (0.2098)  time: 6.7335  data: 4.6849  max mem: 32317
Epoch: [6]  [ 20/106]  eta: 0:05:32  lr: 0.000019  min_lr: 0.000019  loss: 0.0444 (0.0441)  weight_decay: 0.0500 (0.0500)  grad_norm: 0.1609 (0.1813)  time: 0.7173  data: 0.0002  max mem: 32317
Epoch: [6]  [ 30/106]  eta: 0:03:36  lr: 0.000019  min_lr: 0.000019  loss: 0.0432 (0.0434)  weight_decay: 0.0500 (0.0500)  grad_norm: 0.1401 (0.1649)  time: 0.7031  data: 0.0001  max mem: 32317
Epoch: [6]  [ 40/106]  eta: 0:02:33  lr: 0.000019  min_lr: 0.000019  loss: 0.0414 (0.0429)  weight_decay: 0.0500 (0.0500)  grad_norm: 0.1062 (0.1491)  time: 0.6961  data: 0.0001  max mem: 32317
Epoch: [6]  [ 50/106]  eta: 0:01:51  lr: 0.000019  min_lr: 0.000019  loss: 0.0408 (0.0428)  weight_decay: 0.0500 (0.0500)  grad_norm: 0.0900 (0.1407)  time: 0.6930  data: 0.0002  max mem: 32317
Epoch: [6]  [ 60/106]  eta: 0:01:22  lr: 0.000020  min_lr: 0.000020  loss: 0.0427 (0.0430)  weight_decay: 0.0500 (0.0500)  grad_norm: 0.1245 (0.1435)  time: 0.6903  data: 0.0002  max mem: 32317
Epoch: [6]  [ 70/106]  eta: 0:00:58  lr: 0.000020  min_lr: 0.000020  loss: 0.0426 (0.0428)  weight_decay: 0.0500 (0.0500)  grad_norm: 0.1444 (0.1412)  time: 0.6891  data: 0.0001  max mem: 32317
Epoch: [6]  [ 80/106]  eta: 0:00:39  lr: 0.000020  min_lr: 0.000020  loss: 0.0423 (0.0429)  weight_decay: 0.0500 (0.0500)  grad_norm: 0.0874 (0.1354)  time: 0.6933  data: 0.0002  max mem: 32317
Epoch: [6]  [ 90/106]  eta: 0:00:22  lr: 0.000021  min_lr: 0.000021  loss: 0.0424 (0.0427)  weight_decay: 0.0500 (0.0500)  grad_norm: 0.0972 (0.1318)  time: 0.6963  data: 0.0001  max mem: 32317
Epoch: [6]  [100/106]  eta: 0:00:08  lr: 0.000021  min_lr: 0.000021  loss: 0.0409 (0.0425)  weight_decay: 0.0500 (0.0500)  grad_norm: 0.1249 (0.1394)  time: 0.6934  data: 0.0001  max mem: 32317
Epoch: [6]  [105/106]  eta: 0:00:01  lr: 0.000021  min_lr: 0.000021  loss: 0.0409 (0.0424)  weight_decay: 0.0500 (0.0500)  grad_norm: 0.1734 (0.1425)  time: 0.6924  data: 0.0001  max mem: 32317
Epoch: [6] Total time: 0:02:21 (1.3316 s / it)
Averaged stats: lr: 0.000021  min_lr: 0.000021  loss: 0.0409 (0.0428)  weight_decay: 0.0500 (0.0500)  grad_norm: 0.1734 (0.1425)
Epoch: [7]  [  0/106]  eta: 2:11:07  lr: 0.000021  min_lr: 0.000021  loss: 0.0360 (0.0360)  weight_decay: 0.0500 (0.0500)  grad_norm: 0.1918 (0.1918)  time: 74.2227  data: 40.8761  max mem: 32317
Epoch: [7]  [ 10/106]  eta: 0:11:51  lr: 0.000021  min_lr: 0.000021  loss: 0.0394 (0.0398)  weight_decay: 0.0500 (0.0500)  grad_norm: 0.1436 (0.1409)  time: 7.4067  data: 3.7162  max mem: 32317
Epoch: [7]  [ 20/106]  eta: 0:06:02  lr: 0.000022  min_lr: 0.000022  loss: 0.0392 (0.0398)  weight_decay: 0.0500 (0.0500)  grad_norm: 0.1413 (0.1429)  time: 0.7205  data: 0.0002  max mem: 32317
Epoch: [7]  [ 30/106]  eta: 0:03:54  lr: 0.000022  min_lr: 0.000022  loss: 0.0384 (0.0393)  weight_decay: 0.0500 (0.0500)  grad_norm: 0.1342 (0.1401)  time: 0.7153  data: 0.0002  max mem: 32317
Epoch: [7]  [ 40/106]  eta: 0:02:45  lr: 0.000022  min_lr: 0.000022  loss: 0.0389 (0.0391)  weight_decay: 0.0500 (0.0500)  grad_norm: 0.1226 (0.1381)  time: 0.7052  data: 0.0001  max mem: 32317
Epoch: [7]  [ 50/106]  eta: 0:02:00  lr: 0.000022  min_lr: 0.000022  loss: 0.0392 (0.0391)  weight_decay: 0.0500 (0.0500)  grad_norm: 0.1254 (0.1357)  time: 0.6946  data: 0.0001  max mem: 32317
Epoch: [7]  [ 60/106]  eta: 0:01:27  lr: 0.000023  min_lr: 0.000023  loss: 0.0406 (0.0395)  weight_decay: 0.0500 (0.0500)  grad_norm: 0.1538 (0.1494)  time: 0.6933  data: 0.0001  max mem: 32317
Epoch: [7]  [ 70/106]  eta: 0:01:02  lr: 0.000023  min_lr: 0.000023  loss: 0.0406 (0.0394)  weight_decay: 0.0500 (0.0500)  grad_norm: 0.2049 (0.1552)  time: 0.6966  data: 0.0001  max mem: 32317
Epoch: [7]  [ 80/106]  eta: 0:00:41  lr: 0.000023  min_lr: 0.000023  loss: 0.0394 (0.0395)  weight_decay: 0.0500 (0.0500)  grad_norm: 0.1631 (0.1553)  time: 0.7062  data: 0.0001  max mem: 32317
Epoch: [7]  [ 90/106]  eta: 0:00:24  lr: 0.000024  min_lr: 0.000024  loss: 0.0391 (0.0393)  weight_decay: 0.0500 (0.0500)  grad_norm: 0.1537 (0.1578)  time: 0.7798  data: 0.0002  max mem: 32317
Epoch: [7]  [100/106]  eta: 0:00:08  lr: 0.000024  min_lr: 0.000024  loss: 0.0378 (0.0393)  weight_decay: 0.0500 (0.0500)  grad_norm: 0.1620 (0.1608)  time: 0.8112  data: 0.0002  max mem: 32317
Epoch: [7]  [105/106]  eta: 0:00:01  lr: 0.000024  min_lr: 0.000024  loss: 0.0378 (0.0392)  weight_decay: 0.0500 (0.0500)  grad_norm: 0.1356 (0.1585)  time: 0.7767  data: 0.0002  max mem: 32317
Epoch: [7] Total time: 0:02:31 (1.4281 s / it)
Averaged stats: lr: 0.000024  min_lr: 0.000024  loss: 0.0378 (0.0395)  weight_decay: 0.0500 (0.0500)  grad_norm: 0.1356 (0.1585)
Epoch: [8]  [  0/106]  eta: 3:40:10  lr: 0.000024  min_lr: 0.000024  loss: 0.0320 (0.0320)  weight_decay: 0.0500 (0.0500)  grad_norm: 0.0817 (0.0817)  time: 124.6263  data: 103.2145  max mem: 32317
Epoch: [8]  [ 10/106]  eta: 0:19:16  lr: 0.000024  min_lr: 0.000024  loss: 0.0369 (0.0371)  weight_decay: 0.0500 (0.0500)  grad_norm: 0.1121 (0.1086)  time: 12.0457  data: 9.3833  max mem: 32317
Epoch: [8]  [ 20/106]  eta: 0:09:34  lr: 0.000025  min_lr: 0.000025  loss: 0.0369 (0.0371)  weight_decay: 0.0500 (0.0500)  grad_norm: 0.1381 (0.1586)  time: 0.7789  data: 0.0002  max mem: 32317
Epoch: [8]  [ 30/106]  eta: 0:06:01  lr: 0.000025  min_lr: 0.000025  loss: 0.0361 (0.0369)  weight_decay: 0.0500 (0.0500)  grad_norm: 0.1882 (0.1605)  time: 0.7397  data: 0.0002  max mem: 32317
Epoch: [8]  [ 40/106]  eta: 0:04:08  lr: 0.000025  min_lr: 0.000025  loss: 0.0361 (0.0367)  weight_decay: 0.0500 (0.0500)  grad_norm: 0.1728 (0.1705)  time: 0.7032  data: 0.0002  max mem: 32317
Epoch: [8]  [ 50/106]  eta: 0:02:57  lr: 0.000025  min_lr: 0.000025  loss: 0.0356 (0.0368)  weight_decay: 0.0500 (0.0500)  grad_norm: 0.1277 (0.1606)  time: 0.6957  data: 0.0001  max mem: 32317
Epoch: [8]  [ 60/106]  eta: 0:02:06  lr: 0.000026  min_lr: 0.000026  loss: 0.0378 (0.0373)  weight_decay: 0.0500 (0.0500)  grad_norm: 0.1277 (0.1675)  time: 0.6949  data: 0.0001  max mem: 32317
Epoch: [8]  [ 70/106]  eta: 0:01:28  lr: 0.000026  min_lr: 0.000026  loss: 0.0372 (0.0370)  weight_decay: 0.0500 (0.0500)  grad_norm: 0.1684 (0.1713)  time: 0.6932  data: 0.0002  max mem: 32317
Epoch: [8]  [ 80/106]  eta: 0:00:58  lr: 0.000026  min_lr: 0.000026  loss: 0.0367 (0.0372)  weight_decay: 0.0500 (0.0500)  grad_norm: 0.1666 (0.1709)  time: 0.6918  data: 0.0002  max mem: 32317
Epoch: [8]  [ 90/106]  eta: 0:00:33  lr: 0.000027  min_lr: 0.000027  loss: 0.0377 (0.0371)  weight_decay: 0.0500 (0.0500)  grad_norm: 0.1493 (0.1691)  time: 0.6937  data: 0.0002  max mem: 32317
Epoch: [8]  [100/106]  eta: 0:00:11  lr: 0.000027  min_lr: 0.000027  loss: 0.0361 (0.0372)  weight_decay: 0.0500 (0.0500)  grad_norm: 0.1754 (0.1696)  time: 0.6938  data: 0.0001  max mem: 32317
Epoch: [8]  [105/106]  eta: 0:00:01  lr: 0.000027  min_lr: 0.000027  loss: 0.0359 (0.0370)  weight_decay: 0.0500 (0.0500)  grad_norm: 0.1755 (0.1705)  time: 0.6934  data: 0.0002  max mem: 32317
Epoch: [8] Total time: 0:03:20 (1.8912 s / it)
Averaged stats: lr: 0.000027  min_lr: 0.000027  loss: 0.0359 (0.0374)  weight_decay: 0.0500 (0.0500)  grad_norm: 0.1755 (0.1705)
Epoch: [9]  [  0/106]  eta: 1:58:13  lr: 0.000027  min_lr: 0.000027  loss: 0.0318 (0.0318)  weight_decay: 0.0500 (0.0500)  grad_norm: 0.1343 (0.1343)  time: 66.9158  data: 51.5737  max mem: 32317
Epoch: [9]  [ 10/106]  eta: 0:10:45  lr: 0.000027  min_lr: 0.000027  loss: 0.0357 (0.0358)  weight_decay: 0.0500 (0.0500)  grad_norm: 0.1654 (0.1855)  time: 6.7206  data: 4.6887  max mem: 32317
Epoch: [9]  [ 20/106]  eta: 0:05:31  lr: 0.000028  min_lr: 0.000028  loss: 0.0357 (0.0359)  weight_decay: 0.0500 (0.0500)  grad_norm: 0.1416 (0.1617)  time: 0.6971  data: 0.0002  max mem: 32317
Epoch: [9]  [ 30/106]  eta: 0:03:35  lr: 0.000028  min_lr: 0.000028  loss: 0.0349 (0.0353)  weight_decay: 0.0500 (0.0500)  grad_norm: 0.1403 (0.1596)  time: 0.6936  data: 0.0002  max mem: 32317
Epoch: [9]  [ 40/106]  eta: 0:02:32  lr: 0.000028  min_lr: 0.000028  loss: 0.0344 (0.0353)  weight_decay: 0.0500 (0.0500)  grad_norm: 0.1516 (0.1602)  time: 0.6931  data: 0.0001  max mem: 32317
Epoch: [9]  [ 50/106]  eta: 0:01:51  lr: 0.000028  min_lr: 0.000028  loss: 0.0344 (0.0353)  weight_decay: 0.0500 (0.0500)  grad_norm: 0.1374 (0.1533)  time: 0.6922  data: 0.0001  max mem: 32317
Epoch: [9]  [ 60/106]  eta: 0:01:21  lr: 0.000029  min_lr: 0.000029  loss: 0.0361 (0.0356)  weight_decay: 0.0500 (0.0500)  grad_norm: 0.1536 (0.1574)  time: 0.6917  data: 0.0001  max mem: 32317
Epoch: [9]  [ 70/106]  eta: 0:00:58  lr: 0.000029  min_lr: 0.000029  loss: 0.0357 (0.0354)  weight_decay: 0.0500 (0.0500)  grad_norm: 0.1754 (0.1629)  time: 0.6906  data: 0.0001  max mem: 32317
Epoch: [9]  [ 80/106]  eta: 0:00:39  lr: 0.000029  min_lr: 0.000029  loss: 0.0351 (0.0356)  weight_decay: 0.0500 (0.0500)  grad_norm: 0.1714 (0.1624)  time: 0.6923  data: 0.0001  max mem: 32317
Epoch: [9]  [ 90/106]  eta: 0:00:22  lr: 0.000030  min_lr: 0.000030  loss: 0.0361 (0.0355)  weight_decay: 0.0500 (0.0500)  grad_norm: 0.1498 (0.1597)  time: 0.6945  data: 0.0001  max mem: 32317
Epoch: [9]  [100/106]  eta: 0:00:08  lr: 0.000030  min_lr: 0.000030  loss: 0.0355 (0.0356)  weight_decay: 0.0500 (0.0500)  grad_norm: 0.1498 (0.1617)  time: 0.6940  data: 0.0001  max mem: 32317
Epoch: [9]  [105/106]  eta: 0:00:01  lr: 0.000030  min_lr: 0.000030  loss: 0.0348 (0.0355)  weight_decay: 0.0500 (0.0500)  grad_norm: 0.1519 (0.1608)  time: 0.6927  data: 0.0001  max mem: 32317
Epoch: [9] Total time: 0:02:20 (1.3282 s / it)
Averaged stats: lr: 0.000030  min_lr: 0.000030  loss: 0.0348 (0.0358)  weight_decay: 0.0500 (0.0500)  grad_norm: 0.1519 (0.1608)
Epoch: [10]  [  0/106]  eta: 1:54:04  lr: 0.000030  min_lr: 0.000030  loss: 0.0284 (0.0284)  weight_decay: 0.0500 (0.0500)  grad_norm: 0.0935 (0.0935)  time: 64.5712  data: 57.9291  max mem: 32317
Epoch: [10]  [ 10/106]  eta: 0:10:34  lr: 0.000030  min_lr: 0.000030  loss: 0.0345 (0.0340)  weight_decay: 0.0500 (0.0500)  grad_norm: 0.1688 (0.1599)  time: 6.6121  data: 5.2664  max mem: 32317
Epoch: [10]  [ 20/106]  eta: 0:05:26  lr: 0.000031  min_lr: 0.000031  loss: 0.0340 (0.0343)  weight_decay: 0.0500 (0.0500)  grad_norm: 0.1403 (0.1353)  time: 0.7589  data: 0.0002  max mem: 32317
Epoch: [10]  [ 30/106]  eta: 0:03:32  lr: 0.000031  min_lr: 0.000031  loss: 0.0333 (0.0342)  weight_decay: 0.0500 (0.0500)  grad_norm: 0.1517 (0.1474)  time: 0.6998  data: 0.0001  max mem: 32317
Epoch: [10]  [ 40/106]  eta: 0:02:30  lr: 0.000031  min_lr: 0.000031  loss: 0.0328 (0.0340)  weight_decay: 0.0500 (0.0500)  grad_norm: 0.1554 (0.1477)  time: 0.6982  data: 0.0001  max mem: 32317
Epoch: [10]  [ 50/106]  eta: 0:01:50  lr: 0.000031  min_lr: 0.000031  loss: 0.0331 (0.0341)  weight_decay: 0.0500 (0.0500)  grad_norm: 0.1379 (0.1522)  time: 0.6980  data: 0.0001  max mem: 32317
Epoch: [10]  [ 60/106]  eta: 0:01:21  lr: 0.000032  min_lr: 0.000032  loss: 0.0360 (0.0346)  weight_decay: 0.0500 (0.0500)  grad_norm: 0.1354 (0.1507)  time: 0.6972  data: 0.0001  max mem: 32317
Epoch: [10]  [ 70/106]  eta: 0:00:58  lr: 0.000032  min_lr: 0.000032  loss: 0.0356 (0.0345)  weight_decay: 0.0500 (0.0500)  grad_norm: 0.1539 (0.1545)  time: 0.6999  data: 0.0002  max mem: 32317
Epoch: [10]  [ 80/106]  eta: 0:00:39  lr: 0.000032  min_lr: 0.000032  loss: 0.0355 (0.0347)  weight_decay: 0.0500 (0.0500)  grad_norm: 0.1565 (0.1551)  time: 0.7061  data: 0.0002  max mem: 32317
Epoch: [10]  [ 90/106]  eta: 0:00:22  lr: 0.000033  min_lr: 0.000033  loss: 0.0355 (0.0347)  weight_decay: 0.0500 (0.0500)  grad_norm: 0.1470 (0.1563)  time: 0.7070  data: 0.0001  max mem: 32317
Epoch: [10]  [100/106]  eta: 0:00:08  lr: 0.000033  min_lr: 0.000033  loss: 0.0341 (0.0347)  weight_decay: 0.0500 (0.0500)  grad_norm: 0.1835 (0.1602)  time: 0.7020  data: 0.0001  max mem: 32317
Epoch: [10]  [105/106]  eta: 0:00:01  lr: 0.000033  min_lr: 0.000033  loss: 0.0338 (0.0346)  weight_decay: 0.0500 (0.0500)  grad_norm: 0.1488 (0.1571)  time: 0.7002  data: 0.0001  max mem: 32317
Epoch: [10] Total time: 0:02:20 (1.3255 s / it)
Averaged stats: lr: 0.000033  min_lr: 0.000033  loss: 0.0338 (0.0350)  weight_decay: 0.0500 (0.0500)  grad_norm: 0.1488 (0.1571)
Epoch: [11]  [  0/106]  eta: 1:56:16  lr: 0.000033  min_lr: 0.000033  loss: 0.0307 (0.0307)  weight_decay: 0.0500 (0.0500)  grad_norm: 0.0931 (0.0931)  time: 65.8137  data: 49.9148  max mem: 32317
Epoch: [11]  [ 10/106]  eta: 0:10:35  lr: 0.000033  min_lr: 0.000033  loss: 0.0335 (0.0337)  weight_decay: 0.0500 (0.0500)  grad_norm: 0.1297 (0.1345)  time: 6.6213  data: 4.5379  max mem: 32317
Epoch: [11]  [ 20/106]  eta: 0:05:26  lr: 0.000034  min_lr: 0.000034  loss: 0.0341 (0.0343)  weight_decay: 0.0500 (0.0500)  grad_norm: 0.1322 (0.1744)  time: 0.7007  data: 0.0002  max mem: 32317
Epoch: [11]  [ 30/106]  eta: 0:03:33  lr: 0.000034  min_lr: 0.000034  loss: 0.0341 (0.0340)  weight_decay: 0.0500 (0.0500)  grad_norm: 0.1382 (0.1620)  time: 0.7031  data: 0.0002  max mem: 32317
Epoch: [11]  [ 40/106]  eta: 0:02:31  lr: 0.000034  min_lr: 0.000034  loss: 0.0335 (0.0337)  weight_decay: 0.0500 (0.0500)  grad_norm: 0.1298 (0.1570)  time: 0.7013  data: 0.0001  max mem: 32317
Epoch: [11]  [ 50/106]  eta: 0:01:50  lr: 0.000034  min_lr: 0.000034  loss: 0.0332 (0.0339)  weight_decay: 0.0500 (0.0500)  grad_norm: 0.1451 (0.1554)  time: 0.6965  data: 0.0002  max mem: 32317
Epoch: [11]  [ 60/106]  eta: 0:01:21  lr: 0.000035  min_lr: 0.000035  loss: 0.0354 (0.0343)  weight_decay: 0.0500 (0.0500)  grad_norm: 0.1410 (0.1528)  time: 0.6956  data: 0.0001  max mem: 32317
Epoch: [11]  [ 70/106]  eta: 0:00:58  lr: 0.000035  min_lr: 0.000035  loss: 0.0354 (0.0342)  weight_decay: 0.0500 (0.0500)  grad_norm: 0.1410 (0.1552)  time: 0.6926  data: 0.0001  max mem: 32317
Epoch: [11]  [ 80/106]  eta: 0:00:39  lr: 0.000035  min_lr: 0.000035  loss: 0.0345 (0.0343)  weight_decay: 0.0500 (0.0500)  grad_norm: 0.1541 (0.1615)  time: 0.6916  data: 0.0001  max mem: 32317
Epoch: [11]  [ 90/106]  eta: 0:00:22  lr: 0.000036  min_lr: 0.000036  loss: 0.0331 (0.0343)  weight_decay: 0.0500 (0.0500)  grad_norm: 0.1771 (0.1671)  time: 0.6922  data: 0.0001  max mem: 32317
Epoch: [11]  [100/106]  eta: 0:00:08  lr: 0.000036  min_lr: 0.000036  loss: 0.0329 (0.0343)  weight_decay: 0.0500 (0.0500)  grad_norm: 0.1558 (0.1664)  time: 0.6918  data: 0.0001  max mem: 32317
Epoch: [11]  [105/106]  eta: 0:00:01  lr: 0.000036  min_lr: 0.000036  loss: 0.0329 (0.0341)  weight_decay: 0.0500 (0.0500)  grad_norm: 0.1522 (0.1654)  time: 0.6918  data: 0.0001  max mem: 32317
Epoch: [11] Total time: 0:02:19 (1.3203 s / it)
Averaged stats: lr: 0.000036  min_lr: 0.000036  loss: 0.0329 (0.0342)  weight_decay: 0.0500 (0.0500)  grad_norm: 0.1522 (0.1654)
Epoch: [12]  [  0/106]  eta: 3:48:07  lr: 0.000036  min_lr: 0.000036  loss: 0.0329 (0.0329)  weight_decay: 0.0500 (0.0500)  grad_norm: 0.1601 (0.1601)  time: 129.1278  data: 53.9425  max mem: 32317
Epoch: [12]  [ 10/106]  eta: 0:19:52  lr: 0.000036  min_lr: 0.000036  loss: 0.0332 (0.0327)  weight_decay: 0.0500 (0.0500)  grad_norm: 0.1585 (0.1501)  time: 12.4178  data: 4.9041  max mem: 32317
Epoch: [12]  [ 20/106]  eta: 0:09:49  lr: 0.000037  min_lr: 0.000037  loss: 0.0334 (0.0331)  weight_decay: 0.0500 (0.0500)  grad_norm: 0.1637 (0.1624)  time: 0.7416  data: 0.0002  max mem: 32317
Epoch: [12]  [ 30/106]  eta: 0:06:10  lr: 0.000037  min_lr: 0.000037  loss: 0.0329 (0.0330)  weight_decay: 0.0500 (0.0500)  grad_norm: 0.1766 (0.1690)  time: 0.7206  data: 0.0002  max mem: 32317
Epoch: [12]  [ 40/106]  eta: 0:04:14  lr: 0.000037  min_lr: 0.000037  loss: 0.0323 (0.0329)  weight_decay: 0.0500 (0.0500)  grad_norm: 0.1113 (0.1524)  time: 0.7021  data: 0.0002  max mem: 32317
Epoch: [12]  [ 50/106]  eta: 0:03:01  lr: 0.000037  min_lr: 0.000037  loss: 0.0330 (0.0329)  weight_decay: 0.0500 (0.0500)  grad_norm: 0.1059 (0.1499)  time: 0.7117  data: 0.0002  max mem: 32317
Epoch: [12]  [ 60/106]  eta: 0:02:10  lr: 0.000038  min_lr: 0.000038  loss: 0.0338 (0.0333)  weight_decay: 0.0500 (0.0500)  grad_norm: 0.1494 (0.1558)  time: 0.7235  data: 0.0001  max mem: 32317
Epoch: [12]  [ 70/106]  eta: 0:01:31  lr: 0.000038  min_lr: 0.000038  loss: 0.0335 (0.0332)  weight_decay: 0.0500 (0.0500)  grad_norm: 0.1514 (0.1567)  time: 0.7182  data: 0.0001  max mem: 32317
Epoch: [12]  [ 80/106]  eta: 0:00:59  lr: 0.000038  min_lr: 0.000038  loss: 0.0331 (0.0333)  weight_decay: 0.0500 (0.0500)  grad_norm: 0.1418 (0.1566)  time: 0.7102  data: 0.0001  max mem: 32317
Epoch: [12]  [ 90/106]  eta: 0:00:34  lr: 0.000039  min_lr: 0.000039  loss: 0.0332 (0.0333)  weight_decay: 0.0500 (0.0500)  grad_norm: 0.1357 (0.1577)  time: 0.7000  data: 0.0001  max mem: 32317
Epoch: [12]  [100/106]  eta: 0:00:11  lr: 0.000039  min_lr: 0.000039  loss: 0.0336 (0.0333)  weight_decay: 0.0500 (0.0500)  grad_norm: 0.1504 (0.1600)  time: 0.6926  data: 0.0001  max mem: 32317
Epoch: [12]  [105/106]  eta: 0:00:01  lr: 0.000039  min_lr: 0.000039  loss: 0.0336 (0.0333)  weight_decay: 0.0500 (0.0500)  grad_norm: 0.1229 (0.1570)  time: 0.6920  data: 0.0001  max mem: 32317
Epoch: [12] Total time: 0:03:25 (1.9359 s / it)
Averaged stats: lr: 0.000039  min_lr: 0.000039  loss: 0.0336 (0.0336)  weight_decay: 0.0500 (0.0500)  grad_norm: 0.1229 (0.1570)
Epoch: [13]  [  0/106]  eta: 2:03:02  lr: 0.000039  min_lr: 0.000039  loss: 0.0272 (0.0272)  weight_decay: 0.0500 (0.0500)  grad_norm: 0.0511 (0.0511)  time: 69.6451  data: 68.7702  max mem: 32317
Epoch: [13]  [ 10/106]  eta: 0:11:21  lr: 0.000039  min_lr: 0.000039  loss: 0.0324 (0.0322)  weight_decay: 0.0500 (0.0500)  grad_norm: 0.0981 (0.0979)  time: 7.0976  data: 6.2521  max mem: 32317
Epoch: [13]  [ 20/106]  eta: 0:05:48  lr: 0.000040  min_lr: 0.000040  loss: 0.0325 (0.0327)  weight_decay: 0.0500 (0.0500)  grad_norm: 0.1193 (0.1339)  time: 0.7718  data: 0.0002  max mem: 32317
Epoch: [13]  [ 30/106]  eta: 0:03:45  lr: 0.000040  min_lr: 0.000040  loss: 0.0323 (0.0325)  weight_decay: 0.0500 (0.0500)  grad_norm: 0.1711 (0.1525)  time: 0.6990  data: 0.0002  max mem: 32317
Epoch: [13]  [ 40/106]  eta: 0:02:39  lr: 0.000040  min_lr: 0.000040  loss: 0.0319 (0.0324)  weight_decay: 0.0500 (0.0500)  grad_norm: 0.2017 (0.1634)  time: 0.6977  data: 0.0002  max mem: 32317
Epoch: [13]  [ 50/106]  eta: 0:01:56  lr: 0.000040  min_lr: 0.000040  loss: 0.0320 (0.0325)  weight_decay: 0.0500 (0.0500)  grad_norm: 0.1877 (0.1691)  time: 0.6957  data: 0.0002  max mem: 32317
Epoch: [13]  [ 60/106]  eta: 0:01:25  lr: 0.000041  min_lr: 0.000041  loss: 0.0337 (0.0328)  weight_decay: 0.0500 (0.0500)  grad_norm: 0.1390 (0.1640)  time: 0.6924  data: 0.0001  max mem: 32317
Epoch: [13]  [ 70/106]  eta: 0:01:00  lr: 0.000041  min_lr: 0.000041  loss: 0.0328 (0.0328)  weight_decay: 0.0500 (0.0500)  grad_norm: 0.1113 (0.1611)  time: 0.6924  data: 0.0001  max mem: 32317
Epoch: [13]  [ 80/106]  eta: 0:00:40  lr: 0.000041  min_lr: 0.000041  loss: 0.0328 (0.0330)  weight_decay: 0.0500 (0.0500)  grad_norm: 0.1244 (0.1617)  time: 0.6941  data: 0.0001  max mem: 32317
Epoch: [13]  [ 90/106]  eta: 0:00:23  lr: 0.000042  min_lr: 0.000042  loss: 0.0331 (0.0329)  weight_decay: 0.0500 (0.0500)  grad_norm: 0.1574 (0.1652)  time: 0.6939  data: 0.0001  max mem: 32317
Epoch: [13]  [100/106]  eta: 0:00:08  lr: 0.000042  min_lr: 0.000042  loss: 0.0322 (0.0329)  weight_decay: 0.0500 (0.0500)  grad_norm: 0.1032 (0.1572)  time: 0.6930  data: 0.0001  max mem: 32317
Epoch: [13]  [105/106]  eta: 0:00:01  lr: 0.000042  min_lr: 0.000042  loss: 0.0322 (0.0329)  weight_decay: 0.0500 (0.0500)  grad_norm: 0.0937 (0.1540)  time: 0.6942  data: 0.0001  max mem: 32317
Epoch: [13] Total time: 0:02:25 (1.3702 s / it)
Averaged stats: lr: 0.000042  min_lr: 0.000042  loss: 0.0322 (0.0332)  weight_decay: 0.0500 (0.0500)  grad_norm: 0.0937 (0.1540)
Epoch: [14]  [  0/106]  eta: 1:58:34  lr: 0.000042  min_lr: 0.000042  loss: 0.0276 (0.0276)  weight_decay: 0.0500 (0.0500)  grad_norm: 0.1425 (0.1425)  time: 67.1200  data: 47.9932  max mem: 32317
Epoch: [14]  [ 10/106]  eta: 0:10:47  lr: 0.000042  min_lr: 0.000042  loss: 0.0324 (0.0318)  weight_decay: 0.0500 (0.0500)  grad_norm: 0.1696 (0.1698)  time: 6.7418  data: 4.3632  max mem: 32317
Epoch: [14]  [ 20/106]  eta: 0:05:32  lr: 0.000043  min_lr: 0.000043  loss: 0.0324 (0.0322)  weight_decay: 0.0500 (0.0500)  grad_norm: 0.1211 (0.1507)  time: 0.7000  data: 0.0002  max mem: 32317
Epoch: [14]  [ 30/106]  eta: 0:03:35  lr: 0.000043  min_lr: 0.000043  loss: 0.0319 (0.0322)  weight_decay: 0.0500 (0.0500)  grad_norm: 0.1287 (0.1627)  time: 0.6951  data: 0.0001  max mem: 32317
Epoch: [14]  [ 40/106]  eta: 0:02:32  lr: 0.000043  min_lr: 0.000043  loss: 0.0315 (0.0319)  weight_decay: 0.0500 (0.0500)  grad_norm: 0.1692 (0.1652)  time: 0.6928  data: 0.0001  max mem: 32317
Epoch: [14]  [ 50/106]  eta: 0:01:51  lr: 0.000043  min_lr: 0.000043  loss: 0.0306 (0.0321)  weight_decay: 0.0500 (0.0500)  grad_norm: 0.1442 (0.1640)  time: 0.6917  data: 0.0001  max mem: 32317
Epoch: [14]  [ 60/106]  eta: 0:01:22  lr: 0.000044  min_lr: 0.000044  loss: 0.0330 (0.0325)  weight_decay: 0.0500 (0.0500)  grad_norm: 0.1303 (0.1605)  time: 0.6924  data: 0.0001  max mem: 32317
Epoch: [14]  [ 70/106]  eta: 0:00:58  lr: 0.000044  min_lr: 0.000044  loss: 0.0330 (0.0324)  weight_decay: 0.0500 (0.0500)  grad_norm: 0.1622 (0.1662)  time: 0.6923  data: 0.0001  max mem: 32317
Epoch: [14]  [ 80/106]  eta: 0:00:39  lr: 0.000044  min_lr: 0.000044  loss: 0.0329 (0.0326)  weight_decay: 0.0500 (0.0500)  grad_norm: 0.2132 (0.1743)  time: 0.6942  data: 0.0001  max mem: 32317
Epoch: [14]  [ 90/106]  eta: 0:00:22  lr: 0.000045  min_lr: 0.000045  loss: 0.0328 (0.0325)  weight_decay: 0.0500 (0.0500)  grad_norm: 0.1789 (0.1748)  time: 0.6952  data: 0.0001  max mem: 32317
Epoch: [14]  [100/106]  eta: 0:00:08  lr: 0.000045  min_lr: 0.000045  loss: 0.0328 (0.0327)  weight_decay: 0.0500 (0.0500)  grad_norm: 0.1541 (0.1696)  time: 0.6922  data: 0.0001  max mem: 32317
Epoch: [14]  [105/106]  eta: 0:00:01  lr: 0.000045  min_lr: 0.000045  loss: 0.0327 (0.0326)  weight_decay: 0.0500 (0.0500)  grad_norm: 0.1195 (0.1666)  time: 0.6916  data: 0.0001  max mem: 32317
Epoch: [14] Total time: 0:02:21 (1.3310 s / it)
Averaged stats: lr: 0.000045  min_lr: 0.000045  loss: 0.0327 (0.0329)  weight_decay: 0.0500 (0.0500)  grad_norm: 0.1195 (0.1666)
Epoch: [15]  [  0/106]  eta: 3:08:38  lr: 0.000045  min_lr: 0.000045  loss: 0.0277 (0.0277)  weight_decay: 0.0500 (0.0500)  grad_norm: 0.0838 (0.0838)  time: 106.7749  data: 46.8594  max mem: 32317
Epoch: [15]  [ 10/106]  eta: 0:16:49  lr: 0.000045  min_lr: 0.000045  loss: 0.0310 (0.0320)  weight_decay: 0.0500 (0.0500)  grad_norm: 0.0838 (0.0851)  time: 10.5157  data: 4.2601  max mem: 32317
Epoch: [15]  [ 20/106]  eta: 0:08:24  lr: 0.000046  min_lr: 0.000046  loss: 0.0313 (0.0322)  weight_decay: 0.0500 (0.0500)  grad_norm: 0.0848 (0.0888)  time: 0.8218  data: 0.0002  max mem: 32317
Epoch: [15]  [ 30/106]  eta: 0:05:19  lr: 0.000046  min_lr: 0.000046  loss: 0.0317 (0.0321)  weight_decay: 0.0500 (0.0500)  grad_norm: 0.1102 (0.1126)  time: 0.7374  data: 0.0001  max mem: 32317
Epoch: [15]  [ 40/106]  eta: 0:03:41  lr: 0.000046  min_lr: 0.000046  loss: 0.0317 (0.0320)  weight_decay: 0.0500 (0.0500)  grad_norm: 0.1728 (0.1388)  time: 0.7222  data: 0.0001  max mem: 32317
Epoch: [15]  [ 50/106]  eta: 0:02:39  lr: 0.000046  min_lr: 0.000046  loss: 0.0318 (0.0320)  weight_decay: 0.0500 (0.0500)  grad_norm: 0.2159 (0.1504)  time: 0.7210  data: 0.0001  max mem: 32317
Epoch: [15]  [ 60/106]  eta: 0:01:54  lr: 0.000047  min_lr: 0.000047  loss: 0.0330 (0.0324)  weight_decay: 0.0500 (0.0500)  grad_norm: 0.1933 (0.1571)  time: 0.7174  data: 0.0001  max mem: 32317
Epoch: [15]  [ 70/106]  eta: 0:01:20  lr: 0.000047  min_lr: 0.000047  loss: 0.0324 (0.0323)  weight_decay: 0.0500 (0.0500)  grad_norm: 0.1603 (0.1540)  time: 0.7080  data: 0.0001  max mem: 32317
Epoch: [15]  [ 80/106]  eta: 0:00:53  lr: 0.000047  min_lr: 0.000047  loss: 0.0322 (0.0325)  weight_decay: 0.0500 (0.0500)  grad_norm: 0.1573 (0.1548)  time: 0.6981  data: 0.0001  max mem: 32317
Epoch: [15]  [ 90/106]  eta: 0:00:30  lr: 0.000048  min_lr: 0.000048  loss: 0.0330 (0.0323)  weight_decay: 0.0500 (0.0500)  grad_norm: 0.1524 (0.1522)  time: 0.6969  data: 0.0001  max mem: 32317
Epoch: [15]  [100/106]  eta: 0:00:10  lr: 0.000048  min_lr: 0.000048  loss: 0.0324 (0.0324)  weight_decay: 0.0500 (0.0500)  grad_norm: 0.1430 (0.1534)  time: 0.6972  data: 0.0001  max mem: 32317
Epoch: [15]  [105/106]  eta: 0:00:01  lr: 0.000048  min_lr: 0.000048  loss: 0.0317 (0.0324)  weight_decay: 0.0500 (0.0500)  grad_norm: 0.1430 (0.1518)  time: 0.6968  data: 0.0001  max mem: 32317
Epoch: [15] Total time: 0:03:04 (1.7396 s / it)
Averaged stats: lr: 0.000048  min_lr: 0.000048  loss: 0.0317 (0.0327)  weight_decay: 0.0500 (0.0500)  grad_norm: 0.1430 (0.1518)
Epoch: [16]  [  0/106]  eta: 2:33:25  lr: 0.000048  min_lr: 0.000048  loss: 0.0282 (0.0282)  weight_decay: 0.0500 (0.0500)  grad_norm: 0.0877 (0.0877)  time: 86.8433  data: 80.8324  max mem: 32317
Epoch: [16]  [ 10/106]  eta: 0:13:42  lr: 0.000048  min_lr: 0.000048  loss: 0.0310 (0.0312)  weight_decay: 0.0500 (0.0500)  grad_norm: 0.1127 (0.1129)  time: 8.5726  data: 7.3486  max mem: 32317
Epoch: [16]  [ 20/106]  eta: 0:06:54  lr: 0.000049  min_lr: 0.000049  loss: 0.0317 (0.0323)  weight_decay: 0.0500 (0.0500)  grad_norm: 0.1162 (0.1341)  time: 0.7239  data: 0.0002  max mem: 32317
Epoch: [16]  [ 30/106]  eta: 0:04:25  lr: 0.000049  min_lr: 0.000049  loss: 0.0316 (0.0319)  weight_decay: 0.0500 (0.0500)  grad_norm: 0.1573 (0.1434)  time: 0.7019  data: 0.0001  max mem: 32317
Epoch: [16]  [ 40/106]  eta: 0:03:05  lr: 0.000049  min_lr: 0.000049  loss: 0.0309 (0.0318)  weight_decay: 0.0500 (0.0500)  grad_norm: 0.1042 (0.1273)  time: 0.6965  data: 0.0001  max mem: 32317
Epoch: [16]  [ 50/106]  eta: 0:02:14  lr: 0.000049  min_lr: 0.000049  loss: 0.0309 (0.0317)  weight_decay: 0.0500 (0.0500)  grad_norm: 0.0981 (0.1269)  time: 0.6917  data: 0.0001  max mem: 32317
Epoch: [16]  [ 60/106]  eta: 0:01:37  lr: 0.000050  min_lr: 0.000050  loss: 0.0323 (0.0320)  weight_decay: 0.0500 (0.0500)  grad_norm: 0.1278 (0.1278)  time: 0.6952  data: 0.0001  max mem: 32317
Epoch: [16]  [ 70/106]  eta: 0:01:09  lr: 0.000050  min_lr: 0.000050  loss: 0.0321 (0.0320)  weight_decay: 0.0500 (0.0500)  grad_norm: 0.1591 (0.1379)  time: 0.6958  data: 0.0001  max mem: 32317
Epoch: [16]  [ 80/106]  eta: 0:00:45  lr: 0.000050  min_lr: 0.000050  loss: 0.0321 (0.0322)  weight_decay: 0.0500 (0.0500)  grad_norm: 0.2052 (0.1465)  time: 0.6934  data: 0.0001  max mem: 32317
Epoch: [16]  [ 90/106]  eta: 0:00:26  lr: 0.000051  min_lr: 0.000051  loss: 0.0328 (0.0322)  weight_decay: 0.0500 (0.0500)  grad_norm: 0.1482 (0.1455)  time: 0.6911  data: 0.0001  max mem: 32317
Epoch: [16]  [100/106]  eta: 0:00:09  lr: 0.000051  min_lr: 0.000051  loss: 0.0323 (0.0323)  weight_decay: 0.0500 (0.0500)  grad_norm: 0.1143 (0.1418)  time: 0.6891  data: 0.0001  max mem: 32317
Epoch: [16]  [105/106]  eta: 0:00:01  lr: 0.000051  min_lr: 0.000051  loss: 0.0318 (0.0322)  weight_decay: 0.0500 (0.0500)  grad_norm: 0.1143 (0.1427)  time: 0.6906  data: 0.0001  max mem: 32317
Epoch: [16] Total time: 0:02:41 (1.5225 s / it)
Averaged stats: lr: 0.000051  min_lr: 0.000051  loss: 0.0318 (0.0324)  weight_decay: 0.0500 (0.0500)  grad_norm: 0.1143 (0.1427)
Epoch: [17]  [  0/106]  eta: 1:57:10  lr: 0.000051  min_lr: 0.000051  loss: 0.0270 (0.0270)  weight_decay: 0.0500 (0.0500)  grad_norm: 0.1078 (0.1078)  time: 66.3253  data: 64.9663  max mem: 32317
Epoch: [17]  [ 10/106]  eta: 0:11:03  lr: 0.000051  min_lr: 0.000051  loss: 0.0307 (0.0312)  weight_decay: 0.0500 (0.0500)  grad_norm: 0.1296 (0.1251)  time: 6.9128  data: 5.9062  max mem: 32317
Epoch: [17]  [ 20/106]  eta: 0:05:40  lr: 0.000052  min_lr: 0.000052  loss: 0.0307 (0.0315)  weight_decay: 0.0500 (0.0500)  grad_norm: 0.1298 (0.1371)  time: 0.8466  data: 0.0002  max mem: 32317
Epoch: [17]  [ 30/106]  eta: 0:03:41  lr: 0.000052  min_lr: 0.000052  loss: 0.0308 (0.0316)  weight_decay: 0.0500 (0.0500)  grad_norm: 0.1557 (0.1483)  time: 0.7147  data: 0.0002  max mem: 32317
Epoch: [17]  [ 40/106]  eta: 0:02:36  lr: 0.000052  min_lr: 0.000052  loss: 0.0308 (0.0314)  weight_decay: 0.0500 (0.0500)  grad_norm: 0.1304 (0.1391)  time: 0.7041  data: 0.0002  max mem: 32317
Epoch: [17]  [ 50/106]  eta: 0:01:54  lr: 0.000052  min_lr: 0.000052  loss: 0.0301 (0.0315)  weight_decay: 0.0500 (0.0500)  grad_norm: 0.0968 (0.1304)  time: 0.7004  data: 0.0002  max mem: 32317
Epoch: [17]  [ 60/106]  eta: 0:01:23  lr: 0.000053  min_lr: 0.000053  loss: 0.0333 (0.0318)  weight_decay: 0.0500 (0.0500)  grad_norm: 0.1285 (0.1427)  time: 0.6977  data: 0.0002  max mem: 32317
Epoch: [17]  [ 70/106]  eta: 0:00:59  lr: 0.000053  min_lr: 0.000053  loss: 0.0314 (0.0317)  weight_decay: 0.0500 (0.0500)  grad_norm: 0.1855 (0.1468)  time: 0.6953  data: 0.0001  max mem: 32317
Epoch: [17]  [ 80/106]  eta: 0:00:40  lr: 0.000053  min_lr: 0.000053  loss: 0.0316 (0.0319)  weight_decay: 0.0500 (0.0500)  grad_norm: 0.1917 (0.1564)  time: 0.6962  data: 0.0001  max mem: 32317
Epoch: [17]  [ 90/106]  eta: 0:00:23  lr: 0.000054  min_lr: 0.000054  loss: 0.0317 (0.0318)  weight_decay: 0.0500 (0.0500)  grad_norm: 0.1587 (0.1539)  time: 0.6942  data: 0.0001  max mem: 32317
Epoch: [17]  [100/106]  eta: 0:00:08  lr: 0.000054  min_lr: 0.000054  loss: 0.0317 (0.0319)  weight_decay: 0.0500 (0.0500)  grad_norm: 0.1339 (0.1548)  time: 0.6920  data: 0.0001  max mem: 32317
Epoch: [17]  [105/106]  eta: 0:00:01  lr: 0.000054  min_lr: 0.000054  loss: 0.0317 (0.0319)  weight_decay: 0.0500 (0.0500)  grad_norm: 0.1611 (0.1593)  time: 0.6925  data: 0.0001  max mem: 32317
Epoch: [17] Total time: 0:02:23 (1.3542 s / it)
Averaged stats: lr: 0.000054  min_lr: 0.000054  loss: 0.0317 (0.0322)  weight_decay: 0.0500 (0.0500)  grad_norm: 0.1611 (0.1593)
Epoch: [18]  [  0/106]  eta: 2:02:36  lr: 0.000054  min_lr: 0.000054  loss: 0.0290 (0.0290)  weight_decay: 0.0500 (0.0500)  grad_norm: 0.2742 (0.2742)  time: 69.3981  data: 35.7294  max mem: 32317
Epoch: [18]  [ 10/106]  eta: 0:11:06  lr: 0.000054  min_lr: 0.000054  loss: 0.0309 (0.0308)  weight_decay: 0.0500 (0.0500)  grad_norm: 0.1835 (0.1890)  time: 6.9475  data: 3.2483  max mem: 32317
Epoch: [18]  [ 20/106]  eta: 0:05:41  lr: 0.000055  min_lr: 0.000055  loss: 0.0309 (0.0312)  weight_decay: 0.0500 (0.0500)  grad_norm: 0.1536 (0.1632)  time: 0.7017  data: 0.0002  max mem: 32317
Epoch: [18]  [ 30/106]  eta: 0:03:41  lr: 0.000055  min_lr: 0.000055  loss: 0.0298 (0.0308)  weight_decay: 0.0500 (0.0500)  grad_norm: 0.1191 (0.1522)  time: 0.6980  data: 0.0001  max mem: 32317
Epoch: [18]  [ 40/106]  eta: 0:02:36  lr: 0.000055  min_lr: 0.000055  loss: 0.0292 (0.0306)  weight_decay: 0.0500 (0.0500)  grad_norm: 0.1102 (0.1413)  time: 0.6958  data: 0.0001  max mem: 32317
Epoch: [18]  [ 50/106]  eta: 0:01:54  lr: 0.000055  min_lr: 0.000055  loss: 0.0294 (0.0306)  weight_decay: 0.0500 (0.0500)  grad_norm: 0.1272 (0.1475)  time: 0.6957  data: 0.0001  max mem: 32317
Epoch: [18]  [ 60/106]  eta: 0:01:23  lr: 0.000056  min_lr: 0.000056  loss: 0.0320 (0.0310)  weight_decay: 0.0500 (0.0500)  grad_norm: 0.1445 (0.1450)  time: 0.6938  data: 0.0001  max mem: 32317
Epoch: [18]  [ 70/106]  eta: 0:00:59  lr: 0.000056  min_lr: 0.000056  loss: 0.0313 (0.0309)  weight_decay: 0.0500 (0.0500)  grad_norm: 0.1445 (0.1460)  time: 0.6937  data: 0.0001  max mem: 32317
Epoch: [18]  [ 80/106]  eta: 0:00:40  lr: 0.000056  min_lr: 0.000056  loss: 0.0296 (0.0309)  weight_decay: 0.0500 (0.0500)  grad_norm: 0.1350 (0.1441)  time: 0.6951  data: 0.0001  max mem: 32317
Epoch: [18]  [ 90/106]  eta: 0:00:23  lr: 0.000057  min_lr: 0.000057  loss: 0.0311 (0.0308)  weight_decay: 0.0500 (0.0500)  grad_norm: 0.1323 (0.1497)  time: 0.6949  data: 0.0001  max mem: 32317
Epoch: [18]  [100/106]  eta: 0:00:08  lr: 0.000057  min_lr: 0.000057  loss: 0.0311 (0.0309)  weight_decay: 0.0500 (0.0500)  grad_norm: 0.1702 (0.1508)  time: 0.6938  data: 0.0001  max mem: 32317
Epoch: [18]  [105/106]  eta: 0:00:01  lr: 0.000057  min_lr: 0.000057  loss: 0.0303 (0.0308)  weight_decay: 0.0500 (0.0500)  grad_norm: 0.1661 (0.1512)  time: 0.6944  data: 0.0001  max mem: 32317
Epoch: [18] Total time: 0:02:23 (1.3539 s / it)
Averaged stats: lr: 0.000057  min_lr: 0.000057  loss: 0.0303 (0.0311)  weight_decay: 0.0500 (0.0500)  grad_norm: 0.1661 (0.1512)
Epoch: [19]  [  0/106]  eta: 2:30:34  lr: 0.000057  min_lr: 0.000057  loss: 0.0243 (0.0243)  weight_decay: 0.0500 (0.0500)  grad_norm: 0.1913 (0.1913)  time: 85.2277  data: 48.5846  max mem: 32317
Epoch: [19]  [ 10/106]  eta: 0:13:25  lr: 0.000057  min_lr: 0.000057  loss: 0.0278 (0.0279)  weight_decay: 0.0500 (0.0500)  grad_norm: 0.1287 (0.1455)  time: 8.3932  data: 4.4170  max mem: 32317
Epoch: [19]  [ 20/106]  eta: 0:06:46  lr: 0.000058  min_lr: 0.000058  loss: 0.0281 (0.0284)  weight_decay: 0.0500 (0.0500)  grad_norm: 0.1073 (0.1253)  time: 0.7050  data: 0.0002  max mem: 32317
Epoch: [19]  [ 30/106]  eta: 0:04:20  lr: 0.000058  min_lr: 0.000058  loss: 0.0276 (0.0284)  weight_decay: 0.0500 (0.0500)  grad_norm: 0.1073 (0.1333)  time: 0.7001  data: 0.0001  max mem: 32317
Epoch: [19]  [ 40/106]  eta: 0:03:02  lr: 0.000058  min_lr: 0.000058  loss: 0.0273 (0.0282)  weight_decay: 0.0500 (0.0500)  grad_norm: 0.1799 (0.1474)  time: 0.6974  data: 0.0001  max mem: 32317
Epoch: [19]  [ 50/106]  eta: 0:02:12  lr: 0.000058  min_lr: 0.000058  loss: 0.0280 (0.0284)  weight_decay: 0.0500 (0.0500)  grad_norm: 0.1472 (0.1439)  time: 0.6948  data: 0.0001  max mem: 32317
Epoch: [19]  [ 60/106]  eta: 0:01:35  lr: 0.000059  min_lr: 0.000059  loss: 0.0308 (0.0290)  weight_decay: 0.0500 (0.0500)  grad_norm: 0.1523 (0.1681)  time: 0.6941  data: 0.0001  max mem: 32317
Epoch: [19]  [ 70/106]  eta: 0:01:07  lr: 0.000059  min_lr: 0.000059  loss: 0.0302 (0.0289)  weight_decay: 0.0500 (0.0500)  grad_norm: 0.1523 (0.1623)  time: 0.6938  data: 0.0001  max mem: 32317
Epoch: [19]  [ 80/106]  eta: 0:00:45  lr: 0.000059  min_lr: 0.000059  loss: 0.0286 (0.0290)  weight_decay: 0.0500 (0.0500)  grad_norm: 0.1095 (0.1553)  time: 0.6960  data: 0.0001  max mem: 32317
Epoch: [19]  [ 90/106]  eta: 0:00:26  lr: 0.000060  min_lr: 0.000060  loss: 0.0286 (0.0289)  weight_decay: 0.0500 (0.0500)  grad_norm: 0.1127 (0.1552)  time: 0.6959  data: 0.0001  max mem: 32317
Epoch: [19]  [100/106]  eta: 0:00:09  lr: 0.000060  min_lr: 0.000060  loss: 0.0291 (0.0290)  weight_decay: 0.0500 (0.0500)  grad_norm: 0.1127 (0.1484)  time: 0.6951  data: 0.0001  max mem: 32317
Epoch: [19]  [105/106]  eta: 0:00:01  lr: 0.000060  min_lr: 0.000060  loss: 0.0291 (0.0289)  weight_decay: 0.0500 (0.0500)  grad_norm: 0.0919 (0.1465)  time: 0.6948  data: 0.0001  max mem: 32317
Epoch: [19] Total time: 0:02:39 (1.5047 s / it)
Averaged stats: lr: 0.000060  min_lr: 0.000060  loss: 0.0291 (0.0296)  weight_decay: 0.0500 (0.0500)  grad_norm: 0.0919 (0.1465)
Epoch: [20]  [  0/106]  eta: 1:51:42  lr: 0.000060  min_lr: 0.000060  loss: 0.0239 (0.0239)  weight_decay: 0.0500 (0.0500)  grad_norm: 0.1677 (0.1677)  time: 63.2276  data: 62.0585  max mem: 32317
Epoch: [20]  [ 10/106]  eta: 0:10:30  lr: 0.000060  min_lr: 0.000060  loss: 0.0274 (0.0281)  weight_decay: 0.0500 (0.0500)  grad_norm: 0.1995 (0.1716)  time: 6.5677  data: 5.6419  max mem: 32317
Epoch: [20]  [ 20/106]  eta: 0:05:24  lr: 0.000061  min_lr: 0.000061  loss: 0.0276 (0.0284)  weight_decay: 0.0500 (0.0500)  grad_norm: 0.1883 (0.1854)  time: 0.8062  data: 0.0002  max mem: 32317
Epoch: [20]  [ 30/106]  eta: 0:03:31  lr: 0.000061  min_lr: 0.000061  loss: 0.0276 (0.0280)  weight_decay: 0.0500 (0.0500)  grad_norm: 0.1290 (0.1620)  time: 0.7036  data: 0.0001  max mem: 32317
Epoch: [20]  [ 40/106]  eta: 0:02:30  lr: 0.000061  min_lr: 0.000061  loss: 0.0269 (0.0278)  weight_decay: 0.0500 (0.0500)  grad_norm: 0.1045 (0.1482)  time: 0.6947  data: 0.0001  max mem: 32317
Epoch: [20]  [ 50/106]  eta: 0:01:50  lr: 0.000061  min_lr: 0.000061  loss: 0.0279 (0.0280)  weight_decay: 0.0500 (0.0500)  grad_norm: 0.1174 (0.1541)  time: 0.6942  data: 0.0002  max mem: 32317
Epoch: [20]  [ 60/106]  eta: 0:01:20  lr: 0.000062  min_lr: 0.000062  loss: 0.0294 (0.0283)  weight_decay: 0.0500 (0.0500)  grad_norm: 0.1558 (0.1526)  time: 0.6943  data: 0.0001  max mem: 32317
Epoch: [20]  [ 70/106]  eta: 0:00:57  lr: 0.000062  min_lr: 0.000062  loss: 0.0284 (0.0282)  weight_decay: 0.0500 (0.0500)  grad_norm: 0.1566 (0.1581)  time: 0.6933  data: 0.0001  max mem: 32317
Epoch: [20]  [ 80/106]  eta: 0:00:38  lr: 0.000062  min_lr: 0.000062  loss: 0.0277 (0.0283)  weight_decay: 0.0500 (0.0500)  grad_norm: 0.1388 (0.1534)  time: 0.6933  data: 0.0001  max mem: 32317
Epoch: [20]  [ 90/106]  eta: 0:00:22  lr: 0.000063  min_lr: 0.000063  loss: 0.0286 (0.0282)  weight_decay: 0.0500 (0.0500)  grad_norm: 0.1237 (0.1555)  time: 0.6938  data: 0.0001  max mem: 32317
Epoch: [20]  [100/106]  eta: 0:00:08  lr: 0.000063  min_lr: 0.000063  loss: 0.0286 (0.0282)  weight_decay: 0.0500 (0.0500)  grad_norm: 0.1665 (0.1567)  time: 0.6936  data: 0.0001  max mem: 32317
Epoch: [20]  [105/106]  eta: 0:00:01  lr: 0.000063  min_lr: 0.000063  loss: 0.0280 (0.0282)  weight_decay: 0.0500 (0.0500)  grad_norm: 0.1665 (0.1558)  time: 0.6931  data: 0.0001  max mem: 32317
Epoch: [20] Total time: 0:02:19 (1.3161 s / it)
Averaged stats: lr: 0.000063  min_lr: 0.000063  loss: 0.0280 (0.0286)  weight_decay: 0.0500 (0.0500)  grad_norm: 0.1665 (0.1558)
