job is starting on gpuc04.delta.ncsa.illinois.edu
| distributed init (rank 4): env://, gpu 4
| distributed init (rank 0): env://, gpu 0
| distributed init (rank 1): env://, gpu 1
| distributed init (rank 2): env://, gpu 2
| distributed init (rank 7): env://, gpu 7
| distributed init (rank 5): env://, gpu 5
| distributed init (rank 3): env://, gpu 3
| distributed init (rank 6): env://, gpu 6
dataset_train size = 40780
dataset_val size = 416
Namespace(run_name='model/misc/B_ConvNeXt_GatedMLP_regrpoint_rgb-depth', batch_size=144, full_img_size=673, eff_img_size=447, target_size=224, mask_proportion=0.6, patch_size=None, epochs=500, accum_iter=1, save_ckpt_freq=25, model='convnext_gatedmlp_b', dtype='bf16', cond_domains=['rgb', 'depth'], loss_type='none', distance_type='euclidean', objective='lpl', hflip=0.0, vflip=0.0, finetune='', opt='adamw', opt_eps=1e-08, opt_betas=[0.9, 0.99], compute_grad_norm=True, clip_grad=None, skip_grad=None, momentum=0.9, weight_decay=0.05, weight_decay_end=None, blr=0.0001, min_blr=0.0, lr_and_wd_scheduler='cosine', warmup_epochs=50, cooldown_epochs=10, eval_data_path='/scratch/bdej/cohanlon/data/eval', num_eval_metrics_samples=416, num_logged_images=0, eval_batch_size=None, eval_freq=25, eval_metric_freq=10, eval_image_log_freq=0, dist_eval=True, eval_only=False, output_dir='/scratch/bdej/cohanlon/checkpoints/sarformer/model/misc/B_ConvNeXt_GatedMLP_regrpoint_rgb-depth', device='cuda', seed=0, start_epoch=0, num_workers=110, pin_mem=True, show_user_warnings=False, log_wandb=True, wandb_project='model', wandb_entity='sarformer', wandb_run_name='misc/B_ConvNeXt_GatedMLP_regrpoint_rgb-depth', dist_url='env://', print_all=False, warmup_lr=1e-06, min_lr=0.0, eval_metrics_freq=0, data_path='/scratch/bdej/cohanlon/data/train', config_path='cfgs/sarformer/model/misc/B_ConvNeXt_GatedMLP_regrpoint_rgb-depth.yaml', rank=0, world_size=8, gpu=0, distributed=True, dist_backend='nccl', all_domains=['rgb', 'depth', 'target_distribution'], is_pretraining=False)
Creating model: convnext_gatedmlp_b conditioned on ['rgb', 'depth']
Model = PointRegressionModel(
  (backbone): ConvNextV2Model(
    (embeddings): ConvNextV2Embeddings(
      (patch_embeddings): Conv2d(4, 128, kernel_size=(4, 4), stride=(4, 4))
      (layernorm): ConvNextV2LayerNorm()
    )
    (encoder): ConvNextV2Encoder(
      (stages): ModuleList(
        (0): ConvNextV2Stage(
          (downsampling_layer): Identity()
          (layers): Sequential(
            (0): ConvNextV2Layer(
              (dwconv): Conv2d(128, 128, kernel_size=(7, 7), stride=(1, 1), padding=(3, 3), groups=128)
              (layernorm): ConvNextV2LayerNorm()
              (pwconv1): Linear(in_features=128, out_features=512, bias=True)
              (act): GELUActivation()
              (grn): ConvNextV2GRN()
              (pwconv2): Linear(in_features=512, out_features=128, bias=True)
              (drop_path): Identity()
            )
            (1): ConvNextV2Layer(
              (dwconv): Conv2d(128, 128, kernel_size=(7, 7), stride=(1, 1), padding=(3, 3), groups=128)
              (layernorm): ConvNextV2LayerNorm()
              (pwconv1): Linear(in_features=128, out_features=512, bias=True)
              (act): GELUActivation()
              (grn): ConvNextV2GRN()
              (pwconv2): Linear(in_features=512, out_features=128, bias=True)
              (drop_path): Identity()
            )
            (2): ConvNextV2Layer(
              (dwconv): Conv2d(128, 128, kernel_size=(7, 7), stride=(1, 1), padding=(3, 3), groups=128)
              (layernorm): ConvNextV2LayerNorm()
              (pwconv1): Linear(in_features=128, out_features=512, bias=True)
              (act): GELUActivation()
              (grn): ConvNextV2GRN()
              (pwconv2): Linear(in_features=512, out_features=128, bias=True)
              (drop_path): Identity()
            )
          )
        )
        (1): ConvNextV2Stage(
          (downsampling_layer): Sequential(
            (0): ConvNextV2LayerNorm()
            (1): Conv2d(128, 256, kernel_size=(2, 2), stride=(2, 2))
          )
          (layers): Sequential(
            (0): ConvNextV2Layer(
              (dwconv): Conv2d(256, 256, kernel_size=(7, 7), stride=(1, 1), padding=(3, 3), groups=256)
              (layernorm): ConvNextV2LayerNorm()
              (pwconv1): Linear(in_features=256, out_features=1024, bias=True)
              (act): GELUActivation()
              (grn): ConvNextV2GRN()
              (pwconv2): Linear(in_features=1024, out_features=256, bias=True)
              (drop_path): Identity()
            )
            (1): ConvNextV2Layer(
              (dwconv): Conv2d(256, 256, kernel_size=(7, 7), stride=(1, 1), padding=(3, 3), groups=256)
              (layernorm): ConvNextV2LayerNorm()
              (pwconv1): Linear(in_features=256, out_features=1024, bias=True)
              (act): GELUActivation()
              (grn): ConvNextV2GRN()
              (pwconv2): Linear(in_features=1024, out_features=256, bias=True)
              (drop_path): Identity()
            )
            (2): ConvNextV2Layer(
              (dwconv): Conv2d(256, 256, kernel_size=(7, 7), stride=(1, 1), padding=(3, 3), groups=256)
              (layernorm): ConvNextV2LayerNorm()
              (pwconv1): Linear(in_features=256, out_features=1024, bias=True)
              (act): GELUActivation()
              (grn): ConvNextV2GRN()
              (pwconv2): Linear(in_features=1024, out_features=256, bias=True)
              (drop_path): Identity()
            )
          )
        )
        (2): ConvNextV2Stage(
          (downsampling_layer): Sequential(
            (0): ConvNextV2LayerNorm()
            (1): Conv2d(256, 512, kernel_size=(2, 2), stride=(2, 2))
          )
          (layers): Sequential(
            (0): ConvNextV2Layer(
              (dwconv): Conv2d(512, 512, kernel_size=(7, 7), stride=(1, 1), padding=(3, 3), groups=512)
              (layernorm): ConvNextV2LayerNorm()
              (pwconv1): Linear(in_features=512, out_features=2048, bias=True)
              (act): GELUActivation()
              (grn): ConvNextV2GRN()
              (pwconv2): Linear(in_features=2048, out_features=512, bias=True)
              (drop_path): Identity()
            )
            (1): ConvNextV2Layer(
              (dwconv): Conv2d(512, 512, kernel_size=(7, 7), stride=(1, 1), padding=(3, 3), groups=512)
              (layernorm): ConvNextV2LayerNorm()
              (pwconv1): Linear(in_features=512, out_features=2048, bias=True)
              (act): GELUActivation()
              (grn): ConvNextV2GRN()
              (pwconv2): Linear(in_features=2048, out_features=512, bias=True)
              (drop_path): Identity()
            )
            (2): ConvNextV2Layer(
              (dwconv): Conv2d(512, 512, kernel_size=(7, 7), stride=(1, 1), padding=(3, 3), groups=512)
              (layernorm): ConvNextV2LayerNorm()
              (pwconv1): Linear(in_features=512, out_features=2048, bias=True)
              (act): GELUActivation()
              (grn): ConvNextV2GRN()
              (pwconv2): Linear(in_features=2048, out_features=512, bias=True)
              (drop_path): Identity()
            )
            (3): ConvNextV2Layer(
              (dwconv): Conv2d(512, 512, kernel_size=(7, 7), stride=(1, 1), padding=(3, 3), groups=512)
              (layernorm): ConvNextV2LayerNorm()
              (pwconv1): Linear(in_features=512, out_features=2048, bias=True)
              (act): GELUActivation()
              (grn): ConvNextV2GRN()
              (pwconv2): Linear(in_features=2048, out_features=512, bias=True)
              (drop_path): Identity()
            )
            (4): ConvNextV2Layer(
              (dwconv): Conv2d(512, 512, kernel_size=(7, 7), stride=(1, 1), padding=(3, 3), groups=512)
              (layernorm): ConvNextV2LayerNorm()
              (pwconv1): Linear(in_features=512, out_features=2048, bias=True)
              (act): GELUActivation()
              (grn): ConvNextV2GRN()
              (pwconv2): Linear(in_features=2048, out_features=512, bias=True)
              (drop_path): Identity()
            )
            (5): ConvNextV2Layer(
              (dwconv): Conv2d(512, 512, kernel_size=(7, 7), stride=(1, 1), padding=(3, 3), groups=512)
              (layernorm): ConvNextV2LayerNorm()
              (pwconv1): Linear(in_features=512, out_features=2048, bias=True)
              (act): GELUActivation()
              (grn): ConvNextV2GRN()
              (pwconv2): Linear(in_features=2048, out_features=512, bias=True)
              (drop_path): Identity()
            )
            (6): ConvNextV2Layer(
              (dwconv): Conv2d(512, 512, kernel_size=(7, 7), stride=(1, 1), padding=(3, 3), groups=512)
              (layernorm): ConvNextV2LayerNorm()
              (pwconv1): Linear(in_features=512, out_features=2048, bias=True)
              (act): GELUActivation()
              (grn): ConvNextV2GRN()
              (pwconv2): Linear(in_features=2048, out_features=512, bias=True)
              (drop_path): Identity()
            )
            (7): ConvNextV2Layer(
              (dwconv): Conv2d(512, 512, kernel_size=(7, 7), stride=(1, 1), padding=(3, 3), groups=512)
              (layernorm): ConvNextV2LayerNorm()
              (pwconv1): Linear(in_features=512, out_features=2048, bias=True)
              (act): GELUActivation()
              (grn): ConvNextV2GRN()
              (pwconv2): Linear(in_features=2048, out_features=512, bias=True)
              (drop_path): Identity()
            )
            (8): ConvNextV2Layer(
              (dwconv): Conv2d(512, 512, kernel_size=(7, 7), stride=(1, 1), padding=(3, 3), groups=512)
              (layernorm): ConvNextV2LayerNorm()
              (pwconv1): Linear(in_features=512, out_features=2048, bias=True)
              (act): GELUActivation()
              (grn): ConvNextV2GRN()
              (pwconv2): Linear(in_features=2048, out_features=512, bias=True)
              (drop_path): Identity()
            )
            (9): ConvNextV2Layer(
              (dwconv): Conv2d(512, 512, kernel_size=(7, 7), stride=(1, 1), padding=(3, 3), groups=512)
              (layernorm): ConvNextV2LayerNorm()
              (pwconv1): Linear(in_features=512, out_features=2048, bias=True)
              (act): GELUActivation()
              (grn): ConvNextV2GRN()
              (pwconv2): Linear(in_features=2048, out_features=512, bias=True)
              (drop_path): Identity()
            )
            (10): ConvNextV2Layer(
              (dwconv): Conv2d(512, 512, kernel_size=(7, 7), stride=(1, 1), padding=(3, 3), groups=512)
              (layernorm): ConvNextV2LayerNorm()
              (pwconv1): Linear(in_features=512, out_features=2048, bias=True)
              (act): GELUActivation()
              (grn): ConvNextV2GRN()
              (pwconv2): Linear(in_features=2048, out_features=512, bias=True)
              (drop_path): Identity()
            )
            (11): ConvNextV2Layer(
              (dwconv): Conv2d(512, 512, kernel_size=(7, 7), stride=(1, 1), padding=(3, 3), groups=512)
              (layernorm): ConvNextV2LayerNorm()
              (pwconv1): Linear(in_features=512, out_features=2048, bias=True)
              (act): GELUActivation()
              (grn): ConvNextV2GRN()
              (pwconv2): Linear(in_features=2048, out_features=512, bias=True)
              (drop_path): Identity()
            )
            (12): ConvNextV2Layer(
              (dwconv): Conv2d(512, 512, kernel_size=(7, 7), stride=(1, 1), padding=(3, 3), groups=512)
              (layernorm): ConvNextV2LayerNorm()
              (pwconv1): Linear(in_features=512, out_features=2048, bias=True)
              (act): GELUActivation()
              (grn): ConvNextV2GRN()
              (pwconv2): Linear(in_features=2048, out_features=512, bias=True)
              (drop_path): Identity()
            )
            (13): ConvNextV2Layer(
              (dwconv): Conv2d(512, 512, kernel_size=(7, 7), stride=(1, 1), padding=(3, 3), groups=512)
              (layernorm): ConvNextV2LayerNorm()
              (pwconv1): Linear(in_features=512, out_features=2048, bias=True)
              (act): GELUActivation()
              (grn): ConvNextV2GRN()
              (pwconv2): Linear(in_features=2048, out_features=512, bias=True)
              (drop_path): Identity()
            )
            (14): ConvNextV2Layer(
              (dwconv): Conv2d(512, 512, kernel_size=(7, 7), stride=(1, 1), padding=(3, 3), groups=512)
              (layernorm): ConvNextV2LayerNorm()
              (pwconv1): Linear(in_features=512, out_features=2048, bias=True)
              (act): GELUActivation()
              (grn): ConvNextV2GRN()
              (pwconv2): Linear(in_features=2048, out_features=512, bias=True)
              (drop_path): Identity()
            )
            (15): ConvNextV2Layer(
              (dwconv): Conv2d(512, 512, kernel_size=(7, 7), stride=(1, 1), padding=(3, 3), groups=512)
              (layernorm): ConvNextV2LayerNorm()
              (pwconv1): Linear(in_features=512, out_features=2048, bias=True)
              (act): GELUActivation()
              (grn): ConvNextV2GRN()
              (pwconv2): Linear(in_features=2048, out_features=512, bias=True)
              (drop_path): Identity()
            )
            (16): ConvNextV2Layer(
              (dwconv): Conv2d(512, 512, kernel_size=(7, 7), stride=(1, 1), padding=(3, 3), groups=512)
              (layernorm): ConvNextV2LayerNorm()
              (pwconv1): Linear(in_features=512, out_features=2048, bias=True)
              (act): GELUActivation()
              (grn): ConvNextV2GRN()
              (pwconv2): Linear(in_features=2048, out_features=512, bias=True)
              (drop_path): Identity()
            )
            (17): ConvNextV2Layer(
              (dwconv): Conv2d(512, 512, kernel_size=(7, 7), stride=(1, 1), padding=(3, 3), groups=512)
              (layernorm): ConvNextV2LayerNorm()
              (pwconv1): Linear(in_features=512, out_features=2048, bias=True)
              (act): GELUActivation()
              (grn): ConvNextV2GRN()
              (pwconv2): Linear(in_features=2048, out_features=512, bias=True)
              (drop_path): Identity()
            )
            (18): ConvNextV2Layer(
              (dwconv): Conv2d(512, 512, kernel_size=(7, 7), stride=(1, 1), padding=(3, 3), groups=512)
              (layernorm): ConvNextV2LayerNorm()
              (pwconv1): Linear(in_features=512, out_features=2048, bias=True)
              (act): GELUActivation()
              (grn): ConvNextV2GRN()
              (pwconv2): Linear(in_features=2048, out_features=512, bias=True)
              (drop_path): Identity()
            )
            (19): ConvNextV2Layer(
              (dwconv): Conv2d(512, 512, kernel_size=(7, 7), stride=(1, 1), padding=(3, 3), groups=512)
              (layernorm): ConvNextV2LayerNorm()
              (pwconv1): Linear(in_features=512, out_features=2048, bias=True)
              (act): GELUActivation()
              (grn): ConvNextV2GRN()
              (pwconv2): Linear(in_features=2048, out_features=512, bias=True)
              (drop_path): Identity()
            )
            (20): ConvNextV2Layer(
              (dwconv): Conv2d(512, 512, kernel_size=(7, 7), stride=(1, 1), padding=(3, 3), groups=512)
              (layernorm): ConvNextV2LayerNorm()
              (pwconv1): Linear(in_features=512, out_features=2048, bias=True)
              (act): GELUActivation()
              (grn): ConvNextV2GRN()
              (pwconv2): Linear(in_features=2048, out_features=512, bias=True)
              (drop_path): Identity()
            )
            (21): ConvNextV2Layer(
              (dwconv): Conv2d(512, 512, kernel_size=(7, 7), stride=(1, 1), padding=(3, 3), groups=512)
              (layernorm): ConvNextV2LayerNorm()
              (pwconv1): Linear(in_features=512, out_features=2048, bias=True)
              (act): GELUActivation()
              (grn): ConvNextV2GRN()
              (pwconv2): Linear(in_features=2048, out_features=512, bias=True)
              (drop_path): Identity()
            )
            (22): ConvNextV2Layer(
              (dwconv): Conv2d(512, 512, kernel_size=(7, 7), stride=(1, 1), padding=(3, 3), groups=512)
              (layernorm): ConvNextV2LayerNorm()
              (pwconv1): Linear(in_features=512, out_features=2048, bias=True)
              (act): GELUActivation()
              (grn): ConvNextV2GRN()
              (pwconv2): Linear(in_features=2048, out_features=512, bias=True)
              (drop_path): Identity()
            )
            (23): ConvNextV2Layer(
              (dwconv): Conv2d(512, 512, kernel_size=(7, 7), stride=(1, 1), padding=(3, 3), groups=512)
              (layernorm): ConvNextV2LayerNorm()
              (pwconv1): Linear(in_features=512, out_features=2048, bias=True)
              (act): GELUActivation()
              (grn): ConvNextV2GRN()
              (pwconv2): Linear(in_features=2048, out_features=512, bias=True)
              (drop_path): Identity()
            )
            (24): ConvNextV2Layer(
              (dwconv): Conv2d(512, 512, kernel_size=(7, 7), stride=(1, 1), padding=(3, 3), groups=512)
              (layernorm): ConvNextV2LayerNorm()
              (pwconv1): Linear(in_features=512, out_features=2048, bias=True)
              (act): GELUActivation()
              (grn): ConvNextV2GRN()
              (pwconv2): Linear(in_features=2048, out_features=512, bias=True)
              (drop_path): Identity()
            )
            (25): ConvNextV2Layer(
              (dwconv): Conv2d(512, 512, kernel_size=(7, 7), stride=(1, 1), padding=(3, 3), groups=512)
              (layernorm): ConvNextV2LayerNorm()
              (pwconv1): Linear(in_features=512, out_features=2048, bias=True)
              (act): GELUActivation()
              (grn): ConvNextV2GRN()
              (pwconv2): Linear(in_features=2048, out_features=512, bias=True)
              (drop_path): Identity()
            )
            (26): ConvNextV2Layer(
              (dwconv): Conv2d(512, 512, kernel_size=(7, 7), stride=(1, 1), padding=(3, 3), groups=512)
              (layernorm): ConvNextV2LayerNorm()
              (pwconv1): Linear(in_features=512, out_features=2048, bias=True)
              (act): GELUActivation()
              (grn): ConvNextV2GRN()
              (pwconv2): Linear(in_features=2048, out_features=512, bias=True)
              (drop_path): Identity()
            )
          )
        )
        (3): ConvNextV2Stage(
          (downsampling_layer): Sequential(
            (0): ConvNextV2LayerNorm()
            (1): Conv2d(512, 1024, kernel_size=(2, 2), stride=(2, 2))
          )
          (layers): Sequential(
            (0): ConvNextV2Layer(
              (dwconv): Conv2d(1024, 1024, kernel_size=(7, 7), stride=(1, 1), padding=(3, 3), groups=1024)
              (layernorm): ConvNextV2LayerNorm()
              (pwconv1): Linear(in_features=1024, out_features=4096, bias=True)
              (act): GELUActivation()
              (grn): ConvNextV2GRN()
              (pwconv2): Linear(in_features=4096, out_features=1024, bias=True)
              (drop_path): Identity()
            )
            (1): ConvNextV2Layer(
              (dwconv): Conv2d(1024, 1024, kernel_size=(7, 7), stride=(1, 1), padding=(3, 3), groups=1024)
              (layernorm): ConvNextV2LayerNorm()
              (pwconv1): Linear(in_features=1024, out_features=4096, bias=True)
              (act): GELUActivation()
              (grn): ConvNextV2GRN()
              (pwconv2): Linear(in_features=4096, out_features=1024, bias=True)
              (drop_path): Identity()
            )
            (2): ConvNextV2Layer(
              (dwconv): Conv2d(1024, 1024, kernel_size=(7, 7), stride=(1, 1), padding=(3, 3), groups=1024)
              (layernorm): ConvNextV2LayerNorm()
              (pwconv1): Linear(in_features=1024, out_features=4096, bias=True)
              (act): GELUActivation()
              (grn): ConvNextV2GRN()
              (pwconv2): Linear(in_features=4096, out_features=1024, bias=True)
              (drop_path): Identity()
            )
          )
        )
      )
    )
    (layernorm): LayerNorm((1024,), eps=1e-12, elementwise_affine=True)
  )
  (gap): AvgPool2d(kernel_size=(7, 7), stride=(7, 7), padding=0)
  (head): GatedMlp(
    (fc1): Linear(in_features=1024, out_features=682, bias=True)
    (act): SiLU()
    (fc2): Linear(in_features=682, out_features=2, bias=True)
    (fc3): Linear(in_features=1024, out_features=682, bias=True)
  )
)
Number of params: 89.094314 M
LR = 0.00045000
Min LR = 0.00000000
Total (effective) batch size = 1152
Accumulate grad iterations = 1
Number of training steps = 35
Number of training examples per epoch = 40320
Param groups = {
  "decay": {
    "weight_decay": 0.05,
    "params": [
      "backbone.embeddings.patch_embeddings.weight",
      "backbone.encoder.stages.0.layers.0.dwconv.weight",
      "backbone.encoder.stages.0.layers.0.pwconv1.weight",
      "backbone.encoder.stages.0.layers.0.grn.weight",
      "backbone.encoder.stages.0.layers.0.pwconv2.weight",
      "backbone.encoder.stages.0.layers.1.dwconv.weight",
      "backbone.encoder.stages.0.layers.1.pwconv1.weight",
      "backbone.encoder.stages.0.layers.1.grn.weight",
      "backbone.encoder.stages.0.layers.1.pwconv2.weight",
      "backbone.encoder.stages.0.layers.2.dwconv.weight",
      "backbone.encoder.stages.0.layers.2.pwconv1.weight",
      "backbone.encoder.stages.0.layers.2.grn.weight",
      "backbone.encoder.stages.0.layers.2.pwconv2.weight",
      "backbone.encoder.stages.1.downsampling_layer.0.weight",
      "backbone.encoder.stages.1.downsampling_layer.1.weight",
      "backbone.encoder.stages.1.layers.0.dwconv.weight",
      "backbone.encoder.stages.1.layers.0.pwconv1.weight",
      "backbone.encoder.stages.1.layers.0.grn.weight",
      "backbone.encoder.stages.1.layers.0.pwconv2.weight",
      "backbone.encoder.stages.1.layers.1.dwconv.weight",
      "backbone.encoder.stages.1.layers.1.pwconv1.weight",
      "backbone.encoder.stages.1.layers.1.grn.weight",
      "backbone.encoder.stages.1.layers.1.pwconv2.weight",
      "backbone.encoder.stages.1.layers.2.dwconv.weight",
      "backbone.encoder.stages.1.layers.2.pwconv1.weight",
      "backbone.encoder.stages.1.layers.2.grn.weight",
      "backbone.encoder.stages.1.layers.2.pwconv2.weight",
      "backbone.encoder.stages.2.downsampling_layer.0.weight",
      "backbone.encoder.stages.2.downsampling_layer.1.weight",
      "backbone.encoder.stages.2.layers.0.dwconv.weight",
      "backbone.encoder.stages.2.layers.0.pwconv1.weight",
      "backbone.encoder.stages.2.layers.0.grn.weight",
      "backbone.encoder.stages.2.layers.0.pwconv2.weight",
      "backbone.encoder.stages.2.layers.1.dwconv.weight",
      "backbone.encoder.stages.2.layers.1.pwconv1.weight",
      "backbone.encoder.stages.2.layers.1.grn.weight",
      "backbone.encoder.stages.2.layers.1.pwconv2.weight",
      "backbone.encoder.stages.2.layers.2.dwconv.weight",
      "backbone.encoder.stages.2.layers.2.pwconv1.weight",
      "backbone.encoder.stages.2.layers.2.grn.weight",
      "backbone.encoder.stages.2.layers.2.pwconv2.weight",
      "backbone.encoder.stages.2.layers.3.dwconv.weight",
      "backbone.encoder.stages.2.layers.3.pwconv1.weight",
      "backbone.encoder.stages.2.layers.3.grn.weight",
      "backbone.encoder.stages.2.layers.3.pwconv2.weight",
      "backbone.encoder.stages.2.layers.4.dwconv.weight",
      "backbone.encoder.stages.2.layers.4.pwconv1.weight",
      "backbone.encoder.stages.2.layers.4.grn.weight",
      "backbone.encoder.stages.2.layers.4.pwconv2.weight",
      "backbone.encoder.stages.2.layers.5.dwconv.weight",
      "backbone.encoder.stages.2.layers.5.pwconv1.weight",
      "backbone.encoder.stages.2.layers.5.grn.weight",
      "backbone.encoder.stages.2.layers.5.pwconv2.weight",
      "backbone.encoder.stages.2.layers.6.dwconv.weight",
      "backbone.encoder.stages.2.layers.6.pwconv1.weight",
      "backbone.encoder.stages.2.layers.6.grn.weight",
      "backbone.encoder.stages.2.layers.6.pwconv2.weight",
      "backbone.encoder.stages.2.layers.7.dwconv.weight",
      "backbone.encoder.stages.2.layers.7.pwconv1.weight",
      "backbone.encoder.stages.2.layers.7.grn.weight",
      "backbone.encoder.stages.2.layers.7.pwconv2.weight",
      "backbone.encoder.stages.2.layers.8.dwconv.weight",
      "backbone.encoder.stages.2.layers.8.pwconv1.weight",
      "backbone.encoder.stages.2.layers.8.grn.weight",
      "backbone.encoder.stages.2.layers.8.pwconv2.weight",
      "backbone.encoder.stages.2.layers.9.dwconv.weight",
      "backbone.encoder.stages.2.layers.9.pwconv1.weight",
      "backbone.encoder.stages.2.layers.9.grn.weight",
      "backbone.encoder.stages.2.layers.9.pwconv2.weight",
      "backbone.encoder.stages.2.layers.10.dwconv.weight",
      "backbone.encoder.stages.2.layers.10.pwconv1.weight",
      "backbone.encoder.stages.2.layers.10.grn.weight",
      "backbone.encoder.stages.2.layers.10.pwconv2.weight",
      "backbone.encoder.stages.2.layers.11.dwconv.weight",
      "backbone.encoder.stages.2.layers.11.pwconv1.weight",
      "backbone.encoder.stages.2.layers.11.grn.weight",
      "backbone.encoder.stages.2.layers.11.pwconv2.weight",
      "backbone.encoder.stages.2.layers.12.dwconv.weight",
      "backbone.encoder.stages.2.layers.12.pwconv1.weight",
      "backbone.encoder.stages.2.layers.12.grn.weight",
      "backbone.encoder.stages.2.layers.12.pwconv2.weight",
      "backbone.encoder.stages.2.layers.13.dwconv.weight",
      "backbone.encoder.stages.2.layers.13.pwconv1.weight",
      "backbone.encoder.stages.2.layers.13.grn.weight",
      "backbone.encoder.stages.2.layers.13.pwconv2.weight",
      "backbone.encoder.stages.2.layers.14.dwconv.weight",
      "backbone.encoder.stages.2.layers.14.pwconv1.weight",
      "backbone.encoder.stages.2.layers.14.grn.weight",
      "backbone.encoder.stages.2.layers.14.pwconv2.weight",
      "backbone.encoder.stages.2.layers.15.dwconv.weight",
      "backbone.encoder.stages.2.layers.15.pwconv1.weight",
      "backbone.encoder.stages.2.layers.15.grn.weight",
      "backbone.encoder.stages.2.layers.15.pwconv2.weight",
      "backbone.encoder.stages.2.layers.16.dwconv.weight",
      "backbone.encoder.stages.2.layers.16.pwconv1.weight",
      "backbone.encoder.stages.2.layers.16.grn.weight",
      "backbone.encoder.stages.2.layers.16.pwconv2.weight",
      "backbone.encoder.stages.2.layers.17.dwconv.weight",
      "backbone.encoder.stages.2.layers.17.pwconv1.weight",
      "backbone.encoder.stages.2.layers.17.grn.weight",
      "backbone.encoder.stages.2.layers.17.pwconv2.weight",
      "backbone.encoder.stages.2.layers.18.dwconv.weight",
      "backbone.encoder.stages.2.layers.18.pwconv1.weight",
      "backbone.encoder.stages.2.layers.18.grn.weight",
      "backbone.encoder.stages.2.layers.18.pwconv2.weight",
      "backbone.encoder.stages.2.layers.19.dwconv.weight",
      "backbone.encoder.stages.2.layers.19.pwconv1.weight",
      "backbone.encoder.stages.2.layers.19.grn.weight",
      "backbone.encoder.stages.2.layers.19.pwconv2.weight",
      "backbone.encoder.stages.2.layers.20.dwconv.weight",
      "backbone.encoder.stages.2.layers.20.pwconv1.weight",
      "backbone.encoder.stages.2.layers.20.grn.weight",
      "backbone.encoder.stages.2.layers.20.pwconv2.weight",
      "backbone.encoder.stages.2.layers.21.dwconv.weight",
      "backbone.encoder.stages.2.layers.21.pwconv1.weight",
      "backbone.encoder.stages.2.layers.21.grn.weight",
      "backbone.encoder.stages.2.layers.21.pwconv2.weight",
      "backbone.encoder.stages.2.layers.22.dwconv.weight",
      "backbone.encoder.stages.2.layers.22.pwconv1.weight",
      "backbone.encoder.stages.2.layers.22.grn.weight",
      "backbone.encoder.stages.2.layers.22.pwconv2.weight",
      "backbone.encoder.stages.2.layers.23.dwconv.weight",
      "backbone.encoder.stages.2.layers.23.pwconv1.weight",
      "backbone.encoder.stages.2.layers.23.grn.weight",
      "backbone.encoder.stages.2.layers.23.pwconv2.weight",
      "backbone.encoder.stages.2.layers.24.dwconv.weight",
      "backbone.encoder.stages.2.layers.24.pwconv1.weight",
      "backbone.encoder.stages.2.layers.24.grn.weight",
      "backbone.encoder.stages.2.layers.24.pwconv2.weight",
      "backbone.encoder.stages.2.layers.25.dwconv.weight",
      "backbone.encoder.stages.2.layers.25.pwconv1.weight",
      "backbone.encoder.stages.2.layers.25.grn.weight",
      "backbone.encoder.stages.2.layers.25.pwconv2.weight",
      "backbone.encoder.stages.2.layers.26.dwconv.weight",
      "backbone.encoder.stages.2.layers.26.pwconv1.weight",
      "backbone.encoder.stages.2.layers.26.grn.weight",
      "backbone.encoder.stages.2.layers.26.pwconv2.weight",
      "backbone.encoder.stages.3.downsampling_layer.0.weight",
      "backbone.encoder.stages.3.downsampling_layer.1.weight",
      "backbone.encoder.stages.3.layers.0.dwconv.weight",
      "backbone.encoder.stages.3.layers.0.pwconv1.weight",
      "backbone.encoder.stages.3.layers.0.grn.weight",
      "backbone.encoder.stages.3.layers.0.pwconv2.weight",
      "backbone.encoder.stages.3.layers.1.dwconv.weight",
      "backbone.encoder.stages.3.layers.1.pwconv1.weight",
      "backbone.encoder.stages.3.layers.1.grn.weight",
      "backbone.encoder.stages.3.layers.1.pwconv2.weight",
      "backbone.encoder.stages.3.layers.2.dwconv.weight",
      "backbone.encoder.stages.3.layers.2.pwconv1.weight",
      "backbone.encoder.stages.3.layers.2.grn.weight",
      "backbone.encoder.stages.3.layers.2.pwconv2.weight",
      "head.fc1.weight",
      "head.fc2.weight",
      "head.fc3.weight"
    ],
    "lr_scale": 1.0
  },
  "no_decay": {
    "weight_decay": 0.0,
    "params": [
      "backbone.embeddings.patch_embeddings.bias",
      "backbone.embeddings.layernorm.weight",
      "backbone.embeddings.layernorm.bias",
      "backbone.encoder.stages.0.layers.0.dwconv.bias",
      "backbone.encoder.stages.0.layers.0.layernorm.weight",
      "backbone.encoder.stages.0.layers.0.layernorm.bias",
      "backbone.encoder.stages.0.layers.0.pwconv1.bias",
      "backbone.encoder.stages.0.layers.0.grn.bias",
      "backbone.encoder.stages.0.layers.0.pwconv2.bias",
      "backbone.encoder.stages.0.layers.1.dwconv.bias",
      "backbone.encoder.stages.0.layers.1.layernorm.weight",
      "backbone.encoder.stages.0.layers.1.layernorm.bias",
      "backbone.encoder.stages.0.layers.1.pwconv1.bias",
      "backbone.encoder.stages.0.layers.1.grn.bias",
      "backbone.encoder.stages.0.layers.1.pwconv2.bias",
      "backbone.encoder.stages.0.layers.2.dwconv.bias",
      "backbone.encoder.stages.0.layers.2.layernorm.weight",
      "backbone.encoder.stages.0.layers.2.layernorm.bias",
      "backbone.encoder.stages.0.layers.2.pwconv1.bias",
      "backbone.encoder.stages.0.layers.2.grn.bias",
      "backbone.encoder.stages.0.layers.2.pwconv2.bias",
      "backbone.encoder.stages.1.downsampling_layer.0.bias",
      "backbone.encoder.stages.1.downsampling_layer.1.bias",
      "backbone.encoder.stages.1.layers.0.dwconv.bias",
      "backbone.encoder.stages.1.layers.0.layernorm.weight",
      "backbone.encoder.stages.1.layers.0.layernorm.bias",
      "backbone.encoder.stages.1.layers.0.pwconv1.bias",
      "backbone.encoder.stages.1.layers.0.grn.bias",
      "backbone.encoder.stages.1.layers.0.pwconv2.bias",
      "backbone.encoder.stages.1.layers.1.dwconv.bias",
      "backbone.encoder.stages.1.layers.1.layernorm.weight",
      "backbone.encoder.stages.1.layers.1.layernorm.bias",
      "backbone.encoder.stages.1.layers.1.pwconv1.bias",
      "backbone.encoder.stages.1.layers.1.grn.bias",
      "backbone.encoder.stages.1.layers.1.pwconv2.bias",
      "backbone.encoder.stages.1.layers.2.dwconv.bias",
      "backbone.encoder.stages.1.layers.2.layernorm.weight",
      "backbone.encoder.stages.1.layers.2.layernorm.bias",
      "backbone.encoder.stages.1.layers.2.pwconv1.bias",
      "backbone.encoder.stages.1.layers.2.grn.bias",
      "backbone.encoder.stages.1.layers.2.pwconv2.bias",
      "backbone.encoder.stages.2.downsampling_layer.0.bias",
      "backbone.encoder.stages.2.downsampling_layer.1.bias",
      "backbone.encoder.stages.2.layers.0.dwconv.bias",
      "backbone.encoder.stages.2.layers.0.layernorm.weight",
      "backbone.encoder.stages.2.layers.0.layernorm.bias",
      "backbone.encoder.stages.2.layers.0.pwconv1.bias",
      "backbone.encoder.stages.2.layers.0.grn.bias",
      "backbone.encoder.stages.2.layers.0.pwconv2.bias",
      "backbone.encoder.stages.2.layers.1.dwconv.bias",
      "backbone.encoder.stages.2.layers.1.layernorm.weight",
      "backbone.encoder.stages.2.layers.1.layernorm.bias",
      "backbone.encoder.stages.2.layers.1.pwconv1.bias",
      "backbone.encoder.stages.2.layers.1.grn.bias",
      "backbone.encoder.stages.2.layers.1.pwconv2.bias",
      "backbone.encoder.stages.2.layers.2.dwconv.bias",
      "backbone.encoder.stages.2.layers.2.layernorm.weight",
      "backbone.encoder.stages.2.layers.2.layernorm.bias",
      "backbone.encoder.stages.2.layers.2.pwconv1.bias",
      "backbone.encoder.stages.2.layers.2.grn.bias",
      "backbone.encoder.stages.2.layers.2.pwconv2.bias",
      "backbone.encoder.stages.2.layers.3.dwconv.bias",
      "backbone.encoder.stages.2.layers.3.layernorm.weight",
      "backbone.encoder.stages.2.layers.3.layernorm.bias",
      "backbone.encoder.stages.2.layers.3.pwconv1.bias",
      "backbone.encoder.stages.2.layers.3.grn.bias",
      "backbone.encoder.stages.2.layers.3.pwconv2.bias",
      "backbone.encoder.stages.2.layers.4.dwconv.bias",
      "backbone.encoder.stages.2.layers.4.layernorm.weight",
      "backbone.encoder.stages.2.layers.4.layernorm.bias",
      "backbone.encoder.stages.2.layers.4.pwconv1.bias",
      "backbone.encoder.stages.2.layers.4.grn.bias",
      "backbone.encoder.stages.2.layers.4.pwconv2.bias",
      "backbone.encoder.stages.2.layers.5.dwconv.bias",
      "backbone.encoder.stages.2.layers.5.layernorm.weight",
      "backbone.encoder.stages.2.layers.5.layernorm.bias",
      "backbone.encoder.stages.2.layers.5.pwconv1.bias",
      "backbone.encoder.stages.2.layers.5.grn.bias",
      "backbone.encoder.stages.2.layers.5.pwconv2.bias",
      "backbone.encoder.stages.2.layers.6.dwconv.bias",
      "backbone.encoder.stages.2.layers.6.layernorm.weight",
      "backbone.encoder.stages.2.layers.6.layernorm.bias",
      "backbone.encoder.stages.2.layers.6.pwconv1.bias",
      "backbone.encoder.stages.2.layers.6.grn.bias",
      "backbone.encoder.stages.2.layers.6.pwconv2.bias",
      "backbone.encoder.stages.2.layers.7.dwconv.bias",
      "backbone.encoder.stages.2.layers.7.layernorm.weight",
      "backbone.encoder.stages.2.layers.7.layernorm.bias",
      "backbone.encoder.stages.2.layers.7.pwconv1.bias",
      "backbone.encoder.stages.2.layers.7.grn.bias",
      "backbone.encoder.stages.2.layers.7.pwconv2.bias",
      "backbone.encoder.stages.2.layers.8.dwconv.bias",
      "backbone.encoder.stages.2.layers.8.layernorm.weight",
      "backbone.encoder.stages.2.layers.8.layernorm.bias",
      "backbone.encoder.stages.2.layers.8.pwconv1.bias",
      "backbone.encoder.stages.2.layers.8.grn.bias",
      "backbone.encoder.stages.2.layers.8.pwconv2.bias",
      "backbone.encoder.stages.2.layers.9.dwconv.bias",
      "backbone.encoder.stages.2.layers.9.layernorm.weight",
      "backbone.encoder.stages.2.layers.9.layernorm.bias",
      "backbone.encoder.stages.2.layers.9.pwconv1.bias",
      "backbone.encoder.stages.2.layers.9.grn.bias",
      "backbone.encoder.stages.2.layers.9.pwconv2.bias",
      "backbone.encoder.stages.2.layers.10.dwconv.bias",
      "backbone.encoder.stages.2.layers.10.layernorm.weight",
      "backbone.encoder.stages.2.layers.10.layernorm.bias",
      "backbone.encoder.stages.2.layers.10.pwconv1.bias",
      "backbone.encoder.stages.2.layers.10.grn.bias",
      "backbone.encoder.stages.2.layers.10.pwconv2.bias",
      "backbone.encoder.stages.2.layers.11.dwconv.bias",
      "backbone.encoder.stages.2.layers.11.layernorm.weight",
      "backbone.encoder.stages.2.layers.11.layernorm.bias",
      "backbone.encoder.stages.2.layers.11.pwconv1.bias",
      "backbone.encoder.stages.2.layers.11.grn.bias",
      "backbone.encoder.stages.2.layers.11.pwconv2.bias",
      "backbone.encoder.stages.2.layers.12.dwconv.bias",
      "backbone.encoder.stages.2.layers.12.layernorm.weight",
      "backbone.encoder.stages.2.layers.12.layernorm.bias",
      "backbone.encoder.stages.2.layers.12.pwconv1.bias",
      "backbone.encoder.stages.2.layers.12.grn.bias",
      "backbone.encoder.stages.2.layers.12.pwconv2.bias",
      "backbone.encoder.stages.2.layers.13.dwconv.bias",
      "backbone.encoder.stages.2.layers.13.layernorm.weight",
      "backbone.encoder.stages.2.layers.13.layernorm.bias",
      "backbone.encoder.stages.2.layers.13.pwconv1.bias",
      "backbone.encoder.stages.2.layers.13.grn.bias",
      "backbone.encoder.stages.2.layers.13.pwconv2.bias",
      "backbone.encoder.stages.2.layers.14.dwconv.bias",
      "backbone.encoder.stages.2.layers.14.layernorm.weight",
      "backbone.encoder.stages.2.layers.14.layernorm.bias",
      "backbone.encoder.stages.2.layers.14.pwconv1.bias",
      "backbone.encoder.stages.2.layers.14.grn.bias",
      "backbone.encoder.stages.2.layers.14.pwconv2.bias",
      "backbone.encoder.stages.2.layers.15.dwconv.bias",
      "backbone.encoder.stages.2.layers.15.layernorm.weight",
      "backbone.encoder.stages.2.layers.15.layernorm.bias",
      "backbone.encoder.stages.2.layers.15.pwconv1.bias",
      "backbone.encoder.stages.2.layers.15.grn.bias",
      "backbone.encoder.stages.2.layers.15.pwconv2.bias",
      "backbone.encoder.stages.2.layers.16.dwconv.bias",
      "backbone.encoder.stages.2.layers.16.layernorm.weight",
      "backbone.encoder.stages.2.layers.16.layernorm.bias",
      "backbone.encoder.stages.2.layers.16.pwconv1.bias",
      "backbone.encoder.stages.2.layers.16.grn.bias",
      "backbone.encoder.stages.2.layers.16.pwconv2.bias",
      "backbone.encoder.stages.2.layers.17.dwconv.bias",
      "backbone.encoder.stages.2.layers.17.layernorm.weight",
      "backbone.encoder.stages.2.layers.17.layernorm.bias",
      "backbone.encoder.stages.2.layers.17.pwconv1.bias",
      "backbone.encoder.stages.2.layers.17.grn.bias",
      "backbone.encoder.stages.2.layers.17.pwconv2.bias",
      "backbone.encoder.stages.2.layers.18.dwconv.bias",
      "backbone.encoder.stages.2.layers.18.layernorm.weight",
      "backbone.encoder.stages.2.layers.18.layernorm.bias",
      "backbone.encoder.stages.2.layers.18.pwconv1.bias",
      "backbone.encoder.stages.2.layers.18.grn.bias",
      "backbone.encoder.stages.2.layers.18.pwconv2.bias",
      "backbone.encoder.stages.2.layers.19.dwconv.bias",
      "backbone.encoder.stages.2.layers.19.layernorm.weight",
      "backbone.encoder.stages.2.layers.19.layernorm.bias",
      "backbone.encoder.stages.2.layers.19.pwconv1.bias",
      "backbone.encoder.stages.2.layers.19.grn.bias",
      "backbone.encoder.stages.2.layers.19.pwconv2.bias",
      "backbone.encoder.stages.2.layers.20.dwconv.bias",
      "backbone.encoder.stages.2.layers.20.layernorm.weight",
      "backbone.encoder.stages.2.layers.20.layernorm.bias",
      "backbone.encoder.stages.2.layers.20.pwconv1.bias",
      "backbone.encoder.stages.2.layers.20.grn.bias",
      "backbone.encoder.stages.2.layers.20.pwconv2.bias",
      "backbone.encoder.stages.2.layers.21.dwconv.bias",
      "backbone.encoder.stages.2.layers.21.layernorm.weight",
      "backbone.encoder.stages.2.layers.21.layernorm.bias",
      "backbone.encoder.stages.2.layers.21.pwconv1.bias",
      "backbone.encoder.stages.2.layers.21.grn.bias",
      "backbone.encoder.stages.2.layers.21.pwconv2.bias",
      "backbone.encoder.stages.2.layers.22.dwconv.bias",
      "backbone.encoder.stages.2.layers.22.layernorm.weight",
      "backbone.encoder.stages.2.layers.22.layernorm.bias",
      "backbone.encoder.stages.2.layers.22.pwconv1.bias",
      "backbone.encoder.stages.2.layers.22.grn.bias",
      "backbone.encoder.stages.2.layers.22.pwconv2.bias",
      "backbone.encoder.stages.2.layers.23.dwconv.bias",
      "backbone.encoder.stages.2.layers.23.layernorm.weight",
      "backbone.encoder.stages.2.layers.23.layernorm.bias",
      "backbone.encoder.stages.2.layers.23.pwconv1.bias",
      "backbone.encoder.stages.2.layers.23.grn.bias",
      "backbone.encoder.stages.2.layers.23.pwconv2.bias",
      "backbone.encoder.stages.2.layers.24.dwconv.bias",
      "backbone.encoder.stages.2.layers.24.layernorm.weight",
      "backbone.encoder.stages.2.layers.24.layernorm.bias",
      "backbone.encoder.stages.2.layers.24.pwconv1.bias",
      "backbone.encoder.stages.2.layers.24.grn.bias",
      "backbone.encoder.stages.2.layers.24.pwconv2.bias",
      "backbone.encoder.stages.2.layers.25.dwconv.bias",
      "backbone.encoder.stages.2.layers.25.layernorm.weight",
      "backbone.encoder.stages.2.layers.25.layernorm.bias",
      "backbone.encoder.stages.2.layers.25.pwconv1.bias",
      "backbone.encoder.stages.2.layers.25.grn.bias",
      "backbone.encoder.stages.2.layers.25.pwconv2.bias",
      "backbone.encoder.stages.2.layers.26.dwconv.bias",
      "backbone.encoder.stages.2.layers.26.layernorm.weight",
      "backbone.encoder.stages.2.layers.26.layernorm.bias",
      "backbone.encoder.stages.2.layers.26.pwconv1.bias",
      "backbone.encoder.stages.2.layers.26.grn.bias",
      "backbone.encoder.stages.2.layers.26.pwconv2.bias",
      "backbone.encoder.stages.3.downsampling_layer.0.bias",
      "backbone.encoder.stages.3.downsampling_layer.1.bias",
      "backbone.encoder.stages.3.layers.0.dwconv.bias",
      "backbone.encoder.stages.3.layers.0.layernorm.weight",
      "backbone.encoder.stages.3.layers.0.layernorm.bias",
      "backbone.encoder.stages.3.layers.0.pwconv1.bias",
      "backbone.encoder.stages.3.layers.0.grn.bias",
      "backbone.encoder.stages.3.layers.0.pwconv2.bias",
      "backbone.encoder.stages.3.layers.1.dwconv.bias",
      "backbone.encoder.stages.3.layers.1.layernorm.weight",
      "backbone.encoder.stages.3.layers.1.layernorm.bias",
      "backbone.encoder.stages.3.layers.1.pwconv1.bias",
      "backbone.encoder.stages.3.layers.1.grn.bias",
      "backbone.encoder.stages.3.layers.1.pwconv2.bias",
      "backbone.encoder.stages.3.layers.2.dwconv.bias",
      "backbone.encoder.stages.3.layers.2.layernorm.weight",
      "backbone.encoder.stages.3.layers.2.layernorm.bias",
      "backbone.encoder.stages.3.layers.2.pwconv1.bias",
      "backbone.encoder.stages.3.layers.2.grn.bias",
      "backbone.encoder.stages.3.layers.2.pwconv2.bias",
      "backbone.layernorm.weight",
      "backbone.layernorm.bias",
      "head.fc1.bias",
      "head.fc2.bias",
      "head.fc3.bias"
    ],
    "lr_scale": 1.0
  }
}
optimizer settings: {'lr': 0.00045000000000000004, 'weight_decay': 0.0, 'eps': 1e-08, 'betas': [0.9, 0.99]}
Set warmup steps = 1750
Set warmup steps = 0
Max WD = 0.0500000, Min WD = 0.0500000
Start training for 500 epochs
Epoch: [0]  [ 0/35]  eta: 1:06:20  lr: 0.000000  min_lr: 0.000000  loss: 156.6635 (156.6635)  weight_decay: 0.0500 (0.0500)  grad_norm: 9.3838 (9.3838)  time: 113.7297  data: 107.0869  max mem: 34268
Epoch: [0]  [10/35]  eta: 0:04:47  lr: 0.000003  min_lr: 0.000003  loss: 168.2811 (168.5850)  weight_decay: 0.0500 (0.0500)  grad_norm: 9.5191 (9.7745)  time: 11.4801  data: 9.7355  max mem: 34950
Epoch: [0]  [20/35]  eta: 0:01:38  lr: 0.000005  min_lr: 0.000005  loss: 169.0403 (168.9331)  weight_decay: 0.0500 (0.0500)  grad_norm: 10.9468 (14.1234)  time: 1.1805  data: 0.0003  max mem: 34950
Epoch: [0]  [30/35]  eta: 0:00:23  lr: 0.000008  min_lr: 0.000008  loss: 166.7945 (167.3332)  weight_decay: 0.0500 (0.0500)  grad_norm: 29.5773 (27.4510)  time: 1.0859  data: 0.0004  max mem: 34950
Epoch: [0]  [34/35]  eta: 0:00:04  lr: 0.000009  min_lr: 0.000009  loss: 165.6545 (166.0992)  weight_decay: 0.0500 (0.0500)  grad_norm: 45.8112 (36.4190)  time: 1.1110  data: 0.0004  max mem: 34950
Epoch: [0] Total time: 0:02:34 (4.4023 s / it)
Averaged stats: lr: 0.000009  min_lr: 0.000009  loss: 165.6545 (166.5053)  weight_decay: 0.0500 (0.0500)  grad_norm: 45.8112 (36.4190)
[Eval]   [0/1]  eta: 0:00:09  loss: 159.8687 (159.8687)  time: 9.0187  data: 8.8572  max mem: 34950
[Eval]  Total time: 0:00:09 (9.4013 s / it)
Eval averaged stats: loss: 159.8687 (154.9764)
Epoch: [1]  [ 0/35]  eta: 0:11:22  lr: 0.000009  min_lr: 0.000009  loss: 143.9354 (143.9354)  weight_decay: 0.0500 (0.0500)  grad_norm: 131.1269 (131.1269)  time: 19.5127  data: 17.6551  max mem: 34950
Epoch: [1]  [10/35]  eta: 0:01:06  lr: 0.000012  min_lr: 0.000012  loss: 135.1699 (133.8229)  weight_decay: 0.0500 (0.0500)  grad_norm: 186.9881 (187.0043)  time: 2.6600  data: 1.6052  max mem: 34952
Epoch: [1]  [20/35]  eta: 0:00:27  lr: 0.000014  min_lr: 0.000014  loss: 107.5879 (115.4486)  weight_decay: 0.0500 (0.0500)  grad_norm: 186.9881 (177.9137)  time: 0.9541  data: 0.0002  max mem: 34952
Epoch: [1]  [30/35]  eta: 0:00:07  lr: 0.000017  min_lr: 0.000017  loss: 87.8900 (106.8815)  weight_decay: 0.0500 (0.0500)  grad_norm: 191.1251 (186.8514)  time: 0.9297  data: 0.0002  max mem: 34952
Epoch: [1]  [34/35]  eta: 0:00:01  lr: 0.000018  min_lr: 0.000018  loss: 87.8365 (104.6897)  weight_decay: 0.0500 (0.0500)  grad_norm: 121.5221 (177.2787)  time: 0.9317  data: 0.0002  max mem: 34952
Epoch: [1] Total time: 0:00:52 (1.4990 s / it)
Averaged stats: lr: 0.000018  min_lr: 0.000018  loss: 87.8365 (105.0311)  weight_decay: 0.0500 (0.0500)  grad_norm: 121.5221 (177.2787)
Epoch: [2]  [ 0/35]  eta: 0:11:20  lr: 0.000018  min_lr: 0.000018  loss: 88.6485 (88.6485)  weight_decay: 0.0500 (0.0500)  grad_norm: 140.1722 (140.1722)  time: 19.4520  data: 17.1435  max mem: 34952
Epoch: [2]  [10/35]  eta: 0:01:07  lr: 0.000021  min_lr: 0.000021  loss: 86.8666 (86.6106)  weight_decay: 0.0500 (0.0500)  grad_norm: 62.3095 (69.8016)  time: 2.6805  data: 1.5587  max mem: 34952
Epoch: [2]  [20/35]  eta: 0:00:27  lr: 0.000023  min_lr: 0.000023  loss: 86.7993 (86.7489)  weight_decay: 0.0500 (0.0500)  grad_norm: 29.8537 (49.0818)  time: 0.9644  data: 0.0002  max mem: 34952
Epoch: [2]  [30/35]  eta: 0:00:07  lr: 0.000026  min_lr: 0.000026  loss: 86.6735 (86.4318)  weight_decay: 0.0500 (0.0500)  grad_norm: 22.3895 (43.0480)  time: 0.9576  data: 0.0002  max mem: 34952
Epoch: [2]  [34/35]  eta: 0:00:01  lr: 0.000027  min_lr: 0.000027  loss: 86.6735 (86.4772)  weight_decay: 0.0500 (0.0500)  grad_norm: 19.5997 (39.7940)  time: 0.9683  data: 0.0002  max mem: 34952
Epoch: [2] Total time: 0:00:53 (1.5239 s / it)
Averaged stats: lr: 0.000027  min_lr: 0.000027  loss: 86.6735 (86.0539)  weight_decay: 0.0500 (0.0500)  grad_norm: 19.5997 (39.7940)
Epoch: [3]  [ 0/35]  eta: 0:11:24  lr: 0.000027  min_lr: 0.000027  loss: 84.4500 (84.4500)  weight_decay: 0.0500 (0.0500)  grad_norm: 10.7012 (10.7012)  time: 19.5596  data: 17.8126  max mem: 34952
Epoch: [3]  [10/35]  eta: 0:01:05  lr: 0.000030  min_lr: 0.000030  loss: 85.9345 (86.0190)  weight_decay: 0.0500 (0.0500)  grad_norm: 16.2688 (21.3075)  time: 2.6255  data: 1.6195  max mem: 34952
Epoch: [3]  [20/35]  eta: 0:00:27  lr: 0.000032  min_lr: 0.000032  loss: 86.3471 (86.0000)  weight_decay: 0.0500 (0.0500)  grad_norm: 20.4496 (23.0427)  time: 0.9281  data: 0.0002  max mem: 34952
Epoch: [3]  [30/35]  eta: 0:00:07  lr: 0.000035  min_lr: 0.000035  loss: 85.0823 (85.4844)  weight_decay: 0.0500 (0.0500)  grad_norm: 28.5426 (29.1391)  time: 0.9235  data: 0.0002  max mem: 34952
Epoch: [3]  [34/35]  eta: 0:00:01  lr: 0.000036  min_lr: 0.000036  loss: 85.0823 (85.7724)  weight_decay: 0.0500 (0.0500)  grad_norm: 28.5426 (29.0836)  time: 0.9242  data: 0.0002  max mem: 34952
Epoch: [3] Total time: 0:00:51 (1.4835 s / it)
Averaged stats: lr: 0.000036  min_lr: 0.000036  loss: 85.0823 (85.6275)  weight_decay: 0.0500 (0.0500)  grad_norm: 28.5426 (29.0836)
Epoch: [4]  [ 0/35]  eta: 0:11:52  lr: 0.000036  min_lr: 0.000036  loss: 83.1962 (83.1962)  weight_decay: 0.0500 (0.0500)  grad_norm: 43.3264 (43.3264)  time: 20.3646  data: 18.7259  max mem: 34952
Epoch: [4]  [10/35]  eta: 0:01:07  lr: 0.000039  min_lr: 0.000039  loss: 85.1988 (84.8042)  weight_decay: 0.0500 (0.0500)  grad_norm: 24.3669 (26.0595)  time: 2.6956  data: 1.7025  max mem: 34952
Epoch: [4]  [20/35]  eta: 0:00:27  lr: 0.000041  min_lr: 0.000041  loss: 85.6024 (85.1696)  weight_decay: 0.0500 (0.0500)  grad_norm: 20.9205 (25.3627)  time: 0.9275  data: 0.0002  max mem: 34952
Epoch: [4]  [30/35]  eta: 0:00:07  lr: 0.000044  min_lr: 0.000044  loss: 85.6774 (85.4500)  weight_decay: 0.0500 (0.0500)  grad_norm: 26.7083 (25.5210)  time: 0.9244  data: 0.0002  max mem: 34952
Epoch: [4]  [34/35]  eta: 0:00:01  lr: 0.000045  min_lr: 0.000045  loss: 85.1308 (85.2304)  weight_decay: 0.0500 (0.0500)  grad_norm: 26.7083 (25.4075)  time: 0.9242  data: 0.0002  max mem: 34952
Epoch: [4] Total time: 0:00:52 (1.5024 s / it)
Averaged stats: lr: 0.000045  min_lr: 0.000045  loss: 85.1308 (85.8044)  weight_decay: 0.0500 (0.0500)  grad_norm: 26.7083 (25.4075)
Epoch: [5]  [ 0/35]  eta: 0:11:42  lr: 0.000045  min_lr: 0.000045  loss: 84.0922 (84.0922)  weight_decay: 0.0500 (0.0500)  grad_norm: 18.4893 (18.4893)  time: 20.0610  data: 18.1360  max mem: 34952
Epoch: [5]  [10/35]  eta: 0:01:07  lr: 0.000048  min_lr: 0.000048  loss: 84.6582 (84.9731)  weight_decay: 0.0500 (0.0500)  grad_norm: 18.4893 (21.0290)  time: 2.6974  data: 1.6489  max mem: 34952
Epoch: [5]  [20/35]  eta: 0:00:27  lr: 0.000050  min_lr: 0.000050  loss: 84.6582 (84.5578)  weight_decay: 0.0500 (0.0500)  grad_norm: 29.2587 (36.9053)  time: 0.9448  data: 0.0002  max mem: 34952
Epoch: [5]  [30/35]  eta: 0:00:07  lr: 0.000053  min_lr: 0.000053  loss: 84.8056 (84.9778)  weight_decay: 0.0500 (0.0500)  grad_norm: 50.7043 (39.3702)  time: 0.9283  data: 0.0002  max mem: 34952
Epoch: [5]  [34/35]  eta: 0:00:01  lr: 0.000054  min_lr: 0.000054  loss: 84.8056 (84.7929)  weight_decay: 0.0500 (0.0500)  grad_norm: 50.7043 (40.0770)  time: 0.9275  data: 0.0002  max mem: 34952
Epoch: [5] Total time: 0:00:52 (1.5058 s / it)
Averaged stats: lr: 0.000054  min_lr: 0.000054  loss: 84.8056 (85.5592)  weight_decay: 0.0500 (0.0500)  grad_norm: 50.7043 (40.0770)
Epoch: [6]  [ 0/35]  eta: 0:12:11  lr: 0.000054  min_lr: 0.000054  loss: 89.1150 (89.1150)  weight_decay: 0.0500 (0.0500)  grad_norm: 61.1231 (61.1231)  time: 20.9094  data: 16.9038  max mem: 34952
Epoch: [6]  [10/35]  eta: 0:01:08  lr: 0.000057  min_lr: 0.000057  loss: 85.2440 (85.8190)  weight_decay: 0.0500 (0.0500)  grad_norm: 36.3010 (39.7178)  time: 2.7323  data: 1.5369  max mem: 34952
Epoch: [6]  [20/35]  eta: 0:00:27  lr: 0.000059  min_lr: 0.000059  loss: 84.3343 (85.2645)  weight_decay: 0.0500 (0.0500)  grad_norm: 36.3010 (42.5558)  time: 0.9069  data: 0.0002  max mem: 34952
Epoch: [6]  [30/35]  eta: 0:00:07  lr: 0.000062  min_lr: 0.000062  loss: 84.7176 (85.4788)  weight_decay: 0.0500 (0.0500)  grad_norm: 42.7770 (42.8317)  time: 0.8981  data: 0.0002  max mem: 34952
Epoch: [6]  [34/35]  eta: 0:00:01  lr: 0.000063  min_lr: 0.000063  loss: 85.3464 (85.6708)  weight_decay: 0.0500 (0.0500)  grad_norm: 42.7770 (42.2355)  time: 0.8964  data: 0.0002  max mem: 34952
Epoch: [6] Total time: 0:00:52 (1.4947 s / it)
Averaged stats: lr: 0.000063  min_lr: 0.000063  loss: 85.3464 (85.4187)  weight_decay: 0.0500 (0.0500)  grad_norm: 42.7770 (42.2355)
Epoch: [7]  [ 0/35]  eta: 0:11:12  lr: 0.000063  min_lr: 0.000063  loss: 87.3691 (87.3691)  weight_decay: 0.0500 (0.0500)  grad_norm: 40.5687 (40.5687)  time: 19.2107  data: 17.5034  max mem: 34952
Epoch: [7]  [10/35]  eta: 0:01:04  lr: 0.000066  min_lr: 0.000066  loss: 86.9244 (85.4374)  weight_decay: 0.0500 (0.0500)  grad_norm: 60.3943 (56.7833)  time: 2.5950  data: 1.5914  max mem: 34952
Epoch: [7]  [20/35]  eta: 0:00:26  lr: 0.000068  min_lr: 0.000068  loss: 86.0310 (86.0542)  weight_decay: 0.0500 (0.0500)  grad_norm: 52.3265 (53.7725)  time: 0.9240  data: 0.0002  max mem: 34952
Epoch: [7]  [30/35]  eta: 0:00:07  lr: 0.000071  min_lr: 0.000071  loss: 85.6582 (85.6709)  weight_decay: 0.0500 (0.0500)  grad_norm: 21.5144 (45.1140)  time: 0.9121  data: 0.0002  max mem: 34952
Epoch: [7]  [34/35]  eta: 0:00:01  lr: 0.000072  min_lr: 0.000072  loss: 85.6582 (85.7090)  weight_decay: 0.0500 (0.0500)  grad_norm: 30.6279 (43.7649)  time: 0.9105  data: 0.0002  max mem: 34952
Epoch: [7] Total time: 0:00:51 (1.4655 s / it)
Averaged stats: lr: 0.000072  min_lr: 0.000072  loss: 85.6582 (85.0887)  weight_decay: 0.0500 (0.0500)  grad_norm: 30.6279 (43.7649)
Epoch: [8]  [ 0/35]  eta: 0:11:47  lr: 0.000072  min_lr: 0.000072  loss: 90.4060 (90.4060)  weight_decay: 0.0500 (0.0500)  grad_norm: 35.0261 (35.0261)  time: 20.2112  data: 19.0734  max mem: 34952
Epoch: [8]  [10/35]  eta: 0:01:06  lr: 0.000075  min_lr: 0.000075  loss: 84.1776 (84.1335)  weight_decay: 0.0500 (0.0500)  grad_norm: 58.6669 (52.2927)  time: 2.6663  data: 1.7341  max mem: 34952
Epoch: [8]  [20/35]  eta: 0:00:27  lr: 0.000077  min_lr: 0.000077  loss: 84.1464 (84.0671)  weight_decay: 0.0500 (0.0500)  grad_norm: 39.3956 (48.5441)  time: 0.9129  data: 0.0002  max mem: 34952
Epoch: [8]  [30/35]  eta: 0:00:07  lr: 0.000080  min_lr: 0.000080  loss: 83.9931 (84.1903)  weight_decay: 0.0500 (0.0500)  grad_norm: 38.4658 (49.7370)  time: 0.9132  data: 0.0002  max mem: 34952
Epoch: [8]  [34/35]  eta: 0:00:01  lr: 0.000081  min_lr: 0.000081  loss: 84.1914 (84.3181)  weight_decay: 0.0500 (0.0500)  grad_norm: 47.7968 (52.1827)  time: 0.9121  data: 0.0002  max mem: 34952
Epoch: [8] Total time: 0:00:52 (1.4873 s / it)
Averaged stats: lr: 0.000081  min_lr: 0.000081  loss: 84.1914 (84.5753)  weight_decay: 0.0500 (0.0500)  grad_norm: 47.7968 (52.1827)
Epoch: [9]  [ 0/35]  eta: 0:11:24  lr: 0.000081  min_lr: 0.000081  loss: 88.5870 (88.5870)  weight_decay: 0.0500 (0.0500)  grad_norm: 46.5802 (46.5802)  time: 19.5658  data: 18.5615  max mem: 34952
Epoch: [9]  [10/35]  eta: 0:01:05  lr: 0.000084  min_lr: 0.000084  loss: 85.3646 (84.7329)  weight_decay: 0.0500 (0.0500)  grad_norm: 39.1930 (38.7196)  time: 2.6065  data: 1.6876  max mem: 34952
Epoch: [9]  [20/35]  eta: 0:00:27  lr: 0.000086  min_lr: 0.000086  loss: 84.1387 (84.3030)  weight_decay: 0.0500 (0.0500)  grad_norm: 46.6422 (46.3699)  time: 0.9132  data: 0.0002  max mem: 34952
Epoch: [9]  [30/35]  eta: 0:00:07  lr: 0.000089  min_lr: 0.000089  loss: 82.8954 (83.5617)  weight_decay: 0.0500 (0.0500)  grad_norm: 55.4829 (50.4471)  time: 0.9156  data: 0.0001  max mem: 34952
Epoch: [9]  [34/35]  eta: 0:00:01  lr: 0.000090  min_lr: 0.000090  loss: 83.0138 (83.7608)  weight_decay: 0.0500 (0.0500)  grad_norm: 55.4829 (49.5968)  time: 0.9141  data: 0.0001  max mem: 34952
Epoch: [9] Total time: 0:00:51 (1.4704 s / it)
Averaged stats: lr: 0.000090  min_lr: 0.000090  loss: 83.0138 (84.2798)  weight_decay: 0.0500 (0.0500)  grad_norm: 55.4829 (49.5968)
Epoch: [10]  [ 0/35]  eta: 0:12:10  lr: 0.000090  min_lr: 0.000090  loss: 86.2856 (86.2856)  weight_decay: 0.0500 (0.0500)  grad_norm: 92.2558 (92.2558)  time: 20.8604  data: 17.3331  max mem: 34952
Epoch: [10]  [10/35]  eta: 0:01:08  lr: 0.000093  min_lr: 0.000093  loss: 85.6412 (85.5973)  weight_decay: 0.0500 (0.0500)  grad_norm: 52.9988 (62.1125)  time: 2.7253  data: 1.5759  max mem: 34952
Epoch: [10]  [20/35]  eta: 0:00:27  lr: 0.000095  min_lr: 0.000095  loss: 85.6648 (85.5950)  weight_decay: 0.0500 (0.0500)  grad_norm: 52.9988 (60.3905)  time: 0.9067  data: 0.0002  max mem: 34952
Epoch: [10]  [30/35]  eta: 0:00:07  lr: 0.000098  min_lr: 0.000098  loss: 85.2092 (85.1544)  weight_decay: 0.0500 (0.0500)  grad_norm: 53.4731 (59.8136)  time: 0.9040  data: 0.0002  max mem: 34952
Epoch: [10]  [34/35]  eta: 0:00:01  lr: 0.000099  min_lr: 0.000099  loss: 84.6664 (85.1120)  weight_decay: 0.0500 (0.0500)  grad_norm: 54.5800 (59.7300)  time: 0.9038  data: 0.0002  max mem: 34952
Epoch: [10] Total time: 0:00:52 (1.4991 s / it)
Averaged stats: lr: 0.000099  min_lr: 0.000099  loss: 84.6664 (84.2134)  weight_decay: 0.0500 (0.0500)  grad_norm: 54.5800 (59.7300)
Epoch: [11]  [ 0/35]  eta: 0:11:31  lr: 0.000099  min_lr: 0.000099  loss: 88.9914 (88.9914)  weight_decay: 0.0500 (0.0500)  grad_norm: 75.8218 (75.8218)  time: 19.7683  data: 17.5913  max mem: 34952
Epoch: [11]  [10/35]  eta: 0:01:06  lr: 0.000102  min_lr: 0.000102  loss: 84.5599 (84.9787)  weight_decay: 0.0500 (0.0500)  grad_norm: 74.8504 (72.2402)  time: 2.6616  data: 1.5994  max mem: 34952
Epoch: [11]  [20/35]  eta: 0:00:27  lr: 0.000104  min_lr: 0.000104  loss: 84.0739 (84.2927)  weight_decay: 0.0500 (0.0500)  grad_norm: 71.9603 (67.3849)  time: 0.9327  data: 0.0002  max mem: 34952
Epoch: [11]  [30/35]  eta: 0:00:07  lr: 0.000107  min_lr: 0.000107  loss: 83.1999 (83.9565)  weight_decay: 0.0500 (0.0500)  grad_norm: 60.0480 (64.0964)  time: 0.9137  data: 0.0002  max mem: 34952
Epoch: [11]  [34/35]  eta: 0:00:01  lr: 0.000108  min_lr: 0.000108  loss: 83.1999 (84.0949)  weight_decay: 0.0500 (0.0500)  grad_norm: 60.0480 (62.8748)  time: 0.9131  data: 0.0002  max mem: 34952
Epoch: [11] Total time: 0:00:52 (1.4867 s / it)
Averaged stats: lr: 0.000108  min_lr: 0.000108  loss: 83.1999 (84.1657)  weight_decay: 0.0500 (0.0500)  grad_norm: 60.0480 (62.8748)
Epoch: [12]  [ 0/35]  eta: 0:10:39  lr: 0.000108  min_lr: 0.000108  loss: 85.2486 (85.2486)  weight_decay: 0.0500 (0.0500)  grad_norm: 46.4716 (46.4716)  time: 18.2704  data: 16.4943  max mem: 34952
Epoch: [12]  [10/35]  eta: 0:01:04  lr: 0.000111  min_lr: 0.000111  loss: 83.4441 (82.7341)  weight_decay: 0.0500 (0.0500)  grad_norm: 43.5407 (46.4112)  time: 2.5647  data: 1.4997  max mem: 34952
Epoch: [12]  [20/35]  eta: 0:00:27  lr: 0.000113  min_lr: 0.000113  loss: 81.5959 (82.6061)  weight_decay: 0.0500 (0.0500)  grad_norm: 48.8864 (52.3600)  time: 1.0010  data: 0.0002  max mem: 34952
Epoch: [12]  [30/35]  eta: 0:00:07  lr: 0.000116  min_lr: 0.000116  loss: 81.5959 (82.4761)  weight_decay: 0.0500 (0.0500)  grad_norm: 58.2244 (57.8041)  time: 0.9584  data: 0.0002  max mem: 34952
Epoch: [12]  [34/35]  eta: 0:00:01  lr: 0.000117  min_lr: 0.000117  loss: 82.7004 (82.7149)  weight_decay: 0.0500 (0.0500)  grad_norm: 58.9523 (59.1149)  time: 0.9295  data: 0.0002  max mem: 34952
Epoch: [12] Total time: 0:00:51 (1.4803 s / it)
Averaged stats: lr: 0.000117  min_lr: 0.000117  loss: 82.7004 (83.5015)  weight_decay: 0.0500 (0.0500)  grad_norm: 58.9523 (59.1149)
Epoch: [13]  [ 0/35]  eta: 0:11:42  lr: 0.000117  min_lr: 0.000117  loss: 87.9275 (87.9275)  weight_decay: 0.0500 (0.0500)  grad_norm: 150.9228 (150.9228)  time: 20.0654  data: 16.3009  max mem: 34952
Epoch: [13]  [10/35]  eta: 0:01:08  lr: 0.000120  min_lr: 0.000120  loss: 83.1354 (83.0903)  weight_decay: 0.0500 (0.0500)  grad_norm: 79.2724 (78.0255)  time: 2.7284  data: 1.4821  max mem: 34952
Epoch: [13]  [20/35]  eta: 0:00:27  lr: 0.000122  min_lr: 0.000122  loss: 83.0622 (83.8728)  weight_decay: 0.0500 (0.0500)  grad_norm: 60.2242 (67.4561)  time: 0.9522  data: 0.0002  max mem: 34952
Epoch: [13]  [30/35]  eta: 0:00:07  lr: 0.000125  min_lr: 0.000125  loss: 83.0622 (83.9122)  weight_decay: 0.0500 (0.0500)  grad_norm: 57.2264 (72.2356)  time: 0.9048  data: 0.0002  max mem: 34952
Epoch: [13]  [34/35]  eta: 0:00:01  lr: 0.000126  min_lr: 0.000126  loss: 82.9776 (83.9404)  weight_decay: 0.0500 (0.0500)  grad_norm: 58.8749 (74.8182)  time: 0.9012  data: 0.0002  max mem: 34952
Epoch: [13] Total time: 0:00:52 (1.4989 s / it)
Averaged stats: lr: 0.000126  min_lr: 0.000126  loss: 82.9776 (83.7761)  weight_decay: 0.0500 (0.0500)  grad_norm: 58.8749 (74.8182)
Epoch: [14]  [ 0/35]  eta: 0:11:27  lr: 0.000126  min_lr: 0.000126  loss: 79.6256 (79.6256)  weight_decay: 0.0500 (0.0500)  grad_norm: 77.8968 (77.8968)  time: 19.6450  data: 17.1787  max mem: 34952
Epoch: [14]  [10/35]  eta: 0:01:05  lr: 0.000129  min_lr: 0.000129  loss: 83.1784 (83.5424)  weight_decay: 0.0500 (0.0500)  grad_norm: 62.6982 (70.2552)  time: 2.6234  data: 1.5619  max mem: 34952
Epoch: [14]  [20/35]  eta: 0:00:27  lr: 0.000131  min_lr: 0.000131  loss: 83.1784 (83.3308)  weight_decay: 0.0500 (0.0500)  grad_norm: 62.0774 (65.6732)  time: 0.9107  data: 0.0002  max mem: 34952
Epoch: [14]  [30/35]  eta: 0:00:07  lr: 0.000134  min_lr: 0.000134  loss: 83.4468 (83.1841)  weight_decay: 0.0500 (0.0500)  grad_norm: 61.3186 (63.7124)  time: 0.9015  data: 0.0002  max mem: 34952
Epoch: [14]  [34/35]  eta: 0:00:01  lr: 0.000135  min_lr: 0.000135  loss: 83.4468 (83.3102)  weight_decay: 0.0500 (0.0500)  grad_norm: 57.8382 (65.3473)  time: 0.8990  data: 0.0002  max mem: 34952
Epoch: [14] Total time: 0:00:51 (1.4661 s / it)
Averaged stats: lr: 0.000135  min_lr: 0.000135  loss: 83.4468 (83.4827)  weight_decay: 0.0500 (0.0500)  grad_norm: 57.8382 (65.3473)
Epoch: [15]  [ 0/35]  eta: 0:11:28  lr: 0.000135  min_lr: 0.000135  loss: 80.8904 (80.8904)  weight_decay: 0.0500 (0.0500)  grad_norm: 57.6023 (57.6023)  time: 19.6640  data: 18.6606  max mem: 34952
Epoch: [15]  [10/35]  eta: 0:01:05  lr: 0.000138  min_lr: 0.000138  loss: 82.5778 (82.4231)  weight_decay: 0.0500 (0.0500)  grad_norm: 57.6023 (58.8959)  time: 2.6199  data: 1.6966  max mem: 34952
Epoch: [15]  [20/35]  eta: 0:00:27  lr: 0.000140  min_lr: 0.000140  loss: 82.5778 (82.5660)  weight_decay: 0.0500 (0.0500)  grad_norm: 62.3861 (62.9025)  time: 0.9170  data: 0.0002  max mem: 34952
Epoch: [15]  [30/35]  eta: 0:00:07  lr: 0.000143  min_lr: 0.000143  loss: 82.3008 (82.4326)  weight_decay: 0.0500 (0.0500)  grad_norm: 50.7319 (59.5369)  time: 0.9130  data: 0.0002  max mem: 34952
Epoch: [15]  [34/35]  eta: 0:00:01  lr: 0.000144  min_lr: 0.000144  loss: 82.8596 (82.5989)  weight_decay: 0.0500 (0.0500)  grad_norm: 49.0244 (58.6511)  time: 0.9077  data: 0.0002  max mem: 34952
Epoch: [15] Total time: 0:00:51 (1.4708 s / it)
Averaged stats: lr: 0.000144  min_lr: 0.000144  loss: 82.8596 (83.0849)  weight_decay: 0.0500 (0.0500)  grad_norm: 49.0244 (58.6511)
Epoch: [16]  [ 0/35]  eta: 0:11:37  lr: 0.000144  min_lr: 0.000144  loss: 83.9178 (83.9178)  weight_decay: 0.0500 (0.0500)  grad_norm: 30.8053 (30.8053)  time: 19.9404  data: 18.6400  max mem: 34952
Epoch: [16]  [10/35]  eta: 0:01:09  lr: 0.000147  min_lr: 0.000147  loss: 85.0837 (84.2152)  weight_decay: 0.0500 (0.0500)  grad_norm: 79.8810 (79.5476)  time: 2.7815  data: 1.6947  max mem: 34952
Epoch: [16]  [20/35]  eta: 0:00:28  lr: 0.000149  min_lr: 0.000149  loss: 84.0847 (83.8648)  weight_decay: 0.0500 (0.0500)  grad_norm: 77.1915 (78.5200)  time: 1.0049  data: 0.0002  max mem: 34952
Epoch: [16]  [30/35]  eta: 0:00:07  lr: 0.000152  min_lr: 0.000152  loss: 82.2424 (83.2568)  weight_decay: 0.0500 (0.0500)  grad_norm: 67.0292 (77.0373)  time: 0.9331  data: 0.0002  max mem: 34952
Epoch: [16]  [34/35]  eta: 0:00:01  lr: 0.000153  min_lr: 0.000153  loss: 82.2424 (83.2660)  weight_decay: 0.0500 (0.0500)  grad_norm: 67.0292 (77.7306)  time: 0.9248  data: 0.0002  max mem: 34952
Epoch: [16] Total time: 0:00:53 (1.5368 s / it)
Averaged stats: lr: 0.000153  min_lr: 0.000153  loss: 82.2424 (83.1125)  weight_decay: 0.0500 (0.0500)  grad_norm: 67.0292 (77.7306)
Epoch: [17]  [ 0/35]  eta: 0:11:55  lr: 0.000153  min_lr: 0.000153  loss: 83.4741 (83.4741)  weight_decay: 0.0500 (0.0500)  grad_norm: 147.0365 (147.0365)  time: 20.4368  data: 17.0540  max mem: 34952
Epoch: [17]  [10/35]  eta: 0:01:07  lr: 0.000156  min_lr: 0.000156  loss: 82.8255 (83.2133)  weight_decay: 0.0500 (0.0500)  grad_norm: 91.0576 (100.4900)  time: 2.6936  data: 1.5506  max mem: 34952
Epoch: [17]  [20/35]  eta: 0:00:27  lr: 0.000158  min_lr: 0.000158  loss: 82.8255 (83.6655)  weight_decay: 0.0500 (0.0500)  grad_norm: 64.5777 (83.5053)  time: 0.9189  data: 0.0002  max mem: 34952
Epoch: [17]  [30/35]  eta: 0:00:07  lr: 0.000161  min_lr: 0.000161  loss: 83.7322 (83.6003)  weight_decay: 0.0500 (0.0500)  grad_norm: 64.5777 (78.8307)  time: 0.9152  data: 0.0001  max mem: 34952
Epoch: [17]  [34/35]  eta: 0:00:01  lr: 0.000162  min_lr: 0.000162  loss: 82.7185 (83.6619)  weight_decay: 0.0500 (0.0500)  grad_norm: 61.8128 (76.8037)  time: 0.9146  data: 0.0002  max mem: 34952
Epoch: [17] Total time: 0:00:52 (1.4985 s / it)
Averaged stats: lr: 0.000162  min_lr: 0.000162  loss: 82.7185 (83.1289)  weight_decay: 0.0500 (0.0500)  grad_norm: 61.8128 (76.8037)
Epoch: [18]  [ 0/35]  eta: 0:11:36  lr: 0.000162  min_lr: 0.000162  loss: 84.9360 (84.9360)  weight_decay: 0.0500 (0.0500)  grad_norm: 57.2327 (57.2327)  time: 19.9101  data: 16.8405  max mem: 34952
Epoch: [18]  [10/35]  eta: 0:01:06  lr: 0.000165  min_lr: 0.000165  loss: 82.9206 (81.6547)  weight_decay: 0.0500 (0.0500)  grad_norm: 46.0786 (55.9071)  time: 2.6486  data: 1.5311  max mem: 34952
Epoch: [18]  [20/35]  eta: 0:00:27  lr: 0.000167  min_lr: 0.000167  loss: 83.3212 (82.5973)  weight_decay: 0.0500 (0.0500)  grad_norm: 56.8932 (64.2680)  time: 0.9191  data: 0.0002  max mem: 34952
Epoch: [18]  [30/35]  eta: 0:00:07  lr: 0.000170  min_lr: 0.000170  loss: 82.4448 (82.5989)  weight_decay: 0.0500 (0.0500)  grad_norm: 67.7552 (66.4270)  time: 0.9156  data: 0.0002  max mem: 34952
Epoch: [18]  [34/35]  eta: 0:00:01  lr: 0.000171  min_lr: 0.000171  loss: 82.2316 (82.5260)  weight_decay: 0.0500 (0.0500)  grad_norm: 55.5602 (65.4559)  time: 0.9148  data: 0.0002  max mem: 34952
Epoch: [18] Total time: 0:00:51 (1.4852 s / it)
Averaged stats: lr: 0.000171  min_lr: 0.000171  loss: 82.2316 (82.3498)  weight_decay: 0.0500 (0.0500)  grad_norm: 55.5602 (65.4559)
Epoch: [19]  [ 0/35]  eta: 0:11:40  lr: 0.000171  min_lr: 0.000171  loss: 80.4562 (80.4562)  weight_decay: 0.0500 (0.0500)  grad_norm: 36.7547 (36.7547)  time: 20.0267  data: 16.0310  max mem: 34952
Epoch: [19]  [10/35]  eta: 0:01:07  lr: 0.000174  min_lr: 0.000174  loss: 83.1384 (82.8199)  weight_decay: 0.0500 (0.0500)  grad_norm: 52.4774 (63.2637)  time: 2.6978  data: 1.4576  max mem: 34952
Epoch: [19]  [20/35]  eta: 0:00:27  lr: 0.000176  min_lr: 0.000176  loss: 83.3637 (82.7783)  weight_decay: 0.0500 (0.0500)  grad_norm: 62.2197 (69.0460)  time: 0.9376  data: 0.0002  max mem: 34952
Epoch: [19]  [30/35]  eta: 0:00:07  lr: 0.000179  min_lr: 0.000179  loss: 81.9348 (82.3562)  weight_decay: 0.0500 (0.0500)  grad_norm: 69.3940 (68.9643)  time: 0.9116  data: 0.0002  max mem: 34952
Epoch: [19]  [34/35]  eta: 0:00:01  lr: 0.000180  min_lr: 0.000180  loss: 81.0017 (82.0356)  weight_decay: 0.0500 (0.0500)  grad_norm: 73.8090 (69.6648)  time: 0.9126  data: 0.0002  max mem: 34952
Epoch: [19] Total time: 0:00:52 (1.5001 s / it)
Averaged stats: lr: 0.000180  min_lr: 0.000180  loss: 81.0017 (82.2379)  weight_decay: 0.0500 (0.0500)  grad_norm: 73.8090 (69.6648)
Epoch: [20]  [ 0/35]  eta: 0:11:36  lr: 0.000180  min_lr: 0.000180  loss: 80.2926 (80.2926)  weight_decay: 0.0500 (0.0500)  grad_norm: 47.9206 (47.9206)  time: 19.8976  data: 14.7379  max mem: 34952
Epoch: [20]  [10/35]  eta: 0:01:05  lr: 0.000183  min_lr: 0.000183  loss: 80.2926 (80.6122)  weight_decay: 0.0500 (0.0500)  grad_norm: 75.5039 (75.2509)  time: 2.6349  data: 1.3400  max mem: 34952
Epoch: [20]  [20/35]  eta: 0:00:27  lr: 0.000185  min_lr: 0.000185  loss: 81.5326 (81.8178)  weight_decay: 0.0500 (0.0500)  grad_norm: 76.0045 (85.6076)  time: 0.9062  data: 0.0002  max mem: 34952
Epoch: [20]  [30/35]  eta: 0:00:07  lr: 0.000188  min_lr: 0.000188  loss: 81.5326 (81.5427)  weight_decay: 0.0500 (0.0500)  grad_norm: 74.0518 (83.7136)  time: 0.9032  data: 0.0002  max mem: 34952
Epoch: [20]  [34/35]  eta: 0:00:01  lr: 0.000189  min_lr: 0.000189  loss: 81.3826 (81.6603)  weight_decay: 0.0500 (0.0500)  grad_norm: 74.0518 (85.1270)  time: 0.9024  data: 0.0002  max mem: 34952
Epoch: [20] Total time: 0:00:51 (1.4704 s / it)
Averaged stats: lr: 0.000189  min_lr: 0.000189  loss: 81.3826 (82.5902)  weight_decay: 0.0500 (0.0500)  grad_norm: 74.0518 (85.1270)
Epoch: [21]  [ 0/35]  eta: 0:11:12  lr: 0.000189  min_lr: 0.000189  loss: 84.6176 (84.6176)  weight_decay: 0.0500 (0.0500)  grad_norm: 70.2656 (70.2656)  time: 19.2148  data: 18.1994  max mem: 34952
Epoch: [21]  [10/35]  eta: 0:01:04  lr: 0.000192  min_lr: 0.000192  loss: 80.8441 (80.9288)  weight_decay: 0.0500 (0.0500)  grad_norm: 75.9178 (70.1577)  time: 2.5880  data: 1.6547  max mem: 34952
Epoch: [21]  [20/35]  eta: 0:00:26  lr: 0.000194  min_lr: 0.000194  loss: 81.7439 (82.0358)  weight_decay: 0.0500 (0.0500)  grad_norm: 60.3232 (66.5203)  time: 0.9190  data: 0.0002  max mem: 34952
Epoch: [21]  [30/35]  eta: 0:00:07  lr: 0.000197  min_lr: 0.000197  loss: 83.0541 (82.3220)  weight_decay: 0.0500 (0.0500)  grad_norm: 62.3844 (68.0339)  time: 0.9148  data: 0.0002  max mem: 34952
Epoch: [21]  [34/35]  eta: 0:00:01  lr: 0.000198  min_lr: 0.000198  loss: 83.0849 (82.4685)  weight_decay: 0.0500 (0.0500)  grad_norm: 63.1354 (72.2505)  time: 0.9154  data: 0.0002  max mem: 34952
Epoch: [21] Total time: 0:00:51 (1.4616 s / it)
Averaged stats: lr: 0.000198  min_lr: 0.000198  loss: 83.0849 (82.0601)  weight_decay: 0.0500 (0.0500)  grad_norm: 63.1354 (72.2505)
Epoch: [22]  [ 0/35]  eta: 0:11:33  lr: 0.000198  min_lr: 0.000198  loss: 81.0996 (81.0996)  weight_decay: 0.0500 (0.0500)  grad_norm: 48.2917 (48.2917)  time: 19.8152  data: 15.4015  max mem: 34952
Epoch: [22]  [10/35]  eta: 0:01:05  lr: 0.000201  min_lr: 0.000201  loss: 81.0996 (81.4778)  weight_decay: 0.0500 (0.0500)  grad_norm: 70.7541 (68.9022)  time: 2.6220  data: 1.4003  max mem: 34952
Epoch: [22]  [20/35]  eta: 0:00:27  lr: 0.000203  min_lr: 0.000203  loss: 83.1229 (82.2750)  weight_decay: 0.0500 (0.0500)  grad_norm: 65.3141 (70.9191)  time: 0.9039  data: 0.0002  max mem: 34952
Epoch: [22]  [30/35]  eta: 0:00:07  lr: 0.000206  min_lr: 0.000206  loss: 80.6780 (81.6180)  weight_decay: 0.0500 (0.0500)  grad_norm: 64.2675 (78.8983)  time: 0.9033  data: 0.0002  max mem: 34952
Epoch: [22]  [34/35]  eta: 0:00:01  lr: 0.000207  min_lr: 0.000207  loss: 81.5209 (81.7820)  weight_decay: 0.0500 (0.0500)  grad_norm: 87.4960 (81.5885)  time: 0.9024  data: 0.0002  max mem: 34952
Epoch: [22] Total time: 0:00:51 (1.4674 s / it)
Averaged stats: lr: 0.000207  min_lr: 0.000207  loss: 81.5209 (82.0623)  weight_decay: 0.0500 (0.0500)  grad_norm: 87.4960 (81.5885)
Epoch: [23]  [ 0/35]  eta: 0:11:49  lr: 0.000207  min_lr: 0.000207  loss: 85.0689 (85.0689)  weight_decay: 0.0500 (0.0500)  grad_norm: 55.0431 (55.0431)  time: 20.2596  data: 18.5025  max mem: 34952
Epoch: [23]  [10/35]  eta: 0:01:08  lr: 0.000210  min_lr: 0.000210  loss: 81.4045 (81.3962)  weight_decay: 0.0500 (0.0500)  grad_norm: 53.8920 (54.4455)  time: 2.7559  data: 1.6824  max mem: 34952
Epoch: [23]  [20/35]  eta: 0:00:29  lr: 0.000212  min_lr: 0.000212  loss: 82.3021 (82.8977)  weight_decay: 0.0500 (0.0500)  grad_norm: 67.4519 (83.2675)  time: 1.0261  data: 0.0003  max mem: 34952
Epoch: [23]  [30/35]  eta: 0:00:08  lr: 0.000215  min_lr: 0.000215  loss: 83.1601 (82.4287)  weight_decay: 0.0500 (0.0500)  grad_norm: 100.8219 (87.9129)  time: 1.0239  data: 0.0002  max mem: 34952
Epoch: [23]  [34/35]  eta: 0:00:01  lr: 0.000216  min_lr: 0.000216  loss: 81.8327 (82.2580)  weight_decay: 0.0500 (0.0500)  grad_norm: 81.2121 (85.2327)  time: 1.0255  data: 0.0002  max mem: 34952
Epoch: [23] Total time: 0:00:55 (1.5817 s / it)
Averaged stats: lr: 0.000216  min_lr: 0.000216  loss: 81.8327 (82.2940)  weight_decay: 0.0500 (0.0500)  grad_norm: 81.2121 (85.2327)
Epoch: [24]  [ 0/35]  eta: 0:11:08  lr: 0.000216  min_lr: 0.000216  loss: 79.1510 (79.1510)  weight_decay: 0.0500 (0.0500)  grad_norm: 105.0560 (105.0560)  time: 19.0936  data: 17.7134  max mem: 34952
Epoch: [24]  [10/35]  eta: 0:01:04  lr: 0.000219  min_lr: 0.000219  loss: 80.6538 (80.6344)  weight_decay: 0.0500 (0.0500)  grad_norm: 80.0956 (77.0236)  time: 2.5731  data: 1.6106  max mem: 34952
Epoch: [24]  [20/35]  eta: 0:00:26  lr: 0.000221  min_lr: 0.000221  loss: 81.7974 (81.2557)  weight_decay: 0.0500 (0.0500)  grad_norm: 67.9675 (74.9766)  time: 0.9187  data: 0.0002  max mem: 34952
Epoch: [24]  [30/35]  eta: 0:00:07  lr: 0.000224  min_lr: 0.000224  loss: 81.1855 (80.8435)  weight_decay: 0.0500 (0.0500)  grad_norm: 67.6650 (72.4127)  time: 0.9161  data: 0.0002  max mem: 34952
Epoch: [24]  [34/35]  eta: 0:00:01  lr: 0.000225  min_lr: 0.000225  loss: 81.0402 (80.8282)  weight_decay: 0.0500 (0.0500)  grad_norm: 67.9675 (72.0436)  time: 0.9169  data: 0.0002  max mem: 34952
Epoch: [24] Total time: 0:00:51 (1.4617 s / it)
Averaged stats: lr: 0.000225  min_lr: 0.000225  loss: 81.0402 (81.7401)  weight_decay: 0.0500 (0.0500)  grad_norm: 67.9675 (72.0436)
Epoch: [25]  [ 0/35]  eta: 0:11:02  lr: 0.000225  min_lr: 0.000225  loss: 80.8960 (80.8960)  weight_decay: 0.0500 (0.0500)  grad_norm: 66.5655 (66.5655)  time: 18.9414  data: 17.9354  max mem: 34952
Epoch: [25]  [10/35]  eta: 0:01:03  lr: 0.000228  min_lr: 0.000228  loss: 82.0769 (81.5830)  weight_decay: 0.0500 (0.0500)  grad_norm: 66.5655 (72.0340)  time: 2.5531  data: 1.6307  max mem: 34952
Epoch: [25]  [20/35]  eta: 0:00:26  lr: 0.000230  min_lr: 0.000230  loss: 81.7529 (81.3770)  weight_decay: 0.0500 (0.0500)  grad_norm: 70.9321 (88.9822)  time: 0.9164  data: 0.0002  max mem: 34952
Epoch: [25]  [30/35]  eta: 0:00:07  lr: 0.000233  min_lr: 0.000233  loss: 80.6926 (81.1445)  weight_decay: 0.0500 (0.0500)  grad_norm: 96.5085 (89.4110)  time: 0.9166  data: 0.0002  max mem: 34952
Epoch: [25]  [34/35]  eta: 0:00:01  lr: 0.000234  min_lr: 0.000234  loss: 80.6926 (81.1924)  weight_decay: 0.0500 (0.0500)  grad_norm: 94.2843 (89.9328)  time: 0.9170  data: 0.0002  max mem: 34952
Epoch: [25] Total time: 0:00:50 (1.4533 s / it)
Averaged stats: lr: 0.000234  min_lr: 0.000234  loss: 80.6926 (81.4119)  weight_decay: 0.0500 (0.0500)  grad_norm: 94.2843 (89.9328)
[Eval]   [0/1]  eta: 0:00:03  loss: 76.6308 (76.6308)  time: 3.1429  data: 3.0440  max mem: 34952
[Eval]  Total time: 0:00:03 (3.6720 s / it)
Eval averaged stats: loss: 76.6308 (79.1453)
Epoch: [26]  [ 0/35]  eta: 0:11:42  lr: 0.000234  min_lr: 0.000234  loss: 81.6980 (81.6980)  weight_decay: 0.0500 (0.0500)  grad_norm: 73.2359 (73.2359)  time: 20.0759  data: 17.2760  max mem: 34952
Epoch: [26]  [10/35]  eta: 0:01:06  lr: 0.000237  min_lr: 0.000237  loss: 81.6980 (81.2408)  weight_decay: 0.0500 (0.0500)  grad_norm: 65.0757 (70.8313)  time: 2.6581  data: 1.5707  max mem: 34952
Epoch: [26]  [20/35]  eta: 0:00:27  lr: 0.000239  min_lr: 0.000239  loss: 82.0340 (81.7879)  weight_decay: 0.0500 (0.0500)  grad_norm: 62.6769 (65.7479)  time: 0.9155  data: 0.0002  max mem: 34952
Epoch: [26]  [30/35]  eta: 0:00:07  lr: 0.000242  min_lr: 0.000242  loss: 82.4370 (81.7350)  weight_decay: 0.0500 (0.0500)  grad_norm: 56.3809 (70.0459)  time: 0.9149  data: 0.0002  max mem: 34952
Epoch: [26]  [34/35]  eta: 0:00:01  lr: 0.000243  min_lr: 0.000243  loss: 82.4370 (82.0950)  weight_decay: 0.0500 (0.0500)  grad_norm: 66.9889 (76.3875)  time: 0.9148  data: 0.0002  max mem: 34952
Epoch: [26] Total time: 0:00:51 (1.4848 s / it)
Averaged stats: lr: 0.000243  min_lr: 0.000243  loss: 82.4370 (81.7221)  weight_decay: 0.0500 (0.0500)  grad_norm: 66.9889 (76.3875)
Epoch: [27]  [ 0/35]  eta: 0:11:33  lr: 0.000243  min_lr: 0.000243  loss: 80.0326 (80.0326)  weight_decay: 0.0500 (0.0500)  grad_norm: 124.7587 (124.7587)  time: 19.8250  data: 18.2230  max mem: 34952
Epoch: [27]  [10/35]  eta: 0:01:06  lr: 0.000246  min_lr: 0.000246  loss: 80.5721 (81.4455)  weight_decay: 0.0500 (0.0500)  grad_norm: 71.3250 (75.7330)  time: 2.6422  data: 1.6568  max mem: 34952
Epoch: [27]  [20/35]  eta: 0:00:27  lr: 0.000248  min_lr: 0.000248  loss: 81.9064 (82.2453)  weight_decay: 0.0500 (0.0500)  grad_norm: 82.6229 (81.7312)  time: 0.9202  data: 0.0002  max mem: 34952
Epoch: [27]  [30/35]  eta: 0:00:07  lr: 0.000251  min_lr: 0.000251  loss: 81.2126 (81.6421)  weight_decay: 0.0500 (0.0500)  grad_norm: 76.2988 (81.2929)  time: 0.9158  data: 0.0002  max mem: 34952
Epoch: [27]  [34/35]  eta: 0:00:01  lr: 0.000252  min_lr: 0.000252  loss: 80.9914 (81.6252)  weight_decay: 0.0500 (0.0500)  grad_norm: 70.1647 (79.2608)  time: 0.9165  data: 0.0002  max mem: 34952
Epoch: [27] Total time: 0:00:51 (1.4798 s / it)
Averaged stats: lr: 0.000252  min_lr: 0.000252  loss: 80.9914 (81.8139)  weight_decay: 0.0500 (0.0500)  grad_norm: 70.1647 (79.2608)
Epoch: [28]  [ 0/35]  eta: 0:11:54  lr: 0.000252  min_lr: 0.000252  loss: 81.3629 (81.3629)  weight_decay: 0.0500 (0.0500)  grad_norm: 59.5891 (59.5891)  time: 20.4160  data: 16.9484  max mem: 34952
Epoch: [28]  [10/35]  eta: 0:01:07  lr: 0.000255  min_lr: 0.000255  loss: 81.9674 (81.9046)  weight_decay: 0.0500 (0.0500)  grad_norm: 59.5891 (84.0629)  time: 2.6898  data: 1.5409  max mem: 34952
Epoch: [28]  [20/35]  eta: 0:00:27  lr: 0.000257  min_lr: 0.000257  loss: 81.7915 (81.6868)  weight_decay: 0.0500 (0.0500)  grad_norm: 89.9401 (94.5479)  time: 0.9179  data: 0.0002  max mem: 34952
Epoch: [28]  [30/35]  eta: 0:00:07  lr: 0.000260  min_lr: 0.000260  loss: 80.5119 (81.2028)  weight_decay: 0.0500 (0.0500)  grad_norm: 104.4875 (100.7964)  time: 0.9193  data: 0.0002  max mem: 34952
Epoch: [28]  [34/35]  eta: 0:00:01  lr: 0.000261  min_lr: 0.000261  loss: 80.0321 (81.0965)  weight_decay: 0.0500 (0.0500)  grad_norm: 105.6508 (102.7110)  time: 0.9173  data: 0.0002  max mem: 34952
Epoch: [28] Total time: 0:00:52 (1.4960 s / it)
Averaged stats: lr: 0.000261  min_lr: 0.000261  loss: 80.0321 (81.4118)  weight_decay: 0.0500 (0.0500)  grad_norm: 105.6508 (102.7110)
Epoch: [29]  [ 0/35]  eta: 0:11:52  lr: 0.000261  min_lr: 0.000261  loss: 83.2731 (83.2731)  weight_decay: 0.0500 (0.0500)  grad_norm: 108.5156 (108.5156)  time: 20.3568  data: 17.7376  max mem: 34952
Epoch: [29]  [10/35]  eta: 0:01:07  lr: 0.000264  min_lr: 0.000264  loss: 82.0509 (81.3375)  weight_decay: 0.0500 (0.0500)  grad_norm: 84.4820 (84.4791)  time: 2.6833  data: 1.6127  max mem: 34952
Epoch: [29]  [20/35]  eta: 0:00:27  lr: 0.000266  min_lr: 0.000266  loss: 82.0509 (81.9556)  weight_decay: 0.0500 (0.0500)  grad_norm: 79.1353 (84.7961)  time: 0.9160  data: 0.0002  max mem: 34952
Epoch: [29]  [30/35]  eta: 0:00:07  lr: 0.000269  min_lr: 0.000269  loss: 81.0492 (81.3582)  weight_decay: 0.0500 (0.0500)  grad_norm: 88.0940 (89.9506)  time: 0.9143  data: 0.0002  max mem: 34952
Epoch: [29]  [34/35]  eta: 0:00:01  lr: 0.000270  min_lr: 0.000270  loss: 81.0492 (81.5269)  weight_decay: 0.0500 (0.0500)  grad_norm: 81.4544 (88.4271)  time: 0.9138  data: 0.0001  max mem: 34952
Epoch: [29] Total time: 0:00:52 (1.4938 s / it)
Averaged stats: lr: 0.000270  min_lr: 0.000270  loss: 81.0492 (81.0803)  weight_decay: 0.0500 (0.0500)  grad_norm: 81.4544 (88.4271)
Epoch: [30]  [ 0/35]  eta: 0:10:56  lr: 0.000270  min_lr: 0.000270  loss: 82.6151 (82.6151)  weight_decay: 0.0500 (0.0500)  grad_norm: 97.1274 (97.1274)  time: 18.7450  data: 14.7171  max mem: 34952
Epoch: [30]  [10/35]  eta: 0:01:03  lr: 0.000273  min_lr: 0.000273  loss: 80.6374 (81.1371)  weight_decay: 0.0500 (0.0500)  grad_norm: 79.7303 (76.7341)  time: 2.5414  data: 1.3381  max mem: 34952
Epoch: [30]  [20/35]  eta: 0:00:26  lr: 0.000275  min_lr: 0.000275  loss: 80.2760 (80.9194)  weight_decay: 0.0500 (0.0500)  grad_norm: 70.5021 (75.1475)  time: 0.9207  data: 0.0002  max mem: 34952
Epoch: [30]  [30/35]  eta: 0:00:07  lr: 0.000278  min_lr: 0.000278  loss: 79.9765 (80.8749)  weight_decay: 0.0500 (0.0500)  grad_norm: 81.7734 (79.6300)  time: 0.9172  data: 0.0002  max mem: 34952
Epoch: [30]  [34/35]  eta: 0:00:01  lr: 0.000279  min_lr: 0.000279  loss: 80.2314 (80.7326)  weight_decay: 0.0500 (0.0500)  grad_norm: 70.5021 (81.5766)  time: 0.9163  data: 0.0002  max mem: 34952
Epoch: [30] Total time: 0:00:50 (1.4508 s / it)
Averaged stats: lr: 0.000279  min_lr: 0.000279  loss: 80.2314 (80.8846)  weight_decay: 0.0500 (0.0500)  grad_norm: 70.5021 (81.5766)
Epoch: [31]  [ 0/35]  eta: 0:11:13  lr: 0.000279  min_lr: 0.000279  loss: 77.0229 (77.0229)  weight_decay: 0.0500 (0.0500)  grad_norm: 46.1279 (46.1279)  time: 19.2512  data: 17.4340  max mem: 34952
Epoch: [31]  [10/35]  eta: 0:01:04  lr: 0.000282  min_lr: 0.000282  loss: 79.6876 (80.3205)  weight_decay: 0.0500 (0.0500)  grad_norm: 65.8241 (65.7238)  time: 2.5818  data: 1.5851  max mem: 34952
Epoch: [31]  [20/35]  eta: 0:00:26  lr: 0.000284  min_lr: 0.000284  loss: 80.7852 (80.9847)  weight_decay: 0.0500 (0.0500)  grad_norm: 84.5738 (85.1938)  time: 0.9152  data: 0.0002  max mem: 34952
Epoch: [31]  [30/35]  eta: 0:00:07  lr: 0.000287  min_lr: 0.000287  loss: 79.7353 (80.3541)  weight_decay: 0.0500 (0.0500)  grad_norm: 88.7210 (81.7843)  time: 0.9156  data: 0.0002  max mem: 34952
Epoch: [31]  [34/35]  eta: 0:00:01  lr: 0.000288  min_lr: 0.000288  loss: 79.7353 (80.5090)  weight_decay: 0.0500 (0.0500)  grad_norm: 85.4311 (81.8772)  time: 0.9157  data: 0.0002  max mem: 34952
Epoch: [31] Total time: 0:00:51 (1.4609 s / it)
Averaged stats: lr: 0.000288  min_lr: 0.000288  loss: 79.7353 (80.8448)  weight_decay: 0.0500 (0.0500)  grad_norm: 85.4311 (81.8772)
Epoch: [32]  [ 0/35]  eta: 0:11:37  lr: 0.000288  min_lr: 0.000288  loss: 78.4379 (78.4379)  weight_decay: 0.0500 (0.0500)  grad_norm: 102.9546 (102.9546)  time: 19.9189  data: 17.0863  max mem: 34952
Epoch: [32]  [10/35]  eta: 0:01:06  lr: 0.000291  min_lr: 0.000291  loss: 78.9562 (79.0064)  weight_decay: 0.0500 (0.0500)  grad_norm: 57.1418 (72.5123)  time: 2.6610  data: 1.5535  max mem: 34952
Epoch: [32]  [20/35]  eta: 0:00:27  lr: 0.000293  min_lr: 0.000293  loss: 79.9208 (79.9274)  weight_decay: 0.0500 (0.0500)  grad_norm: 87.1927 (91.1596)  time: 0.9261  data: 0.0002  max mem: 34952
Epoch: [32]  [30/35]  eta: 0:00:07  lr: 0.000296  min_lr: 0.000296  loss: 80.0770 (79.9397)  weight_decay: 0.0500 (0.0500)  grad_norm: 84.5217 (84.2903)  time: 0.9122  data: 0.0002  max mem: 34952
Epoch: [32]  [34/35]  eta: 0:00:01  lr: 0.000297  min_lr: 0.000297  loss: 80.0770 (80.0803)  weight_decay: 0.0500 (0.0500)  grad_norm: 75.3812 (82.4830)  time: 0.9092  data: 0.0002  max mem: 34952
Epoch: [32] Total time: 0:00:51 (1.4829 s / it)
Averaged stats: lr: 0.000297  min_lr: 0.000297  loss: 80.0770 (80.6645)  weight_decay: 0.0500 (0.0500)  grad_norm: 75.3812 (82.4830)
Epoch: [33]  [ 0/35]  eta: 0:11:07  lr: 0.000297  min_lr: 0.000297  loss: 84.2543 (84.2543)  weight_decay: 0.0500 (0.0500)  grad_norm: 51.4253 (51.4253)  time: 19.0653  data: 16.1863  max mem: 34952
Epoch: [33]  [10/35]  eta: 0:01:04  lr: 0.000300  min_lr: 0.000300  loss: 80.0110 (80.7898)  weight_decay: 0.0500 (0.0500)  grad_norm: 78.2273 (82.4700)  time: 2.5688  data: 1.4717  max mem: 34952
Epoch: [33]  [20/35]  eta: 0:00:26  lr: 0.000302  min_lr: 0.000302  loss: 80.8231 (81.2215)  weight_decay: 0.0500 (0.0500)  grad_norm: 69.9845 (77.0243)  time: 0.9131  data: 0.0002  max mem: 34952
Epoch: [33]  [30/35]  eta: 0:00:07  lr: 0.000305  min_lr: 0.000305  loss: 81.2306 (81.0119)  weight_decay: 0.0500 (0.0500)  grad_norm: 71.6309 (79.6513)  time: 0.9086  data: 0.0002  max mem: 34952
Epoch: [33]  [34/35]  eta: 0:00:01  lr: 0.000306  min_lr: 0.000306  loss: 80.8462 (80.9167)  weight_decay: 0.0500 (0.0500)  grad_norm: 71.6309 (78.3819)  time: 0.9085  data: 0.0002  max mem: 34952
Epoch: [33] Total time: 0:00:50 (1.4534 s / it)
Averaged stats: lr: 0.000306  min_lr: 0.000306  loss: 80.8462 (80.7089)  weight_decay: 0.0500 (0.0500)  grad_norm: 71.6309 (78.3819)
Epoch: [34]  [ 0/35]  eta: 0:11:40  lr: 0.000306  min_lr: 0.000306  loss: 85.4795 (85.4795)  weight_decay: 0.0500 (0.0500)  grad_norm: 81.8189 (81.8189)  time: 20.0180  data: 16.2805  max mem: 34952
Epoch: [34]  [10/35]  eta: 0:01:06  lr: 0.000309  min_lr: 0.000309  loss: 81.3453 (80.7011)  weight_decay: 0.0500 (0.0500)  grad_norm: 81.8189 (88.9140)  time: 2.6729  data: 1.4803  max mem: 34952
Epoch: [34]  [20/35]  eta: 0:00:27  lr: 0.000311  min_lr: 0.000311  loss: 79.8133 (80.8211)  weight_decay: 0.0500 (0.0500)  grad_norm: 78.7225 (87.4636)  time: 0.9252  data: 0.0002  max mem: 34952
Epoch: [34]  [30/35]  eta: 0:00:07  lr: 0.000314  min_lr: 0.000314  loss: 79.2412 (80.5126)  weight_decay: 0.0500 (0.0500)  grad_norm: 79.6522 (86.4744)  time: 0.9095  data: 0.0002  max mem: 34952
Epoch: [34]  [34/35]  eta: 0:00:01  lr: 0.000315  min_lr: 0.000315  loss: 78.7918 (80.3968)  weight_decay: 0.0500 (0.0500)  grad_norm: 87.0728 (85.0054)  time: 0.9073  data: 0.0002  max mem: 34952
Epoch: [34] Total time: 0:00:51 (1.4847 s / it)
Averaged stats: lr: 0.000315  min_lr: 0.000315  loss: 78.7918 (80.5020)  weight_decay: 0.0500 (0.0500)  grad_norm: 87.0728 (85.0054)
Epoch: [35]  [ 0/35]  eta: 0:11:34  lr: 0.000315  min_lr: 0.000315  loss: 82.1390 (82.1390)  weight_decay: 0.0500 (0.0500)  grad_norm: 38.8617 (38.8617)  time: 19.8513  data: 16.0543  max mem: 34952
Epoch: [35]  [10/35]  eta: 0:01:05  lr: 0.000318  min_lr: 0.000318  loss: 78.8676 (79.4307)  weight_decay: 0.0500 (0.0500)  grad_norm: 60.0934 (63.7322)  time: 2.6331  data: 1.4596  max mem: 34952
Epoch: [35]  [20/35]  eta: 0:00:27  lr: 0.000320  min_lr: 0.000320  loss: 80.8394 (80.7079)  weight_decay: 0.0500 (0.0500)  grad_norm: 73.5191 (77.2056)  time: 0.9065  data: 0.0002  max mem: 34952
Epoch: [35]  [30/35]  eta: 0:00:07  lr: 0.000323  min_lr: 0.000323  loss: 79.7678 (80.2666)  weight_decay: 0.0500 (0.0500)  grad_norm: 84.4943 (81.0601)  time: 0.9037  data: 0.0002  max mem: 34952
Epoch: [35]  [34/35]  eta: 0:00:01  lr: 0.000324  min_lr: 0.000324  loss: 79.4024 (80.1901)  weight_decay: 0.0500 (0.0500)  grad_norm: 66.7612 (78.8487)  time: 0.9042  data: 0.0002  max mem: 34952
Epoch: [35] Total time: 0:00:51 (1.4697 s / it)
Averaged stats: lr: 0.000324  min_lr: 0.000324  loss: 79.4024 (80.1121)  weight_decay: 0.0500 (0.0500)  grad_norm: 66.7612 (78.8487)
Epoch: [36]  [ 0/35]  eta: 0:11:35  lr: 0.000324  min_lr: 0.000324  loss: 85.7661 (85.7661)  weight_decay: 0.0500 (0.0500)  grad_norm: 84.1027 (84.1027)  time: 19.8667  data: 18.1717  max mem: 34952
Epoch: [36]  [10/35]  eta: 0:01:06  lr: 0.000327  min_lr: 0.000327  loss: 80.6786 (80.5148)  weight_decay: 0.0500 (0.0500)  grad_norm: 85.9426 (89.8142)  time: 2.6667  data: 1.6521  max mem: 34952
Epoch: [36]  [20/35]  eta: 0:00:27  lr: 0.000329  min_lr: 0.000329  loss: 80.6786 (80.9533)  weight_decay: 0.0500 (0.0500)  grad_norm: 107.9069 (102.2243)  time: 0.9329  data: 0.0002  max mem: 34952
Epoch: [36]  [30/35]  eta: 0:00:07  lr: 0.000332  min_lr: 0.000332  loss: 81.0238 (80.8093)  weight_decay: 0.0500 (0.0500)  grad_norm: 121.9294 (108.7654)  time: 0.9107  data: 0.0002  max mem: 34952
Epoch: [36]  [34/35]  eta: 0:00:01  lr: 0.000333  min_lr: 0.000333  loss: 79.6545 (80.5972)  weight_decay: 0.0500 (0.0500)  grad_norm: 120.7415 (109.3917)  time: 0.9020  data: 0.0002  max mem: 34952
Epoch: [36] Total time: 0:00:51 (1.4841 s / it)
Averaged stats: lr: 0.000333  min_lr: 0.000333  loss: 79.6545 (79.8759)  weight_decay: 0.0500 (0.0500)  grad_norm: 120.7415 (109.3917)
Epoch: [37]  [ 0/35]  eta: 0:10:40  lr: 0.000333  min_lr: 0.000333  loss: 83.8517 (83.8517)  weight_decay: 0.0500 (0.0500)  grad_norm: 172.9304 (172.9304)  time: 18.3123  data: 17.3050  max mem: 34952
Epoch: [37]  [10/35]  eta: 0:01:04  lr: 0.000336  min_lr: 0.000336  loss: 81.1409 (80.8727)  weight_decay: 0.0500 (0.0500)  grad_norm: 80.4960 (88.3299)  time: 2.5674  data: 1.5733  max mem: 34952
Epoch: [37]  [20/35]  eta: 0:00:26  lr: 0.000338  min_lr: 0.000338  loss: 79.5096 (80.2470)  weight_decay: 0.0500 (0.0500)  grad_norm: 60.7164 (76.0236)  time: 0.9504  data: 0.0002  max mem: 34952
Epoch: [37]  [30/35]  eta: 0:00:07  lr: 0.000341  min_lr: 0.000341  loss: 79.5096 (80.1652)  weight_decay: 0.0500 (0.0500)  grad_norm: 56.9220 (76.6093)  time: 0.9085  data: 0.0002  max mem: 34952
Epoch: [37]  [34/35]  eta: 0:00:01  lr: 0.000342  min_lr: 0.000342  loss: 79.4060 (79.6624)  weight_decay: 0.0500 (0.0500)  grad_norm: 64.1172 (77.5536)  time: 0.9094  data: 0.0002  max mem: 34952
Epoch: [37] Total time: 0:00:50 (1.4522 s / it)
Averaged stats: lr: 0.000342  min_lr: 0.000342  loss: 79.4060 (79.7720)  weight_decay: 0.0500 (0.0500)  grad_norm: 64.1172 (77.5536)
Epoch: [38]  [ 0/35]  eta: 0:11:32  lr: 0.000342  min_lr: 0.000342  loss: 81.0216 (81.0216)  weight_decay: 0.0500 (0.0500)  grad_norm: 71.6356 (71.6356)  time: 19.7766  data: 16.8900  max mem: 34952
Epoch: [38]  [10/35]  eta: 0:01:05  lr: 0.000345  min_lr: 0.000345  loss: 79.8568 (79.9458)  weight_decay: 0.0500 (0.0500)  grad_norm: 87.0398 (95.1280)  time: 2.6208  data: 1.5356  max mem: 34952
Epoch: [38]  [20/35]  eta: 0:00:27  lr: 0.000347  min_lr: 0.000347  loss: 80.3909 (80.4162)  weight_decay: 0.0500 (0.0500)  grad_norm: 74.9805 (82.2063)  time: 0.9055  data: 0.0002  max mem: 34952
Epoch: [38]  [30/35]  eta: 0:00:07  lr: 0.000350  min_lr: 0.000350  loss: 80.5762 (80.0043)  weight_decay: 0.0500 (0.0500)  grad_norm: 69.7191 (84.1620)  time: 0.9026  data: 0.0001  max mem: 34952
Epoch: [38]  [34/35]  eta: 0:00:01  lr: 0.000351  min_lr: 0.000351  loss: 78.7914 (79.8482)  weight_decay: 0.0500 (0.0500)  grad_norm: 69.7191 (86.5872)  time: 0.9015  data: 0.0001  max mem: 34952
Epoch: [38] Total time: 0:00:51 (1.4652 s / it)
Averaged stats: lr: 0.000351  min_lr: 0.000351  loss: 78.7914 (79.5104)  weight_decay: 0.0500 (0.0500)  grad_norm: 69.7191 (86.5872)
Epoch: [39]  [ 0/35]  eta: 0:11:39  lr: 0.000351  min_lr: 0.000351  loss: 77.9123 (77.9123)  weight_decay: 0.0500 (0.0500)  grad_norm: 54.4376 (54.4376)  time: 19.9936  data: 12.7951  max mem: 34952
Epoch: [39]  [10/35]  eta: 0:01:06  lr: 0.000354  min_lr: 0.000354  loss: 77.9123 (79.2826)  weight_decay: 0.0500 (0.0500)  grad_norm: 111.9944 (109.0485)  time: 2.6414  data: 1.1634  max mem: 34952
Epoch: [39]  [20/35]  eta: 0:00:27  lr: 0.000356  min_lr: 0.000356  loss: 79.4448 (79.5910)  weight_decay: 0.0500 (0.0500)  grad_norm: 78.2034 (92.7509)  time: 0.9069  data: 0.0002  max mem: 34952
Epoch: [39]  [30/35]  eta: 0:00:07  lr: 0.000359  min_lr: 0.000359  loss: 79.4448 (79.7582)  weight_decay: 0.0500 (0.0500)  grad_norm: 77.3022 (100.4263)  time: 0.9053  data: 0.0002  max mem: 34952
Epoch: [39]  [34/35]  eta: 0:00:01  lr: 0.000360  min_lr: 0.000360  loss: 79.4953 (80.0392)  weight_decay: 0.0500 (0.0500)  grad_norm: 97.5850 (104.4924)  time: 0.9053  data: 0.0002  max mem: 34952
Epoch: [39] Total time: 0:00:51 (1.4741 s / it)
Averaged stats: lr: 0.000360  min_lr: 0.000360  loss: 79.4953 (79.3599)  weight_decay: 0.0500 (0.0500)  grad_norm: 97.5850 (104.4924)
Epoch: [40]  [ 0/35]  eta: 0:10:51  lr: 0.000360  min_lr: 0.000360  loss: 81.3270 (81.3270)  weight_decay: 0.0500 (0.0500)  grad_norm: 60.7552 (60.7552)  time: 18.6128  data: 14.7528  max mem: 34952
Epoch: [40]  [10/35]  eta: 0:01:03  lr: 0.000363  min_lr: 0.000363  loss: 78.2358 (78.0798)  weight_decay: 0.0500 (0.0500)  grad_norm: 86.0181 (104.6486)  time: 2.5222  data: 1.3413  max mem: 34952
Epoch: [40]  [20/35]  eta: 0:00:26  lr: 0.000365  min_lr: 0.000365  loss: 78.9136 (79.2439)  weight_decay: 0.0500 (0.0500)  grad_norm: 86.0181 (100.1871)  time: 0.9095  data: 0.0002  max mem: 34952
Epoch: [40]  [30/35]  eta: 0:00:07  lr: 0.000368  min_lr: 0.000368  loss: 79.9436 (79.3355)  weight_decay: 0.0500 (0.0500)  grad_norm: 91.9352 (103.5993)  time: 0.9087  data: 0.0002  max mem: 34952
Epoch: [40]  [34/35]  eta: 0:00:01  lr: 0.000369  min_lr: 0.000369  loss: 80.0993 (79.6367)  weight_decay: 0.0500 (0.0500)  grad_norm: 91.9352 (102.6524)  time: 0.9076  data: 0.0002  max mem: 34952
Epoch: [40] Total time: 0:00:50 (1.4375 s / it)
Averaged stats: lr: 0.000369  min_lr: 0.000369  loss: 80.0993 (79.4815)  weight_decay: 0.0500 (0.0500)  grad_norm: 91.9352 (102.6524)
Epoch: [41]  [ 0/35]  eta: 0:11:55  lr: 0.000369  min_lr: 0.000369  loss: 83.1358 (83.1358)  weight_decay: 0.0500 (0.0500)  grad_norm: 144.8902 (144.8902)  time: 20.4459  data: 16.7367  max mem: 34952
Epoch: [41]  [10/35]  eta: 0:01:07  lr: 0.000372  min_lr: 0.000372  loss: 78.9973 (79.2595)  weight_decay: 0.0500 (0.0500)  grad_norm: 103.3202 (107.9494)  time: 2.6882  data: 1.5217  max mem: 34952
Epoch: [41]  [20/35]  eta: 0:00:27  lr: 0.000374  min_lr: 0.000374  loss: 79.2398 (79.8909)  weight_decay: 0.0500 (0.0500)  grad_norm: 84.3114 (97.3318)  time: 0.9070  data: 0.0002  max mem: 34952
Epoch: [41]  [30/35]  eta: 0:00:07  lr: 0.000377  min_lr: 0.000377  loss: 79.3524 (79.8466)  weight_decay: 0.0500 (0.0500)  grad_norm: 92.3015 (97.6246)  time: 0.9019  data: 0.0002  max mem: 34952
Epoch: [41]  [34/35]  eta: 0:00:01  lr: 0.000378  min_lr: 0.000378  loss: 79.1067 (79.6015)  weight_decay: 0.0500 (0.0500)  grad_norm: 84.3114 (95.5591)  time: 0.9034  data: 0.0001  max mem: 34952
Epoch: [41] Total time: 0:00:51 (1.4852 s / it)
Averaged stats: lr: 0.000378  min_lr: 0.000378  loss: 79.1067 (78.9406)  weight_decay: 0.0500 (0.0500)  grad_norm: 84.3114 (95.5591)
Epoch: [42]  [ 0/35]  eta: 0:11:41  lr: 0.000378  min_lr: 0.000378  loss: 82.0896 (82.0896)  weight_decay: 0.0500 (0.0500)  grad_norm: 41.5840 (41.5840)  time: 20.0505  data: 15.8771  max mem: 34952
Epoch: [42]  [10/35]  eta: 0:01:06  lr: 0.000381  min_lr: 0.000381  loss: 77.5472 (78.6810)  weight_decay: 0.0500 (0.0500)  grad_norm: 114.3274 (114.0050)  time: 2.6535  data: 1.4435  max mem: 34952
Epoch: [42]  [20/35]  eta: 0:00:27  lr: 0.000383  min_lr: 0.000383  loss: 79.2831 (79.4084)  weight_decay: 0.0500 (0.0500)  grad_norm: 94.8275 (104.3201)  time: 0.9077  data: 0.0002  max mem: 34952
Epoch: [42]  [30/35]  eta: 0:00:07  lr: 0.000386  min_lr: 0.000386  loss: 78.3971 (78.7148)  weight_decay: 0.0500 (0.0500)  grad_norm: 87.4776 (108.8522)  time: 0.9020  data: 0.0002  max mem: 34952
Epoch: [42]  [34/35]  eta: 0:00:01  lr: 0.000387  min_lr: 0.000387  loss: 78.3971 (78.7550)  weight_decay: 0.0500 (0.0500)  grad_norm: 87.4776 (107.5434)  time: 0.9012  data: 0.0002  max mem: 34952
Epoch: [42] Total time: 0:00:51 (1.4742 s / it)
Averaged stats: lr: 0.000387  min_lr: 0.000387  loss: 78.3971 (78.8054)  weight_decay: 0.0500 (0.0500)  grad_norm: 87.4776 (107.5434)
Epoch: [43]  [ 0/35]  eta: 0:11:48  lr: 0.000387  min_lr: 0.000387  loss: 77.3593 (77.3593)  weight_decay: 0.0500 (0.0500)  grad_norm: 109.6475 (109.6475)  time: 20.2544  data: 16.2859  max mem: 34952
Epoch: [43]  [10/35]  eta: 0:01:06  lr: 0.000390  min_lr: 0.000390  loss: 77.1913 (77.3062)  weight_decay: 0.0500 (0.0500)  grad_norm: 72.0890 (75.4756)  time: 2.6746  data: 1.4807  max mem: 34952
Epoch: [43]  [20/35]  eta: 0:00:27  lr: 0.000392  min_lr: 0.000392  loss: 77.8111 (78.0594)  weight_decay: 0.0500 (0.0500)  grad_norm: 86.5493 (104.9685)  time: 0.9119  data: 0.0002  max mem: 34952
Epoch: [43]  [30/35]  eta: 0:00:07  lr: 0.000395  min_lr: 0.000395  loss: 77.2678 (77.7914)  weight_decay: 0.0500 (0.0500)  grad_norm: 131.5055 (113.0926)  time: 0.9093  data: 0.0002  max mem: 34952
Epoch: [43]  [34/35]  eta: 0:00:01  lr: 0.000396  min_lr: 0.000396  loss: 77.8111 (77.9374)  weight_decay: 0.0500 (0.0500)  grad_norm: 123.2612 (109.3024)  time: 0.9091  data: 0.0002  max mem: 34952
Epoch: [43] Total time: 0:00:52 (1.4868 s / it)
Averaged stats: lr: 0.000396  min_lr: 0.000396  loss: 77.8111 (78.3509)  weight_decay: 0.0500 (0.0500)  grad_norm: 123.2612 (109.3024)
Epoch: [44]  [ 0/35]  eta: 0:11:18  lr: 0.000396  min_lr: 0.000396  loss: 80.6463 (80.6463)  weight_decay: 0.0500 (0.0500)  grad_norm: 83.8777 (83.8777)  time: 19.3894  data: 16.8517  max mem: 34952
Epoch: [44]  [10/35]  eta: 0:01:04  lr: 0.000399  min_lr: 0.000399  loss: 79.7371 (78.7678)  weight_decay: 0.0500 (0.0500)  grad_norm: 95.7249 (97.0937)  time: 2.5895  data: 1.5321  max mem: 34952
Epoch: [44]  [20/35]  eta: 0:00:26  lr: 0.000401  min_lr: 0.000401  loss: 79.4020 (78.8604)  weight_decay: 0.0500 (0.0500)  grad_norm: 83.7336 (90.2460)  time: 0.9115  data: 0.0002  max mem: 34952
Epoch: [44]  [30/35]  eta: 0:00:07  lr: 0.000404  min_lr: 0.000404  loss: 78.5375 (78.8086)  weight_decay: 0.0500 (0.0500)  grad_norm: 81.0593 (91.2285)  time: 0.9116  data: 0.0001  max mem: 34952
Epoch: [44]  [34/35]  eta: 0:00:01  lr: 0.000405  min_lr: 0.000405  loss: 78.5375 (79.0610)  weight_decay: 0.0500 (0.0500)  grad_norm: 81.0593 (89.7128)  time: 0.9100  data: 0.0001  max mem: 34952
Epoch: [44] Total time: 0:00:51 (1.4606 s / it)
Averaged stats: lr: 0.000405  min_lr: 0.000405  loss: 78.5375 (78.1165)  weight_decay: 0.0500 (0.0500)  grad_norm: 81.0593 (89.7128)
Epoch: [45]  [ 0/35]  eta: 0:11:29  lr: 0.000405  min_lr: 0.000405  loss: 81.3472 (81.3472)  weight_decay: 0.0500 (0.0500)  grad_norm: 115.2003 (115.2003)  time: 19.7097  data: 16.0817  max mem: 34952
Epoch: [45]  [10/35]  eta: 0:01:05  lr: 0.000408  min_lr: 0.000408  loss: 78.0309 (79.1284)  weight_decay: 0.0500 (0.0500)  grad_norm: 94.9673 (96.9220)  time: 2.6244  data: 1.4622  max mem: 34952
Epoch: [45]  [20/35]  eta: 0:00:27  lr: 0.000410  min_lr: 0.000410  loss: 77.8282 (79.4375)  weight_decay: 0.0500 (0.0500)  grad_norm: 85.7737 (92.6315)  time: 0.9193  data: 0.0002  max mem: 34952
Epoch: [45]  [30/35]  eta: 0:00:07  lr: 0.000413  min_lr: 0.000413  loss: 78.7293 (79.1976)  weight_decay: 0.0500 (0.0500)  grad_norm: 90.0412 (105.7540)  time: 0.9185  data: 0.0002  max mem: 34952
Epoch: [45]  [34/35]  eta: 0:00:01  lr: 0.000414  min_lr: 0.000414  loss: 78.0370 (79.0457)  weight_decay: 0.0500 (0.0500)  grad_norm: 99.8516 (109.3246)  time: 0.9183  data: 0.0002  max mem: 34952
Epoch: [45] Total time: 0:00:51 (1.4762 s / it)
Averaged stats: lr: 0.000414  min_lr: 0.000414  loss: 78.0370 (78.2973)  weight_decay: 0.0500 (0.0500)  grad_norm: 99.8516 (109.3246)
Epoch: [46]  [ 0/35]  eta: 0:11:06  lr: 0.000414  min_lr: 0.000414  loss: 75.4596 (75.4596)  weight_decay: 0.0500 (0.0500)  grad_norm: 122.9114 (122.9114)  time: 19.0434  data: 16.3815  max mem: 34952
Epoch: [46]  [10/35]  eta: 0:01:04  lr: 0.000417  min_lr: 0.000417  loss: 76.3430 (77.7635)  weight_decay: 0.0500 (0.0500)  grad_norm: 176.5879 (167.6484)  time: 2.5638  data: 1.4894  max mem: 34952
Epoch: [46]  [20/35]  eta: 0:00:26  lr: 0.000419  min_lr: 0.000419  loss: 78.5075 (78.0579)  weight_decay: 0.0500 (0.0500)  grad_norm: 116.0710 (133.6921)  time: 0.9156  data: 0.0002  max mem: 34952
Epoch: [46]  [30/35]  eta: 0:00:07  lr: 0.000422  min_lr: 0.000422  loss: 78.5857 (78.2666)  weight_decay: 0.0500 (0.0500)  grad_norm: 99.4681 (127.7037)  time: 0.9145  data: 0.0001  max mem: 34952
Epoch: [46]  [34/35]  eta: 0:00:01  lr: 0.000423  min_lr: 0.000423  loss: 78.5075 (78.1315)  weight_decay: 0.0500 (0.0500)  grad_norm: 103.6891 (126.0859)  time: 0.9139  data: 0.0001  max mem: 34952
Epoch: [46] Total time: 0:00:50 (1.4548 s / it)
Averaged stats: lr: 0.000423  min_lr: 0.000423  loss: 78.5075 (78.2036)  weight_decay: 0.0500 (0.0500)  grad_norm: 103.6891 (126.0859)
Epoch: [47]  [ 0/35]  eta: 0:11:34  lr: 0.000423  min_lr: 0.000423  loss: 75.7255 (75.7255)  weight_decay: 0.0500 (0.0500)  grad_norm: 108.1675 (108.1675)  time: 19.8510  data: 18.7574  max mem: 34952
Epoch: [47]  [10/35]  eta: 0:01:06  lr: 0.000426  min_lr: 0.000426  loss: 75.7964 (75.1679)  weight_decay: 0.0500 (0.0500)  grad_norm: 71.8243 (73.3782)  time: 2.6539  data: 1.7054  max mem: 34952
Epoch: [47]  [20/35]  eta: 0:00:27  lr: 0.000428  min_lr: 0.000428  loss: 77.2092 (77.7823)  weight_decay: 0.0500 (0.0500)  grad_norm: 77.1833 (86.0785)  time: 0.9311  data: 0.0002  max mem: 34952
Epoch: [47]  [30/35]  eta: 0:00:07  lr: 0.000431  min_lr: 0.000431  loss: 77.3249 (77.0844)  weight_decay: 0.0500 (0.0500)  grad_norm: 77.1833 (82.8093)  time: 0.9170  data: 0.0002  max mem: 34952
Epoch: [47]  [34/35]  eta: 0:00:01  lr: 0.000432  min_lr: 0.000432  loss: 76.8142 (76.9225)  weight_decay: 0.0500 (0.0500)  grad_norm: 69.2919 (79.8526)  time: 0.9150  data: 0.0002  max mem: 34952
Epoch: [47] Total time: 0:00:51 (1.4838 s / it)
Averaged stats: lr: 0.000432  min_lr: 0.000432  loss: 76.8142 (77.7560)  weight_decay: 0.0500 (0.0500)  grad_norm: 69.2919 (79.8526)
Epoch: [48]  [ 0/35]  eta: 0:11:35  lr: 0.000432  min_lr: 0.000432  loss: 79.7386 (79.7386)  weight_decay: 0.0500 (0.0500)  grad_norm: 86.1503 (86.1503)  time: 19.8664  data: 18.6096  max mem: 34952
Epoch: [48]  [10/35]  eta: 0:01:05  lr: 0.000435  min_lr: 0.000435  loss: 75.2811 (75.3426)  weight_decay: 0.0500 (0.0500)  grad_norm: 87.2252 (96.2492)  time: 2.6355  data: 1.6920  max mem: 34952
Epoch: [48]  [20/35]  eta: 0:00:27  lr: 0.000437  min_lr: 0.000437  loss: 76.1302 (76.6415)  weight_decay: 0.0500 (0.0500)  grad_norm: 83.4731 (93.4380)  time: 0.9099  data: 0.0002  max mem: 34952
Epoch: [48]  [30/35]  eta: 0:00:07  lr: 0.000440  min_lr: 0.000440  loss: 77.4491 (77.3093)  weight_decay: 0.0500 (0.0500)  grad_norm: 62.5316 (86.3869)  time: 0.9079  data: 0.0002  max mem: 34952
Epoch: [48]  [34/35]  eta: 0:00:01  lr: 0.000441  min_lr: 0.000441  loss: 77.4491 (77.1778)  weight_decay: 0.0500 (0.0500)  grad_norm: 61.1931 (86.2459)  time: 0.9082  data: 0.0002  max mem: 34952
Epoch: [48] Total time: 0:00:51 (1.4744 s / it)
Averaged stats: lr: 0.000441  min_lr: 0.000441  loss: 77.4491 (77.3028)  weight_decay: 0.0500 (0.0500)  grad_norm: 61.1931 (86.2459)
Epoch: [49]  [ 0/35]  eta: 0:11:46  lr: 0.000441  min_lr: 0.000441  loss: 77.7347 (77.7347)  weight_decay: 0.0500 (0.0500)  grad_norm: 75.3386 (75.3386)  time: 20.1746  data: 17.1527  max mem: 34952
Epoch: [49]  [10/35]  eta: 0:01:06  lr: 0.000444  min_lr: 0.000444  loss: 77.0056 (76.0566)  weight_decay: 0.0500 (0.0500)  grad_norm: 94.4040 (100.7083)  time: 2.6657  data: 1.5595  max mem: 34952
Epoch: [49]  [20/35]  eta: 0:00:27  lr: 0.000446  min_lr: 0.000446  loss: 76.9771 (76.6930)  weight_decay: 0.0500 (0.0500)  grad_norm: 99.1187 (101.7061)  time: 0.9142  data: 0.0002  max mem: 34952
Epoch: [49]  [30/35]  eta: 0:00:07  lr: 0.000449  min_lr: 0.000449  loss: 77.1114 (76.5560)  weight_decay: 0.0500 (0.0500)  grad_norm: 102.9095 (113.1231)  time: 0.9126  data: 0.0002  max mem: 34952
Epoch: [49]  [34/35]  eta: 0:00:01  lr: 0.000450  min_lr: 0.000450  loss: 77.1114 (76.7005)  weight_decay: 0.0500 (0.0500)  grad_norm: 97.7194 (109.2639)  time: 0.9118  data: 0.0001  max mem: 34952
Epoch: [49] Total time: 0:00:51 (1.4840 s / it)
Averaged stats: lr: 0.000450  min_lr: 0.000450  loss: 77.1114 (76.9687)  weight_decay: 0.0500 (0.0500)  grad_norm: 97.7194 (109.2639)
Epoch: [50]  [ 0/35]  eta: 0:10:30  lr: 0.000450  min_lr: 0.000450  loss: 80.1493 (80.1493)  weight_decay: 0.0500 (0.0500)  grad_norm: 153.2416 (153.2416)  time: 18.0225  data: 17.0074  max mem: 34952
Epoch: [50]  [10/35]  eta: 0:01:01  lr: 0.000450  min_lr: 0.000450  loss: 76.3859 (76.3745)  weight_decay: 0.0500 (0.0500)  grad_norm: 86.3927 (92.3250)  time: 2.4687  data: 1.5463  max mem: 34952
Epoch: [50]  [20/35]  eta: 0:00:25  lr: 0.000450  min_lr: 0.000450  loss: 76.3859 (77.4840)  weight_decay: 0.0500 (0.0500)  grad_norm: 87.5267 (101.8807)  time: 0.9128  data: 0.0002  max mem: 34952
Epoch: [50]  [30/35]  eta: 0:00:07  lr: 0.000450  min_lr: 0.000450  loss: 76.7413 (77.2669)  weight_decay: 0.0500 (0.0500)  grad_norm: 107.0075 (104.6308)  time: 0.9117  data: 0.0002  max mem: 34952
Epoch: [50]  [34/35]  eta: 0:00:01  lr: 0.000450  min_lr: 0.000450  loss: 76.0130 (77.1094)  weight_decay: 0.0500 (0.0500)  grad_norm: 107.7071 (104.5722)  time: 0.9127  data: 0.0002  max mem: 34952
Epoch: [50] Total time: 0:00:49 (1.4231 s / it)
Averaged stats: lr: 0.000450  min_lr: 0.000450  loss: 76.0130 (77.1420)  weight_decay: 0.0500 (0.0500)  grad_norm: 107.7071 (104.5722)
[Eval]   [0/1]  eta: 0:00:03  loss: 69.3702 (69.3702)  time: 3.1197  data: 3.0183  max mem: 34952
[Eval]  Total time: 0:00:03 (3.4621 s / it)
Eval averaged stats: loss: 69.3702 (77.2893)
Epoch: [51]  [ 0/35]  eta: 0:11:21  lr: 0.000450  min_lr: 0.000450  loss: 83.6615 (83.6615)  weight_decay: 0.0500 (0.0500)  grad_norm: 98.8362 (98.8362)  time: 19.4768  data: 16.3601  max mem: 34952
Epoch: [51]  [10/35]  eta: 0:01:04  lr: 0.000450  min_lr: 0.000450  loss: 75.4836 (75.1444)  weight_decay: 0.0500 (0.0500)  grad_norm: 98.8362 (97.2588)  time: 2.5997  data: 1.4874  max mem: 34952
Epoch: [51]  [20/35]  eta: 0:00:26  lr: 0.000450  min_lr: 0.000450  loss: 75.4836 (76.2612)  weight_decay: 0.0500 (0.0500)  grad_norm: 85.8799 (91.9043)  time: 0.9140  data: 0.0002  max mem: 34952
Epoch: [51]  [30/35]  eta: 0:00:07  lr: 0.000450  min_lr: 0.000450  loss: 75.5934 (76.0988)  weight_decay: 0.0500 (0.0500)  grad_norm: 115.1906 (108.7818)  time: 0.9128  data: 0.0002  max mem: 34952
Epoch: [51]  [34/35]  eta: 0:00:01  lr: 0.000450  min_lr: 0.000450  loss: 76.9263 (76.4782)  weight_decay: 0.0500 (0.0500)  grad_norm: 129.7973 (108.6084)  time: 0.9102  data: 0.0002  max mem: 34952
Epoch: [51] Total time: 0:00:51 (1.4669 s / it)
Averaged stats: lr: 0.000450  min_lr: 0.000450  loss: 76.9263 (76.7405)  weight_decay: 0.0500 (0.0500)  grad_norm: 129.7973 (108.6084)
Epoch: [52]  [ 0/35]  eta: 0:11:29  lr: 0.000450  min_lr: 0.000450  loss: 75.7612 (75.7612)  weight_decay: 0.0500 (0.0500)  grad_norm: 121.3089 (121.3089)  time: 19.7047  data: 18.5906  max mem: 34952
Epoch: [52]  [10/35]  eta: 0:01:06  lr: 0.000450  min_lr: 0.000450  loss: 75.7461 (75.8607)  weight_decay: 0.0500 (0.0500)  grad_norm: 76.2336 (89.5523)  time: 2.6458  data: 1.6903  max mem: 34952
Epoch: [52]  [20/35]  eta: 0:00:27  lr: 0.000450  min_lr: 0.000450  loss: 76.3539 (76.5287)  weight_decay: 0.0500 (0.0500)  grad_norm: 73.3604 (84.2490)  time: 0.9281  data: 0.0002  max mem: 34952
Epoch: [52]  [30/35]  eta: 0:00:07  lr: 0.000450  min_lr: 0.000450  loss: 76.3539 (76.5045)  weight_decay: 0.0500 (0.0500)  grad_norm: 75.1312 (95.2981)  time: 0.9130  data: 0.0001  max mem: 34952
Epoch: [52]  [34/35]  eta: 0:00:01  lr: 0.000450  min_lr: 0.000450  loss: 76.8746 (76.7419)  weight_decay: 0.0500 (0.0500)  grad_norm: 73.6712 (95.4611)  time: 0.9121  data: 0.0001  max mem: 34952
Epoch: [52] Total time: 0:00:51 (1.4812 s / it)
Averaged stats: lr: 0.000450  min_lr: 0.000450  loss: 76.8746 (75.9593)  weight_decay: 0.0500 (0.0500)  grad_norm: 73.6712 (95.4611)
Epoch: [53]  [ 0/35]  eta: 0:11:24  lr: 0.000450  min_lr: 0.000450  loss: 74.2143 (74.2143)  weight_decay: 0.0500 (0.0500)  grad_norm: 68.9813 (68.9813)  time: 19.5472  data: 16.2048  max mem: 34952
Epoch: [53]  [10/35]  eta: 0:01:07  lr: 0.000450  min_lr: 0.000450  loss: 74.1993 (74.1765)  weight_decay: 0.0500 (0.0500)  grad_norm: 72.6147 (81.5686)  time: 2.6958  data: 1.4734  max mem: 34952
Epoch: [53]  [20/35]  eta: 0:00:27  lr: 0.000450  min_lr: 0.000450  loss: 74.5463 (75.5331)  weight_decay: 0.0500 (0.0500)  grad_norm: 94.5188 (105.6294)  time: 0.9736  data: 0.0002  max mem: 34952
Epoch: [53]  [30/35]  eta: 0:00:07  lr: 0.000450  min_lr: 0.000450  loss: 78.2342 (76.5906)  weight_decay: 0.0500 (0.0500)  grad_norm: 141.6248 (124.6164)  time: 0.9260  data: 0.0001  max mem: 34952
Epoch: [53]  [34/35]  eta: 0:00:01  lr: 0.000450  min_lr: 0.000450  loss: 78.3060 (76.8715)  weight_decay: 0.0500 (0.0500)  grad_norm: 152.1561 (128.4028)  time: 0.9179  data: 0.0002  max mem: 34952
Epoch: [53] Total time: 0:00:52 (1.5030 s / it)
Averaged stats: lr: 0.000450  min_lr: 0.000450  loss: 78.3060 (76.3802)  weight_decay: 0.0500 (0.0500)  grad_norm: 152.1561 (128.4028)
Epoch: [54]  [ 0/35]  eta: 0:11:51  lr: 0.000450  min_lr: 0.000450  loss: 76.6697 (76.6697)  weight_decay: 0.0500 (0.0500)  grad_norm: 82.9220 (82.9220)  time: 20.3377  data: 15.9272  max mem: 34952
Epoch: [54]  [10/35]  eta: 0:01:06  lr: 0.000450  min_lr: 0.000450  loss: 74.7272 (74.6305)  weight_decay: 0.0500 (0.0500)  grad_norm: 144.9347 (140.0821)  time: 2.6800  data: 1.4481  max mem: 34952
Epoch: [54]  [20/35]  eta: 0:00:27  lr: 0.000450  min_lr: 0.000450  loss: 76.8343 (76.4013)  weight_decay: 0.0500 (0.0500)  grad_norm: 133.0144 (129.5297)  time: 0.9141  data: 0.0002  max mem: 34952
Epoch: [54]  [30/35]  eta: 0:00:07  lr: 0.000450  min_lr: 0.000450  loss: 77.7720 (76.5380)  weight_decay: 0.0500 (0.0500)  grad_norm: 133.0144 (134.0287)  time: 0.9126  data: 0.0001  max mem: 34952
Epoch: [54]  [34/35]  eta: 0:00:01  lr: 0.000450  min_lr: 0.000450  loss: 76.6238 (76.3248)  weight_decay: 0.0500 (0.0500)  grad_norm: 133.0144 (135.7200)  time: 0.9135  data: 0.0001  max mem: 34952
Epoch: [54] Total time: 0:00:52 (1.4891 s / it)
Averaged stats: lr: 0.000450  min_lr: 0.000450  loss: 76.6238 (75.7717)  weight_decay: 0.0500 (0.0500)  grad_norm: 133.0144 (135.7200)
Epoch: [55]  [ 0/35]  eta: 0:11:32  lr: 0.000450  min_lr: 0.000450  loss: 79.3677 (79.3677)  weight_decay: 0.0500 (0.0500)  grad_norm: 193.4231 (193.4231)  time: 19.7853  data: 17.8216  max mem: 34952
Epoch: [55]  [10/35]  eta: 0:01:05  lr: 0.000450  min_lr: 0.000450  loss: 75.6177 (75.5139)  weight_decay: 0.0500 (0.0500)  grad_norm: 95.6388 (112.4698)  time: 2.6303  data: 1.6203  max mem: 34952
Epoch: [55]  [20/35]  eta: 0:00:27  lr: 0.000450  min_lr: 0.000450  loss: 75.6177 (75.9551)  weight_decay: 0.0500 (0.0500)  grad_norm: 100.2983 (114.0636)  time: 0.9145  data: 0.0002  max mem: 34952
Epoch: [55]  [30/35]  eta: 0:00:07  lr: 0.000450  min_lr: 0.000450  loss: 75.9629 (75.7147)  weight_decay: 0.0500 (0.0500)  grad_norm: 100.2983 (106.2120)  time: 0.9140  data: 0.0002  max mem: 34952
Epoch: [55]  [34/35]  eta: 0:00:01  lr: 0.000450  min_lr: 0.000450  loss: 75.9629 (75.7905)  weight_decay: 0.0500 (0.0500)  grad_norm: 91.8046 (105.3029)  time: 0.9133  data: 0.0002  max mem: 34952
Epoch: [55] Total time: 0:00:51 (1.4746 s / it)
Averaged stats: lr: 0.000450  min_lr: 0.000450  loss: 75.9629 (75.1848)  weight_decay: 0.0500 (0.0500)  grad_norm: 91.8046 (105.3029)
Epoch: [56]  [ 0/35]  eta: 0:11:39  lr: 0.000450  min_lr: 0.000450  loss: 76.2158 (76.2158)  weight_decay: 0.0500 (0.0500)  grad_norm: 99.2589 (99.2589)  time: 19.9811  data: 18.2411  max mem: 34952
Epoch: [56]  [10/35]  eta: 0:01:08  lr: 0.000450  min_lr: 0.000450  loss: 74.6238 (74.0278)  weight_decay: 0.0500 (0.0500)  grad_norm: 99.2589 (108.9269)  time: 2.7350  data: 1.6584  max mem: 34952
Epoch: [56]  [20/35]  eta: 0:00:28  lr: 0.000450  min_lr: 0.000450  loss: 75.8060 (75.6722)  weight_decay: 0.0500 (0.0500)  grad_norm: 95.9087 (101.2041)  time: 0.9701  data: 0.0001  max mem: 34952
Epoch: [56]  [30/35]  eta: 0:00:07  lr: 0.000450  min_lr: 0.000450  loss: 75.4855 (75.3318)  weight_decay: 0.0500 (0.0500)  grad_norm: 89.2555 (105.4031)  time: 0.9205  data: 0.0001  max mem: 34952
Epoch: [56]  [34/35]  eta: 0:00:01  lr: 0.000450  min_lr: 0.000450  loss: 74.7685 (75.1978)  weight_decay: 0.0500 (0.0500)  grad_norm: 100.4898 (106.9459)  time: 0.9170  data: 0.0001  max mem: 34952
Epoch: [56] Total time: 0:00:52 (1.5137 s / it)
Averaged stats: lr: 0.000450  min_lr: 0.000450  loss: 74.7685 (75.0310)  weight_decay: 0.0500 (0.0500)  grad_norm: 100.4898 (106.9459)
Epoch: [57]  [ 0/35]  eta: 0:12:05  lr: 0.000450  min_lr: 0.000450  loss: 79.1395 (79.1395)  weight_decay: 0.0500 (0.0500)  grad_norm: 151.8539 (151.8539)  time: 20.7280  data: 15.7435  max mem: 34952
Epoch: [57]  [10/35]  eta: 0:01:10  lr: 0.000450  min_lr: 0.000450  loss: 74.4760 (73.8452)  weight_decay: 0.0500 (0.0500)  grad_norm: 77.1655 (81.9692)  time: 2.8035  data: 1.4314  max mem: 34952
Epoch: [57]  [20/35]  eta: 0:00:28  lr: 0.000450  min_lr: 0.000450  loss: 75.7116 (75.1811)  weight_decay: 0.0500 (0.0500)  grad_norm: 78.1123 (82.1867)  time: 0.9739  data: 0.0002  max mem: 34952
Epoch: [57]  [30/35]  eta: 0:00:08  lr: 0.000450  min_lr: 0.000450  loss: 75.5470 (74.9864)  weight_decay: 0.0500 (0.0500)  grad_norm: 85.9107 (93.3084)  time: 0.9454  data: 0.0002  max mem: 34952
Epoch: [57]  [34/35]  eta: 0:00:01  lr: 0.000450  min_lr: 0.000450  loss: 74.2858 (74.5563)  weight_decay: 0.0500 (0.0500)  grad_norm: 96.7326 (95.9976)  time: 0.9649  data: 0.0002  max mem: 34952
Epoch: [57] Total time: 0:00:54 (1.5609 s / it)
Averaged stats: lr: 0.000450  min_lr: 0.000450  loss: 74.2858 (74.5264)  weight_decay: 0.0500 (0.0500)  grad_norm: 96.7326 (95.9976)
Epoch: [58]  [ 0/35]  eta: 0:11:18  lr: 0.000450  min_lr: 0.000450  loss: 78.2160 (78.2160)  weight_decay: 0.0500 (0.0500)  grad_norm: 136.5503 (136.5503)  time: 19.3871  data: 17.9003  max mem: 34952
Epoch: [58]  [10/35]  eta: 0:01:04  lr: 0.000450  min_lr: 0.000450  loss: 73.8833 (73.9481)  weight_decay: 0.0500 (0.0500)  grad_norm: 131.3763 (110.2024)  time: 2.5947  data: 1.6274  max mem: 34952
Epoch: [58]  [20/35]  eta: 0:00:26  lr: 0.000450  min_lr: 0.000450  loss: 74.1885 (74.8660)  weight_decay: 0.0500 (0.0500)  grad_norm: 100.7571 (108.5567)  time: 0.9132  data: 0.0002  max mem: 34952
Epoch: [58]  [30/35]  eta: 0:00:07  lr: 0.000450  min_lr: 0.000450  loss: 74.8688 (74.9207)  weight_decay: 0.0500 (0.0500)  grad_norm: 96.3492 (105.9558)  time: 0.9430  data: 0.0002  max mem: 34952
Epoch: [58]  [34/35]  eta: 0:00:01  lr: 0.000450  min_lr: 0.000450  loss: 74.6551 (74.7761)  weight_decay: 0.0500 (0.0500)  grad_norm: 94.1512 (103.1437)  time: 0.9733  data: 0.0002  max mem: 34952
Epoch: [58] Total time: 0:00:52 (1.4934 s / it)
Averaged stats: lr: 0.000450  min_lr: 0.000450  loss: 74.6551 (73.8754)  weight_decay: 0.0500 (0.0500)  grad_norm: 94.1512 (103.1437)
Epoch: [59]  [ 0/35]  eta: 0:11:47  lr: 0.000450  min_lr: 0.000450  loss: 71.2558 (71.2558)  weight_decay: 0.0500 (0.0500)  grad_norm: 97.9822 (97.9822)  time: 20.2105  data: 14.7040  max mem: 34952
Epoch: [59]  [10/35]  eta: 0:01:06  lr: 0.000450  min_lr: 0.000450  loss: 73.4823 (72.6416)  weight_decay: 0.0500 (0.0500)  grad_norm: 126.7652 (123.2876)  time: 2.6711  data: 1.3370  max mem: 34952
Epoch: [59]  [20/35]  eta: 0:00:27  lr: 0.000449  min_lr: 0.000449  loss: 73.9542 (73.9533)  weight_decay: 0.0500 (0.0500)  grad_norm: 137.6393 (140.5300)  time: 0.9134  data: 0.0002  max mem: 34952
Epoch: [59]  [30/35]  eta: 0:00:07  lr: 0.000449  min_lr: 0.000449  loss: 74.9565 (74.1674)  weight_decay: 0.0500 (0.0500)  grad_norm: 129.5480 (138.9308)  time: 0.9099  data: 0.0002  max mem: 34952
Epoch: [59]  [34/35]  eta: 0:00:01  lr: 0.000449  min_lr: 0.000449  loss: 73.8202 (74.2767)  weight_decay: 0.0500 (0.0500)  grad_norm: 129.1249 (135.6483)  time: 0.9110  data: 0.0001  max mem: 34952
Epoch: [59] Total time: 0:00:51 (1.4857 s / it)
Averaged stats: lr: 0.000449  min_lr: 0.000449  loss: 73.8202 (74.0128)  weight_decay: 0.0500 (0.0500)  grad_norm: 129.1249 (135.6483)
Epoch: [60]  [ 0/35]  eta: 0:11:13  lr: 0.000449  min_lr: 0.000449  loss: 76.6763 (76.6763)  weight_decay: 0.0500 (0.0500)  grad_norm: 70.3664 (70.3664)  time: 19.2403  data: 18.0750  max mem: 34952
Epoch: [60]  [10/35]  eta: 0:01:05  lr: 0.000449  min_lr: 0.000449  loss: 73.0947 (73.0501)  weight_decay: 0.0500 (0.0500)  grad_norm: 109.6766 (103.4307)  time: 2.6337  data: 1.6434  max mem: 34952
Epoch: [60]  [20/35]  eta: 0:00:27  lr: 0.000449  min_lr: 0.000449  loss: 73.4512 (73.7333)  weight_decay: 0.0500 (0.0500)  grad_norm: 107.9364 (105.4772)  time: 0.9427  data: 0.0002  max mem: 34952
Epoch: [60]  [30/35]  eta: 0:00:07  lr: 0.000449  min_lr: 0.000449  loss: 74.5928 (74.2776)  weight_decay: 0.0500 (0.0500)  grad_norm: 107.9364 (117.8497)  time: 0.9108  data: 0.0001  max mem: 34952
Epoch: [60]  [34/35]  eta: 0:00:01  lr: 0.000449  min_lr: 0.000449  loss: 74.6198 (74.0891)  weight_decay: 0.0500 (0.0500)  grad_norm: 132.1263 (122.4005)  time: 0.9103  data: 0.0001  max mem: 34952
Epoch: [60] Total time: 0:00:51 (1.4764 s / it)
Averaged stats: lr: 0.000449  min_lr: 0.000449  loss: 74.6198 (73.6737)  weight_decay: 0.0500 (0.0500)  grad_norm: 132.1263 (122.4005)
Epoch: [61]  [ 0/35]  eta: 0:11:18  lr: 0.000449  min_lr: 0.000449  loss: 70.5679 (70.5679)  weight_decay: 0.0500 (0.0500)  grad_norm: 91.2777 (91.2777)  time: 19.3807  data: 18.0529  max mem: 34952
Epoch: [61]  [10/35]  eta: 0:01:06  lr: 0.000449  min_lr: 0.000449  loss: 70.7992 (70.9958)  weight_decay: 0.0500 (0.0500)  grad_norm: 114.5283 (122.6361)  time: 2.6429  data: 1.6414  max mem: 34952
Epoch: [61]  [20/35]  eta: 0:00:27  lr: 0.000449  min_lr: 0.000449  loss: 73.2973 (73.7528)  weight_decay: 0.0500 (0.0500)  grad_norm: 119.1830 (126.7729)  time: 0.9889  data: 0.0003  max mem: 34952
Epoch: [61]  [30/35]  eta: 0:00:07  lr: 0.000449  min_lr: 0.000449  loss: 75.6355 (73.6330)  weight_decay: 0.0500 (0.0500)  grad_norm: 141.6621 (131.5261)  time: 0.9745  data: 0.0002  max mem: 34952
Epoch: [61]  [34/35]  eta: 0:00:01  lr: 0.000449  min_lr: 0.000449  loss: 74.0525 (73.4073)  weight_decay: 0.0500 (0.0500)  grad_norm: 126.1398 (131.4375)  time: 0.9509  data: 0.0002  max mem: 34952
Epoch: [61] Total time: 0:00:53 (1.5149 s / it)
Averaged stats: lr: 0.000449  min_lr: 0.000449  loss: 74.0525 (73.4201)  weight_decay: 0.0500 (0.0500)  grad_norm: 126.1398 (131.4375)
Epoch: [62]  [ 0/35]  eta: 0:11:26  lr: 0.000449  min_lr: 0.000449  loss: 68.7467 (68.7467)  weight_decay: 0.0500 (0.0500)  grad_norm: 110.2175 (110.2175)  time: 19.6153  data: 18.6301  max mem: 34952
Epoch: [62]  [10/35]  eta: 0:01:05  lr: 0.000449  min_lr: 0.000449  loss: 70.9089 (71.0638)  weight_decay: 0.0500 (0.0500)  grad_norm: 104.7038 (101.4859)  time: 2.6220  data: 1.6938  max mem: 34952
Epoch: [62]  [20/35]  eta: 0:00:27  lr: 0.000449  min_lr: 0.000449  loss: 72.3784 (72.7204)  weight_decay: 0.0500 (0.0500)  grad_norm: 96.9953 (111.5238)  time: 0.9187  data: 0.0002  max mem: 34952
Epoch: [62]  [30/35]  eta: 0:00:07  lr: 0.000449  min_lr: 0.000449  loss: 73.6031 (72.7040)  weight_decay: 0.0500 (0.0500)  grad_norm: 108.5991 (121.2901)  time: 0.9125  data: 0.0001  max mem: 34952
Epoch: [62]  [34/35]  eta: 0:00:01  lr: 0.000449  min_lr: 0.000449  loss: 73.1555 (72.8668)  weight_decay: 0.0500 (0.0500)  grad_norm: 131.4281 (123.1062)  time: 0.9124  data: 0.0001  max mem: 34952
Epoch: [62] Total time: 0:00:51 (1.4726 s / it)
Averaged stats: lr: 0.000449  min_lr: 0.000449  loss: 73.1555 (72.9620)  weight_decay: 0.0500 (0.0500)  grad_norm: 131.4281 (123.1062)
Epoch: [63]  [ 0/35]  eta: 0:11:14  lr: 0.000449  min_lr: 0.000449  loss: 72.1170 (72.1170)  weight_decay: 0.0500 (0.0500)  grad_norm: 124.7340 (124.7340)  time: 19.2843  data: 17.3360  max mem: 34952
Epoch: [63]  [10/35]  eta: 0:01:04  lr: 0.000449  min_lr: 0.000449  loss: 72.1170 (71.8552)  weight_decay: 0.0500 (0.0500)  grad_norm: 129.9063 (166.1932)  time: 2.5873  data: 1.5762  max mem: 34952
Epoch: [63]  [20/35]  eta: 0:00:26  lr: 0.000449  min_lr: 0.000449  loss: 73.5807 (73.2734)  weight_decay: 0.0500 (0.0500)  grad_norm: 172.1908 (171.4927)  time: 0.9146  data: 0.0002  max mem: 34952
Epoch: [63]  [30/35]  eta: 0:00:07  lr: 0.000449  min_lr: 0.000449  loss: 72.5908 (72.9140)  weight_decay: 0.0500 (0.0500)  grad_norm: 172.1908 (167.3921)  time: 0.9088  data: 0.0002  max mem: 34952
Epoch: [63]  [34/35]  eta: 0:00:01  lr: 0.000449  min_lr: 0.000449  loss: 72.5908 (73.1983)  weight_decay: 0.0500 (0.0500)  grad_norm: 169.3706 (164.9613)  time: 0.9090  data: 0.0002  max mem: 34952
Epoch: [63] Total time: 0:00:51 (1.4593 s / it)
Averaged stats: lr: 0.000449  min_lr: 0.000449  loss: 72.5908 (72.3538)  weight_decay: 0.0500 (0.0500)  grad_norm: 169.3706 (164.9613)
Epoch: [64]  [ 0/35]  eta: 0:11:02  lr: 0.000449  min_lr: 0.000449  loss: 68.8459 (68.8459)  weight_decay: 0.0500 (0.0500)  grad_norm: 55.6452 (55.6452)  time: 18.9406  data: 17.6843  max mem: 34952
Epoch: [64]  [10/35]  eta: 0:01:05  lr: 0.000449  min_lr: 0.000449  loss: 69.8206 (71.3294)  weight_decay: 0.0500 (0.0500)  grad_norm: 153.6766 (158.0838)  time: 2.6248  data: 1.6078  max mem: 34952
Epoch: [64]  [20/35]  eta: 0:00:27  lr: 0.000449  min_lr: 0.000449  loss: 70.8457 (72.0826)  weight_decay: 0.0500 (0.0500)  grad_norm: 125.7841 (132.5155)  time: 0.9713  data: 0.0002  max mem: 34952
Epoch: [64]  [30/35]  eta: 0:00:07  lr: 0.000449  min_lr: 0.000449  loss: 71.5847 (71.7622)  weight_decay: 0.0500 (0.0500)  grad_norm: 110.5764 (142.1417)  time: 0.9330  data: 0.0001  max mem: 34952
Epoch: [64]  [34/35]  eta: 0:00:01  lr: 0.000449  min_lr: 0.000449  loss: 71.9428 (72.0364)  weight_decay: 0.0500 (0.0500)  grad_norm: 124.7771 (137.1245)  time: 0.9262  data: 0.0001  max mem: 34952
Epoch: [64] Total time: 0:00:52 (1.4861 s / it)
Averaged stats: lr: 0.000449  min_lr: 0.000449  loss: 71.9428 (72.0301)  weight_decay: 0.0500 (0.0500)  grad_norm: 124.7771 (137.1245)
Epoch: [65]  [ 0/35]  eta: 0:11:04  lr: 0.000449  min_lr: 0.000449  loss: 68.6199 (68.6199)  weight_decay: 0.0500 (0.0500)  grad_norm: 62.8596 (62.8596)  time: 18.9715  data: 16.0396  max mem: 34952
Epoch: [65]  [10/35]  eta: 0:01:04  lr: 0.000449  min_lr: 0.000449  loss: 73.5238 (71.3847)  weight_decay: 0.0500 (0.0500)  grad_norm: 103.1632 (113.0218)  time: 2.5681  data: 1.4583  max mem: 34952
Epoch: [65]  [20/35]  eta: 0:00:26  lr: 0.000449  min_lr: 0.000449  loss: 74.2152 (72.6974)  weight_decay: 0.0500 (0.0500)  grad_norm: 129.5538 (131.3415)  time: 0.9193  data: 0.0002  max mem: 34952
Epoch: [65]  [30/35]  eta: 0:00:07  lr: 0.000449  min_lr: 0.000449  loss: 72.7520 (72.5916)  weight_decay: 0.0500 (0.0500)  grad_norm: 127.8140 (125.3653)  time: 0.9105  data: 0.0002  max mem: 34952
Epoch: [65]  [34/35]  eta: 0:00:01  lr: 0.000449  min_lr: 0.000449  loss: 72.3719 (72.5945)  weight_decay: 0.0500 (0.0500)  grad_norm: 119.0662 (121.9427)  time: 0.9097  data: 0.0002  max mem: 34952
Epoch: [65] Total time: 0:00:50 (1.4531 s / it)
Averaged stats: lr: 0.000449  min_lr: 0.000449  loss: 72.3719 (71.3425)  weight_decay: 0.0500 (0.0500)  grad_norm: 119.0662 (121.9427)
Epoch: [66]  [ 0/35]  eta: 0:11:53  lr: 0.000449  min_lr: 0.000449  loss: 69.5189 (69.5189)  weight_decay: 0.0500 (0.0500)  grad_norm: 67.7358 (67.7358)  time: 20.3882  data: 19.0932  max mem: 34952
Epoch: [66]  [10/35]  eta: 0:01:07  lr: 0.000449  min_lr: 0.000449  loss: 71.9121 (72.5597)  weight_decay: 0.0500 (0.0500)  grad_norm: 121.9502 (120.1304)  time: 2.6836  data: 1.7359  max mem: 34952
Epoch: [66]  [20/35]  eta: 0:00:27  lr: 0.000448  min_lr: 0.000448  loss: 71.9121 (72.3816)  weight_decay: 0.0500 (0.0500)  grad_norm: 125.9966 (126.9694)  time: 0.9120  data: 0.0002  max mem: 34952
Epoch: [66]  [30/35]  eta: 0:00:07  lr: 0.000448  min_lr: 0.000448  loss: 72.1402 (72.0031)  weight_decay: 0.0500 (0.0500)  grad_norm: 120.5212 (123.9635)  time: 0.9098  data: 0.0001  max mem: 34952
Epoch: [66]  [34/35]  eta: 0:00:01  lr: 0.000448  min_lr: 0.000448  loss: 72.2626 (72.1480)  weight_decay: 0.0500 (0.0500)  grad_norm: 109.1234 (122.8501)  time: 0.9097  data: 0.0001  max mem: 34952
Epoch: [66] Total time: 0:00:52 (1.4907 s / it)
Averaged stats: lr: 0.000448  min_lr: 0.000448  loss: 72.2626 (71.2383)  weight_decay: 0.0500 (0.0500)  grad_norm: 109.1234 (122.8501)
Epoch: [67]  [ 0/35]  eta: 0:11:40  lr: 0.000448  min_lr: 0.000448  loss: 68.4077 (68.4077)  weight_decay: 0.0500 (0.0500)  grad_norm: 121.5884 (121.5884)  time: 20.0251  data: 18.0086  max mem: 34952
Epoch: [67]  [10/35]  eta: 0:01:07  lr: 0.000448  min_lr: 0.000448  loss: 70.3787 (70.8381)  weight_decay: 0.0500 (0.0500)  grad_norm: 143.5936 (146.5964)  time: 2.6826  data: 1.6373  max mem: 34952
Epoch: [67]  [20/35]  eta: 0:00:27  lr: 0.000448  min_lr: 0.000448  loss: 70.3787 (70.9502)  weight_decay: 0.0500 (0.0500)  grad_norm: 129.0241 (127.4277)  time: 0.9311  data: 0.0002  max mem: 34952
Epoch: [67]  [30/35]  eta: 0:00:07  lr: 0.000448  min_lr: 0.000448  loss: 70.3500 (70.7383)  weight_decay: 0.0500 (0.0500)  grad_norm: 129.0241 (137.4486)  time: 0.9194  data: 0.0002  max mem: 34952
Epoch: [67]  [34/35]  eta: 0:00:01  lr: 0.000448  min_lr: 0.000448  loss: 70.9618 (71.0257)  weight_decay: 0.0500 (0.0500)  grad_norm: 131.7695 (134.5931)  time: 0.9189  data: 0.0002  max mem: 34952
Epoch: [67] Total time: 0:00:52 (1.4927 s / it)
Averaged stats: lr: 0.000448  min_lr: 0.000448  loss: 70.9618 (70.3201)  weight_decay: 0.0500 (0.0500)  grad_norm: 131.7695 (134.5931)
Epoch: [68]  [ 0/35]  eta: 0:11:32  lr: 0.000448  min_lr: 0.000448  loss: 68.5921 (68.5921)  weight_decay: 0.0500 (0.0500)  grad_norm: 163.6736 (163.6736)  time: 19.7885  data: 16.6359  max mem: 34952
Epoch: [68]  [10/35]  eta: 0:01:05  lr: 0.000448  min_lr: 0.000448  loss: 69.7906 (69.6313)  weight_decay: 0.0500 (0.0500)  grad_norm: 153.4155 (146.8256)  time: 2.6363  data: 1.5125  max mem: 34952
Epoch: [68]  [20/35]  eta: 0:00:27  lr: 0.000448  min_lr: 0.000448  loss: 71.0712 (71.2703)  weight_decay: 0.0500 (0.0500)  grad_norm: 152.7885 (154.2155)  time: 0.9222  data: 0.0002  max mem: 34952
Epoch: [68]  [30/35]  eta: 0:00:07  lr: 0.000448  min_lr: 0.000448  loss: 71.0101 (71.1346)  weight_decay: 0.0500 (0.0500)  grad_norm: 163.8669 (156.7262)  time: 0.9233  data: 0.0002  max mem: 34952
Epoch: [68]  [34/35]  eta: 0:00:01  lr: 0.000448  min_lr: 0.000448  loss: 70.1664 (71.0475)  weight_decay: 0.0500 (0.0500)  grad_norm: 175.8163 (159.7896)  time: 0.9238  data: 0.0002  max mem: 34952
Epoch: [68] Total time: 0:00:51 (1.4816 s / it)
Averaged stats: lr: 0.000448  min_lr: 0.000448  loss: 70.1664 (70.2297)  weight_decay: 0.0500 (0.0500)  grad_norm: 175.8163 (159.7896)
Epoch: [69]  [ 0/35]  eta: 0:11:33  lr: 0.000448  min_lr: 0.000448  loss: 71.9445 (71.9445)  weight_decay: 0.0500 (0.0500)  grad_norm: 92.1871 (92.1871)  time: 19.8246  data: 17.8544  max mem: 34952
Epoch: [69]  [10/35]  eta: 0:01:05  lr: 0.000448  min_lr: 0.000448  loss: 70.4102 (69.5211)  weight_decay: 0.0500 (0.0500)  grad_norm: 198.0977 (190.4921)  time: 2.6359  data: 1.6233  max mem: 34952
Epoch: [69]  [20/35]  eta: 0:00:27  lr: 0.000448  min_lr: 0.000448  loss: 70.4102 (70.3559)  weight_decay: 0.0500 (0.0500)  grad_norm: 184.9597 (172.9161)  time: 0.9132  data: 0.0002  max mem: 34952
Epoch: [69]  [30/35]  eta: 0:00:07  lr: 0.000448  min_lr: 0.000448  loss: 70.1145 (70.2025)  weight_decay: 0.0500 (0.0500)  grad_norm: 158.8177 (170.6707)  time: 0.9101  data: 0.0001  max mem: 34952
Epoch: [69]  [34/35]  eta: 0:00:01  lr: 0.000448  min_lr: 0.000448  loss: 69.8276 (70.2016)  weight_decay: 0.0500 (0.0500)  grad_norm: 167.9433 (169.6961)  time: 0.9095  data: 0.0001  max mem: 34952
Epoch: [69] Total time: 0:00:51 (1.4736 s / it)
Averaged stats: lr: 0.000448  min_lr: 0.000448  loss: 69.8276 (69.8403)  weight_decay: 0.0500 (0.0500)  grad_norm: 167.9433 (169.6961)
Epoch: [70]  [ 0/35]  eta: 0:11:29  lr: 0.000448  min_lr: 0.000448  loss: 64.0522 (64.0522)  weight_decay: 0.0500 (0.0500)  grad_norm: 111.5563 (111.5563)  time: 19.6978  data: 16.2898  max mem: 34952
Epoch: [70]  [10/35]  eta: 0:01:06  lr: 0.000448  min_lr: 0.000448  loss: 69.3980 (69.3863)  weight_decay: 0.0500 (0.0500)  grad_norm: 135.5711 (152.6567)  time: 2.6591  data: 1.4811  max mem: 34952
Epoch: [70]  [20/35]  eta: 0:00:27  lr: 0.000448  min_lr: 0.000448  loss: 71.0759 (70.4176)  weight_decay: 0.0500 (0.0500)  grad_norm: 135.5711 (158.9328)  time: 0.9327  data: 0.0002  max mem: 34952
Epoch: [70]  [30/35]  eta: 0:00:07  lr: 0.000448  min_lr: 0.000448  loss: 70.7727 (69.7819)  weight_decay: 0.0500 (0.0500)  grad_norm: 122.9441 (147.7873)  time: 0.9097  data: 0.0002  max mem: 34952
Epoch: [70]  [34/35]  eta: 0:00:01  lr: 0.000448  min_lr: 0.000448  loss: 70.3550 (69.7109)  weight_decay: 0.0500 (0.0500)  grad_norm: 111.4351 (140.3729)  time: 0.9107  data: 0.0002  max mem: 34952
Epoch: [70] Total time: 0:00:51 (1.4831 s / it)
Averaged stats: lr: 0.000448  min_lr: 0.000448  loss: 70.3550 (69.3434)  weight_decay: 0.0500 (0.0500)  grad_norm: 111.4351 (140.3729)
Epoch: [71]  [ 0/35]  eta: 0:11:20  lr: 0.000448  min_lr: 0.000448  loss: 69.5173 (69.5173)  weight_decay: 0.0500 (0.0500)  grad_norm: 95.7117 (95.7117)  time: 19.4387  data: 17.8280  max mem: 34952
Epoch: [71]  [10/35]  eta: 0:01:05  lr: 0.000448  min_lr: 0.000448  loss: 69.2215 (68.5792)  weight_decay: 0.0500 (0.0500)  grad_norm: 113.4624 (118.4233)  time: 2.6015  data: 1.6209  max mem: 34952
Epoch: [71]  [20/35]  eta: 0:00:26  lr: 0.000447  min_lr: 0.000447  loss: 69.4663 (70.2098)  weight_decay: 0.0500 (0.0500)  grad_norm: 104.7638 (120.3778)  time: 0.9147  data: 0.0002  max mem: 34952
Epoch: [71]  [30/35]  eta: 0:00:07  lr: 0.000447  min_lr: 0.000447  loss: 70.6227 (70.0722)  weight_decay: 0.0500 (0.0500)  grad_norm: 128.3229 (126.7556)  time: 0.9097  data: 0.0002  max mem: 34952
Epoch: [71]  [34/35]  eta: 0:00:01  lr: 0.000447  min_lr: 0.000447  loss: 70.3564 (69.9205)  weight_decay: 0.0500 (0.0500)  grad_norm: 128.3229 (124.1519)  time: 0.9089  data: 0.0002  max mem: 34952
Epoch: [71] Total time: 0:00:51 (1.4623 s / it)
Averaged stats: lr: 0.000447  min_lr: 0.000447  loss: 70.3564 (68.6817)  weight_decay: 0.0500 (0.0500)  grad_norm: 128.3229 (124.1519)
Epoch: [72]  [ 0/35]  eta: 0:11:39  lr: 0.000447  min_lr: 0.000447  loss: 69.5806 (69.5806)  weight_decay: 0.0500 (0.0500)  grad_norm: 186.9584 (186.9584)  time: 19.9735  data: 17.1740  max mem: 34952
Epoch: [72]  [10/35]  eta: 0:01:06  lr: 0.000447  min_lr: 0.000447  loss: 69.5806 (68.5166)  weight_decay: 0.0500 (0.0500)  grad_norm: 125.6182 (142.5822)  time: 2.6465  data: 1.5614  max mem: 34952
Epoch: [72]  [20/35]  eta: 0:00:27  lr: 0.000447  min_lr: 0.000447  loss: 69.3702 (68.8183)  weight_decay: 0.0500 (0.0500)  grad_norm: 122.6798 (137.2248)  time: 0.9121  data: 0.0002  max mem: 34952
Epoch: [72]  [30/35]  eta: 0:00:07  lr: 0.000447  min_lr: 0.000447  loss: 69.3702 (69.3851)  weight_decay: 0.0500 (0.0500)  grad_norm: 141.9106 (147.7877)  time: 0.9102  data: 0.0002  max mem: 34952
Epoch: [72]  [34/35]  eta: 0:00:01  lr: 0.000447  min_lr: 0.000447  loss: 69.2345 (69.6763)  weight_decay: 0.0500 (0.0500)  grad_norm: 144.2721 (146.7031)  time: 0.9089  data: 0.0002  max mem: 34952
Epoch: [72] Total time: 0:00:51 (1.4778 s / it)
Averaged stats: lr: 0.000447  min_lr: 0.000447  loss: 69.2345 (68.5684)  weight_decay: 0.0500 (0.0500)  grad_norm: 144.2721 (146.7031)
Epoch: [73]  [ 0/35]  eta: 0:11:29  lr: 0.000447  min_lr: 0.000447  loss: 70.9503 (70.9503)  weight_decay: 0.0500 (0.0500)  grad_norm: 202.2288 (202.2288)  time: 19.6894  data: 16.8411  max mem: 34952
Epoch: [73]  [10/35]  eta: 0:01:06  lr: 0.000447  min_lr: 0.000447  loss: 66.7845 (67.3166)  weight_decay: 0.0500 (0.0500)  grad_norm: 153.9209 (147.8690)  time: 2.6448  data: 1.5312  max mem: 34952
Epoch: [73]  [20/35]  eta: 0:00:27  lr: 0.000447  min_lr: 0.000447  loss: 67.8775 (68.3942)  weight_decay: 0.0500 (0.0500)  grad_norm: 135.9478 (140.6067)  time: 0.9300  data: 0.0002  max mem: 34952
Epoch: [73]  [30/35]  eta: 0:00:07  lr: 0.000447  min_lr: 0.000447  loss: 69.0699 (68.8521)  weight_decay: 0.0500 (0.0500)  grad_norm: 97.6018 (127.0162)  time: 0.9440  data: 0.0002  max mem: 34952
Epoch: [73]  [34/35]  eta: 0:00:01  lr: 0.000447  min_lr: 0.000447  loss: 69.0699 (68.9639)  weight_decay: 0.0500 (0.0500)  grad_norm: 93.5301 (126.7482)  time: 0.9632  data: 0.0002  max mem: 34952
Epoch: [73] Total time: 0:00:52 (1.5101 s / it)
Averaged stats: lr: 0.000447  min_lr: 0.000447  loss: 69.0699 (68.0253)  weight_decay: 0.0500 (0.0500)  grad_norm: 93.5301 (126.7482)
Epoch: [74]  [ 0/35]  eta: 0:12:00  lr: 0.000447  min_lr: 0.000447  loss: 66.2410 (66.2410)  weight_decay: 0.0500 (0.0500)  grad_norm: 160.3154 (160.3154)  time: 20.5846  data: 17.0479  max mem: 34952
Epoch: [74]  [10/35]  eta: 0:01:07  lr: 0.000447  min_lr: 0.000447  loss: 67.6196 (68.2275)  weight_decay: 0.0500 (0.0500)  grad_norm: 122.7877 (143.4475)  time: 2.7193  data: 1.5500  max mem: 34952
Epoch: [74]  [20/35]  eta: 0:00:27  lr: 0.000447  min_lr: 0.000447  loss: 68.3400 (68.9459)  weight_decay: 0.0500 (0.0500)  grad_norm: 110.5506 (131.0794)  time: 0.9263  data: 0.0002  max mem: 34952
Epoch: [74]  [30/35]  eta: 0:00:07  lr: 0.000447  min_lr: 0.000447  loss: 68.9412 (68.9771)  weight_decay: 0.0500 (0.0500)  grad_norm: 130.5464 (142.5243)  time: 0.9168  data: 0.0002  max mem: 34952
Epoch: [74]  [34/35]  eta: 0:00:01  lr: 0.000447  min_lr: 0.000447  loss: 68.4971 (68.9694)  weight_decay: 0.0500 (0.0500)  grad_norm: 130.5464 (149.2366)  time: 0.9136  data: 0.0001  max mem: 34952
Epoch: [74] Total time: 0:00:52 (1.5051 s / it)
Averaged stats: lr: 0.000447  min_lr: 0.000447  loss: 68.4971 (67.3327)  weight_decay: 0.0500 (0.0500)  grad_norm: 130.5464 (149.2366)
Epoch: [75]  [ 0/35]  eta: 0:10:46  lr: 0.000447  min_lr: 0.000447  loss: 66.0231 (66.0231)  weight_decay: 0.0500 (0.0500)  grad_norm: 197.5791 (197.5791)  time: 18.4783  data: 16.7597  max mem: 34952
Epoch: [75]  [10/35]  eta: 0:01:02  lr: 0.000447  min_lr: 0.000447  loss: 66.0231 (66.7806)  weight_decay: 0.0500 (0.0500)  grad_norm: 141.5261 (138.4294)  time: 2.5131  data: 1.5238  max mem: 34952
Epoch: [75]  [20/35]  eta: 0:00:26  lr: 0.000446  min_lr: 0.000446  loss: 68.2653 (67.4030)  weight_decay: 0.0500 (0.0500)  grad_norm: 125.8800 (137.9399)  time: 0.9155  data: 0.0002  max mem: 34952
Epoch: [75]  [30/35]  eta: 0:00:07  lr: 0.000446  min_lr: 0.000446  loss: 68.1129 (67.1911)  weight_decay: 0.0500 (0.0500)  grad_norm: 135.7173 (141.3633)  time: 0.9132  data: 0.0001  max mem: 34952
Epoch: [75]  [34/35]  eta: 0:00:01  lr: 0.000446  min_lr: 0.000446  loss: 67.8130 (67.1579)  weight_decay: 0.0500 (0.0500)  grad_norm: 148.0786 (142.2176)  time: 0.9105  data: 0.0001  max mem: 34952
Epoch: [75] Total time: 0:00:50 (1.4395 s / it)
Averaged stats: lr: 0.000446  min_lr: 0.000446  loss: 67.8130 (66.5961)  weight_decay: 0.0500 (0.0500)  grad_norm: 148.0786 (142.2176)
[Eval]   [0/1]  eta: 0:00:03  loss: 76.0247 (76.0247)  time: 3.2410  data: 3.1400  max mem: 34952
[Eval]  Total time: 0:00:03 (3.6704 s / it)
Eval averaged stats: loss: 76.0247 (75.4590)
Epoch: [76]  [ 0/35]  eta: 0:11:14  lr: 0.000446  min_lr: 0.000446  loss: 71.3005 (71.3005)  weight_decay: 0.0500 (0.0500)  grad_norm: 75.8855 (75.8855)  time: 19.2692  data: 18.2557  max mem: 34952
Epoch: [76]  [10/35]  eta: 0:01:04  lr: 0.000446  min_lr: 0.000446  loss: 65.5831 (65.8089)  weight_decay: 0.0500 (0.0500)  grad_norm: 142.7824 (141.0700)  time: 2.5914  data: 1.6598  max mem: 34952
Epoch: [76]  [20/35]  eta: 0:00:26  lr: 0.000446  min_lr: 0.000446  loss: 68.5375 (66.6501)  weight_decay: 0.0500 (0.0500)  grad_norm: 106.3337 (118.4177)  time: 0.9175  data: 0.0002  max mem: 34952
Epoch: [76]  [30/35]  eta: 0:00:07  lr: 0.000446  min_lr: 0.000446  loss: 65.2165 (66.0460)  weight_decay: 0.0500 (0.0500)  grad_norm: 116.7936 (127.3637)  time: 0.9116  data: 0.0002  max mem: 34952
Epoch: [76]  [34/35]  eta: 0:00:01  lr: 0.000446  min_lr: 0.000446  loss: 64.7831 (66.3090)  weight_decay: 0.0500 (0.0500)  grad_norm: 116.8378 (129.6762)  time: 0.9107  data: 0.0002  max mem: 34952
Epoch: [76] Total time: 0:00:51 (1.4624 s / it)
Averaged stats: lr: 0.000446  min_lr: 0.000446  loss: 64.7831 (66.0404)  weight_decay: 0.0500 (0.0500)  grad_norm: 116.8378 (129.6762)
Epoch: [77]  [ 0/35]  eta: 0:11:43  lr: 0.000446  min_lr: 0.000446  loss: 61.4327 (61.4327)  weight_decay: 0.0500 (0.0500)  grad_norm: 189.1720 (189.1720)  time: 20.0942  data: 16.6068  max mem: 34952
Epoch: [77]  [10/35]  eta: 0:01:06  lr: 0.000446  min_lr: 0.000446  loss: 65.7669 (65.3528)  weight_decay: 0.0500 (0.0500)  grad_norm: 197.3642 (194.3103)  time: 2.6625  data: 1.5099  max mem: 34952
Epoch: [77]  [20/35]  eta: 0:00:27  lr: 0.000446  min_lr: 0.000446  loss: 66.5250 (66.8909)  weight_decay: 0.0500 (0.0500)  grad_norm: 197.3642 (201.7190)  time: 0.9192  data: 0.0002  max mem: 34952
Epoch: [77]  [30/35]  eta: 0:00:07  lr: 0.000446  min_lr: 0.000446  loss: 65.7635 (66.2432)  weight_decay: 0.0500 (0.0500)  grad_norm: 163.3838 (190.2181)  time: 0.9162  data: 0.0001  max mem: 34952
Epoch: [77]  [34/35]  eta: 0:00:01  lr: 0.000446  min_lr: 0.000446  loss: 65.7635 (66.4824)  weight_decay: 0.0500 (0.0500)  grad_norm: 141.0135 (182.7079)  time: 0.9140  data: 0.0001  max mem: 34952
Epoch: [77] Total time: 0:00:52 (1.4878 s / it)
Averaged stats: lr: 0.000446  min_lr: 0.000446  loss: 65.7635 (65.8202)  weight_decay: 0.0500 (0.0500)  grad_norm: 141.0135 (182.7079)
Epoch: [78]  [ 0/35]  eta: 0:11:44  lr: 0.000446  min_lr: 0.000446  loss: 62.6693 (62.6693)  weight_decay: 0.0500 (0.0500)  grad_norm: 98.5091 (98.5091)  time: 20.1357  data: 11.9932  max mem: 34952
Epoch: [78]  [10/35]  eta: 0:01:08  lr: 0.000446  min_lr: 0.000446  loss: 65.6516 (65.2764)  weight_decay: 0.0500 (0.0500)  grad_norm: 131.6214 (138.6262)  time: 2.7501  data: 1.0905  max mem: 34952
Epoch: [78]  [20/35]  eta: 0:00:28  lr: 0.000446  min_lr: 0.000446  loss: 66.5703 (65.7059)  weight_decay: 0.0500 (0.0500)  grad_norm: 133.0431 (132.1909)  time: 0.9837  data: 0.0002  max mem: 34952
Epoch: [78]  [30/35]  eta: 0:00:07  lr: 0.000445  min_lr: 0.000445  loss: 64.1104 (64.8732)  weight_decay: 0.0500 (0.0500)  grad_norm: 147.1588 (151.9088)  time: 0.9619  data: 0.0002  max mem: 34952
Epoch: [78]  [34/35]  eta: 0:00:01  lr: 0.000445  min_lr: 0.000445  loss: 63.2414 (64.5864)  weight_decay: 0.0500 (0.0500)  grad_norm: 154.9341 (154.9356)  time: 0.9626  data: 0.0002  max mem: 34952
Epoch: [78] Total time: 0:00:54 (1.5474 s / it)
Averaged stats: lr: 0.000445  min_lr: 0.000445  loss: 63.2414 (65.0160)  weight_decay: 0.0500 (0.0500)  grad_norm: 154.9341 (154.9356)
Epoch: [79]  [ 0/35]  eta: 0:11:24  lr: 0.000445  min_lr: 0.000445  loss: 63.9400 (63.9400)  weight_decay: 0.0500 (0.0500)  grad_norm: 68.6771 (68.6771)  time: 19.5635  data: 17.9367  max mem: 34952
Epoch: [79]  [10/35]  eta: 0:01:05  lr: 0.000445  min_lr: 0.000445  loss: 63.9400 (63.2187)  weight_decay: 0.0500 (0.0500)  grad_norm: 205.4628 (200.6142)  time: 2.6116  data: 1.6308  max mem: 34952
Epoch: [79]  [20/35]  eta: 0:00:27  lr: 0.000445  min_lr: 0.000445  loss: 65.8882 (65.0684)  weight_decay: 0.0500 (0.0500)  grad_norm: 178.8197 (177.0878)  time: 0.9155  data: 0.0002  max mem: 34952
Epoch: [79]  [30/35]  eta: 0:00:07  lr: 0.000445  min_lr: 0.000445  loss: 66.0259 (64.8569)  weight_decay: 0.0500 (0.0500)  grad_norm: 166.2519 (181.1567)  time: 0.9124  data: 0.0002  max mem: 34952
Epoch: [79]  [34/35]  eta: 0:00:01  lr: 0.000445  min_lr: 0.000445  loss: 64.5600 (65.1330)  weight_decay: 0.0500 (0.0500)  grad_norm: 166.2519 (183.0933)  time: 0.9134  data: 0.0002  max mem: 34952
Epoch: [79] Total time: 0:00:51 (1.4684 s / it)
Averaged stats: lr: 0.000445  min_lr: 0.000445  loss: 64.5600 (64.8480)  weight_decay: 0.0500 (0.0500)  grad_norm: 166.2519 (183.0933)
Epoch: [80]  [ 0/35]  eta: 0:11:39  lr: 0.000445  min_lr: 0.000445  loss: 67.9616 (67.9616)  weight_decay: 0.0500 (0.0500)  grad_norm: 183.8895 (183.8895)  time: 19.9853  data: 17.3207  max mem: 34952
Epoch: [80]  [10/35]  eta: 0:01:06  lr: 0.000445  min_lr: 0.000445  loss: 65.8139 (63.3047)  weight_decay: 0.0500 (0.0500)  grad_norm: 161.8624 (155.5514)  time: 2.6602  data: 1.5747  max mem: 34952
Epoch: [80]  [20/35]  eta: 0:00:27  lr: 0.000445  min_lr: 0.000445  loss: 66.3129 (65.2573)  weight_decay: 0.0500 (0.0500)  grad_norm: 126.7415 (138.6420)  time: 0.9190  data: 0.0002  max mem: 34952
Epoch: [80]  [30/35]  eta: 0:00:07  lr: 0.000445  min_lr: 0.000445  loss: 65.5711 (64.6888)  weight_decay: 0.0500 (0.0500)  grad_norm: 124.3272 (136.2394)  time: 0.9110  data: 0.0001  max mem: 34952
Epoch: [80]  [34/35]  eta: 0:00:01  lr: 0.000445  min_lr: 0.000445  loss: 65.5711 (64.9666)  weight_decay: 0.0500 (0.0500)  grad_norm: 130.1033 (139.3983)  time: 0.9116  data: 0.0002  max mem: 34952
Epoch: [80] Total time: 0:00:51 (1.4835 s / it)
Averaged stats: lr: 0.000445  min_lr: 0.000445  loss: 65.5711 (64.4076)  weight_decay: 0.0500 (0.0500)  grad_norm: 130.1033 (139.3983)
Epoch: [81]  [ 0/35]  eta: 0:11:37  lr: 0.000445  min_lr: 0.000445  loss: 65.8337 (65.8337)  weight_decay: 0.0500 (0.0500)  grad_norm: 97.1308 (97.1308)  time: 19.9291  data: 14.5065  max mem: 34952
Epoch: [81]  [10/35]  eta: 0:01:06  lr: 0.000445  min_lr: 0.000445  loss: 62.3966 (62.8094)  weight_decay: 0.0500 (0.0500)  grad_norm: 146.1293 (138.5731)  time: 2.6452  data: 1.3189  max mem: 34952
Epoch: [81]  [20/35]  eta: 0:00:27  lr: 0.000445  min_lr: 0.000445  loss: 64.2215 (64.0076)  weight_decay: 0.0500 (0.0500)  grad_norm: 149.2578 (162.3942)  time: 0.9145  data: 0.0002  max mem: 34952
Epoch: [81]  [30/35]  eta: 0:00:07  lr: 0.000444  min_lr: 0.000444  loss: 64.2624 (63.5249)  weight_decay: 0.0500 (0.0500)  grad_norm: 207.8840 (176.8702)  time: 0.9122  data: 0.0002  max mem: 34952
Epoch: [81]  [34/35]  eta: 0:00:01  lr: 0.000444  min_lr: 0.000444  loss: 64.2624 (63.9138)  weight_decay: 0.0500 (0.0500)  grad_norm: 181.9538 (176.7106)  time: 0.9120  data: 0.0002  max mem: 34952
Epoch: [81] Total time: 0:00:51 (1.4784 s / it)
Averaged stats: lr: 0.000444  min_lr: 0.000444  loss: 64.2624 (63.5515)  weight_decay: 0.0500 (0.0500)  grad_norm: 181.9538 (176.7106)
Epoch: [82]  [ 0/35]  eta: 0:10:37  lr: 0.000444  min_lr: 0.000444  loss: 62.6560 (62.6560)  weight_decay: 0.0500 (0.0500)  grad_norm: 143.5182 (143.5182)  time: 18.2066  data: 12.2641  max mem: 34952
Epoch: [82]  [10/35]  eta: 0:01:03  lr: 0.000444  min_lr: 0.000444  loss: 61.5819 (60.8308)  weight_decay: 0.0500 (0.0500)  grad_norm: 145.2687 (175.0494)  time: 2.5212  data: 1.1151  max mem: 34952
Epoch: [82]  [20/35]  eta: 0:00:26  lr: 0.000444  min_lr: 0.000444  loss: 63.1418 (62.3109)  weight_decay: 0.0500 (0.0500)  grad_norm: 145.2687 (161.9706)  time: 0.9303  data: 0.0002  max mem: 34952
Epoch: [82]  [30/35]  eta: 0:00:07  lr: 0.000444  min_lr: 0.000444  loss: 63.5270 (62.2652)  weight_decay: 0.0500 (0.0500)  grad_norm: 130.0734 (158.8937)  time: 0.9093  data: 0.0002  max mem: 34952
Epoch: [82]  [34/35]  eta: 0:00:01  lr: 0.000444  min_lr: 0.000444  loss: 63.5243 (62.4840)  weight_decay: 0.0500 (0.0500)  grad_norm: 127.4145 (152.8552)  time: 0.9094  data: 0.0002  max mem: 34952
Epoch: [82] Total time: 0:00:50 (1.4366 s / it)
Averaged stats: lr: 0.000444  min_lr: 0.000444  loss: 63.5243 (62.7136)  weight_decay: 0.0500 (0.0500)  grad_norm: 127.4145 (152.8552)
Epoch: [83]  [ 0/35]  eta: 0:11:42  lr: 0.000444  min_lr: 0.000444  loss: 64.5995 (64.5995)  weight_decay: 0.0500 (0.0500)  grad_norm: 98.8845 (98.8845)  time: 20.0613  data: 13.8153  max mem: 34952
Epoch: [83]  [10/35]  eta: 0:01:07  lr: 0.000444  min_lr: 0.000444  loss: 61.9055 (61.5800)  weight_decay: 0.0500 (0.0500)  grad_norm: 121.1421 (119.2327)  time: 2.7002  data: 1.2561  max mem: 34952
Epoch: [83]  [20/35]  eta: 0:00:27  lr: 0.000444  min_lr: 0.000444  loss: 62.4960 (62.9975)  weight_decay: 0.0500 (0.0500)  grad_norm: 140.3481 (161.5951)  time: 0.9389  data: 0.0002  max mem: 34952
Epoch: [83]  [30/35]  eta: 0:00:07  lr: 0.000444  min_lr: 0.000444  loss: 64.7353 (63.0906)  weight_decay: 0.0500 (0.0500)  grad_norm: 206.3367 (184.4899)  time: 0.9120  data: 0.0002  max mem: 34952
Epoch: [83]  [34/35]  eta: 0:00:01  lr: 0.000444  min_lr: 0.000444  loss: 62.5557 (63.0558)  weight_decay: 0.0500 (0.0500)  grad_norm: 223.0540 (187.2195)  time: 0.9121  data: 0.0002  max mem: 34952
Epoch: [83] Total time: 0:00:52 (1.4975 s / it)
Averaged stats: lr: 0.000444  min_lr: 0.000444  loss: 62.5557 (62.6623)  weight_decay: 0.0500 (0.0500)  grad_norm: 223.0540 (187.2195)
Epoch: [84]  [ 0/35]  eta: 0:11:26  lr: 0.000444  min_lr: 0.000444  loss: 59.7900 (59.7900)  weight_decay: 0.0500 (0.0500)  grad_norm: 268.1485 (268.1485)  time: 19.6232  data: 15.9498  max mem: 34952
Epoch: [84]  [10/35]  eta: 0:01:06  lr: 0.000444  min_lr: 0.000444  loss: 61.2786 (62.7577)  weight_decay: 0.0500 (0.0500)  grad_norm: 187.8836 (201.1025)  time: 2.6527  data: 1.4502  max mem: 34952
Epoch: [84]  [20/35]  eta: 0:00:27  lr: 0.000443  min_lr: 0.000443  loss: 63.3388 (63.0707)  weight_decay: 0.0500 (0.0500)  grad_norm: 161.3874 (177.8315)  time: 0.9333  data: 0.0002  max mem: 34952
Epoch: [84]  [30/35]  eta: 0:00:07  lr: 0.000443  min_lr: 0.000443  loss: 61.8422 (62.2765)  weight_decay: 0.0500 (0.0500)  grad_norm: 146.4727 (171.5969)  time: 0.9101  data: 0.0002  max mem: 34952
Epoch: [84]  [34/35]  eta: 0:00:01  lr: 0.000443  min_lr: 0.000443  loss: 61.2889 (62.2200)  weight_decay: 0.0500 (0.0500)  grad_norm: 141.2436 (163.9934)  time: 0.9092  data: 0.0002  max mem: 34952
Epoch: [84] Total time: 0:00:51 (1.4820 s / it)
Averaged stats: lr: 0.000443  min_lr: 0.000443  loss: 61.2889 (61.4467)  weight_decay: 0.0500 (0.0500)  grad_norm: 141.2436 (163.9934)
Epoch: [85]  [ 0/35]  eta: 0:11:54  lr: 0.000443  min_lr: 0.000443  loss: 56.4180 (56.4180)  weight_decay: 0.0500 (0.0500)  grad_norm: 122.2195 (122.2195)  time: 20.4012  data: 16.7237  max mem: 34952
Epoch: [85]  [10/35]  eta: 0:01:07  lr: 0.000443  min_lr: 0.000443  loss: 58.5214 (60.1315)  weight_decay: 0.0500 (0.0500)  grad_norm: 127.3751 (140.8327)  time: 2.7007  data: 1.5205  max mem: 34952
Epoch: [85]  [20/35]  eta: 0:00:27  lr: 0.000443  min_lr: 0.000443  loss: 61.3033 (61.0414)  weight_decay: 0.0500 (0.0500)  grad_norm: 117.4484 (139.0148)  time: 0.9232  data: 0.0002  max mem: 34952
Epoch: [85]  [30/35]  eta: 0:00:07  lr: 0.000443  min_lr: 0.000443  loss: 61.7795 (61.3235)  weight_decay: 0.0500 (0.0500)  grad_norm: 138.1311 (149.8318)  time: 0.9134  data: 0.0002  max mem: 34952
Epoch: [85]  [34/35]  eta: 0:00:01  lr: 0.000443  min_lr: 0.000443  loss: 61.1780 (61.4239)  weight_decay: 0.0500 (0.0500)  grad_norm: 128.1997 (146.5163)  time: 0.9119  data: 0.0002  max mem: 34952
Epoch: [85] Total time: 0:00:52 (1.4978 s / it)
Averaged stats: lr: 0.000443  min_lr: 0.000443  loss: 61.1780 (60.9689)  weight_decay: 0.0500 (0.0500)  grad_norm: 128.1997 (146.5163)
Epoch: [86]  [ 0/35]  eta: 0:11:48  lr: 0.000443  min_lr: 0.000443  loss: 59.8905 (59.8905)  weight_decay: 0.0500 (0.0500)  grad_norm: 154.1145 (154.1145)  time: 20.2349  data: 19.2795  max mem: 34952
Epoch: [86]  [10/35]  eta: 0:01:06  lr: 0.000443  min_lr: 0.000443  loss: 60.9150 (60.1672)  weight_decay: 0.0500 (0.0500)  grad_norm: 154.1145 (146.2837)  time: 2.6772  data: 1.7528  max mem: 34952
Epoch: [86]  [20/35]  eta: 0:00:27  lr: 0.000443  min_lr: 0.000443  loss: 61.2727 (60.6631)  weight_decay: 0.0500 (0.0500)  grad_norm: 142.4395 (138.8303)  time: 0.9397  data: 0.0002  max mem: 34952
Epoch: [86]  [30/35]  eta: 0:00:07  lr: 0.000443  min_lr: 0.000443  loss: 62.0583 (60.9488)  weight_decay: 0.0500 (0.0500)  grad_norm: 150.0053 (154.6269)  time: 0.9353  data: 0.0002  max mem: 34952
Epoch: [86]  [34/35]  eta: 0:00:01  lr: 0.000443  min_lr: 0.000443  loss: 59.5148 (60.7177)  weight_decay: 0.0500 (0.0500)  grad_norm: 150.3435 (158.2421)  time: 0.9100  data: 0.0001  max mem: 34952
Epoch: [86] Total time: 0:00:52 (1.5002 s / it)
Averaged stats: lr: 0.000443  min_lr: 0.000443  loss: 59.5148 (60.3340)  weight_decay: 0.0500 (0.0500)  grad_norm: 150.3435 (158.2421)
Epoch: [87]  [ 0/35]  eta: 0:11:52  lr: 0.000443  min_lr: 0.000443  loss: 59.8687 (59.8687)  weight_decay: 0.0500 (0.0500)  grad_norm: 92.8287 (92.8287)  time: 20.3488  data: 13.2549  max mem: 34952
Epoch: [87]  [10/35]  eta: 0:01:09  lr: 0.000442  min_lr: 0.000442  loss: 58.2199 (58.5015)  weight_decay: 0.0500 (0.0500)  grad_norm: 133.2516 (145.0559)  time: 2.7934  data: 1.2053  max mem: 34952
Epoch: [87]  [20/35]  eta: 0:00:28  lr: 0.000442  min_lr: 0.000442  loss: 59.7408 (60.4187)  weight_decay: 0.0500 (0.0500)  grad_norm: 171.9124 (159.3799)  time: 0.9860  data: 0.0003  max mem: 34952
Epoch: [87]  [30/35]  eta: 0:00:07  lr: 0.000442  min_lr: 0.000442  loss: 59.3475 (59.7991)  weight_decay: 0.0500 (0.0500)  grad_norm: 174.0744 (168.4570)  time: 0.9227  data: 0.0001  max mem: 34952
Epoch: [87]  [34/35]  eta: 0:00:01  lr: 0.000442  min_lr: 0.000442  loss: 59.3475 (60.0476)  weight_decay: 0.0500 (0.0500)  grad_norm: 174.0744 (167.3481)  time: 0.9144  data: 0.0001  max mem: 34952
Epoch: [87] Total time: 0:00:53 (1.5323 s / it)
Averaged stats: lr: 0.000442  min_lr: 0.000442  loss: 59.3475 (59.6615)  weight_decay: 0.0500 (0.0500)  grad_norm: 174.0744 (167.3481)
Epoch: [88]  [ 0/35]  eta: 0:11:28  lr: 0.000442  min_lr: 0.000442  loss: 58.5599 (58.5599)  weight_decay: 0.0500 (0.0500)  grad_norm: 133.8503 (133.8503)  time: 19.6744  data: 16.9242  max mem: 34952
Epoch: [88]  [10/35]  eta: 0:01:05  lr: 0.000442  min_lr: 0.000442  loss: 58.6780 (59.7476)  weight_decay: 0.0500 (0.0500)  grad_norm: 173.9714 (159.1991)  time: 2.6270  data: 1.5388  max mem: 34952
Epoch: [88]  [20/35]  eta: 0:00:27  lr: 0.000442  min_lr: 0.000442  loss: 59.4858 (60.4811)  weight_decay: 0.0500 (0.0500)  grad_norm: 119.1292 (145.7912)  time: 0.9170  data: 0.0002  max mem: 34952
Epoch: [88]  [30/35]  eta: 0:00:07  lr: 0.000442  min_lr: 0.000442  loss: 60.7565 (60.6000)  weight_decay: 0.0500 (0.0500)  grad_norm: 138.5572 (149.4695)  time: 0.9108  data: 0.0002  max mem: 34952
Epoch: [88]  [34/35]  eta: 0:00:01  lr: 0.000442  min_lr: 0.000442  loss: 59.3534 (60.4724)  weight_decay: 0.0500 (0.0500)  grad_norm: 138.5572 (152.5533)  time: 0.9088  data: 0.0002  max mem: 34952
Epoch: [88] Total time: 0:00:51 (1.4712 s / it)
Averaged stats: lr: 0.000442  min_lr: 0.000442  loss: 59.3534 (59.4400)  weight_decay: 0.0500 (0.0500)  grad_norm: 138.5572 (152.5533)
Epoch: [89]  [ 0/35]  eta: 0:11:15  lr: 0.000442  min_lr: 0.000442  loss: 59.6697 (59.6697)  weight_decay: 0.0500 (0.0500)  grad_norm: 251.7721 (251.7721)  time: 19.3142  data: 16.3715  max mem: 34952
Epoch: [89]  [10/35]  eta: 0:01:04  lr: 0.000442  min_lr: 0.000442  loss: 57.5768 (57.2720)  weight_decay: 0.0500 (0.0500)  grad_norm: 135.6680 (149.9449)  time: 2.5895  data: 1.4885  max mem: 34952
Epoch: [89]  [20/35]  eta: 0:00:26  lr: 0.000441  min_lr: 0.000441  loss: 57.5768 (58.0951)  weight_decay: 0.0500 (0.0500)  grad_norm: 135.6680 (152.0810)  time: 0.9151  data: 0.0002  max mem: 34952
Epoch: [89]  [30/35]  eta: 0:00:07  lr: 0.000441  min_lr: 0.000441  loss: 59.4631 (58.4294)  weight_decay: 0.0500 (0.0500)  grad_norm: 145.6337 (151.2256)  time: 0.9120  data: 0.0002  max mem: 34952
Epoch: [89]  [34/35]  eta: 0:00:01  lr: 0.000441  min_lr: 0.000441  loss: 59.6484 (58.3055)  weight_decay: 0.0500 (0.0500)  grad_norm: 146.2599 (154.5810)  time: 0.9096  data: 0.0002  max mem: 34952
Epoch: [89] Total time: 0:00:51 (1.4629 s / it)
Averaged stats: lr: 0.000441  min_lr: 0.000441  loss: 59.6484 (58.3218)  weight_decay: 0.0500 (0.0500)  grad_norm: 146.2599 (154.5810)
Epoch: [90]  [ 0/35]  eta: 0:11:35  lr: 0.000441  min_lr: 0.000441  loss: 61.4114 (61.4114)  weight_decay: 0.0500 (0.0500)  grad_norm: 157.2708 (157.2708)  time: 19.8805  data: 17.4981  max mem: 34952
Epoch: [90]  [10/35]  eta: 0:01:06  lr: 0.000441  min_lr: 0.000441  loss: 58.8662 (58.2427)  weight_decay: 0.0500 (0.0500)  grad_norm: 148.1320 (162.6059)  time: 2.6409  data: 1.5909  max mem: 34952
Epoch: [90]  [20/35]  eta: 0:00:27  lr: 0.000441  min_lr: 0.000441  loss: 58.8662 (58.9615)  weight_decay: 0.0500 (0.0500)  grad_norm: 149.0987 (154.8912)  time: 0.9145  data: 0.0002  max mem: 34952
Epoch: [90]  [30/35]  eta: 0:00:07  lr: 0.000441  min_lr: 0.000441  loss: 58.3498 (58.6345)  weight_decay: 0.0500 (0.0500)  grad_norm: 165.6346 (190.1393)  time: 0.9118  data: 0.0002  max mem: 34952
Epoch: [90]  [34/35]  eta: 0:00:01  lr: 0.000441  min_lr: 0.000441  loss: 58.3254 (58.7204)  weight_decay: 0.0500 (0.0500)  grad_norm: 231.3040 (197.4938)  time: 0.9119  data: 0.0002  max mem: 34952
Epoch: [90] Total time: 0:00:51 (1.4771 s / it)
Averaged stats: lr: 0.000441  min_lr: 0.000441  loss: 58.3254 (58.4970)  weight_decay: 0.0500 (0.0500)  grad_norm: 231.3040 (197.4938)
Epoch: [91]  [ 0/35]  eta: 0:11:29  lr: 0.000441  min_lr: 0.000441  loss: 55.4436 (55.4436)  weight_decay: 0.0500 (0.0500)  grad_norm: 96.3159 (96.3159)  time: 19.7047  data: 16.9010  max mem: 34952
Epoch: [91]  [10/35]  eta: 0:01:05  lr: 0.000441  min_lr: 0.000441  loss: 55.8712 (55.8032)  weight_decay: 0.0500 (0.0500)  grad_norm: 141.3869 (155.0012)  time: 2.6235  data: 1.5366  max mem: 34952
Epoch: [91]  [20/35]  eta: 0:00:27  lr: 0.000441  min_lr: 0.000441  loss: 56.0740 (56.8358)  weight_decay: 0.0500 (0.0500)  grad_norm: 146.4549 (169.7151)  time: 0.9135  data: 0.0002  max mem: 34952
Epoch: [91]  [30/35]  eta: 0:00:07  lr: 0.000440  min_lr: 0.000440  loss: 56.0937 (56.7236)  weight_decay: 0.0500 (0.0500)  grad_norm: 216.3100 (186.1212)  time: 0.9110  data: 0.0002  max mem: 34952
Epoch: [91]  [34/35]  eta: 0:00:01  lr: 0.000440  min_lr: 0.000440  loss: 56.8566 (57.1161)  weight_decay: 0.0500 (0.0500)  grad_norm: 148.2940 (184.6488)  time: 0.9102  data: 0.0002  max mem: 34952
Epoch: [91] Total time: 0:00:51 (1.4718 s / it)
Averaged stats: lr: 0.000440  min_lr: 0.000440  loss: 56.8566 (57.0106)  weight_decay: 0.0500 (0.0500)  grad_norm: 148.2940 (184.6488)
Epoch: [92]  [ 0/35]  eta: 0:11:40  lr: 0.000440  min_lr: 0.000440  loss: 51.5962 (51.5962)  weight_decay: 0.0500 (0.0500)  grad_norm: 110.8742 (110.8742)  time: 20.0001  data: 17.3861  max mem: 34952
Epoch: [92]  [10/35]  eta: 0:01:06  lr: 0.000440  min_lr: 0.000440  loss: 54.9665 (56.2113)  weight_decay: 0.0500 (0.0500)  grad_norm: 192.8463 (193.2882)  time: 2.6536  data: 1.5807  max mem: 34952
Epoch: [92]  [20/35]  eta: 0:00:27  lr: 0.000440  min_lr: 0.000440  loss: 58.1727 (57.8147)  weight_decay: 0.0500 (0.0500)  grad_norm: 169.2044 (173.9933)  time: 0.9143  data: 0.0002  max mem: 34952
Epoch: [92]  [30/35]  eta: 0:00:07  lr: 0.000440  min_lr: 0.000440  loss: 56.7358 (57.3252)  weight_decay: 0.0500 (0.0500)  grad_norm: 178.8527 (185.6862)  time: 0.9108  data: 0.0002  max mem: 34952
Epoch: [92]  [34/35]  eta: 0:00:01  lr: 0.000440  min_lr: 0.000440  loss: 56.5867 (57.2861)  weight_decay: 0.0500 (0.0500)  grad_norm: 185.0468 (186.6967)  time: 0.9108  data: 0.0002  max mem: 34952
Epoch: [92] Total time: 0:00:51 (1.4808 s / it)
Averaged stats: lr: 0.000440  min_lr: 0.000440  loss: 56.5867 (56.9793)  weight_decay: 0.0500 (0.0500)  grad_norm: 185.0468 (186.6967)
Epoch: [93]  [ 0/35]  eta: 0:11:13  lr: 0.000440  min_lr: 0.000440  loss: 52.5934 (52.5934)  weight_decay: 0.0500 (0.0500)  grad_norm: 241.5784 (241.5784)  time: 19.2483  data: 17.2771  max mem: 34952
Epoch: [93]  [10/35]  eta: 0:01:04  lr: 0.000440  min_lr: 0.000440  loss: 54.7299 (55.4148)  weight_decay: 0.0500 (0.0500)  grad_norm: 199.5118 (194.9584)  time: 2.5788  data: 1.5708  max mem: 34952
Epoch: [93]  [20/35]  eta: 0:00:26  lr: 0.000440  min_lr: 0.000440  loss: 56.0357 (56.9052)  weight_decay: 0.0500 (0.0500)  grad_norm: 199.5118 (195.2300)  time: 0.9108  data: 0.0002  max mem: 34952
Epoch: [93]  [30/35]  eta: 0:00:07  lr: 0.000440  min_lr: 0.000440  loss: 55.2234 (56.0892)  weight_decay: 0.0500 (0.0500)  grad_norm: 204.1068 (197.1613)  time: 0.9090  data: 0.0002  max mem: 34952
Epoch: [93]  [34/35]  eta: 0:00:01  lr: 0.000439  min_lr: 0.000439  loss: 54.5135 (56.0115)  weight_decay: 0.0500 (0.0500)  grad_norm: 199.8549 (195.5886)  time: 0.9072  data: 0.0002  max mem: 34952
Epoch: [93] Total time: 0:00:50 (1.4568 s / it)
Averaged stats: lr: 0.000439  min_lr: 0.000439  loss: 54.5135 (55.7911)  weight_decay: 0.0500 (0.0500)  grad_norm: 199.8549 (195.5886)
Epoch: [94]  [ 0/35]  eta: 0:11:26  lr: 0.000439  min_lr: 0.000439  loss: 56.2598 (56.2598)  weight_decay: 0.0500 (0.0500)  grad_norm: 115.7497 (115.7497)  time: 19.6171  data: 13.2925  max mem: 34952
Epoch: [94]  [10/35]  eta: 0:01:05  lr: 0.000439  min_lr: 0.000439  loss: 54.9868 (53.8807)  weight_decay: 0.0500 (0.0500)  grad_norm: 145.5484 (168.5398)  time: 2.6148  data: 1.2086  max mem: 34952
Epoch: [94]  [20/35]  eta: 0:00:27  lr: 0.000439  min_lr: 0.000439  loss: 55.8628 (56.0148)  weight_decay: 0.0500 (0.0500)  grad_norm: 174.7922 (185.2032)  time: 0.9126  data: 0.0002  max mem: 34952
Epoch: [94]  [30/35]  eta: 0:00:07  lr: 0.000439  min_lr: 0.000439  loss: 57.0093 (55.8398)  weight_decay: 0.0500 (0.0500)  grad_norm: 220.5177 (192.8779)  time: 0.9101  data: 0.0001  max mem: 34952
Epoch: [94]  [34/35]  eta: 0:00:01  lr: 0.000439  min_lr: 0.000439  loss: 57.0093 (56.1713)  weight_decay: 0.0500 (0.0500)  grad_norm: 187.9458 (188.5475)  time: 0.9107  data: 0.0001  max mem: 34952
Epoch: [94] Total time: 0:00:51 (1.4690 s / it)
Averaged stats: lr: 0.000439  min_lr: 0.000439  loss: 57.0093 (55.8771)  weight_decay: 0.0500 (0.0500)  grad_norm: 187.9458 (188.5475)
Epoch: [95]  [ 0/35]  eta: 0:11:46  lr: 0.000439  min_lr: 0.000439  loss: 51.5263 (51.5263)  weight_decay: 0.0500 (0.0500)  grad_norm: 110.6276 (110.6276)  time: 20.1907  data: 12.7635  max mem: 34952
Epoch: [95]  [10/35]  eta: 0:01:06  lr: 0.000439  min_lr: 0.000439  loss: 53.2394 (55.0636)  weight_decay: 0.0500 (0.0500)  grad_norm: 202.0056 (210.9656)  time: 2.6699  data: 1.1605  max mem: 34952
Epoch: [95]  [20/35]  eta: 0:00:27  lr: 0.000439  min_lr: 0.000439  loss: 55.4254 (56.1657)  weight_decay: 0.0500 (0.0500)  grad_norm: 193.2428 (197.5877)  time: 0.9149  data: 0.0002  max mem: 34952
Epoch: [95]  [30/35]  eta: 0:00:07  lr: 0.000439  min_lr: 0.000439  loss: 55.4382 (55.1460)  weight_decay: 0.0500 (0.0500)  grad_norm: 173.7582 (183.4042)  time: 0.9142  data: 0.0002  max mem: 34952
Epoch: [95]  [34/35]  eta: 0:00:01  lr: 0.000439  min_lr: 0.000439  loss: 55.4382 (55.5602)  weight_decay: 0.0500 (0.0500)  grad_norm: 179.9162 (193.6300)  time: 0.9120  data: 0.0002  max mem: 34952
Epoch: [95] Total time: 0:00:51 (1.4847 s / it)
Averaged stats: lr: 0.000439  min_lr: 0.000439  loss: 55.4382 (55.3694)  weight_decay: 0.0500 (0.0500)  grad_norm: 179.9162 (193.6300)
Epoch: [96]  [ 0/35]  eta: 0:11:19  lr: 0.000438  min_lr: 0.000438  loss: 57.8227 (57.8227)  weight_decay: 0.0500 (0.0500)  grad_norm: 298.5585 (298.5585)  time: 19.4059  data: 14.3009  max mem: 34952
Epoch: [96]  [10/35]  eta: 0:01:05  lr: 0.000438  min_lr: 0.000438  loss: 57.7792 (55.6493)  weight_decay: 0.0500 (0.0500)  grad_norm: 257.7982 (239.8052)  time: 2.6010  data: 1.3002  max mem: 34952
Epoch: [96]  [20/35]  eta: 0:00:26  lr: 0.000438  min_lr: 0.000438  loss: 56.3563 (55.8938)  weight_decay: 0.0500 (0.0500)  grad_norm: 157.7153 (199.4806)  time: 0.9153  data: 0.0002  max mem: 34952
Epoch: [96]  [30/35]  eta: 0:00:07  lr: 0.000438  min_lr: 0.000438  loss: 54.3716 (55.7040)  weight_decay: 0.0500 (0.0500)  grad_norm: 171.1242 (200.6023)  time: 0.9076  data: 0.0002  max mem: 34952
Epoch: [96]  [34/35]  eta: 0:00:01  lr: 0.000438  min_lr: 0.000438  loss: 54.3716 (55.7034)  weight_decay: 0.0500 (0.0500)  grad_norm: 171.1242 (200.9051)  time: 0.9051  data: 0.0002  max mem: 34952
Epoch: [96] Total time: 0:00:51 (1.4616 s / it)
Averaged stats: lr: 0.000438  min_lr: 0.000438  loss: 54.3716 (55.0165)  weight_decay: 0.0500 (0.0500)  grad_norm: 171.1242 (200.9051)
Epoch: [97]  [ 0/35]  eta: 0:10:51  lr: 0.000438  min_lr: 0.000438  loss: 54.9725 (54.9725)  weight_decay: 0.0500 (0.0500)  grad_norm: 265.1578 (265.1578)  time: 18.6211  data: 13.7649  max mem: 34952
Epoch: [97]  [10/35]  eta: 0:01:04  lr: 0.000438  min_lr: 0.000438  loss: 54.9725 (55.4277)  weight_decay: 0.0500 (0.0500)  grad_norm: 182.0245 (203.0252)  time: 2.5927  data: 1.2516  max mem: 34952
Epoch: [97]  [20/35]  eta: 0:00:27  lr: 0.000438  min_lr: 0.000438  loss: 54.9090 (55.5319)  weight_decay: 0.0500 (0.0500)  grad_norm: 178.2326 (192.2256)  time: 0.9592  data: 0.0002  max mem: 34952
Epoch: [97]  [30/35]  eta: 0:00:07  lr: 0.000438  min_lr: 0.000438  loss: 53.8588 (54.9760)  weight_decay: 0.0500 (0.0500)  grad_norm: 212.6547 (202.5246)  time: 0.9285  data: 0.0002  max mem: 34952
Epoch: [97]  [34/35]  eta: 0:00:01  lr: 0.000437  min_lr: 0.000437  loss: 53.9052 (55.4433)  weight_decay: 0.0500 (0.0500)  grad_norm: 191.9075 (200.9220)  time: 0.9275  data: 0.0002  max mem: 34952
Epoch: [97] Total time: 0:00:51 (1.4722 s / it)
Averaged stats: lr: 0.000437  min_lr: 0.000437  loss: 53.9052 (54.2664)  weight_decay: 0.0500 (0.0500)  grad_norm: 191.9075 (200.9220)
Epoch: [98]  [ 0/35]  eta: 0:11:55  lr: 0.000437  min_lr: 0.000437  loss: 48.5966 (48.5966)  weight_decay: 0.0500 (0.0500)  grad_norm: 134.1639 (134.1639)  time: 20.4419  data: 17.6637  max mem: 34952
Epoch: [98]  [10/35]  eta: 0:01:08  lr: 0.000437  min_lr: 0.000437  loss: 54.2351 (53.3956)  weight_decay: 0.0500 (0.0500)  grad_norm: 147.3709 (176.6703)  time: 2.7375  data: 1.6060  max mem: 34952
Epoch: [98]  [20/35]  eta: 0:00:28  lr: 0.000437  min_lr: 0.000437  loss: 53.0411 (53.5166)  weight_decay: 0.0500 (0.0500)  grad_norm: 173.1124 (194.7263)  time: 0.9457  data: 0.0002  max mem: 34952
Epoch: [98]  [30/35]  eta: 0:00:07  lr: 0.000437  min_lr: 0.000437  loss: 53.9656 (53.9888)  weight_decay: 0.0500 (0.0500)  grad_norm: 188.4108 (194.3299)  time: 0.9251  data: 0.0002  max mem: 34952
Epoch: [98]  [34/35]  eta: 0:00:01  lr: 0.000437  min_lr: 0.000437  loss: 53.9656 (54.3387)  weight_decay: 0.0500 (0.0500)  grad_norm: 188.4108 (197.4929)  time: 0.9241  data: 0.0002  max mem: 34952
Epoch: [98] Total time: 0:00:53 (1.5174 s / it)
Averaged stats: lr: 0.000437  min_lr: 0.000437  loss: 53.9656 (53.8501)  weight_decay: 0.0500 (0.0500)  grad_norm: 188.4108 (197.4929)
Epoch: [99]  [ 0/35]  eta: 0:11:50  lr: 0.000437  min_lr: 0.000437  loss: 51.4259 (51.4259)  weight_decay: 0.0500 (0.0500)  grad_norm: 172.0266 (172.0266)  time: 20.3109  data: 15.0831  max mem: 34952
Epoch: [99]  [10/35]  eta: 0:01:07  lr: 0.000437  min_lr: 0.000437  loss: 53.9816 (54.4850)  weight_decay: 0.0500 (0.0500)  grad_norm: 203.3515 (199.8432)  time: 2.6909  data: 1.3714  max mem: 34952
Epoch: [99]  [20/35]  eta: 0:00:27  lr: 0.000437  min_lr: 0.000437  loss: 54.0987 (55.1940)  weight_decay: 0.0500 (0.0500)  grad_norm: 197.4946 (197.5896)  time: 0.9227  data: 0.0002  max mem: 34952
Epoch: [99]  [30/35]  eta: 0:00:07  lr: 0.000437  min_lr: 0.000437  loss: 54.0987 (54.4332)  weight_decay: 0.0500 (0.0500)  grad_norm: 220.1488 (214.5951)  time: 0.9123  data: 0.0001  max mem: 34952
Epoch: [99]  [34/35]  eta: 0:00:01  lr: 0.000436  min_lr: 0.000436  loss: 54.0987 (54.5162)  weight_decay: 0.0500 (0.0500)  grad_norm: 220.1488 (211.1770)  time: 0.9096  data: 0.0001  max mem: 34952
Epoch: [99] Total time: 0:00:52 (1.4913 s / it)
Averaged stats: lr: 0.000436  min_lr: 0.000436  loss: 54.0987 (53.7058)  weight_decay: 0.0500 (0.0500)  grad_norm: 220.1488 (211.1770)
Epoch: [100]  [ 0/35]  eta: 0:37:21  lr: 0.000436  min_lr: 0.000436  loss: 50.0034 (50.0034)  weight_decay: 0.0500 (0.0500)  grad_norm: 125.2126 (125.2126)  time: 64.0427  data: 57.5335  max mem: 34952
Epoch: [100]  [10/35]  eta: 0:02:48  lr: 0.000436  min_lr: 0.000436  loss: 51.4399 (52.4908)  weight_decay: 0.0500 (0.0500)  grad_norm: 250.1785 (245.9442)  time: 6.7508  data: 5.2305  max mem: 34952
Epoch: [100]  [20/35]  eta: 0:00:59  lr: 0.000436  min_lr: 0.000436  loss: 54.2952 (54.0565)  weight_decay: 0.0500 (0.0500)  grad_norm: 205.5334 (222.5029)  time: 0.9657  data: 0.0002  max mem: 34952
Epoch: [100]  [30/35]  eta: 0:00:14  lr: 0.000436  min_lr: 0.000436  loss: 54.4240 (53.8620)  weight_decay: 0.0500 (0.0500)  grad_norm: 210.7114 (228.2559)  time: 0.9084  data: 0.0001  max mem: 34952
Epoch: [100]  [34/35]  eta: 0:00:02  lr: 0.000436  min_lr: 0.000436  loss: 53.9302 (53.5725)  weight_decay: 0.0500 (0.0500)  grad_norm: 211.4145 (233.0077)  time: 0.9094  data: 0.0001  max mem: 34952
Epoch: [100] Total time: 0:01:36 (2.7656 s / it)
Averaged stats: lr: 0.000436  min_lr: 0.000436  loss: 53.9302 (53.1578)  weight_decay: 0.0500 (0.0500)  grad_norm: 211.4145 (233.0077)
[Eval]   [0/1]  eta: 0:00:03  loss: 77.2677 (77.2677)  time: 3.6686  data: 3.5674  max mem: 34952
[Eval]  Total time: 0:00:03 (3.9732 s / it)
Eval averaged stats: loss: 77.2677 (72.9995)
Epoch: [101]  [ 0/35]  eta: 0:11:16  lr: 0.000436  min_lr: 0.000436  loss: 51.6881 (51.6881)  weight_decay: 0.0500 (0.0500)  grad_norm: 299.1795 (299.1795)  time: 19.3408  data: 14.4181  max mem: 34952
Epoch: [101]  [10/35]  eta: 0:01:04  lr: 0.000436  min_lr: 0.000436  loss: 53.1020 (51.8846)  weight_decay: 0.0500 (0.0500)  grad_norm: 272.8855 (258.5849)  time: 2.5908  data: 1.3109  max mem: 34952
Epoch: [101]  [20/35]  eta: 0:00:26  lr: 0.000436  min_lr: 0.000436  loss: 53.1020 (52.5842)  weight_decay: 0.0500 (0.0500)  grad_norm: 190.9844 (209.1195)  time: 0.9120  data: 0.0002  max mem: 34952
Epoch: [101]  [30/35]  eta: 0:00:07  lr: 0.000435  min_lr: 0.000435  loss: 52.1969 (52.1827)  weight_decay: 0.0500 (0.0500)  grad_norm: 157.7499 (196.0780)  time: 0.9098  data: 0.0002  max mem: 34952
Epoch: [101]  [34/35]  eta: 0:00:01  lr: 0.000435  min_lr: 0.000435  loss: 52.1969 (52.6051)  weight_decay: 0.0500 (0.0500)  grad_norm: 165.4457 (195.3632)  time: 0.9086  data: 0.0002  max mem: 34952
Epoch: [101] Total time: 0:00:51 (1.4611 s / it)
Averaged stats: lr: 0.000435  min_lr: 0.000435  loss: 52.1969 (52.2963)  weight_decay: 0.0500 (0.0500)  grad_norm: 165.4457 (195.3632)
Epoch: [102]  [ 0/35]  eta: 0:10:47  lr: 0.000435  min_lr: 0.000435  loss: 49.8161 (49.8161)  weight_decay: 0.0500 (0.0500)  grad_norm: 199.1442 (199.1442)  time: 18.5044  data: 17.0557  max mem: 34952
Epoch: [102]  [10/35]  eta: 0:01:04  lr: 0.000435  min_lr: 0.000435  loss: 51.2405 (51.5521)  weight_decay: 0.0500 (0.0500)  grad_norm: 247.6264 (237.7272)  time: 2.5683  data: 1.5507  max mem: 34952
Epoch: [102]  [20/35]  eta: 0:00:26  lr: 0.000435  min_lr: 0.000435  loss: 52.7256 (53.0355)  weight_decay: 0.0500 (0.0500)  grad_norm: 247.6264 (232.1685)  time: 0.9455  data: 0.0002  max mem: 34952
Epoch: [102]  [30/35]  eta: 0:00:07  lr: 0.000435  min_lr: 0.000435  loss: 52.7256 (52.6241)  weight_decay: 0.0500 (0.0500)  grad_norm: 203.7961 (218.0880)  time: 0.9158  data: 0.0001  max mem: 34952
Epoch: [102]  [34/35]  eta: 0:00:01  lr: 0.000435  min_lr: 0.000435  loss: 52.6104 (52.7352)  weight_decay: 0.0500 (0.0500)  grad_norm: 177.2573 (212.7815)  time: 0.9141  data: 0.0001  max mem: 34952
Epoch: [102] Total time: 0:00:51 (1.4583 s / it)
Averaged stats: lr: 0.000435  min_lr: 0.000435  loss: 52.6104 (51.9904)  weight_decay: 0.0500 (0.0500)  grad_norm: 177.2573 (212.7815)
Epoch: [103]  [ 0/35]  eta: 0:10:52  lr: 0.000435  min_lr: 0.000435  loss: 45.0654 (45.0654)  weight_decay: 0.0500 (0.0500)  grad_norm: 107.9127 (107.9127)  time: 18.6519  data: 17.6868  max mem: 34952
Epoch: [103]  [10/35]  eta: 0:01:03  lr: 0.000435  min_lr: 0.000435  loss: 51.5811 (50.4294)  weight_decay: 0.0500 (0.0500)  grad_norm: 233.0326 (235.3310)  time: 2.5292  data: 1.6080  max mem: 34952
Epoch: [103]  [20/35]  eta: 0:00:26  lr: 0.000434  min_lr: 0.000434  loss: 52.1308 (51.9177)  weight_decay: 0.0500 (0.0500)  grad_norm: 258.8504 (283.1972)  time: 0.9144  data: 0.0002  max mem: 34952
Epoch: [103]  [30/35]  eta: 0:00:07  lr: 0.000434  min_lr: 0.000434  loss: 53.1263 (51.7634)  weight_decay: 0.0500 (0.0500)  grad_norm: 291.7800 (271.1460)  time: 0.9120  data: 0.0002  max mem: 34952
Epoch: [103]  [34/35]  eta: 0:00:01  lr: 0.000434  min_lr: 0.000434  loss: 53.5756 (52.1892)  weight_decay: 0.0500 (0.0500)  grad_norm: 277.9129 (272.0645)  time: 0.9128  data: 0.0002  max mem: 34952
Epoch: [103] Total time: 0:00:50 (1.4412 s / it)
Averaged stats: lr: 0.000434  min_lr: 0.000434  loss: 53.5756 (51.8673)  weight_decay: 0.0500 (0.0500)  grad_norm: 277.9129 (272.0645)
Epoch: [104]  [ 0/35]  eta: 0:11:01  lr: 0.000434  min_lr: 0.000434  loss: 52.3273 (52.3273)  weight_decay: 0.0500 (0.0500)  grad_norm: 294.3547 (294.3547)  time: 18.8885  data: 13.8439  max mem: 34952
Epoch: [104]  [10/35]  eta: 0:01:03  lr: 0.000434  min_lr: 0.000434  loss: 50.8673 (50.3173)  weight_decay: 0.0500 (0.0500)  grad_norm: 203.6840 (187.5615)  time: 2.5512  data: 1.2587  max mem: 34952
Epoch: [104]  [20/35]  eta: 0:00:26  lr: 0.000434  min_lr: 0.000434  loss: 51.2778 (51.5906)  weight_decay: 0.0500 (0.0500)  grad_norm: 158.0452 (173.6521)  time: 0.9167  data: 0.0002  max mem: 34952
Epoch: [104]  [30/35]  eta: 0:00:07  lr: 0.000434  min_lr: 0.000434  loss: 52.1385 (51.0619)  weight_decay: 0.0500 (0.0500)  grad_norm: 176.8831 (183.0340)  time: 0.9129  data: 0.0002  max mem: 34952
Epoch: [104]  [34/35]  eta: 0:00:01  lr: 0.000434  min_lr: 0.000434  loss: 50.5034 (51.2759)  weight_decay: 0.0500 (0.0500)  grad_norm: 179.0299 (186.6028)  time: 0.9105  data: 0.0002  max mem: 34952
Epoch: [104] Total time: 0:00:50 (1.4503 s / it)
Averaged stats: lr: 0.000434  min_lr: 0.000434  loss: 50.5034 (51.0239)  weight_decay: 0.0500 (0.0500)  grad_norm: 179.0299 (186.6028)
Epoch: [105]  [ 0/35]  eta: 0:11:38  lr: 0.000434  min_lr: 0.000434  loss: 54.0599 (54.0599)  weight_decay: 0.0500 (0.0500)  grad_norm: 255.6763 (255.6763)  time: 19.9685  data: 13.5973  max mem: 34952
Epoch: [105]  [10/35]  eta: 0:01:06  lr: 0.000433  min_lr: 0.000433  loss: 52.7063 (51.5583)  weight_decay: 0.0500 (0.0500)  grad_norm: 239.5422 (227.0001)  time: 2.6453  data: 1.2363  max mem: 34952
Epoch: [105]  [20/35]  eta: 0:00:27  lr: 0.000433  min_lr: 0.000433  loss: 51.9156 (51.6343)  weight_decay: 0.0500 (0.0500)  grad_norm: 230.5537 (224.5056)  time: 0.9116  data: 0.0002  max mem: 34952
Epoch: [105]  [30/35]  eta: 0:00:07  lr: 0.000433  min_lr: 0.000433  loss: 50.7601 (51.0798)  weight_decay: 0.0500 (0.0500)  grad_norm: 227.6099 (222.1795)  time: 0.9112  data: 0.0002  max mem: 34952
Epoch: [105]  [34/35]  eta: 0:00:01  lr: 0.000433  min_lr: 0.000433  loss: 51.5221 (51.1782)  weight_decay: 0.0500 (0.0500)  grad_norm: 193.7440 (224.6461)  time: 0.9107  data: 0.0002  max mem: 34952
Epoch: [105] Total time: 0:00:51 (1.4783 s / it)
Averaged stats: lr: 0.000433  min_lr: 0.000433  loss: 51.5221 (50.8310)  weight_decay: 0.0500 (0.0500)  grad_norm: 193.7440 (224.6461)
Epoch: [106]  [ 0/35]  eta: 0:10:52  lr: 0.000433  min_lr: 0.000433  loss: 47.3584 (47.3584)  weight_decay: 0.0500 (0.0500)  grad_norm: 375.8994 (375.8994)  time: 18.6533  data: 13.8473  max mem: 34952
Epoch: [106]  [10/35]  eta: 0:01:03  lr: 0.000433  min_lr: 0.000433  loss: 49.3779 (49.5414)  weight_decay: 0.0500 (0.0500)  grad_norm: 358.5045 (335.9246)  time: 2.5578  data: 1.2592  max mem: 34952
Epoch: [106]  [20/35]  eta: 0:00:26  lr: 0.000433  min_lr: 0.000433  loss: 50.7264 (51.3410)  weight_decay: 0.0500 (0.0500)  grad_norm: 316.2784 (308.2952)  time: 0.9291  data: 0.0003  max mem: 34952
Epoch: [106]  [30/35]  eta: 0:00:07  lr: 0.000433  min_lr: 0.000433  loss: 51.7680 (51.3286)  weight_decay: 0.0500 (0.0500)  grad_norm: 252.7692 (286.3793)  time: 0.9107  data: 0.0002  max mem: 34952
Epoch: [106]  [34/35]  eta: 0:00:01  lr: 0.000432  min_lr: 0.000432  loss: 51.1866 (51.3849)  weight_decay: 0.0500 (0.0500)  grad_norm: 249.7386 (286.4074)  time: 0.9090  data: 0.0002  max mem: 34952
Epoch: [106] Total time: 0:00:50 (1.4514 s / it)
Averaged stats: lr: 0.000432  min_lr: 0.000432  loss: 51.1866 (50.3989)  weight_decay: 0.0500 (0.0500)  grad_norm: 249.7386 (286.4074)
Epoch: [107]  [ 0/35]  eta: 0:10:48  lr: 0.000432  min_lr: 0.000432  loss: 49.2865 (49.2865)  weight_decay: 0.0500 (0.0500)  grad_norm: 296.1240 (296.1240)  time: 18.5420  data: 13.0874  max mem: 34952
Epoch: [107]  [10/35]  eta: 0:01:03  lr: 0.000432  min_lr: 0.000432  loss: 49.2865 (48.0993)  weight_decay: 0.0500 (0.0500)  grad_norm: 296.1240 (280.7852)  time: 2.5521  data: 1.1899  max mem: 34952
Epoch: [107]  [20/35]  eta: 0:00:26  lr: 0.000432  min_lr: 0.000432  loss: 50.8426 (49.4018)  weight_decay: 0.0500 (0.0500)  grad_norm: 217.1381 (244.6831)  time: 0.9312  data: 0.0002  max mem: 34952
Epoch: [107]  [30/35]  eta: 0:00:07  lr: 0.000432  min_lr: 0.000432  loss: 49.1635 (48.9905)  weight_decay: 0.0500 (0.0500)  grad_norm: 181.8927 (224.5031)  time: 0.9091  data: 0.0002  max mem: 34952
Epoch: [107]  [34/35]  eta: 0:00:01  lr: 0.000432  min_lr: 0.000432  loss: 50.8426 (49.4915)  weight_decay: 0.0500 (0.0500)  grad_norm: 172.0049 (218.7835)  time: 0.9090  data: 0.0002  max mem: 34952
Epoch: [107] Total time: 0:00:50 (1.4491 s / it)
Averaged stats: lr: 0.000432  min_lr: 0.000432  loss: 50.8426 (49.7675)  weight_decay: 0.0500 (0.0500)  grad_norm: 172.0049 (218.7835)
Epoch: [108]  [ 0/35]  eta: 0:10:32  lr: 0.000432  min_lr: 0.000432  loss: 47.4867 (47.4867)  weight_decay: 0.0500 (0.0500)  grad_norm: 148.6586 (148.6586)  time: 18.0718  data: 14.2913  max mem: 34952
Epoch: [108]  [10/35]  eta: 0:01:03  lr: 0.000432  min_lr: 0.000432  loss: 49.1940 (50.0214)  weight_decay: 0.0500 (0.0500)  grad_norm: 175.3543 (187.8736)  time: 2.5404  data: 1.2994  max mem: 34952
Epoch: [108]  [20/35]  eta: 0:00:26  lr: 0.000431  min_lr: 0.000431  loss: 50.0237 (50.6160)  weight_decay: 0.0500 (0.0500)  grad_norm: 219.0390 (220.0403)  time: 0.9484  data: 0.0002  max mem: 34952
Epoch: [108]  [30/35]  eta: 0:00:07  lr: 0.000431  min_lr: 0.000431  loss: 50.2826 (49.9706)  weight_decay: 0.0500 (0.0500)  grad_norm: 233.7265 (224.8290)  time: 0.9104  data: 0.0002  max mem: 34952
Epoch: [108]  [34/35]  eta: 0:00:01  lr: 0.000431  min_lr: 0.000431  loss: 49.3797 (50.1372)  weight_decay: 0.0500 (0.0500)  grad_norm: 189.7387 (219.8804)  time: 0.9110  data: 0.0002  max mem: 34952
Epoch: [108] Total time: 0:00:50 (1.4464 s / it)
Averaged stats: lr: 0.000431  min_lr: 0.000431  loss: 49.3797 (49.6948)  weight_decay: 0.0500 (0.0500)  grad_norm: 189.7387 (219.8804)
Epoch: [109]  [ 0/35]  eta: 0:10:17  lr: 0.000431  min_lr: 0.000431  loss: 47.0743 (47.0743)  weight_decay: 0.0500 (0.0500)  grad_norm: 196.2125 (196.2125)  time: 17.6321  data: 14.7612  max mem: 34952
Epoch: [109]  [10/35]  eta: 0:01:02  lr: 0.000431  min_lr: 0.000431  loss: 47.0743 (48.8626)  weight_decay: 0.0500 (0.0500)  grad_norm: 196.2125 (206.8775)  time: 2.5074  data: 1.3421  max mem: 34952
Epoch: [109]  [20/35]  eta: 0:00:26  lr: 0.000431  min_lr: 0.000431  loss: 47.5882 (49.3340)  weight_decay: 0.0500 (0.0500)  grad_norm: 203.6140 (201.9641)  time: 0.9530  data: 0.0002  max mem: 34952
Epoch: [109]  [30/35]  eta: 0:00:07  lr: 0.000431  min_lr: 0.000431  loss: 48.8758 (49.6374)  weight_decay: 0.0500 (0.0500)  grad_norm: 179.3585 (190.6987)  time: 0.9090  data: 0.0002  max mem: 34952
Epoch: [109]  [34/35]  eta: 0:00:01  lr: 0.000431  min_lr: 0.000431  loss: 49.3373 (49.6161)  weight_decay: 0.0500 (0.0500)  grad_norm: 143.8750 (183.1337)  time: 0.9072  data: 0.0002  max mem: 34952
Epoch: [109] Total time: 0:00:50 (1.4331 s / it)
Averaged stats: lr: 0.000431  min_lr: 0.000431  loss: 49.3373 (49.2592)  weight_decay: 0.0500 (0.0500)  grad_norm: 143.8750 (183.1337)
Epoch: [110]  [ 0/35]  eta: 0:11:39  lr: 0.000431  min_lr: 0.000431  loss: 47.8909 (47.8909)  weight_decay: 0.0500 (0.0500)  grad_norm: 125.2770 (125.2770)  time: 19.9760  data: 18.9951  max mem: 34952
Epoch: [110]  [10/35]  eta: 0:01:06  lr: 0.000430  min_lr: 0.000430  loss: 47.8909 (48.2983)  weight_decay: 0.0500 (0.0500)  grad_norm: 239.1491 (222.4500)  time: 2.6485  data: 1.7270  max mem: 34952
Epoch: [110]  [20/35]  eta: 0:00:27  lr: 0.000430  min_lr: 0.000430  loss: 49.9117 (49.4735)  weight_decay: 0.0500 (0.0500)  grad_norm: 249.5750 (249.0939)  time: 0.9153  data: 0.0002  max mem: 34952
Epoch: [110]  [30/35]  eta: 0:00:07  lr: 0.000430  min_lr: 0.000430  loss: 51.1975 (49.5895)  weight_decay: 0.0500 (0.0500)  grad_norm: 258.5893 (255.1384)  time: 0.9145  data: 0.0002  max mem: 34952
Epoch: [110]  [34/35]  eta: 0:00:01  lr: 0.000430  min_lr: 0.000430  loss: 51.1449 (49.7196)  weight_decay: 0.0500 (0.0500)  grad_norm: 258.5893 (254.4431)  time: 0.9110  data: 0.0002  max mem: 34952
Epoch: [110] Total time: 0:00:51 (1.4804 s / it)
Averaged stats: lr: 0.000430  min_lr: 0.000430  loss: 51.1449 (49.1529)  weight_decay: 0.0500 (0.0500)  grad_norm: 258.5893 (254.4431)
Epoch: [111]  [ 0/35]  eta: 0:10:51  lr: 0.000430  min_lr: 0.000430  loss: 43.0223 (43.0223)  weight_decay: 0.0500 (0.0500)  grad_norm: 247.2623 (247.2623)  time: 18.6077  data: 11.9875  max mem: 34952
Epoch: [111]  [10/35]  eta: 0:01:03  lr: 0.000430  min_lr: 0.000430  loss: 47.7515 (47.6960)  weight_decay: 0.0500 (0.0500)  grad_norm: 172.7933 (178.0792)  time: 2.5229  data: 1.0900  max mem: 34952
Epoch: [111]  [20/35]  eta: 0:00:26  lr: 0.000430  min_lr: 0.000430  loss: 49.3680 (48.8525)  weight_decay: 0.0500 (0.0500)  grad_norm: 172.7933 (187.5498)  time: 0.9130  data: 0.0002  max mem: 34952
Epoch: [111]  [30/35]  eta: 0:00:07  lr: 0.000429  min_lr: 0.000429  loss: 49.9993 (49.0936)  weight_decay: 0.0500 (0.0500)  grad_norm: 211.8757 (204.0864)  time: 0.9108  data: 0.0001  max mem: 34952
Epoch: [111]  [34/35]  eta: 0:00:01  lr: 0.000429  min_lr: 0.000429  loss: 49.6051 (49.4191)  weight_decay: 0.0500 (0.0500)  grad_norm: 211.8757 (211.7347)  time: 0.9085  data: 0.0001  max mem: 34952
Epoch: [111] Total time: 0:00:50 (1.4386 s / it)
Averaged stats: lr: 0.000429  min_lr: 0.000429  loss: 49.6051 (48.0728)  weight_decay: 0.0500 (0.0500)  grad_norm: 211.8757 (211.7347)
Epoch: [112]  [ 0/35]  eta: 0:10:56  lr: 0.000429  min_lr: 0.000429  loss: 48.8253 (48.8253)  weight_decay: 0.0500 (0.0500)  grad_norm: 196.2258 (196.2258)  time: 18.7494  data: 14.8070  max mem: 34952
Epoch: [112]  [10/35]  eta: 0:01:03  lr: 0.000429  min_lr: 0.000429  loss: 47.5638 (47.3401)  weight_decay: 0.0500 (0.0500)  grad_norm: 196.2258 (215.9166)  time: 2.5501  data: 1.3463  max mem: 34952
Epoch: [112]  [20/35]  eta: 0:00:26  lr: 0.000429  min_lr: 0.000429  loss: 48.5903 (48.8626)  weight_decay: 0.0500 (0.0500)  grad_norm: 192.7628 (223.7399)  time: 0.9274  data: 0.0002  max mem: 34952
Epoch: [112]  [30/35]  eta: 0:00:07  lr: 0.000429  min_lr: 0.000429  loss: 49.5247 (48.5928)  weight_decay: 0.0500 (0.0500)  grad_norm: 192.7628 (218.3364)  time: 0.9255  data: 0.0001  max mem: 34952
Epoch: [112]  [34/35]  eta: 0:00:01  lr: 0.000429  min_lr: 0.000429  loss: 48.5903 (48.6960)  weight_decay: 0.0500 (0.0500)  grad_norm: 197.0977 (219.8580)  time: 0.9269  data: 0.0001  max mem: 34952
Epoch: [112] Total time: 0:00:51 (1.4584 s / it)
Averaged stats: lr: 0.000429  min_lr: 0.000429  loss: 48.5903 (48.2701)  weight_decay: 0.0500 (0.0500)  grad_norm: 197.0977 (219.8580)
Epoch: [113]  [ 0/35]  eta: 0:11:20  lr: 0.000429  min_lr: 0.000429  loss: 44.3768 (44.3768)  weight_decay: 0.0500 (0.0500)  grad_norm: 177.2042 (177.2042)  time: 19.4322  data: 14.5006  max mem: 34952
Epoch: [113]  [10/35]  eta: 0:01:04  lr: 0.000428  min_lr: 0.000428  loss: 44.6355 (45.7685)  weight_decay: 0.0500 (0.0500)  grad_norm: 239.6490 (228.4591)  time: 2.5978  data: 1.3184  max mem: 34952
Epoch: [113]  [20/35]  eta: 0:00:26  lr: 0.000428  min_lr: 0.000428  loss: 46.6490 (47.6709)  weight_decay: 0.0500 (0.0500)  grad_norm: 217.3562 (218.2599)  time: 0.9122  data: 0.0002  max mem: 34952
Epoch: [113]  [30/35]  eta: 0:00:07  lr: 0.000428  min_lr: 0.000428  loss: 48.0864 (47.2867)  weight_decay: 0.0500 (0.0500)  grad_norm: 211.7301 (224.9467)  time: 0.9104  data: 0.0002  max mem: 34952
Epoch: [113]  [34/35]  eta: 0:00:01  lr: 0.000428  min_lr: 0.000428  loss: 47.7192 (47.7915)  weight_decay: 0.0500 (0.0500)  grad_norm: 189.3148 (219.0798)  time: 0.9100  data: 0.0002  max mem: 34952
Epoch: [113] Total time: 0:00:51 (1.4640 s / it)
Averaged stats: lr: 0.000428  min_lr: 0.000428  loss: 47.7192 (47.7403)  weight_decay: 0.0500 (0.0500)  grad_norm: 189.3148 (219.0798)
Epoch: [114]  [ 0/35]  eta: 0:11:09  lr: 0.000428  min_lr: 0.000428  loss: 49.7412 (49.7412)  weight_decay: 0.0500 (0.0500)  grad_norm: 257.5198 (257.5198)  time: 19.1255  data: 14.4792  max mem: 34952
Epoch: [114]  [10/35]  eta: 0:01:04  lr: 0.000428  min_lr: 0.000428  loss: 48.3730 (47.4684)  weight_decay: 0.0500 (0.0500)  grad_norm: 231.4646 (225.1674)  time: 2.5697  data: 1.3164  max mem: 34952
Epoch: [114]  [20/35]  eta: 0:00:26  lr: 0.000428  min_lr: 0.000428  loss: 46.4833 (47.4509)  weight_decay: 0.0500 (0.0500)  grad_norm: 171.1051 (200.4363)  time: 0.9137  data: 0.0002  max mem: 34952
Epoch: [114]  [30/35]  eta: 0:00:07  lr: 0.000427  min_lr: 0.000427  loss: 47.3378 (47.6375)  weight_decay: 0.0500 (0.0500)  grad_norm: 171.1051 (205.4969)  time: 0.9128  data: 0.0002  max mem: 34952
Epoch: [114]  [34/35]  eta: 0:00:01  lr: 0.000427  min_lr: 0.000427  loss: 46.6003 (47.5268)  weight_decay: 0.0500 (0.0500)  grad_norm: 197.4223 (213.5655)  time: 0.9113  data: 0.0002  max mem: 34952
Epoch: [114] Total time: 0:00:50 (1.4564 s / it)
Averaged stats: lr: 0.000427  min_lr: 0.000427  loss: 46.6003 (47.5758)  weight_decay: 0.0500 (0.0500)  grad_norm: 197.4223 (213.5655)
Epoch: [115]  [ 0/35]  eta: 0:10:50  lr: 0.000427  min_lr: 0.000427  loss: 45.7419 (45.7419)  weight_decay: 0.0500 (0.0500)  grad_norm: 169.3329 (169.3329)  time: 18.5723  data: 17.3388  max mem: 34952
Epoch: [115]  [10/35]  eta: 0:01:03  lr: 0.000427  min_lr: 0.000427  loss: 45.8150 (46.1977)  weight_decay: 0.0500 (0.0500)  grad_norm: 284.5732 (261.8951)  time: 2.5210  data: 1.5764  max mem: 34952
Epoch: [115]  [20/35]  eta: 0:00:26  lr: 0.000427  min_lr: 0.000427  loss: 48.1785 (48.1357)  weight_decay: 0.0500 (0.0500)  grad_norm: 240.1338 (247.5401)  time: 0.9130  data: 0.0001  max mem: 34952
Epoch: [115]  [30/35]  eta: 0:00:07  lr: 0.000427  min_lr: 0.000427  loss: 48.8442 (47.8311)  weight_decay: 0.0500 (0.0500)  grad_norm: 218.2340 (245.2012)  time: 0.9108  data: 0.0001  max mem: 34952
Epoch: [115]  [34/35]  eta: 0:00:01  lr: 0.000427  min_lr: 0.000427  loss: 48.8442 (48.0049)  weight_decay: 0.0500 (0.0500)  grad_norm: 208.8676 (236.7267)  time: 0.9110  data: 0.0001  max mem: 34952
Epoch: [115] Total time: 0:00:50 (1.4386 s / it)
Averaged stats: lr: 0.000427  min_lr: 0.000427  loss: 48.8442 (47.1996)  weight_decay: 0.0500 (0.0500)  grad_norm: 208.8676 (236.7267)
Epoch: [116]  [ 0/35]  eta: 0:10:58  lr: 0.000427  min_lr: 0.000427  loss: 44.7205 (44.7205)  weight_decay: 0.0500 (0.0500)  grad_norm: 304.6928 (304.6928)  time: 18.8112  data: 13.4625  max mem: 34952
Epoch: [116]  [10/35]  eta: 0:01:03  lr: 0.000426  min_lr: 0.000426  loss: 46.1038 (47.1114)  weight_decay: 0.0500 (0.0500)  grad_norm: 304.6928 (278.6523)  time: 2.5502  data: 1.2240  max mem: 34952
Epoch: [116]  [20/35]  eta: 0:00:26  lr: 0.000426  min_lr: 0.000426  loss: 46.8998 (47.7767)  weight_decay: 0.0500 (0.0500)  grad_norm: 307.7307 (289.0831)  time: 0.9181  data: 0.0002  max mem: 34952
Epoch: [116]  [30/35]  eta: 0:00:07  lr: 0.000426  min_lr: 0.000426  loss: 47.6739 (47.7722)  weight_decay: 0.0500 (0.0500)  grad_norm: 312.4885 (292.4866)  time: 0.9076  data: 0.0002  max mem: 34952
Epoch: [116]  [34/35]  eta: 0:00:01  lr: 0.000426  min_lr: 0.000426  loss: 47.6739 (47.8141)  weight_decay: 0.0500 (0.0500)  grad_norm: 240.7108 (282.1662)  time: 0.9079  data: 0.0002  max mem: 34952
Epoch: [116] Total time: 0:00:50 (1.4447 s / it)
Averaged stats: lr: 0.000426  min_lr: 0.000426  loss: 47.6739 (47.4121)  weight_decay: 0.0500 (0.0500)  grad_norm: 240.7108 (282.1662)
Epoch: [117]  [ 0/35]  eta: 0:11:24  lr: 0.000426  min_lr: 0.000426  loss: 44.0039 (44.0039)  weight_decay: 0.0500 (0.0500)  grad_norm: 130.4979 (130.4979)  time: 19.5517  data: 12.6646  max mem: 34952
Epoch: [117]  [10/35]  eta: 0:01:05  lr: 0.000426  min_lr: 0.000426  loss: 45.0660 (45.8029)  weight_decay: 0.0500 (0.0500)  grad_norm: 175.8076 (192.6026)  time: 2.6075  data: 1.1515  max mem: 34952
Epoch: [117]  [20/35]  eta: 0:00:26  lr: 0.000425  min_lr: 0.000425  loss: 45.4823 (46.1598)  weight_decay: 0.0500 (0.0500)  grad_norm: 173.1842 (184.6354)  time: 0.9111  data: 0.0002  max mem: 34952
Epoch: [117]  [30/35]  eta: 0:00:07  lr: 0.000425  min_lr: 0.000425  loss: 45.4196 (45.9117)  weight_decay: 0.0500 (0.0500)  grad_norm: 187.7017 (211.5234)  time: 0.9092  data: 0.0002  max mem: 34952
Epoch: [117]  [34/35]  eta: 0:00:01  lr: 0.000425  min_lr: 0.000425  loss: 45.4196 (46.2183)  weight_decay: 0.0500 (0.0500)  grad_norm: 204.2263 (217.2619)  time: 0.9076  data: 0.0002  max mem: 34952
Epoch: [117] Total time: 0:00:51 (1.4641 s / it)
Averaged stats: lr: 0.000425  min_lr: 0.000425  loss: 45.4196 (46.2306)  weight_decay: 0.0500 (0.0500)  grad_norm: 204.2263 (217.2619)
Epoch: [118]  [ 0/35]  eta: 0:11:40  lr: 0.000425  min_lr: 0.000425  loss: 49.0627 (49.0627)  weight_decay: 0.0500 (0.0500)  grad_norm: 368.9124 (368.9124)  time: 20.0156  data: 13.1015  max mem: 34952
Epoch: [118]  [10/35]  eta: 0:01:06  lr: 0.000425  min_lr: 0.000425  loss: 46.5194 (45.8782)  weight_decay: 0.0500 (0.0500)  grad_norm: 344.0580 (306.5564)  time: 2.6539  data: 1.1912  max mem: 34952
Epoch: [118]  [20/35]  eta: 0:00:27  lr: 0.000425  min_lr: 0.000425  loss: 46.6199 (46.9750)  weight_decay: 0.0500 (0.0500)  grad_norm: 344.0580 (316.3259)  time: 0.9138  data: 0.0002  max mem: 34952
Epoch: [118]  [30/35]  eta: 0:00:07  lr: 0.000424  min_lr: 0.000424  loss: 47.4412 (46.3280)  weight_decay: 0.0500 (0.0500)  grad_norm: 381.0569 (336.8989)  time: 0.9170  data: 0.0002  max mem: 34952
Epoch: [118]  [34/35]  eta: 0:00:01  lr: 0.000424  min_lr: 0.000424  loss: 44.7824 (46.2345)  weight_decay: 0.0500 (0.0500)  grad_norm: 346.2842 (331.8794)  time: 0.9180  data: 0.0002  max mem: 34952
Epoch: [118] Total time: 0:00:52 (1.4859 s / it)
Averaged stats: lr: 0.000424  min_lr: 0.000424  loss: 44.7824 (46.4538)  weight_decay: 0.0500 (0.0500)  grad_norm: 346.2842 (331.8794)
Epoch: [119]  [ 0/35]  eta: 0:11:50  lr: 0.000424  min_lr: 0.000424  loss: 49.7032 (49.7032)  weight_decay: 0.0500 (0.0500)  grad_norm: 379.4496 (379.4496)  time: 20.3044  data: 14.1885  max mem: 34952
Epoch: [119]  [10/35]  eta: 0:01:06  lr: 0.000424  min_lr: 0.000424  loss: 44.7607 (44.5911)  weight_decay: 0.0500 (0.0500)  grad_norm: 179.1446 (190.7730)  time: 2.6797  data: 1.2901  max mem: 34952
Epoch: [119]  [20/35]  eta: 0:00:27  lr: 0.000424  min_lr: 0.000424  loss: 45.0975 (45.7717)  weight_decay: 0.0500 (0.0500)  grad_norm: 152.3717 (180.9276)  time: 0.9137  data: 0.0002  max mem: 34952
Epoch: [119]  [30/35]  eta: 0:00:07  lr: 0.000424  min_lr: 0.000424  loss: 45.0975 (45.5797)  weight_decay: 0.0500 (0.0500)  grad_norm: 189.3912 (190.9187)  time: 0.9098  data: 0.0002  max mem: 34952
Epoch: [119]  [34/35]  eta: 0:00:01  lr: 0.000424  min_lr: 0.000424  loss: 46.1686 (45.8973)  weight_decay: 0.0500 (0.0500)  grad_norm: 170.6734 (186.5411)  time: 0.9101  data: 0.0002  max mem: 34952
Epoch: [119] Total time: 0:00:52 (1.4894 s / it)
Averaged stats: lr: 0.000424  min_lr: 0.000424  loss: 46.1686 (45.6347)  weight_decay: 0.0500 (0.0500)  grad_norm: 170.6734 (186.5411)
Epoch: [120]  [ 0/35]  eta: 0:11:06  lr: 0.000424  min_lr: 0.000424  loss: 45.5940 (45.5940)  weight_decay: 0.0500 (0.0500)  grad_norm: 170.9601 (170.9601)  time: 19.0533  data: 15.8885  max mem: 34952
Epoch: [120]  [10/35]  eta: 0:01:04  lr: 0.000423  min_lr: 0.000423  loss: 45.5940 (43.8680)  weight_decay: 0.0500 (0.0500)  grad_norm: 172.8557 (204.3550)  time: 2.5791  data: 1.4446  max mem: 34952
Epoch: [120]  [20/35]  eta: 0:00:26  lr: 0.000423  min_lr: 0.000423  loss: 45.4731 (44.7272)  weight_decay: 0.0500 (0.0500)  grad_norm: 174.7126 (197.6015)  time: 0.9299  data: 0.0002  max mem: 34952
Epoch: [120]  [30/35]  eta: 0:00:07  lr: 0.000423  min_lr: 0.000423  loss: 45.4731 (44.8923)  weight_decay: 0.0500 (0.0500)  grad_norm: 174.7126 (187.7176)  time: 0.9288  data: 0.0002  max mem: 34952
Epoch: [120]  [34/35]  eta: 0:00:01  lr: 0.000423  min_lr: 0.000423  loss: 44.2987 (44.9414)  weight_decay: 0.0500 (0.0500)  grad_norm: 181.1786 (187.0289)  time: 0.9277  data: 0.0001  max mem: 34952
Epoch: [120] Total time: 0:00:51 (1.4698 s / it)
Averaged stats: lr: 0.000423  min_lr: 0.000423  loss: 44.2987 (45.2707)  weight_decay: 0.0500 (0.0500)  grad_norm: 181.1786 (187.0289)
Epoch: [121]  [ 0/35]  eta: 0:11:38  lr: 0.000423  min_lr: 0.000423  loss: 43.3848 (43.3848)  weight_decay: 0.0500 (0.0500)  grad_norm: 270.4761 (270.4761)  time: 19.9569  data: 13.8788  max mem: 34952
Epoch: [121]  [10/35]  eta: 0:01:06  lr: 0.000423  min_lr: 0.000423  loss: 44.3572 (44.7092)  weight_decay: 0.0500 (0.0500)  grad_norm: 274.4664 (282.9533)  time: 2.6414  data: 1.2619  max mem: 34952
Epoch: [121]  [20/35]  eta: 0:00:27  lr: 0.000422  min_lr: 0.000422  loss: 45.7866 (45.6415)  weight_decay: 0.0500 (0.0500)  grad_norm: 274.4664 (266.9593)  time: 0.9109  data: 0.0002  max mem: 34952
Epoch: [121]  [30/35]  eta: 0:00:07  lr: 0.000422  min_lr: 0.000422  loss: 45.7866 (45.0666)  weight_decay: 0.0500 (0.0500)  grad_norm: 219.6080 (251.0371)  time: 0.9110  data: 0.0001  max mem: 34952
Epoch: [121]  [34/35]  eta: 0:00:01  lr: 0.000422  min_lr: 0.000422  loss: 44.7493 (45.2053)  weight_decay: 0.0500 (0.0500)  grad_norm: 192.7232 (241.4143)  time: 0.9092  data: 0.0001  max mem: 34952
Epoch: [121] Total time: 0:00:51 (1.4765 s / it)
Averaged stats: lr: 0.000422  min_lr: 0.000422  loss: 44.7493 (45.7157)  weight_decay: 0.0500 (0.0500)  grad_norm: 192.7232 (241.4143)
Epoch: [122]  [ 0/35]  eta: 0:11:01  lr: 0.000422  min_lr: 0.000422  loss: 44.1683 (44.1683)  weight_decay: 0.0500 (0.0500)  grad_norm: 221.5180 (221.5180)  time: 18.9019  data: 15.4553  max mem: 34952
Epoch: [122]  [10/35]  eta: 0:01:03  lr: 0.000422  min_lr: 0.000422  loss: 45.2602 (45.2885)  weight_decay: 0.0500 (0.0500)  grad_norm: 191.7910 (204.7533)  time: 2.5463  data: 1.4052  max mem: 34952
Epoch: [122]  [20/35]  eta: 0:00:26  lr: 0.000422  min_lr: 0.000422  loss: 45.2602 (45.5920)  weight_decay: 0.0500 (0.0500)  grad_norm: 237.0175 (244.2153)  time: 0.9103  data: 0.0002  max mem: 34952
Epoch: [122]  [30/35]  eta: 0:00:07  lr: 0.000422  min_lr: 0.000422  loss: 44.7596 (45.2476)  weight_decay: 0.0500 (0.0500)  grad_norm: 296.8953 (269.2963)  time: 0.9095  data: 0.0002  max mem: 34952
Epoch: [122]  [34/35]  eta: 0:00:01  lr: 0.000421  min_lr: 0.000421  loss: 45.6088 (45.3448)  weight_decay: 0.0500 (0.0500)  grad_norm: 294.8680 (265.8040)  time: 0.9103  data: 0.0002  max mem: 34952
Epoch: [122] Total time: 0:00:50 (1.4451 s / it)
Averaged stats: lr: 0.000421  min_lr: 0.000421  loss: 45.6088 (44.6732)  weight_decay: 0.0500 (0.0500)  grad_norm: 294.8680 (265.8040)
Epoch: [123]  [ 0/35]  eta: 0:11:30  lr: 0.000421  min_lr: 0.000421  loss: 43.6961 (43.6961)  weight_decay: 0.0500 (0.0500)  grad_norm: 189.3480 (189.3480)  time: 19.7399  data: 15.9763  max mem: 34952
Epoch: [123]  [10/35]  eta: 0:01:05  lr: 0.000421  min_lr: 0.000421  loss: 42.8257 (42.4456)  weight_decay: 0.0500 (0.0500)  grad_norm: 189.3480 (201.6186)  time: 2.6281  data: 1.4526  max mem: 34952
Epoch: [123]  [20/35]  eta: 0:00:27  lr: 0.000421  min_lr: 0.000421  loss: 43.0080 (44.3298)  weight_decay: 0.0500 (0.0500)  grad_norm: 219.7037 (226.8538)  time: 0.9126  data: 0.0002  max mem: 34952
Epoch: [123]  [30/35]  eta: 0:00:07  lr: 0.000421  min_lr: 0.000421  loss: 44.4781 (44.2413)  weight_decay: 0.0500 (0.0500)  grad_norm: 230.0828 (235.1447)  time: 0.9205  data: 0.0002  max mem: 34952
Epoch: [123]  [34/35]  eta: 0:00:01  lr: 0.000421  min_lr: 0.000421  loss: 44.8013 (44.4605)  weight_decay: 0.0500 (0.0500)  grad_norm: 238.5748 (239.4665)  time: 0.9194  data: 0.0002  max mem: 34952
Epoch: [123] Total time: 0:00:51 (1.4797 s / it)
Averaged stats: lr: 0.000421  min_lr: 0.000421  loss: 44.8013 (44.5068)  weight_decay: 0.0500 (0.0500)  grad_norm: 238.5748 (239.4665)
Epoch: [124]  [ 0/35]  eta: 0:11:07  lr: 0.000421  min_lr: 0.000421  loss: 38.9895 (38.9895)  weight_decay: 0.0500 (0.0500)  grad_norm: 252.9570 (252.9570)  time: 19.0647  data: 16.2155  max mem: 34952
Epoch: [124]  [10/35]  eta: 0:01:03  lr: 0.000420  min_lr: 0.000420  loss: 43.0885 (43.0172)  weight_decay: 0.0500 (0.0500)  grad_norm: 252.9570 (252.8038)  time: 2.5583  data: 1.4743  max mem: 34952
Epoch: [124]  [20/35]  eta: 0:00:26  lr: 0.000420  min_lr: 0.000420  loss: 44.2734 (45.0207)  weight_decay: 0.0500 (0.0500)  grad_norm: 247.3189 (258.6959)  time: 0.9094  data: 0.0002  max mem: 34952
Epoch: [124]  [30/35]  eta: 0:00:07  lr: 0.000420  min_lr: 0.000420  loss: 47.0636 (45.0636)  weight_decay: 0.0500 (0.0500)  grad_norm: 307.1085 (298.2750)  time: 0.9122  data: 0.0002  max mem: 34952
Epoch: [124]  [34/35]  eta: 0:00:01  lr: 0.000420  min_lr: 0.000420  loss: 45.4735 (45.1254)  weight_decay: 0.0500 (0.0500)  grad_norm: 378.9980 (303.3817)  time: 0.9117  data: 0.0001  max mem: 34952
Epoch: [124] Total time: 0:00:50 (1.4525 s / it)
Averaged stats: lr: 0.000420  min_lr: 0.000420  loss: 45.4735 (44.6257)  weight_decay: 0.0500 (0.0500)  grad_norm: 378.9980 (303.3817)
Epoch: [125]  [ 0/35]  eta: 0:32:33  lr: 0.000420  min_lr: 0.000420  loss: 43.6897 (43.6897)  weight_decay: 0.0500 (0.0500)  grad_norm: 380.1916 (380.1916)  time: 55.8098  data: 53.3375  max mem: 34952
Epoch: [125]  [10/35]  eta: 0:02:27  lr: 0.000420  min_lr: 0.000420  loss: 44.5041 (43.2080)  weight_decay: 0.0500 (0.0500)  grad_norm: 188.9273 (226.8809)  time: 5.9102  data: 4.8490  max mem: 34952
Epoch: [125]  [20/35]  eta: 0:00:52  lr: 0.000419  min_lr: 0.000419  loss: 44.8871 (44.1970)  weight_decay: 0.0500 (0.0500)  grad_norm: 188.9273 (216.8149)  time: 0.9157  data: 0.0002  max mem: 34952
Epoch: [125]  [30/35]  eta: 0:00:13  lr: 0.000419  min_lr: 0.000419  loss: 44.8871 (44.5351)  weight_decay: 0.0500 (0.0500)  grad_norm: 202.9460 (211.7453)  time: 0.9114  data: 0.0002  max mem: 34952
Epoch: [125]  [34/35]  eta: 0:00:02  lr: 0.000419  min_lr: 0.000419  loss: 44.8871 (44.7887)  weight_decay: 0.0500 (0.0500)  grad_norm: 195.7218 (212.7339)  time: 0.9085  data: 0.0002  max mem: 34952
Epoch: [125] Total time: 0:01:27 (2.5045 s / it)
Averaged stats: lr: 0.000419  min_lr: 0.000419  loss: 44.8871 (44.3861)  weight_decay: 0.0500 (0.0500)  grad_norm: 195.7218 (212.7339)
[Eval]   [0/1]  eta: 0:00:03  loss: 56.9356 (56.9356)  time: 3.3305  data: 3.2326  max mem: 34952
[Eval]  Total time: 0:00:03 (3.6767 s / it)
Eval averaged stats: loss: 56.9356 (66.7372)
Epoch: [126]  [ 0/35]  eta: 0:11:28  lr: 0.000419  min_lr: 0.000419  loss: 45.3551 (45.3551)  weight_decay: 0.0500 (0.0500)  grad_norm: 131.3101 (131.3101)  time: 19.6638  data: 15.1167  max mem: 34952
Epoch: [126]  [10/35]  eta: 0:01:05  lr: 0.000419  min_lr: 0.000419  loss: 43.0150 (42.8437)  weight_decay: 0.0500 (0.0500)  grad_norm: 205.4763 (222.1305)  time: 2.6197  data: 1.3744  max mem: 34952
Epoch: [126]  [20/35]  eta: 0:00:27  lr: 0.000419  min_lr: 0.000419  loss: 43.4583 (44.1032)  weight_decay: 0.0500 (0.0500)  grad_norm: 195.6714 (223.7518)  time: 0.9140  data: 0.0002  max mem: 34952
Epoch: [126]  [30/35]  eta: 0:00:07  lr: 0.000418  min_lr: 0.000418  loss: 43.7419 (43.9200)  weight_decay: 0.0500 (0.0500)  grad_norm: 263.1931 (250.7746)  time: 0.9145  data: 0.0002  max mem: 34952
Epoch: [126]  [34/35]  eta: 0:00:01  lr: 0.000418  min_lr: 0.000418  loss: 43.9254 (44.0119)  weight_decay: 0.0500 (0.0500)  grad_norm: 212.0591 (249.7617)  time: 0.9133  data: 0.0002  max mem: 34952
Epoch: [126] Total time: 0:00:51 (1.4726 s / it)
Averaged stats: lr: 0.000418  min_lr: 0.000418  loss: 43.9254 (44.1785)  weight_decay: 0.0500 (0.0500)  grad_norm: 212.0591 (249.7617)
Epoch: [127]  [ 0/35]  eta: 0:10:54  lr: 0.000418  min_lr: 0.000418  loss: 34.7059 (34.7059)  weight_decay: 0.0500 (0.0500)  grad_norm: 195.9013 (195.9013)  time: 18.6914  data: 15.0366  max mem: 34952
Epoch: [127]  [10/35]  eta: 0:01:04  lr: 0.000418  min_lr: 0.000418  loss: 40.9142 (41.2812)  weight_decay: 0.0500 (0.0500)  grad_norm: 194.3105 (211.1940)  time: 2.5847  data: 1.3672  max mem: 34952
Epoch: [127]  [20/35]  eta: 0:00:26  lr: 0.000418  min_lr: 0.000418  loss: 42.7853 (42.7519)  weight_decay: 0.0500 (0.0500)  grad_norm: 194.3105 (234.3341)  time: 0.9425  data: 0.0002  max mem: 34952
Epoch: [127]  [30/35]  eta: 0:00:07  lr: 0.000418  min_lr: 0.000418  loss: 42.4139 (42.4849)  weight_decay: 0.0500 (0.0500)  grad_norm: 272.2077 (246.3569)  time: 0.9116  data: 0.0002  max mem: 34952
Epoch: [127]  [34/35]  eta: 0:00:01  lr: 0.000417  min_lr: 0.000417  loss: 42.4139 (42.7311)  weight_decay: 0.0500 (0.0500)  grad_norm: 251.7720 (245.5628)  time: 0.9089  data: 0.0002  max mem: 34952
Epoch: [127] Total time: 0:00:51 (1.4601 s / it)
Averaged stats: lr: 0.000417  min_lr: 0.000417  loss: 42.4139 (43.3010)  weight_decay: 0.0500 (0.0500)  grad_norm: 251.7720 (245.5628)
Epoch: [128]  [ 0/35]  eta: 0:10:34  lr: 0.000417  min_lr: 0.000417  loss: 41.5495 (41.5495)  weight_decay: 0.0500 (0.0500)  grad_norm: 149.5379 (149.5379)  time: 18.1361  data: 15.8812  max mem: 34952
Epoch: [128]  [10/35]  eta: 0:01:02  lr: 0.000417  min_lr: 0.000417  loss: 41.2626 (41.9930)  weight_decay: 0.0500 (0.0500)  grad_norm: 224.7351 (227.6385)  time: 2.4865  data: 1.4439  max mem: 34952
Epoch: [128]  [20/35]  eta: 0:00:26  lr: 0.000417  min_lr: 0.000417  loss: 41.6145 (42.5223)  weight_decay: 0.0500 (0.0500)  grad_norm: 200.3785 (214.3763)  time: 0.9182  data: 0.0002  max mem: 34952
Epoch: [128]  [30/35]  eta: 0:00:07  lr: 0.000417  min_lr: 0.000417  loss: 42.1586 (42.3766)  weight_decay: 0.0500 (0.0500)  grad_norm: 224.2868 (233.6525)  time: 0.9140  data: 0.0002  max mem: 34952
Epoch: [128]  [34/35]  eta: 0:00:01  lr: 0.000417  min_lr: 0.000417  loss: 42.7429 (42.6018)  weight_decay: 0.0500 (0.0500)  grad_norm: 257.8646 (247.9572)  time: 0.9116  data: 0.0002  max mem: 34952
Epoch: [128] Total time: 0:00:50 (1.4305 s / it)
Averaged stats: lr: 0.000417  min_lr: 0.000417  loss: 42.7429 (43.1095)  weight_decay: 0.0500 (0.0500)  grad_norm: 257.8646 (247.9572)
Epoch: [129]  [ 0/35]  eta: 0:11:00  lr: 0.000417  min_lr: 0.000417  loss: 45.3394 (45.3394)  weight_decay: 0.0500 (0.0500)  grad_norm: 380.6535 (380.6535)  time: 18.8615  data: 15.5411  max mem: 34952
Epoch: [129]  [10/35]  eta: 0:01:05  lr: 0.000416  min_lr: 0.000416  loss: 42.1097 (41.9552)  weight_decay: 0.0500 (0.0500)  grad_norm: 229.6209 (260.9577)  time: 2.6082  data: 1.4130  max mem: 34952
Epoch: [129]  [20/35]  eta: 0:00:27  lr: 0.000416  min_lr: 0.000416  loss: 42.9809 (43.0495)  weight_decay: 0.0500 (0.0500)  grad_norm: 216.6356 (235.9769)  time: 0.9843  data: 0.0002  max mem: 34952
Epoch: [129]  [30/35]  eta: 0:00:07  lr: 0.000416  min_lr: 0.000416  loss: 43.2035 (43.2030)  weight_decay: 0.0500 (0.0500)  grad_norm: 199.9458 (223.7147)  time: 0.9693  data: 0.0002  max mem: 34952
Epoch: [129]  [34/35]  eta: 0:00:01  lr: 0.000416  min_lr: 0.000416  loss: 43.2035 (43.0342)  weight_decay: 0.0500 (0.0500)  grad_norm: 192.5658 (217.3504)  time: 0.9529  data: 0.0002  max mem: 34952
Epoch: [129] Total time: 0:00:52 (1.5053 s / it)
Averaged stats: lr: 0.000416  min_lr: 0.000416  loss: 43.2035 (42.7232)  weight_decay: 0.0500 (0.0500)  grad_norm: 192.5658 (217.3504)
Epoch: [130]  [ 0/35]  eta: 0:11:09  lr: 0.000416  min_lr: 0.000416  loss: 40.3837 (40.3837)  weight_decay: 0.0500 (0.0500)  grad_norm: 214.4088 (214.4088)  time: 19.1271  data: 15.6458  max mem: 34952
Epoch: [130]  [10/35]  eta: 0:01:04  lr: 0.000416  min_lr: 0.000416  loss: 42.0152 (42.0041)  weight_decay: 0.0500 (0.0500)  grad_norm: 226.7051 (286.9390)  time: 2.5734  data: 1.4225  max mem: 34952
Epoch: [130]  [20/35]  eta: 0:00:26  lr: 0.000415  min_lr: 0.000415  loss: 43.0916 (43.4765)  weight_decay: 0.0500 (0.0500)  grad_norm: 244.1777 (286.8966)  time: 0.9153  data: 0.0002  max mem: 34952
Epoch: [130]  [30/35]  eta: 0:00:07  lr: 0.000415  min_lr: 0.000415  loss: 42.2984 (42.7803)  weight_decay: 0.0500 (0.0500)  grad_norm: 250.2363 (272.0849)  time: 0.9124  data: 0.0002  max mem: 34952
Epoch: [130]  [34/35]  eta: 0:00:01  lr: 0.000415  min_lr: 0.000415  loss: 41.9026 (43.3578)  weight_decay: 0.0500 (0.0500)  grad_norm: 214.1103 (260.7489)  time: 0.9109  data: 0.0002  max mem: 34952
Epoch: [130] Total time: 0:00:50 (1.4562 s / it)
Averaged stats: lr: 0.000415  min_lr: 0.000415  loss: 41.9026 (42.9164)  weight_decay: 0.0500 (0.0500)  grad_norm: 214.1103 (260.7489)
Epoch: [131]  [ 0/35]  eta: 0:10:59  lr: 0.000415  min_lr: 0.000415  loss: 41.1394 (41.1394)  weight_decay: 0.0500 (0.0500)  grad_norm: 234.2092 (234.2092)  time: 18.8358  data: 13.3020  max mem: 34952
Epoch: [131]  [10/35]  eta: 0:01:04  lr: 0.000415  min_lr: 0.000415  loss: 41.1394 (41.7196)  weight_decay: 0.0500 (0.0500)  grad_norm: 161.6906 (171.9670)  time: 2.5979  data: 1.2094  max mem: 34952
Epoch: [131]  [20/35]  eta: 0:00:26  lr: 0.000414  min_lr: 0.000414  loss: 42.4395 (42.9561)  weight_decay: 0.0500 (0.0500)  grad_norm: 171.9505 (184.2158)  time: 0.9457  data: 0.0002  max mem: 34952
Epoch: [131]  [30/35]  eta: 0:00:07  lr: 0.000414  min_lr: 0.000414  loss: 43.9041 (42.9714)  weight_decay: 0.0500 (0.0500)  grad_norm: 190.9226 (189.0665)  time: 0.9148  data: 0.0002  max mem: 34952
Epoch: [131]  [34/35]  eta: 0:00:01  lr: 0.000414  min_lr: 0.000414  loss: 44.0073 (43.0793)  weight_decay: 0.0500 (0.0500)  grad_norm: 168.7982 (185.1213)  time: 0.9140  data: 0.0002  max mem: 34952
Epoch: [131] Total time: 0:00:51 (1.4636 s / it)
Averaged stats: lr: 0.000414  min_lr: 0.000414  loss: 44.0073 (42.4161)  weight_decay: 0.0500 (0.0500)  grad_norm: 168.7982 (185.1213)
Epoch: [132]  [ 0/35]  eta: 0:10:35  lr: 0.000414  min_lr: 0.000414  loss: 45.0953 (45.0953)  weight_decay: 0.0500 (0.0500)  grad_norm: 166.9391 (166.9391)  time: 18.1706  data: 16.9956  max mem: 34952
Epoch: [132]  [10/35]  eta: 0:01:02  lr: 0.000414  min_lr: 0.000414  loss: 42.1596 (42.4852)  weight_decay: 0.0500 (0.0500)  grad_norm: 149.3977 (153.8840)  time: 2.4852  data: 1.5452  max mem: 34952
Epoch: [132]  [20/35]  eta: 0:00:26  lr: 0.000414  min_lr: 0.000414  loss: 43.5918 (43.0610)  weight_decay: 0.0500 (0.0500)  grad_norm: 149.3977 (154.3182)  time: 0.9150  data: 0.0002  max mem: 34952
Epoch: [132]  [30/35]  eta: 0:00:07  lr: 0.000413  min_lr: 0.000413  loss: 43.5918 (42.6864)  weight_decay: 0.0500 (0.0500)  grad_norm: 176.5786 (172.6100)  time: 0.9130  data: 0.0002  max mem: 34952
Epoch: [132]  [34/35]  eta: 0:00:01  lr: 0.000413  min_lr: 0.000413  loss: 41.8268 (42.6230)  weight_decay: 0.0500 (0.0500)  grad_norm: 183.1497 (178.2876)  time: 0.9117  data: 0.0002  max mem: 34952
Epoch: [132] Total time: 0:00:50 (1.4308 s / it)
Averaged stats: lr: 0.000413  min_lr: 0.000413  loss: 41.8268 (42.7147)  weight_decay: 0.0500 (0.0500)  grad_norm: 183.1497 (178.2876)
Epoch: [133]  [ 0/35]  eta: 0:10:54  lr: 0.000413  min_lr: 0.000413  loss: 41.3146 (41.3146)  weight_decay: 0.0500 (0.0500)  grad_norm: 254.3186 (254.3186)  time: 18.6987  data: 16.1690  max mem: 34952
Epoch: [133]  [10/35]  eta: 0:01:04  lr: 0.000413  min_lr: 0.000413  loss: 39.1460 (39.6838)  weight_decay: 0.0500 (0.0500)  grad_norm: 183.2624 (199.8372)  time: 2.5737  data: 1.4701  max mem: 34952
Epoch: [133]  [20/35]  eta: 0:00:26  lr: 0.000413  min_lr: 0.000413  loss: 41.1121 (41.3239)  weight_decay: 0.0500 (0.0500)  grad_norm: 188.3032 (197.7192)  time: 0.9453  data: 0.0002  max mem: 34952
Epoch: [133]  [30/35]  eta: 0:00:07  lr: 0.000413  min_lr: 0.000413  loss: 41.1121 (41.2329)  weight_decay: 0.0500 (0.0500)  grad_norm: 190.0164 (194.0974)  time: 0.9282  data: 0.0001  max mem: 34952
Epoch: [133]  [34/35]  eta: 0:00:01  lr: 0.000412  min_lr: 0.000412  loss: 40.7878 (41.1337)  weight_decay: 0.0500 (0.0500)  grad_norm: 190.0164 (201.1005)  time: 0.9274  data: 0.0002  max mem: 34952
Epoch: [133] Total time: 0:00:51 (1.4686 s / it)
Averaged stats: lr: 0.000412  min_lr: 0.000412  loss: 40.7878 (41.7294)  weight_decay: 0.0500 (0.0500)  grad_norm: 190.0164 (201.1005)
Epoch: [134]  [ 0/35]  eta: 0:11:00  lr: 0.000412  min_lr: 0.000412  loss: 42.9549 (42.9549)  weight_decay: 0.0500 (0.0500)  grad_norm: 262.5366 (262.5366)  time: 18.8628  data: 17.6910  max mem: 34952
Epoch: [134]  [10/35]  eta: 0:01:03  lr: 0.000412  min_lr: 0.000412  loss: 40.9362 (40.6874)  weight_decay: 0.0500 (0.0500)  grad_norm: 238.7670 (237.8250)  time: 2.5474  data: 1.6084  max mem: 34952
Epoch: [134]  [20/35]  eta: 0:00:26  lr: 0.000412  min_lr: 0.000412  loss: 41.5071 (42.6228)  weight_decay: 0.0500 (0.0500)  grad_norm: 214.9547 (228.8187)  time: 0.9140  data: 0.0002  max mem: 34952
Epoch: [134]  [30/35]  eta: 0:00:07  lr: 0.000412  min_lr: 0.000412  loss: 44.0711 (42.7880)  weight_decay: 0.0500 (0.0500)  grad_norm: 207.5524 (242.7195)  time: 0.9115  data: 0.0001  max mem: 34952
Epoch: [134]  [34/35]  eta: 0:00:01  lr: 0.000412  min_lr: 0.000412  loss: 43.0357 (42.8126)  weight_decay: 0.0500 (0.0500)  grad_norm: 246.9835 (246.1895)  time: 0.9093  data: 0.0001  max mem: 34952
Epoch: [134] Total time: 0:00:50 (1.4501 s / it)
Averaged stats: lr: 0.000412  min_lr: 0.000412  loss: 43.0357 (42.0259)  weight_decay: 0.0500 (0.0500)  grad_norm: 246.9835 (246.1895)
Epoch: [135]  [ 0/35]  eta: 0:11:08  lr: 0.000412  min_lr: 0.000412  loss: 45.7899 (45.7899)  weight_decay: 0.0500 (0.0500)  grad_norm: 303.6388 (303.6388)  time: 19.0864  data: 17.1093  max mem: 34952
Epoch: [135]  [10/35]  eta: 0:01:04  lr: 0.000411  min_lr: 0.000411  loss: 38.0440 (39.2027)  weight_decay: 0.0500 (0.0500)  grad_norm: 242.8593 (234.2997)  time: 2.5675  data: 1.5556  max mem: 34952
Epoch: [135]  [20/35]  eta: 0:00:26  lr: 0.000411  min_lr: 0.000411  loss: 39.9014 (40.5062)  weight_decay: 0.0500 (0.0500)  grad_norm: 194.1785 (219.1293)  time: 0.9153  data: 0.0002  max mem: 34952
Epoch: [135]  [30/35]  eta: 0:00:07  lr: 0.000411  min_lr: 0.000411  loss: 41.7028 (41.1124)  weight_decay: 0.0500 (0.0500)  grad_norm: 194.1785 (225.5938)  time: 0.9120  data: 0.0002  max mem: 34952
Epoch: [135]  [34/35]  eta: 0:00:01  lr: 0.000411  min_lr: 0.000411  loss: 43.5257 (41.5695)  weight_decay: 0.0500 (0.0500)  grad_norm: 194.6953 (225.2689)  time: 0.9128  data: 0.0002  max mem: 34952
Epoch: [135] Total time: 0:00:50 (1.4551 s / it)
Averaged stats: lr: 0.000411  min_lr: 0.000411  loss: 43.5257 (41.7434)  weight_decay: 0.0500 (0.0500)  grad_norm: 194.6953 (225.2689)
Epoch: [136]  [ 0/35]  eta: 0:11:36  lr: 0.000411  min_lr: 0.000411  loss: 44.0574 (44.0574)  weight_decay: 0.0500 (0.0500)  grad_norm: 253.8373 (253.8373)  time: 19.9033  data: 16.3759  max mem: 34952
Epoch: [136]  [10/35]  eta: 0:01:08  lr: 0.000410  min_lr: 0.000410  loss: 41.5833 (41.3276)  weight_decay: 0.0500 (0.0500)  grad_norm: 253.8373 (257.6077)  time: 2.7290  data: 1.4889  max mem: 34952
Epoch: [136]  [20/35]  eta: 0:00:27  lr: 0.000410  min_lr: 0.000410  loss: 41.7147 (41.9161)  weight_decay: 0.0500 (0.0500)  grad_norm: 247.8165 (241.8602)  time: 0.9618  data: 0.0002  max mem: 34952
Epoch: [136]  [30/35]  eta: 0:00:07  lr: 0.000410  min_lr: 0.000410  loss: 41.4148 (41.5719)  weight_decay: 0.0500 (0.0500)  grad_norm: 206.7853 (223.7287)  time: 0.9115  data: 0.0002  max mem: 34952
Epoch: [136]  [34/35]  eta: 0:00:01  lr: 0.000410  min_lr: 0.000410  loss: 41.4148 (41.7717)  weight_decay: 0.0500 (0.0500)  grad_norm: 208.7087 (227.3122)  time: 0.9107  data: 0.0002  max mem: 34952
Epoch: [136] Total time: 0:00:52 (1.5057 s / it)
Averaged stats: lr: 0.000410  min_lr: 0.000410  loss: 41.4148 (41.6313)  weight_decay: 0.0500 (0.0500)  grad_norm: 208.7087 (227.3122)
Epoch: [137]  [ 0/35]  eta: 0:11:11  lr: 0.000410  min_lr: 0.000410  loss: 45.6341 (45.6341)  weight_decay: 0.0500 (0.0500)  grad_norm: 217.8557 (217.8557)  time: 19.1772  data: 11.5226  max mem: 34952
Epoch: [137]  [10/35]  eta: 0:01:04  lr: 0.000410  min_lr: 0.000410  loss: 38.6707 (39.8187)  weight_decay: 0.0500 (0.0500)  grad_norm: 226.1775 (261.6243)  time: 2.5765  data: 1.0477  max mem: 34952
Epoch: [137]  [20/35]  eta: 0:00:26  lr: 0.000409  min_lr: 0.000409  loss: 40.2871 (41.6942)  weight_decay: 0.0500 (0.0500)  grad_norm: 226.1775 (259.3138)  time: 0.9181  data: 0.0002  max mem: 34952
Epoch: [137]  [30/35]  eta: 0:00:07  lr: 0.000409  min_lr: 0.000409  loss: 41.9097 (41.5143)  weight_decay: 0.0500 (0.0500)  grad_norm: 317.7935 (320.6633)  time: 0.9175  data: 0.0001  max mem: 34952
Epoch: [137]  [34/35]  eta: 0:00:01  lr: 0.000409  min_lr: 0.000409  loss: 40.9518 (41.4021)  weight_decay: 0.0500 (0.0500)  grad_norm: 341.7332 (317.8351)  time: 0.9140  data: 0.0001  max mem: 34952
Epoch: [137] Total time: 0:00:51 (1.4582 s / it)
Averaged stats: lr: 0.000409  min_lr: 0.000409  loss: 40.9518 (41.4260)  weight_decay: 0.0500 (0.0500)  grad_norm: 341.7332 (317.8351)
Epoch: [138]  [ 0/35]  eta: 0:10:29  lr: 0.000409  min_lr: 0.000409  loss: 41.9528 (41.9528)  weight_decay: 0.0500 (0.0500)  grad_norm: 271.3225 (271.3225)  time: 17.9892  data: 11.9430  max mem: 34952
Epoch: [138]  [10/35]  eta: 0:01:01  lr: 0.000409  min_lr: 0.000409  loss: 40.0340 (40.2132)  weight_decay: 0.0500 (0.0500)  grad_norm: 247.1761 (249.8139)  time: 2.4699  data: 1.0859  max mem: 34952
Epoch: [138]  [20/35]  eta: 0:00:25  lr: 0.000408  min_lr: 0.000408  loss: 42.2398 (41.8746)  weight_decay: 0.0500 (0.0500)  grad_norm: 247.1761 (287.4729)  time: 0.9164  data: 0.0002  max mem: 34952
Epoch: [138]  [30/35]  eta: 0:00:07  lr: 0.000408  min_lr: 0.000408  loss: 43.7223 (42.1567)  weight_decay: 0.0500 (0.0500)  grad_norm: 250.8563 (284.0543)  time: 0.9134  data: 0.0002  max mem: 34952
Epoch: [138]  [34/35]  eta: 0:00:01  lr: 0.000408  min_lr: 0.000408  loss: 42.4132 (41.9596)  weight_decay: 0.0500 (0.0500)  grad_norm: 281.2315 (290.0107)  time: 0.9120  data: 0.0002  max mem: 34952
Epoch: [138] Total time: 0:00:49 (1.4233 s / it)
Averaged stats: lr: 0.000408  min_lr: 0.000408  loss: 42.4132 (40.9841)  weight_decay: 0.0500 (0.0500)  grad_norm: 281.2315 (290.0107)
Epoch: [139]  [ 0/35]  eta: 0:11:28  lr: 0.000408  min_lr: 0.000408  loss: 43.1760 (43.1760)  weight_decay: 0.0500 (0.0500)  grad_norm: 400.0115 (400.0115)  time: 19.6745  data: 13.4412  max mem: 34952
Epoch: [139]  [10/35]  eta: 0:01:05  lr: 0.000408  min_lr: 0.000408  loss: 41.3577 (39.6714)  weight_decay: 0.0500 (0.0500)  grad_norm: 331.4542 (297.6565)  time: 2.6185  data: 1.2221  max mem: 34952
Epoch: [139]  [20/35]  eta: 0:00:27  lr: 0.000407  min_lr: 0.000407  loss: 41.3577 (40.8115)  weight_decay: 0.0500 (0.0500)  grad_norm: 271.1662 (274.8663)  time: 0.9124  data: 0.0002  max mem: 34952
Epoch: [139]  [30/35]  eta: 0:00:07  lr: 0.000407  min_lr: 0.000407  loss: 40.6797 (40.3137)  weight_decay: 0.0500 (0.0500)  grad_norm: 246.2917 (267.2806)  time: 0.9103  data: 0.0001  max mem: 34952
Epoch: [139]  [34/35]  eta: 0:00:01  lr: 0.000407  min_lr: 0.000407  loss: 40.6797 (40.6346)  weight_decay: 0.0500 (0.0500)  grad_norm: 246.2917 (264.0505)  time: 0.9081  data: 0.0001  max mem: 34952
Epoch: [139] Total time: 0:00:51 (1.4704 s / it)
Averaged stats: lr: 0.000407  min_lr: 0.000407  loss: 40.6797 (41.1702)  weight_decay: 0.0500 (0.0500)  grad_norm: 246.2917 (264.0505)
Epoch: [140]  [ 0/35]  eta: 0:11:11  lr: 0.000407  min_lr: 0.000407  loss: 37.2762 (37.2762)  weight_decay: 0.0500 (0.0500)  grad_norm: 329.1549 (329.1549)  time: 19.1955  data: 15.6295  max mem: 34952
Epoch: [140]  [10/35]  eta: 0:01:04  lr: 0.000407  min_lr: 0.000407  loss: 40.2993 (40.2890)  weight_decay: 0.0500 (0.0500)  grad_norm: 248.7068 (263.1221)  time: 2.5803  data: 1.4210  max mem: 34952
Epoch: [140]  [20/35]  eta: 0:00:26  lr: 0.000406  min_lr: 0.000406  loss: 41.2005 (41.2306)  weight_decay: 0.0500 (0.0500)  grad_norm: 239.0352 (249.8877)  time: 0.9141  data: 0.0002  max mem: 34952
Epoch: [140]  [30/35]  eta: 0:00:07  lr: 0.000406  min_lr: 0.000406  loss: 42.0129 (41.7559)  weight_decay: 0.0500 (0.0500)  grad_norm: 239.0352 (261.7460)  time: 0.9097  data: 0.0002  max mem: 34952
Epoch: [140]  [34/35]  eta: 0:00:01  lr: 0.000406  min_lr: 0.000406  loss: 41.8157 (41.7480)  weight_decay: 0.0500 (0.0500)  grad_norm: 277.8053 (265.2543)  time: 0.9101  data: 0.0002  max mem: 34952
Epoch: [140] Total time: 0:00:50 (1.4564 s / it)
Averaged stats: lr: 0.000406  min_lr: 0.000406  loss: 41.8157 (41.4586)  weight_decay: 0.0500 (0.0500)  grad_norm: 277.8053 (265.2543)
Epoch: [141]  [ 0/35]  eta: 0:11:21  lr: 0.000406  min_lr: 0.000406  loss: 42.9438 (42.9438)  weight_decay: 0.0500 (0.0500)  grad_norm: 213.3206 (213.3206)  time: 19.4737  data: 14.5606  max mem: 34952
Epoch: [141]  [10/35]  eta: 0:01:05  lr: 0.000406  min_lr: 0.000406  loss: 41.6321 (41.1261)  weight_decay: 0.0500 (0.0500)  grad_norm: 226.3246 (227.1204)  time: 2.6075  data: 1.3238  max mem: 34952
Epoch: [141]  [20/35]  eta: 0:00:27  lr: 0.000406  min_lr: 0.000406  loss: 41.2866 (41.6052)  weight_decay: 0.0500 (0.0500)  grad_norm: 208.4877 (236.0403)  time: 0.9195  data: 0.0002  max mem: 34952
Epoch: [141]  [30/35]  eta: 0:00:07  lr: 0.000405  min_lr: 0.000405  loss: 40.3000 (41.3439)  weight_decay: 0.0500 (0.0500)  grad_norm: 233.8384 (251.0481)  time: 0.9181  data: 0.0002  max mem: 34952
Epoch: [141]  [34/35]  eta: 0:00:01  lr: 0.000405  min_lr: 0.000405  loss: 40.3000 (41.6436)  weight_decay: 0.0500 (0.0500)  grad_norm: 238.5667 (250.2090)  time: 0.9170  data: 0.0002  max mem: 34952
Epoch: [141] Total time: 0:00:51 (1.4728 s / it)
Averaged stats: lr: 0.000405  min_lr: 0.000405  loss: 40.3000 (41.2680)  weight_decay: 0.0500 (0.0500)  grad_norm: 238.5667 (250.2090)
Epoch: [142]  [ 0/35]  eta: 0:11:42  lr: 0.000405  min_lr: 0.000405  loss: 45.6117 (45.6117)  weight_decay: 0.0500 (0.0500)  grad_norm: 235.9846 (235.9846)  time: 20.0678  data: 16.8854  max mem: 34952
Epoch: [142]  [10/35]  eta: 0:01:06  lr: 0.000405  min_lr: 0.000405  loss: 39.9489 (39.8113)  weight_decay: 0.0500 (0.0500)  grad_norm: 239.1629 (232.1455)  time: 2.6580  data: 1.5352  max mem: 34952
Epoch: [142]  [20/35]  eta: 0:00:27  lr: 0.000405  min_lr: 0.000405  loss: 39.9489 (41.0208)  weight_decay: 0.0500 (0.0500)  grad_norm: 260.4374 (267.8013)  time: 0.9144  data: 0.0002  max mem: 34952
Epoch: [142]  [30/35]  eta: 0:00:07  lr: 0.000404  min_lr: 0.000404  loss: 40.2514 (40.9863)  weight_decay: 0.0500 (0.0500)  grad_norm: 282.3813 (274.9066)  time: 0.9108  data: 0.0002  max mem: 34952
Epoch: [142]  [34/35]  eta: 0:00:01  lr: 0.000404  min_lr: 0.000404  loss: 40.3135 (40.9963)  weight_decay: 0.0500 (0.0500)  grad_norm: 268.5143 (276.0952)  time: 0.9103  data: 0.0002  max mem: 34952
Epoch: [142] Total time: 0:00:51 (1.4832 s / it)
Averaged stats: lr: 0.000404  min_lr: 0.000404  loss: 40.3135 (40.8363)  weight_decay: 0.0500 (0.0500)  grad_norm: 268.5143 (276.0952)
Epoch: [143]  [ 0/35]  eta: 0:11:04  lr: 0.000404  min_lr: 0.000404  loss: 40.4077 (40.4077)  weight_decay: 0.0500 (0.0500)  grad_norm: 180.4935 (180.4935)  time: 18.9989  data: 16.9015  max mem: 34952
Epoch: [143]  [10/35]  eta: 0:01:04  lr: 0.000404  min_lr: 0.000404  loss: 40.4077 (40.2676)  weight_decay: 0.0500 (0.0500)  grad_norm: 246.6779 (242.7842)  time: 2.5623  data: 1.5367  max mem: 34952
Epoch: [143]  [20/35]  eta: 0:00:26  lr: 0.000404  min_lr: 0.000404  loss: 41.2149 (41.0321)  weight_decay: 0.0500 (0.0500)  grad_norm: 259.6258 (255.0783)  time: 0.9163  data: 0.0002  max mem: 34952
Epoch: [143]  [30/35]  eta: 0:00:07  lr: 0.000403  min_lr: 0.000403  loss: 41.9009 (41.2465)  weight_decay: 0.0500 (0.0500)  grad_norm: 259.6258 (260.6813)  time: 0.9100  data: 0.0002  max mem: 34952
Epoch: [143]  [34/35]  eta: 0:00:01  lr: 0.000403  min_lr: 0.000403  loss: 42.5945 (41.2892)  weight_decay: 0.0500 (0.0500)  grad_norm: 259.6258 (268.5190)  time: 0.9085  data: 0.0002  max mem: 34952
Epoch: [143] Total time: 0:00:50 (1.4521 s / it)
Averaged stats: lr: 0.000403  min_lr: 0.000403  loss: 42.5945 (40.7760)  weight_decay: 0.0500 (0.0500)  grad_norm: 259.6258 (268.5190)
Epoch: [144]  [ 0/35]  eta: 0:11:35  lr: 0.000403  min_lr: 0.000403  loss: 45.3025 (45.3025)  weight_decay: 0.0500 (0.0500)  grad_norm: 359.8192 (359.8192)  time: 19.8652  data: 17.5188  max mem: 34952
Epoch: [144]  [10/35]  eta: 0:01:05  lr: 0.000403  min_lr: 0.000403  loss: 35.4031 (37.2801)  weight_decay: 0.0500 (0.0500)  grad_norm: 294.4156 (268.3304)  time: 2.6390  data: 1.5928  max mem: 34952
Epoch: [144]  [20/35]  eta: 0:00:27  lr: 0.000403  min_lr: 0.000403  loss: 38.3428 (39.0816)  weight_decay: 0.0500 (0.0500)  grad_norm: 245.2869 (245.8906)  time: 0.9148  data: 0.0002  max mem: 34952
Epoch: [144]  [30/35]  eta: 0:00:07  lr: 0.000402  min_lr: 0.000402  loss: 40.2963 (39.3874)  weight_decay: 0.0500 (0.0500)  grad_norm: 202.2016 (229.3640)  time: 0.9122  data: 0.0002  max mem: 34952
Epoch: [144]  [34/35]  eta: 0:00:01  lr: 0.000402  min_lr: 0.000402  loss: 40.2963 (39.6445)  weight_decay: 0.0500 (0.0500)  grad_norm: 195.1817 (225.3619)  time: 0.9118  data: 0.0002  max mem: 34952
Epoch: [144] Total time: 0:00:51 (1.4758 s / it)
Averaged stats: lr: 0.000402  min_lr: 0.000402  loss: 40.2963 (39.7315)  weight_decay: 0.0500 (0.0500)  grad_norm: 195.1817 (225.3619)
Epoch: [145]  [ 0/35]  eta: 0:11:01  lr: 0.000402  min_lr: 0.000402  loss: 42.1371 (42.1371)  weight_decay: 0.0500 (0.0500)  grad_norm: 215.7803 (215.7803)  time: 18.8944  data: 12.4679  max mem: 34952
Epoch: [145]  [10/35]  eta: 0:01:03  lr: 0.000402  min_lr: 0.000402  loss: 38.9765 (37.8082)  weight_decay: 0.0500 (0.0500)  grad_norm: 215.7803 (223.5136)  time: 2.5527  data: 1.1336  max mem: 34952
Epoch: [145]  [20/35]  eta: 0:00:26  lr: 0.000402  min_lr: 0.000402  loss: 37.9702 (38.4569)  weight_decay: 0.0500 (0.0500)  grad_norm: 230.5906 (228.4786)  time: 0.9178  data: 0.0002  max mem: 34952
Epoch: [145]  [30/35]  eta: 0:00:07  lr: 0.000401  min_lr: 0.000401  loss: 38.6772 (39.0054)  weight_decay: 0.0500 (0.0500)  grad_norm: 192.7796 (226.5898)  time: 0.9186  data: 0.0002  max mem: 34952
Epoch: [145]  [34/35]  eta: 0:00:01  lr: 0.000401  min_lr: 0.000401  loss: 40.1406 (39.2485)  weight_decay: 0.0500 (0.0500)  grad_norm: 190.4126 (222.4604)  time: 0.9188  data: 0.0002  max mem: 34952
Epoch: [145] Total time: 0:00:50 (1.4544 s / it)
Averaged stats: lr: 0.000401  min_lr: 0.000401  loss: 40.1406 (39.8095)  weight_decay: 0.0500 (0.0500)  grad_norm: 190.4126 (222.4604)
Epoch: [146]  [ 0/35]  eta: 0:11:28  lr: 0.000401  min_lr: 0.000401  loss: 42.7160 (42.7160)  weight_decay: 0.0500 (0.0500)  grad_norm: 167.2155 (167.2155)  time: 19.6635  data: 16.3915  max mem: 34952
Epoch: [146]  [10/35]  eta: 0:01:05  lr: 0.000401  min_lr: 0.000401  loss: 38.9590 (39.2172)  weight_decay: 0.0500 (0.0500)  grad_norm: 187.2189 (192.8080)  time: 2.6191  data: 1.4904  max mem: 34952
Epoch: [146]  [20/35]  eta: 0:00:27  lr: 0.000401  min_lr: 0.000401  loss: 38.9590 (40.1823)  weight_decay: 0.0500 (0.0500)  grad_norm: 201.4657 (211.7506)  time: 0.9145  data: 0.0002  max mem: 34952
Epoch: [146]  [30/35]  eta: 0:00:07  lr: 0.000400  min_lr: 0.000400  loss: 39.9609 (40.0796)  weight_decay: 0.0500 (0.0500)  grad_norm: 232.0219 (222.6001)  time: 0.9132  data: 0.0002  max mem: 34952
Epoch: [146]  [34/35]  eta: 0:00:01  lr: 0.000400  min_lr: 0.000400  loss: 39.9609 (40.3656)  weight_decay: 0.0500 (0.0500)  grad_norm: 237.0820 (220.8024)  time: 0.9133  data: 0.0002  max mem: 34952
Epoch: [146] Total time: 0:00:51 (1.4707 s / it)
Averaged stats: lr: 0.000400  min_lr: 0.000400  loss: 39.9609 (40.0308)  weight_decay: 0.0500 (0.0500)  grad_norm: 237.0820 (220.8024)
Epoch: [147]  [ 0/35]  eta: 0:11:25  lr: 0.000400  min_lr: 0.000400  loss: 41.2099 (41.2099)  weight_decay: 0.0500 (0.0500)  grad_norm: 285.1016 (285.1016)  time: 19.5995  data: 14.8977  max mem: 34952
Epoch: [147]  [10/35]  eta: 0:01:05  lr: 0.000400  min_lr: 0.000400  loss: 37.7677 (37.9996)  weight_decay: 0.0500 (0.0500)  grad_norm: 209.0927 (246.1370)  time: 2.6151  data: 1.3545  max mem: 34952
Epoch: [147]  [20/35]  eta: 0:00:27  lr: 0.000400  min_lr: 0.000400  loss: 39.3033 (39.6402)  weight_decay: 0.0500 (0.0500)  grad_norm: 243.8548 (260.3083)  time: 0.9205  data: 0.0002  max mem: 34952
Epoch: [147]  [30/35]  eta: 0:00:07  lr: 0.000400  min_lr: 0.000400  loss: 39.9697 (39.2849)  weight_decay: 0.0500 (0.0500)  grad_norm: 243.8548 (260.3773)  time: 0.9207  data: 0.0002  max mem: 34952
Epoch: [147]  [34/35]  eta: 0:00:01  lr: 0.000399  min_lr: 0.000399  loss: 40.1972 (39.6934)  weight_decay: 0.0500 (0.0500)  grad_norm: 237.9148 (254.2485)  time: 0.9163  data: 0.0002  max mem: 34952
Epoch: [147] Total time: 0:00:51 (1.4743 s / it)
Averaged stats: lr: 0.000399  min_lr: 0.000399  loss: 40.1972 (39.8893)  weight_decay: 0.0500 (0.0500)  grad_norm: 237.9148 (254.2485)
Epoch: [148]  [ 0/35]  eta: 0:11:34  lr: 0.000399  min_lr: 0.000399  loss: 43.8345 (43.8345)  weight_decay: 0.0500 (0.0500)  grad_norm: 151.6654 (151.6654)  time: 19.8432  data: 16.0967  max mem: 34952
Epoch: [148]  [10/35]  eta: 0:01:06  lr: 0.000399  min_lr: 0.000399  loss: 38.6277 (40.0067)  weight_decay: 0.0500 (0.0500)  grad_norm: 194.5907 (206.6581)  time: 2.6443  data: 1.4635  max mem: 34952
Epoch: [148]  [20/35]  eta: 0:00:27  lr: 0.000399  min_lr: 0.000399  loss: 40.7776 (40.7259)  weight_decay: 0.0500 (0.0500)  grad_norm: 202.1457 (213.3624)  time: 0.9202  data: 0.0002  max mem: 34952
Epoch: [148]  [30/35]  eta: 0:00:07  lr: 0.000399  min_lr: 0.000399  loss: 40.7776 (40.2650)  weight_decay: 0.0500 (0.0500)  grad_norm: 223.6772 (227.3686)  time: 0.9122  data: 0.0002  max mem: 34952
Epoch: [148]  [34/35]  eta: 0:00:01  lr: 0.000398  min_lr: 0.000398  loss: 39.6584 (40.2462)  weight_decay: 0.0500 (0.0500)  grad_norm: 247.0073 (241.8036)  time: 0.9106  data: 0.0002  max mem: 34952
Epoch: [148] Total time: 0:00:51 (1.4797 s / it)
Averaged stats: lr: 0.000398  min_lr: 0.000398  loss: 39.6584 (39.1903)  weight_decay: 0.0500 (0.0500)  grad_norm: 247.0073 (241.8036)
Epoch: [149]  [ 0/35]  eta: 0:10:41  lr: 0.000398  min_lr: 0.000398  loss: 36.9495 (36.9495)  weight_decay: 0.0500 (0.0500)  grad_norm: 304.5809 (304.5809)  time: 18.3155  data: 13.6134  max mem: 34952
Epoch: [149]  [10/35]  eta: 0:01:04  lr: 0.000398  min_lr: 0.000398  loss: 37.0704 (37.5182)  weight_decay: 0.0500 (0.0500)  grad_norm: 193.4101 (233.9954)  time: 2.5705  data: 1.2377  max mem: 34952
Epoch: [149]  [20/35]  eta: 0:00:26  lr: 0.000398  min_lr: 0.000398  loss: 38.0873 (38.7405)  weight_decay: 0.0500 (0.0500)  grad_norm: 194.7458 (252.3974)  time: 0.9556  data: 0.0002  max mem: 34952
Epoch: [149]  [30/35]  eta: 0:00:07  lr: 0.000398  min_lr: 0.000398  loss: 39.4595 (39.5541)  weight_decay: 0.0500 (0.0500)  grad_norm: 297.6703 (278.9611)  time: 0.9147  data: 0.0001  max mem: 34952
Epoch: [149]  [34/35]  eta: 0:00:01  lr: 0.000397  min_lr: 0.000397  loss: 40.9325 (40.0959)  weight_decay: 0.0500 (0.0500)  grad_norm: 321.8837 (287.5171)  time: 0.9159  data: 0.0001  max mem: 34952
Epoch: [149] Total time: 0:00:50 (1.4564 s / it)
Averaged stats: lr: 0.000397  min_lr: 0.000397  loss: 40.9325 (39.4627)  weight_decay: 0.0500 (0.0500)  grad_norm: 321.8837 (287.5171)
Epoch: [150]  [ 0/35]  eta: 0:16:40  lr: 0.000397  min_lr: 0.000397  loss: 38.9543 (38.9543)  weight_decay: 0.0500 (0.0500)  grad_norm: 334.3818 (334.3818)  time: 28.5742  data: 24.4244  max mem: 34952
Epoch: [150]  [10/35]  eta: 0:01:25  lr: 0.000397  min_lr: 0.000397  loss: 38.9543 (38.2764)  weight_decay: 0.0500 (0.0500)  grad_norm: 334.3818 (355.9238)  time: 3.4337  data: 2.2206  max mem: 34952
Epoch: [150]  [20/35]  eta: 0:00:33  lr: 0.000397  min_lr: 0.000397  loss: 40.0193 (39.0565)  weight_decay: 0.0500 (0.0500)  grad_norm: 315.2086 (337.8610)  time: 0.9141  data: 0.0002  max mem: 34952
Epoch: [150]  [30/35]  eta: 0:00:09  lr: 0.000396  min_lr: 0.000396  loss: 40.5847 (39.5390)  weight_decay: 0.0500 (0.0500)  grad_norm: 296.1376 (316.5592)  time: 0.9133  data: 0.0001  max mem: 34952
Epoch: [150]  [34/35]  eta: 0:00:01  lr: 0.000396  min_lr: 0.000396  loss: 40.5847 (39.7118)  weight_decay: 0.0500 (0.0500)  grad_norm: 232.8763 (300.1307)  time: 0.9132  data: 0.0001  max mem: 34952
Epoch: [150] Total time: 0:01:00 (1.7278 s / it)
Averaged stats: lr: 0.000396  min_lr: 0.000396  loss: 40.5847 (39.1494)  weight_decay: 0.0500 (0.0500)  grad_norm: 232.8763 (300.1307)
[Eval]   [0/1]  eta: 0:00:04  loss: 64.0935 (64.0935)  time: 4.0405  data: 3.9387  max mem: 34952
[Eval]  Total time: 0:00:04 (4.3492 s / it)
Eval averaged stats: loss: 64.0935 (67.1597)
Epoch: [151]  [ 0/35]  eta: 0:11:44  lr: 0.000396  min_lr: 0.000396  loss: 40.5609 (40.5609)  weight_decay: 0.0500 (0.0500)  grad_norm: 217.7485 (217.7485)  time: 20.1384  data: 16.8431  max mem: 34952
Epoch: [151]  [10/35]  eta: 0:01:06  lr: 0.000396  min_lr: 0.000396  loss: 36.4677 (36.6483)  weight_decay: 0.0500 (0.0500)  grad_norm: 228.6414 (224.9636)  time: 2.6662  data: 1.5314  max mem: 34952
Epoch: [151]  [20/35]  eta: 0:00:27  lr: 0.000396  min_lr: 0.000396  loss: 37.5515 (38.0407)  weight_decay: 0.0500 (0.0500)  grad_norm: 213.7619 (217.2358)  time: 0.9139  data: 0.0002  max mem: 34952
Epoch: [151]  [30/35]  eta: 0:00:07  lr: 0.000395  min_lr: 0.000395  loss: 39.0301 (38.1937)  weight_decay: 0.0500 (0.0500)  grad_norm: 220.1256 (233.1037)  time: 0.9084  data: 0.0001  max mem: 34952
Epoch: [151]  [34/35]  eta: 0:00:01  lr: 0.000395  min_lr: 0.000395  loss: 39.0077 (38.3211)  weight_decay: 0.0500 (0.0500)  grad_norm: 220.1256 (227.7476)  time: 0.9073  data: 0.0001  max mem: 34952
Epoch: [151] Total time: 0:00:51 (1.4850 s / it)
Averaged stats: lr: 0.000395  min_lr: 0.000395  loss: 39.0077 (38.8159)  weight_decay: 0.0500 (0.0500)  grad_norm: 220.1256 (227.7476)
Epoch: [152]  [ 0/35]  eta: 0:11:35  lr: 0.000395  min_lr: 0.000395  loss: 42.4249 (42.4249)  weight_decay: 0.0500 (0.0500)  grad_norm: 269.4056 (269.4056)  time: 19.8706  data: 16.6760  max mem: 34952
Epoch: [152]  [10/35]  eta: 0:01:05  lr: 0.000395  min_lr: 0.000395  loss: 38.5948 (38.5569)  weight_decay: 0.0500 (0.0500)  grad_norm: 206.5119 (241.1493)  time: 2.6368  data: 1.5162  max mem: 34952
Epoch: [152]  [20/35]  eta: 0:00:27  lr: 0.000395  min_lr: 0.000395  loss: 38.4275 (38.9131)  weight_decay: 0.0500 (0.0500)  grad_norm: 242.0244 (270.6032)  time: 0.9138  data: 0.0002  max mem: 34952
Epoch: [152]  [30/35]  eta: 0:00:07  lr: 0.000394  min_lr: 0.000394  loss: 39.0004 (38.7925)  weight_decay: 0.0500 (0.0500)  grad_norm: 302.5325 (279.3747)  time: 0.9108  data: 0.0001  max mem: 34952
Epoch: [152]  [34/35]  eta: 0:00:01  lr: 0.000394  min_lr: 0.000394  loss: 39.1427 (38.8570)  weight_decay: 0.0500 (0.0500)  grad_norm: 282.9997 (278.2385)  time: 0.9107  data: 0.0001  max mem: 34952
Epoch: [152] Total time: 0:00:51 (1.4743 s / it)
Averaged stats: lr: 0.000394  min_lr: 0.000394  loss: 39.1427 (38.8871)  weight_decay: 0.0500 (0.0500)  grad_norm: 282.9997 (278.2385)
Epoch: [153]  [ 0/35]  eta: 0:10:54  lr: 0.000394  min_lr: 0.000394  loss: 42.4894 (42.4894)  weight_decay: 0.0500 (0.0500)  grad_norm: 300.9072 (300.9072)  time: 18.7120  data: 17.0216  max mem: 34952
Epoch: [153]  [10/35]  eta: 0:01:03  lr: 0.000394  min_lr: 0.000394  loss: 41.7877 (40.0462)  weight_decay: 0.0500 (0.0500)  grad_norm: 195.5717 (206.4325)  time: 2.5336  data: 1.5476  max mem: 34952
Epoch: [153]  [20/35]  eta: 0:00:26  lr: 0.000394  min_lr: 0.000394  loss: 38.9279 (39.3945)  weight_decay: 0.0500 (0.0500)  grad_norm: 187.1490 (207.3210)  time: 0.9159  data: 0.0002  max mem: 34952
Epoch: [153]  [30/35]  eta: 0:00:07  lr: 0.000393  min_lr: 0.000393  loss: 39.1442 (39.5118)  weight_decay: 0.0500 (0.0500)  grad_norm: 240.3627 (241.3317)  time: 0.9117  data: 0.0002  max mem: 34952
Epoch: [153]  [34/35]  eta: 0:00:01  lr: 0.000393  min_lr: 0.000393  loss: 38.9279 (39.3807)  weight_decay: 0.0500 (0.0500)  grad_norm: 264.7480 (240.0372)  time: 0.9114  data: 0.0002  max mem: 34952
Epoch: [153] Total time: 0:00:50 (1.4427 s / it)
Averaged stats: lr: 0.000393  min_lr: 0.000393  loss: 38.9279 (38.8497)  weight_decay: 0.0500 (0.0500)  grad_norm: 264.7480 (240.0372)
Epoch: [154]  [ 0/35]  eta: 0:11:14  lr: 0.000393  min_lr: 0.000393  loss: 39.7696 (39.7696)  weight_decay: 0.0500 (0.0500)  grad_norm: 249.6428 (249.6428)  time: 19.2845  data: 17.0852  max mem: 34952
Epoch: [154]  [10/35]  eta: 0:01:04  lr: 0.000393  min_lr: 0.000393  loss: 38.8212 (38.8786)  weight_decay: 0.0500 (0.0500)  grad_norm: 206.1276 (212.4967)  time: 2.5977  data: 1.5534  max mem: 34952
Epoch: [154]  [20/35]  eta: 0:00:26  lr: 0.000393  min_lr: 0.000393  loss: 38.2307 (38.9087)  weight_decay: 0.0500 (0.0500)  grad_norm: 156.0553 (184.5275)  time: 0.9253  data: 0.0002  max mem: 34952
Epoch: [154]  [30/35]  eta: 0:00:07  lr: 0.000392  min_lr: 0.000392  loss: 38.0190 (38.2255)  weight_decay: 0.0500 (0.0500)  grad_norm: 193.1792 (201.6425)  time: 0.9170  data: 0.0002  max mem: 34952
Epoch: [154]  [34/35]  eta: 0:00:01  lr: 0.000392  min_lr: 0.000392  loss: 37.4661 (38.2360)  weight_decay: 0.0500 (0.0500)  grad_norm: 197.3825 (202.5561)  time: 0.9131  data: 0.0002  max mem: 34952
Epoch: [154] Total time: 0:00:51 (1.4667 s / it)
Averaged stats: lr: 0.000392  min_lr: 0.000392  loss: 37.4661 (38.3033)  weight_decay: 0.0500 (0.0500)  grad_norm: 197.3825 (202.5561)
Epoch: [155]  [ 0/35]  eta: 0:11:21  lr: 0.000392  min_lr: 0.000392  loss: 39.8690 (39.8690)  weight_decay: 0.0500 (0.0500)  grad_norm: 129.2861 (129.2861)  time: 19.4647  data: 14.9280  max mem: 34952
Epoch: [155]  [10/35]  eta: 0:01:06  lr: 0.000392  min_lr: 0.000392  loss: 35.4441 (36.4047)  weight_decay: 0.0500 (0.0500)  grad_norm: 232.3143 (219.7294)  time: 2.6628  data: 1.3573  max mem: 34952
Epoch: [155]  [20/35]  eta: 0:00:28  lr: 0.000392  min_lr: 0.000392  loss: 35.6905 (36.9891)  weight_decay: 0.0500 (0.0500)  grad_norm: 207.4950 (207.8916)  time: 1.0240  data: 0.0002  max mem: 34952
Epoch: [155]  [30/35]  eta: 0:00:08  lr: 0.000391  min_lr: 0.000391  loss: 38.6480 (37.9588)  weight_decay: 0.0500 (0.0500)  grad_norm: 196.9650 (199.9199)  time: 1.0281  data: 0.0001  max mem: 34952
Epoch: [155]  [34/35]  eta: 0:00:01  lr: 0.000391  min_lr: 0.000391  loss: 38.6480 (38.3449)  weight_decay: 0.0500 (0.0500)  grad_norm: 196.9650 (200.1552)  time: 0.9999  data: 0.0001  max mem: 34952
Epoch: [155] Total time: 0:00:54 (1.5504 s / it)
Averaged stats: lr: 0.000391  min_lr: 0.000391  loss: 38.6480 (38.7161)  weight_decay: 0.0500 (0.0500)  grad_norm: 196.9650 (200.1552)
Epoch: [156]  [ 0/35]  eta: 0:10:41  lr: 0.000391  min_lr: 0.000391  loss: 39.8277 (39.8277)  weight_decay: 0.0500 (0.0500)  grad_norm: 197.3766 (197.3766)  time: 18.3266  data: 16.1502  max mem: 34952
Epoch: [156]  [10/35]  eta: 0:01:04  lr: 0.000391  min_lr: 0.000391  loss: 39.1976 (39.1134)  weight_decay: 0.0500 (0.0500)  grad_norm: 197.3766 (196.7633)  time: 2.5772  data: 1.4683  max mem: 34952
Epoch: [156]  [20/35]  eta: 0:00:26  lr: 0.000391  min_lr: 0.000391  loss: 38.7832 (39.0969)  weight_decay: 0.0500 (0.0500)  grad_norm: 201.6153 (222.9787)  time: 0.9561  data: 0.0002  max mem: 34952
Epoch: [156]  [30/35]  eta: 0:00:07  lr: 0.000390  min_lr: 0.000390  loss: 38.6940 (39.0522)  weight_decay: 0.0500 (0.0500)  grad_norm: 225.6209 (222.2253)  time: 0.9087  data: 0.0002  max mem: 34952
Epoch: [156]  [34/35]  eta: 0:00:01  lr: 0.000390  min_lr: 0.000390  loss: 38.2186 (39.0069)  weight_decay: 0.0500 (0.0500)  grad_norm: 194.9930 (216.4713)  time: 0.9075  data: 0.0002  max mem: 34952
Epoch: [156] Total time: 0:00:51 (1.4579 s / it)
Averaged stats: lr: 0.000390  min_lr: 0.000390  loss: 38.2186 (38.6715)  weight_decay: 0.0500 (0.0500)  grad_norm: 194.9930 (216.4713)
Epoch: [157]  [ 0/35]  eta: 0:11:15  lr: 0.000390  min_lr: 0.000390  loss: 38.2569 (38.2569)  weight_decay: 0.0500 (0.0500)  grad_norm: 227.8573 (227.8573)  time: 19.2905  data: 15.0065  max mem: 34952
Epoch: [157]  [10/35]  eta: 0:01:04  lr: 0.000390  min_lr: 0.000390  loss: 38.1858 (37.5157)  weight_decay: 0.0500 (0.0500)  grad_norm: 202.3116 (208.6259)  time: 2.5918  data: 1.3644  max mem: 34952
Epoch: [157]  [20/35]  eta: 0:00:27  lr: 0.000389  min_lr: 0.000389  loss: 36.9877 (37.5697)  weight_decay: 0.0500 (0.0500)  grad_norm: 203.7338 (218.6654)  time: 0.9500  data: 0.0002  max mem: 34952
Epoch: [157]  [30/35]  eta: 0:00:07  lr: 0.000389  min_lr: 0.000389  loss: 36.9877 (37.4715)  weight_decay: 0.0500 (0.0500)  grad_norm: 219.3658 (227.1052)  time: 0.9811  data: 0.0001  max mem: 34952
Epoch: [157]  [34/35]  eta: 0:00:01  lr: 0.000389  min_lr: 0.000389  loss: 36.9877 (37.4573)  weight_decay: 0.0500 (0.0500)  grad_norm: 229.5839 (237.1811)  time: 0.9838  data: 0.0001  max mem: 34952
Epoch: [157] Total time: 0:00:52 (1.5063 s / it)
Averaged stats: lr: 0.000389  min_lr: 0.000389  loss: 36.9877 (37.2689)  weight_decay: 0.0500 (0.0500)  grad_norm: 229.5839 (237.1811)
Epoch: [158]  [ 0/35]  eta: 0:11:15  lr: 0.000389  min_lr: 0.000389  loss: 30.0058 (30.0058)  weight_decay: 0.0500 (0.0500)  grad_norm: 250.6046 (250.6046)  time: 19.2971  data: 16.8080  max mem: 34952
Epoch: [158]  [10/35]  eta: 0:01:04  lr: 0.000389  min_lr: 0.000389  loss: 36.8871 (36.7197)  weight_decay: 0.0500 (0.0500)  grad_norm: 242.5505 (271.8213)  time: 2.5829  data: 1.5281  max mem: 34952
Epoch: [158]  [20/35]  eta: 0:00:26  lr: 0.000388  min_lr: 0.000388  loss: 37.4979 (36.8384)  weight_decay: 0.0500 (0.0500)  grad_norm: 280.0972 (292.7539)  time: 0.9132  data: 0.0002  max mem: 34952
Epoch: [158]  [30/35]  eta: 0:00:07  lr: 0.000388  min_lr: 0.000388  loss: 37.6042 (36.7242)  weight_decay: 0.0500 (0.0500)  grad_norm: 258.1573 (272.1648)  time: 0.9132  data: 0.0002  max mem: 34952
Epoch: [158]  [34/35]  eta: 0:00:01  lr: 0.000388  min_lr: 0.000388  loss: 37.5258 (36.9198)  weight_decay: 0.0500 (0.0500)  grad_norm: 229.9519 (261.7578)  time: 0.9122  data: 0.0002  max mem: 34952
Epoch: [158] Total time: 0:00:51 (1.4572 s / it)
Averaged stats: lr: 0.000388  min_lr: 0.000388  loss: 37.5258 (36.9586)  weight_decay: 0.0500 (0.0500)  grad_norm: 229.9519 (261.7578)
Epoch: [159]  [ 0/35]  eta: 0:10:58  lr: 0.000388  min_lr: 0.000388  loss: 37.6239 (37.6239)  weight_decay: 0.0500 (0.0500)  grad_norm: 187.2732 (187.2732)  time: 18.8186  data: 12.2443  max mem: 34952
Epoch: [159]  [10/35]  eta: 0:01:03  lr: 0.000388  min_lr: 0.000388  loss: 36.0588 (36.1997)  weight_decay: 0.0500 (0.0500)  grad_norm: 305.7780 (297.0077)  time: 2.5437  data: 1.1133  max mem: 34952
Epoch: [159]  [20/35]  eta: 0:00:26  lr: 0.000387  min_lr: 0.000387  loss: 36.0588 (36.4853)  weight_decay: 0.0500 (0.0500)  grad_norm: 324.6086 (319.1032)  time: 0.9132  data: 0.0002  max mem: 34952
Epoch: [159]  [30/35]  eta: 0:00:07  lr: 0.000387  min_lr: 0.000387  loss: 36.8279 (36.7760)  weight_decay: 0.0500 (0.0500)  grad_norm: 351.2938 (329.7854)  time: 0.9401  data: 0.0002  max mem: 34952
Epoch: [159]  [34/35]  eta: 0:00:01  lr: 0.000387  min_lr: 0.000387  loss: 37.7762 (36.9550)  weight_decay: 0.0500 (0.0500)  grad_norm: 359.9062 (329.0025)  time: 0.9618  data: 0.0002  max mem: 34952
Epoch: [159] Total time: 0:00:51 (1.4763 s / it)
Averaged stats: lr: 0.000387  min_lr: 0.000387  loss: 37.7762 (37.1715)  weight_decay: 0.0500 (0.0500)  grad_norm: 359.9062 (329.0025)
Epoch: [160]  [ 0/35]  eta: 0:10:36  lr: 0.000387  min_lr: 0.000387  loss: 37.1933 (37.1933)  weight_decay: 0.0500 (0.0500)  grad_norm: 126.1428 (126.1428)  time: 18.1817  data: 16.7253  max mem: 34952
Epoch: [160]  [10/35]  eta: 0:01:04  lr: 0.000387  min_lr: 0.000387  loss: 35.8992 (35.5801)  weight_decay: 0.0500 (0.0500)  grad_norm: 241.1835 (235.4978)  time: 2.5673  data: 1.5207  max mem: 34952
Epoch: [160]  [20/35]  eta: 0:00:26  lr: 0.000386  min_lr: 0.000386  loss: 36.0419 (36.2028)  weight_decay: 0.0500 (0.0500)  grad_norm: 199.8881 (222.6606)  time: 0.9803  data: 0.0002  max mem: 34952
Epoch: [160]  [30/35]  eta: 0:00:07  lr: 0.000386  min_lr: 0.000386  loss: 36.2131 (36.2549)  weight_decay: 0.0500 (0.0500)  grad_norm: 191.7214 (217.8261)  time: 0.9344  data: 0.0001  max mem: 34952
Epoch: [160]  [34/35]  eta: 0:00:01  lr: 0.000386  min_lr: 0.000386  loss: 36.6149 (36.4402)  weight_decay: 0.0500 (0.0500)  grad_norm: 191.7214 (216.9470)  time: 0.9210  data: 0.0001  max mem: 34952
Epoch: [160] Total time: 0:00:51 (1.4693 s / it)
Averaged stats: lr: 0.000386  min_lr: 0.000386  loss: 36.6149 (37.0906)  weight_decay: 0.0500 (0.0500)  grad_norm: 191.7214 (216.9470)
Epoch: [161]  [ 0/35]  eta: 0:11:18  lr: 0.000386  min_lr: 0.000386  loss: 44.5588 (44.5588)  weight_decay: 0.0500 (0.0500)  grad_norm: 232.7587 (232.7587)  time: 19.3716  data: 15.7270  max mem: 34952
Epoch: [161]  [10/35]  eta: 0:01:04  lr: 0.000385  min_lr: 0.000385  loss: 37.4238 (37.6677)  weight_decay: 0.0500 (0.0500)  grad_norm: 219.7929 (251.1004)  time: 2.5938  data: 1.4299  max mem: 34952
Epoch: [161]  [20/35]  eta: 0:00:26  lr: 0.000385  min_lr: 0.000385  loss: 37.4238 (37.5513)  weight_decay: 0.0500 (0.0500)  grad_norm: 215.2501 (238.4833)  time: 0.9209  data: 0.0002  max mem: 34952
Epoch: [161]  [30/35]  eta: 0:00:07  lr: 0.000385  min_lr: 0.000385  loss: 37.2833 (37.5323)  weight_decay: 0.0500 (0.0500)  grad_norm: 202.0121 (228.8812)  time: 0.9570  data: 0.0002  max mem: 34952
Epoch: [161]  [34/35]  eta: 0:00:01  lr: 0.000385  min_lr: 0.000385  loss: 37.1072 (37.5160)  weight_decay: 0.0500 (0.0500)  grad_norm: 202.0121 (228.7554)  time: 0.9573  data: 0.0002  max mem: 34952
Epoch: [161] Total time: 0:00:52 (1.4879 s / it)
Averaged stats: lr: 0.000385  min_lr: 0.000385  loss: 37.1072 (37.2860)  weight_decay: 0.0500 (0.0500)  grad_norm: 202.0121 (228.7554)
Epoch: [162]  [ 0/35]  eta: 0:11:07  lr: 0.000385  min_lr: 0.000385  loss: 34.2150 (34.2150)  weight_decay: 0.0500 (0.0500)  grad_norm: 292.1473 (292.1473)  time: 19.0785  data: 16.1604  max mem: 34952
Epoch: [162]  [10/35]  eta: 0:01:04  lr: 0.000384  min_lr: 0.000384  loss: 37.8460 (36.9257)  weight_decay: 0.0500 (0.0500)  grad_norm: 206.6962 (216.1503)  time: 2.5708  data: 1.4693  max mem: 34952
Epoch: [162]  [20/35]  eta: 0:00:27  lr: 0.000384  min_lr: 0.000384  loss: 38.2557 (37.6708)  weight_decay: 0.0500 (0.0500)  grad_norm: 248.5867 (239.9152)  time: 0.9448  data: 0.0002  max mem: 34952
Epoch: [162]  [30/35]  eta: 0:00:07  lr: 0.000384  min_lr: 0.000384  loss: 38.4168 (37.9619)  weight_decay: 0.0500 (0.0500)  grad_norm: 238.1932 (235.9637)  time: 0.9892  data: 0.0002  max mem: 34952
Epoch: [162]  [34/35]  eta: 0:00:01  lr: 0.000384  min_lr: 0.000384  loss: 38.4168 (38.1133)  weight_decay: 0.0500 (0.0500)  grad_norm: 222.5190 (229.6167)  time: 0.9912  data: 0.0002  max mem: 34952
Epoch: [162] Total time: 0:00:52 (1.5130 s / it)
Averaged stats: lr: 0.000384  min_lr: 0.000384  loss: 38.4168 (37.0591)  weight_decay: 0.0500 (0.0500)  grad_norm: 222.5190 (229.6167)
Epoch: [163]  [ 0/35]  eta: 0:10:47  lr: 0.000384  min_lr: 0.000384  loss: 37.8219 (37.8219)  weight_decay: 0.0500 (0.0500)  grad_norm: 155.2820 (155.2820)  time: 18.4982  data: 14.1194  max mem: 34952
Epoch: [163]  [10/35]  eta: 0:01:03  lr: 0.000383  min_lr: 0.000383  loss: 36.9231 (37.0036)  weight_decay: 0.0500 (0.0500)  grad_norm: 187.6641 (215.2028)  time: 2.5281  data: 1.2837  max mem: 34952
Epoch: [163]  [20/35]  eta: 0:00:26  lr: 0.000383  min_lr: 0.000383  loss: 38.3856 (37.6032)  weight_decay: 0.0500 (0.0500)  grad_norm: 212.5533 (252.9525)  time: 0.9226  data: 0.0002  max mem: 34952
Epoch: [163]  [30/35]  eta: 0:00:07  lr: 0.000383  min_lr: 0.000383  loss: 35.8040 (36.9678)  weight_decay: 0.0500 (0.0500)  grad_norm: 253.3867 (253.9419)  time: 0.9110  data: 0.0001  max mem: 34952
Epoch: [163]  [34/35]  eta: 0:00:01  lr: 0.000382  min_lr: 0.000382  loss: 35.8040 (37.0745)  weight_decay: 0.0500 (0.0500)  grad_norm: 256.2989 (252.2519)  time: 0.9298  data: 0.0001  max mem: 34952
Epoch: [163] Total time: 0:00:50 (1.4511 s / it)
Averaged stats: lr: 0.000382  min_lr: 0.000382  loss: 35.8040 (36.2641)  weight_decay: 0.0500 (0.0500)  grad_norm: 256.2989 (252.2519)
Epoch: [164]  [ 0/35]  eta: 0:11:16  lr: 0.000382  min_lr: 0.000382  loss: 35.1428 (35.1428)  weight_decay: 0.0500 (0.0500)  grad_norm: 270.8210 (270.8210)  time: 19.3355  data: 11.4220  max mem: 34952
Epoch: [164]  [10/35]  eta: 0:01:04  lr: 0.000382  min_lr: 0.000382  loss: 35.8637 (35.7320)  weight_decay: 0.0500 (0.0500)  grad_norm: 273.7327 (281.6722)  time: 2.5944  data: 1.0385  max mem: 34952
Epoch: [164]  [20/35]  eta: 0:00:26  lr: 0.000382  min_lr: 0.000382  loss: 36.2331 (36.6331)  weight_decay: 0.0500 (0.0500)  grad_norm: 278.8049 (288.1555)  time: 0.9183  data: 0.0002  max mem: 34952
Epoch: [164]  [30/35]  eta: 0:00:07  lr: 0.000381  min_lr: 0.000381  loss: 36.0940 (36.2391)  weight_decay: 0.0500 (0.0500)  grad_norm: 262.0275 (271.0994)  time: 0.9117  data: 0.0001  max mem: 34952
Epoch: [164]  [34/35]  eta: 0:00:01  lr: 0.000381  min_lr: 0.000381  loss: 36.1347 (36.4678)  weight_decay: 0.0500 (0.0500)  grad_norm: 258.2043 (266.5899)  time: 0.9083  data: 0.0001  max mem: 34952
Epoch: [164] Total time: 0:00:51 (1.4621 s / it)
Averaged stats: lr: 0.000381  min_lr: 0.000381  loss: 36.1347 (36.3979)  weight_decay: 0.0500 (0.0500)  grad_norm: 258.2043 (266.5899)
Epoch: [165]  [ 0/35]  eta: 0:10:56  lr: 0.000381  min_lr: 0.000381  loss: 29.9505 (29.9505)  weight_decay: 0.0500 (0.0500)  grad_norm: 333.5127 (333.5127)  time: 18.7608  data: 14.2208  max mem: 34952
Epoch: [165]  [10/35]  eta: 0:01:03  lr: 0.000381  min_lr: 0.000381  loss: 33.0510 (32.4598)  weight_decay: 0.0500 (0.0500)  grad_norm: 199.3300 (202.2823)  time: 2.5496  data: 1.2929  max mem: 34952
Epoch: [165]  [20/35]  eta: 0:00:26  lr: 0.000381  min_lr: 0.000381  loss: 35.4099 (34.8162)  weight_decay: 0.0500 (0.0500)  grad_norm: 208.7933 (241.7910)  time: 0.9201  data: 0.0001  max mem: 34952
Epoch: [165]  [30/35]  eta: 0:00:07  lr: 0.000380  min_lr: 0.000380  loss: 36.8166 (35.2861)  weight_decay: 0.0500 (0.0500)  grad_norm: 260.8760 (242.6597)  time: 0.9094  data: 0.0001  max mem: 34952
Epoch: [165]  [34/35]  eta: 0:00:01  lr: 0.000380  min_lr: 0.000380  loss: 36.6794 (35.4732)  weight_decay: 0.0500 (0.0500)  grad_norm: 294.4806 (252.7793)  time: 0.9075  data: 0.0001  max mem: 34952
Epoch: [165] Total time: 0:00:50 (1.4479 s / it)
Averaged stats: lr: 0.000380  min_lr: 0.000380  loss: 36.6794 (36.4586)  weight_decay: 0.0500 (0.0500)  grad_norm: 294.4806 (252.7793)
Epoch: [166]  [ 0/35]  eta: 0:11:03  lr: 0.000380  min_lr: 0.000380  loss: 35.3396 (35.3396)  weight_decay: 0.0500 (0.0500)  grad_norm: 381.6992 (381.6992)  time: 18.9687  data: 16.0974  max mem: 34952
Epoch: [166]  [10/35]  eta: 0:01:05  lr: 0.000380  min_lr: 0.000380  loss: 34.5541 (34.3619)  weight_decay: 0.0500 (0.0500)  grad_norm: 320.5097 (329.9049)  time: 2.6294  data: 1.4635  max mem: 34952
Epoch: [166]  [20/35]  eta: 0:00:28  lr: 0.000380  min_lr: 0.000380  loss: 35.7470 (34.9845)  weight_decay: 0.0500 (0.0500)  grad_norm: 304.3404 (308.3254)  time: 1.0162  data: 0.0002  max mem: 34952
Epoch: [166]  [30/35]  eta: 0:00:07  lr: 0.000379  min_lr: 0.000379  loss: 36.6299 (35.4303)  weight_decay: 0.0500 (0.0500)  grad_norm: 268.6140 (290.0949)  time: 0.9787  data: 0.0002  max mem: 34952
Epoch: [166]  [34/35]  eta: 0:00:01  lr: 0.000379  min_lr: 0.000379  loss: 36.9999 (35.8133)  weight_decay: 0.0500 (0.0500)  grad_norm: 283.0388 (289.4549)  time: 0.9701  data: 0.0002  max mem: 34952
Epoch: [166] Total time: 0:00:53 (1.5282 s / it)
Averaged stats: lr: 0.000379  min_lr: 0.000379  loss: 36.9999 (36.3146)  weight_decay: 0.0500 (0.0500)  grad_norm: 283.0388 (289.4549)
Epoch: [167]  [ 0/35]  eta: 0:11:00  lr: 0.000379  min_lr: 0.000379  loss: 30.4053 (30.4053)  weight_decay: 0.0500 (0.0500)  grad_norm: 245.8303 (245.8303)  time: 18.8603  data: 17.8964  max mem: 34952
Epoch: [167]  [10/35]  eta: 0:01:04  lr: 0.000379  min_lr: 0.000379  loss: 35.6157 (35.7000)  weight_decay: 0.0500 (0.0500)  grad_norm: 190.4517 (213.9731)  time: 2.5619  data: 1.6271  max mem: 34952
Epoch: [167]  [20/35]  eta: 0:00:26  lr: 0.000378  min_lr: 0.000378  loss: 37.9814 (37.0676)  weight_decay: 0.0500 (0.0500)  grad_norm: 187.1738 (233.3674)  time: 0.9206  data: 0.0002  max mem: 34952
Epoch: [167]  [30/35]  eta: 0:00:07  lr: 0.000378  min_lr: 0.000378  loss: 37.6331 (36.6128)  weight_decay: 0.0500 (0.0500)  grad_norm: 274.2285 (267.4575)  time: 0.9085  data: 0.0002  max mem: 34952
Epoch: [167]  [34/35]  eta: 0:00:01  lr: 0.000378  min_lr: 0.000378  loss: 36.4902 (36.9977)  weight_decay: 0.0500 (0.0500)  grad_norm: 271.0781 (257.1256)  time: 0.9081  data: 0.0002  max mem: 34952
Epoch: [167] Total time: 0:00:50 (1.4514 s / it)
Averaged stats: lr: 0.000378  min_lr: 0.000378  loss: 36.4902 (36.3870)  weight_decay: 0.0500 (0.0500)  grad_norm: 271.0781 (257.1256)
Epoch: [168]  [ 0/35]  eta: 0:11:24  lr: 0.000378  min_lr: 0.000378  loss: 39.8346 (39.8346)  weight_decay: 0.0500 (0.0500)  grad_norm: 150.1206 (150.1206)  time: 19.5466  data: 15.8977  max mem: 34952
Epoch: [168]  [10/35]  eta: 0:01:06  lr: 0.000378  min_lr: 0.000378  loss: 35.9256 (36.0874)  weight_decay: 0.0500 (0.0500)  grad_norm: 309.6180 (268.3810)  time: 2.6616  data: 1.4454  max mem: 34952
Epoch: [168]  [20/35]  eta: 0:00:28  lr: 0.000377  min_lr: 0.000377  loss: 35.8951 (36.0757)  weight_decay: 0.0500 (0.0500)  grad_norm: 214.5425 (241.8119)  time: 1.0102  data: 0.0002  max mem: 34952
Epoch: [168]  [30/35]  eta: 0:00:07  lr: 0.000377  min_lr: 0.000377  loss: 36.1171 (36.1000)  weight_decay: 0.0500 (0.0500)  grad_norm: 201.5166 (237.3081)  time: 1.0119  data: 0.0002  max mem: 34952
Epoch: [168]  [34/35]  eta: 0:00:01  lr: 0.000377  min_lr: 0.000377  loss: 36.3033 (36.3525)  weight_decay: 0.0500 (0.0500)  grad_norm: 197.6845 (230.3482)  time: 1.0075  data: 0.0002  max mem: 34952
Epoch: [168] Total time: 0:00:54 (1.5535 s / it)
Averaged stats: lr: 0.000377  min_lr: 0.000377  loss: 36.3033 (35.6788)  weight_decay: 0.0500 (0.0500)  grad_norm: 197.6845 (230.3482)
Epoch: [169]  [ 0/35]  eta: 0:11:05  lr: 0.000377  min_lr: 0.000377  loss: 33.4633 (33.4633)  weight_decay: 0.0500 (0.0500)  grad_norm: 320.3737 (320.3737)  time: 19.0198  data: 16.6327  max mem: 34952
Epoch: [169]  [10/35]  eta: 0:01:04  lr: 0.000376  min_lr: 0.000376  loss: 33.4633 (34.4139)  weight_decay: 0.0500 (0.0500)  grad_norm: 284.6787 (276.9255)  time: 2.5747  data: 1.5123  max mem: 34952
Epoch: [169]  [20/35]  eta: 0:00:26  lr: 0.000376  min_lr: 0.000376  loss: 34.8960 (35.2521)  weight_decay: 0.0500 (0.0500)  grad_norm: 244.4882 (260.6779)  time: 0.9217  data: 0.0002  max mem: 34952
Epoch: [169]  [30/35]  eta: 0:00:07  lr: 0.000376  min_lr: 0.000376  loss: 35.9734 (35.7382)  weight_decay: 0.0500 (0.0500)  grad_norm: 229.4395 (252.3918)  time: 0.9166  data: 0.0002  max mem: 34952
Epoch: [169]  [34/35]  eta: 0:00:01  lr: 0.000376  min_lr: 0.000376  loss: 36.6847 (36.0756)  weight_decay: 0.0500 (0.0500)  grad_norm: 212.8265 (248.3814)  time: 0.9165  data: 0.0001  max mem: 34952
Epoch: [169] Total time: 0:00:51 (1.4596 s / it)
Averaged stats: lr: 0.000376  min_lr: 0.000376  loss: 36.6847 (35.6302)  weight_decay: 0.0500 (0.0500)  grad_norm: 212.8265 (248.3814)
Epoch: [170]  [ 0/35]  eta: 0:11:05  lr: 0.000376  min_lr: 0.000376  loss: 37.1716 (37.1716)  weight_decay: 0.0500 (0.0500)  grad_norm: 285.6478 (285.6478)  time: 19.0230  data: 16.0465  max mem: 34952
Epoch: [170]  [10/35]  eta: 0:01:04  lr: 0.000375  min_lr: 0.000375  loss: 34.3520 (34.4569)  weight_decay: 0.0500 (0.0500)  grad_norm: 240.4502 (233.0348)  time: 2.5798  data: 1.4589  max mem: 34952
Epoch: [170]  [20/35]  eta: 0:00:26  lr: 0.000375  min_lr: 0.000375  loss: 35.4148 (35.9681)  weight_decay: 0.0500 (0.0500)  grad_norm: 194.3437 (207.2468)  time: 0.9240  data: 0.0002  max mem: 34952
Epoch: [170]  [30/35]  eta: 0:00:07  lr: 0.000375  min_lr: 0.000375  loss: 37.8358 (36.4169)  weight_decay: 0.0500 (0.0500)  grad_norm: 161.4864 (195.0111)  time: 0.9099  data: 0.0002  max mem: 34952
Epoch: [170]  [34/35]  eta: 0:00:01  lr: 0.000374  min_lr: 0.000374  loss: 38.4134 (36.7614)  weight_decay: 0.0500 (0.0500)  grad_norm: 173.4922 (201.1096)  time: 0.9214  data: 0.0002  max mem: 34952
Epoch: [170] Total time: 0:00:51 (1.4649 s / it)
Averaged stats: lr: 0.000374  min_lr: 0.000374  loss: 38.4134 (36.0408)  weight_decay: 0.0500 (0.0500)  grad_norm: 173.4922 (201.1096)
Epoch: [171]  [ 0/35]  eta: 0:11:15  lr: 0.000374  min_lr: 0.000374  loss: 35.6532 (35.6532)  weight_decay: 0.0500 (0.0500)  grad_norm: 311.2462 (311.2462)  time: 19.2985  data: 17.9940  max mem: 34952
Epoch: [171]  [10/35]  eta: 0:01:04  lr: 0.000374  min_lr: 0.000374  loss: 36.0540 (36.1767)  weight_decay: 0.0500 (0.0500)  grad_norm: 320.3610 (333.4070)  time: 2.5875  data: 1.6360  max mem: 34952
Epoch: [171]  [20/35]  eta: 0:00:26  lr: 0.000374  min_lr: 0.000374  loss: 35.0566 (35.9725)  weight_decay: 0.0500 (0.0500)  grad_norm: 256.7983 (279.1703)  time: 0.9159  data: 0.0002  max mem: 34952
Epoch: [171]  [30/35]  eta: 0:00:07  lr: 0.000373  min_lr: 0.000373  loss: 34.6359 (35.7196)  weight_decay: 0.0500 (0.0500)  grad_norm: 204.4799 (253.2914)  time: 0.9107  data: 0.0002  max mem: 34952
Epoch: [171]  [34/35]  eta: 0:00:01  lr: 0.000373  min_lr: 0.000373  loss: 34.6359 (35.6526)  weight_decay: 0.0500 (0.0500)  grad_norm: 195.0788 (243.5479)  time: 0.9090  data: 0.0002  max mem: 34952
Epoch: [171] Total time: 0:00:51 (1.4610 s / it)
Averaged stats: lr: 0.000373  min_lr: 0.000373  loss: 34.6359 (35.3201)  weight_decay: 0.0500 (0.0500)  grad_norm: 195.0788 (243.5479)
Epoch: [172]  [ 0/35]  eta: 0:11:34  lr: 0.000373  min_lr: 0.000373  loss: 36.7400 (36.7400)  weight_decay: 0.0500 (0.0500)  grad_norm: 154.8114 (154.8114)  time: 19.8494  data: 14.3447  max mem: 34952
Epoch: [172]  [10/35]  eta: 0:01:05  lr: 0.000373  min_lr: 0.000373  loss: 33.6966 (33.6665)  weight_decay: 0.0500 (0.0500)  grad_norm: 303.6519 (303.5668)  time: 2.6301  data: 1.3042  max mem: 34952
Epoch: [172]  [20/35]  eta: 0:00:27  lr: 0.000373  min_lr: 0.000373  loss: 33.8686 (34.8180)  weight_decay: 0.0500 (0.0500)  grad_norm: 332.8140 (325.1477)  time: 0.9079  data: 0.0002  max mem: 34952
Epoch: [172]  [30/35]  eta: 0:00:07  lr: 0.000372  min_lr: 0.000372  loss: 34.6075 (35.0862)  weight_decay: 0.0500 (0.0500)  grad_norm: 297.6344 (309.1339)  time: 0.9092  data: 0.0002  max mem: 34952
Epoch: [172]  [34/35]  eta: 0:00:01  lr: 0.000372  min_lr: 0.000372  loss: 34.6075 (35.0526)  weight_decay: 0.0500 (0.0500)  grad_norm: 285.7928 (313.1372)  time: 0.9085  data: 0.0002  max mem: 34952
Epoch: [172] Total time: 0:00:51 (1.4726 s / it)
Averaged stats: lr: 0.000372  min_lr: 0.000372  loss: 34.6075 (35.6719)  weight_decay: 0.0500 (0.0500)  grad_norm: 285.7928 (313.1372)
Epoch: [173]  [ 0/35]  eta: 0:11:28  lr: 0.000372  min_lr: 0.000372  loss: 34.0774 (34.0774)  weight_decay: 0.0500 (0.0500)  grad_norm: 237.1597 (237.1597)  time: 19.6607  data: 11.3240  max mem: 34952
Epoch: [173]  [10/35]  eta: 0:01:06  lr: 0.000372  min_lr: 0.000372  loss: 35.7055 (35.1703)  weight_decay: 0.0500 (0.0500)  grad_norm: 260.3023 (261.1136)  time: 2.6628  data: 1.0296  max mem: 34952
Epoch: [173]  [20/35]  eta: 0:00:28  lr: 0.000371  min_lr: 0.000371  loss: 36.9351 (36.3719)  weight_decay: 0.0500 (0.0500)  grad_norm: 254.2672 (256.8286)  time: 0.9817  data: 0.0002  max mem: 34952
Epoch: [173]  [30/35]  eta: 0:00:07  lr: 0.000371  min_lr: 0.000371  loss: 37.5381 (36.4839)  weight_decay: 0.0500 (0.0500)  grad_norm: 247.7608 (248.5865)  time: 0.9658  data: 0.0001  max mem: 34952
Epoch: [173]  [34/35]  eta: 0:00:01  lr: 0.000371  min_lr: 0.000371  loss: 36.8696 (36.8006)  weight_decay: 0.0500 (0.0500)  grad_norm: 258.0312 (255.2526)  time: 0.9382  data: 0.0001  max mem: 34952
Epoch: [173] Total time: 0:00:53 (1.5162 s / it)
Averaged stats: lr: 0.000371  min_lr: 0.000371  loss: 36.8696 (35.4928)  weight_decay: 0.0500 (0.0500)  grad_norm: 258.0312 (255.2526)
Epoch: [174]  [ 0/35]  eta: 0:11:20  lr: 0.000371  min_lr: 0.000371  loss: 37.7129 (37.7129)  weight_decay: 0.0500 (0.0500)  grad_norm: 141.2394 (141.2394)  time: 19.4462  data: 12.0413  max mem: 34952
Epoch: [174]  [10/35]  eta: 0:01:04  lr: 0.000370  min_lr: 0.000370  loss: 35.8833 (34.9961)  weight_decay: 0.0500 (0.0500)  grad_norm: 269.2036 (257.9005)  time: 2.5964  data: 1.0948  max mem: 34952
Epoch: [174]  [20/35]  eta: 0:00:26  lr: 0.000370  min_lr: 0.000370  loss: 34.8985 (35.4123)  weight_decay: 0.0500 (0.0500)  grad_norm: 260.6073 (249.5089)  time: 0.9115  data: 0.0002  max mem: 34952
Epoch: [174]  [30/35]  eta: 0:00:07  lr: 0.000370  min_lr: 0.000370  loss: 36.0087 (36.0486)  weight_decay: 0.0500 (0.0500)  grad_norm: 212.7778 (229.7554)  time: 0.9094  data: 0.0002  max mem: 34952
Epoch: [174]  [34/35]  eta: 0:00:01  lr: 0.000370  min_lr: 0.000370  loss: 36.0087 (36.2496)  weight_decay: 0.0500 (0.0500)  grad_norm: 197.6473 (232.1000)  time: 0.9106  data: 0.0002  max mem: 34952
Epoch: [174] Total time: 0:00:51 (1.4633 s / it)
Averaged stats: lr: 0.000370  min_lr: 0.000370  loss: 36.0087 (35.2384)  weight_decay: 0.0500 (0.0500)  grad_norm: 197.6473 (232.1000)
Epoch: [175]  [ 0/35]  eta: 0:30:19  lr: 0.000370  min_lr: 0.000370  loss: 29.9432 (29.9432)  weight_decay: 0.0500 (0.0500)  grad_norm: 316.1259 (316.1259)  time: 51.9974  data: 50.9746  max mem: 34952
Epoch: [175]  [10/35]  eta: 0:02:20  lr: 0.000369  min_lr: 0.000369  loss: 33.8203 (34.4015)  weight_decay: 0.0500 (0.0500)  grad_norm: 183.6822 (205.8949)  time: 5.6151  data: 4.6342  max mem: 34952
Epoch: [175]  [20/35]  eta: 0:00:51  lr: 0.000369  min_lr: 0.000369  loss: 33.8203 (34.3054)  weight_decay: 0.0500 (0.0500)  grad_norm: 176.5207 (210.3810)  time: 0.9968  data: 0.0002  max mem: 34952
Epoch: [175]  [30/35]  eta: 0:00:13  lr: 0.000369  min_lr: 0.000369  loss: 35.5053 (34.9632)  weight_decay: 0.0500 (0.0500)  grad_norm: 193.6946 (214.3458)  time: 0.9826  data: 0.0001  max mem: 34952
Epoch: [175]  [34/35]  eta: 0:00:02  lr: 0.000368  min_lr: 0.000368  loss: 35.5053 (35.0967)  weight_decay: 0.0500 (0.0500)  grad_norm: 193.6946 (220.2437)  time: 0.9653  data: 0.0001  max mem: 34952
Epoch: [175] Total time: 0:01:25 (2.4530 s / it)
Averaged stats: lr: 0.000368  min_lr: 0.000368  loss: 35.5053 (34.8520)  weight_decay: 0.0500 (0.0500)  grad_norm: 193.6946 (220.2437)
[Eval]   [0/1]  eta: 0:00:04  loss: 74.8962 (74.8962)  time: 4.0116  data: 3.9071  max mem: 34952
[Eval]  Total time: 0:00:04 (4.2463 s / it)
Eval averaged stats: loss: 74.8962 (68.4630)
Epoch: [176]  [ 0/35]  eta: 0:10:55  lr: 0.000368  min_lr: 0.000368  loss: 37.3420 (37.3420)  weight_decay: 0.0500 (0.0500)  grad_norm: 253.8979 (253.8979)  time: 18.7178  data: 13.1458  max mem: 34952
Epoch: [176]  [10/35]  eta: 0:01:03  lr: 0.000368  min_lr: 0.000368  loss: 35.2756 (35.7664)  weight_decay: 0.0500 (0.0500)  grad_norm: 220.7419 (216.3422)  time: 2.5471  data: 1.1952  max mem: 34952
Epoch: [176]  [20/35]  eta: 0:00:26  lr: 0.000368  min_lr: 0.000368  loss: 35.3972 (36.0639)  weight_decay: 0.0500 (0.0500)  grad_norm: 220.7419 (227.7989)  time: 0.9333  data: 0.0002  max mem: 34952
Epoch: [176]  [30/35]  eta: 0:00:07  lr: 0.000367  min_lr: 0.000367  loss: 35.5808 (35.9171)  weight_decay: 0.0500 (0.0500)  grad_norm: 245.7095 (249.6726)  time: 0.9245  data: 0.0001  max mem: 34952
Epoch: [176]  [34/35]  eta: 0:00:01  lr: 0.000367  min_lr: 0.000367  loss: 35.2677 (36.0253)  weight_decay: 0.0500 (0.0500)  grad_norm: 235.0159 (243.7252)  time: 0.9183  data: 0.0001  max mem: 34952
Epoch: [176] Total time: 0:00:50 (1.4544 s / it)
Averaged stats: lr: 0.000367  min_lr: 0.000367  loss: 35.2677 (36.0062)  weight_decay: 0.0500 (0.0500)  grad_norm: 235.0159 (243.7252)
Epoch: [177]  [ 0/35]  eta: 0:11:20  lr: 0.000367  min_lr: 0.000367  loss: 32.7047 (32.7047)  weight_decay: 0.0500 (0.0500)  grad_norm: 174.9064 (174.9064)  time: 19.4389  data: 15.0538  max mem: 34952
Epoch: [177]  [10/35]  eta: 0:01:07  lr: 0.000367  min_lr: 0.000367  loss: 33.6668 (34.2600)  weight_decay: 0.0500 (0.0500)  grad_norm: 221.6445 (225.3091)  time: 2.7048  data: 1.3687  max mem: 34952
Epoch: [177]  [20/35]  eta: 0:00:28  lr: 0.000367  min_lr: 0.000367  loss: 35.1079 (35.1923)  weight_decay: 0.0500 (0.0500)  grad_norm: 227.8144 (229.8641)  time: 1.0045  data: 0.0002  max mem: 34952
Epoch: [177]  [30/35]  eta: 0:00:07  lr: 0.000366  min_lr: 0.000366  loss: 35.8637 (35.4630)  weight_decay: 0.0500 (0.0500)  grad_norm: 200.4563 (218.0595)  time: 0.9585  data: 0.0002  max mem: 34952
Epoch: [177]  [34/35]  eta: 0:00:01  lr: 0.000366  min_lr: 0.000366  loss: 35.8637 (35.4713)  weight_decay: 0.0500 (0.0500)  grad_norm: 190.5729 (210.9100)  time: 0.9713  data: 0.0002  max mem: 34952
Epoch: [177] Total time: 0:00:53 (1.5419 s / it)
Averaged stats: lr: 0.000366  min_lr: 0.000366  loss: 35.8637 (34.7630)  weight_decay: 0.0500 (0.0500)  grad_norm: 190.5729 (210.9100)
Epoch: [178]  [ 0/35]  eta: 0:11:07  lr: 0.000366  min_lr: 0.000366  loss: 36.0776 (36.0776)  weight_decay: 0.0500 (0.0500)  grad_norm: 135.8831 (135.8831)  time: 19.0802  data: 15.7414  max mem: 34952
Epoch: [178]  [10/35]  eta: 0:01:05  lr: 0.000366  min_lr: 0.000366  loss: 34.4501 (34.2256)  weight_decay: 0.0500 (0.0500)  grad_norm: 217.4719 (208.4280)  time: 2.6311  data: 1.4312  max mem: 34952
Epoch: [178]  [20/35]  eta: 0:00:27  lr: 0.000365  min_lr: 0.000365  loss: 34.5956 (35.5585)  weight_decay: 0.0500 (0.0500)  grad_norm: 219.0170 (229.5481)  time: 0.9654  data: 0.0002  max mem: 34952
Epoch: [178]  [30/35]  eta: 0:00:07  lr: 0.000365  min_lr: 0.000365  loss: 35.8728 (35.7384)  weight_decay: 0.0500 (0.0500)  grad_norm: 223.9128 (243.3335)  time: 0.9315  data: 0.0002  max mem: 34952
Epoch: [178]  [34/35]  eta: 0:00:01  lr: 0.000365  min_lr: 0.000365  loss: 35.4332 (35.5128)  weight_decay: 0.0500 (0.0500)  grad_norm: 236.2812 (241.9715)  time: 0.9258  data: 0.0002  max mem: 34952
Epoch: [178] Total time: 0:00:51 (1.4855 s / it)
Averaged stats: lr: 0.000365  min_lr: 0.000365  loss: 35.4332 (34.7703)  weight_decay: 0.0500 (0.0500)  grad_norm: 236.2812 (241.9715)
Epoch: [179]  [ 0/35]  eta: 0:11:36  lr: 0.000365  min_lr: 0.000365  loss: 31.0819 (31.0819)  weight_decay: 0.0500 (0.0500)  grad_norm: 391.3822 (391.3822)  time: 19.9019  data: 12.5931  max mem: 34952
Epoch: [179]  [10/35]  eta: 0:01:07  lr: 0.000364  min_lr: 0.000364  loss: 34.7774 (35.4374)  weight_decay: 0.0500 (0.0500)  grad_norm: 251.3978 (294.5930)  time: 2.6873  data: 1.1450  max mem: 34952
Epoch: [179]  [20/35]  eta: 0:00:27  lr: 0.000364  min_lr: 0.000364  loss: 34.7774 (34.9919)  weight_decay: 0.0500 (0.0500)  grad_norm: 253.8137 (297.6687)  time: 0.9424  data: 0.0002  max mem: 34952
Epoch: [179]  [30/35]  eta: 0:00:07  lr: 0.000364  min_lr: 0.000364  loss: 33.0677 (34.1492)  weight_decay: 0.0500 (0.0500)  grad_norm: 337.4089 (300.4108)  time: 0.9277  data: 0.0002  max mem: 34952
Epoch: [179]  [34/35]  eta: 0:00:01  lr: 0.000364  min_lr: 0.000364  loss: 34.4336 (34.7388)  weight_decay: 0.0500 (0.0500)  grad_norm: 252.2238 (286.0181)  time: 0.9272  data: 0.0002  max mem: 34952
Epoch: [179] Total time: 0:00:52 (1.5017 s / it)
Averaged stats: lr: 0.000364  min_lr: 0.000364  loss: 34.4336 (34.6102)  weight_decay: 0.0500 (0.0500)  grad_norm: 252.2238 (286.0181)
Epoch: [180]  [ 0/35]  eta: 0:11:01  lr: 0.000364  min_lr: 0.000364  loss: 34.1548 (34.1548)  weight_decay: 0.0500 (0.0500)  grad_norm: 156.5385 (156.5385)  time: 18.9074  data: 15.4148  max mem: 34952
Epoch: [180]  [10/35]  eta: 0:01:03  lr: 0.000363  min_lr: 0.000363  loss: 34.2032 (35.0916)  weight_decay: 0.0500 (0.0500)  grad_norm: 188.9354 (239.7044)  time: 2.5564  data: 1.4015  max mem: 34952
Epoch: [180]  [20/35]  eta: 0:00:26  lr: 0.000363  min_lr: 0.000363  loss: 34.1109 (34.4955)  weight_decay: 0.0500 (0.0500)  grad_norm: 263.5564 (320.5360)  time: 0.9225  data: 0.0002  max mem: 34952
Epoch: [180]  [30/35]  eta: 0:00:07  lr: 0.000362  min_lr: 0.000362  loss: 34.1109 (34.5558)  weight_decay: 0.0500 (0.0500)  grad_norm: 343.0842 (317.9993)  time: 0.9222  data: 0.0002  max mem: 34952
Epoch: [180]  [34/35]  eta: 0:00:01  lr: 0.000362  min_lr: 0.000362  loss: 34.3623 (34.6263)  weight_decay: 0.0500 (0.0500)  grad_norm: 283.9417 (306.2953)  time: 0.9218  data: 0.0002  max mem: 34952
Epoch: [180] Total time: 0:00:50 (1.4571 s / it)
Averaged stats: lr: 0.000362  min_lr: 0.000362  loss: 34.3623 (34.5016)  weight_decay: 0.0500 (0.0500)  grad_norm: 283.9417 (306.2953)
Epoch: [181]  [ 0/35]  eta: 0:10:55  lr: 0.000362  min_lr: 0.000362  loss: 36.0651 (36.0651)  weight_decay: 0.0500 (0.0500)  grad_norm: 158.7809 (158.7809)  time: 18.7339  data: 13.7189  max mem: 34952
Epoch: [181]  [10/35]  eta: 0:01:05  lr: 0.000362  min_lr: 0.000362  loss: 34.1160 (34.5566)  weight_decay: 0.0500 (0.0500)  grad_norm: 226.5525 (240.6513)  time: 2.6237  data: 1.2474  max mem: 34952
Epoch: [181]  [20/35]  eta: 0:00:27  lr: 0.000362  min_lr: 0.000362  loss: 34.1160 (34.9305)  weight_decay: 0.0500 (0.0500)  grad_norm: 286.0193 (287.0455)  time: 0.9738  data: 0.0002  max mem: 34952
Epoch: [181]  [30/35]  eta: 0:00:07  lr: 0.000361  min_lr: 0.000361  loss: 35.4814 (35.4193)  weight_decay: 0.0500 (0.0500)  grad_norm: 358.0950 (304.4713)  time: 0.9244  data: 0.0002  max mem: 34952
Epoch: [181]  [34/35]  eta: 0:00:01  lr: 0.000361  min_lr: 0.000361  loss: 35.2372 (35.4556)  weight_decay: 0.0500 (0.0500)  grad_norm: 339.9566 (304.3460)  time: 0.9230  data: 0.0002  max mem: 34952
Epoch: [181] Total time: 0:00:51 (1.4791 s / it)
Averaged stats: lr: 0.000361  min_lr: 0.000361  loss: 35.2372 (34.3970)  weight_decay: 0.0500 (0.0500)  grad_norm: 339.9566 (304.3460)
Epoch: [182]  [ 0/35]  eta: 0:11:00  lr: 0.000361  min_lr: 0.000361  loss: 35.1209 (35.1209)  weight_decay: 0.0500 (0.0500)  grad_norm: 359.9850 (359.9850)  time: 18.8666  data: 13.6111  max mem: 34952
Epoch: [182]  [10/35]  eta: 0:01:03  lr: 0.000361  min_lr: 0.000361  loss: 33.1588 (33.8400)  weight_decay: 0.0500 (0.0500)  grad_norm: 319.1340 (312.4582)  time: 2.5533  data: 1.2376  max mem: 34952
Epoch: [182]  [20/35]  eta: 0:00:26  lr: 0.000360  min_lr: 0.000360  loss: 33.9199 (34.8079)  weight_decay: 0.0500 (0.0500)  grad_norm: 312.0032 (308.9369)  time: 0.9229  data: 0.0003  max mem: 34952
Epoch: [182]  [30/35]  eta: 0:00:07  lr: 0.000360  min_lr: 0.000360  loss: 36.8902 (35.4367)  weight_decay: 0.0500 (0.0500)  grad_norm: 337.8851 (314.9214)  time: 0.9234  data: 0.0002  max mem: 34952
Epoch: [182]  [34/35]  eta: 0:00:01  lr: 0.000360  min_lr: 0.000360  loss: 36.8902 (35.4987)  weight_decay: 0.0500 (0.0500)  grad_norm: 338.6020 (321.5014)  time: 0.9263  data: 0.0002  max mem: 34952
Epoch: [182] Total time: 0:00:51 (1.4575 s / it)
Averaged stats: lr: 0.000360  min_lr: 0.000360  loss: 36.8902 (34.6108)  weight_decay: 0.0500 (0.0500)  grad_norm: 338.6020 (321.5014)
Epoch: [183]  [ 0/35]  eta: 0:11:25  lr: 0.000360  min_lr: 0.000360  loss: 36.1318 (36.1318)  weight_decay: 0.0500 (0.0500)  grad_norm: 412.2673 (412.2673)  time: 19.5794  data: 11.9126  max mem: 34952
Epoch: [183]  [10/35]  eta: 0:01:05  lr: 0.000359  min_lr: 0.000359  loss: 34.3612 (33.6623)  weight_decay: 0.0500 (0.0500)  grad_norm: 334.6740 (355.7145)  time: 2.6246  data: 1.0831  max mem: 34952
Epoch: [183]  [20/35]  eta: 0:00:27  lr: 0.000359  min_lr: 0.000359  loss: 34.0092 (34.7130)  weight_decay: 0.0500 (0.0500)  grad_norm: 414.2661 (379.1498)  time: 0.9248  data: 0.0002  max mem: 34952
Epoch: [183]  [30/35]  eta: 0:00:07  lr: 0.000359  min_lr: 0.000359  loss: 33.8432 (34.5280)  weight_decay: 0.0500 (0.0500)  grad_norm: 428.5208 (390.8608)  time: 0.9202  data: 0.0002  max mem: 34952
Epoch: [183]  [34/35]  eta: 0:00:01  lr: 0.000359  min_lr: 0.000359  loss: 34.0092 (34.6744)  weight_decay: 0.0500 (0.0500)  grad_norm: 428.5208 (393.3549)  time: 0.9214  data: 0.0002  max mem: 34952
Epoch: [183] Total time: 0:00:51 (1.4780 s / it)
Averaged stats: lr: 0.000359  min_lr: 0.000359  loss: 34.0092 (34.3190)  weight_decay: 0.0500 (0.0500)  grad_norm: 428.5208 (393.3549)
Epoch: [184]  [ 0/35]  eta: 0:10:43  lr: 0.000359  min_lr: 0.000359  loss: 35.9487 (35.9487)  weight_decay: 0.0500 (0.0500)  grad_norm: 194.9690 (194.9690)  time: 18.3770  data: 16.1669  max mem: 34952
Epoch: [184]  [10/35]  eta: 0:01:02  lr: 0.000358  min_lr: 0.000358  loss: 33.9872 (33.1591)  weight_decay: 0.0500 (0.0500)  grad_norm: 431.4257 (421.6967)  time: 2.5128  data: 1.4699  max mem: 34952
Epoch: [184]  [20/35]  eta: 0:00:26  lr: 0.000358  min_lr: 0.000358  loss: 35.2541 (34.7495)  weight_decay: 0.0500 (0.0500)  grad_norm: 444.9280 (464.6869)  time: 0.9248  data: 0.0002  max mem: 34952
Epoch: [184]  [30/35]  eta: 0:00:07  lr: 0.000357  min_lr: 0.000357  loss: 35.6799 (35.3804)  weight_decay: 0.0500 (0.0500)  grad_norm: 458.7361 (446.4707)  time: 0.9218  data: 0.0002  max mem: 34952
Epoch: [184]  [34/35]  eta: 0:00:01  lr: 0.000357  min_lr: 0.000357  loss: 35.6488 (35.1871)  weight_decay: 0.0500 (0.0500)  grad_norm: 439.4395 (439.0584)  time: 0.9491  data: 0.0002  max mem: 34952
Epoch: [184] Total time: 0:00:50 (1.4535 s / it)
Averaged stats: lr: 0.000357  min_lr: 0.000357  loss: 35.6488 (34.8971)  weight_decay: 0.0500 (0.0500)  grad_norm: 439.4395 (439.0584)
Epoch: [185]  [ 0/35]  eta: 0:11:28  lr: 0.000357  min_lr: 0.000357  loss: 36.4212 (36.4212)  weight_decay: 0.0500 (0.0500)  grad_norm: 415.9225 (415.9225)  time: 19.6851  data: 14.0853  max mem: 34952
Epoch: [185]  [10/35]  eta: 0:01:05  lr: 0.000357  min_lr: 0.000357  loss: 33.1471 (33.0512)  weight_decay: 0.0500 (0.0500)  grad_norm: 356.0381 (348.9683)  time: 2.6334  data: 1.2807  max mem: 34952
Epoch: [185]  [20/35]  eta: 0:00:27  lr: 0.000357  min_lr: 0.000357  loss: 33.6126 (33.7221)  weight_decay: 0.0500 (0.0500)  grad_norm: 356.0381 (354.7186)  time: 0.9245  data: 0.0002  max mem: 34952
Epoch: [185]  [30/35]  eta: 0:00:07  lr: 0.000356  min_lr: 0.000356  loss: 33.8225 (33.7256)  weight_decay: 0.0500 (0.0500)  grad_norm: 346.7437 (336.0399)  time: 0.9370  data: 0.0002  max mem: 34952
Epoch: [185]  [34/35]  eta: 0:00:01  lr: 0.000356  min_lr: 0.000356  loss: 33.8225 (33.7498)  weight_decay: 0.0500 (0.0500)  grad_norm: 329.5762 (330.0613)  time: 0.9468  data: 0.0002  max mem: 34952
Epoch: [185] Total time: 0:00:52 (1.4938 s / it)
Averaged stats: lr: 0.000356  min_lr: 0.000356  loss: 33.8225 (33.8005)  weight_decay: 0.0500 (0.0500)  grad_norm: 329.5762 (330.0613)
Epoch: [186]  [ 0/35]  eta: 0:11:13  lr: 0.000356  min_lr: 0.000356  loss: 29.4027 (29.4027)  weight_decay: 0.0500 (0.0500)  grad_norm: 266.8822 (266.8822)  time: 19.2471  data: 14.5677  max mem: 34952
Epoch: [186]  [10/35]  eta: 0:01:05  lr: 0.000356  min_lr: 0.000356  loss: 31.6463 (31.1210)  weight_decay: 0.0500 (0.0500)  grad_norm: 255.0541 (271.1433)  time: 2.6261  data: 1.3245  max mem: 34952
Epoch: [186]  [20/35]  eta: 0:00:27  lr: 0.000355  min_lr: 0.000355  loss: 33.6173 (33.1187)  weight_decay: 0.0500 (0.0500)  grad_norm: 303.1356 (295.8628)  time: 0.9425  data: 0.0002  max mem: 34952
Epoch: [186]  [30/35]  eta: 0:00:07  lr: 0.000355  min_lr: 0.000355  loss: 35.7460 (33.6053)  weight_decay: 0.0500 (0.0500)  grad_norm: 314.5826 (297.5186)  time: 0.9189  data: 0.0002  max mem: 34952
Epoch: [186]  [34/35]  eta: 0:00:01  lr: 0.000355  min_lr: 0.000355  loss: 35.7460 (33.6463)  weight_decay: 0.0500 (0.0500)  grad_norm: 318.0078 (302.5871)  time: 0.9189  data: 0.0002  max mem: 34952
Epoch: [186] Total time: 0:00:51 (1.4794 s / it)
Averaged stats: lr: 0.000355  min_lr: 0.000355  loss: 35.7460 (33.4613)  weight_decay: 0.0500 (0.0500)  grad_norm: 318.0078 (302.5871)
Epoch: [187]  [ 0/35]  eta: 0:10:52  lr: 0.000355  min_lr: 0.000355  loss: 35.1491 (35.1491)  weight_decay: 0.0500 (0.0500)  grad_norm: 272.0046 (272.0046)  time: 18.6530  data: 15.6646  max mem: 34952
Epoch: [187]  [10/35]  eta: 0:01:03  lr: 0.000354  min_lr: 0.000354  loss: 35.1491 (33.8734)  weight_decay: 0.0500 (0.0500)  grad_norm: 408.2316 (378.6095)  time: 2.5397  data: 1.4242  max mem: 34952
Epoch: [187]  [20/35]  eta: 0:00:26  lr: 0.000354  min_lr: 0.000354  loss: 34.3724 (34.4628)  weight_decay: 0.0500 (0.0500)  grad_norm: 437.6686 (395.1870)  time: 0.9241  data: 0.0002  max mem: 34952
Epoch: [187]  [30/35]  eta: 0:00:07  lr: 0.000354  min_lr: 0.000354  loss: 34.0913 (33.9609)  weight_decay: 0.0500 (0.0500)  grad_norm: 415.5481 (390.2352)  time: 0.9187  data: 0.0003  max mem: 34952
Epoch: [187]  [34/35]  eta: 0:00:01  lr: 0.000353  min_lr: 0.000353  loss: 34.0913 (34.3410)  weight_decay: 0.0500 (0.0500)  grad_norm: 385.9404 (373.7777)  time: 0.9170  data: 0.0003  max mem: 34952
Epoch: [187] Total time: 0:00:50 (1.4505 s / it)
Averaged stats: lr: 0.000353  min_lr: 0.000353  loss: 34.0913 (33.8524)  weight_decay: 0.0500 (0.0500)  grad_norm: 385.9404 (373.7777)
Epoch: [188]  [ 0/35]  eta: 0:10:44  lr: 0.000353  min_lr: 0.000353  loss: 35.0902 (35.0902)  weight_decay: 0.0500 (0.0500)  grad_norm: 197.4489 (197.4489)  time: 18.4191  data: 11.1017  max mem: 34952
Epoch: [188]  [10/35]  eta: 0:01:06  lr: 0.000353  min_lr: 0.000353  loss: 35.0902 (34.1448)  weight_decay: 0.0500 (0.0500)  grad_norm: 197.4489 (206.8409)  time: 2.6772  data: 1.0094  max mem: 34952
Epoch: [188]  [20/35]  eta: 0:00:27  lr: 0.000353  min_lr: 0.000353  loss: 34.7530 (34.3833)  weight_decay: 0.0500 (0.0500)  grad_norm: 210.0069 (219.2320)  time: 1.0357  data: 0.0002  max mem: 34952
Epoch: [188]  [30/35]  eta: 0:00:07  lr: 0.000352  min_lr: 0.000352  loss: 34.7530 (34.4084)  weight_decay: 0.0500 (0.0500)  grad_norm: 225.1567 (229.2358)  time: 0.9880  data: 0.0002  max mem: 34952
Epoch: [188]  [34/35]  eta: 0:00:01  lr: 0.000352  min_lr: 0.000352  loss: 34.6216 (34.3255)  weight_decay: 0.0500 (0.0500)  grad_norm: 247.4701 (230.5401)  time: 0.9804  data: 0.0002  max mem: 34952
Epoch: [188] Total time: 0:00:53 (1.5398 s / it)
Averaged stats: lr: 0.000352  min_lr: 0.000352  loss: 34.6216 (34.1796)  weight_decay: 0.0500 (0.0500)  grad_norm: 247.4701 (230.5401)
Epoch: [189]  [ 0/35]  eta: 0:11:12  lr: 0.000352  min_lr: 0.000352  loss: 34.4412 (34.4412)  weight_decay: 0.0500 (0.0500)  grad_norm: 360.6349 (360.6349)  time: 19.2250  data: 13.9927  max mem: 34952
Epoch: [189]  [10/35]  eta: 0:01:05  lr: 0.000352  min_lr: 0.000352  loss: 33.9492 (33.5129)  weight_decay: 0.0500 (0.0500)  grad_norm: 315.1716 (300.9869)  time: 2.6285  data: 1.2723  max mem: 34952
Epoch: [189]  [20/35]  eta: 0:00:27  lr: 0.000351  min_lr: 0.000351  loss: 35.0156 (34.7998)  weight_decay: 0.0500 (0.0500)  grad_norm: 309.7038 (311.4067)  time: 0.9458  data: 0.0002  max mem: 34952
Epoch: [189]  [30/35]  eta: 0:00:07  lr: 0.000351  min_lr: 0.000351  loss: 35.3484 (34.3854)  weight_decay: 0.0500 (0.0500)  grad_norm: 309.7038 (315.4302)  time: 0.9206  data: 0.0002  max mem: 34952
Epoch: [189]  [34/35]  eta: 0:00:01  lr: 0.000351  min_lr: 0.000351  loss: 34.9666 (34.4300)  weight_decay: 0.0500 (0.0500)  grad_norm: 309.7038 (309.4596)  time: 0.9203  data: 0.0002  max mem: 34952
Epoch: [189] Total time: 0:00:51 (1.4795 s / it)
Averaged stats: lr: 0.000351  min_lr: 0.000351  loss: 34.9666 (33.7697)  weight_decay: 0.0500 (0.0500)  grad_norm: 309.7038 (309.4596)
Epoch: [190]  [ 0/35]  eta: 0:11:08  lr: 0.000351  min_lr: 0.000351  loss: 29.7957 (29.7957)  weight_decay: 0.0500 (0.0500)  grad_norm: 271.0578 (271.0578)  time: 19.0875  data: 18.0867  max mem: 34952
Epoch: [190]  [10/35]  eta: 0:01:04  lr: 0.000350  min_lr: 0.000350  loss: 32.0605 (32.0579)  weight_decay: 0.0500 (0.0500)  grad_norm: 272.7940 (279.3879)  time: 2.5770  data: 1.6444  max mem: 34952
Epoch: [190]  [20/35]  eta: 0:00:26  lr: 0.000350  min_lr: 0.000350  loss: 33.2616 (32.6576)  weight_decay: 0.0500 (0.0500)  grad_norm: 275.5408 (278.7869)  time: 0.9242  data: 0.0002  max mem: 34952
Epoch: [190]  [30/35]  eta: 0:00:07  lr: 0.000350  min_lr: 0.000350  loss: 33.3118 (32.9065)  weight_decay: 0.0500 (0.0500)  grad_norm: 228.5773 (264.0771)  time: 0.9217  data: 0.0001  max mem: 34952
Epoch: [190]  [34/35]  eta: 0:00:01  lr: 0.000350  min_lr: 0.000350  loss: 33.7064 (33.2456)  weight_decay: 0.0500 (0.0500)  grad_norm: 233.1284 (261.3667)  time: 0.9211  data: 0.0001  max mem: 34952
Epoch: [190] Total time: 0:00:51 (1.4633 s / it)
Averaged stats: lr: 0.000350  min_lr: 0.000350  loss: 33.7064 (33.9668)  weight_decay: 0.0500 (0.0500)  grad_norm: 233.1284 (261.3667)
Epoch: [191]  [ 0/35]  eta: 0:11:01  lr: 0.000350  min_lr: 0.000350  loss: 34.7679 (34.7679)  weight_decay: 0.0500 (0.0500)  grad_norm: 278.5629 (278.5629)  time: 18.8955  data: 16.2355  max mem: 34952
Epoch: [191]  [10/35]  eta: 0:01:03  lr: 0.000349  min_lr: 0.000349  loss: 32.0945 (33.4696)  weight_decay: 0.0500 (0.0500)  grad_norm: 278.5629 (298.6275)  time: 2.5576  data: 1.4761  max mem: 34952
Epoch: [191]  [20/35]  eta: 0:00:26  lr: 0.000349  min_lr: 0.000349  loss: 32.5017 (33.8303)  weight_decay: 0.0500 (0.0500)  grad_norm: 341.4000 (333.7721)  time: 0.9225  data: 0.0002  max mem: 34952
Epoch: [191]  [30/35]  eta: 0:00:07  lr: 0.000348  min_lr: 0.000348  loss: 34.2951 (33.7361)  weight_decay: 0.0500 (0.0500)  grad_norm: 341.0242 (315.7639)  time: 0.9197  data: 0.0002  max mem: 34952
Epoch: [191]  [34/35]  eta: 0:00:01  lr: 0.000348  min_lr: 0.000348  loss: 34.6920 (34.0166)  weight_decay: 0.0500 (0.0500)  grad_norm: 341.0242 (316.5618)  time: 0.9212  data: 0.0002  max mem: 34952
Epoch: [191] Total time: 0:00:51 (1.4589 s / it)
Averaged stats: lr: 0.000348  min_lr: 0.000348  loss: 34.6920 (33.4485)  weight_decay: 0.0500 (0.0500)  grad_norm: 341.0242 (316.5618)
Epoch: [192]  [ 0/35]  eta: 0:11:06  lr: 0.000348  min_lr: 0.000348  loss: 37.8946 (37.8946)  weight_decay: 0.0500 (0.0500)  grad_norm: 284.0260 (284.0260)  time: 19.0458  data: 17.3476  max mem: 34952
Epoch: [192]  [10/35]  eta: 0:01:05  lr: 0.000348  min_lr: 0.000348  loss: 34.4041 (34.2306)  weight_decay: 0.0500 (0.0500)  grad_norm: 284.0260 (308.1963)  time: 2.6226  data: 1.5772  max mem: 34952
Epoch: [192]  [20/35]  eta: 0:00:27  lr: 0.000347  min_lr: 0.000347  loss: 33.2062 (34.2296)  weight_decay: 0.0500 (0.0500)  grad_norm: 271.9902 (295.8761)  time: 0.9547  data: 0.0002  max mem: 34952
Epoch: [192]  [30/35]  eta: 0:00:07  lr: 0.000347  min_lr: 0.000347  loss: 32.7654 (33.7053)  weight_decay: 0.0500 (0.0500)  grad_norm: 276.3420 (295.2940)  time: 0.9231  data: 0.0002  max mem: 34952
Epoch: [192]  [34/35]  eta: 0:00:01  lr: 0.000347  min_lr: 0.000347  loss: 32.6260 (33.6770)  weight_decay: 0.0500 (0.0500)  grad_norm: 286.9337 (297.0913)  time: 0.9223  data: 0.0002  max mem: 34952
Epoch: [192] Total time: 0:00:51 (1.4786 s / it)
Averaged stats: lr: 0.000347  min_lr: 0.000347  loss: 32.6260 (33.3037)  weight_decay: 0.0500 (0.0500)  grad_norm: 286.9337 (297.0913)
Epoch: [193]  [ 0/35]  eta: 0:11:12  lr: 0.000347  min_lr: 0.000347  loss: 34.9376 (34.9376)  weight_decay: 0.0500 (0.0500)  grad_norm: 533.8701 (533.8701)  time: 19.2244  data: 13.6737  max mem: 34952
Epoch: [193]  [10/35]  eta: 0:01:04  lr: 0.000347  min_lr: 0.000347  loss: 32.4689 (32.9279)  weight_decay: 0.0500 (0.0500)  grad_norm: 421.1743 (413.7276)  time: 2.5876  data: 1.2432  max mem: 34952
Epoch: [193]  [20/35]  eta: 0:00:26  lr: 0.000346  min_lr: 0.000346  loss: 34.5250 (34.2081)  weight_decay: 0.0500 (0.0500)  grad_norm: 393.2087 (396.7697)  time: 0.9211  data: 0.0002  max mem: 34952
Epoch: [193]  [30/35]  eta: 0:00:07  lr: 0.000346  min_lr: 0.000346  loss: 35.0029 (34.7160)  weight_decay: 0.0500 (0.0500)  grad_norm: 367.8613 (373.9927)  time: 0.9181  data: 0.0002  max mem: 34952
Epoch: [193]  [34/35]  eta: 0:00:01  lr: 0.000346  min_lr: 0.000346  loss: 35.3919 (34.6880)  weight_decay: 0.0500 (0.0500)  grad_norm: 324.9469 (362.2069)  time: 0.9179  data: 0.0002  max mem: 34952
Epoch: [193] Total time: 0:00:51 (1.4645 s / it)
Averaged stats: lr: 0.000346  min_lr: 0.000346  loss: 35.3919 (33.9742)  weight_decay: 0.0500 (0.0500)  grad_norm: 324.9469 (362.2069)
Epoch: [194]  [ 0/35]  eta: 0:11:15  lr: 0.000346  min_lr: 0.000346  loss: 36.8580 (36.8580)  weight_decay: 0.0500 (0.0500)  grad_norm: 384.6285 (384.6285)  time: 19.2990  data: 14.2760  max mem: 34952
Epoch: [194]  [10/35]  eta: 0:01:04  lr: 0.000345  min_lr: 0.000345  loss: 32.7624 (33.2042)  weight_decay: 0.0500 (0.0500)  grad_norm: 325.5492 (349.8350)  time: 2.5992  data: 1.2980  max mem: 34952
Epoch: [194]  [20/35]  eta: 0:00:26  lr: 0.000345  min_lr: 0.000345  loss: 32.5411 (32.7836)  weight_decay: 0.0500 (0.0500)  grad_norm: 325.5492 (352.4355)  time: 0.9241  data: 0.0002  max mem: 34952
Epoch: [194]  [30/35]  eta: 0:00:07  lr: 0.000344  min_lr: 0.000344  loss: 32.7588 (32.9389)  weight_decay: 0.0500 (0.0500)  grad_norm: 347.1727 (359.9752)  time: 0.9192  data: 0.0002  max mem: 34952
Epoch: [194]  [34/35]  eta: 0:00:01  lr: 0.000344  min_lr: 0.000344  loss: 32.8857 (33.1661)  weight_decay: 0.0500 (0.0500)  grad_norm: 373.9547 (361.5739)  time: 0.9205  data: 0.0002  max mem: 34952
Epoch: [194] Total time: 0:00:51 (1.4702 s / it)
Averaged stats: lr: 0.000344  min_lr: 0.000344  loss: 32.8857 (33.0414)  weight_decay: 0.0500 (0.0500)  grad_norm: 373.9547 (361.5739)
Epoch: [195]  [ 0/35]  eta: 0:11:03  lr: 0.000344  min_lr: 0.000344  loss: 34.1181 (34.1181)  weight_decay: 0.0500 (0.0500)  grad_norm: 258.8416 (258.8416)  time: 18.9679  data: 17.1857  max mem: 34952
Epoch: [195]  [10/35]  eta: 0:01:04  lr: 0.000344  min_lr: 0.000344  loss: 35.7266 (35.6886)  weight_decay: 0.0500 (0.0500)  grad_norm: 312.5021 (303.4528)  time: 2.5771  data: 1.5625  max mem: 34952
Epoch: [195]  [20/35]  eta: 0:00:26  lr: 0.000343  min_lr: 0.000343  loss: 33.5116 (33.7809)  weight_decay: 0.0500 (0.0500)  grad_norm: 312.5021 (307.6443)  time: 0.9295  data: 0.0002  max mem: 34952
Epoch: [195]  [30/35]  eta: 0:00:07  lr: 0.000343  min_lr: 0.000343  loss: 31.4394 (33.2672)  weight_decay: 0.0500 (0.0500)  grad_norm: 287.7145 (299.8166)  time: 0.9209  data: 0.0002  max mem: 34952
Epoch: [195]  [34/35]  eta: 0:00:01  lr: 0.000343  min_lr: 0.000343  loss: 31.8764 (33.4687)  weight_decay: 0.0500 (0.0500)  grad_norm: 273.7517 (296.7030)  time: 0.9185  data: 0.0002  max mem: 34952
Epoch: [195] Total time: 0:00:51 (1.4646 s / it)
Averaged stats: lr: 0.000343  min_lr: 0.000343  loss: 31.8764 (32.5447)  weight_decay: 0.0500 (0.0500)  grad_norm: 273.7517 (296.7030)
Epoch: [196]  [ 0/35]  eta: 0:11:54  lr: 0.000343  min_lr: 0.000343  loss: 30.2962 (30.2962)  weight_decay: 0.0500 (0.0500)  grad_norm: 371.1582 (371.1582)  time: 20.4270  data: 17.1917  max mem: 34952
Epoch: [196]  [10/35]  eta: 0:01:07  lr: 0.000343  min_lr: 0.000343  loss: 33.1610 (32.9173)  weight_decay: 0.0500 (0.0500)  grad_norm: 257.0796 (267.3709)  time: 2.6948  data: 1.5631  max mem: 34952
Epoch: [196]  [20/35]  eta: 0:00:27  lr: 0.000342  min_lr: 0.000342  loss: 33.1610 (32.8529)  weight_decay: 0.0500 (0.0500)  grad_norm: 273.1811 (279.8024)  time: 0.9216  data: 0.0002  max mem: 34952
Epoch: [196]  [30/35]  eta: 0:00:07  lr: 0.000342  min_lr: 0.000342  loss: 33.7272 (33.0347)  weight_decay: 0.0500 (0.0500)  grad_norm: 287.6720 (284.6506)  time: 0.9197  data: 0.0002  max mem: 34952
Epoch: [196]  [34/35]  eta: 0:00:01  lr: 0.000342  min_lr: 0.000342  loss: 33.5775 (32.9985)  weight_decay: 0.0500 (0.0500)  grad_norm: 287.8803 (282.9069)  time: 0.9190  data: 0.0002  max mem: 34952
Epoch: [196] Total time: 0:00:52 (1.5000 s / it)
Averaged stats: lr: 0.000342  min_lr: 0.000342  loss: 33.5775 (32.6512)  weight_decay: 0.0500 (0.0500)  grad_norm: 287.8803 (282.9069)
Epoch: [197]  [ 0/35]  eta: 0:11:22  lr: 0.000342  min_lr: 0.000342  loss: 31.4587 (31.4587)  weight_decay: 0.0500 (0.0500)  grad_norm: 298.0155 (298.0155)  time: 19.5138  data: 14.5268  max mem: 34952
Epoch: [197]  [10/35]  eta: 0:01:05  lr: 0.000341  min_lr: 0.000341  loss: 31.2603 (32.1518)  weight_decay: 0.0500 (0.0500)  grad_norm: 298.0155 (305.3473)  time: 2.6159  data: 1.3208  max mem: 34952
Epoch: [197]  [20/35]  eta: 0:00:27  lr: 0.000341  min_lr: 0.000341  loss: 31.7781 (32.3310)  weight_decay: 0.0500 (0.0500)  grad_norm: 309.5695 (319.2856)  time: 0.9238  data: 0.0002  max mem: 34952
Epoch: [197]  [30/35]  eta: 0:00:07  lr: 0.000340  min_lr: 0.000340  loss: 32.9858 (32.7040)  weight_decay: 0.0500 (0.0500)  grad_norm: 309.5695 (309.2016)  time: 0.9613  data: 0.0002  max mem: 34952
Epoch: [197]  [34/35]  eta: 0:00:01  lr: 0.000340  min_lr: 0.000340  loss: 32.9858 (32.7805)  weight_decay: 0.0500 (0.0500)  grad_norm: 304.8392 (303.1053)  time: 0.9941  data: 0.0002  max mem: 34952
Epoch: [197] Total time: 0:00:52 (1.5140 s / it)
Averaged stats: lr: 0.000340  min_lr: 0.000340  loss: 32.9858 (32.8278)  weight_decay: 0.0500 (0.0500)  grad_norm: 304.8392 (303.1053)
Epoch: [198]  [ 0/35]  eta: 0:11:27  lr: 0.000340  min_lr: 0.000340  loss: 31.4873 (31.4873)  weight_decay: 0.0500 (0.0500)  grad_norm: 320.7560 (320.7560)  time: 19.6404  data: 13.1421  max mem: 34952
Epoch: [198]  [10/35]  eta: 0:01:05  lr: 0.000340  min_lr: 0.000340  loss: 28.8045 (30.5312)  weight_decay: 0.0500 (0.0500)  grad_norm: 254.1143 (264.5456)  time: 2.6237  data: 1.1949  max mem: 34952
Epoch: [198]  [20/35]  eta: 0:00:27  lr: 0.000339  min_lr: 0.000339  loss: 31.4795 (31.4195)  weight_decay: 0.0500 (0.0500)  grad_norm: 246.4147 (261.1056)  time: 0.9219  data: 0.0002  max mem: 34952
Epoch: [198]  [30/35]  eta: 0:00:07  lr: 0.000339  min_lr: 0.000339  loss: 32.8934 (31.8584)  weight_decay: 0.0500 (0.0500)  grad_norm: 212.2958 (235.6271)  time: 0.9229  data: 0.0002  max mem: 34952
Epoch: [198]  [34/35]  eta: 0:00:01  lr: 0.000339  min_lr: 0.000339  loss: 32.4674 (31.8846)  weight_decay: 0.0500 (0.0500)  grad_norm: 212.9045 (238.3501)  time: 0.9228  data: 0.0002  max mem: 34952
Epoch: [198] Total time: 0:00:51 (1.4795 s / it)
Averaged stats: lr: 0.000339  min_lr: 0.000339  loss: 32.4674 (32.6166)  weight_decay: 0.0500 (0.0500)  grad_norm: 212.9045 (238.3501)
Epoch: [199]  [ 0/35]  eta: 0:10:09  lr: 0.000339  min_lr: 0.000339  loss: 28.4857 (28.4857)  weight_decay: 0.0500 (0.0500)  grad_norm: 241.8744 (241.8744)  time: 17.4244  data: 15.2930  max mem: 34952
Epoch: [199]  [10/35]  eta: 0:01:03  lr: 0.000338  min_lr: 0.000338  loss: 30.8297 (31.7704)  weight_decay: 0.0500 (0.0500)  grad_norm: 268.3585 (261.7592)  time: 2.5475  data: 1.3905  max mem: 34952
Epoch: [199]  [20/35]  eta: 0:00:27  lr: 0.000338  min_lr: 0.000338  loss: 32.0167 (32.6760)  weight_decay: 0.0500 (0.0500)  grad_norm: 268.3585 (265.8404)  time: 1.0540  data: 0.0003  max mem: 34952
Epoch: [199]  [30/35]  eta: 0:00:07  lr: 0.000338  min_lr: 0.000338  loss: 34.4063 (33.0701)  weight_decay: 0.0500 (0.0500)  grad_norm: 244.9781 (253.6932)  time: 1.0035  data: 0.0003  max mem: 34952
Epoch: [199]  [34/35]  eta: 0:00:01  lr: 0.000338  min_lr: 0.000338  loss: 34.4063 (33.2086)  weight_decay: 0.0500 (0.0500)  grad_norm: 231.1438 (247.6502)  time: 0.9778  data: 0.0003  max mem: 34952
Epoch: [199] Total time: 0:00:52 (1.5036 s / it)
Averaged stats: lr: 0.000338  min_lr: 0.000338  loss: 34.4063 (32.6559)  weight_decay: 0.0500 (0.0500)  grad_norm: 231.1438 (247.6502)
Epoch: [200]  [ 0/35]  eta: 0:29:32  lr: 0.000338  min_lr: 0.000338  loss: 34.5434 (34.5434)  weight_decay: 0.0500 (0.0500)  grad_norm: 187.3405 (187.3405)  time: 50.6446  data: 40.3300  max mem: 34952
Epoch: [200]  [10/35]  eta: 0:02:16  lr: 0.000337  min_lr: 0.000337  loss: 32.4500 (31.5740)  weight_decay: 0.0500 (0.0500)  grad_norm: 210.9324 (210.5408)  time: 5.4550  data: 3.6799  max mem: 34952
Epoch: [200]  [20/35]  eta: 0:00:49  lr: 0.000337  min_lr: 0.000337  loss: 32.6208 (32.8104)  weight_decay: 0.0500 (0.0500)  grad_norm: 221.6876 (233.9420)  time: 0.9219  data: 0.0075  max mem: 34952
Epoch: [200]  [30/35]  eta: 0:00:12  lr: 0.000336  min_lr: 0.000336  loss: 32.6990 (32.5160)  weight_decay: 0.0500 (0.0500)  grad_norm: 195.9538 (219.4271)  time: 0.9073  data: 0.0001  max mem: 34952
Epoch: [200]  [34/35]  eta: 0:00:02  lr: 0.000336  min_lr: 0.000336  loss: 32.6990 (32.7870)  weight_decay: 0.0500 (0.0500)  grad_norm: 184.6092 (211.8096)  time: 0.9073  data: 0.0001  max mem: 34952
Epoch: [200] Total time: 0:01:22 (2.3578 s / it)
Averaged stats: lr: 0.000336  min_lr: 0.000336  loss: 32.6990 (32.2509)  weight_decay: 0.0500 (0.0500)  grad_norm: 184.6092 (211.8096)
[Eval]   [0/1]  eta: 0:00:03  loss: 61.5464 (61.5464)  time: 3.5287  data: 3.4264  max mem: 34952
[Eval]  Total time: 0:00:03 (3.7336 s / it)
Eval averaged stats: loss: 61.5464 (66.3631)
Epoch: [201]  [ 0/35]  eta: 0:11:10  lr: 0.000336  min_lr: 0.000336  loss: 30.8180 (30.8180)  weight_decay: 0.0500 (0.0500)  grad_norm: 176.2736 (176.2736)  time: 19.1634  data: 15.8122  max mem: 34952
Epoch: [201]  [10/35]  eta: 0:01:04  lr: 0.000336  min_lr: 0.000336  loss: 32.0200 (32.0797)  weight_decay: 0.0500 (0.0500)  grad_norm: 176.2736 (194.2479)  time: 2.5779  data: 1.4377  max mem: 34952
Epoch: [201]  [20/35]  eta: 0:00:26  lr: 0.000335  min_lr: 0.000335  loss: 33.5709 (32.9308)  weight_decay: 0.0500 (0.0500)  grad_norm: 166.7790 (176.3978)  time: 0.9165  data: 0.0002  max mem: 34952
Epoch: [201]  [30/35]  eta: 0:00:07  lr: 0.000335  min_lr: 0.000335  loss: 33.0138 (32.4560)  weight_decay: 0.0500 (0.0500)  grad_norm: 172.8783 (194.3202)  time: 0.9099  data: 0.0002  max mem: 34952
Epoch: [201]  [34/35]  eta: 0:00:01  lr: 0.000335  min_lr: 0.000335  loss: 32.5155 (32.7411)  weight_decay: 0.0500 (0.0500)  grad_norm: 198.3200 (196.9415)  time: 0.9074  data: 0.0002  max mem: 34952
Epoch: [201] Total time: 0:00:51 (1.4572 s / it)
Averaged stats: lr: 0.000335  min_lr: 0.000335  loss: 32.5155 (32.5567)  weight_decay: 0.0500 (0.0500)  grad_norm: 198.3200 (196.9415)
Epoch: [202]  [ 0/35]  eta: 0:11:05  lr: 0.000335  min_lr: 0.000335  loss: 30.7268 (30.7268)  weight_decay: 0.0500 (0.0500)  grad_norm: 203.2200 (203.2200)  time: 19.0005  data: 16.3188  max mem: 34952
Epoch: [202]  [10/35]  eta: 0:01:05  lr: 0.000334  min_lr: 0.000334  loss: 31.0493 (31.9198)  weight_decay: 0.0500 (0.0500)  grad_norm: 202.5988 (202.4092)  time: 2.6075  data: 1.4837  max mem: 34952
Epoch: [202]  [20/35]  eta: 0:00:27  lr: 0.000334  min_lr: 0.000334  loss: 34.1155 (33.7633)  weight_decay: 0.0500 (0.0500)  grad_norm: 218.3490 (233.8883)  time: 0.9472  data: 0.0001  max mem: 34952
Epoch: [202]  [30/35]  eta: 0:00:07  lr: 0.000334  min_lr: 0.000334  loss: 33.9895 (33.5682)  weight_decay: 0.0500 (0.0500)  grad_norm: 241.4488 (228.1859)  time: 0.9200  data: 0.0001  max mem: 34952
Epoch: [202]  [34/35]  eta: 0:00:01  lr: 0.000333  min_lr: 0.000333  loss: 33.0871 (33.6751)  weight_decay: 0.0500 (0.0500)  grad_norm: 215.3376 (221.2714)  time: 0.9156  data: 0.0001  max mem: 34952
Epoch: [202] Total time: 0:00:51 (1.4745 s / it)
Averaged stats: lr: 0.000333  min_lr: 0.000333  loss: 33.0871 (32.2533)  weight_decay: 0.0500 (0.0500)  grad_norm: 215.3376 (221.2714)
Epoch: [203]  [ 0/35]  eta: 0:10:57  lr: 0.000333  min_lr: 0.000333  loss: 34.6935 (34.6935)  weight_decay: 0.0500 (0.0500)  grad_norm: 173.7710 (173.7710)  time: 18.7878  data: 16.2586  max mem: 34952
Epoch: [203]  [10/35]  eta: 0:01:04  lr: 0.000333  min_lr: 0.000333  loss: 31.8416 (30.5797)  weight_decay: 0.0500 (0.0500)  grad_norm: 181.7944 (201.9467)  time: 2.5844  data: 1.4782  max mem: 34952
Epoch: [203]  [20/35]  eta: 0:00:26  lr: 0.000333  min_lr: 0.000333  loss: 30.3763 (30.7713)  weight_decay: 0.0500 (0.0500)  grad_norm: 209.3606 (216.0976)  time: 0.9457  data: 0.0002  max mem: 34952
Epoch: [203]  [30/35]  eta: 0:00:07  lr: 0.000332  min_lr: 0.000332  loss: 30.9573 (31.0495)  weight_decay: 0.0500 (0.0500)  grad_norm: 245.8806 (231.3893)  time: 0.9210  data: 0.0001  max mem: 34952
Epoch: [203]  [34/35]  eta: 0:00:01  lr: 0.000332  min_lr: 0.000332  loss: 31.8447 (31.1818)  weight_decay: 0.0500 (0.0500)  grad_norm: 213.6051 (229.0100)  time: 0.9149  data: 0.0001  max mem: 34952
Epoch: [203] Total time: 0:00:51 (1.4655 s / it)
Averaged stats: lr: 0.000332  min_lr: 0.000332  loss: 31.8447 (31.4877)  weight_decay: 0.0500 (0.0500)  grad_norm: 213.6051 (229.0100)
Epoch: [204]  [ 0/35]  eta: 0:10:28  lr: 0.000332  min_lr: 0.000332  loss: 32.7121 (32.7121)  weight_decay: 0.0500 (0.0500)  grad_norm: 372.9121 (372.9121)  time: 17.9513  data: 16.4158  max mem: 34952
Epoch: [204]  [10/35]  eta: 0:01:03  lr: 0.000332  min_lr: 0.000332  loss: 31.0676 (31.4750)  weight_decay: 0.0500 (0.0500)  grad_norm: 372.9121 (341.3638)  time: 2.5269  data: 1.4925  max mem: 34952
Epoch: [204]  [20/35]  eta: 0:00:26  lr: 0.000331  min_lr: 0.000331  loss: 31.1200 (31.2186)  weight_decay: 0.0500 (0.0500)  grad_norm: 237.3386 (288.5677)  time: 0.9475  data: 0.0001  max mem: 34952
Epoch: [204]  [30/35]  eta: 0:00:07  lr: 0.000331  min_lr: 0.000331  loss: 31.4288 (31.8442)  weight_decay: 0.0500 (0.0500)  grad_norm: 227.8212 (274.0629)  time: 0.9096  data: 0.0001  max mem: 34952
Epoch: [204]  [34/35]  eta: 0:00:01  lr: 0.000331  min_lr: 0.000331  loss: 32.1319 (32.1258)  weight_decay: 0.0500 (0.0500)  grad_norm: 211.9427 (271.0640)  time: 0.9102  data: 0.0001  max mem: 34952
Epoch: [204] Total time: 0:00:50 (1.4406 s / it)
Averaged stats: lr: 0.000331  min_lr: 0.000331  loss: 32.1319 (31.7862)  weight_decay: 0.0500 (0.0500)  grad_norm: 211.9427 (271.0640)
Epoch: [205]  [ 0/35]  eta: 0:11:23  lr: 0.000331  min_lr: 0.000331  loss: 28.4643 (28.4643)  weight_decay: 0.0500 (0.0500)  grad_norm: 184.3681 (184.3681)  time: 19.5311  data: 18.0823  max mem: 34952
Epoch: [205]  [10/35]  eta: 0:01:05  lr: 0.000330  min_lr: 0.000330  loss: 30.9030 (30.8479)  weight_decay: 0.0500 (0.0500)  grad_norm: 239.8507 (218.3558)  time: 2.6216  data: 1.6440  max mem: 34952
Epoch: [205]  [20/35]  eta: 0:00:27  lr: 0.000330  min_lr: 0.000330  loss: 32.3709 (32.3946)  weight_decay: 0.0500 (0.0500)  grad_norm: 218.5473 (210.6557)  time: 0.9459  data: 0.0001  max mem: 34952
Epoch: [205]  [30/35]  eta: 0:00:07  lr: 0.000329  min_lr: 0.000329  loss: 34.1887 (32.6303)  weight_decay: 0.0500 (0.0500)  grad_norm: 218.6408 (225.1952)  time: 0.9591  data: 0.0002  max mem: 34952
Epoch: [205]  [34/35]  eta: 0:00:01  lr: 0.000329  min_lr: 0.000329  loss: 33.4706 (32.5380)  weight_decay: 0.0500 (0.0500)  grad_norm: 224.8275 (227.0139)  time: 0.9578  data: 0.0002  max mem: 34952
Epoch: [205] Total time: 0:00:52 (1.4993 s / it)
Averaged stats: lr: 0.000329  min_lr: 0.000329  loss: 33.4706 (32.1410)  weight_decay: 0.0500 (0.0500)  grad_norm: 224.8275 (227.0139)
Epoch: [206]  [ 0/35]  eta: 0:11:31  lr: 0.000329  min_lr: 0.000329  loss: 30.2992 (30.2992)  weight_decay: 0.0500 (0.0500)  grad_norm: 183.7404 (183.7404)  time: 19.7545  data: 15.1706  max mem: 34952
Epoch: [206]  [10/35]  eta: 0:01:07  lr: 0.000329  min_lr: 0.000329  loss: 31.6145 (32.1397)  weight_decay: 0.0500 (0.0500)  grad_norm: 221.7755 (240.7927)  time: 2.6999  data: 1.3793  max mem: 34952
Epoch: [206]  [20/35]  eta: 0:00:27  lr: 0.000328  min_lr: 0.000328  loss: 32.0085 (32.7620)  weight_decay: 0.0500 (0.0500)  grad_norm: 262.4356 (285.0720)  time: 0.9692  data: 0.0002  max mem: 34952
Epoch: [206]  [30/35]  eta: 0:00:07  lr: 0.000328  min_lr: 0.000328  loss: 33.0897 (32.3393)  weight_decay: 0.0500 (0.0500)  grad_norm: 333.4561 (307.1034)  time: 0.9268  data: 0.0001  max mem: 34952
Epoch: [206]  [34/35]  eta: 0:00:01  lr: 0.000328  min_lr: 0.000328  loss: 33.0897 (32.4623)  weight_decay: 0.0500 (0.0500)  grad_norm: 352.4135 (310.3832)  time: 0.9156  data: 0.0001  max mem: 34952
Epoch: [206] Total time: 0:00:52 (1.5044 s / it)
Averaged stats: lr: 0.000328  min_lr: 0.000328  loss: 33.0897 (31.7692)  weight_decay: 0.0500 (0.0500)  grad_norm: 352.4135 (310.3832)
Epoch: [207]  [ 0/35]  eta: 0:11:16  lr: 0.000328  min_lr: 0.000328  loss: 32.8317 (32.8317)  weight_decay: 0.0500 (0.0500)  grad_norm: 315.3881 (315.3881)  time: 19.3183  data: 14.4244  max mem: 34952
Epoch: [207]  [10/35]  eta: 0:01:05  lr: 0.000327  min_lr: 0.000327  loss: 32.7229 (31.4786)  weight_decay: 0.0500 (0.0500)  grad_norm: 277.5300 (289.0296)  time: 2.6053  data: 1.3115  max mem: 34952
Epoch: [207]  [20/35]  eta: 0:00:26  lr: 0.000327  min_lr: 0.000327  loss: 32.4258 (31.8490)  weight_decay: 0.0500 (0.0500)  grad_norm: 232.7012 (267.2240)  time: 0.9226  data: 0.0002  max mem: 34952
Epoch: [207]  [30/35]  eta: 0:00:07  lr: 0.000327  min_lr: 0.000327  loss: 32.4236 (31.7147)  weight_decay: 0.0500 (0.0500)  grad_norm: 191.2399 (234.3784)  time: 0.9099  data: 0.0001  max mem: 34952
Epoch: [207]  [34/35]  eta: 0:00:01  lr: 0.000326  min_lr: 0.000326  loss: 32.4258 (31.7544)  weight_decay: 0.0500 (0.0500)  grad_norm: 188.4725 (229.2199)  time: 0.9088  data: 0.0001  max mem: 34952
Epoch: [207] Total time: 0:00:51 (1.4653 s / it)
Averaged stats: lr: 0.000326  min_lr: 0.000326  loss: 32.4258 (31.3115)  weight_decay: 0.0500 (0.0500)  grad_norm: 188.4725 (229.2199)
Epoch: [208]  [ 0/35]  eta: 0:10:55  lr: 0.000326  min_lr: 0.000326  loss: 34.0071 (34.0071)  weight_decay: 0.0500 (0.0500)  grad_norm: 134.0924 (134.0924)  time: 18.7339  data: 15.7988  max mem: 34952
Epoch: [208]  [10/35]  eta: 0:01:03  lr: 0.000326  min_lr: 0.000326  loss: 32.3480 (31.5868)  weight_decay: 0.0500 (0.0500)  grad_norm: 178.4266 (175.3090)  time: 2.5347  data: 1.4364  max mem: 34952
Epoch: [208]  [20/35]  eta: 0:00:26  lr: 0.000326  min_lr: 0.000326  loss: 31.8001 (32.0440)  weight_decay: 0.0500 (0.0500)  grad_norm: 178.0331 (173.4080)  time: 0.9126  data: 0.0002  max mem: 34952
Epoch: [208]  [30/35]  eta: 0:00:07  lr: 0.000325  min_lr: 0.000325  loss: 32.8284 (32.2265)  weight_decay: 0.0500 (0.0500)  grad_norm: 191.8679 (192.0995)  time: 0.9088  data: 0.0001  max mem: 34952
Epoch: [208]  [34/35]  eta: 0:00:01  lr: 0.000325  min_lr: 0.000325  loss: 33.1925 (32.4889)  weight_decay: 0.0500 (0.0500)  grad_norm: 201.0022 (195.4009)  time: 0.9094  data: 0.0001  max mem: 34952
Epoch: [208] Total time: 0:00:50 (1.4419 s / it)
Averaged stats: lr: 0.000325  min_lr: 0.000325  loss: 33.1925 (31.1237)  weight_decay: 0.0500 (0.0500)  grad_norm: 201.0022 (195.4009)
Epoch: [209]  [ 0/35]  eta: 0:11:10  lr: 0.000325  min_lr: 0.000325  loss: 26.9637 (26.9637)  weight_decay: 0.0500 (0.0500)  grad_norm: 270.9772 (270.9772)  time: 19.1525  data: 15.4360  max mem: 34952
Epoch: [209]  [10/35]  eta: 0:01:04  lr: 0.000325  min_lr: 0.000325  loss: 30.0680 (30.5234)  weight_decay: 0.0500 (0.0500)  grad_norm: 304.1419 (296.6780)  time: 2.5767  data: 1.4035  max mem: 34952
Epoch: [209]  [20/35]  eta: 0:00:26  lr: 0.000324  min_lr: 0.000324  loss: 33.3260 (32.4117)  weight_decay: 0.0500 (0.0500)  grad_norm: 295.0223 (288.4733)  time: 0.9143  data: 0.0002  max mem: 34952
Epoch: [209]  [30/35]  eta: 0:00:07  lr: 0.000324  min_lr: 0.000324  loss: 33.3260 (32.3480)  weight_decay: 0.0500 (0.0500)  grad_norm: 237.2419 (282.0910)  time: 0.9086  data: 0.0002  max mem: 34952
Epoch: [209]  [34/35]  eta: 0:00:01  lr: 0.000324  min_lr: 0.000324  loss: 31.8208 (32.3724)  weight_decay: 0.0500 (0.0500)  grad_norm: 226.7690 (268.1011)  time: 0.9085  data: 0.0001  max mem: 34952
Epoch: [209] Total time: 0:00:50 (1.4567 s / it)
Averaged stats: lr: 0.000324  min_lr: 0.000324  loss: 31.8208 (31.7790)  weight_decay: 0.0500 (0.0500)  grad_norm: 226.7690 (268.1011)
Epoch: [210]  [ 0/35]  eta: 0:10:01  lr: 0.000324  min_lr: 0.000324  loss: 29.1506 (29.1506)  weight_decay: 0.0500 (0.0500)  grad_norm: 118.7655 (118.7655)  time: 17.1880  data: 15.8189  max mem: 34952
Epoch: [210]  [10/35]  eta: 0:01:02  lr: 0.000323  min_lr: 0.000323  loss: 28.4306 (29.8638)  weight_decay: 0.0500 (0.0500)  grad_norm: 215.8514 (236.4846)  time: 2.4909  data: 1.4382  max mem: 34952
Epoch: [210]  [20/35]  eta: 0:00:26  lr: 0.000323  min_lr: 0.000323  loss: 32.2061 (31.7534)  weight_decay: 0.0500 (0.0500)  grad_norm: 220.2430 (287.8571)  time: 0.9739  data: 0.0002  max mem: 34952
Epoch: [210]  [30/35]  eta: 0:00:07  lr: 0.000322  min_lr: 0.000322  loss: 33.2982 (31.8254)  weight_decay: 0.0500 (0.0500)  grad_norm: 285.8542 (278.6307)  time: 0.9200  data: 0.0001  max mem: 34952
Epoch: [210]  [34/35]  eta: 0:00:01  lr: 0.000322  min_lr: 0.000322  loss: 33.2982 (31.8768)  weight_decay: 0.0500 (0.0500)  grad_norm: 260.9106 (272.9917)  time: 0.9139  data: 0.0001  max mem: 34952
Epoch: [210] Total time: 0:00:50 (1.4361 s / it)
Averaged stats: lr: 0.000322  min_lr: 0.000322  loss: 33.2982 (31.4883)  weight_decay: 0.0500 (0.0500)  grad_norm: 260.9106 (272.9917)
Epoch: [211]  [ 0/35]  eta: 0:11:00  lr: 0.000322  min_lr: 0.000322  loss: 25.7390 (25.7390)  weight_decay: 0.0500 (0.0500)  grad_norm: 382.9823 (382.9823)  time: 18.8819  data: 17.3984  max mem: 34952
Epoch: [211]  [10/35]  eta: 0:01:03  lr: 0.000322  min_lr: 0.000322  loss: 30.4450 (31.0885)  weight_decay: 0.0500 (0.0500)  grad_norm: 239.2819 (253.5518)  time: 2.5452  data: 1.5818  max mem: 34952
Epoch: [211]  [20/35]  eta: 0:00:26  lr: 0.000321  min_lr: 0.000321  loss: 32.2893 (32.0438)  weight_decay: 0.0500 (0.0500)  grad_norm: 237.1663 (243.2982)  time: 0.9104  data: 0.0001  max mem: 34952
Epoch: [211]  [30/35]  eta: 0:00:07  lr: 0.000321  min_lr: 0.000321  loss: 31.7420 (31.4562)  weight_decay: 0.0500 (0.0500)  grad_norm: 197.0777 (226.4801)  time: 0.9094  data: 0.0001  max mem: 34952
Epoch: [211]  [34/35]  eta: 0:00:01  lr: 0.000321  min_lr: 0.000321  loss: 32.6801 (31.8620)  weight_decay: 0.0500 (0.0500)  grad_norm: 194.0711 (228.9285)  time: 0.9087  data: 0.0001  max mem: 34952
Epoch: [211] Total time: 0:00:50 (1.4459 s / it)
Averaged stats: lr: 0.000321  min_lr: 0.000321  loss: 32.6801 (31.4886)  weight_decay: 0.0500 (0.0500)  grad_norm: 194.0711 (228.9285)
Epoch: [212]  [ 0/35]  eta: 0:11:17  lr: 0.000321  min_lr: 0.000321  loss: 27.7454 (27.7454)  weight_decay: 0.0500 (0.0500)  grad_norm: 201.6897 (201.6897)  time: 19.3565  data: 15.0537  max mem: 34952
Epoch: [212]  [10/35]  eta: 0:01:06  lr: 0.000320  min_lr: 0.000320  loss: 29.3618 (28.9911)  weight_decay: 0.0500 (0.0500)  grad_norm: 220.4028 (260.2776)  time: 2.6571  data: 1.3687  max mem: 34952
Epoch: [212]  [20/35]  eta: 0:00:28  lr: 0.000320  min_lr: 0.000320  loss: 30.8446 (30.5743)  weight_decay: 0.0500 (0.0500)  grad_norm: 241.1370 (272.0882)  time: 0.9923  data: 0.0002  max mem: 34952
Epoch: [212]  [30/35]  eta: 0:00:07  lr: 0.000320  min_lr: 0.000320  loss: 32.6384 (30.9754)  weight_decay: 0.0500 (0.0500)  grad_norm: 316.0923 (300.1876)  time: 0.9557  data: 0.0002  max mem: 34952
Epoch: [212]  [34/35]  eta: 0:00:01  lr: 0.000319  min_lr: 0.000319  loss: 32.3410 (31.2589)  weight_decay: 0.0500 (0.0500)  grad_norm: 316.0923 (295.4862)  time: 0.9144  data: 0.0002  max mem: 34952
Epoch: [212] Total time: 0:00:52 (1.5079 s / it)
Averaged stats: lr: 0.000319  min_lr: 0.000319  loss: 32.3410 (31.2892)  weight_decay: 0.0500 (0.0500)  grad_norm: 316.0923 (295.4862)
Epoch: [213]  [ 0/35]  eta: 0:10:58  lr: 0.000319  min_lr: 0.000319  loss: 29.3307 (29.3307)  weight_decay: 0.0500 (0.0500)  grad_norm: 293.6364 (293.6364)  time: 18.8200  data: 16.5480  max mem: 34952
Epoch: [213]  [10/35]  eta: 0:01:03  lr: 0.000319  min_lr: 0.000319  loss: 29.3307 (28.7950)  weight_decay: 0.0500 (0.0500)  grad_norm: 242.9266 (259.9532)  time: 2.5490  data: 1.5045  max mem: 34952
Epoch: [213]  [20/35]  eta: 0:00:26  lr: 0.000319  min_lr: 0.000319  loss: 30.4795 (30.6081)  weight_decay: 0.0500 (0.0500)  grad_norm: 235.8039 (254.4265)  time: 0.9203  data: 0.0002  max mem: 34952
Epoch: [213]  [30/35]  eta: 0:00:07  lr: 0.000318  min_lr: 0.000318  loss: 31.2947 (30.7733)  weight_decay: 0.0500 (0.0500)  grad_norm: 251.8296 (269.6439)  time: 0.9135  data: 0.0002  max mem: 34952
Epoch: [213]  [34/35]  eta: 0:00:01  lr: 0.000318  min_lr: 0.000318  loss: 31.1642 (31.0884)  weight_decay: 0.0500 (0.0500)  grad_norm: 325.7364 (280.4703)  time: 0.9115  data: 0.0002  max mem: 34952
Epoch: [213] Total time: 0:00:50 (1.4497 s / it)
Averaged stats: lr: 0.000318  min_lr: 0.000318  loss: 31.1642 (31.5184)  weight_decay: 0.0500 (0.0500)  grad_norm: 325.7364 (280.4703)
Epoch: [214]  [ 0/35]  eta: 0:11:01  lr: 0.000318  min_lr: 0.000318  loss: 30.2718 (30.2718)  weight_decay: 0.0500 (0.0500)  grad_norm: 323.1315 (323.1315)  time: 18.8940  data: 17.6163  max mem: 34952
Epoch: [214]  [10/35]  eta: 0:01:03  lr: 0.000318  min_lr: 0.000318  loss: 30.2796 (30.9487)  weight_decay: 0.0500 (0.0500)  grad_norm: 323.1315 (321.7055)  time: 2.5510  data: 1.6016  max mem: 34952
Epoch: [214]  [20/35]  eta: 0:00:26  lr: 0.000317  min_lr: 0.000317  loss: 32.9224 (32.0646)  weight_decay: 0.0500 (0.0500)  grad_norm: 290.9783 (293.1076)  time: 0.9148  data: 0.0002  max mem: 34952
Epoch: [214]  [30/35]  eta: 0:00:07  lr: 0.000317  min_lr: 0.000317  loss: 32.1413 (31.8555)  weight_decay: 0.0500 (0.0500)  grad_norm: 289.9682 (300.4745)  time: 0.9116  data: 0.0001  max mem: 34952
Epoch: [214]  [34/35]  eta: 0:00:01  lr: 0.000317  min_lr: 0.000317  loss: 31.0671 (31.5666)  weight_decay: 0.0500 (0.0500)  grad_norm: 272.5014 (291.0926)  time: 0.9106  data: 0.0001  max mem: 34952
Epoch: [214] Total time: 0:00:50 (1.4497 s / it)
Averaged stats: lr: 0.000317  min_lr: 0.000317  loss: 31.0671 (31.1381)  weight_decay: 0.0500 (0.0500)  grad_norm: 272.5014 (291.0926)
Epoch: [215]  [ 0/35]  eta: 0:11:19  lr: 0.000317  min_lr: 0.000317  loss: 26.6406 (26.6406)  weight_decay: 0.0500 (0.0500)  grad_norm: 181.1920 (181.1920)  time: 19.4074  data: 17.7117  max mem: 34952
Epoch: [215]  [10/35]  eta: 0:01:05  lr: 0.000316  min_lr: 0.000316  loss: 30.3120 (30.0475)  weight_decay: 0.0500 (0.0500)  grad_norm: 207.8848 (211.4657)  time: 2.6047  data: 1.6103  max mem: 34952
Epoch: [215]  [20/35]  eta: 0:00:26  lr: 0.000316  min_lr: 0.000316  loss: 30.4326 (30.9955)  weight_decay: 0.0500 (0.0500)  grad_norm: 173.7253 (194.1454)  time: 0.9191  data: 0.0002  max mem: 34952
Epoch: [215]  [30/35]  eta: 0:00:07  lr: 0.000315  min_lr: 0.000315  loss: 30.5232 (30.8694)  weight_decay: 0.0500 (0.0500)  grad_norm: 173.0598 (194.7265)  time: 0.9105  data: 0.0002  max mem: 34952
Epoch: [215]  [34/35]  eta: 0:00:01  lr: 0.000315  min_lr: 0.000315  loss: 30.4662 (30.8327)  weight_decay: 0.0500 (0.0500)  grad_norm: 173.7253 (196.9740)  time: 0.9078  data: 0.0001  max mem: 34952
Epoch: [215] Total time: 0:00:51 (1.4640 s / it)
Averaged stats: lr: 0.000315  min_lr: 0.000315  loss: 30.4662 (30.6458)  weight_decay: 0.0500 (0.0500)  grad_norm: 173.7253 (196.9740)
Epoch: [216]  [ 0/35]  eta: 0:11:19  lr: 0.000315  min_lr: 0.000315  loss: 28.6131 (28.6131)  weight_decay: 0.0500 (0.0500)  grad_norm: 138.2774 (138.2774)  time: 19.4103  data: 16.8104  max mem: 34952
Epoch: [216]  [10/35]  eta: 0:01:06  lr: 0.000315  min_lr: 0.000315  loss: 29.5185 (30.3723)  weight_decay: 0.0500 (0.0500)  grad_norm: 187.8136 (195.1593)  time: 2.6470  data: 1.5284  max mem: 34952
Epoch: [216]  [20/35]  eta: 0:00:27  lr: 0.000314  min_lr: 0.000314  loss: 30.4581 (30.7208)  weight_decay: 0.0500 (0.0500)  grad_norm: 214.7335 (210.8820)  time: 0.9425  data: 0.0002  max mem: 34952
Epoch: [216]  [30/35]  eta: 0:00:07  lr: 0.000314  min_lr: 0.000314  loss: 30.7259 (30.7766)  weight_decay: 0.0500 (0.0500)  grad_norm: 214.7335 (206.3863)  time: 0.9138  data: 0.0001  max mem: 34952
Epoch: [216]  [34/35]  eta: 0:00:01  lr: 0.000314  min_lr: 0.000314  loss: 30.6757 (30.8372)  weight_decay: 0.0500 (0.0500)  grad_norm: 211.6354 (205.3572)  time: 0.9138  data: 0.0001  max mem: 34952
Epoch: [216] Total time: 0:00:51 (1.4819 s / it)
Averaged stats: lr: 0.000314  min_lr: 0.000314  loss: 30.6757 (30.8876)  weight_decay: 0.0500 (0.0500)  grad_norm: 211.6354 (205.3572)
Epoch: [217]  [ 0/35]  eta: 0:10:23  lr: 0.000314  min_lr: 0.000314  loss: 31.7822 (31.7822)  weight_decay: 0.0500 (0.0500)  grad_norm: 138.7881 (138.7881)  time: 17.8221  data: 15.6798  max mem: 34952
Epoch: [217]  [10/35]  eta: 0:01:04  lr: 0.000313  min_lr: 0.000313  loss: 31.7822 (30.9849)  weight_decay: 0.0500 (0.0500)  grad_norm: 162.9069 (209.3427)  time: 2.5886  data: 1.4855  max mem: 34952
Epoch: [217]  [20/35]  eta: 0:00:28  lr: 0.000313  min_lr: 0.000313  loss: 32.1932 (32.2211)  weight_decay: 0.0500 (0.0500)  grad_norm: 236.0999 (285.1813)  time: 1.0932  data: 0.0332  max mem: 34952
Epoch: [217]  [30/35]  eta: 0:00:08  lr: 0.000312  min_lr: 0.000312  loss: 31.9513 (31.8064)  weight_decay: 0.0500 (0.0500)  grad_norm: 304.7009 (287.1115)  time: 1.0689  data: 0.0003  max mem: 34952
Epoch: [217]  [34/35]  eta: 0:00:01  lr: 0.000312  min_lr: 0.000312  loss: 32.2477 (32.2854)  weight_decay: 0.0500 (0.0500)  grad_norm: 304.7009 (291.8457)  time: 1.0224  data: 0.0003  max mem: 34952
Epoch: [217] Total time: 0:00:54 (1.5598 s / it)
Averaged stats: lr: 0.000312  min_lr: 0.000312  loss: 32.2477 (31.1511)  weight_decay: 0.0500 (0.0500)  grad_norm: 304.7009 (291.8457)
Epoch: [218]  [ 0/35]  eta: 0:11:04  lr: 0.000312  min_lr: 0.000312  loss: 29.2764 (29.2764)  weight_decay: 0.0500 (0.0500)  grad_norm: 406.5750 (406.5750)  time: 18.9848  data: 14.9252  max mem: 34952
Epoch: [218]  [10/35]  eta: 0:01:04  lr: 0.000312  min_lr: 0.000312  loss: 30.0266 (29.6716)  weight_decay: 0.0500 (0.0500)  grad_norm: 294.3504 (307.3935)  time: 2.5624  data: 1.3570  max mem: 34952
Epoch: [218]  [20/35]  eta: 0:00:26  lr: 0.000311  min_lr: 0.000311  loss: 30.4628 (31.0311)  weight_decay: 0.0500 (0.0500)  grad_norm: 280.6585 (310.0046)  time: 0.9143  data: 0.0001  max mem: 34952
Epoch: [218]  [30/35]  eta: 0:00:07  lr: 0.000311  min_lr: 0.000311  loss: 31.5566 (31.6489)  weight_decay: 0.0500 (0.0500)  grad_norm: 324.4360 (303.6784)  time: 0.9098  data: 0.0001  max mem: 34952
Epoch: [218]  [34/35]  eta: 0:00:01  lr: 0.000311  min_lr: 0.000311  loss: 31.5566 (31.6395)  weight_decay: 0.0500 (0.0500)  grad_norm: 319.8084 (307.3634)  time: 0.9104  data: 0.0001  max mem: 34952
Epoch: [218] Total time: 0:00:50 (1.4520 s / it)
Averaged stats: lr: 0.000311  min_lr: 0.000311  loss: 31.5566 (31.4909)  weight_decay: 0.0500 (0.0500)  grad_norm: 319.8084 (307.3634)
Epoch: [219]  [ 0/35]  eta: 0:10:13  lr: 0.000311  min_lr: 0.000311  loss: 30.9550 (30.9550)  weight_decay: 0.0500 (0.0500)  grad_norm: 242.6985 (242.6985)  time: 17.5148  data: 15.7166  max mem: 34952
Epoch: [219]  [10/35]  eta: 0:01:01  lr: 0.000310  min_lr: 0.000310  loss: 29.6276 (29.0293)  weight_decay: 0.0500 (0.0500)  grad_norm: 242.6985 (220.4901)  time: 2.4677  data: 1.4289  max mem: 34952
Epoch: [219]  [20/35]  eta: 0:00:25  lr: 0.000310  min_lr: 0.000310  loss: 29.9777 (30.2248)  weight_decay: 0.0500 (0.0500)  grad_norm: 244.2430 (226.0625)  time: 0.9376  data: 0.0002  max mem: 34952
Epoch: [219]  [30/35]  eta: 0:00:07  lr: 0.000309  min_lr: 0.000309  loss: 30.5402 (30.0523)  weight_decay: 0.0500 (0.0500)  grad_norm: 220.5664 (213.0317)  time: 0.9098  data: 0.0001  max mem: 34952
Epoch: [219]  [34/35]  eta: 0:00:01  lr: 0.000309  min_lr: 0.000309  loss: 29.9874 (30.3977)  weight_decay: 0.0500 (0.0500)  grad_norm: 211.8495 (209.4302)  time: 0.9095  data: 0.0001  max mem: 34952
Epoch: [219] Total time: 0:00:49 (1.4219 s / it)
Averaged stats: lr: 0.000309  min_lr: 0.000309  loss: 29.9874 (30.5784)  weight_decay: 0.0500 (0.0500)  grad_norm: 211.8495 (209.4302)
Epoch: [220]  [ 0/35]  eta: 0:11:08  lr: 0.000309  min_lr: 0.000309  loss: 32.5451 (32.5451)  weight_decay: 0.0500 (0.0500)  grad_norm: 147.6761 (147.6761)  time: 19.1107  data: 18.1242  max mem: 34952
Epoch: [220]  [10/35]  eta: 0:01:04  lr: 0.000309  min_lr: 0.000309  loss: 31.2744 (29.7025)  weight_decay: 0.0500 (0.0500)  grad_norm: 246.1636 (279.6535)  time: 2.5680  data: 1.6478  max mem: 34952
Epoch: [220]  [20/35]  eta: 0:00:26  lr: 0.000308  min_lr: 0.000308  loss: 30.5561 (30.2992)  weight_decay: 0.0500 (0.0500)  grad_norm: 251.6523 (282.0289)  time: 0.9121  data: 0.0001  max mem: 34952
Epoch: [220]  [30/35]  eta: 0:00:07  lr: 0.000308  min_lr: 0.000308  loss: 29.3103 (29.8195)  weight_decay: 0.0500 (0.0500)  grad_norm: 251.6523 (268.7576)  time: 0.9071  data: 0.0001  max mem: 34952
Epoch: [220]  [34/35]  eta: 0:00:01  lr: 0.000308  min_lr: 0.000308  loss: 29.2634 (29.9639)  weight_decay: 0.0500 (0.0500)  grad_norm: 230.3162 (263.0811)  time: 0.9065  data: 0.0001  max mem: 34952
Epoch: [220] Total time: 0:00:50 (1.4523 s / it)
Averaged stats: lr: 0.000308  min_lr: 0.000308  loss: 29.2634 (30.3816)  weight_decay: 0.0500 (0.0500)  grad_norm: 230.3162 (263.0811)
Epoch: [221]  [ 0/35]  eta: 0:11:13  lr: 0.000308  min_lr: 0.000308  loss: 24.3197 (24.3197)  weight_decay: 0.0500 (0.0500)  grad_norm: 116.2181 (116.2181)  time: 19.2312  data: 18.2620  max mem: 34952
Epoch: [221]  [10/35]  eta: 0:01:04  lr: 0.000307  min_lr: 0.000307  loss: 26.5514 (27.6690)  weight_decay: 0.0500 (0.0500)  grad_norm: 197.7938 (204.0940)  time: 2.5832  data: 1.6603  max mem: 34952
Epoch: [221]  [20/35]  eta: 0:00:26  lr: 0.000307  min_lr: 0.000307  loss: 28.2658 (28.9244)  weight_decay: 0.0500 (0.0500)  grad_norm: 228.7314 (244.9786)  time: 0.9156  data: 0.0002  max mem: 34952
Epoch: [221]  [30/35]  eta: 0:00:07  lr: 0.000307  min_lr: 0.000307  loss: 29.4498 (29.3218)  weight_decay: 0.0500 (0.0500)  grad_norm: 290.8314 (256.3827)  time: 0.9132  data: 0.0001  max mem: 34952
Epoch: [221]  [34/35]  eta: 0:00:01  lr: 0.000306  min_lr: 0.000306  loss: 30.0942 (29.5856)  weight_decay: 0.0500 (0.0500)  grad_norm: 290.8314 (262.8680)  time: 0.9125  data: 0.0001  max mem: 34952
Epoch: [221] Total time: 0:00:51 (1.4599 s / it)
Averaged stats: lr: 0.000306  min_lr: 0.000306  loss: 30.0942 (30.2047)  weight_decay: 0.0500 (0.0500)  grad_norm: 290.8314 (262.8680)
Epoch: [222]  [ 0/35]  eta: 0:11:03  lr: 0.000306  min_lr: 0.000306  loss: 31.6615 (31.6615)  weight_decay: 0.0500 (0.0500)  grad_norm: 321.3043 (321.3043)  time: 18.9673  data: 17.7343  max mem: 34952
Epoch: [222]  [10/35]  eta: 0:01:03  lr: 0.000306  min_lr: 0.000306  loss: 28.2704 (28.4248)  weight_decay: 0.0500 (0.0500)  grad_norm: 321.3043 (298.4773)  time: 2.5567  data: 1.6123  max mem: 34952
Epoch: [222]  [20/35]  eta: 0:00:26  lr: 0.000306  min_lr: 0.000306  loss: 28.6743 (29.8800)  weight_decay: 0.0500 (0.0500)  grad_norm: 329.2886 (337.7085)  time: 0.9130  data: 0.0001  max mem: 34952
Epoch: [222]  [30/35]  eta: 0:00:07  lr: 0.000305  min_lr: 0.000305  loss: 29.5795 (29.6154)  weight_decay: 0.0500 (0.0500)  grad_norm: 322.2701 (335.4873)  time: 0.9102  data: 0.0001  max mem: 34952
Epoch: [222]  [34/35]  eta: 0:00:01  lr: 0.000305  min_lr: 0.000305  loss: 28.4641 (29.9430)  weight_decay: 0.0500 (0.0500)  grad_norm: 318.5560 (337.7472)  time: 0.9095  data: 0.0001  max mem: 34952
Epoch: [222] Total time: 0:00:50 (1.4517 s / it)
Averaged stats: lr: 0.000305  min_lr: 0.000305  loss: 28.4641 (30.1435)  weight_decay: 0.0500 (0.0500)  grad_norm: 318.5560 (337.7472)
Epoch: [223]  [ 0/35]  eta: 0:11:14  lr: 0.000305  min_lr: 0.000305  loss: 26.1718 (26.1718)  weight_decay: 0.0500 (0.0500)  grad_norm: 284.6962 (284.6962)  time: 19.2669  data: 15.6677  max mem: 34952
Epoch: [223]  [10/35]  eta: 0:01:04  lr: 0.000304  min_lr: 0.000304  loss: 28.8099 (29.8879)  weight_decay: 0.0500 (0.0500)  grad_norm: 225.8180 (218.4979)  time: 2.5945  data: 1.4245  max mem: 34952
Epoch: [223]  [20/35]  eta: 0:00:26  lr: 0.000304  min_lr: 0.000304  loss: 30.4543 (30.5399)  weight_decay: 0.0500 (0.0500)  grad_norm: 187.3439 (201.4004)  time: 0.9243  data: 0.0002  max mem: 34952
Epoch: [223]  [30/35]  eta: 0:00:07  lr: 0.000304  min_lr: 0.000304  loss: 30.6997 (30.6406)  weight_decay: 0.0500 (0.0500)  grad_norm: 196.2252 (199.1105)  time: 0.9176  data: 0.0001  max mem: 34952
Epoch: [223]  [34/35]  eta: 0:00:01  lr: 0.000303  min_lr: 0.000303  loss: 30.8315 (30.9127)  weight_decay: 0.0500 (0.0500)  grad_norm: 206.4024 (200.9290)  time: 0.9171  data: 0.0001  max mem: 34952
Epoch: [223] Total time: 0:00:51 (1.4672 s / it)
Averaged stats: lr: 0.000303  min_lr: 0.000303  loss: 30.8315 (30.0990)  weight_decay: 0.0500 (0.0500)  grad_norm: 206.4024 (200.9290)
Epoch: [224]  [ 0/35]  eta: 0:15:57  lr: 0.000303  min_lr: 0.000303  loss: 26.6141 (26.6141)  weight_decay: 0.0500 (0.0500)  grad_norm: 161.6164 (161.6164)  time: 27.3469  data: 26.1854  max mem: 34952
Epoch: [224]  [10/35]  eta: 0:01:23  lr: 0.000303  min_lr: 0.000303  loss: 26.6561 (28.1549)  weight_decay: 0.0500 (0.0500)  grad_norm: 173.1917 (189.6835)  time: 3.3257  data: 2.3806  max mem: 34952
Epoch: [224]  [20/35]  eta: 0:00:32  lr: 0.000303  min_lr: 0.000303  loss: 29.6236 (29.6408)  weight_decay: 0.0500 (0.0500)  grad_norm: 169.9036 (179.1073)  time: 0.9176  data: 0.0001  max mem: 34952
Epoch: [224]  [30/35]  eta: 0:00:08  lr: 0.000302  min_lr: 0.000302  loss: 29.6236 (29.3138)  weight_decay: 0.0500 (0.0500)  grad_norm: 192.3381 (205.0080)  time: 0.9105  data: 0.0001  max mem: 34952
Epoch: [224]  [34/35]  eta: 0:00:01  lr: 0.000302  min_lr: 0.000302  loss: 29.6236 (29.3109)  weight_decay: 0.0500 (0.0500)  grad_norm: 192.3381 (201.2230)  time: 0.9105  data: 0.0001  max mem: 34952
Epoch: [224] Total time: 0:00:59 (1.6929 s / it)
Averaged stats: lr: 0.000302  min_lr: 0.000302  loss: 29.6236 (29.7533)  weight_decay: 0.0500 (0.0500)  grad_norm: 192.3381 (201.2230)
Epoch: [225]  [ 0/35]  eta: 0:10:01  lr: 0.000302  min_lr: 0.000302  loss: 28.8197 (28.8197)  weight_decay: 0.0500 (0.0500)  grad_norm: 201.6165 (201.6165)  time: 17.1897  data: 14.7727  max mem: 34952
Epoch: [225]  [10/35]  eta: 0:01:00  lr: 0.000302  min_lr: 0.000302  loss: 30.4646 (30.1746)  weight_decay: 0.0500 (0.0500)  grad_norm: 199.8945 (216.4215)  time: 2.4048  data: 1.3432  max mem: 34952
Epoch: [225]  [20/35]  eta: 0:00:25  lr: 0.000301  min_lr: 0.000301  loss: 30.4646 (30.8772)  weight_decay: 0.0500 (0.0500)  grad_norm: 198.0131 (227.5271)  time: 0.9195  data: 0.0002  max mem: 34952
Epoch: [225]  [30/35]  eta: 0:00:07  lr: 0.000301  min_lr: 0.000301  loss: 29.6557 (30.2583)  weight_decay: 0.0500 (0.0500)  grad_norm: 183.5299 (209.6562)  time: 0.9098  data: 0.0001  max mem: 34952
Epoch: [225]  [34/35]  eta: 0:00:01  lr: 0.000301  min_lr: 0.000301  loss: 30.0274 (30.4035)  weight_decay: 0.0500 (0.0500)  grad_norm: 180.5803 (205.6639)  time: 0.9098  data: 0.0001  max mem: 34952
Epoch: [225] Total time: 0:00:49 (1.4027 s / it)
Averaged stats: lr: 0.000301  min_lr: 0.000301  loss: 30.0274 (30.6526)  weight_decay: 0.0500 (0.0500)  grad_norm: 180.5803 (205.6639)
[Eval]   [0/1]  eta: 0:00:03  loss: 57.3783 (57.3783)  time: 3.1689  data: 3.0705  max mem: 34952
[Eval]  Total time: 0:00:03 (3.5650 s / it)
Eval averaged stats: loss: 57.3783 (70.0886)
Epoch: [226]  [ 0/35]  eta: 0:10:26  lr: 0.000300  min_lr: 0.000300  loss: 33.4487 (33.4487)  weight_decay: 0.0500 (0.0500)  grad_norm: 224.4848 (224.4848)  time: 17.8885  data: 16.2312  max mem: 34952
Epoch: [226]  [10/35]  eta: 0:01:02  lr: 0.000300  min_lr: 0.000300  loss: 28.0501 (28.3375)  weight_decay: 0.0500 (0.0500)  grad_norm: 180.1852 (187.9341)  time: 2.5187  data: 1.4758  max mem: 34952
Epoch: [226]  [20/35]  eta: 0:00:26  lr: 0.000300  min_lr: 0.000300  loss: 29.2740 (29.1684)  weight_decay: 0.0500 (0.0500)  grad_norm: 180.1852 (191.0824)  time: 0.9524  data: 0.0002  max mem: 34952
Epoch: [226]  [30/35]  eta: 0:00:07  lr: 0.000299  min_lr: 0.000299  loss: 30.0430 (29.8618)  weight_decay: 0.0500 (0.0500)  grad_norm: 236.4600 (221.6448)  time: 0.9151  data: 0.0001  max mem: 34952
Epoch: [226]  [34/35]  eta: 0:00:01  lr: 0.000299  min_lr: 0.000299  loss: 30.0430 (30.0065)  weight_decay: 0.0500 (0.0500)  grad_norm: 264.4159 (235.0368)  time: 0.9129  data: 0.0001  max mem: 34952
Epoch: [226] Total time: 0:00:50 (1.4430 s / it)
Averaged stats: lr: 0.000299  min_lr: 0.000299  loss: 30.0430 (29.9858)  weight_decay: 0.0500 (0.0500)  grad_norm: 264.4159 (235.0368)
Epoch: [227]  [ 0/35]  eta: 0:10:27  lr: 0.000299  min_lr: 0.000299  loss: 29.9427 (29.9427)  weight_decay: 0.0500 (0.0500)  grad_norm: 143.9729 (143.9729)  time: 17.9239  data: 15.2442  max mem: 34952
Epoch: [227]  [10/35]  eta: 0:01:04  lr: 0.000299  min_lr: 0.000299  loss: 28.5051 (28.6220)  weight_decay: 0.0500 (0.0500)  grad_norm: 237.2162 (285.5628)  time: 2.5614  data: 1.3860  max mem: 34952
Epoch: [227]  [20/35]  eta: 0:00:26  lr: 0.000298  min_lr: 0.000298  loss: 28.5051 (29.5268)  weight_decay: 0.0500 (0.0500)  grad_norm: 281.3166 (282.2207)  time: 0.9726  data: 0.0002  max mem: 34952
Epoch: [227]  [30/35]  eta: 0:00:07  lr: 0.000298  min_lr: 0.000298  loss: 29.1584 (29.4080)  weight_decay: 0.0500 (0.0500)  grad_norm: 231.0817 (251.8832)  time: 0.9192  data: 0.0002  max mem: 34952
Epoch: [227]  [34/35]  eta: 0:00:01  lr: 0.000298  min_lr: 0.000298  loss: 29.1584 (29.5278)  weight_decay: 0.0500 (0.0500)  grad_norm: 173.5046 (241.3643)  time: 0.9165  data: 0.0002  max mem: 34952
Epoch: [227] Total time: 0:00:50 (1.4560 s / it)
Averaged stats: lr: 0.000298  min_lr: 0.000298  loss: 29.1584 (30.0356)  weight_decay: 0.0500 (0.0500)  grad_norm: 173.5046 (241.3643)
Epoch: [228]  [ 0/35]  eta: 0:10:47  lr: 0.000298  min_lr: 0.000298  loss: 31.9464 (31.9464)  weight_decay: 0.0500 (0.0500)  grad_norm: 241.6762 (241.6762)  time: 18.5098  data: 15.8532  max mem: 34952
Epoch: [228]  [10/35]  eta: 0:01:02  lr: 0.000297  min_lr: 0.000297  loss: 30.2508 (30.1502)  weight_decay: 0.0500 (0.0500)  grad_norm: 173.1299 (178.0708)  time: 2.5150  data: 1.4413  max mem: 34952
Epoch: [228]  [20/35]  eta: 0:00:26  lr: 0.000297  min_lr: 0.000297  loss: 30.2508 (29.9964)  weight_decay: 0.0500 (0.0500)  grad_norm: 180.6413 (209.1669)  time: 0.9088  data: 0.0001  max mem: 34952
Epoch: [228]  [30/35]  eta: 0:00:07  lr: 0.000296  min_lr: 0.000296  loss: 30.0346 (29.6045)  weight_decay: 0.0500 (0.0500)  grad_norm: 236.0384 (220.2855)  time: 0.9034  data: 0.0002  max mem: 34952
Epoch: [228]  [34/35]  eta: 0:00:01  lr: 0.000296  min_lr: 0.000296  loss: 30.3190 (29.6984)  weight_decay: 0.0500 (0.0500)  grad_norm: 248.0428 (219.6246)  time: 0.9026  data: 0.0001  max mem: 34952
Epoch: [228] Total time: 0:00:50 (1.4328 s / it)
Averaged stats: lr: 0.000296  min_lr: 0.000296  loss: 30.3190 (29.8808)  weight_decay: 0.0500 (0.0500)  grad_norm: 248.0428 (219.6246)
Epoch: [229]  [ 0/35]  eta: 0:11:44  lr: 0.000296  min_lr: 0.000296  loss: 34.8371 (34.8371)  weight_decay: 0.0500 (0.0500)  grad_norm: 409.5717 (409.5717)  time: 20.1217  data: 17.3375  max mem: 34952
Epoch: [229]  [10/35]  eta: 0:01:07  lr: 0.000296  min_lr: 0.000296  loss: 31.1165 (31.2542)  weight_decay: 0.0500 (0.0500)  grad_norm: 275.7762 (267.0110)  time: 2.7010  data: 1.5763  max mem: 34952
Epoch: [229]  [20/35]  eta: 0:00:27  lr: 0.000295  min_lr: 0.000295  loss: 31.1165 (31.1659)  weight_decay: 0.0500 (0.0500)  grad_norm: 230.8817 (254.3957)  time: 0.9370  data: 0.0001  max mem: 34952
Epoch: [229]  [30/35]  eta: 0:00:07  lr: 0.000295  min_lr: 0.000295  loss: 30.0363 (30.5749)  weight_decay: 0.0500 (0.0500)  grad_norm: 227.8330 (240.4822)  time: 0.9076  data: 0.0001  max mem: 34952
Epoch: [229]  [34/35]  eta: 0:00:01  lr: 0.000295  min_lr: 0.000295  loss: 29.9321 (30.9350)  weight_decay: 0.0500 (0.0500)  grad_norm: 227.8330 (237.5068)  time: 0.9028  data: 0.0001  max mem: 34952
Epoch: [229] Total time: 0:00:52 (1.4945 s / it)
Averaged stats: lr: 0.000295  min_lr: 0.000295  loss: 29.9321 (29.4011)  weight_decay: 0.0500 (0.0500)  grad_norm: 227.8330 (237.5068)
Epoch: [230]  [ 0/35]  eta: 0:11:08  lr: 0.000295  min_lr: 0.000295  loss: 30.0952 (30.0952)  weight_decay: 0.0500 (0.0500)  grad_norm: 253.6265 (253.6265)  time: 19.0924  data: 15.9462  max mem: 34952
Epoch: [230]  [10/35]  eta: 0:01:04  lr: 0.000294  min_lr: 0.000294  loss: 28.0253 (27.6920)  weight_decay: 0.0500 (0.0500)  grad_norm: 253.6265 (261.7332)  time: 2.5703  data: 1.4498  max mem: 34952
Epoch: [230]  [20/35]  eta: 0:00:26  lr: 0.000294  min_lr: 0.000294  loss: 28.7695 (29.4611)  weight_decay: 0.0500 (0.0500)  grad_norm: 207.1383 (231.8244)  time: 0.9184  data: 0.0001  max mem: 34952
Epoch: [230]  [30/35]  eta: 0:00:07  lr: 0.000293  min_lr: 0.000293  loss: 29.2815 (29.5246)  weight_decay: 0.0500 (0.0500)  grad_norm: 237.7596 (265.0236)  time: 0.9173  data: 0.0001  max mem: 34952
Epoch: [230]  [34/35]  eta: 0:00:01  lr: 0.000293  min_lr: 0.000293  loss: 29.2815 (29.5969)  weight_decay: 0.0500 (0.0500)  grad_norm: 288.5991 (263.5181)  time: 0.9176  data: 0.0001  max mem: 34952
Epoch: [230] Total time: 0:00:51 (1.4593 s / it)
Averaged stats: lr: 0.000293  min_lr: 0.000293  loss: 29.2815 (29.6477)  weight_decay: 0.0500 (0.0500)  grad_norm: 288.5991 (263.5181)
Epoch: [231]  [ 0/35]  eta: 0:11:29  lr: 0.000293  min_lr: 0.000293  loss: 34.9180 (34.9180)  weight_decay: 0.0500 (0.0500)  grad_norm: 246.2800 (246.2800)  time: 19.7062  data: 17.2961  max mem: 34952
Epoch: [231]  [10/35]  eta: 0:01:05  lr: 0.000293  min_lr: 0.000293  loss: 29.7378 (29.7535)  weight_decay: 0.0500 (0.0500)  grad_norm: 330.7380 (298.8866)  time: 2.6342  data: 1.5725  max mem: 34952
Epoch: [231]  [20/35]  eta: 0:00:27  lr: 0.000292  min_lr: 0.000292  loss: 29.6546 (30.0045)  weight_decay: 0.0500 (0.0500)  grad_norm: 243.1026 (251.6325)  time: 0.9255  data: 0.0001  max mem: 34952
Epoch: [231]  [30/35]  eta: 0:00:07  lr: 0.000292  min_lr: 0.000292  loss: 29.6546 (29.5071)  weight_decay: 0.0500 (0.0500)  grad_norm: 191.1181 (231.6653)  time: 0.9217  data: 0.0001  max mem: 34952
Epoch: [231]  [34/35]  eta: 0:00:01  lr: 0.000292  min_lr: 0.000292  loss: 29.6546 (29.4762)  weight_decay: 0.0500 (0.0500)  grad_norm: 185.0788 (227.9940)  time: 0.9198  data: 0.0001  max mem: 34952
Epoch: [231] Total time: 0:00:51 (1.4833 s / it)
Averaged stats: lr: 0.000292  min_lr: 0.000292  loss: 29.6546 (29.3030)  weight_decay: 0.0500 (0.0500)  grad_norm: 185.0788 (227.9940)
Epoch: [232]  [ 0/35]  eta: 0:11:26  lr: 0.000292  min_lr: 0.000292  loss: 28.2330 (28.2330)  weight_decay: 0.0500 (0.0500)  grad_norm: 215.2487 (215.2487)  time: 19.6191  data: 13.7434  max mem: 34952
Epoch: [232]  [10/35]  eta: 0:01:05  lr: 0.000291  min_lr: 0.000291  loss: 29.7706 (30.0109)  weight_decay: 0.0500 (0.0500)  grad_norm: 214.6424 (225.9145)  time: 2.6256  data: 1.2496  max mem: 34952
Epoch: [232]  [20/35]  eta: 0:00:27  lr: 0.000291  min_lr: 0.000291  loss: 30.0581 (30.4013)  weight_decay: 0.0500 (0.0500)  grad_norm: 198.8346 (213.2927)  time: 0.9193  data: 0.0002  max mem: 34952
Epoch: [232]  [30/35]  eta: 0:00:07  lr: 0.000290  min_lr: 0.000290  loss: 29.1972 (29.6972)  weight_decay: 0.0500 (0.0500)  grad_norm: 179.1573 (209.4334)  time: 0.9129  data: 0.0002  max mem: 34952
Epoch: [232]  [34/35]  eta: 0:00:01  lr: 0.000290  min_lr: 0.000290  loss: 29.7428 (30.0645)  weight_decay: 0.0500 (0.0500)  grad_norm: 189.5800 (210.8176)  time: 0.9124  data: 0.0001  max mem: 34952
Epoch: [232] Total time: 0:00:51 (1.4716 s / it)
Averaged stats: lr: 0.000290  min_lr: 0.000290  loss: 29.7428 (29.4209)  weight_decay: 0.0500 (0.0500)  grad_norm: 189.5800 (210.8176)
Epoch: [233]  [ 0/35]  eta: 0:10:51  lr: 0.000290  min_lr: 0.000290  loss: 27.1436 (27.1436)  weight_decay: 0.0500 (0.0500)  grad_norm: 241.0227 (241.0227)  time: 18.6238  data: 17.0317  max mem: 34952
Epoch: [233]  [10/35]  eta: 0:01:03  lr: 0.000290  min_lr: 0.000290  loss: 27.1436 (29.2920)  weight_decay: 0.0500 (0.0500)  grad_norm: 174.5555 (181.9992)  time: 2.5337  data: 1.5485  max mem: 34952
Epoch: [233]  [20/35]  eta: 0:00:26  lr: 0.000289  min_lr: 0.000289  loss: 30.1778 (30.2178)  weight_decay: 0.0500 (0.0500)  grad_norm: 202.3781 (233.0826)  time: 0.9192  data: 0.0001  max mem: 34952
Epoch: [233]  [30/35]  eta: 0:00:07  lr: 0.000289  min_lr: 0.000289  loss: 30.1680 (29.8743)  weight_decay: 0.0500 (0.0500)  grad_norm: 259.1888 (237.6946)  time: 0.9134  data: 0.0001  max mem: 34952
Epoch: [233]  [34/35]  eta: 0:00:01  lr: 0.000289  min_lr: 0.000289  loss: 28.6602 (29.8646)  weight_decay: 0.0500 (0.0500)  grad_norm: 234.3828 (239.2228)  time: 0.9102  data: 0.0001  max mem: 34952
Epoch: [233] Total time: 0:00:50 (1.4433 s / it)
Averaged stats: lr: 0.000289  min_lr: 0.000289  loss: 28.6602 (29.7087)  weight_decay: 0.0500 (0.0500)  grad_norm: 234.3828 (239.2228)
Epoch: [234]  [ 0/35]  eta: 0:11:39  lr: 0.000289  min_lr: 0.000289  loss: 29.6108 (29.6108)  weight_decay: 0.0500 (0.0500)  grad_norm: 163.8992 (163.8992)  time: 19.9753  data: 14.2757  max mem: 34952
Epoch: [234]  [10/35]  eta: 0:01:06  lr: 0.000288  min_lr: 0.000288  loss: 28.9233 (28.1840)  weight_decay: 0.0500 (0.0500)  grad_norm: 186.3742 (201.6759)  time: 2.6475  data: 1.2979  max mem: 34952
Epoch: [234]  [20/35]  eta: 0:00:27  lr: 0.000288  min_lr: 0.000288  loss: 30.0100 (29.6946)  weight_decay: 0.0500 (0.0500)  grad_norm: 189.3578 (216.7508)  time: 0.9173  data: 0.0002  max mem: 34952
Epoch: [234]  [30/35]  eta: 0:00:07  lr: 0.000287  min_lr: 0.000287  loss: 28.6069 (29.1325)  weight_decay: 0.0500 (0.0500)  grad_norm: 269.8716 (241.6391)  time: 0.9166  data: 0.0001  max mem: 34952
Epoch: [234]  [34/35]  eta: 0:00:01  lr: 0.000287  min_lr: 0.000287  loss: 27.6423 (29.2184)  weight_decay: 0.0500 (0.0500)  grad_norm: 276.4850 (244.5516)  time: 0.9153  data: 0.0001  max mem: 34952
Epoch: [234] Total time: 0:00:51 (1.4844 s / it)
Averaged stats: lr: 0.000287  min_lr: 0.000287  loss: 27.6423 (29.3125)  weight_decay: 0.0500 (0.0500)  grad_norm: 276.4850 (244.5516)
Epoch: [235]  [ 0/35]  eta: 0:11:25  lr: 0.000287  min_lr: 0.000287  loss: 31.1449 (31.1449)  weight_decay: 0.0500 (0.0500)  grad_norm: 319.0025 (319.0025)  time: 19.5938  data: 13.0958  max mem: 34952
Epoch: [235]  [10/35]  eta: 0:01:05  lr: 0.000287  min_lr: 0.000287  loss: 25.7535 (28.3442)  weight_decay: 0.0500 (0.0500)  grad_norm: 248.3851 (272.1144)  time: 2.6031  data: 1.1907  max mem: 34952
Epoch: [235]  [20/35]  eta: 0:00:26  lr: 0.000286  min_lr: 0.000286  loss: 26.7943 (28.8267)  weight_decay: 0.0500 (0.0500)  grad_norm: 206.4316 (232.8542)  time: 0.9079  data: 0.0001  max mem: 34952
Epoch: [235]  [30/35]  eta: 0:00:07  lr: 0.000286  min_lr: 0.000286  loss: 29.0289 (28.6748)  weight_decay: 0.0500 (0.0500)  grad_norm: 169.7125 (220.2420)  time: 0.9094  data: 0.0001  max mem: 34952
Epoch: [235]  [34/35]  eta: 0:00:01  lr: 0.000286  min_lr: 0.000286  loss: 29.2935 (28.8307)  weight_decay: 0.0500 (0.0500)  grad_norm: 174.6488 (218.7408)  time: 0.9093  data: 0.0001  max mem: 34952
Epoch: [235] Total time: 0:00:51 (1.4625 s / it)
Averaged stats: lr: 0.000286  min_lr: 0.000286  loss: 29.2935 (28.9806)  weight_decay: 0.0500 (0.0500)  grad_norm: 174.6488 (218.7408)
Epoch: [236]  [ 0/35]  eta: 0:11:00  lr: 0.000286  min_lr: 0.000286  loss: 29.6424 (29.6424)  weight_decay: 0.0500 (0.0500)  grad_norm: 175.5654 (175.5654)  time: 18.8665  data: 16.1193  max mem: 34952
Epoch: [236]  [10/35]  eta: 0:01:03  lr: 0.000285  min_lr: 0.000285  loss: 26.8922 (28.1943)  weight_decay: 0.0500 (0.0500)  grad_norm: 212.8706 (236.7620)  time: 2.5540  data: 1.4655  max mem: 34952
Epoch: [236]  [20/35]  eta: 0:00:26  lr: 0.000285  min_lr: 0.000285  loss: 27.2000 (28.7399)  weight_decay: 0.0500 (0.0500)  grad_norm: 200.8975 (217.3129)  time: 0.9132  data: 0.0001  max mem: 34952
Epoch: [236]  [30/35]  eta: 0:00:07  lr: 0.000284  min_lr: 0.000284  loss: 29.5373 (29.0174)  weight_decay: 0.0500 (0.0500)  grad_norm: 254.4678 (242.5359)  time: 0.9012  data: 0.0001  max mem: 34952
Epoch: [236]  [34/35]  eta: 0:00:01  lr: 0.000284  min_lr: 0.000284  loss: 29.5373 (29.1168)  weight_decay: 0.0500 (0.0500)  grad_norm: 261.5937 (243.8981)  time: 0.9001  data: 0.0001  max mem: 34952
Epoch: [236] Total time: 0:00:50 (1.4444 s / it)
Averaged stats: lr: 0.000284  min_lr: 0.000284  loss: 29.5373 (29.0226)  weight_decay: 0.0500 (0.0500)  grad_norm: 261.5937 (243.8981)
Epoch: [237]  [ 0/35]  eta: 0:11:05  lr: 0.000284  min_lr: 0.000284  loss: 31.0970 (31.0970)  weight_decay: 0.0500 (0.0500)  grad_norm: 235.4785 (235.4785)  time: 19.0014  data: 17.7868  max mem: 34952
Epoch: [237]  [10/35]  eta: 0:01:04  lr: 0.000284  min_lr: 0.000284  loss: 29.4599 (27.6555)  weight_decay: 0.0500 (0.0500)  grad_norm: 213.0390 (223.5161)  time: 2.5946  data: 1.6172  max mem: 34952
Epoch: [237]  [20/35]  eta: 0:00:26  lr: 0.000283  min_lr: 0.000283  loss: 29.8115 (29.2810)  weight_decay: 0.0500 (0.0500)  grad_norm: 188.5644 (209.3053)  time: 0.9363  data: 0.0002  max mem: 34952
Epoch: [237]  [30/35]  eta: 0:00:07  lr: 0.000283  min_lr: 0.000283  loss: 29.4676 (28.7337)  weight_decay: 0.0500 (0.0500)  grad_norm: 165.2734 (201.4047)  time: 0.9180  data: 0.0001  max mem: 34952
Epoch: [237]  [34/35]  eta: 0:00:01  lr: 0.000283  min_lr: 0.000283  loss: 29.2426 (29.0437)  weight_decay: 0.0500 (0.0500)  grad_norm: 201.0226 (202.8596)  time: 0.9163  data: 0.0001  max mem: 34952
Epoch: [237] Total time: 0:00:51 (1.4682 s / it)
Averaged stats: lr: 0.000283  min_lr: 0.000283  loss: 29.2426 (28.8504)  weight_decay: 0.0500 (0.0500)  grad_norm: 201.0226 (202.8596)
Epoch: [238]  [ 0/35]  eta: 0:11:18  lr: 0.000282  min_lr: 0.000282  loss: 25.0942 (25.0942)  weight_decay: 0.0500 (0.0500)  grad_norm: 216.0124 (216.0124)  time: 19.3884  data: 14.5369  max mem: 34952
Epoch: [238]  [10/35]  eta: 0:01:04  lr: 0.000282  min_lr: 0.000282  loss: 26.9373 (26.9959)  weight_decay: 0.0500 (0.0500)  grad_norm: 241.6841 (254.9675)  time: 2.5930  data: 1.3217  max mem: 34952
Epoch: [238]  [20/35]  eta: 0:00:26  lr: 0.000282  min_lr: 0.000282  loss: 27.8601 (28.2395)  weight_decay: 0.0500 (0.0500)  grad_norm: 181.0337 (218.3995)  time: 0.9095  data: 0.0002  max mem: 34952
Epoch: [238]  [30/35]  eta: 0:00:07  lr: 0.000281  min_lr: 0.000281  loss: 29.0625 (28.3641)  weight_decay: 0.0500 (0.0500)  grad_norm: 202.8305 (224.4717)  time: 0.9038  data: 0.0001  max mem: 34952
Epoch: [238]  [34/35]  eta: 0:00:01  lr: 0.000281  min_lr: 0.000281  loss: 29.4268 (28.4759)  weight_decay: 0.0500 (0.0500)  grad_norm: 200.3904 (220.3851)  time: 0.9024  data: 0.0001  max mem: 34952
Epoch: [238] Total time: 0:00:51 (1.4582 s / it)
Averaged stats: lr: 0.000281  min_lr: 0.000281  loss: 29.4268 (28.6078)  weight_decay: 0.0500 (0.0500)  grad_norm: 200.3904 (220.3851)
Epoch: [239]  [ 0/35]  eta: 0:11:36  lr: 0.000281  min_lr: 0.000281  loss: 31.9460 (31.9460)  weight_decay: 0.0500 (0.0500)  grad_norm: 290.9133 (290.9133)  time: 19.8912  data: 16.0169  max mem: 34952
Epoch: [239]  [10/35]  eta: 0:01:06  lr: 0.000281  min_lr: 0.000281  loss: 29.5494 (29.2367)  weight_decay: 0.0500 (0.0500)  grad_norm: 189.3302 (211.9101)  time: 2.6429  data: 1.4562  max mem: 34952
Epoch: [239]  [20/35]  eta: 0:00:27  lr: 0.000280  min_lr: 0.000280  loss: 28.5869 (29.0670)  weight_decay: 0.0500 (0.0500)  grad_norm: 179.2464 (194.2095)  time: 0.9187  data: 0.0002  max mem: 34952
Epoch: [239]  [30/35]  eta: 0:00:07  lr: 0.000280  min_lr: 0.000280  loss: 28.5869 (28.8772)  weight_decay: 0.0500 (0.0500)  grad_norm: 169.7501 (189.9475)  time: 0.9180  data: 0.0002  max mem: 34952
Epoch: [239]  [34/35]  eta: 0:00:01  lr: 0.000279  min_lr: 0.000279  loss: 29.0288 (29.4755)  weight_decay: 0.0500 (0.0500)  grad_norm: 177.7657 (189.3507)  time: 0.9191  data: 0.0002  max mem: 34952
Epoch: [239] Total time: 0:00:51 (1.4828 s / it)
Averaged stats: lr: 0.000279  min_lr: 0.000279  loss: 29.0288 (28.5771)  weight_decay: 0.0500 (0.0500)  grad_norm: 177.7657 (189.3507)
Epoch: [240]  [ 0/35]  eta: 0:11:16  lr: 0.000279  min_lr: 0.000279  loss: 27.5816 (27.5816)  weight_decay: 0.0500 (0.0500)  grad_norm: 258.9198 (258.9198)  time: 19.3235  data: 18.3297  max mem: 34952
Epoch: [240]  [10/35]  eta: 0:01:04  lr: 0.000279  min_lr: 0.000279  loss: 30.1228 (29.6938)  weight_decay: 0.0500 (0.0500)  grad_norm: 209.4868 (209.8670)  time: 2.5867  data: 1.6665  max mem: 34952
Epoch: [240]  [20/35]  eta: 0:00:26  lr: 0.000279  min_lr: 0.000279  loss: 29.5382 (30.0417)  weight_decay: 0.0500 (0.0500)  grad_norm: 180.1106 (185.4079)  time: 0.9106  data: 0.0001  max mem: 34952
Epoch: [240]  [30/35]  eta: 0:00:07  lr: 0.000278  min_lr: 0.000278  loss: 29.1220 (29.6870)  weight_decay: 0.0500 (0.0500)  grad_norm: 154.5650 (177.6792)  time: 0.9148  data: 0.0001  max mem: 34952
Epoch: [240]  [34/35]  eta: 0:00:01  lr: 0.000278  min_lr: 0.000278  loss: 29.4083 (29.9414)  weight_decay: 0.0500 (0.0500)  grad_norm: 155.2433 (188.8330)  time: 0.9183  data: 0.0001  max mem: 34952
Epoch: [240] Total time: 0:00:51 (1.4645 s / it)
Averaged stats: lr: 0.000278  min_lr: 0.000278  loss: 29.4083 (28.4266)  weight_decay: 0.0500 (0.0500)  grad_norm: 155.2433 (188.8330)
Epoch: [241]  [ 0/35]  eta: 0:11:41  lr: 0.000278  min_lr: 0.000278  loss: 23.1438 (23.1438)  weight_decay: 0.0500 (0.0500)  grad_norm: 301.4565 (301.4565)  time: 20.0485  data: 16.9745  max mem: 34952
Epoch: [241]  [10/35]  eta: 0:01:06  lr: 0.000277  min_lr: 0.000277  loss: 25.8257 (26.6546)  weight_decay: 0.0500 (0.0500)  grad_norm: 314.1375 (322.5296)  time: 2.6747  data: 1.5433  max mem: 34952
Epoch: [241]  [20/35]  eta: 0:00:27  lr: 0.000277  min_lr: 0.000277  loss: 28.1502 (28.0103)  weight_decay: 0.0500 (0.0500)  grad_norm: 242.1271 (261.0392)  time: 0.9384  data: 0.0001  max mem: 34952
Epoch: [241]  [30/35]  eta: 0:00:07  lr: 0.000277  min_lr: 0.000277  loss: 28.2605 (27.7590)  weight_decay: 0.0500 (0.0500)  grad_norm: 225.0252 (264.2079)  time: 0.9342  data: 0.0001  max mem: 34952
Epoch: [241]  [34/35]  eta: 0:00:01  lr: 0.000276  min_lr: 0.000276  loss: 28.2004 (27.8320)  weight_decay: 0.0500 (0.0500)  grad_norm: 225.0252 (266.3006)  time: 0.9348  data: 0.0001  max mem: 34952
Epoch: [241] Total time: 0:00:52 (1.5026 s / it)
Averaged stats: lr: 0.000276  min_lr: 0.000276  loss: 28.2004 (28.6326)  weight_decay: 0.0500 (0.0500)  grad_norm: 225.0252 (266.3006)
Epoch: [242]  [ 0/35]  eta: 0:10:54  lr: 0.000276  min_lr: 0.000276  loss: 28.1398 (28.1398)  weight_decay: 0.0500 (0.0500)  grad_norm: 209.3695 (209.3695)  time: 18.7128  data: 14.2960  max mem: 34952
Epoch: [242]  [10/35]  eta: 0:01:04  lr: 0.000276  min_lr: 0.000276  loss: 28.2275 (28.8736)  weight_decay: 0.0500 (0.0500)  grad_norm: 209.3695 (198.7658)  time: 2.5891  data: 1.2998  max mem: 34952
Epoch: [242]  [20/35]  eta: 0:00:26  lr: 0.000276  min_lr: 0.000276  loss: 28.5295 (28.7327)  weight_decay: 0.0500 (0.0500)  grad_norm: 207.1575 (204.6312)  time: 0.9416  data: 0.0002  max mem: 34952
Epoch: [242]  [30/35]  eta: 0:00:07  lr: 0.000275  min_lr: 0.000275  loss: 28.5485 (28.4449)  weight_decay: 0.0500 (0.0500)  grad_norm: 205.7966 (206.1452)  time: 0.9062  data: 0.0001  max mem: 34952
Epoch: [242]  [34/35]  eta: 0:00:01  lr: 0.000275  min_lr: 0.000275  loss: 28.5485 (28.6059)  weight_decay: 0.0500 (0.0500)  grad_norm: 211.3352 (218.3778)  time: 0.9038  data: 0.0001  max mem: 34952
Epoch: [242] Total time: 0:00:51 (1.4590 s / it)
Averaged stats: lr: 0.000275  min_lr: 0.000275  loss: 28.5485 (28.3260)  weight_decay: 0.0500 (0.0500)  grad_norm: 211.3352 (218.3778)
Epoch: [243]  [ 0/35]  eta: 0:11:21  lr: 0.000275  min_lr: 0.000275  loss: 28.0126 (28.0126)  weight_decay: 0.0500 (0.0500)  grad_norm: 388.3733 (388.3733)  time: 19.4744  data: 16.3395  max mem: 34952
Epoch: [243]  [10/35]  eta: 0:01:06  lr: 0.000274  min_lr: 0.000274  loss: 26.1249 (26.1552)  weight_decay: 0.0500 (0.0500)  grad_norm: 200.0376 (218.3722)  time: 2.6653  data: 1.4857  max mem: 34952
Epoch: [243]  [20/35]  eta: 0:00:27  lr: 0.000274  min_lr: 0.000274  loss: 27.1176 (27.3862)  weight_decay: 0.0500 (0.0500)  grad_norm: 238.2944 (237.6616)  time: 0.9709  data: 0.0002  max mem: 34952
Epoch: [243]  [30/35]  eta: 0:00:07  lr: 0.000274  min_lr: 0.000274  loss: 28.3171 (27.5077)  weight_decay: 0.0500 (0.0500)  grad_norm: 240.4676 (235.8961)  time: 0.9376  data: 0.0001  max mem: 34952
Epoch: [243]  [34/35]  eta: 0:00:01  lr: 0.000273  min_lr: 0.000273  loss: 29.2225 (28.0689)  weight_decay: 0.0500 (0.0500)  grad_norm: 249.1584 (234.5613)  time: 0.9166  data: 0.0001  max mem: 34952
Epoch: [243] Total time: 0:00:52 (1.5017 s / it)
Averaged stats: lr: 0.000273  min_lr: 0.000273  loss: 29.2225 (28.6217)  weight_decay: 0.0500 (0.0500)  grad_norm: 249.1584 (234.5613)
Epoch: [244]  [ 0/35]  eta: 0:11:06  lr: 0.000273  min_lr: 0.000273  loss: 25.6420 (25.6420)  weight_decay: 0.0500 (0.0500)  grad_norm: 146.6796 (146.6796)  time: 19.0563  data: 16.1013  max mem: 34952
Epoch: [244]  [10/35]  eta: 0:01:04  lr: 0.000273  min_lr: 0.000273  loss: 28.0672 (28.6152)  weight_decay: 0.0500 (0.0500)  grad_norm: 193.9479 (222.6640)  time: 2.5875  data: 1.4639  max mem: 34952
Epoch: [244]  [20/35]  eta: 0:00:27  lr: 0.000272  min_lr: 0.000272  loss: 28.0672 (28.7569)  weight_decay: 0.0500 (0.0500)  grad_norm: 267.3747 (280.2832)  time: 0.9411  data: 0.0001  max mem: 34952
Epoch: [244]  [30/35]  eta: 0:00:07  lr: 0.000272  min_lr: 0.000272  loss: 28.0694 (28.4166)  weight_decay: 0.0500 (0.0500)  grad_norm: 288.8703 (280.6090)  time: 0.9390  data: 0.0001  max mem: 34952
Epoch: [244]  [34/35]  eta: 0:00:01  lr: 0.000272  min_lr: 0.000272  loss: 28.0694 (28.6300)  weight_decay: 0.0500 (0.0500)  grad_norm: 269.8804 (276.6381)  time: 0.9392  data: 0.0001  max mem: 34952
Epoch: [244] Total time: 0:00:51 (1.4798 s / it)
Averaged stats: lr: 0.000272  min_lr: 0.000272  loss: 28.0694 (28.4333)  weight_decay: 0.0500 (0.0500)  grad_norm: 269.8804 (276.6381)
Epoch: [245]  [ 0/35]  eta: 0:10:44  lr: 0.000272  min_lr: 0.000272  loss: 30.8182 (30.8182)  weight_decay: 0.0500 (0.0500)  grad_norm: 219.8630 (219.8630)  time: 18.4197  data: 16.0532  max mem: 34952
Epoch: [245]  [10/35]  eta: 0:01:03  lr: 0.000271  min_lr: 0.000271  loss: 27.5053 (27.5628)  weight_decay: 0.0500 (0.0500)  grad_norm: 223.2202 (262.0548)  time: 2.5295  data: 1.4595  max mem: 34952
Epoch: [245]  [20/35]  eta: 0:00:26  lr: 0.000271  min_lr: 0.000271  loss: 28.1340 (28.2162)  weight_decay: 0.0500 (0.0500)  grad_norm: 223.2202 (258.1612)  time: 0.9307  data: 0.0002  max mem: 34952
Epoch: [245]  [30/35]  eta: 0:00:07  lr: 0.000270  min_lr: 0.000270  loss: 28.7700 (28.4084)  weight_decay: 0.0500 (0.0500)  grad_norm: 256.9875 (268.5952)  time: 0.9208  data: 0.0002  max mem: 34952
Epoch: [245]  [34/35]  eta: 0:00:01  lr: 0.000270  min_lr: 0.000270  loss: 29.1842 (28.5050)  weight_decay: 0.0500 (0.0500)  grad_norm: 274.5533 (265.0984)  time: 0.9194  data: 0.0001  max mem: 34952
Epoch: [245] Total time: 0:00:50 (1.4491 s / it)
Averaged stats: lr: 0.000270  min_lr: 0.000270  loss: 29.1842 (28.7856)  weight_decay: 0.0500 (0.0500)  grad_norm: 274.5533 (265.0984)
Epoch: [246]  [ 0/35]  eta: 0:10:55  lr: 0.000270  min_lr: 0.000270  loss: 27.8177 (27.8177)  weight_decay: 0.0500 (0.0500)  grad_norm: 213.5283 (213.5283)  time: 18.7354  data: 17.5291  max mem: 34952
Epoch: [246]  [10/35]  eta: 0:01:03  lr: 0.000270  min_lr: 0.000270  loss: 28.4315 (28.6599)  weight_decay: 0.0500 (0.0500)  grad_norm: 245.6172 (240.2054)  time: 2.5422  data: 1.5937  max mem: 34952
Epoch: [246]  [20/35]  eta: 0:00:26  lr: 0.000269  min_lr: 0.000269  loss: 28.4315 (28.6923)  weight_decay: 0.0500 (0.0500)  grad_norm: 211.2659 (216.5332)  time: 0.9196  data: 0.0001  max mem: 34952
Epoch: [246]  [30/35]  eta: 0:00:07  lr: 0.000269  min_lr: 0.000269  loss: 28.3253 (28.7466)  weight_decay: 0.0500 (0.0500)  grad_norm: 184.4250 (214.4486)  time: 0.9139  data: 0.0002  max mem: 34952
Epoch: [246]  [34/35]  eta: 0:00:01  lr: 0.000269  min_lr: 0.000269  loss: 27.8772 (28.9498)  weight_decay: 0.0500 (0.0500)  grad_norm: 198.5494 (212.4003)  time: 0.9148  data: 0.0002  max mem: 34952
Epoch: [246] Total time: 0:00:50 (1.4483 s / it)
Averaged stats: lr: 0.000269  min_lr: 0.000269  loss: 27.8772 (28.3162)  weight_decay: 0.0500 (0.0500)  grad_norm: 198.5494 (212.4003)
Epoch: [247]  [ 0/35]  eta: 0:10:57  lr: 0.000269  min_lr: 0.000269  loss: 25.3095 (25.3095)  weight_decay: 0.0500 (0.0500)  grad_norm: 222.7617 (222.7617)  time: 18.7788  data: 16.2129  max mem: 34952
Epoch: [247]  [10/35]  eta: 0:01:03  lr: 0.000268  min_lr: 0.000268  loss: 27.8727 (27.4399)  weight_decay: 0.0500 (0.0500)  grad_norm: 179.4892 (185.2786)  time: 2.5529  data: 1.4741  max mem: 34952
Epoch: [247]  [20/35]  eta: 0:00:26  lr: 0.000268  min_lr: 0.000268  loss: 27.8727 (28.2216)  weight_decay: 0.0500 (0.0500)  grad_norm: 195.8177 (216.9114)  time: 0.9248  data: 0.0002  max mem: 34952
Epoch: [247]  [30/35]  eta: 0:00:07  lr: 0.000267  min_lr: 0.000267  loss: 29.6427 (28.3707)  weight_decay: 0.0500 (0.0500)  grad_norm: 287.0984 (243.8383)  time: 0.9204  data: 0.0001  max mem: 34952
Epoch: [247]  [34/35]  eta: 0:00:01  lr: 0.000267  min_lr: 0.000267  loss: 27.1533 (28.2373)  weight_decay: 0.0500 (0.0500)  grad_norm: 258.5165 (240.6427)  time: 0.9197  data: 0.0001  max mem: 34952
Epoch: [247] Total time: 0:00:50 (1.4562 s / it)
Averaged stats: lr: 0.000267  min_lr: 0.000267  loss: 27.1533 (28.0121)  weight_decay: 0.0500 (0.0500)  grad_norm: 258.5165 (240.6427)
Epoch: [248]  [ 0/35]  eta: 0:11:00  lr: 0.000267  min_lr: 0.000267  loss: 23.3860 (23.3860)  weight_decay: 0.0500 (0.0500)  grad_norm: 270.4888 (270.4888)  time: 18.8826  data: 17.6059  max mem: 34952
Epoch: [248]  [10/35]  eta: 0:01:03  lr: 0.000267  min_lr: 0.000267  loss: 25.4732 (26.9025)  weight_decay: 0.0500 (0.0500)  grad_norm: 219.4143 (229.5613)  time: 2.5517  data: 1.6007  max mem: 34952
Epoch: [248]  [20/35]  eta: 0:00:26  lr: 0.000266  min_lr: 0.000266  loss: 27.0982 (28.2426)  weight_decay: 0.0500 (0.0500)  grad_norm: 218.8618 (237.9953)  time: 0.9152  data: 0.0002  max mem: 34952
Epoch: [248]  [30/35]  eta: 0:00:07  lr: 0.000266  min_lr: 0.000266  loss: 27.5153 (27.8504)  weight_decay: 0.0500 (0.0500)  grad_norm: 288.9031 (258.5391)  time: 0.9106  data: 0.0001  max mem: 34952
Epoch: [248]  [34/35]  eta: 0:00:01  lr: 0.000266  min_lr: 0.000266  loss: 27.9032 (28.1827)  weight_decay: 0.0500 (0.0500)  grad_norm: 278.7924 (258.0664)  time: 0.9076  data: 0.0001  max mem: 34952
Epoch: [248] Total time: 0:00:50 (1.4467 s / it)
Averaged stats: lr: 0.000266  min_lr: 0.000266  loss: 27.9032 (27.9843)  weight_decay: 0.0500 (0.0500)  grad_norm: 278.7924 (258.0664)
Epoch: [249]  [ 0/35]  eta: 0:10:39  lr: 0.000266  min_lr: 0.000266  loss: 26.0894 (26.0894)  weight_decay: 0.0500 (0.0500)  grad_norm: 162.3318 (162.3318)  time: 18.2716  data: 14.9819  max mem: 34952
Epoch: [249]  [10/35]  eta: 0:01:02  lr: 0.000265  min_lr: 0.000265  loss: 28.2519 (27.5715)  weight_decay: 0.0500 (0.0500)  grad_norm: 175.7793 (184.0319)  time: 2.5146  data: 1.3622  max mem: 34952
Epoch: [249]  [20/35]  eta: 0:00:26  lr: 0.000265  min_lr: 0.000265  loss: 28.2519 (28.2664)  weight_decay: 0.0500 (0.0500)  grad_norm: 185.0444 (189.4592)  time: 0.9304  data: 0.0002  max mem: 34952
Epoch: [249]  [30/35]  eta: 0:00:07  lr: 0.000264  min_lr: 0.000264  loss: 28.1453 (28.3705)  weight_decay: 0.0500 (0.0500)  grad_norm: 203.4258 (205.7663)  time: 0.9183  data: 0.0002  max mem: 34952
Epoch: [249]  [34/35]  eta: 0:00:01  lr: 0.000264  min_lr: 0.000264  loss: 28.1453 (28.6425)  weight_decay: 0.0500 (0.0500)  grad_norm: 194.2489 (204.8832)  time: 0.9136  data: 0.0001  max mem: 34952
Epoch: [249] Total time: 0:00:50 (1.4407 s / it)
Averaged stats: lr: 0.000264  min_lr: 0.000264  loss: 28.1453 (27.7317)  weight_decay: 0.0500 (0.0500)  grad_norm: 194.2489 (204.8832)
Epoch: [250]  [ 0/35]  eta: 0:27:20  lr: 0.000264  min_lr: 0.000264  loss: 27.6012 (27.6012)  weight_decay: 0.0500 (0.0500)  grad_norm: 243.9324 (243.9324)  time: 46.8789  data: 40.0260  max mem: 34952
Epoch: [250]  [10/35]  eta: 0:02:08  lr: 0.000264  min_lr: 0.000264  loss: 26.6576 (27.1811)  weight_decay: 0.0500 (0.0500)  grad_norm: 218.9826 (213.7842)  time: 5.1229  data: 3.6389  max mem: 34952
Epoch: [250]  [20/35]  eta: 0:00:46  lr: 0.000263  min_lr: 0.000263  loss: 26.6749 (27.6137)  weight_decay: 0.0500 (0.0500)  grad_norm: 162.9763 (198.4010)  time: 0.9407  data: 0.0001  max mem: 34952
Epoch: [250]  [30/35]  eta: 0:00:12  lr: 0.000263  min_lr: 0.000263  loss: 27.6844 (28.0092)  weight_decay: 0.0500 (0.0500)  grad_norm: 170.6738 (200.9273)  time: 0.9193  data: 0.0001  max mem: 34952
Epoch: [250]  [34/35]  eta: 0:00:02  lr: 0.000263  min_lr: 0.000263  loss: 28.5245 (28.2514)  weight_decay: 0.0500 (0.0500)  grad_norm: 171.8828 (199.7772)  time: 0.9223  data: 0.0001  max mem: 34952
Epoch: [250] Total time: 0:01:19 (2.2615 s / it)
Averaged stats: lr: 0.000263  min_lr: 0.000263  loss: 28.5245 (27.6369)  weight_decay: 0.0500 (0.0500)  grad_norm: 171.8828 (199.7772)
[Eval]   [0/1]  eta: 0:00:03  loss: 56.6070 (56.6070)  time: 3.7054  data: 3.6058  max mem: 34952
[Eval]  Total time: 0:00:03 (3.9037 s / it)
Eval averaged stats: loss: 56.6070 (65.3941)
Epoch: [251]  [ 0/35]  eta: 0:11:00  lr: 0.000263  min_lr: 0.000263  loss: 27.7964 (27.7964)  weight_decay: 0.0500 (0.0500)  grad_norm: 161.2007 (161.2007)  time: 18.8723  data: 17.2824  max mem: 34952
Epoch: [251]  [10/35]  eta: 0:01:03  lr: 0.000262  min_lr: 0.000262  loss: 26.2379 (26.2741)  weight_decay: 0.0500 (0.0500)  grad_norm: 205.5725 (275.0871)  time: 2.5590  data: 1.5713  max mem: 34952
Epoch: [251]  [20/35]  eta: 0:00:26  lr: 0.000262  min_lr: 0.000262  loss: 26.6649 (27.2667)  weight_decay: 0.0500 (0.0500)  grad_norm: 184.2955 (242.9152)  time: 0.9261  data: 0.0001  max mem: 34952
Epoch: [251]  [30/35]  eta: 0:00:07  lr: 0.000261  min_lr: 0.000261  loss: 27.1173 (27.1219)  weight_decay: 0.0500 (0.0500)  grad_norm: 159.5043 (225.7765)  time: 0.9256  data: 0.0001  max mem: 34952
Epoch: [251]  [34/35]  eta: 0:00:01  lr: 0.000261  min_lr: 0.000261  loss: 27.1173 (27.3495)  weight_decay: 0.0500 (0.0500)  grad_norm: 151.3322 (222.1593)  time: 0.9238  data: 0.0001  max mem: 34952
Epoch: [251] Total time: 0:00:51 (1.4616 s / it)
Averaged stats: lr: 0.000261  min_lr: 0.000261  loss: 27.1173 (27.6827)  weight_decay: 0.0500 (0.0500)  grad_norm: 151.3322 (222.1593)
Epoch: [252]  [ 0/35]  eta: 0:11:17  lr: 0.000261  min_lr: 0.000261  loss: 31.1473 (31.1473)  weight_decay: 0.0500 (0.0500)  grad_norm: 230.7834 (230.7834)  time: 19.3456  data: 16.5985  max mem: 34952
Epoch: [252]  [10/35]  eta: 0:01:04  lr: 0.000261  min_lr: 0.000261  loss: 26.7702 (26.8989)  weight_decay: 0.0500 (0.0500)  grad_norm: 230.7834 (236.4912)  time: 2.5972  data: 1.5091  max mem: 34952
Epoch: [252]  [20/35]  eta: 0:00:26  lr: 0.000260  min_lr: 0.000260  loss: 27.6997 (28.0895)  weight_decay: 0.0500 (0.0500)  grad_norm: 214.3816 (249.0742)  time: 0.9144  data: 0.0002  max mem: 34952
Epoch: [252]  [30/35]  eta: 0:00:07  lr: 0.000260  min_lr: 0.000260  loss: 27.1153 (27.5074)  weight_decay: 0.0500 (0.0500)  grad_norm: 263.6215 (259.9777)  time: 0.9062  data: 0.0001  max mem: 34952
Epoch: [252]  [34/35]  eta: 0:00:01  lr: 0.000259  min_lr: 0.000259  loss: 26.1427 (27.4808)  weight_decay: 0.0500 (0.0500)  grad_norm: 259.8071 (259.4911)  time: 0.9045  data: 0.0001  max mem: 34952
Epoch: [252] Total time: 0:00:51 (1.4601 s / it)
Averaged stats: lr: 0.000259  min_lr: 0.000259  loss: 26.1427 (27.5083)  weight_decay: 0.0500 (0.0500)  grad_norm: 259.8071 (259.4911)
Epoch: [253]  [ 0/35]  eta: 0:11:18  lr: 0.000259  min_lr: 0.000259  loss: 24.4245 (24.4245)  weight_decay: 0.0500 (0.0500)  grad_norm: 324.8393 (324.8393)  time: 19.3774  data: 16.0745  max mem: 34952
Epoch: [253]  [10/35]  eta: 0:01:04  lr: 0.000259  min_lr: 0.000259  loss: 26.4854 (26.5702)  weight_decay: 0.0500 (0.0500)  grad_norm: 245.6931 (227.1995)  time: 2.5926  data: 1.4614  max mem: 34952
Epoch: [253]  [20/35]  eta: 0:00:26  lr: 0.000259  min_lr: 0.000259  loss: 27.1177 (27.7067)  weight_decay: 0.0500 (0.0500)  grad_norm: 219.2176 (220.5405)  time: 0.9170  data: 0.0002  max mem: 34952
Epoch: [253]  [30/35]  eta: 0:00:07  lr: 0.000258  min_lr: 0.000258  loss: 27.1177 (27.3335)  weight_decay: 0.0500 (0.0500)  grad_norm: 189.2252 (206.6371)  time: 0.9172  data: 0.0001  max mem: 34952
Epoch: [253]  [34/35]  eta: 0:00:01  lr: 0.000258  min_lr: 0.000258  loss: 27.0346 (27.6840)  weight_decay: 0.0500 (0.0500)  grad_norm: 171.3585 (206.4757)  time: 0.9135  data: 0.0001  max mem: 34952
Epoch: [253] Total time: 0:00:51 (1.4667 s / it)
Averaged stats: lr: 0.000258  min_lr: 0.000258  loss: 27.0346 (27.4365)  weight_decay: 0.0500 (0.0500)  grad_norm: 171.3585 (206.4757)
Epoch: [254]  [ 0/35]  eta: 0:10:38  lr: 0.000258  min_lr: 0.000258  loss: 23.7685 (23.7685)  weight_decay: 0.0500 (0.0500)  grad_norm: 123.4329 (123.4329)  time: 18.2291  data: 17.1145  max mem: 34952
Epoch: [254]  [10/35]  eta: 0:01:02  lr: 0.000257  min_lr: 0.000257  loss: 26.1839 (26.7301)  weight_decay: 0.0500 (0.0500)  grad_norm: 174.4095 (209.6618)  time: 2.5154  data: 1.5771  max mem: 34952
Epoch: [254]  [20/35]  eta: 0:00:26  lr: 0.000257  min_lr: 0.000257  loss: 27.6064 (28.0764)  weight_decay: 0.0500 (0.0500)  grad_norm: 216.4195 (266.0638)  time: 0.9555  data: 0.0118  max mem: 34952
Epoch: [254]  [30/35]  eta: 0:00:07  lr: 0.000257  min_lr: 0.000257  loss: 28.4751 (27.8329)  weight_decay: 0.0500 (0.0500)  grad_norm: 270.9156 (270.4670)  time: 0.9426  data: 0.0001  max mem: 34952
Epoch: [254]  [34/35]  eta: 0:00:01  lr: 0.000256  min_lr: 0.000256  loss: 28.5225 (28.0047)  weight_decay: 0.0500 (0.0500)  grad_norm: 250.4023 (263.3173)  time: 0.9338  data: 0.0001  max mem: 34952
Epoch: [254] Total time: 0:00:51 (1.4577 s / it)
Averaged stats: lr: 0.000256  min_lr: 0.000256  loss: 28.5225 (27.8446)  weight_decay: 0.0500 (0.0500)  grad_norm: 250.4023 (263.3173)
Epoch: [255]  [ 0/35]  eta: 0:11:03  lr: 0.000256  min_lr: 0.000256  loss: 24.6817 (24.6817)  weight_decay: 0.0500 (0.0500)  grad_norm: 135.3316 (135.3316)  time: 18.9713  data: 14.5731  max mem: 34952
Epoch: [255]  [10/35]  eta: 0:01:04  lr: 0.000256  min_lr: 0.000256  loss: 25.3508 (25.7036)  weight_decay: 0.0500 (0.0500)  grad_norm: 152.9408 (154.0337)  time: 2.5653  data: 1.3250  max mem: 34952
Epoch: [255]  [20/35]  eta: 0:00:26  lr: 0.000255  min_lr: 0.000255  loss: 27.5927 (27.4860)  weight_decay: 0.0500 (0.0500)  grad_norm: 162.5142 (176.0623)  time: 0.9245  data: 0.0001  max mem: 34952
Epoch: [255]  [30/35]  eta: 0:00:07  lr: 0.000255  min_lr: 0.000255  loss: 28.9069 (27.6991)  weight_decay: 0.0500 (0.0500)  grad_norm: 218.1108 (202.5761)  time: 0.9235  data: 0.0001  max mem: 34952
Epoch: [255]  [34/35]  eta: 0:00:01  lr: 0.000255  min_lr: 0.000255  loss: 28.0455 (27.8698)  weight_decay: 0.0500 (0.0500)  grad_norm: 203.9758 (199.6072)  time: 0.9234  data: 0.0001  max mem: 34952
Epoch: [255] Total time: 0:00:51 (1.4596 s / it)
Averaged stats: lr: 0.000255  min_lr: 0.000255  loss: 28.0455 (27.1769)  weight_decay: 0.0500 (0.0500)  grad_norm: 203.9758 (199.6072)
Epoch: [256]  [ 0/35]  eta: 0:11:21  lr: 0.000255  min_lr: 0.000255  loss: 34.8080 (34.8080)  weight_decay: 0.0500 (0.0500)  grad_norm: 220.4030 (220.4030)  time: 19.4789  data: 16.3602  max mem: 34952
Epoch: [256]  [10/35]  eta: 0:01:06  lr: 0.000254  min_lr: 0.000254  loss: 27.7528 (26.9926)  weight_decay: 0.0500 (0.0500)  grad_norm: 160.7012 (169.6704)  time: 2.6745  data: 1.4875  max mem: 34952
Epoch: [256]  [20/35]  eta: 0:00:27  lr: 0.000254  min_lr: 0.000254  loss: 27.7528 (28.7022)  weight_decay: 0.0500 (0.0500)  grad_norm: 160.0637 (167.4754)  time: 0.9833  data: 0.0003  max mem: 34952
Epoch: [256]  [30/35]  eta: 0:00:07  lr: 0.000253  min_lr: 0.000253  loss: 28.6291 (28.7292)  weight_decay: 0.0500 (0.0500)  grad_norm: 195.1851 (214.1888)  time: 0.9451  data: 0.0002  max mem: 34952
Epoch: [256]  [34/35]  eta: 0:00:01  lr: 0.000253  min_lr: 0.000253  loss: 27.8630 (28.6799)  weight_decay: 0.0500 (0.0500)  grad_norm: 226.0260 (223.8067)  time: 0.9233  data: 0.0002  max mem: 34952
Epoch: [256] Total time: 0:00:52 (1.5080 s / it)
Averaged stats: lr: 0.000253  min_lr: 0.000253  loss: 27.8630 (27.2802)  weight_decay: 0.0500 (0.0500)  grad_norm: 226.0260 (223.8067)
Epoch: [257]  [ 0/35]  eta: 0:11:01  lr: 0.000253  min_lr: 0.000253  loss: 29.5089 (29.5089)  weight_decay: 0.0500 (0.0500)  grad_norm: 422.1113 (422.1113)  time: 18.9054  data: 12.8730  max mem: 34952
Epoch: [257]  [10/35]  eta: 0:01:04  lr: 0.000253  min_lr: 0.000253  loss: 25.3606 (26.1063)  weight_decay: 0.0500 (0.0500)  grad_norm: 293.6302 (323.6018)  time: 2.5927  data: 1.1704  max mem: 34952
Epoch: [257]  [20/35]  eta: 0:00:26  lr: 0.000252  min_lr: 0.000252  loss: 26.9568 (27.3117)  weight_decay: 0.0500 (0.0500)  grad_norm: 267.9347 (289.2248)  time: 0.9329  data: 0.0002  max mem: 34952
Epoch: [257]  [30/35]  eta: 0:00:07  lr: 0.000252  min_lr: 0.000252  loss: 28.7597 (27.4129)  weight_decay: 0.0500 (0.0500)  grad_norm: 267.1957 (301.1370)  time: 0.9026  data: 0.0001  max mem: 34952
Epoch: [257]  [34/35]  eta: 0:00:01  lr: 0.000252  min_lr: 0.000252  loss: 27.7407 (27.1471)  weight_decay: 0.0500 (0.0500)  grad_norm: 307.1526 (306.6146)  time: 0.9026  data: 0.0001  max mem: 34952
Epoch: [257] Total time: 0:00:51 (1.4581 s / it)
Averaged stats: lr: 0.000252  min_lr: 0.000252  loss: 27.7407 (27.5683)  weight_decay: 0.0500 (0.0500)  grad_norm: 307.1526 (306.6146)
Epoch: [258]  [ 0/35]  eta: 0:11:13  lr: 0.000252  min_lr: 0.000252  loss: 27.1322 (27.1322)  weight_decay: 0.0500 (0.0500)  grad_norm: 339.3456 (339.3456)  time: 19.2395  data: 16.3284  max mem: 34952
Epoch: [258]  [10/35]  eta: 0:01:04  lr: 0.000251  min_lr: 0.000251  loss: 26.8346 (26.2710)  weight_decay: 0.0500 (0.0500)  grad_norm: 422.4392 (399.6605)  time: 2.5883  data: 1.4846  max mem: 34952
Epoch: [258]  [20/35]  eta: 0:00:26  lr: 0.000251  min_lr: 0.000251  loss: 26.8346 (27.1787)  weight_decay: 0.0500 (0.0500)  grad_norm: 327.8406 (345.4291)  time: 0.9191  data: 0.0002  max mem: 34952
Epoch: [258]  [30/35]  eta: 0:00:07  lr: 0.000250  min_lr: 0.000250  loss: 27.8300 (27.1402)  weight_decay: 0.0500 (0.0500)  grad_norm: 234.4653 (305.2026)  time: 0.9155  data: 0.0001  max mem: 34952
Epoch: [258]  [34/35]  eta: 0:00:01  lr: 0.000250  min_lr: 0.000250  loss: 27.8300 (27.4718)  weight_decay: 0.0500 (0.0500)  grad_norm: 202.0944 (289.3443)  time: 0.9154  data: 0.0001  max mem: 34952
Epoch: [258] Total time: 0:00:51 (1.4651 s / it)
Averaged stats: lr: 0.000250  min_lr: 0.000250  loss: 27.8300 (27.3161)  weight_decay: 0.0500 (0.0500)  grad_norm: 202.0944 (289.3443)
Epoch: [259]  [ 0/35]  eta: 0:11:15  lr: 0.000250  min_lr: 0.000250  loss: 25.3556 (25.3556)  weight_decay: 0.0500 (0.0500)  grad_norm: 183.1780 (183.1780)  time: 19.2914  data: 16.4835  max mem: 34952
Epoch: [259]  [10/35]  eta: 0:01:04  lr: 0.000250  min_lr: 0.000250  loss: 25.9802 (25.9751)  weight_decay: 0.0500 (0.0500)  grad_norm: 312.1643 (311.0914)  time: 2.5981  data: 1.4987  max mem: 34952
Epoch: [259]  [20/35]  eta: 0:00:26  lr: 0.000249  min_lr: 0.000249  loss: 25.9802 (26.4328)  weight_decay: 0.0500 (0.0500)  grad_norm: 271.5506 (293.5203)  time: 0.9217  data: 0.0002  max mem: 34952
Epoch: [259]  [30/35]  eta: 0:00:07  lr: 0.000249  min_lr: 0.000249  loss: 26.8681 (26.7290)  weight_decay: 0.0500 (0.0500)  grad_norm: 250.5341 (273.1049)  time: 0.9098  data: 0.0001  max mem: 34952
Epoch: [259]  [34/35]  eta: 0:00:01  lr: 0.000249  min_lr: 0.000249  loss: 26.8681 (26.7969)  weight_decay: 0.0500 (0.0500)  grad_norm: 250.5341 (271.1565)  time: 0.9091  data: 0.0001  max mem: 34952
Epoch: [259] Total time: 0:00:51 (1.4639 s / it)
Averaged stats: lr: 0.000249  min_lr: 0.000249  loss: 26.8681 (27.1783)  weight_decay: 0.0500 (0.0500)  grad_norm: 250.5341 (271.1565)
Epoch: [260]  [ 0/35]  eta: 0:10:57  lr: 0.000249  min_lr: 0.000249  loss: 26.0573 (26.0573)  weight_decay: 0.0500 (0.0500)  grad_norm: 245.6577 (245.6577)  time: 18.7810  data: 15.3918  max mem: 34952
Epoch: [260]  [10/35]  eta: 0:01:03  lr: 0.000248  min_lr: 0.000248  loss: 26.4961 (27.0598)  weight_decay: 0.0500 (0.0500)  grad_norm: 342.5462 (327.8804)  time: 2.5318  data: 1.3995  max mem: 34952
Epoch: [260]  [20/35]  eta: 0:00:26  lr: 0.000248  min_lr: 0.000248  loss: 27.0835 (28.0361)  weight_decay: 0.0500 (0.0500)  grad_norm: 273.1866 (280.7656)  time: 0.9059  data: 0.0002  max mem: 34952
Epoch: [260]  [30/35]  eta: 0:00:07  lr: 0.000247  min_lr: 0.000247  loss: 27.0299 (27.8459)  weight_decay: 0.0500 (0.0500)  grad_norm: 201.7271 (274.0847)  time: 0.9060  data: 0.0002  max mem: 34952
Epoch: [260]  [34/35]  eta: 0:00:01  lr: 0.000247  min_lr: 0.000247  loss: 27.4837 (28.2537)  weight_decay: 0.0500 (0.0500)  grad_norm: 185.6584 (272.4277)  time: 0.9038  data: 0.0002  max mem: 34952
Epoch: [260] Total time: 0:00:50 (1.4423 s / it)
Averaged stats: lr: 0.000247  min_lr: 0.000247  loss: 27.4837 (27.5462)  weight_decay: 0.0500 (0.0500)  grad_norm: 185.6584 (272.4277)
Epoch: [261]  [ 0/35]  eta: 0:10:50  lr: 0.000247  min_lr: 0.000247  loss: 30.4231 (30.4231)  weight_decay: 0.0500 (0.0500)  grad_norm: 161.9501 (161.9501)  time: 18.5803  data: 16.7148  max mem: 34952
Epoch: [261]  [10/35]  eta: 0:01:04  lr: 0.000247  min_lr: 0.000247  loss: 24.5609 (26.6107)  weight_decay: 0.0500 (0.0500)  grad_norm: 271.0458 (269.1061)  time: 2.5717  data: 1.5197  max mem: 34952
Epoch: [261]  [20/35]  eta: 0:00:26  lr: 0.000246  min_lr: 0.000246  loss: 25.9362 (27.7515)  weight_decay: 0.0500 (0.0500)  grad_norm: 271.0458 (269.0425)  time: 0.9436  data: 0.0002  max mem: 34952
Epoch: [261]  [30/35]  eta: 0:00:07  lr: 0.000246  min_lr: 0.000246  loss: 28.3192 (27.7491)  weight_decay: 0.0500 (0.0500)  grad_norm: 263.4873 (272.0794)  time: 0.9094  data: 0.0001  max mem: 34952
Epoch: [261]  [34/35]  eta: 0:00:01  lr: 0.000245  min_lr: 0.000245  loss: 29.2134 (28.1451)  weight_decay: 0.0500 (0.0500)  grad_norm: 244.0633 (270.2184)  time: 0.9061  data: 0.0001  max mem: 34952
Epoch: [261] Total time: 0:00:50 (1.4550 s / it)
Averaged stats: lr: 0.000245  min_lr: 0.000245  loss: 29.2134 (27.6896)  weight_decay: 0.0500 (0.0500)  grad_norm: 244.0633 (270.2184)
Epoch: [262]  [ 0/35]  eta: 0:11:54  lr: 0.000245  min_lr: 0.000245  loss: 28.2399 (28.2399)  weight_decay: 0.0500 (0.0500)  grad_norm: 140.4610 (140.4610)  time: 20.4129  data: 14.4363  max mem: 34952
Epoch: [262]  [10/35]  eta: 0:01:09  lr: 0.000245  min_lr: 0.000245  loss: 26.0820 (26.5155)  weight_decay: 0.0500 (0.0500)  grad_norm: 259.4141 (246.0156)  time: 2.7768  data: 1.3126  max mem: 34952
Epoch: [262]  [20/35]  eta: 0:00:28  lr: 0.000244  min_lr: 0.000244  loss: 27.0517 (26.8761)  weight_decay: 0.0500 (0.0500)  grad_norm: 217.4456 (242.4950)  time: 1.0049  data: 0.0002  max mem: 34952
Epoch: [262]  [30/35]  eta: 0:00:08  lr: 0.000244  min_lr: 0.000244  loss: 27.4342 (27.2641)  weight_decay: 0.0500 (0.0500)  grad_norm: 217.4456 (255.2591)  time: 0.9645  data: 0.0002  max mem: 34952
Epoch: [262]  [34/35]  eta: 0:00:01  lr: 0.000244  min_lr: 0.000244  loss: 27.5612 (27.4995)  weight_decay: 0.0500 (0.0500)  grad_norm: 295.2290 (269.0294)  time: 0.9417  data: 0.0001  max mem: 34952
Epoch: [262] Total time: 0:00:54 (1.5525 s / it)
Averaged stats: lr: 0.000244  min_lr: 0.000244  loss: 27.5612 (27.4786)  weight_decay: 0.0500 (0.0500)  grad_norm: 295.2290 (269.0294)
Epoch: [263]  [ 0/35]  eta: 0:11:18  lr: 0.000244  min_lr: 0.000244  loss: 24.7208 (24.7208)  weight_decay: 0.0500 (0.0500)  grad_norm: 426.3031 (426.3031)  time: 19.3840  data: 18.0296  max mem: 34952
Epoch: [263]  [10/35]  eta: 0:01:05  lr: 0.000243  min_lr: 0.000243  loss: 28.4627 (28.3004)  weight_decay: 0.0500 (0.0500)  grad_norm: 426.3031 (411.5837)  time: 2.6009  data: 1.6392  max mem: 34952
Epoch: [263]  [20/35]  eta: 0:00:27  lr: 0.000243  min_lr: 0.000243  loss: 28.7238 (28.3066)  weight_decay: 0.0500 (0.0500)  grad_norm: 405.9813 (404.6725)  time: 0.9602  data: 0.0002  max mem: 34952
Epoch: [263]  [30/35]  eta: 0:00:07  lr: 0.000242  min_lr: 0.000242  loss: 28.7723 (28.3363)  weight_decay: 0.0500 (0.0500)  grad_norm: 405.9813 (394.0471)  time: 0.9800  data: 0.0002  max mem: 34952
Epoch: [263]  [34/35]  eta: 0:00:01  lr: 0.000242  min_lr: 0.000242  loss: 28.7238 (28.3740)  weight_decay: 0.0500 (0.0500)  grad_norm: 360.6328 (377.3975)  time: 0.9641  data: 0.0001  max mem: 34952
Epoch: [263] Total time: 0:00:52 (1.5043 s / it)
Averaged stats: lr: 0.000242  min_lr: 0.000242  loss: 28.7238 (27.5934)  weight_decay: 0.0500 (0.0500)  grad_norm: 360.6328 (377.3975)
Epoch: [264]  [ 0/35]  eta: 0:11:21  lr: 0.000242  min_lr: 0.000242  loss: 23.1435 (23.1435)  weight_decay: 0.0500 (0.0500)  grad_norm: 433.4649 (433.4649)  time: 19.4589  data: 14.2366  max mem: 34952
Epoch: [264]  [10/35]  eta: 0:01:06  lr: 0.000242  min_lr: 0.000242  loss: 24.3141 (25.0242)  weight_decay: 0.0500 (0.0500)  grad_norm: 244.3321 (267.0403)  time: 2.6742  data: 1.2944  max mem: 34952
Epoch: [264]  [20/35]  eta: 0:00:27  lr: 0.000241  min_lr: 0.000241  loss: 26.9158 (26.6502)  weight_decay: 0.0500 (0.0500)  grad_norm: 293.6496 (313.2788)  time: 0.9528  data: 0.0002  max mem: 34952
Epoch: [264]  [30/35]  eta: 0:00:07  lr: 0.000241  min_lr: 0.000241  loss: 26.9264 (26.6905)  weight_decay: 0.0500 (0.0500)  grad_norm: 366.5802 (324.9305)  time: 0.9121  data: 0.0002  max mem: 34952
Epoch: [264]  [34/35]  eta: 0:00:01  lr: 0.000241  min_lr: 0.000241  loss: 27.9588 (27.4000)  weight_decay: 0.0500 (0.0500)  grad_norm: 356.0096 (323.0262)  time: 0.9127  data: 0.0002  max mem: 34952
Epoch: [264] Total time: 0:00:52 (1.4926 s / it)
Averaged stats: lr: 0.000241  min_lr: 0.000241  loss: 27.9588 (26.9983)  weight_decay: 0.0500 (0.0500)  grad_norm: 356.0096 (323.0262)
Epoch: [265]  [ 0/35]  eta: 0:11:16  lr: 0.000241  min_lr: 0.000241  loss: 23.9277 (23.9277)  weight_decay: 0.0500 (0.0500)  grad_norm: 198.1212 (198.1212)  time: 19.3320  data: 15.0159  max mem: 34952
Epoch: [265]  [10/35]  eta: 0:01:05  lr: 0.000240  min_lr: 0.000240  loss: 27.8090 (26.6465)  weight_decay: 0.0500 (0.0500)  grad_norm: 231.0609 (241.8383)  time: 2.6019  data: 1.3652  max mem: 34952
Epoch: [265]  [20/35]  eta: 0:00:26  lr: 0.000240  min_lr: 0.000240  loss: 26.4790 (26.8351)  weight_decay: 0.0500 (0.0500)  grad_norm: 295.7989 (289.3563)  time: 0.9207  data: 0.0002  max mem: 34952
Epoch: [265]  [30/35]  eta: 0:00:07  lr: 0.000239  min_lr: 0.000239  loss: 26.0440 (27.0738)  weight_decay: 0.0500 (0.0500)  grad_norm: 366.4664 (315.6796)  time: 0.9126  data: 0.0001  max mem: 34952
Epoch: [265]  [34/35]  eta: 0:00:01  lr: 0.000239  min_lr: 0.000239  loss: 27.5485 (27.1717)  weight_decay: 0.0500 (0.0500)  grad_norm: 360.6772 (321.0736)  time: 0.9109  data: 0.0001  max mem: 34952
Epoch: [265] Total time: 0:00:51 (1.4670 s / it)
Averaged stats: lr: 0.000239  min_lr: 0.000239  loss: 27.5485 (27.0208)  weight_decay: 0.0500 (0.0500)  grad_norm: 360.6772 (321.0736)
Epoch: [266]  [ 0/35]  eta: 0:10:59  lr: 0.000239  min_lr: 0.000239  loss: 25.8147 (25.8147)  weight_decay: 0.0500 (0.0500)  grad_norm: 199.6638 (199.6638)  time: 18.8300  data: 16.8369  max mem: 34952
Epoch: [266]  [10/35]  eta: 0:01:05  lr: 0.000239  min_lr: 0.000239  loss: 26.3271 (26.9766)  weight_decay: 0.0500 (0.0500)  grad_norm: 313.9541 (302.4426)  time: 2.6371  data: 1.5308  max mem: 34952
Epoch: [266]  [20/35]  eta: 0:00:27  lr: 0.000238  min_lr: 0.000238  loss: 26.7264 (27.2429)  weight_decay: 0.0500 (0.0500)  grad_norm: 325.8763 (326.7042)  time: 0.9642  data: 0.0002  max mem: 34952
Epoch: [266]  [30/35]  eta: 0:00:07  lr: 0.000238  min_lr: 0.000238  loss: 27.1199 (27.6251)  weight_decay: 0.0500 (0.0500)  grad_norm: 340.9518 (342.8413)  time: 0.9083  data: 0.0002  max mem: 34952
Epoch: [266]  [34/35]  eta: 0:00:01  lr: 0.000238  min_lr: 0.000238  loss: 27.3112 (27.7668)  weight_decay: 0.0500 (0.0500)  grad_norm: 362.1645 (340.2079)  time: 0.9074  data: 0.0002  max mem: 34952
Epoch: [266] Total time: 0:00:51 (1.4777 s / it)
Averaged stats: lr: 0.000238  min_lr: 0.000238  loss: 27.3112 (27.2143)  weight_decay: 0.0500 (0.0500)  grad_norm: 362.1645 (340.2079)
Epoch: [267]  [ 0/35]  eta: 0:11:20  lr: 0.000238  min_lr: 0.000238  loss: 24.4112 (24.4112)  weight_decay: 0.0500 (0.0500)  grad_norm: 268.4474 (268.4474)  time: 19.4515  data: 15.2233  max mem: 34952
Epoch: [267]  [10/35]  eta: 0:01:04  lr: 0.000237  min_lr: 0.000237  loss: 25.1006 (26.2003)  weight_decay: 0.0500 (0.0500)  grad_norm: 239.5751 (240.1800)  time: 2.5994  data: 1.3841  max mem: 34952
Epoch: [267]  [20/35]  eta: 0:00:26  lr: 0.000237  min_lr: 0.000237  loss: 26.5450 (26.6685)  weight_decay: 0.0500 (0.0500)  grad_norm: 247.0111 (260.1818)  time: 0.9134  data: 0.0002  max mem: 34952
Epoch: [267]  [30/35]  eta: 0:00:07  lr: 0.000236  min_lr: 0.000236  loss: 26.5450 (26.9403)  weight_decay: 0.0500 (0.0500)  grad_norm: 296.2437 (274.2923)  time: 0.9122  data: 0.0002  max mem: 34952
Epoch: [267]  [34/35]  eta: 0:00:01  lr: 0.000236  min_lr: 0.000236  loss: 26.5450 (27.1632)  weight_decay: 0.0500 (0.0500)  grad_norm: 296.2854 (274.2093)  time: 0.9098  data: 0.0002  max mem: 34952
Epoch: [267] Total time: 0:00:51 (1.4660 s / it)
Averaged stats: lr: 0.000236  min_lr: 0.000236  loss: 26.5450 (26.8512)  weight_decay: 0.0500 (0.0500)  grad_norm: 296.2854 (274.2093)
Epoch: [268]  [ 0/35]  eta: 0:10:57  lr: 0.000236  min_lr: 0.000236  loss: 27.5234 (27.5234)  weight_decay: 0.0500 (0.0500)  grad_norm: 140.5819 (140.5819)  time: 18.7935  data: 16.6488  max mem: 34952
Epoch: [268]  [10/35]  eta: 0:01:04  lr: 0.000236  min_lr: 0.000236  loss: 27.3525 (26.7673)  weight_decay: 0.0500 (0.0500)  grad_norm: 205.0087 (207.2850)  time: 2.5745  data: 1.5138  max mem: 34952
Epoch: [268]  [20/35]  eta: 0:00:26  lr: 0.000235  min_lr: 0.000235  loss: 27.3525 (27.2184)  weight_decay: 0.0500 (0.0500)  grad_norm: 223.1156 (231.7699)  time: 0.9476  data: 0.0002  max mem: 34952
Epoch: [268]  [30/35]  eta: 0:00:07  lr: 0.000235  min_lr: 0.000235  loss: 26.4763 (27.0473)  weight_decay: 0.0500 (0.0500)  grad_norm: 250.8822 (231.0531)  time: 0.9251  data: 0.0002  max mem: 34952
Epoch: [268]  [34/35]  eta: 0:00:01  lr: 0.000234  min_lr: 0.000234  loss: 27.5723 (27.5357)  weight_decay: 0.0500 (0.0500)  grad_norm: 235.5953 (227.8490)  time: 0.9216  data: 0.0002  max mem: 34952
Epoch: [268] Total time: 0:00:51 (1.4651 s / it)
Averaged stats: lr: 0.000234  min_lr: 0.000234  loss: 27.5723 (26.9600)  weight_decay: 0.0500 (0.0500)  grad_norm: 235.5953 (227.8490)
Epoch: [269]  [ 0/35]  eta: 0:11:02  lr: 0.000234  min_lr: 0.000234  loss: 24.5469 (24.5469)  weight_decay: 0.0500 (0.0500)  grad_norm: 231.6520 (231.6520)  time: 18.9262  data: 12.9298  max mem: 34952
Epoch: [269]  [10/35]  eta: 0:01:04  lr: 0.000234  min_lr: 0.000234  loss: 26.8885 (25.8625)  weight_decay: 0.0500 (0.0500)  grad_norm: 183.5924 (199.5048)  time: 2.5632  data: 1.1756  max mem: 34952
Epoch: [269]  [20/35]  eta: 0:00:26  lr: 0.000234  min_lr: 0.000234  loss: 27.3550 (27.3892)  weight_decay: 0.0500 (0.0500)  grad_norm: 190.4374 (215.1174)  time: 0.9285  data: 0.0002  max mem: 34952
Epoch: [269]  [30/35]  eta: 0:00:07  lr: 0.000233  min_lr: 0.000233  loss: 27.1573 (27.4151)  weight_decay: 0.0500 (0.0500)  grad_norm: 220.7844 (227.5563)  time: 0.9291  data: 0.0001  max mem: 34952
Epoch: [269]  [34/35]  eta: 0:00:01  lr: 0.000233  min_lr: 0.000233  loss: 27.6578 (27.7389)  weight_decay: 0.0500 (0.0500)  grad_norm: 226.2542 (230.6364)  time: 0.9237  data: 0.0001  max mem: 34952
Epoch: [269] Total time: 0:00:51 (1.4634 s / it)
Averaged stats: lr: 0.000233  min_lr: 0.000233  loss: 27.6578 (26.3573)  weight_decay: 0.0500 (0.0500)  grad_norm: 226.2542 (230.6364)
Epoch: [270]  [ 0/35]  eta: 0:11:37  lr: 0.000233  min_lr: 0.000233  loss: 30.5903 (30.5903)  weight_decay: 0.0500 (0.0500)  grad_norm: 174.0800 (174.0800)  time: 19.9162  data: 12.8792  max mem: 34952
Epoch: [270]  [10/35]  eta: 0:01:06  lr: 0.000232  min_lr: 0.000232  loss: 26.1186 (26.1954)  weight_decay: 0.0500 (0.0500)  grad_norm: 256.6971 (239.0140)  time: 2.6609  data: 1.1710  max mem: 34952
Epoch: [270]  [20/35]  eta: 0:00:27  lr: 0.000232  min_lr: 0.000232  loss: 26.1186 (26.5088)  weight_decay: 0.0500 (0.0500)  grad_norm: 266.4138 (302.3589)  time: 0.9282  data: 0.0002  max mem: 34952
Epoch: [270]  [30/35]  eta: 0:00:07  lr: 0.000232  min_lr: 0.000232  loss: 25.5101 (26.0846)  weight_decay: 0.0500 (0.0500)  grad_norm: 331.7332 (297.6043)  time: 0.9138  data: 0.0001  max mem: 34952
Epoch: [270]  [34/35]  eta: 0:00:01  lr: 0.000231  min_lr: 0.000231  loss: 26.1771 (26.4803)  weight_decay: 0.0500 (0.0500)  grad_norm: 321.7910 (295.4969)  time: 0.9073  data: 0.0001  max mem: 34952
Epoch: [270] Total time: 0:00:51 (1.4808 s / it)
Averaged stats: lr: 0.000231  min_lr: 0.000231  loss: 26.1771 (26.5409)  weight_decay: 0.0500 (0.0500)  grad_norm: 321.7910 (295.4969)
Epoch: [271]  [ 0/35]  eta: 0:11:29  lr: 0.000231  min_lr: 0.000231  loss: 26.8510 (26.8510)  weight_decay: 0.0500 (0.0500)  grad_norm: 224.0680 (224.0680)  time: 19.6865  data: 13.3068  max mem: 34952
Epoch: [271]  [10/35]  eta: 0:01:05  lr: 0.000231  min_lr: 0.000231  loss: 26.8510 (25.3543)  weight_decay: 0.0500 (0.0500)  grad_norm: 275.5476 (294.6408)  time: 2.6336  data: 1.2100  max mem: 34952
Epoch: [271]  [20/35]  eta: 0:00:27  lr: 0.000230  min_lr: 0.000230  loss: 25.1927 (25.7321)  weight_decay: 0.0500 (0.0500)  grad_norm: 304.3369 (312.0985)  time: 0.9275  data: 0.0002  max mem: 34952
Epoch: [271]  [30/35]  eta: 0:00:07  lr: 0.000230  min_lr: 0.000230  loss: 25.1927 (25.8803)  weight_decay: 0.0500 (0.0500)  grad_norm: 304.3369 (302.8508)  time: 0.9242  data: 0.0001  max mem: 34952
Epoch: [271]  [34/35]  eta: 0:00:01  lr: 0.000230  min_lr: 0.000230  loss: 25.0807 (25.9402)  weight_decay: 0.0500 (0.0500)  grad_norm: 304.3369 (301.6516)  time: 0.9252  data: 0.0001  max mem: 34952
Epoch: [271] Total time: 0:00:51 (1.4853 s / it)
Averaged stats: lr: 0.000230  min_lr: 0.000230  loss: 25.0807 (26.8488)  weight_decay: 0.0500 (0.0500)  grad_norm: 304.3369 (301.6516)
Epoch: [272]  [ 0/35]  eta: 0:11:41  lr: 0.000230  min_lr: 0.000230  loss: 23.5206 (23.5206)  weight_decay: 0.0500 (0.0500)  grad_norm: 212.1790 (212.1790)  time: 20.0349  data: 13.2130  max mem: 34952
Epoch: [272]  [10/35]  eta: 0:01:06  lr: 0.000229  min_lr: 0.000229  loss: 24.7526 (25.2722)  weight_decay: 0.0500 (0.0500)  grad_norm: 247.9274 (260.5014)  time: 2.6531  data: 1.2013  max mem: 34952
Epoch: [272]  [20/35]  eta: 0:00:27  lr: 0.000229  min_lr: 0.000229  loss: 25.6590 (26.5794)  weight_decay: 0.0500 (0.0500)  grad_norm: 243.8488 (245.9311)  time: 0.9108  data: 0.0002  max mem: 34952
Epoch: [272]  [30/35]  eta: 0:00:07  lr: 0.000228  min_lr: 0.000228  loss: 26.5706 (26.7129)  weight_decay: 0.0500 (0.0500)  grad_norm: 235.8289 (242.1917)  time: 0.9057  data: 0.0001  max mem: 34952
Epoch: [272]  [34/35]  eta: 0:00:01  lr: 0.000228  min_lr: 0.000228  loss: 26.5706 (27.0681)  weight_decay: 0.0500 (0.0500)  grad_norm: 230.2849 (241.6548)  time: 0.9039  data: 0.0002  max mem: 34952
Epoch: [272] Total time: 0:00:51 (1.4771 s / it)
Averaged stats: lr: 0.000228  min_lr: 0.000228  loss: 26.5706 (26.5343)  weight_decay: 0.0500 (0.0500)  grad_norm: 230.2849 (241.6548)
Epoch: [273]  [ 0/35]  eta: 0:10:46  lr: 0.000228  min_lr: 0.000228  loss: 26.1219 (26.1219)  weight_decay: 0.0500 (0.0500)  grad_norm: 171.7894 (171.7894)  time: 18.4667  data: 14.8033  max mem: 34952
Epoch: [273]  [10/35]  eta: 0:01:03  lr: 0.000228  min_lr: 0.000228  loss: 27.8033 (27.9399)  weight_decay: 0.0500 (0.0500)  grad_norm: 237.6108 (237.1887)  time: 2.5570  data: 1.3459  max mem: 34952
Epoch: [273]  [20/35]  eta: 0:00:26  lr: 0.000227  min_lr: 0.000227  loss: 28.3959 (28.3123)  weight_decay: 0.0500 (0.0500)  grad_norm: 288.1748 (292.8878)  time: 0.9404  data: 0.0001  max mem: 34952
Epoch: [273]  [30/35]  eta: 0:00:07  lr: 0.000227  min_lr: 0.000227  loss: 26.9403 (27.3151)  weight_decay: 0.0500 (0.0500)  grad_norm: 288.1748 (282.8022)  time: 0.9130  data: 0.0001  max mem: 34952
Epoch: [273]  [34/35]  eta: 0:00:01  lr: 0.000227  min_lr: 0.000227  loss: 26.9403 (27.2756)  weight_decay: 0.0500 (0.0500)  grad_norm: 277.5895 (283.7150)  time: 0.9137  data: 0.0001  max mem: 34952
Epoch: [273] Total time: 0:00:50 (1.4524 s / it)
Averaged stats: lr: 0.000227  min_lr: 0.000227  loss: 26.9403 (26.7596)  weight_decay: 0.0500 (0.0500)  grad_norm: 277.5895 (283.7150)
Epoch: [274]  [ 0/35]  eta: 0:11:36  lr: 0.000227  min_lr: 0.000227  loss: 26.1292 (26.1292)  weight_decay: 0.0500 (0.0500)  grad_norm: 211.8452 (211.8452)  time: 19.9008  data: 14.9892  max mem: 34952
Epoch: [274]  [10/35]  eta: 0:01:06  lr: 0.000226  min_lr: 0.000226  loss: 26.1292 (25.8166)  weight_decay: 0.0500 (0.0500)  grad_norm: 202.7367 (220.2264)  time: 2.6730  data: 1.3628  max mem: 34952
Epoch: [274]  [20/35]  eta: 0:00:27  lr: 0.000226  min_lr: 0.000226  loss: 24.3483 (25.2044)  weight_decay: 0.0500 (0.0500)  grad_norm: 161.0401 (213.1640)  time: 0.9444  data: 0.0001  max mem: 34952
Epoch: [274]  [30/35]  eta: 0:00:07  lr: 0.000225  min_lr: 0.000225  loss: 24.9216 (25.8217)  weight_decay: 0.0500 (0.0500)  grad_norm: 199.5959 (237.1268)  time: 0.9272  data: 0.0001  max mem: 34952
Epoch: [274]  [34/35]  eta: 0:00:01  lr: 0.000225  min_lr: 0.000225  loss: 26.0458 (26.0781)  weight_decay: 0.0500 (0.0500)  grad_norm: 252.6609 (251.6948)  time: 0.9213  data: 0.0001  max mem: 34952
Epoch: [274] Total time: 0:00:52 (1.4975 s / it)
Averaged stats: lr: 0.000225  min_lr: 0.000225  loss: 26.0458 (26.4354)  weight_decay: 0.0500 (0.0500)  grad_norm: 252.6609 (251.6948)
Epoch: [275]  [ 0/35]  eta: 0:09:46  lr: 0.000225  min_lr: 0.000225  loss: 23.8762 (23.8762)  weight_decay: 0.0500 (0.0500)  grad_norm: 114.3294 (114.3294)  time: 16.7449  data: 14.2156  max mem: 34952
Epoch: [275]  [10/35]  eta: 0:00:58  lr: 0.000225  min_lr: 0.000225  loss: 27.4406 (27.0431)  weight_decay: 0.0500 (0.0500)  grad_norm: 337.6956 (324.3265)  time: 2.3567  data: 1.2925  max mem: 34952
Epoch: [275]  [20/35]  eta: 0:00:25  lr: 0.000224  min_lr: 0.000224  loss: 28.0385 (27.9384)  weight_decay: 0.0500 (0.0500)  grad_norm: 249.8425 (279.2090)  time: 0.9371  data: 0.0002  max mem: 34952
Epoch: [275]  [30/35]  eta: 0:00:07  lr: 0.000224  min_lr: 0.000224  loss: 26.9988 (27.0935)  weight_decay: 0.0500 (0.0500)  grad_norm: 249.8425 (284.4931)  time: 0.9349  data: 0.0002  max mem: 34952
Epoch: [275]  [34/35]  eta: 0:00:01  lr: 0.000223  min_lr: 0.000223  loss: 26.9924 (26.9105)  weight_decay: 0.0500 (0.0500)  grad_norm: 262.1745 (280.5817)  time: 0.9350  data: 0.0002  max mem: 34952
Epoch: [275] Total time: 0:00:49 (1.4024 s / it)
Averaged stats: lr: 0.000223  min_lr: 0.000223  loss: 26.9924 (26.6353)  weight_decay: 0.0500 (0.0500)  grad_norm: 262.1745 (280.5817)
[Eval]   [0/1]  eta: 0:00:04  loss: 66.2766 (66.2766)  time: 4.4958  data: 4.3966  max mem: 34952
[Eval]  Total time: 0:00:04 (4.7991 s / it)
Eval averaged stats: loss: 66.2766 (64.1351)
Epoch: [276]  [ 0/35]  eta: 0:11:04  lr: 0.000223  min_lr: 0.000223  loss: 32.9583 (32.9583)  weight_decay: 0.0500 (0.0500)  grad_norm: 277.3254 (277.3254)  time: 18.9989  data: 18.0277  max mem: 34952
Epoch: [276]  [10/35]  eta: 0:01:04  lr: 0.000223  min_lr: 0.000223  loss: 26.0040 (26.3376)  weight_decay: 0.0500 (0.0500)  grad_norm: 277.3254 (282.1056)  time: 2.5689  data: 1.6390  max mem: 34952
Epoch: [276]  [20/35]  eta: 0:00:26  lr: 0.000223  min_lr: 0.000223  loss: 26.2330 (27.5542)  weight_decay: 0.0500 (0.0500)  grad_norm: 322.9052 (321.9544)  time: 0.9183  data: 0.0002  max mem: 34952
Epoch: [276]  [30/35]  eta: 0:00:07  lr: 0.000222  min_lr: 0.000222  loss: 26.9949 (27.2151)  weight_decay: 0.0500 (0.0500)  grad_norm: 331.0960 (313.7635)  time: 0.9077  data: 0.0001  max mem: 34952
Epoch: [276]  [34/35]  eta: 0:00:01  lr: 0.000222  min_lr: 0.000222  loss: 26.7519 (27.1964)  weight_decay: 0.0500 (0.0500)  grad_norm: 312.1348 (307.3555)  time: 0.9069  data: 0.0001  max mem: 34952
Epoch: [276] Total time: 0:00:50 (1.4512 s / it)
Averaged stats: lr: 0.000222  min_lr: 0.000222  loss: 26.7519 (26.3986)  weight_decay: 0.0500 (0.0500)  grad_norm: 312.1348 (307.3555)
Epoch: [277]  [ 0/35]  eta: 0:11:26  lr: 0.000222  min_lr: 0.000222  loss: 28.3657 (28.3657)  weight_decay: 0.0500 (0.0500)  grad_norm: 304.5660 (304.5660)  time: 19.6286  data: 13.8082  max mem: 34952
Epoch: [277]  [10/35]  eta: 0:01:05  lr: 0.000221  min_lr: 0.000221  loss: 27.2027 (27.2847)  weight_decay: 0.0500 (0.0500)  grad_norm: 301.8906 (321.4719)  time: 2.6266  data: 1.2554  max mem: 34952
Epoch: [277]  [20/35]  eta: 0:00:27  lr: 0.000221  min_lr: 0.000221  loss: 27.1758 (27.6833)  weight_decay: 0.0500 (0.0500)  grad_norm: 347.9213 (350.7487)  time: 0.9166  data: 0.0002  max mem: 34952
Epoch: [277]  [30/35]  eta: 0:00:07  lr: 0.000221  min_lr: 0.000221  loss: 26.7151 (26.9913)  weight_decay: 0.0500 (0.0500)  grad_norm: 371.1231 (366.6732)  time: 0.9068  data: 0.0001  max mem: 34952
Epoch: [277]  [34/35]  eta: 0:00:01  lr: 0.000220  min_lr: 0.000220  loss: 26.7151 (27.0271)  weight_decay: 0.0500 (0.0500)  grad_norm: 371.1231 (368.3637)  time: 0.9037  data: 0.0001  max mem: 34952
Epoch: [277] Total time: 0:00:51 (1.4686 s / it)
Averaged stats: lr: 0.000220  min_lr: 0.000220  loss: 26.7151 (26.3109)  weight_decay: 0.0500 (0.0500)  grad_norm: 371.1231 (368.3637)
Epoch: [278]  [ 0/35]  eta: 0:11:31  lr: 0.000220  min_lr: 0.000220  loss: 28.0650 (28.0650)  weight_decay: 0.0500 (0.0500)  grad_norm: 229.2563 (229.2563)  time: 19.7692  data: 16.6819  max mem: 34952
Epoch: [278]  [10/35]  eta: 0:01:06  lr: 0.000220  min_lr: 0.000220  loss: 25.5433 (25.7022)  weight_decay: 0.0500 (0.0500)  grad_norm: 297.4965 (291.7163)  time: 2.6442  data: 1.5167  max mem: 34952
Epoch: [278]  [20/35]  eta: 0:00:27  lr: 0.000219  min_lr: 0.000219  loss: 27.3702 (26.9704)  weight_decay: 0.0500 (0.0500)  grad_norm: 336.2206 (323.2860)  time: 0.9368  data: 0.0001  max mem: 34952
Epoch: [278]  [30/35]  eta: 0:00:07  lr: 0.000219  min_lr: 0.000219  loss: 27.5880 (26.9974)  weight_decay: 0.0500 (0.0500)  grad_norm: 345.5800 (327.5420)  time: 0.9293  data: 0.0001  max mem: 34952
Epoch: [278]  [34/35]  eta: 0:00:01  lr: 0.000219  min_lr: 0.000219  loss: 26.7970 (27.0583)  weight_decay: 0.0500 (0.0500)  grad_norm: 368.0761 (332.7499)  time: 0.9127  data: 0.0001  max mem: 34952
Epoch: [278] Total time: 0:00:52 (1.4875 s / it)
Averaged stats: lr: 0.000219  min_lr: 0.000219  loss: 26.7970 (26.1863)  weight_decay: 0.0500 (0.0500)  grad_norm: 368.0761 (332.7499)
Epoch: [279]  [ 0/35]  eta: 0:11:08  lr: 0.000219  min_lr: 0.000219  loss: 26.4283 (26.4283)  weight_decay: 0.0500 (0.0500)  grad_norm: 234.6809 (234.6809)  time: 19.1100  data: 17.5359  max mem: 34952
Epoch: [279]  [10/35]  eta: 0:01:04  lr: 0.000218  min_lr: 0.000218  loss: 25.5927 (24.5074)  weight_decay: 0.0500 (0.0500)  grad_norm: 252.8432 (253.8397)  time: 2.5817  data: 1.5943  max mem: 34952
Epoch: [279]  [20/35]  eta: 0:00:26  lr: 0.000218  min_lr: 0.000218  loss: 25.5927 (25.8509)  weight_decay: 0.0500 (0.0500)  grad_norm: 256.7435 (250.2437)  time: 0.9203  data: 0.0001  max mem: 34952
Epoch: [279]  [30/35]  eta: 0:00:07  lr: 0.000217  min_lr: 0.000217  loss: 25.4455 (25.6568)  weight_decay: 0.0500 (0.0500)  grad_norm: 209.5341 (232.5223)  time: 0.9079  data: 0.0001  max mem: 34952
Epoch: [279]  [34/35]  eta: 0:00:01  lr: 0.000217  min_lr: 0.000217  loss: 25.4455 (25.6866)  weight_decay: 0.0500 (0.0500)  grad_norm: 209.5341 (231.8123)  time: 0.9056  data: 0.0001  max mem: 34952
Epoch: [279] Total time: 0:00:50 (1.4570 s / it)
Averaged stats: lr: 0.000217  min_lr: 0.000217  loss: 25.4455 (25.7498)  weight_decay: 0.0500 (0.0500)  grad_norm: 209.5341 (231.8123)
Epoch: [280]  [ 0/35]  eta: 0:10:34  lr: 0.000217  min_lr: 0.000217  loss: 21.8933 (21.8933)  weight_decay: 0.0500 (0.0500)  grad_norm: 208.0434 (208.0434)  time: 18.1185  data: 14.9477  max mem: 34952
Epoch: [280]  [10/35]  eta: 0:01:04  lr: 0.000217  min_lr: 0.000217  loss: 23.8747 (24.1268)  weight_decay: 0.0500 (0.0500)  grad_norm: 170.2170 (185.0977)  time: 2.5603  data: 1.3619  max mem: 34952
Epoch: [280]  [20/35]  eta: 0:00:26  lr: 0.000216  min_lr: 0.000216  loss: 24.2974 (24.6695)  weight_decay: 0.0500 (0.0500)  grad_norm: 217.4495 (237.8687)  time: 0.9557  data: 0.0017  max mem: 34952
Epoch: [280]  [30/35]  eta: 0:00:07  lr: 0.000216  min_lr: 0.000216  loss: 25.6589 (25.0058)  weight_decay: 0.0500 (0.0500)  grad_norm: 274.1362 (241.6747)  time: 0.9073  data: 0.0001  max mem: 34952
Epoch: [280]  [34/35]  eta: 0:00:01  lr: 0.000216  min_lr: 0.000216  loss: 25.0806 (24.8708)  weight_decay: 0.0500 (0.0500)  grad_norm: 261.9689 (239.1562)  time: 0.9056  data: 0.0001  max mem: 34952
Epoch: [280] Total time: 0:00:50 (1.4479 s / it)
Averaged stats: lr: 0.000216  min_lr: 0.000216  loss: 25.0806 (25.8174)  weight_decay: 0.0500 (0.0500)  grad_norm: 261.9689 (239.1562)
Epoch: [281]  [ 0/35]  eta: 0:11:21  lr: 0.000216  min_lr: 0.000216  loss: 31.9858 (31.9858)  weight_decay: 0.0500 (0.0500)  grad_norm: 239.5602 (239.5602)  time: 19.4717  data: 13.2801  max mem: 34952
Epoch: [281]  [10/35]  eta: 0:01:04  lr: 0.000215  min_lr: 0.000215  loss: 25.5382 (25.6622)  weight_decay: 0.0500 (0.0500)  grad_norm: 238.2698 (227.5452)  time: 2.5991  data: 1.2074  max mem: 34952
Epoch: [281]  [20/35]  eta: 0:00:27  lr: 0.000215  min_lr: 0.000215  loss: 25.5382 (25.8881)  weight_decay: 0.0500 (0.0500)  grad_norm: 250.6627 (249.9908)  time: 0.9201  data: 0.0001  max mem: 34952
Epoch: [281]  [30/35]  eta: 0:00:07  lr: 0.000214  min_lr: 0.000214  loss: 24.7692 (25.2573)  weight_decay: 0.0500 (0.0500)  grad_norm: 275.4404 (261.2183)  time: 0.9187  data: 0.0001  max mem: 34952
Epoch: [281]  [34/35]  eta: 0:00:01  lr: 0.000214  min_lr: 0.000214  loss: 24.9865 (25.4670)  weight_decay: 0.0500 (0.0500)  grad_norm: 280.5573 (261.6672)  time: 0.9122  data: 0.0001  max mem: 34952
Epoch: [281] Total time: 0:00:51 (1.4672 s / it)
Averaged stats: lr: 0.000214  min_lr: 0.000214  loss: 24.9865 (25.4139)  weight_decay: 0.0500 (0.0500)  grad_norm: 280.5573 (261.6672)
Epoch: [282]  [ 0/35]  eta: 0:10:52  lr: 0.000214  min_lr: 0.000214  loss: 26.7936 (26.7936)  weight_decay: 0.0500 (0.0500)  grad_norm: 251.4296 (251.4296)  time: 18.6398  data: 15.7023  max mem: 34952
Epoch: [282]  [10/35]  eta: 0:01:03  lr: 0.000214  min_lr: 0.000214  loss: 27.5134 (26.2829)  weight_decay: 0.0500 (0.0500)  grad_norm: 281.9868 (283.7450)  time: 2.5542  data: 1.4276  max mem: 34952
Epoch: [282]  [20/35]  eta: 0:00:26  lr: 0.000213  min_lr: 0.000213  loss: 25.9120 (25.8486)  weight_decay: 0.0500 (0.0500)  grad_norm: 268.0804 (259.4926)  time: 0.9291  data: 0.0002  max mem: 34952
Epoch: [282]  [30/35]  eta: 0:00:07  lr: 0.000213  min_lr: 0.000213  loss: 25.5987 (26.0768)  weight_decay: 0.0500 (0.0500)  grad_norm: 217.2328 (256.6979)  time: 0.9103  data: 0.0001  max mem: 34952
Epoch: [282]  [34/35]  eta: 0:00:01  lr: 0.000212  min_lr: 0.000212  loss: 25.6372 (26.0190)  weight_decay: 0.0500 (0.0500)  grad_norm: 220.3836 (257.8898)  time: 0.9088  data: 0.0001  max mem: 34952
Epoch: [282] Total time: 0:00:50 (1.4501 s / it)
Averaged stats: lr: 0.000212  min_lr: 0.000212  loss: 25.6372 (25.6407)  weight_decay: 0.0500 (0.0500)  grad_norm: 220.3836 (257.8898)
Epoch: [283]  [ 0/35]  eta: 0:11:03  lr: 0.000212  min_lr: 0.000212  loss: 25.6476 (25.6476)  weight_decay: 0.0500 (0.0500)  grad_norm: 288.7527 (288.7527)  time: 18.9454  data: 14.9362  max mem: 34952
Epoch: [283]  [10/35]  eta: 0:01:05  lr: 0.000212  min_lr: 0.000212  loss: 25.1466 (24.2755)  weight_decay: 0.0500 (0.0500)  grad_norm: 193.8847 (216.3305)  time: 2.6008  data: 1.3580  max mem: 34952
Epoch: [283]  [20/35]  eta: 0:00:27  lr: 0.000212  min_lr: 0.000212  loss: 25.1466 (25.5431)  weight_decay: 0.0500 (0.0500)  grad_norm: 214.7945 (221.0082)  time: 0.9471  data: 0.0002  max mem: 34952
Epoch: [283]  [30/35]  eta: 0:00:07  lr: 0.000211  min_lr: 0.000211  loss: 26.6407 (26.1024)  weight_decay: 0.0500 (0.0500)  grad_norm: 196.5586 (211.0561)  time: 0.9182  data: 0.0001  max mem: 34952
Epoch: [283]  [34/35]  eta: 0:00:01  lr: 0.000211  min_lr: 0.000211  loss: 26.4596 (26.1635)  weight_decay: 0.0500 (0.0500)  grad_norm: 194.6315 (209.0497)  time: 0.9110  data: 0.0001  max mem: 34952
Epoch: [283] Total time: 0:00:51 (1.4687 s / it)
Averaged stats: lr: 0.000211  min_lr: 0.000211  loss: 26.4596 (25.6985)  weight_decay: 0.0500 (0.0500)  grad_norm: 194.6315 (209.0497)
Epoch: [284]  [ 0/35]  eta: 0:11:25  lr: 0.000211  min_lr: 0.000211  loss: 26.0902 (26.0902)  weight_decay: 0.0500 (0.0500)  grad_norm: 197.2568 (197.2568)  time: 19.5788  data: 13.3598  max mem: 34952
Epoch: [284]  [10/35]  eta: 0:01:05  lr: 0.000210  min_lr: 0.000210  loss: 24.2183 (24.7984)  weight_decay: 0.0500 (0.0500)  grad_norm: 226.8352 (245.8245)  time: 2.6142  data: 1.2147  max mem: 34952
Epoch: [284]  [20/35]  eta: 0:00:27  lr: 0.000210  min_lr: 0.000210  loss: 24.2646 (25.3353)  weight_decay: 0.0500 (0.0500)  grad_norm: 242.8939 (309.3537)  time: 0.9133  data: 0.0002  max mem: 34952
Epoch: [284]  [30/35]  eta: 0:00:07  lr: 0.000210  min_lr: 0.000210  loss: 25.1465 (25.4870)  weight_decay: 0.0500 (0.0500)  grad_norm: 362.5001 (316.9091)  time: 0.9082  data: 0.0001  max mem: 34952
Epoch: [284]  [34/35]  eta: 0:00:01  lr: 0.000209  min_lr: 0.000209  loss: 25.1465 (25.6546)  weight_decay: 0.0500 (0.0500)  grad_norm: 319.1695 (314.0191)  time: 0.9060  data: 0.0001  max mem: 34952
Epoch: [284] Total time: 0:00:51 (1.4649 s / it)
Averaged stats: lr: 0.000209  min_lr: 0.000209  loss: 25.1465 (25.6327)  weight_decay: 0.0500 (0.0500)  grad_norm: 319.1695 (314.0191)
Epoch: [285]  [ 0/35]  eta: 0:10:52  lr: 0.000209  min_lr: 0.000209  loss: 26.5578 (26.5578)  weight_decay: 0.0500 (0.0500)  grad_norm: 375.0980 (375.0980)  time: 18.6387  data: 16.3646  max mem: 34952
Epoch: [285]  [10/35]  eta: 0:01:03  lr: 0.000209  min_lr: 0.000209  loss: 26.4214 (25.7256)  weight_decay: 0.0500 (0.0500)  grad_norm: 284.2845 (296.4670)  time: 2.5288  data: 1.4878  max mem: 34952
Epoch: [285]  [20/35]  eta: 0:00:26  lr: 0.000208  min_lr: 0.000208  loss: 24.5568 (25.3058)  weight_decay: 0.0500 (0.0500)  grad_norm: 229.1034 (251.9820)  time: 0.9122  data: 0.0001  max mem: 34952
Epoch: [285]  [30/35]  eta: 0:00:07  lr: 0.000208  min_lr: 0.000208  loss: 25.0851 (25.3461)  weight_decay: 0.0500 (0.0500)  grad_norm: 201.7928 (233.7073)  time: 0.9063  data: 0.0001  max mem: 34952
Epoch: [285]  [34/35]  eta: 0:00:01  lr: 0.000208  min_lr: 0.000208  loss: 25.0851 (25.1585)  weight_decay: 0.0500 (0.0500)  grad_norm: 205.6835 (232.4537)  time: 0.9035  data: 0.0001  max mem: 34952
Epoch: [285] Total time: 0:00:50 (1.4370 s / it)
Averaged stats: lr: 0.000208  min_lr: 0.000208  loss: 25.0851 (25.1353)  weight_decay: 0.0500 (0.0500)  grad_norm: 205.6835 (232.4537)
Epoch: [286]  [ 0/35]  eta: 0:11:29  lr: 0.000208  min_lr: 0.000208  loss: 26.0251 (26.0251)  weight_decay: 0.0500 (0.0500)  grad_norm: 357.3362 (357.3362)  time: 19.7007  data: 17.1177  max mem: 34952
Epoch: [286]  [10/35]  eta: 0:01:06  lr: 0.000207  min_lr: 0.000207  loss: 23.3422 (23.9561)  weight_decay: 0.0500 (0.0500)  grad_norm: 225.0493 (263.1780)  time: 2.6570  data: 1.5563  max mem: 34952
Epoch: [286]  [20/35]  eta: 0:00:27  lr: 0.000207  min_lr: 0.000207  loss: 25.3835 (24.6407)  weight_decay: 0.0500 (0.0500)  grad_norm: 175.0943 (216.5761)  time: 0.9322  data: 0.0002  max mem: 34952
Epoch: [286]  [30/35]  eta: 0:00:07  lr: 0.000206  min_lr: 0.000206  loss: 25.4019 (24.7694)  weight_decay: 0.0500 (0.0500)  grad_norm: 175.0943 (209.6004)  time: 0.9092  data: 0.0001  max mem: 34952
Epoch: [286]  [34/35]  eta: 0:00:01  lr: 0.000206  min_lr: 0.000206  loss: 25.3835 (24.8310)  weight_decay: 0.0500 (0.0500)  grad_norm: 192.8912 (214.8539)  time: 0.9070  data: 0.0001  max mem: 34952
Epoch: [286] Total time: 0:00:51 (1.4810 s / it)
Averaged stats: lr: 0.000206  min_lr: 0.000206  loss: 25.3835 (24.9195)  weight_decay: 0.0500 (0.0500)  grad_norm: 192.8912 (214.8539)
Epoch: [287]  [ 0/35]  eta: 0:11:30  lr: 0.000206  min_lr: 0.000206  loss: 28.2349 (28.2349)  weight_decay: 0.0500 (0.0500)  grad_norm: 137.2695 (137.2695)  time: 19.7159  data: 16.8791  max mem: 34952
Epoch: [287]  [10/35]  eta: 0:01:06  lr: 0.000206  min_lr: 0.000206  loss: 25.3829 (24.5482)  weight_decay: 0.0500 (0.0500)  grad_norm: 135.2959 (155.3499)  time: 2.6458  data: 1.5346  max mem: 34952
Epoch: [287]  [20/35]  eta: 0:00:27  lr: 0.000205  min_lr: 0.000205  loss: 25.3829 (25.7038)  weight_decay: 0.0500 (0.0500)  grad_norm: 147.2789 (162.9316)  time: 0.9317  data: 0.0002  max mem: 34952
Epoch: [287]  [30/35]  eta: 0:00:07  lr: 0.000205  min_lr: 0.000205  loss: 25.2075 (25.2961)  weight_decay: 0.0500 (0.0500)  grad_norm: 148.1446 (168.3320)  time: 0.9193  data: 0.0001  max mem: 34952
Epoch: [287]  [34/35]  eta: 0:00:01  lr: 0.000205  min_lr: 0.000205  loss: 25.2075 (25.5258)  weight_decay: 0.0500 (0.0500)  grad_norm: 163.5726 (169.9695)  time: 0.9171  data: 0.0001  max mem: 34952
Epoch: [287] Total time: 0:00:52 (1.4861 s / it)
Averaged stats: lr: 0.000205  min_lr: 0.000205  loss: 25.2075 (25.1785)  weight_decay: 0.0500 (0.0500)  grad_norm: 163.5726 (169.9695)
Epoch: [288]  [ 0/35]  eta: 0:10:43  lr: 0.000205  min_lr: 0.000205  loss: 23.4447 (23.4447)  weight_decay: 0.0500 (0.0500)  grad_norm: 221.4356 (221.4356)  time: 18.3772  data: 17.2606  max mem: 34952
Epoch: [288]  [10/35]  eta: 0:01:02  lr: 0.000204  min_lr: 0.000204  loss: 25.1995 (25.1838)  weight_decay: 0.0500 (0.0500)  grad_norm: 167.9022 (167.8411)  time: 2.5025  data: 1.5693  max mem: 34952
Epoch: [288]  [20/35]  eta: 0:00:26  lr: 0.000204  min_lr: 0.000204  loss: 26.3162 (25.5171)  weight_decay: 0.0500 (0.0500)  grad_norm: 189.4756 (212.4020)  time: 0.9115  data: 0.0002  max mem: 34952
Epoch: [288]  [30/35]  eta: 0:00:07  lr: 0.000203  min_lr: 0.000203  loss: 25.7163 (25.7523)  weight_decay: 0.0500 (0.0500)  grad_norm: 248.6505 (234.7638)  time: 0.9069  data: 0.0001  max mem: 34952
Epoch: [288]  [34/35]  eta: 0:00:01  lr: 0.000203  min_lr: 0.000203  loss: 25.7163 (25.8647)  weight_decay: 0.0500 (0.0500)  grad_norm: 238.0139 (232.2933)  time: 0.9072  data: 0.0001  max mem: 34952
Epoch: [288] Total time: 0:00:50 (1.4293 s / it)
Averaged stats: lr: 0.000203  min_lr: 0.000203  loss: 25.7163 (25.0836)  weight_decay: 0.0500 (0.0500)  grad_norm: 238.0139 (232.2933)
Epoch: [289]  [ 0/35]  eta: 0:11:13  lr: 0.000203  min_lr: 0.000203  loss: 22.9108 (22.9108)  weight_decay: 0.0500 (0.0500)  grad_norm: 232.8223 (232.8223)  time: 19.2520  data: 14.5726  max mem: 34952
Epoch: [289]  [10/35]  eta: 0:01:05  lr: 0.000203  min_lr: 0.000203  loss: 25.2879 (26.0308)  weight_decay: 0.0500 (0.0500)  grad_norm: 237.6340 (231.5978)  time: 2.6059  data: 1.3249  max mem: 34952
Epoch: [289]  [20/35]  eta: 0:00:27  lr: 0.000202  min_lr: 0.000202  loss: 25.2879 (26.1545)  weight_decay: 0.0500 (0.0500)  grad_norm: 237.1983 (253.1471)  time: 0.9277  data: 0.0001  max mem: 34952
Epoch: [289]  [30/35]  eta: 0:00:07  lr: 0.000202  min_lr: 0.000202  loss: 27.0580 (26.4552)  weight_decay: 0.0500 (0.0500)  grad_norm: 238.8261 (261.2159)  time: 0.9093  data: 0.0001  max mem: 34952
Epoch: [289]  [34/35]  eta: 0:00:01  lr: 0.000202  min_lr: 0.000202  loss: 25.3742 (26.5265)  weight_decay: 0.0500 (0.0500)  grad_norm: 240.2822 (254.6534)  time: 0.9080  data: 0.0001  max mem: 34952
Epoch: [289] Total time: 0:00:51 (1.4646 s / it)
Averaged stats: lr: 0.000202  min_lr: 0.000202  loss: 25.3742 (25.2588)  weight_decay: 0.0500 (0.0500)  grad_norm: 240.2822 (254.6534)
Epoch: [290]  [ 0/35]  eta: 0:10:58  lr: 0.000201  min_lr: 0.000201  loss: 22.5991 (22.5991)  weight_decay: 0.0500 (0.0500)  grad_norm: 242.6197 (242.6197)  time: 18.8006  data: 17.2317  max mem: 34952
Epoch: [290]  [10/35]  eta: 0:01:03  lr: 0.000201  min_lr: 0.000201  loss: 24.6672 (24.0263)  weight_decay: 0.0500 (0.0500)  grad_norm: 240.6071 (257.1417)  time: 2.5391  data: 1.5667  max mem: 34952
Epoch: [290]  [20/35]  eta: 0:00:26  lr: 0.000201  min_lr: 0.000201  loss: 25.0405 (24.8219)  weight_decay: 0.0500 (0.0500)  grad_norm: 234.0801 (229.5094)  time: 0.9111  data: 0.0001  max mem: 34952
Epoch: [290]  [30/35]  eta: 0:00:07  lr: 0.000200  min_lr: 0.000200  loss: 24.0922 (24.6950)  weight_decay: 0.0500 (0.0500)  grad_norm: 170.9857 (216.0058)  time: 0.9063  data: 0.0001  max mem: 34952
Epoch: [290]  [34/35]  eta: 0:00:01  lr: 0.000200  min_lr: 0.000200  loss: 23.7173 (24.7492)  weight_decay: 0.0500 (0.0500)  grad_norm: 169.8044 (211.2585)  time: 0.9027  data: 0.0001  max mem: 34952
Epoch: [290] Total time: 0:00:50 (1.4420 s / it)
Averaged stats: lr: 0.000200  min_lr: 0.000200  loss: 23.7173 (25.0632)  weight_decay: 0.0500 (0.0500)  grad_norm: 169.8044 (211.2585)
Epoch: [291]  [ 0/35]  eta: 0:11:13  lr: 0.000200  min_lr: 0.000200  loss: 21.6296 (21.6296)  weight_decay: 0.0500 (0.0500)  grad_norm: 162.5635 (162.5635)  time: 19.2292  data: 13.3775  max mem: 34952
Epoch: [291]  [10/35]  eta: 0:01:04  lr: 0.000199  min_lr: 0.000199  loss: 23.4836 (22.7655)  weight_decay: 0.0500 (0.0500)  grad_norm: 189.6759 (177.1506)  time: 2.5765  data: 1.2163  max mem: 34952
Epoch: [291]  [20/35]  eta: 0:00:26  lr: 0.000199  min_lr: 0.000199  loss: 23.8102 (23.7290)  weight_decay: 0.0500 (0.0500)  grad_norm: 189.6759 (188.2547)  time: 0.9107  data: 0.0002  max mem: 34952
Epoch: [291]  [30/35]  eta: 0:00:07  lr: 0.000199  min_lr: 0.000199  loss: 24.0391 (24.1139)  weight_decay: 0.0500 (0.0500)  grad_norm: 209.2926 (201.4660)  time: 0.9065  data: 0.0001  max mem: 34952
Epoch: [291]  [34/35]  eta: 0:00:01  lr: 0.000198  min_lr: 0.000198  loss: 23.7844 (24.3720)  weight_decay: 0.0500 (0.0500)  grad_norm: 210.1368 (202.7847)  time: 0.9076  data: 0.0001  max mem: 34952
Epoch: [291] Total time: 0:00:50 (1.4538 s / it)
Averaged stats: lr: 0.000198  min_lr: 0.000198  loss: 23.7844 (24.7115)  weight_decay: 0.0500 (0.0500)  grad_norm: 210.1368 (202.7847)
Epoch: [292]  [ 0/35]  eta: 0:11:00  lr: 0.000198  min_lr: 0.000198  loss: 23.4043 (23.4043)  weight_decay: 0.0500 (0.0500)  grad_norm: 209.9998 (209.9998)  time: 18.8591  data: 8.9115  max mem: 34952
Epoch: [292]  [10/35]  eta: 0:01:04  lr: 0.000198  min_lr: 0.000198  loss: 23.4043 (24.7765)  weight_decay: 0.0500 (0.0500)  grad_norm: 162.3639 (174.7614)  time: 2.5819  data: 0.8103  max mem: 34952
Epoch: [292]  [20/35]  eta: 0:00:26  lr: 0.000197  min_lr: 0.000197  loss: 23.6413 (25.1201)  weight_decay: 0.0500 (0.0500)  grad_norm: 172.1933 (183.7956)  time: 0.9317  data: 0.0001  max mem: 34952
Epoch: [292]  [30/35]  eta: 0:00:07  lr: 0.000197  min_lr: 0.000197  loss: 24.7236 (25.1768)  weight_decay: 0.0500 (0.0500)  grad_norm: 173.7071 (180.0278)  time: 0.9072  data: 0.0001  max mem: 34952
Epoch: [292]  [34/35]  eta: 0:00:01  lr: 0.000197  min_lr: 0.000197  loss: 25.2659 (25.4138)  weight_decay: 0.0500 (0.0500)  grad_norm: 172.1933 (179.0479)  time: 0.9080  data: 0.0001  max mem: 34952
Epoch: [292] Total time: 0:00:50 (1.4567 s / it)
Averaged stats: lr: 0.000197  min_lr: 0.000197  loss: 25.2659 (24.8360)  weight_decay: 0.0500 (0.0500)  grad_norm: 172.1933 (179.0479)
Epoch: [293]  [ 0/35]  eta: 0:11:21  lr: 0.000197  min_lr: 0.000197  loss: 21.4156 (21.4156)  weight_decay: 0.0500 (0.0500)  grad_norm: 113.7650 (113.7650)  time: 19.4701  data: 15.0446  max mem: 34952
Epoch: [293]  [10/35]  eta: 0:01:05  lr: 0.000196  min_lr: 0.000196  loss: 22.3316 (24.1619)  weight_decay: 0.0500 (0.0500)  grad_norm: 249.4632 (236.2946)  time: 2.6005  data: 1.3678  max mem: 34952
Epoch: [293]  [20/35]  eta: 0:00:26  lr: 0.000196  min_lr: 0.000196  loss: 25.4577 (25.2220)  weight_decay: 0.0500 (0.0500)  grad_norm: 236.3312 (222.0450)  time: 0.9106  data: 0.0001  max mem: 34952
Epoch: [293]  [30/35]  eta: 0:00:07  lr: 0.000195  min_lr: 0.000195  loss: 25.1460 (24.9446)  weight_decay: 0.0500 (0.0500)  grad_norm: 262.8466 (245.5855)  time: 0.9055  data: 0.0001  max mem: 34952
Epoch: [293]  [34/35]  eta: 0:00:01  lr: 0.000195  min_lr: 0.000195  loss: 25.2343 (25.3869)  weight_decay: 0.0500 (0.0500)  grad_norm: 275.5927 (252.9272)  time: 0.9043  data: 0.0001  max mem: 34952
Epoch: [293] Total time: 0:00:51 (1.4611 s / it)
Averaged stats: lr: 0.000195  min_lr: 0.000195  loss: 25.2343 (25.0566)  weight_decay: 0.0500 (0.0500)  grad_norm: 275.5927 (252.9272)
Epoch: [294]  [ 0/35]  eta: 0:10:48  lr: 0.000195  min_lr: 0.000195  loss: 25.1735 (25.1735)  weight_decay: 0.0500 (0.0500)  grad_norm: 184.7041 (184.7041)  time: 18.5345  data: 12.1206  max mem: 34952
Epoch: [294]  [10/35]  eta: 0:01:03  lr: 0.000195  min_lr: 0.000195  loss: 25.1735 (25.2615)  weight_decay: 0.0500 (0.0500)  grad_norm: 273.1942 (280.0332)  time: 2.5573  data: 1.1020  max mem: 34952
Epoch: [294]  [20/35]  eta: 0:00:26  lr: 0.000194  min_lr: 0.000194  loss: 25.1609 (24.8178)  weight_decay: 0.0500 (0.0500)  grad_norm: 273.1942 (281.9547)  time: 0.9336  data: 0.0001  max mem: 34952
Epoch: [294]  [30/35]  eta: 0:00:07  lr: 0.000194  min_lr: 0.000194  loss: 23.6505 (24.2664)  weight_decay: 0.0500 (0.0500)  grad_norm: 247.0591 (273.0113)  time: 0.9055  data: 0.0001  max mem: 34952
Epoch: [294]  [34/35]  eta: 0:00:01  lr: 0.000194  min_lr: 0.000194  loss: 24.2437 (24.5123)  weight_decay: 0.0500 (0.0500)  grad_norm: 212.0523 (263.4153)  time: 0.9058  data: 0.0001  max mem: 34952
Epoch: [294] Total time: 0:00:50 (1.4474 s / it)
Averaged stats: lr: 0.000194  min_lr: 0.000194  loss: 24.2437 (24.9842)  weight_decay: 0.0500 (0.0500)  grad_norm: 212.0523 (263.4153)
Epoch: [295]  [ 0/35]  eta: 0:11:23  lr: 0.000194  min_lr: 0.000194  loss: 23.3266 (23.3266)  weight_decay: 0.0500 (0.0500)  grad_norm: 245.1603 (245.1603)  time: 19.5191  data: 17.4575  max mem: 34952
Epoch: [295]  [10/35]  eta: 0:01:05  lr: 0.000193  min_lr: 0.000193  loss: 24.4784 (23.8205)  weight_decay: 0.0500 (0.0500)  grad_norm: 202.4998 (198.4345)  time: 2.6026  data: 1.5872  max mem: 34952
Epoch: [295]  [20/35]  eta: 0:00:26  lr: 0.000193  min_lr: 0.000193  loss: 24.9835 (24.9778)  weight_decay: 0.0500 (0.0500)  grad_norm: 249.7914 (244.5779)  time: 0.9083  data: 0.0001  max mem: 34952
Epoch: [295]  [30/35]  eta: 0:00:07  lr: 0.000192  min_lr: 0.000192  loss: 25.2988 (25.3255)  weight_decay: 0.0500 (0.0500)  grad_norm: 250.1219 (231.3935)  time: 0.9040  data: 0.0001  max mem: 34952
Epoch: [295]  [34/35]  eta: 0:00:01  lr: 0.000192  min_lr: 0.000192  loss: 25.2823 (25.1989)  weight_decay: 0.0500 (0.0500)  grad_norm: 214.9564 (223.7101)  time: 0.9019  data: 0.0001  max mem: 34952
Epoch: [295] Total time: 0:00:51 (1.4594 s / it)
Averaged stats: lr: 0.000192  min_lr: 0.000192  loss: 25.2823 (25.0504)  weight_decay: 0.0500 (0.0500)  grad_norm: 214.9564 (223.7101)
Epoch: [296]  [ 0/35]  eta: 0:11:31  lr: 0.000192  min_lr: 0.000192  loss: 27.1053 (27.1053)  weight_decay: 0.0500 (0.0500)  grad_norm: 125.2000 (125.2000)  time: 19.7639  data: 13.9367  max mem: 34952
Epoch: [296]  [10/35]  eta: 0:01:06  lr: 0.000192  min_lr: 0.000192  loss: 26.7483 (26.0623)  weight_decay: 0.0500 (0.0500)  grad_norm: 183.6429 (189.4264)  time: 2.6658  data: 1.2671  max mem: 34952
Epoch: [296]  [20/35]  eta: 0:00:27  lr: 0.000191  min_lr: 0.000191  loss: 25.6503 (25.7601)  weight_decay: 0.0500 (0.0500)  grad_norm: 205.9684 (215.3758)  time: 0.9322  data: 0.0001  max mem: 34952
Epoch: [296]  [30/35]  eta: 0:00:07  lr: 0.000191  min_lr: 0.000191  loss: 25.0132 (25.4977)  weight_decay: 0.0500 (0.0500)  grad_norm: 206.9372 (210.4219)  time: 0.9075  data: 0.0001  max mem: 34952
Epoch: [296]  [34/35]  eta: 0:00:01  lr: 0.000191  min_lr: 0.000191  loss: 25.6105 (25.9159)  weight_decay: 0.0500 (0.0500)  grad_norm: 205.9684 (211.4926)  time: 0.9064  data: 0.0001  max mem: 34952
Epoch: [296] Total time: 0:00:51 (1.4834 s / it)
Averaged stats: lr: 0.000191  min_lr: 0.000191  loss: 25.6105 (24.9196)  weight_decay: 0.0500 (0.0500)  grad_norm: 205.9684 (211.4926)
Epoch: [297]  [ 0/35]  eta: 0:11:06  lr: 0.000191  min_lr: 0.000191  loss: 26.3859 (26.3859)  weight_decay: 0.0500 (0.0500)  grad_norm: 164.6978 (164.6978)  time: 19.0456  data: 16.7377  max mem: 34952
Epoch: [297]  [10/35]  eta: 0:01:04  lr: 0.000190  min_lr: 0.000190  loss: 25.5958 (24.9477)  weight_decay: 0.0500 (0.0500)  grad_norm: 228.5423 (249.9214)  time: 2.5680  data: 1.5217  max mem: 34952
Epoch: [297]  [20/35]  eta: 0:00:26  lr: 0.000190  min_lr: 0.000190  loss: 24.5097 (25.2230)  weight_decay: 0.0500 (0.0500)  grad_norm: 179.9030 (204.6675)  time: 0.9183  data: 0.0001  max mem: 34952
Epoch: [297]  [30/35]  eta: 0:00:07  lr: 0.000189  min_lr: 0.000189  loss: 24.4949 (25.0940)  weight_decay: 0.0500 (0.0500)  grad_norm: 196.3225 (223.4852)  time: 0.9122  data: 0.0001  max mem: 34952
Epoch: [297]  [34/35]  eta: 0:00:01  lr: 0.000189  min_lr: 0.000189  loss: 23.9170 (25.2949)  weight_decay: 0.0500 (0.0500)  grad_norm: 211.1071 (225.4879)  time: 0.9093  data: 0.0001  max mem: 34952
Epoch: [297] Total time: 0:00:50 (1.4541 s / it)
Averaged stats: lr: 0.000189  min_lr: 0.000189  loss: 23.9170 (24.8112)  weight_decay: 0.0500 (0.0500)  grad_norm: 211.1071 (225.4879)
Epoch: [298]  [ 0/35]  eta: 0:11:12  lr: 0.000189  min_lr: 0.000189  loss: 28.4413 (28.4413)  weight_decay: 0.0500 (0.0500)  grad_norm: 169.3233 (169.3233)  time: 19.2092  data: 16.2067  max mem: 34952
Epoch: [298]  [10/35]  eta: 0:01:05  lr: 0.000189  min_lr: 0.000189  loss: 24.5646 (24.7549)  weight_decay: 0.0500 (0.0500)  grad_norm: 210.1213 (220.5036)  time: 2.6078  data: 1.4735  max mem: 34952
Epoch: [298]  [20/35]  eta: 0:00:26  lr: 0.000188  min_lr: 0.000188  loss: 24.5646 (24.7450)  weight_decay: 0.0500 (0.0500)  grad_norm: 202.8618 (210.9419)  time: 0.9292  data: 0.0001  max mem: 34952
Epoch: [298]  [30/35]  eta: 0:00:07  lr: 0.000188  min_lr: 0.000188  loss: 23.5062 (24.9640)  weight_decay: 0.0500 (0.0500)  grad_norm: 183.3449 (200.1801)  time: 0.9104  data: 0.0001  max mem: 34952
Epoch: [298]  [34/35]  eta: 0:00:01  lr: 0.000188  min_lr: 0.000188  loss: 25.5148 (25.4967)  weight_decay: 0.0500 (0.0500)  grad_norm: 172.6127 (198.3184)  time: 0.9074  data: 0.0001  max mem: 34952
Epoch: [298] Total time: 0:00:51 (1.4655 s / it)
Averaged stats: lr: 0.000188  min_lr: 0.000188  loss: 25.5148 (24.5216)  weight_decay: 0.0500 (0.0500)  grad_norm: 172.6127 (198.3184)
Epoch: [299]  [ 0/35]  eta: 0:11:31  lr: 0.000187  min_lr: 0.000187  loss: 22.4261 (22.4261)  weight_decay: 0.0500 (0.0500)  grad_norm: 155.0307 (155.0307)  time: 19.7543  data: 14.2075  max mem: 34952
Epoch: [299]  [10/35]  eta: 0:01:08  lr: 0.000187  min_lr: 0.000187  loss: 24.3846 (24.6079)  weight_decay: 0.0500 (0.0500)  grad_norm: 177.5081 (222.0789)  time: 2.7200  data: 1.2917  max mem: 34952
Epoch: [299]  [20/35]  eta: 0:00:28  lr: 0.000187  min_lr: 0.000187  loss: 24.3846 (24.5023)  weight_decay: 0.0500 (0.0500)  grad_norm: 198.4508 (223.2962)  time: 1.0101  data: 0.0001  max mem: 34952
Epoch: [299]  [30/35]  eta: 0:00:07  lr: 0.000186  min_lr: 0.000186  loss: 24.5764 (24.9956)  weight_decay: 0.0500 (0.0500)  grad_norm: 187.3983 (210.2220)  time: 0.9613  data: 0.0001  max mem: 34952
Epoch: [299]  [34/35]  eta: 0:00:01  lr: 0.000186  min_lr: 0.000186  loss: 25.1984 (25.1391)  weight_decay: 0.0500 (0.0500)  grad_norm: 175.9632 (209.9906)  time: 0.9358  data: 0.0001  max mem: 34952
Epoch: [299] Total time: 0:00:53 (1.5300 s / it)
Averaged stats: lr: 0.000186  min_lr: 0.000186  loss: 25.1984 (24.2926)  weight_decay: 0.0500 (0.0500)  grad_norm: 175.9632 (209.9906)
Epoch: [300]  [ 0/35]  eta: 0:10:24  lr: 0.000186  min_lr: 0.000186  loss: 23.8683 (23.8683)  weight_decay: 0.0500 (0.0500)  grad_norm: 328.5637 (328.5637)  time: 17.8337  data: 16.8603  max mem: 34952
Epoch: [300]  [10/35]  eta: 0:01:01  lr: 0.000185  min_lr: 0.000185  loss: 23.8683 (23.6304)  weight_decay: 0.0500 (0.0500)  grad_norm: 252.1993 (247.9144)  time: 2.4523  data: 1.5329  max mem: 34952
Epoch: [300]  [20/35]  eta: 0:00:25  lr: 0.000185  min_lr: 0.000185  loss: 24.6979 (24.1779)  weight_decay: 0.0500 (0.0500)  grad_norm: 193.7780 (218.9047)  time: 0.9119  data: 0.0001  max mem: 34952
Epoch: [300]  [30/35]  eta: 0:00:07  lr: 0.000185  min_lr: 0.000185  loss: 24.8214 (24.5699)  weight_decay: 0.0500 (0.0500)  grad_norm: 156.0054 (206.1070)  time: 0.9090  data: 0.0001  max mem: 34952
Epoch: [300]  [34/35]  eta: 0:00:01  lr: 0.000184  min_lr: 0.000184  loss: 24.6979 (24.5460)  weight_decay: 0.0500 (0.0500)  grad_norm: 193.7780 (213.6230)  time: 0.9063  data: 0.0001  max mem: 34952
Epoch: [300] Total time: 0:00:49 (1.4159 s / it)
Averaged stats: lr: 0.000184  min_lr: 0.000184  loss: 24.6979 (24.5172)  weight_decay: 0.0500 (0.0500)  grad_norm: 193.7780 (213.6230)
[Eval]   [0/1]  eta: 0:00:03  loss: 49.6315 (49.6315)  time: 3.8704  data: 3.7712  max mem: 34952
[Eval]  Total time: 0:00:04 (4.0856 s / it)
Eval averaged stats: loss: 49.6315 (62.4657)
Epoch: [301]  [ 0/35]  eta: 0:28:18  lr: 0.000184  min_lr: 0.000184  loss: 22.4944 (22.4944)  weight_decay: 0.0500 (0.0500)  grad_norm: 204.8502 (204.8502)  time: 48.5255  data: 42.1065  max mem: 34952
Epoch: [301]  [10/35]  eta: 0:02:11  lr: 0.000184  min_lr: 0.000184  loss: 23.0588 (22.9386)  weight_decay: 0.0500 (0.0500)  grad_norm: 184.7183 (200.6070)  time: 5.2554  data: 3.8280  max mem: 34952
Epoch: [301]  [20/35]  eta: 0:00:47  lr: 0.000184  min_lr: 0.000184  loss: 23.8181 (24.0303)  weight_decay: 0.0500 (0.0500)  grad_norm: 162.6005 (185.0533)  time: 0.9206  data: 0.0001  max mem: 34952
Epoch: [301]  [30/35]  eta: 0:00:12  lr: 0.000183  min_lr: 0.000183  loss: 23.8400 (23.9880)  weight_decay: 0.0500 (0.0500)  grad_norm: 175.0502 (196.0152)  time: 0.9084  data: 0.0001  max mem: 34952
Epoch: [301]  [34/35]  eta: 0:00:02  lr: 0.000183  min_lr: 0.000183  loss: 23.5905 (23.9678)  weight_decay: 0.0500 (0.0500)  grad_norm: 178.7159 (192.2113)  time: 0.9035  data: 0.0001  max mem: 34952
Epoch: [301] Total time: 0:01:20 (2.2961 s / it)
Averaged stats: lr: 0.000183  min_lr: 0.000183  loss: 23.5905 (24.4725)  weight_decay: 0.0500 (0.0500)  grad_norm: 178.7159 (192.2113)
Epoch: [302]  [ 0/35]  eta: 0:11:38  lr: 0.000183  min_lr: 0.000183  loss: 19.3442 (19.3442)  weight_decay: 0.0500 (0.0500)  grad_norm: 174.4613 (174.4613)  time: 19.9462  data: 10.2385  max mem: 34952
Epoch: [302]  [10/35]  eta: 0:01:06  lr: 0.000182  min_lr: 0.000182  loss: 24.1338 (25.0199)  weight_decay: 0.0500 (0.0500)  grad_norm: 206.8763 (221.1152)  time: 2.6459  data: 0.9309  max mem: 34952
Epoch: [302]  [20/35]  eta: 0:00:27  lr: 0.000182  min_lr: 0.000182  loss: 24.4732 (24.7886)  weight_decay: 0.0500 (0.0500)  grad_norm: 163.1554 (195.7063)  time: 0.9098  data: 0.0002  max mem: 34952
Epoch: [302]  [30/35]  eta: 0:00:07  lr: 0.000182  min_lr: 0.000182  loss: 23.7900 (24.2668)  weight_decay: 0.0500 (0.0500)  grad_norm: 154.9048 (190.9673)  time: 0.9054  data: 0.0001  max mem: 34952
Epoch: [302]  [34/35]  eta: 0:00:01  lr: 0.000181  min_lr: 0.000181  loss: 23.9074 (24.4355)  weight_decay: 0.0500 (0.0500)  grad_norm: 154.9048 (198.2377)  time: 0.9056  data: 0.0001  max mem: 34952
Epoch: [302] Total time: 0:00:51 (1.4735 s / it)
Averaged stats: lr: 0.000181  min_lr: 0.000181  loss: 23.9074 (24.4830)  weight_decay: 0.0500 (0.0500)  grad_norm: 154.9048 (198.2377)
Epoch: [303]  [ 0/35]  eta: 0:10:35  lr: 0.000181  min_lr: 0.000181  loss: 19.3409 (19.3409)  weight_decay: 0.0500 (0.0500)  grad_norm: 173.1059 (173.1059)  time: 18.1466  data: 13.3145  max mem: 34952
Epoch: [303]  [10/35]  eta: 0:01:03  lr: 0.000181  min_lr: 0.000181  loss: 23.0896 (23.0460)  weight_decay: 0.0500 (0.0500)  grad_norm: 285.2716 (281.6098)  time: 2.5241  data: 1.2105  max mem: 34952
Epoch: [303]  [20/35]  eta: 0:00:26  lr: 0.000180  min_lr: 0.000180  loss: 23.3772 (24.1539)  weight_decay: 0.0500 (0.0500)  grad_norm: 247.4955 (244.9531)  time: 0.9377  data: 0.0001  max mem: 34952
Epoch: [303]  [30/35]  eta: 0:00:07  lr: 0.000180  min_lr: 0.000180  loss: 24.1450 (24.1320)  weight_decay: 0.0500 (0.0500)  grad_norm: 202.3759 (237.9827)  time: 0.9108  data: 0.0001  max mem: 34952
Epoch: [303]  [34/35]  eta: 0:00:01  lr: 0.000180  min_lr: 0.000180  loss: 24.1450 (24.1822)  weight_decay: 0.0500 (0.0500)  grad_norm: 202.5561 (240.6792)  time: 0.9101  data: 0.0001  max mem: 34952
Epoch: [303] Total time: 0:00:50 (1.4394 s / it)
Averaged stats: lr: 0.000180  min_lr: 0.000180  loss: 24.1450 (24.0840)  weight_decay: 0.0500 (0.0500)  grad_norm: 202.5561 (240.6792)
Epoch: [304]  [ 0/35]  eta: 0:11:23  lr: 0.000180  min_lr: 0.000180  loss: 22.4525 (22.4525)  weight_decay: 0.0500 (0.0500)  grad_norm: 284.1922 (284.1922)  time: 19.5166  data: 10.8458  max mem: 34952
Epoch: [304]  [10/35]  eta: 0:01:05  lr: 0.000179  min_lr: 0.000179  loss: 21.0083 (21.9325)  weight_decay: 0.0500 (0.0500)  grad_norm: 279.9884 (263.2897)  time: 2.6029  data: 0.9861  max mem: 34952
Epoch: [304]  [20/35]  eta: 0:00:26  lr: 0.000179  min_lr: 0.000179  loss: 23.7523 (23.6589)  weight_decay: 0.0500 (0.0500)  grad_norm: 270.0331 (267.6644)  time: 0.9113  data: 0.0001  max mem: 34952
Epoch: [304]  [30/35]  eta: 0:00:07  lr: 0.000178  min_lr: 0.000178  loss: 23.7523 (23.6487)  weight_decay: 0.0500 (0.0500)  grad_norm: 275.9847 (264.5874)  time: 0.9082  data: 0.0001  max mem: 34952
Epoch: [304]  [34/35]  eta: 0:00:01  lr: 0.000178  min_lr: 0.000178  loss: 24.4327 (23.7974)  weight_decay: 0.0500 (0.0500)  grad_norm: 267.7566 (263.0071)  time: 0.9064  data: 0.0001  max mem: 34952
Epoch: [304] Total time: 0:00:51 (1.4614 s / it)
Averaged stats: lr: 0.000178  min_lr: 0.000178  loss: 24.4327 (24.0641)  weight_decay: 0.0500 (0.0500)  grad_norm: 267.7566 (263.0071)
Epoch: [305]  [ 0/35]  eta: 0:11:25  lr: 0.000178  min_lr: 0.000178  loss: 23.7892 (23.7892)  weight_decay: 0.0500 (0.0500)  grad_norm: 237.8400 (237.8400)  time: 19.5799  data: 14.0576  max mem: 34952
Epoch: [305]  [10/35]  eta: 0:01:05  lr: 0.000178  min_lr: 0.000178  loss: 22.8779 (22.7640)  weight_decay: 0.0500 (0.0500)  grad_norm: 237.8400 (256.5916)  time: 2.6051  data: 1.2781  max mem: 34952
Epoch: [305]  [20/35]  eta: 0:00:26  lr: 0.000177  min_lr: 0.000177  loss: 22.8779 (23.3615)  weight_decay: 0.0500 (0.0500)  grad_norm: 235.2314 (250.9395)  time: 0.9068  data: 0.0001  max mem: 34952
Epoch: [305]  [30/35]  eta: 0:00:07  lr: 0.000177  min_lr: 0.000177  loss: 23.7027 (23.4197)  weight_decay: 0.0500 (0.0500)  grad_norm: 188.5558 (236.6270)  time: 0.9035  data: 0.0001  max mem: 34952
Epoch: [305]  [34/35]  eta: 0:00:01  lr: 0.000177  min_lr: 0.000177  loss: 23.7027 (23.5815)  weight_decay: 0.0500 (0.0500)  grad_norm: 194.9344 (234.7596)  time: 0.9038  data: 0.0001  max mem: 34952
Epoch: [305] Total time: 0:00:51 (1.4598 s / it)
Averaged stats: lr: 0.000177  min_lr: 0.000177  loss: 23.7027 (23.5810)  weight_decay: 0.0500 (0.0500)  grad_norm: 194.9344 (234.7596)
Epoch: [306]  [ 0/35]  eta: 0:10:44  lr: 0.000177  min_lr: 0.000177  loss: 25.2582 (25.2582)  weight_decay: 0.0500 (0.0500)  grad_norm: 223.5206 (223.5206)  time: 18.4020  data: 12.1108  max mem: 34952
Epoch: [306]  [10/35]  eta: 0:01:02  lr: 0.000176  min_lr: 0.000176  loss: 23.3411 (24.0912)  weight_decay: 0.0500 (0.0500)  grad_norm: 189.5099 (200.9168)  time: 2.5044  data: 1.1011  max mem: 34952
Epoch: [306]  [20/35]  eta: 0:00:26  lr: 0.000176  min_lr: 0.000176  loss: 23.3411 (24.3427)  weight_decay: 0.0500 (0.0500)  grad_norm: 184.8879 (208.5275)  time: 0.9118  data: 0.0001  max mem: 34952
Epoch: [306]  [30/35]  eta: 0:00:07  lr: 0.000175  min_lr: 0.000175  loss: 23.1202 (23.7812)  weight_decay: 0.0500 (0.0500)  grad_norm: 223.3167 (230.4615)  time: 0.9068  data: 0.0001  max mem: 34952
Epoch: [306]  [34/35]  eta: 0:00:01  lr: 0.000175  min_lr: 0.000175  loss: 22.9664 (23.8856)  weight_decay: 0.0500 (0.0500)  grad_norm: 224.8437 (229.7961)  time: 0.9034  data: 0.0001  max mem: 34952
Epoch: [306] Total time: 0:00:50 (1.4301 s / it)
Averaged stats: lr: 0.000175  min_lr: 0.000175  loss: 22.9664 (23.7286)  weight_decay: 0.0500 (0.0500)  grad_norm: 224.8437 (229.7961)
Epoch: [307]  [ 0/35]  eta: 0:10:52  lr: 0.000175  min_lr: 0.000175  loss: 18.1833 (18.1833)  weight_decay: 0.0500 (0.0500)  grad_norm: 344.0043 (344.0043)  time: 18.6502  data: 10.9234  max mem: 34952
Epoch: [307]  [10/35]  eta: 0:01:02  lr: 0.000175  min_lr: 0.000175  loss: 25.8030 (23.8109)  weight_decay: 0.0500 (0.0500)  grad_norm: 238.9282 (235.0905)  time: 2.5191  data: 0.9932  max mem: 34952
Epoch: [307]  [20/35]  eta: 0:00:26  lr: 0.000174  min_lr: 0.000174  loss: 25.8030 (24.6140)  weight_decay: 0.0500 (0.0500)  grad_norm: 240.5058 (242.6024)  time: 0.9052  data: 0.0001  max mem: 34952
Epoch: [307]  [30/35]  eta: 0:00:07  lr: 0.000174  min_lr: 0.000174  loss: 23.6856 (24.0973)  weight_decay: 0.0500 (0.0500)  grad_norm: 236.0844 (241.8015)  time: 0.9045  data: 0.0001  max mem: 34952
Epoch: [307]  [34/35]  eta: 0:00:01  lr: 0.000174  min_lr: 0.000174  loss: 23.9909 (24.3000)  weight_decay: 0.0500 (0.0500)  grad_norm: 233.0807 (241.9155)  time: 0.9041  data: 0.0001  max mem: 34952
Epoch: [307] Total time: 0:00:50 (1.4361 s / it)
Averaged stats: lr: 0.000174  min_lr: 0.000174  loss: 23.9909 (23.9976)  weight_decay: 0.0500 (0.0500)  grad_norm: 233.0807 (241.9155)
Epoch: [308]  [ 0/35]  eta: 0:11:14  lr: 0.000174  min_lr: 0.000174  loss: 22.3765 (22.3765)  weight_decay: 0.0500 (0.0500)  grad_norm: 316.4760 (316.4760)  time: 19.2589  data: 14.8460  max mem: 34952
Epoch: [308]  [10/35]  eta: 0:01:04  lr: 0.000173  min_lr: 0.000173  loss: 22.9872 (23.6004)  weight_decay: 0.0500 (0.0500)  grad_norm: 221.3038 (217.2378)  time: 2.5878  data: 1.3498  max mem: 34952
Epoch: [308]  [20/35]  eta: 0:00:26  lr: 0.000173  min_lr: 0.000173  loss: 24.0334 (24.5034)  weight_decay: 0.0500 (0.0500)  grad_norm: 173.9307 (195.4621)  time: 0.9194  data: 0.0001  max mem: 34952
Epoch: [308]  [30/35]  eta: 0:00:07  lr: 0.000172  min_lr: 0.000172  loss: 24.0334 (24.3564)  weight_decay: 0.0500 (0.0500)  grad_norm: 187.1294 (201.4354)  time: 0.9139  data: 0.0001  max mem: 34952
Epoch: [308]  [34/35]  eta: 0:00:01  lr: 0.000172  min_lr: 0.000172  loss: 24.3727 (24.5341)  weight_decay: 0.0500 (0.0500)  grad_norm: 187.3198 (210.4623)  time: 0.9112  data: 0.0001  max mem: 34952
Epoch: [308] Total time: 0:00:51 (1.4618 s / it)
Averaged stats: lr: 0.000172  min_lr: 0.000172  loss: 24.3727 (23.8548)  weight_decay: 0.0500 (0.0500)  grad_norm: 187.3198 (210.4623)
Epoch: [309]  [ 0/35]  eta: 0:11:15  lr: 0.000172  min_lr: 0.000172  loss: 27.9085 (27.9085)  weight_decay: 0.0500 (0.0500)  grad_norm: 129.1293 (129.1293)  time: 19.3002  data: 14.6315  max mem: 34952
Epoch: [309]  [10/35]  eta: 0:01:04  lr: 0.000172  min_lr: 0.000172  loss: 22.5010 (23.1510)  weight_decay: 0.0500 (0.0500)  grad_norm: 243.3990 (235.0480)  time: 2.5809  data: 1.3303  max mem: 34952
Epoch: [309]  [20/35]  eta: 0:00:26  lr: 0.000171  min_lr: 0.000171  loss: 22.5010 (23.1693)  weight_decay: 0.0500 (0.0500)  grad_norm: 243.3990 (237.4934)  time: 0.9116  data: 0.0001  max mem: 34952
Epoch: [309]  [30/35]  eta: 0:00:07  lr: 0.000171  min_lr: 0.000171  loss: 24.1304 (23.6081)  weight_decay: 0.0500 (0.0500)  grad_norm: 254.4462 (253.3834)  time: 0.9132  data: 0.0001  max mem: 34952
Epoch: [309]  [34/35]  eta: 0:00:01  lr: 0.000171  min_lr: 0.000171  loss: 24.2987 (23.6950)  weight_decay: 0.0500 (0.0500)  grad_norm: 254.4462 (247.9937)  time: 0.9090  data: 0.0001  max mem: 34952
Epoch: [309] Total time: 0:00:51 (1.4586 s / it)
Averaged stats: lr: 0.000171  min_lr: 0.000171  loss: 24.2987 (23.7381)  weight_decay: 0.0500 (0.0500)  grad_norm: 254.4462 (247.9937)
Epoch: [310]  [ 0/35]  eta: 0:11:13  lr: 0.000171  min_lr: 0.000171  loss: 23.3606 (23.3606)  weight_decay: 0.0500 (0.0500)  grad_norm: 256.6913 (256.6913)  time: 19.2415  data: 14.0084  max mem: 34952
Epoch: [310]  [10/35]  eta: 0:01:05  lr: 0.000170  min_lr: 0.000170  loss: 22.6713 (22.7785)  weight_decay: 0.0500 (0.0500)  grad_norm: 212.2434 (206.8933)  time: 2.6072  data: 1.2737  max mem: 34952
Epoch: [310]  [20/35]  eta: 0:00:27  lr: 0.000170  min_lr: 0.000170  loss: 22.9344 (23.2414)  weight_decay: 0.0500 (0.0500)  grad_norm: 205.2375 (211.3366)  time: 0.9350  data: 0.0002  max mem: 34952
Epoch: [310]  [30/35]  eta: 0:00:07  lr: 0.000169  min_lr: 0.000169  loss: 23.1854 (23.4284)  weight_decay: 0.0500 (0.0500)  grad_norm: 206.9655 (215.3369)  time: 0.9176  data: 0.0002  max mem: 34952
Epoch: [310]  [34/35]  eta: 0:00:01  lr: 0.000169  min_lr: 0.000169  loss: 23.1854 (23.4425)  weight_decay: 0.0500 (0.0500)  grad_norm: 199.0528 (214.1272)  time: 0.9076  data: 0.0001  max mem: 34952
Epoch: [310] Total time: 0:00:51 (1.4678 s / it)
Averaged stats: lr: 0.000169  min_lr: 0.000169  loss: 23.1854 (23.8135)  weight_decay: 0.0500 (0.0500)  grad_norm: 199.0528 (214.1272)
Epoch: [311]  [ 0/35]  eta: 0:11:11  lr: 0.000169  min_lr: 0.000169  loss: 25.0442 (25.0442)  weight_decay: 0.0500 (0.0500)  grad_norm: 293.1859 (293.1859)  time: 19.1754  data: 13.2521  max mem: 34952
Epoch: [311]  [10/35]  eta: 0:01:04  lr: 0.000169  min_lr: 0.000169  loss: 23.2345 (22.6653)  weight_decay: 0.0500 (0.0500)  grad_norm: 293.1859 (307.4540)  time: 2.5947  data: 1.2049  max mem: 34952
Epoch: [311]  [20/35]  eta: 0:00:26  lr: 0.000168  min_lr: 0.000168  loss: 22.7587 (22.7141)  weight_decay: 0.0500 (0.0500)  grad_norm: 231.0652 (261.0873)  time: 0.9249  data: 0.0002  max mem: 34952
Epoch: [311]  [30/35]  eta: 0:00:07  lr: 0.000168  min_lr: 0.000168  loss: 22.8256 (23.2946)  weight_decay: 0.0500 (0.0500)  grad_norm: 202.2610 (246.6591)  time: 0.9102  data: 0.0002  max mem: 34952
Epoch: [311]  [34/35]  eta: 0:00:01  lr: 0.000168  min_lr: 0.000168  loss: 23.6709 (23.5583)  weight_decay: 0.0500 (0.0500)  grad_norm: 218.1926 (246.0971)  time: 0.9077  data: 0.0002  max mem: 34952
Epoch: [311] Total time: 0:00:51 (1.4601 s / it)
Averaged stats: lr: 0.000168  min_lr: 0.000168  loss: 23.6709 (23.1539)  weight_decay: 0.0500 (0.0500)  grad_norm: 218.1926 (246.0971)
Epoch: [312]  [ 0/35]  eta: 0:11:20  lr: 0.000168  min_lr: 0.000168  loss: 20.7084 (20.7084)  weight_decay: 0.0500 (0.0500)  grad_norm: 246.0257 (246.0257)  time: 19.4314  data: 12.2408  max mem: 34952
Epoch: [312]  [10/35]  eta: 0:01:05  lr: 0.000167  min_lr: 0.000167  loss: 24.2197 (23.0250)  weight_decay: 0.0500 (0.0500)  grad_norm: 246.5988 (254.7105)  time: 2.6095  data: 1.1130  max mem: 34952
Epoch: [312]  [20/35]  eta: 0:00:27  lr: 0.000167  min_lr: 0.000167  loss: 24.4801 (23.6392)  weight_decay: 0.0500 (0.0500)  grad_norm: 238.6427 (244.9085)  time: 0.9207  data: 0.0002  max mem: 34952
Epoch: [312]  [30/35]  eta: 0:00:07  lr: 0.000166  min_lr: 0.000166  loss: 24.5499 (23.9352)  weight_decay: 0.0500 (0.0500)  grad_norm: 226.8295 (237.1661)  time: 0.9095  data: 0.0001  max mem: 34952
Epoch: [312]  [34/35]  eta: 0:00:01  lr: 0.000166  min_lr: 0.000166  loss: 24.5499 (23.8231)  weight_decay: 0.0500 (0.0500)  grad_norm: 222.5813 (230.2051)  time: 0.9063  data: 0.0001  max mem: 34952
Epoch: [312] Total time: 0:00:51 (1.4649 s / it)
Averaged stats: lr: 0.000166  min_lr: 0.000166  loss: 24.5499 (23.3370)  weight_decay: 0.0500 (0.0500)  grad_norm: 222.5813 (230.2051)
Epoch: [313]  [ 0/35]  eta: 0:11:16  lr: 0.000166  min_lr: 0.000166  loss: 25.1152 (25.1152)  weight_decay: 0.0500 (0.0500)  grad_norm: 146.6492 (146.6492)  time: 19.3305  data: 14.0650  max mem: 34952
Epoch: [313]  [10/35]  eta: 0:01:04  lr: 0.000166  min_lr: 0.000166  loss: 22.5754 (22.3315)  weight_decay: 0.0500 (0.0500)  grad_norm: 211.2881 (208.2518)  time: 2.5925  data: 1.2788  max mem: 34952
Epoch: [313]  [20/35]  eta: 0:00:26  lr: 0.000165  min_lr: 0.000165  loss: 23.0209 (22.9507)  weight_decay: 0.0500 (0.0500)  grad_norm: 213.4713 (224.8823)  time: 0.9150  data: 0.0002  max mem: 34952
Epoch: [313]  [30/35]  eta: 0:00:07  lr: 0.000165  min_lr: 0.000165  loss: 23.6276 (23.1676)  weight_decay: 0.0500 (0.0500)  grad_norm: 220.8753 (234.8290)  time: 0.9112  data: 0.0001  max mem: 34952
Epoch: [313]  [34/35]  eta: 0:00:01  lr: 0.000165  min_lr: 0.000165  loss: 24.6652 (23.3985)  weight_decay: 0.0500 (0.0500)  grad_norm: 218.7061 (231.0138)  time: 0.9079  data: 0.0001  max mem: 34952
Epoch: [313] Total time: 0:00:51 (1.4610 s / it)
Averaged stats: lr: 0.000165  min_lr: 0.000165  loss: 24.6652 (23.2650)  weight_decay: 0.0500 (0.0500)  grad_norm: 218.7061 (231.0138)
Epoch: [314]  [ 0/35]  eta: 0:11:19  lr: 0.000164  min_lr: 0.000164  loss: 26.0043 (26.0043)  weight_decay: 0.0500 (0.0500)  grad_norm: 312.8082 (312.8082)  time: 19.4182  data: 11.1881  max mem: 34952
Epoch: [314]  [10/35]  eta: 0:01:04  lr: 0.000164  min_lr: 0.000164  loss: 24.5460 (24.4646)  weight_decay: 0.0500 (0.0500)  grad_norm: 226.5052 (212.9978)  time: 2.5978  data: 1.0173  max mem: 34952
Epoch: [314]  [20/35]  eta: 0:00:26  lr: 0.000164  min_lr: 0.000164  loss: 23.9627 (24.0872)  weight_decay: 0.0500 (0.0500)  grad_norm: 179.4308 (196.7830)  time: 0.9133  data: 0.0002  max mem: 34952
Epoch: [314]  [30/35]  eta: 0:00:07  lr: 0.000163  min_lr: 0.000163  loss: 21.7630 (23.4206)  weight_decay: 0.0500 (0.0500)  grad_norm: 211.4191 (216.0237)  time: 0.9109  data: 0.0001  max mem: 34952
Epoch: [314]  [34/35]  eta: 0:00:01  lr: 0.000163  min_lr: 0.000163  loss: 22.1420 (23.5569)  weight_decay: 0.0500 (0.0500)  grad_norm: 211.4191 (214.8529)  time: 0.9084  data: 0.0001  max mem: 34952
Epoch: [314] Total time: 0:00:51 (1.4585 s / it)
Averaged stats: lr: 0.000163  min_lr: 0.000163  loss: 22.1420 (23.4327)  weight_decay: 0.0500 (0.0500)  grad_norm: 211.4191 (214.8529)
Epoch: [315]  [ 0/35]  eta: 0:10:40  lr: 0.000163  min_lr: 0.000163  loss: 29.5875 (29.5875)  weight_decay: 0.0500 (0.0500)  grad_norm: 257.9461 (257.9461)  time: 18.3063  data: 15.9205  max mem: 34952
Epoch: [315]  [10/35]  eta: 0:01:02  lr: 0.000163  min_lr: 0.000163  loss: 24.9355 (24.8797)  weight_decay: 0.0500 (0.0500)  grad_norm: 257.9461 (284.5527)  time: 2.4954  data: 1.4475  max mem: 34952
Epoch: [315]  [20/35]  eta: 0:00:26  lr: 0.000162  min_lr: 0.000162  loss: 23.0959 (23.7669)  weight_decay: 0.0500 (0.0500)  grad_norm: 238.5723 (259.4414)  time: 0.9120  data: 0.0001  max mem: 34952
Epoch: [315]  [30/35]  eta: 0:00:07  lr: 0.000162  min_lr: 0.000162  loss: 23.0014 (23.7222)  weight_decay: 0.0500 (0.0500)  grad_norm: 210.3641 (244.0232)  time: 0.9070  data: 0.0001  max mem: 34952
Epoch: [315]  [34/35]  eta: 0:00:01  lr: 0.000162  min_lr: 0.000162  loss: 23.3057 (23.7517)  weight_decay: 0.0500 (0.0500)  grad_norm: 189.8897 (235.8395)  time: 0.9041  data: 0.0001  max mem: 34952
Epoch: [315] Total time: 0:00:49 (1.4264 s / it)
Averaged stats: lr: 0.000162  min_lr: 0.000162  loss: 23.3057 (23.5297)  weight_decay: 0.0500 (0.0500)  grad_norm: 189.8897 (235.8395)
Epoch: [316]  [ 0/35]  eta: 0:11:08  lr: 0.000161  min_lr: 0.000161  loss: 22.5211 (22.5211)  weight_decay: 0.0500 (0.0500)  grad_norm: 329.1314 (329.1314)  time: 19.0893  data: 11.6422  max mem: 34952
Epoch: [316]  [10/35]  eta: 0:01:04  lr: 0.000161  min_lr: 0.000161  loss: 21.7017 (22.9248)  weight_decay: 0.0500 (0.0500)  grad_norm: 182.2924 (191.9412)  time: 2.5667  data: 1.0585  max mem: 34952
Epoch: [316]  [20/35]  eta: 0:00:27  lr: 0.000161  min_lr: 0.000161  loss: 23.2711 (23.9253)  weight_decay: 0.0500 (0.0500)  grad_norm: 173.1528 (181.5325)  time: 0.9425  data: 0.0002  max mem: 34952
Epoch: [316]  [30/35]  eta: 0:00:07  lr: 0.000160  min_lr: 0.000160  loss: 23.1009 (23.6937)  weight_decay: 0.0500 (0.0500)  grad_norm: 181.0894 (182.8383)  time: 0.9396  data: 0.0001  max mem: 34952
Epoch: [316]  [34/35]  eta: 0:00:01  lr: 0.000160  min_lr: 0.000160  loss: 23.1009 (23.9307)  weight_decay: 0.0500 (0.0500)  grad_norm: 173.1528 (177.6178)  time: 0.9400  data: 0.0001  max mem: 34952
Epoch: [316] Total time: 0:00:51 (1.4699 s / it)
Averaged stats: lr: 0.000160  min_lr: 0.000160  loss: 23.1009 (23.6263)  weight_decay: 0.0500 (0.0500)  grad_norm: 173.1528 (177.6178)
Epoch: [317]  [ 0/35]  eta: 0:11:13  lr: 0.000160  min_lr: 0.000160  loss: 24.8468 (24.8468)  weight_decay: 0.0500 (0.0500)  grad_norm: 139.5213 (139.5213)  time: 19.2559  data: 15.3980  max mem: 34952
Epoch: [317]  [10/35]  eta: 0:01:04  lr: 0.000160  min_lr: 0.000160  loss: 23.7252 (23.2001)  weight_decay: 0.0500 (0.0500)  grad_norm: 207.9282 (254.2239)  time: 2.5814  data: 1.4000  max mem: 34952
Epoch: [317]  [20/35]  eta: 0:00:26  lr: 0.000159  min_lr: 0.000159  loss: 21.8974 (23.1992)  weight_decay: 0.0500 (0.0500)  grad_norm: 237.4819 (243.9205)  time: 0.9100  data: 0.0001  max mem: 34952
Epoch: [317]  [30/35]  eta: 0:00:07  lr: 0.000159  min_lr: 0.000159  loss: 22.4931 (23.3117)  weight_decay: 0.0500 (0.0500)  grad_norm: 168.0759 (217.3006)  time: 0.9068  data: 0.0001  max mem: 34952
Epoch: [317]  [34/35]  eta: 0:00:01  lr: 0.000159  min_lr: 0.000159  loss: 22.7542 (23.3664)  weight_decay: 0.0500 (0.0500)  grad_norm: 157.7538 (216.7752)  time: 0.9097  data: 0.0001  max mem: 34952
Epoch: [317] Total time: 0:00:50 (1.4561 s / it)
Averaged stats: lr: 0.000159  min_lr: 0.000159  loss: 22.7542 (23.2181)  weight_decay: 0.0500 (0.0500)  grad_norm: 157.7538 (216.7752)
Epoch: [318]  [ 0/35]  eta: 0:11:06  lr: 0.000158  min_lr: 0.000158  loss: 18.0357 (18.0357)  weight_decay: 0.0500 (0.0500)  grad_norm: 111.8783 (111.8783)  time: 19.0395  data: 11.5091  max mem: 34952
Epoch: [318]  [10/35]  eta: 0:01:03  lr: 0.000158  min_lr: 0.000158  loss: 22.1479 (22.5162)  weight_decay: 0.0500 (0.0500)  grad_norm: 187.9576 (213.9907)  time: 2.5595  data: 1.0464  max mem: 34952
Epoch: [318]  [20/35]  eta: 0:00:26  lr: 0.000158  min_lr: 0.000158  loss: 22.7746 (23.2195)  weight_decay: 0.0500 (0.0500)  grad_norm: 220.1869 (241.7484)  time: 0.9068  data: 0.0001  max mem: 34952
Epoch: [318]  [30/35]  eta: 0:00:07  lr: 0.000157  min_lr: 0.000157  loss: 22.7280 (22.8889)  weight_decay: 0.0500 (0.0500)  grad_norm: 226.9006 (238.0142)  time: 0.9013  data: 0.0001  max mem: 34952
Epoch: [318]  [34/35]  eta: 0:00:01  lr: 0.000157  min_lr: 0.000157  loss: 22.7746 (23.1557)  weight_decay: 0.0500 (0.0500)  grad_norm: 202.8671 (233.6986)  time: 0.9010  data: 0.0001  max mem: 34952
Epoch: [318] Total time: 0:00:50 (1.4456 s / it)
Averaged stats: lr: 0.000157  min_lr: 0.000157  loss: 22.7746 (22.9050)  weight_decay: 0.0500 (0.0500)  grad_norm: 202.8671 (233.6986)
Epoch: [319]  [ 0/35]  eta: 0:10:48  lr: 0.000157  min_lr: 0.000157  loss: 22.4096 (22.4096)  weight_decay: 0.0500 (0.0500)  grad_norm: 103.9100 (103.9100)  time: 18.5405  data: 14.4229  max mem: 34952
Epoch: [319]  [10/35]  eta: 0:01:02  lr: 0.000157  min_lr: 0.000157  loss: 22.4234 (22.7295)  weight_decay: 0.0500 (0.0500)  grad_norm: 184.6539 (199.8010)  time: 2.5123  data: 1.3113  max mem: 34952
Epoch: [319]  [20/35]  eta: 0:00:26  lr: 0.000156  min_lr: 0.000156  loss: 23.3858 (23.5688)  weight_decay: 0.0500 (0.0500)  grad_norm: 201.4436 (222.2975)  time: 0.9075  data: 0.0002  max mem: 34952
Epoch: [319]  [30/35]  eta: 0:00:07  lr: 0.000156  min_lr: 0.000156  loss: 24.0998 (24.1149)  weight_decay: 0.0500 (0.0500)  grad_norm: 236.0930 (221.4337)  time: 0.9035  data: 0.0001  max mem: 34952
Epoch: [319]  [34/35]  eta: 0:00:01  lr: 0.000156  min_lr: 0.000156  loss: 24.0998 (23.9963)  weight_decay: 0.0500 (0.0500)  grad_norm: 234.0599 (225.0834)  time: 0.9034  data: 0.0002  max mem: 34952
Epoch: [319] Total time: 0:00:50 (1.4304 s / it)
Averaged stats: lr: 0.000156  min_lr: 0.000156  loss: 24.0998 (23.1949)  weight_decay: 0.0500 (0.0500)  grad_norm: 234.0599 (225.0834)
Epoch: [320]  [ 0/35]  eta: 0:11:00  lr: 0.000155  min_lr: 0.000155  loss: 22.2338 (22.2338)  weight_decay: 0.0500 (0.0500)  grad_norm: 190.6689 (190.6689)  time: 18.8663  data: 16.8552  max mem: 34952
Epoch: [320]  [10/35]  eta: 0:01:03  lr: 0.000155  min_lr: 0.000155  loss: 22.9173 (23.2584)  weight_decay: 0.0500 (0.0500)  grad_norm: 157.4024 (164.3127)  time: 2.5445  data: 1.5324  max mem: 34952
Epoch: [320]  [20/35]  eta: 0:00:26  lr: 0.000155  min_lr: 0.000155  loss: 21.6510 (22.6144)  weight_decay: 0.0500 (0.0500)  grad_norm: 186.1046 (198.8432)  time: 0.9102  data: 0.0001  max mem: 34952
Epoch: [320]  [30/35]  eta: 0:00:07  lr: 0.000154  min_lr: 0.000154  loss: 21.7559 (22.4873)  weight_decay: 0.0500 (0.0500)  grad_norm: 221.9073 (201.6000)  time: 0.9078  data: 0.0001  max mem: 34952
Epoch: [320]  [34/35]  eta: 0:00:01  lr: 0.000154  min_lr: 0.000154  loss: 21.9949 (22.5765)  weight_decay: 0.0500 (0.0500)  grad_norm: 221.9073 (202.2424)  time: 0.9058  data: 0.0001  max mem: 34952
Epoch: [320] Total time: 0:00:50 (1.4438 s / it)
Averaged stats: lr: 0.000154  min_lr: 0.000154  loss: 21.9949 (22.8113)  weight_decay: 0.0500 (0.0500)  grad_norm: 221.9073 (202.2424)
Epoch: [321]  [ 0/35]  eta: 0:10:52  lr: 0.000154  min_lr: 0.000154  loss: 27.0619 (27.0619)  weight_decay: 0.0500 (0.0500)  grad_norm: 241.1608 (241.1608)  time: 18.6304  data: 16.0373  max mem: 34952
Epoch: [321]  [10/35]  eta: 0:01:04  lr: 0.000154  min_lr: 0.000154  loss: 23.9441 (23.3074)  weight_decay: 0.0500 (0.0500)  grad_norm: 179.1603 (181.6511)  time: 2.5642  data: 1.4581  max mem: 34952
Epoch: [321]  [20/35]  eta: 0:00:26  lr: 0.000153  min_lr: 0.000153  loss: 22.0008 (22.9125)  weight_decay: 0.0500 (0.0500)  grad_norm: 193.8260 (194.3874)  time: 0.9293  data: 0.0001  max mem: 34952
Epoch: [321]  [30/35]  eta: 0:00:07  lr: 0.000153  min_lr: 0.000153  loss: 21.7687 (22.7314)  weight_decay: 0.0500 (0.0500)  grad_norm: 209.2503 (198.8623)  time: 0.9015  data: 0.0001  max mem: 34952
Epoch: [321]  [34/35]  eta: 0:00:01  lr: 0.000153  min_lr: 0.000153  loss: 23.0258 (23.0314)  weight_decay: 0.0500 (0.0500)  grad_norm: 209.2503 (197.4062)  time: 0.9013  data: 0.0001  max mem: 34952
Epoch: [321] Total time: 0:00:50 (1.4457 s / it)
Averaged stats: lr: 0.000153  min_lr: 0.000153  loss: 23.0258 (22.8509)  weight_decay: 0.0500 (0.0500)  grad_norm: 209.2503 (197.4062)
Epoch: [322]  [ 0/35]  eta: 0:10:26  lr: 0.000152  min_lr: 0.000152  loss: 27.4879 (27.4879)  weight_decay: 0.0500 (0.0500)  grad_norm: 181.7432 (181.7432)  time: 17.8874  data: 12.7063  max mem: 34952
Epoch: [322]  [10/35]  eta: 0:01:02  lr: 0.000152  min_lr: 0.000152  loss: 19.6054 (20.2228)  weight_decay: 0.0500 (0.0500)  grad_norm: 181.7432 (203.3441)  time: 2.5160  data: 1.1553  max mem: 34952
Epoch: [322]  [20/35]  eta: 0:00:26  lr: 0.000152  min_lr: 0.000152  loss: 21.2254 (21.5530)  weight_decay: 0.0500 (0.0500)  grad_norm: 185.0412 (196.4986)  time: 0.9422  data: 0.0001  max mem: 34952
Epoch: [322]  [30/35]  eta: 0:00:07  lr: 0.000151  min_lr: 0.000151  loss: 22.7912 (21.9213)  weight_decay: 0.0500 (0.0500)  grad_norm: 151.3751 (177.7062)  time: 0.9053  data: 0.0002  max mem: 34952
Epoch: [322]  [34/35]  eta: 0:00:01  lr: 0.000151  min_lr: 0.000151  loss: 22.7912 (22.1458)  weight_decay: 0.0500 (0.0500)  grad_norm: 173.6123 (185.9840)  time: 0.9020  data: 0.0001  max mem: 34952
Epoch: [322] Total time: 0:00:50 (1.4344 s / it)
Averaged stats: lr: 0.000151  min_lr: 0.000151  loss: 22.7912 (22.3854)  weight_decay: 0.0500 (0.0500)  grad_norm: 173.6123 (185.9840)
Epoch: [323]  [ 0/35]  eta: 0:11:16  lr: 0.000151  min_lr: 0.000151  loss: 20.3948 (20.3948)  weight_decay: 0.0500 (0.0500)  grad_norm: 235.6483 (235.6483)  time: 19.3227  data: 16.9019  max mem: 34952
Epoch: [323]  [10/35]  eta: 0:01:04  lr: 0.000151  min_lr: 0.000151  loss: 22.2485 (22.8480)  weight_decay: 0.0500 (0.0500)  grad_norm: 260.1904 (257.3002)  time: 2.5855  data: 1.5367  max mem: 34952
Epoch: [323]  [20/35]  eta: 0:00:26  lr: 0.000150  min_lr: 0.000150  loss: 23.5809 (23.0231)  weight_decay: 0.0500 (0.0500)  grad_norm: 234.0918 (242.6802)  time: 0.9151  data: 0.0002  max mem: 34952
Epoch: [323]  [30/35]  eta: 0:00:07  lr: 0.000150  min_lr: 0.000150  loss: 23.6668 (22.7635)  weight_decay: 0.0500 (0.0500)  grad_norm: 192.2223 (225.0969)  time: 0.9122  data: 0.0002  max mem: 34952
Epoch: [323]  [34/35]  eta: 0:00:01  lr: 0.000150  min_lr: 0.000150  loss: 23.6668 (23.0620)  weight_decay: 0.0500 (0.0500)  grad_norm: 205.9138 (224.2263)  time: 0.9110  data: 0.0002  max mem: 34952
Epoch: [323] Total time: 0:00:50 (1.4569 s / it)
Averaged stats: lr: 0.000150  min_lr: 0.000150  loss: 23.6668 (22.9485)  weight_decay: 0.0500 (0.0500)  grad_norm: 205.9138 (224.2263)
Epoch: [324]  [ 0/35]  eta: 0:11:17  lr: 0.000150  min_lr: 0.000150  loss: 24.5991 (24.5991)  weight_decay: 0.0500 (0.0500)  grad_norm: 231.5500 (231.5500)  time: 19.3699  data: 12.2701  max mem: 34952
Epoch: [324]  [10/35]  eta: 0:01:04  lr: 0.000149  min_lr: 0.000149  loss: 22.6192 (22.3834)  weight_decay: 0.0500 (0.0500)  grad_norm: 231.5500 (218.1480)  time: 2.5884  data: 1.1156  max mem: 34952
Epoch: [324]  [20/35]  eta: 0:00:26  lr: 0.000149  min_lr: 0.000149  loss: 22.6192 (22.9538)  weight_decay: 0.0500 (0.0500)  grad_norm: 205.0503 (213.3058)  time: 0.9072  data: 0.0001  max mem: 34952
Epoch: [324]  [30/35]  eta: 0:00:07  lr: 0.000148  min_lr: 0.000148  loss: 23.2515 (23.2822)  weight_decay: 0.0500 (0.0500)  grad_norm: 237.4482 (242.2288)  time: 0.9041  data: 0.0001  max mem: 34952
Epoch: [324]  [34/35]  eta: 0:00:01  lr: 0.000148  min_lr: 0.000148  loss: 23.0556 (23.1524)  weight_decay: 0.0500 (0.0500)  grad_norm: 250.0773 (233.0943)  time: 0.9039  data: 0.0001  max mem: 34952
Epoch: [324] Total time: 0:00:50 (1.4554 s / it)
Averaged stats: lr: 0.000148  min_lr: 0.000148  loss: 23.0556 (22.6754)  weight_decay: 0.0500 (0.0500)  grad_norm: 250.0773 (233.0943)
Epoch: [325]  [ 0/35]  eta: 0:10:15  lr: 0.000148  min_lr: 0.000148  loss: 30.3220 (30.3220)  weight_decay: 0.0500 (0.0500)  grad_norm: 177.2443 (177.2443)  time: 17.5988  data: 16.6204  max mem: 34952
Epoch: [325]  [10/35]  eta: 0:01:00  lr: 0.000148  min_lr: 0.000148  loss: 21.9891 (23.3954)  weight_decay: 0.0500 (0.0500)  grad_norm: 148.6361 (157.9523)  time: 2.4363  data: 1.5111  max mem: 34952
Epoch: [325]  [20/35]  eta: 0:00:25  lr: 0.000147  min_lr: 0.000147  loss: 21.8586 (23.0033)  weight_decay: 0.0500 (0.0500)  grad_norm: 149.2310 (169.4542)  time: 0.9167  data: 0.0002  max mem: 34952
Epoch: [325]  [30/35]  eta: 0:00:07  lr: 0.000147  min_lr: 0.000147  loss: 22.2176 (23.0219)  weight_decay: 0.0500 (0.0500)  grad_norm: 188.8818 (185.4957)  time: 0.9115  data: 0.0001  max mem: 34952
Epoch: [325]  [34/35]  eta: 0:00:01  lr: 0.000147  min_lr: 0.000147  loss: 23.1931 (23.0441)  weight_decay: 0.0500 (0.0500)  grad_norm: 190.4055 (185.3115)  time: 0.9090  data: 0.0001  max mem: 34952
Epoch: [325] Total time: 0:00:49 (1.4135 s / it)
Averaged stats: lr: 0.000147  min_lr: 0.000147  loss: 23.1931 (22.6121)  weight_decay: 0.0500 (0.0500)  grad_norm: 190.4055 (185.3115)
[Eval]   [0/1]  eta: 0:00:04  loss: 61.8413 (61.8413)  time: 4.0962  data: 3.9973  max mem: 34952
[Eval]  Total time: 0:00:04 (4.2972 s / it)
Eval averaged stats: loss: 61.8413 (65.7320)
Epoch: [326]  [ 0/35]  eta: 0:27:21  lr: 0.000147  min_lr: 0.000147  loss: 17.4248 (17.4248)  weight_decay: 0.0500 (0.0500)  grad_norm: 219.7757 (219.7757)  time: 46.9055  data: 45.8914  max mem: 34952
Epoch: [326]  [10/35]  eta: 0:02:10  lr: 0.000146  min_lr: 0.000146  loss: 23.1761 (22.6850)  weight_decay: 0.0500 (0.0500)  grad_norm: 190.6903 (183.9275)  time: 5.2223  data: 4.1721  max mem: 34952
Epoch: [326]  [20/35]  eta: 0:00:47  lr: 0.000146  min_lr: 0.000146  loss: 23.1761 (23.9498)  weight_decay: 0.0500 (0.0500)  grad_norm: 156.8287 (176.5416)  time: 0.9816  data: 0.0001  max mem: 34952
Epoch: [326]  [30/35]  eta: 0:00:12  lr: 0.000145  min_lr: 0.000145  loss: 22.7697 (23.8998)  weight_decay: 0.0500 (0.0500)  grad_norm: 183.4439 (193.5742)  time: 0.9051  data: 0.0001  max mem: 34952
Epoch: [326]  [34/35]  eta: 0:00:02  lr: 0.000145  min_lr: 0.000145  loss: 22.6405 (23.9069)  weight_decay: 0.0500 (0.0500)  grad_norm: 183.4439 (188.1694)  time: 0.9044  data: 0.0001  max mem: 34952
Epoch: [326] Total time: 0:01:19 (2.2853 s / it)
Averaged stats: lr: 0.000145  min_lr: 0.000145  loss: 22.6405 (23.0197)  weight_decay: 0.0500 (0.0500)  grad_norm: 183.4439 (188.1694)
Epoch: [327]  [ 0/35]  eta: 0:11:14  lr: 0.000145  min_lr: 0.000145  loss: 26.1555 (26.1555)  weight_decay: 0.0500 (0.0500)  grad_norm: 102.9592 (102.9592)  time: 19.2585  data: 12.5033  max mem: 34952
Epoch: [327]  [10/35]  eta: 0:01:04  lr: 0.000145  min_lr: 0.000145  loss: 21.5589 (22.0479)  weight_decay: 0.0500 (0.0500)  grad_norm: 156.0040 (182.2627)  time: 2.5846  data: 1.1368  max mem: 34952
Epoch: [327]  [20/35]  eta: 0:00:26  lr: 0.000144  min_lr: 0.000144  loss: 21.5589 (22.1003)  weight_decay: 0.0500 (0.0500)  grad_norm: 166.5509 (188.9923)  time: 0.9172  data: 0.0002  max mem: 34952
Epoch: [327]  [30/35]  eta: 0:00:07  lr: 0.000144  min_lr: 0.000144  loss: 22.2154 (22.3343)  weight_decay: 0.0500 (0.0500)  grad_norm: 200.5572 (197.1593)  time: 0.9122  data: 0.0001  max mem: 34952
Epoch: [327]  [34/35]  eta: 0:00:01  lr: 0.000144  min_lr: 0.000144  loss: 24.0758 (22.4858)  weight_decay: 0.0500 (0.0500)  grad_norm: 195.2967 (192.4609)  time: 0.9074  data: 0.0001  max mem: 34952
Epoch: [327] Total time: 0:00:51 (1.4590 s / it)
Averaged stats: lr: 0.000144  min_lr: 0.000144  loss: 24.0758 (22.5540)  weight_decay: 0.0500 (0.0500)  grad_norm: 195.2967 (192.4609)
Epoch: [328]  [ 0/35]  eta: 0:11:23  lr: 0.000144  min_lr: 0.000144  loss: 18.8946 (18.8946)  weight_decay: 0.0500 (0.0500)  grad_norm: 238.3367 (238.3367)  time: 19.5169  data: 14.4641  max mem: 34952
Epoch: [328]  [10/35]  eta: 0:01:05  lr: 0.000143  min_lr: 0.000143  loss: 20.0547 (20.6670)  weight_decay: 0.0500 (0.0500)  grad_norm: 236.9867 (230.4836)  time: 2.6071  data: 1.3151  max mem: 34952
Epoch: [328]  [20/35]  eta: 0:00:26  lr: 0.000143  min_lr: 0.000143  loss: 21.6505 (22.2448)  weight_decay: 0.0500 (0.0500)  grad_norm: 184.7791 (206.3532)  time: 0.9125  data: 0.0001  max mem: 34952
Epoch: [328]  [30/35]  eta: 0:00:07  lr: 0.000142  min_lr: 0.000142  loss: 23.5375 (22.8055)  weight_decay: 0.0500 (0.0500)  grad_norm: 164.8485 (193.4764)  time: 0.9081  data: 0.0001  max mem: 34952
Epoch: [328]  [34/35]  eta: 0:00:01  lr: 0.000142  min_lr: 0.000142  loss: 23.4199 (22.6105)  weight_decay: 0.0500 (0.0500)  grad_norm: 164.8485 (203.7736)  time: 0.9054  data: 0.0001  max mem: 34952
Epoch: [328] Total time: 0:00:51 (1.4623 s / it)
Averaged stats: lr: 0.000142  min_lr: 0.000142  loss: 23.4199 (22.6963)  weight_decay: 0.0500 (0.0500)  grad_norm: 164.8485 (203.7736)
Epoch: [329]  [ 0/35]  eta: 0:11:20  lr: 0.000142  min_lr: 0.000142  loss: 19.9343 (19.9343)  weight_decay: 0.0500 (0.0500)  grad_norm: 296.4008 (296.4008)  time: 19.4455  data: 16.0424  max mem: 34952
Epoch: [329]  [10/35]  eta: 0:01:04  lr: 0.000142  min_lr: 0.000142  loss: 21.9135 (21.5880)  weight_decay: 0.0500 (0.0500)  grad_norm: 222.0615 (223.4817)  time: 2.5945  data: 1.4586  max mem: 34952
Epoch: [329]  [20/35]  eta: 0:00:26  lr: 0.000141  min_lr: 0.000141  loss: 22.0016 (22.4906)  weight_decay: 0.0500 (0.0500)  grad_norm: 229.9952 (243.6846)  time: 0.9069  data: 0.0002  max mem: 34952
Epoch: [329]  [30/35]  eta: 0:00:07  lr: 0.000141  min_lr: 0.000141  loss: 22.2653 (22.5246)  weight_decay: 0.0500 (0.0500)  grad_norm: 204.7948 (219.5186)  time: 0.9063  data: 0.0001  max mem: 34952
Epoch: [329]  [34/35]  eta: 0:00:01  lr: 0.000141  min_lr: 0.000141  loss: 22.2653 (22.3353)  weight_decay: 0.0500 (0.0500)  grad_norm: 183.1936 (215.9980)  time: 0.9052  data: 0.0001  max mem: 34952
Epoch: [329] Total time: 0:00:51 (1.4582 s / it)
Averaged stats: lr: 0.000141  min_lr: 0.000141  loss: 22.2653 (22.2925)  weight_decay: 0.0500 (0.0500)  grad_norm: 183.1936 (215.9980)
Epoch: [330]  [ 0/35]  eta: 0:11:26  lr: 0.000141  min_lr: 0.000141  loss: 21.8884 (21.8884)  weight_decay: 0.0500 (0.0500)  grad_norm: 143.3681 (143.3681)  time: 19.6258  data: 14.4941  max mem: 34952
Epoch: [330]  [10/35]  eta: 0:01:05  lr: 0.000140  min_lr: 0.000140  loss: 21.8884 (22.0987)  weight_decay: 0.0500 (0.0500)  grad_norm: 176.2463 (176.3760)  time: 2.6081  data: 1.3178  max mem: 34952
Epoch: [330]  [20/35]  eta: 0:00:26  lr: 0.000140  min_lr: 0.000140  loss: 22.7417 (23.1029)  weight_decay: 0.0500 (0.0500)  grad_norm: 176.2463 (176.6774)  time: 0.9061  data: 0.0001  max mem: 34952
Epoch: [330]  [30/35]  eta: 0:00:07  lr: 0.000139  min_lr: 0.000139  loss: 22.8395 (23.2564)  weight_decay: 0.0500 (0.0500)  grad_norm: 153.4518 (177.9589)  time: 0.9040  data: 0.0001  max mem: 34952
Epoch: [330]  [34/35]  eta: 0:00:01  lr: 0.000139  min_lr: 0.000139  loss: 22.8951 (23.2819)  weight_decay: 0.0500 (0.0500)  grad_norm: 183.1875 (180.4387)  time: 0.9043  data: 0.0001  max mem: 34952
Epoch: [330] Total time: 0:00:51 (1.4623 s / it)
Averaged stats: lr: 0.000139  min_lr: 0.000139  loss: 22.8951 (22.7037)  weight_decay: 0.0500 (0.0500)  grad_norm: 183.1875 (180.4387)
Epoch: [331]  [ 0/35]  eta: 0:11:14  lr: 0.000139  min_lr: 0.000139  loss: 19.9311 (19.9311)  weight_decay: 0.0500 (0.0500)  grad_norm: 157.6482 (157.6482)  time: 19.2635  data: 18.2828  max mem: 34952
Epoch: [331]  [10/35]  eta: 0:01:04  lr: 0.000139  min_lr: 0.000139  loss: 23.3909 (22.7709)  weight_decay: 0.0500 (0.0500)  grad_norm: 174.4616 (201.3597)  time: 2.5773  data: 1.6622  max mem: 34952
Epoch: [331]  [20/35]  eta: 0:00:26  lr: 0.000138  min_lr: 0.000138  loss: 23.1440 (22.4956)  weight_decay: 0.0500 (0.0500)  grad_norm: 210.8038 (220.5926)  time: 0.9076  data: 0.0001  max mem: 34952
Epoch: [331]  [30/35]  eta: 0:00:07  lr: 0.000138  min_lr: 0.000138  loss: 22.0465 (22.8031)  weight_decay: 0.0500 (0.0500)  grad_norm: 187.3945 (204.0170)  time: 0.9054  data: 0.0001  max mem: 34952
Epoch: [331]  [34/35]  eta: 0:00:01  lr: 0.000138  min_lr: 0.000138  loss: 23.3671 (22.8857)  weight_decay: 0.0500 (0.0500)  grad_norm: 165.9100 (202.8321)  time: 0.9017  data: 0.0001  max mem: 34952
Epoch: [331] Total time: 0:00:50 (1.4523 s / it)
Averaged stats: lr: 0.000138  min_lr: 0.000138  loss: 23.3671 (22.3076)  weight_decay: 0.0500 (0.0500)  grad_norm: 165.9100 (202.8321)
Epoch: [332]  [ 0/35]  eta: 0:11:08  lr: 0.000138  min_lr: 0.000138  loss: 21.3741 (21.3741)  weight_decay: 0.0500 (0.0500)  grad_norm: 181.2575 (181.2575)  time: 19.0957  data: 14.6011  max mem: 34952
Epoch: [332]  [10/35]  eta: 0:01:04  lr: 0.000137  min_lr: 0.000137  loss: 21.3741 (21.0149)  weight_decay: 0.0500 (0.0500)  grad_norm: 181.2575 (177.8342)  time: 2.5640  data: 1.3275  max mem: 34952
Epoch: [332]  [20/35]  eta: 0:00:26  lr: 0.000137  min_lr: 0.000137  loss: 21.2963 (22.1283)  weight_decay: 0.0500 (0.0500)  grad_norm: 210.6837 (252.9265)  time: 0.9100  data: 0.0001  max mem: 34952
Epoch: [332]  [30/35]  eta: 0:00:07  lr: 0.000137  min_lr: 0.000137  loss: 21.8825 (22.2884)  weight_decay: 0.0500 (0.0500)  grad_norm: 296.1887 (260.4897)  time: 0.9060  data: 0.0001  max mem: 34952
Epoch: [332]  [34/35]  eta: 0:00:01  lr: 0.000136  min_lr: 0.000136  loss: 22.6532 (22.4406)  weight_decay: 0.0500 (0.0500)  grad_norm: 303.8296 (261.6179)  time: 0.9026  data: 0.0001  max mem: 34952
Epoch: [332] Total time: 0:00:50 (1.4490 s / it)
Averaged stats: lr: 0.000136  min_lr: 0.000136  loss: 22.6532 (22.3131)  weight_decay: 0.0500 (0.0500)  grad_norm: 303.8296 (261.6179)
Epoch: [333]  [ 0/35]  eta: 0:11:29  lr: 0.000136  min_lr: 0.000136  loss: 22.1893 (22.1893)  weight_decay: 0.0500 (0.0500)  grad_norm: 224.0628 (224.0628)  time: 19.6902  data: 14.4734  max mem: 34952
Epoch: [333]  [10/35]  eta: 0:01:05  lr: 0.000136  min_lr: 0.000136  loss: 22.0094 (22.2914)  weight_decay: 0.0500 (0.0500)  grad_norm: 209.6528 (205.8335)  time: 2.6134  data: 1.3159  max mem: 34952
Epoch: [333]  [20/35]  eta: 0:00:26  lr: 0.000136  min_lr: 0.000136  loss: 21.5956 (22.4479)  weight_decay: 0.0500 (0.0500)  grad_norm: 253.2156 (253.9946)  time: 0.9054  data: 0.0001  max mem: 34952
Epoch: [333]  [30/35]  eta: 0:00:07  lr: 0.000135  min_lr: 0.000135  loss: 22.2686 (22.6079)  weight_decay: 0.0500 (0.0500)  grad_norm: 336.5450 (270.9791)  time: 0.9044  data: 0.0001  max mem: 34952
Epoch: [333]  [34/35]  eta: 0:00:01  lr: 0.000135  min_lr: 0.000135  loss: 22.2755 (22.7346)  weight_decay: 0.0500 (0.0500)  grad_norm: 267.1429 (265.5917)  time: 0.9023  data: 0.0001  max mem: 34952
Epoch: [333] Total time: 0:00:51 (1.4645 s / it)
Averaged stats: lr: 0.000135  min_lr: 0.000135  loss: 22.2755 (22.2835)  weight_decay: 0.0500 (0.0500)  grad_norm: 267.1429 (265.5917)
Epoch: [334]  [ 0/35]  eta: 0:10:41  lr: 0.000135  min_lr: 0.000135  loss: 24.5313 (24.5313)  weight_decay: 0.0500 (0.0500)  grad_norm: 247.9763 (247.9763)  time: 18.3306  data: 17.2100  max mem: 34952
Epoch: [334]  [10/35]  eta: 0:01:04  lr: 0.000135  min_lr: 0.000135  loss: 20.9761 (20.6893)  weight_decay: 0.0500 (0.0500)  grad_norm: 211.6788 (220.2767)  time: 2.5747  data: 1.5647  max mem: 34952
Epoch: [334]  [20/35]  eta: 0:00:26  lr: 0.000134  min_lr: 0.000134  loss: 21.6356 (21.5540)  weight_decay: 0.0500 (0.0500)  grad_norm: 211.6788 (228.8022)  time: 0.9527  data: 0.0002  max mem: 34952
Epoch: [334]  [30/35]  eta: 0:00:07  lr: 0.000134  min_lr: 0.000134  loss: 22.7916 (21.9207)  weight_decay: 0.0500 (0.0500)  grad_norm: 236.5405 (226.3745)  time: 0.9055  data: 0.0001  max mem: 34952
Epoch: [334]  [34/35]  eta: 0:00:01  lr: 0.000134  min_lr: 0.000134  loss: 22.9579 (21.9721)  weight_decay: 0.0500 (0.0500)  grad_norm: 236.5405 (230.1075)  time: 0.9051  data: 0.0001  max mem: 34952
Epoch: [334] Total time: 0:00:50 (1.4528 s / it)
Averaged stats: lr: 0.000134  min_lr: 0.000134  loss: 22.9579 (22.3354)  weight_decay: 0.0500 (0.0500)  grad_norm: 236.5405 (230.1075)
Epoch: [335]  [ 0/35]  eta: 0:11:07  lr: 0.000133  min_lr: 0.000133  loss: 23.2184 (23.2184)  weight_decay: 0.0500 (0.0500)  grad_norm: 368.4639 (368.4639)  time: 19.0746  data: 16.8999  max mem: 34952
Epoch: [335]  [10/35]  eta: 0:01:03  lr: 0.000133  min_lr: 0.000133  loss: 21.4694 (21.7693)  weight_decay: 0.0500 (0.0500)  grad_norm: 290.1002 (309.8040)  time: 2.5567  data: 1.5365  max mem: 34952
Epoch: [335]  [20/35]  eta: 0:00:26  lr: 0.000133  min_lr: 0.000133  loss: 21.1868 (21.6429)  weight_decay: 0.0500 (0.0500)  grad_norm: 252.7908 (287.8001)  time: 0.9058  data: 0.0002  max mem: 34952
Epoch: [335]  [30/35]  eta: 0:00:07  lr: 0.000132  min_lr: 0.000132  loss: 21.4570 (21.6689)  weight_decay: 0.0500 (0.0500)  grad_norm: 236.5499 (288.8153)  time: 0.9060  data: 0.0001  max mem: 34952
Epoch: [335]  [34/35]  eta: 0:00:01  lr: 0.000132  min_lr: 0.000132  loss: 22.0179 (21.9520)  weight_decay: 0.0500 (0.0500)  grad_norm: 237.8638 (287.5698)  time: 0.9034  data: 0.0001  max mem: 34952
Epoch: [335] Total time: 0:00:50 (1.4465 s / it)
Averaged stats: lr: 0.000132  min_lr: 0.000132  loss: 22.0179 (21.7939)  weight_decay: 0.0500 (0.0500)  grad_norm: 237.8638 (287.5698)
Epoch: [336]  [ 0/35]  eta: 0:10:41  lr: 0.000132  min_lr: 0.000132  loss: 19.3319 (19.3319)  weight_decay: 0.0500 (0.0500)  grad_norm: 225.5286 (225.5286)  time: 18.3155  data: 16.2023  max mem: 34952
Epoch: [336]  [10/35]  eta: 0:01:03  lr: 0.000132  min_lr: 0.000132  loss: 20.1159 (21.2054)  weight_decay: 0.0500 (0.0500)  grad_norm: 225.5286 (220.8845)  time: 2.5305  data: 1.4731  max mem: 34952
Epoch: [336]  [20/35]  eta: 0:00:26  lr: 0.000131  min_lr: 0.000131  loss: 21.5815 (21.6675)  weight_decay: 0.0500 (0.0500)  grad_norm: 201.9880 (207.6644)  time: 0.9300  data: 0.0002  max mem: 34952
Epoch: [336]  [30/35]  eta: 0:00:07  lr: 0.000131  min_lr: 0.000131  loss: 22.0340 (21.9536)  weight_decay: 0.0500 (0.0500)  grad_norm: 201.9880 (210.6328)  time: 0.9078  data: 0.0001  max mem: 34952
Epoch: [336]  [34/35]  eta: 0:00:01  lr: 0.000131  min_lr: 0.000131  loss: 22.6938 (22.0747)  weight_decay: 0.0500 (0.0500)  grad_norm: 215.7865 (213.3492)  time: 0.9061  data: 0.0001  max mem: 34952
Epoch: [336] Total time: 0:00:50 (1.4401 s / it)
Averaged stats: lr: 0.000131  min_lr: 0.000131  loss: 22.6938 (22.4310)  weight_decay: 0.0500 (0.0500)  grad_norm: 215.7865 (213.3492)
Epoch: [337]  [ 0/35]  eta: 0:11:04  lr: 0.000131  min_lr: 0.000131  loss: 21.0205 (21.0205)  weight_decay: 0.0500 (0.0500)  grad_norm: 226.9648 (226.9648)  time: 18.9764  data: 15.5320  max mem: 34952
Epoch: [337]  [10/35]  eta: 0:01:03  lr: 0.000130  min_lr: 0.000130  loss: 21.0205 (20.8734)  weight_decay: 0.0500 (0.0500)  grad_norm: 181.6270 (190.1649)  time: 2.5540  data: 1.4122  max mem: 34952
Epoch: [337]  [20/35]  eta: 0:00:26  lr: 0.000130  min_lr: 0.000130  loss: 22.5655 (22.1467)  weight_decay: 0.0500 (0.0500)  grad_norm: 214.2278 (211.5627)  time: 0.9098  data: 0.0002  max mem: 34952
Epoch: [337]  [30/35]  eta: 0:00:07  lr: 0.000129  min_lr: 0.000129  loss: 22.7374 (22.2636)  weight_decay: 0.0500 (0.0500)  grad_norm: 239.8773 (246.5823)  time: 0.9072  data: 0.0001  max mem: 34952
Epoch: [337]  [34/35]  eta: 0:00:01  lr: 0.000129  min_lr: 0.000129  loss: 22.7374 (22.2716)  weight_decay: 0.0500 (0.0500)  grad_norm: 291.2643 (256.1905)  time: 0.9049  data: 0.0001  max mem: 34952
Epoch: [337] Total time: 0:00:50 (1.4474 s / it)
Averaged stats: lr: 0.000129  min_lr: 0.000129  loss: 22.7374 (22.1873)  weight_decay: 0.0500 (0.0500)  grad_norm: 291.2643 (256.1905)
Epoch: [338]  [ 0/35]  eta: 0:11:26  lr: 0.000129  min_lr: 0.000129  loss: 22.6010 (22.6010)  weight_decay: 0.0500 (0.0500)  grad_norm: 416.9651 (416.9651)  time: 19.6257  data: 17.7150  max mem: 34952
Epoch: [338]  [10/35]  eta: 0:01:05  lr: 0.000129  min_lr: 0.000129  loss: 22.6010 (22.7116)  weight_decay: 0.0500 (0.0500)  grad_norm: 366.6721 (358.0477)  time: 2.6105  data: 1.6106  max mem: 34952
Epoch: [338]  [20/35]  eta: 0:00:26  lr: 0.000128  min_lr: 0.000128  loss: 22.6434 (23.0431)  weight_decay: 0.0500 (0.0500)  grad_norm: 309.0156 (310.4501)  time: 0.9065  data: 0.0001  max mem: 34952
Epoch: [338]  [30/35]  eta: 0:00:07  lr: 0.000128  min_lr: 0.000128  loss: 21.7140 (22.5006)  weight_decay: 0.0500 (0.0500)  grad_norm: 287.4232 (307.1178)  time: 0.9026  data: 0.0001  max mem: 34952
Epoch: [338]  [34/35]  eta: 0:00:01  lr: 0.000128  min_lr: 0.000128  loss: 21.7140 (22.4063)  weight_decay: 0.0500 (0.0500)  grad_norm: 305.4165 (308.8799)  time: 0.9034  data: 0.0001  max mem: 34952
Epoch: [338] Total time: 0:00:51 (1.4616 s / it)
Averaged stats: lr: 0.000128  min_lr: 0.000128  loss: 21.7140 (22.0614)  weight_decay: 0.0500 (0.0500)  grad_norm: 305.4165 (308.8799)
Epoch: [339]  [ 0/35]  eta: 0:11:18  lr: 0.000128  min_lr: 0.000128  loss: 22.3733 (22.3733)  weight_decay: 0.0500 (0.0500)  grad_norm: 293.2335 (293.2335)  time: 19.3908  data: 17.7318  max mem: 34952
Epoch: [339]  [10/35]  eta: 0:01:04  lr: 0.000127  min_lr: 0.000127  loss: 22.3733 (22.1795)  weight_decay: 0.0500 (0.0500)  grad_norm: 300.3894 (325.0659)  time: 2.5886  data: 1.6122  max mem: 34952
Epoch: [339]  [20/35]  eta: 0:00:26  lr: 0.000127  min_lr: 0.000127  loss: 22.4454 (22.4316)  weight_decay: 0.0500 (0.0500)  grad_norm: 384.0297 (369.7102)  time: 0.9082  data: 0.0002  max mem: 34952
Epoch: [339]  [30/35]  eta: 0:00:07  lr: 0.000127  min_lr: 0.000127  loss: 21.3441 (22.0527)  weight_decay: 0.0500 (0.0500)  grad_norm: 384.0297 (358.1841)  time: 0.9076  data: 0.0002  max mem: 34952
Epoch: [339]  [34/35]  eta: 0:00:01  lr: 0.000126  min_lr: 0.000126  loss: 21.7385 (22.3356)  weight_decay: 0.0500 (0.0500)  grad_norm: 307.7689 (340.6530)  time: 0.9071  data: 0.0001  max mem: 34952
Epoch: [339] Total time: 0:00:51 (1.4603 s / it)
Averaged stats: lr: 0.000126  min_lr: 0.000126  loss: 21.7385 (21.9470)  weight_decay: 0.0500 (0.0500)  grad_norm: 307.7689 (340.6530)
Epoch: [340]  [ 0/35]  eta: 0:11:10  lr: 0.000126  min_lr: 0.000126  loss: 21.3353 (21.3353)  weight_decay: 0.0500 (0.0500)  grad_norm: 198.6504 (198.6504)  time: 19.1455  data: 15.1123  max mem: 34952
Epoch: [340]  [10/35]  eta: 0:01:04  lr: 0.000126  min_lr: 0.000126  loss: 21.3353 (21.2976)  weight_decay: 0.0500 (0.0500)  grad_norm: 182.5377 (184.7412)  time: 2.5699  data: 1.3740  max mem: 34952
Epoch: [340]  [20/35]  eta: 0:00:26  lr: 0.000126  min_lr: 0.000126  loss: 23.1552 (22.4116)  weight_decay: 0.0500 (0.0500)  grad_norm: 210.5584 (236.6368)  time: 0.9098  data: 0.0001  max mem: 34952
Epoch: [340]  [30/35]  eta: 0:00:07  lr: 0.000125  min_lr: 0.000125  loss: 22.5457 (22.4205)  weight_decay: 0.0500 (0.0500)  grad_norm: 310.9273 (256.2065)  time: 0.9055  data: 0.0001  max mem: 34952
Epoch: [340]  [34/35]  eta: 0:00:01  lr: 0.000125  min_lr: 0.000125  loss: 22.1855 (22.3644)  weight_decay: 0.0500 (0.0500)  grad_norm: 294.3703 (255.0044)  time: 0.9034  data: 0.0001  max mem: 34952
Epoch: [340] Total time: 0:00:50 (1.4496 s / it)
Averaged stats: lr: 0.000125  min_lr: 0.000125  loss: 22.1855 (21.8688)  weight_decay: 0.0500 (0.0500)  grad_norm: 294.3703 (255.0044)
Epoch: [341]  [ 0/35]  eta: 0:11:12  lr: 0.000125  min_lr: 0.000125  loss: 21.9029 (21.9029)  weight_decay: 0.0500 (0.0500)  grad_norm: 366.4880 (366.4880)  time: 19.2272  data: 15.0409  max mem: 34952
Epoch: [341]  [10/35]  eta: 0:01:04  lr: 0.000125  min_lr: 0.000125  loss: 20.2244 (20.0558)  weight_decay: 0.0500 (0.0500)  grad_norm: 243.3575 (243.4667)  time: 2.5804  data: 1.3675  max mem: 34952
Epoch: [341]  [20/35]  eta: 0:00:26  lr: 0.000124  min_lr: 0.000124  loss: 20.8856 (21.1691)  weight_decay: 0.0500 (0.0500)  grad_norm: 279.1498 (291.0575)  time: 0.9105  data: 0.0001  max mem: 34952
Epoch: [341]  [30/35]  eta: 0:00:07  lr: 0.000124  min_lr: 0.000124  loss: 20.9891 (21.3979)  weight_decay: 0.0500 (0.0500)  grad_norm: 273.9618 (266.8511)  time: 0.9073  data: 0.0001  max mem: 34952
Epoch: [341]  [34/35]  eta: 0:00:01  lr: 0.000124  min_lr: 0.000124  loss: 20.9891 (21.4725)  weight_decay: 0.0500 (0.0500)  grad_norm: 197.3772 (248.9543)  time: 0.9080  data: 0.0001  max mem: 34952
Epoch: [341] Total time: 0:00:50 (1.4565 s / it)
Averaged stats: lr: 0.000124  min_lr: 0.000124  loss: 20.9891 (21.7141)  weight_decay: 0.0500 (0.0500)  grad_norm: 197.3772 (248.9543)
Epoch: [342]  [ 0/35]  eta: 0:10:28  lr: 0.000124  min_lr: 0.000124  loss: 21.3426 (21.3426)  weight_decay: 0.0500 (0.0500)  grad_norm: 158.9012 (158.9012)  time: 17.9441  data: 12.8092  max mem: 34952
Epoch: [342]  [10/35]  eta: 0:01:03  lr: 0.000123  min_lr: 0.000123  loss: 21.3426 (21.6660)  weight_decay: 0.0500 (0.0500)  grad_norm: 158.9012 (167.7655)  time: 2.5203  data: 1.1646  max mem: 34952
Epoch: [342]  [20/35]  eta: 0:00:26  lr: 0.000123  min_lr: 0.000123  loss: 20.3706 (21.3841)  weight_decay: 0.0500 (0.0500)  grad_norm: 166.9259 (177.0052)  time: 0.9445  data: 0.0002  max mem: 34952
Epoch: [342]  [30/35]  eta: 0:00:07  lr: 0.000122  min_lr: 0.000122  loss: 20.6705 (21.6170)  weight_decay: 0.0500 (0.0500)  grad_norm: 199.1927 (206.1956)  time: 0.9072  data: 0.0002  max mem: 34952
Epoch: [342]  [34/35]  eta: 0:00:01  lr: 0.000122  min_lr: 0.000122  loss: 21.7682 (21.6775)  weight_decay: 0.0500 (0.0500)  grad_norm: 263.6508 (223.3028)  time: 0.9073  data: 0.0002  max mem: 34952
Epoch: [342] Total time: 0:00:50 (1.4361 s / it)
Averaged stats: lr: 0.000122  min_lr: 0.000122  loss: 21.7682 (21.5768)  weight_decay: 0.0500 (0.0500)  grad_norm: 263.6508 (223.3028)
Epoch: [343]  [ 0/35]  eta: 0:11:32  lr: 0.000122  min_lr: 0.000122  loss: 18.5309 (18.5309)  weight_decay: 0.0500 (0.0500)  grad_norm: 343.0902 (343.0902)  time: 19.7793  data: 16.0863  max mem: 34952
Epoch: [343]  [10/35]  eta: 0:01:05  lr: 0.000122  min_lr: 0.000122  loss: 18.5309 (19.2841)  weight_decay: 0.0500 (0.0500)  grad_norm: 334.1966 (312.5660)  time: 2.6214  data: 1.4626  max mem: 34952
Epoch: [343]  [20/35]  eta: 0:00:27  lr: 0.000121  min_lr: 0.000121  loss: 20.6640 (20.7771)  weight_decay: 0.0500 (0.0500)  grad_norm: 358.9732 (353.6590)  time: 0.9069  data: 0.0002  max mem: 34952
Epoch: [343]  [30/35]  eta: 0:00:07  lr: 0.000121  min_lr: 0.000121  loss: 22.5083 (21.3868)  weight_decay: 0.0500 (0.0500)  grad_norm: 345.2737 (332.1062)  time: 0.9052  data: 0.0001  max mem: 34952
Epoch: [343]  [34/35]  eta: 0:00:01  lr: 0.000121  min_lr: 0.000121  loss: 21.4206 (21.6400)  weight_decay: 0.0500 (0.0500)  grad_norm: 305.6379 (315.7238)  time: 0.9028  data: 0.0001  max mem: 34952
Epoch: [343] Total time: 0:00:51 (1.4658 s / it)
Averaged stats: lr: 0.000121  min_lr: 0.000121  loss: 21.4206 (21.5466)  weight_decay: 0.0500 (0.0500)  grad_norm: 305.6379 (315.7238)
Epoch: [344]  [ 0/35]  eta: 0:11:23  lr: 0.000121  min_lr: 0.000121  loss: 25.9369 (25.9369)  weight_decay: 0.0500 (0.0500)  grad_norm: 103.7864 (103.7864)  time: 19.5413  data: 12.1047  max mem: 34952
Epoch: [344]  [10/35]  eta: 0:01:05  lr: 0.000120  min_lr: 0.000120  loss: 21.6516 (21.2701)  weight_decay: 0.0500 (0.0500)  grad_norm: 152.1354 (152.8144)  time: 2.6044  data: 1.1006  max mem: 34952
Epoch: [344]  [20/35]  eta: 0:00:26  lr: 0.000120  min_lr: 0.000120  loss: 22.5743 (22.0319)  weight_decay: 0.0500 (0.0500)  grad_norm: 152.1354 (154.9932)  time: 0.9063  data: 0.0001  max mem: 34952
Epoch: [344]  [30/35]  eta: 0:00:07  lr: 0.000120  min_lr: 0.000120  loss: 22.6782 (22.5573)  weight_decay: 0.0500 (0.0500)  grad_norm: 162.2294 (172.1139)  time: 0.9019  data: 0.0001  max mem: 34952
Epoch: [344]  [34/35]  eta: 0:00:01  lr: 0.000119  min_lr: 0.000119  loss: 22.5743 (22.5466)  weight_decay: 0.0500 (0.0500)  grad_norm: 175.0706 (177.2626)  time: 0.9019  data: 0.0001  max mem: 34952
Epoch: [344] Total time: 0:00:51 (1.4606 s / it)
Averaged stats: lr: 0.000119  min_lr: 0.000119  loss: 22.5743 (21.6918)  weight_decay: 0.0500 (0.0500)  grad_norm: 175.0706 (177.2626)
Epoch: [345]  [ 0/35]  eta: 0:11:43  lr: 0.000119  min_lr: 0.000119  loss: 22.1282 (22.1282)  weight_decay: 0.0500 (0.0500)  grad_norm: 206.1203 (206.1203)  time: 20.0875  data: 16.1197  max mem: 34952
Epoch: [345]  [10/35]  eta: 0:01:06  lr: 0.000119  min_lr: 0.000119  loss: 21.1948 (20.9621)  weight_decay: 0.0500 (0.0500)  grad_norm: 238.4816 (263.4869)  time: 2.6539  data: 1.4656  max mem: 34952
Epoch: [345]  [20/35]  eta: 0:00:27  lr: 0.000119  min_lr: 0.000119  loss: 21.1948 (21.2869)  weight_decay: 0.0500 (0.0500)  grad_norm: 280.6516 (271.5904)  time: 0.9070  data: 0.0001  max mem: 34952
Epoch: [345]  [30/35]  eta: 0:00:07  lr: 0.000118  min_lr: 0.000118  loss: 22.6183 (21.9298)  weight_decay: 0.0500 (0.0500)  grad_norm: 257.1574 (264.3938)  time: 0.9020  data: 0.0001  max mem: 34952
Epoch: [345]  [34/35]  eta: 0:00:01  lr: 0.000118  min_lr: 0.000118  loss: 22.7666 (22.0435)  weight_decay: 0.0500 (0.0500)  grad_norm: 254.3327 (259.9689)  time: 0.9015  data: 0.0001  max mem: 34952
Epoch: [345] Total time: 0:00:51 (1.4747 s / it)
Averaged stats: lr: 0.000118  min_lr: 0.000118  loss: 22.7666 (21.6872)  weight_decay: 0.0500 (0.0500)  grad_norm: 254.3327 (259.9689)
Epoch: [346]  [ 0/35]  eta: 0:11:13  lr: 0.000118  min_lr: 0.000118  loss: 19.4042 (19.4042)  weight_decay: 0.0500 (0.0500)  grad_norm: 190.4430 (190.4430)  time: 19.2531  data: 14.5861  max mem: 34952
Epoch: [346]  [10/35]  eta: 0:01:04  lr: 0.000118  min_lr: 0.000118  loss: 20.3396 (20.8459)  weight_decay: 0.0500 (0.0500)  grad_norm: 265.3048 (266.4948)  time: 2.5768  data: 1.3262  max mem: 34952
Epoch: [346]  [20/35]  eta: 0:00:26  lr: 0.000117  min_lr: 0.000117  loss: 21.9784 (21.6710)  weight_decay: 0.0500 (0.0500)  grad_norm: 299.9989 (304.5101)  time: 0.9080  data: 0.0002  max mem: 34952
Epoch: [346]  [30/35]  eta: 0:00:07  lr: 0.000117  min_lr: 0.000117  loss: 21.6869 (21.6529)  weight_decay: 0.0500 (0.0500)  grad_norm: 233.3182 (270.6483)  time: 0.9057  data: 0.0001  max mem: 34952
Epoch: [346]  [34/35]  eta: 0:00:01  lr: 0.000117  min_lr: 0.000117  loss: 21.5965 (21.7550)  weight_decay: 0.0500 (0.0500)  grad_norm: 198.5238 (259.8958)  time: 0.9044  data: 0.0001  max mem: 34952
Epoch: [346] Total time: 0:00:50 (1.4537 s / it)
Averaged stats: lr: 0.000117  min_lr: 0.000117  loss: 21.5965 (21.5034)  weight_decay: 0.0500 (0.0500)  grad_norm: 198.5238 (259.8958)
Epoch: [347]  [ 0/35]  eta: 0:11:09  lr: 0.000117  min_lr: 0.000117  loss: 20.4016 (20.4016)  weight_decay: 0.0500 (0.0500)  grad_norm: 90.6737 (90.6737)  time: 19.1290  data: 15.4527  max mem: 34952
Epoch: [347]  [10/35]  eta: 0:01:04  lr: 0.000116  min_lr: 0.000116  loss: 20.4016 (20.9597)  weight_decay: 0.0500 (0.0500)  grad_norm: 176.1804 (179.0684)  time: 2.5677  data: 1.4049  max mem: 34952
Epoch: [347]  [20/35]  eta: 0:00:26  lr: 0.000116  min_lr: 0.000116  loss: 21.3050 (21.2438)  weight_decay: 0.0500 (0.0500)  grad_norm: 184.3222 (240.2536)  time: 0.9106  data: 0.0001  max mem: 34952
Epoch: [347]  [30/35]  eta: 0:00:07  lr: 0.000115  min_lr: 0.000115  loss: 21.5644 (21.1744)  weight_decay: 0.0500 (0.0500)  grad_norm: 324.8595 (238.7201)  time: 0.9072  data: 0.0001  max mem: 34952
Epoch: [347]  [34/35]  eta: 0:00:01  lr: 0.000115  min_lr: 0.000115  loss: 22.1378 (21.3349)  weight_decay: 0.0500 (0.0500)  grad_norm: 228.3507 (231.3042)  time: 0.9047  data: 0.0001  max mem: 34952
Epoch: [347] Total time: 0:00:50 (1.4503 s / it)
Averaged stats: lr: 0.000115  min_lr: 0.000115  loss: 22.1378 (21.2211)  weight_decay: 0.0500 (0.0500)  grad_norm: 228.3507 (231.3042)
Epoch: [348]  [ 0/35]  eta: 0:11:33  lr: 0.000115  min_lr: 0.000115  loss: 21.3486 (21.3486)  weight_decay: 0.0500 (0.0500)  grad_norm: 168.5575 (168.5575)  time: 19.8088  data: 17.5623  max mem: 34952
Epoch: [348]  [10/35]  eta: 0:01:05  lr: 0.000115  min_lr: 0.000115  loss: 20.5148 (21.3405)  weight_decay: 0.0500 (0.0500)  grad_norm: 198.2922 (207.0809)  time: 2.6326  data: 1.5967  max mem: 34952
Epoch: [348]  [20/35]  eta: 0:00:27  lr: 0.000114  min_lr: 0.000114  loss: 20.6348 (21.6312)  weight_decay: 0.0500 (0.0500)  grad_norm: 243.0820 (278.7985)  time: 0.9122  data: 0.0001  max mem: 34952
Epoch: [348]  [30/35]  eta: 0:00:07  lr: 0.000114  min_lr: 0.000114  loss: 21.3287 (21.4854)  weight_decay: 0.0500 (0.0500)  grad_norm: 345.0035 (278.1965)  time: 0.9063  data: 0.0001  max mem: 34952
Epoch: [348]  [34/35]  eta: 0:00:01  lr: 0.000114  min_lr: 0.000114  loss: 21.4685 (21.5509)  weight_decay: 0.0500 (0.0500)  grad_norm: 228.1293 (264.0162)  time: 0.9067  data: 0.0001  max mem: 34952
Epoch: [348] Total time: 0:00:51 (1.4716 s / it)
Averaged stats: lr: 0.000114  min_lr: 0.000114  loss: 21.4685 (21.3686)  weight_decay: 0.0500 (0.0500)  grad_norm: 228.1293 (264.0162)
Epoch: [349]  [ 0/35]  eta: 0:11:17  lr: 0.000114  min_lr: 0.000114  loss: 21.5142 (21.5142)  weight_decay: 0.0500 (0.0500)  grad_norm: 157.4582 (157.4582)  time: 19.3515  data: 16.1237  max mem: 34952
Epoch: [349]  [10/35]  eta: 0:01:04  lr: 0.000113  min_lr: 0.000113  loss: 18.2470 (18.8621)  weight_decay: 0.0500 (0.0500)  grad_norm: 157.5384 (151.8925)  time: 2.5869  data: 1.4659  max mem: 34952
Epoch: [349]  [20/35]  eta: 0:00:26  lr: 0.000113  min_lr: 0.000113  loss: 19.2826 (20.3450)  weight_decay: 0.0500 (0.0500)  grad_norm: 168.6812 (208.0440)  time: 0.9097  data: 0.0001  max mem: 34952
Epoch: [349]  [30/35]  eta: 0:00:07  lr: 0.000113  min_lr: 0.000113  loss: 20.5135 (20.4155)  weight_decay: 0.0500 (0.0500)  grad_norm: 247.2598 (235.3363)  time: 0.9065  data: 0.0001  max mem: 34952
Epoch: [349]  [34/35]  eta: 0:00:01  lr: 0.000113  min_lr: 0.000113  loss: 20.2135 (20.5197)  weight_decay: 0.0500 (0.0500)  grad_norm: 253.7629 (242.3042)  time: 0.9077  data: 0.0001  max mem: 34952
Epoch: [349] Total time: 0:00:50 (1.4561 s / it)
Averaged stats: lr: 0.000113  min_lr: 0.000113  loss: 20.2135 (21.0525)  weight_decay: 0.0500 (0.0500)  grad_norm: 253.7629 (242.3042)
Epoch: [350]  [ 0/35]  eta: 0:10:28  lr: 0.000113  min_lr: 0.000113  loss: 18.9952 (18.9952)  weight_decay: 0.0500 (0.0500)  grad_norm: 398.1945 (398.1945)  time: 17.9541  data: 16.6536  max mem: 34952
Epoch: [350]  [10/35]  eta: 0:01:01  lr: 0.000112  min_lr: 0.000112  loss: 19.6270 (20.6644)  weight_decay: 0.0500 (0.0500)  grad_norm: 228.6694 (284.7044)  time: 2.4657  data: 1.5141  max mem: 34952
Epoch: [350]  [20/35]  eta: 0:00:25  lr: 0.000112  min_lr: 0.000112  loss: 20.1512 (21.0086)  weight_decay: 0.0500 (0.0500)  grad_norm: 236.4360 (278.3549)  time: 0.9159  data: 0.0002  max mem: 34952
Epoch: [350]  [30/35]  eta: 0:00:07  lr: 0.000111  min_lr: 0.000111  loss: 20.6456 (20.8620)  weight_decay: 0.0500 (0.0500)  grad_norm: 262.1128 (265.4321)  time: 0.9248  data: 0.0001  max mem: 34952
Epoch: [350]  [34/35]  eta: 0:00:01  lr: 0.000111  min_lr: 0.000111  loss: 21.0906 (21.1411)  weight_decay: 0.0500 (0.0500)  grad_norm: 230.4136 (258.8202)  time: 0.9227  data: 0.0001  max mem: 34952
Epoch: [350] Total time: 0:00:49 (1.4282 s / it)
Averaged stats: lr: 0.000111  min_lr: 0.000111  loss: 21.0906 (21.0947)  weight_decay: 0.0500 (0.0500)  grad_norm: 230.4136 (258.8202)
[Eval]   [0/1]  eta: 0:00:03  loss: 50.1978 (50.1978)  time: 3.3550  data: 3.2563  max mem: 34952
[Eval]  Total time: 0:00:03 (3.8986 s / it)
Eval averaged stats: loss: 50.1978 (62.4589)
Epoch: [351]  [ 0/35]  eta: 0:11:32  lr: 0.000111  min_lr: 0.000111  loss: 27.1042 (27.1042)  weight_decay: 0.0500 (0.0500)  grad_norm: 100.5265 (100.5265)  time: 19.7735  data: 16.6925  max mem: 34952
Epoch: [351]  [10/35]  eta: 0:01:05  lr: 0.000111  min_lr: 0.000111  loss: 19.8215 (20.2607)  weight_decay: 0.0500 (0.0500)  grad_norm: 141.8403 (152.7784)  time: 2.6246  data: 1.5176  max mem: 34952
Epoch: [351]  [20/35]  eta: 0:00:27  lr: 0.000110  min_lr: 0.000110  loss: 20.7702 (20.8655)  weight_decay: 0.0500 (0.0500)  grad_norm: 163.4242 (201.5370)  time: 0.9103  data: 0.0001  max mem: 34952
Epoch: [351]  [30/35]  eta: 0:00:07  lr: 0.000110  min_lr: 0.000110  loss: 19.8031 (20.2549)  weight_decay: 0.0500 (0.0500)  grad_norm: 222.9340 (203.6306)  time: 0.9056  data: 0.0001  max mem: 34952
Epoch: [351]  [34/35]  eta: 0:00:01  lr: 0.000110  min_lr: 0.000110  loss: 20.2485 (20.5981)  weight_decay: 0.0500 (0.0500)  grad_norm: 222.9340 (204.0637)  time: 0.9034  data: 0.0001  max mem: 34952
Epoch: [351] Total time: 0:00:51 (1.4688 s / it)
Averaged stats: lr: 0.000110  min_lr: 0.000110  loss: 20.2485 (21.1837)  weight_decay: 0.0500 (0.0500)  grad_norm: 222.9340 (204.0637)
Epoch: [352]  [ 0/35]  eta: 0:11:41  lr: 0.000110  min_lr: 0.000110  loss: 20.8612 (20.8612)  weight_decay: 0.0500 (0.0500)  grad_norm: 141.3968 (141.3968)  time: 20.0357  data: 16.5880  max mem: 34952
Epoch: [352]  [10/35]  eta: 0:01:06  lr: 0.000109  min_lr: 0.000109  loss: 19.4486 (20.1247)  weight_decay: 0.0500 (0.0500)  grad_norm: 155.9228 (175.3955)  time: 2.6467  data: 1.5081  max mem: 34952
Epoch: [352]  [20/35]  eta: 0:00:27  lr: 0.000109  min_lr: 0.000109  loss: 20.8969 (21.0470)  weight_decay: 0.0500 (0.0500)  grad_norm: 147.1484 (157.1488)  time: 0.9058  data: 0.0001  max mem: 34952
Epoch: [352]  [30/35]  eta: 0:00:07  lr: 0.000109  min_lr: 0.000109  loss: 21.7180 (21.1650)  weight_decay: 0.0500 (0.0500)  grad_norm: 147.1484 (157.9005)  time: 0.9037  data: 0.0001  max mem: 34952
Epoch: [352]  [34/35]  eta: 0:00:01  lr: 0.000108  min_lr: 0.000108  loss: 22.0196 (21.5045)  weight_decay: 0.0500 (0.0500)  grad_norm: 147.1484 (156.6784)  time: 0.9025  data: 0.0001  max mem: 34952
Epoch: [352] Total time: 0:00:51 (1.4739 s / it)
Averaged stats: lr: 0.000108  min_lr: 0.000108  loss: 22.0196 (21.1715)  weight_decay: 0.0500 (0.0500)  grad_norm: 147.1484 (156.6784)
Epoch: [353]  [ 0/35]  eta: 0:10:57  lr: 0.000108  min_lr: 0.000108  loss: 19.6462 (19.6462)  weight_decay: 0.0500 (0.0500)  grad_norm: 121.0076 (121.0076)  time: 18.7783  data: 16.2175  max mem: 34952
Epoch: [353]  [10/35]  eta: 0:01:03  lr: 0.000108  min_lr: 0.000108  loss: 20.8387 (21.5880)  weight_decay: 0.0500 (0.0500)  grad_norm: 138.7522 (136.7317)  time: 2.5326  data: 1.4745  max mem: 34952
Epoch: [353]  [20/35]  eta: 0:00:26  lr: 0.000108  min_lr: 0.000108  loss: 22.3362 (21.9762)  weight_decay: 0.0500 (0.0500)  grad_norm: 159.5934 (167.7700)  time: 0.9064  data: 0.0002  max mem: 34952
Epoch: [353]  [30/35]  eta: 0:00:07  lr: 0.000107  min_lr: 0.000107  loss: 21.0671 (21.4468)  weight_decay: 0.0500 (0.0500)  grad_norm: 185.6303 (171.0427)  time: 0.9039  data: 0.0001  max mem: 34952
Epoch: [353]  [34/35]  eta: 0:00:01  lr: 0.000107  min_lr: 0.000107  loss: 21.3742 (21.9851)  weight_decay: 0.0500 (0.0500)  grad_norm: 185.6303 (172.3594)  time: 0.9032  data: 0.0001  max mem: 34952
Epoch: [353] Total time: 0:00:50 (1.4397 s / it)
Averaged stats: lr: 0.000107  min_lr: 0.000107  loss: 21.3742 (21.3336)  weight_decay: 0.0500 (0.0500)  grad_norm: 185.6303 (172.3594)
Epoch: [354]  [ 0/35]  eta: 0:10:43  lr: 0.000107  min_lr: 0.000107  loss: 16.6742 (16.6742)  weight_decay: 0.0500 (0.0500)  grad_norm: 181.9854 (181.9854)  time: 18.3903  data: 16.2840  max mem: 34952
Epoch: [354]  [10/35]  eta: 0:01:03  lr: 0.000107  min_lr: 0.000107  loss: 18.8012 (19.3045)  weight_decay: 0.0500 (0.0500)  grad_norm: 148.8019 (144.7522)  time: 2.5346  data: 1.5130  max mem: 34952
Epoch: [354]  [20/35]  eta: 0:00:26  lr: 0.000106  min_lr: 0.000106  loss: 20.6411 (20.8393)  weight_decay: 0.0500 (0.0500)  grad_norm: 148.8019 (155.3443)  time: 0.9313  data: 0.0180  max mem: 34952
Epoch: [354]  [30/35]  eta: 0:00:07  lr: 0.000106  min_lr: 0.000106  loss: 21.0646 (20.9798)  weight_decay: 0.0500 (0.0500)  grad_norm: 181.1122 (172.0633)  time: 0.9126  data: 0.0001  max mem: 34952
Epoch: [354]  [34/35]  eta: 0:00:01  lr: 0.000106  min_lr: 0.000106  loss: 20.6411 (21.0009)  weight_decay: 0.0500 (0.0500)  grad_norm: 181.1122 (176.0609)  time: 0.9089  data: 0.0001  max mem: 34952
Epoch: [354] Total time: 0:00:50 (1.4452 s / it)
Averaged stats: lr: 0.000106  min_lr: 0.000106  loss: 20.6411 (20.8206)  weight_decay: 0.0500 (0.0500)  grad_norm: 181.1122 (176.0609)
Epoch: [355]  [ 0/35]  eta: 0:11:29  lr: 0.000106  min_lr: 0.000106  loss: 20.7982 (20.7982)  weight_decay: 0.0500 (0.0500)  grad_norm: 165.3532 (165.3532)  time: 19.6860  data: 15.9172  max mem: 34952
Epoch: [355]  [10/35]  eta: 0:01:05  lr: 0.000105  min_lr: 0.000105  loss: 19.9094 (20.0708)  weight_decay: 0.0500 (0.0500)  grad_norm: 240.7188 (235.5474)  time: 2.6196  data: 1.4473  max mem: 34952
Epoch: [355]  [20/35]  eta: 0:00:27  lr: 0.000105  min_lr: 0.000105  loss: 20.3945 (20.9460)  weight_decay: 0.0500 (0.0500)  grad_norm: 185.6652 (207.6938)  time: 0.9509  data: 0.0002  max mem: 34952
Epoch: [355]  [30/35]  eta: 0:00:07  lr: 0.000105  min_lr: 0.000105  loss: 20.0965 (20.7761)  weight_decay: 0.0500 (0.0500)  grad_norm: 167.9259 (189.8724)  time: 0.9650  data: 0.0001  max mem: 34952
Epoch: [355]  [34/35]  eta: 0:00:01  lr: 0.000104  min_lr: 0.000104  loss: 19.9181 (20.6465)  weight_decay: 0.0500 (0.0500)  grad_norm: 167.9259 (190.2585)  time: 0.9604  data: 0.0001  max mem: 34952
Epoch: [355] Total time: 0:00:52 (1.5011 s / it)
Averaged stats: lr: 0.000104  min_lr: 0.000104  loss: 19.9181 (20.8405)  weight_decay: 0.0500 (0.0500)  grad_norm: 167.9259 (190.2585)
Epoch: [356]  [ 0/35]  eta: 0:11:25  lr: 0.000104  min_lr: 0.000104  loss: 15.7928 (15.7928)  weight_decay: 0.0500 (0.0500)  grad_norm: 165.3377 (165.3377)  time: 19.5737  data: 16.2509  max mem: 34952
Epoch: [356]  [10/35]  eta: 0:01:05  lr: 0.000104  min_lr: 0.000104  loss: 19.3352 (20.6117)  weight_decay: 0.0500 (0.0500)  grad_norm: 199.7202 (223.0289)  time: 2.6143  data: 1.4775  max mem: 34952
Epoch: [356]  [20/35]  eta: 0:00:27  lr: 0.000104  min_lr: 0.000104  loss: 19.3352 (20.1817)  weight_decay: 0.0500 (0.0500)  grad_norm: 245.3891 (261.0019)  time: 0.9140  data: 0.0001  max mem: 34952
Epoch: [356]  [30/35]  eta: 0:00:07  lr: 0.000103  min_lr: 0.000103  loss: 19.9184 (20.6593)  weight_decay: 0.0500 (0.0500)  grad_norm: 279.2233 (270.1904)  time: 0.9097  data: 0.0001  max mem: 34952
Epoch: [356]  [34/35]  eta: 0:00:01  lr: 0.000103  min_lr: 0.000103  loss: 20.8808 (20.9163)  weight_decay: 0.0500 (0.0500)  grad_norm: 257.5526 (268.4019)  time: 0.9111  data: 0.0001  max mem: 34952
Epoch: [356] Total time: 0:00:51 (1.4682 s / it)
Averaged stats: lr: 0.000103  min_lr: 0.000103  loss: 20.8808 (20.7614)  weight_decay: 0.0500 (0.0500)  grad_norm: 257.5526 (268.4019)
Epoch: [357]  [ 0/35]  eta: 0:11:30  lr: 0.000103  min_lr: 0.000103  loss: 25.2488 (25.2488)  weight_decay: 0.0500 (0.0500)  grad_norm: 145.9813 (145.9813)  time: 19.7154  data: 13.8781  max mem: 34952
Epoch: [357]  [10/35]  eta: 0:01:05  lr: 0.000103  min_lr: 0.000103  loss: 20.0454 (20.1963)  weight_decay: 0.0500 (0.0500)  grad_norm: 156.6626 (148.4520)  time: 2.6211  data: 1.2618  max mem: 34952
Epoch: [357]  [20/35]  eta: 0:00:27  lr: 0.000102  min_lr: 0.000102  loss: 21.5808 (20.7814)  weight_decay: 0.0500 (0.0500)  grad_norm: 163.2964 (201.1797)  time: 0.9111  data: 0.0001  max mem: 34952
Epoch: [357]  [30/35]  eta: 0:00:07  lr: 0.000102  min_lr: 0.000102  loss: 21.1380 (20.8131)  weight_decay: 0.0500 (0.0500)  grad_norm: 251.1999 (215.2468)  time: 0.9095  data: 0.0001  max mem: 34952
Epoch: [357]  [34/35]  eta: 0:00:01  lr: 0.000102  min_lr: 0.000102  loss: 20.9439 (20.8710)  weight_decay: 0.0500 (0.0500)  grad_norm: 205.7015 (212.9911)  time: 0.9111  data: 0.0001  max mem: 34952
Epoch: [357] Total time: 0:00:51 (1.4706 s / it)
Averaged stats: lr: 0.000102  min_lr: 0.000102  loss: 20.9439 (21.1303)  weight_decay: 0.0500 (0.0500)  grad_norm: 205.7015 (212.9911)
Epoch: [358]  [ 0/35]  eta: 0:11:17  lr: 0.000102  min_lr: 0.000102  loss: 22.7633 (22.7633)  weight_decay: 0.0500 (0.0500)  grad_norm: 133.9057 (133.9057)  time: 19.3609  data: 14.8313  max mem: 34952
Epoch: [358]  [10/35]  eta: 0:01:04  lr: 0.000101  min_lr: 0.000101  loss: 20.4798 (20.6611)  weight_decay: 0.0500 (0.0500)  grad_norm: 217.1215 (213.5759)  time: 2.5917  data: 1.3484  max mem: 34952
Epoch: [358]  [20/35]  eta: 0:00:26  lr: 0.000101  min_lr: 0.000101  loss: 20.4798 (21.4643)  weight_decay: 0.0500 (0.0500)  grad_norm: 218.4583 (265.9585)  time: 0.9122  data: 0.0001  max mem: 34952
Epoch: [358]  [30/35]  eta: 0:00:07  lr: 0.000101  min_lr: 0.000101  loss: 22.0338 (21.4372)  weight_decay: 0.0500 (0.0500)  grad_norm: 314.0158 (274.1486)  time: 0.9086  data: 0.0001  max mem: 34952
Epoch: [358]  [34/35]  eta: 0:00:01  lr: 0.000101  min_lr: 0.000101  loss: 22.0338 (21.4649)  weight_decay: 0.0500 (0.0500)  grad_norm: 314.0158 (279.1510)  time: 0.9081  data: 0.0001  max mem: 34952
Epoch: [358] Total time: 0:00:51 (1.4593 s / it)
Averaged stats: lr: 0.000101  min_lr: 0.000101  loss: 22.0338 (20.9344)  weight_decay: 0.0500 (0.0500)  grad_norm: 314.0158 (279.1510)
Epoch: [359]  [ 0/35]  eta: 0:11:35  lr: 0.000100  min_lr: 0.000100  loss: 24.2361 (24.2361)  weight_decay: 0.0500 (0.0500)  grad_norm: 371.9062 (371.9062)  time: 19.8683  data: 18.8669  max mem: 34952
Epoch: [359]  [10/35]  eta: 0:01:05  lr: 0.000100  min_lr: 0.000100  loss: 20.2740 (19.8237)  weight_decay: 0.0500 (0.0500)  grad_norm: 324.8341 (282.1348)  time: 2.6361  data: 1.7153  max mem: 34952
Epoch: [359]  [20/35]  eta: 0:00:27  lr: 0.000100  min_lr: 0.000100  loss: 20.1262 (20.3328)  weight_decay: 0.0500 (0.0500)  grad_norm: 327.9892 (306.3881)  time: 0.9101  data: 0.0002  max mem: 34952
Epoch: [359]  [30/35]  eta: 0:00:07  lr: 0.000099  min_lr: 0.000099  loss: 20.2566 (20.3889)  weight_decay: 0.0500 (0.0500)  grad_norm: 328.3321 (313.1580)  time: 0.9051  data: 0.0002  max mem: 34952
Epoch: [359]  [34/35]  eta: 0:00:01  lr: 0.000099  min_lr: 0.000099  loss: 20.2939 (20.7916)  weight_decay: 0.0500 (0.0500)  grad_norm: 309.5345 (303.7756)  time: 0.9013  data: 0.0002  max mem: 34952
Epoch: [359] Total time: 0:00:51 (1.4724 s / it)
Averaged stats: lr: 0.000099  min_lr: 0.000099  loss: 20.2939 (20.8948)  weight_decay: 0.0500 (0.0500)  grad_norm: 309.5345 (303.7756)
Epoch: [360]  [ 0/35]  eta: 0:11:25  lr: 0.000099  min_lr: 0.000099  loss: 21.6533 (21.6533)  weight_decay: 0.0500 (0.0500)  grad_norm: 183.4011 (183.4011)  time: 19.5820  data: 14.3177  max mem: 34952
Epoch: [360]  [10/35]  eta: 0:01:05  lr: 0.000099  min_lr: 0.000099  loss: 19.5824 (19.3953)  weight_decay: 0.0500 (0.0500)  grad_norm: 166.8977 (157.1891)  time: 2.6069  data: 1.3017  max mem: 34952
Epoch: [360]  [20/35]  eta: 0:00:26  lr: 0.000098  min_lr: 0.000098  loss: 19.8731 (20.8362)  weight_decay: 0.0500 (0.0500)  grad_norm: 122.4331 (144.2980)  time: 0.9082  data: 0.0001  max mem: 34952
Epoch: [360]  [30/35]  eta: 0:00:07  lr: 0.000098  min_lr: 0.000098  loss: 20.7988 (20.8232)  weight_decay: 0.0500 (0.0500)  grad_norm: 142.0821 (151.7535)  time: 0.9044  data: 0.0001  max mem: 34952
Epoch: [360]  [34/35]  eta: 0:00:01  lr: 0.000098  min_lr: 0.000098  loss: 20.7988 (21.1374)  weight_decay: 0.0500 (0.0500)  grad_norm: 152.2017 (151.7048)  time: 0.9036  data: 0.0001  max mem: 34952
Epoch: [360] Total time: 0:00:51 (1.4604 s / it)
Averaged stats: lr: 0.000098  min_lr: 0.000098  loss: 20.7988 (20.6889)  weight_decay: 0.0500 (0.0500)  grad_norm: 152.2017 (151.7048)
Epoch: [361]  [ 0/35]  eta: 0:10:14  lr: 0.000098  min_lr: 0.000098  loss: 21.0965 (21.0965)  weight_decay: 0.0500 (0.0500)  grad_norm: 169.5266 (169.5266)  time: 17.5535  data: 15.7216  max mem: 34952
Epoch: [361]  [10/35]  eta: 0:01:01  lr: 0.000098  min_lr: 0.000098  loss: 20.6547 (20.0670)  weight_decay: 0.0500 (0.0500)  grad_norm: 189.1592 (196.7885)  time: 2.4775  data: 1.4295  max mem: 34952
Epoch: [361]  [20/35]  eta: 0:00:26  lr: 0.000097  min_lr: 0.000097  loss: 19.2286 (19.9247)  weight_decay: 0.0500 (0.0500)  grad_norm: 204.7599 (229.6363)  time: 0.9426  data: 0.0002  max mem: 34952
Epoch: [361]  [30/35]  eta: 0:00:07  lr: 0.000097  min_lr: 0.000097  loss: 19.2286 (20.1575)  weight_decay: 0.0500 (0.0500)  grad_norm: 272.2756 (231.0110)  time: 0.9098  data: 0.0001  max mem: 34952
Epoch: [361]  [34/35]  eta: 0:00:01  lr: 0.000097  min_lr: 0.000097  loss: 19.5192 (20.0523)  weight_decay: 0.0500 (0.0500)  grad_norm: 204.7599 (225.9669)  time: 0.9076  data: 0.0001  max mem: 34952
Epoch: [361] Total time: 0:00:49 (1.4254 s / it)
Averaged stats: lr: 0.000097  min_lr: 0.000097  loss: 19.5192 (20.5693)  weight_decay: 0.0500 (0.0500)  grad_norm: 204.7599 (225.9669)
Epoch: [362]  [ 0/35]  eta: 0:11:20  lr: 0.000097  min_lr: 0.000097  loss: 23.0335 (23.0335)  weight_decay: 0.0500 (0.0500)  grad_norm: 246.0826 (246.0826)  time: 19.4426  data: 16.4128  max mem: 34952
Epoch: [362]  [10/35]  eta: 0:01:05  lr: 0.000096  min_lr: 0.000096  loss: 19.8015 (20.6823)  weight_decay: 0.0500 (0.0500)  grad_norm: 210.5493 (199.1358)  time: 2.6007  data: 1.4922  max mem: 34952
Epoch: [362]  [20/35]  eta: 0:00:27  lr: 0.000096  min_lr: 0.000096  loss: 19.8553 (20.8912)  weight_decay: 0.0500 (0.0500)  grad_norm: 184.9190 (197.6840)  time: 0.9202  data: 0.0001  max mem: 34952
Epoch: [362]  [30/35]  eta: 0:00:07  lr: 0.000095  min_lr: 0.000095  loss: 20.6660 (20.7330)  weight_decay: 0.0500 (0.0500)  grad_norm: 176.7047 (190.3721)  time: 0.9729  data: 0.0001  max mem: 34952
Epoch: [362]  [34/35]  eta: 0:00:01  lr: 0.000095  min_lr: 0.000095  loss: 19.8553 (20.7770)  weight_decay: 0.0500 (0.0500)  grad_norm: 160.7236 (189.2507)  time: 0.9794  data: 0.0001  max mem: 34952
Epoch: [362] Total time: 0:00:52 (1.5030 s / it)
Averaged stats: lr: 0.000095  min_lr: 0.000095  loss: 19.8553 (20.7340)  weight_decay: 0.0500 (0.0500)  grad_norm: 160.7236 (189.2507)
Epoch: [363]  [ 0/35]  eta: 0:10:19  lr: 0.000095  min_lr: 0.000095  loss: 22.9159 (22.9159)  weight_decay: 0.0500 (0.0500)  grad_norm: 223.6772 (223.6772)  time: 17.7141  data: 15.3875  max mem: 34952
Epoch: [363]  [10/35]  eta: 0:01:01  lr: 0.000095  min_lr: 0.000095  loss: 20.1882 (20.4124)  weight_decay: 0.0500 (0.0500)  grad_norm: 177.9850 (163.6275)  time: 2.4636  data: 1.3990  max mem: 34952
Epoch: [363]  [20/35]  eta: 0:00:25  lr: 0.000095  min_lr: 0.000095  loss: 21.0268 (21.5150)  weight_decay: 0.0500 (0.0500)  grad_norm: 185.5566 (211.4740)  time: 0.9248  data: 0.0002  max mem: 34952
Epoch: [363]  [30/35]  eta: 0:00:07  lr: 0.000094  min_lr: 0.000094  loss: 20.6356 (21.1473)  weight_decay: 0.0500 (0.0500)  grad_norm: 247.8148 (227.2944)  time: 0.9098  data: 0.0001  max mem: 34952
Epoch: [363]  [34/35]  eta: 0:00:01  lr: 0.000094  min_lr: 0.000094  loss: 20.6356 (21.4162)  weight_decay: 0.0500 (0.0500)  grad_norm: 228.3925 (223.8408)  time: 0.9085  data: 0.0001  max mem: 34952
Epoch: [363] Total time: 0:00:49 (1.4197 s / it)
Averaged stats: lr: 0.000094  min_lr: 0.000094  loss: 20.6356 (20.6875)  weight_decay: 0.0500 (0.0500)  grad_norm: 228.3925 (223.8408)
Epoch: [364]  [ 0/35]  eta: 0:10:55  lr: 0.000094  min_lr: 0.000094  loss: 24.0378 (24.0378)  weight_decay: 0.0500 (0.0500)  grad_norm: 278.5099 (278.5099)  time: 18.7410  data: 16.4034  max mem: 34952
Epoch: [364]  [10/35]  eta: 0:01:03  lr: 0.000094  min_lr: 0.000094  loss: 20.8320 (20.3858)  weight_decay: 0.0500 (0.0500)  grad_norm: 159.4703 (175.7934)  time: 2.5412  data: 1.4914  max mem: 34952
Epoch: [364]  [20/35]  eta: 0:00:26  lr: 0.000093  min_lr: 0.000093  loss: 20.8320 (20.6097)  weight_decay: 0.0500 (0.0500)  grad_norm: 196.3226 (206.6899)  time: 0.9124  data: 0.0002  max mem: 34952
Epoch: [364]  [30/35]  eta: 0:00:07  lr: 0.000093  min_lr: 0.000093  loss: 20.3830 (20.6720)  weight_decay: 0.0500 (0.0500)  grad_norm: 228.0802 (225.9537)  time: 0.9038  data: 0.0001  max mem: 34952
Epoch: [364]  [34/35]  eta: 0:00:01  lr: 0.000093  min_lr: 0.000093  loss: 20.2847 (20.8647)  weight_decay: 0.0500 (0.0500)  grad_norm: 228.0802 (227.0823)  time: 0.9049  data: 0.0001  max mem: 34952
Epoch: [364] Total time: 0:00:50 (1.4402 s / it)
Averaged stats: lr: 0.000093  min_lr: 0.000093  loss: 20.2847 (20.5893)  weight_decay: 0.0500 (0.0500)  grad_norm: 228.0802 (227.0823)
Epoch: [365]  [ 0/35]  eta: 0:10:38  lr: 0.000093  min_lr: 0.000093  loss: 17.8080 (17.8080)  weight_decay: 0.0500 (0.0500)  grad_norm: 185.1014 (185.1014)  time: 18.2353  data: 15.6021  max mem: 34952
Epoch: [365]  [10/35]  eta: 0:01:02  lr: 0.000092  min_lr: 0.000092  loss: 20.7544 (21.3603)  weight_decay: 0.0500 (0.0500)  grad_norm: 170.8812 (167.9713)  time: 2.4941  data: 1.4185  max mem: 34952
Epoch: [365]  [20/35]  eta: 0:00:26  lr: 0.000092  min_lr: 0.000092  loss: 22.2116 (21.6694)  weight_decay: 0.0500 (0.0500)  grad_norm: 180.8947 (179.5378)  time: 0.9113  data: 0.0002  max mem: 34952
Epoch: [365]  [30/35]  eta: 0:00:07  lr: 0.000092  min_lr: 0.000092  loss: 20.7077 (21.3040)  weight_decay: 0.0500 (0.0500)  grad_norm: 164.1225 (170.5562)  time: 0.9025  data: 0.0001  max mem: 34952
Epoch: [365]  [34/35]  eta: 0:00:01  lr: 0.000092  min_lr: 0.000092  loss: 20.7077 (21.5239)  weight_decay: 0.0500 (0.0500)  grad_norm: 164.1225 (173.9088)  time: 0.9020  data: 0.0001  max mem: 34952
Epoch: [365] Total time: 0:00:49 (1.4260 s / it)
Averaged stats: lr: 0.000092  min_lr: 0.000092  loss: 20.7077 (20.6145)  weight_decay: 0.0500 (0.0500)  grad_norm: 164.1225 (173.9088)
Epoch: [366]  [ 0/35]  eta: 0:10:55  lr: 0.000091  min_lr: 0.000091  loss: 21.7797 (21.7797)  weight_decay: 0.0500 (0.0500)  grad_norm: 199.9192 (199.9192)  time: 18.7410  data: 14.4481  max mem: 34952
Epoch: [366]  [10/35]  eta: 0:01:03  lr: 0.000091  min_lr: 0.000091  loss: 20.3321 (19.9161)  weight_decay: 0.0500 (0.0500)  grad_norm: 220.0558 (208.8587)  time: 2.5426  data: 1.3137  max mem: 34952
Epoch: [366]  [20/35]  eta: 0:00:26  lr: 0.000091  min_lr: 0.000091  loss: 20.3321 (20.2368)  weight_decay: 0.0500 (0.0500)  grad_norm: 186.7485 (184.3341)  time: 0.9170  data: 0.0002  max mem: 34952
Epoch: [366]  [30/35]  eta: 0:00:07  lr: 0.000090  min_lr: 0.000090  loss: 21.4994 (20.6390)  weight_decay: 0.0500 (0.0500)  grad_norm: 129.8829 (165.9195)  time: 0.9091  data: 0.0002  max mem: 34952
Epoch: [366]  [34/35]  eta: 0:00:01  lr: 0.000090  min_lr: 0.000090  loss: 21.4994 (20.9450)  weight_decay: 0.0500 (0.0500)  grad_norm: 129.8829 (167.9979)  time: 0.9066  data: 0.0001  max mem: 34952
Epoch: [366] Total time: 0:00:50 (1.4440 s / it)
Averaged stats: lr: 0.000090  min_lr: 0.000090  loss: 21.4994 (20.5195)  weight_decay: 0.0500 (0.0500)  grad_norm: 129.8829 (167.9979)
Epoch: [367]  [ 0/35]  eta: 0:11:05  lr: 0.000090  min_lr: 0.000090  loss: 20.4257 (20.4257)  weight_decay: 0.0500 (0.0500)  grad_norm: 242.4720 (242.4720)  time: 19.0166  data: 15.2161  max mem: 34952
Epoch: [367]  [10/35]  eta: 0:01:07  lr: 0.000090  min_lr: 0.000090  loss: 19.1257 (19.9792)  weight_decay: 0.0500 (0.0500)  grad_norm: 170.7346 (177.3112)  time: 2.7066  data: 1.3834  max mem: 34952
Epoch: [367]  [20/35]  eta: 0:00:28  lr: 0.000090  min_lr: 0.000090  loss: 20.1724 (20.1737)  weight_decay: 0.0500 (0.0500)  grad_norm: 165.9634 (171.8631)  time: 1.0302  data: 0.0002  max mem: 34952
Epoch: [367]  [30/35]  eta: 0:00:07  lr: 0.000089  min_lr: 0.000089  loss: 20.2685 (20.2447)  weight_decay: 0.0500 (0.0500)  grad_norm: 151.2680 (162.9634)  time: 0.9552  data: 0.0002  max mem: 34952
Epoch: [367]  [34/35]  eta: 0:00:01  lr: 0.000089  min_lr: 0.000089  loss: 19.7787 (20.0684)  weight_decay: 0.0500 (0.0500)  grad_norm: 156.0925 (163.3231)  time: 0.9336  data: 0.0001  max mem: 34952
Epoch: [367] Total time: 0:00:53 (1.5249 s / it)
Averaged stats: lr: 0.000089  min_lr: 0.000089  loss: 19.7787 (20.5870)  weight_decay: 0.0500 (0.0500)  grad_norm: 156.0925 (163.3231)
Epoch: [368]  [ 0/35]  eta: 0:11:39  lr: 0.000089  min_lr: 0.000089  loss: 23.1840 (23.1840)  weight_decay: 0.0500 (0.0500)  grad_norm: 183.6578 (183.6578)  time: 19.9954  data: 14.8287  max mem: 34952
Epoch: [368]  [10/35]  eta: 0:01:06  lr: 0.000089  min_lr: 0.000089  loss: 20.4397 (19.7628)  weight_decay: 0.0500 (0.0500)  grad_norm: 213.3272 (206.1257)  time: 2.6511  data: 1.3482  max mem: 34952
Epoch: [368]  [20/35]  eta: 0:00:27  lr: 0.000088  min_lr: 0.000088  loss: 20.9697 (20.4541)  weight_decay: 0.0500 (0.0500)  grad_norm: 213.3272 (240.9322)  time: 0.9155  data: 0.0001  max mem: 34952
Epoch: [368]  [30/35]  eta: 0:00:07  lr: 0.000088  min_lr: 0.000088  loss: 20.8606 (20.3133)  weight_decay: 0.0500 (0.0500)  grad_norm: 200.5732 (228.3040)  time: 0.9125  data: 0.0001  max mem: 34952
Epoch: [368]  [34/35]  eta: 0:00:01  lr: 0.000088  min_lr: 0.000088  loss: 20.8606 (20.6174)  weight_decay: 0.0500 (0.0500)  grad_norm: 207.5866 (226.8333)  time: 0.9102  data: 0.0001  max mem: 34952
Epoch: [368] Total time: 0:00:51 (1.4805 s / it)
Averaged stats: lr: 0.000088  min_lr: 0.000088  loss: 20.8606 (20.3996)  weight_decay: 0.0500 (0.0500)  grad_norm: 207.5866 (226.8333)
Epoch: [369]  [ 0/35]  eta: 0:10:30  lr: 0.000088  min_lr: 0.000088  loss: 20.1136 (20.1136)  weight_decay: 0.0500 (0.0500)  grad_norm: 126.5891 (126.5891)  time: 18.0256  data: 10.2522  max mem: 34952
Epoch: [369]  [10/35]  eta: 0:01:03  lr: 0.000087  min_lr: 0.000087  loss: 19.5092 (19.3119)  weight_decay: 0.0500 (0.0500)  grad_norm: 234.6156 (217.2870)  time: 2.5275  data: 0.9321  max mem: 34952
Epoch: [369]  [20/35]  eta: 0:00:26  lr: 0.000087  min_lr: 0.000087  loss: 18.2061 (19.6622)  weight_decay: 0.0500 (0.0500)  grad_norm: 239.9871 (247.6042)  time: 0.9440  data: 0.0001  max mem: 34952
Epoch: [369]  [30/35]  eta: 0:00:07  lr: 0.000087  min_lr: 0.000087  loss: 20.1038 (20.0189)  weight_decay: 0.0500 (0.0500)  grad_norm: 222.5155 (231.7404)  time: 0.9116  data: 0.0001  max mem: 34952
Epoch: [369]  [34/35]  eta: 0:00:01  lr: 0.000087  min_lr: 0.000087  loss: 20.4710 (20.2551)  weight_decay: 0.0500 (0.0500)  grad_norm: 212.4343 (230.3066)  time: 0.9127  data: 0.0001  max mem: 34952
Epoch: [369] Total time: 0:00:50 (1.4420 s / it)
Averaged stats: lr: 0.000087  min_lr: 0.000087  loss: 20.4710 (20.6669)  weight_decay: 0.0500 (0.0500)  grad_norm: 212.4343 (230.3066)
Epoch: [370]  [ 0/35]  eta: 0:11:11  lr: 0.000086  min_lr: 0.000086  loss: 15.7305 (15.7305)  weight_decay: 0.0500 (0.0500)  grad_norm: 174.4191 (174.4191)  time: 19.1868  data: 17.1271  max mem: 34952
Epoch: [370]  [10/35]  eta: 0:01:04  lr: 0.000086  min_lr: 0.000086  loss: 20.9999 (19.7629)  weight_decay: 0.0500 (0.0500)  grad_norm: 213.7142 (224.5805)  time: 2.5700  data: 1.5571  max mem: 34952
Epoch: [370]  [20/35]  eta: 0:00:26  lr: 0.000086  min_lr: 0.000086  loss: 19.6538 (19.9220)  weight_decay: 0.0500 (0.0500)  grad_norm: 236.0412 (253.5504)  time: 0.9073  data: 0.0001  max mem: 34952
Epoch: [370]  [30/35]  eta: 0:00:07  lr: 0.000085  min_lr: 0.000085  loss: 19.8415 (20.0399)  weight_decay: 0.0500 (0.0500)  grad_norm: 256.8353 (249.3191)  time: 0.9039  data: 0.0002  max mem: 34952
Epoch: [370]  [34/35]  eta: 0:00:01  lr: 0.000085  min_lr: 0.000085  loss: 19.8415 (19.8295)  weight_decay: 0.0500 (0.0500)  grad_norm: 249.6327 (245.4075)  time: 0.9047  data: 0.0002  max mem: 34952
Epoch: [370] Total time: 0:00:50 (1.4512 s / it)
Averaged stats: lr: 0.000085  min_lr: 0.000085  loss: 19.8415 (20.2776)  weight_decay: 0.0500 (0.0500)  grad_norm: 249.6327 (245.4075)
Epoch: [371]  [ 0/35]  eta: 0:10:13  lr: 0.000085  min_lr: 0.000085  loss: 18.7800 (18.7800)  weight_decay: 0.0500 (0.0500)  grad_norm: 234.5887 (234.5887)  time: 17.5406  data: 15.4779  max mem: 34952
Epoch: [371]  [10/35]  eta: 0:01:03  lr: 0.000085  min_lr: 0.000085  loss: 19.3082 (19.4217)  weight_decay: 0.0500 (0.0500)  grad_norm: 157.3969 (150.1021)  time: 2.5401  data: 1.4072  max mem: 34952
Epoch: [371]  [20/35]  eta: 0:00:26  lr: 0.000085  min_lr: 0.000085  loss: 19.6555 (19.6151)  weight_decay: 0.0500 (0.0500)  grad_norm: 164.8597 (184.6475)  time: 0.9734  data: 0.0002  max mem: 34952
Epoch: [371]  [30/35]  eta: 0:00:07  lr: 0.000084  min_lr: 0.000084  loss: 20.3293 (19.8365)  weight_decay: 0.0500 (0.0500)  grad_norm: 228.7350 (202.3538)  time: 0.9061  data: 0.0002  max mem: 34952
Epoch: [371]  [34/35]  eta: 0:00:01  lr: 0.000084  min_lr: 0.000084  loss: 20.5606 (20.0294)  weight_decay: 0.0500 (0.0500)  grad_norm: 212.2412 (201.5162)  time: 0.9043  data: 0.0002  max mem: 34952
Epoch: [371] Total time: 0:00:50 (1.4426 s / it)
Averaged stats: lr: 0.000084  min_lr: 0.000084  loss: 20.5606 (20.2914)  weight_decay: 0.0500 (0.0500)  grad_norm: 212.2412 (201.5162)
Epoch: [372]  [ 0/35]  eta: 0:10:59  lr: 0.000084  min_lr: 0.000084  loss: 19.7500 (19.7500)  weight_decay: 0.0500 (0.0500)  grad_norm: 251.4615 (251.4615)  time: 18.8404  data: 16.9347  max mem: 34952
Epoch: [372]  [10/35]  eta: 0:01:03  lr: 0.000084  min_lr: 0.000084  loss: 19.6607 (19.6531)  weight_decay: 0.0500 (0.0500)  grad_norm: 230.1767 (208.9259)  time: 2.5392  data: 1.5397  max mem: 34952
Epoch: [372]  [20/35]  eta: 0:00:26  lr: 0.000083  min_lr: 0.000083  loss: 19.6123 (19.7436)  weight_decay: 0.0500 (0.0500)  grad_norm: 216.7236 (216.0881)  time: 0.9064  data: 0.0002  max mem: 34952
Epoch: [372]  [30/35]  eta: 0:00:07  lr: 0.000083  min_lr: 0.000083  loss: 20.0140 (19.9367)  weight_decay: 0.0500 (0.0500)  grad_norm: 226.6910 (232.0528)  time: 0.9019  data: 0.0002  max mem: 34952
Epoch: [372]  [34/35]  eta: 0:00:01  lr: 0.000083  min_lr: 0.000083  loss: 20.2847 (20.0845)  weight_decay: 0.0500 (0.0500)  grad_norm: 226.6910 (232.9749)  time: 0.9009  data: 0.0002  max mem: 34952
Epoch: [372] Total time: 0:00:50 (1.4407 s / it)
Averaged stats: lr: 0.000083  min_lr: 0.000083  loss: 20.2847 (20.0597)  weight_decay: 0.0500 (0.0500)  grad_norm: 226.6910 (232.9749)
Epoch: [373]  [ 0/35]  eta: 0:11:18  lr: 0.000083  min_lr: 0.000083  loss: 22.4095 (22.4095)  weight_decay: 0.0500 (0.0500)  grad_norm: 182.1067 (182.1067)  time: 19.3947  data: 16.7989  max mem: 34952
Epoch: [373]  [10/35]  eta: 0:01:04  lr: 0.000082  min_lr: 0.000082  loss: 19.2246 (20.3291)  weight_decay: 0.0500 (0.0500)  grad_norm: 182.1067 (195.3192)  time: 2.5881  data: 1.5273  max mem: 34952
Epoch: [373]  [20/35]  eta: 0:00:26  lr: 0.000082  min_lr: 0.000082  loss: 19.5988 (20.3713)  weight_decay: 0.0500 (0.0500)  grad_norm: 173.8939 (193.6604)  time: 0.9121  data: 0.0002  max mem: 34952
Epoch: [373]  [30/35]  eta: 0:00:07  lr: 0.000082  min_lr: 0.000082  loss: 20.4495 (20.1773)  weight_decay: 0.0500 (0.0500)  grad_norm: 156.4839 (189.5077)  time: 0.9111  data: 0.0002  max mem: 34952
Epoch: [373]  [34/35]  eta: 0:00:01  lr: 0.000082  min_lr: 0.000082  loss: 21.4187 (20.5440)  weight_decay: 0.0500 (0.0500)  grad_norm: 156.3698 (182.7861)  time: 0.9099  data: 0.0002  max mem: 34952
Epoch: [373] Total time: 0:00:51 (1.4619 s / it)
Averaged stats: lr: 0.000082  min_lr: 0.000082  loss: 21.4187 (20.2503)  weight_decay: 0.0500 (0.0500)  grad_norm: 156.3698 (182.7861)
Epoch: [374]  [ 0/35]  eta: 0:11:25  lr: 0.000082  min_lr: 0.000082  loss: 17.6316 (17.6316)  weight_decay: 0.0500 (0.0500)  grad_norm: 138.9717 (138.9717)  time: 19.5765  data: 16.7740  max mem: 34952
Epoch: [374]  [10/35]  eta: 0:01:05  lr: 0.000081  min_lr: 0.000081  loss: 17.7498 (18.9913)  weight_decay: 0.0500 (0.0500)  grad_norm: 138.9717 (139.4377)  time: 2.6117  data: 1.5250  max mem: 34952
Epoch: [374]  [20/35]  eta: 0:00:27  lr: 0.000081  min_lr: 0.000081  loss: 18.9090 (19.4025)  weight_decay: 0.0500 (0.0500)  grad_norm: 155.2599 (153.9185)  time: 0.9119  data: 0.0001  max mem: 34952
Epoch: [374]  [30/35]  eta: 0:00:07  lr: 0.000081  min_lr: 0.000081  loss: 19.8620 (19.7609)  weight_decay: 0.0500 (0.0500)  grad_norm: 170.3416 (169.2811)  time: 0.9098  data: 0.0001  max mem: 34952
Epoch: [374]  [34/35]  eta: 0:00:01  lr: 0.000080  min_lr: 0.000080  loss: 19.8620 (19.9056)  weight_decay: 0.0500 (0.0500)  grad_norm: 181.9024 (170.8635)  time: 0.9067  data: 0.0001  max mem: 34952
Epoch: [374] Total time: 0:00:51 (1.4659 s / it)
Averaged stats: lr: 0.000080  min_lr: 0.000080  loss: 19.8620 (19.9355)  weight_decay: 0.0500 (0.0500)  grad_norm: 181.9024 (170.8635)
Epoch: [375]  [ 0/35]  eta: 0:25:32  lr: 0.000080  min_lr: 0.000080  loss: 19.4160 (19.4160)  weight_decay: 0.0500 (0.0500)  grad_norm: 164.2099 (164.2099)  time: 43.7773  data: 36.5501  max mem: 34952
Epoch: [375]  [10/35]  eta: 0:02:00  lr: 0.000080  min_lr: 0.000080  loss: 19.4160 (19.7472)  weight_decay: 0.0500 (0.0500)  grad_norm: 156.4992 (146.2436)  time: 4.8065  data: 3.3229  max mem: 34952
Epoch: [375]  [20/35]  eta: 0:00:44  lr: 0.000080  min_lr: 0.000080  loss: 19.8478 (20.5836)  weight_decay: 0.0500 (0.0500)  grad_norm: 157.4394 (158.9265)  time: 0.9106  data: 0.0001  max mem: 34952
Epoch: [375]  [30/35]  eta: 0:00:11  lr: 0.000079  min_lr: 0.000079  loss: 19.8478 (20.2173)  weight_decay: 0.0500 (0.0500)  grad_norm: 165.7438 (170.0704)  time: 0.9090  data: 0.0001  max mem: 34952
Epoch: [375]  [34/35]  eta: 0:00:02  lr: 0.000079  min_lr: 0.000079  loss: 19.8478 (20.2187)  weight_decay: 0.0500 (0.0500)  grad_norm: 165.7438 (168.2081)  time: 0.9091  data: 0.0001  max mem: 34952
Epoch: [375] Total time: 0:01:15 (2.1570 s / it)
Averaged stats: lr: 0.000079  min_lr: 0.000079  loss: 19.8478 (19.8840)  weight_decay: 0.0500 (0.0500)  grad_norm: 165.7438 (168.2081)
[Eval]   [0/1]  eta: 0:00:03  loss: 59.3669 (59.3669)  time: 3.4430  data: 3.3455  max mem: 34952
[Eval]  Total time: 0:00:03 (3.7469 s / it)
Eval averaged stats: loss: 59.3669 (66.7744)
Epoch: [376]  [ 0/35]  eta: 0:11:12  lr: 0.000079  min_lr: 0.000079  loss: 19.9571 (19.9571)  weight_decay: 0.0500 (0.0500)  grad_norm: 129.8880 (129.8880)  time: 19.2062  data: 18.2419  max mem: 34952
Epoch: [376]  [10/35]  eta: 0:01:04  lr: 0.000079  min_lr: 0.000079  loss: 18.0230 (18.2040)  weight_decay: 0.0500 (0.0500)  grad_norm: 154.8627 (158.7735)  time: 2.5827  data: 1.6585  max mem: 34952
Epoch: [376]  [20/35]  eta: 0:00:26  lr: 0.000078  min_lr: 0.000078  loss: 19.1111 (19.1192)  weight_decay: 0.0500 (0.0500)  grad_norm: 190.3390 (213.3865)  time: 0.9187  data: 0.0001  max mem: 34952
Epoch: [376]  [30/35]  eta: 0:00:07  lr: 0.000078  min_lr: 0.000078  loss: 20.4779 (19.8959)  weight_decay: 0.0500 (0.0500)  grad_norm: 206.0462 (202.7014)  time: 0.9144  data: 0.0001  max mem: 34952
Epoch: [376]  [34/35]  eta: 0:00:01  lr: 0.000078  min_lr: 0.000078  loss: 20.7004 (19.9956)  weight_decay: 0.0500 (0.0500)  grad_norm: 181.0264 (196.4254)  time: 0.9118  data: 0.0001  max mem: 34952
Epoch: [376] Total time: 0:00:51 (1.4604 s / it)
Averaged stats: lr: 0.000078  min_lr: 0.000078  loss: 20.7004 (20.2812)  weight_decay: 0.0500 (0.0500)  grad_norm: 181.0264 (196.4254)
Epoch: [377]  [ 0/35]  eta: 0:11:39  lr: 0.000078  min_lr: 0.000078  loss: 22.1291 (22.1291)  weight_decay: 0.0500 (0.0500)  grad_norm: 206.1958 (206.1958)  time: 19.9996  data: 16.2359  max mem: 34952
Epoch: [377]  [10/35]  eta: 0:01:06  lr: 0.000078  min_lr: 0.000078  loss: 18.9980 (19.4179)  weight_decay: 0.0500 (0.0500)  grad_norm: 192.0218 (203.9040)  time: 2.6482  data: 1.4762  max mem: 34952
Epoch: [377]  [20/35]  eta: 0:00:27  lr: 0.000077  min_lr: 0.000077  loss: 18.7528 (19.3207)  weight_decay: 0.0500 (0.0500)  grad_norm: 218.7541 (224.5156)  time: 0.9112  data: 0.0002  max mem: 34952
Epoch: [377]  [30/35]  eta: 0:00:07  lr: 0.000077  min_lr: 0.000077  loss: 19.6542 (19.9308)  weight_decay: 0.0500 (0.0500)  grad_norm: 260.9237 (241.9825)  time: 0.9092  data: 0.0002  max mem: 34952
Epoch: [377]  [34/35]  eta: 0:00:01  lr: 0.000077  min_lr: 0.000077  loss: 20.1279 (19.9904)  weight_decay: 0.0500 (0.0500)  grad_norm: 269.3609 (239.9725)  time: 0.9093  data: 0.0002  max mem: 34952
Epoch: [377] Total time: 0:00:51 (1.4788 s / it)
Averaged stats: lr: 0.000077  min_lr: 0.000077  loss: 20.1279 (19.9739)  weight_decay: 0.0500 (0.0500)  grad_norm: 269.3609 (239.9725)
Epoch: [378]  [ 0/35]  eta: 0:11:22  lr: 0.000077  min_lr: 0.000077  loss: 19.1225 (19.1225)  weight_decay: 0.0500 (0.0500)  grad_norm: 278.7012 (278.7012)  time: 19.5062  data: 8.9391  max mem: 34952
Epoch: [378]  [10/35]  eta: 0:01:05  lr: 0.000076  min_lr: 0.000076  loss: 19.1785 (18.8832)  weight_decay: 0.0500 (0.0500)  grad_norm: 255.5390 (226.5922)  time: 2.6046  data: 0.8128  max mem: 34952
Epoch: [378]  [20/35]  eta: 0:00:26  lr: 0.000076  min_lr: 0.000076  loss: 19.3127 (19.8017)  weight_decay: 0.0500 (0.0500)  grad_norm: 238.5456 (228.1362)  time: 0.9131  data: 0.0001  max mem: 34952
Epoch: [378]  [30/35]  eta: 0:00:07  lr: 0.000076  min_lr: 0.000076  loss: 20.3182 (19.9064)  weight_decay: 0.0500 (0.0500)  grad_norm: 238.5456 (225.3099)  time: 0.9073  data: 0.0001  max mem: 34952
Epoch: [378]  [34/35]  eta: 0:00:01  lr: 0.000076  min_lr: 0.000076  loss: 20.6646 (20.1702)  weight_decay: 0.0500 (0.0500)  grad_norm: 206.3513 (213.2735)  time: 0.9038  data: 0.0001  max mem: 34952
Epoch: [378] Total time: 0:00:51 (1.4603 s / it)
Averaged stats: lr: 0.000076  min_lr: 0.000076  loss: 20.6646 (20.1060)  weight_decay: 0.0500 (0.0500)  grad_norm: 206.3513 (213.2735)
Epoch: [379]  [ 0/35]  eta: 0:11:09  lr: 0.000076  min_lr: 0.000076  loss: 24.2859 (24.2859)  weight_decay: 0.0500 (0.0500)  grad_norm: 176.2234 (176.2234)  time: 19.1397  data: 16.5021  max mem: 34952
Epoch: [379]  [10/35]  eta: 0:01:04  lr: 0.000075  min_lr: 0.000075  loss: 18.2460 (19.0029)  weight_decay: 0.0500 (0.0500)  grad_norm: 160.9666 (144.1680)  time: 2.5663  data: 1.5003  max mem: 34952
Epoch: [379]  [20/35]  eta: 0:00:26  lr: 0.000075  min_lr: 0.000075  loss: 19.2225 (19.6123)  weight_decay: 0.0500 (0.0500)  grad_norm: 160.9666 (170.0486)  time: 0.9085  data: 0.0001  max mem: 34952
Epoch: [379]  [30/35]  eta: 0:00:07  lr: 0.000075  min_lr: 0.000075  loss: 19.8933 (20.0158)  weight_decay: 0.0500 (0.0500)  grad_norm: 218.1471 (195.8576)  time: 0.9064  data: 0.0001  max mem: 34952
Epoch: [379]  [34/35]  eta: 0:00:01  lr: 0.000074  min_lr: 0.000074  loss: 20.2258 (20.1791)  weight_decay: 0.0500 (0.0500)  grad_norm: 218.1471 (205.9414)  time: 0.9039  data: 0.0001  max mem: 34952
Epoch: [379] Total time: 0:00:50 (1.4520 s / it)
Averaged stats: lr: 0.000074  min_lr: 0.000074  loss: 20.2258 (19.9369)  weight_decay: 0.0500 (0.0500)  grad_norm: 218.1471 (205.9414)
Epoch: [380]  [ 0/35]  eta: 0:11:25  lr: 0.000074  min_lr: 0.000074  loss: 20.2529 (20.2529)  weight_decay: 0.0500 (0.0500)  grad_norm: 196.1574 (196.1574)  time: 19.5747  data: 17.5596  max mem: 34952
Epoch: [380]  [10/35]  eta: 0:01:05  lr: 0.000074  min_lr: 0.000074  loss: 20.2529 (18.9362)  weight_decay: 0.0500 (0.0500)  grad_norm: 257.2254 (242.7158)  time: 2.6020  data: 1.5965  max mem: 34952
Epoch: [380]  [20/35]  eta: 0:00:26  lr: 0.000074  min_lr: 0.000074  loss: 20.7088 (20.5314)  weight_decay: 0.0500 (0.0500)  grad_norm: 221.5847 (221.0687)  time: 0.9036  data: 0.0002  max mem: 34952
Epoch: [380]  [30/35]  eta: 0:00:07  lr: 0.000073  min_lr: 0.000073  loss: 20.7088 (20.4279)  weight_decay: 0.0500 (0.0500)  grad_norm: 156.6129 (204.3946)  time: 0.9030  data: 0.0002  max mem: 34952
Epoch: [380]  [34/35]  eta: 0:00:01  lr: 0.000073  min_lr: 0.000073  loss: 20.6493 (20.4247)  weight_decay: 0.0500 (0.0500)  grad_norm: 155.7436 (200.1998)  time: 0.9007  data: 0.0001  max mem: 34952
Epoch: [380] Total time: 0:00:51 (1.4586 s / it)
Averaged stats: lr: 0.000073  min_lr: 0.000073  loss: 20.6493 (19.9622)  weight_decay: 0.0500 (0.0500)  grad_norm: 155.7436 (200.1998)
Epoch: [381]  [ 0/35]  eta: 0:09:54  lr: 0.000073  min_lr: 0.000073  loss: 22.8963 (22.8963)  weight_decay: 0.0500 (0.0500)  grad_norm: 219.3325 (219.3325)  time: 16.9715  data: 14.4813  max mem: 34952
Epoch: [381]  [10/35]  eta: 0:01:00  lr: 0.000073  min_lr: 0.000073  loss: 21.3636 (20.3547)  weight_decay: 0.0500 (0.0500)  grad_norm: 147.4925 (160.9854)  time: 2.4360  data: 1.3166  max mem: 34952
Epoch: [381]  [20/35]  eta: 0:00:25  lr: 0.000073  min_lr: 0.000073  loss: 18.6682 (19.7163)  weight_decay: 0.0500 (0.0500)  grad_norm: 148.8173 (170.6265)  time: 0.9457  data: 0.0002  max mem: 34952
Epoch: [381]  [30/35]  eta: 0:00:07  lr: 0.000072  min_lr: 0.000072  loss: 18.2619 (19.4887)  weight_decay: 0.0500 (0.0500)  grad_norm: 196.2853 (183.1413)  time: 0.9101  data: 0.0002  max mem: 34952
Epoch: [381]  [34/35]  eta: 0:00:01  lr: 0.000072  min_lr: 0.000072  loss: 19.6054 (19.7132)  weight_decay: 0.0500 (0.0500)  grad_norm: 179.4028 (179.6413)  time: 0.9074  data: 0.0002  max mem: 34952
Epoch: [381] Total time: 0:00:49 (1.4115 s / it)
Averaged stats: lr: 0.000072  min_lr: 0.000072  loss: 19.6054 (19.6990)  weight_decay: 0.0500 (0.0500)  grad_norm: 179.4028 (179.6413)
Epoch: [382]  [ 0/35]  eta: 0:11:32  lr: 0.000072  min_lr: 0.000072  loss: 26.3165 (26.3165)  weight_decay: 0.0500 (0.0500)  grad_norm: 103.7723 (103.7723)  time: 19.7921  data: 14.4268  max mem: 34952
Epoch: [382]  [10/35]  eta: 0:01:07  lr: 0.000072  min_lr: 0.000072  loss: 20.0528 (20.0685)  weight_decay: 0.0500 (0.0500)  grad_norm: 160.2722 (156.1773)  time: 2.6851  data: 1.3117  max mem: 34952
Epoch: [382]  [20/35]  eta: 0:00:27  lr: 0.000071  min_lr: 0.000071  loss: 19.5884 (19.8452)  weight_decay: 0.0500 (0.0500)  grad_norm: 198.0457 (198.1482)  time: 0.9440  data: 0.0002  max mem: 34952
Epoch: [382]  [30/35]  eta: 0:00:07  lr: 0.000071  min_lr: 0.000071  loss: 18.3946 (19.5060)  weight_decay: 0.0500 (0.0500)  grad_norm: 257.2482 (222.0759)  time: 0.9128  data: 0.0001  max mem: 34952
Epoch: [382]  [34/35]  eta: 0:00:01  lr: 0.000071  min_lr: 0.000071  loss: 19.9110 (19.8390)  weight_decay: 0.0500 (0.0500)  grad_norm: 256.4859 (221.2991)  time: 0.9120  data: 0.0001  max mem: 34952
Epoch: [382] Total time: 0:00:52 (1.4918 s / it)
Averaged stats: lr: 0.000071  min_lr: 0.000071  loss: 19.9110 (19.9124)  weight_decay: 0.0500 (0.0500)  grad_norm: 256.4859 (221.2991)
Epoch: [383]  [ 0/35]  eta: 0:11:27  lr: 0.000071  min_lr: 0.000071  loss: 22.7267 (22.7267)  weight_decay: 0.0500 (0.0500)  grad_norm: 141.7152 (141.7152)  time: 19.6420  data: 9.5231  max mem: 34952
Epoch: [383]  [10/35]  eta: 0:01:05  lr: 0.000071  min_lr: 0.000071  loss: 18.6968 (18.3679)  weight_decay: 0.0500 (0.0500)  grad_norm: 145.6665 (157.6566)  time: 2.6083  data: 0.8659  max mem: 34952
Epoch: [383]  [20/35]  eta: 0:00:26  lr: 0.000070  min_lr: 0.000070  loss: 19.5144 (19.4696)  weight_decay: 0.0500 (0.0500)  grad_norm: 185.2662 (192.1498)  time: 0.9060  data: 0.0001  max mem: 34952
Epoch: [383]  [30/35]  eta: 0:00:07  lr: 0.000070  min_lr: 0.000070  loss: 19.7110 (19.4373)  weight_decay: 0.0500 (0.0500)  grad_norm: 203.9846 (201.4336)  time: 0.9028  data: 0.0001  max mem: 34952
Epoch: [383]  [34/35]  eta: 0:00:01  lr: 0.000070  min_lr: 0.000070  loss: 19.5283 (19.4976)  weight_decay: 0.0500 (0.0500)  grad_norm: 192.5826 (200.9554)  time: 0.9022  data: 0.0001  max mem: 34952
Epoch: [383] Total time: 0:00:51 (1.4608 s / it)
Averaged stats: lr: 0.000070  min_lr: 0.000070  loss: 19.5283 (19.8015)  weight_decay: 0.0500 (0.0500)  grad_norm: 192.5826 (200.9554)
Epoch: [384]  [ 0/35]  eta: 0:10:48  lr: 0.000070  min_lr: 0.000070  loss: 22.3169 (22.3169)  weight_decay: 0.0500 (0.0500)  grad_norm: 283.6179 (283.6179)  time: 18.5210  data: 16.5266  max mem: 34952
Epoch: [384]  [10/35]  eta: 0:01:04  lr: 0.000070  min_lr: 0.000070  loss: 19.7465 (20.0272)  weight_decay: 0.0500 (0.0500)  grad_norm: 208.5246 (198.0813)  time: 2.5705  data: 1.5026  max mem: 34952
Epoch: [384]  [20/35]  eta: 0:00:26  lr: 0.000069  min_lr: 0.000069  loss: 19.7465 (20.0946)  weight_decay: 0.0500 (0.0500)  grad_norm: 189.5790 (188.6460)  time: 0.9443  data: 0.0001  max mem: 34952
Epoch: [384]  [30/35]  eta: 0:00:07  lr: 0.000069  min_lr: 0.000069  loss: 19.5116 (19.7915)  weight_decay: 0.0500 (0.0500)  grad_norm: 190.4326 (192.5327)  time: 0.9501  data: 0.0001  max mem: 34952
Epoch: [384]  [34/35]  eta: 0:00:01  lr: 0.000069  min_lr: 0.000069  loss: 19.5116 (19.9218)  weight_decay: 0.0500 (0.0500)  grad_norm: 171.6266 (185.6588)  time: 0.9550  data: 0.0001  max mem: 34952
Epoch: [384] Total time: 0:00:51 (1.4805 s / it)
Averaged stats: lr: 0.000069  min_lr: 0.000069  loss: 19.5116 (19.7881)  weight_decay: 0.0500 (0.0500)  grad_norm: 171.6266 (185.6588)
Epoch: [385]  [ 0/35]  eta: 0:11:06  lr: 0.000069  min_lr: 0.000069  loss: 17.1895 (17.1895)  weight_decay: 0.0500 (0.0500)  grad_norm: 240.7019 (240.7019)  time: 19.0468  data: 18.0728  max mem: 34952
Epoch: [385]  [10/35]  eta: 0:01:05  lr: 0.000068  min_lr: 0.000068  loss: 18.0831 (18.7505)  weight_decay: 0.0500 (0.0500)  grad_norm: 155.7480 (170.0836)  time: 2.6307  data: 1.6431  max mem: 34952
Epoch: [385]  [20/35]  eta: 0:00:27  lr: 0.000068  min_lr: 0.000068  loss: 18.5596 (20.3018)  weight_decay: 0.0500 (0.0500)  grad_norm: 155.7480 (185.2146)  time: 0.9605  data: 0.0001  max mem: 34952
Epoch: [385]  [30/35]  eta: 0:00:07  lr: 0.000068  min_lr: 0.000068  loss: 20.3584 (20.1487)  weight_decay: 0.0500 (0.0500)  grad_norm: 150.0883 (168.9421)  time: 0.9192  data: 0.0001  max mem: 34952
Epoch: [385]  [34/35]  eta: 0:00:01  lr: 0.000068  min_lr: 0.000068  loss: 20.3584 (20.2481)  weight_decay: 0.0500 (0.0500)  grad_norm: 148.0880 (164.8554)  time: 0.9152  data: 0.0001  max mem: 34952
Epoch: [385] Total time: 0:00:51 (1.4777 s / it)
Averaged stats: lr: 0.000068  min_lr: 0.000068  loss: 20.3584 (19.6625)  weight_decay: 0.0500 (0.0500)  grad_norm: 148.0880 (164.8554)
Epoch: [386]  [ 0/35]  eta: 0:11:24  lr: 0.000068  min_lr: 0.000068  loss: 18.2330 (18.2330)  weight_decay: 0.0500 (0.0500)  grad_norm: 117.5667 (117.5667)  time: 19.5562  data: 14.4357  max mem: 34952
Epoch: [386]  [10/35]  eta: 0:01:05  lr: 0.000067  min_lr: 0.000067  loss: 20.8220 (21.0144)  weight_decay: 0.0500 (0.0500)  grad_norm: 187.5270 (188.6033)  time: 2.6077  data: 1.3125  max mem: 34952
Epoch: [386]  [20/35]  eta: 0:00:26  lr: 0.000067  min_lr: 0.000067  loss: 20.8220 (20.9999)  weight_decay: 0.0500 (0.0500)  grad_norm: 213.9177 (236.9680)  time: 0.9086  data: 0.0001  max mem: 34952
Epoch: [386]  [30/35]  eta: 0:00:07  lr: 0.000067  min_lr: 0.000067  loss: 19.4212 (20.3492)  weight_decay: 0.0500 (0.0500)  grad_norm: 221.2873 (228.2030)  time: 0.9034  data: 0.0001  max mem: 34952
Epoch: [386]  [34/35]  eta: 0:00:01  lr: 0.000066  min_lr: 0.000066  loss: 19.9476 (20.2823)  weight_decay: 0.0500 (0.0500)  grad_norm: 214.7675 (222.9408)  time: 0.9040  data: 0.0001  max mem: 34952
Epoch: [386] Total time: 0:00:51 (1.4610 s / it)
Averaged stats: lr: 0.000066  min_lr: 0.000066  loss: 19.9476 (19.6162)  weight_decay: 0.0500 (0.0500)  grad_norm: 214.7675 (222.9408)
Epoch: [387]  [ 0/35]  eta: 0:10:37  lr: 0.000066  min_lr: 0.000066  loss: 16.3998 (16.3998)  weight_decay: 0.0500 (0.0500)  grad_norm: 216.7250 (216.7250)  time: 18.2102  data: 12.3729  max mem: 34952
Epoch: [387]  [10/35]  eta: 0:01:04  lr: 0.000066  min_lr: 0.000066  loss: 19.0408 (20.1496)  weight_decay: 0.0500 (0.0500)  grad_norm: 199.4164 (183.9918)  time: 2.5829  data: 1.1250  max mem: 34952
Epoch: [387]  [20/35]  eta: 0:00:27  lr: 0.000066  min_lr: 0.000066  loss: 18.4486 (19.1754)  weight_decay: 0.0500 (0.0500)  grad_norm: 140.9282 (157.1733)  time: 1.0214  data: 0.0002  max mem: 34952
Epoch: [387]  [30/35]  eta: 0:00:07  lr: 0.000066  min_lr: 0.000066  loss: 18.3587 (19.3506)  weight_decay: 0.0500 (0.0500)  grad_norm: 138.8819 (161.8192)  time: 0.9734  data: 0.0001  max mem: 34952
Epoch: [387]  [34/35]  eta: 0:00:01  lr: 0.000065  min_lr: 0.000065  loss: 19.3655 (19.9309)  weight_decay: 0.0500 (0.0500)  grad_norm: 151.3135 (162.2424)  time: 0.9440  data: 0.0001  max mem: 34952
Epoch: [387] Total time: 0:00:52 (1.4957 s / it)
Averaged stats: lr: 0.000065  min_lr: 0.000065  loss: 19.3655 (19.9569)  weight_decay: 0.0500 (0.0500)  grad_norm: 151.3135 (162.2424)
Epoch: [388]  [ 0/35]  eta: 0:11:04  lr: 0.000065  min_lr: 0.000065  loss: 18.3654 (18.3654)  weight_decay: 0.0500 (0.0500)  grad_norm: 209.1141 (209.1141)  time: 18.9761  data: 17.7717  max mem: 34952
Epoch: [388]  [10/35]  eta: 0:01:08  lr: 0.000065  min_lr: 0.000065  loss: 19.2078 (19.2902)  weight_decay: 0.0500 (0.0500)  grad_norm: 204.4169 (229.3174)  time: 2.7358  data: 1.6158  max mem: 34952
Epoch: [388]  [20/35]  eta: 0:00:28  lr: 0.000065  min_lr: 0.000065  loss: 19.9885 (19.6043)  weight_decay: 0.0500 (0.0500)  grad_norm: 214.0743 (233.9319)  time: 1.0244  data: 0.0001  max mem: 34952
Epoch: [388]  [30/35]  eta: 0:00:07  lr: 0.000064  min_lr: 0.000064  loss: 19.8350 (19.6480)  weight_decay: 0.0500 (0.0500)  grad_norm: 207.1476 (222.6128)  time: 0.9244  data: 0.0001  max mem: 34952
Epoch: [388]  [34/35]  eta: 0:00:01  lr: 0.000064  min_lr: 0.000064  loss: 19.9885 (19.8097)  weight_decay: 0.0500 (0.0500)  grad_norm: 207.1476 (219.7180)  time: 0.9149  data: 0.0001  max mem: 34952
Epoch: [388] Total time: 0:00:52 (1.5139 s / it)
Averaged stats: lr: 0.000064  min_lr: 0.000064  loss: 19.9885 (19.6937)  weight_decay: 0.0500 (0.0500)  grad_norm: 207.1476 (219.7180)
Epoch: [389]  [ 0/35]  eta: 0:11:14  lr: 0.000064  min_lr: 0.000064  loss: 20.4895 (20.4895)  weight_decay: 0.0500 (0.0500)  grad_norm: 204.2605 (204.2605)  time: 19.2713  data: 16.0862  max mem: 34952
Epoch: [389]  [10/35]  eta: 0:01:04  lr: 0.000064  min_lr: 0.000064  loss: 18.5774 (18.1900)  weight_decay: 0.0500 (0.0500)  grad_norm: 195.1832 (190.0291)  time: 2.5782  data: 1.4625  max mem: 34952
Epoch: [389]  [20/35]  eta: 0:00:26  lr: 0.000064  min_lr: 0.000064  loss: 19.0759 (19.0928)  weight_decay: 0.0500 (0.0500)  grad_norm: 195.1832 (208.3491)  time: 0.9079  data: 0.0002  max mem: 34952
Epoch: [389]  [30/35]  eta: 0:00:07  lr: 0.000063  min_lr: 0.000063  loss: 20.5699 (19.7951)  weight_decay: 0.0500 (0.0500)  grad_norm: 274.5321 (234.3415)  time: 0.9047  data: 0.0001  max mem: 34952
Epoch: [389]  [34/35]  eta: 0:00:01  lr: 0.000063  min_lr: 0.000063  loss: 20.5699 (19.8139)  weight_decay: 0.0500 (0.0500)  grad_norm: 274.5321 (234.2881)  time: 0.9024  data: 0.0001  max mem: 34952
Epoch: [389] Total time: 0:00:50 (1.4547 s / it)
Averaged stats: lr: 0.000063  min_lr: 0.000063  loss: 20.5699 (19.7865)  weight_decay: 0.0500 (0.0500)  grad_norm: 274.5321 (234.2881)
Epoch: [390]  [ 0/35]  eta: 0:11:19  lr: 0.000063  min_lr: 0.000063  loss: 20.0785 (20.0785)  weight_decay: 0.0500 (0.0500)  grad_norm: 164.2734 (164.2734)  time: 19.4055  data: 14.5236  max mem: 34952
Epoch: [390]  [10/35]  eta: 0:01:04  lr: 0.000063  min_lr: 0.000063  loss: 18.1751 (17.7429)  weight_decay: 0.0500 (0.0500)  grad_norm: 211.2638 (198.5562)  time: 2.5995  data: 1.3205  max mem: 34952
Epoch: [390]  [20/35]  eta: 0:00:26  lr: 0.000063  min_lr: 0.000063  loss: 18.3891 (19.3271)  weight_decay: 0.0500 (0.0500)  grad_norm: 201.9287 (207.2610)  time: 0.9148  data: 0.0002  max mem: 34952
Epoch: [390]  [30/35]  eta: 0:00:07  lr: 0.000062  min_lr: 0.000062  loss: 18.5208 (18.9235)  weight_decay: 0.0500 (0.0500)  grad_norm: 183.5990 (199.6193)  time: 0.9058  data: 0.0001  max mem: 34952
Epoch: [390]  [34/35]  eta: 0:00:01  lr: 0.000062  min_lr: 0.000062  loss: 19.6357 (19.1869)  weight_decay: 0.0500 (0.0500)  grad_norm: 183.5990 (200.6122)  time: 0.9016  data: 0.0001  max mem: 34952
Epoch: [390] Total time: 0:00:51 (1.4620 s / it)
Averaged stats: lr: 0.000062  min_lr: 0.000062  loss: 19.6357 (19.4708)  weight_decay: 0.0500 (0.0500)  grad_norm: 183.5990 (200.6122)
Epoch: [391]  [ 0/35]  eta: 0:11:01  lr: 0.000062  min_lr: 0.000062  loss: 18.1339 (18.1339)  weight_decay: 0.0500 (0.0500)  grad_norm: 217.3100 (217.3100)  time: 18.9031  data: 17.9331  max mem: 34952
Epoch: [391]  [10/35]  eta: 0:01:04  lr: 0.000062  min_lr: 0.000062  loss: 18.7221 (19.1517)  weight_decay: 0.0500 (0.0500)  grad_norm: 196.5522 (194.4712)  time: 2.5606  data: 1.6304  max mem: 34952
Epoch: [391]  [20/35]  eta: 0:00:26  lr: 0.000061  min_lr: 0.000061  loss: 18.7221 (19.2170)  weight_decay: 0.0500 (0.0500)  grad_norm: 211.8988 (214.5365)  time: 0.9253  data: 0.0002  max mem: 34952
Epoch: [391]  [30/35]  eta: 0:00:07  lr: 0.000061  min_lr: 0.000061  loss: 18.2827 (19.1757)  weight_decay: 0.0500 (0.0500)  grad_norm: 235.4670 (210.2222)  time: 0.9247  data: 0.0001  max mem: 34952
Epoch: [391]  [34/35]  eta: 0:00:01  lr: 0.000061  min_lr: 0.000061  loss: 19.2803 (19.6148)  weight_decay: 0.0500 (0.0500)  grad_norm: 211.8988 (210.0139)  time: 0.9244  data: 0.0001  max mem: 34952
Epoch: [391] Total time: 0:00:51 (1.4615 s / it)
Averaged stats: lr: 0.000061  min_lr: 0.000061  loss: 19.2803 (19.6618)  weight_decay: 0.0500 (0.0500)  grad_norm: 211.8988 (210.0139)
Epoch: [392]  [ 0/35]  eta: 0:11:11  lr: 0.000061  min_lr: 0.000061  loss: 21.7269 (21.7269)  weight_decay: 0.0500 (0.0500)  grad_norm: 162.4637 (162.4637)  time: 19.1832  data: 16.0469  max mem: 34952
Epoch: [392]  [10/35]  eta: 0:01:04  lr: 0.000061  min_lr: 0.000061  loss: 18.7254 (19.3035)  weight_decay: 0.0500 (0.0500)  grad_norm: 225.7312 (196.3531)  time: 2.5919  data: 1.4590  max mem: 34952
Epoch: [392]  [20/35]  eta: 0:00:26  lr: 0.000060  min_lr: 0.000060  loss: 19.8724 (19.7024)  weight_decay: 0.0500 (0.0500)  grad_norm: 211.4503 (203.6357)  time: 0.9231  data: 0.0002  max mem: 34952
Epoch: [392]  [30/35]  eta: 0:00:07  lr: 0.000060  min_lr: 0.000060  loss: 20.1329 (19.5695)  weight_decay: 0.0500 (0.0500)  grad_norm: 210.1753 (206.9718)  time: 0.9106  data: 0.0001  max mem: 34952
Epoch: [392]  [34/35]  eta: 0:00:01  lr: 0.000060  min_lr: 0.000060  loss: 19.9019 (19.5742)  weight_decay: 0.0500 (0.0500)  grad_norm: 208.7524 (208.6729)  time: 0.9073  data: 0.0001  max mem: 34952
Epoch: [392] Total time: 0:00:51 (1.4619 s / it)
Averaged stats: lr: 0.000060  min_lr: 0.000060  loss: 19.9019 (19.4817)  weight_decay: 0.0500 (0.0500)  grad_norm: 208.7524 (208.6729)
Epoch: [393]  [ 0/35]  eta: 0:11:03  lr: 0.000060  min_lr: 0.000060  loss: 20.8006 (20.8006)  weight_decay: 0.0500 (0.0500)  grad_norm: 241.6510 (241.6510)  time: 18.9589  data: 16.2251  max mem: 34952
Epoch: [393]  [10/35]  eta: 0:01:04  lr: 0.000060  min_lr: 0.000060  loss: 18.7641 (18.7863)  weight_decay: 0.0500 (0.0500)  grad_norm: 216.9375 (207.3922)  time: 2.5606  data: 1.4751  max mem: 34952
Epoch: [393]  [20/35]  eta: 0:00:26  lr: 0.000059  min_lr: 0.000059  loss: 19.6624 (19.7668)  weight_decay: 0.0500 (0.0500)  grad_norm: 232.9466 (235.2869)  time: 0.9130  data: 0.0001  max mem: 34952
Epoch: [393]  [30/35]  eta: 0:00:07  lr: 0.000059  min_lr: 0.000059  loss: 19.3344 (19.2549)  weight_decay: 0.0500 (0.0500)  grad_norm: 285.7656 (250.2749)  time: 0.9045  data: 0.0001  max mem: 34952
Epoch: [393]  [34/35]  eta: 0:00:01  lr: 0.000059  min_lr: 0.000059  loss: 19.0183 (19.0718)  weight_decay: 0.0500 (0.0500)  grad_norm: 285.7656 (245.8182)  time: 0.9028  data: 0.0001  max mem: 34952
Epoch: [393] Total time: 0:00:50 (1.4463 s / it)
Averaged stats: lr: 0.000059  min_lr: 0.000059  loss: 19.0183 (19.3508)  weight_decay: 0.0500 (0.0500)  grad_norm: 285.7656 (245.8182)
Epoch: [394]  [ 0/35]  eta: 0:11:30  lr: 0.000059  min_lr: 0.000059  loss: 21.2009 (21.2009)  weight_decay: 0.0500 (0.0500)  grad_norm: 267.6815 (267.6815)  time: 19.7251  data: 15.2535  max mem: 34952
Epoch: [394]  [10/35]  eta: 0:01:05  lr: 0.000059  min_lr: 0.000059  loss: 19.6268 (20.0964)  weight_decay: 0.0500 (0.0500)  grad_norm: 267.6815 (254.2619)  time: 2.6293  data: 1.3868  max mem: 34952
Epoch: [394]  [20/35]  eta: 0:00:27  lr: 0.000058  min_lr: 0.000058  loss: 19.1984 (20.0452)  weight_decay: 0.0500 (0.0500)  grad_norm: 283.0004 (273.4671)  time: 0.9183  data: 0.0001  max mem: 34952
Epoch: [394]  [30/35]  eta: 0:00:07  lr: 0.000058  min_lr: 0.000058  loss: 19.5928 (20.1258)  weight_decay: 0.0500 (0.0500)  grad_norm: 283.0004 (276.3010)  time: 0.9576  data: 0.0001  max mem: 34952
Epoch: [394]  [34/35]  eta: 0:00:01  lr: 0.000058  min_lr: 0.000058  loss: 19.8895 (20.1519)  weight_decay: 0.0500 (0.0500)  grad_norm: 275.9810 (270.3351)  time: 0.9849  data: 0.0001  max mem: 34952
Epoch: [394] Total time: 0:00:52 (1.5125 s / it)
Averaged stats: lr: 0.000058  min_lr: 0.000058  loss: 19.8895 (19.5055)  weight_decay: 0.0500 (0.0500)  grad_norm: 275.9810 (270.3351)
Epoch: [395]  [ 0/35]  eta: 0:11:38  lr: 0.000058  min_lr: 0.000058  loss: 20.5457 (20.5457)  weight_decay: 0.0500 (0.0500)  grad_norm: 245.3345 (245.3345)  time: 19.9526  data: 14.1287  max mem: 34952
Epoch: [395]  [10/35]  eta: 0:01:05  lr: 0.000057  min_lr: 0.000057  loss: 17.0215 (18.7676)  weight_decay: 0.0500 (0.0500)  grad_norm: 185.1125 (190.7712)  time: 2.6393  data: 1.2846  max mem: 34952
Epoch: [395]  [20/35]  eta: 0:00:27  lr: 0.000057  min_lr: 0.000057  loss: 18.8592 (19.6069)  weight_decay: 0.0500 (0.0500)  grad_norm: 140.3202 (164.1656)  time: 0.9075  data: 0.0001  max mem: 34952
Epoch: [395]  [30/35]  eta: 0:00:07  lr: 0.000057  min_lr: 0.000057  loss: 19.4701 (19.7511)  weight_decay: 0.0500 (0.0500)  grad_norm: 129.0356 (155.8822)  time: 0.9070  data: 0.0001  max mem: 34952
Epoch: [395]  [34/35]  eta: 0:00:01  lr: 0.000057  min_lr: 0.000057  loss: 19.6252 (19.8802)  weight_decay: 0.0500 (0.0500)  grad_norm: 128.8230 (151.1193)  time: 0.9050  data: 0.0001  max mem: 34952
Epoch: [395] Total time: 0:00:51 (1.4724 s / it)
Averaged stats: lr: 0.000057  min_lr: 0.000057  loss: 19.6252 (19.5625)  weight_decay: 0.0500 (0.0500)  grad_norm: 128.8230 (151.1193)
Epoch: [396]  [ 0/35]  eta: 0:11:28  lr: 0.000057  min_lr: 0.000057  loss: 21.4147 (21.4147)  weight_decay: 0.0500 (0.0500)  grad_norm: 139.2131 (139.2131)  time: 19.6796  data: 14.6079  max mem: 34952
Epoch: [396]  [10/35]  eta: 0:01:06  lr: 0.000056  min_lr: 0.000056  loss: 18.5593 (18.4338)  weight_decay: 0.0500 (0.0500)  grad_norm: 139.2131 (131.4519)  time: 2.6585  data: 1.3282  max mem: 34952
Epoch: [396]  [20/35]  eta: 0:00:27  lr: 0.000056  min_lr: 0.000056  loss: 19.0381 (20.0599)  weight_decay: 0.0500 (0.0500)  grad_norm: 147.0671 (151.2092)  time: 0.9361  data: 0.0002  max mem: 34952
Epoch: [396]  [30/35]  eta: 0:00:07  lr: 0.000056  min_lr: 0.000056  loss: 19.8108 (19.6374)  weight_decay: 0.0500 (0.0500)  grad_norm: 176.8326 (162.1046)  time: 0.9090  data: 0.0001  max mem: 34952
Epoch: [396]  [34/35]  eta: 0:00:01  lr: 0.000056  min_lr: 0.000056  loss: 19.0372 (19.6165)  weight_decay: 0.0500 (0.0500)  grad_norm: 167.0465 (158.0086)  time: 0.9039  data: 0.0001  max mem: 34952
Epoch: [396] Total time: 0:00:51 (1.4809 s / it)
Averaged stats: lr: 0.000056  min_lr: 0.000056  loss: 19.0372 (19.3778)  weight_decay: 0.0500 (0.0500)  grad_norm: 167.0465 (158.0086)
Epoch: [397]  [ 0/35]  eta: 0:11:53  lr: 0.000056  min_lr: 0.000056  loss: 22.6878 (22.6878)  weight_decay: 0.0500 (0.0500)  grad_norm: 124.8278 (124.8278)  time: 20.3726  data: 15.8507  max mem: 34952
Epoch: [397]  [10/35]  eta: 0:01:06  lr: 0.000055  min_lr: 0.000055  loss: 18.2252 (18.1496)  weight_decay: 0.0500 (0.0500)  grad_norm: 137.6882 (163.0405)  time: 2.6749  data: 1.4411  max mem: 34952
Epoch: [397]  [20/35]  eta: 0:00:27  lr: 0.000055  min_lr: 0.000055  loss: 18.3113 (18.6703)  weight_decay: 0.0500 (0.0500)  grad_norm: 191.6817 (200.2703)  time: 0.9056  data: 0.0001  max mem: 34952
Epoch: [397]  [30/35]  eta: 0:00:07  lr: 0.000055  min_lr: 0.000055  loss: 19.0693 (18.6935)  weight_decay: 0.0500 (0.0500)  grad_norm: 258.7176 (222.9036)  time: 0.9056  data: 0.0001  max mem: 34952
Epoch: [397]  [34/35]  eta: 0:00:01  lr: 0.000055  min_lr: 0.000055  loss: 19.4558 (18.9283)  weight_decay: 0.0500 (0.0500)  grad_norm: 254.4960 (221.7345)  time: 0.9030  data: 0.0001  max mem: 34952
Epoch: [397] Total time: 0:00:51 (1.4841 s / it)
Averaged stats: lr: 0.000055  min_lr: 0.000055  loss: 19.4558 (19.3077)  weight_decay: 0.0500 (0.0500)  grad_norm: 254.4960 (221.7345)
Epoch: [398]  [ 0/35]  eta: 0:11:44  lr: 0.000055  min_lr: 0.000055  loss: 22.0847 (22.0847)  weight_decay: 0.0500 (0.0500)  grad_norm: 107.8891 (107.8891)  time: 20.1200  data: 12.1208  max mem: 34952
Epoch: [398]  [10/35]  eta: 0:01:06  lr: 0.000054  min_lr: 0.000054  loss: 17.7061 (18.4692)  weight_decay: 0.0500 (0.0500)  grad_norm: 223.9612 (235.8816)  time: 2.6581  data: 1.1020  max mem: 34952
Epoch: [398]  [20/35]  eta: 0:00:27  lr: 0.000054  min_lr: 0.000054  loss: 17.8082 (18.9790)  weight_decay: 0.0500 (0.0500)  grad_norm: 223.9612 (237.3539)  time: 0.9090  data: 0.0001  max mem: 34952
Epoch: [398]  [30/35]  eta: 0:00:07  lr: 0.000054  min_lr: 0.000054  loss: 19.7233 (19.3077)  weight_decay: 0.0500 (0.0500)  grad_norm: 217.8570 (223.7454)  time: 0.9047  data: 0.0001  max mem: 34952
Epoch: [398]  [34/35]  eta: 0:00:01  lr: 0.000054  min_lr: 0.000054  loss: 19.7233 (19.3531)  weight_decay: 0.0500 (0.0500)  grad_norm: 187.2683 (218.7772)  time: 0.9039  data: 0.0001  max mem: 34952
Epoch: [398] Total time: 0:00:51 (1.4806 s / it)
Averaged stats: lr: 0.000054  min_lr: 0.000054  loss: 19.7233 (19.1369)  weight_decay: 0.0500 (0.0500)  grad_norm: 187.2683 (218.7772)
Epoch: [399]  [ 0/35]  eta: 0:11:19  lr: 0.000054  min_lr: 0.000054  loss: 20.3682 (20.3682)  weight_decay: 0.0500 (0.0500)  grad_norm: 124.5372 (124.5372)  time: 19.4023  data: 14.6752  max mem: 34952
Epoch: [399]  [10/35]  eta: 0:01:04  lr: 0.000053  min_lr: 0.000053  loss: 20.6798 (20.2020)  weight_decay: 0.0500 (0.0500)  grad_norm: 228.1564 (207.3501)  time: 2.5902  data: 1.3342  max mem: 34952
Epoch: [399]  [20/35]  eta: 0:00:26  lr: 0.000053  min_lr: 0.000053  loss: 20.3667 (19.9880)  weight_decay: 0.0500 (0.0500)  grad_norm: 196.9396 (201.4362)  time: 0.9085  data: 0.0002  max mem: 34952
Epoch: [399]  [30/35]  eta: 0:00:07  lr: 0.000053  min_lr: 0.000053  loss: 19.4253 (20.2108)  weight_decay: 0.0500 (0.0500)  grad_norm: 185.8249 (197.7389)  time: 0.9067  data: 0.0002  max mem: 34952
Epoch: [399]  [34/35]  eta: 0:00:01  lr: 0.000053  min_lr: 0.000053  loss: 19.5691 (20.1477)  weight_decay: 0.0500 (0.0500)  grad_norm: 163.1755 (194.9084)  time: 0.9057  data: 0.0001  max mem: 34952
Epoch: [399] Total time: 0:00:51 (1.4594 s / it)
Averaged stats: lr: 0.000053  min_lr: 0.000053  loss: 19.5691 (19.3615)  weight_decay: 0.0500 (0.0500)  grad_norm: 163.1755 (194.9084)
Epoch: [400]  [ 0/35]  eta: 0:28:28  lr: 0.000053  min_lr: 0.000053  loss: 19.6672 (19.6672)  weight_decay: 0.0500 (0.0500)  grad_norm: 106.5119 (106.5119)  time: 48.8272  data: 39.1608  max mem: 34952
Epoch: [400]  [10/35]  eta: 0:02:13  lr: 0.000052  min_lr: 0.000052  loss: 18.7683 (18.0117)  weight_decay: 0.0500 (0.0500)  grad_norm: 145.3703 (138.2962)  time: 5.3473  data: 3.5603  max mem: 34952
Epoch: [400]  [20/35]  eta: 0:00:48  lr: 0.000052  min_lr: 0.000052  loss: 18.7683 (18.5731)  weight_decay: 0.0500 (0.0500)  grad_norm: 155.2032 (160.8435)  time: 0.9565  data: 0.0002  max mem: 34952
Epoch: [400]  [30/35]  eta: 0:00:12  lr: 0.000052  min_lr: 0.000052  loss: 17.4735 (18.4638)  weight_decay: 0.0500 (0.0500)  grad_norm: 191.1489 (188.0206)  time: 0.9093  data: 0.0001  max mem: 34952
Epoch: [400]  [34/35]  eta: 0:00:02  lr: 0.000052  min_lr: 0.000052  loss: 18.7635 (18.6287)  weight_decay: 0.0500 (0.0500)  grad_norm: 208.8904 (188.4865)  time: 0.9042  data: 0.0001  max mem: 34952
Epoch: [400] Total time: 0:01:21 (2.3261 s / it)
Averaged stats: lr: 0.000052  min_lr: 0.000052  loss: 18.7635 (19.1620)  weight_decay: 0.0500 (0.0500)  grad_norm: 208.8904 (188.4865)
[Eval]   [0/1]  eta: 0:00:03  loss: 65.4102 (65.4102)  time: 3.7907  data: 3.6908  max mem: 34952
[Eval]  Total time: 0:00:03 (3.9988 s / it)
Eval averaged stats: loss: 65.4102 (65.7831)
Epoch: [401]  [ 0/35]  eta: 0:11:34  lr: 0.000052  min_lr: 0.000052  loss: 21.8937 (21.8937)  weight_decay: 0.0500 (0.0500)  grad_norm: 159.4317 (159.4317)  time: 19.8301  data: 16.6735  max mem: 34952
Epoch: [401]  [10/35]  eta: 0:01:06  lr: 0.000051  min_lr: 0.000051  loss: 19.0546 (19.2453)  weight_decay: 0.0500 (0.0500)  grad_norm: 206.7200 (221.6077)  time: 2.6458  data: 1.5159  max mem: 34952
Epoch: [401]  [20/35]  eta: 0:00:27  lr: 0.000051  min_lr: 0.000051  loss: 18.9713 (19.2953)  weight_decay: 0.0500 (0.0500)  grad_norm: 224.3731 (225.0682)  time: 0.9214  data: 0.0002  max mem: 34952
Epoch: [401]  [30/35]  eta: 0:00:07  lr: 0.000051  min_lr: 0.000051  loss: 19.4962 (19.3939)  weight_decay: 0.0500 (0.0500)  grad_norm: 225.6435 (228.1549)  time: 0.9118  data: 0.0002  max mem: 34952
Epoch: [401]  [34/35]  eta: 0:00:01  lr: 0.000051  min_lr: 0.000051  loss: 19.9889 (19.7922)  weight_decay: 0.0500 (0.0500)  grad_norm: 218.1995 (225.0680)  time: 0.9113  data: 0.0002  max mem: 34952
Epoch: [401] Total time: 0:00:51 (1.4791 s / it)
Averaged stats: lr: 0.000051  min_lr: 0.000051  loss: 19.9889 (19.4009)  weight_decay: 0.0500 (0.0500)  grad_norm: 218.1995 (225.0680)
Epoch: [402]  [ 0/35]  eta: 0:11:28  lr: 0.000051  min_lr: 0.000051  loss: 18.5271 (18.5271)  weight_decay: 0.0500 (0.0500)  grad_norm: 250.7608 (250.7608)  time: 19.6589  data: 15.1982  max mem: 34952
Epoch: [402]  [10/35]  eta: 0:01:06  lr: 0.000050  min_lr: 0.000050  loss: 18.8757 (18.1227)  weight_decay: 0.0500 (0.0500)  grad_norm: 216.0701 (204.0186)  time: 2.6616  data: 1.3818  max mem: 34952
Epoch: [402]  [20/35]  eta: 0:00:27  lr: 0.000050  min_lr: 0.000050  loss: 19.8018 (19.8915)  weight_decay: 0.0500 (0.0500)  grad_norm: 181.2106 (188.9571)  time: 0.9370  data: 0.0001  max mem: 34952
Epoch: [402]  [30/35]  eta: 0:00:07  lr: 0.000050  min_lr: 0.000050  loss: 20.5604 (19.4781)  weight_decay: 0.0500 (0.0500)  grad_norm: 131.8177 (171.1218)  time: 0.9073  data: 0.0001  max mem: 34952
Epoch: [402]  [34/35]  eta: 0:00:01  lr: 0.000050  min_lr: 0.000050  loss: 20.5604 (19.5936)  weight_decay: 0.0500 (0.0500)  grad_norm: 117.7648 (163.1000)  time: 0.9046  data: 0.0001  max mem: 34952
Epoch: [402] Total time: 0:00:51 (1.4809 s / it)
Averaged stats: lr: 0.000050  min_lr: 0.000050  loss: 20.5604 (19.2662)  weight_decay: 0.0500 (0.0500)  grad_norm: 117.7648 (163.1000)
Epoch: [403]  [ 0/35]  eta: 0:11:16  lr: 0.000050  min_lr: 0.000050  loss: 20.9296 (20.9296)  weight_decay: 0.0500 (0.0500)  grad_norm: 105.6148 (105.6148)  time: 19.3232  data: 13.5533  max mem: 34952
Epoch: [403]  [10/35]  eta: 0:01:05  lr: 0.000049  min_lr: 0.000049  loss: 19.8090 (19.6728)  weight_decay: 0.0500 (0.0500)  grad_norm: 155.9106 (160.5888)  time: 2.6197  data: 1.2323  max mem: 34952
Epoch: [403]  [20/35]  eta: 0:00:27  lr: 0.000049  min_lr: 0.000049  loss: 19.8090 (19.3190)  weight_decay: 0.0500 (0.0500)  grad_norm: 152.9895 (159.7733)  time: 0.9545  data: 0.0002  max mem: 34952
Epoch: [403]  [30/35]  eta: 0:00:07  lr: 0.000049  min_lr: 0.000049  loss: 18.6965 (19.0451)  weight_decay: 0.0500 (0.0500)  grad_norm: 134.1627 (162.8866)  time: 0.9386  data: 0.0002  max mem: 34952
Epoch: [403]  [34/35]  eta: 0:00:01  lr: 0.000049  min_lr: 0.000049  loss: 19.5849 (19.2105)  weight_decay: 0.0500 (0.0500)  grad_norm: 151.5605 (163.0139)  time: 0.9353  data: 0.0001  max mem: 34952
Epoch: [403] Total time: 0:00:52 (1.4907 s / it)
Averaged stats: lr: 0.000049  min_lr: 0.000049  loss: 19.5849 (19.0973)  weight_decay: 0.0500 (0.0500)  grad_norm: 151.5605 (163.0139)
Epoch: [404]  [ 0/35]  eta: 0:11:43  lr: 0.000049  min_lr: 0.000049  loss: 18.6578 (18.6578)  weight_decay: 0.0500 (0.0500)  grad_norm: 185.8977 (185.8977)  time: 20.1018  data: 16.9395  max mem: 34952
Epoch: [404]  [10/35]  eta: 0:01:06  lr: 0.000048  min_lr: 0.000048  loss: 19.7032 (19.0563)  weight_decay: 0.0500 (0.0500)  grad_norm: 130.8750 (141.5028)  time: 2.6775  data: 1.5401  max mem: 34952
Epoch: [404]  [20/35]  eta: 0:00:27  lr: 0.000048  min_lr: 0.000048  loss: 19.7032 (19.4377)  weight_decay: 0.0500 (0.0500)  grad_norm: 143.2008 (149.4912)  time: 0.9308  data: 0.0002  max mem: 34952
Epoch: [404]  [30/35]  eta: 0:00:07  lr: 0.000048  min_lr: 0.000048  loss: 19.6448 (19.5888)  weight_decay: 0.0500 (0.0500)  grad_norm: 156.6245 (156.4084)  time: 0.9264  data: 0.0002  max mem: 34952
Epoch: [404]  [34/35]  eta: 0:00:01  lr: 0.000048  min_lr: 0.000048  loss: 20.1442 (19.7288)  weight_decay: 0.0500 (0.0500)  grad_norm: 156.6245 (151.4688)  time: 0.9256  data: 0.0002  max mem: 34952
Epoch: [404] Total time: 0:00:52 (1.5002 s / it)
Averaged stats: lr: 0.000048  min_lr: 0.000048  loss: 20.1442 (19.3228)  weight_decay: 0.0500 (0.0500)  grad_norm: 156.6245 (151.4688)
Epoch: [405]  [ 0/35]  eta: 0:11:24  lr: 0.000048  min_lr: 0.000048  loss: 16.4242 (16.4242)  weight_decay: 0.0500 (0.0500)  grad_norm: 164.4804 (164.4804)  time: 19.5657  data: 16.0970  max mem: 34952
Epoch: [405]  [10/35]  eta: 0:01:06  lr: 0.000047  min_lr: 0.000047  loss: 17.0613 (18.0643)  weight_decay: 0.0500 (0.0500)  grad_norm: 159.6109 (157.2624)  time: 2.6580  data: 1.4635  max mem: 34952
Epoch: [405]  [20/35]  eta: 0:00:27  lr: 0.000047  min_lr: 0.000047  loss: 17.4285 (18.2341)  weight_decay: 0.0500 (0.0500)  grad_norm: 151.0128 (156.1284)  time: 0.9429  data: 0.0002  max mem: 34952
Epoch: [405]  [30/35]  eta: 0:00:07  lr: 0.000047  min_lr: 0.000047  loss: 18.5668 (18.4427)  weight_decay: 0.0500 (0.0500)  grad_norm: 163.2802 (172.6249)  time: 0.9191  data: 0.0001  max mem: 34952
Epoch: [405]  [34/35]  eta: 0:00:01  lr: 0.000047  min_lr: 0.000047  loss: 18.6339 (18.3727)  weight_decay: 0.0500 (0.0500)  grad_norm: 181.1967 (170.8875)  time: 0.9190  data: 0.0001  max mem: 34952
Epoch: [405] Total time: 0:00:52 (1.4875 s / it)
Averaged stats: lr: 0.000047  min_lr: 0.000047  loss: 18.6339 (18.7732)  weight_decay: 0.0500 (0.0500)  grad_norm: 181.1967 (170.8875)
Epoch: [406]  [ 0/35]  eta: 0:10:53  lr: 0.000047  min_lr: 0.000047  loss: 23.3321 (23.3321)  weight_decay: 0.0500 (0.0500)  grad_norm: 106.6851 (106.6851)  time: 18.6664  data: 17.6902  max mem: 34952
Epoch: [406]  [10/35]  eta: 0:01:03  lr: 0.000046  min_lr: 0.000046  loss: 17.3615 (18.5943)  weight_decay: 0.0500 (0.0500)  grad_norm: 147.7639 (145.6855)  time: 2.5459  data: 1.6084  max mem: 34952
Epoch: [406]  [20/35]  eta: 0:00:26  lr: 0.000046  min_lr: 0.000046  loss: 18.1092 (19.0311)  weight_decay: 0.0500 (0.0500)  grad_norm: 151.2734 (155.3831)  time: 0.9231  data: 0.0001  max mem: 34952
Epoch: [406]  [30/35]  eta: 0:00:07  lr: 0.000046  min_lr: 0.000046  loss: 18.4168 (18.6404)  weight_decay: 0.0500 (0.0500)  grad_norm: 170.0162 (160.5963)  time: 0.9123  data: 0.0001  max mem: 34952
Epoch: [406]  [34/35]  eta: 0:00:01  lr: 0.000046  min_lr: 0.000046  loss: 18.6558 (18.6987)  weight_decay: 0.0500 (0.0500)  grad_norm: 170.0162 (161.4598)  time: 0.9134  data: 0.0001  max mem: 34952
Epoch: [406] Total time: 0:00:50 (1.4518 s / it)
Averaged stats: lr: 0.000046  min_lr: 0.000046  loss: 18.6558 (18.9477)  weight_decay: 0.0500 (0.0500)  grad_norm: 170.0162 (161.4598)
Epoch: [407]  [ 0/35]  eta: 0:10:52  lr: 0.000046  min_lr: 0.000046  loss: 14.9502 (14.9502)  weight_decay: 0.0500 (0.0500)  grad_norm: 177.9318 (177.9318)  time: 18.6540  data: 13.9218  max mem: 34952
Epoch: [407]  [10/35]  eta: 0:01:03  lr: 0.000046  min_lr: 0.000046  loss: 16.7216 (17.4083)  weight_decay: 0.0500 (0.0500)  grad_norm: 176.8356 (175.0688)  time: 2.5312  data: 1.2657  max mem: 34952
Epoch: [407]  [20/35]  eta: 0:00:26  lr: 0.000045  min_lr: 0.000045  loss: 17.0768 (17.3936)  weight_decay: 0.0500 (0.0500)  grad_norm: 121.5590 (153.3195)  time: 0.9176  data: 0.0001  max mem: 34952
Epoch: [407]  [30/35]  eta: 0:00:07  lr: 0.000045  min_lr: 0.000045  loss: 17.3220 (17.7928)  weight_decay: 0.0500 (0.0500)  grad_norm: 142.3847 (159.6609)  time: 0.9168  data: 0.0002  max mem: 34952
Epoch: [407]  [34/35]  eta: 0:00:01  lr: 0.000045  min_lr: 0.000045  loss: 17.9468 (17.8801)  weight_decay: 0.0500 (0.0500)  grad_norm: 161.0237 (168.0603)  time: 0.9197  data: 0.0002  max mem: 34952
Epoch: [407] Total time: 0:00:50 (1.4461 s / it)
Averaged stats: lr: 0.000045  min_lr: 0.000045  loss: 17.9468 (18.7430)  weight_decay: 0.0500 (0.0500)  grad_norm: 161.0237 (168.0603)
Epoch: [408]  [ 0/35]  eta: 0:10:33  lr: 0.000045  min_lr: 0.000045  loss: 20.8003 (20.8003)  weight_decay: 0.0500 (0.0500)  grad_norm: 112.4173 (112.4173)  time: 18.1024  data: 14.6600  max mem: 34952
Epoch: [408]  [10/35]  eta: 0:01:02  lr: 0.000045  min_lr: 0.000045  loss: 17.6227 (17.2967)  weight_decay: 0.0500 (0.0500)  grad_norm: 277.4831 (253.7823)  time: 2.4953  data: 1.3329  max mem: 34952
Epoch: [408]  [20/35]  eta: 0:00:26  lr: 0.000044  min_lr: 0.000044  loss: 19.1538 (19.2420)  weight_decay: 0.0500 (0.0500)  grad_norm: 214.2973 (229.4982)  time: 0.9240  data: 0.0002  max mem: 34952
Epoch: [408]  [30/35]  eta: 0:00:07  lr: 0.000044  min_lr: 0.000044  loss: 20.4159 (18.9972)  weight_decay: 0.0500 (0.0500)  grad_norm: 214.2973 (220.2257)  time: 0.9135  data: 0.0002  max mem: 34952
Epoch: [408]  [34/35]  eta: 0:00:01  lr: 0.000044  min_lr: 0.000044  loss: 20.4159 (19.1077)  weight_decay: 0.0500 (0.0500)  grad_norm: 211.4279 (216.2653)  time: 0.9105  data: 0.0001  max mem: 34952
Epoch: [408] Total time: 0:00:50 (1.4309 s / it)
Averaged stats: lr: 0.000044  min_lr: 0.000044  loss: 20.4159 (18.9331)  weight_decay: 0.0500 (0.0500)  grad_norm: 211.4279 (216.2653)
Epoch: [409]  [ 0/35]  eta: 0:11:18  lr: 0.000044  min_lr: 0.000044  loss: 22.8702 (22.8702)  weight_decay: 0.0500 (0.0500)  grad_norm: 167.6067 (167.6067)  time: 19.3843  data: 16.7235  max mem: 34952
Epoch: [409]  [10/35]  eta: 0:01:05  lr: 0.000044  min_lr: 0.000044  loss: 20.4549 (19.8589)  weight_decay: 0.0500 (0.0500)  grad_norm: 167.6067 (151.5241)  time: 2.6071  data: 1.5205  max mem: 34952
Epoch: [409]  [20/35]  eta: 0:00:26  lr: 0.000043  min_lr: 0.000043  loss: 18.5283 (19.2232)  weight_decay: 0.0500 (0.0500)  grad_norm: 119.2423 (134.8209)  time: 0.9169  data: 0.0002  max mem: 34952
Epoch: [409]  [30/35]  eta: 0:00:07  lr: 0.000043  min_lr: 0.000043  loss: 19.3060 (19.3323)  weight_decay: 0.0500 (0.0500)  grad_norm: 126.6245 (140.7035)  time: 0.9028  data: 0.0001  max mem: 34952
Epoch: [409]  [34/35]  eta: 0:00:01  lr: 0.000043  min_lr: 0.000043  loss: 19.3761 (19.2795)  weight_decay: 0.0500 (0.0500)  grad_norm: 139.5073 (141.2264)  time: 0.9028  data: 0.0001  max mem: 34952
Epoch: [409] Total time: 0:00:51 (1.4602 s / it)
Averaged stats: lr: 0.000043  min_lr: 0.000043  loss: 19.3761 (18.8222)  weight_decay: 0.0500 (0.0500)  grad_norm: 139.5073 (141.2264)
Epoch: [410]  [ 0/35]  eta: 0:11:26  lr: 0.000043  min_lr: 0.000043  loss: 16.3671 (16.3671)  weight_decay: 0.0500 (0.0500)  grad_norm: 155.3793 (155.3793)  time: 19.6099  data: 12.0002  max mem: 34952
Epoch: [410]  [10/35]  eta: 0:01:07  lr: 0.000043  min_lr: 0.000043  loss: 17.4389 (17.6668)  weight_decay: 0.0500 (0.0500)  grad_norm: 155.3793 (181.5060)  time: 2.7127  data: 1.0911  max mem: 34952
Epoch: [410]  [20/35]  eta: 0:00:27  lr: 0.000042  min_lr: 0.000042  loss: 18.2787 (18.5265)  weight_decay: 0.0500 (0.0500)  grad_norm: 162.6752 (181.2668)  time: 0.9781  data: 0.0002  max mem: 34952
Epoch: [410]  [30/35]  eta: 0:00:07  lr: 0.000042  min_lr: 0.000042  loss: 19.1500 (18.8366)  weight_decay: 0.0500 (0.0500)  grad_norm: 173.9189 (183.3269)  time: 0.9176  data: 0.0002  max mem: 34952
Epoch: [410]  [34/35]  eta: 0:00:01  lr: 0.000042  min_lr: 0.000042  loss: 19.2102 (18.7655)  weight_decay: 0.0500 (0.0500)  grad_norm: 179.0435 (185.1640)  time: 0.9088  data: 0.0002  max mem: 34952
Epoch: [410] Total time: 0:00:52 (1.5042 s / it)
Averaged stats: lr: 0.000042  min_lr: 0.000042  loss: 19.2102 (18.8061)  weight_decay: 0.0500 (0.0500)  grad_norm: 179.0435 (185.1640)
Epoch: [411]  [ 0/35]  eta: 0:11:30  lr: 0.000042  min_lr: 0.000042  loss: 20.5565 (20.5565)  weight_decay: 0.0500 (0.0500)  grad_norm: 81.6098 (81.6098)  time: 19.7322  data: 15.2303  max mem: 34952
Epoch: [411]  [10/35]  eta: 0:01:05  lr: 0.000042  min_lr: 0.000042  loss: 17.9469 (18.3782)  weight_decay: 0.0500 (0.0500)  grad_norm: 136.1592 (154.9149)  time: 2.6272  data: 1.3847  max mem: 34952
Epoch: [411]  [20/35]  eta: 0:00:27  lr: 0.000042  min_lr: 0.000042  loss: 17.9469 (18.7403)  weight_decay: 0.0500 (0.0500)  grad_norm: 144.0522 (157.6341)  time: 0.9263  data: 0.0001  max mem: 34952
Epoch: [411]  [30/35]  eta: 0:00:07  lr: 0.000041  min_lr: 0.000041  loss: 17.8967 (18.6081)  weight_decay: 0.0500 (0.0500)  grad_norm: 191.8205 (177.3343)  time: 0.9246  data: 0.0001  max mem: 34952
Epoch: [411]  [34/35]  eta: 0:00:01  lr: 0.000041  min_lr: 0.000041  loss: 18.2144 (18.8762)  weight_decay: 0.0500 (0.0500)  grad_norm: 195.4202 (177.2485)  time: 0.9243  data: 0.0001  max mem: 34952
Epoch: [411] Total time: 0:00:51 (1.4811 s / it)
Averaged stats: lr: 0.000041  min_lr: 0.000041  loss: 18.2144 (18.6740)  weight_decay: 0.0500 (0.0500)  grad_norm: 195.4202 (177.2485)
Epoch: [412]  [ 0/35]  eta: 0:11:36  lr: 0.000041  min_lr: 0.000041  loss: 20.9355 (20.9355)  weight_decay: 0.0500 (0.0500)  grad_norm: 249.2645 (249.2645)  time: 19.8857  data: 14.3199  max mem: 34952
Epoch: [412]  [10/35]  eta: 0:01:06  lr: 0.000041  min_lr: 0.000041  loss: 19.8824 (19.4204)  weight_decay: 0.0500 (0.0500)  grad_norm: 244.3834 (225.4189)  time: 2.6413  data: 1.3019  max mem: 34952
Epoch: [412]  [20/35]  eta: 0:00:27  lr: 0.000041  min_lr: 0.000041  loss: 18.8787 (19.3961)  weight_decay: 0.0500 (0.0500)  grad_norm: 179.3752 (200.9656)  time: 0.9143  data: 0.0001  max mem: 34952
Epoch: [412]  [30/35]  eta: 0:00:07  lr: 0.000040  min_lr: 0.000040  loss: 17.6760 (19.0069)  weight_decay: 0.0500 (0.0500)  grad_norm: 176.7424 (201.5825)  time: 0.9095  data: 0.0001  max mem: 34952
Epoch: [412]  [34/35]  eta: 0:00:01  lr: 0.000040  min_lr: 0.000040  loss: 17.9866 (18.9349)  weight_decay: 0.0500 (0.0500)  grad_norm: 183.0951 (204.8572)  time: 0.9049  data: 0.0001  max mem: 34952
Epoch: [412] Total time: 0:00:51 (1.4760 s / it)
Averaged stats: lr: 0.000040  min_lr: 0.000040  loss: 17.9866 (18.9208)  weight_decay: 0.0500 (0.0500)  grad_norm: 183.0951 (204.8572)
Epoch: [413]  [ 0/35]  eta: 0:11:08  lr: 0.000040  min_lr: 0.000040  loss: 19.6600 (19.6600)  weight_decay: 0.0500 (0.0500)  grad_norm: 295.7978 (295.7978)  time: 19.1024  data: 13.0920  max mem: 34952
Epoch: [413]  [10/35]  eta: 0:01:05  lr: 0.000040  min_lr: 0.000040  loss: 17.4593 (17.7660)  weight_decay: 0.0500 (0.0500)  grad_norm: 165.5708 (188.1725)  time: 2.6019  data: 1.1903  max mem: 34952
Epoch: [413]  [20/35]  eta: 0:00:27  lr: 0.000040  min_lr: 0.000040  loss: 17.8213 (18.7740)  weight_decay: 0.0500 (0.0500)  grad_norm: 137.8132 (165.5491)  time: 0.9606  data: 0.0002  max mem: 34952
Epoch: [413]  [30/35]  eta: 0:00:07  lr: 0.000039  min_lr: 0.000039  loss: 18.5883 (18.7996)  weight_decay: 0.0500 (0.0500)  grad_norm: 137.8132 (166.8264)  time: 0.9675  data: 0.0002  max mem: 34952
Epoch: [413]  [34/35]  eta: 0:00:01  lr: 0.000039  min_lr: 0.000039  loss: 18.5883 (18.8507)  weight_decay: 0.0500 (0.0500)  grad_norm: 137.8132 (168.8479)  time: 0.9650  data: 0.0002  max mem: 34952
Epoch: [413] Total time: 0:00:52 (1.4988 s / it)
Averaged stats: lr: 0.000039  min_lr: 0.000039  loss: 18.5883 (18.6531)  weight_decay: 0.0500 (0.0500)  grad_norm: 137.8132 (168.8479)
Epoch: [414]  [ 0/35]  eta: 0:11:43  lr: 0.000039  min_lr: 0.000039  loss: 22.0994 (22.0994)  weight_decay: 0.0500 (0.0500)  grad_norm: 136.4085 (136.4085)  time: 20.0948  data: 12.2957  max mem: 34952
Epoch: [414]  [10/35]  eta: 0:01:06  lr: 0.000039  min_lr: 0.000039  loss: 17.6237 (17.9342)  weight_decay: 0.0500 (0.0500)  grad_norm: 165.0517 (166.3793)  time: 2.6581  data: 1.1180  max mem: 34952
Epoch: [414]  [20/35]  eta: 0:00:27  lr: 0.000039  min_lr: 0.000039  loss: 18.2434 (18.6324)  weight_decay: 0.0500 (0.0500)  grad_norm: 156.3499 (159.2685)  time: 0.9169  data: 0.0002  max mem: 34952
Epoch: [414]  [30/35]  eta: 0:00:07  lr: 0.000039  min_lr: 0.000039  loss: 18.2434 (18.4341)  weight_decay: 0.0500 (0.0500)  grad_norm: 133.2441 (156.0170)  time: 0.9189  data: 0.0001  max mem: 34952
Epoch: [414]  [34/35]  eta: 0:00:01  lr: 0.000038  min_lr: 0.000038  loss: 19.5999 (18.5669)  weight_decay: 0.0500 (0.0500)  grad_norm: 133.2441 (158.3740)  time: 0.9175  data: 0.0001  max mem: 34952
Epoch: [414] Total time: 0:00:52 (1.4888 s / it)
Averaged stats: lr: 0.000038  min_lr: 0.000038  loss: 19.5999 (18.4347)  weight_decay: 0.0500 (0.0500)  grad_norm: 133.2441 (158.3740)
Epoch: [415]  [ 0/35]  eta: 0:11:17  lr: 0.000038  min_lr: 0.000038  loss: 19.0500 (19.0500)  weight_decay: 0.0500 (0.0500)  grad_norm: 133.2727 (133.2727)  time: 19.3510  data: 15.4583  max mem: 34952
Epoch: [415]  [10/35]  eta: 0:01:04  lr: 0.000038  min_lr: 0.000038  loss: 18.8141 (17.8078)  weight_decay: 0.0500 (0.0500)  grad_norm: 195.5001 (199.0002)  time: 2.5883  data: 1.4054  max mem: 34952
Epoch: [415]  [20/35]  eta: 0:00:26  lr: 0.000038  min_lr: 0.000038  loss: 19.3260 (18.7950)  weight_decay: 0.0500 (0.0500)  grad_norm: 182.2322 (190.8172)  time: 0.9150  data: 0.0001  max mem: 34952
Epoch: [415]  [30/35]  eta: 0:00:07  lr: 0.000038  min_lr: 0.000038  loss: 19.6811 (18.8028)  weight_decay: 0.0500 (0.0500)  grad_norm: 190.7230 (204.0803)  time: 0.9178  data: 0.0001  max mem: 34952
Epoch: [415]  [34/35]  eta: 0:00:01  lr: 0.000038  min_lr: 0.000038  loss: 19.2880 (18.8325)  weight_decay: 0.0500 (0.0500)  grad_norm: 198.5361 (203.0552)  time: 0.9140  data: 0.0001  max mem: 34952
Epoch: [415] Total time: 0:00:51 (1.4654 s / it)
Averaged stats: lr: 0.000038  min_lr: 0.000038  loss: 19.2880 (18.7103)  weight_decay: 0.0500 (0.0500)  grad_norm: 198.5361 (203.0552)
Epoch: [416]  [ 0/35]  eta: 0:11:21  lr: 0.000038  min_lr: 0.000038  loss: 18.9422 (18.9422)  weight_decay: 0.0500 (0.0500)  grad_norm: 243.2076 (243.2076)  time: 19.4572  data: 12.6077  max mem: 34952
Epoch: [416]  [10/35]  eta: 0:01:05  lr: 0.000037  min_lr: 0.000037  loss: 17.6808 (17.6116)  weight_decay: 0.0500 (0.0500)  grad_norm: 185.7802 (174.2373)  time: 2.6043  data: 1.1463  max mem: 34952
Epoch: [416]  [20/35]  eta: 0:00:26  lr: 0.000037  min_lr: 0.000037  loss: 18.8440 (18.3727)  weight_decay: 0.0500 (0.0500)  grad_norm: 167.0426 (169.2923)  time: 0.9125  data: 0.0002  max mem: 34952
Epoch: [416]  [30/35]  eta: 0:00:07  lr: 0.000037  min_lr: 0.000037  loss: 20.7337 (18.8312)  weight_decay: 0.0500 (0.0500)  grad_norm: 165.4249 (170.8910)  time: 0.9275  data: 0.0001  max mem: 34952
Epoch: [416]  [34/35]  eta: 0:00:01  lr: 0.000037  min_lr: 0.000037  loss: 20.8672 (18.8289)  weight_decay: 0.0500 (0.0500)  grad_norm: 148.0036 (167.5047)  time: 0.9321  data: 0.0001  max mem: 34952
Epoch: [416] Total time: 0:00:51 (1.4767 s / it)
Averaged stats: lr: 0.000037  min_lr: 0.000037  loss: 20.8672 (18.6771)  weight_decay: 0.0500 (0.0500)  grad_norm: 148.0036 (167.5047)
Epoch: [417]  [ 0/35]  eta: 0:10:32  lr: 0.000037  min_lr: 0.000037  loss: 18.9909 (18.9909)  weight_decay: 0.0500 (0.0500)  grad_norm: 117.0966 (117.0966)  time: 18.0602  data: 13.1246  max mem: 34952
Epoch: [417]  [10/35]  eta: 0:01:02  lr: 0.000036  min_lr: 0.000036  loss: 17.3349 (17.0687)  weight_decay: 0.0500 (0.0500)  grad_norm: 140.7339 (135.1729)  time: 2.4828  data: 1.1933  max mem: 34952
Epoch: [417]  [20/35]  eta: 0:00:26  lr: 0.000036  min_lr: 0.000036  loss: 17.8384 (17.9604)  weight_decay: 0.0500 (0.0500)  grad_norm: 147.0234 (152.8414)  time: 0.9192  data: 0.0002  max mem: 34952
Epoch: [417]  [30/35]  eta: 0:00:07  lr: 0.000036  min_lr: 0.000036  loss: 19.1445 (18.4840)  weight_decay: 0.0500 (0.0500)  grad_norm: 178.7527 (172.9239)  time: 0.9125  data: 0.0001  max mem: 34952
Epoch: [417]  [34/35]  eta: 0:00:01  lr: 0.000036  min_lr: 0.000036  loss: 19.6640 (18.6045)  weight_decay: 0.0500 (0.0500)  grad_norm: 208.5704 (175.3561)  time: 0.9127  data: 0.0001  max mem: 34952
Epoch: [417] Total time: 0:00:49 (1.4273 s / it)
Averaged stats: lr: 0.000036  min_lr: 0.000036  loss: 19.6640 (18.6203)  weight_decay: 0.0500 (0.0500)  grad_norm: 208.5704 (175.3561)
Epoch: [418]  [ 0/35]  eta: 0:11:27  lr: 0.000036  min_lr: 0.000036  loss: 18.1736 (18.1736)  weight_decay: 0.0500 (0.0500)  grad_norm: 289.9715 (289.9715)  time: 19.6460  data: 15.1699  max mem: 34952
Epoch: [418]  [10/35]  eta: 0:01:05  lr: 0.000036  min_lr: 0.000036  loss: 17.0931 (18.0071)  weight_decay: 0.0500 (0.0500)  grad_norm: 183.9574 (192.7821)  time: 2.6261  data: 1.3792  max mem: 34952
Epoch: [418]  [20/35]  eta: 0:00:27  lr: 0.000035  min_lr: 0.000035  loss: 17.0931 (18.0482)  weight_decay: 0.0500 (0.0500)  grad_norm: 155.7412 (173.1063)  time: 0.9539  data: 0.0002  max mem: 34952
Epoch: [418]  [30/35]  eta: 0:00:07  lr: 0.000035  min_lr: 0.000035  loss: 18.6713 (18.7238)  weight_decay: 0.0500 (0.0500)  grad_norm: 137.9319 (161.9459)  time: 0.9674  data: 0.0002  max mem: 34952
Epoch: [418]  [34/35]  eta: 0:00:01  lr: 0.000035  min_lr: 0.000035  loss: 19.1262 (18.8471)  weight_decay: 0.0500 (0.0500)  grad_norm: 145.4884 (168.2901)  time: 0.9572  data: 0.0001  max mem: 34952
Epoch: [418] Total time: 0:00:52 (1.5050 s / it)
Averaged stats: lr: 0.000035  min_lr: 0.000035  loss: 19.1262 (18.6890)  weight_decay: 0.0500 (0.0500)  grad_norm: 145.4884 (168.2901)
Epoch: [419]  [ 0/35]  eta: 0:10:57  lr: 0.000035  min_lr: 0.000035  loss: 18.1138 (18.1138)  weight_decay: 0.0500 (0.0500)  grad_norm: 300.2383 (300.2383)  time: 18.7722  data: 16.2783  max mem: 34952
Epoch: [419]  [10/35]  eta: 0:01:03  lr: 0.000035  min_lr: 0.000035  loss: 18.1138 (17.9172)  weight_decay: 0.0500 (0.0500)  grad_norm: 136.8193 (149.1671)  time: 2.5411  data: 1.4800  max mem: 34952
Epoch: [419]  [20/35]  eta: 0:00:26  lr: 0.000035  min_lr: 0.000035  loss: 18.8464 (18.7387)  weight_decay: 0.0500 (0.0500)  grad_norm: 117.1064 (127.1364)  time: 0.9173  data: 0.0002  max mem: 34952
Epoch: [419]  [30/35]  eta: 0:00:07  lr: 0.000034  min_lr: 0.000034  loss: 18.6099 (18.6007)  weight_decay: 0.0500 (0.0500)  grad_norm: 114.6892 (131.0680)  time: 0.9179  data: 0.0001  max mem: 34952
Epoch: [419]  [34/35]  eta: 0:00:01  lr: 0.000034  min_lr: 0.000034  loss: 18.6099 (18.7788)  weight_decay: 0.0500 (0.0500)  grad_norm: 118.5465 (133.1580)  time: 0.9165  data: 0.0001  max mem: 34952
Epoch: [419] Total time: 0:00:50 (1.4493 s / it)
Averaged stats: lr: 0.000034  min_lr: 0.000034  loss: 18.6099 (18.7759)  weight_decay: 0.0500 (0.0500)  grad_norm: 118.5465 (133.1580)
Epoch: [420]  [ 0/35]  eta: 0:11:46  lr: 0.000034  min_lr: 0.000034  loss: 22.2355 (22.2355)  weight_decay: 0.0500 (0.0500)  grad_norm: 141.4880 (141.4880)  time: 20.1787  data: 13.6135  max mem: 34952
Epoch: [420]  [10/35]  eta: 0:01:07  lr: 0.000034  min_lr: 0.000034  loss: 19.3919 (19.1520)  weight_decay: 0.0500 (0.0500)  grad_norm: 141.4880 (159.4529)  time: 2.6893  data: 1.2377  max mem: 34952
Epoch: [420]  [20/35]  eta: 0:00:27  lr: 0.000034  min_lr: 0.000034  loss: 19.3919 (20.0103)  weight_decay: 0.0500 (0.0500)  grad_norm: 198.7247 (182.0959)  time: 0.9246  data: 0.0002  max mem: 34952
Epoch: [420]  [30/35]  eta: 0:00:07  lr: 0.000033  min_lr: 0.000033  loss: 19.2629 (19.3866)  weight_decay: 0.0500 (0.0500)  grad_norm: 198.6011 (181.1696)  time: 0.9053  data: 0.0001  max mem: 34952
Epoch: [420]  [34/35]  eta: 0:00:01  lr: 0.000033  min_lr: 0.000033  loss: 19.0975 (19.4047)  weight_decay: 0.0500 (0.0500)  grad_norm: 197.6342 (180.0603)  time: 0.9018  data: 0.0001  max mem: 34952
Epoch: [420] Total time: 0:00:52 (1.4886 s / it)
Averaged stats: lr: 0.000033  min_lr: 0.000033  loss: 19.0975 (18.7716)  weight_decay: 0.0500 (0.0500)  grad_norm: 197.6342 (180.0603)
Epoch: [421]  [ 0/35]  eta: 0:11:30  lr: 0.000033  min_lr: 0.000033  loss: 19.7428 (19.7428)  weight_decay: 0.0500 (0.0500)  grad_norm: 219.9883 (219.9883)  time: 19.7390  data: 16.8811  max mem: 34952
Epoch: [421]  [10/35]  eta: 0:01:06  lr: 0.000033  min_lr: 0.000033  loss: 18.0948 (16.9645)  weight_decay: 0.0500 (0.0500)  grad_norm: 152.1369 (147.1371)  time: 2.6587  data: 1.5348  max mem: 34952
Epoch: [421]  [20/35]  eta: 0:00:27  lr: 0.000033  min_lr: 0.000033  loss: 17.9714 (18.1419)  weight_decay: 0.0500 (0.0500)  grad_norm: 122.0098 (132.4262)  time: 0.9275  data: 0.0002  max mem: 34952
Epoch: [421]  [30/35]  eta: 0:00:07  lr: 0.000033  min_lr: 0.000033  loss: 17.9714 (18.2697)  weight_decay: 0.0500 (0.0500)  grad_norm: 124.7980 (141.3107)  time: 0.9085  data: 0.0001  max mem: 34952
Epoch: [421]  [34/35]  eta: 0:00:01  lr: 0.000033  min_lr: 0.000033  loss: 17.9570 (18.4668)  weight_decay: 0.0500 (0.0500)  grad_norm: 137.4547 (155.7914)  time: 0.9107  data: 0.0001  max mem: 34952
Epoch: [421] Total time: 0:00:51 (1.4819 s / it)
Averaged stats: lr: 0.000033  min_lr: 0.000033  loss: 17.9570 (18.7592)  weight_decay: 0.0500 (0.0500)  grad_norm: 137.4547 (155.7914)
Epoch: [422]  [ 0/35]  eta: 0:11:13  lr: 0.000033  min_lr: 0.000033  loss: 15.6146 (15.6146)  weight_decay: 0.0500 (0.0500)  grad_norm: 276.5578 (276.5578)  time: 19.2470  data: 15.1529  max mem: 34952
Epoch: [422]  [10/35]  eta: 0:01:05  lr: 0.000032  min_lr: 0.000032  loss: 17.8717 (18.5909)  weight_decay: 0.0500 (0.0500)  grad_norm: 193.6064 (206.4336)  time: 2.6094  data: 1.3777  max mem: 34952
Epoch: [422]  [20/35]  eta: 0:00:27  lr: 0.000032  min_lr: 0.000032  loss: 18.6793 (18.8094)  weight_decay: 0.0500 (0.0500)  grad_norm: 172.1566 (174.7781)  time: 0.9959  data: 0.0001  max mem: 34952
Epoch: [422]  [30/35]  eta: 0:00:07  lr: 0.000032  min_lr: 0.000032  loss: 19.1182 (18.9353)  weight_decay: 0.0500 (0.0500)  grad_norm: 130.1577 (162.2807)  time: 1.0307  data: 0.0001  max mem: 34952
Epoch: [422]  [34/35]  eta: 0:00:01  lr: 0.000032  min_lr: 0.000032  loss: 19.1182 (19.0618)  weight_decay: 0.0500 (0.0500)  grad_norm: 130.9650 (163.3495)  time: 1.0160  data: 0.0001  max mem: 34952
Epoch: [422] Total time: 0:00:53 (1.5386 s / it)
Averaged stats: lr: 0.000032  min_lr: 0.000032  loss: 19.1182 (18.6488)  weight_decay: 0.0500 (0.0500)  grad_norm: 130.9650 (163.3495)
Epoch: [423]  [ 0/35]  eta: 0:11:44  lr: 0.000032  min_lr: 0.000032  loss: 17.6750 (17.6750)  weight_decay: 0.0500 (0.0500)  grad_norm: 124.9214 (124.9214)  time: 20.1416  data: 17.0583  max mem: 34952
Epoch: [423]  [10/35]  eta: 0:01:06  lr: 0.000032  min_lr: 0.000032  loss: 17.5814 (16.7949)  weight_decay: 0.0500 (0.0500)  grad_norm: 127.2039 (135.7348)  time: 2.6744  data: 1.5509  max mem: 34952
Epoch: [423]  [20/35]  eta: 0:00:28  lr: 0.000031  min_lr: 0.000031  loss: 17.6890 (17.6069)  weight_decay: 0.0500 (0.0500)  grad_norm: 140.1284 (139.6181)  time: 0.9697  data: 0.0001  max mem: 34952
Epoch: [423]  [30/35]  eta: 0:00:07  lr: 0.000031  min_lr: 0.000031  loss: 18.8565 (18.1245)  weight_decay: 0.0500 (0.0500)  grad_norm: 140.1284 (142.0102)  time: 1.0001  data: 0.0001  max mem: 34952
Epoch: [423]  [34/35]  eta: 0:00:01  lr: 0.000031  min_lr: 0.000031  loss: 18.8565 (18.2391)  weight_decay: 0.0500 (0.0500)  grad_norm: 146.7684 (149.4764)  time: 0.9996  data: 0.0001  max mem: 34952
Epoch: [423] Total time: 0:00:53 (1.5419 s / it)
Averaged stats: lr: 0.000031  min_lr: 0.000031  loss: 18.8565 (18.4978)  weight_decay: 0.0500 (0.0500)  grad_norm: 146.7684 (149.4764)
Epoch: [424]  [ 0/35]  eta: 0:11:14  lr: 0.000031  min_lr: 0.000031  loss: 16.7747 (16.7747)  weight_decay: 0.0500 (0.0500)  grad_norm: 121.0401 (121.0401)  time: 19.2630  data: 17.6792  max mem: 34952
Epoch: [424]  [10/35]  eta: 0:01:05  lr: 0.000031  min_lr: 0.000031  loss: 18.4111 (17.8403)  weight_decay: 0.0500 (0.0500)  grad_norm: 131.9214 (135.5793)  time: 2.6230  data: 1.6074  max mem: 34952
Epoch: [424]  [20/35]  eta: 0:00:27  lr: 0.000030  min_lr: 0.000030  loss: 18.4111 (18.5168)  weight_decay: 0.0500 (0.0500)  grad_norm: 125.7417 (127.7864)  time: 0.9351  data: 0.0002  max mem: 34952
Epoch: [424]  [30/35]  eta: 0:00:07  lr: 0.000030  min_lr: 0.000030  loss: 17.2506 (18.2253)  weight_decay: 0.0500 (0.0500)  grad_norm: 131.1724 (136.1491)  time: 0.9103  data: 0.0001  max mem: 34952
Epoch: [424]  [34/35]  eta: 0:00:01  lr: 0.000030  min_lr: 0.000030  loss: 18.0147 (18.4662)  weight_decay: 0.0500 (0.0500)  grad_norm: 137.5695 (132.9454)  time: 0.9109  data: 0.0001  max mem: 34952
Epoch: [424] Total time: 0:00:51 (1.4735 s / it)
Averaged stats: lr: 0.000030  min_lr: 0.000030  loss: 18.0147 (18.4211)  weight_decay: 0.0500 (0.0500)  grad_norm: 137.5695 (132.9454)
Epoch: [425]  [ 0/35]  eta: 0:21:23  lr: 0.000030  min_lr: 0.000030  loss: 18.5935 (18.5935)  weight_decay: 0.0500 (0.0500)  grad_norm: 183.8954 (183.8954)  time: 36.6701  data: 35.6917  max mem: 34952
Epoch: [425]  [10/35]  eta: 0:01:47  lr: 0.000030  min_lr: 0.000030  loss: 18.5641 (18.5820)  weight_decay: 0.0500 (0.0500)  grad_norm: 134.8861 (138.6186)  time: 4.3144  data: 3.4004  max mem: 34952
Epoch: [425]  [20/35]  eta: 0:00:40  lr: 0.000030  min_lr: 0.000030  loss: 18.0499 (18.6845)  weight_decay: 0.0500 (0.0500)  grad_norm: 142.6874 (146.9895)  time: 0.9918  data: 0.0857  max mem: 34952
Epoch: [425]  [30/35]  eta: 0:00:10  lr: 0.000029  min_lr: 0.000029  loss: 17.1785 (18.4105)  weight_decay: 0.0500 (0.0500)  grad_norm: 142.9199 (148.4511)  time: 0.9045  data: 0.0001  max mem: 34952
Epoch: [425]  [34/35]  eta: 0:00:01  lr: 0.000029  min_lr: 0.000029  loss: 16.7097 (18.3789)  weight_decay: 0.0500 (0.0500)  grad_norm: 150.2832 (151.0048)  time: 0.9049  data: 0.0001  max mem: 34952
Epoch: [425] Total time: 0:01:09 (1.9999 s / it)
Averaged stats: lr: 0.000029  min_lr: 0.000029  loss: 16.7097 (18.5987)  weight_decay: 0.0500 (0.0500)  grad_norm: 150.2832 (151.0048)
[Eval]   [0/1]  eta: 0:00:05  loss: 60.1537 (60.1537)  time: 5.4705  data: 5.3701  max mem: 34952
[Eval]  Total time: 0:00:05 (5.6917 s / it)
Eval averaged stats: loss: 60.1537 (62.9977)
Epoch: [426]  [ 0/35]  eta: 0:11:33  lr: 0.000029  min_lr: 0.000029  loss: 18.3630 (18.3630)  weight_decay: 0.0500 (0.0500)  grad_norm: 125.4996 (125.4996)  time: 19.8076  data: 15.8941  max mem: 34952
Epoch: [426]  [10/35]  eta: 0:01:06  lr: 0.000029  min_lr: 0.000029  loss: 18.1296 (18.0527)  weight_decay: 0.0500 (0.0500)  grad_norm: 128.2061 (130.7773)  time: 2.6551  data: 1.4451  max mem: 34952
Epoch: [426]  [20/35]  eta: 0:00:27  lr: 0.000029  min_lr: 0.000029  loss: 18.1296 (18.2369)  weight_decay: 0.0500 (0.0500)  grad_norm: 140.2741 (157.8014)  time: 0.9302  data: 0.0002  max mem: 34952
Epoch: [426]  [30/35]  eta: 0:00:07  lr: 0.000029  min_lr: 0.000029  loss: 18.3898 (18.5546)  weight_decay: 0.0500 (0.0500)  grad_norm: 201.3303 (175.5360)  time: 0.9527  data: 0.0001  max mem: 34952
Epoch: [426]  [34/35]  eta: 0:00:01  lr: 0.000029  min_lr: 0.000029  loss: 19.1038 (18.6987)  weight_decay: 0.0500 (0.0500)  grad_norm: 223.8213 (182.0784)  time: 0.9643  data: 0.0001  max mem: 34952
Epoch: [426] Total time: 0:00:52 (1.5126 s / it)
Averaged stats: lr: 0.000029  min_lr: 0.000029  loss: 19.1038 (18.5026)  weight_decay: 0.0500 (0.0500)  grad_norm: 223.8213 (182.0784)
Epoch: [427]  [ 0/35]  eta: 0:11:11  lr: 0.000029  min_lr: 0.000029  loss: 17.9898 (17.9898)  weight_decay: 0.0500 (0.0500)  grad_norm: 208.2252 (208.2252)  time: 19.1937  data: 9.7118  max mem: 34952
Epoch: [427]  [10/35]  eta: 0:01:07  lr: 0.000028  min_lr: 0.000028  loss: 16.7296 (17.5723)  weight_decay: 0.0500 (0.0500)  grad_norm: 157.7151 (157.7488)  time: 2.6817  data: 0.8831  max mem: 34952
Epoch: [427]  [20/35]  eta: 0:00:28  lr: 0.000028  min_lr: 0.000028  loss: 17.7648 (18.1111)  weight_decay: 0.0500 (0.0500)  grad_norm: 136.8531 (147.6746)  time: 1.0233  data: 0.0002  max mem: 34952
Epoch: [427]  [30/35]  eta: 0:00:07  lr: 0.000028  min_lr: 0.000028  loss: 17.9201 (18.0435)  weight_decay: 0.0500 (0.0500)  grad_norm: 136.3304 (150.0315)  time: 0.9948  data: 0.0001  max mem: 34952
Epoch: [427]  [34/35]  eta: 0:00:01  lr: 0.000028  min_lr: 0.000028  loss: 17.9477 (18.0773)  weight_decay: 0.0500 (0.0500)  grad_norm: 136.3304 (156.5682)  time: 0.9728  data: 0.0001  max mem: 34952
Epoch: [427] Total time: 0:00:54 (1.5440 s / it)
Averaged stats: lr: 0.000028  min_lr: 0.000028  loss: 17.9477 (18.4215)  weight_decay: 0.0500 (0.0500)  grad_norm: 136.3304 (156.5682)
Epoch: [428]  [ 0/35]  eta: 0:11:35  lr: 0.000028  min_lr: 0.000028  loss: 19.6321 (19.6321)  weight_decay: 0.0500 (0.0500)  grad_norm: 362.1060 (362.1060)  time: 19.8752  data: 18.6664  max mem: 34952
Epoch: [428]  [10/35]  eta: 0:01:06  lr: 0.000028  min_lr: 0.000028  loss: 18.6889 (18.5642)  weight_decay: 0.0500 (0.0500)  grad_norm: 159.6615 (183.5827)  time: 2.6535  data: 1.6972  max mem: 34952
Epoch: [428]  [20/35]  eta: 0:00:27  lr: 0.000027  min_lr: 0.000027  loss: 18.7289 (19.0636)  weight_decay: 0.0500 (0.0500)  grad_norm: 174.4710 (193.2272)  time: 0.9270  data: 0.0002  max mem: 34952
Epoch: [428]  [30/35]  eta: 0:00:07  lr: 0.000027  min_lr: 0.000027  loss: 18.7289 (18.9436)  weight_decay: 0.0500 (0.0500)  grad_norm: 174.4710 (175.9179)  time: 0.9153  data: 0.0002  max mem: 34952
Epoch: [428]  [34/35]  eta: 0:00:01  lr: 0.000027  min_lr: 0.000027  loss: 18.9053 (19.0876)  weight_decay: 0.0500 (0.0500)  grad_norm: 141.7875 (170.3198)  time: 0.9167  data: 0.0002  max mem: 34952
Epoch: [428] Total time: 0:00:51 (1.4848 s / it)
Averaged stats: lr: 0.000027  min_lr: 0.000027  loss: 18.9053 (18.5603)  weight_decay: 0.0500 (0.0500)  grad_norm: 141.7875 (170.3198)
Epoch: [429]  [ 0/35]  eta: 0:10:44  lr: 0.000027  min_lr: 0.000027  loss: 21.0677 (21.0677)  weight_decay: 0.0500 (0.0500)  grad_norm: 220.7006 (220.7006)  time: 18.4181  data: 17.1829  max mem: 34952
Epoch: [429]  [10/35]  eta: 0:01:03  lr: 0.000027  min_lr: 0.000027  loss: 18.5977 (18.5307)  weight_decay: 0.0500 (0.0500)  grad_norm: 131.3473 (139.1969)  time: 2.5560  data: 1.5623  max mem: 34952
Epoch: [429]  [20/35]  eta: 0:00:26  lr: 0.000027  min_lr: 0.000027  loss: 18.5977 (18.9106)  weight_decay: 0.0500 (0.0500)  grad_norm: 134.1362 (159.4428)  time: 0.9398  data: 0.0002  max mem: 34952
Epoch: [429]  [30/35]  eta: 0:00:07  lr: 0.000026  min_lr: 0.000026  loss: 17.7659 (18.4103)  weight_decay: 0.0500 (0.0500)  grad_norm: 167.1480 (165.6398)  time: 0.9087  data: 0.0002  max mem: 34952
Epoch: [429]  [34/35]  eta: 0:00:01  lr: 0.000026  min_lr: 0.000026  loss: 17.8651 (18.5146)  weight_decay: 0.0500 (0.0500)  grad_norm: 172.4054 (172.1999)  time: 0.9095  data: 0.0002  max mem: 34952
Epoch: [429] Total time: 0:00:50 (1.4479 s / it)
Averaged stats: lr: 0.000026  min_lr: 0.000026  loss: 17.8651 (18.4698)  weight_decay: 0.0500 (0.0500)  grad_norm: 172.4054 (172.1999)
Epoch: [430]  [ 0/35]  eta: 0:11:15  lr: 0.000026  min_lr: 0.000026  loss: 19.5660 (19.5660)  weight_decay: 0.0500 (0.0500)  grad_norm: 221.3205 (221.3205)  time: 19.3024  data: 17.6731  max mem: 34952
Epoch: [430]  [10/35]  eta: 0:01:04  lr: 0.000026  min_lr: 0.000026  loss: 19.4868 (17.9271)  weight_decay: 0.0500 (0.0500)  grad_norm: 159.2943 (152.0859)  time: 2.5838  data: 1.6068  max mem: 34952
Epoch: [430]  [20/35]  eta: 0:00:26  lr: 0.000026  min_lr: 0.000026  loss: 17.3615 (18.0412)  weight_decay: 0.0500 (0.0500)  grad_norm: 159.2943 (161.2146)  time: 0.9149  data: 0.0002  max mem: 34952
Epoch: [430]  [30/35]  eta: 0:00:07  lr: 0.000026  min_lr: 0.000026  loss: 17.3615 (18.1559)  weight_decay: 0.0500 (0.0500)  grad_norm: 167.5616 (168.7594)  time: 0.9167  data: 0.0002  max mem: 34952
Epoch: [430]  [34/35]  eta: 0:00:01  lr: 0.000026  min_lr: 0.000026  loss: 17.7244 (18.3576)  weight_decay: 0.0500 (0.0500)  grad_norm: 167.5616 (170.5576)  time: 0.9140  data: 0.0002  max mem: 34952
Epoch: [430] Total time: 0:00:51 (1.4641 s / it)
Averaged stats: lr: 0.000026  min_lr: 0.000026  loss: 17.7244 (18.5036)  weight_decay: 0.0500 (0.0500)  grad_norm: 167.5616 (170.5576)
Epoch: [431]  [ 0/35]  eta: 0:11:06  lr: 0.000026  min_lr: 0.000026  loss: 19.4427 (19.4427)  weight_decay: 0.0500 (0.0500)  grad_norm: 233.9180 (233.9180)  time: 19.0530  data: 15.5749  max mem: 34952
Epoch: [431]  [10/35]  eta: 0:01:04  lr: 0.000025  min_lr: 0.000025  loss: 19.4427 (18.7971)  weight_decay: 0.0500 (0.0500)  grad_norm: 194.0085 (186.2745)  time: 2.5659  data: 1.4160  max mem: 34952
Epoch: [431]  [20/35]  eta: 0:00:26  lr: 0.000025  min_lr: 0.000025  loss: 19.3952 (18.9513)  weight_decay: 0.0500 (0.0500)  grad_norm: 180.5471 (186.9175)  time: 0.9211  data: 0.0002  max mem: 34952
Epoch: [431]  [30/35]  eta: 0:00:07  lr: 0.000025  min_lr: 0.000025  loss: 18.5261 (18.9019)  weight_decay: 0.0500 (0.0500)  grad_norm: 195.8775 (192.2846)  time: 0.9189  data: 0.0001  max mem: 34952
Epoch: [431]  [34/35]  eta: 0:00:01  lr: 0.000025  min_lr: 0.000025  loss: 18.9506 (18.9908)  weight_decay: 0.0500 (0.0500)  grad_norm: 206.1090 (192.5623)  time: 0.9186  data: 0.0001  max mem: 34952
Epoch: [431] Total time: 0:00:51 (1.4591 s / it)
Averaged stats: lr: 0.000025  min_lr: 0.000025  loss: 18.9506 (18.5299)  weight_decay: 0.0500 (0.0500)  grad_norm: 206.1090 (192.5623)
Epoch: [432]  [ 0/35]  eta: 0:10:39  lr: 0.000025  min_lr: 0.000025  loss: 16.1111 (16.1111)  weight_decay: 0.0500 (0.0500)  grad_norm: 112.6600 (112.6600)  time: 18.2737  data: 16.0372  max mem: 34952
Epoch: [432]  [10/35]  eta: 0:01:03  lr: 0.000025  min_lr: 0.000025  loss: 18.5844 (18.5349)  weight_decay: 0.0500 (0.0500)  grad_norm: 171.5895 (173.0698)  time: 2.5586  data: 1.4581  max mem: 34952
Epoch: [432]  [20/35]  eta: 0:00:26  lr: 0.000024  min_lr: 0.000024  loss: 18.5582 (18.4791)  weight_decay: 0.0500 (0.0500)  grad_norm: 172.1748 (181.1122)  time: 0.9486  data: 0.0002  max mem: 34952
Epoch: [432]  [30/35]  eta: 0:00:07  lr: 0.000024  min_lr: 0.000024  loss: 16.9447 (18.2124)  weight_decay: 0.0500 (0.0500)  grad_norm: 173.1721 (185.3915)  time: 0.9111  data: 0.0001  max mem: 34952
Epoch: [432]  [34/35]  eta: 0:00:01  lr: 0.000024  min_lr: 0.000024  loss: 17.4809 (18.4931)  weight_decay: 0.0500 (0.0500)  grad_norm: 173.1721 (188.4111)  time: 0.9100  data: 0.0001  max mem: 34952
Epoch: [432] Total time: 0:00:50 (1.4518 s / it)
Averaged stats: lr: 0.000024  min_lr: 0.000024  loss: 17.4809 (18.5437)  weight_decay: 0.0500 (0.0500)  grad_norm: 173.1721 (188.4111)
Epoch: [433]  [ 0/35]  eta: 0:11:05  lr: 0.000024  min_lr: 0.000024  loss: 19.1470 (19.1470)  weight_decay: 0.0500 (0.0500)  grad_norm: 90.5372 (90.5372)  time: 19.0088  data: 16.0907  max mem: 34952
Epoch: [433]  [10/35]  eta: 0:01:04  lr: 0.000024  min_lr: 0.000024  loss: 17.7090 (17.6980)  weight_decay: 0.0500 (0.0500)  grad_norm: 143.3297 (151.3496)  time: 2.5947  data: 1.4629  max mem: 34952
Epoch: [433]  [20/35]  eta: 0:00:26  lr: 0.000024  min_lr: 0.000024  loss: 17.7090 (17.9019)  weight_decay: 0.0500 (0.0500)  grad_norm: 179.3485 (179.0797)  time: 0.9357  data: 0.0002  max mem: 34952
Epoch: [433]  [30/35]  eta: 0:00:07  lr: 0.000024  min_lr: 0.000024  loss: 18.3422 (18.0003)  weight_decay: 0.0500 (0.0500)  grad_norm: 209.5631 (186.9027)  time: 0.9193  data: 0.0002  max mem: 34952
Epoch: [433]  [34/35]  eta: 0:00:01  lr: 0.000023  min_lr: 0.000023  loss: 18.3431 (18.1216)  weight_decay: 0.0500 (0.0500)  grad_norm: 191.5554 (181.2094)  time: 0.9197  data: 0.0002  max mem: 34952
Epoch: [433] Total time: 0:00:51 (1.4707 s / it)
Averaged stats: lr: 0.000023  min_lr: 0.000023  loss: 18.3431 (18.1135)  weight_decay: 0.0500 (0.0500)  grad_norm: 191.5554 (181.2094)
Epoch: [434]  [ 0/35]  eta: 0:11:29  lr: 0.000023  min_lr: 0.000023  loss: 15.3623 (15.3623)  weight_decay: 0.0500 (0.0500)  grad_norm: 150.2878 (150.2878)  time: 19.7123  data: 13.4627  max mem: 34952
Epoch: [434]  [10/35]  eta: 0:01:05  lr: 0.000023  min_lr: 0.000023  loss: 16.2080 (17.3714)  weight_decay: 0.0500 (0.0500)  grad_norm: 161.0430 (162.6260)  time: 2.6206  data: 1.2240  max mem: 34952
Epoch: [434]  [20/35]  eta: 0:00:27  lr: 0.000023  min_lr: 0.000023  loss: 18.2613 (18.3216)  weight_decay: 0.0500 (0.0500)  grad_norm: 161.0430 (164.6554)  time: 0.9173  data: 0.0002  max mem: 34952
Epoch: [434]  [30/35]  eta: 0:00:07  lr: 0.000023  min_lr: 0.000023  loss: 18.9956 (18.1684)  weight_decay: 0.0500 (0.0500)  grad_norm: 156.6611 (161.5451)  time: 0.9201  data: 0.0002  max mem: 34952
Epoch: [434]  [34/35]  eta: 0:00:01  lr: 0.000023  min_lr: 0.000023  loss: 18.9806 (18.0993)  weight_decay: 0.0500 (0.0500)  grad_norm: 154.1879 (158.7527)  time: 0.9230  data: 0.0002  max mem: 34952
Epoch: [434] Total time: 0:00:51 (1.4770 s / it)
Averaged stats: lr: 0.000023  min_lr: 0.000023  loss: 18.9806 (18.1244)  weight_decay: 0.0500 (0.0500)  grad_norm: 154.1879 (158.7527)
Epoch: [435]  [ 0/35]  eta: 0:11:25  lr: 0.000023  min_lr: 0.000023  loss: 17.3886 (17.3886)  weight_decay: 0.0500 (0.0500)  grad_norm: 153.9676 (153.9676)  time: 19.5926  data: 13.8168  max mem: 34952
Epoch: [435]  [10/35]  eta: 0:01:06  lr: 0.000023  min_lr: 0.000023  loss: 17.0373 (16.9866)  weight_decay: 0.0500 (0.0500)  grad_norm: 135.6531 (131.8285)  time: 2.6510  data: 1.2563  max mem: 34952
Epoch: [435]  [20/35]  eta: 0:00:27  lr: 0.000022  min_lr: 0.000022  loss: 17.6089 (17.9245)  weight_decay: 0.0500 (0.0500)  grad_norm: 152.6012 (150.0148)  time: 0.9346  data: 0.0002  max mem: 34952
Epoch: [435]  [30/35]  eta: 0:00:07  lr: 0.000022  min_lr: 0.000022  loss: 18.1999 (18.0989)  weight_decay: 0.0500 (0.0500)  grad_norm: 180.6420 (160.9015)  time: 0.9158  data: 0.0001  max mem: 34952
Epoch: [435]  [34/35]  eta: 0:00:01  lr: 0.000022  min_lr: 0.000022  loss: 18.1999 (18.2725)  weight_decay: 0.0500 (0.0500)  grad_norm: 179.3873 (157.7291)  time: 0.9201  data: 0.0001  max mem: 34952
Epoch: [435] Total time: 0:00:52 (1.4860 s / it)
Averaged stats: lr: 0.000022  min_lr: 0.000022  loss: 18.1999 (18.2555)  weight_decay: 0.0500 (0.0500)  grad_norm: 179.3873 (157.7291)
Epoch: [436]  [ 0/35]  eta: 0:10:54  lr: 0.000022  min_lr: 0.000022  loss: 17.9734 (17.9734)  weight_decay: 0.0500 (0.0500)  grad_norm: 75.8352 (75.8352)  time: 18.7006  data: 16.4899  max mem: 34952
Epoch: [436]  [10/35]  eta: 0:01:03  lr: 0.000022  min_lr: 0.000022  loss: 17.9734 (18.9171)  weight_decay: 0.0500 (0.0500)  grad_norm: 122.5607 (127.4131)  time: 2.5416  data: 1.4992  max mem: 34952
Epoch: [436]  [20/35]  eta: 0:00:26  lr: 0.000022  min_lr: 0.000022  loss: 19.0762 (19.1149)  weight_decay: 0.0500 (0.0500)  grad_norm: 136.0492 (139.4577)  time: 0.9171  data: 0.0001  max mem: 34952
Epoch: [436]  [30/35]  eta: 0:00:07  lr: 0.000022  min_lr: 0.000022  loss: 18.3848 (18.5907)  weight_decay: 0.0500 (0.0500)  grad_norm: 143.9762 (145.3662)  time: 0.9078  data: 0.0001  max mem: 34952
Epoch: [436]  [34/35]  eta: 0:00:01  lr: 0.000021  min_lr: 0.000021  loss: 17.3041 (18.6690)  weight_decay: 0.0500 (0.0500)  grad_norm: 143.9762 (145.2675)  time: 0.9072  data: 0.0001  max mem: 34952
Epoch: [436] Total time: 0:00:50 (1.4426 s / it)
Averaged stats: lr: 0.000021  min_lr: 0.000021  loss: 17.3041 (18.0519)  weight_decay: 0.0500 (0.0500)  grad_norm: 143.9762 (145.2675)
Epoch: [437]  [ 0/35]  eta: 0:11:19  lr: 0.000021  min_lr: 0.000021  loss: 21.4768 (21.4768)  weight_decay: 0.0500 (0.0500)  grad_norm: 159.7969 (159.7969)  time: 19.4242  data: 16.5672  max mem: 34952
Epoch: [437]  [10/35]  eta: 0:01:05  lr: 0.000021  min_lr: 0.000021  loss: 17.6210 (17.4910)  weight_decay: 0.0500 (0.0500)  grad_norm: 122.6930 (120.1638)  time: 2.6080  data: 1.5062  max mem: 34952
Epoch: [437]  [20/35]  eta: 0:00:26  lr: 0.000021  min_lr: 0.000021  loss: 19.3263 (19.1133)  weight_decay: 0.0500 (0.0500)  grad_norm: 128.4585 (137.4607)  time: 0.9182  data: 0.0001  max mem: 34952
Epoch: [437]  [30/35]  eta: 0:00:07  lr: 0.000021  min_lr: 0.000021  loss: 19.5061 (19.0089)  weight_decay: 0.0500 (0.0500)  grad_norm: 151.7818 (141.4540)  time: 0.9071  data: 0.0001  max mem: 34952
Epoch: [437]  [34/35]  eta: 0:00:01  lr: 0.000021  min_lr: 0.000021  loss: 19.5061 (19.1024)  weight_decay: 0.0500 (0.0500)  grad_norm: 151.7818 (143.0987)  time: 0.9074  data: 0.0001  max mem: 34952
Epoch: [437] Total time: 0:00:51 (1.4640 s / it)
Averaged stats: lr: 0.000021  min_lr: 0.000021  loss: 19.5061 (18.4597)  weight_decay: 0.0500 (0.0500)  grad_norm: 151.7818 (143.0987)
Epoch: [438]  [ 0/35]  eta: 0:11:18  lr: 0.000021  min_lr: 0.000021  loss: 16.8903 (16.8903)  weight_decay: 0.0500 (0.0500)  grad_norm: 85.2627 (85.2627)  time: 19.3772  data: 16.4596  max mem: 34952
Epoch: [438]  [10/35]  eta: 0:01:05  lr: 0.000021  min_lr: 0.000021  loss: 18.1130 (17.9673)  weight_decay: 0.0500 (0.0500)  grad_norm: 119.0755 (127.2970)  time: 2.6330  data: 1.4965  max mem: 34952
Epoch: [438]  [20/35]  eta: 0:00:27  lr: 0.000020  min_lr: 0.000020  loss: 18.1130 (18.4674)  weight_decay: 0.0500 (0.0500)  grad_norm: 144.0508 (149.1404)  time: 0.9334  data: 0.0002  max mem: 34952
Epoch: [438]  [30/35]  eta: 0:00:07  lr: 0.000020  min_lr: 0.000020  loss: 18.7147 (18.2162)  weight_decay: 0.0500 (0.0500)  grad_norm: 157.2410 (153.1857)  time: 0.9057  data: 0.0001  max mem: 34952
Epoch: [438]  [34/35]  eta: 0:00:01  lr: 0.000020  min_lr: 0.000020  loss: 19.0305 (18.5527)  weight_decay: 0.0500 (0.0500)  grad_norm: 162.1018 (151.6269)  time: 0.9018  data: 0.0001  max mem: 34952
Epoch: [438] Total time: 0:00:51 (1.4696 s / it)
Averaged stats: lr: 0.000020  min_lr: 0.000020  loss: 19.0305 (18.2522)  weight_decay: 0.0500 (0.0500)  grad_norm: 162.1018 (151.6269)
Epoch: [439]  [ 0/35]  eta: 0:10:51  lr: 0.000020  min_lr: 0.000020  loss: 18.3524 (18.3524)  weight_decay: 0.0500 (0.0500)  grad_norm: 132.0964 (132.0964)  time: 18.6276  data: 12.4594  max mem: 34952
Epoch: [439]  [10/35]  eta: 0:01:03  lr: 0.000020  min_lr: 0.000020  loss: 17.0751 (18.0807)  weight_decay: 0.0500 (0.0500)  grad_norm: 96.3617 (103.0233)  time: 2.5434  data: 1.1328  max mem: 34952
Epoch: [439]  [20/35]  eta: 0:00:26  lr: 0.000020  min_lr: 0.000020  loss: 17.7376 (18.3428)  weight_decay: 0.0500 (0.0500)  grad_norm: 117.8390 (132.8740)  time: 0.9249  data: 0.0002  max mem: 34952
Epoch: [439]  [30/35]  eta: 0:00:07  lr: 0.000020  min_lr: 0.000020  loss: 18.3249 (18.5752)  weight_decay: 0.0500 (0.0500)  grad_norm: 189.2831 (160.5412)  time: 0.9106  data: 0.0001  max mem: 34952
Epoch: [439]  [34/35]  eta: 0:00:01  lr: 0.000019  min_lr: 0.000019  loss: 18.1637 (18.4962)  weight_decay: 0.0500 (0.0500)  grad_norm: 214.6483 (164.6139)  time: 0.9068  data: 0.0001  max mem: 34952
Epoch: [439] Total time: 0:00:50 (1.4450 s / it)
Averaged stats: lr: 0.000019  min_lr: 0.000019  loss: 18.1637 (18.1238)  weight_decay: 0.0500 (0.0500)  grad_norm: 214.6483 (164.6139)
Epoch: [440]  [ 0/35]  eta: 0:11:22  lr: 0.000019  min_lr: 0.000019  loss: 15.9091 (15.9091)  weight_decay: 0.0500 (0.0500)  grad_norm: 157.2612 (157.2612)  time: 19.5061  data: 16.2076  max mem: 34952
Epoch: [440]  [10/35]  eta: 0:01:04  lr: 0.000019  min_lr: 0.000019  loss: 18.6447 (17.5273)  weight_decay: 0.0500 (0.0500)  grad_norm: 160.1708 (162.0923)  time: 2.5990  data: 1.4735  max mem: 34952
Epoch: [440]  [20/35]  eta: 0:00:26  lr: 0.000019  min_lr: 0.000019  loss: 18.6009 (17.9603)  weight_decay: 0.0500 (0.0500)  grad_norm: 184.3336 (180.0620)  time: 0.9064  data: 0.0001  max mem: 34952
Epoch: [440]  [30/35]  eta: 0:00:07  lr: 0.000019  min_lr: 0.000019  loss: 17.1787 (17.7418)  weight_decay: 0.0500 (0.0500)  grad_norm: 180.1356 (173.4381)  time: 0.9048  data: 0.0001  max mem: 34952
Epoch: [440]  [34/35]  eta: 0:00:01  lr: 0.000019  min_lr: 0.000019  loss: 17.0978 (17.8875)  weight_decay: 0.0500 (0.0500)  grad_norm: 171.4391 (168.1993)  time: 0.9030  data: 0.0001  max mem: 34952
Epoch: [440] Total time: 0:00:51 (1.4588 s / it)
Averaged stats: lr: 0.000019  min_lr: 0.000019  loss: 17.0978 (18.1429)  weight_decay: 0.0500 (0.0500)  grad_norm: 171.4391 (168.1993)
Epoch: [441]  [ 0/35]  eta: 0:11:07  lr: 0.000019  min_lr: 0.000019  loss: 17.4943 (17.4943)  weight_decay: 0.0500 (0.0500)  grad_norm: 103.8766 (103.8766)  time: 19.0809  data: 12.3188  max mem: 34952
Epoch: [441]  [10/35]  eta: 0:01:04  lr: 0.000019  min_lr: 0.000019  loss: 18.0509 (17.9561)  weight_decay: 0.0500 (0.0500)  grad_norm: 132.9596 (135.7134)  time: 2.5718  data: 1.1201  max mem: 34952
Epoch: [441]  [20/35]  eta: 0:00:26  lr: 0.000018  min_lr: 0.000018  loss: 18.0509 (18.1666)  weight_decay: 0.0500 (0.0500)  grad_norm: 164.2249 (164.8353)  time: 0.9132  data: 0.0002  max mem: 34952
Epoch: [441]  [30/35]  eta: 0:00:07  lr: 0.000018  min_lr: 0.000018  loss: 18.1873 (18.2334)  weight_decay: 0.0500 (0.0500)  grad_norm: 197.4248 (177.9810)  time: 0.9048  data: 0.0002  max mem: 34952
Epoch: [441]  [34/35]  eta: 0:00:01  lr: 0.000018  min_lr: 0.000018  loss: 19.0110 (18.4855)  weight_decay: 0.0500 (0.0500)  grad_norm: 197.4248 (175.7751)  time: 0.9033  data: 0.0002  max mem: 34952
Epoch: [441] Total time: 0:00:50 (1.4478 s / it)
Averaged stats: lr: 0.000018  min_lr: 0.000018  loss: 19.0110 (18.2998)  weight_decay: 0.0500 (0.0500)  grad_norm: 197.4248 (175.7751)
Epoch: [442]  [ 0/35]  eta: 0:10:51  lr: 0.000018  min_lr: 0.000018  loss: 17.3471 (17.3471)  weight_decay: 0.0500 (0.0500)  grad_norm: 146.8581 (146.8581)  time: 18.6179  data: 16.1759  max mem: 34952
Epoch: [442]  [10/35]  eta: 0:01:04  lr: 0.000018  min_lr: 0.000018  loss: 16.8325 (17.0140)  weight_decay: 0.0500 (0.0500)  grad_norm: 146.8581 (147.1051)  time: 2.5904  data: 1.4707  max mem: 34952
Epoch: [442]  [20/35]  eta: 0:00:26  lr: 0.000018  min_lr: 0.000018  loss: 17.3709 (17.6617)  weight_decay: 0.0500 (0.0500)  grad_norm: 130.8492 (124.9396)  time: 0.9486  data: 0.0001  max mem: 34952
Epoch: [442]  [30/35]  eta: 0:00:07  lr: 0.000018  min_lr: 0.000018  loss: 18.1910 (17.9990)  weight_decay: 0.0500 (0.0500)  grad_norm: 105.1849 (125.7297)  time: 0.9072  data: 0.0001  max mem: 34952
Epoch: [442]  [34/35]  eta: 0:00:01  lr: 0.000018  min_lr: 0.000018  loss: 18.2289 (18.1930)  weight_decay: 0.0500 (0.0500)  grad_norm: 121.2982 (127.5913)  time: 0.9051  data: 0.0001  max mem: 34952
Epoch: [442] Total time: 0:00:51 (1.4593 s / it)
Averaged stats: lr: 0.000018  min_lr: 0.000018  loss: 18.2289 (18.3682)  weight_decay: 0.0500 (0.0500)  grad_norm: 121.2982 (127.5913)
Epoch: [443]  [ 0/35]  eta: 0:11:12  lr: 0.000018  min_lr: 0.000018  loss: 18.9632 (18.9632)  weight_decay: 0.0500 (0.0500)  grad_norm: 82.3854 (82.3854)  time: 19.2273  data: 16.4461  max mem: 34952
Epoch: [443]  [10/35]  eta: 0:01:05  lr: 0.000017  min_lr: 0.000017  loss: 19.6418 (18.9659)  weight_decay: 0.0500 (0.0500)  grad_norm: 128.8386 (129.2656)  time: 2.6399  data: 1.4953  max mem: 34952
Epoch: [443]  [20/35]  eta: 0:00:27  lr: 0.000017  min_lr: 0.000017  loss: 17.1996 (18.7156)  weight_decay: 0.0500 (0.0500)  grad_norm: 132.3722 (127.2589)  time: 0.9445  data: 0.0001  max mem: 34952
Epoch: [443]  [30/35]  eta: 0:00:07  lr: 0.000017  min_lr: 0.000017  loss: 19.1654 (19.1233)  weight_decay: 0.0500 (0.0500)  grad_norm: 123.3547 (126.9010)  time: 0.9058  data: 0.0001  max mem: 34952
Epoch: [443]  [34/35]  eta: 0:00:01  lr: 0.000017  min_lr: 0.000017  loss: 19.1654 (19.1832)  weight_decay: 0.0500 (0.0500)  grad_norm: 116.6944 (126.5631)  time: 0.9052  data: 0.0001  max mem: 34952
Epoch: [443] Total time: 0:00:51 (1.4726 s / it)
Averaged stats: lr: 0.000017  min_lr: 0.000017  loss: 19.1654 (18.4673)  weight_decay: 0.0500 (0.0500)  grad_norm: 116.6944 (126.5631)
Epoch: [444]  [ 0/35]  eta: 0:11:12  lr: 0.000017  min_lr: 0.000017  loss: 17.4509 (17.4509)  weight_decay: 0.0500 (0.0500)  grad_norm: 162.8192 (162.8192)  time: 19.2157  data: 12.6269  max mem: 34952
Epoch: [444]  [10/35]  eta: 0:01:05  lr: 0.000017  min_lr: 0.000017  loss: 17.4509 (18.1351)  weight_decay: 0.0500 (0.0500)  grad_norm: 119.5287 (123.4852)  time: 2.6173  data: 1.1480  max mem: 34952
Epoch: [444]  [20/35]  eta: 0:00:27  lr: 0.000017  min_lr: 0.000017  loss: 17.2633 (18.0217)  weight_decay: 0.0500 (0.0500)  grad_norm: 128.8028 (147.5541)  time: 0.9323  data: 0.0001  max mem: 34952
Epoch: [444]  [30/35]  eta: 0:00:07  lr: 0.000016  min_lr: 0.000016  loss: 17.6119 (17.8925)  weight_decay: 0.0500 (0.0500)  grad_norm: 152.0637 (143.6074)  time: 0.9070  data: 0.0001  max mem: 34952
Epoch: [444]  [34/35]  eta: 0:00:01  lr: 0.000016  min_lr: 0.000016  loss: 17.6486 (17.8946)  weight_decay: 0.0500 (0.0500)  grad_norm: 141.3739 (141.5589)  time: 0.9056  data: 0.0001  max mem: 34952
Epoch: [444] Total time: 0:00:51 (1.4658 s / it)
Averaged stats: lr: 0.000016  min_lr: 0.000016  loss: 17.6486 (18.0495)  weight_decay: 0.0500 (0.0500)  grad_norm: 141.3739 (141.5589)
Epoch: [445]  [ 0/35]  eta: 0:10:59  lr: 0.000016  min_lr: 0.000016  loss: 20.5787 (20.5787)  weight_decay: 0.0500 (0.0500)  grad_norm: 156.0322 (156.0322)  time: 18.8389  data: 11.7893  max mem: 34952
Epoch: [445]  [10/35]  eta: 0:01:03  lr: 0.000016  min_lr: 0.000016  loss: 16.4727 (17.8321)  weight_decay: 0.0500 (0.0500)  grad_norm: 119.4438 (116.5424)  time: 2.5565  data: 1.0719  max mem: 34952
Epoch: [445]  [20/35]  eta: 0:00:26  lr: 0.000016  min_lr: 0.000016  loss: 17.0915 (17.9582)  weight_decay: 0.0500 (0.0500)  grad_norm: 119.4438 (128.2254)  time: 0.9194  data: 0.0001  max mem: 34952
Epoch: [445]  [30/35]  eta: 0:00:07  lr: 0.000016  min_lr: 0.000016  loss: 18.1157 (18.0223)  weight_decay: 0.0500 (0.0500)  grad_norm: 152.8783 (141.7157)  time: 0.9080  data: 0.0001  max mem: 34952
Epoch: [445]  [34/35]  eta: 0:00:01  lr: 0.000016  min_lr: 0.000016  loss: 19.0743 (18.4753)  weight_decay: 0.0500 (0.0500)  grad_norm: 169.6136 (144.4626)  time: 0.9066  data: 0.0001  max mem: 34952
Epoch: [445] Total time: 0:00:50 (1.4484 s / it)
Averaged stats: lr: 0.000016  min_lr: 0.000016  loss: 19.0743 (18.1890)  weight_decay: 0.0500 (0.0500)  grad_norm: 169.6136 (144.4626)
Epoch: [446]  [ 0/35]  eta: 0:11:26  lr: 0.000016  min_lr: 0.000016  loss: 20.8621 (20.8621)  weight_decay: 0.0500 (0.0500)  grad_norm: 84.4967 (84.4967)  time: 19.6285  data: 16.1911  max mem: 34952
Epoch: [446]  [10/35]  eta: 0:01:05  lr: 0.000016  min_lr: 0.000016  loss: 18.7500 (18.6966)  weight_decay: 0.0500 (0.0500)  grad_norm: 116.8096 (117.6332)  time: 2.6109  data: 1.4720  max mem: 34952
Epoch: [446]  [20/35]  eta: 0:00:26  lr: 0.000015  min_lr: 0.000015  loss: 18.2007 (18.8539)  weight_decay: 0.0500 (0.0500)  grad_norm: 130.3978 (142.0146)  time: 0.9077  data: 0.0001  max mem: 34952
Epoch: [446]  [30/35]  eta: 0:00:07  lr: 0.000015  min_lr: 0.000015  loss: 18.0220 (18.5045)  weight_decay: 0.0500 (0.0500)  grad_norm: 175.5860 (154.7884)  time: 0.9049  data: 0.0001  max mem: 34952
Epoch: [446]  [34/35]  eta: 0:00:01  lr: 0.000015  min_lr: 0.000015  loss: 18.0220 (18.5708)  weight_decay: 0.0500 (0.0500)  grad_norm: 173.7592 (148.5852)  time: 0.9043  data: 0.0001  max mem: 34952
Epoch: [446] Total time: 0:00:51 (1.4648 s / it)
Averaged stats: lr: 0.000015  min_lr: 0.000015  loss: 18.0220 (18.3264)  weight_decay: 0.0500 (0.0500)  grad_norm: 173.7592 (148.5852)
Epoch: [447]  [ 0/35]  eta: 0:11:10  lr: 0.000015  min_lr: 0.000015  loss: 18.1251 (18.1251)  weight_decay: 0.0500 (0.0500)  grad_norm: 150.3742 (150.3742)  time: 19.1642  data: 13.7247  max mem: 34952
Epoch: [447]  [10/35]  eta: 0:01:04  lr: 0.000015  min_lr: 0.000015  loss: 16.9734 (16.6786)  weight_decay: 0.0500 (0.0500)  grad_norm: 122.9389 (130.9491)  time: 2.5721  data: 1.2478  max mem: 34952
Epoch: [447]  [20/35]  eta: 0:00:26  lr: 0.000015  min_lr: 0.000015  loss: 16.9734 (17.5612)  weight_decay: 0.0500 (0.0500)  grad_norm: 125.3921 (139.4535)  time: 0.9282  data: 0.0002  max mem: 34952
Epoch: [447]  [30/35]  eta: 0:00:07  lr: 0.000015  min_lr: 0.000015  loss: 18.4709 (17.8471)  weight_decay: 0.0500 (0.0500)  grad_norm: 160.9400 (153.8659)  time: 0.9358  data: 0.0002  max mem: 34952
Epoch: [447]  [34/35]  eta: 0:00:01  lr: 0.000015  min_lr: 0.000015  loss: 18.4769 (18.1373)  weight_decay: 0.0500 (0.0500)  grad_norm: 166.3395 (151.8169)  time: 0.9382  data: 0.0002  max mem: 34952
Epoch: [447] Total time: 0:00:51 (1.4710 s / it)
Averaged stats: lr: 0.000015  min_lr: 0.000015  loss: 18.4769 (18.1031)  weight_decay: 0.0500 (0.0500)  grad_norm: 166.3395 (151.8169)
Epoch: [448]  [ 0/35]  eta: 0:11:24  lr: 0.000015  min_lr: 0.000015  loss: 17.3067 (17.3067)  weight_decay: 0.0500 (0.0500)  grad_norm: 262.3513 (262.3513)  time: 19.5667  data: 16.2877  max mem: 34952
Epoch: [448]  [10/35]  eta: 0:01:07  lr: 0.000015  min_lr: 0.000015  loss: 16.7943 (16.1651)  weight_decay: 0.0500 (0.0500)  grad_norm: 119.0687 (132.5029)  time: 2.6919  data: 1.4809  max mem: 34952
Epoch: [448]  [20/35]  eta: 0:00:27  lr: 0.000014  min_lr: 0.000014  loss: 17.5858 (17.1599)  weight_decay: 0.0500 (0.0500)  grad_norm: 113.3911 (126.4414)  time: 0.9749  data: 0.0002  max mem: 34952
Epoch: [448]  [30/35]  eta: 0:00:07  lr: 0.000014  min_lr: 0.000014  loss: 17.7093 (17.1319)  weight_decay: 0.0500 (0.0500)  grad_norm: 118.2803 (129.2985)  time: 0.9420  data: 0.0001  max mem: 34952
Epoch: [448]  [34/35]  eta: 0:00:01  lr: 0.000014  min_lr: 0.000014  loss: 17.9615 (17.3020)  weight_decay: 0.0500 (0.0500)  grad_norm: 118.2803 (128.2897)  time: 0.9324  data: 0.0001  max mem: 34952
Epoch: [448] Total time: 0:00:52 (1.5114 s / it)
Averaged stats: lr: 0.000014  min_lr: 0.000014  loss: 17.9615 (18.0978)  weight_decay: 0.0500 (0.0500)  grad_norm: 118.2803 (128.2897)
Epoch: [449]  [ 0/35]  eta: 0:10:42  lr: 0.000014  min_lr: 0.000014  loss: 20.2319 (20.2319)  weight_decay: 0.0500 (0.0500)  grad_norm: 156.6068 (156.6068)  time: 18.3513  data: 16.3942  max mem: 34952
Epoch: [449]  [10/35]  eta: 0:01:03  lr: 0.000014  min_lr: 0.000014  loss: 19.0981 (17.4104)  weight_decay: 0.0500 (0.0500)  grad_norm: 128.8161 (121.7120)  time: 2.5368  data: 1.4905  max mem: 34952
Epoch: [449]  [20/35]  eta: 0:00:26  lr: 0.000014  min_lr: 0.000014  loss: 19.0981 (18.2778)  weight_decay: 0.0500 (0.0500)  grad_norm: 117.3816 (128.2128)  time: 0.9313  data: 0.0001  max mem: 34952
Epoch: [449]  [30/35]  eta: 0:00:07  lr: 0.000014  min_lr: 0.000014  loss: 17.6078 (17.8747)  weight_decay: 0.0500 (0.0500)  grad_norm: 140.1007 (141.6462)  time: 0.9061  data: 0.0001  max mem: 34952
Epoch: [449]  [34/35]  eta: 0:00:01  lr: 0.000014  min_lr: 0.000014  loss: 17.6078 (17.9236)  weight_decay: 0.0500 (0.0500)  grad_norm: 143.6171 (139.2121)  time: 0.9063  data: 0.0001  max mem: 34952
Epoch: [449] Total time: 0:00:50 (1.4412 s / it)
Averaged stats: lr: 0.000014  min_lr: 0.000014  loss: 17.6078 (17.9401)  weight_decay: 0.0500 (0.0500)  grad_norm: 143.6171 (139.2121)
Epoch: [450]  [ 0/35]  eta: 0:23:54  lr: 0.000014  min_lr: 0.000014  loss: 17.9045 (17.9045)  weight_decay: 0.0500 (0.0500)  grad_norm: 66.8636 (66.8636)  time: 40.9926  data: 31.9557  max mem: 34952
Epoch: [450]  [10/35]  eta: 0:01:54  lr: 0.000013  min_lr: 0.000013  loss: 17.9045 (18.0851)  weight_decay: 0.0500 (0.0500)  grad_norm: 117.1413 (124.4567)  time: 4.5688  data: 2.9052  max mem: 34952
Epoch: [450]  [20/35]  eta: 0:00:42  lr: 0.000013  min_lr: 0.000013  loss: 17.1671 (17.9380)  weight_decay: 0.0500 (0.0500)  grad_norm: 130.6515 (133.4491)  time: 0.9259  data: 0.0001  max mem: 34952
Epoch: [450]  [30/35]  eta: 0:00:11  lr: 0.000013  min_lr: 0.000013  loss: 16.9807 (17.8978)  weight_decay: 0.0500 (0.0500)  grad_norm: 115.9097 (126.5190)  time: 0.9249  data: 0.0001  max mem: 34952
Epoch: [450]  [34/35]  eta: 0:00:02  lr: 0.000013  min_lr: 0.000013  loss: 16.9899 (18.1567)  weight_decay: 0.0500 (0.0500)  grad_norm: 101.1145 (122.5669)  time: 0.9206  data: 0.0001  max mem: 34952
Epoch: [450] Total time: 0:01:13 (2.0906 s / it)
Averaged stats: lr: 0.000013  min_lr: 0.000013  loss: 16.9899 (18.2246)  weight_decay: 0.0500 (0.0500)  grad_norm: 101.1145 (122.5669)
[Eval]   [0/1]  eta: 0:00:03  loss: 59.5318 (59.5318)  time: 3.4830  data: 3.3827  max mem: 34952
[Eval]  Total time: 0:00:03 (3.7051 s / it)
Eval averaged stats: loss: 59.5318 (66.8006)
Epoch: [451]  [ 0/35]  eta: 0:11:13  lr: 0.000013  min_lr: 0.000013  loss: 17.4813 (17.4813)  weight_decay: 0.0500 (0.0500)  grad_norm: 121.8013 (121.8013)  time: 19.2304  data: 14.8156  max mem: 34952
Epoch: [451]  [10/35]  eta: 0:01:05  lr: 0.000013  min_lr: 0.000013  loss: 17.4813 (17.2193)  weight_decay: 0.0500 (0.0500)  grad_norm: 109.0801 (113.1773)  time: 2.6236  data: 1.3470  max mem: 34952
Epoch: [451]  [20/35]  eta: 0:00:27  lr: 0.000013  min_lr: 0.000013  loss: 17.8476 (17.9666)  weight_decay: 0.0500 (0.0500)  grad_norm: 109.0801 (118.3889)  time: 0.9352  data: 0.0001  max mem: 34952
Epoch: [451]  [30/35]  eta: 0:00:07  lr: 0.000013  min_lr: 0.000013  loss: 17.9469 (17.9185)  weight_decay: 0.0500 (0.0500)  grad_norm: 129.7563 (131.5905)  time: 0.9060  data: 0.0001  max mem: 34952
Epoch: [451]  [34/35]  eta: 0:00:01  lr: 0.000013  min_lr: 0.000013  loss: 18.7108 (18.3164)  weight_decay: 0.0500 (0.0500)  grad_norm: 140.2594 (130.6990)  time: 0.9031  data: 0.0001  max mem: 34952
Epoch: [451] Total time: 0:00:51 (1.4663 s / it)
Averaged stats: lr: 0.000013  min_lr: 0.000013  loss: 18.7108 (17.9829)  weight_decay: 0.0500 (0.0500)  grad_norm: 140.2594 (130.6990)
Epoch: [452]  [ 0/35]  eta: 0:11:30  lr: 0.000013  min_lr: 0.000013  loss: 16.2633 (16.2633)  weight_decay: 0.0500 (0.0500)  grad_norm: 71.8805 (71.8805)  time: 19.7319  data: 14.7419  max mem: 34952
Epoch: [452]  [10/35]  eta: 0:01:05  lr: 0.000012  min_lr: 0.000012  loss: 16.2633 (16.6049)  weight_decay: 0.0500 (0.0500)  grad_norm: 88.0251 (94.8116)  time: 2.6187  data: 1.3403  max mem: 34952
Epoch: [452]  [20/35]  eta: 0:00:27  lr: 0.000012  min_lr: 0.000012  loss: 17.9766 (17.9028)  weight_decay: 0.0500 (0.0500)  grad_norm: 103.5635 (99.0424)  time: 0.9046  data: 0.0001  max mem: 34952
Epoch: [452]  [30/35]  eta: 0:00:07  lr: 0.000012  min_lr: 0.000012  loss: 17.9766 (17.9007)  weight_decay: 0.0500 (0.0500)  grad_norm: 104.5652 (97.3130)  time: 0.9015  data: 0.0001  max mem: 34952
Epoch: [452]  [34/35]  eta: 0:00:01  lr: 0.000012  min_lr: 0.000012  loss: 17.9766 (17.9440)  weight_decay: 0.0500 (0.0500)  grad_norm: 104.5757 (100.6945)  time: 0.9010  data: 0.0001  max mem: 34952
Epoch: [452] Total time: 0:00:51 (1.4643 s / it)
Averaged stats: lr: 0.000012  min_lr: 0.000012  loss: 17.9766 (18.0376)  weight_decay: 0.0500 (0.0500)  grad_norm: 104.5757 (100.6945)
Epoch: [453]  [ 0/35]  eta: 0:11:33  lr: 0.000012  min_lr: 0.000012  loss: 17.0300 (17.0300)  weight_decay: 0.0500 (0.0500)  grad_norm: 77.1223 (77.1223)  time: 19.8147  data: 14.2408  max mem: 34952
Epoch: [453]  [10/35]  eta: 0:01:05  lr: 0.000012  min_lr: 0.000012  loss: 16.6406 (17.4355)  weight_decay: 0.0500 (0.0500)  grad_norm: 78.9467 (84.1484)  time: 2.6331  data: 1.2948  max mem: 34952
Epoch: [453]  [20/35]  eta: 0:00:27  lr: 0.000012  min_lr: 0.000012  loss: 16.4267 (17.2526)  weight_decay: 0.0500 (0.0500)  grad_norm: 98.0481 (116.0766)  time: 0.9616  data: 0.0003  max mem: 34952
Epoch: [453]  [30/35]  eta: 0:00:07  lr: 0.000012  min_lr: 0.000012  loss: 16.5996 (17.2365)  weight_decay: 0.0500 (0.0500)  grad_norm: 146.8351 (124.2336)  time: 0.9651  data: 0.0002  max mem: 34952
Epoch: [453]  [34/35]  eta: 0:00:01  lr: 0.000012  min_lr: 0.000012  loss: 17.7696 (17.4930)  weight_decay: 0.0500 (0.0500)  grad_norm: 149.1211 (129.6196)  time: 0.9438  data: 0.0002  max mem: 34952
Epoch: [453] Total time: 0:00:52 (1.5045 s / it)
Averaged stats: lr: 0.000012  min_lr: 0.000012  loss: 17.7696 (18.0447)  weight_decay: 0.0500 (0.0500)  grad_norm: 149.1211 (129.6196)
Epoch: [454]  [ 0/35]  eta: 0:10:50  lr: 0.000012  min_lr: 0.000012  loss: 18.3104 (18.3104)  weight_decay: 0.0500 (0.0500)  grad_norm: 147.6290 (147.6290)  time: 18.5721  data: 12.5131  max mem: 34952
Epoch: [454]  [10/35]  eta: 0:01:03  lr: 0.000011  min_lr: 0.000011  loss: 18.2423 (17.9519)  weight_decay: 0.0500 (0.0500)  grad_norm: 127.0595 (130.6686)  time: 2.5250  data: 1.1377  max mem: 34952
Epoch: [454]  [20/35]  eta: 0:00:26  lr: 0.000011  min_lr: 0.000011  loss: 18.0279 (17.9796)  weight_decay: 0.0500 (0.0500)  grad_norm: 125.5799 (126.9443)  time: 0.9144  data: 0.0001  max mem: 34952
Epoch: [454]  [30/35]  eta: 0:00:07  lr: 0.000011  min_lr: 0.000011  loss: 18.0279 (18.2712)  weight_decay: 0.0500 (0.0500)  grad_norm: 107.1932 (125.8869)  time: 0.9046  data: 0.0001  max mem: 34952
Epoch: [454]  [34/35]  eta: 0:00:01  lr: 0.000011  min_lr: 0.000011  loss: 19.3808 (18.4359)  weight_decay: 0.0500 (0.0500)  grad_norm: 97.8493 (123.2917)  time: 0.9044  data: 0.0001  max mem: 34952
Epoch: [454] Total time: 0:00:50 (1.4349 s / it)
Averaged stats: lr: 0.000011  min_lr: 0.000011  loss: 19.3808 (17.9865)  weight_decay: 0.0500 (0.0500)  grad_norm: 97.8493 (123.2917)
Epoch: [455]  [ 0/35]  eta: 0:11:00  lr: 0.000011  min_lr: 0.000011  loss: 23.1089 (23.1089)  weight_decay: 0.0500 (0.0500)  grad_norm: 47.1792 (47.1792)  time: 18.8824  data: 11.8251  max mem: 34952
Epoch: [455]  [10/35]  eta: 0:01:03  lr: 0.000011  min_lr: 0.000011  loss: 17.4965 (17.8217)  weight_decay: 0.0500 (0.0500)  grad_norm: 106.4568 (114.0221)  time: 2.5462  data: 1.0751  max mem: 34952
Epoch: [455]  [20/35]  eta: 0:00:26  lr: 0.000011  min_lr: 0.000011  loss: 17.4965 (18.1200)  weight_decay: 0.0500 (0.0500)  grad_norm: 128.3992 (122.9628)  time: 0.9077  data: 0.0001  max mem: 34952
Epoch: [455]  [30/35]  eta: 0:00:07  lr: 0.000011  min_lr: 0.000011  loss: 17.7447 (18.2302)  weight_decay: 0.0500 (0.0500)  grad_norm: 136.3189 (125.3170)  time: 0.9029  data: 0.0001  max mem: 34952
Epoch: [455]  [34/35]  eta: 0:00:01  lr: 0.000011  min_lr: 0.000011  loss: 18.4834 (18.1257)  weight_decay: 0.0500 (0.0500)  grad_norm: 136.3189 (130.4778)  time: 0.9020  data: 0.0001  max mem: 34952
Epoch: [455] Total time: 0:00:50 (1.4414 s / it)
Averaged stats: lr: 0.000011  min_lr: 0.000011  loss: 18.4834 (17.9313)  weight_decay: 0.0500 (0.0500)  grad_norm: 136.3189 (130.4778)
Epoch: [456]  [ 0/35]  eta: 0:11:02  lr: 0.000011  min_lr: 0.000011  loss: 17.4375 (17.4375)  weight_decay: 0.0500 (0.0500)  grad_norm: 89.4415 (89.4415)  time: 18.9355  data: 13.7877  max mem: 34952
Epoch: [456]  [10/35]  eta: 0:01:04  lr: 0.000010  min_lr: 0.000010  loss: 17.4406 (17.0446)  weight_decay: 0.0500 (0.0500)  grad_norm: 110.9520 (114.0292)  time: 2.5886  data: 1.2537  max mem: 34952
Epoch: [456]  [20/35]  eta: 0:00:26  lr: 0.000010  min_lr: 0.000010  loss: 17.6550 (17.4254)  weight_decay: 0.0500 (0.0500)  grad_norm: 110.9520 (112.9386)  time: 0.9280  data: 0.0002  max mem: 34952
Epoch: [456]  [30/35]  eta: 0:00:07  lr: 0.000010  min_lr: 0.000010  loss: 18.2014 (18.0208)  weight_decay: 0.0500 (0.0500)  grad_norm: 109.5562 (119.6027)  time: 0.9024  data: 0.0001  max mem: 34952
Epoch: [456]  [34/35]  eta: 0:00:01  lr: 0.000010  min_lr: 0.000010  loss: 18.4349 (18.1282)  weight_decay: 0.0500 (0.0500)  grad_norm: 109.5562 (121.4335)  time: 0.9012  data: 0.0002  max mem: 34952
Epoch: [456] Total time: 0:00:50 (1.4554 s / it)
Averaged stats: lr: 0.000010  min_lr: 0.000010  loss: 18.4349 (17.8647)  weight_decay: 0.0500 (0.0500)  grad_norm: 109.5562 (121.4335)
Epoch: [457]  [ 0/35]  eta: 0:11:17  lr: 0.000010  min_lr: 0.000010  loss: 19.6469 (19.6469)  weight_decay: 0.0500 (0.0500)  grad_norm: 139.4468 (139.4468)  time: 19.3704  data: 15.8615  max mem: 34952
Epoch: [457]  [10/35]  eta: 0:01:07  lr: 0.000010  min_lr: 0.000010  loss: 19.2181 (19.6269)  weight_decay: 0.0500 (0.0500)  grad_norm: 130.6426 (123.5085)  time: 2.6893  data: 1.4421  max mem: 34952
Epoch: [457]  [20/35]  eta: 0:00:28  lr: 0.000010  min_lr: 0.000010  loss: 18.7742 (19.1340)  weight_decay: 0.0500 (0.0500)  grad_norm: 104.6457 (114.9232)  time: 0.9988  data: 0.0001  max mem: 34952
Epoch: [457]  [30/35]  eta: 0:00:07  lr: 0.000010  min_lr: 0.000010  loss: 17.9892 (18.5630)  weight_decay: 0.0500 (0.0500)  grad_norm: 110.2172 (121.3017)  time: 0.9471  data: 0.0001  max mem: 34952
Epoch: [457]  [34/35]  eta: 0:00:01  lr: 0.000010  min_lr: 0.000010  loss: 18.0246 (18.6750)  weight_decay: 0.0500 (0.0500)  grad_norm: 111.7379 (123.4921)  time: 0.9191  data: 0.0001  max mem: 34952
Epoch: [457] Total time: 0:00:52 (1.5117 s / it)
Averaged stats: lr: 0.000010  min_lr: 0.000010  loss: 18.0246 (18.1354)  weight_decay: 0.0500 (0.0500)  grad_norm: 111.7379 (123.4921)
Epoch: [458]  [ 0/35]  eta: 0:11:47  lr: 0.000010  min_lr: 0.000010  loss: 21.0153 (21.0153)  weight_decay: 0.0500 (0.0500)  grad_norm: 185.2427 (185.2427)  time: 20.2066  data: 9.7642  max mem: 34952
Epoch: [458]  [10/35]  eta: 0:01:06  lr: 0.000009  min_lr: 0.000009  loss: 17.9341 (18.2373)  weight_decay: 0.0500 (0.0500)  grad_norm: 131.7607 (138.7030)  time: 2.6747  data: 0.8879  max mem: 34952
Epoch: [458]  [20/35]  eta: 0:00:27  lr: 0.000009  min_lr: 0.000009  loss: 18.1133 (18.7070)  weight_decay: 0.0500 (0.0500)  grad_norm: 135.0053 (155.1757)  time: 0.9178  data: 0.0002  max mem: 34952
Epoch: [458]  [30/35]  eta: 0:00:07  lr: 0.000009  min_lr: 0.000009  loss: 18.1133 (18.1501)  weight_decay: 0.0500 (0.0500)  grad_norm: 165.5495 (157.6051)  time: 0.9136  data: 0.0001  max mem: 34952
Epoch: [458]  [34/35]  eta: 0:00:01  lr: 0.000009  min_lr: 0.000009  loss: 16.9877 (18.3067)  weight_decay: 0.0500 (0.0500)  grad_norm: 143.6418 (153.4979)  time: 0.9112  data: 0.0001  max mem: 34952
Epoch: [458] Total time: 0:00:52 (1.4902 s / it)
Averaged stats: lr: 0.000009  min_lr: 0.000009  loss: 16.9877 (18.0183)  weight_decay: 0.0500 (0.0500)  grad_norm: 143.6418 (153.4979)
Epoch: [459]  [ 0/35]  eta: 0:11:07  lr: 0.000009  min_lr: 0.000009  loss: 18.0107 (18.0107)  weight_decay: 0.0500 (0.0500)  grad_norm: 48.2387 (48.2387)  time: 19.0775  data: 13.5968  max mem: 34952
Epoch: [459]  [10/35]  eta: 0:01:05  lr: 0.000009  min_lr: 0.000009  loss: 16.9529 (17.0604)  weight_decay: 0.0500 (0.0500)  grad_norm: 112.5110 (113.2875)  time: 2.6115  data: 1.2362  max mem: 34952
Epoch: [459]  [20/35]  eta: 0:00:26  lr: 0.000009  min_lr: 0.000009  loss: 18.1561 (17.8927)  weight_decay: 0.0500 (0.0500)  grad_norm: 123.9934 (126.9613)  time: 0.9359  data: 0.0001  max mem: 34952
Epoch: [459]  [30/35]  eta: 0:00:07  lr: 0.000009  min_lr: 0.000009  loss: 18.7372 (18.0715)  weight_decay: 0.0500 (0.0500)  grad_norm: 126.0792 (131.2782)  time: 0.9064  data: 0.0001  max mem: 34952
Epoch: [459]  [34/35]  eta: 0:00:01  lr: 0.000009  min_lr: 0.000009  loss: 18.7372 (18.1731)  weight_decay: 0.0500 (0.0500)  grad_norm: 129.1796 (131.8200)  time: 0.9046  data: 0.0001  max mem: 34952
Epoch: [459] Total time: 0:00:51 (1.4644 s / it)
Averaged stats: lr: 0.000009  min_lr: 0.000009  loss: 18.7372 (18.1738)  weight_decay: 0.0500 (0.0500)  grad_norm: 129.1796 (131.8200)
Epoch: [460]  [ 0/35]  eta: 0:11:36  lr: 0.000009  min_lr: 0.000009  loss: 15.9025 (15.9025)  weight_decay: 0.0500 (0.0500)  grad_norm: 76.2621 (76.2621)  time: 19.8937  data: 12.9761  max mem: 34952
Epoch: [460]  [10/35]  eta: 0:01:05  lr: 0.000009  min_lr: 0.000009  loss: 17.9791 (17.3345)  weight_decay: 0.0500 (0.0500)  grad_norm: 106.0654 (107.2740)  time: 2.6395  data: 1.1798  max mem: 34952
Epoch: [460]  [20/35]  eta: 0:00:27  lr: 0.000008  min_lr: 0.000008  loss: 18.4218 (18.1666)  weight_decay: 0.0500 (0.0500)  grad_norm: 114.1408 (121.8105)  time: 0.9112  data: 0.0001  max mem: 34952
Epoch: [460]  [30/35]  eta: 0:00:07  lr: 0.000008  min_lr: 0.000008  loss: 18.4218 (18.0767)  weight_decay: 0.0500 (0.0500)  grad_norm: 130.1198 (129.6352)  time: 0.9082  data: 0.0001  max mem: 34952
Epoch: [460]  [34/35]  eta: 0:00:01  lr: 0.000008  min_lr: 0.000008  loss: 18.6366 (18.2264)  weight_decay: 0.0500 (0.0500)  grad_norm: 135.3207 (133.2051)  time: 0.9068  data: 0.0001  max mem: 34952
Epoch: [460] Total time: 0:00:51 (1.4731 s / it)
Averaged stats: lr: 0.000008  min_lr: 0.000008  loss: 18.6366 (18.0689)  weight_decay: 0.0500 (0.0500)  grad_norm: 135.3207 (133.2051)
Epoch: [461]  [ 0/35]  eta: 0:11:24  lr: 0.000008  min_lr: 0.000008  loss: 16.3577 (16.3577)  weight_decay: 0.0500 (0.0500)  grad_norm: 61.6002 (61.6002)  time: 19.5554  data: 15.3058  max mem: 34952
Epoch: [461]  [10/35]  eta: 0:01:06  lr: 0.000008  min_lr: 0.000008  loss: 17.1017 (17.1566)  weight_decay: 0.0500 (0.0500)  grad_norm: 95.8489 (104.5950)  time: 2.6439  data: 1.3916  max mem: 34952
Epoch: [461]  [20/35]  eta: 0:00:27  lr: 0.000008  min_lr: 0.000008  loss: 17.5734 (18.4644)  weight_decay: 0.0500 (0.0500)  grad_norm: 104.7493 (125.3713)  time: 0.9337  data: 0.0001  max mem: 34952
Epoch: [461]  [30/35]  eta: 0:00:07  lr: 0.000008  min_lr: 0.000008  loss: 18.6916 (18.3690)  weight_decay: 0.0500 (0.0500)  grad_norm: 145.9520 (131.2884)  time: 0.9140  data: 0.0001  max mem: 34952
Epoch: [461]  [34/35]  eta: 0:00:01  lr: 0.000008  min_lr: 0.000008  loss: 18.4523 (18.3279)  weight_decay: 0.0500 (0.0500)  grad_norm: 138.8763 (130.8357)  time: 0.9129  data: 0.0001  max mem: 34952
Epoch: [461] Total time: 0:00:51 (1.4791 s / it)
Averaged stats: lr: 0.000008  min_lr: 0.000008  loss: 18.4523 (17.8792)  weight_decay: 0.0500 (0.0500)  grad_norm: 138.8763 (130.8357)
Epoch: [462]  [ 0/35]  eta: 0:11:37  lr: 0.000008  min_lr: 0.000008  loss: 17.9178 (17.9178)  weight_decay: 0.0500 (0.0500)  grad_norm: 191.6044 (191.6044)  time: 19.9169  data: 16.6825  max mem: 34952
Epoch: [462]  [10/35]  eta: 0:01:08  lr: 0.000008  min_lr: 0.000008  loss: 17.1124 (16.6285)  weight_decay: 0.0500 (0.0500)  grad_norm: 106.6181 (125.7389)  time: 2.7524  data: 1.5169  max mem: 34952
Epoch: [462]  [20/35]  eta: 0:00:28  lr: 0.000008  min_lr: 0.000008  loss: 17.1124 (17.2456)  weight_decay: 0.0500 (0.0500)  grad_norm: 121.4117 (136.7579)  time: 1.0321  data: 0.0003  max mem: 34952
Epoch: [462]  [30/35]  eta: 0:00:08  lr: 0.000008  min_lr: 0.000008  loss: 17.5407 (17.4223)  weight_decay: 0.0500 (0.0500)  grad_norm: 147.1373 (139.3668)  time: 0.9896  data: 0.0002  max mem: 34952
Epoch: [462]  [34/35]  eta: 0:00:01  lr: 0.000007  min_lr: 0.000007  loss: 17.5407 (17.6662)  weight_decay: 0.0500 (0.0500)  grad_norm: 136.5351 (134.8907)  time: 0.9728  data: 0.0002  max mem: 34952
Epoch: [462] Total time: 0:00:54 (1.5604 s / it)
Averaged stats: lr: 0.000007  min_lr: 0.000007  loss: 17.5407 (17.8593)  weight_decay: 0.0500 (0.0500)  grad_norm: 136.5351 (134.8907)
Epoch: [463]  [ 0/35]  eta: 0:11:02  lr: 0.000007  min_lr: 0.000007  loss: 18.6888 (18.6888)  weight_decay: 0.0500 (0.0500)  grad_norm: 68.1151 (68.1151)  time: 18.9206  data: 15.3603  max mem: 34952
Epoch: [463]  [10/35]  eta: 0:01:03  lr: 0.000007  min_lr: 0.000007  loss: 18.6888 (17.2620)  weight_decay: 0.0500 (0.0500)  grad_norm: 132.6154 (123.5070)  time: 2.5574  data: 1.3967  max mem: 34952
Epoch: [463]  [20/35]  eta: 0:00:26  lr: 0.000007  min_lr: 0.000007  loss: 17.1186 (17.3806)  weight_decay: 0.0500 (0.0500)  grad_norm: 132.6154 (128.1354)  time: 0.9201  data: 0.0002  max mem: 34952
Epoch: [463]  [30/35]  eta: 0:00:07  lr: 0.000007  min_lr: 0.000007  loss: 17.2949 (17.3820)  weight_decay: 0.0500 (0.0500)  grad_norm: 128.0057 (129.7651)  time: 0.9128  data: 0.0001  max mem: 34952
Epoch: [463]  [34/35]  eta: 0:00:01  lr: 0.000007  min_lr: 0.000007  loss: 17.2949 (17.5883)  weight_decay: 0.0500 (0.0500)  grad_norm: 135.2960 (127.6855)  time: 0.9110  data: 0.0001  max mem: 34952
Epoch: [463] Total time: 0:00:50 (1.4528 s / it)
Averaged stats: lr: 0.000007  min_lr: 0.000007  loss: 17.2949 (17.9058)  weight_decay: 0.0500 (0.0500)  grad_norm: 135.2960 (127.6855)
Epoch: [464]  [ 0/35]  eta: 0:11:25  lr: 0.000007  min_lr: 0.000007  loss: 21.4770 (21.4770)  weight_decay: 0.0500 (0.0500)  grad_norm: 122.5153 (122.5153)  time: 19.5831  data: 15.6053  max mem: 34952
Epoch: [464]  [10/35]  eta: 0:01:08  lr: 0.000007  min_lr: 0.000007  loss: 17.7665 (17.5876)  weight_decay: 0.0500 (0.0500)  grad_norm: 132.2424 (138.1572)  time: 2.7232  data: 1.4188  max mem: 34952
Epoch: [464]  [20/35]  eta: 0:00:28  lr: 0.000007  min_lr: 0.000007  loss: 18.1123 (18.0783)  weight_decay: 0.0500 (0.0500)  grad_norm: 138.9893 (146.7925)  time: 1.0252  data: 0.0002  max mem: 34952
Epoch: [464]  [30/35]  eta: 0:00:08  lr: 0.000007  min_lr: 0.000007  loss: 18.8370 (18.3195)  weight_decay: 0.0500 (0.0500)  grad_norm: 136.6440 (136.7861)  time: 0.9841  data: 0.0001  max mem: 34952
Epoch: [464]  [34/35]  eta: 0:00:01  lr: 0.000007  min_lr: 0.000007  loss: 18.9143 (18.4563)  weight_decay: 0.0500 (0.0500)  grad_norm: 112.4991 (133.0775)  time: 0.9652  data: 0.0001  max mem: 34952
Epoch: [464] Total time: 0:00:54 (1.5501 s / it)
Averaged stats: lr: 0.000007  min_lr: 0.000007  loss: 18.9143 (17.9922)  weight_decay: 0.0500 (0.0500)  grad_norm: 112.4991 (133.0775)
Epoch: [465]  [ 0/35]  eta: 0:11:01  lr: 0.000007  min_lr: 0.000007  loss: 20.0377 (20.0377)  weight_decay: 0.0500 (0.0500)  grad_norm: 137.9316 (137.9316)  time: 18.9065  data: 11.7236  max mem: 34952
Epoch: [465]  [10/35]  eta: 0:01:04  lr: 0.000007  min_lr: 0.000007  loss: 18.9849 (18.6855)  weight_decay: 0.0500 (0.0500)  grad_norm: 132.7387 (122.1002)  time: 2.5647  data: 1.0659  max mem: 34952
Epoch: [465]  [20/35]  eta: 0:00:26  lr: 0.000006  min_lr: 0.000006  loss: 18.4565 (18.3080)  weight_decay: 0.0500 (0.0500)  grad_norm: 130.5894 (128.7561)  time: 0.9402  data: 0.0002  max mem: 34952
Epoch: [465]  [30/35]  eta: 0:00:07  lr: 0.000006  min_lr: 0.000006  loss: 17.8373 (18.3779)  weight_decay: 0.0500 (0.0500)  grad_norm: 132.7986 (128.0742)  time: 0.9278  data: 0.0002  max mem: 34952
Epoch: [465]  [34/35]  eta: 0:00:01  lr: 0.000006  min_lr: 0.000006  loss: 17.8373 (18.5414)  weight_decay: 0.0500 (0.0500)  grad_norm: 132.7986 (125.3297)  time: 0.9100  data: 0.0001  max mem: 34952
Epoch: [465] Total time: 0:00:51 (1.4621 s / it)
Averaged stats: lr: 0.000006  min_lr: 0.000006  loss: 17.8373 (18.0807)  weight_decay: 0.0500 (0.0500)  grad_norm: 132.7986 (125.3297)
Epoch: [466]  [ 0/35]  eta: 0:11:28  lr: 0.000006  min_lr: 0.000006  loss: 23.0435 (23.0435)  weight_decay: 0.0500 (0.0500)  grad_norm: 133.6559 (133.6559)  time: 19.6755  data: 16.0311  max mem: 34952
Epoch: [466]  [10/35]  eta: 0:01:06  lr: 0.000006  min_lr: 0.000006  loss: 17.3310 (18.6311)  weight_decay: 0.0500 (0.0500)  grad_norm: 103.7645 (106.7327)  time: 2.6556  data: 1.4576  max mem: 34952
Epoch: [466]  [20/35]  eta: 0:00:27  lr: 0.000006  min_lr: 0.000006  loss: 17.6910 (18.3374)  weight_decay: 0.0500 (0.0500)  grad_norm: 103.7422 (108.9969)  time: 0.9317  data: 0.0002  max mem: 34952
Epoch: [466]  [30/35]  eta: 0:00:07  lr: 0.000006  min_lr: 0.000006  loss: 17.9516 (18.0889)  weight_decay: 0.0500 (0.0500)  grad_norm: 88.6950 (101.7666)  time: 0.9064  data: 0.0002  max mem: 34952
Epoch: [466]  [34/35]  eta: 0:00:01  lr: 0.000006  min_lr: 0.000006  loss: 18.1330 (18.1569)  weight_decay: 0.0500 (0.0500)  grad_norm: 90.6971 (101.3436)  time: 0.9050  data: 0.0002  max mem: 34952
Epoch: [466] Total time: 0:00:51 (1.4780 s / it)
Averaged stats: lr: 0.000006  min_lr: 0.000006  loss: 18.1330 (18.0234)  weight_decay: 0.0500 (0.0500)  grad_norm: 90.6971 (101.3436)
Epoch: [467]  [ 0/35]  eta: 0:11:06  lr: 0.000006  min_lr: 0.000006  loss: 21.1004 (21.1004)  weight_decay: 0.0500 (0.0500)  grad_norm: 114.8902 (114.8902)  time: 19.0480  data: 18.0601  max mem: 34952
Epoch: [467]  [10/35]  eta: 0:01:05  lr: 0.000006  min_lr: 0.000006  loss: 17.4247 (17.4166)  weight_decay: 0.0500 (0.0500)  grad_norm: 121.2064 (118.8715)  time: 2.6070  data: 1.6419  max mem: 34952
Epoch: [467]  [20/35]  eta: 0:00:27  lr: 0.000006  min_lr: 0.000006  loss: 17.3142 (17.7890)  weight_decay: 0.0500 (0.0500)  grad_norm: 126.6413 (136.0778)  time: 0.9785  data: 0.0001  max mem: 34952
Epoch: [467]  [30/35]  eta: 0:00:07  lr: 0.000006  min_lr: 0.000006  loss: 16.6447 (17.5935)  weight_decay: 0.0500 (0.0500)  grad_norm: 129.0520 (130.0157)  time: 0.9632  data: 0.0001  max mem: 34952
Epoch: [467]  [34/35]  eta: 0:00:01  lr: 0.000006  min_lr: 0.000006  loss: 19.0981 (17.8758)  weight_decay: 0.0500 (0.0500)  grad_norm: 118.2777 (124.8825)  time: 0.9416  data: 0.0001  max mem: 34952
Epoch: [467] Total time: 0:00:52 (1.4968 s / it)
Averaged stats: lr: 0.000006  min_lr: 0.000006  loss: 19.0981 (17.9007)  weight_decay: 0.0500 (0.0500)  grad_norm: 118.2777 (124.8825)
Epoch: [468]  [ 0/35]  eta: 0:10:54  lr: 0.000006  min_lr: 0.000006  loss: 19.1302 (19.1302)  weight_decay: 0.0500 (0.0500)  grad_norm: 122.4546 (122.4546)  time: 18.7102  data: 15.4943  max mem: 34952
Epoch: [468]  [10/35]  eta: 0:01:05  lr: 0.000005  min_lr: 0.000005  loss: 16.9674 (17.5810)  weight_decay: 0.0500 (0.0500)  grad_norm: 118.4732 (115.9922)  time: 2.6269  data: 1.4087  max mem: 34952
Epoch: [468]  [20/35]  eta: 0:00:27  lr: 0.000005  min_lr: 0.000005  loss: 17.0357 (17.7039)  weight_decay: 0.0500 (0.0500)  grad_norm: 118.4732 (126.8249)  time: 0.9892  data: 0.0002  max mem: 34952
Epoch: [468]  [30/35]  eta: 0:00:07  lr: 0.000005  min_lr: 0.000005  loss: 17.7381 (17.7441)  weight_decay: 0.0500 (0.0500)  grad_norm: 127.4124 (125.6673)  time: 0.9355  data: 0.0001  max mem: 34952
Epoch: [468]  [34/35]  eta: 0:00:01  lr: 0.000005  min_lr: 0.000005  loss: 18.3401 (17.9786)  weight_decay: 0.0500 (0.0500)  grad_norm: 127.4124 (124.3465)  time: 0.9452  data: 0.0001  max mem: 34952
Epoch: [468] Total time: 0:00:52 (1.5013 s / it)
Averaged stats: lr: 0.000005  min_lr: 0.000005  loss: 18.3401 (18.0467)  weight_decay: 0.0500 (0.0500)  grad_norm: 127.4124 (124.3465)
Epoch: [469]  [ 0/35]  eta: 0:11:17  lr: 0.000005  min_lr: 0.000005  loss: 20.9614 (20.9614)  weight_decay: 0.0500 (0.0500)  grad_norm: 174.4416 (174.4416)  time: 19.3643  data: 13.1212  max mem: 34952
Epoch: [469]  [10/35]  eta: 0:01:05  lr: 0.000005  min_lr: 0.000005  loss: 19.8818 (18.1986)  weight_decay: 0.0500 (0.0500)  grad_norm: 104.2776 (108.6077)  time: 2.6239  data: 1.1930  max mem: 34952
Epoch: [469]  [20/35]  eta: 0:00:27  lr: 0.000005  min_lr: 0.000005  loss: 18.8102 (18.0679)  weight_decay: 0.0500 (0.0500)  grad_norm: 112.8568 (117.4778)  time: 0.9416  data: 0.0002  max mem: 34952
Epoch: [469]  [30/35]  eta: 0:00:07  lr: 0.000005  min_lr: 0.000005  loss: 17.0121 (17.8258)  weight_decay: 0.0500 (0.0500)  grad_norm: 112.8568 (117.5691)  time: 0.9182  data: 0.0001  max mem: 34952
Epoch: [469]  [34/35]  eta: 0:00:01  lr: 0.000005  min_lr: 0.000005  loss: 18.1271 (18.0635)  weight_decay: 0.0500 (0.0500)  grad_norm: 109.1973 (118.2125)  time: 0.9071  data: 0.0001  max mem: 34952
Epoch: [469] Total time: 0:00:51 (1.4761 s / it)
Averaged stats: lr: 0.000005  min_lr: 0.000005  loss: 18.1271 (17.9338)  weight_decay: 0.0500 (0.0500)  grad_norm: 109.1973 (118.2125)
Epoch: [470]  [ 0/35]  eta: 0:10:48  lr: 0.000005  min_lr: 0.000005  loss: 21.9142 (21.9142)  weight_decay: 0.0500 (0.0500)  grad_norm: 137.9463 (137.9463)  time: 18.5390  data: 14.3102  max mem: 34952
Epoch: [470]  [10/35]  eta: 0:01:04  lr: 0.000005  min_lr: 0.000005  loss: 17.8028 (18.3158)  weight_decay: 0.0500 (0.0500)  grad_norm: 134.4707 (143.8075)  time: 2.5605  data: 1.3011  max mem: 34952
Epoch: [470]  [20/35]  eta: 0:00:26  lr: 0.000005  min_lr: 0.000005  loss: 18.1052 (18.4956)  weight_decay: 0.0500 (0.0500)  grad_norm: 141.4972 (151.6453)  time: 0.9389  data: 0.0002  max mem: 34952
Epoch: [470]  [30/35]  eta: 0:00:07  lr: 0.000005  min_lr: 0.000005  loss: 18.4799 (18.3711)  weight_decay: 0.0500 (0.0500)  grad_norm: 127.7517 (140.5635)  time: 0.9216  data: 0.0002  max mem: 34952
Epoch: [470]  [34/35]  eta: 0:00:01  lr: 0.000005  min_lr: 0.000005  loss: 19.2168 (18.5524)  weight_decay: 0.0500 (0.0500)  grad_norm: 141.6092 (140.4151)  time: 0.9253  data: 0.0002  max mem: 34952
Epoch: [470] Total time: 0:00:51 (1.4613 s / it)
Averaged stats: lr: 0.000005  min_lr: 0.000005  loss: 19.2168 (18.0517)  weight_decay: 0.0500 (0.0500)  grad_norm: 141.6092 (140.4151)
Epoch: [471]  [ 0/35]  eta: 0:11:18  lr: 0.000005  min_lr: 0.000005  loss: 17.0692 (17.0692)  weight_decay: 0.0500 (0.0500)  grad_norm: 130.8377 (130.8377)  time: 19.3865  data: 14.7231  max mem: 34952
Epoch: [471]  [10/35]  eta: 0:01:07  lr: 0.000005  min_lr: 0.000005  loss: 17.2941 (17.2796)  weight_decay: 0.0500 (0.0500)  grad_norm: 130.8377 (137.0341)  time: 2.6851  data: 1.3387  max mem: 34952
Epoch: [471]  [20/35]  eta: 0:00:27  lr: 0.000004  min_lr: 0.000004  loss: 17.4670 (17.7794)  weight_decay: 0.0500 (0.0500)  grad_norm: 111.5457 (120.9787)  time: 0.9863  data: 0.0002  max mem: 34952
Epoch: [471]  [30/35]  eta: 0:00:07  lr: 0.000004  min_lr: 0.000004  loss: 18.0161 (17.9560)  weight_decay: 0.0500 (0.0500)  grad_norm: 107.8690 (123.5074)  time: 0.9332  data: 0.0001  max mem: 34952
Epoch: [471]  [34/35]  eta: 0:00:01  lr: 0.000004  min_lr: 0.000004  loss: 18.0100 (18.1677)  weight_decay: 0.0500 (0.0500)  grad_norm: 111.3918 (122.9053)  time: 0.9173  data: 0.0001  max mem: 34952
Epoch: [471] Total time: 0:00:52 (1.5039 s / it)
Averaged stats: lr: 0.000004  min_lr: 0.000004  loss: 18.0100 (17.9044)  weight_decay: 0.0500 (0.0500)  grad_norm: 111.3918 (122.9053)
Epoch: [472]  [ 0/35]  eta: 0:11:17  lr: 0.000004  min_lr: 0.000004  loss: 19.5682 (19.5682)  weight_decay: 0.0500 (0.0500)  grad_norm: 172.7313 (172.7313)  time: 19.3483  data: 17.7403  max mem: 34952
Epoch: [472]  [10/35]  eta: 0:01:06  lr: 0.000004  min_lr: 0.000004  loss: 15.9434 (16.5614)  weight_decay: 0.0500 (0.0500)  grad_norm: 80.9610 (113.2754)  time: 2.6776  data: 1.6129  max mem: 34952
Epoch: [472]  [20/35]  eta: 0:00:28  lr: 0.000004  min_lr: 0.000004  loss: 16.4011 (17.1668)  weight_decay: 0.0500 (0.0500)  grad_norm: 87.3672 (116.3701)  time: 0.9930  data: 0.0002  max mem: 34952
Epoch: [472]  [30/35]  eta: 0:00:07  lr: 0.000004  min_lr: 0.000004  loss: 17.6079 (17.0023)  weight_decay: 0.0500 (0.0500)  grad_norm: 113.5346 (114.8676)  time: 0.9555  data: 0.0002  max mem: 34952
Epoch: [472]  [34/35]  eta: 0:00:01  lr: 0.000004  min_lr: 0.000004  loss: 17.8103 (17.1040)  weight_decay: 0.0500 (0.0500)  grad_norm: 113.5346 (115.3084)  time: 0.9479  data: 0.0002  max mem: 34952
Epoch: [472] Total time: 0:00:52 (1.5140 s / it)
Averaged stats: lr: 0.000004  min_lr: 0.000004  loss: 17.8103 (17.8062)  weight_decay: 0.0500 (0.0500)  grad_norm: 113.5346 (115.3084)
Epoch: [473]  [ 0/35]  eta: 0:10:36  lr: 0.000004  min_lr: 0.000004  loss: 16.5594 (16.5594)  weight_decay: 0.0500 (0.0500)  grad_norm: 164.7860 (164.7860)  time: 18.1870  data: 17.2255  max mem: 34952
Epoch: [473]  [10/35]  eta: 0:01:04  lr: 0.000004  min_lr: 0.000004  loss: 16.5594 (16.9769)  weight_decay: 0.0500 (0.0500)  grad_norm: 111.5406 (120.2975)  time: 2.5604  data: 1.5661  max mem: 34952
Epoch: [473]  [20/35]  eta: 0:00:26  lr: 0.000004  min_lr: 0.000004  loss: 17.0415 (17.7597)  weight_decay: 0.0500 (0.0500)  grad_norm: 104.0298 (122.4110)  time: 0.9522  data: 0.0001  max mem: 34952
Epoch: [473]  [30/35]  eta: 0:00:07  lr: 0.000004  min_lr: 0.000004  loss: 18.0691 (17.9963)  weight_decay: 0.0500 (0.0500)  grad_norm: 95.4374 (116.0054)  time: 0.9058  data: 0.0001  max mem: 34952
Epoch: [473]  [34/35]  eta: 0:00:01  lr: 0.000004  min_lr: 0.000004  loss: 18.0691 (17.9678)  weight_decay: 0.0500 (0.0500)  grad_norm: 95.4374 (116.8894)  time: 0.9044  data: 0.0001  max mem: 34952
Epoch: [473] Total time: 0:00:50 (1.4486 s / it)
Averaged stats: lr: 0.000004  min_lr: 0.000004  loss: 18.0691 (17.8791)  weight_decay: 0.0500 (0.0500)  grad_norm: 95.4374 (116.8894)
Epoch: [474]  [ 0/35]  eta: 0:11:40  lr: 0.000004  min_lr: 0.000004  loss: 20.6152 (20.6152)  weight_decay: 0.0500 (0.0500)  grad_norm: 99.1774 (99.1774)  time: 20.0037  data: 15.9528  max mem: 34952
Epoch: [474]  [10/35]  eta: 0:01:06  lr: 0.000004  min_lr: 0.000004  loss: 17.5254 (18.0501)  weight_decay: 0.0500 (0.0500)  grad_norm: 93.5070 (106.4813)  time: 2.6503  data: 1.4504  max mem: 34952
Epoch: [474]  [20/35]  eta: 0:00:27  lr: 0.000004  min_lr: 0.000004  loss: 17.5254 (18.2144)  weight_decay: 0.0500 (0.0500)  grad_norm: 120.9115 (117.2943)  time: 0.9127  data: 0.0002  max mem: 34952
Epoch: [474]  [30/35]  eta: 0:00:07  lr: 0.000003  min_lr: 0.000003  loss: 18.1975 (18.5623)  weight_decay: 0.0500 (0.0500)  grad_norm: 120.9115 (120.4019)  time: 0.9073  data: 0.0002  max mem: 34952
Epoch: [474]  [34/35]  eta: 0:00:01  lr: 0.000003  min_lr: 0.000003  loss: 17.4308 (18.3592)  weight_decay: 0.0500 (0.0500)  grad_norm: 117.9645 (119.3907)  time: 0.9058  data: 0.0001  max mem: 34952
Epoch: [474] Total time: 0:00:51 (1.4767 s / it)
Averaged stats: lr: 0.000003  min_lr: 0.000003  loss: 17.4308 (17.8741)  weight_decay: 0.0500 (0.0500)  grad_norm: 117.9645 (119.3907)
Epoch: [475]  [ 0/35]  eta: 0:32:10  lr: 0.000003  min_lr: 0.000003  loss: 18.0080 (18.0080)  weight_decay: 0.0500 (0.0500)  grad_norm: 113.5252 (113.5252)  time: 55.1708  data: 54.1951  max mem: 34952
Epoch: [475]  [10/35]  eta: 0:02:27  lr: 0.000003  min_lr: 0.000003  loss: 18.5632 (18.1635)  weight_decay: 0.0500 (0.0500)  grad_norm: 99.5191 (104.8641)  time: 5.9139  data: 4.9270  max mem: 34952
Epoch: [475]  [20/35]  eta: 0:00:52  lr: 0.000003  min_lr: 0.000003  loss: 17.0664 (17.9440)  weight_decay: 0.0500 (0.0500)  grad_norm: 101.1440 (110.5124)  time: 0.9476  data: 0.0001  max mem: 34952
Epoch: [475]  [30/35]  eta: 0:00:13  lr: 0.000003  min_lr: 0.000003  loss: 17.0664 (17.9704)  weight_decay: 0.0500 (0.0500)  grad_norm: 121.6074 (116.4060)  time: 0.9080  data: 0.0001  max mem: 34952
Epoch: [475]  [34/35]  eta: 0:00:02  lr: 0.000003  min_lr: 0.000003  loss: 18.0029 (18.0355)  weight_decay: 0.0500 (0.0500)  grad_norm: 101.1440 (117.4623)  time: 0.9090  data: 0.0001  max mem: 34952
Epoch: [475] Total time: 0:01:27 (2.5063 s / it)
Averaged stats: lr: 0.000003  min_lr: 0.000003  loss: 18.0029 (17.6510)  weight_decay: 0.0500 (0.0500)  grad_norm: 101.1440 (117.4623)
[Eval]   [0/1]  eta: 0:00:03  loss: 54.3894 (54.3894)  time: 3.4808  data: 3.3802  max mem: 34952
[Eval]  Total time: 0:00:03 (3.7098 s / it)
Eval averaged stats: loss: 54.3894 (64.5471)
Epoch: [476]  [ 0/35]  eta: 0:11:12  lr: 0.000003  min_lr: 0.000003  loss: 16.4868 (16.4868)  weight_decay: 0.0500 (0.0500)  grad_norm: 95.4658 (95.4658)  time: 19.2037  data: 16.9001  max mem: 34952
Epoch: [476]  [10/35]  eta: 0:01:04  lr: 0.000003  min_lr: 0.000003  loss: 16.7947 (17.5410)  weight_decay: 0.0500 (0.0500)  grad_norm: 99.8596 (103.6005)  time: 2.5918  data: 1.5365  max mem: 34952
Epoch: [476]  [20/35]  eta: 0:00:26  lr: 0.000003  min_lr: 0.000003  loss: 17.1143 (17.8107)  weight_decay: 0.0500 (0.0500)  grad_norm: 112.7735 (113.6821)  time: 0.9249  data: 0.0001  max mem: 34952
Epoch: [476]  [30/35]  eta: 0:00:07  lr: 0.000003  min_lr: 0.000003  loss: 18.5982 (18.2400)  weight_decay: 0.0500 (0.0500)  grad_norm: 109.0000 (108.0373)  time: 0.9108  data: 0.0001  max mem: 34952
Epoch: [476]  [34/35]  eta: 0:00:01  lr: 0.000003  min_lr: 0.000003  loss: 19.0693 (18.2823)  weight_decay: 0.0500 (0.0500)  grad_norm: 101.1152 (107.1830)  time: 0.9065  data: 0.0001  max mem: 34952
Epoch: [476] Total time: 0:00:51 (1.4614 s / it)
Averaged stats: lr: 0.000003  min_lr: 0.000003  loss: 19.0693 (17.7720)  weight_decay: 0.0500 (0.0500)  grad_norm: 101.1152 (107.1830)
Epoch: [477]  [ 0/35]  eta: 0:11:11  lr: 0.000003  min_lr: 0.000003  loss: 19.8703 (19.8703)  weight_decay: 0.0500 (0.0500)  grad_norm: 103.4050 (103.4050)  time: 19.1908  data: 15.5430  max mem: 34952
Epoch: [477]  [10/35]  eta: 0:01:04  lr: 0.000003  min_lr: 0.000003  loss: 17.4505 (17.1150)  weight_decay: 0.0500 (0.0500)  grad_norm: 103.4050 (99.2644)  time: 2.5835  data: 1.4132  max mem: 34952
Epoch: [477]  [20/35]  eta: 0:00:27  lr: 0.000003  min_lr: 0.000003  loss: 17.8307 (17.6448)  weight_decay: 0.0500 (0.0500)  grad_norm: 109.8276 (110.9700)  time: 0.9409  data: 0.0002  max mem: 34952
Epoch: [477]  [30/35]  eta: 0:00:07  lr: 0.000003  min_lr: 0.000003  loss: 18.8991 (17.8098)  weight_decay: 0.0500 (0.0500)  grad_norm: 111.3021 (107.1228)  time: 0.9572  data: 0.0002  max mem: 34952
Epoch: [477]  [34/35]  eta: 0:00:01  lr: 0.000003  min_lr: 0.000003  loss: 18.8991 (17.9008)  weight_decay: 0.0500 (0.0500)  grad_norm: 92.8727 (105.5487)  time: 0.9620  data: 0.0001  max mem: 34952
Epoch: [477] Total time: 0:00:52 (1.4948 s / it)
Averaged stats: lr: 0.000003  min_lr: 0.000003  loss: 18.8991 (17.9335)  weight_decay: 0.0500 (0.0500)  grad_norm: 92.8727 (105.5487)
Epoch: [478]  [ 0/35]  eta: 0:11:26  lr: 0.000003  min_lr: 0.000003  loss: 17.5501 (17.5501)  weight_decay: 0.0500 (0.0500)  grad_norm: 107.9695 (107.9695)  time: 19.6067  data: 14.9948  max mem: 34952
Epoch: [478]  [10/35]  eta: 0:01:09  lr: 0.000003  min_lr: 0.000003  loss: 18.5225 (18.5450)  weight_decay: 0.0500 (0.0500)  grad_norm: 91.6174 (97.3134)  time: 2.7876  data: 1.3633  max mem: 34952
Epoch: [478]  [20/35]  eta: 0:00:29  lr: 0.000003  min_lr: 0.000003  loss: 17.0890 (18.1193)  weight_decay: 0.0500 (0.0500)  grad_norm: 91.6174 (107.1356)  time: 1.0754  data: 0.0002  max mem: 34952
Epoch: [478]  [30/35]  eta: 0:00:08  lr: 0.000002  min_lr: 0.000002  loss: 16.7300 (17.8863)  weight_decay: 0.0500 (0.0500)  grad_norm: 105.9969 (108.9218)  time: 0.9886  data: 0.0002  max mem: 34952
Epoch: [478]  [34/35]  eta: 0:00:01  lr: 0.000002  min_lr: 0.000002  loss: 17.0890 (18.1122)  weight_decay: 0.0500 (0.0500)  grad_norm: 105.9969 (108.6224)  time: 0.9508  data: 0.0002  max mem: 34952
Epoch: [478] Total time: 0:00:54 (1.5692 s / it)
Averaged stats: lr: 0.000002  min_lr: 0.000002  loss: 17.0890 (17.9538)  weight_decay: 0.0500 (0.0500)  grad_norm: 105.9969 (108.6224)
Epoch: [479]  [ 0/35]  eta: 0:11:35  lr: 0.000002  min_lr: 0.000002  loss: 16.8352 (16.8352)  weight_decay: 0.0500 (0.0500)  grad_norm: 137.3971 (137.3971)  time: 19.8737  data: 11.6312  max mem: 34952
Epoch: [479]  [10/35]  eta: 0:01:06  lr: 0.000002  min_lr: 0.000002  loss: 17.4048 (16.9420)  weight_decay: 0.0500 (0.0500)  grad_norm: 126.8761 (122.7463)  time: 2.6505  data: 1.0575  max mem: 34952
Epoch: [479]  [20/35]  eta: 0:00:27  lr: 0.000002  min_lr: 0.000002  loss: 17.7352 (17.9102)  weight_decay: 0.0500 (0.0500)  grad_norm: 123.4392 (127.0158)  time: 0.9245  data: 0.0001  max mem: 34952
Epoch: [479]  [30/35]  eta: 0:00:07  lr: 0.000002  min_lr: 0.000002  loss: 17.8678 (17.7404)  weight_decay: 0.0500 (0.0500)  grad_norm: 114.0022 (122.4127)  time: 0.9203  data: 0.0001  max mem: 34952
Epoch: [479]  [34/35]  eta: 0:00:01  lr: 0.000002  min_lr: 0.000002  loss: 17.8678 (17.8193)  weight_decay: 0.0500 (0.0500)  grad_norm: 101.7962 (121.4003)  time: 0.9193  data: 0.0002  max mem: 34952
Epoch: [479] Total time: 0:00:52 (1.4860 s / it)
Averaged stats: lr: 0.000002  min_lr: 0.000002  loss: 17.8678 (17.6994)  weight_decay: 0.0500 (0.0500)  grad_norm: 101.7962 (121.4003)
Epoch: [480]  [ 0/35]  eta: 0:11:17  lr: 0.000002  min_lr: 0.000002  loss: 16.4505 (16.4505)  weight_decay: 0.0500 (0.0500)  grad_norm: 98.5451 (98.5451)  time: 19.3465  data: 15.9790  max mem: 34952
Epoch: [480]  [10/35]  eta: 0:01:05  lr: 0.000002  min_lr: 0.000002  loss: 16.4505 (16.8563)  weight_decay: 0.0500 (0.0500)  grad_norm: 117.3857 (124.6970)  time: 2.6018  data: 1.4528  max mem: 34952
Epoch: [480]  [20/35]  eta: 0:00:26  lr: 0.000002  min_lr: 0.000002  loss: 17.8255 (17.4866)  weight_decay: 0.0500 (0.0500)  grad_norm: 117.3857 (116.9242)  time: 0.9216  data: 0.0002  max mem: 34952
Epoch: [480]  [30/35]  eta: 0:00:07  lr: 0.000002  min_lr: 0.000002  loss: 18.8647 (18.0456)  weight_decay: 0.0500 (0.0500)  grad_norm: 103.2225 (112.4800)  time: 0.9165  data: 0.0002  max mem: 34952
Epoch: [480]  [34/35]  eta: 0:00:01  lr: 0.000002  min_lr: 0.000002  loss: 18.3830 (18.0879)  weight_decay: 0.0500 (0.0500)  grad_norm: 99.7747 (111.6478)  time: 0.9153  data: 0.0002  max mem: 34952
Epoch: [480] Total time: 0:00:51 (1.4674 s / it)
Averaged stats: lr: 0.000002  min_lr: 0.000002  loss: 18.3830 (17.7871)  weight_decay: 0.0500 (0.0500)  grad_norm: 99.7747 (111.6478)
Epoch: [481]  [ 0/35]  eta: 0:11:38  lr: 0.000002  min_lr: 0.000002  loss: 18.2649 (18.2649)  weight_decay: 0.0500 (0.0500)  grad_norm: 179.9503 (179.9503)  time: 19.9694  data: 12.8096  max mem: 34952
Epoch: [481]  [10/35]  eta: 0:01:06  lr: 0.000002  min_lr: 0.000002  loss: 17.8124 (17.6368)  weight_decay: 0.0500 (0.0500)  grad_norm: 92.5535 (101.2436)  time: 2.6535  data: 1.1647  max mem: 34952
Epoch: [481]  [20/35]  eta: 0:00:27  lr: 0.000002  min_lr: 0.000002  loss: 18.4125 (17.9804)  weight_decay: 0.0500 (0.0500)  grad_norm: 92.5535 (100.4015)  time: 0.9198  data: 0.0002  max mem: 34952
Epoch: [481]  [30/35]  eta: 0:00:07  lr: 0.000002  min_lr: 0.000002  loss: 18.4150 (18.2078)  weight_decay: 0.0500 (0.0500)  grad_norm: 101.3392 (101.9113)  time: 0.9183  data: 0.0001  max mem: 34952
Epoch: [481]  [34/35]  eta: 0:00:01  lr: 0.000002  min_lr: 0.000002  loss: 19.0920 (18.4578)  weight_decay: 0.0500 (0.0500)  grad_norm: 103.6599 (108.4201)  time: 0.9169  data: 0.0001  max mem: 34952
Epoch: [481] Total time: 0:00:51 (1.4851 s / it)
Averaged stats: lr: 0.000002  min_lr: 0.000002  loss: 19.0920 (17.7896)  weight_decay: 0.0500 (0.0500)  grad_norm: 103.6599 (108.4201)
Epoch: [482]  [ 0/35]  eta: 0:11:35  lr: 0.000002  min_lr: 0.000002  loss: 17.3872 (17.3872)  weight_decay: 0.0500 (0.0500)  grad_norm: 96.3969 (96.3969)  time: 19.8827  data: 11.6914  max mem: 34952
Epoch: [482]  [10/35]  eta: 0:01:06  lr: 0.000002  min_lr: 0.000002  loss: 16.2617 (16.6164)  weight_decay: 0.0500 (0.0500)  grad_norm: 100.5734 (103.5074)  time: 2.6625  data: 1.0630  max mem: 34952
Epoch: [482]  [20/35]  eta: 0:00:27  lr: 0.000002  min_lr: 0.000002  loss: 17.2569 (17.2546)  weight_decay: 0.0500 (0.0500)  grad_norm: 100.5734 (104.7863)  time: 0.9305  data: 0.0002  max mem: 34952
Epoch: [482]  [30/35]  eta: 0:00:07  lr: 0.000002  min_lr: 0.000002  loss: 18.7491 (17.7528)  weight_decay: 0.0500 (0.0500)  grad_norm: 97.5506 (101.3701)  time: 0.9189  data: 0.0002  max mem: 34952
Epoch: [482]  [34/35]  eta: 0:00:01  lr: 0.000002  min_lr: 0.000002  loss: 18.7134 (17.9356)  weight_decay: 0.0500 (0.0500)  grad_norm: 97.5506 (102.1692)  time: 0.9170  data: 0.0002  max mem: 34952
Epoch: [482] Total time: 0:00:52 (1.4875 s / it)
Averaged stats: lr: 0.000002  min_lr: 0.000002  loss: 18.7134 (17.7839)  weight_decay: 0.0500 (0.0500)  grad_norm: 97.5506 (102.1692)
Epoch: [483]  [ 0/35]  eta: 0:10:57  lr: 0.000002  min_lr: 0.000002  loss: 16.4535 (16.4535)  weight_decay: 0.0500 (0.0500)  grad_norm: 105.4843 (105.4843)  time: 18.7969  data: 14.8657  max mem: 34952
Epoch: [483]  [10/35]  eta: 0:01:05  lr: 0.000002  min_lr: 0.000002  loss: 16.3663 (16.5781)  weight_decay: 0.0500 (0.0500)  grad_norm: 105.4843 (111.4493)  time: 2.6236  data: 1.3516  max mem: 34952
Epoch: [483]  [20/35]  eta: 0:00:27  lr: 0.000001  min_lr: 0.000001  loss: 16.9837 (17.7753)  weight_decay: 0.0500 (0.0500)  grad_norm: 104.4610 (111.2247)  time: 1.0016  data: 0.0001  max mem: 34952
Epoch: [483]  [30/35]  eta: 0:00:07  lr: 0.000001  min_lr: 0.000001  loss: 17.9949 (17.5962)  weight_decay: 0.0500 (0.0500)  grad_norm: 98.3864 (107.7971)  time: 0.9952  data: 0.0001  max mem: 34952
Epoch: [483]  [34/35]  eta: 0:00:01  lr: 0.000001  min_lr: 0.000001  loss: 18.1605 (17.7025)  weight_decay: 0.0500 (0.0500)  grad_norm: 88.0587 (105.4770)  time: 1.0105  data: 0.0001  max mem: 34952
Epoch: [483] Total time: 0:00:53 (1.5377 s / it)
Averaged stats: lr: 0.000001  min_lr: 0.000001  loss: 18.1605 (17.7402)  weight_decay: 0.0500 (0.0500)  grad_norm: 88.0587 (105.4770)
Epoch: [484]  [ 0/35]  eta: 0:10:53  lr: 0.000001  min_lr: 0.000001  loss: 19.6806 (19.6806)  weight_decay: 0.0500 (0.0500)  grad_norm: 114.7003 (114.7003)  time: 18.6853  data: 14.2085  max mem: 34952
Epoch: [484]  [10/35]  eta: 0:01:03  lr: 0.000001  min_lr: 0.000001  loss: 19.0125 (18.2746)  weight_decay: 0.0500 (0.0500)  grad_norm: 107.1903 (105.2365)  time: 2.5381  data: 1.2918  max mem: 34952
Epoch: [484]  [20/35]  eta: 0:00:26  lr: 0.000001  min_lr: 0.000001  loss: 18.2003 (18.3909)  weight_decay: 0.0500 (0.0500)  grad_norm: 107.1903 (113.3516)  time: 0.9225  data: 0.0002  max mem: 34952
Epoch: [484]  [30/35]  eta: 0:00:07  lr: 0.000001  min_lr: 0.000001  loss: 18.4349 (18.1461)  weight_decay: 0.0500 (0.0500)  grad_norm: 97.2014 (104.9722)  time: 0.9190  data: 0.0001  max mem: 34952
Epoch: [484]  [34/35]  eta: 0:00:01  lr: 0.000001  min_lr: 0.000001  loss: 17.5876 (18.0108)  weight_decay: 0.0500 (0.0500)  grad_norm: 97.2014 (107.5843)  time: 0.9188  data: 0.0002  max mem: 34952
Epoch: [484] Total time: 0:00:50 (1.4490 s / it)
Averaged stats: lr: 0.000001  min_lr: 0.000001  loss: 17.5876 (17.7328)  weight_decay: 0.0500 (0.0500)  grad_norm: 97.2014 (107.5843)
Epoch: [485]  [ 0/35]  eta: 0:10:44  lr: 0.000001  min_lr: 0.000001  loss: 20.8986 (20.8986)  weight_decay: 0.0500 (0.0500)  grad_norm: 95.8848 (95.8848)  time: 18.4095  data: 15.7414  max mem: 34952
Epoch: [485]  [10/35]  eta: 0:01:04  lr: 0.000001  min_lr: 0.000001  loss: 17.0424 (17.0020)  weight_decay: 0.0500 (0.0500)  grad_norm: 114.7770 (117.8130)  time: 2.5911  data: 1.4312  max mem: 34952
Epoch: [485]  [20/35]  eta: 0:00:27  lr: 0.000001  min_lr: 0.000001  loss: 17.4543 (17.5254)  weight_decay: 0.0500 (0.0500)  grad_norm: 112.2521 (117.8727)  time: 0.9721  data: 0.0002  max mem: 34952
Epoch: [485]  [30/35]  eta: 0:00:07  lr: 0.000001  min_lr: 0.000001  loss: 17.8444 (17.5796)  weight_decay: 0.0500 (0.0500)  grad_norm: 101.0079 (113.5938)  time: 0.9288  data: 0.0001  max mem: 34952
Epoch: [485]  [34/35]  eta: 0:00:01  lr: 0.000001  min_lr: 0.000001  loss: 17.8444 (17.8592)  weight_decay: 0.0500 (0.0500)  grad_norm: 98.4382 (111.6396)  time: 0.9540  data: 0.0001  max mem: 34952
Epoch: [485] Total time: 0:00:52 (1.4906 s / it)
Averaged stats: lr: 0.000001  min_lr: 0.000001  loss: 17.8444 (17.8454)  weight_decay: 0.0500 (0.0500)  grad_norm: 98.4382 (111.6396)
Epoch: [486]  [ 0/35]  eta: 0:11:32  lr: 0.000001  min_lr: 0.000001  loss: 20.8093 (20.8093)  weight_decay: 0.0500 (0.0500)  grad_norm: 81.1526 (81.1526)  time: 19.7818  data: 15.0812  max mem: 34952
Epoch: [486]  [10/35]  eta: 0:01:06  lr: 0.000001  min_lr: 0.000001  loss: 17.1288 (17.3206)  weight_decay: 0.0500 (0.0500)  grad_norm: 86.7050 (89.9629)  time: 2.6424  data: 1.3712  max mem: 34952
Epoch: [486]  [20/35]  eta: 0:00:27  lr: 0.000001  min_lr: 0.000001  loss: 17.1288 (17.2418)  weight_decay: 0.0500 (0.0500)  grad_norm: 100.0015 (104.5135)  time: 0.9214  data: 0.0002  max mem: 34952
Epoch: [486]  [30/35]  eta: 0:00:07  lr: 0.000001  min_lr: 0.000001  loss: 16.8131 (17.1453)  weight_decay: 0.0500 (0.0500)  grad_norm: 114.0704 (102.5379)  time: 0.9132  data: 0.0002  max mem: 34952
Epoch: [486]  [34/35]  eta: 0:00:01  lr: 0.000001  min_lr: 0.000001  loss: 17.3700 (17.2895)  weight_decay: 0.0500 (0.0500)  grad_norm: 89.8229 (99.7169)  time: 0.9128  data: 0.0002  max mem: 34952
Epoch: [486] Total time: 0:00:51 (1.4795 s / it)
Averaged stats: lr: 0.000001  min_lr: 0.000001  loss: 17.3700 (17.6429)  weight_decay: 0.0500 (0.0500)  grad_norm: 89.8229 (99.7169)
Epoch: [487]  [ 0/35]  eta: 0:11:33  lr: 0.000001  min_lr: 0.000001  loss: 20.4485 (20.4485)  weight_decay: 0.0500 (0.0500)  grad_norm: 52.4191 (52.4191)  time: 19.8252  data: 14.1415  max mem: 34952
Epoch: [487]  [10/35]  eta: 0:01:06  lr: 0.000001  min_lr: 0.000001  loss: 18.3193 (18.0004)  weight_decay: 0.0500 (0.0500)  grad_norm: 88.6382 (88.3653)  time: 2.6607  data: 1.2857  max mem: 34952
Epoch: [487]  [20/35]  eta: 0:00:27  lr: 0.000001  min_lr: 0.000001  loss: 18.0681 (18.0745)  weight_decay: 0.0500 (0.0500)  grad_norm: 105.7923 (98.9475)  time: 0.9287  data: 0.0001  max mem: 34952
Epoch: [487]  [30/35]  eta: 0:00:07  lr: 0.000001  min_lr: 0.000001  loss: 16.9068 (17.9476)  weight_decay: 0.0500 (0.0500)  grad_norm: 106.7907 (101.7790)  time: 0.9111  data: 0.0001  max mem: 34952
Epoch: [487]  [34/35]  eta: 0:00:01  lr: 0.000001  min_lr: 0.000001  loss: 16.4704 (18.1172)  weight_decay: 0.0500 (0.0500)  grad_norm: 106.7907 (103.2861)  time: 0.9102  data: 0.0001  max mem: 34952
Epoch: [487] Total time: 0:00:51 (1.4821 s / it)
Averaged stats: lr: 0.000001  min_lr: 0.000001  loss: 16.4704 (17.8373)  weight_decay: 0.0500 (0.0500)  grad_norm: 106.7907 (103.2861)
Epoch: [488]  [ 0/35]  eta: 0:11:28  lr: 0.000001  min_lr: 0.000001  loss: 22.8218 (22.8218)  weight_decay: 0.0500 (0.0500)  grad_norm: 201.4371 (201.4371)  time: 19.6826  data: 16.0202  max mem: 34952
Epoch: [488]  [10/35]  eta: 0:01:05  lr: 0.000001  min_lr: 0.000001  loss: 16.0922 (16.8665)  weight_decay: 0.0500 (0.0500)  grad_norm: 109.5678 (123.0953)  time: 2.6206  data: 1.4566  max mem: 34952
Epoch: [488]  [20/35]  eta: 0:00:27  lr: 0.000001  min_lr: 0.000001  loss: 16.2638 (17.3016)  weight_decay: 0.0500 (0.0500)  grad_norm: 105.6158 (113.1208)  time: 0.9109  data: 0.0002  max mem: 34952
Epoch: [488]  [30/35]  eta: 0:00:07  lr: 0.000001  min_lr: 0.000001  loss: 17.1112 (17.4629)  weight_decay: 0.0500 (0.0500)  grad_norm: 96.3050 (110.3612)  time: 0.9077  data: 0.0001  max mem: 34952
Epoch: [488]  [34/35]  eta: 0:00:01  lr: 0.000001  min_lr: 0.000001  loss: 17.4509 (17.7059)  weight_decay: 0.0500 (0.0500)  grad_norm: 97.3061 (111.0381)  time: 0.9080  data: 0.0001  max mem: 34952
Epoch: [488] Total time: 0:00:51 (1.4702 s / it)
Averaged stats: lr: 0.000001  min_lr: 0.000001  loss: 17.4509 (17.8527)  weight_decay: 0.0500 (0.0500)  grad_norm: 97.3061 (111.0381)
Epoch: [489]  [ 0/35]  eta: 0:11:33  lr: 0.000001  min_lr: 0.000001  loss: 20.8305 (20.8305)  weight_decay: 0.0500 (0.0500)  grad_norm: 90.0237 (90.0237)  time: 19.8045  data: 15.0218  max mem: 34952
Epoch: [489]  [10/35]  eta: 0:01:06  lr: 0.000001  min_lr: 0.000001  loss: 16.7669 (17.4180)  weight_decay: 0.0500 (0.0500)  grad_norm: 120.0478 (116.9958)  time: 2.6630  data: 1.3657  max mem: 34952
Epoch: [489]  [20/35]  eta: 0:00:27  lr: 0.000001  min_lr: 0.000001  loss: 18.8457 (18.3856)  weight_decay: 0.0500 (0.0500)  grad_norm: 120.0478 (116.6218)  time: 0.9259  data: 0.0001  max mem: 34952
Epoch: [489]  [30/35]  eta: 0:00:07  lr: 0.000001  min_lr: 0.000001  loss: 17.1821 (17.8850)  weight_decay: 0.0500 (0.0500)  grad_norm: 107.8841 (110.0722)  time: 0.9037  data: 0.0001  max mem: 34952
Epoch: [489]  [34/35]  eta: 0:00:01  lr: 0.000001  min_lr: 0.000001  loss: 16.7833 (18.1673)  weight_decay: 0.0500 (0.0500)  grad_norm: 89.6862 (105.9953)  time: 0.9033  data: 0.0001  max mem: 34952
Epoch: [489] Total time: 0:00:51 (1.4800 s / it)
Averaged stats: lr: 0.000001  min_lr: 0.000001  loss: 16.7833 (17.6962)  weight_decay: 0.0500 (0.0500)  grad_norm: 89.6862 (105.9953)
Epoch: [490]  [ 0/35]  eta: 0:11:01  lr: 0.000001  min_lr: 0.000001  loss: 18.9586 (18.9586)  weight_decay: 0.0500 (0.0500)  grad_norm: 112.7460 (112.7460)  time: 18.9030  data: 15.6450  max mem: 34952
Epoch: [490]  [10/35]  eta: 0:01:04  lr: 0.000001  min_lr: 0.000001  loss: 18.5732 (18.1120)  weight_decay: 0.0500 (0.0500)  grad_norm: 103.2073 (100.5645)  time: 2.5625  data: 1.4224  max mem: 34952
Epoch: [490]  [20/35]  eta: 0:00:27  lr: 0.000000  min_lr: 0.000000  loss: 17.8525 (18.1175)  weight_decay: 0.0500 (0.0500)  grad_norm: 103.2073 (106.3369)  time: 0.9560  data: 0.0002  max mem: 34952
Epoch: [490]  [30/35]  eta: 0:00:07  lr: 0.000000  min_lr: 0.000000  loss: 17.0958 (18.0040)  weight_decay: 0.0500 (0.0500)  grad_norm: 95.8078 (104.1459)  time: 0.9883  data: 0.0001  max mem: 34952
Epoch: [490]  [34/35]  eta: 0:00:01  lr: 0.000000  min_lr: 0.000000  loss: 17.8525 (18.1964)  weight_decay: 0.0500 (0.0500)  grad_norm: 86.8413 (103.7140)  time: 0.9915  data: 0.0001  max mem: 34952
Epoch: [490] Total time: 0:00:52 (1.4990 s / it)
Averaged stats: lr: 0.000000  min_lr: 0.000000  loss: 17.8525 (17.9876)  weight_decay: 0.0500 (0.0500)  grad_norm: 86.8413 (103.7140)
Epoch: [491]  [ 0/35]  eta: 0:10:58  lr: 0.000000  min_lr: 0.000000  loss: 16.9765 (16.9765)  weight_decay: 0.0500 (0.0500)  grad_norm: 80.2759 (80.2759)  time: 18.8199  data: 13.6893  max mem: 34952
Epoch: [491]  [10/35]  eta: 0:01:06  lr: 0.000000  min_lr: 0.000000  loss: 17.7957 (17.5041)  weight_decay: 0.0500 (0.0500)  grad_norm: 110.2396 (109.3690)  time: 2.6457  data: 1.2446  max mem: 34952
Epoch: [491]  [20/35]  eta: 0:00:27  lr: 0.000000  min_lr: 0.000000  loss: 18.2061 (18.1947)  weight_decay: 0.0500 (0.0500)  grad_norm: 110.2396 (111.5098)  time: 0.9905  data: 0.0002  max mem: 34952
Epoch: [491]  [30/35]  eta: 0:00:07  lr: 0.000000  min_lr: 0.000000  loss: 17.9985 (17.9000)  weight_decay: 0.0500 (0.0500)  grad_norm: 98.0723 (106.0161)  time: 0.9342  data: 0.0002  max mem: 34952
Epoch: [491]  [34/35]  eta: 0:00:01  lr: 0.000000  min_lr: 0.000000  loss: 17.3631 (17.9271)  weight_decay: 0.0500 (0.0500)  grad_norm: 90.3951 (103.3111)  time: 0.9434  data: 0.0002  max mem: 34952
Epoch: [491] Total time: 0:00:52 (1.5044 s / it)
Averaged stats: lr: 0.000000  min_lr: 0.000000  loss: 17.3631 (17.9050)  weight_decay: 0.0500 (0.0500)  grad_norm: 90.3951 (103.3111)
Epoch: [492]  [ 0/35]  eta: 0:11:37  lr: 0.000000  min_lr: 0.000000  loss: 19.4216 (19.4216)  weight_decay: 0.0500 (0.0500)  grad_norm: 83.9648 (83.9648)  time: 19.9418  data: 13.8780  max mem: 34952
Epoch: [492]  [10/35]  eta: 0:01:06  lr: 0.000000  min_lr: 0.000000  loss: 17.9955 (17.5073)  weight_decay: 0.0500 (0.0500)  grad_norm: 103.4322 (106.5179)  time: 2.6745  data: 1.2618  max mem: 34952
Epoch: [492]  [20/35]  eta: 0:00:27  lr: 0.000000  min_lr: 0.000000  loss: 17.9955 (17.9489)  weight_decay: 0.0500 (0.0500)  grad_norm: 103.4322 (108.6998)  time: 0.9320  data: 0.0001  max mem: 34952
Epoch: [492]  [30/35]  eta: 0:00:07  lr: 0.000000  min_lr: 0.000000  loss: 18.1564 (17.9566)  weight_decay: 0.0500 (0.0500)  grad_norm: 92.5931 (107.4245)  time: 0.9105  data: 0.0001  max mem: 34952
Epoch: [492]  [34/35]  eta: 0:00:01  lr: 0.000000  min_lr: 0.000000  loss: 18.1564 (18.0246)  weight_decay: 0.0500 (0.0500)  grad_norm: 91.2535 (104.9353)  time: 0.9072  data: 0.0001  max mem: 34952
Epoch: [492] Total time: 0:00:52 (1.4882 s / it)
Averaged stats: lr: 0.000000  min_lr: 0.000000  loss: 18.1564 (17.8754)  weight_decay: 0.0500 (0.0500)  grad_norm: 91.2535 (104.9353)
Epoch: [493]  [ 0/35]  eta: 0:11:11  lr: 0.000000  min_lr: 0.000000  loss: 19.2176 (19.2176)  weight_decay: 0.0500 (0.0500)  grad_norm: 205.6288 (205.6288)  time: 19.1888  data: 15.3575  max mem: 34952
Epoch: [493]  [10/35]  eta: 0:01:04  lr: 0.000000  min_lr: 0.000000  loss: 18.3623 (17.4078)  weight_decay: 0.0500 (0.0500)  grad_norm: 122.1416 (129.8468)  time: 2.5798  data: 1.3963  max mem: 34952
Epoch: [493]  [20/35]  eta: 0:00:27  lr: 0.000000  min_lr: 0.000000  loss: 17.8029 (18.2835)  weight_decay: 0.0500 (0.0500)  grad_norm: 116.8416 (117.1657)  time: 0.9700  data: 0.0002  max mem: 34952
Epoch: [493]  [30/35]  eta: 0:00:07  lr: 0.000000  min_lr: 0.000000  loss: 17.6293 (17.9890)  weight_decay: 0.0500 (0.0500)  grad_norm: 100.2128 (112.7247)  time: 1.0373  data: 0.0002  max mem: 34952
Epoch: [493]  [34/35]  eta: 0:00:01  lr: 0.000000  min_lr: 0.000000  loss: 17.6293 (17.8951)  weight_decay: 0.0500 (0.0500)  grad_norm: 97.3477 (110.7018)  time: 1.0119  data: 0.0002  max mem: 34952
Epoch: [493] Total time: 0:00:53 (1.5335 s / it)
Averaged stats: lr: 0.000000  min_lr: 0.000000  loss: 17.6293 (17.8803)  weight_decay: 0.0500 (0.0500)  grad_norm: 97.3477 (110.7018)
Epoch: [494]  [ 0/35]  eta: 0:11:01  lr: 0.000000  min_lr: 0.000000  loss: 17.6200 (17.6200)  weight_decay: 0.0500 (0.0500)  grad_norm: 71.9732 (71.9732)  time: 18.9135  data: 14.7997  max mem: 34952
Epoch: [494]  [10/35]  eta: 0:01:05  lr: 0.000000  min_lr: 0.000000  loss: 16.5352 (16.9709)  weight_decay: 0.0500 (0.0500)  grad_norm: 98.6623 (100.6894)  time: 2.6335  data: 1.3455  max mem: 34952
Epoch: [494]  [20/35]  eta: 0:00:27  lr: 0.000000  min_lr: 0.000000  loss: 17.5988 (17.6024)  weight_decay: 0.0500 (0.0500)  grad_norm: 98.6623 (101.9042)  time: 0.9639  data: 0.0001  max mem: 34952
Epoch: [494]  [30/35]  eta: 0:00:07  lr: 0.000000  min_lr: 0.000000  loss: 17.9585 (17.7006)  weight_decay: 0.0500 (0.0500)  grad_norm: 108.0158 (102.6510)  time: 0.9164  data: 0.0001  max mem: 34952
Epoch: [494]  [34/35]  eta: 0:00:01  lr: 0.000000  min_lr: 0.000000  loss: 17.5988 (17.8570)  weight_decay: 0.0500 (0.0500)  grad_norm: 108.0510 (103.9916)  time: 0.9117  data: 0.0001  max mem: 34952
Epoch: [494] Total time: 0:00:51 (1.4776 s / it)
Averaged stats: lr: 0.000000  min_lr: 0.000000  loss: 17.5988 (17.6280)  weight_decay: 0.0500 (0.0500)  grad_norm: 108.0510 (103.9916)
Epoch: [495]  [ 0/35]  eta: 0:10:55  lr: 0.000000  min_lr: 0.000000  loss: 20.2789 (20.2789)  weight_decay: 0.0500 (0.0500)  grad_norm: 122.5901 (122.5901)  time: 18.7195  data: 15.5888  max mem: 34952
Epoch: [495]  [10/35]  eta: 0:01:03  lr: 0.000000  min_lr: 0.000000  loss: 19.4901 (18.3688)  weight_decay: 0.0500 (0.0500)  grad_norm: 109.7345 (106.9528)  time: 2.5346  data: 1.4173  max mem: 34952
Epoch: [495]  [20/35]  eta: 0:00:26  lr: 0.000000  min_lr: 0.000000  loss: 17.1010 (17.9106)  weight_decay: 0.0500 (0.0500)  grad_norm: 109.7345 (112.0874)  time: 0.9130  data: 0.0001  max mem: 34952
Epoch: [495]  [30/35]  eta: 0:00:07  lr: 0.000000  min_lr: 0.000000  loss: 17.6289 (18.2038)  weight_decay: 0.0500 (0.0500)  grad_norm: 106.5854 (110.5122)  time: 0.9072  data: 0.0001  max mem: 34952
Epoch: [495]  [34/35]  eta: 0:00:01  lr: 0.000000  min_lr: 0.000000  loss: 18.1152 (18.0744)  weight_decay: 0.0500 (0.0500)  grad_norm: 99.6315 (107.2604)  time: 0.9051  data: 0.0001  max mem: 34952
Epoch: [495] Total time: 0:00:50 (1.4402 s / it)
Averaged stats: lr: 0.000000  min_lr: 0.000000  loss: 18.1152 (17.5622)  weight_decay: 0.0500 (0.0500)  grad_norm: 99.6315 (107.2604)
Epoch: [496]  [ 0/35]  eta: 0:10:50  lr: 0.000000  min_lr: 0.000000  loss: 19.2599 (19.2599)  weight_decay: 0.0500 (0.0500)  grad_norm: 98.0389 (98.0389)  time: 18.5979  data: 15.9788  max mem: 34952
Epoch: [496]  [10/35]  eta: 0:01:04  lr: 0.000000  min_lr: 0.000000  loss: 16.3228 (17.0734)  weight_decay: 0.0500 (0.0500)  grad_norm: 98.0389 (99.5017)  time: 2.5802  data: 1.4528  max mem: 34952
Epoch: [496]  [20/35]  eta: 0:00:26  lr: 0.000000  min_lr: 0.000000  loss: 17.3505 (17.6941)  weight_decay: 0.0500 (0.0500)  grad_norm: 92.3304 (103.8731)  time: 0.9416  data: 0.0001  max mem: 34952
Epoch: [496]  [30/35]  eta: 0:00:07  lr: 0.000000  min_lr: 0.000000  loss: 18.0115 (17.8959)  weight_decay: 0.0500 (0.0500)  grad_norm: 80.8139 (96.2399)  time: 0.9055  data: 0.0001  max mem: 34952
Epoch: [496]  [34/35]  eta: 0:00:01  lr: 0.000000  min_lr: 0.000000  loss: 18.0115 (18.1294)  weight_decay: 0.0500 (0.0500)  grad_norm: 80.8139 (95.9675)  time: 0.9044  data: 0.0001  max mem: 34952
Epoch: [496] Total time: 0:00:50 (1.4544 s / it)
Averaged stats: lr: 0.000000  min_lr: 0.000000  loss: 18.0115 (18.0282)  weight_decay: 0.0500 (0.0500)  grad_norm: 80.8139 (95.9675)
Epoch: [497]  [ 0/35]  eta: 0:10:29  lr: 0.000000  min_lr: 0.000000  loss: 21.8174 (21.8174)  weight_decay: 0.0500 (0.0500)  grad_norm: 91.5207 (91.5207)  time: 17.9833  data: 13.6322  max mem: 34952
Epoch: [497]  [10/35]  eta: 0:01:04  lr: 0.000000  min_lr: 0.000000  loss: 17.6889 (18.4780)  weight_decay: 0.0500 (0.0500)  grad_norm: 82.2383 (90.9188)  time: 2.5621  data: 1.2394  max mem: 34952
Epoch: [497]  [20/35]  eta: 0:00:26  lr: 0.000000  min_lr: 0.000000  loss: 17.5300 (18.4404)  weight_decay: 0.0500 (0.0500)  grad_norm: 87.8249 (94.6765)  time: 0.9700  data: 0.0001  max mem: 34952
Epoch: [497]  [30/35]  eta: 0:00:07  lr: 0.000000  min_lr: 0.000000  loss: 17.5300 (18.2221)  weight_decay: 0.0500 (0.0500)  grad_norm: 90.5015 (97.1315)  time: 0.9133  data: 0.0001  max mem: 34952
Epoch: [497]  [34/35]  eta: 0:00:01  lr: 0.000000  min_lr: 0.000000  loss: 17.7098 (18.3258)  weight_decay: 0.0500 (0.0500)  grad_norm: 102.9763 (98.2846)  time: 0.9060  data: 0.0001  max mem: 34952
Epoch: [497] Total time: 0:00:50 (1.4529 s / it)
Averaged stats: lr: 0.000000  min_lr: 0.000000  loss: 17.7098 (17.7191)  weight_decay: 0.0500 (0.0500)  grad_norm: 102.9763 (98.2846)
Epoch: [498]  [ 0/35]  eta: 0:11:23  lr: 0.000000  min_lr: 0.000000  loss: 18.7683 (18.7683)  weight_decay: 0.0500 (0.0500)  grad_norm: 124.9872 (124.9872)  time: 19.5154  data: 16.8755  max mem: 34952
Epoch: [498]  [10/35]  eta: 0:01:05  lr: 0.000000  min_lr: 0.000000  loss: 18.0703 (17.5113)  weight_decay: 0.0500 (0.0500)  grad_norm: 96.3742 (98.9139)  time: 2.6072  data: 1.5343  max mem: 34952
Epoch: [498]  [20/35]  eta: 0:00:27  lr: 0.000000  min_lr: 0.000000  loss: 17.6419 (17.6344)  weight_decay: 0.0500 (0.0500)  grad_norm: 96.3742 (102.8552)  time: 0.9235  data: 0.0001  max mem: 34952
Epoch: [498]  [30/35]  eta: 0:00:07  lr: 0.000000  min_lr: 0.000000  loss: 17.4132 (17.2545)  weight_decay: 0.0500 (0.0500)  grad_norm: 106.6856 (106.0565)  time: 0.9217  data: 0.0001  max mem: 34952
Epoch: [498]  [34/35]  eta: 0:00:01  lr: 0.000000  min_lr: 0.000000  loss: 18.5543 (17.6374)  weight_decay: 0.0500 (0.0500)  grad_norm: 91.1321 (102.5529)  time: 0.9152  data: 0.0001  max mem: 34952
Epoch: [498] Total time: 0:00:51 (1.4709 s / it)
Averaged stats: lr: 0.000000  min_lr: 0.000000  loss: 18.5543 (18.0275)  weight_decay: 0.0500 (0.0500)  grad_norm: 91.1321 (102.5529)
Epoch: [499]  [ 0/35]  eta: 0:10:39  lr: 0.000000  min_lr: 0.000000  loss: 16.2167 (16.2167)  weight_decay: 0.0500 (0.0500)  grad_norm: 128.6971 (128.6971)  time: 18.2821  data: 11.8943  max mem: 34952
Epoch: [499]  [10/35]  eta: 0:01:04  lr: 0.000000  min_lr: 0.000000  loss: 17.2679 (16.8755)  weight_decay: 0.0500 (0.0500)  grad_norm: 106.2981 (101.7860)  time: 2.5954  data: 1.0814  max mem: 34952
Epoch: [499]  [20/35]  eta: 0:00:26  lr: 0.000000  min_lr: 0.000000  loss: 17.5340 (17.7158)  weight_decay: 0.0500 (0.0500)  grad_norm: 100.0049 (99.6559)  time: 0.9691  data: 0.0001  max mem: 34952
Epoch: [499]  [30/35]  eta: 0:00:07  lr: 0.000000  min_lr: 0.000000  loss: 17.5340 (17.4497)  weight_decay: 0.0500 (0.0500)  grad_norm: 92.7953 (96.0156)  time: 0.9098  data: 0.0001  max mem: 34952
Epoch: [499]  [34/35]  eta: 0:00:01  lr: 0.000000  min_lr: 0.000000  loss: 17.8215 (17.6366)  weight_decay: 0.0500 (0.0500)  grad_norm: 81.0498 (95.0773)  time: 0.9071  data: 0.0001  max mem: 34952
Epoch: [499] Total time: 0:00:51 (1.4612 s / it)
Averaged stats: lr: 0.000000  min_lr: 0.000000  loss: 17.8215 (17.7927)  weight_decay: 0.0500 (0.0500)  grad_norm: 81.0498 (95.0773)
[Eval]   [0/1]  eta: 0:00:04  loss: 53.0075 (53.0075)  time: 4.3058  data: 4.1986  max mem: 34952
[Eval]  Total time: 0:00:04 (4.5640 s / it)
Eval averaged stats: loss: 53.0075 (64.5874)
Training time 7:24:16
