job is starting on gpuc05.delta.ncsa.illinois.edu
| distributed init (rank 0): env://, gpu 0
| distributed init (rank 7): env://, gpu 7
| distributed init (rank 4): env://, gpu 4
| distributed init (rank 6): env://, gpu 6
| distributed init (rank 2): env://, gpu 2
| distributed init (rank 1): env://, gpu 1
| distributed init (rank 5): env://, gpu 5
| distributed init (rank 3): env://, gpu 3
dataset_train size = 40780
dataset_val size = 416
Namespace(run_name='model/finetune/S_MAE_rgb-depth-caption', batch_size=32, full_img_size=673, eff_img_size=447, target_size=224, mask_proportion=0.6, patch_size=None, epochs=100, accum_iter=1, save_ckpt_freq=25, model='sarformer_s', dtype='bf16', cond_domains=['rgb', 'depth', 'caption'], loss_type='mse', distance_type='euclidean', objective='lpl', crop_std=1000.0, hflip=0.0, vflip=0.0, finetune='/scratch/bdej/cohanlon/checkpoints/sarformer/model/pretrain/S_MAE_rgb-depth-caption/checkpoint-final.pth', opt='adamw', opt_eps=1e-08, opt_betas=[0.9, 0.99], compute_grad_norm=True, clip_grad=None, skip_grad=None, momentum=0.9, weight_decay=0.05, weight_decay_end=None, blr=0.0001, min_blr=0.0, lr_and_wd_scheduler='cosine', warmup_epochs=10, cooldown_epochs=10, eval_data_path='/scratch/bdej/cohanlon/data/eval', num_eval_metrics_samples=416, num_logged_images=9, eval_batch_size=None, eval_freq=10, eval_metric_freq=10, eval_image_log_freq=10, dist_eval=True, eval_only=False, output_dir='/scratch/bdej/cohanlon/checkpoints/sarformer/model/finetune/S_MAE_rgb-depth-caption', device='cuda', seed=0, start_epoch=0, num_workers=110, pin_mem=True, show_user_warnings=False, log_wandb=True, wandb_project='model', wandb_entity='sarformer', wandb_run_name='finetune/S_MAE_rgb-depth-caption', dist_url='env://', print_all=False, warmup_lr=1e-06, min_lr=0.0, eval_metrics_freq=25, data_path='/scratch/bdej/cohanlon/data/train', config_path='cfgs/sarformer/model/finetune/S_MAE_rgb-depth-caption.yaml', rank=0, world_size=8, gpu=0, distributed=True, dist_backend='nccl', all_domains=['rgb', 'depth', 'caption', 'target_distribution'], is_pretraining=False)
Creating model: sarformer_s conditioned on ['rgb', 'depth', 'caption']
_IncompatibleKeys(missing_keys=['backbone.out_proj.weight', 'backbone.out_proj.bias'], unexpected_keys=[])
Model = SARFormer(
  (seq_encoder): T5EncoderModel(
    (shared): Embedding(32128, 512)
    (encoder): T5Stack(
      (embed_tokens): Embedding(32128, 512)
      (block): ModuleList(
        (0): T5Block(
          (layer): ModuleList(
            (0): T5LayerSelfAttention(
              (SelfAttention): T5Attention(
                (q): Linear(in_features=512, out_features=384, bias=False)
                (k): Linear(in_features=512, out_features=384, bias=False)
                (v): Linear(in_features=512, out_features=384, bias=False)
                (o): Linear(in_features=384, out_features=512, bias=False)
                (relative_attention_bias): Embedding(32, 6)
              )
              (layer_norm): T5LayerNorm()
              (dropout): Dropout(p=0.1, inplace=False)
            )
            (1): T5LayerFF(
              (DenseReluDense): T5DenseGatedActDense(
                (wi_0): Linear(in_features=512, out_features=1024, bias=False)
                (wi_1): Linear(in_features=512, out_features=1024, bias=False)
                (wo): Linear(in_features=1024, out_features=512, bias=False)
                (dropout): Dropout(p=0.1, inplace=False)
                (act): NewGELUActivation()
              )
              (layer_norm): T5LayerNorm()
              (dropout): Dropout(p=0.1, inplace=False)
            )
          )
        )
        (1-7): 7 x T5Block(
          (layer): ModuleList(
            (0): T5LayerSelfAttention(
              (SelfAttention): T5Attention(
                (q): Linear(in_features=512, out_features=384, bias=False)
                (k): Linear(in_features=512, out_features=384, bias=False)
                (v): Linear(in_features=512, out_features=384, bias=False)
                (o): Linear(in_features=384, out_features=512, bias=False)
              )
              (layer_norm): T5LayerNorm()
              (dropout): Dropout(p=0.1, inplace=False)
            )
            (1): T5LayerFF(
              (DenseReluDense): T5DenseGatedActDense(
                (wi_0): Linear(in_features=512, out_features=1024, bias=False)
                (wi_1): Linear(in_features=512, out_features=1024, bias=False)
                (wo): Linear(in_features=1024, out_features=512, bias=False)
                (dropout): Dropout(p=0.1, inplace=False)
                (act): NewGELUActivation()
              )
              (layer_norm): T5LayerNorm()
              (dropout): Dropout(p=0.1, inplace=False)
            )
          )
        )
      )
      (final_layer_norm): T5LayerNorm()
      (dropout): Dropout(p=0.1, inplace=False)
    )
  )
  (backbone): PatchedConvNeXtUNet(
    (in_proj): Linear(in_features=64, out_features=64, bias=True)
    (down_blocks): ModuleList(
      (0): ConditionedSequential(
        (0): ConvNeXtV2Block(
          (skip_proj): Identity()
          (dwconv): Conv2d(64, 64, kernel_size=(7, 7), stride=(1, 1), padding=(3, 3), groups=64)
          (norm): LayerNorm((64,), eps=1e-06, elementwise_affine=True)
          (pwconv1): Linear(in_features=64, out_features=256, bias=True)
          (act): SiLU()
          (grn): GRN()
          (pwconv2): Linear(in_features=256, out_features=64, bias=True)
          (drop_path): Identity()
        )
        (1): ConvNeXtV2Block(
          (skip_proj): Identity()
          (dwconv): Conv2d(64, 64, kernel_size=(7, 7), stride=(1, 1), padding=(3, 3), groups=64)
          (norm): LayerNorm((64,), eps=1e-06, elementwise_affine=True)
          (pwconv1): Linear(in_features=64, out_features=256, bias=True)
          (act): SiLU()
          (grn): GRN()
          (pwconv2): Linear(in_features=256, out_features=64, bias=True)
          (drop_path): Identity()
        )
        (2): ConvNeXtV2Block(
          (skip_proj): Identity()
          (dwconv): Conv2d(64, 64, kernel_size=(7, 7), stride=(1, 1), padding=(3, 3), groups=64)
          (norm): LayerNorm((64,), eps=1e-06, elementwise_affine=True)
          (pwconv1): Linear(in_features=64, out_features=256, bias=True)
          (act): SiLU()
          (grn): GRN()
          (pwconv2): Linear(in_features=256, out_features=64, bias=True)
          (drop_path): Identity()
        )
        (3): ConvNeXtV2Block(
          (skip_proj): Identity()
          (dwconv): Conv2d(64, 64, kernel_size=(7, 7), stride=(1, 1), padding=(3, 3), groups=64)
          (norm): LayerNorm((64,), eps=1e-06, elementwise_affine=True)
          (pwconv1): Linear(in_features=64, out_features=256, bias=True)
          (act): SiLU()
          (grn): GRN()
          (pwconv2): Linear(in_features=256, out_features=64, bias=True)
          (drop_path): Identity()
        )
        (4): ConvNeXtV2Block(
          (skip_proj): Linear(in_features=64, out_features=128, bias=True)
          (dwconv): Conv2d(64, 64, kernel_size=(7, 7), stride=(1, 1), padding=(3, 3), groups=64)
          (norm): LayerNorm((64,), eps=1e-06, elementwise_affine=True)
          (pwconv1): Linear(in_features=64, out_features=256, bias=True)
          (act): SiLU()
          (grn): GRN()
          (pwconv2): Linear(in_features=256, out_features=128, bias=True)
          (drop_path): Identity()
        )
        (5): NormCrossAttentionBlock(
          (q): Linear(in_features=128, out_features=128, bias=True)
          (kv): Linear(in_features=512, out_features=256, bias=True)
          (attn_drop): Dropout(p=0.0, inplace=False)
          (proj): Linear(in_features=128, out_features=128, bias=True)
          (proj_drop): Dropout(p=0.0, inplace=False)
          (q_norm): LayerNorm((16,), eps=1e-05, elementwise_affine=True)
          (k_norm): LayerNorm((16,), eps=1e-05, elementwise_affine=True)
        )
      )
      (1): ConditionedSequential(
        (0): Downsample(
          scale_factor=0.5
          (pool): AvgPool2d(kernel_size=2, stride=2, padding=0)
        )
        (1): ConvNeXtV2Block(
          (skip_proj): Identity()
          (dwconv): Conv2d(128, 128, kernel_size=(7, 7), stride=(1, 1), padding=(3, 3), groups=128)
          (norm): LayerNorm((128,), eps=1e-06, elementwise_affine=True)
          (pwconv1): Linear(in_features=128, out_features=512, bias=True)
          (act): SiLU()
          (grn): GRN()
          (pwconv2): Linear(in_features=512, out_features=128, bias=True)
          (drop_path): Identity()
        )
        (2): ConvNeXtV2Block(
          (skip_proj): Identity()
          (dwconv): Conv2d(128, 128, kernel_size=(7, 7), stride=(1, 1), padding=(3, 3), groups=128)
          (norm): LayerNorm((128,), eps=1e-06, elementwise_affine=True)
          (pwconv1): Linear(in_features=128, out_features=512, bias=True)
          (act): SiLU()
          (grn): GRN()
          (pwconv2): Linear(in_features=512, out_features=128, bias=True)
          (drop_path): Identity()
        )
        (3): ConvNeXtV2Block(
          (skip_proj): Identity()
          (dwconv): Conv2d(128, 128, kernel_size=(7, 7), stride=(1, 1), padding=(3, 3), groups=128)
          (norm): LayerNorm((128,), eps=1e-06, elementwise_affine=True)
          (pwconv1): Linear(in_features=128, out_features=512, bias=True)
          (act): SiLU()
          (grn): GRN()
          (pwconv2): Linear(in_features=512, out_features=128, bias=True)
          (drop_path): Identity()
        )
        (4): ConvNeXtV2Block(
          (skip_proj): Identity()
          (dwconv): Conv2d(128, 128, kernel_size=(7, 7), stride=(1, 1), padding=(3, 3), groups=128)
          (norm): LayerNorm((128,), eps=1e-06, elementwise_affine=True)
          (pwconv1): Linear(in_features=128, out_features=512, bias=True)
          (act): SiLU()
          (grn): GRN()
          (pwconv2): Linear(in_features=512, out_features=128, bias=True)
          (drop_path): Identity()
        )
        (5): ConvNeXtV2Block(
          (skip_proj): Linear(in_features=128, out_features=256, bias=True)
          (dwconv): Conv2d(128, 128, kernel_size=(7, 7), stride=(1, 1), padding=(3, 3), groups=128)
          (norm): LayerNorm((128,), eps=1e-06, elementwise_affine=True)
          (pwconv1): Linear(in_features=128, out_features=512, bias=True)
          (act): SiLU()
          (grn): GRN()
          (pwconv2): Linear(in_features=512, out_features=256, bias=True)
          (drop_path): Identity()
        )
        (6): NormCrossAttentionBlock(
          (q): Linear(in_features=256, out_features=256, bias=True)
          (kv): Linear(in_features=512, out_features=512, bias=True)
          (attn_drop): Dropout(p=0.0, inplace=False)
          (proj): Linear(in_features=256, out_features=256, bias=True)
          (proj_drop): Dropout(p=0.0, inplace=False)
          (q_norm): LayerNorm((32,), eps=1e-05, elementwise_affine=True)
          (k_norm): LayerNorm((32,), eps=1e-05, elementwise_affine=True)
        )
      )
      (2): ConditionedSequential(
        (0): Downsample(
          scale_factor=0.5
          (pool): AvgPool2d(kernel_size=2, stride=2, padding=0)
        )
        (1): ConvNeXtV2Block(
          (skip_proj): Identity()
          (dwconv): Conv2d(256, 256, kernel_size=(7, 7), stride=(1, 1), padding=(3, 3), groups=256)
          (norm): LayerNorm((256,), eps=1e-06, elementwise_affine=True)
          (pwconv1): Linear(in_features=256, out_features=1024, bias=True)
          (act): SiLU()
          (grn): GRN()
          (pwconv2): Linear(in_features=1024, out_features=256, bias=True)
          (drop_path): Identity()
        )
        (2): ConvNeXtV2Block(
          (skip_proj): Identity()
          (dwconv): Conv2d(256, 256, kernel_size=(7, 7), stride=(1, 1), padding=(3, 3), groups=256)
          (norm): LayerNorm((256,), eps=1e-06, elementwise_affine=True)
          (pwconv1): Linear(in_features=256, out_features=1024, bias=True)
          (act): SiLU()
          (grn): GRN()
          (pwconv2): Linear(in_features=1024, out_features=256, bias=True)
          (drop_path): Identity()
        )
        (3): ConvNeXtV2Block(
          (skip_proj): Identity()
          (dwconv): Conv2d(256, 256, kernel_size=(7, 7), stride=(1, 1), padding=(3, 3), groups=256)
          (norm): LayerNorm((256,), eps=1e-06, elementwise_affine=True)
          (pwconv1): Linear(in_features=256, out_features=1024, bias=True)
          (act): SiLU()
          (grn): GRN()
          (pwconv2): Linear(in_features=1024, out_features=256, bias=True)
          (drop_path): Identity()
        )
        (4): ConvNeXtV2Block(
          (skip_proj): Identity()
          (dwconv): Conv2d(256, 256, kernel_size=(7, 7), stride=(1, 1), padding=(3, 3), groups=256)
          (norm): LayerNorm((256,), eps=1e-06, elementwise_affine=True)
          (pwconv1): Linear(in_features=256, out_features=1024, bias=True)
          (act): SiLU()
          (grn): GRN()
          (pwconv2): Linear(in_features=1024, out_features=256, bias=True)
          (drop_path): Identity()
        )
        (5): ConvNeXtV2Block(
          (skip_proj): Linear(in_features=256, out_features=512, bias=True)
          (dwconv): Conv2d(256, 256, kernel_size=(7, 7), stride=(1, 1), padding=(3, 3), groups=256)
          (norm): LayerNorm((256,), eps=1e-06, elementwise_affine=True)
          (pwconv1): Linear(in_features=256, out_features=1024, bias=True)
          (act): SiLU()
          (grn): GRN()
          (pwconv2): Linear(in_features=1024, out_features=512, bias=True)
          (drop_path): Identity()
        )
        (6): NormCrossAttentionBlock(
          (q): Linear(in_features=512, out_features=512, bias=True)
          (kv): Linear(in_features=512, out_features=1024, bias=True)
          (attn_drop): Dropout(p=0.0, inplace=False)
          (proj): Linear(in_features=512, out_features=512, bias=True)
          (proj_drop): Dropout(p=0.0, inplace=False)
          (q_norm): LayerNorm((64,), eps=1e-05, elementwise_affine=True)
          (k_norm): LayerNorm((64,), eps=1e-05, elementwise_affine=True)
        )
      )
    )
    (middle_block): ConditionedSequential(
      (0): Downsample(
        scale_factor=0.5
        (pool): AvgPool2d(kernel_size=2, stride=2, padding=0)
      )
      (1): ConvNeXtV2Block(
        (skip_proj): Identity()
        (dwconv): Conv2d(512, 512, kernel_size=(7, 7), stride=(1, 1), padding=(3, 3), groups=512)
        (norm): LayerNorm((512,), eps=1e-06, elementwise_affine=True)
        (pwconv1): Linear(in_features=512, out_features=2048, bias=True)
        (act): SiLU()
        (grn): GRN()
        (pwconv2): Linear(in_features=2048, out_features=512, bias=True)
        (drop_path): Identity()
      )
      (2): ConvNeXtV2Block(
        (skip_proj): Identity()
        (dwconv): Conv2d(512, 512, kernel_size=(7, 7), stride=(1, 1), padding=(3, 3), groups=512)
        (norm): LayerNorm((512,), eps=1e-06, elementwise_affine=True)
        (pwconv1): Linear(in_features=512, out_features=2048, bias=True)
        (act): SiLU()
        (grn): GRN()
        (pwconv2): Linear(in_features=2048, out_features=512, bias=True)
        (drop_path): Identity()
      )
      (3): ConvNeXtV2Block(
        (skip_proj): Identity()
        (dwconv): Conv2d(512, 512, kernel_size=(7, 7), stride=(1, 1), padding=(3, 3), groups=512)
        (norm): LayerNorm((512,), eps=1e-06, elementwise_affine=True)
        (pwconv1): Linear(in_features=512, out_features=2048, bias=True)
        (act): SiLU()
        (grn): GRN()
        (pwconv2): Linear(in_features=2048, out_features=512, bias=True)
        (drop_path): Identity()
      )
      (4): ConvNeXtV2Block(
        (skip_proj): Identity()
        (dwconv): Conv2d(512, 512, kernel_size=(7, 7), stride=(1, 1), padding=(3, 3), groups=512)
        (norm): LayerNorm((512,), eps=1e-06, elementwise_affine=True)
        (pwconv1): Linear(in_features=512, out_features=2048, bias=True)
        (act): SiLU()
        (grn): GRN()
        (pwconv2): Linear(in_features=2048, out_features=512, bias=True)
        (drop_path): Identity()
      )
      (5): ConvNeXtV2Block(
        (skip_proj): Linear(in_features=512, out_features=1024, bias=True)
        (dwconv): Conv2d(512, 512, kernel_size=(7, 7), stride=(1, 1), padding=(3, 3), groups=512)
        (norm): LayerNorm((512,), eps=1e-06, elementwise_affine=True)
        (pwconv1): Linear(in_features=512, out_features=2048, bias=True)
        (act): SiLU()
        (grn): GRN()
        (pwconv2): Linear(in_features=2048, out_features=1024, bias=True)
        (drop_path): Identity()
      )
      (6): NormCrossAttentionBlock(
        (q): Linear(in_features=1024, out_features=1024, bias=True)
        (kv): Linear(in_features=512, out_features=2048, bias=True)
        (attn_drop): Dropout(p=0.0, inplace=False)
        (proj): Linear(in_features=1024, out_features=1024, bias=True)
        (proj_drop): Dropout(p=0.0, inplace=False)
        (q_norm): LayerNorm((128,), eps=1e-05, elementwise_affine=True)
        (k_norm): LayerNorm((128,), eps=1e-05, elementwise_affine=True)
      )
      (7): ConvNeXtV2Block(
        (skip_proj): Identity()
        (dwconv): Conv2d(1024, 1024, kernel_size=(7, 7), stride=(1, 1), padding=(3, 3), groups=1024)
        (norm): LayerNorm((1024,), eps=1e-06, elementwise_affine=True)
        (pwconv1): Linear(in_features=1024, out_features=4096, bias=True)
        (act): SiLU()
        (grn): GRN()
        (pwconv2): Linear(in_features=4096, out_features=1024, bias=True)
        (drop_path): Identity()
      )
      (8): ConvNeXtV2Block(
        (skip_proj): Identity()
        (dwconv): Conv2d(1024, 1024, kernel_size=(7, 7), stride=(1, 1), padding=(3, 3), groups=1024)
        (norm): LayerNorm((1024,), eps=1e-06, elementwise_affine=True)
        (pwconv1): Linear(in_features=1024, out_features=4096, bias=True)
        (act): SiLU()
        (grn): GRN()
        (pwconv2): Linear(in_features=4096, out_features=1024, bias=True)
        (drop_path): Identity()
      )
      (9): ConvNeXtV2Block(
        (skip_proj): Identity()
        (dwconv): Conv2d(1024, 1024, kernel_size=(7, 7), stride=(1, 1), padding=(3, 3), groups=1024)
        (norm): LayerNorm((1024,), eps=1e-06, elementwise_affine=True)
        (pwconv1): Linear(in_features=1024, out_features=4096, bias=True)
        (act): SiLU()
        (grn): GRN()
        (pwconv2): Linear(in_features=4096, out_features=1024, bias=True)
        (drop_path): Identity()
      )
      (10): ConvNeXtV2Block(
        (skip_proj): Identity()
        (dwconv): Conv2d(1024, 1024, kernel_size=(7, 7), stride=(1, 1), padding=(3, 3), groups=1024)
        (norm): LayerNorm((1024,), eps=1e-06, elementwise_affine=True)
        (pwconv1): Linear(in_features=1024, out_features=4096, bias=True)
        (act): SiLU()
        (grn): GRN()
        (pwconv2): Linear(in_features=4096, out_features=1024, bias=True)
        (drop_path): Identity()
      )
      (11): ConvNeXtV2Block(
        (skip_proj): Linear(in_features=1024, out_features=512, bias=True)
        (dwconv): Conv2d(1024, 1024, kernel_size=(7, 7), stride=(1, 1), padding=(3, 3), groups=1024)
        (norm): LayerNorm((1024,), eps=1e-06, elementwise_affine=True)
        (pwconv1): Linear(in_features=1024, out_features=4096, bias=True)
        (act): SiLU()
        (grn): GRN()
        (pwconv2): Linear(in_features=4096, out_features=512, bias=True)
        (drop_path): Identity()
      )
      (12): Upsample(scale_factor=2.0, mode=nearest)
    )
    (up_blocks): ModuleList(
      (0): ConditionedSequential(
        (0): ConvNeXtV2Block(
          (skip_proj): Linear(in_features=1024, out_features=512, bias=True)
          (dwconv): Conv2d(1024, 1024, kernel_size=(7, 7), stride=(1, 1), padding=(3, 3), groups=1024)
          (norm): LayerNorm((1024,), eps=1e-06, elementwise_affine=True)
          (pwconv1): Linear(in_features=1024, out_features=4096, bias=True)
          (act): SiLU()
          (grn): GRN()
          (pwconv2): Linear(in_features=4096, out_features=512, bias=True)
          (drop_path): Identity()
        )
        (1): ConvNeXtV2Block(
          (skip_proj): Identity()
          (dwconv): Conv2d(512, 512, kernel_size=(7, 7), stride=(1, 1), padding=(3, 3), groups=512)
          (norm): LayerNorm((512,), eps=1e-06, elementwise_affine=True)
          (pwconv1): Linear(in_features=512, out_features=2048, bias=True)
          (act): SiLU()
          (grn): GRN()
          (pwconv2): Linear(in_features=2048, out_features=512, bias=True)
          (drop_path): Identity()
        )
        (2): ConvNeXtV2Block(
          (skip_proj): Identity()
          (dwconv): Conv2d(512, 512, kernel_size=(7, 7), stride=(1, 1), padding=(3, 3), groups=512)
          (norm): LayerNorm((512,), eps=1e-06, elementwise_affine=True)
          (pwconv1): Linear(in_features=512, out_features=2048, bias=True)
          (act): SiLU()
          (grn): GRN()
          (pwconv2): Linear(in_features=2048, out_features=512, bias=True)
          (drop_path): Identity()
        )
        (3): ConvNeXtV2Block(
          (skip_proj): Identity()
          (dwconv): Conv2d(512, 512, kernel_size=(7, 7), stride=(1, 1), padding=(3, 3), groups=512)
          (norm): LayerNorm((512,), eps=1e-06, elementwise_affine=True)
          (pwconv1): Linear(in_features=512, out_features=2048, bias=True)
          (act): SiLU()
          (grn): GRN()
          (pwconv2): Linear(in_features=2048, out_features=512, bias=True)
          (drop_path): Identity()
        )
        (4): ConvNeXtV2Block(
          (skip_proj): Linear(in_features=512, out_features=256, bias=True)
          (dwconv): Conv2d(512, 512, kernel_size=(7, 7), stride=(1, 1), padding=(3, 3), groups=512)
          (norm): LayerNorm((512,), eps=1e-06, elementwise_affine=True)
          (pwconv1): Linear(in_features=512, out_features=2048, bias=True)
          (act): SiLU()
          (grn): GRN()
          (pwconv2): Linear(in_features=2048, out_features=256, bias=True)
          (drop_path): Identity()
        )
        (5): NormCrossAttentionBlock(
          (q): Linear(in_features=256, out_features=256, bias=True)
          (kv): Linear(in_features=512, out_features=512, bias=True)
          (attn_drop): Dropout(p=0.0, inplace=False)
          (proj): Linear(in_features=256, out_features=256, bias=True)
          (proj_drop): Dropout(p=0.0, inplace=False)
          (q_norm): LayerNorm((32,), eps=1e-05, elementwise_affine=True)
          (k_norm): LayerNorm((32,), eps=1e-05, elementwise_affine=True)
        )
        (6): Upsample(scale_factor=2.0, mode=nearest)
      )
      (1): ConditionedSequential(
        (0): ConvNeXtV2Block(
          (skip_proj): Linear(in_features=512, out_features=256, bias=True)
          (dwconv): Conv2d(512, 512, kernel_size=(7, 7), stride=(1, 1), padding=(3, 3), groups=512)
          (norm): LayerNorm((512,), eps=1e-06, elementwise_affine=True)
          (pwconv1): Linear(in_features=512, out_features=2048, bias=True)
          (act): SiLU()
          (grn): GRN()
          (pwconv2): Linear(in_features=2048, out_features=256, bias=True)
          (drop_path): Identity()
        )
        (1): ConvNeXtV2Block(
          (skip_proj): Identity()
          (dwconv): Conv2d(256, 256, kernel_size=(7, 7), stride=(1, 1), padding=(3, 3), groups=256)
          (norm): LayerNorm((256,), eps=1e-06, elementwise_affine=True)
          (pwconv1): Linear(in_features=256, out_features=1024, bias=True)
          (act): SiLU()
          (grn): GRN()
          (pwconv2): Linear(in_features=1024, out_features=256, bias=True)
          (drop_path): Identity()
        )
        (2): ConvNeXtV2Block(
          (skip_proj): Identity()
          (dwconv): Conv2d(256, 256, kernel_size=(7, 7), stride=(1, 1), padding=(3, 3), groups=256)
          (norm): LayerNorm((256,), eps=1e-06, elementwise_affine=True)
          (pwconv1): Linear(in_features=256, out_features=1024, bias=True)
          (act): SiLU()
          (grn): GRN()
          (pwconv2): Linear(in_features=1024, out_features=256, bias=True)
          (drop_path): Identity()
        )
        (3): ConvNeXtV2Block(
          (skip_proj): Identity()
          (dwconv): Conv2d(256, 256, kernel_size=(7, 7), stride=(1, 1), padding=(3, 3), groups=256)
          (norm): LayerNorm((256,), eps=1e-06, elementwise_affine=True)
          (pwconv1): Linear(in_features=256, out_features=1024, bias=True)
          (act): SiLU()
          (grn): GRN()
          (pwconv2): Linear(in_features=1024, out_features=256, bias=True)
          (drop_path): Identity()
        )
        (4): ConvNeXtV2Block(
          (skip_proj): Linear(in_features=256, out_features=128, bias=True)
          (dwconv): Conv2d(256, 256, kernel_size=(7, 7), stride=(1, 1), padding=(3, 3), groups=256)
          (norm): LayerNorm((256,), eps=1e-06, elementwise_affine=True)
          (pwconv1): Linear(in_features=256, out_features=1024, bias=True)
          (act): SiLU()
          (grn): GRN()
          (pwconv2): Linear(in_features=1024, out_features=128, bias=True)
          (drop_path): Identity()
        )
        (5): NormCrossAttentionBlock(
          (q): Linear(in_features=128, out_features=128, bias=True)
          (kv): Linear(in_features=512, out_features=256, bias=True)
          (attn_drop): Dropout(p=0.0, inplace=False)
          (proj): Linear(in_features=128, out_features=128, bias=True)
          (proj_drop): Dropout(p=0.0, inplace=False)
          (q_norm): LayerNorm((16,), eps=1e-05, elementwise_affine=True)
          (k_norm): LayerNorm((16,), eps=1e-05, elementwise_affine=True)
        )
        (6): Upsample(scale_factor=2.0, mode=nearest)
      )
      (2): ConditionedSequential(
        (0): ConvNeXtV2Block(
          (skip_proj): Linear(in_features=256, out_features=128, bias=True)
          (dwconv): Conv2d(256, 256, kernel_size=(7, 7), stride=(1, 1), padding=(3, 3), groups=256)
          (norm): LayerNorm((256,), eps=1e-06, elementwise_affine=True)
          (pwconv1): Linear(in_features=256, out_features=1024, bias=True)
          (act): SiLU()
          (grn): GRN()
          (pwconv2): Linear(in_features=1024, out_features=128, bias=True)
          (drop_path): Identity()
        )
        (1): ConvNeXtV2Block(
          (skip_proj): Identity()
          (dwconv): Conv2d(128, 128, kernel_size=(7, 7), stride=(1, 1), padding=(3, 3), groups=128)
          (norm): LayerNorm((128,), eps=1e-06, elementwise_affine=True)
          (pwconv1): Linear(in_features=128, out_features=512, bias=True)
          (act): SiLU()
          (grn): GRN()
          (pwconv2): Linear(in_features=512, out_features=128, bias=True)
          (drop_path): Identity()
        )
        (2): ConvNeXtV2Block(
          (skip_proj): Identity()
          (dwconv): Conv2d(128, 128, kernel_size=(7, 7), stride=(1, 1), padding=(3, 3), groups=128)
          (norm): LayerNorm((128,), eps=1e-06, elementwise_affine=True)
          (pwconv1): Linear(in_features=128, out_features=512, bias=True)
          (act): SiLU()
          (grn): GRN()
          (pwconv2): Linear(in_features=512, out_features=128, bias=True)
          (drop_path): Identity()
        )
        (3): ConvNeXtV2Block(
          (skip_proj): Identity()
          (dwconv): Conv2d(128, 128, kernel_size=(7, 7), stride=(1, 1), padding=(3, 3), groups=128)
          (norm): LayerNorm((128,), eps=1e-06, elementwise_affine=True)
          (pwconv1): Linear(in_features=128, out_features=512, bias=True)
          (act): SiLU()
          (grn): GRN()
          (pwconv2): Linear(in_features=512, out_features=128, bias=True)
          (drop_path): Identity()
        )
        (4): ConvNeXtV2Block(
          (skip_proj): Linear(in_features=128, out_features=64, bias=True)
          (dwconv): Conv2d(128, 128, kernel_size=(7, 7), stride=(1, 1), padding=(3, 3), groups=128)
          (norm): LayerNorm((128,), eps=1e-06, elementwise_affine=True)
          (pwconv1): Linear(in_features=128, out_features=512, bias=True)
          (act): SiLU()
          (grn): GRN()
          (pwconv2): Linear(in_features=512, out_features=64, bias=True)
          (drop_path): Identity()
        )
        (5): NormCrossAttentionBlock(
          (q): Linear(in_features=64, out_features=64, bias=True)
          (kv): Linear(in_features=512, out_features=128, bias=True)
          (attn_drop): Dropout(p=0.0, inplace=False)
          (proj): Linear(in_features=64, out_features=64, bias=True)
          (proj_drop): Dropout(p=0.0, inplace=False)
          (q_norm): LayerNorm((8,), eps=1e-05, elementwise_affine=True)
          (k_norm): LayerNorm((8,), eps=1e-05, elementwise_affine=True)
        )
      )
    )
    (norm): LayerNorm((64,), eps=1e-06, elementwise_affine=True)
    (out_proj): Linear(in_features=64, out_features=16, bias=True)
  )
)
Number of params: 117.5532 M
LR = 0.00010000
Min LR = 0.00000000
Total (effective) batch size = 256
Accumulate grad iterations = 1
Number of training steps = 159
Number of training examples per epoch = 40704
Param groups = {
  "decay": {
    "weight_decay": 0.05,
    "params": [
      "seq_encoder.shared.weight",
      "seq_encoder.encoder.block.0.layer.0.SelfAttention.q.weight",
      "seq_encoder.encoder.block.0.layer.0.SelfAttention.k.weight",
      "seq_encoder.encoder.block.0.layer.0.SelfAttention.v.weight",
      "seq_encoder.encoder.block.0.layer.0.SelfAttention.o.weight",
      "seq_encoder.encoder.block.0.layer.0.SelfAttention.relative_attention_bias.weight",
      "seq_encoder.encoder.block.0.layer.1.DenseReluDense.wi_0.weight",
      "seq_encoder.encoder.block.0.layer.1.DenseReluDense.wi_1.weight",
      "seq_encoder.encoder.block.0.layer.1.DenseReluDense.wo.weight",
      "seq_encoder.encoder.block.1.layer.0.SelfAttention.q.weight",
      "seq_encoder.encoder.block.1.layer.0.SelfAttention.k.weight",
      "seq_encoder.encoder.block.1.layer.0.SelfAttention.v.weight",
      "seq_encoder.encoder.block.1.layer.0.SelfAttention.o.weight",
      "seq_encoder.encoder.block.1.layer.1.DenseReluDense.wi_0.weight",
      "seq_encoder.encoder.block.1.layer.1.DenseReluDense.wi_1.weight",
      "seq_encoder.encoder.block.1.layer.1.DenseReluDense.wo.weight",
      "seq_encoder.encoder.block.2.layer.0.SelfAttention.q.weight",
      "seq_encoder.encoder.block.2.layer.0.SelfAttention.k.weight",
      "seq_encoder.encoder.block.2.layer.0.SelfAttention.v.weight",
      "seq_encoder.encoder.block.2.layer.0.SelfAttention.o.weight",
      "seq_encoder.encoder.block.2.layer.1.DenseReluDense.wi_0.weight",
      "seq_encoder.encoder.block.2.layer.1.DenseReluDense.wi_1.weight",
      "seq_encoder.encoder.block.2.layer.1.DenseReluDense.wo.weight",
      "seq_encoder.encoder.block.3.layer.0.SelfAttention.q.weight",
      "seq_encoder.encoder.block.3.layer.0.SelfAttention.k.weight",
      "seq_encoder.encoder.block.3.layer.0.SelfAttention.v.weight",
      "seq_encoder.encoder.block.3.layer.0.SelfAttention.o.weight",
      "seq_encoder.encoder.block.3.layer.1.DenseReluDense.wi_0.weight",
      "seq_encoder.encoder.block.3.layer.1.DenseReluDense.wi_1.weight",
      "seq_encoder.encoder.block.3.layer.1.DenseReluDense.wo.weight",
      "seq_encoder.encoder.block.4.layer.0.SelfAttention.q.weight",
      "seq_encoder.encoder.block.4.layer.0.SelfAttention.k.weight",
      "seq_encoder.encoder.block.4.layer.0.SelfAttention.v.weight",
      "seq_encoder.encoder.block.4.layer.0.SelfAttention.o.weight",
      "seq_encoder.encoder.block.4.layer.1.DenseReluDense.wi_0.weight",
      "seq_encoder.encoder.block.4.layer.1.DenseReluDense.wi_1.weight",
      "seq_encoder.encoder.block.4.layer.1.DenseReluDense.wo.weight",
      "seq_encoder.encoder.block.5.layer.0.SelfAttention.q.weight",
      "seq_encoder.encoder.block.5.layer.0.SelfAttention.k.weight",
      "seq_encoder.encoder.block.5.layer.0.SelfAttention.v.weight",
      "seq_encoder.encoder.block.5.layer.0.SelfAttention.o.weight",
      "seq_encoder.encoder.block.5.layer.1.DenseReluDense.wi_0.weight",
      "seq_encoder.encoder.block.5.layer.1.DenseReluDense.wi_1.weight",
      "seq_encoder.encoder.block.5.layer.1.DenseReluDense.wo.weight",
      "seq_encoder.encoder.block.6.layer.0.SelfAttention.q.weight",
      "seq_encoder.encoder.block.6.layer.0.SelfAttention.k.weight",
      "seq_encoder.encoder.block.6.layer.0.SelfAttention.v.weight",
      "seq_encoder.encoder.block.6.layer.0.SelfAttention.o.weight",
      "seq_encoder.encoder.block.6.layer.1.DenseReluDense.wi_0.weight",
      "seq_encoder.encoder.block.6.layer.1.DenseReluDense.wi_1.weight",
      "seq_encoder.encoder.block.6.layer.1.DenseReluDense.wo.weight",
      "seq_encoder.encoder.block.7.layer.0.SelfAttention.q.weight",
      "seq_encoder.encoder.block.7.layer.0.SelfAttention.k.weight",
      "seq_encoder.encoder.block.7.layer.0.SelfAttention.v.weight",
      "seq_encoder.encoder.block.7.layer.0.SelfAttention.o.weight",
      "seq_encoder.encoder.block.7.layer.1.DenseReluDense.wi_0.weight",
      "seq_encoder.encoder.block.7.layer.1.DenseReluDense.wi_1.weight",
      "seq_encoder.encoder.block.7.layer.1.DenseReluDense.wo.weight",
      "backbone.in_proj.weight",
      "backbone.down_blocks.0.0.dwconv.weight",
      "backbone.down_blocks.0.0.pwconv1.weight",
      "backbone.down_blocks.0.0.pwconv2.weight",
      "backbone.down_blocks.0.1.dwconv.weight",
      "backbone.down_blocks.0.1.pwconv1.weight",
      "backbone.down_blocks.0.1.pwconv2.weight",
      "backbone.down_blocks.0.2.dwconv.weight",
      "backbone.down_blocks.0.2.pwconv1.weight",
      "backbone.down_blocks.0.2.pwconv2.weight",
      "backbone.down_blocks.0.3.dwconv.weight",
      "backbone.down_blocks.0.3.pwconv1.weight",
      "backbone.down_blocks.0.3.pwconv2.weight",
      "backbone.down_blocks.0.4.skip_proj.weight",
      "backbone.down_blocks.0.4.dwconv.weight",
      "backbone.down_blocks.0.4.pwconv1.weight",
      "backbone.down_blocks.0.4.pwconv2.weight",
      "backbone.down_blocks.0.5.q.weight",
      "backbone.down_blocks.0.5.kv.weight",
      "backbone.down_blocks.0.5.proj.weight",
      "backbone.down_blocks.1.1.dwconv.weight",
      "backbone.down_blocks.1.1.pwconv1.weight",
      "backbone.down_blocks.1.1.pwconv2.weight",
      "backbone.down_blocks.1.2.dwconv.weight",
      "backbone.down_blocks.1.2.pwconv1.weight",
      "backbone.down_blocks.1.2.pwconv2.weight",
      "backbone.down_blocks.1.3.dwconv.weight",
      "backbone.down_blocks.1.3.pwconv1.weight",
      "backbone.down_blocks.1.3.pwconv2.weight",
      "backbone.down_blocks.1.4.dwconv.weight",
      "backbone.down_blocks.1.4.pwconv1.weight",
      "backbone.down_blocks.1.4.pwconv2.weight",
      "backbone.down_blocks.1.5.skip_proj.weight",
      "backbone.down_blocks.1.5.dwconv.weight",
      "backbone.down_blocks.1.5.pwconv1.weight",
      "backbone.down_blocks.1.5.pwconv2.weight",
      "backbone.down_blocks.1.6.q.weight",
      "backbone.down_blocks.1.6.kv.weight",
      "backbone.down_blocks.1.6.proj.weight",
      "backbone.down_blocks.2.1.dwconv.weight",
      "backbone.down_blocks.2.1.pwconv1.weight",
      "backbone.down_blocks.2.1.pwconv2.weight",
      "backbone.down_blocks.2.2.dwconv.weight",
      "backbone.down_blocks.2.2.pwconv1.weight",
      "backbone.down_blocks.2.2.pwconv2.weight",
      "backbone.down_blocks.2.3.dwconv.weight",
      "backbone.down_blocks.2.3.pwconv1.weight",
      "backbone.down_blocks.2.3.pwconv2.weight",
      "backbone.down_blocks.2.4.dwconv.weight",
      "backbone.down_blocks.2.4.pwconv1.weight",
      "backbone.down_blocks.2.4.pwconv2.weight",
      "backbone.down_blocks.2.5.skip_proj.weight",
      "backbone.down_blocks.2.5.dwconv.weight",
      "backbone.down_blocks.2.5.pwconv1.weight",
      "backbone.down_blocks.2.5.pwconv2.weight",
      "backbone.down_blocks.2.6.q.weight",
      "backbone.down_blocks.2.6.kv.weight",
      "backbone.down_blocks.2.6.proj.weight",
      "backbone.middle_block.1.dwconv.weight",
      "backbone.middle_block.1.pwconv1.weight",
      "backbone.middle_block.1.pwconv2.weight",
      "backbone.middle_block.2.dwconv.weight",
      "backbone.middle_block.2.pwconv1.weight",
      "backbone.middle_block.2.pwconv2.weight",
      "backbone.middle_block.3.dwconv.weight",
      "backbone.middle_block.3.pwconv1.weight",
      "backbone.middle_block.3.pwconv2.weight",
      "backbone.middle_block.4.dwconv.weight",
      "backbone.middle_block.4.pwconv1.weight",
      "backbone.middle_block.4.pwconv2.weight",
      "backbone.middle_block.5.skip_proj.weight",
      "backbone.middle_block.5.dwconv.weight",
      "backbone.middle_block.5.pwconv1.weight",
      "backbone.middle_block.5.pwconv2.weight",
      "backbone.middle_block.6.q.weight",
      "backbone.middle_block.6.kv.weight",
      "backbone.middle_block.6.proj.weight",
      "backbone.middle_block.7.dwconv.weight",
      "backbone.middle_block.7.pwconv1.weight",
      "backbone.middle_block.7.pwconv2.weight",
      "backbone.middle_block.8.dwconv.weight",
      "backbone.middle_block.8.pwconv1.weight",
      "backbone.middle_block.8.pwconv2.weight",
      "backbone.middle_block.9.dwconv.weight",
      "backbone.middle_block.9.pwconv1.weight",
      "backbone.middle_block.9.pwconv2.weight",
      "backbone.middle_block.10.dwconv.weight",
      "backbone.middle_block.10.pwconv1.weight",
      "backbone.middle_block.10.pwconv2.weight",
      "backbone.middle_block.11.skip_proj.weight",
      "backbone.middle_block.11.dwconv.weight",
      "backbone.middle_block.11.pwconv1.weight",
      "backbone.middle_block.11.pwconv2.weight",
      "backbone.up_blocks.0.0.skip_proj.weight",
      "backbone.up_blocks.0.0.dwconv.weight",
      "backbone.up_blocks.0.0.pwconv1.weight",
      "backbone.up_blocks.0.0.pwconv2.weight",
      "backbone.up_blocks.0.1.dwconv.weight",
      "backbone.up_blocks.0.1.pwconv1.weight",
      "backbone.up_blocks.0.1.pwconv2.weight",
      "backbone.up_blocks.0.2.dwconv.weight",
      "backbone.up_blocks.0.2.pwconv1.weight",
      "backbone.up_blocks.0.2.pwconv2.weight",
      "backbone.up_blocks.0.3.dwconv.weight",
      "backbone.up_blocks.0.3.pwconv1.weight",
      "backbone.up_blocks.0.3.pwconv2.weight",
      "backbone.up_blocks.0.4.skip_proj.weight",
      "backbone.up_blocks.0.4.dwconv.weight",
      "backbone.up_blocks.0.4.pwconv1.weight",
      "backbone.up_blocks.0.4.pwconv2.weight",
      "backbone.up_blocks.0.5.q.weight",
      "backbone.up_blocks.0.5.kv.weight",
      "backbone.up_blocks.0.5.proj.weight",
      "backbone.up_blocks.1.0.skip_proj.weight",
      "backbone.up_blocks.1.0.dwconv.weight",
      "backbone.up_blocks.1.0.pwconv1.weight",
      "backbone.up_blocks.1.0.pwconv2.weight",
      "backbone.up_blocks.1.1.dwconv.weight",
      "backbone.up_blocks.1.1.pwconv1.weight",
      "backbone.up_blocks.1.1.pwconv2.weight",
      "backbone.up_blocks.1.2.dwconv.weight",
      "backbone.up_blocks.1.2.pwconv1.weight",
      "backbone.up_blocks.1.2.pwconv2.weight",
      "backbone.up_blocks.1.3.dwconv.weight",
      "backbone.up_blocks.1.3.pwconv1.weight",
      "backbone.up_blocks.1.3.pwconv2.weight",
      "backbone.up_blocks.1.4.skip_proj.weight",
      "backbone.up_blocks.1.4.dwconv.weight",
      "backbone.up_blocks.1.4.pwconv1.weight",
      "backbone.up_blocks.1.4.pwconv2.weight",
      "backbone.up_blocks.1.5.q.weight",
      "backbone.up_blocks.1.5.kv.weight",
      "backbone.up_blocks.1.5.proj.weight",
      "backbone.up_blocks.2.0.skip_proj.weight",
      "backbone.up_blocks.2.0.dwconv.weight",
      "backbone.up_blocks.2.0.pwconv1.weight",
      "backbone.up_blocks.2.0.pwconv2.weight",
      "backbone.up_blocks.2.1.dwconv.weight",
      "backbone.up_blocks.2.1.pwconv1.weight",
      "backbone.up_blocks.2.1.pwconv2.weight",
      "backbone.up_blocks.2.2.dwconv.weight",
      "backbone.up_blocks.2.2.pwconv1.weight",
      "backbone.up_blocks.2.2.pwconv2.weight",
      "backbone.up_blocks.2.3.dwconv.weight",
      "backbone.up_blocks.2.3.pwconv1.weight",
      "backbone.up_blocks.2.3.pwconv2.weight",
      "backbone.up_blocks.2.4.skip_proj.weight",
      "backbone.up_blocks.2.4.dwconv.weight",
      "backbone.up_blocks.2.4.pwconv1.weight",
      "backbone.up_blocks.2.4.pwconv2.weight",
      "backbone.up_blocks.2.5.q.weight",
      "backbone.up_blocks.2.5.kv.weight",
      "backbone.up_blocks.2.5.proj.weight",
      "backbone.out_proj.weight"
    ],
    "lr_scale": 1.0
  },
  "no_decay": {
    "weight_decay": 0.0,
    "params": [
      "seq_encoder.encoder.block.0.layer.0.layer_norm.weight",
      "seq_encoder.encoder.block.0.layer.1.layer_norm.weight",
      "seq_encoder.encoder.block.1.layer.0.layer_norm.weight",
      "seq_encoder.encoder.block.1.layer.1.layer_norm.weight",
      "seq_encoder.encoder.block.2.layer.0.layer_norm.weight",
      "seq_encoder.encoder.block.2.layer.1.layer_norm.weight",
      "seq_encoder.encoder.block.3.layer.0.layer_norm.weight",
      "seq_encoder.encoder.block.3.layer.1.layer_norm.weight",
      "seq_encoder.encoder.block.4.layer.0.layer_norm.weight",
      "seq_encoder.encoder.block.4.layer.1.layer_norm.weight",
      "seq_encoder.encoder.block.5.layer.0.layer_norm.weight",
      "seq_encoder.encoder.block.5.layer.1.layer_norm.weight",
      "seq_encoder.encoder.block.6.layer.0.layer_norm.weight",
      "seq_encoder.encoder.block.6.layer.1.layer_norm.weight",
      "seq_encoder.encoder.block.7.layer.0.layer_norm.weight",
      "seq_encoder.encoder.block.7.layer.1.layer_norm.weight",
      "seq_encoder.encoder.final_layer_norm.weight",
      "backbone.in_proj.bias",
      "backbone.down_blocks.0.0.dwconv.bias",
      "backbone.down_blocks.0.0.norm.weight",
      "backbone.down_blocks.0.0.norm.bias",
      "backbone.down_blocks.0.0.pwconv1.bias",
      "backbone.down_blocks.0.0.grn.gamma",
      "backbone.down_blocks.0.0.grn.beta",
      "backbone.down_blocks.0.0.pwconv2.bias",
      "backbone.down_blocks.0.1.dwconv.bias",
      "backbone.down_blocks.0.1.norm.weight",
      "backbone.down_blocks.0.1.norm.bias",
      "backbone.down_blocks.0.1.pwconv1.bias",
      "backbone.down_blocks.0.1.grn.gamma",
      "backbone.down_blocks.0.1.grn.beta",
      "backbone.down_blocks.0.1.pwconv2.bias",
      "backbone.down_blocks.0.2.dwconv.bias",
      "backbone.down_blocks.0.2.norm.weight",
      "backbone.down_blocks.0.2.norm.bias",
      "backbone.down_blocks.0.2.pwconv1.bias",
      "backbone.down_blocks.0.2.grn.gamma",
      "backbone.down_blocks.0.2.grn.beta",
      "backbone.down_blocks.0.2.pwconv2.bias",
      "backbone.down_blocks.0.3.dwconv.bias",
      "backbone.down_blocks.0.3.norm.weight",
      "backbone.down_blocks.0.3.norm.bias",
      "backbone.down_blocks.0.3.pwconv1.bias",
      "backbone.down_blocks.0.3.grn.gamma",
      "backbone.down_blocks.0.3.grn.beta",
      "backbone.down_blocks.0.3.pwconv2.bias",
      "backbone.down_blocks.0.4.skip_proj.bias",
      "backbone.down_blocks.0.4.dwconv.bias",
      "backbone.down_blocks.0.4.norm.weight",
      "backbone.down_blocks.0.4.norm.bias",
      "backbone.down_blocks.0.4.pwconv1.bias",
      "backbone.down_blocks.0.4.grn.gamma",
      "backbone.down_blocks.0.4.grn.beta",
      "backbone.down_blocks.0.4.pwconv2.bias",
      "backbone.down_blocks.0.5.q.bias",
      "backbone.down_blocks.0.5.kv.bias",
      "backbone.down_blocks.0.5.proj.bias",
      "backbone.down_blocks.0.5.q_norm.weight",
      "backbone.down_blocks.0.5.q_norm.bias",
      "backbone.down_blocks.0.5.k_norm.weight",
      "backbone.down_blocks.0.5.k_norm.bias",
      "backbone.down_blocks.1.1.dwconv.bias",
      "backbone.down_blocks.1.1.norm.weight",
      "backbone.down_blocks.1.1.norm.bias",
      "backbone.down_blocks.1.1.pwconv1.bias",
      "backbone.down_blocks.1.1.grn.gamma",
      "backbone.down_blocks.1.1.grn.beta",
      "backbone.down_blocks.1.1.pwconv2.bias",
      "backbone.down_blocks.1.2.dwconv.bias",
      "backbone.down_blocks.1.2.norm.weight",
      "backbone.down_blocks.1.2.norm.bias",
      "backbone.down_blocks.1.2.pwconv1.bias",
      "backbone.down_blocks.1.2.grn.gamma",
      "backbone.down_blocks.1.2.grn.beta",
      "backbone.down_blocks.1.2.pwconv2.bias",
      "backbone.down_blocks.1.3.dwconv.bias",
      "backbone.down_blocks.1.3.norm.weight",
      "backbone.down_blocks.1.3.norm.bias",
      "backbone.down_blocks.1.3.pwconv1.bias",
      "backbone.down_blocks.1.3.grn.gamma",
      "backbone.down_blocks.1.3.grn.beta",
      "backbone.down_blocks.1.3.pwconv2.bias",
      "backbone.down_blocks.1.4.dwconv.bias",
      "backbone.down_blocks.1.4.norm.weight",
      "backbone.down_blocks.1.4.norm.bias",
      "backbone.down_blocks.1.4.pwconv1.bias",
      "backbone.down_blocks.1.4.grn.gamma",
      "backbone.down_blocks.1.4.grn.beta",
      "backbone.down_blocks.1.4.pwconv2.bias",
      "backbone.down_blocks.1.5.skip_proj.bias",
      "backbone.down_blocks.1.5.dwconv.bias",
      "backbone.down_blocks.1.5.norm.weight",
      "backbone.down_blocks.1.5.norm.bias",
      "backbone.down_blocks.1.5.pwconv1.bias",
      "backbone.down_blocks.1.5.grn.gamma",
      "backbone.down_blocks.1.5.grn.beta",
      "backbone.down_blocks.1.5.pwconv2.bias",
      "backbone.down_blocks.1.6.q.bias",
      "backbone.down_blocks.1.6.kv.bias",
      "backbone.down_blocks.1.6.proj.bias",
      "backbone.down_blocks.1.6.q_norm.weight",
      "backbone.down_blocks.1.6.q_norm.bias",
      "backbone.down_blocks.1.6.k_norm.weight",
      "backbone.down_blocks.1.6.k_norm.bias",
      "backbone.down_blocks.2.1.dwconv.bias",
      "backbone.down_blocks.2.1.norm.weight",
      "backbone.down_blocks.2.1.norm.bias",
      "backbone.down_blocks.2.1.pwconv1.bias",
      "backbone.down_blocks.2.1.grn.gamma",
      "backbone.down_blocks.2.1.grn.beta",
      "backbone.down_blocks.2.1.pwconv2.bias",
      "backbone.down_blocks.2.2.dwconv.bias",
      "backbone.down_blocks.2.2.norm.weight",
      "backbone.down_blocks.2.2.norm.bias",
      "backbone.down_blocks.2.2.pwconv1.bias",
      "backbone.down_blocks.2.2.grn.gamma",
      "backbone.down_blocks.2.2.grn.beta",
      "backbone.down_blocks.2.2.pwconv2.bias",
      "backbone.down_blocks.2.3.dwconv.bias",
      "backbone.down_blocks.2.3.norm.weight",
      "backbone.down_blocks.2.3.norm.bias",
      "backbone.down_blocks.2.3.pwconv1.bias",
      "backbone.down_blocks.2.3.grn.gamma",
      "backbone.down_blocks.2.3.grn.beta",
      "backbone.down_blocks.2.3.pwconv2.bias",
      "backbone.down_blocks.2.4.dwconv.bias",
      "backbone.down_blocks.2.4.norm.weight",
      "backbone.down_blocks.2.4.norm.bias",
      "backbone.down_blocks.2.4.pwconv1.bias",
      "backbone.down_blocks.2.4.grn.gamma",
      "backbone.down_blocks.2.4.grn.beta",
      "backbone.down_blocks.2.4.pwconv2.bias",
      "backbone.down_blocks.2.5.skip_proj.bias",
      "backbone.down_blocks.2.5.dwconv.bias",
      "backbone.down_blocks.2.5.norm.weight",
      "backbone.down_blocks.2.5.norm.bias",
      "backbone.down_blocks.2.5.pwconv1.bias",
      "backbone.down_blocks.2.5.grn.gamma",
      "backbone.down_blocks.2.5.grn.beta",
      "backbone.down_blocks.2.5.pwconv2.bias",
      "backbone.down_blocks.2.6.q.bias",
      "backbone.down_blocks.2.6.kv.bias",
      "backbone.down_blocks.2.6.proj.bias",
      "backbone.down_blocks.2.6.q_norm.weight",
      "backbone.down_blocks.2.6.q_norm.bias",
      "backbone.down_blocks.2.6.k_norm.weight",
      "backbone.down_blocks.2.6.k_norm.bias",
      "backbone.middle_block.1.dwconv.bias",
      "backbone.middle_block.1.norm.weight",
      "backbone.middle_block.1.norm.bias",
      "backbone.middle_block.1.pwconv1.bias",
      "backbone.middle_block.1.grn.gamma",
      "backbone.middle_block.1.grn.beta",
      "backbone.middle_block.1.pwconv2.bias",
      "backbone.middle_block.2.dwconv.bias",
      "backbone.middle_block.2.norm.weight",
      "backbone.middle_block.2.norm.bias",
      "backbone.middle_block.2.pwconv1.bias",
      "backbone.middle_block.2.grn.gamma",
      "backbone.middle_block.2.grn.beta",
      "backbone.middle_block.2.pwconv2.bias",
      "backbone.middle_block.3.dwconv.bias",
      "backbone.middle_block.3.norm.weight",
      "backbone.middle_block.3.norm.bias",
      "backbone.middle_block.3.pwconv1.bias",
      "backbone.middle_block.3.grn.gamma",
      "backbone.middle_block.3.grn.beta",
      "backbone.middle_block.3.pwconv2.bias",
      "backbone.middle_block.4.dwconv.bias",
      "backbone.middle_block.4.norm.weight",
      "backbone.middle_block.4.norm.bias",
      "backbone.middle_block.4.pwconv1.bias",
      "backbone.middle_block.4.grn.gamma",
      "backbone.middle_block.4.grn.beta",
      "backbone.middle_block.4.pwconv2.bias",
      "backbone.middle_block.5.skip_proj.bias",
      "backbone.middle_block.5.dwconv.bias",
      "backbone.middle_block.5.norm.weight",
      "backbone.middle_block.5.norm.bias",
      "backbone.middle_block.5.pwconv1.bias",
      "backbone.middle_block.5.grn.gamma",
      "backbone.middle_block.5.grn.beta",
      "backbone.middle_block.5.pwconv2.bias",
      "backbone.middle_block.6.q.bias",
      "backbone.middle_block.6.kv.bias",
      "backbone.middle_block.6.proj.bias",
      "backbone.middle_block.6.q_norm.weight",
      "backbone.middle_block.6.q_norm.bias",
      "backbone.middle_block.6.k_norm.weight",
      "backbone.middle_block.6.k_norm.bias",
      "backbone.middle_block.7.dwconv.bias",
      "backbone.middle_block.7.norm.weight",
      "backbone.middle_block.7.norm.bias",
      "backbone.middle_block.7.pwconv1.bias",
      "backbone.middle_block.7.grn.gamma",
      "backbone.middle_block.7.grn.beta",
      "backbone.middle_block.7.pwconv2.bias",
      "backbone.middle_block.8.dwconv.bias",
      "backbone.middle_block.8.norm.weight",
      "backbone.middle_block.8.norm.bias",
      "backbone.middle_block.8.pwconv1.bias",
      "backbone.middle_block.8.grn.gamma",
      "backbone.middle_block.8.grn.beta",
      "backbone.middle_block.8.pwconv2.bias",
      "backbone.middle_block.9.dwconv.bias",
      "backbone.middle_block.9.norm.weight",
      "backbone.middle_block.9.norm.bias",
      "backbone.middle_block.9.pwconv1.bias",
      "backbone.middle_block.9.grn.gamma",
      "backbone.middle_block.9.grn.beta",
      "backbone.middle_block.9.pwconv2.bias",
      "backbone.middle_block.10.dwconv.bias",
      "backbone.middle_block.10.norm.weight",
      "backbone.middle_block.10.norm.bias",
      "backbone.middle_block.10.pwconv1.bias",
      "backbone.middle_block.10.grn.gamma",
      "backbone.middle_block.10.grn.beta",
      "backbone.middle_block.10.pwconv2.bias",
      "backbone.middle_block.11.skip_proj.bias",
      "backbone.middle_block.11.dwconv.bias",
      "backbone.middle_block.11.norm.weight",
      "backbone.middle_block.11.norm.bias",
      "backbone.middle_block.11.pwconv1.bias",
      "backbone.middle_block.11.grn.gamma",
      "backbone.middle_block.11.grn.beta",
      "backbone.middle_block.11.pwconv2.bias",
      "backbone.up_blocks.0.0.skip_proj.bias",
      "backbone.up_blocks.0.0.dwconv.bias",
      "backbone.up_blocks.0.0.norm.weight",
      "backbone.up_blocks.0.0.norm.bias",
      "backbone.up_blocks.0.0.pwconv1.bias",
      "backbone.up_blocks.0.0.grn.gamma",
      "backbone.up_blocks.0.0.grn.beta",
      "backbone.up_blocks.0.0.pwconv2.bias",
      "backbone.up_blocks.0.1.dwconv.bias",
      "backbone.up_blocks.0.1.norm.weight",
      "backbone.up_blocks.0.1.norm.bias",
      "backbone.up_blocks.0.1.pwconv1.bias",
      "backbone.up_blocks.0.1.grn.gamma",
      "backbone.up_blocks.0.1.grn.beta",
      "backbone.up_blocks.0.1.pwconv2.bias",
      "backbone.up_blocks.0.2.dwconv.bias",
      "backbone.up_blocks.0.2.norm.weight",
      "backbone.up_blocks.0.2.norm.bias",
      "backbone.up_blocks.0.2.pwconv1.bias",
      "backbone.up_blocks.0.2.grn.gamma",
      "backbone.up_blocks.0.2.grn.beta",
      "backbone.up_blocks.0.2.pwconv2.bias",
      "backbone.up_blocks.0.3.dwconv.bias",
      "backbone.up_blocks.0.3.norm.weight",
      "backbone.up_blocks.0.3.norm.bias",
      "backbone.up_blocks.0.3.pwconv1.bias",
      "backbone.up_blocks.0.3.grn.gamma",
      "backbone.up_blocks.0.3.grn.beta",
      "backbone.up_blocks.0.3.pwconv2.bias",
      "backbone.up_blocks.0.4.skip_proj.bias",
      "backbone.up_blocks.0.4.dwconv.bias",
      "backbone.up_blocks.0.4.norm.weight",
      "backbone.up_blocks.0.4.norm.bias",
      "backbone.up_blocks.0.4.pwconv1.bias",
      "backbone.up_blocks.0.4.grn.gamma",
      "backbone.up_blocks.0.4.grn.beta",
      "backbone.up_blocks.0.4.pwconv2.bias",
      "backbone.up_blocks.0.5.q.bias",
      "backbone.up_blocks.0.5.kv.bias",
      "backbone.up_blocks.0.5.proj.bias",
      "backbone.up_blocks.0.5.q_norm.weight",
      "backbone.up_blocks.0.5.q_norm.bias",
      "backbone.up_blocks.0.5.k_norm.weight",
      "backbone.up_blocks.0.5.k_norm.bias",
      "backbone.up_blocks.1.0.skip_proj.bias",
      "backbone.up_blocks.1.0.dwconv.bias",
      "backbone.up_blocks.1.0.norm.weight",
      "backbone.up_blocks.1.0.norm.bias",
      "backbone.up_blocks.1.0.pwconv1.bias",
      "backbone.up_blocks.1.0.grn.gamma",
      "backbone.up_blocks.1.0.grn.beta",
      "backbone.up_blocks.1.0.pwconv2.bias",
      "backbone.up_blocks.1.1.dwconv.bias",
      "backbone.up_blocks.1.1.norm.weight",
      "backbone.up_blocks.1.1.norm.bias",
      "backbone.up_blocks.1.1.pwconv1.bias",
      "backbone.up_blocks.1.1.grn.gamma",
      "backbone.up_blocks.1.1.grn.beta",
      "backbone.up_blocks.1.1.pwconv2.bias",
      "backbone.up_blocks.1.2.dwconv.bias",
      "backbone.up_blocks.1.2.norm.weight",
      "backbone.up_blocks.1.2.norm.bias",
      "backbone.up_blocks.1.2.pwconv1.bias",
      "backbone.up_blocks.1.2.grn.gamma",
      "backbone.up_blocks.1.2.grn.beta",
      "backbone.up_blocks.1.2.pwconv2.bias",
      "backbone.up_blocks.1.3.dwconv.bias",
      "backbone.up_blocks.1.3.norm.weight",
      "backbone.up_blocks.1.3.norm.bias",
      "backbone.up_blocks.1.3.pwconv1.bias",
      "backbone.up_blocks.1.3.grn.gamma",
      "backbone.up_blocks.1.3.grn.beta",
      "backbone.up_blocks.1.3.pwconv2.bias",
      "backbone.up_blocks.1.4.skip_proj.bias",
      "backbone.up_blocks.1.4.dwconv.bias",
      "backbone.up_blocks.1.4.norm.weight",
      "backbone.up_blocks.1.4.norm.bias",
      "backbone.up_blocks.1.4.pwconv1.bias",
      "backbone.up_blocks.1.4.grn.gamma",
      "backbone.up_blocks.1.4.grn.beta",
      "backbone.up_blocks.1.4.pwconv2.bias",
      "backbone.up_blocks.1.5.q.bias",
      "backbone.up_blocks.1.5.kv.bias",
      "backbone.up_blocks.1.5.proj.bias",
      "backbone.up_blocks.1.5.q_norm.weight",
      "backbone.up_blocks.1.5.q_norm.bias",
      "backbone.up_blocks.1.5.k_norm.weight",
      "backbone.up_blocks.1.5.k_norm.bias",
      "backbone.up_blocks.2.0.skip_proj.bias",
      "backbone.up_blocks.2.0.dwconv.bias",
      "backbone.up_blocks.2.0.norm.weight",
      "backbone.up_blocks.2.0.norm.bias",
      "backbone.up_blocks.2.0.pwconv1.bias",
      "backbone.up_blocks.2.0.grn.gamma",
      "backbone.up_blocks.2.0.grn.beta",
      "backbone.up_blocks.2.0.pwconv2.bias",
      "backbone.up_blocks.2.1.dwconv.bias",
      "backbone.up_blocks.2.1.norm.weight",
      "backbone.up_blocks.2.1.norm.bias",
      "backbone.up_blocks.2.1.pwconv1.bias",
      "backbone.up_blocks.2.1.grn.gamma",
      "backbone.up_blocks.2.1.grn.beta",
      "backbone.up_blocks.2.1.pwconv2.bias",
      "backbone.up_blocks.2.2.dwconv.bias",
      "backbone.up_blocks.2.2.norm.weight",
      "backbone.up_blocks.2.2.norm.bias",
      "backbone.up_blocks.2.2.pwconv1.bias",
      "backbone.up_blocks.2.2.grn.gamma",
      "backbone.up_blocks.2.2.grn.beta",
      "backbone.up_blocks.2.2.pwconv2.bias",
      "backbone.up_blocks.2.3.dwconv.bias",
      "backbone.up_blocks.2.3.norm.weight",
      "backbone.up_blocks.2.3.norm.bias",
      "backbone.up_blocks.2.3.pwconv1.bias",
      "backbone.up_blocks.2.3.grn.gamma",
      "backbone.up_blocks.2.3.grn.beta",
      "backbone.up_blocks.2.3.pwconv2.bias",
      "backbone.up_blocks.2.4.skip_proj.bias",
      "backbone.up_blocks.2.4.dwconv.bias",
      "backbone.up_blocks.2.4.norm.weight",
      "backbone.up_blocks.2.4.norm.bias",
      "backbone.up_blocks.2.4.pwconv1.bias",
      "backbone.up_blocks.2.4.grn.gamma",
      "backbone.up_blocks.2.4.grn.beta",
      "backbone.up_blocks.2.4.pwconv2.bias",
      "backbone.up_blocks.2.5.q.bias",
      "backbone.up_blocks.2.5.kv.bias",
      "backbone.up_blocks.2.5.proj.bias",
      "backbone.up_blocks.2.5.q_norm.weight",
      "backbone.up_blocks.2.5.q_norm.bias",
      "backbone.up_blocks.2.5.k_norm.weight",
      "backbone.up_blocks.2.5.k_norm.bias",
      "backbone.norm.weight",
      "backbone.norm.bias",
      "backbone.out_proj.bias"
    ],
    "lr_scale": 1.0
  }
}
optimizer settings: {'lr': 0.0001, 'weight_decay': 0.0, 'eps': 1e-08, 'betas': [0.9, 0.99]}
Set warmup steps = 1590
Set warmup steps = 0
Max WD = 0.0500000, Min WD = 0.0500000
Start training for 100 epochs
Epoch: [0]  [  0/159]  eta: 5:52:59  lr: 0.000000  min_lr: 0.000000  loss: 0.0000 (0.0000)  weight_decay: 0.0500 (0.0500)  grad_norm: 0.0000 (0.0000)  time: 133.2018  data: 87.4490  max mem: 29504
Epoch: [0]  [ 10/159]  eta: 0:32:41  lr: 0.000001  min_lr: 0.000001  loss: 0.0000 (0.0000)  weight_decay: 0.0500 (0.0500)  grad_norm: 0.0000 (0.0000)  time: 13.1662  data: 8.1267  max mem: 30395
Epoch: [0]  [ 20/159]  eta: 0:16:47  lr: 0.000001  min_lr: 0.000001  loss: 0.0000 (0.0000)  weight_decay: 0.0500 (0.0500)  grad_norm: 0.0000 (0.0000)  time: 0.9503  data: 0.0973  max mem: 30395
Epoch: [0]  [ 30/159]  eta: 0:11:04  lr: 0.000002  min_lr: 0.000002  loss: 0.0000 (0.0000)  weight_decay: 0.0500 (0.0500)  grad_norm: 0.0000 (0.0000)  time: 0.7380  data: 0.0002  max mem: 30395
Epoch: [0]  [ 40/159]  eta: 0:08:03  lr: 0.000003  min_lr: 0.000003  loss: 0.0000 (0.0000)  weight_decay: 0.0500 (0.0500)  grad_norm: 0.0000 (0.0000)  time: 0.7138  data: 0.0002  max mem: 30395
Epoch: [0]  [ 50/159]  eta: 0:06:12  lr: 0.000003  min_lr: 0.000003  loss: 0.0000 (0.0000)  weight_decay: 0.0500 (0.0500)  grad_norm: 0.0000 (0.0000)  time: 0.7420  data: 0.0002  max mem: 30395
Epoch: [0]  [ 60/159]  eta: 0:04:54  lr: 0.000004  min_lr: 0.000004  loss: 0.0000 (0.0000)  weight_decay: 0.0500 (0.0500)  grad_norm: 0.0000 (0.0000)  time: 0.7555  data: 0.0002  max mem: 30395
Epoch: [0]  [ 70/159]  eta: 0:03:56  lr: 0.000004  min_lr: 0.000004  loss: 0.0000 (0.0000)  weight_decay: 0.0500 (0.0500)  grad_norm: 0.0000 (0.0000)  time: 0.7203  data: 0.0002  max mem: 30395
Epoch: [0]  [ 80/159]  eta: 0:03:11  lr: 0.000005  min_lr: 0.000005  loss: 0.0000 (0.0000)  weight_decay: 0.0500 (0.0500)  grad_norm: 0.0000 (0.0000)  time: 0.7219  data: 0.0001  max mem: 30395
Epoch: [0]  [ 90/159]  eta: 0:02:33  lr: 0.000006  min_lr: 0.000006  loss: 0.0000 (0.0000)  weight_decay: 0.0500 (0.0500)  grad_norm: 0.0000 (0.0000)  time: 0.6777  data: 0.0002  max mem: 30395
Epoch: [0]  [100/159]  eta: 0:02:02  lr: 0.000006  min_lr: 0.000006  loss: 0.0000 (0.0000)  weight_decay: 0.0500 (0.0500)  grad_norm: 0.0000 (0.0000)  time: 0.6992  data: 0.0002  max mem: 30395
Epoch: [0]  [110/159]  eta: 0:01:35  lr: 0.000007  min_lr: 0.000007  loss: 0.0000 (0.0000)  weight_decay: 0.0500 (0.0500)  grad_norm: 0.0000 (0.0000)  time: 0.7435  data: 0.0002  max mem: 30395
Epoch: [0]  [120/159]  eta: 0:01:12  lr: 0.000008  min_lr: 0.000008  loss: 0.0000 (0.0000)  weight_decay: 0.0500 (0.0500)  grad_norm: 0.0000 (0.0000)  time: 0.7160  data: 0.0002  max mem: 30395
Epoch: [0]  [130/159]  eta: 0:00:51  lr: 0.000008  min_lr: 0.000008  loss: 0.0000 (0.0000)  weight_decay: 0.0500 (0.0500)  grad_norm: 0.0000 (0.0000)  time: 0.7063  data: 0.0002  max mem: 30395
Epoch: [0]  [140/159]  eta: 0:00:32  lr: 0.000009  min_lr: 0.000009  loss: 0.0000 (0.0000)  weight_decay: 0.0500 (0.0500)  grad_norm: 0.0000 (0.0000)  time: 0.7058  data: 0.0001  max mem: 30395
Epoch: [0]  [150/159]  eta: 0:00:14  lr: 0.000009  min_lr: 0.000009  loss: 0.0000 (0.0000)  weight_decay: 0.0500 (0.0500)  grad_norm: 0.0000 (0.0000)  time: 0.6949  data: 0.0001  max mem: 30395
Epoch: [0]  [158/159]  eta: 0:00:01  lr: 0.000010  min_lr: 0.000010  loss: 0.0000 (0.0000)  weight_decay: 0.0500 (0.0500)  grad_norm: 0.0000 (0.0000)  time: 0.6803  data: 0.0001  max mem: 30395
Epoch: [0] Total time: 0:04:13 (1.5961 s / it)
Averaged stats: lr: 0.000010  min_lr: 0.000010  loss: 0.0000 (0.0000)  weight_decay: 0.0500 (0.0500)  grad_norm: 0.0000 (0.0000)
[Eval]   [0/2]  eta: 0:00:18  loss: 0.0000 (0.0000)  time: 9.3112  data: 9.1455  max mem: 30395
[Eval]   [1/2]  eta: 0:00:05  loss: 0.0000 (0.0000)  time: 5.0321  data: 4.5729  max mem: 30395
[Eval]  Total time: 0:00:10 (5.1941 s / it)
Eval averaged stats: loss: 0.0000 (0.0000)
[Eval] Image Metrics:  [0/2]  eta: 0:00:13    time: 6.8842  data: 6.1513  max mem: 30395
[Eval] Image Metrics:  [1/2]  eta: 0:00:03    time: 3.6784  data: 3.0758  max mem: 30395
[Eval] Image Metrics: Total time: 0:00:08 (4.1767 s / it)
[Eval] Metric Results: [Eval] MSE: 0.0000 (0.0000)  [Eval] MAE: 0.0000 (0.0000)  [Eval] PSNR: 47.0050 (47.0050)  [Eval] MS-SSIM: 0.9992 (0.9992)
Logged 9 eval images
Epoch: [1]  [  0/159]  eta: 1:41:37  lr: 0.000010  min_lr: 0.000010  loss: 0.0000 (0.0000)  weight_decay: 0.0500 (0.0500)  grad_norm: 0.0000 (0.0000)  time: 38.3463  data: 36.7865  max mem: 30401
Epoch: [1]  [ 10/159]  eta: 0:11:00  lr: 0.000011  min_lr: 0.000011  loss: 0.0000 (0.0000)  weight_decay: 0.0500 (0.0500)  grad_norm: 0.0000 (0.0000)  time: 4.4331  data: 3.6566  max mem: 30401
Epoch: [1]  [ 20/159]  eta: 0:06:03  lr: 0.000011  min_lr: 0.000011  loss: 0.0000 (0.0000)  weight_decay: 0.0500 (0.0500)  grad_norm: 0.0000 (0.0000)  time: 0.8258  data: 0.1719  max mem: 30401
Epoch: [1]  [ 30/159]  eta: 0:04:13  lr: 0.000012  min_lr: 0.000012  loss: 0.0000 (0.0000)  weight_decay: 0.0500 (0.0500)  grad_norm: 0.0000 (0.0000)  time: 0.6034  data: 0.0002  max mem: 30401
Epoch: [1]  [ 40/159]  eta: 0:03:13  lr: 0.000013  min_lr: 0.000013  loss: 0.0000 (0.0000)  weight_decay: 0.0500 (0.0500)  grad_norm: 0.0000 (0.0000)  time: 0.5964  data: 0.0002  max mem: 30401
Epoch: [1]  [ 50/159]  eta: 0:02:35  lr: 0.000013  min_lr: 0.000013  loss: 0.0000 (0.0000)  weight_decay: 0.0500 (0.0500)  grad_norm: 0.0000 (0.0000)  time: 0.5955  data: 0.0002  max mem: 30401
Epoch: [1]  [ 60/159]  eta: 0:02:07  lr: 0.000014  min_lr: 0.000014  loss: 0.0000 (0.0000)  weight_decay: 0.0500 (0.0500)  grad_norm: 0.0000 (0.0000)  time: 0.5954  data: 0.0002  max mem: 30401
Epoch: [1]  [ 70/159]  eta: 0:01:46  lr: 0.000014  min_lr: 0.000014  loss: 0.0000 (0.0000)  weight_decay: 0.0500 (0.0500)  grad_norm: 0.0000 (0.0000)  time: 0.5964  data: 0.0002  max mem: 30401
Epoch: [1]  [ 80/159]  eta: 0:01:29  lr: 0.000015  min_lr: 0.000015  loss: 0.0000 (0.0000)  weight_decay: 0.0500 (0.0500)  grad_norm: 0.0000 (0.0000)  time: 0.6503  data: 0.0002  max mem: 30401
Epoch: [1]  [ 90/159]  eta: 0:01:14  lr: 0.000016  min_lr: 0.000016  loss: 0.0000 (0.0000)  weight_decay: 0.0500 (0.0500)  grad_norm: 0.0000 (0.0000)  time: 0.6695  data: 0.0002  max mem: 30401
Epoch: [1]  [100/159]  eta: 0:01:00  lr: 0.000016  min_lr: 0.000016  loss: 0.0000 (0.0000)  weight_decay: 0.0500 (0.0500)  grad_norm: 0.0000 (0.0000)  time: 0.6221  data: 0.0002  max mem: 30401
Epoch: [1]  [110/159]  eta: 0:00:48  lr: 0.000017  min_lr: 0.000017  loss: 0.0000 (0.0000)  weight_decay: 0.0500 (0.0500)  grad_norm: 0.0000 (0.0000)  time: 0.6035  data: 0.0002  max mem: 30401
Epoch: [1]  [120/159]  eta: 0:00:37  lr: 0.000018  min_lr: 0.000018  loss: 0.0000 (0.0000)  weight_decay: 0.0500 (0.0500)  grad_norm: 0.0000 (0.0000)  time: 0.6030  data: 0.0002  max mem: 30401
Epoch: [1]  [130/159]  eta: 0:00:27  lr: 0.000018  min_lr: 0.000018  loss: 0.0000 (0.0000)  weight_decay: 0.0500 (0.0500)  grad_norm: 0.0000 (0.0000)  time: 0.6008  data: 0.0002  max mem: 30401
Epoch: [1]  [140/159]  eta: 0:00:17  lr: 0.000019  min_lr: 0.000019  loss: 0.0000 (0.0000)  weight_decay: 0.0500 (0.0500)  grad_norm: 0.0000 (0.0000)  time: 0.5954  data: 0.0002  max mem: 30401
Epoch: [1]  [150/159]  eta: 0:00:07  lr: 0.000019  min_lr: 0.000019  loss: 0.0000 (0.0000)  weight_decay: 0.0500 (0.0500)  grad_norm: 0.0000 (0.0000)  time: 0.5959  data: 0.0002  max mem: 30401
Epoch: [1]  [158/159]  eta: 0:00:00  lr: 0.000020  min_lr: 0.000020  loss: 0.0000 (0.0000)  weight_decay: 0.0500 (0.0500)  grad_norm: 0.0000 (0.0000)  time: 0.5980  data: 0.0002  max mem: 30401
Epoch: [1] Total time: 0:02:20 (0.8826 s / it)
Averaged stats: lr: 0.000020  min_lr: 0.000020  loss: 0.0000 (0.0000)  weight_decay: 0.0500 (0.0500)  grad_norm: 0.0000 (0.0000)
Epoch: [2]  [  0/159]  eta: 3:29:21  lr: 0.000020  min_lr: 0.000020  loss: 0.0000 (0.0000)  weight_decay: 0.0500 (0.0500)  grad_norm: 0.0000 (0.0000)  time: 79.0041  data: 48.0390  max mem: 30401
Epoch: [2]  [ 10/159]  eta: 0:20:15  lr: 0.000021  min_lr: 0.000021  loss: 0.0000 (0.0000)  weight_decay: 0.0500 (0.0500)  grad_norm: 0.0000 (0.0000)  time: 8.1552  data: 4.3675  max mem: 30401
Epoch: [2]  [ 20/159]  eta: 0:10:44  lr: 0.000021  min_lr: 0.000021  loss: 0.0000 (0.0000)  weight_decay: 0.0500 (0.0500)  grad_norm: 0.0000 (0.0000)  time: 0.9202  data: 0.0003  max mem: 30401
Epoch: [2]  [ 30/159]  eta: 0:07:14  lr: 0.000022  min_lr: 0.000022  loss: 0.0000 (0.0000)  weight_decay: 0.0500 (0.0500)  grad_norm: 0.0000 (0.0000)  time: 0.7336  data: 0.0003  max mem: 30401
Epoch: [2]  [ 40/159]  eta: 0:05:23  lr: 0.000023  min_lr: 0.000023  loss: 0.0000 (0.0000)  weight_decay: 0.0500 (0.0500)  grad_norm: 0.0000 (0.0000)  time: 0.7071  data: 0.0003  max mem: 30401
Epoch: [2]  [ 50/159]  eta: 0:04:12  lr: 0.000023  min_lr: 0.000023  loss: 0.0000 (0.0000)  weight_decay: 0.0500 (0.0500)  grad_norm: 0.0000 (0.0000)  time: 0.6926  data: 0.0002  max mem: 30401
Epoch: [2]  [ 60/159]  eta: 0:03:21  lr: 0.000024  min_lr: 0.000024  loss: 0.0000 (0.0000)  weight_decay: 0.0500 (0.0500)  grad_norm: 0.0000 (0.0000)  time: 0.6440  data: 0.0002  max mem: 30401
Epoch: [2]  [ 70/159]  eta: 0:02:43  lr: 0.000024  min_lr: 0.000024  loss: 0.0000 (0.0000)  weight_decay: 0.0500 (0.0500)  grad_norm: 0.0000 (0.0000)  time: 0.6074  data: 0.0001  max mem: 30401
Epoch: [2]  [ 80/159]  eta: 0:02:12  lr: 0.000025  min_lr: 0.000025  loss: 0.0000 (0.0000)  weight_decay: 0.0500 (0.0500)  grad_norm: 0.0000 (0.0000)  time: 0.5950  data: 0.0002  max mem: 30401
Epoch: [2]  [ 90/159]  eta: 0:01:47  lr: 0.000026  min_lr: 0.000026  loss: 0.0000 (0.0000)  weight_decay: 0.0500 (0.0500)  grad_norm: 0.0000 (0.0000)  time: 0.5941  data: 0.0002  max mem: 30401
Epoch: [2]  [100/159]  eta: 0:01:26  lr: 0.000026  min_lr: 0.000026  loss: 0.0000 (0.0000)  weight_decay: 0.0500 (0.0500)  grad_norm: 0.0000 (0.0000)  time: 0.5932  data: 0.0002  max mem: 30401
Epoch: [2]  [110/159]  eta: 0:01:08  lr: 0.000027  min_lr: 0.000027  loss: 0.0000 (0.0000)  weight_decay: 0.0500 (0.0500)  grad_norm: 0.0000 (0.0000)  time: 0.5928  data: 0.0002  max mem: 30401
Epoch: [2]  [120/159]  eta: 0:00:51  lr: 0.000028  min_lr: 0.000028  loss: 0.0000 (0.0000)  weight_decay: 0.0500 (0.0500)  grad_norm: 0.0000 (0.0000)  time: 0.5915  data: 0.0002  max mem: 30401
Epoch: [2]  [130/159]  eta: 0:00:36  lr: 0.000028  min_lr: 0.000028  loss: 0.0000 (0.0000)  weight_decay: 0.0500 (0.0500)  grad_norm: 0.0000 (0.0000)  time: 0.5917  data: 0.0002  max mem: 30401
Epoch: [2]  [140/159]  eta: 0:00:23  lr: 0.000029  min_lr: 0.000029  loss: 0.0000 (0.0000)  weight_decay: 0.0500 (0.0500)  grad_norm: 0.0000 (0.0000)  time: 0.5922  data: 0.0002  max mem: 30401
Epoch: [2]  [150/159]  eta: 0:00:10  lr: 0.000029  min_lr: 0.000029  loss: 0.0000 (0.0000)  weight_decay: 0.0500 (0.0500)  grad_norm: 0.0000 (0.0000)  time: 0.5914  data: 0.0003  max mem: 30401
Epoch: [2]  [158/159]  eta: 0:00:01  lr: 0.000030  min_lr: 0.000030  loss: 0.0000 (0.0000)  weight_decay: 0.0500 (0.0500)  grad_norm: 0.0000 (0.0000)  time: 0.5913  data: 0.0003  max mem: 30401
Epoch: [2] Total time: 0:03:03 (1.1563 s / it)
Averaged stats: lr: 0.000030  min_lr: 0.000030  loss: 0.0000 (0.0000)  weight_decay: 0.0500 (0.0500)  grad_norm: 0.0000 (0.0000)
Epoch: [3]  [  0/159]  eta: 2:15:45  lr: 0.000030  min_lr: 0.000030  loss: 0.0000 (0.0000)  weight_decay: 0.0500 (0.0500)  grad_norm: 0.0000 (0.0000)  time: 51.2284  data: 47.2512  max mem: 30401
Epoch: [3]  [ 10/159]  eta: 0:14:05  lr: 0.000031  min_lr: 0.000031  loss: 0.0000 (0.0000)  weight_decay: 0.0500 (0.0500)  grad_norm: 0.0000 (0.0000)  time: 5.6732  data: 4.2959  max mem: 30401
Epoch: [3]  [ 20/159]  eta: 0:07:47  lr: 0.000031  min_lr: 0.000031  loss: 0.0000 (0.0000)  weight_decay: 0.0500 (0.0500)  grad_norm: 0.0000 (0.0000)  time: 0.9683  data: 0.0015  max mem: 30401
Epoch: [3]  [ 30/159]  eta: 0:05:18  lr: 0.000032  min_lr: 0.000032  loss: 0.0000 (0.0000)  weight_decay: 0.0500 (0.0500)  grad_norm: 0.0000 (0.0000)  time: 0.7121  data: 0.0014  max mem: 30401
Epoch: [3]  [ 40/159]  eta: 0:03:59  lr: 0.000033  min_lr: 0.000033  loss: 0.0000 (0.0000)  weight_decay: 0.0500 (0.0500)  grad_norm: 0.0000 (0.0000)  time: 0.5995  data: 0.0001  max mem: 30401
Epoch: [3]  [ 50/159]  eta: 0:03:09  lr: 0.000033  min_lr: 0.000033  loss: 0.0000 (0.0000)  weight_decay: 0.0500 (0.0500)  grad_norm: 0.0000 (0.0000)  time: 0.5935  data: 0.0002  max mem: 30401
Epoch: [3]  [ 60/159]  eta: 0:02:33  lr: 0.000034  min_lr: 0.000034  loss: 0.0000 (0.0000)  weight_decay: 0.0500 (0.0500)  grad_norm: 0.0000 (0.0000)  time: 0.5938  data: 0.0002  max mem: 30401
Epoch: [3]  [ 70/159]  eta: 0:02:06  lr: 0.000034  min_lr: 0.000034  loss: 0.0000 (0.0000)  weight_decay: 0.0500 (0.0500)  grad_norm: 0.0000 (0.0000)  time: 0.6397  data: 0.0002  max mem: 30401
Epoch: [3]  [ 80/159]  eta: 0:01:44  lr: 0.000035  min_lr: 0.000035  loss: 0.0000 (0.0000)  weight_decay: 0.0500 (0.0500)  grad_norm: 0.0000 (0.0000)  time: 0.6488  data: 0.0001  max mem: 30401
Epoch: [3]  [ 90/159]  eta: 0:01:25  lr: 0.000036  min_lr: 0.000036  loss: 0.0000 (0.0000)  weight_decay: 0.0500 (0.0500)  grad_norm: 0.0000 (0.0000)  time: 0.6043  data: 0.0001  max mem: 30401
Epoch: [3]  [100/159]  eta: 0:01:09  lr: 0.000036  min_lr: 0.000036  loss: 0.0000 (0.0000)  weight_decay: 0.0500 (0.0500)  grad_norm: 0.0000 (0.0000)  time: 0.5972  data: 0.0001  max mem: 30401
Epoch: [3]  [110/159]  eta: 0:00:55  lr: 0.000037  min_lr: 0.000037  loss: 0.0000 (0.0000)  weight_decay: 0.0500 (0.0500)  grad_norm: 0.0000 (0.0000)  time: 0.6604  data: 0.0001  max mem: 30401
Epoch: [3]  [120/159]  eta: 0:00:43  lr: 0.000038  min_lr: 0.000038  loss: 0.0000 (0.0000)  weight_decay: 0.0500 (0.0500)  grad_norm: 0.0000 (0.0000)  time: 0.7200  data: 0.0002  max mem: 30401
Epoch: [3]  [130/159]  eta: 0:00:31  lr: 0.000038  min_lr: 0.000038  loss: 0.0000 (0.0000)  weight_decay: 0.0500 (0.0500)  grad_norm: 0.0000 (0.0000)  time: 0.7416  data: 0.0001  max mem: 30401
Epoch: [3]  [140/159]  eta: 0:00:19  lr: 0.000039  min_lr: 0.000039  loss: 0.0000 (0.0000)  weight_decay: 0.0500 (0.0500)  grad_norm: 0.0000 (0.0000)  time: 0.7186  data: 0.0002  max mem: 30401
Epoch: [3]  [150/159]  eta: 0:00:09  lr: 0.000039  min_lr: 0.000039  loss: 0.0000 (0.0000)  weight_decay: 0.0500 (0.0500)  grad_norm: 0.0000 (0.0000)  time: 0.6912  data: 0.0002  max mem: 30401
Epoch: [3]  [158/159]  eta: 0:00:01  lr: 0.000040  min_lr: 0.000040  loss: 0.0000 (0.0000)  weight_decay: 0.0500 (0.0500)  grad_norm: 0.0000 (0.0000)  time: 0.7222  data: 0.0001  max mem: 30401
Epoch: [3] Total time: 0:02:42 (1.0205 s / it)
Averaged stats: lr: 0.000040  min_lr: 0.000040  loss: 0.0000 (0.0000)  weight_decay: 0.0500 (0.0500)  grad_norm: 0.0000 (0.0000)
Epoch: [4]  [  0/159]  eta: 2:17:15  lr: 0.000040  min_lr: 0.000040  loss: 0.0000 (0.0000)  weight_decay: 0.0500 (0.0500)  grad_norm: 0.0000 (0.0000)  time: 51.7947  data: 42.4930  max mem: 30401
Epoch: [4]  [ 10/159]  eta: 0:15:57  lr: 0.000041  min_lr: 0.000041  loss: 0.0000 (0.0000)  weight_decay: 0.0500 (0.0500)  grad_norm: 0.0000 (0.0000)  time: 6.4256  data: 3.8634  max mem: 30401
Epoch: [4]  [ 20/159]  eta: 0:08:31  lr: 0.000041  min_lr: 0.000041  loss: 0.0000 (0.0000)  weight_decay: 0.0500 (0.0500)  grad_norm: 0.0000 (0.0000)  time: 1.2713  data: 0.0003  max mem: 30401
Epoch: [4]  [ 30/159]  eta: 0:05:47  lr: 0.000042  min_lr: 0.000042  loss: 0.0000 (0.0000)  weight_decay: 0.0500 (0.0500)  grad_norm: 0.0000 (0.0000)  time: 0.6452  data: 0.0003  max mem: 30401
Epoch: [4]  [ 40/159]  eta: 0:04:21  lr: 0.000043  min_lr: 0.000043  loss: 0.0000 (0.0000)  weight_decay: 0.0500 (0.0500)  grad_norm: 0.0000 (0.0000)  time: 0.6362  data: 0.0002  max mem: 30401
Epoch: [4]  [ 50/159]  eta: 0:03:25  lr: 0.000043  min_lr: 0.000043  loss: 0.0000 (0.0000)  weight_decay: 0.0500 (0.0500)  grad_norm: 0.0000 (0.0000)  time: 0.6234  data: 0.0002  max mem: 30401
Epoch: [4]  [ 60/159]  eta: 0:02:47  lr: 0.000044  min_lr: 0.000044  loss: 0.0000 (0.0000)  weight_decay: 0.0500 (0.0500)  grad_norm: 0.0000 (0.0000)  time: 0.6681  data: 0.0002  max mem: 30401
Epoch: [4]  [ 70/159]  eta: 0:02:17  lr: 0.000044  min_lr: 0.000044  loss: 0.0000 (0.0000)  weight_decay: 0.0500 (0.0500)  grad_norm: 0.0000 (0.0000)  time: 0.6998  data: 0.0001  max mem: 30401
Epoch: [4]  [ 80/159]  eta: 0:01:54  lr: 0.000045  min_lr: 0.000045  loss: 0.0000 (0.0000)  weight_decay: 0.0500 (0.0500)  grad_norm: 0.0000 (0.0000)  time: 0.6827  data: 0.0001  max mem: 30401
Epoch: [4]  [ 90/159]  eta: 0:01:33  lr: 0.000046  min_lr: 0.000046  loss: 0.0000 (0.0000)  weight_decay: 0.0500 (0.0500)  grad_norm: 0.0000 (0.0000)  time: 0.6784  data: 0.0002  max mem: 30401
Epoch: [4]  [100/159]  eta: 0:01:16  lr: 0.000046  min_lr: 0.000046  loss: 0.0000 (0.0000)  weight_decay: 0.0500 (0.0500)  grad_norm: 0.0000 (0.0000)  time: 0.6752  data: 0.0002  max mem: 30401
Epoch: [4]  [110/159]  eta: 0:01:00  lr: 0.000047  min_lr: 0.000047  loss: 0.0000 (0.0000)  weight_decay: 0.0500 (0.0500)  grad_norm: 0.0000 (0.0000)  time: 0.6957  data: 0.0001  max mem: 30401
Epoch: [4]  [120/159]  eta: 0:00:46  lr: 0.000048  min_lr: 0.000048  loss: 0.0000 (0.0000)  weight_decay: 0.0500 (0.0500)  grad_norm: 0.0000 (0.0000)  time: 0.7132  data: 0.0002  max mem: 30401
Epoch: [4]  [130/159]  eta: 0:00:33  lr: 0.000048  min_lr: 0.000048  loss: 0.0000 (0.0000)  weight_decay: 0.0500 (0.0500)  grad_norm: 0.0000 (0.0000)  time: 0.6794  data: 0.0001  max mem: 30401
Epoch: [4]  [140/159]  eta: 0:00:21  lr: 0.000049  min_lr: 0.000049  loss: 0.0000 (0.0000)  weight_decay: 0.0500 (0.0500)  grad_norm: 0.0000 (0.0000)  time: 0.6738  data: 0.0001  max mem: 30401
Epoch: [4]  [150/159]  eta: 0:00:09  lr: 0.000049  min_lr: 0.000049  loss: 0.0000 (0.0000)  weight_decay: 0.0500 (0.0500)  grad_norm: 0.0000 (0.0000)  time: 0.6979  data: 0.0001  max mem: 30401
Epoch: [4]  [158/159]  eta: 0:00:01  lr: 0.000050  min_lr: 0.000050  loss: 0.0000 (0.0000)  weight_decay: 0.0500 (0.0500)  grad_norm: 0.0000 (0.0000)  time: 0.6958  data: 0.0001  max mem: 30401
Epoch: [4] Total time: 0:02:52 (1.0818 s / it)
Averaged stats: lr: 0.000050  min_lr: 0.000050  loss: 0.0000 (0.0000)  weight_decay: 0.0500 (0.0500)  grad_norm: 0.0000 (0.0000)
Epoch: [5]  [  0/159]  eta: 2:25:06  lr: 0.000050  min_lr: 0.000050  loss: 0.0000 (0.0000)  weight_decay: 0.0500 (0.0500)  grad_norm: 0.0000 (0.0000)  time: 54.7550  data: 49.3865  max mem: 30401
Epoch: [5]  [ 10/159]  eta: 0:14:43  lr: 0.000051  min_lr: 0.000051  loss: 0.0000 (0.0000)  weight_decay: 0.0500 (0.0500)  grad_norm: 0.0000 (0.0000)  time: 5.9328  data: 4.4924  max mem: 30401
Epoch: [5]  [ 20/159]  eta: 0:07:59  lr: 0.000051  min_lr: 0.000051  loss: 0.0000 (0.0000)  weight_decay: 0.0500 (0.0500)  grad_norm: 0.0000 (0.0000)  time: 0.8868  data: 0.0017  max mem: 30401
Epoch: [5]  [ 30/159]  eta: 0:05:31  lr: 0.000052  min_lr: 0.000052  loss: 0.0000 (0.0000)  weight_decay: 0.0500 (0.0500)  grad_norm: 0.0000 (0.0000)  time: 0.7252  data: 0.0003  max mem: 30401
Epoch: [5]  [ 40/159]  eta: 0:04:09  lr: 0.000053  min_lr: 0.000053  loss: 0.0000 (0.0000)  weight_decay: 0.0500 (0.0500)  grad_norm: 0.0000 (0.0000)  time: 0.6762  data: 0.0002  max mem: 30401
Epoch: [5]  [ 50/159]  eta: 0:03:17  lr: 0.000053  min_lr: 0.000053  loss: 0.0000 (0.0000)  weight_decay: 0.0500 (0.0500)  grad_norm: 0.0000 (0.0000)  time: 0.6390  data: 0.0001  max mem: 30401
Epoch: [5]  [ 60/159]  eta: 0:02:40  lr: 0.000054  min_lr: 0.000054  loss: 0.0000 (0.0000)  weight_decay: 0.0500 (0.0500)  grad_norm: 0.0000 (0.0000)  time: 0.6393  data: 0.0002  max mem: 30401
Epoch: [5]  [ 70/159]  eta: 0:02:11  lr: 0.000054  min_lr: 0.000054  loss: 0.0000 (0.0000)  weight_decay: 0.0500 (0.0500)  grad_norm: 0.0000 (0.0000)  time: 0.6154  data: 0.0002  max mem: 30401
Epoch: [5]  [ 80/159]  eta: 0:01:48  lr: 0.000055  min_lr: 0.000055  loss: 0.0000 (0.0000)  weight_decay: 0.0500 (0.0500)  grad_norm: 0.0000 (0.0000)  time: 0.6008  data: 0.0002  max mem: 30401
Epoch: [5]  [ 90/159]  eta: 0:01:28  lr: 0.000056  min_lr: 0.000056  loss: 0.0000 (0.0000)  weight_decay: 0.0500 (0.0500)  grad_norm: 0.0000 (0.0000)  time: 0.5949  data: 0.0002  max mem: 30401
Epoch: [5]  [100/159]  eta: 0:01:11  lr: 0.000056  min_lr: 0.000056  loss: 0.0000 (0.0000)  weight_decay: 0.0500 (0.0500)  grad_norm: 0.0000 (0.0000)  time: 0.5938  data: 0.0002  max mem: 30401
Epoch: [5]  [110/159]  eta: 0:00:56  lr: 0.000057  min_lr: 0.000057  loss: 0.0000 (0.0000)  weight_decay: 0.0500 (0.0500)  grad_norm: 0.0000 (0.0000)  time: 0.5925  data: 0.0002  max mem: 30401
Epoch: [5]  [120/159]  eta: 0:00:43  lr: 0.000058  min_lr: 0.000058  loss: 0.0000 (0.0000)  weight_decay: 0.0500 (0.0500)  grad_norm: 0.0000 (0.0000)  time: 0.5895  data: 0.0002  max mem: 30401
Epoch: [5]  [130/159]  eta: 0:00:31  lr: 0.000058  min_lr: 0.000058  loss: 0.0000 (0.0000)  weight_decay: 0.0500 (0.0500)  grad_norm: 0.0000 (0.0000)  time: 0.5899  data: 0.0002  max mem: 30401
Epoch: [5]  [140/159]  eta: 0:00:19  lr: 0.000059  min_lr: 0.000059  loss: 0.0000 (0.0000)  weight_decay: 0.0500 (0.0500)  grad_norm: 0.0000 (0.0000)  time: 0.6298  data: 0.0002  max mem: 30401
Epoch: [5]  [150/159]  eta: 0:00:09  lr: 0.000059  min_lr: 0.000059  loss: 0.0000 (0.0000)  weight_decay: 0.0500 (0.0500)  grad_norm: 0.0000 (0.0000)  time: 0.6323  data: 0.0002  max mem: 30401
Epoch: [5]  [158/159]  eta: 0:00:00  lr: 0.000060  min_lr: 0.000060  loss: 0.0000 (0.0000)  weight_decay: 0.0500 (0.0500)  grad_norm: 0.0000 (0.0000)  time: 0.5992  data: 0.0002  max mem: 30401
Epoch: [5] Total time: 0:02:39 (1.0015 s / it)
Averaged stats: lr: 0.000060  min_lr: 0.000060  loss: 0.0000 (0.0000)  weight_decay: 0.0500 (0.0500)  grad_norm: 0.0000 (0.0000)
Epoch: [6]  [  0/159]  eta: 2:15:28  lr: 0.000060  min_lr: 0.000060  loss: 0.0000 (0.0000)  weight_decay: 0.0500 (0.0500)  grad_norm: 0.0000 (0.0000)  time: 51.1200  data: 48.0220  max mem: 30401
Epoch: [6]  [ 10/159]  eta: 0:14:11  lr: 0.000061  min_lr: 0.000061  loss: 0.0000 (0.0000)  weight_decay: 0.0500 (0.0500)  grad_norm: 0.0000 (0.0000)  time: 5.7148  data: 4.3660  max mem: 30401
Epoch: [6]  [ 20/159]  eta: 0:07:49  lr: 0.000061  min_lr: 0.000061  loss: 0.0000 (0.0000)  weight_decay: 0.0500 (0.0500)  grad_norm: 0.0000 (0.0000)  time: 0.9924  data: 0.0004  max mem: 30401
Epoch: [6]  [ 30/159]  eta: 0:05:20  lr: 0.000062  min_lr: 0.000062  loss: 0.0000 (0.0000)  weight_decay: 0.0500 (0.0500)  grad_norm: 0.0000 (0.0000)  time: 0.7049  data: 0.0003  max mem: 30401
Epoch: [6]  [ 40/159]  eta: 0:04:00  lr: 0.000063  min_lr: 0.000063  loss: 0.0000 (0.0000)  weight_decay: 0.0500 (0.0500)  grad_norm: 0.0000 (0.0000)  time: 0.5956  data: 0.0002  max mem: 30401
Epoch: [6]  [ 50/159]  eta: 0:03:09  lr: 0.000063  min_lr: 0.000063  loss: 0.0000 (0.0000)  weight_decay: 0.0500 (0.0500)  grad_norm: 0.0000 (0.0000)  time: 0.5930  data: 0.0002  max mem: 30401
Epoch: [6]  [ 60/159]  eta: 0:02:33  lr: 0.000064  min_lr: 0.000064  loss: 0.0000 (0.0000)  weight_decay: 0.0500 (0.0500)  grad_norm: 0.0000 (0.0000)  time: 0.5965  data: 0.0002  max mem: 30401
Epoch: [6]  [ 70/159]  eta: 0:02:06  lr: 0.000064  min_lr: 0.000064  loss: 0.0000 (0.0000)  weight_decay: 0.0500 (0.0500)  grad_norm: 0.0000 (0.0000)  time: 0.6119  data: 0.0002  max mem: 30401
Epoch: [6]  [ 80/159]  eta: 0:01:44  lr: 0.000065  min_lr: 0.000065  loss: 0.0000 (0.0000)  weight_decay: 0.0500 (0.0500)  grad_norm: 0.0000 (0.0000)  time: 0.6093  data: 0.0002  max mem: 30401
Epoch: [6]  [ 90/159]  eta: 0:01:25  lr: 0.000066  min_lr: 0.000066  loss: 0.0000 (0.0000)  weight_decay: 0.0500 (0.0500)  grad_norm: 0.0000 (0.0000)  time: 0.5936  data: 0.0002  max mem: 30401
Epoch: [6]  [100/159]  eta: 0:01:09  lr: 0.000066  min_lr: 0.000066  loss: 0.0000 (0.0000)  weight_decay: 0.0500 (0.0500)  grad_norm: 0.0000 (0.0000)  time: 0.5941  data: 0.0002  max mem: 30401
Epoch: [6]  [110/159]  eta: 0:00:55  lr: 0.000067  min_lr: 0.000067  loss: 0.0000 (0.0000)  weight_decay: 0.0500 (0.0500)  grad_norm: 0.0000 (0.0000)  time: 0.5940  data: 0.0002  max mem: 30401
Epoch: [6]  [120/159]  eta: 0:00:42  lr: 0.000068  min_lr: 0.000068  loss: 0.0000 (0.0000)  weight_decay: 0.0500 (0.0500)  grad_norm: 0.0000 (0.0000)  time: 0.5935  data: 0.0002  max mem: 30401
Epoch: [6]  [130/159]  eta: 0:00:30  lr: 0.000068  min_lr: 0.000068  loss: 0.0000 (0.0000)  weight_decay: 0.0500 (0.0500)  grad_norm: 0.0000 (0.0000)  time: 0.5926  data: 0.0002  max mem: 30401
Epoch: [6]  [140/159]  eta: 0:00:19  lr: 0.000069  min_lr: 0.000069  loss: 0.0000 (0.0000)  weight_decay: 0.0500 (0.0500)  grad_norm: 0.0000 (0.0000)  time: 0.5922  data: 0.0002  max mem: 30401
Epoch: [6]  [150/159]  eta: 0:00:08  lr: 0.000069  min_lr: 0.000069  loss: 0.0000 (0.0000)  weight_decay: 0.0500 (0.0500)  grad_norm: 0.0000 (0.0000)  time: 0.5931  data: 0.0002  max mem: 30401
Epoch: [6]  [158/159]  eta: 0:00:00  lr: 0.000070  min_lr: 0.000070  loss: 0.0000 (0.0000)  weight_decay: 0.0500 (0.0500)  grad_norm: 0.0000 (0.0000)  time: 0.5930  data: 0.0002  max mem: 30401
Epoch: [6] Total time: 0:02:34 (0.9731 s / it)
Averaged stats: lr: 0.000070  min_lr: 0.000070  loss: 0.0000 (0.0000)  weight_decay: 0.0500 (0.0500)  grad_norm: 0.0000 (0.0000)
Epoch: [7]  [  0/159]  eta: 3:59:27  lr: 0.000070  min_lr: 0.000070  loss: 0.0000 (0.0000)  weight_decay: 0.0500 (0.0500)  grad_norm: 0.0000 (0.0000)  time: 90.3631  data: 67.1285  max mem: 30401
Epoch: [7]  [ 10/159]  eta: 0:25:55  lr: 0.000071  min_lr: 0.000071  loss: 0.0000 (0.0000)  weight_decay: 0.0500 (0.0500)  grad_norm: 0.0000 (0.0000)  time: 10.4396  data: 6.1029  max mem: 30401
Epoch: [7]  [ 20/159]  eta: 0:13:28  lr: 0.000071  min_lr: 0.000071  loss: 0.0000 (0.0000)  weight_decay: 0.0500 (0.0500)  grad_norm: 0.0000 (0.0000)  time: 1.5897  data: 0.0003  max mem: 30401
Epoch: [7]  [ 30/159]  eta: 0:08:55  lr: 0.000072  min_lr: 0.000072  loss: 0.0000 (0.0000)  weight_decay: 0.0500 (0.0500)  grad_norm: 0.0000 (0.0000)  time: 0.6873  data: 0.0002  max mem: 30401
Epoch: [7]  [ 40/159]  eta: 0:06:31  lr: 0.000073  min_lr: 0.000073  loss: 0.0000 (0.0000)  weight_decay: 0.0500 (0.0500)  grad_norm: 0.0000 (0.0000)  time: 0.6358  data: 0.0002  max mem: 30401
Epoch: [7]  [ 50/159]  eta: 0:05:01  lr: 0.000073  min_lr: 0.000073  loss: 0.0000 (0.0000)  weight_decay: 0.0500 (0.0500)  grad_norm: 0.0000 (0.0000)  time: 0.6260  data: 0.0002  max mem: 30401
Epoch: [7]  [ 60/159]  eta: 0:03:59  lr: 0.000074  min_lr: 0.000074  loss: 0.0000 (0.0000)  weight_decay: 0.0500 (0.0500)  grad_norm: 0.0000 (0.0000)  time: 0.6245  data: 0.0002  max mem: 30401
Epoch: [7]  [ 70/159]  eta: 0:03:13  lr: 0.000074  min_lr: 0.000074  loss: 0.0000 (0.0000)  weight_decay: 0.0500 (0.0500)  grad_norm: 0.0000 (0.0000)  time: 0.6585  data: 0.0002  max mem: 30401
Epoch: [7]  [ 80/159]  eta: 0:02:37  lr: 0.000075  min_lr: 0.000075  loss: 0.0000 (0.0000)  weight_decay: 0.0500 (0.0500)  grad_norm: 0.0000 (0.0000)  time: 0.7042  data: 0.0002  max mem: 30401
Epoch: [7]  [ 90/159]  eta: 0:02:07  lr: 0.000076  min_lr: 0.000076  loss: 0.0000 (0.0000)  weight_decay: 0.0500 (0.0500)  grad_norm: 0.0000 (0.0000)  time: 0.7087  data: 0.0001  max mem: 30401
Epoch: [7]  [100/159]  eta: 0:01:42  lr: 0.000076  min_lr: 0.000076  loss: 0.0000 (0.0000)  weight_decay: 0.0500 (0.0500)  grad_norm: 0.0000 (0.0000)  time: 0.6913  data: 0.0001  max mem: 30401
Epoch: [7]  [110/159]  eta: 0:01:20  lr: 0.000077  min_lr: 0.000077  loss: 0.0000 (0.0000)  weight_decay: 0.0500 (0.0500)  grad_norm: 0.0000 (0.0000)  time: 0.6599  data: 0.0002  max mem: 30401
Epoch: [7]  [120/159]  eta: 0:01:00  lr: 0.000078  min_lr: 0.000078  loss: 0.0000 (0.0000)  weight_decay: 0.0500 (0.0500)  grad_norm: 0.0000 (0.0000)  time: 0.6675  data: 0.0002  max mem: 30401
Epoch: [7]  [130/159]  eta: 0:00:43  lr: 0.000078  min_lr: 0.000078  loss: 0.0000 (0.0000)  weight_decay: 0.0500 (0.0500)  grad_norm: 0.0000 (0.0000)  time: 0.7225  data: 0.0002  max mem: 30401
Epoch: [7]  [140/159]  eta: 0:00:27  lr: 0.000079  min_lr: 0.000079  loss: 0.0000 (0.0000)  weight_decay: 0.0500 (0.0500)  grad_norm: 0.0000 (0.0000)  time: 0.7192  data: 0.0001  max mem: 30401
Epoch: [7]  [150/159]  eta: 0:00:12  lr: 0.000079  min_lr: 0.000079  loss: 0.0000 (0.0000)  weight_decay: 0.0500 (0.0500)  grad_norm: 0.0000 (0.0000)  time: 0.6557  data: 0.0001  max mem: 30401
Epoch: [7]  [158/159]  eta: 0:00:01  lr: 0.000080  min_lr: 0.000080  loss: 0.0000 (0.0000)  weight_decay: 0.0500 (0.0500)  grad_norm: 0.0000 (0.0000)  time: 0.6432  data: 0.0002  max mem: 30401
Epoch: [7] Total time: 0:03:35 (1.3579 s / it)
Averaged stats: lr: 0.000080  min_lr: 0.000080  loss: 0.0000 (0.0000)  weight_decay: 0.0500 (0.0500)  grad_norm: 0.0000 (0.0000)
Epoch: [8]  [  0/159]  eta: 2:22:07  lr: 0.000080  min_lr: 0.000080  loss: 0.0000 (0.0000)  weight_decay: 0.0500 (0.0500)  grad_norm: 0.0000 (0.0000)  time: 53.6296  data: 46.4106  max mem: 30401
Epoch: [8]  [ 10/159]  eta: 0:14:15  lr: 0.000081  min_lr: 0.000081  loss: 0.0000 (0.0000)  weight_decay: 0.0500 (0.0500)  grad_norm: 0.0000 (0.0000)  time: 5.7383  data: 4.2195  max mem: 30401
Epoch: [8]  [ 20/159]  eta: 0:07:51  lr: 0.000081  min_lr: 0.000081  loss: 0.0000 (0.0000)  weight_decay: 0.0500 (0.0500)  grad_norm: 0.0000 (0.0000)  time: 0.8771  data: 0.0003  max mem: 30401
Epoch: [8]  [ 30/159]  eta: 0:05:21  lr: 0.000082  min_lr: 0.000082  loss: 0.0000 (0.0000)  weight_decay: 0.0500 (0.0500)  grad_norm: 0.0000 (0.0000)  time: 0.7084  data: 0.0002  max mem: 30401
Epoch: [8]  [ 40/159]  eta: 0:04:01  lr: 0.000083  min_lr: 0.000083  loss: 0.0000 (0.0000)  weight_decay: 0.0500 (0.0500)  grad_norm: 0.0000 (0.0000)  time: 0.6059  data: 0.0001  max mem: 30401
Epoch: [8]  [ 50/159]  eta: 0:03:12  lr: 0.000083  min_lr: 0.000083  loss: 0.0000 (0.0000)  weight_decay: 0.0500 (0.0500)  grad_norm: 0.0000 (0.0000)  time: 0.6489  data: 0.0002  max mem: 30401
Epoch: [8]  [ 60/159]  eta: 0:02:36  lr: 0.000084  min_lr: 0.000084  loss: 0.0000 (0.0000)  weight_decay: 0.0500 (0.0500)  grad_norm: 0.0000 (0.0000)  time: 0.6473  data: 0.0002  max mem: 30401
Epoch: [8]  [ 70/159]  eta: 0:02:08  lr: 0.000084  min_lr: 0.000084  loss: 0.0000 (0.0000)  weight_decay: 0.0500 (0.0500)  grad_norm: 0.0000 (0.0000)  time: 0.5946  data: 0.0001  max mem: 30401
Epoch: [8]  [ 80/159]  eta: 0:01:45  lr: 0.000085  min_lr: 0.000085  loss: 0.0000 (0.0000)  weight_decay: 0.0500 (0.0500)  grad_norm: 0.0000 (0.0000)  time: 0.5927  data: 0.0001  max mem: 30401
Epoch: [8]  [ 90/159]  eta: 0:01:26  lr: 0.000086  min_lr: 0.000086  loss: 0.0000 (0.0000)  weight_decay: 0.0500 (0.0500)  grad_norm: 0.0000 (0.0000)  time: 0.5921  data: 0.0001  max mem: 30401
Epoch: [8]  [100/159]  eta: 0:01:10  lr: 0.000086  min_lr: 0.000086  loss: 0.0000 (0.0000)  weight_decay: 0.0500 (0.0500)  grad_norm: 0.0000 (0.0000)  time: 0.5899  data: 0.0001  max mem: 30401
Epoch: [8]  [110/159]  eta: 0:00:55  lr: 0.000087  min_lr: 0.000087  loss: 0.0000 (0.0000)  weight_decay: 0.0500 (0.0500)  grad_norm: 0.0000 (0.0000)  time: 0.5900  data: 0.0001  max mem: 30401
Epoch: [8]  [120/159]  eta: 0:00:42  lr: 0.000088  min_lr: 0.000088  loss: 0.0000 (0.0000)  weight_decay: 0.0500 (0.0500)  grad_norm: 0.0000 (0.0000)  time: 0.5889  data: 0.0001  max mem: 30401
Epoch: [8]  [130/159]  eta: 0:00:30  lr: 0.000088  min_lr: 0.000088  loss: 0.0000 (0.0000)  weight_decay: 0.0500 (0.0500)  grad_norm: 0.0000 (0.0000)  time: 0.5865  data: 0.0001  max mem: 30401
Epoch: [8]  [140/159]  eta: 0:00:19  lr: 0.000089  min_lr: 0.000089  loss: 0.0000 (0.0000)  weight_decay: 0.0500 (0.0500)  grad_norm: 0.0000 (0.0000)  time: 0.5873  data: 0.0001  max mem: 30401
Epoch: [8]  [150/159]  eta: 0:00:08  lr: 0.000089  min_lr: 0.000089  loss: 0.0000 (0.0000)  weight_decay: 0.0500 (0.0500)  grad_norm: 0.0000 (0.0000)  time: 0.5880  data: 0.0001  max mem: 30401
Epoch: [8]  [158/159]  eta: 0:00:00  lr: 0.000090  min_lr: 0.000090  loss: 0.0000 (0.0000)  weight_decay: 0.0500 (0.0500)  grad_norm: 0.0000 (0.0000)  time: 0.6198  data: 0.0001  max mem: 30401
Epoch: [8] Total time: 0:02:36 (0.9819 s / it)
Averaged stats: lr: 0.000090  min_lr: 0.000090  loss: 0.0000 (0.0000)  weight_decay: 0.0500 (0.0500)  grad_norm: 0.0000 (0.0000)
Epoch: [9]  [  0/159]  eta: 2:19:42  lr: 0.000090  min_lr: 0.000090  loss: 0.0000 (0.0000)  weight_decay: 0.0500 (0.0500)  grad_norm: 0.0000 (0.0000)  time: 52.7171  data: 44.7444  max mem: 30401
Epoch: [9]  [ 10/159]  eta: 0:13:52  lr: 0.000091  min_lr: 0.000091  loss: 0.0000 (0.0000)  weight_decay: 0.0500 (0.0500)  grad_norm: 0.0000 (0.0000)  time: 5.5887  data: 4.0680  max mem: 30401
Epoch: [9]  [ 20/159]  eta: 0:07:31  lr: 0.000091  min_lr: 0.000091  loss: 0.0000 (0.0000)  weight_decay: 0.0500 (0.0500)  grad_norm: 0.0000 (0.0000)  time: 0.7755  data: 0.0003  max mem: 30401
Epoch: [9]  [ 30/159]  eta: 0:05:11  lr: 0.000092  min_lr: 0.000092  loss: 0.0000 (0.0000)  weight_decay: 0.0500 (0.0500)  grad_norm: 0.0000 (0.0000)  time: 0.6733  data: 0.0002  max mem: 30401
Epoch: [9]  [ 40/159]  eta: 0:03:56  lr: 0.000093  min_lr: 0.000093  loss: 0.0000 (0.0000)  weight_decay: 0.0500 (0.0500)  grad_norm: 0.0000 (0.0000)  time: 0.6585  data: 0.0003  max mem: 30401
Epoch: [9]  [ 50/159]  eta: 0:03:10  lr: 0.000093  min_lr: 0.000093  loss: 0.0000 (0.0000)  weight_decay: 0.0500 (0.0500)  grad_norm: 0.0000 (0.0000)  time: 0.7028  data: 0.0003  max mem: 30401
Epoch: [9]  [ 60/159]  eta: 0:02:36  lr: 0.000094  min_lr: 0.000094  loss: 0.0000 (0.0000)  weight_decay: 0.0500 (0.0500)  grad_norm: 0.0000 (0.0000)  time: 0.7408  data: 0.0002  max mem: 30401
Epoch: [9]  [ 70/159]  eta: 0:02:08  lr: 0.000094  min_lr: 0.000094  loss: 0.0000 (0.0000)  weight_decay: 0.0500 (0.0500)  grad_norm: 0.0000 (0.0000)  time: 0.6834  data: 0.0002  max mem: 30401
Epoch: [9]  [ 80/159]  eta: 0:01:47  lr: 0.000095  min_lr: 0.000095  loss: 0.0000 (0.0000)  weight_decay: 0.0500 (0.0500)  grad_norm: 0.0000 (0.0000)  time: 0.6822  data: 0.0002  max mem: 30401
Epoch: [9]  [ 90/159]  eta: 0:01:28  lr: 0.000096  min_lr: 0.000096  loss: 0.0000 (0.0000)  weight_decay: 0.0500 (0.0500)  grad_norm: 0.0000 (0.0000)  time: 0.6933  data: 0.0001  max mem: 30401
Epoch: [9]  [100/159]  eta: 0:01:11  lr: 0.000096  min_lr: 0.000096  loss: 0.0000 (0.0000)  weight_decay: 0.0500 (0.0500)  grad_norm: 0.0000 (0.0000)  time: 0.6673  data: 0.0001  max mem: 30401
Epoch: [9]  [110/159]  eta: 0:00:57  lr: 0.000097  min_lr: 0.000097  loss: 0.0000 (0.0000)  weight_decay: 0.0500 (0.0500)  grad_norm: 0.0000 (0.0000)  time: 0.6696  data: 0.0001  max mem: 30401
Epoch: [9]  [120/159]  eta: 0:00:43  lr: 0.000098  min_lr: 0.000098  loss: 0.0000 (0.0000)  weight_decay: 0.0500 (0.0500)  grad_norm: 0.0000 (0.0000)  time: 0.6439  data: 0.0002  max mem: 30401
Epoch: [9]  [130/159]  eta: 0:00:31  lr: 0.000098  min_lr: 0.000098  loss: 0.0000 (0.0000)  weight_decay: 0.0500 (0.0500)  grad_norm: 0.0000 (0.0000)  time: 0.6014  data: 0.0002  max mem: 30401
Epoch: [9]  [140/159]  eta: 0:00:19  lr: 0.000099  min_lr: 0.000099  loss: 0.0000 (0.0000)  weight_decay: 0.0500 (0.0500)  grad_norm: 0.0000 (0.0000)  time: 0.5851  data: 0.0001  max mem: 30401
Epoch: [9]  [150/159]  eta: 0:00:09  lr: 0.000099  min_lr: 0.000099  loss: 0.0000 (0.0000)  weight_decay: 0.0500 (0.0500)  grad_norm: 0.0000 (0.0000)  time: 0.5821  data: 0.0002  max mem: 30401
Epoch: [9]  [158/159]  eta: 0:00:00  lr: 0.000100  min_lr: 0.000100  loss: 0.0000 (0.0000)  weight_decay: 0.0500 (0.0500)  grad_norm: 0.0000 (0.0000)  time: 0.5814  data: 0.0002  max mem: 30401
Epoch: [9] Total time: 0:02:39 (1.0042 s / it)
Averaged stats: lr: 0.000100  min_lr: 0.000100  loss: 0.0000 (0.0000)  weight_decay: 0.0500 (0.0500)  grad_norm: 0.0000 (0.0000)
Epoch: [10]  [  0/159]  eta: 4:30:40  lr: 0.000100  min_lr: 0.000100  loss: 0.0000 (0.0000)  weight_decay: 0.0500 (0.0500)  grad_norm: 0.0000 (0.0000)  time: 102.1430  data: 86.7447  max mem: 30401
Epoch: [10]  [ 10/159]  eta: 0:24:56  lr: 0.000100  min_lr: 0.000100  loss: 0.0000 (0.0000)  weight_decay: 0.0500 (0.0500)  grad_norm: 0.0000 (0.0000)  time: 10.0445  data: 7.8865  max mem: 30401
Epoch: [10]  [ 20/159]  eta: 0:12:56  lr: 0.000100  min_lr: 0.000100  loss: 0.0000 (0.0000)  weight_decay: 0.0500 (0.0500)  grad_norm: 0.0000 (0.0000)  time: 0.7555  data: 0.0005  max mem: 30401
Epoch: [10]  [ 30/159]  eta: 0:08:35  lr: 0.000100  min_lr: 0.000100  loss: 0.0000 (0.0000)  weight_decay: 0.0500 (0.0500)  grad_norm: 0.0000 (0.0000)  time: 0.6751  data: 0.0002  max mem: 30401
Epoch: [10]  [ 40/159]  eta: 0:06:17  lr: 0.000100  min_lr: 0.000100  loss: 0.0000 (0.0000)  weight_decay: 0.0500 (0.0500)  grad_norm: 0.0000 (0.0000)  time: 0.6487  data: 0.0002  max mem: 30401
Epoch: [10]  [ 50/159]  eta: 0:04:51  lr: 0.000100  min_lr: 0.000100  loss: 0.0000 (0.0000)  weight_decay: 0.0500 (0.0500)  grad_norm: 0.0000 (0.0000)  time: 0.6265  data: 0.0002  max mem: 30401
Epoch: [10]  [ 60/159]  eta: 0:03:51  lr: 0.000100  min_lr: 0.000100  loss: 0.0000 (0.0000)  weight_decay: 0.0500 (0.0500)  grad_norm: 0.0000 (0.0000)  time: 0.6295  data: 0.0002  max mem: 30401
Epoch: [10]  [ 70/159]  eta: 0:03:06  lr: 0.000100  min_lr: 0.000100  loss: 0.0000 (0.0000)  weight_decay: 0.0500 (0.0500)  grad_norm: 0.0000 (0.0000)  time: 0.6077  data: 0.0002  max mem: 30401
Epoch: [10]  [ 80/159]  eta: 0:02:30  lr: 0.000100  min_lr: 0.000100  loss: 0.0000 (0.0000)  weight_decay: 0.0500 (0.0500)  grad_norm: 0.0000 (0.0000)  time: 0.5928  data: 0.0002  max mem: 30401
Epoch: [10]  [ 90/159]  eta: 0:02:01  lr: 0.000100  min_lr: 0.000100  loss: 0.0000 (0.0000)  weight_decay: 0.0500 (0.0500)  grad_norm: 0.0000 (0.0000)  time: 0.5937  data: 0.0002  max mem: 30401
Epoch: [10]  [100/159]  eta: 0:01:37  lr: 0.000100  min_lr: 0.000100  loss: 0.0000 (0.0000)  weight_decay: 0.0500 (0.0500)  grad_norm: 0.0000 (0.0000)  time: 0.5868  data: 0.0002  max mem: 30401
Epoch: [10]  [110/159]  eta: 0:01:16  lr: 0.000100  min_lr: 0.000100  loss: 0.0000 (0.0000)  weight_decay: 0.0500 (0.0500)  grad_norm: 0.0000 (0.0000)  time: 0.5851  data: 0.0001  max mem: 30401
Epoch: [10]  [120/159]  eta: 0:00:57  lr: 0.000100  min_lr: 0.000100  loss: 0.0000 (0.0000)  weight_decay: 0.0500 (0.0500)  grad_norm: 0.0000 (0.0000)  time: 0.5855  data: 0.0002  max mem: 30401
Epoch: [10]  [130/159]  eta: 0:00:40  lr: 0.000100  min_lr: 0.000100  loss: 0.0000 (0.0000)  weight_decay: 0.0500 (0.0500)  grad_norm: 0.0000 (0.0000)  time: 0.5850  data: 0.0002  max mem: 30401
Epoch: [10]  [140/159]  eta: 0:00:25  lr: 0.000100  min_lr: 0.000100  loss: 0.0000 (0.0000)  weight_decay: 0.0500 (0.0500)  grad_norm: 0.0000 (0.0000)  time: 0.5858  data: 0.0001  max mem: 30401
Epoch: [10]  [150/159]  eta: 0:00:11  lr: 0.000100  min_lr: 0.000100  loss: 0.0000 (0.0000)  weight_decay: 0.0500 (0.0500)  grad_norm: 0.0000 (0.0000)  time: 0.5917  data: 0.0001  max mem: 30401
Epoch: [10]  [158/159]  eta: 0:00:01  lr: 0.000100  min_lr: 0.000100  loss: 0.0000 (0.0000)  weight_decay: 0.0500 (0.0500)  grad_norm: 0.0000 (0.0000)  time: 0.5909  data: 0.0001  max mem: 30401
Epoch: [10] Total time: 0:03:21 (1.2697 s / it)
Averaged stats: lr: 0.000100  min_lr: 0.000100  loss: 0.0000 (0.0000)  weight_decay: 0.0500 (0.0500)  grad_norm: 0.0000 (0.0000)
[Eval]   [0/2]  eta: 0:00:20  loss: 0.0000 (0.0000)  time: 10.1420  data: 9.9784  max mem: 30401
[Eval]   [1/2]  eta: 0:00:05  loss: 0.0000 (0.0000)  time: 5.1220  data: 4.9892  max mem: 30401
[Eval]  Total time: 0:00:10 (5.3560 s / it)
Eval averaged stats: loss: 0.0000 (0.0000)
Logged 9 eval images
Epoch: [11]  [  0/159]  eta: 2:54:07  lr: 0.000100  min_lr: 0.000100  loss: 0.0000 (0.0000)  weight_decay: 0.0500 (0.0500)  grad_norm: 0.0000 (0.0000)  time: 65.7069  data: 64.6732  max mem: 30401
Epoch: [11]  [ 10/159]  eta: 0:17:10  lr: 0.000100  min_lr: 0.000100  loss: 0.0000 (0.0000)  weight_decay: 0.0500 (0.0500)  grad_norm: 0.0000 (0.0000)  time: 6.9150  data: 5.8836  max mem: 30401
Epoch: [11]  [ 20/159]  eta: 0:09:08  lr: 0.000100  min_lr: 0.000100  loss: 0.0000 (0.0000)  weight_decay: 0.0500 (0.0500)  grad_norm: 0.0000 (0.0000)  time: 0.8567  data: 0.0024  max mem: 30401
Epoch: [11]  [ 30/159]  eta: 0:06:09  lr: 0.000100  min_lr: 0.000100  loss: 0.0000 (0.0000)  weight_decay: 0.0500 (0.0500)  grad_norm: 0.0000 (0.0000)  time: 0.6392  data: 0.0002  max mem: 30401
Epoch: [11]  [ 40/159]  eta: 0:04:34  lr: 0.000100  min_lr: 0.000100  loss: 0.0000 (0.0000)  weight_decay: 0.0500 (0.0500)  grad_norm: 0.0000 (0.0000)  time: 0.5917  data: 0.0002  max mem: 30401
Epoch: [11]  [ 50/159]  eta: 0:03:34  lr: 0.000100  min_lr: 0.000100  loss: 0.0000 (0.0000)  weight_decay: 0.0500 (0.0500)  grad_norm: 0.0000 (0.0000)  time: 0.5824  data: 0.0002  max mem: 30401
Epoch: [11]  [ 60/159]  eta: 0:02:52  lr: 0.000100  min_lr: 0.000100  loss: 0.0000 (0.0000)  weight_decay: 0.0500 (0.0500)  grad_norm: 0.0000 (0.0000)  time: 0.5822  data: 0.0001  max mem: 30401
Epoch: [11]  [ 70/159]  eta: 0:02:20  lr: 0.000100  min_lr: 0.000100  loss: 0.0000 (0.0000)  weight_decay: 0.0500 (0.0500)  grad_norm: 0.0000 (0.0000)  time: 0.5821  data: 0.0002  max mem: 30401
Epoch: [11]  [ 80/159]  eta: 0:01:55  lr: 0.000100  min_lr: 0.000100  loss: 0.0000 (0.0000)  weight_decay: 0.0500 (0.0500)  grad_norm: 0.0000 (0.0000)  time: 0.5819  data: 0.0002  max mem: 30401
Epoch: [11]  [ 90/159]  eta: 0:01:35  lr: 0.000100  min_lr: 0.000100  loss: 0.0000 (0.0000)  weight_decay: 0.0500 (0.0500)  grad_norm: 0.0000 (0.0000)  time: 0.6717  data: 0.0001  max mem: 30401
Epoch: [11]  [100/159]  eta: 0:01:17  lr: 0.000100  min_lr: 0.000100  loss: 0.0000 (0.0000)  weight_decay: 0.0500 (0.0500)  grad_norm: 0.0000 (0.0000)  time: 0.7324  data: 0.0001  max mem: 30401
Epoch: [11]  [110/159]  eta: 0:01:01  lr: 0.000100  min_lr: 0.000100  loss: 0.0000 (0.0000)  weight_decay: 0.0500 (0.0500)  grad_norm: 0.0000 (0.0000)  time: 0.6613  data: 0.0001  max mem: 30401
Epoch: [11]  [120/159]  eta: 0:00:46  lr: 0.000100  min_lr: 0.000100  loss: 0.0000 (0.0000)  weight_decay: 0.0500 (0.0500)  grad_norm: 0.0000 (0.0000)  time: 0.6106  data: 0.0001  max mem: 30401
Epoch: [11]  [130/159]  eta: 0:00:33  lr: 0.000100  min_lr: 0.000100  loss: 0.0000 (0.0000)  weight_decay: 0.0500 (0.0500)  grad_norm: 0.0000 (0.0000)  time: 0.5986  data: 0.0001  max mem: 30401
Epoch: [11]  [140/159]  eta: 0:00:21  lr: 0.000100  min_lr: 0.000100  loss: 0.0000 (0.0000)  weight_decay: 0.0500 (0.0500)  grad_norm: 0.0000 (0.0000)  time: 0.5878  data: 0.0001  max mem: 30401
Epoch: [11]  [150/159]  eta: 0:00:09  lr: 0.000100  min_lr: 0.000100  loss: 0.0000 (0.0000)  weight_decay: 0.0500 (0.0500)  grad_norm: 0.0000 (0.0000)  time: 0.5802  data: 0.0001  max mem: 30401
Epoch: [11]  [158/159]  eta: 0:00:01  lr: 0.000100  min_lr: 0.000100  loss: 0.0000 (0.0000)  weight_decay: 0.0500 (0.0500)  grad_norm: 0.0000 (0.0000)  time: 0.6502  data: 0.0002  max mem: 30401
Epoch: [11] Total time: 0:02:49 (1.0674 s / it)
Averaged stats: lr: 0.000100  min_lr: 0.000100  loss: 0.0000 (0.0000)  weight_decay: 0.0500 (0.0500)  grad_norm: 0.0000 (0.0000)
Epoch: [12]  [  0/159]  eta: 2:20:15  lr: 0.000100  min_lr: 0.000100  loss: 0.0000 (0.0000)  weight_decay: 0.0500 (0.0500)  grad_norm: 0.0000 (0.0000)  time: 52.9272  data: 40.7192  max mem: 30401
Epoch: [12]  [ 10/159]  eta: 0:13:58  lr: 0.000100  min_lr: 0.000100  loss: 0.0000 (0.0000)  weight_decay: 0.0500 (0.0500)  grad_norm: 0.0000 (0.0000)  time: 5.6286  data: 3.7022  max mem: 30401
Epoch: [12]  [ 20/159]  eta: 0:07:45  lr: 0.000100  min_lr: 0.000100  loss: 0.0000 (0.0000)  weight_decay: 0.0500 (0.0500)  grad_norm: 0.0000 (0.0000)  time: 0.8704  data: 0.0004  max mem: 30401
Epoch: [12]  [ 30/159]  eta: 0:05:17  lr: 0.000100  min_lr: 0.000100  loss: 0.0000 (0.0000)  weight_decay: 0.0500 (0.0500)  grad_norm: 0.0000 (0.0000)  time: 0.7241  data: 0.0002  max mem: 30401
Epoch: [12]  [ 40/159]  eta: 0:03:59  lr: 0.000100  min_lr: 0.000100  loss: 0.0000 (0.0000)  weight_decay: 0.0500 (0.0500)  grad_norm: 0.0000 (0.0000)  time: 0.6011  data: 0.0001  max mem: 30401
Epoch: [12]  [ 50/159]  eta: 0:03:10  lr: 0.000100  min_lr: 0.000100  loss: 0.0000 (0.0000)  weight_decay: 0.0500 (0.0500)  grad_norm: 0.0000 (0.0000)  time: 0.6435  data: 0.0001  max mem: 30401
Epoch: [12]  [ 60/159]  eta: 0:02:35  lr: 0.000100  min_lr: 0.000100  loss: 0.0000 (0.0000)  weight_decay: 0.0500 (0.0500)  grad_norm: 0.0000 (0.0000)  time: 0.6692  data: 0.0001  max mem: 30401
Epoch: [12]  [ 70/159]  eta: 0:02:07  lr: 0.000100  min_lr: 0.000100  loss: 0.0000 (0.0000)  weight_decay: 0.0500 (0.0500)  grad_norm: 0.0000 (0.0000)  time: 0.6247  data: 0.0001  max mem: 30401
Epoch: [12]  [ 80/159]  eta: 0:01:44  lr: 0.000100  min_lr: 0.000100  loss: 0.0000 (0.0000)  weight_decay: 0.0500 (0.0500)  grad_norm: 0.0000 (0.0000)  time: 0.5917  data: 0.0001  max mem: 30401
Epoch: [12]  [ 90/159]  eta: 0:01:25  lr: 0.000100  min_lr: 0.000100  loss: 0.0000 (0.0000)  weight_decay: 0.0500 (0.0500)  grad_norm: 0.0000 (0.0000)  time: 0.5820  data: 0.0001  max mem: 30401
Epoch: [12]  [100/159]  eta: 0:01:09  lr: 0.000100  min_lr: 0.000100  loss: 0.0000 (0.0000)  weight_decay: 0.0500 (0.0500)  grad_norm: 0.0000 (0.0000)  time: 0.5818  data: 0.0001  max mem: 30401
Epoch: [12]  [110/159]  eta: 0:00:55  lr: 0.000100  min_lr: 0.000100  loss: 0.0000 (0.0000)  weight_decay: 0.0500 (0.0500)  grad_norm: 0.0000 (0.0000)  time: 0.5876  data: 0.0001  max mem: 30401
Epoch: [12]  [120/159]  eta: 0:00:42  lr: 0.000100  min_lr: 0.000100  loss: 0.0000 (0.0000)  weight_decay: 0.0500 (0.0500)  grad_norm: 0.0000 (0.0000)  time: 0.6013  data: 0.0002  max mem: 30401
Epoch: [12]  [130/159]  eta: 0:00:30  lr: 0.000100  min_lr: 0.000100  loss: 0.0000 (0.0000)  weight_decay: 0.0500 (0.0500)  grad_norm: 0.0000 (0.0000)  time: 0.6485  data: 0.0002  max mem: 30401
Epoch: [12]  [140/159]  eta: 0:00:19  lr: 0.000100  min_lr: 0.000100  loss: 0.0000 (0.0000)  weight_decay: 0.0500 (0.0500)  grad_norm: 0.0000 (0.0000)  time: 0.6830  data: 0.0002  max mem: 30401
Epoch: [12]  [150/159]  eta: 0:00:09  lr: 0.000100  min_lr: 0.000100  loss: 0.0000 (0.0000)  weight_decay: 0.0500 (0.0500)  grad_norm: 0.0000 (0.0000)  time: 0.6511  data: 0.0001  max mem: 30401
Epoch: [12]  [158/159]  eta: 0:00:00  lr: 0.000100  min_lr: 0.000100  loss: 0.0000 (0.0000)  weight_decay: 0.0500 (0.0500)  grad_norm: 0.0000 (0.0000)  time: 0.6248  data: 0.0001  max mem: 30401
Epoch: [12] Total time: 0:02:37 (0.9902 s / it)
Averaged stats: lr: 0.000100  min_lr: 0.000100  loss: 0.0000 (0.0000)  weight_decay: 0.0500 (0.0500)  grad_norm: 0.0000 (0.0000)
Epoch: [13]  [  0/159]  eta: 2:22:39  lr: 0.000100  min_lr: 0.000100  loss: 0.0000 (0.0000)  weight_decay: 0.0500 (0.0500)  grad_norm: 0.0000 (0.0000)  time: 53.8303  data: 45.0423  max mem: 30401
Epoch: [13]  [ 10/159]  eta: 0:14:23  lr: 0.000100  min_lr: 0.000100  loss: 0.0000 (0.0000)  weight_decay: 0.0500 (0.0500)  grad_norm: 0.0000 (0.0000)  time: 5.7927  data: 4.0952  max mem: 30401
Epoch: [13]  [ 20/159]  eta: 0:07:49  lr: 0.000100  min_lr: 0.000100  loss: 0.0000 (0.0000)  weight_decay: 0.0500 (0.0500)  grad_norm: 0.0000 (0.0000)  time: 0.8557  data: 0.0004  max mem: 30401
Epoch: [13]  [ 30/159]  eta: 0:05:20  lr: 0.000100  min_lr: 0.000100  loss: 0.0000 (0.0000)  weight_decay: 0.0500 (0.0500)  grad_norm: 0.0000 (0.0000)  time: 0.6615  data: 0.0003  max mem: 30401
Epoch: [13]  [ 40/159]  eta: 0:04:02  lr: 0.000100  min_lr: 0.000100  loss: 0.0000 (0.0000)  weight_decay: 0.0500 (0.0500)  grad_norm: 0.0000 (0.0000)  time: 0.6238  data: 0.0001  max mem: 30401
Epoch: [13]  [ 50/159]  eta: 0:03:12  lr: 0.000100  min_lr: 0.000100  loss: 0.0000 (0.0000)  weight_decay: 0.0500 (0.0500)  grad_norm: 0.0000 (0.0000)  time: 0.6491  data: 0.0001  max mem: 30401
Epoch: [13]  [ 60/159]  eta: 0:02:35  lr: 0.000100  min_lr: 0.000100  loss: 0.0000 (0.0000)  weight_decay: 0.0500 (0.0500)  grad_norm: 0.0000 (0.0000)  time: 0.6327  data: 0.0001  max mem: 30401
Epoch: [13]  [ 70/159]  eta: 0:02:09  lr: 0.000100  min_lr: 0.000100  loss: 0.0000 (0.0000)  weight_decay: 0.0500 (0.0500)  grad_norm: 0.0000 (0.0000)  time: 0.6868  data: 0.0001  max mem: 30401
Epoch: [13]  [ 80/159]  eta: 0:01:47  lr: 0.000100  min_lr: 0.000100  loss: 0.0000 (0.0000)  weight_decay: 0.0500 (0.0500)  grad_norm: 0.0000 (0.0000)  time: 0.6999  data: 0.0001  max mem: 30401
Epoch: [13]  [ 90/159]  eta: 0:01:28  lr: 0.000100  min_lr: 0.000100  loss: 0.0000 (0.0000)  weight_decay: 0.0500 (0.0500)  grad_norm: 0.0000 (0.0000)  time: 0.6272  data: 0.0001  max mem: 30401
Epoch: [13]  [100/159]  eta: 0:01:11  lr: 0.000100  min_lr: 0.000100  loss: 0.0000 (0.0000)  weight_decay: 0.0500 (0.0500)  grad_norm: 0.0000 (0.0000)  time: 0.6030  data: 0.0002  max mem: 30401
Epoch: [13]  [110/159]  eta: 0:00:56  lr: 0.000100  min_lr: 0.000100  loss: 0.0000 (0.0000)  weight_decay: 0.0500 (0.0500)  grad_norm: 0.0000 (0.0000)  time: 0.5878  data: 0.0002  max mem: 30401
Epoch: [13]  [120/159]  eta: 0:00:43  lr: 0.000100  min_lr: 0.000100  loss: 0.0000 (0.0000)  weight_decay: 0.0500 (0.0500)  grad_norm: 0.0000 (0.0000)  time: 0.5814  data: 0.0002  max mem: 30401
Epoch: [13]  [130/159]  eta: 0:00:30  lr: 0.000100  min_lr: 0.000100  loss: 0.0000 (0.0000)  weight_decay: 0.0500 (0.0500)  grad_norm: 0.0000 (0.0000)  time: 0.5792  data: 0.0002  max mem: 30401
Epoch: [13]  [140/159]  eta: 0:00:19  lr: 0.000100  min_lr: 0.000100  loss: 0.0000 (0.0000)  weight_decay: 0.0500 (0.0500)  grad_norm: 0.0000 (0.0000)  time: 0.5796  data: 0.0001  max mem: 30401
Epoch: [13]  [150/159]  eta: 0:00:09  lr: 0.000100  min_lr: 0.000100  loss: 0.0000 (0.0000)  weight_decay: 0.0500 (0.0500)  grad_norm: 0.0000 (0.0000)  time: 0.5792  data: 0.0001  max mem: 30401
Epoch: [13]  [158/159]  eta: 0:00:00  lr: 0.000100  min_lr: 0.000100  loss: 0.0000 (0.0000)  weight_decay: 0.0500 (0.0500)  grad_norm: 0.0000 (0.0000)  time: 0.5787  data: 0.0002  max mem: 30401
Epoch: [13] Total time: 0:02:37 (0.9881 s / it)
Averaged stats: lr: 0.000100  min_lr: 0.000100  loss: 0.0000 (0.0000)  weight_decay: 0.0500 (0.0500)  grad_norm: 0.0000 (0.0000)
Epoch: [14]  [  0/159]  eta: 5:43:06  lr: 0.000100  min_lr: 0.000100  loss: 0.0000 (0.0000)  weight_decay: 0.0500 (0.0500)  grad_norm: 0.0000 (0.0000)  time: 129.4778  data: 107.3629  max mem: 30401
Epoch: [14]  [ 10/159]  eta: 0:32:10  lr: 0.000099  min_lr: 0.000099  loss: 0.0000 (0.0000)  weight_decay: 0.0500 (0.0500)  grad_norm: 0.0000 (0.0000)  time: 12.9595  data: 9.7605  max mem: 30401
Epoch: [14]  [ 20/159]  eta: 0:16:29  lr: 0.000099  min_lr: 0.000099  loss: 0.0000 (0.0000)  weight_decay: 0.0500 (0.0500)  grad_norm: 0.0000 (0.0000)  time: 0.9980  data: 0.0003  max mem: 30401
Epoch: [14]  [ 30/159]  eta: 0:10:50  lr: 0.000099  min_lr: 0.000099  loss: 0.0000 (0.0000)  weight_decay: 0.0500 (0.0500)  grad_norm: 0.0000 (0.0000)  time: 0.6908  data: 0.0002  max mem: 30401
Epoch: [14]  [ 40/159]  eta: 0:07:55  lr: 0.000099  min_lr: 0.000099  loss: 0.0000 (0.0000)  weight_decay: 0.0500 (0.0500)  grad_norm: 0.0000 (0.0000)  time: 0.7134  data: 0.0002  max mem: 30401
Epoch: [14]  [ 50/159]  eta: 0:06:04  lr: 0.000099  min_lr: 0.000099  loss: 0.0000 (0.0000)  weight_decay: 0.0500 (0.0500)  grad_norm: 0.0000 (0.0000)  time: 0.6978  data: 0.0001  max mem: 30401
Epoch: [14]  [ 60/159]  eta: 0:04:46  lr: 0.000099  min_lr: 0.000099  loss: 0.0000 (0.0000)  weight_decay: 0.0500 (0.0500)  grad_norm: 0.0000 (0.0000)  time: 0.6321  data: 0.0001  max mem: 30401
Epoch: [14]  [ 70/159]  eta: 0:03:48  lr: 0.000099  min_lr: 0.000099  loss: 0.0000 (0.0000)  weight_decay: 0.0500 (0.0500)  grad_norm: 0.0000 (0.0000)  time: 0.5968  data: 0.0001  max mem: 30401
Epoch: [14]  [ 80/159]  eta: 0:03:03  lr: 0.000099  min_lr: 0.000099  loss: 0.0000 (0.0000)  weight_decay: 0.0500 (0.0500)  grad_norm: 0.0000 (0.0000)  time: 0.5886  data: 0.0001  max mem: 30401
Epoch: [14]  [ 90/159]  eta: 0:02:27  lr: 0.000099  min_lr: 0.000099  loss: 0.0000 (0.0000)  weight_decay: 0.0500 (0.0500)  grad_norm: 0.0000 (0.0000)  time: 0.5830  data: 0.0001  max mem: 30401
Epoch: [14]  [100/159]  eta: 0:01:56  lr: 0.000099  min_lr: 0.000099  loss: 0.0000 (0.0000)  weight_decay: 0.0500 (0.0500)  grad_norm: 0.0000 (0.0000)  time: 0.5806  data: 0.0001  max mem: 30401
Epoch: [14]  [110/159]  eta: 0:01:31  lr: 0.000099  min_lr: 0.000099  loss: 0.0000 (0.0000)  weight_decay: 0.0500 (0.0500)  grad_norm: 0.0000 (0.0000)  time: 0.6192  data: 0.0001  max mem: 30401
Epoch: [14]  [120/159]  eta: 0:01:08  lr: 0.000099  min_lr: 0.000099  loss: 0.0000 (0.0000)  weight_decay: 0.0500 (0.0500)  grad_norm: 0.0000 (0.0000)  time: 0.6359  data: 0.0002  max mem: 30401
Epoch: [14]  [130/159]  eta: 0:00:48  lr: 0.000099  min_lr: 0.000099  loss: 0.0000 (0.0000)  weight_decay: 0.0500 (0.0500)  grad_norm: 0.0000 (0.0000)  time: 0.6030  data: 0.0001  max mem: 30401
Epoch: [14]  [140/159]  eta: 0:00:30  lr: 0.000099  min_lr: 0.000099  loss: 0.0000 (0.0000)  weight_decay: 0.0500 (0.0500)  grad_norm: 0.0000 (0.0000)  time: 0.5888  data: 0.0001  max mem: 30401
Epoch: [14]  [150/159]  eta: 0:00:13  lr: 0.000099  min_lr: 0.000099  loss: 0.0000 (0.0000)  weight_decay: 0.0500 (0.0500)  grad_norm: 0.0000 (0.0000)  time: 0.5831  data: 0.0001  max mem: 30401
Epoch: [14]  [158/159]  eta: 0:00:01  lr: 0.000099  min_lr: 0.000099  loss: 0.0000 (0.0000)  weight_decay: 0.0500 (0.0500)  grad_norm: 0.0000 (0.0000)  time: 0.5814  data: 0.0002  max mem: 30401
Epoch: [14] Total time: 0:03:56 (1.4845 s / it)
Averaged stats: lr: 0.000099  min_lr: 0.000099  loss: 0.0000 (0.0000)  weight_decay: 0.0500 (0.0500)  grad_norm: 0.0000 (0.0000)
Epoch: [15]  [  0/159]  eta: 2:18:23  lr: 0.000099  min_lr: 0.000099  loss: 0.0000 (0.0000)  weight_decay: 0.0500 (0.0500)  grad_norm: 0.0000 (0.0000)  time: 52.2260  data: 48.0514  max mem: 30401
Epoch: [15]  [ 10/159]  eta: 0:13:55  lr: 0.000099  min_lr: 0.000099  loss: 0.0000 (0.0000)  weight_decay: 0.0500 (0.0500)  grad_norm: 0.0000 (0.0000)  time: 5.6087  data: 4.3686  max mem: 30401
Epoch: [15]  [ 20/159]  eta: 0:07:41  lr: 0.000099  min_lr: 0.000099  loss: 0.0000 (0.0000)  weight_decay: 0.0500 (0.0500)  grad_norm: 0.0000 (0.0000)  time: 0.8764  data: 0.0003  max mem: 30401
Epoch: [15]  [ 30/159]  eta: 0:05:15  lr: 0.000099  min_lr: 0.000099  loss: 0.0000 (0.0000)  weight_decay: 0.0500 (0.0500)  grad_norm: 0.0000 (0.0000)  time: 0.7064  data: 0.0002  max mem: 30401
Epoch: [15]  [ 40/159]  eta: 0:03:57  lr: 0.000099  min_lr: 0.000099  loss: 0.0000 (0.0000)  weight_decay: 0.0500 (0.0500)  grad_norm: 0.0000 (0.0000)  time: 0.6024  data: 0.0001  max mem: 30401
Epoch: [15]  [ 50/159]  eta: 0:03:07  lr: 0.000099  min_lr: 0.000099  loss: 0.0000 (0.0000)  weight_decay: 0.0500 (0.0500)  grad_norm: 0.0000 (0.0000)  time: 0.5914  data: 0.0001  max mem: 30401
Epoch: [15]  [ 60/159]  eta: 0:02:31  lr: 0.000099  min_lr: 0.000099  loss: 0.0000 (0.0000)  weight_decay: 0.0500 (0.0500)  grad_norm: 0.0000 (0.0000)  time: 0.5837  data: 0.0001  max mem: 30401
Epoch: [15]  [ 70/159]  eta: 0:02:04  lr: 0.000099  min_lr: 0.000099  loss: 0.0000 (0.0000)  weight_decay: 0.0500 (0.0500)  grad_norm: 0.0000 (0.0000)  time: 0.5824  data: 0.0001  max mem: 30401
Epoch: [15]  [ 80/159]  eta: 0:01:42  lr: 0.000099  min_lr: 0.000099  loss: 0.0000 (0.0000)  weight_decay: 0.0500 (0.0500)  grad_norm: 0.0000 (0.0000)  time: 0.5830  data: 0.0001  max mem: 30401
Epoch: [15]  [ 90/159]  eta: 0:01:24  lr: 0.000099  min_lr: 0.000099  loss: 0.0000 (0.0000)  weight_decay: 0.0500 (0.0500)  grad_norm: 0.0000 (0.0000)  time: 0.5817  data: 0.0001  max mem: 30401
Epoch: [15]  [100/159]  eta: 0:01:08  lr: 0.000099  min_lr: 0.000099  loss: 0.0000 (0.0000)  weight_decay: 0.0500 (0.0500)  grad_norm: 0.0000 (0.0000)  time: 0.5800  data: 0.0001  max mem: 30401
Epoch: [15]  [110/159]  eta: 0:00:54  lr: 0.000099  min_lr: 0.000099  loss: 0.0000 (0.0000)  weight_decay: 0.0500 (0.0500)  grad_norm: 0.0000 (0.0000)  time: 0.5811  data: 0.0001  max mem: 30401
Epoch: [15]  [120/159]  eta: 0:00:41  lr: 0.000099  min_lr: 0.000099  loss: 0.0000 (0.0000)  weight_decay: 0.0500 (0.0500)  grad_norm: 0.0000 (0.0000)  time: 0.5812  data: 0.0001  max mem: 30401
Epoch: [15]  [130/159]  eta: 0:00:29  lr: 0.000099  min_lr: 0.000099  loss: 0.0000 (0.0000)  weight_decay: 0.0500 (0.0500)  grad_norm: 0.0000 (0.0000)  time: 0.5807  data: 0.0001  max mem: 30401
Epoch: [15]  [140/159]  eta: 0:00:18  lr: 0.000099  min_lr: 0.000099  loss: 0.0000 (0.0000)  weight_decay: 0.0500 (0.0500)  grad_norm: 0.0000 (0.0000)  time: 0.5803  data: 0.0001  max mem: 30401
Epoch: [15]  [150/159]  eta: 0:00:08  lr: 0.000099  min_lr: 0.000099  loss: 0.0000 (0.0000)  weight_decay: 0.0500 (0.0500)  grad_norm: 0.0000 (0.0000)  time: 0.5811  data: 0.0001  max mem: 30401
Epoch: [15]  [158/159]  eta: 0:00:00  lr: 0.000099  min_lr: 0.000099  loss: 0.0000 (0.0000)  weight_decay: 0.0500 (0.0500)  grad_norm: 0.0000 (0.0000)  time: 0.5810  data: 0.0001  max mem: 30401
Epoch: [15] Total time: 0:02:31 (0.9553 s / it)
Averaged stats: lr: 0.000099  min_lr: 0.000099  loss: 0.0000 (0.0000)  weight_decay: 0.0500 (0.0500)  grad_norm: 0.0000 (0.0000)
Epoch: [16]  [  0/159]  eta: 2:12:21  lr: 0.000099  min_lr: 0.000099  loss: 0.0000 (0.0000)  weight_decay: 0.0500 (0.0500)  grad_norm: 0.0000 (0.0000)  time: 49.9437  data: 45.8972  max mem: 30401
Epoch: [16]  [ 10/159]  eta: 0:13:34  lr: 0.000099  min_lr: 0.000099  loss: 0.0000 (0.0000)  weight_decay: 0.0500 (0.0500)  grad_norm: 0.0000 (0.0000)  time: 5.4655  data: 4.1730  max mem: 30401
Epoch: [16]  [ 20/159]  eta: 0:07:37  lr: 0.000099  min_lr: 0.000099  loss: 0.0000 (0.0000)  weight_decay: 0.0500 (0.0500)  grad_norm: 0.0000 (0.0000)  time: 0.9616  data: 0.0004  max mem: 30401
Epoch: [16]  [ 30/159]  eta: 0:05:17  lr: 0.000099  min_lr: 0.000099  loss: 0.0000 (0.0000)  weight_decay: 0.0500 (0.0500)  grad_norm: 0.0000 (0.0000)  time: 0.8087  data: 0.0002  max mem: 30401
Epoch: [16]  [ 40/159]  eta: 0:04:01  lr: 0.000099  min_lr: 0.000099  loss: 0.0000 (0.0000)  weight_decay: 0.0500 (0.0500)  grad_norm: 0.0000 (0.0000)  time: 0.6954  data: 0.0001  max mem: 30401
Epoch: [16]  [ 50/159]  eta: 0:03:12  lr: 0.000099  min_lr: 0.000099  loss: 0.0000 (0.0000)  weight_decay: 0.0500 (0.0500)  grad_norm: 0.0000 (0.0000)  time: 0.6781  data: 0.0001  max mem: 30401
Epoch: [16]  [ 60/159]  eta: 0:02:37  lr: 0.000099  min_lr: 0.000099  loss: 0.0000 (0.0000)  weight_decay: 0.0500 (0.0500)  grad_norm: 0.0000 (0.0000)  time: 0.7128  data: 0.0001  max mem: 30401
Epoch: [16]  [ 70/159]  eta: 0:02:10  lr: 0.000099  min_lr: 0.000099  loss: 0.0000 (0.0000)  weight_decay: 0.0500 (0.0500)  grad_norm: 0.0000 (0.0000)  time: 0.7297  data: 0.0001  max mem: 30401
Epoch: [16]  [ 80/159]  eta: 0:01:48  lr: 0.000099  min_lr: 0.000099  loss: 0.0000 (0.0000)  weight_decay: 0.0500 (0.0500)  grad_norm: 0.0000 (0.0000)  time: 0.6976  data: 0.0001  max mem: 30401
Epoch: [16]  [ 90/159]  eta: 0:01:29  lr: 0.000099  min_lr: 0.000099  loss: 0.0000 (0.0000)  weight_decay: 0.0500 (0.0500)  grad_norm: 0.0000 (0.0000)  time: 0.6866  data: 0.0001  max mem: 30401
Epoch: [16]  [100/159]  eta: 0:01:12  lr: 0.000099  min_lr: 0.000099  loss: 0.0000 (0.0000)  weight_decay: 0.0500 (0.0500)  grad_norm: 0.0000 (0.0000)  time: 0.6769  data: 0.0001  max mem: 30401
Epoch: [16]  [110/159]  eta: 0:00:58  lr: 0.000099  min_lr: 0.000099  loss: 0.0000 (0.0000)  weight_decay: 0.0500 (0.0500)  grad_norm: 0.0000 (0.0000)  time: 0.6865  data: 0.0002  max mem: 30401
Epoch: [16]  [120/159]  eta: 0:00:44  lr: 0.000099  min_lr: 0.000099  loss: 0.0000 (0.0000)  weight_decay: 0.0500 (0.0500)  grad_norm: 0.0000 (0.0000)  time: 0.6972  data: 0.0001  max mem: 30401
Epoch: [16]  [130/159]  eta: 0:00:32  lr: 0.000099  min_lr: 0.000099  loss: 0.0000 (0.0000)  weight_decay: 0.0500 (0.0500)  grad_norm: 0.0000 (0.0000)  time: 0.6742  data: 0.0001  max mem: 30401
Epoch: [16]  [140/159]  eta: 0:00:20  lr: 0.000099  min_lr: 0.000099  loss: 0.0000 (0.0000)  weight_decay: 0.0500 (0.0500)  grad_norm: 0.0000 (0.0000)  time: 0.6470  data: 0.0001  max mem: 30401
Epoch: [16]  [150/159]  eta: 0:00:09  lr: 0.000099  min_lr: 0.000099  loss: 0.0000 (0.0000)  weight_decay: 0.0500 (0.0500)  grad_norm: 0.0000 (0.0000)  time: 0.6207  data: 0.0001  max mem: 30401
Epoch: [16]  [158/159]  eta: 0:00:01  lr: 0.000099  min_lr: 0.000099  loss: 0.0000 (0.0000)  weight_decay: 0.0500 (0.0500)  grad_norm: 0.0000 (0.0000)  time: 0.6013  data: 0.0002  max mem: 30401
Epoch: [16] Total time: 0:02:43 (1.0304 s / it)
Averaged stats: lr: 0.000099  min_lr: 0.000099  loss: 0.0000 (0.0000)  weight_decay: 0.0500 (0.0500)  grad_norm: 0.0000 (0.0000)
Epoch: [17]  [  0/159]  eta: 2:29:53  lr: 0.000099  min_lr: 0.000099  loss: 0.0000 (0.0000)  weight_decay: 0.0500 (0.0500)  grad_norm: 0.0000 (0.0000)  time: 56.5644  data: 48.7379  max mem: 30401
Epoch: [17]  [ 10/159]  eta: 0:14:48  lr: 0.000098  min_lr: 0.000098  loss: 0.0000 (0.0000)  weight_decay: 0.0500 (0.0500)  grad_norm: 0.0000 (0.0000)  time: 5.9640  data: 4.4310  max mem: 30401
Epoch: [17]  [ 20/159]  eta: 0:07:56  lr: 0.000098  min_lr: 0.000098  loss: 0.0000 (0.0000)  weight_decay: 0.0500 (0.0500)  grad_norm: 0.0000 (0.0000)  time: 0.7716  data: 0.0002  max mem: 30401
Epoch: [17]  [ 30/159]  eta: 0:05:23  lr: 0.000098  min_lr: 0.000098  loss: 0.0000 (0.0000)  weight_decay: 0.0500 (0.0500)  grad_norm: 0.0000 (0.0000)  time: 0.6114  data: 0.0002  max mem: 30401
Epoch: [17]  [ 40/159]  eta: 0:04:02  lr: 0.000098  min_lr: 0.000098  loss: 0.0000 (0.0000)  weight_decay: 0.0500 (0.0500)  grad_norm: 0.0000 (0.0000)  time: 0.5819  data: 0.0002  max mem: 30401
Epoch: [17]  [ 50/159]  eta: 0:03:11  lr: 0.000098  min_lr: 0.000098  loss: 0.0000 (0.0000)  weight_decay: 0.0500 (0.0500)  grad_norm: 0.0000 (0.0000)  time: 0.5861  data: 0.0002  max mem: 30401
Epoch: [17]  [ 60/159]  eta: 0:02:34  lr: 0.000098  min_lr: 0.000098  loss: 0.0000 (0.0000)  weight_decay: 0.0500 (0.0500)  grad_norm: 0.0000 (0.0000)  time: 0.5878  data: 0.0001  max mem: 30401
Epoch: [17]  [ 70/159]  eta: 0:02:06  lr: 0.000098  min_lr: 0.000098  loss: 0.0000 (0.0000)  weight_decay: 0.0500 (0.0500)  grad_norm: 0.0000 (0.0000)  time: 0.5823  data: 0.0002  max mem: 30401
Epoch: [17]  [ 80/159]  eta: 0:01:44  lr: 0.000098  min_lr: 0.000098  loss: 0.0000 (0.0000)  weight_decay: 0.0500 (0.0500)  grad_norm: 0.0000 (0.0000)  time: 0.5808  data: 0.0001  max mem: 30401
Epoch: [17]  [ 90/159]  eta: 0:01:25  lr: 0.000098  min_lr: 0.000098  loss: 0.0000 (0.0000)  weight_decay: 0.0500 (0.0500)  grad_norm: 0.0000 (0.0000)  time: 0.5798  data: 0.0001  max mem: 30401
Epoch: [17]  [100/159]  eta: 0:01:10  lr: 0.000098  min_lr: 0.000098  loss: 0.0000 (0.0000)  weight_decay: 0.0500 (0.0500)  grad_norm: 0.0000 (0.0000)  time: 0.6442  data: 0.0001  max mem: 30401
Epoch: [17]  [110/159]  eta: 0:00:55  lr: 0.000098  min_lr: 0.000098  loss: 0.0000 (0.0000)  weight_decay: 0.0500 (0.0500)  grad_norm: 0.0000 (0.0000)  time: 0.7005  data: 0.0002  max mem: 30401
Epoch: [17]  [120/159]  eta: 0:00:42  lr: 0.000098  min_lr: 0.000098  loss: 0.0000 (0.0000)  weight_decay: 0.0500 (0.0500)  grad_norm: 0.0000 (0.0000)  time: 0.6482  data: 0.0002  max mem: 30401
Epoch: [17]  [130/159]  eta: 0:00:30  lr: 0.000098  min_lr: 0.000098  loss: 0.0000 (0.0000)  weight_decay: 0.0500 (0.0500)  grad_norm: 0.0000 (0.0000)  time: 0.5930  data: 0.0002  max mem: 30401
Epoch: [17]  [140/159]  eta: 0:00:19  lr: 0.000098  min_lr: 0.000098  loss: 0.0000 (0.0000)  weight_decay: 0.0500 (0.0500)  grad_norm: 0.0000 (0.0000)  time: 0.5819  data: 0.0001  max mem: 30401
Epoch: [17]  [150/159]  eta: 0:00:08  lr: 0.000098  min_lr: 0.000098  loss: 0.0000 (0.0000)  weight_decay: 0.0500 (0.0500)  grad_norm: 0.0000 (0.0000)  time: 0.5823  data: 0.0001  max mem: 30401
Epoch: [17]  [158/159]  eta: 0:00:00  lr: 0.000098  min_lr: 0.000098  loss: 0.0000 (0.0000)  weight_decay: 0.0500 (0.0500)  grad_norm: 0.0000 (0.0000)  time: 0.5936  data: 0.0001  max mem: 30401
Epoch: [17] Total time: 0:02:36 (0.9854 s / it)
Averaged stats: lr: 0.000098  min_lr: 0.000098  loss: 0.0000 (0.0000)  weight_decay: 0.0500 (0.0500)  grad_norm: 0.0000 (0.0000)
Epoch: [18]  [  0/159]  eta: 2:19:13  lr: 0.000098  min_lr: 0.000098  loss: 0.0000 (0.0000)  weight_decay: 0.0500 (0.0500)  grad_norm: 0.0000 (0.0000)  time: 52.5400  data: 45.5426  max mem: 30401
Epoch: [18]  [ 10/159]  eta: 0:14:05  lr: 0.000098  min_lr: 0.000098  loss: 0.0000 (0.0000)  weight_decay: 0.0500 (0.0500)  grad_norm: 0.0000 (0.0000)  time: 5.6741  data: 4.1408  max mem: 30401
Epoch: [18]  [ 20/159]  eta: 0:07:45  lr: 0.000098  min_lr: 0.000098  loss: 0.0000 (0.0000)  weight_decay: 0.0500 (0.0500)  grad_norm: 0.0000 (0.0000)  time: 0.8885  data: 0.0006  max mem: 30401
Epoch: [18]  [ 30/159]  eta: 0:05:17  lr: 0.000098  min_lr: 0.000098  loss: 0.0000 (0.0000)  weight_decay: 0.0500 (0.0500)  grad_norm: 0.0000 (0.0000)  time: 0.6906  data: 0.0003  max mem: 30401
Epoch: [18]  [ 40/159]  eta: 0:03:58  lr: 0.000098  min_lr: 0.000098  loss: 0.0000 (0.0000)  weight_decay: 0.0500 (0.0500)  grad_norm: 0.0000 (0.0000)  time: 0.5886  data: 0.0001  max mem: 30401
Epoch: [18]  [ 50/159]  eta: 0:03:07  lr: 0.000098  min_lr: 0.000098  loss: 0.0000 (0.0000)  weight_decay: 0.0500 (0.0500)  grad_norm: 0.0000 (0.0000)  time: 0.5836  data: 0.0001  max mem: 30401
Epoch: [18]  [ 60/159]  eta: 0:02:32  lr: 0.000098  min_lr: 0.000098  loss: 0.0000 (0.0000)  weight_decay: 0.0500 (0.0500)  grad_norm: 0.0000 (0.0000)  time: 0.5827  data: 0.0001  max mem: 30401
Epoch: [18]  [ 70/159]  eta: 0:02:04  lr: 0.000098  min_lr: 0.000098  loss: 0.0000 (0.0000)  weight_decay: 0.0500 (0.0500)  grad_norm: 0.0000 (0.0000)  time: 0.5885  data: 0.0001  max mem: 30401
Epoch: [18]  [ 80/159]  eta: 0:01:43  lr: 0.000098  min_lr: 0.000098  loss: 0.0000 (0.0000)  weight_decay: 0.0500 (0.0500)  grad_norm: 0.0000 (0.0000)  time: 0.6052  data: 0.0001  max mem: 30401
Epoch: [18]  [ 90/159]  eta: 0:01:24  lr: 0.000098  min_lr: 0.000098  loss: 0.0000 (0.0000)  weight_decay: 0.0500 (0.0500)  grad_norm: 0.0000 (0.0000)  time: 0.6061  data: 0.0001  max mem: 30401
Epoch: [18]  [100/159]  eta: 0:01:08  lr: 0.000098  min_lr: 0.000098  loss: 0.0000 (0.0000)  weight_decay: 0.0500 (0.0500)  grad_norm: 0.0000 (0.0000)  time: 0.5935  data: 0.0001  max mem: 30401
Epoch: [18]  [110/159]  eta: 0:00:54  lr: 0.000098  min_lr: 0.000098  loss: 0.0000 (0.0000)  weight_decay: 0.0500 (0.0500)  grad_norm: 0.0000 (0.0000)  time: 0.5900  data: 0.0001  max mem: 30401
Epoch: [18]  [120/159]  eta: 0:00:41  lr: 0.000098  min_lr: 0.000098  loss: 0.0000 (0.0000)  weight_decay: 0.0500 (0.0500)  grad_norm: 0.0000 (0.0000)  time: 0.5870  data: 0.0002  max mem: 30401
Epoch: [18]  [130/159]  eta: 0:00:29  lr: 0.000098  min_lr: 0.000098  loss: 0.0000 (0.0000)  weight_decay: 0.0500 (0.0500)  grad_norm: 0.0000 (0.0000)  time: 0.5863  data: 0.0001  max mem: 30401
Epoch: [18]  [140/159]  eta: 0:00:19  lr: 0.000098  min_lr: 0.000098  loss: 0.0000 (0.0000)  weight_decay: 0.0500 (0.0500)  grad_norm: 0.0000 (0.0000)  time: 0.5839  data: 0.0001  max mem: 30401
Epoch: [18]  [150/159]  eta: 0:00:08  lr: 0.000098  min_lr: 0.000098  loss: 0.0000 (0.0000)  weight_decay: 0.0500 (0.0500)  grad_norm: 0.0000 (0.0000)  time: 0.5803  data: 0.0001  max mem: 30401
Epoch: [18]  [158/159]  eta: 0:00:00  lr: 0.000098  min_lr: 0.000098  loss: 0.0000 (0.0000)  weight_decay: 0.0500 (0.0500)  grad_norm: 0.0000 (0.0000)  time: 0.5810  data: 0.0001  max mem: 30401
Epoch: [18] Total time: 0:02:32 (0.9618 s / it)
Averaged stats: lr: 0.000098  min_lr: 0.000098  loss: 0.0000 (0.0000)  weight_decay: 0.0500 (0.0500)  grad_norm: 0.0000 (0.0000)
Epoch: [19]  [  0/159]  eta: 2:21:49  lr: 0.000098  min_lr: 0.000098  loss: 0.0000 (0.0000)  weight_decay: 0.0500 (0.0500)  grad_norm: 0.0000 (0.0000)  time: 53.5193  data: 44.5219  max mem: 30401
Epoch: [19]  [ 10/159]  eta: 0:14:38  lr: 0.000098  min_lr: 0.000098  loss: 0.0000 (0.0000)  weight_decay: 0.0500 (0.0500)  grad_norm: 0.0000 (0.0000)  time: 5.8968  data: 4.0479  max mem: 30401
Epoch: [19]  [ 20/159]  eta: 0:07:58  lr: 0.000097  min_lr: 0.000097  loss: 0.0000 (0.0000)  weight_decay: 0.0500 (0.0500)  grad_norm: 0.0000 (0.0000)  time: 0.9414  data: 0.0004  max mem: 30401
Epoch: [19]  [ 30/159]  eta: 0:05:25  lr: 0.000097  min_lr: 0.000097  loss: 0.0000 (0.0000)  weight_decay: 0.0500 (0.0500)  grad_norm: 0.0000 (0.0000)  time: 0.6706  data: 0.0002  max mem: 30401
Epoch: [19]  [ 40/159]  eta: 0:04:04  lr: 0.000097  min_lr: 0.000097  loss: 0.0000 (0.0000)  weight_decay: 0.0500 (0.0500)  grad_norm: 0.0000 (0.0000)  time: 0.5886  data: 0.0002  max mem: 30401
Epoch: [19]  [ 50/159]  eta: 0:03:12  lr: 0.000097  min_lr: 0.000097  loss: 0.0000 (0.0000)  weight_decay: 0.0500 (0.0500)  grad_norm: 0.0000 (0.0000)  time: 0.5863  data: 0.0002  max mem: 30401
Epoch: [19]  [ 60/159]  eta: 0:02:35  lr: 0.000097  min_lr: 0.000097  loss: 0.0000 (0.0000)  weight_decay: 0.0500 (0.0500)  grad_norm: 0.0000 (0.0000)  time: 0.5883  data: 0.0002  max mem: 30401
Epoch: [19]  [ 70/159]  eta: 0:02:07  lr: 0.000097  min_lr: 0.000097  loss: 0.0000 (0.0000)  weight_decay: 0.0500 (0.0500)  grad_norm: 0.0000 (0.0000)  time: 0.5861  data: 0.0002  max mem: 30401
Epoch: [19]  [ 80/159]  eta: 0:01:44  lr: 0.000097  min_lr: 0.000097  loss: 0.0000 (0.0000)  weight_decay: 0.0500 (0.0500)  grad_norm: 0.0000 (0.0000)  time: 0.5840  data: 0.0002  max mem: 30401
Epoch: [19]  [ 90/159]  eta: 0:01:25  lr: 0.000097  min_lr: 0.000097  loss: 0.0000 (0.0000)  weight_decay: 0.0500 (0.0500)  grad_norm: 0.0000 (0.0000)  time: 0.5834  data: 0.0002  max mem: 30401
Epoch: [19]  [100/159]  eta: 0:01:09  lr: 0.000097  min_lr: 0.000097  loss: 0.0000 (0.0000)  weight_decay: 0.0500 (0.0500)  grad_norm: 0.0000 (0.0000)  time: 0.5822  data: 0.0002  max mem: 30401
Epoch: [19]  [110/159]  eta: 0:00:55  lr: 0.000097  min_lr: 0.000097  loss: 0.0000 (0.0000)  weight_decay: 0.0500 (0.0500)  grad_norm: 0.0000 (0.0000)  time: 0.5809  data: 0.0002  max mem: 30401
Epoch: [19]  [120/159]  eta: 0:00:42  lr: 0.000097  min_lr: 0.000097  loss: 0.0000 (0.0000)  weight_decay: 0.0500 (0.0500)  grad_norm: 0.0000 (0.0000)  time: 0.5817  data: 0.0002  max mem: 30401
Epoch: [19]  [130/159]  eta: 0:00:30  lr: 0.000097  min_lr: 0.000097  loss: 0.0000 (0.0000)  weight_decay: 0.0500 (0.0500)  grad_norm: 0.0000 (0.0000)  time: 0.5807  data: 0.0002  max mem: 30401
Epoch: [19]  [140/159]  eta: 0:00:19  lr: 0.000097  min_lr: 0.000097  loss: 0.0000 (0.0000)  weight_decay: 0.0500 (0.0500)  grad_norm: 0.0000 (0.0000)  time: 0.5791  data: 0.0002  max mem: 30401
Epoch: [19]  [150/159]  eta: 0:00:08  lr: 0.000097  min_lr: 0.000097  loss: 0.0000 (0.0000)  weight_decay: 0.0500 (0.0500)  grad_norm: 0.0000 (0.0000)  time: 0.5822  data: 0.0001  max mem: 30401
Epoch: [19]  [158/159]  eta: 0:00:00  lr: 0.000097  min_lr: 0.000097  loss: 0.0000 (0.0000)  weight_decay: 0.0500 (0.0500)  grad_norm: 0.0000 (0.0000)  time: 0.5828  data: 0.0001  max mem: 30401
Epoch: [19] Total time: 0:02:34 (0.9699 s / it)
Averaged stats: lr: 0.000097  min_lr: 0.000097  loss: 0.0000 (0.0000)  weight_decay: 0.0500 (0.0500)  grad_norm: 0.0000 (0.0000)
Epoch: [20]  [  0/159]  eta: 2:21:21  lr: 0.000097  min_lr: 0.000097  loss: 0.0000 (0.0000)  weight_decay: 0.0500 (0.0500)  grad_norm: 0.0000 (0.0000)  time: 53.3422  data: 46.2787  max mem: 30401
Epoch: [20]  [ 10/159]  eta: 0:14:13  lr: 0.000097  min_lr: 0.000097  loss: 0.0000 (0.0000)  weight_decay: 0.0500 (0.0500)  grad_norm: 0.0000 (0.0000)  time: 5.7276  data: 4.2075  max mem: 30401
Epoch: [20]  [ 20/159]  eta: 0:07:51  lr: 0.000097  min_lr: 0.000097  loss: 0.0000 (0.0000)  weight_decay: 0.0500 (0.0500)  grad_norm: 0.0000 (0.0000)  time: 0.8974  data: 0.0003  max mem: 30401
Epoch: [20]  [ 30/159]  eta: 0:05:23  lr: 0.000097  min_lr: 0.000097  loss: 0.0000 (0.0000)  weight_decay: 0.0500 (0.0500)  grad_norm: 0.0000 (0.0000)  time: 0.7343  data: 0.0002  max mem: 30401
Epoch: [20]  [ 40/159]  eta: 0:04:03  lr: 0.000097  min_lr: 0.000097  loss: 0.0000 (0.0000)  weight_decay: 0.0500 (0.0500)  grad_norm: 0.0000 (0.0000)  time: 0.6251  data: 0.0002  max mem: 30401
Epoch: [20]  [ 50/159]  eta: 0:03:11  lr: 0.000097  min_lr: 0.000097  loss: 0.0000 (0.0000)  weight_decay: 0.0500 (0.0500)  grad_norm: 0.0000 (0.0000)  time: 0.5963  data: 0.0002  max mem: 30401
Epoch: [20]  [ 60/159]  eta: 0:02:37  lr: 0.000097  min_lr: 0.000097  loss: 0.0000 (0.0000)  weight_decay: 0.0500 (0.0500)  grad_norm: 0.0000 (0.0000)  time: 0.6686  data: 0.0001  max mem: 30401
Epoch: [20]  [ 70/159]  eta: 0:02:10  lr: 0.000097  min_lr: 0.000097  loss: 0.0000 (0.0000)  weight_decay: 0.0500 (0.0500)  grad_norm: 0.0000 (0.0000)  time: 0.7160  data: 0.0001  max mem: 30401
Epoch: [20]  [ 80/159]  eta: 0:01:47  lr: 0.000097  min_lr: 0.000097  loss: 0.0000 (0.0000)  weight_decay: 0.0500 (0.0500)  grad_norm: 0.0000 (0.0000)  time: 0.6524  data: 0.0001  max mem: 30401
Epoch: [20]  [ 90/159]  eta: 0:01:28  lr: 0.000097  min_lr: 0.000097  loss: 0.0000 (0.0000)  weight_decay: 0.0500 (0.0500)  grad_norm: 0.0000 (0.0000)  time: 0.6150  data: 0.0001  max mem: 30401
Epoch: [20]  [100/159]  eta: 0:01:11  lr: 0.000097  min_lr: 0.000097  loss: 0.0000 (0.0000)  weight_decay: 0.0500 (0.0500)  grad_norm: 0.0000 (0.0000)  time: 0.5967  data: 0.0001  max mem: 30401
Epoch: [20]  [110/159]  eta: 0:00:56  lr: 0.000097  min_lr: 0.000097  loss: 0.0000 (0.0000)  weight_decay: 0.0500 (0.0500)  grad_norm: 0.0000 (0.0000)  time: 0.5895  data: 0.0001  max mem: 30401
Epoch: [20]  [120/159]  eta: 0:00:43  lr: 0.000097  min_lr: 0.000097  loss: 0.0000 (0.0000)  weight_decay: 0.0500 (0.0500)  grad_norm: 0.0000 (0.0000)  time: 0.5840  data: 0.0002  max mem: 30401
Epoch: [20]  [130/159]  eta: 0:00:30  lr: 0.000096  min_lr: 0.000096  loss: 0.0000 (0.0000)  weight_decay: 0.0500 (0.0500)  grad_norm: 0.0000 (0.0000)  time: 0.5783  data: 0.0001  max mem: 30401
Epoch: [20]  [140/159]  eta: 0:00:19  lr: 0.000096  min_lr: 0.000096  loss: 0.0000 (0.0000)  weight_decay: 0.0500 (0.0500)  grad_norm: 0.0000 (0.0000)  time: 0.5796  data: 0.0001  max mem: 30401
Epoch: [20]  [150/159]  eta: 0:00:09  lr: 0.000096  min_lr: 0.000096  loss: 0.0000 (0.0000)  weight_decay: 0.0500 (0.0500)  grad_norm: 0.0000 (0.0000)  time: 0.5804  data: 0.0001  max mem: 30401
Epoch: [20]  [158/159]  eta: 0:00:00  lr: 0.000096  min_lr: 0.000096  loss: 0.0000 (0.0000)  weight_decay: 0.0500 (0.0500)  grad_norm: 0.0000 (0.0000)  time: 0.5777  data: 0.0002  max mem: 30401
Epoch: [20] Total time: 0:02:37 (0.9888 s / it)
Averaged stats: lr: 0.000096  min_lr: 0.000096  loss: 0.0000 (0.0000)  weight_decay: 0.0500 (0.0500)  grad_norm: 0.0000 (0.0000)
[Eval]   [0/2]  eta: 0:00:17  loss: 0.0000 (0.0000)  time: 8.7938  data: 8.6318  max mem: 30401
[Eval]   [1/2]  eta: 0:00:04  loss: 0.0000 (0.0000)  time: 4.4412  data: 4.3160  max mem: 30401
[Eval]  Total time: 0:00:09 (4.6233 s / it)
Eval averaged stats: loss: 0.0000 (0.0000)
Logged 9 eval images
Epoch: [21]  [  0/159]  eta: 2:03:07  lr: 0.000096  min_lr: 0.000096  loss: 0.0000 (0.0000)  weight_decay: 0.0500 (0.0500)  grad_norm: 0.0000 (0.0000)  time: 46.4603  data: 45.5060  max mem: 30401
Epoch: [21]  [ 10/159]  eta: 0:12:43  lr: 0.000096  min_lr: 0.000096  loss: 0.0000 (0.0000)  weight_decay: 0.0500 (0.0500)  grad_norm: 0.0000 (0.0000)  time: 5.1254  data: 4.1372  max mem: 30401
Epoch: [21]  [ 20/159]  eta: 0:06:53  lr: 0.000096  min_lr: 0.000096  loss: 0.0000 (0.0000)  weight_decay: 0.0500 (0.0500)  grad_norm: 0.0000 (0.0000)  time: 0.7995  data: 0.0003  max mem: 30401
Epoch: [21]  [ 30/159]  eta: 0:04:45  lr: 0.000096  min_lr: 0.000096  loss: 0.0000 (0.0000)  weight_decay: 0.0500 (0.0500)  grad_norm: 0.0000 (0.0000)  time: 0.6096  data: 0.0002  max mem: 30401
Epoch: [21]  [ 40/159]  eta: 0:03:36  lr: 0.000096  min_lr: 0.000096  loss: 0.0000 (0.0000)  weight_decay: 0.0500 (0.0500)  grad_norm: 0.0000 (0.0000)  time: 0.6067  data: 0.0002  max mem: 30401
Epoch: [21]  [ 50/159]  eta: 0:02:52  lr: 0.000096  min_lr: 0.000096  loss: 0.0000 (0.0000)  weight_decay: 0.0500 (0.0500)  grad_norm: 0.0000 (0.0000)  time: 0.5973  data: 0.0002  max mem: 30401
Epoch: [21]  [ 60/159]  eta: 0:02:20  lr: 0.000096  min_lr: 0.000096  loss: 0.0000 (0.0000)  weight_decay: 0.0500 (0.0500)  grad_norm: 0.0000 (0.0000)  time: 0.5875  data: 0.0002  max mem: 30401
Epoch: [21]  [ 70/159]  eta: 0:01:55  lr: 0.000096  min_lr: 0.000096  loss: 0.0000 (0.0000)  weight_decay: 0.0500 (0.0500)  grad_norm: 0.0000 (0.0000)  time: 0.5810  data: 0.0002  max mem: 30401
Epoch: [21]  [ 80/159]  eta: 0:01:35  lr: 0.000096  min_lr: 0.000096  loss: 0.0000 (0.0000)  weight_decay: 0.0500 (0.0500)  grad_norm: 0.0000 (0.0000)  time: 0.5794  data: 0.0002  max mem: 30401
Epoch: [21]  [ 90/159]  eta: 0:01:18  lr: 0.000096  min_lr: 0.000096  loss: 0.0000 (0.0000)  weight_decay: 0.0500 (0.0500)  grad_norm: 0.0000 (0.0000)  time: 0.5786  data: 0.0002  max mem: 30401
Epoch: [21]  [100/159]  eta: 0:01:03  lr: 0.000096  min_lr: 0.000096  loss: 0.0000 (0.0000)  weight_decay: 0.0500 (0.0500)  grad_norm: 0.0000 (0.0000)  time: 0.5778  data: 0.0002  max mem: 30401
Epoch: [21]  [110/159]  eta: 0:00:50  lr: 0.000096  min_lr: 0.000096  loss: 0.0000 (0.0000)  weight_decay: 0.0500 (0.0500)  grad_norm: 0.0000 (0.0000)  time: 0.5799  data: 0.0002  max mem: 30401
Epoch: [21]  [120/159]  eta: 0:00:39  lr: 0.000096  min_lr: 0.000096  loss: 0.0000 (0.0000)  weight_decay: 0.0500 (0.0500)  grad_norm: 0.0000 (0.0000)  time: 0.5799  data: 0.0002  max mem: 30401
Epoch: [21]  [130/159]  eta: 0:00:28  lr: 0.000096  min_lr: 0.000096  loss: 0.0000 (0.0000)  weight_decay: 0.0500 (0.0500)  grad_norm: 0.0000 (0.0000)  time: 0.5780  data: 0.0002  max mem: 30401
Epoch: [21]  [140/159]  eta: 0:00:17  lr: 0.000096  min_lr: 0.000096  loss: 0.0000 (0.0000)  weight_decay: 0.0500 (0.0500)  grad_norm: 0.0000 (0.0000)  time: 0.5785  data: 0.0002  max mem: 30401
Epoch: [21]  [150/159]  eta: 0:00:08  lr: 0.000096  min_lr: 0.000096  loss: 0.0000 (0.0000)  weight_decay: 0.0500 (0.0500)  grad_norm: 0.0000 (0.0000)  time: 0.5782  data: 0.0002  max mem: 30401
Epoch: [21]  [158/159]  eta: 0:00:00  lr: 0.000096  min_lr: 0.000096  loss: 0.0000 (0.0000)  weight_decay: 0.0500 (0.0500)  grad_norm: 0.0000 (0.0000)  time: 0.5780  data: 0.0002  max mem: 30401
Epoch: [21] Total time: 0:02:24 (0.9088 s / it)
Averaged stats: lr: 0.000096  min_lr: 0.000096  loss: 0.0000 (0.0000)  weight_decay: 0.0500 (0.0500)  grad_norm: 0.0000 (0.0000)
Epoch: [22]  [  0/159]  eta: 2:36:55  lr: 0.000096  min_lr: 0.000096  loss: 0.0000 (0.0000)  weight_decay: 0.0500 (0.0500)  grad_norm: 0.0000 (0.0000)  time: 59.2180  data: 38.8780  max mem: 30401
Epoch: [22]  [ 10/159]  eta: 0:15:30  lr: 0.000096  min_lr: 0.000096  loss: 0.0000 (0.0000)  weight_decay: 0.0500 (0.0500)  grad_norm: 0.0000 (0.0000)  time: 6.2425  data: 3.5347  max mem: 30401
Epoch: [22]  [ 20/159]  eta: 0:08:13  lr: 0.000096  min_lr: 0.000096  loss: 0.0000 (0.0000)  weight_decay: 0.0500 (0.0500)  grad_norm: 0.0000 (0.0000)  time: 0.7682  data: 0.0002  max mem: 30401
Epoch: [22]  [ 30/159]  eta: 0:05:34  lr: 0.000096  min_lr: 0.000096  loss: 0.0000 (0.0000)  weight_decay: 0.0500 (0.0500)  grad_norm: 0.0000 (0.0000)  time: 0.5858  data: 0.0002  max mem: 30401
Epoch: [22]  [ 40/159]  eta: 0:04:10  lr: 0.000095  min_lr: 0.000095  loss: 0.0000 (0.0000)  weight_decay: 0.0500 (0.0500)  grad_norm: 0.0000 (0.0000)  time: 0.5789  data: 0.0002  max mem: 30401
Epoch: [22]  [ 50/159]  eta: 0:03:16  lr: 0.000095  min_lr: 0.000095  loss: 0.0000 (0.0000)  weight_decay: 0.0500 (0.0500)  grad_norm: 0.0000 (0.0000)  time: 0.5774  data: 0.0001  max mem: 30401
Epoch: [22]  [ 60/159]  eta: 0:02:38  lr: 0.000095  min_lr: 0.000095  loss: 0.0000 (0.0000)  weight_decay: 0.0500 (0.0500)  grad_norm: 0.0000 (0.0000)  time: 0.5782  data: 0.0001  max mem: 30401
Epoch: [22]  [ 70/159]  eta: 0:02:09  lr: 0.000095  min_lr: 0.000095  loss: 0.0000 (0.0000)  weight_decay: 0.0500 (0.0500)  grad_norm: 0.0000 (0.0000)  time: 0.5804  data: 0.0001  max mem: 30401
Epoch: [22]  [ 80/159]  eta: 0:01:46  lr: 0.000095  min_lr: 0.000095  loss: 0.0000 (0.0000)  weight_decay: 0.0500 (0.0500)  grad_norm: 0.0000 (0.0000)  time: 0.5802  data: 0.0002  max mem: 30401
Epoch: [22]  [ 90/159]  eta: 0:01:27  lr: 0.000095  min_lr: 0.000095  loss: 0.0000 (0.0000)  weight_decay: 0.0500 (0.0500)  grad_norm: 0.0000 (0.0000)  time: 0.5778  data: 0.0002  max mem: 30401
Epoch: [22]  [100/159]  eta: 0:01:10  lr: 0.000095  min_lr: 0.000095  loss: 0.0000 (0.0000)  weight_decay: 0.0500 (0.0500)  grad_norm: 0.0000 (0.0000)  time: 0.5772  data: 0.0001  max mem: 30401
Epoch: [22]  [110/159]  eta: 0:00:55  lr: 0.000095  min_lr: 0.000095  loss: 0.0000 (0.0000)  weight_decay: 0.0500 (0.0500)  grad_norm: 0.0000 (0.0000)  time: 0.5770  data: 0.0002  max mem: 30401
Epoch: [22]  [120/159]  eta: 0:00:43  lr: 0.000095  min_lr: 0.000095  loss: 0.0000 (0.0000)  weight_decay: 0.0500 (0.0500)  grad_norm: 0.0000 (0.0000)  time: 0.6299  data: 0.0002  max mem: 30401
Epoch: [22]  [130/159]  eta: 0:00:30  lr: 0.000095  min_lr: 0.000095  loss: 0.0000 (0.0000)  weight_decay: 0.0500 (0.0500)  grad_norm: 0.0000 (0.0000)  time: 0.6621  data: 0.0002  max mem: 30401
Epoch: [22]  [140/159]  eta: 0:00:19  lr: 0.000095  min_lr: 0.000095  loss: 0.0000 (0.0000)  weight_decay: 0.0500 (0.0500)  grad_norm: 0.0000 (0.0000)  time: 0.6243  data: 0.0002  max mem: 30401
Epoch: [22]  [150/159]  eta: 0:00:09  lr: 0.000095  min_lr: 0.000095  loss: 0.0000 (0.0000)  weight_decay: 0.0500 (0.0500)  grad_norm: 0.0000 (0.0000)  time: 0.6008  data: 0.0002  max mem: 30401
Epoch: [22]  [158/159]  eta: 0:00:00  lr: 0.000095  min_lr: 0.000095  loss: 0.0000 (0.0000)  weight_decay: 0.0500 (0.0500)  grad_norm: 0.0000 (0.0000)  time: 0.5914  data: 0.0002  max mem: 30401
Epoch: [22] Total time: 0:02:37 (0.9937 s / it)
Averaged stats: lr: 0.000095  min_lr: 0.000095  loss: 0.0000 (0.0000)  weight_decay: 0.0500 (0.0500)  grad_norm: 0.0000 (0.0000)
Epoch: [23]  [  0/159]  eta: 2:21:03  lr: 0.000095  min_lr: 0.000095  loss: 0.0000 (0.0000)  weight_decay: 0.0500 (0.0500)  grad_norm: 0.0000 (0.0000)  time: 53.2289  data: 41.3549  max mem: 30401
Epoch: [23]  [ 10/159]  eta: 0:14:10  lr: 0.000095  min_lr: 0.000095  loss: 0.0000 (0.0000)  weight_decay: 0.0500 (0.0500)  grad_norm: 0.0000 (0.0000)  time: 5.7061  data: 3.7602  max mem: 30401
Epoch: [23]  [ 20/159]  eta: 0:07:46  lr: 0.000095  min_lr: 0.000095  loss: 0.0000 (0.0000)  weight_decay: 0.0500 (0.0500)  grad_norm: 0.0000 (0.0000)  time: 0.8602  data: 0.0006  max mem: 30401
Epoch: [23]  [ 30/159]  eta: 0:05:21  lr: 0.000095  min_lr: 0.000095  loss: 0.0000 (0.0000)  weight_decay: 0.0500 (0.0500)  grad_norm: 0.0000 (0.0000)  time: 0.7250  data: 0.0003  max mem: 30401
Epoch: [23]  [ 40/159]  eta: 0:04:04  lr: 0.000095  min_lr: 0.000095  loss: 0.0000 (0.0000)  weight_decay: 0.0500 (0.0500)  grad_norm: 0.0000 (0.0000)  time: 0.6955  data: 0.0002  max mem: 30401
Epoch: [23]  [ 50/159]  eta: 0:03:14  lr: 0.000095  min_lr: 0.000095  loss: 0.0000 (0.0000)  weight_decay: 0.0500 (0.0500)  grad_norm: 0.0000 (0.0000)  time: 0.6897  data: 0.0002  max mem: 30401
Epoch: [23]  [ 60/159]  eta: 0:02:38  lr: 0.000095  min_lr: 0.000095  loss: 0.0000 (0.0000)  weight_decay: 0.0500 (0.0500)  grad_norm: 0.0000 (0.0000)  time: 0.6802  data: 0.0002  max mem: 30401
Epoch: [23]  [ 70/159]  eta: 0:02:11  lr: 0.000095  min_lr: 0.000095  loss: 0.0000 (0.0000)  weight_decay: 0.0500 (0.0500)  grad_norm: 0.0000 (0.0000)  time: 0.6886  data: 0.0002  max mem: 30401
Epoch: [23]  [ 80/159]  eta: 0:01:48  lr: 0.000095  min_lr: 0.000095  loss: 0.0000 (0.0000)  weight_decay: 0.0500 (0.0500)  grad_norm: 0.0000 (0.0000)  time: 0.6841  data: 0.0002  max mem: 30401
Epoch: [23]  [ 90/159]  eta: 0:01:29  lr: 0.000094  min_lr: 0.000094  loss: 0.0000 (0.0000)  weight_decay: 0.0500 (0.0500)  grad_norm: 0.0000 (0.0000)  time: 0.6852  data: 0.0002  max mem: 30401
Epoch: [23]  [100/159]  eta: 0:01:13  lr: 0.000094  min_lr: 0.000094  loss: 0.0000 (0.0000)  weight_decay: 0.0500 (0.0500)  grad_norm: 0.0000 (0.0000)  time: 0.6921  data: 0.0001  max mem: 30401
Epoch: [23]  [110/159]  eta: 0:00:58  lr: 0.000094  min_lr: 0.000094  loss: 0.0000 (0.0000)  weight_decay: 0.0500 (0.0500)  grad_norm: 0.0000 (0.0000)  time: 0.6791  data: 0.0002  max mem: 30401
Epoch: [23]  [120/159]  eta: 0:00:44  lr: 0.000094  min_lr: 0.000094  loss: 0.0000 (0.0000)  weight_decay: 0.0500 (0.0500)  grad_norm: 0.0000 (0.0000)  time: 0.6331  data: 0.0002  max mem: 30401
Epoch: [23]  [130/159]  eta: 0:00:31  lr: 0.000094  min_lr: 0.000094  loss: 0.0000 (0.0000)  weight_decay: 0.0500 (0.0500)  grad_norm: 0.0000 (0.0000)  time: 0.6002  data: 0.0002  max mem: 30401
Epoch: [23]  [140/159]  eta: 0:00:20  lr: 0.000094  min_lr: 0.000094  loss: 0.0000 (0.0000)  weight_decay: 0.0500 (0.0500)  grad_norm: 0.0000 (0.0000)  time: 0.5988  data: 0.0002  max mem: 30401
Epoch: [23]  [150/159]  eta: 0:00:09  lr: 0.000094  min_lr: 0.000094  loss: 0.0000 (0.0000)  weight_decay: 0.0500 (0.0500)  grad_norm: 0.0000 (0.0000)  time: 0.6163  data: 0.0001  max mem: 30401
Epoch: [23]  [158/159]  eta: 0:00:01  lr: 0.000094  min_lr: 0.000094  loss: 0.0000 (0.0000)  weight_decay: 0.0500 (0.0500)  grad_norm: 0.0000 (0.0000)  time: 0.6631  data: 0.0001  max mem: 30401
Epoch: [23] Total time: 0:02:43 (1.0289 s / it)
Averaged stats: lr: 0.000094  min_lr: 0.000094  loss: 0.0000 (0.0000)  weight_decay: 0.0500 (0.0500)  grad_norm: 0.0000 (0.0000)
Epoch: [24]  [  0/159]  eta: 2:19:22  lr: 0.000094  min_lr: 0.000094  loss: 0.0000 (0.0000)  weight_decay: 0.0500 (0.0500)  grad_norm: 0.0000 (0.0000)  time: 52.5915  data: 47.1188  max mem: 30401
Epoch: [24]  [ 10/159]  eta: 0:14:58  lr: 0.000094  min_lr: 0.000094  loss: 0.0000 (0.0000)  weight_decay: 0.0500 (0.0500)  grad_norm: 0.0000 (0.0000)  time: 6.0308  data: 4.2838  max mem: 30401
Epoch: [24]  [ 20/159]  eta: 0:08:01  lr: 0.000094  min_lr: 0.000094  loss: 0.0000 (0.0000)  weight_decay: 0.0500 (0.0500)  grad_norm: 0.0000 (0.0000)  time: 1.0047  data: 0.0002  max mem: 30401
Epoch: [24]  [ 30/159]  eta: 0:05:30  lr: 0.000094  min_lr: 0.000094  loss: 0.0000 (0.0000)  weight_decay: 0.0500 (0.0500)  grad_norm: 0.0000 (0.0000)  time: 0.6554  data: 0.0002  max mem: 30401
Epoch: [24]  [ 40/159]  eta: 0:04:08  lr: 0.000094  min_lr: 0.000094  loss: 0.0000 (0.0000)  weight_decay: 0.0500 (0.0500)  grad_norm: 0.0000 (0.0000)  time: 0.6487  data: 0.0002  max mem: 30401
Epoch: [24]  [ 50/159]  eta: 0:03:15  lr: 0.000094  min_lr: 0.000094  loss: 0.0000 (0.0000)  weight_decay: 0.0500 (0.0500)  grad_norm: 0.0000 (0.0000)  time: 0.6128  data: 0.0001  max mem: 30401
Epoch: [24]  [ 60/159]  eta: 0:02:38  lr: 0.000094  min_lr: 0.000094  loss: 0.0000 (0.0000)  weight_decay: 0.0500 (0.0500)  grad_norm: 0.0000 (0.0000)  time: 0.6070  data: 0.0001  max mem: 30401
Epoch: [24]  [ 70/159]  eta: 0:02:09  lr: 0.000094  min_lr: 0.000094  loss: 0.0000 (0.0000)  weight_decay: 0.0500 (0.0500)  grad_norm: 0.0000 (0.0000)  time: 0.5999  data: 0.0001  max mem: 30401
Epoch: [24]  [ 80/159]  eta: 0:01:46  lr: 0.000094  min_lr: 0.000094  loss: 0.0000 (0.0000)  weight_decay: 0.0500 (0.0500)  grad_norm: 0.0000 (0.0000)  time: 0.5865  data: 0.0001  max mem: 30401
Epoch: [24]  [ 90/159]  eta: 0:01:27  lr: 0.000094  min_lr: 0.000094  loss: 0.0000 (0.0000)  weight_decay: 0.0500 (0.0500)  grad_norm: 0.0000 (0.0000)  time: 0.5840  data: 0.0001  max mem: 30401
Epoch: [24]  [100/159]  eta: 0:01:10  lr: 0.000094  min_lr: 0.000094  loss: 0.0000 (0.0000)  weight_decay: 0.0500 (0.0500)  grad_norm: 0.0000 (0.0000)  time: 0.5827  data: 0.0001  max mem: 30401
Epoch: [24]  [110/159]  eta: 0:00:56  lr: 0.000094  min_lr: 0.000094  loss: 0.0000 (0.0000)  weight_decay: 0.0500 (0.0500)  grad_norm: 0.0000 (0.0000)  time: 0.5801  data: 0.0001  max mem: 30401
Epoch: [24]  [120/159]  eta: 0:00:42  lr: 0.000094  min_lr: 0.000094  loss: 0.0000 (0.0000)  weight_decay: 0.0500 (0.0500)  grad_norm: 0.0000 (0.0000)  time: 0.5810  data: 0.0002  max mem: 30401
Epoch: [24]  [130/159]  eta: 0:00:30  lr: 0.000093  min_lr: 0.000093  loss: 0.0000 (0.0000)  weight_decay: 0.0500 (0.0500)  grad_norm: 0.0000 (0.0000)  time: 0.5823  data: 0.0001  max mem: 30401
Epoch: [24]  [140/159]  eta: 0:00:19  lr: 0.000093  min_lr: 0.000093  loss: 0.0000 (0.0000)  weight_decay: 0.0500 (0.0500)  grad_norm: 0.0000 (0.0000)  time: 0.5813  data: 0.0001  max mem: 30401
Epoch: [24]  [150/159]  eta: 0:00:08  lr: 0.000093  min_lr: 0.000093  loss: 0.0000 (0.0000)  weight_decay: 0.0500 (0.0500)  grad_norm: 0.0000 (0.0000)  time: 0.5807  data: 0.0001  max mem: 30401
Epoch: [24]  [158/159]  eta: 0:00:00  lr: 0.000093  min_lr: 0.000093  loss: 0.0000 (0.0000)  weight_decay: 0.0500 (0.0500)  grad_norm: 0.0000 (0.0000)  time: 0.5826  data: 0.0001  max mem: 30401
Epoch: [24] Total time: 0:02:36 (0.9839 s / it)
Averaged stats: lr: 0.000093  min_lr: 0.000093  loss: 0.0000 (0.0000)  weight_decay: 0.0500 (0.0500)  grad_norm: 0.0000 (0.0000)
Epoch: [25]  [  0/159]  eta: 2:15:26  lr: 0.000093  min_lr: 0.000093  loss: 0.0000 (0.0000)  weight_decay: 0.0500 (0.0500)  grad_norm: 0.0000 (0.0000)  time: 51.1100  data: 45.9367  max mem: 30401
Epoch: [25]  [ 10/159]  eta: 0:13:36  lr: 0.000093  min_lr: 0.000093  loss: 0.0000 (0.0000)  weight_decay: 0.0500 (0.0500)  grad_norm: 0.0000 (0.0000)  time: 5.4798  data: 4.1766  max mem: 30401
Epoch: [25]  [ 20/159]  eta: 0:07:30  lr: 0.000093  min_lr: 0.000093  loss: 0.0000 (0.0000)  weight_decay: 0.0500 (0.0500)  grad_norm: 0.0000 (0.0000)  time: 0.8442  data: 0.0005  max mem: 30401
Epoch: [25]  [ 30/159]  eta: 0:05:07  lr: 0.000093  min_lr: 0.000093  loss: 0.0000 (0.0000)  weight_decay: 0.0500 (0.0500)  grad_norm: 0.0000 (0.0000)  time: 0.6854  data: 0.0003  max mem: 30401
Epoch: [25]  [ 40/159]  eta: 0:03:54  lr: 0.000093  min_lr: 0.000093  loss: 0.0000 (0.0000)  weight_decay: 0.0500 (0.0500)  grad_norm: 0.0000 (0.0000)  time: 0.6411  data: 0.0002  max mem: 30401
Epoch: [25]  [ 50/159]  eta: 0:03:07  lr: 0.000093  min_lr: 0.000093  loss: 0.0000 (0.0000)  weight_decay: 0.0500 (0.0500)  grad_norm: 0.0000 (0.0000)  time: 0.6970  data: 0.0002  max mem: 30401
Epoch: [25]  [ 60/159]  eta: 0:02:33  lr: 0.000093  min_lr: 0.000093  loss: 0.0000 (0.0000)  weight_decay: 0.0500 (0.0500)  grad_norm: 0.0000 (0.0000)  time: 0.6931  data: 0.0002  max mem: 30401
Epoch: [25]  [ 70/159]  eta: 0:02:06  lr: 0.000093  min_lr: 0.000093  loss: 0.0000 (0.0000)  weight_decay: 0.0500 (0.0500)  grad_norm: 0.0000 (0.0000)  time: 0.6561  data: 0.0002  max mem: 30401
Epoch: [25]  [ 80/159]  eta: 0:01:44  lr: 0.000093  min_lr: 0.000093  loss: 0.0000 (0.0000)  weight_decay: 0.0500 (0.0500)  grad_norm: 0.0000 (0.0000)  time: 0.6271  data: 0.0001  max mem: 30401
Epoch: [25]  [ 90/159]  eta: 0:01:26  lr: 0.000093  min_lr: 0.000093  loss: 0.0000 (0.0000)  weight_decay: 0.0500 (0.0500)  grad_norm: 0.0000 (0.0000)  time: 0.6282  data: 0.0001  max mem: 30401
Epoch: [25]  [100/159]  eta: 0:01:10  lr: 0.000093  min_lr: 0.000093  loss: 0.0000 (0.0000)  weight_decay: 0.0500 (0.0500)  grad_norm: 0.0000 (0.0000)  time: 0.6598  data: 0.0001  max mem: 30401
Epoch: [25]  [110/159]  eta: 0:00:56  lr: 0.000093  min_lr: 0.000093  loss: 0.0000 (0.0000)  weight_decay: 0.0500 (0.0500)  grad_norm: 0.0000 (0.0000)  time: 0.6724  data: 0.0002  max mem: 30401
Epoch: [25]  [120/159]  eta: 0:00:42  lr: 0.000093  min_lr: 0.000093  loss: 0.0000 (0.0000)  weight_decay: 0.0500 (0.0500)  grad_norm: 0.0000 (0.0000)  time: 0.6247  data: 0.0002  max mem: 30401
Epoch: [25]  [130/159]  eta: 0:00:30  lr: 0.000093  min_lr: 0.000093  loss: 0.0000 (0.0000)  weight_decay: 0.0500 (0.0500)  grad_norm: 0.0000 (0.0000)  time: 0.5952  data: 0.0002  max mem: 30401
Epoch: [25]  [140/159]  eta: 0:00:19  lr: 0.000093  min_lr: 0.000093  loss: 0.0000 (0.0000)  weight_decay: 0.0500 (0.0500)  grad_norm: 0.0000 (0.0000)  time: 0.6733  data: 0.0001  max mem: 30401
Epoch: [25]  [150/159]  eta: 0:00:09  lr: 0.000092  min_lr: 0.000092  loss: 0.0000 (0.0000)  weight_decay: 0.0500 (0.0500)  grad_norm: 0.0000 (0.0000)  time: 0.7288  data: 0.0002  max mem: 30401
Epoch: [25]  [158/159]  eta: 0:00:01  lr: 0.000092  min_lr: 0.000092  loss: 0.0000 (0.0000)  weight_decay: 0.0500 (0.0500)  grad_norm: 0.0000 (0.0000)  time: 0.7248  data: 0.0002  max mem: 30401
Epoch: [25] Total time: 0:02:40 (1.0116 s / it)
Averaged stats: lr: 0.000092  min_lr: 0.000092  loss: 0.0000 (0.0000)  weight_decay: 0.0500 (0.0500)  grad_norm: 0.0000 (0.0000)
[Eval] Image Metrics:  [0/2]  eta: 0:00:17    time: 8.5794  data: 8.2495  max mem: 30401
[Eval] Image Metrics:  [1/2]  eta: 0:00:04    time: 4.3418  data: 4.1250  max mem: 30401
[Eval] Image Metrics: Total time: 0:00:09 (4.8776 s / it)
[Eval] Metric Results: [Eval] MSE: 0.0000 (0.0000)  [Eval] MAE: 0.0000 (0.0000)  [Eval] PSNR: 47.0050 (47.0050)  [Eval] MS-SSIM: 0.9991 (0.9991)
Epoch: [26]  [  0/159]  eta: 2:20:47  lr: 0.000092  min_lr: 0.000092  loss: 0.0000 (0.0000)  weight_decay: 0.0500 (0.0500)  grad_norm: 0.0000 (0.0000)  time: 53.1308  data: 49.8957  max mem: 30401
Epoch: [26]  [ 10/159]  eta: 0:15:49  lr: 0.000092  min_lr: 0.000092  loss: 0.0000 (0.0000)  weight_decay: 0.0500 (0.0500)  grad_norm: 0.0000 (0.0000)  time: 6.3700  data: 4.8988  max mem: 30401
Epoch: [26]  [ 20/159]  eta: 0:08:27  lr: 0.000092  min_lr: 0.000092  loss: 0.0000 (0.0000)  weight_decay: 0.0500 (0.0500)  grad_norm: 0.0000 (0.0000)  time: 1.1743  data: 0.1997  max mem: 30401
Epoch: [26]  [ 30/159]  eta: 0:05:44  lr: 0.000092  min_lr: 0.000092  loss: 0.0000 (0.0000)  weight_decay: 0.0500 (0.0500)  grad_norm: 0.0000 (0.0000)  time: 0.6343  data: 0.0002  max mem: 30401
Epoch: [26]  [ 40/159]  eta: 0:04:17  lr: 0.000092  min_lr: 0.000092  loss: 0.0000 (0.0000)  weight_decay: 0.0500 (0.0500)  grad_norm: 0.0000 (0.0000)  time: 0.6074  data: 0.0002  max mem: 30401
Epoch: [26]  [ 50/159]  eta: 0:03:24  lr: 0.000092  min_lr: 0.000092  loss: 0.0000 (0.0000)  weight_decay: 0.0500 (0.0500)  grad_norm: 0.0000 (0.0000)  time: 0.6565  data: 0.0002  max mem: 30401
Epoch: [26]  [ 60/159]  eta: 0:02:45  lr: 0.000092  min_lr: 0.000092  loss: 0.0000 (0.0000)  weight_decay: 0.0500 (0.0500)  grad_norm: 0.0000 (0.0000)  time: 0.6754  data: 0.0002  max mem: 30401
Epoch: [26]  [ 70/159]  eta: 0:02:15  lr: 0.000092  min_lr: 0.000092  loss: 0.0000 (0.0000)  weight_decay: 0.0500 (0.0500)  grad_norm: 0.0000 (0.0000)  time: 0.6212  data: 0.0002  max mem: 30401
Epoch: [26]  [ 80/159]  eta: 0:01:51  lr: 0.000092  min_lr: 0.000092  loss: 0.0000 (0.0000)  weight_decay: 0.0500 (0.0500)  grad_norm: 0.0000 (0.0000)  time: 0.5982  data: 0.0001  max mem: 30401
Epoch: [26]  [ 90/159]  eta: 0:01:31  lr: 0.000092  min_lr: 0.000092  loss: 0.0000 (0.0000)  weight_decay: 0.0500 (0.0500)  grad_norm: 0.0000 (0.0000)  time: 0.5901  data: 0.0001  max mem: 30401
Epoch: [26]  [100/159]  eta: 0:01:13  lr: 0.000092  min_lr: 0.000092  loss: 0.0000 (0.0000)  weight_decay: 0.0500 (0.0500)  grad_norm: 0.0000 (0.0000)  time: 0.5859  data: 0.0002  max mem: 30401
Epoch: [26]  [110/159]  eta: 0:00:58  lr: 0.000092  min_lr: 0.000092  loss: 0.0000 (0.0000)  weight_decay: 0.0500 (0.0500)  grad_norm: 0.0000 (0.0000)  time: 0.5920  data: 0.0002  max mem: 30401
Epoch: [26]  [120/159]  eta: 0:00:44  lr: 0.000092  min_lr: 0.000092  loss: 0.0000 (0.0000)  weight_decay: 0.0500 (0.0500)  grad_norm: 0.0000 (0.0000)  time: 0.5915  data: 0.0002  max mem: 30401
Epoch: [26]  [130/159]  eta: 0:00:31  lr: 0.000092  min_lr: 0.000092  loss: 0.0000 (0.0000)  weight_decay: 0.0500 (0.0500)  grad_norm: 0.0000 (0.0000)  time: 0.5834  data: 0.0002  max mem: 30401
Epoch: [26]  [140/159]  eta: 0:00:20  lr: 0.000092  min_lr: 0.000092  loss: 0.0000 (0.0000)  weight_decay: 0.0500 (0.0500)  grad_norm: 0.0000 (0.0000)  time: 0.5824  data: 0.0001  max mem: 30401
Epoch: [26]  [150/159]  eta: 0:00:09  lr: 0.000092  min_lr: 0.000092  loss: 0.0000 (0.0000)  weight_decay: 0.0500 (0.0500)  grad_norm: 0.0000 (0.0000)  time: 0.5850  data: 0.0001  max mem: 30401
Epoch: [26]  [158/159]  eta: 0:00:01  lr: 0.000091  min_lr: 0.000091  loss: 0.0000 (0.0000)  weight_decay: 0.0500 (0.0500)  grad_norm: 0.0000 (0.0000)  time: 0.5859  data: 0.0001  max mem: 30401
Epoch: [26] Total time: 0:02:41 (1.0149 s / it)
Averaged stats: lr: 0.000091  min_lr: 0.000091  loss: 0.0000 (0.0000)  weight_decay: 0.0500 (0.0500)  grad_norm: 0.0000 (0.0000)
Epoch: [27]  [  0/159]  eta: 5:18:29  lr: 0.000091  min_lr: 0.000091  loss: 0.0000 (0.0000)  weight_decay: 0.0500 (0.0500)  grad_norm: 0.0000 (0.0000)  time: 120.1832  data: 107.1973  max mem: 30401
Epoch: [27]  [ 10/159]  eta: 0:29:19  lr: 0.000091  min_lr: 0.000091  loss: 0.0000 (0.0000)  weight_decay: 0.0500 (0.0500)  grad_norm: 0.0000 (0.0000)  time: 11.8057  data: 9.7455  max mem: 30401
Epoch: [27]  [ 20/159]  eta: 0:15:06  lr: 0.000091  min_lr: 0.000091  loss: 0.0000 (0.0000)  weight_decay: 0.0500 (0.0500)  grad_norm: 0.0000 (0.0000)  time: 0.8405  data: 0.0004  max mem: 30401
Epoch: [27]  [ 30/159]  eta: 0:09:59  lr: 0.000091  min_lr: 0.000091  loss: 0.0000 (0.0000)  weight_decay: 0.0500 (0.0500)  grad_norm: 0.0000 (0.0000)  time: 0.7120  data: 0.0004  max mem: 30401
Epoch: [27]  [ 40/159]  eta: 0:07:16  lr: 0.000091  min_lr: 0.000091  loss: 0.0000 (0.0000)  weight_decay: 0.0500 (0.0500)  grad_norm: 0.0000 (0.0000)  time: 0.6630  data: 0.0002  max mem: 30401
Epoch: [27]  [ 50/159]  eta: 0:05:33  lr: 0.000091  min_lr: 0.000091  loss: 0.0000 (0.0000)  weight_decay: 0.0500 (0.0500)  grad_norm: 0.0000 (0.0000)  time: 0.6025  data: 0.0002  max mem: 30401
Epoch: [27]  [ 60/159]  eta: 0:04:22  lr: 0.000091  min_lr: 0.000091  loss: 0.0000 (0.0000)  weight_decay: 0.0500 (0.0500)  grad_norm: 0.0000 (0.0000)  time: 0.5871  data: 0.0002  max mem: 30401
Epoch: [27]  [ 70/159]  eta: 0:03:30  lr: 0.000091  min_lr: 0.000091  loss: 0.0000 (0.0000)  weight_decay: 0.0500 (0.0500)  grad_norm: 0.0000 (0.0000)  time: 0.5819  data: 0.0001  max mem: 30401
Epoch: [27]  [ 80/159]  eta: 0:02:49  lr: 0.000091  min_lr: 0.000091  loss: 0.0000 (0.0000)  weight_decay: 0.0500 (0.0500)  grad_norm: 0.0000 (0.0000)  time: 0.5784  data: 0.0002  max mem: 30401
Epoch: [27]  [ 90/159]  eta: 0:02:15  lr: 0.000091  min_lr: 0.000091  loss: 0.0000 (0.0000)  weight_decay: 0.0500 (0.0500)  grad_norm: 0.0000 (0.0000)  time: 0.5785  data: 0.0002  max mem: 30401
Epoch: [27]  [100/159]  eta: 0:01:48  lr: 0.000091  min_lr: 0.000091  loss: 0.0000 (0.0000)  weight_decay: 0.0500 (0.0500)  grad_norm: 0.0000 (0.0000)  time: 0.5796  data: 0.0001  max mem: 30401
Epoch: [27]  [110/159]  eta: 0:01:24  lr: 0.000091  min_lr: 0.000091  loss: 0.0000 (0.0000)  weight_decay: 0.0500 (0.0500)  grad_norm: 0.0000 (0.0000)  time: 0.5807  data: 0.0001  max mem: 30401
Epoch: [27]  [120/159]  eta: 0:01:03  lr: 0.000091  min_lr: 0.000091  loss: 0.0000 (0.0000)  weight_decay: 0.0500 (0.0500)  grad_norm: 0.0000 (0.0000)  time: 0.5813  data: 0.0002  max mem: 30401
Epoch: [27]  [130/159]  eta: 0:00:44  lr: 0.000091  min_lr: 0.000091  loss: 0.0000 (0.0000)  weight_decay: 0.0500 (0.0500)  grad_norm: 0.0000 (0.0000)  time: 0.5797  data: 0.0002  max mem: 30401
Epoch: [27]  [140/159]  eta: 0:00:28  lr: 0.000091  min_lr: 0.000091  loss: 0.0000 (0.0000)  weight_decay: 0.0500 (0.0500)  grad_norm: 0.0000 (0.0000)  time: 0.5804  data: 0.0002  max mem: 30401
Epoch: [27]  [150/159]  eta: 0:00:12  lr: 0.000091  min_lr: 0.000091  loss: 0.0000 (0.0000)  weight_decay: 0.0500 (0.0500)  grad_norm: 0.0000 (0.0000)  time: 0.5839  data: 0.0002  max mem: 30401
Epoch: [27]  [158/159]  eta: 0:00:01  lr: 0.000090  min_lr: 0.000090  loss: 0.0000 (0.0000)  weight_decay: 0.0500 (0.0500)  grad_norm: 0.0000 (0.0000)  time: 0.5835  data: 0.0001  max mem: 30401
Epoch: [27] Total time: 0:03:40 (1.3865 s / it)
Averaged stats: lr: 0.000090  min_lr: 0.000090  loss: 0.0000 (0.0000)  weight_decay: 0.0500 (0.0500)  grad_norm: 0.0000 (0.0000)
Epoch: [28]  [  0/159]  eta: 2:49:26  lr: 0.000090  min_lr: 0.000090  loss: 0.0000 (0.0000)  weight_decay: 0.0500 (0.0500)  grad_norm: 0.0000 (0.0000)  time: 63.9411  data: 49.8268  max mem: 30401
Epoch: [28]  [ 10/159]  eta: 0:16:21  lr: 0.000090  min_lr: 0.000090  loss: 0.0000 (0.0000)  weight_decay: 0.0500 (0.0500)  grad_norm: 0.0000 (0.0000)  time: 6.5888  data: 4.5302  max mem: 30401
Epoch: [28]  [ 20/159]  eta: 0:08:50  lr: 0.000090  min_lr: 0.000090  loss: 0.0000 (0.0000)  weight_decay: 0.0500 (0.0500)  grad_norm: 0.0000 (0.0000)  time: 0.8079  data: 0.0004  max mem: 30401
Epoch: [28]  [ 30/159]  eta: 0:06:02  lr: 0.000090  min_lr: 0.000090  loss: 0.0000 (0.0000)  weight_decay: 0.0500 (0.0500)  grad_norm: 0.0000 (0.0000)  time: 0.7362  data: 0.0003  max mem: 30401
Epoch: [28]  [ 40/159]  eta: 0:04:33  lr: 0.000090  min_lr: 0.000090  loss: 0.0000 (0.0000)  weight_decay: 0.0500 (0.0500)  grad_norm: 0.0000 (0.0000)  time: 0.7093  data: 0.0003  max mem: 30401
Epoch: [28]  [ 50/159]  eta: 0:03:35  lr: 0.000090  min_lr: 0.000090  loss: 0.0000 (0.0000)  weight_decay: 0.0500 (0.0500)  grad_norm: 0.0000 (0.0000)  time: 0.6773  data: 0.0003  max mem: 30401
Epoch: [28]  [ 60/159]  eta: 0:02:55  lr: 0.000090  min_lr: 0.000090  loss: 0.0000 (0.0000)  weight_decay: 0.0500 (0.0500)  grad_norm: 0.0000 (0.0000)  time: 0.6937  data: 0.0003  max mem: 30401
Epoch: [28]  [ 70/159]  eta: 0:02:24  lr: 0.000090  min_lr: 0.000090  loss: 0.0000 (0.0000)  weight_decay: 0.0500 (0.0500)  grad_norm: 0.0000 (0.0000)  time: 0.7125  data: 0.0003  max mem: 30401
Epoch: [28]  [ 80/159]  eta: 0:01:58  lr: 0.000090  min_lr: 0.000090  loss: 0.0000 (0.0000)  weight_decay: 0.0500 (0.0500)  grad_norm: 0.0000 (0.0000)  time: 0.6799  data: 0.0002  max mem: 30401
Epoch: [28]  [ 90/159]  eta: 0:01:37  lr: 0.000090  min_lr: 0.000090  loss: 0.0000 (0.0000)  weight_decay: 0.0500 (0.0500)  grad_norm: 0.0000 (0.0000)  time: 0.6995  data: 0.0002  max mem: 30401
Epoch: [28]  [100/159]  eta: 0:01:19  lr: 0.000090  min_lr: 0.000090  loss: 0.0000 (0.0000)  weight_decay: 0.0500 (0.0500)  grad_norm: 0.0000 (0.0000)  time: 0.6938  data: 0.0002  max mem: 30401
Epoch: [28]  [110/159]  eta: 0:01:02  lr: 0.000090  min_lr: 0.000090  loss: 0.0000 (0.0000)  weight_decay: 0.0500 (0.0500)  grad_norm: 0.0000 (0.0000)  time: 0.6448  data: 0.0002  max mem: 30401
Epoch: [28]  [120/159]  eta: 0:00:47  lr: 0.000090  min_lr: 0.000090  loss: 0.0000 (0.0000)  weight_decay: 0.0500 (0.0500)  grad_norm: 0.0000 (0.0000)  time: 0.6123  data: 0.0002  max mem: 30401
Epoch: [28]  [130/159]  eta: 0:00:34  lr: 0.000090  min_lr: 0.000090  loss: 0.0000 (0.0000)  weight_decay: 0.0500 (0.0500)  grad_norm: 0.0000 (0.0000)  time: 0.5890  data: 0.0002  max mem: 30401
Epoch: [28]  [140/159]  eta: 0:00:21  lr: 0.000090  min_lr: 0.000090  loss: 0.0000 (0.0000)  weight_decay: 0.0500 (0.0500)  grad_norm: 0.0000 (0.0000)  time: 0.5784  data: 0.0002  max mem: 30401
Epoch: [28]  [150/159]  eta: 0:00:09  lr: 0.000089  min_lr: 0.000089  loss: 0.0000 (0.0000)  weight_decay: 0.0500 (0.0500)  grad_norm: 0.0000 (0.0000)  time: 0.6105  data: 0.0001  max mem: 30401
Epoch: [28]  [158/159]  eta: 0:00:01  lr: 0.000089  min_lr: 0.000089  loss: 0.0000 (0.0000)  weight_decay: 0.0500 (0.0500)  grad_norm: 0.0000 (0.0000)  time: 0.6442  data: 0.0001  max mem: 30401
Epoch: [28] Total time: 0:02:52 (1.0863 s / it)
Averaged stats: lr: 0.000089  min_lr: 0.000089  loss: 0.0000 (0.0000)  weight_decay: 0.0500 (0.0500)  grad_norm: 0.0000 (0.0000)
Epoch: [29]  [  0/159]  eta: 2:24:16  lr: 0.000089  min_lr: 0.000089  loss: 0.0000 (0.0000)  weight_decay: 0.0500 (0.0500)  grad_norm: 0.0000 (0.0000)  time: 54.4462  data: 51.1249  max mem: 30401
Epoch: [29]  [ 10/159]  eta: 0:14:29  lr: 0.000089  min_lr: 0.000089  loss: 0.0000 (0.0000)  weight_decay: 0.0500 (0.0500)  grad_norm: 0.0000 (0.0000)  time: 5.8334  data: 4.6485  max mem: 30401
Epoch: [29]  [ 20/159]  eta: 0:07:55  lr: 0.000089  min_lr: 0.000089  loss: 0.0000 (0.0000)  weight_decay: 0.0500 (0.0500)  grad_norm: 0.0000 (0.0000)  time: 0.8706  data: 0.0005  max mem: 30401
Epoch: [29]  [ 30/159]  eta: 0:05:23  lr: 0.000089  min_lr: 0.000089  loss: 0.0000 (0.0000)  weight_decay: 0.0500 (0.0500)  grad_norm: 0.0000 (0.0000)  time: 0.6817  data: 0.0002  max mem: 30401
Epoch: [29]  [ 40/159]  eta: 0:04:02  lr: 0.000089  min_lr: 0.000089  loss: 0.0000 (0.0000)  weight_decay: 0.0500 (0.0500)  grad_norm: 0.0000 (0.0000)  time: 0.5879  data: 0.0002  max mem: 30401
Epoch: [29]  [ 50/159]  eta: 0:03:11  lr: 0.000089  min_lr: 0.000089  loss: 0.0000 (0.0000)  weight_decay: 0.0500 (0.0500)  grad_norm: 0.0000 (0.0000)  time: 0.5815  data: 0.0002  max mem: 30401
Epoch: [29]  [ 60/159]  eta: 0:02:34  lr: 0.000089  min_lr: 0.000089  loss: 0.0000 (0.0000)  weight_decay: 0.0500 (0.0500)  grad_norm: 0.0000 (0.0000)  time: 0.5850  data: 0.0001  max mem: 30401
Epoch: [29]  [ 70/159]  eta: 0:02:06  lr: 0.000089  min_lr: 0.000089  loss: 0.0000 (0.0000)  weight_decay: 0.0500 (0.0500)  grad_norm: 0.0000 (0.0000)  time: 0.5856  data: 0.0001  max mem: 30401
Epoch: [29]  [ 80/159]  eta: 0:01:44  lr: 0.000089  min_lr: 0.000089  loss: 0.0000 (0.0000)  weight_decay: 0.0500 (0.0500)  grad_norm: 0.0000 (0.0000)  time: 0.6091  data: 0.0001  max mem: 30401
Epoch: [29]  [ 90/159]  eta: 0:01:26  lr: 0.000089  min_lr: 0.000089  loss: 0.0000 (0.0000)  weight_decay: 0.0500 (0.0500)  grad_norm: 0.0000 (0.0000)  time: 0.6268  data: 0.0001  max mem: 30401
Epoch: [29]  [100/159]  eta: 0:01:09  lr: 0.000089  min_lr: 0.000089  loss: 0.0000 (0.0000)  weight_decay: 0.0500 (0.0500)  grad_norm: 0.0000 (0.0000)  time: 0.6080  data: 0.0002  max mem: 30401
Epoch: [29]  [110/159]  eta: 0:00:55  lr: 0.000089  min_lr: 0.000089  loss: 0.0000 (0.0000)  weight_decay: 0.0500 (0.0500)  grad_norm: 0.0000 (0.0000)  time: 0.6578  data: 0.0002  max mem: 30401
Epoch: [29]  [120/159]  eta: 0:00:43  lr: 0.000089  min_lr: 0.000089  loss: 0.0000 (0.0000)  weight_decay: 0.0500 (0.0500)  grad_norm: 0.0000 (0.0000)  time: 0.7121  data: 0.0002  max mem: 30401
Epoch: [29]  [130/159]  eta: 0:00:31  lr: 0.000089  min_lr: 0.000089  loss: 0.0000 (0.0000)  weight_decay: 0.0500 (0.0500)  grad_norm: 0.0000 (0.0000)  time: 0.6894  data: 0.0002  max mem: 30401
Epoch: [29]  [140/159]  eta: 0:00:19  lr: 0.000088  min_lr: 0.000088  loss: 0.0000 (0.0000)  weight_decay: 0.0500 (0.0500)  grad_norm: 0.0000 (0.0000)  time: 0.6475  data: 0.0002  max mem: 30401
Epoch: [29]  [150/159]  eta: 0:00:09  lr: 0.000088  min_lr: 0.000088  loss: 0.0000 (0.0000)  weight_decay: 0.0500 (0.0500)  grad_norm: 0.0000 (0.0000)  time: 0.6141  data: 0.0002  max mem: 30401
Epoch: [29]  [158/159]  eta: 0:00:00  lr: 0.000088  min_lr: 0.000088  loss: 0.0000 (0.0000)  weight_decay: 0.0500 (0.0500)  grad_norm: 0.0000 (0.0000)  time: 0.6416  data: 0.0001  max mem: 30401
Epoch: [29] Total time: 0:02:39 (1.0051 s / it)
Averaged stats: lr: 0.000088  min_lr: 0.000088  loss: 0.0000 (0.0000)  weight_decay: 0.0500 (0.0500)  grad_norm: 0.0000 (0.0000)
Epoch: [30]  [  0/159]  eta: 4:20:26  lr: 0.000088  min_lr: 0.000088  loss: 0.0000 (0.0000)  weight_decay: 0.0500 (0.0500)  grad_norm: 0.0000 (0.0000)  time: 98.2783  data: 86.9907  max mem: 30401
Epoch: [30]  [ 10/159]  eta: 0:25:38  lr: 0.000088  min_lr: 0.000088  loss: 0.0000 (0.0000)  weight_decay: 0.0500 (0.0500)  grad_norm: 0.0000 (0.0000)  time: 10.3284  data: 7.9086  max mem: 30401
Epoch: [30]  [ 20/159]  eta: 0:13:18  lr: 0.000088  min_lr: 0.000088  loss: 0.0000 (0.0000)  weight_decay: 0.0500 (0.0500)  grad_norm: 0.0000 (0.0000)  time: 1.1176  data: 0.0003  max mem: 30401
Epoch: [30]  [ 30/159]  eta: 0:08:53  lr: 0.000088  min_lr: 0.000088  loss: 0.0000 (0.0000)  weight_decay: 0.0500 (0.0500)  grad_norm: 0.0000 (0.0000)  time: 0.7271  data: 0.0002  max mem: 30401
Epoch: [30]  [ 40/159]  eta: 0:06:32  lr: 0.000088  min_lr: 0.000088  loss: 0.0000 (0.0000)  weight_decay: 0.0500 (0.0500)  grad_norm: 0.0000 (0.0000)  time: 0.7308  data: 0.0002  max mem: 30401
Epoch: [30]  [ 50/159]  eta: 0:05:04  lr: 0.000088  min_lr: 0.000088  loss: 0.0000 (0.0000)  weight_decay: 0.0500 (0.0500)  grad_norm: 0.0000 (0.0000)  time: 0.7220  data: 0.0002  max mem: 30401
Epoch: [30]  [ 60/159]  eta: 0:04:02  lr: 0.000088  min_lr: 0.000088  loss: 0.0000 (0.0000)  weight_decay: 0.0500 (0.0500)  grad_norm: 0.0000 (0.0000)  time: 0.7206  data: 0.0002  max mem: 30401
Epoch: [30]  [ 70/159]  eta: 0:03:17  lr: 0.000088  min_lr: 0.000088  loss: 0.0000 (0.0000)  weight_decay: 0.0500 (0.0500)  grad_norm: 0.0000 (0.0000)  time: 0.7479  data: 0.0002  max mem: 30401
Epoch: [30]  [ 80/159]  eta: 0:02:40  lr: 0.000088  min_lr: 0.000088  loss: 0.0000 (0.0000)  weight_decay: 0.0500 (0.0500)  grad_norm: 0.0000 (0.0000)  time: 0.7424  data: 0.0002  max mem: 30401
Epoch: [30]  [ 90/159]  eta: 0:02:09  lr: 0.000088  min_lr: 0.000088  loss: 0.0000 (0.0000)  weight_decay: 0.0500 (0.0500)  grad_norm: 0.0000 (0.0000)  time: 0.6638  data: 0.0002  max mem: 30401
Epoch: [30]  [100/159]  eta: 0:01:43  lr: 0.000088  min_lr: 0.000088  loss: 0.0000 (0.0000)  weight_decay: 0.0500 (0.0500)  grad_norm: 0.0000 (0.0000)  time: 0.6201  data: 0.0001  max mem: 30401
Epoch: [30]  [110/159]  eta: 0:01:20  lr: 0.000088  min_lr: 0.000088  loss: 0.0000 (0.0000)  weight_decay: 0.0500 (0.0500)  grad_norm: 0.0000 (0.0000)  time: 0.6001  data: 0.0002  max mem: 30401
Epoch: [30]  [120/159]  eta: 0:01:00  lr: 0.000087  min_lr: 0.000087  loss: 0.0000 (0.0000)  weight_decay: 0.0500 (0.0500)  grad_norm: 0.0000 (0.0000)  time: 0.6089  data: 0.0002  max mem: 30401
Epoch: [30]  [130/159]  eta: 0:00:43  lr: 0.000087  min_lr: 0.000087  loss: 0.0000 (0.0000)  weight_decay: 0.0500 (0.0500)  grad_norm: 0.0000 (0.0000)  time: 0.6744  data: 0.0002  max mem: 30401
Epoch: [30]  [140/159]  eta: 0:00:27  lr: 0.000087  min_lr: 0.000087  loss: 0.0000 (0.0000)  weight_decay: 0.0500 (0.0500)  grad_norm: 0.0000 (0.0000)  time: 0.6729  data: 0.0002  max mem: 30401
Epoch: [30]  [150/159]  eta: 0:00:12  lr: 0.000087  min_lr: 0.000087  loss: 0.0000 (0.0000)  weight_decay: 0.0500 (0.0500)  grad_norm: 0.0000 (0.0000)  time: 0.6568  data: 0.0002  max mem: 30401
Epoch: [30]  [158/159]  eta: 0:00:01  lr: 0.000087  min_lr: 0.000087  loss: 0.0000 (0.0000)  weight_decay: 0.0500 (0.0500)  grad_norm: 0.0000 (0.0000)  time: 0.6510  data: 0.0002  max mem: 30401
Epoch: [30] Total time: 0:03:35 (1.3562 s / it)
Averaged stats: lr: 0.000087  min_lr: 0.000087  loss: 0.0000 (0.0000)  weight_decay: 0.0500 (0.0500)  grad_norm: 0.0000 (0.0000)
[Eval]   [0/2]  eta: 0:00:17  loss: 0.0000 (0.0000)  time: 8.8275  data: 8.6602  max mem: 30401
[Eval]   [1/2]  eta: 0:00:04  loss: 0.0000 (0.0000)  time: 4.4588  data: 4.3302  max mem: 30401
[Eval]  Total time: 0:00:09 (4.5983 s / it)
Eval averaged stats: loss: 0.0000 (0.0000)
Logged 9 eval images
Epoch: [31]  [  0/159]  eta: 1:46:12  lr: 0.000087  min_lr: 0.000087  loss: 0.0000 (0.0000)  weight_decay: 0.0500 (0.0500)  grad_norm: 0.0000 (0.0000)  time: 40.0761  data: 39.0946  max mem: 30401
Epoch: [31]  [ 10/159]  eta: 0:11:43  lr: 0.000087  min_lr: 0.000087  loss: 0.0000 (0.0000)  weight_decay: 0.0500 (0.0500)  grad_norm: 0.0000 (0.0000)  time: 4.7211  data: 3.9461  max mem: 30401
Epoch: [31]  [ 20/159]  eta: 0:06:23  lr: 0.000087  min_lr: 0.000087  loss: 0.0000 (0.0000)  weight_decay: 0.0500 (0.0500)  grad_norm: 0.0000 (0.0000)  time: 0.8960  data: 0.2157  max mem: 30401
Epoch: [31]  [ 30/159]  eta: 0:04:31  lr: 0.000087  min_lr: 0.000087  loss: 0.0000 (0.0000)  weight_decay: 0.0500 (0.0500)  grad_norm: 0.0000 (0.0000)  time: 0.6708  data: 0.0001  max mem: 30401
Epoch: [31]  [ 40/159]  eta: 0:03:26  lr: 0.000087  min_lr: 0.000087  loss: 0.0000 (0.0000)  weight_decay: 0.0500 (0.0500)  grad_norm: 0.0000 (0.0000)  time: 0.6652  data: 0.0001  max mem: 30401
Epoch: [31]  [ 50/159]  eta: 0:02:44  lr: 0.000087  min_lr: 0.000087  loss: 0.0000 (0.0000)  weight_decay: 0.0500 (0.0500)  grad_norm: 0.0000 (0.0000)  time: 0.5906  data: 0.0001  max mem: 30401
Epoch: [31]  [ 60/159]  eta: 0:02:15  lr: 0.000087  min_lr: 0.000087  loss: 0.0000 (0.0000)  weight_decay: 0.0500 (0.0500)  grad_norm: 0.0000 (0.0000)  time: 0.6071  data: 0.0001  max mem: 30401
Epoch: [31]  [ 70/159]  eta: 0:01:51  lr: 0.000087  min_lr: 0.000087  loss: 0.0000 (0.0000)  weight_decay: 0.0500 (0.0500)  grad_norm: 0.0000 (0.0000)  time: 0.6044  data: 0.0001  max mem: 30401
Epoch: [31]  [ 80/159]  eta: 0:01:32  lr: 0.000087  min_lr: 0.000087  loss: 0.0000 (0.0000)  weight_decay: 0.0500 (0.0500)  grad_norm: 0.0000 (0.0000)  time: 0.5803  data: 0.0001  max mem: 30401
Epoch: [31]  [ 90/159]  eta: 0:01:16  lr: 0.000086  min_lr: 0.000086  loss: 0.0000 (0.0000)  weight_decay: 0.0500 (0.0500)  grad_norm: 0.0000 (0.0000)  time: 0.5800  data: 0.0001  max mem: 30401
Epoch: [31]  [100/159]  eta: 0:01:02  lr: 0.000086  min_lr: 0.000086  loss: 0.0000 (0.0000)  weight_decay: 0.0500 (0.0500)  grad_norm: 0.0000 (0.0000)  time: 0.5807  data: 0.0001  max mem: 30401
Epoch: [31]  [110/159]  eta: 0:00:49  lr: 0.000086  min_lr: 0.000086  loss: 0.0000 (0.0000)  weight_decay: 0.0500 (0.0500)  grad_norm: 0.0000 (0.0000)  time: 0.5818  data: 0.0002  max mem: 30401
Epoch: [31]  [120/159]  eta: 0:00:38  lr: 0.000086  min_lr: 0.000086  loss: 0.0000 (0.0000)  weight_decay: 0.0500 (0.0500)  grad_norm: 0.0000 (0.0000)  time: 0.5837  data: 0.0002  max mem: 30401
Epoch: [31]  [130/159]  eta: 0:00:27  lr: 0.000086  min_lr: 0.000086  loss: 0.0000 (0.0000)  weight_decay: 0.0500 (0.0500)  grad_norm: 0.0000 (0.0000)  time: 0.5858  data: 0.0002  max mem: 30401
Epoch: [31]  [140/159]  eta: 0:00:17  lr: 0.000086  min_lr: 0.000086  loss: 0.0000 (0.0000)  weight_decay: 0.0500 (0.0500)  grad_norm: 0.0000 (0.0000)  time: 0.5871  data: 0.0001  max mem: 30401
Epoch: [31]  [150/159]  eta: 0:00:08  lr: 0.000086  min_lr: 0.000086  loss: 0.0000 (0.0000)  weight_decay: 0.0500 (0.0500)  grad_norm: 0.0000 (0.0000)  time: 0.5845  data: 0.0001  max mem: 30401
Epoch: [31]  [158/159]  eta: 0:00:00  lr: 0.000086  min_lr: 0.000086  loss: 0.0000 (0.0000)  weight_decay: 0.0500 (0.0500)  grad_norm: 0.0000 (0.0000)  time: 0.5825  data: 0.0001  max mem: 30401
Epoch: [31] Total time: 0:02:21 (0.8930 s / it)
Averaged stats: lr: 0.000086  min_lr: 0.000086  loss: 0.0000 (0.0000)  weight_decay: 0.0500 (0.0500)  grad_norm: 0.0000 (0.0000)
Epoch: [32]  [  0/159]  eta: 2:23:29  lr: 0.000086  min_lr: 0.000086  loss: 0.0000 (0.0000)  weight_decay: 0.0500 (0.0500)  grad_norm: 0.0000 (0.0000)  time: 54.1480  data: 41.5817  max mem: 30401
Epoch: [32]  [ 10/159]  eta: 0:14:18  lr: 0.000086  min_lr: 0.000086  loss: 0.0000 (0.0000)  weight_decay: 0.0500 (0.0500)  grad_norm: 0.0000 (0.0000)  time: 5.7602  data: 3.7805  max mem: 30401
Epoch: [32]  [ 20/159]  eta: 0:07:49  lr: 0.000086  min_lr: 0.000086  loss: 0.0000 (0.0000)  weight_decay: 0.0500 (0.0500)  grad_norm: 0.0000 (0.0000)  time: 0.8397  data: 0.0003  max mem: 30401
Epoch: [32]  [ 30/159]  eta: 0:05:20  lr: 0.000086  min_lr: 0.000086  loss: 0.0000 (0.0000)  weight_decay: 0.0500 (0.0500)  grad_norm: 0.0000 (0.0000)  time: 0.6797  data: 0.0002  max mem: 30401
Epoch: [32]  [ 40/159]  eta: 0:04:04  lr: 0.000086  min_lr: 0.000086  loss: 0.0000 (0.0000)  weight_decay: 0.0500 (0.0500)  grad_norm: 0.0000 (0.0000)  time: 0.6701  data: 0.0001  max mem: 30401
Epoch: [32]  [ 50/159]  eta: 0:03:15  lr: 0.000086  min_lr: 0.000086  loss: 0.0000 (0.0000)  weight_decay: 0.0500 (0.0500)  grad_norm: 0.0000 (0.0000)  time: 0.7204  data: 0.0001  max mem: 30401
Epoch: [32]  [ 60/159]  eta: 0:02:38  lr: 0.000086  min_lr: 0.000086  loss: 0.0000 (0.0000)  weight_decay: 0.0500 (0.0500)  grad_norm: 0.0000 (0.0000)  time: 0.6610  data: 0.0001  max mem: 30401
Epoch: [32]  [ 70/159]  eta: 0:02:09  lr: 0.000085  min_lr: 0.000085  loss: 0.0000 (0.0000)  weight_decay: 0.0500 (0.0500)  grad_norm: 0.0000 (0.0000)  time: 0.6092  data: 0.0001  max mem: 30401
Epoch: [32]  [ 80/159]  eta: 0:01:46  lr: 0.000085  min_lr: 0.000085  loss: 0.0000 (0.0000)  weight_decay: 0.0500 (0.0500)  grad_norm: 0.0000 (0.0000)  time: 0.5989  data: 0.0001  max mem: 30401
Epoch: [32]  [ 90/159]  eta: 0:01:27  lr: 0.000085  min_lr: 0.000085  loss: 0.0000 (0.0000)  weight_decay: 0.0500 (0.0500)  grad_norm: 0.0000 (0.0000)  time: 0.5947  data: 0.0001  max mem: 30401
Epoch: [32]  [100/159]  eta: 0:01:10  lr: 0.000085  min_lr: 0.000085  loss: 0.0000 (0.0000)  weight_decay: 0.0500 (0.0500)  grad_norm: 0.0000 (0.0000)  time: 0.5867  data: 0.0001  max mem: 30401
Epoch: [32]  [110/159]  eta: 0:00:56  lr: 0.000085  min_lr: 0.000085  loss: 0.0000 (0.0000)  weight_decay: 0.0500 (0.0500)  grad_norm: 0.0000 (0.0000)  time: 0.5831  data: 0.0001  max mem: 30401
Epoch: [32]  [120/159]  eta: 0:00:42  lr: 0.000085  min_lr: 0.000085  loss: 0.0000 (0.0000)  weight_decay: 0.0500 (0.0500)  grad_norm: 0.0000 (0.0000)  time: 0.5809  data: 0.0002  max mem: 30401
Epoch: [32]  [130/159]  eta: 0:00:30  lr: 0.000085  min_lr: 0.000085  loss: 0.0000 (0.0000)  weight_decay: 0.0500 (0.0500)  grad_norm: 0.0000 (0.0000)  time: 0.5809  data: 0.0002  max mem: 30401
Epoch: [32]  [140/159]  eta: 0:00:19  lr: 0.000085  min_lr: 0.000085  loss: 0.0000 (0.0000)  weight_decay: 0.0500 (0.0500)  grad_norm: 0.0000 (0.0000)  time: 0.5811  data: 0.0002  max mem: 30401
Epoch: [32]  [150/159]  eta: 0:00:08  lr: 0.000085  min_lr: 0.000085  loss: 0.0000 (0.0000)  weight_decay: 0.0500 (0.0500)  grad_norm: 0.0000 (0.0000)  time: 0.5814  data: 0.0001  max mem: 30401
Epoch: [32]  [158/159]  eta: 0:00:00  lr: 0.000085  min_lr: 0.000085  loss: 0.0000 (0.0000)  weight_decay: 0.0500 (0.0500)  grad_norm: 0.0000 (0.0000)  time: 0.5820  data: 0.0001  max mem: 30401
Epoch: [32] Total time: 0:02:36 (0.9835 s / it)
Averaged stats: lr: 0.000085  min_lr: 0.000085  loss: 0.0000 (0.0000)  weight_decay: 0.0500 (0.0500)  grad_norm: 0.0000 (0.0000)
Epoch: [33]  [  0/159]  eta: 2:52:14  lr: 0.000085  min_lr: 0.000085  loss: 0.0000 (0.0000)  weight_decay: 0.0500 (0.0500)  grad_norm: 0.0000 (0.0000)  time: 64.9972  data: 32.6990  max mem: 30401
Epoch: [33]  [ 10/159]  eta: 0:16:20  lr: 0.000085  min_lr: 0.000085  loss: 0.0000 (0.0000)  weight_decay: 0.0500 (0.0500)  grad_norm: 0.0000 (0.0000)  time: 6.5786  data: 2.9730  max mem: 30401
Epoch: [33]  [ 20/159]  eta: 0:08:37  lr: 0.000085  min_lr: 0.000085  loss: 0.0000 (0.0000)  weight_decay: 0.0500 (0.0500)  grad_norm: 0.0000 (0.0000)  time: 0.6588  data: 0.0003  max mem: 30401
Epoch: [33]  [ 30/159]  eta: 0:05:49  lr: 0.000084  min_lr: 0.000084  loss: 0.0000 (0.0000)  weight_decay: 0.0500 (0.0500)  grad_norm: 0.0000 (0.0000)  time: 0.5829  data: 0.0002  max mem: 30401
Epoch: [33]  [ 40/159]  eta: 0:04:20  lr: 0.000084  min_lr: 0.000084  loss: 0.0000 (0.0000)  weight_decay: 0.0500 (0.0500)  grad_norm: 0.0000 (0.0000)  time: 0.5821  data: 0.0002  max mem: 30401
Epoch: [33]  [ 50/159]  eta: 0:03:24  lr: 0.000084  min_lr: 0.000084  loss: 0.0000 (0.0000)  weight_decay: 0.0500 (0.0500)  grad_norm: 0.0000 (0.0000)  time: 0.5788  data: 0.0002  max mem: 30401
Epoch: [33]  [ 60/159]  eta: 0:02:44  lr: 0.000084  min_lr: 0.000084  loss: 0.0000 (0.0000)  weight_decay: 0.0500 (0.0500)  grad_norm: 0.0000 (0.0000)  time: 0.5807  data: 0.0002  max mem: 30401
Epoch: [33]  [ 70/159]  eta: 0:02:14  lr: 0.000084  min_lr: 0.000084  loss: 0.0000 (0.0000)  weight_decay: 0.0500 (0.0500)  grad_norm: 0.0000 (0.0000)  time: 0.5927  data: 0.0002  max mem: 30401
Epoch: [33]  [ 80/159]  eta: 0:01:50  lr: 0.000084  min_lr: 0.000084  loss: 0.0000 (0.0000)  weight_decay: 0.0500 (0.0500)  grad_norm: 0.0000 (0.0000)  time: 0.5904  data: 0.0001  max mem: 30401
Epoch: [33]  [ 90/159]  eta: 0:01:30  lr: 0.000084  min_lr: 0.000084  loss: 0.0000 (0.0000)  weight_decay: 0.0500 (0.0500)  grad_norm: 0.0000 (0.0000)  time: 0.5786  data: 0.0002  max mem: 30401
Epoch: [33]  [100/159]  eta: 0:01:12  lr: 0.000084  min_lr: 0.000084  loss: 0.0000 (0.0000)  weight_decay: 0.0500 (0.0500)  grad_norm: 0.0000 (0.0000)  time: 0.5789  data: 0.0002  max mem: 30401
Epoch: [33]  [110/159]  eta: 0:00:57  lr: 0.000084  min_lr: 0.000084  loss: 0.0000 (0.0000)  weight_decay: 0.0500 (0.0500)  grad_norm: 0.0000 (0.0000)  time: 0.5863  data: 0.0002  max mem: 30401
Epoch: [33]  [120/159]  eta: 0:00:44  lr: 0.000084  min_lr: 0.000084  loss: 0.0000 (0.0000)  weight_decay: 0.0500 (0.0500)  grad_norm: 0.0000 (0.0000)  time: 0.6042  data: 0.0002  max mem: 30401
Epoch: [33]  [130/159]  eta: 0:00:31  lr: 0.000084  min_lr: 0.000084  loss: 0.0000 (0.0000)  weight_decay: 0.0500 (0.0500)  grad_norm: 0.0000 (0.0000)  time: 0.6029  data: 0.0002  max mem: 30401
Epoch: [33]  [140/159]  eta: 0:00:20  lr: 0.000084  min_lr: 0.000084  loss: 0.0000 (0.0000)  weight_decay: 0.0500 (0.0500)  grad_norm: 0.0000 (0.0000)  time: 0.5866  data: 0.0002  max mem: 30401
Epoch: [33]  [150/159]  eta: 0:00:09  lr: 0.000084  min_lr: 0.000084  loss: 0.0000 (0.0000)  weight_decay: 0.0500 (0.0500)  grad_norm: 0.0000 (0.0000)  time: 0.5806  data: 0.0002  max mem: 30401
Epoch: [33]  [158/159]  eta: 0:00:01  lr: 0.000083  min_lr: 0.000083  loss: 0.0000 (0.0000)  weight_decay: 0.0500 (0.0500)  grad_norm: 0.0000 (0.0000)  time: 0.5791  data: 0.0002  max mem: 30401
Epoch: [33] Total time: 0:02:40 (1.0088 s / it)
Averaged stats: lr: 0.000083  min_lr: 0.000083  loss: 0.0000 (0.0000)  weight_decay: 0.0500 (0.0500)  grad_norm: 0.0000 (0.0000)
Epoch: [34]  [  0/159]  eta: 2:22:23  lr: 0.000083  min_lr: 0.000083  loss: 0.0000 (0.0000)  weight_decay: 0.0500 (0.0500)  grad_norm: 0.0000 (0.0000)  time: 53.7318  data: 14.3622  max mem: 30401
Epoch: [34]  [ 10/159]  eta: 0:14:38  lr: 0.000083  min_lr: 0.000083  loss: 0.0000 (0.0000)  weight_decay: 0.0500 (0.0500)  grad_norm: 0.0000 (0.0000)  time: 5.8971  data: 1.3060  max mem: 30401
Epoch: [34]  [ 20/159]  eta: 0:07:54  lr: 0.000083  min_lr: 0.000083  loss: 0.0000 (0.0000)  weight_decay: 0.0500 (0.0500)  grad_norm: 0.0000 (0.0000)  time: 0.9004  data: 0.0003  max mem: 30401
Epoch: [34]  [ 30/159]  eta: 0:05:22  lr: 0.000083  min_lr: 0.000083  loss: 0.0000 (0.0000)  weight_decay: 0.0500 (0.0500)  grad_norm: 0.0000 (0.0000)  time: 0.6354  data: 0.0002  max mem: 30401
Epoch: [34]  [ 40/159]  eta: 0:04:01  lr: 0.000083  min_lr: 0.000083  loss: 0.0000 (0.0000)  weight_decay: 0.0500 (0.0500)  grad_norm: 0.0000 (0.0000)  time: 0.5817  data: 0.0002  max mem: 30401
Epoch: [34]  [ 50/159]  eta: 0:03:12  lr: 0.000083  min_lr: 0.000083  loss: 0.0000 (0.0000)  weight_decay: 0.0500 (0.0500)  grad_norm: 0.0000 (0.0000)  time: 0.6210  data: 0.0002  max mem: 30401
Epoch: [34]  [ 60/159]  eta: 0:02:36  lr: 0.000083  min_lr: 0.000083  loss: 0.0000 (0.0000)  weight_decay: 0.0500 (0.0500)  grad_norm: 0.0000 (0.0000)  time: 0.6598  data: 0.0002  max mem: 30401
Epoch: [34]  [ 70/159]  eta: 0:02:10  lr: 0.000083  min_lr: 0.000083  loss: 0.0000 (0.0000)  weight_decay: 0.0500 (0.0500)  grad_norm: 0.0000 (0.0000)  time: 0.6959  data: 0.0002  max mem: 30401
Epoch: [34]  [ 80/159]  eta: 0:01:48  lr: 0.000083  min_lr: 0.000083  loss: 0.0000 (0.0000)  weight_decay: 0.0500 (0.0500)  grad_norm: 0.0000 (0.0000)  time: 0.7418  data: 0.0002  max mem: 30401
Epoch: [34]  [ 90/159]  eta: 0:01:29  lr: 0.000083  min_lr: 0.000083  loss: 0.0000 (0.0000)  weight_decay: 0.0500 (0.0500)  grad_norm: 0.0000 (0.0000)  time: 0.7260  data: 0.0001  max mem: 30401
Epoch: [34]  [100/159]  eta: 0:01:12  lr: 0.000083  min_lr: 0.000083  loss: 0.0000 (0.0000)  weight_decay: 0.0500 (0.0500)  grad_norm: 0.0000 (0.0000)  time: 0.6740  data: 0.0001  max mem: 30401
Epoch: [34]  [110/159]  eta: 0:00:58  lr: 0.000083  min_lr: 0.000083  loss: 0.0000 (0.0000)  weight_decay: 0.0500 (0.0500)  grad_norm: 0.0000 (0.0000)  time: 0.6690  data: 0.0002  max mem: 30401
Epoch: [34]  [120/159]  eta: 0:00:44  lr: 0.000082  min_lr: 0.000082  loss: 0.0000 (0.0000)  weight_decay: 0.0500 (0.0500)  grad_norm: 0.0000 (0.0000)  time: 0.6948  data: 0.0002  max mem: 30401
Epoch: [34]  [130/159]  eta: 0:00:32  lr: 0.000082  min_lr: 0.000082  loss: 0.0000 (0.0000)  weight_decay: 0.0500 (0.0500)  grad_norm: 0.0000 (0.0000)  time: 0.6600  data: 0.0002  max mem: 30401
Epoch: [34]  [140/159]  eta: 0:00:20  lr: 0.000082  min_lr: 0.000082  loss: 0.0000 (0.0000)  weight_decay: 0.0500 (0.0500)  grad_norm: 0.0000 (0.0000)  time: 0.6193  data: 0.0001  max mem: 30401
Epoch: [34]  [150/159]  eta: 0:00:09  lr: 0.000082  min_lr: 0.000082  loss: 0.0000 (0.0000)  weight_decay: 0.0500 (0.0500)  grad_norm: 0.0000 (0.0000)  time: 0.6132  data: 0.0001  max mem: 30401
Epoch: [34]  [158/159]  eta: 0:00:01  lr: 0.000082  min_lr: 0.000082  loss: 0.0000 (0.0000)  weight_decay: 0.0500 (0.0500)  grad_norm: 0.0000 (0.0000)  time: 0.6396  data: 0.0002  max mem: 30401
Epoch: [34] Total time: 0:02:44 (1.0320 s / it)
Averaged stats: lr: 0.000082  min_lr: 0.000082  loss: 0.0000 (0.0000)  weight_decay: 0.0500 (0.0500)  grad_norm: 0.0000 (0.0000)
Epoch: [35]  [  0/159]  eta: 2:18:25  lr: 0.000082  min_lr: 0.000082  loss: 0.0000 (0.0000)  weight_decay: 0.0500 (0.0500)  grad_norm: 0.0000 (0.0000)  time: 52.2341  data: 47.4166  max mem: 30401
Epoch: [35]  [ 10/159]  eta: 0:14:01  lr: 0.000082  min_lr: 0.000082  loss: 0.0000 (0.0000)  weight_decay: 0.0500 (0.0500)  grad_norm: 0.0000 (0.0000)  time: 5.6460  data: 4.3109  max mem: 30401
Epoch: [35]  [ 20/159]  eta: 0:07:45  lr: 0.000082  min_lr: 0.000082  loss: 0.0000 (0.0000)  weight_decay: 0.0500 (0.0500)  grad_norm: 0.0000 (0.0000)  time: 0.9037  data: 0.0004  max mem: 30401
Epoch: [35]  [ 30/159]  eta: 0:05:18  lr: 0.000082  min_lr: 0.000082  loss: 0.0000 (0.0000)  weight_decay: 0.0500 (0.0500)  grad_norm: 0.0000 (0.0000)  time: 0.7165  data: 0.0003  max mem: 30401
Epoch: [35]  [ 40/159]  eta: 0:03:59  lr: 0.000082  min_lr: 0.000082  loss: 0.0000 (0.0000)  weight_decay: 0.0500 (0.0500)  grad_norm: 0.0000 (0.0000)  time: 0.6094  data: 0.0002  max mem: 30401
Epoch: [35]  [ 50/159]  eta: 0:03:08  lr: 0.000082  min_lr: 0.000082  loss: 0.0000 (0.0000)  weight_decay: 0.0500 (0.0500)  grad_norm: 0.0000 (0.0000)  time: 0.5979  data: 0.0002  max mem: 30401
Epoch: [35]  [ 60/159]  eta: 0:02:32  lr: 0.000082  min_lr: 0.000082  loss: 0.0000 (0.0000)  weight_decay: 0.0500 (0.0500)  grad_norm: 0.0000 (0.0000)  time: 0.5860  data: 0.0002  max mem: 30401
Epoch: [35]  [ 70/159]  eta: 0:02:05  lr: 0.000082  min_lr: 0.000082  loss: 0.0000 (0.0000)  weight_decay: 0.0500 (0.0500)  grad_norm: 0.0000 (0.0000)  time: 0.6028  data: 0.0002  max mem: 30401
Epoch: [35]  [ 80/159]  eta: 0:01:44  lr: 0.000081  min_lr: 0.000081  loss: 0.0000 (0.0000)  weight_decay: 0.0500 (0.0500)  grad_norm: 0.0000 (0.0000)  time: 0.6213  data: 0.0002  max mem: 30401
Epoch: [35]  [ 90/159]  eta: 0:01:25  lr: 0.000081  min_lr: 0.000081  loss: 0.0000 (0.0000)  weight_decay: 0.0500 (0.0500)  grad_norm: 0.0000 (0.0000)  time: 0.6039  data: 0.0002  max mem: 30401
Epoch: [35]  [100/159]  eta: 0:01:09  lr: 0.000081  min_lr: 0.000081  loss: 0.0000 (0.0000)  weight_decay: 0.0500 (0.0500)  grad_norm: 0.0000 (0.0000)  time: 0.5866  data: 0.0002  max mem: 30401
Epoch: [35]  [110/159]  eta: 0:00:54  lr: 0.000081  min_lr: 0.000081  loss: 0.0000 (0.0000)  weight_decay: 0.0500 (0.0500)  grad_norm: 0.0000 (0.0000)  time: 0.5832  data: 0.0002  max mem: 30401
Epoch: [35]  [120/159]  eta: 0:00:41  lr: 0.000081  min_lr: 0.000081  loss: 0.0000 (0.0000)  weight_decay: 0.0500 (0.0500)  grad_norm: 0.0000 (0.0000)  time: 0.5817  data: 0.0002  max mem: 30401
Epoch: [35]  [130/159]  eta: 0:00:30  lr: 0.000081  min_lr: 0.000081  loss: 0.0000 (0.0000)  weight_decay: 0.0500 (0.0500)  grad_norm: 0.0000 (0.0000)  time: 0.5809  data: 0.0002  max mem: 30401
Epoch: [35]  [140/159]  eta: 0:00:19  lr: 0.000081  min_lr: 0.000081  loss: 0.0000 (0.0000)  weight_decay: 0.0500 (0.0500)  grad_norm: 0.0000 (0.0000)  time: 0.5797  data: 0.0002  max mem: 30401
Epoch: [35]  [150/159]  eta: 0:00:08  lr: 0.000081  min_lr: 0.000081  loss: 0.0000 (0.0000)  weight_decay: 0.0500 (0.0500)  grad_norm: 0.0000 (0.0000)  time: 0.5817  data: 0.0002  max mem: 30401
Epoch: [35]  [158/159]  eta: 0:00:00  lr: 0.000081  min_lr: 0.000081  loss: 0.0000 (0.0000)  weight_decay: 0.0500 (0.0500)  grad_norm: 0.0000 (0.0000)  time: 0.5820  data: 0.0002  max mem: 30401
Epoch: [35] Total time: 0:02:33 (0.9652 s / it)
Averaged stats: lr: 0.000081  min_lr: 0.000081  loss: 0.0000 (0.0000)  weight_decay: 0.0500 (0.0500)  grad_norm: 0.0000 (0.0000)
Epoch: [36]  [  0/159]  eta: 2:21:39  lr: 0.000081  min_lr: 0.000081  loss: 0.0000 (0.0000)  weight_decay: 0.0500 (0.0500)  grad_norm: 0.0000 (0.0000)  time: 53.4568  data: 44.7716  max mem: 30401
Epoch: [36]  [ 10/159]  eta: 0:14:24  lr: 0.000081  min_lr: 0.000081  loss: 0.0000 (0.0000)  weight_decay: 0.0500 (0.0500)  grad_norm: 0.0000 (0.0000)  time: 5.7991  data: 4.0704  max mem: 30401
Epoch: [36]  [ 20/159]  eta: 0:07:50  lr: 0.000081  min_lr: 0.000081  loss: 0.0000 (0.0000)  weight_decay: 0.0500 (0.0500)  grad_norm: 0.0000 (0.0000)  time: 0.8818  data: 0.0004  max mem: 30401
Epoch: [36]  [ 30/159]  eta: 0:05:20  lr: 0.000081  min_lr: 0.000081  loss: 0.0000 (0.0000)  weight_decay: 0.0500 (0.0500)  grad_norm: 0.0000 (0.0000)  time: 0.6561  data: 0.0003  max mem: 30401
Epoch: [36]  [ 40/159]  eta: 0:04:00  lr: 0.000080  min_lr: 0.000080  loss: 0.0000 (0.0000)  weight_decay: 0.0500 (0.0500)  grad_norm: 0.0000 (0.0000)  time: 0.5959  data: 0.0002  max mem: 30401
Epoch: [36]  [ 50/159]  eta: 0:03:11  lr: 0.000080  min_lr: 0.000080  loss: 0.0000 (0.0000)  weight_decay: 0.0500 (0.0500)  grad_norm: 0.0000 (0.0000)  time: 0.6335  data: 0.0002  max mem: 30401
Epoch: [36]  [ 60/159]  eta: 0:02:37  lr: 0.000080  min_lr: 0.000080  loss: 0.0000 (0.0000)  weight_decay: 0.0500 (0.0500)  grad_norm: 0.0000 (0.0000)  time: 0.6895  data: 0.0001  max mem: 30401
Epoch: [36]  [ 70/159]  eta: 0:02:09  lr: 0.000080  min_lr: 0.000080  loss: 0.0000 (0.0000)  weight_decay: 0.0500 (0.0500)  grad_norm: 0.0000 (0.0000)  time: 0.6816  data: 0.0002  max mem: 30401
Epoch: [36]  [ 80/159]  eta: 0:01:46  lr: 0.000080  min_lr: 0.000080  loss: 0.0000 (0.0000)  weight_decay: 0.0500 (0.0500)  grad_norm: 0.0000 (0.0000)  time: 0.6175  data: 0.0002  max mem: 30401
Epoch: [36]  [ 90/159]  eta: 0:01:27  lr: 0.000080  min_lr: 0.000080  loss: 0.0000 (0.0000)  weight_decay: 0.0500 (0.0500)  grad_norm: 0.0000 (0.0000)  time: 0.5931  data: 0.0002  max mem: 30401
Epoch: [36]  [100/159]  eta: 0:01:10  lr: 0.000080  min_lr: 0.000080  loss: 0.0000 (0.0000)  weight_decay: 0.0500 (0.0500)  grad_norm: 0.0000 (0.0000)  time: 0.5873  data: 0.0002  max mem: 30401
Epoch: [36]  [110/159]  eta: 0:00:56  lr: 0.000080  min_lr: 0.000080  loss: 0.0000 (0.0000)  weight_decay: 0.0500 (0.0500)  grad_norm: 0.0000 (0.0000)  time: 0.6193  data: 0.0002  max mem: 30401
Epoch: [36]  [120/159]  eta: 0:00:43  lr: 0.000080  min_lr: 0.000080  loss: 0.0000 (0.0000)  weight_decay: 0.0500 (0.0500)  grad_norm: 0.0000 (0.0000)  time: 0.6818  data: 0.0002  max mem: 30401
Epoch: [36]  [130/159]  eta: 0:00:31  lr: 0.000080  min_lr: 0.000080  loss: 0.0000 (0.0000)  weight_decay: 0.0500 (0.0500)  grad_norm: 0.0000 (0.0000)  time: 0.7004  data: 0.0002  max mem: 30401
Epoch: [36]  [140/159]  eta: 0:00:19  lr: 0.000080  min_lr: 0.000080  loss: 0.0000 (0.0000)  weight_decay: 0.0500 (0.0500)  grad_norm: 0.0000 (0.0000)  time: 0.6668  data: 0.0002  max mem: 30401
Epoch: [36]  [150/159]  eta: 0:00:09  lr: 0.000079  min_lr: 0.000079  loss: 0.0000 (0.0000)  weight_decay: 0.0500 (0.0500)  grad_norm: 0.0000 (0.0000)  time: 0.6272  data: 0.0002  max mem: 30401
Epoch: [36]  [158/159]  eta: 0:00:00  lr: 0.000079  min_lr: 0.000079  loss: 0.0000 (0.0000)  weight_decay: 0.0500 (0.0500)  grad_norm: 0.0000 (0.0000)  time: 0.6111  data: 0.0002  max mem: 30401
Epoch: [36] Total time: 0:02:40 (1.0075 s / it)
Averaged stats: lr: 0.000079  min_lr: 0.000079  loss: 0.0000 (0.0000)  weight_decay: 0.0500 (0.0500)  grad_norm: 0.0000 (0.0000)
Epoch: [37]  [  0/159]  eta: 2:22:29  lr: 0.000079  min_lr: 0.000079  loss: 0.0000 (0.0000)  weight_decay: 0.0500 (0.0500)  grad_norm: 0.0000 (0.0000)  time: 53.7688  data: 47.1767  max mem: 30401
Epoch: [37]  [ 10/159]  eta: 0:14:12  lr: 0.000079  min_lr: 0.000079  loss: 0.0000 (0.0000)  weight_decay: 0.0500 (0.0500)  grad_norm: 0.0000 (0.0000)  time: 5.7216  data: 4.2893  max mem: 30401
Epoch: [37]  [ 20/159]  eta: 0:07:48  lr: 0.000079  min_lr: 0.000079  loss: 0.0000 (0.0000)  weight_decay: 0.0500 (0.0500)  grad_norm: 0.0000 (0.0000)  time: 0.8511  data: 0.0004  max mem: 30401
Epoch: [37]  [ 30/159]  eta: 0:05:25  lr: 0.000079  min_lr: 0.000079  loss: 0.0000 (0.0000)  weight_decay: 0.0500 (0.0500)  grad_norm: 0.0000 (0.0000)  time: 0.7636  data: 0.0002  max mem: 30401
Epoch: [37]  [ 40/159]  eta: 0:04:06  lr: 0.000079  min_lr: 0.000079  loss: 0.0000 (0.0000)  weight_decay: 0.0500 (0.0500)  grad_norm: 0.0000 (0.0000)  time: 0.7077  data: 0.0002  max mem: 30401
Epoch: [37]  [ 50/159]  eta: 0:03:16  lr: 0.000079  min_lr: 0.000079  loss: 0.0000 (0.0000)  weight_decay: 0.0500 (0.0500)  grad_norm: 0.0000 (0.0000)  time: 0.6932  data: 0.0002  max mem: 30401
Epoch: [37]  [ 60/159]  eta: 0:02:39  lr: 0.000079  min_lr: 0.000079  loss: 0.0000 (0.0000)  weight_decay: 0.0500 (0.0500)  grad_norm: 0.0000 (0.0000)  time: 0.6717  data: 0.0002  max mem: 30401
Epoch: [37]  [ 70/159]  eta: 0:02:10  lr: 0.000079  min_lr: 0.000079  loss: 0.0000 (0.0000)  weight_decay: 0.0500 (0.0500)  grad_norm: 0.0000 (0.0000)  time: 0.6101  data: 0.0001  max mem: 30401
Epoch: [37]  [ 80/159]  eta: 0:01:47  lr: 0.000079  min_lr: 0.000079  loss: 0.0000 (0.0000)  weight_decay: 0.0500 (0.0500)  grad_norm: 0.0000 (0.0000)  time: 0.5861  data: 0.0001  max mem: 30401
Epoch: [37]  [ 90/159]  eta: 0:01:27  lr: 0.000079  min_lr: 0.000079  loss: 0.0000 (0.0000)  weight_decay: 0.0500 (0.0500)  grad_norm: 0.0000 (0.0000)  time: 0.5809  data: 0.0001  max mem: 30401
Epoch: [37]  [100/159]  eta: 0:01:11  lr: 0.000078  min_lr: 0.000078  loss: 0.0000 (0.0000)  weight_decay: 0.0500 (0.0500)  grad_norm: 0.0000 (0.0000)  time: 0.5791  data: 0.0001  max mem: 30401
Epoch: [37]  [110/159]  eta: 0:00:56  lr: 0.000078  min_lr: 0.000078  loss: 0.0000 (0.0000)  weight_decay: 0.0500 (0.0500)  grad_norm: 0.0000 (0.0000)  time: 0.5787  data: 0.0002  max mem: 30401
Epoch: [37]  [120/159]  eta: 0:00:42  lr: 0.000078  min_lr: 0.000078  loss: 0.0000 (0.0000)  weight_decay: 0.0500 (0.0500)  grad_norm: 0.0000 (0.0000)  time: 0.5788  data: 0.0002  max mem: 30401
Epoch: [37]  [130/159]  eta: 0:00:30  lr: 0.000078  min_lr: 0.000078  loss: 0.0000 (0.0000)  weight_decay: 0.0500 (0.0500)  grad_norm: 0.0000 (0.0000)  time: 0.5792  data: 0.0001  max mem: 30401
Epoch: [37]  [140/159]  eta: 0:00:19  lr: 0.000078  min_lr: 0.000078  loss: 0.0000 (0.0000)  weight_decay: 0.0500 (0.0500)  grad_norm: 0.0000 (0.0000)  time: 0.5812  data: 0.0001  max mem: 30401
Epoch: [37]  [150/159]  eta: 0:00:09  lr: 0.000078  min_lr: 0.000078  loss: 0.0000 (0.0000)  weight_decay: 0.0500 (0.0500)  grad_norm: 0.0000 (0.0000)  time: 0.6206  data: 0.0001  max mem: 30401
Epoch: [37]  [158/159]  eta: 0:00:00  lr: 0.000078  min_lr: 0.000078  loss: 0.0000 (0.0000)  weight_decay: 0.0500 (0.0500)  grad_norm: 0.0000 (0.0000)  time: 0.6320  data: 0.0001  max mem: 30401
Epoch: [37] Total time: 0:02:37 (0.9922 s / it)
Averaged stats: lr: 0.000078  min_lr: 0.000078  loss: 0.0000 (0.0000)  weight_decay: 0.0500 (0.0500)  grad_norm: 0.0000 (0.0000)
Epoch: [38]  [  0/159]  eta: 2:20:45  lr: 0.000078  min_lr: 0.000078  loss: 0.0000 (0.0000)  weight_decay: 0.0500 (0.0500)  grad_norm: 0.0000 (0.0000)  time: 53.1141  data: 48.8696  max mem: 30401
Epoch: [38]  [ 10/159]  eta: 0:14:20  lr: 0.000078  min_lr: 0.000078  loss: 0.0000 (0.0000)  weight_decay: 0.0500 (0.0500)  grad_norm: 0.0000 (0.0000)  time: 5.7757  data: 4.4434  max mem: 30401
Epoch: [38]  [ 20/159]  eta: 0:07:49  lr: 0.000078  min_lr: 0.000078  loss: 0.0000 (0.0000)  weight_decay: 0.0500 (0.0500)  grad_norm: 0.0000 (0.0000)  time: 0.8936  data: 0.0006  max mem: 30401
Epoch: [38]  [ 30/159]  eta: 0:05:20  lr: 0.000078  min_lr: 0.000078  loss: 0.0000 (0.0000)  weight_decay: 0.0500 (0.0500)  grad_norm: 0.0000 (0.0000)  time: 0.6713  data: 0.0003  max mem: 30401
Epoch: [38]  [ 40/159]  eta: 0:04:00  lr: 0.000078  min_lr: 0.000078  loss: 0.0000 (0.0000)  weight_decay: 0.0500 (0.0500)  grad_norm: 0.0000 (0.0000)  time: 0.5898  data: 0.0001  max mem: 30401
Epoch: [38]  [ 50/159]  eta: 0:03:09  lr: 0.000078  min_lr: 0.000078  loss: 0.0000 (0.0000)  weight_decay: 0.0500 (0.0500)  grad_norm: 0.0000 (0.0000)  time: 0.5815  data: 0.0001  max mem: 30401
Epoch: [38]  [ 60/159]  eta: 0:02:33  lr: 0.000077  min_lr: 0.000077  loss: 0.0000 (0.0000)  weight_decay: 0.0500 (0.0500)  grad_norm: 0.0000 (0.0000)  time: 0.5811  data: 0.0001  max mem: 30401
Epoch: [38]  [ 70/159]  eta: 0:02:05  lr: 0.000077  min_lr: 0.000077  loss: 0.0000 (0.0000)  weight_decay: 0.0500 (0.0500)  grad_norm: 0.0000 (0.0000)  time: 0.5803  data: 0.0001  max mem: 30401
Epoch: [38]  [ 80/159]  eta: 0:01:43  lr: 0.000077  min_lr: 0.000077  loss: 0.0000 (0.0000)  weight_decay: 0.0500 (0.0500)  grad_norm: 0.0000 (0.0000)  time: 0.5791  data: 0.0001  max mem: 30401
Epoch: [38]  [ 90/159]  eta: 0:01:25  lr: 0.000077  min_lr: 0.000077  loss: 0.0000 (0.0000)  weight_decay: 0.0500 (0.0500)  grad_norm: 0.0000 (0.0000)  time: 0.6488  data: 0.0001  max mem: 30401
Epoch: [38]  [100/159]  eta: 0:01:10  lr: 0.000077  min_lr: 0.000077  loss: 0.0000 (0.0000)  weight_decay: 0.0500 (0.0500)  grad_norm: 0.0000 (0.0000)  time: 0.7119  data: 0.0001  max mem: 30401
Epoch: [38]  [110/159]  eta: 0:00:56  lr: 0.000077  min_lr: 0.000077  loss: 0.0000 (0.0000)  weight_decay: 0.0500 (0.0500)  grad_norm: 0.0000 (0.0000)  time: 0.6978  data: 0.0001  max mem: 30401
Epoch: [38]  [120/159]  eta: 0:00:43  lr: 0.000077  min_lr: 0.000077  loss: 0.0000 (0.0000)  weight_decay: 0.0500 (0.0500)  grad_norm: 0.0000 (0.0000)  time: 0.6811  data: 0.0002  max mem: 30401
Epoch: [38]  [130/159]  eta: 0:00:31  lr: 0.000077  min_lr: 0.000077  loss: 0.0000 (0.0000)  weight_decay: 0.0500 (0.0500)  grad_norm: 0.0000 (0.0000)  time: 0.6721  data: 0.0001  max mem: 30401
Epoch: [38]  [140/159]  eta: 0:00:19  lr: 0.000077  min_lr: 0.000077  loss: 0.0000 (0.0000)  weight_decay: 0.0500 (0.0500)  grad_norm: 0.0000 (0.0000)  time: 0.6962  data: 0.0001  max mem: 30401
Epoch: [38]  [150/159]  eta: 0:00:09  lr: 0.000077  min_lr: 0.000077  loss: 0.0000 (0.0000)  weight_decay: 0.0500 (0.0500)  grad_norm: 0.0000 (0.0000)  time: 0.7139  data: 0.0002  max mem: 30401
Epoch: [38]  [158/159]  eta: 0:00:01  lr: 0.000077  min_lr: 0.000077  loss: 0.0000 (0.0000)  weight_decay: 0.0500 (0.0500)  grad_norm: 0.0000 (0.0000)  time: 0.6682  data: 0.0002  max mem: 30401
Epoch: [38] Total time: 0:02:40 (1.0124 s / it)
Averaged stats: lr: 0.000077  min_lr: 0.000077  loss: 0.0000 (0.0000)  weight_decay: 0.0500 (0.0500)  grad_norm: 0.0000 (0.0000)
Epoch: [39]  [  0/159]  eta: 2:31:53  lr: 0.000076  min_lr: 0.000076  loss: 0.0000 (0.0000)  weight_decay: 0.0500 (0.0500)  grad_norm: 0.0000 (0.0000)  time: 57.3175  data: 43.4329  max mem: 30401
Epoch: [39]  [ 10/159]  eta: 0:15:21  lr: 0.000076  min_lr: 0.000076  loss: 0.0000 (0.0000)  weight_decay: 0.0500 (0.0500)  grad_norm: 0.0000 (0.0000)  time: 6.1852  data: 3.9488  max mem: 30401
Epoch: [39]  [ 20/159]  eta: 0:08:09  lr: 0.000076  min_lr: 0.000076  loss: 0.0000 (0.0000)  weight_decay: 0.0500 (0.0500)  grad_norm: 0.0000 (0.0000)  time: 0.8309  data: 0.0003  max mem: 30401
Epoch: [39]  [ 30/159]  eta: 0:05:33  lr: 0.000076  min_lr: 0.000076  loss: 0.0000 (0.0000)  weight_decay: 0.0500 (0.0500)  grad_norm: 0.0000 (0.0000)  time: 0.6062  data: 0.0002  max mem: 30401
Epoch: [39]  [ 40/159]  eta: 0:04:15  lr: 0.000076  min_lr: 0.000076  loss: 0.0000 (0.0000)  weight_decay: 0.0500 (0.0500)  grad_norm: 0.0000 (0.0000)  time: 0.6989  data: 0.0001  max mem: 30401
Epoch: [39]  [ 50/159]  eta: 0:03:23  lr: 0.000076  min_lr: 0.000076  loss: 0.0000 (0.0000)  weight_decay: 0.0500 (0.0500)  grad_norm: 0.0000 (0.0000)  time: 0.7626  data: 0.0001  max mem: 30401
Epoch: [39]  [ 60/159]  eta: 0:02:46  lr: 0.000076  min_lr: 0.000076  loss: 0.0000 (0.0000)  weight_decay: 0.0500 (0.0500)  grad_norm: 0.0000 (0.0000)  time: 0.7322  data: 0.0002  max mem: 30401
Epoch: [39]  [ 70/159]  eta: 0:02:18  lr: 0.000076  min_lr: 0.000076  loss: 0.0000 (0.0000)  weight_decay: 0.0500 (0.0500)  grad_norm: 0.0000 (0.0000)  time: 0.7440  data: 0.0002  max mem: 30401
Epoch: [39]  [ 80/159]  eta: 0:01:54  lr: 0.000076  min_lr: 0.000076  loss: 0.0000 (0.0000)  weight_decay: 0.0500 (0.0500)  grad_norm: 0.0000 (0.0000)  time: 0.7504  data: 0.0002  max mem: 30401
Epoch: [39]  [ 90/159]  eta: 0:01:34  lr: 0.000076  min_lr: 0.000076  loss: 0.0000 (0.0000)  weight_decay: 0.0500 (0.0500)  grad_norm: 0.0000 (0.0000)  time: 0.7360  data: 0.0001  max mem: 30401
Epoch: [39]  [100/159]  eta: 0:01:17  lr: 0.000076  min_lr: 0.000076  loss: 0.0000 (0.0000)  weight_decay: 0.0500 (0.0500)  grad_norm: 0.0000 (0.0000)  time: 0.7601  data: 0.0001  max mem: 30401
Epoch: [39]  [110/159]  eta: 0:01:01  lr: 0.000075  min_lr: 0.000075  loss: 0.0000 (0.0000)  weight_decay: 0.0500 (0.0500)  grad_norm: 0.0000 (0.0000)  time: 0.7634  data: 0.0002  max mem: 30401
Epoch: [39]  [120/159]  eta: 0:00:47  lr: 0.000075  min_lr: 0.000075  loss: 0.0000 (0.0000)  weight_decay: 0.0500 (0.0500)  grad_norm: 0.0000 (0.0000)  time: 0.7226  data: 0.0002  max mem: 30401
Epoch: [39]  [130/159]  eta: 0:00:33  lr: 0.000075  min_lr: 0.000075  loss: 0.0000 (0.0000)  weight_decay: 0.0500 (0.0500)  grad_norm: 0.0000 (0.0000)  time: 0.6644  data: 0.0001  max mem: 30401
Epoch: [39]  [140/159]  eta: 0:00:21  lr: 0.000075  min_lr: 0.000075  loss: 0.0000 (0.0000)  weight_decay: 0.0500 (0.0500)  grad_norm: 0.0000 (0.0000)  time: 0.6289  data: 0.0001  max mem: 30401
Epoch: [39]  [150/159]  eta: 0:00:09  lr: 0.000075  min_lr: 0.000075  loss: 0.0000 (0.0000)  weight_decay: 0.0500 (0.0500)  grad_norm: 0.0000 (0.0000)  time: 0.6032  data: 0.0001  max mem: 30401
Epoch: [39]  [158/159]  eta: 0:00:01  lr: 0.000075  min_lr: 0.000075  loss: 0.0000 (0.0000)  weight_decay: 0.0500 (0.0500)  grad_norm: 0.0000 (0.0000)  time: 0.5895  data: 0.0001  max mem: 30401
Epoch: [39] Total time: 0:02:51 (1.0800 s / it)
Averaged stats: lr: 0.000075  min_lr: 0.000075  loss: 0.0000 (0.0000)  weight_decay: 0.0500 (0.0500)  grad_norm: 0.0000 (0.0000)
Epoch: [40]  [  0/159]  eta: 3:19:19  lr: 0.000075  min_lr: 0.000075  loss: 0.0000 (0.0000)  weight_decay: 0.0500 (0.0500)  grad_norm: 0.0000 (0.0000)  time: 75.2183  data: 39.0282  max mem: 30401
Epoch: [40]  [ 10/159]  eta: 0:21:57  lr: 0.000075  min_lr: 0.000075  loss: 0.0000 (0.0000)  weight_decay: 0.0500 (0.0500)  grad_norm: 0.0000 (0.0000)  time: 8.8398  data: 3.5483  max mem: 30401
Epoch: [40]  [ 20/159]  eta: 0:11:26  lr: 0.000075  min_lr: 0.000075  loss: 0.0000 (0.0000)  weight_decay: 0.0500 (0.0500)  grad_norm: 0.0000 (0.0000)  time: 1.4215  data: 0.0003  max mem: 30401
Epoch: [40]  [ 30/159]  eta: 0:07:37  lr: 0.000075  min_lr: 0.000075  loss: 0.0000 (0.0000)  weight_decay: 0.0500 (0.0500)  grad_norm: 0.0000 (0.0000)  time: 0.6322  data: 0.0002  max mem: 30401
Epoch: [40]  [ 40/159]  eta: 0:05:36  lr: 0.000075  min_lr: 0.000075  loss: 0.0000 (0.0000)  weight_decay: 0.0500 (0.0500)  grad_norm: 0.0000 (0.0000)  time: 0.6228  data: 0.0002  max mem: 30401
Epoch: [40]  [ 50/159]  eta: 0:04:20  lr: 0.000075  min_lr: 0.000075  loss: 0.0000 (0.0000)  weight_decay: 0.0500 (0.0500)  grad_norm: 0.0000 (0.0000)  time: 0.6091  data: 0.0002  max mem: 30401
Epoch: [40]  [ 60/159]  eta: 0:03:27  lr: 0.000074  min_lr: 0.000074  loss: 0.0000 (0.0000)  weight_decay: 0.0500 (0.0500)  grad_norm: 0.0000 (0.0000)  time: 0.5986  data: 0.0002  max mem: 30401
Epoch: [40]  [ 70/159]  eta: 0:02:49  lr: 0.000074  min_lr: 0.000074  loss: 0.0000 (0.0000)  weight_decay: 0.0500 (0.0500)  grad_norm: 0.0000 (0.0000)  time: 0.6544  data: 0.0002  max mem: 30401
Epoch: [40]  [ 80/159]  eta: 0:02:18  lr: 0.000074  min_lr: 0.000074  loss: 0.0000 (0.0000)  weight_decay: 0.0500 (0.0500)  grad_norm: 0.0000 (0.0000)  time: 0.7215  data: 0.0002  max mem: 30401
Epoch: [40]  [ 90/159]  eta: 0:01:53  lr: 0.000074  min_lr: 0.000074  loss: 0.0000 (0.0000)  weight_decay: 0.0500 (0.0500)  grad_norm: 0.0000 (0.0000)  time: 0.7157  data: 0.0002  max mem: 30401
Epoch: [40]  [100/159]  eta: 0:01:31  lr: 0.000074  min_lr: 0.000074  loss: 0.0000 (0.0000)  weight_decay: 0.0500 (0.0500)  grad_norm: 0.0000 (0.0000)  time: 0.6957  data: 0.0002  max mem: 30401
Epoch: [40]  [110/159]  eta: 0:01:11  lr: 0.000074  min_lr: 0.000074  loss: 0.0000 (0.0000)  weight_decay: 0.0500 (0.0500)  grad_norm: 0.0000 (0.0000)  time: 0.6802  data: 0.0002  max mem: 30401
Epoch: [40]  [120/159]  eta: 0:00:54  lr: 0.000074  min_lr: 0.000074  loss: 0.0000 (0.0000)  weight_decay: 0.0500 (0.0500)  grad_norm: 0.0000 (0.0000)  time: 0.6563  data: 0.0002  max mem: 30401
Epoch: [40]  [130/159]  eta: 0:00:38  lr: 0.000074  min_lr: 0.000074  loss: 0.0000 (0.0000)  weight_decay: 0.0500 (0.0500)  grad_norm: 0.0000 (0.0000)  time: 0.6469  data: 0.0001  max mem: 30401
Epoch: [40]  [140/159]  eta: 0:00:24  lr: 0.000074  min_lr: 0.000074  loss: 0.0000 (0.0000)  weight_decay: 0.0500 (0.0500)  grad_norm: 0.0000 (0.0000)  time: 0.6807  data: 0.0002  max mem: 30401
Epoch: [40]  [150/159]  eta: 0:00:11  lr: 0.000074  min_lr: 0.000074  loss: 0.0000 (0.0000)  weight_decay: 0.0500 (0.0500)  grad_norm: 0.0000 (0.0000)  time: 0.7151  data: 0.0002  max mem: 30401
Epoch: [40]  [158/159]  eta: 0:00:01  lr: 0.000073  min_lr: 0.000073  loss: 0.0000 (0.0000)  weight_decay: 0.0500 (0.0500)  grad_norm: 0.0000 (0.0000)  time: 0.7062  data: 0.0002  max mem: 30401
Epoch: [40] Total time: 0:03:17 (1.2400 s / it)
Averaged stats: lr: 0.000073  min_lr: 0.000073  loss: 0.0000 (0.0000)  weight_decay: 0.0500 (0.0500)  grad_norm: 0.0000 (0.0000)
[Eval]   [0/2]  eta: 0:00:20  loss: 0.0000 (0.0000)  time: 10.2787  data: 10.1144  max mem: 30401
[Eval]   [1/2]  eta: 0:00:05  loss: 0.0000 (0.0000)  time: 5.1895  data: 5.0573  max mem: 30401
[Eval]  Total time: 0:00:10 (5.3853 s / it)
Eval averaged stats: loss: 0.0000 (0.0000)
Logged 9 eval images
Epoch: [41]  [  0/159]  eta: 2:34:33  lr: 0.000073  min_lr: 0.000073  loss: 0.0000 (0.0000)  weight_decay: 0.0500 (0.0500)  grad_norm: 0.0000 (0.0000)  time: 58.3253  data: 47.2957  max mem: 30401
Epoch: [41]  [ 10/159]  eta: 0:15:43  lr: 0.000073  min_lr: 0.000073  loss: 0.0000 (0.0000)  weight_decay: 0.0500 (0.0500)  grad_norm: 0.0000 (0.0000)  time: 6.3336  data: 4.5735  max mem: 30401
Epoch: [41]  [ 20/159]  eta: 0:08:19  lr: 0.000073  min_lr: 0.000073  loss: 0.0000 (0.0000)  weight_decay: 0.0500 (0.0500)  grad_norm: 0.0000 (0.0000)  time: 0.8580  data: 0.1507  max mem: 30401
Epoch: [41]  [ 30/159]  eta: 0:05:38  lr: 0.000073  min_lr: 0.000073  loss: 0.0000 (0.0000)  weight_decay: 0.0500 (0.0500)  grad_norm: 0.0000 (0.0000)  time: 0.5836  data: 0.0002  max mem: 30401
Epoch: [41]  [ 40/159]  eta: 0:04:12  lr: 0.000073  min_lr: 0.000073  loss: 0.0000 (0.0000)  weight_decay: 0.0500 (0.0500)  grad_norm: 0.0000 (0.0000)  time: 0.5840  data: 0.0002  max mem: 30401
Epoch: [41]  [ 50/159]  eta: 0:03:18  lr: 0.000073  min_lr: 0.000073  loss: 0.0000 (0.0000)  weight_decay: 0.0500 (0.0500)  grad_norm: 0.0000 (0.0000)  time: 0.5845  data: 0.0001  max mem: 30401
Epoch: [41]  [ 60/159]  eta: 0:02:40  lr: 0.000073  min_lr: 0.000073  loss: 0.0000 (0.0000)  weight_decay: 0.0500 (0.0500)  grad_norm: 0.0000 (0.0000)  time: 0.5828  data: 0.0002  max mem: 30401
Epoch: [41]  [ 70/159]  eta: 0:02:11  lr: 0.000073  min_lr: 0.000073  loss: 0.0000 (0.0000)  weight_decay: 0.0500 (0.0500)  grad_norm: 0.0000 (0.0000)  time: 0.5787  data: 0.0002  max mem: 30401
Epoch: [41]  [ 80/159]  eta: 0:01:47  lr: 0.000073  min_lr: 0.000073  loss: 0.0000 (0.0000)  weight_decay: 0.0500 (0.0500)  grad_norm: 0.0000 (0.0000)  time: 0.5777  data: 0.0001  max mem: 30401
Epoch: [41]  [ 90/159]  eta: 0:01:28  lr: 0.000073  min_lr: 0.000073  loss: 0.0000 (0.0000)  weight_decay: 0.0500 (0.0500)  grad_norm: 0.0000 (0.0000)  time: 0.5788  data: 0.0001  max mem: 30401
Epoch: [41]  [100/159]  eta: 0:01:11  lr: 0.000072  min_lr: 0.000072  loss: 0.0000 (0.0000)  weight_decay: 0.0500 (0.0500)  grad_norm: 0.0000 (0.0000)  time: 0.5812  data: 0.0001  max mem: 30401
Epoch: [41]  [110/159]  eta: 0:00:56  lr: 0.000072  min_lr: 0.000072  loss: 0.0000 (0.0000)  weight_decay: 0.0500 (0.0500)  grad_norm: 0.0000 (0.0000)  time: 0.5816  data: 0.0001  max mem: 30401
Epoch: [41]  [120/159]  eta: 0:00:43  lr: 0.000072  min_lr: 0.000072  loss: 0.0000 (0.0000)  weight_decay: 0.0500 (0.0500)  grad_norm: 0.0000 (0.0000)  time: 0.5800  data: 0.0002  max mem: 30401
Epoch: [41]  [130/159]  eta: 0:00:30  lr: 0.000072  min_lr: 0.000072  loss: 0.0000 (0.0000)  weight_decay: 0.0500 (0.0500)  grad_norm: 0.0000 (0.0000)  time: 0.5783  data: 0.0002  max mem: 30401
Epoch: [41]  [140/159]  eta: 0:00:19  lr: 0.000072  min_lr: 0.000072  loss: 0.0000 (0.0000)  weight_decay: 0.0500 (0.0500)  grad_norm: 0.0000 (0.0000)  time: 0.5779  data: 0.0001  max mem: 30401
Epoch: [41]  [150/159]  eta: 0:00:08  lr: 0.000072  min_lr: 0.000072  loss: 0.0000 (0.0000)  weight_decay: 0.0500 (0.0500)  grad_norm: 0.0000 (0.0000)  time: 0.5785  data: 0.0001  max mem: 30401
Epoch: [41]  [158/159]  eta: 0:00:00  lr: 0.000072  min_lr: 0.000072  loss: 0.0000 (0.0000)  weight_decay: 0.0500 (0.0500)  grad_norm: 0.0000 (0.0000)  time: 0.5794  data: 0.0002  max mem: 30401
Epoch: [41] Total time: 0:02:37 (0.9877 s / it)
Averaged stats: lr: 0.000072  min_lr: 0.000072  loss: 0.0000 (0.0000)  weight_decay: 0.0500 (0.0500)  grad_norm: 0.0000 (0.0000)
Epoch: [42]  [  0/159]  eta: 2:25:32  lr: 0.000072  min_lr: 0.000072  loss: 0.0000 (0.0000)  weight_decay: 0.0500 (0.0500)  grad_norm: 0.0000 (0.0000)  time: 54.9199  data: 43.9643  max mem: 30401
Epoch: [42]  [ 10/159]  eta: 0:14:23  lr: 0.000072  min_lr: 0.000072  loss: 0.0000 (0.0000)  weight_decay: 0.0500 (0.0500)  grad_norm: 0.0000 (0.0000)  time: 5.7928  data: 3.9971  max mem: 30401
Epoch: [42]  [ 20/159]  eta: 0:07:57  lr: 0.000072  min_lr: 0.000072  loss: 0.0000 (0.0000)  weight_decay: 0.0500 (0.0500)  grad_norm: 0.0000 (0.0000)  time: 0.8637  data: 0.0003  max mem: 30401
Epoch: [42]  [ 30/159]  eta: 0:05:29  lr: 0.000072  min_lr: 0.000072  loss: 0.0000 (0.0000)  weight_decay: 0.0500 (0.0500)  grad_norm: 0.0000 (0.0000)  time: 0.7736  data: 0.0002  max mem: 30401
Epoch: [42]  [ 40/159]  eta: 0:04:08  lr: 0.000072  min_lr: 0.000072  loss: 0.0000 (0.0000)  weight_decay: 0.0500 (0.0500)  grad_norm: 0.0000 (0.0000)  time: 0.6634  data: 0.0001  max mem: 30401
Epoch: [42]  [ 50/159]  eta: 0:03:15  lr: 0.000071  min_lr: 0.000071  loss: 0.0000 (0.0000)  weight_decay: 0.0500 (0.0500)  grad_norm: 0.0000 (0.0000)  time: 0.6094  data: 0.0001  max mem: 30401
Epoch: [42]  [ 60/159]  eta: 0:02:37  lr: 0.000071  min_lr: 0.000071  loss: 0.0000 (0.0000)  weight_decay: 0.0500 (0.0500)  grad_norm: 0.0000 (0.0000)  time: 0.5885  data: 0.0001  max mem: 30401
Epoch: [42]  [ 70/159]  eta: 0:02:09  lr: 0.000071  min_lr: 0.000071  loss: 0.0000 (0.0000)  weight_decay: 0.0500 (0.0500)  grad_norm: 0.0000 (0.0000)  time: 0.5868  data: 0.0001  max mem: 30401
Epoch: [42]  [ 80/159]  eta: 0:01:46  lr: 0.000071  min_lr: 0.000071  loss: 0.0000 (0.0000)  weight_decay: 0.0500 (0.0500)  grad_norm: 0.0000 (0.0000)  time: 0.5850  data: 0.0001  max mem: 30401
Epoch: [42]  [ 90/159]  eta: 0:01:26  lr: 0.000071  min_lr: 0.000071  loss: 0.0000 (0.0000)  weight_decay: 0.0500 (0.0500)  grad_norm: 0.0000 (0.0000)  time: 0.5810  data: 0.0001  max mem: 30401
Epoch: [42]  [100/159]  eta: 0:01:10  lr: 0.000071  min_lr: 0.000071  loss: 0.0000 (0.0000)  weight_decay: 0.0500 (0.0500)  grad_norm: 0.0000 (0.0000)  time: 0.5981  data: 0.0002  max mem: 30401
Epoch: [42]  [110/159]  eta: 0:00:56  lr: 0.000071  min_lr: 0.000071  loss: 0.0000 (0.0000)  weight_decay: 0.0500 (0.0500)  grad_norm: 0.0000 (0.0000)  time: 0.6685  data: 0.0002  max mem: 30401
Epoch: [42]  [120/159]  eta: 0:00:43  lr: 0.000071  min_lr: 0.000071  loss: 0.0000 (0.0000)  weight_decay: 0.0500 (0.0500)  grad_norm: 0.0000 (0.0000)  time: 0.6904  data: 0.0002  max mem: 30401
Epoch: [42]  [130/159]  eta: 0:00:31  lr: 0.000071  min_lr: 0.000071  loss: 0.0000 (0.0000)  weight_decay: 0.0500 (0.0500)  grad_norm: 0.0000 (0.0000)  time: 0.6354  data: 0.0001  max mem: 30401
Epoch: [42]  [140/159]  eta: 0:00:19  lr: 0.000071  min_lr: 0.000071  loss: 0.0000 (0.0000)  weight_decay: 0.0500 (0.0500)  grad_norm: 0.0000 (0.0000)  time: 0.6002  data: 0.0001  max mem: 30401
Epoch: [42]  [150/159]  eta: 0:00:09  lr: 0.000070  min_lr: 0.000070  loss: 0.0000 (0.0000)  weight_decay: 0.0500 (0.0500)  grad_norm: 0.0000 (0.0000)  time: 0.5912  data: 0.0001  max mem: 30401
Epoch: [42]  [158/159]  eta: 0:00:00  lr: 0.000070  min_lr: 0.000070  loss: 0.0000 (0.0000)  weight_decay: 0.0500 (0.0500)  grad_norm: 0.0000 (0.0000)  time: 0.6441  data: 0.0001  max mem: 30401
Epoch: [42] Total time: 0:02:39 (1.0050 s / it)
Averaged stats: lr: 0.000070  min_lr: 0.000070  loss: 0.0000 (0.0000)  weight_decay: 0.0500 (0.0500)  grad_norm: 0.0000 (0.0000)
Epoch: [43]  [  0/159]  eta: 2:19:06  lr: 0.000070  min_lr: 0.000070  loss: 0.0000 (0.0000)  weight_decay: 0.0500 (0.0500)  grad_norm: 0.0000 (0.0000)  time: 52.4958  data: 45.2401  max mem: 30401
Epoch: [43]  [ 10/159]  eta: 0:14:07  lr: 0.000070  min_lr: 0.000070  loss: 0.0000 (0.0000)  weight_decay: 0.0500 (0.0500)  grad_norm: 0.0000 (0.0000)  time: 5.6900  data: 4.1132  max mem: 30401
Epoch: [43]  [ 20/159]  eta: 0:07:43  lr: 0.000070  min_lr: 0.000070  loss: 0.0000 (0.0000)  weight_decay: 0.0500 (0.0500)  grad_norm: 0.0000 (0.0000)  time: 0.8763  data: 0.0004  max mem: 30401
Epoch: [43]  [ 30/159]  eta: 0:05:20  lr: 0.000070  min_lr: 0.000070  loss: 0.0000 (0.0000)  weight_decay: 0.0500 (0.0500)  grad_norm: 0.0000 (0.0000)  time: 0.7162  data: 0.0002  max mem: 30401
Epoch: [43]  [ 40/159]  eta: 0:04:00  lr: 0.000070  min_lr: 0.000070  loss: 0.0000 (0.0000)  weight_decay: 0.0500 (0.0500)  grad_norm: 0.0000 (0.0000)  time: 0.6388  data: 0.0001  max mem: 30401
Epoch: [43]  [ 50/159]  eta: 0:03:09  lr: 0.000070  min_lr: 0.000070  loss: 0.0000 (0.0000)  weight_decay: 0.0500 (0.0500)  grad_norm: 0.0000 (0.0000)  time: 0.5829  data: 0.0001  max mem: 30401
Epoch: [43]  [ 60/159]  eta: 0:02:33  lr: 0.000070  min_lr: 0.000070  loss: 0.0000 (0.0000)  weight_decay: 0.0500 (0.0500)  grad_norm: 0.0000 (0.0000)  time: 0.5787  data: 0.0001  max mem: 30401
Epoch: [43]  [ 70/159]  eta: 0:02:05  lr: 0.000070  min_lr: 0.000070  loss: 0.0000 (0.0000)  weight_decay: 0.0500 (0.0500)  grad_norm: 0.0000 (0.0000)  time: 0.5787  data: 0.0001  max mem: 30401
Epoch: [43]  [ 80/159]  eta: 0:01:43  lr: 0.000070  min_lr: 0.000070  loss: 0.0000 (0.0000)  weight_decay: 0.0500 (0.0500)  grad_norm: 0.0000 (0.0000)  time: 0.5773  data: 0.0001  max mem: 30401
Epoch: [43]  [ 90/159]  eta: 0:01:24  lr: 0.000069  min_lr: 0.000069  loss: 0.0000 (0.0000)  weight_decay: 0.0500 (0.0500)  grad_norm: 0.0000 (0.0000)  time: 0.5782  data: 0.0001  max mem: 30401
Epoch: [43]  [100/159]  eta: 0:01:08  lr: 0.000069  min_lr: 0.000069  loss: 0.0000 (0.0000)  weight_decay: 0.0500 (0.0500)  grad_norm: 0.0000 (0.0000)  time: 0.5796  data: 0.0001  max mem: 30401
Epoch: [43]  [110/159]  eta: 0:00:54  lr: 0.000069  min_lr: 0.000069  loss: 0.0000 (0.0000)  weight_decay: 0.0500 (0.0500)  grad_norm: 0.0000 (0.0000)  time: 0.5791  data: 0.0001  max mem: 30401
Epoch: [43]  [120/159]  eta: 0:00:41  lr: 0.000069  min_lr: 0.000069  loss: 0.0000 (0.0000)  weight_decay: 0.0500 (0.0500)  grad_norm: 0.0000 (0.0000)  time: 0.5785  data: 0.0001  max mem: 30401
Epoch: [43]  [130/159]  eta: 0:00:29  lr: 0.000069  min_lr: 0.000069  loss: 0.0000 (0.0000)  weight_decay: 0.0500 (0.0500)  grad_norm: 0.0000 (0.0000)  time: 0.5790  data: 0.0001  max mem: 30401
Epoch: [43]  [140/159]  eta: 0:00:19  lr: 0.000069  min_lr: 0.000069  loss: 0.0000 (0.0000)  weight_decay: 0.0500 (0.0500)  grad_norm: 0.0000 (0.0000)  time: 0.6447  data: 0.0001  max mem: 30401
Epoch: [43]  [150/159]  eta: 0:00:08  lr: 0.000069  min_lr: 0.000069  loss: 0.0000 (0.0000)  weight_decay: 0.0500 (0.0500)  grad_norm: 0.0000 (0.0000)  time: 0.6519  data: 0.0001  max mem: 30401
Epoch: [43]  [158/159]  eta: 0:00:00  lr: 0.000069  min_lr: 0.000069  loss: 0.0000 (0.0000)  weight_decay: 0.0500 (0.0500)  grad_norm: 0.0000 (0.0000)  time: 0.5937  data: 0.0001  max mem: 30401
Epoch: [43] Total time: 0:02:33 (0.9683 s / it)
Averaged stats: lr: 0.000069  min_lr: 0.000069  loss: 0.0000 (0.0000)  weight_decay: 0.0500 (0.0500)  grad_norm: 0.0000 (0.0000)
Epoch: [44]  [  0/159]  eta: 2:23:30  lr: 0.000069  min_lr: 0.000069  loss: 0.0000 (0.0000)  weight_decay: 0.0500 (0.0500)  grad_norm: 0.0000 (0.0000)  time: 54.1542  data: 49.7880  max mem: 30401
Epoch: [44]  [ 10/159]  eta: 0:14:25  lr: 0.000069  min_lr: 0.000069  loss: 0.0000 (0.0000)  weight_decay: 0.0500 (0.0500)  grad_norm: 0.0000 (0.0000)  time: 5.8100  data: 4.5266  max mem: 30401
Epoch: [44]  [ 20/159]  eta: 0:07:50  lr: 0.000069  min_lr: 0.000069  loss: 0.0000 (0.0000)  weight_decay: 0.0500 (0.0500)  grad_norm: 0.0000 (0.0000)  time: 0.8451  data: 0.0003  max mem: 30401
Epoch: [44]  [ 30/159]  eta: 0:05:21  lr: 0.000068  min_lr: 0.000068  loss: 0.0000 (0.0000)  weight_decay: 0.0500 (0.0500)  grad_norm: 0.0000 (0.0000)  time: 0.6695  data: 0.0002  max mem: 30401
Epoch: [44]  [ 40/159]  eta: 0:04:01  lr: 0.000068  min_lr: 0.000068  loss: 0.0000 (0.0000)  weight_decay: 0.0500 (0.0500)  grad_norm: 0.0000 (0.0000)  time: 0.6159  data: 0.0002  max mem: 30401
Epoch: [44]  [ 50/159]  eta: 0:03:11  lr: 0.000068  min_lr: 0.000068  loss: 0.0000 (0.0000)  weight_decay: 0.0500 (0.0500)  grad_norm: 0.0000 (0.0000)  time: 0.6128  data: 0.0002  max mem: 30401
Epoch: [44]  [ 60/159]  eta: 0:02:35  lr: 0.000068  min_lr: 0.000068  loss: 0.0000 (0.0000)  weight_decay: 0.0500 (0.0500)  grad_norm: 0.0000 (0.0000)  time: 0.6108  data: 0.0001  max mem: 30401
Epoch: [44]  [ 70/159]  eta: 0:02:07  lr: 0.000068  min_lr: 0.000068  loss: 0.0000 (0.0000)  weight_decay: 0.0500 (0.0500)  grad_norm: 0.0000 (0.0000)  time: 0.6181  data: 0.0001  max mem: 30401
Epoch: [44]  [ 80/159]  eta: 0:01:45  lr: 0.000068  min_lr: 0.000068  loss: 0.0000 (0.0000)  weight_decay: 0.0500 (0.0500)  grad_norm: 0.0000 (0.0000)  time: 0.6171  data: 0.0001  max mem: 30401
Epoch: [44]  [ 90/159]  eta: 0:01:26  lr: 0.000068  min_lr: 0.000068  loss: 0.0000 (0.0000)  weight_decay: 0.0500 (0.0500)  grad_norm: 0.0000 (0.0000)  time: 0.5908  data: 0.0001  max mem: 30401
Epoch: [44]  [100/159]  eta: 0:01:09  lr: 0.000068  min_lr: 0.000068  loss: 0.0000 (0.0000)  weight_decay: 0.0500 (0.0500)  grad_norm: 0.0000 (0.0000)  time: 0.5831  data: 0.0001  max mem: 30401
Epoch: [44]  [110/159]  eta: 0:00:55  lr: 0.000068  min_lr: 0.000068  loss: 0.0000 (0.0000)  weight_decay: 0.0500 (0.0500)  grad_norm: 0.0000 (0.0000)  time: 0.5968  data: 0.0002  max mem: 30401
Epoch: [44]  [120/159]  eta: 0:00:42  lr: 0.000068  min_lr: 0.000068  loss: 0.0000 (0.0000)  weight_decay: 0.0500 (0.0500)  grad_norm: 0.0000 (0.0000)  time: 0.6318  data: 0.0002  max mem: 30401
Epoch: [44]  [130/159]  eta: 0:00:30  lr: 0.000067  min_lr: 0.000067  loss: 0.0000 (0.0000)  weight_decay: 0.0500 (0.0500)  grad_norm: 0.0000 (0.0000)  time: 0.6336  data: 0.0001  max mem: 30401
Epoch: [44]  [140/159]  eta: 0:00:19  lr: 0.000067  min_lr: 0.000067  loss: 0.0000 (0.0000)  weight_decay: 0.0500 (0.0500)  grad_norm: 0.0000 (0.0000)  time: 0.6058  data: 0.0001  max mem: 30401
Epoch: [44]  [150/159]  eta: 0:00:08  lr: 0.000067  min_lr: 0.000067  loss: 0.0000 (0.0000)  weight_decay: 0.0500 (0.0500)  grad_norm: 0.0000 (0.0000)  time: 0.5935  data: 0.0002  max mem: 30401
Epoch: [44]  [158/159]  eta: 0:00:00  lr: 0.000067  min_lr: 0.000067  loss: 0.0000 (0.0000)  weight_decay: 0.0500 (0.0500)  grad_norm: 0.0000 (0.0000)  time: 0.5860  data: 0.0002  max mem: 30401
Epoch: [44] Total time: 0:02:36 (0.9819 s / it)
Averaged stats: lr: 0.000067  min_lr: 0.000067  loss: 0.0000 (0.0000)  weight_decay: 0.0500 (0.0500)  grad_norm: 0.0000 (0.0000)
Epoch: [45]  [  0/159]  eta: 2:20:31  lr: 0.000067  min_lr: 0.000067  loss: 0.0000 (0.0000)  weight_decay: 0.0500 (0.0500)  grad_norm: 0.0000 (0.0000)  time: 53.0270  data: 48.1739  max mem: 30401
Epoch: [45]  [ 10/159]  eta: 0:13:58  lr: 0.000067  min_lr: 0.000067  loss: 0.0000 (0.0000)  weight_decay: 0.0500 (0.0500)  grad_norm: 0.0000 (0.0000)  time: 5.6259  data: 4.3798  max mem: 30401
Epoch: [45]  [ 20/159]  eta: 0:07:42  lr: 0.000067  min_lr: 0.000067  loss: 0.0000 (0.0000)  weight_decay: 0.0500 (0.0500)  grad_norm: 0.0000 (0.0000)  time: 0.8450  data: 0.0003  max mem: 30401
Epoch: [45]  [ 30/159]  eta: 0:05:23  lr: 0.000067  min_lr: 0.000067  loss: 0.0000 (0.0000)  weight_decay: 0.0500 (0.0500)  grad_norm: 0.0000 (0.0000)  time: 0.7932  data: 0.0003  max mem: 30401
Epoch: [45]  [ 40/159]  eta: 0:04:05  lr: 0.000067  min_lr: 0.000067  loss: 0.0000 (0.0000)  weight_decay: 0.0500 (0.0500)  grad_norm: 0.0000 (0.0000)  time: 0.7274  data: 0.0002  max mem: 30401
Epoch: [45]  [ 50/159]  eta: 0:03:16  lr: 0.000067  min_lr: 0.000067  loss: 0.0000 (0.0000)  weight_decay: 0.0500 (0.0500)  grad_norm: 0.0000 (0.0000)  time: 0.7032  data: 0.0002  max mem: 30401
Epoch: [45]  [ 60/159]  eta: 0:02:40  lr: 0.000066  min_lr: 0.000066  loss: 0.0000 (0.0000)  weight_decay: 0.0500 (0.0500)  grad_norm: 0.0000 (0.0000)  time: 0.7266  data: 0.0001  max mem: 30401
Epoch: [45]  [ 70/159]  eta: 0:02:12  lr: 0.000066  min_lr: 0.000066  loss: 0.0000 (0.0000)  weight_decay: 0.0500 (0.0500)  grad_norm: 0.0000 (0.0000)  time: 0.6852  data: 0.0001  max mem: 30401
Epoch: [45]  [ 80/159]  eta: 0:01:50  lr: 0.000066  min_lr: 0.000066  loss: 0.0000 (0.0000)  weight_decay: 0.0500 (0.0500)  grad_norm: 0.0000 (0.0000)  time: 0.6935  data: 0.0002  max mem: 30401
Epoch: [45]  [ 90/159]  eta: 0:01:31  lr: 0.000066  min_lr: 0.000066  loss: 0.0000 (0.0000)  weight_decay: 0.0500 (0.0500)  grad_norm: 0.0000 (0.0000)  time: 0.7326  data: 0.0002  max mem: 30401
Epoch: [45]  [100/159]  eta: 0:01:14  lr: 0.000066  min_lr: 0.000066  loss: 0.0000 (0.0000)  weight_decay: 0.0500 (0.0500)  grad_norm: 0.0000 (0.0000)  time: 0.7320  data: 0.0001  max mem: 30401
Epoch: [45]  [110/159]  eta: 0:00:59  lr: 0.000066  min_lr: 0.000066  loss: 0.0000 (0.0000)  weight_decay: 0.0500 (0.0500)  grad_norm: 0.0000 (0.0000)  time: 0.7075  data: 0.0001  max mem: 30401
Epoch: [45]  [120/159]  eta: 0:00:45  lr: 0.000066  min_lr: 0.000066  loss: 0.0000 (0.0000)  weight_decay: 0.0500 (0.0500)  grad_norm: 0.0000 (0.0000)  time: 0.7136  data: 0.0002  max mem: 30401
Epoch: [45]  [130/159]  eta: 0:00:32  lr: 0.000066  min_lr: 0.000066  loss: 0.0000 (0.0000)  weight_decay: 0.0500 (0.0500)  grad_norm: 0.0000 (0.0000)  time: 0.6947  data: 0.0002  max mem: 30401
Epoch: [45]  [140/159]  eta: 0:00:20  lr: 0.000066  min_lr: 0.000066  loss: 0.0000 (0.0000)  weight_decay: 0.0500 (0.0500)  grad_norm: 0.0000 (0.0000)  time: 0.6297  data: 0.0002  max mem: 30401
Epoch: [45]  [150/159]  eta: 0:00:09  lr: 0.000066  min_lr: 0.000066  loss: 0.0000 (0.0000)  weight_decay: 0.0500 (0.0500)  grad_norm: 0.0000 (0.0000)  time: 0.6088  data: 0.0002  max mem: 30401
Epoch: [45]  [158/159]  eta: 0:00:01  lr: 0.000065  min_lr: 0.000065  loss: 0.0000 (0.0000)  weight_decay: 0.0500 (0.0500)  grad_norm: 0.0000 (0.0000)  time: 0.6121  data: 0.0002  max mem: 30401
Epoch: [45] Total time: 0:02:46 (1.0487 s / it)
Averaged stats: lr: 0.000065  min_lr: 0.000065  loss: 0.0000 (0.0000)  weight_decay: 0.0500 (0.0500)  grad_norm: 0.0000 (0.0000)
Epoch: [46]  [  0/159]  eta: 2:25:34  lr: 0.000065  min_lr: 0.000065  loss: 0.0000 (0.0000)  weight_decay: 0.0500 (0.0500)  grad_norm: 0.0000 (0.0000)  time: 54.9369  data: 40.5678  max mem: 30401
Epoch: [46]  [ 10/159]  eta: 0:14:31  lr: 0.000065  min_lr: 0.000065  loss: 0.0000 (0.0000)  weight_decay: 0.0500 (0.0500)  grad_norm: 0.0000 (0.0000)  time: 5.8514  data: 3.6883  max mem: 30401
Epoch: [46]  [ 20/159]  eta: 0:07:54  lr: 0.000065  min_lr: 0.000065  loss: 0.0000 (0.0000)  weight_decay: 0.0500 (0.0500)  grad_norm: 0.0000 (0.0000)  time: 0.8363  data: 0.0003  max mem: 30401
Epoch: [46]  [ 30/159]  eta: 0:05:22  lr: 0.000065  min_lr: 0.000065  loss: 0.0000 (0.0000)  weight_decay: 0.0500 (0.0500)  grad_norm: 0.0000 (0.0000)  time: 0.6575  data: 0.0002  max mem: 30401
Epoch: [46]  [ 40/159]  eta: 0:04:02  lr: 0.000065  min_lr: 0.000065  loss: 0.0000 (0.0000)  weight_decay: 0.0500 (0.0500)  grad_norm: 0.0000 (0.0000)  time: 0.5913  data: 0.0002  max mem: 30401
Epoch: [46]  [ 50/159]  eta: 0:03:10  lr: 0.000065  min_lr: 0.000065  loss: 0.0000 (0.0000)  weight_decay: 0.0500 (0.0500)  grad_norm: 0.0000 (0.0000)  time: 0.5886  data: 0.0002  max mem: 30401
Epoch: [46]  [ 60/159]  eta: 0:02:34  lr: 0.000065  min_lr: 0.000065  loss: 0.0000 (0.0000)  weight_decay: 0.0500 (0.0500)  grad_norm: 0.0000 (0.0000)  time: 0.5801  data: 0.0002  max mem: 30401
Epoch: [46]  [ 70/159]  eta: 0:02:06  lr: 0.000065  min_lr: 0.000065  loss: 0.0000 (0.0000)  weight_decay: 0.0500 (0.0500)  grad_norm: 0.0000 (0.0000)  time: 0.5806  data: 0.0002  max mem: 30401
Epoch: [46]  [ 80/159]  eta: 0:01:44  lr: 0.000065  min_lr: 0.000065  loss: 0.0000 (0.0000)  weight_decay: 0.0500 (0.0500)  grad_norm: 0.0000 (0.0000)  time: 0.5833  data: 0.0002  max mem: 30401
Epoch: [46]  [ 90/159]  eta: 0:01:26  lr: 0.000065  min_lr: 0.000065  loss: 0.0000 (0.0000)  weight_decay: 0.0500 (0.0500)  grad_norm: 0.0000 (0.0000)  time: 0.6649  data: 0.0001  max mem: 30401
Epoch: [46]  [100/159]  eta: 0:01:10  lr: 0.000064  min_lr: 0.000064  loss: 0.0000 (0.0000)  weight_decay: 0.0500 (0.0500)  grad_norm: 0.0000 (0.0000)  time: 0.7220  data: 0.0001  max mem: 30401
Epoch: [46]  [110/159]  eta: 0:00:56  lr: 0.000064  min_lr: 0.000064  loss: 0.0000 (0.0000)  weight_decay: 0.0500 (0.0500)  grad_norm: 0.0000 (0.0000)  time: 0.6772  data: 0.0002  max mem: 30401
Epoch: [46]  [120/159]  eta: 0:00:43  lr: 0.000064  min_lr: 0.000064  loss: 0.0000 (0.0000)  weight_decay: 0.0500 (0.0500)  grad_norm: 0.0000 (0.0000)  time: 0.6870  data: 0.0002  max mem: 30401
Epoch: [46]  [130/159]  eta: 0:00:31  lr: 0.000064  min_lr: 0.000064  loss: 0.0000 (0.0000)  weight_decay: 0.0500 (0.0500)  grad_norm: 0.0000 (0.0000)  time: 0.7072  data: 0.0002  max mem: 30401
Epoch: [46]  [140/159]  eta: 0:00:20  lr: 0.000064  min_lr: 0.000064  loss: 0.0000 (0.0000)  weight_decay: 0.0500 (0.0500)  grad_norm: 0.0000 (0.0000)  time: 0.7120  data: 0.0002  max mem: 30401
Epoch: [46]  [150/159]  eta: 0:00:09  lr: 0.000064  min_lr: 0.000064  loss: 0.0000 (0.0000)  weight_decay: 0.0500 (0.0500)  grad_norm: 0.0000 (0.0000)  time: 0.6902  data: 0.0002  max mem: 30401
Epoch: [46]  [158/159]  eta: 0:00:01  lr: 0.000064  min_lr: 0.000064  loss: 0.0000 (0.0000)  weight_decay: 0.0500 (0.0500)  grad_norm: 0.0000 (0.0000)  time: 0.6438  data: 0.0002  max mem: 30401
Epoch: [46] Total time: 0:02:42 (1.0192 s / it)
Averaged stats: lr: 0.000064  min_lr: 0.000064  loss: 0.0000 (0.0000)  weight_decay: 0.0500 (0.0500)  grad_norm: 0.0000 (0.0000)
Epoch: [47]  [  0/159]  eta: 2:22:10  lr: 0.000064  min_lr: 0.000064  loss: 0.0000 (0.0000)  weight_decay: 0.0500 (0.0500)  grad_norm: 0.0000 (0.0000)  time: 53.6508  data: 41.9369  max mem: 30401
Epoch: [47]  [ 10/159]  eta: 0:14:41  lr: 0.000064  min_lr: 0.000064  loss: 0.0000 (0.0000)  weight_decay: 0.0500 (0.0500)  grad_norm: 0.0000 (0.0000)  time: 5.9164  data: 3.8127  max mem: 30401
Epoch: [47]  [ 20/159]  eta: 0:07:58  lr: 0.000064  min_lr: 0.000064  loss: 0.0000 (0.0000)  weight_decay: 0.0500 (0.0500)  grad_norm: 0.0000 (0.0000)  time: 0.9309  data: 0.0002  max mem: 30401
Epoch: [47]  [ 30/159]  eta: 0:05:25  lr: 0.000063  min_lr: 0.000063  loss: 0.0000 (0.0000)  weight_decay: 0.0500 (0.0500)  grad_norm: 0.0000 (0.0000)  time: 0.6557  data: 0.0002  max mem: 30401
Epoch: [47]  [ 40/159]  eta: 0:04:04  lr: 0.000063  min_lr: 0.000063  loss: 0.0000 (0.0000)  weight_decay: 0.0500 (0.0500)  grad_norm: 0.0000 (0.0000)  time: 0.5924  data: 0.0002  max mem: 30401
Epoch: [47]  [ 50/159]  eta: 0:03:12  lr: 0.000063  min_lr: 0.000063  loss: 0.0000 (0.0000)  weight_decay: 0.0500 (0.0500)  grad_norm: 0.0000 (0.0000)  time: 0.5922  data: 0.0002  max mem: 30401
Epoch: [47]  [ 60/159]  eta: 0:02:35  lr: 0.000063  min_lr: 0.000063  loss: 0.0000 (0.0000)  weight_decay: 0.0500 (0.0500)  grad_norm: 0.0000 (0.0000)  time: 0.5914  data: 0.0002  max mem: 30401
Epoch: [47]  [ 70/159]  eta: 0:02:07  lr: 0.000063  min_lr: 0.000063  loss: 0.0000 (0.0000)  weight_decay: 0.0500 (0.0500)  grad_norm: 0.0000 (0.0000)  time: 0.5882  data: 0.0002  max mem: 30401
Epoch: [47]  [ 80/159]  eta: 0:01:44  lr: 0.000063  min_lr: 0.000063  loss: 0.0000 (0.0000)  weight_decay: 0.0500 (0.0500)  grad_norm: 0.0000 (0.0000)  time: 0.5847  data: 0.0002  max mem: 30401
Epoch: [47]  [ 90/159]  eta: 0:01:26  lr: 0.000063  min_lr: 0.000063  loss: 0.0000 (0.0000)  weight_decay: 0.0500 (0.0500)  grad_norm: 0.0000 (0.0000)  time: 0.5826  data: 0.0002  max mem: 30401
Epoch: [47]  [100/159]  eta: 0:01:09  lr: 0.000063  min_lr: 0.000063  loss: 0.0000 (0.0000)  weight_decay: 0.0500 (0.0500)  grad_norm: 0.0000 (0.0000)  time: 0.5815  data: 0.0002  max mem: 30401
Epoch: [47]  [110/159]  eta: 0:00:55  lr: 0.000063  min_lr: 0.000063  loss: 0.0000 (0.0000)  weight_decay: 0.0500 (0.0500)  grad_norm: 0.0000 (0.0000)  time: 0.5812  data: 0.0002  max mem: 30401
Epoch: [47]  [120/159]  eta: 0:00:42  lr: 0.000063  min_lr: 0.000063  loss: 0.0000 (0.0000)  weight_decay: 0.0500 (0.0500)  grad_norm: 0.0000 (0.0000)  time: 0.6084  data: 0.0002  max mem: 30401
Epoch: [47]  [130/159]  eta: 0:00:30  lr: 0.000062  min_lr: 0.000062  loss: 0.0000 (0.0000)  weight_decay: 0.0500 (0.0500)  grad_norm: 0.0000 (0.0000)  time: 0.6204  data: 0.0002  max mem: 30401
Epoch: [47]  [140/159]  eta: 0:00:19  lr: 0.000062  min_lr: 0.000062  loss: 0.0000 (0.0000)  weight_decay: 0.0500 (0.0500)  grad_norm: 0.0000 (0.0000)  time: 0.6388  data: 0.0002  max mem: 30401
Epoch: [47]  [150/159]  eta: 0:00:08  lr: 0.000062  min_lr: 0.000062  loss: 0.0000 (0.0000)  weight_decay: 0.0500 (0.0500)  grad_norm: 0.0000 (0.0000)  time: 0.6656  data: 0.0002  max mem: 30401
Epoch: [47]  [158/159]  eta: 0:00:00  lr: 0.000062  min_lr: 0.000062  loss: 0.0000 (0.0000)  weight_decay: 0.0500 (0.0500)  grad_norm: 0.0000 (0.0000)  time: 0.6421  data: 0.0002  max mem: 30401
Epoch: [47] Total time: 0:02:36 (0.9864 s / it)
Averaged stats: lr: 0.000062  min_lr: 0.000062  loss: 0.0000 (0.0000)  weight_decay: 0.0500 (0.0500)  grad_norm: 0.0000 (0.0000)
Epoch: [48]  [  0/159]  eta: 2:23:12  lr: 0.000062  min_lr: 0.000062  loss: 0.0000 (0.0000)  weight_decay: 0.0500 (0.0500)  grad_norm: 0.0000 (0.0000)  time: 54.0380  data: 46.0826  max mem: 30401
Epoch: [48]  [ 10/159]  eta: 0:14:14  lr: 0.000062  min_lr: 0.000062  loss: 0.0000 (0.0000)  weight_decay: 0.0500 (0.0500)  grad_norm: 0.0000 (0.0000)  time: 5.7371  data: 4.1896  max mem: 30401
Epoch: [48]  [ 20/159]  eta: 0:07:48  lr: 0.000062  min_lr: 0.000062  loss: 0.0000 (0.0000)  weight_decay: 0.0500 (0.0500)  grad_norm: 0.0000 (0.0000)  time: 0.8376  data: 0.0003  max mem: 30401
Epoch: [48]  [ 30/159]  eta: 0:05:19  lr: 0.000062  min_lr: 0.000062  loss: 0.0000 (0.0000)  weight_decay: 0.0500 (0.0500)  grad_norm: 0.0000 (0.0000)  time: 0.6817  data: 0.0002  max mem: 30401
Epoch: [48]  [ 40/159]  eta: 0:04:02  lr: 0.000062  min_lr: 0.000062  loss: 0.0000 (0.0000)  weight_decay: 0.0500 (0.0500)  grad_norm: 0.0000 (0.0000)  time: 0.6367  data: 0.0002  max mem: 30401
Epoch: [48]  [ 50/159]  eta: 0:03:13  lr: 0.000062  min_lr: 0.000062  loss: 0.0000 (0.0000)  weight_decay: 0.0500 (0.0500)  grad_norm: 0.0000 (0.0000)  time: 0.6825  data: 0.0002  max mem: 30401
Epoch: [48]  [ 60/159]  eta: 0:02:37  lr: 0.000061  min_lr: 0.000061  loss: 0.0000 (0.0000)  weight_decay: 0.0500 (0.0500)  grad_norm: 0.0000 (0.0000)  time: 0.6708  data: 0.0002  max mem: 30401
Epoch: [48]  [ 70/159]  eta: 0:02:09  lr: 0.000061  min_lr: 0.000061  loss: 0.0000 (0.0000)  weight_decay: 0.0500 (0.0500)  grad_norm: 0.0000 (0.0000)  time: 0.6395  data: 0.0002  max mem: 30401
Epoch: [48]  [ 80/159]  eta: 0:01:47  lr: 0.000061  min_lr: 0.000061  loss: 0.0000 (0.0000)  weight_decay: 0.0500 (0.0500)  grad_norm: 0.0000 (0.0000)  time: 0.6555  data: 0.0002  max mem: 30401
Epoch: [48]  [ 90/159]  eta: 0:01:28  lr: 0.000061  min_lr: 0.000061  loss: 0.0000 (0.0000)  weight_decay: 0.0500 (0.0500)  grad_norm: 0.0000 (0.0000)  time: 0.6529  data: 0.0002  max mem: 30401
Epoch: [48]  [100/159]  eta: 0:01:11  lr: 0.000061  min_lr: 0.000061  loss: 0.0000 (0.0000)  weight_decay: 0.0500 (0.0500)  grad_norm: 0.0000 (0.0000)  time: 0.6069  data: 0.0002  max mem: 30401
Epoch: [48]  [110/159]  eta: 0:00:56  lr: 0.000061  min_lr: 0.000061  loss: 0.0000 (0.0000)  weight_decay: 0.0500 (0.0500)  grad_norm: 0.0000 (0.0000)  time: 0.5945  data: 0.0002  max mem: 30401
Epoch: [48]  [120/159]  eta: 0:00:43  lr: 0.000061  min_lr: 0.000061  loss: 0.0000 (0.0000)  weight_decay: 0.0500 (0.0500)  grad_norm: 0.0000 (0.0000)  time: 0.5875  data: 0.0002  max mem: 30401
Epoch: [48]  [130/159]  eta: 0:00:30  lr: 0.000061  min_lr: 0.000061  loss: 0.0000 (0.0000)  weight_decay: 0.0500 (0.0500)  grad_norm: 0.0000 (0.0000)  time: 0.5791  data: 0.0001  max mem: 30401
Epoch: [48]  [140/159]  eta: 0:00:19  lr: 0.000061  min_lr: 0.000061  loss: 0.0000 (0.0000)  weight_decay: 0.0500 (0.0500)  grad_norm: 0.0000 (0.0000)  time: 0.5771  data: 0.0001  max mem: 30401
Epoch: [48]  [150/159]  eta: 0:00:09  lr: 0.000060  min_lr: 0.000060  loss: 0.0000 (0.0000)  weight_decay: 0.0500 (0.0500)  grad_norm: 0.0000 (0.0000)  time: 0.5782  data: 0.0001  max mem: 30401
Epoch: [48]  [158/159]  eta: 0:00:00  lr: 0.000060  min_lr: 0.000060  loss: 0.0000 (0.0000)  weight_decay: 0.0500 (0.0500)  grad_norm: 0.0000 (0.0000)  time: 0.5773  data: 0.0001  max mem: 30401
Epoch: [48] Total time: 0:02:37 (0.9889 s / it)
Averaged stats: lr: 0.000060  min_lr: 0.000060  loss: 0.0000 (0.0000)  weight_decay: 0.0500 (0.0500)  grad_norm: 0.0000 (0.0000)
Epoch: [49]  [  0/159]  eta: 2:18:15  lr: 0.000060  min_lr: 0.000060  loss: 0.0000 (0.0000)  weight_decay: 0.0500 (0.0500)  grad_norm: 0.0000 (0.0000)  time: 52.1717  data: 49.9358  max mem: 30401
Epoch: [49]  [ 10/159]  eta: 0:14:04  lr: 0.000060  min_lr: 0.000060  loss: 0.0000 (0.0000)  weight_decay: 0.0500 (0.0500)  grad_norm: 0.0000 (0.0000)  time: 5.6680  data: 4.5401  max mem: 30401
Epoch: [49]  [ 20/159]  eta: 0:07:49  lr: 0.000060  min_lr: 0.000060  loss: 0.0000 (0.0000)  weight_decay: 0.0500 (0.0500)  grad_norm: 0.0000 (0.0000)  time: 0.9409  data: 0.0005  max mem: 30401
Epoch: [49]  [ 30/159]  eta: 0:05:22  lr: 0.000060  min_lr: 0.000060  loss: 0.0000 (0.0000)  weight_decay: 0.0500 (0.0500)  grad_norm: 0.0000 (0.0000)  time: 0.7622  data: 0.0003  max mem: 30401
Epoch: [49]  [ 40/159]  eta: 0:04:04  lr: 0.000060  min_lr: 0.000060  loss: 0.0000 (0.0000)  weight_decay: 0.0500 (0.0500)  grad_norm: 0.0000 (0.0000)  time: 0.6593  data: 0.0002  max mem: 30401
Epoch: [49]  [ 50/159]  eta: 0:03:13  lr: 0.000060  min_lr: 0.000060  loss: 0.0000 (0.0000)  weight_decay: 0.0500 (0.0500)  grad_norm: 0.0000 (0.0000)  time: 0.6374  data: 0.0002  max mem: 30401
Epoch: [49]  [ 60/159]  eta: 0:02:37  lr: 0.000060  min_lr: 0.000060  loss: 0.0000 (0.0000)  weight_decay: 0.0500 (0.0500)  grad_norm: 0.0000 (0.0000)  time: 0.6533  data: 0.0002  max mem: 30401
Epoch: [49]  [ 70/159]  eta: 0:02:10  lr: 0.000060  min_lr: 0.000060  loss: 0.0000 (0.0000)  weight_decay: 0.0500 (0.0500)  grad_norm: 0.0000 (0.0000)  time: 0.6762  data: 0.0002  max mem: 30401
Epoch: [49]  [ 80/159]  eta: 0:01:47  lr: 0.000060  min_lr: 0.000060  loss: 0.0000 (0.0000)  weight_decay: 0.0500 (0.0500)  grad_norm: 0.0000 (0.0000)  time: 0.6666  data: 0.0002  max mem: 30401
Epoch: [49]  [ 90/159]  eta: 0:01:28  lr: 0.000059  min_lr: 0.000059  loss: 0.0000 (0.0000)  weight_decay: 0.0500 (0.0500)  grad_norm: 0.0000 (0.0000)  time: 0.6544  data: 0.0001  max mem: 30401
Epoch: [49]  [100/159]  eta: 0:01:11  lr: 0.000059  min_lr: 0.000059  loss: 0.0000 (0.0000)  weight_decay: 0.0500 (0.0500)  grad_norm: 0.0000 (0.0000)  time: 0.6207  data: 0.0001  max mem: 30401
Epoch: [49]  [110/159]  eta: 0:00:57  lr: 0.000059  min_lr: 0.000059  loss: 0.0000 (0.0000)  weight_decay: 0.0500 (0.0500)  grad_norm: 0.0000 (0.0000)  time: 0.6289  data: 0.0002  max mem: 30401
Epoch: [49]  [120/159]  eta: 0:00:44  lr: 0.000059  min_lr: 0.000059  loss: 0.0000 (0.0000)  weight_decay: 0.0500 (0.0500)  grad_norm: 0.0000 (0.0000)  time: 0.6844  data: 0.0001  max mem: 30401
Epoch: [49]  [130/159]  eta: 0:00:31  lr: 0.000059  min_lr: 0.000059  loss: 0.0000 (0.0000)  weight_decay: 0.0500 (0.0500)  grad_norm: 0.0000 (0.0000)  time: 0.6517  data: 0.0002  max mem: 30401
Epoch: [49]  [140/159]  eta: 0:00:20  lr: 0.000059  min_lr: 0.000059  loss: 0.0000 (0.0000)  weight_decay: 0.0500 (0.0500)  grad_norm: 0.0000 (0.0000)  time: 0.6022  data: 0.0002  max mem: 30401
Epoch: [49]  [150/159]  eta: 0:00:09  lr: 0.000059  min_lr: 0.000059  loss: 0.0000 (0.0000)  weight_decay: 0.0500 (0.0500)  grad_norm: 0.0000 (0.0000)  time: 0.6055  data: 0.0002  max mem: 30401
Epoch: [49]  [158/159]  eta: 0:00:01  lr: 0.000059  min_lr: 0.000059  loss: 0.0000 (0.0000)  weight_decay: 0.0500 (0.0500)  grad_norm: 0.0000 (0.0000)  time: 0.5943  data: 0.0001  max mem: 30401
Epoch: [49] Total time: 0:02:40 (1.0110 s / it)
Averaged stats: lr: 0.000059  min_lr: 0.000059  loss: 0.0000 (0.0000)  weight_decay: 0.0500 (0.0500)  grad_norm: 0.0000 (0.0000)
Epoch: [50]  [  0/159]  eta: 2:14:25  lr: 0.000059  min_lr: 0.000059  loss: 0.0000 (0.0000)  weight_decay: 0.0500 (0.0500)  grad_norm: 0.0000 (0.0000)  time: 50.7264  data: 49.0353  max mem: 30401
Epoch: [50]  [ 10/159]  eta: 0:13:35  lr: 0.000059  min_lr: 0.000059  loss: 0.0000 (0.0000)  weight_decay: 0.0500 (0.0500)  grad_norm: 0.0000 (0.0000)  time: 5.4761  data: 4.4584  max mem: 30401
Epoch: [50]  [ 20/159]  eta: 0:07:27  lr: 0.000058  min_lr: 0.000058  loss: 0.0000 (0.0000)  weight_decay: 0.0500 (0.0500)  grad_norm: 0.0000 (0.0000)  time: 0.8477  data: 0.0005  max mem: 30401
Epoch: [50]  [ 30/159]  eta: 0:05:11  lr: 0.000058  min_lr: 0.000058  loss: 0.0000 (0.0000)  weight_decay: 0.0500 (0.0500)  grad_norm: 0.0000 (0.0000)  time: 0.7363  data: 0.0002  max mem: 30401
Epoch: [50]  [ 40/159]  eta: 0:03:57  lr: 0.000058  min_lr: 0.000058  loss: 0.0000 (0.0000)  weight_decay: 0.0500 (0.0500)  grad_norm: 0.0000 (0.0000)  time: 0.7018  data: 0.0001  max mem: 30401
Epoch: [50]  [ 50/159]  eta: 0:03:09  lr: 0.000058  min_lr: 0.000058  loss: 0.0000 (0.0000)  weight_decay: 0.0500 (0.0500)  grad_norm: 0.0000 (0.0000)  time: 0.6744  data: 0.0002  max mem: 30401
Epoch: [50]  [ 60/159]  eta: 0:02:36  lr: 0.000058  min_lr: 0.000058  loss: 0.0000 (0.0000)  weight_decay: 0.0500 (0.0500)  grad_norm: 0.0000 (0.0000)  time: 0.7223  data: 0.0002  max mem: 30401
Epoch: [50]  [ 70/159]  eta: 0:02:09  lr: 0.000058  min_lr: 0.000058  loss: 0.0000 (0.0000)  weight_decay: 0.0500 (0.0500)  grad_norm: 0.0000 (0.0000)  time: 0.7466  data: 0.0002  max mem: 30401
Epoch: [50]  [ 80/159]  eta: 0:01:47  lr: 0.000058  min_lr: 0.000058  loss: 0.0000 (0.0000)  weight_decay: 0.0500 (0.0500)  grad_norm: 0.0000 (0.0000)  time: 0.6968  data: 0.0002  max mem: 30401
Epoch: [50]  [ 90/159]  eta: 0:01:29  lr: 0.000058  min_lr: 0.000058  loss: 0.0000 (0.0000)  weight_decay: 0.0500 (0.0500)  grad_norm: 0.0000 (0.0000)  time: 0.7046  data: 0.0002  max mem: 30401
Epoch: [50]  [100/159]  eta: 0:01:12  lr: 0.000058  min_lr: 0.000058  loss: 0.0000 (0.0000)  weight_decay: 0.0500 (0.0500)  grad_norm: 0.0000 (0.0000)  time: 0.7365  data: 0.0002  max mem: 30401
Epoch: [50]  [110/159]  eta: 0:00:58  lr: 0.000057  min_lr: 0.000057  loss: 0.0000 (0.0000)  weight_decay: 0.0500 (0.0500)  grad_norm: 0.0000 (0.0000)  time: 0.7059  data: 0.0002  max mem: 30401
Epoch: [50]  [120/159]  eta: 0:00:44  lr: 0.000057  min_lr: 0.000057  loss: 0.0000 (0.0000)  weight_decay: 0.0500 (0.0500)  grad_norm: 0.0000 (0.0000)  time: 0.6699  data: 0.0002  max mem: 30401
Epoch: [50]  [130/159]  eta: 0:00:32  lr: 0.000057  min_lr: 0.000057  loss: 0.0000 (0.0000)  weight_decay: 0.0500 (0.0500)  grad_norm: 0.0000 (0.0000)  time: 0.6582  data: 0.0002  max mem: 30401
Epoch: [50]  [140/159]  eta: 0:00:20  lr: 0.000057  min_lr: 0.000057  loss: 0.0000 (0.0000)  weight_decay: 0.0500 (0.0500)  grad_norm: 0.0000 (0.0000)  time: 0.6544  data: 0.0001  max mem: 30401
Epoch: [50]  [150/159]  eta: 0:00:09  lr: 0.000057  min_lr: 0.000057  loss: 0.0000 (0.0000)  weight_decay: 0.0500 (0.0500)  grad_norm: 0.0000 (0.0000)  time: 0.6581  data: 0.0001  max mem: 30401
Epoch: [50]  [158/159]  eta: 0:00:01  lr: 0.000057  min_lr: 0.000057  loss: 0.0000 (0.0000)  weight_decay: 0.0500 (0.0500)  grad_norm: 0.0000 (0.0000)  time: 0.6587  data: 0.0002  max mem: 30401
Epoch: [50] Total time: 0:02:44 (1.0347 s / it)
Averaged stats: lr: 0.000057  min_lr: 0.000057  loss: 0.0000 (0.0000)  weight_decay: 0.0500 (0.0500)  grad_norm: 0.0000 (0.0000)
[Eval]   [0/2]  eta: 0:00:15  loss: 0.0000 (0.0000)  time: 7.8688  data: 7.7080  max mem: 30401
[Eval]   [1/2]  eta: 0:00:03  loss: 0.0000 (0.0000)  time: 3.9798  data: 3.8541  max mem: 30401
[Eval]  Total time: 0:00:08 (4.3618 s / it)
Eval averaged stats: loss: 0.0000 (0.0000)
[Eval] Image Metrics:  [0/2]  eta: 0:00:12    time: 6.2543  data: 5.3073  max mem: 30401
[Eval] Image Metrics:  [1/2]  eta: 0:00:03    time: 3.1851  data: 2.6538  max mem: 30401
[Eval] Image Metrics: Total time: 0:00:07 (3.6985 s / it)
[Eval] Metric Results: [Eval] MSE: 0.0000 (0.0000)  [Eval] MAE: 0.0000 (0.0000)  [Eval] PSNR: 47.0050 (47.0050)  [Eval] MS-SSIM: 0.9991 (0.9991)
Logged 9 eval images
Epoch: [51]  [  0/159]  eta: 1:39:58  lr: 0.000057  min_lr: 0.000057  loss: 0.0000 (0.0000)  weight_decay: 0.0500 (0.0500)  grad_norm: 0.0000 (0.0000)  time: 37.7287  data: 36.4116  max mem: 30401
Epoch: [51]  [ 10/159]  eta: 0:11:53  lr: 0.000057  min_lr: 0.000057  loss: 0.0000 (0.0000)  weight_decay: 0.0500 (0.0500)  grad_norm: 0.0000 (0.0000)  time: 4.7887  data: 3.6283  max mem: 30401
Epoch: [51]  [ 20/159]  eta: 0:06:38  lr: 0.000057  min_lr: 0.000057  loss: 0.0000 (0.0000)  weight_decay: 0.0500 (0.0500)  grad_norm: 0.0000 (0.0000)  time: 1.1276  data: 0.1751  max mem: 30401
Epoch: [51]  [ 30/159]  eta: 0:04:40  lr: 0.000057  min_lr: 0.000057  loss: 0.0000 (0.0000)  weight_decay: 0.0500 (0.0500)  grad_norm: 0.0000 (0.0000)  time: 0.7400  data: 0.0003  max mem: 30401
Epoch: [51]  [ 40/159]  eta: 0:03:35  lr: 0.000057  min_lr: 0.000057  loss: 0.0000 (0.0000)  weight_decay: 0.0500 (0.0500)  grad_norm: 0.0000 (0.0000)  time: 0.7005  data: 0.0003  max mem: 30401
Epoch: [51]  [ 50/159]  eta: 0:02:52  lr: 0.000056  min_lr: 0.000056  loss: 0.0000 (0.0000)  weight_decay: 0.0500 (0.0500)  grad_norm: 0.0000 (0.0000)  time: 0.6551  data: 0.0002  max mem: 30401
Epoch: [51]  [ 60/159]  eta: 0:02:20  lr: 0.000056  min_lr: 0.000056  loss: 0.0000 (0.0000)  weight_decay: 0.0500 (0.0500)  grad_norm: 0.0000 (0.0000)  time: 0.6104  data: 0.0002  max mem: 30401
Epoch: [51]  [ 70/159]  eta: 0:01:55  lr: 0.000056  min_lr: 0.000056  loss: 0.0000 (0.0000)  weight_decay: 0.0500 (0.0500)  grad_norm: 0.0000 (0.0000)  time: 0.5901  data: 0.0002  max mem: 30401
Epoch: [51]  [ 80/159]  eta: 0:01:35  lr: 0.000056  min_lr: 0.000056  loss: 0.0000 (0.0000)  weight_decay: 0.0500 (0.0500)  grad_norm: 0.0000 (0.0000)  time: 0.5882  data: 0.0002  max mem: 30401
Epoch: [51]  [ 90/159]  eta: 0:01:18  lr: 0.000056  min_lr: 0.000056  loss: 0.0000 (0.0000)  weight_decay: 0.0500 (0.0500)  grad_norm: 0.0000 (0.0000)  time: 0.5851  data: 0.0002  max mem: 30401
Epoch: [51]  [100/159]  eta: 0:01:04  lr: 0.000056  min_lr: 0.000056  loss: 0.0000 (0.0000)  weight_decay: 0.0500 (0.0500)  grad_norm: 0.0000 (0.0000)  time: 0.5805  data: 0.0002  max mem: 30401
Epoch: [51]  [110/159]  eta: 0:00:51  lr: 0.000056  min_lr: 0.000056  loss: 0.0000 (0.0000)  weight_decay: 0.0500 (0.0500)  grad_norm: 0.0000 (0.0000)  time: 0.5787  data: 0.0002  max mem: 30401
Epoch: [51]  [120/159]  eta: 0:00:39  lr: 0.000056  min_lr: 0.000056  loss: 0.0000 (0.0000)  weight_decay: 0.0500 (0.0500)  grad_norm: 0.0000 (0.0000)  time: 0.6146  data: 0.0002  max mem: 30401
Epoch: [51]  [130/159]  eta: 0:00:28  lr: 0.000056  min_lr: 0.000056  loss: 0.0000 (0.0000)  weight_decay: 0.0500 (0.0500)  grad_norm: 0.0000 (0.0000)  time: 0.6518  data: 0.0002  max mem: 30401
Epoch: [51]  [140/159]  eta: 0:00:18  lr: 0.000055  min_lr: 0.000055  loss: 0.0000 (0.0000)  weight_decay: 0.0500 (0.0500)  grad_norm: 0.0000 (0.0000)  time: 0.6272  data: 0.0002  max mem: 30401
Epoch: [51]  [150/159]  eta: 0:00:08  lr: 0.000055  min_lr: 0.000055  loss: 0.0000 (0.0000)  weight_decay: 0.0500 (0.0500)  grad_norm: 0.0000 (0.0000)  time: 0.5924  data: 0.0001  max mem: 30401
Epoch: [51]  [158/159]  eta: 0:00:00  lr: 0.000055  min_lr: 0.000055  loss: 0.0000 (0.0000)  weight_decay: 0.0500 (0.0500)  grad_norm: 0.0000 (0.0000)  time: 0.5812  data: 0.0001  max mem: 30401
Epoch: [51] Total time: 0:02:26 (0.9219 s / it)
Averaged stats: lr: 0.000055  min_lr: 0.000055  loss: 0.0000 (0.0000)  weight_decay: 0.0500 (0.0500)  grad_norm: 0.0000 (0.0000)
Epoch: [52]  [  0/159]  eta: 2:22:19  lr: 0.000055  min_lr: 0.000055  loss: 0.0000 (0.0000)  weight_decay: 0.0500 (0.0500)  grad_norm: 0.0000 (0.0000)  time: 53.7087  data: 44.8963  max mem: 30401
Epoch: [52]  [ 10/159]  eta: 0:14:15  lr: 0.000055  min_lr: 0.000055  loss: 0.0000 (0.0000)  weight_decay: 0.0500 (0.0500)  grad_norm: 0.0000 (0.0000)  time: 5.7406  data: 4.0820  max mem: 30401
Epoch: [52]  [ 20/159]  eta: 0:07:47  lr: 0.000055  min_lr: 0.000055  loss: 0.0000 (0.0000)  weight_decay: 0.0500 (0.0500)  grad_norm: 0.0000 (0.0000)  time: 0.8423  data: 0.0004  max mem: 30401
Epoch: [52]  [ 30/159]  eta: 0:05:18  lr: 0.000055  min_lr: 0.000055  loss: 0.0000 (0.0000)  weight_decay: 0.0500 (0.0500)  grad_norm: 0.0000 (0.0000)  time: 0.6658  data: 0.0002  max mem: 30401
Epoch: [52]  [ 40/159]  eta: 0:03:59  lr: 0.000055  min_lr: 0.000055  loss: 0.0000 (0.0000)  weight_decay: 0.0500 (0.0500)  grad_norm: 0.0000 (0.0000)  time: 0.5969  data: 0.0002  max mem: 30401
Epoch: [52]  [ 50/159]  eta: 0:03:08  lr: 0.000055  min_lr: 0.000055  loss: 0.0000 (0.0000)  weight_decay: 0.0500 (0.0500)  grad_norm: 0.0000 (0.0000)  time: 0.5965  data: 0.0002  max mem: 30401
Epoch: [52]  [ 60/159]  eta: 0:02:32  lr: 0.000055  min_lr: 0.000055  loss: 0.0000 (0.0000)  weight_decay: 0.0500 (0.0500)  grad_norm: 0.0000 (0.0000)  time: 0.5878  data: 0.0002  max mem: 30401
Epoch: [52]  [ 70/159]  eta: 0:02:05  lr: 0.000054  min_lr: 0.000054  loss: 0.0000 (0.0000)  weight_decay: 0.0500 (0.0500)  grad_norm: 0.0000 (0.0000)  time: 0.5852  data: 0.0002  max mem: 30401
Epoch: [52]  [ 80/159]  eta: 0:01:43  lr: 0.000054  min_lr: 0.000054  loss: 0.0000 (0.0000)  weight_decay: 0.0500 (0.0500)  grad_norm: 0.0000 (0.0000)  time: 0.5853  data: 0.0002  max mem: 30401
Epoch: [52]  [ 90/159]  eta: 0:01:25  lr: 0.000054  min_lr: 0.000054  loss: 0.0000 (0.0000)  weight_decay: 0.0500 (0.0500)  grad_norm: 0.0000 (0.0000)  time: 0.6211  data: 0.0002  max mem: 30401
Epoch: [52]  [100/159]  eta: 0:01:09  lr: 0.000054  min_lr: 0.000054  loss: 0.0000 (0.0000)  weight_decay: 0.0500 (0.0500)  grad_norm: 0.0000 (0.0000)  time: 0.6337  data: 0.0002  max mem: 30401
Epoch: [52]  [110/159]  eta: 0:00:54  lr: 0.000054  min_lr: 0.000054  loss: 0.0000 (0.0000)  weight_decay: 0.0500 (0.0500)  grad_norm: 0.0000 (0.0000)  time: 0.5981  data: 0.0002  max mem: 30401
Epoch: [52]  [120/159]  eta: 0:00:42  lr: 0.000054  min_lr: 0.000054  loss: 0.0000 (0.0000)  weight_decay: 0.0500 (0.0500)  grad_norm: 0.0000 (0.0000)  time: 0.6290  data: 0.0002  max mem: 30401
Epoch: [52]  [130/159]  eta: 0:00:30  lr: 0.000054  min_lr: 0.000054  loss: 0.0000 (0.0000)  weight_decay: 0.0500 (0.0500)  grad_norm: 0.0000 (0.0000)  time: 0.6628  data: 0.0002  max mem: 30401
Epoch: [52]  [140/159]  eta: 0:00:19  lr: 0.000054  min_lr: 0.000054  loss: 0.0000 (0.0000)  weight_decay: 0.0500 (0.0500)  grad_norm: 0.0000 (0.0000)  time: 0.6729  data: 0.0002  max mem: 30401
Epoch: [52]  [150/159]  eta: 0:00:08  lr: 0.000054  min_lr: 0.000054  loss: 0.0000 (0.0000)  weight_decay: 0.0500 (0.0500)  grad_norm: 0.0000 (0.0000)  time: 0.6629  data: 0.0002  max mem: 30401
Epoch: [52]  [158/159]  eta: 0:00:00  lr: 0.000053  min_lr: 0.000053  loss: 0.0000 (0.0000)  weight_decay: 0.0500 (0.0500)  grad_norm: 0.0000 (0.0000)  time: 0.6158  data: 0.0001  max mem: 30401
Epoch: [52] Total time: 0:02:37 (0.9879 s / it)
Averaged stats: lr: 0.000053  min_lr: 0.000053  loss: 0.0000 (0.0000)  weight_decay: 0.0500 (0.0500)  grad_norm: 0.0000 (0.0000)
Epoch: [53]  [  0/159]  eta: 2:20:21  lr: 0.000053  min_lr: 0.000053  loss: 0.0000 (0.0000)  weight_decay: 0.0500 (0.0500)  grad_norm: 0.0000 (0.0000)  time: 52.9629  data: 45.6332  max mem: 30401
Epoch: [53]  [ 10/159]  eta: 0:14:28  lr: 0.000053  min_lr: 0.000053  loss: 0.0000 (0.0000)  weight_decay: 0.0500 (0.0500)  grad_norm: 0.0000 (0.0000)  time: 5.8298  data: 4.1491  max mem: 30401
Epoch: [53]  [ 20/159]  eta: 0:07:52  lr: 0.000053  min_lr: 0.000053  loss: 0.0000 (0.0000)  weight_decay: 0.0500 (0.0500)  grad_norm: 0.0000 (0.0000)  time: 0.9205  data: 0.0005  max mem: 30401
Epoch: [53]  [ 30/159]  eta: 0:05:21  lr: 0.000053  min_lr: 0.000053  loss: 0.0000 (0.0000)  weight_decay: 0.0500 (0.0500)  grad_norm: 0.0000 (0.0000)  time: 0.6537  data: 0.0002  max mem: 30401
Epoch: [53]  [ 40/159]  eta: 0:04:01  lr: 0.000053  min_lr: 0.000053  loss: 0.0000 (0.0000)  weight_decay: 0.0500 (0.0500)  grad_norm: 0.0000 (0.0000)  time: 0.5835  data: 0.0002  max mem: 30401
Epoch: [53]  [ 50/159]  eta: 0:03:09  lr: 0.000053  min_lr: 0.000053  loss: 0.0000 (0.0000)  weight_decay: 0.0500 (0.0500)  grad_norm: 0.0000 (0.0000)  time: 0.5823  data: 0.0001  max mem: 30401
Epoch: [53]  [ 60/159]  eta: 0:02:33  lr: 0.000053  min_lr: 0.000053  loss: 0.0000 (0.0000)  weight_decay: 0.0500 (0.0500)  grad_norm: 0.0000 (0.0000)  time: 0.5805  data: 0.0002  max mem: 30401
Epoch: [53]  [ 70/159]  eta: 0:02:06  lr: 0.000053  min_lr: 0.000053  loss: 0.0000 (0.0000)  weight_decay: 0.0500 (0.0500)  grad_norm: 0.0000 (0.0000)  time: 0.5901  data: 0.0001  max mem: 30401
Epoch: [53]  [ 80/159]  eta: 0:01:45  lr: 0.000053  min_lr: 0.000053  loss: 0.0000 (0.0000)  weight_decay: 0.0500 (0.0500)  grad_norm: 0.0000 (0.0000)  time: 0.6549  data: 0.0001  max mem: 30401
Epoch: [53]  [ 90/159]  eta: 0:01:26  lr: 0.000053  min_lr: 0.000053  loss: 0.0000 (0.0000)  weight_decay: 0.0500 (0.0500)  grad_norm: 0.0000 (0.0000)  time: 0.6682  data: 0.0001  max mem: 30401
Epoch: [53]  [100/159]  eta: 0:01:10  lr: 0.000052  min_lr: 0.000052  loss: 0.0000 (0.0000)  weight_decay: 0.0500 (0.0500)  grad_norm: 0.0000 (0.0000)  time: 0.6432  data: 0.0001  max mem: 30401
Epoch: [53]  [110/159]  eta: 0:00:56  lr: 0.000052  min_lr: 0.000052  loss: 0.0000 (0.0000)  weight_decay: 0.0500 (0.0500)  grad_norm: 0.0000 (0.0000)  time: 0.6587  data: 0.0002  max mem: 30401
Epoch: [53]  [120/159]  eta: 0:00:42  lr: 0.000052  min_lr: 0.000052  loss: 0.0000 (0.0000)  weight_decay: 0.0500 (0.0500)  grad_norm: 0.0000 (0.0000)  time: 0.6222  data: 0.0001  max mem: 30401
Epoch: [53]  [130/159]  eta: 0:00:30  lr: 0.000052  min_lr: 0.000052  loss: 0.0000 (0.0000)  weight_decay: 0.0500 (0.0500)  grad_norm: 0.0000 (0.0000)  time: 0.5833  data: 0.0001  max mem: 30401
Epoch: [53]  [140/159]  eta: 0:00:19  lr: 0.000052  min_lr: 0.000052  loss: 0.0000 (0.0000)  weight_decay: 0.0500 (0.0500)  grad_norm: 0.0000 (0.0000)  time: 0.5812  data: 0.0002  max mem: 30401
Epoch: [53]  [150/159]  eta: 0:00:08  lr: 0.000052  min_lr: 0.000052  loss: 0.0000 (0.0000)  weight_decay: 0.0500 (0.0500)  grad_norm: 0.0000 (0.0000)  time: 0.5819  data: 0.0002  max mem: 30401
Epoch: [53]  [158/159]  eta: 0:00:00  lr: 0.000052  min_lr: 0.000052  loss: 0.0000 (0.0000)  weight_decay: 0.0500 (0.0500)  grad_norm: 0.0000 (0.0000)  time: 0.5827  data: 0.0002  max mem: 30401
Epoch: [53] Total time: 0:02:36 (0.9849 s / it)
Averaged stats: lr: 0.000052  min_lr: 0.000052  loss: 0.0000 (0.0000)  weight_decay: 0.0500 (0.0500)  grad_norm: 0.0000 (0.0000)
Epoch: [54]  [  0/159]  eta: 2:22:44  lr: 0.000052  min_lr: 0.000052  loss: 0.0000 (0.0000)  weight_decay: 0.0500 (0.0500)  grad_norm: 0.0000 (0.0000)  time: 53.8654  data: 43.7044  max mem: 30401
Epoch: [54]  [ 10/159]  eta: 0:14:28  lr: 0.000052  min_lr: 0.000052  loss: 0.0000 (0.0000)  weight_decay: 0.0500 (0.0500)  grad_norm: 0.0000 (0.0000)  time: 5.8313  data: 3.9735  max mem: 30401
Epoch: [54]  [ 20/159]  eta: 0:07:57  lr: 0.000052  min_lr: 0.000052  loss: 0.0000 (0.0000)  weight_decay: 0.0500 (0.0500)  grad_norm: 0.0000 (0.0000)  time: 0.9153  data: 0.0003  max mem: 30401
Epoch: [54]  [ 30/159]  eta: 0:05:30  lr: 0.000051  min_lr: 0.000051  loss: 0.0000 (0.0000)  weight_decay: 0.0500 (0.0500)  grad_norm: 0.0000 (0.0000)  time: 0.7603  data: 0.0002  max mem: 30401
Epoch: [54]  [ 40/159]  eta: 0:04:08  lr: 0.000051  min_lr: 0.000051  loss: 0.0000 (0.0000)  weight_decay: 0.0500 (0.0500)  grad_norm: 0.0000 (0.0000)  time: 0.6804  data: 0.0002  max mem: 30401
Epoch: [54]  [ 50/159]  eta: 0:03:16  lr: 0.000051  min_lr: 0.000051  loss: 0.0000 (0.0000)  weight_decay: 0.0500 (0.0500)  grad_norm: 0.0000 (0.0000)  time: 0.6217  data: 0.0002  max mem: 30401
Epoch: [54]  [ 60/159]  eta: 0:02:38  lr: 0.000051  min_lr: 0.000051  loss: 0.0000 (0.0000)  weight_decay: 0.0500 (0.0500)  grad_norm: 0.0000 (0.0000)  time: 0.5889  data: 0.0002  max mem: 30401
Epoch: [54]  [ 70/159]  eta: 0:02:09  lr: 0.000051  min_lr: 0.000051  loss: 0.0000 (0.0000)  weight_decay: 0.0500 (0.0500)  grad_norm: 0.0000 (0.0000)  time: 0.5780  data: 0.0002  max mem: 30401
Epoch: [54]  [ 80/159]  eta: 0:01:46  lr: 0.000051  min_lr: 0.000051  loss: 0.0000 (0.0000)  weight_decay: 0.0500 (0.0500)  grad_norm: 0.0000 (0.0000)  time: 0.5801  data: 0.0002  max mem: 30401
Epoch: [54]  [ 90/159]  eta: 0:01:27  lr: 0.000051  min_lr: 0.000051  loss: 0.0000 (0.0000)  weight_decay: 0.0500 (0.0500)  grad_norm: 0.0000 (0.0000)  time: 0.5813  data: 0.0002  max mem: 30401
Epoch: [54]  [100/159]  eta: 0:01:10  lr: 0.000051  min_lr: 0.000051  loss: 0.0000 (0.0000)  weight_decay: 0.0500 (0.0500)  grad_norm: 0.0000 (0.0000)  time: 0.5884  data: 0.0001  max mem: 30401
Epoch: [54]  [110/159]  eta: 0:00:56  lr: 0.000051  min_lr: 0.000051  loss: 0.0000 (0.0000)  weight_decay: 0.0500 (0.0500)  grad_norm: 0.0000 (0.0000)  time: 0.6765  data: 0.0002  max mem: 30401
Epoch: [54]  [120/159]  eta: 0:00:43  lr: 0.000050  min_lr: 0.000050  loss: 0.0000 (0.0000)  weight_decay: 0.0500 (0.0500)  grad_norm: 0.0000 (0.0000)  time: 0.7115  data: 0.0002  max mem: 30401
Epoch: [54]  [130/159]  eta: 0:00:31  lr: 0.000050  min_lr: 0.000050  loss: 0.0000 (0.0000)  weight_decay: 0.0500 (0.0500)  grad_norm: 0.0000 (0.0000)  time: 0.6632  data: 0.0002  max mem: 30401
Epoch: [54]  [140/159]  eta: 0:00:20  lr: 0.000050  min_lr: 0.000050  loss: 0.0000 (0.0000)  weight_decay: 0.0500 (0.0500)  grad_norm: 0.0000 (0.0000)  time: 0.7008  data: 0.0001  max mem: 30401
Epoch: [54]  [150/159]  eta: 0:00:09  lr: 0.000050  min_lr: 0.000050  loss: 0.0000 (0.0000)  weight_decay: 0.0500 (0.0500)  grad_norm: 0.0000 (0.0000)  time: 0.7338  data: 0.0002  max mem: 30401
Epoch: [54]  [158/159]  eta: 0:00:01  lr: 0.000050  min_lr: 0.000050  loss: 0.0000 (0.0000)  weight_decay: 0.0500 (0.0500)  grad_norm: 0.0000 (0.0000)  time: 0.7220  data: 0.0002  max mem: 30401
Epoch: [54] Total time: 0:02:43 (1.0271 s / it)
Averaged stats: lr: 0.000050  min_lr: 0.000050  loss: 0.0000 (0.0000)  weight_decay: 0.0500 (0.0500)  grad_norm: 0.0000 (0.0000)
Epoch: [55]  [  0/159]  eta: 2:26:31  lr: 0.000050  min_lr: 0.000050  loss: 0.0000 (0.0000)  weight_decay: 0.0500 (0.0500)  grad_norm: 0.0000 (0.0000)  time: 55.2917  data: 25.4084  max mem: 30401
Epoch: [55]  [ 10/159]  eta: 0:14:55  lr: 0.000050  min_lr: 0.000050  loss: 0.0000 (0.0000)  weight_decay: 0.0500 (0.0500)  grad_norm: 0.0000 (0.0000)  time: 6.0120  data: 2.3114  max mem: 30401
Epoch: [55]  [ 20/159]  eta: 0:08:02  lr: 0.000050  min_lr: 0.000050  loss: 0.0000 (0.0000)  weight_decay: 0.0500 (0.0500)  grad_norm: 0.0000 (0.0000)  time: 0.8775  data: 0.0010  max mem: 30401
Epoch: [55]  [ 30/159]  eta: 0:05:28  lr: 0.000050  min_lr: 0.000050  loss: 0.0000 (0.0000)  weight_decay: 0.0500 (0.0500)  grad_norm: 0.0000 (0.0000)  time: 0.6349  data: 0.0002  max mem: 30401
Epoch: [55]  [ 40/159]  eta: 0:04:06  lr: 0.000050  min_lr: 0.000050  loss: 0.0000 (0.0000)  weight_decay: 0.0500 (0.0500)  grad_norm: 0.0000 (0.0000)  time: 0.6007  data: 0.0002  max mem: 30401
Epoch: [55]  [ 50/159]  eta: 0:03:13  lr: 0.000049  min_lr: 0.000049  loss: 0.0000 (0.0000)  weight_decay: 0.0500 (0.0500)  grad_norm: 0.0000 (0.0000)  time: 0.5911  data: 0.0002  max mem: 30401
Epoch: [55]  [ 60/159]  eta: 0:02:36  lr: 0.000049  min_lr: 0.000049  loss: 0.0000 (0.0000)  weight_decay: 0.0500 (0.0500)  grad_norm: 0.0000 (0.0000)  time: 0.5795  data: 0.0002  max mem: 30401
Epoch: [55]  [ 70/159]  eta: 0:02:08  lr: 0.000049  min_lr: 0.000049  loss: 0.0000 (0.0000)  weight_decay: 0.0500 (0.0500)  grad_norm: 0.0000 (0.0000)  time: 0.5871  data: 0.0002  max mem: 30401
Epoch: [55]  [ 80/159]  eta: 0:01:45  lr: 0.000049  min_lr: 0.000049  loss: 0.0000 (0.0000)  weight_decay: 0.0500 (0.0500)  grad_norm: 0.0000 (0.0000)  time: 0.5897  data: 0.0002  max mem: 30401
Epoch: [55]  [ 90/159]  eta: 0:01:26  lr: 0.000049  min_lr: 0.000049  loss: 0.0000 (0.0000)  weight_decay: 0.0500 (0.0500)  grad_norm: 0.0000 (0.0000)  time: 0.5827  data: 0.0002  max mem: 30401
Epoch: [55]  [100/159]  eta: 0:01:10  lr: 0.000049  min_lr: 0.000049  loss: 0.0000 (0.0000)  weight_decay: 0.0500 (0.0500)  grad_norm: 0.0000 (0.0000)  time: 0.5816  data: 0.0002  max mem: 30401
Epoch: [55]  [110/159]  eta: 0:00:55  lr: 0.000049  min_lr: 0.000049  loss: 0.0000 (0.0000)  weight_decay: 0.0500 (0.0500)  grad_norm: 0.0000 (0.0000)  time: 0.6004  data: 0.0002  max mem: 30401
Epoch: [55]  [120/159]  eta: 0:00:42  lr: 0.000049  min_lr: 0.000049  loss: 0.0000 (0.0000)  weight_decay: 0.0500 (0.0500)  grad_norm: 0.0000 (0.0000)  time: 0.6091  data: 0.0002  max mem: 30401
Epoch: [55]  [130/159]  eta: 0:00:30  lr: 0.000049  min_lr: 0.000049  loss: 0.0000 (0.0000)  weight_decay: 0.0500 (0.0500)  grad_norm: 0.0000 (0.0000)  time: 0.5969  data: 0.0002  max mem: 30401
Epoch: [55]  [140/159]  eta: 0:00:19  lr: 0.000048  min_lr: 0.000048  loss: 0.0000 (0.0000)  weight_decay: 0.0500 (0.0500)  grad_norm: 0.0000 (0.0000)  time: 0.5933  data: 0.0002  max mem: 30401
Epoch: [55]  [150/159]  eta: 0:00:08  lr: 0.000048  min_lr: 0.000048  loss: 0.0000 (0.0000)  weight_decay: 0.0500 (0.0500)  grad_norm: 0.0000 (0.0000)  time: 0.5892  data: 0.0002  max mem: 30401
Epoch: [55]  [158/159]  eta: 0:00:00  lr: 0.000048  min_lr: 0.000048  loss: 0.0000 (0.0000)  weight_decay: 0.0500 (0.0500)  grad_norm: 0.0000 (0.0000)  time: 0.5842  data: 0.0002  max mem: 30401
Epoch: [55] Total time: 0:02:35 (0.9791 s / it)
Averaged stats: lr: 0.000048  min_lr: 0.000048  loss: 0.0000 (0.0000)  weight_decay: 0.0500 (0.0500)  grad_norm: 0.0000 (0.0000)
Epoch: [56]  [  0/159]  eta: 2:36:41  lr: 0.000048  min_lr: 0.000048  loss: 0.0000 (0.0000)  weight_decay: 0.0500 (0.0500)  grad_norm: 0.0000 (0.0000)  time: 59.1276  data: 30.9418  max mem: 30401
Epoch: [56]  [ 10/159]  eta: 0:15:04  lr: 0.000048  min_lr: 0.000048  loss: 0.0000 (0.0000)  weight_decay: 0.0500 (0.0500)  grad_norm: 0.0000 (0.0000)  time: 6.0698  data: 2.8145  max mem: 30401
Epoch: [56]  [ 20/159]  eta: 0:08:05  lr: 0.000048  min_lr: 0.000048  loss: 0.0000 (0.0000)  weight_decay: 0.0500 (0.0500)  grad_norm: 0.0000 (0.0000)  time: 0.7147  data: 0.0009  max mem: 30401
Epoch: [56]  [ 30/159]  eta: 0:05:30  lr: 0.000048  min_lr: 0.000048  loss: 0.0000 (0.0000)  weight_decay: 0.0500 (0.0500)  grad_norm: 0.0000 (0.0000)  time: 0.6382  data: 0.0002  max mem: 30401
Epoch: [56]  [ 40/159]  eta: 0:04:07  lr: 0.000048  min_lr: 0.000048  loss: 0.0000 (0.0000)  weight_decay: 0.0500 (0.0500)  grad_norm: 0.0000 (0.0000)  time: 0.6006  data: 0.0002  max mem: 30401
Epoch: [56]  [ 50/159]  eta: 0:03:15  lr: 0.000048  min_lr: 0.000048  loss: 0.0000 (0.0000)  weight_decay: 0.0500 (0.0500)  grad_norm: 0.0000 (0.0000)  time: 0.5870  data: 0.0002  max mem: 30401
Epoch: [56]  [ 60/159]  eta: 0:02:38  lr: 0.000048  min_lr: 0.000048  loss: 0.0000 (0.0000)  weight_decay: 0.0500 (0.0500)  grad_norm: 0.0000 (0.0000)  time: 0.6212  data: 0.0002  max mem: 30401
Epoch: [56]  [ 70/159]  eta: 0:02:11  lr: 0.000047  min_lr: 0.000047  loss: 0.0000 (0.0000)  weight_decay: 0.0500 (0.0500)  grad_norm: 0.0000 (0.0000)  time: 0.6722  data: 0.0001  max mem: 30401
Epoch: [56]  [ 80/159]  eta: 0:01:48  lr: 0.000047  min_lr: 0.000047  loss: 0.0000 (0.0000)  weight_decay: 0.0500 (0.0500)  grad_norm: 0.0000 (0.0000)  time: 0.6523  data: 0.0001  max mem: 30401
Epoch: [56]  [ 90/159]  eta: 0:01:29  lr: 0.000047  min_lr: 0.000047  loss: 0.0000 (0.0000)  weight_decay: 0.0500 (0.0500)  grad_norm: 0.0000 (0.0000)  time: 0.6711  data: 0.0001  max mem: 30401
Epoch: [56]  [100/159]  eta: 0:01:12  lr: 0.000047  min_lr: 0.000047  loss: 0.0000 (0.0000)  weight_decay: 0.0500 (0.0500)  grad_norm: 0.0000 (0.0000)  time: 0.6840  data: 0.0001  max mem: 30401
Epoch: [56]  [110/159]  eta: 0:00:57  lr: 0.000047  min_lr: 0.000047  loss: 0.0000 (0.0000)  weight_decay: 0.0500 (0.0500)  grad_norm: 0.0000 (0.0000)  time: 0.6323  data: 0.0002  max mem: 30401
Epoch: [56]  [120/159]  eta: 0:00:44  lr: 0.000047  min_lr: 0.000047  loss: 0.0000 (0.0000)  weight_decay: 0.0500 (0.0500)  grad_norm: 0.0000 (0.0000)  time: 0.6441  data: 0.0002  max mem: 30401
Epoch: [56]  [130/159]  eta: 0:00:31  lr: 0.000047  min_lr: 0.000047  loss: 0.0000 (0.0000)  weight_decay: 0.0500 (0.0500)  grad_norm: 0.0000 (0.0000)  time: 0.6252  data: 0.0002  max mem: 30401
Epoch: [56]  [140/159]  eta: 0:00:20  lr: 0.000047  min_lr: 0.000047  loss: 0.0000 (0.0000)  weight_decay: 0.0500 (0.0500)  grad_norm: 0.0000 (0.0000)  time: 0.6003  data: 0.0002  max mem: 30401
Epoch: [56]  [150/159]  eta: 0:00:09  lr: 0.000047  min_lr: 0.000047  loss: 0.0000 (0.0000)  weight_decay: 0.0500 (0.0500)  grad_norm: 0.0000 (0.0000)  time: 0.6039  data: 0.0002  max mem: 30401
Epoch: [56]  [158/159]  eta: 0:00:01  lr: 0.000047  min_lr: 0.000047  loss: 0.0000 (0.0000)  weight_decay: 0.0500 (0.0500)  grad_norm: 0.0000 (0.0000)  time: 0.5905  data: 0.0001  max mem: 30401
Epoch: [56] Total time: 0:02:41 (1.0158 s / it)
Averaged stats: lr: 0.000047  min_lr: 0.000047  loss: 0.0000 (0.0000)  weight_decay: 0.0500 (0.0500)  grad_norm: 0.0000 (0.0000)
Epoch: [57]  [  0/159]  eta: 2:23:10  lr: 0.000047  min_lr: 0.000047  loss: 0.0000 (0.0000)  weight_decay: 0.0500 (0.0500)  grad_norm: 0.0000 (0.0000)  time: 54.0288  data: 41.8222  max mem: 30401
Epoch: [57]  [ 10/159]  eta: 0:14:19  lr: 0.000046  min_lr: 0.000046  loss: 0.0000 (0.0000)  weight_decay: 0.0500 (0.0500)  grad_norm: 0.0000 (0.0000)  time: 5.7669  data: 3.8027  max mem: 30401
Epoch: [57]  [ 20/159]  eta: 0:07:53  lr: 0.000046  min_lr: 0.000046  loss: 0.0000 (0.0000)  weight_decay: 0.0500 (0.0500)  grad_norm: 0.0000 (0.0000)  time: 0.8720  data: 0.0005  max mem: 30401
Epoch: [57]  [ 30/159]  eta: 0:05:27  lr: 0.000046  min_lr: 0.000046  loss: 0.0000 (0.0000)  weight_decay: 0.0500 (0.0500)  grad_norm: 0.0000 (0.0000)  time: 0.7684  data: 0.0002  max mem: 30401
Epoch: [57]  [ 40/159]  eta: 0:04:07  lr: 0.000046  min_lr: 0.000046  loss: 0.0000 (0.0000)  weight_decay: 0.0500 (0.0500)  grad_norm: 0.0000 (0.0000)  time: 0.6855  data: 0.0002  max mem: 30401
Epoch: [57]  [ 50/159]  eta: 0:03:16  lr: 0.000046  min_lr: 0.000046  loss: 0.0000 (0.0000)  weight_decay: 0.0500 (0.0500)  grad_norm: 0.0000 (0.0000)  time: 0.6501  data: 0.0002  max mem: 30401
Epoch: [57]  [ 60/159]  eta: 0:02:40  lr: 0.000046  min_lr: 0.000046  loss: 0.0000 (0.0000)  weight_decay: 0.0500 (0.0500)  grad_norm: 0.0000 (0.0000)  time: 0.6864  data: 0.0001  max mem: 30401
Epoch: [57]  [ 70/159]  eta: 0:02:12  lr: 0.000046  min_lr: 0.000046  loss: 0.0000 (0.0000)  weight_decay: 0.0500 (0.0500)  grad_norm: 0.0000 (0.0000)  time: 0.7038  data: 0.0001  max mem: 30401
Epoch: [57]  [ 80/159]  eta: 0:01:49  lr: 0.000046  min_lr: 0.000046  loss: 0.0000 (0.0000)  weight_decay: 0.0500 (0.0500)  grad_norm: 0.0000 (0.0000)  time: 0.6690  data: 0.0001  max mem: 30401
Epoch: [57]  [ 90/159]  eta: 0:01:29  lr: 0.000046  min_lr: 0.000046  loss: 0.0000 (0.0000)  weight_decay: 0.0500 (0.0500)  grad_norm: 0.0000 (0.0000)  time: 0.6226  data: 0.0001  max mem: 30401
Epoch: [57]  [100/159]  eta: 0:01:13  lr: 0.000045  min_lr: 0.000045  loss: 0.0000 (0.0000)  weight_decay: 0.0500 (0.0500)  grad_norm: 0.0000 (0.0000)  time: 0.6625  data: 0.0002  max mem: 30401
Epoch: [57]  [110/159]  eta: 0:00:58  lr: 0.000045  min_lr: 0.000045  loss: 0.0000 (0.0000)  weight_decay: 0.0500 (0.0500)  grad_norm: 0.0000 (0.0000)  time: 0.7188  data: 0.0002  max mem: 30401
Epoch: [57]  [120/159]  eta: 0:00:44  lr: 0.000045  min_lr: 0.000045  loss: 0.0000 (0.0000)  weight_decay: 0.0500 (0.0500)  grad_norm: 0.0000 (0.0000)  time: 0.6671  data: 0.0002  max mem: 30401
Epoch: [57]  [130/159]  eta: 0:00:32  lr: 0.000045  min_lr: 0.000045  loss: 0.0000 (0.0000)  weight_decay: 0.0500 (0.0500)  grad_norm: 0.0000 (0.0000)  time: 0.6071  data: 0.0002  max mem: 30401
Epoch: [57]  [140/159]  eta: 0:00:20  lr: 0.000045  min_lr: 0.000045  loss: 0.0000 (0.0000)  weight_decay: 0.0500 (0.0500)  grad_norm: 0.0000 (0.0000)  time: 0.6182  data: 0.0002  max mem: 30401
Epoch: [57]  [150/159]  eta: 0:00:09  lr: 0.000045  min_lr: 0.000045  loss: 0.0000 (0.0000)  weight_decay: 0.0500 (0.0500)  grad_norm: 0.0000 (0.0000)  time: 0.6466  data: 0.0002  max mem: 30401
Epoch: [57]  [158/159]  eta: 0:00:01  lr: 0.000045  min_lr: 0.000045  loss: 0.0000 (0.0000)  weight_decay: 0.0500 (0.0500)  grad_norm: 0.0000 (0.0000)  time: 0.6381  data: 0.0002  max mem: 30401
Epoch: [57] Total time: 0:02:44 (1.0321 s / it)
Averaged stats: lr: 0.000045  min_lr: 0.000045  loss: 0.0000 (0.0000)  weight_decay: 0.0500 (0.0500)  grad_norm: 0.0000 (0.0000)
Epoch: [58]  [  0/159]  eta: 2:31:44  lr: 0.000045  min_lr: 0.000045  loss: 0.0000 (0.0000)  weight_decay: 0.0500 (0.0500)  grad_norm: 0.0000 (0.0000)  time: 57.2641  data: 46.6627  max mem: 30401
Epoch: [58]  [ 10/159]  eta: 0:15:00  lr: 0.000045  min_lr: 0.000045  loss: 0.0000 (0.0000)  weight_decay: 0.0500 (0.0500)  grad_norm: 0.0000 (0.0000)  time: 6.0427  data: 4.2424  max mem: 30401
Epoch: [58]  [ 20/159]  eta: 0:08:00  lr: 0.000045  min_lr: 0.000045  loss: 0.0000 (0.0000)  weight_decay: 0.0500 (0.0500)  grad_norm: 0.0000 (0.0000)  time: 0.7675  data: 0.0003  max mem: 30401
Epoch: [58]  [ 30/159]  eta: 0:05:26  lr: 0.000044  min_lr: 0.000044  loss: 0.0000 (0.0000)  weight_decay: 0.0500 (0.0500)  grad_norm: 0.0000 (0.0000)  time: 0.5978  data: 0.0002  max mem: 30401
Epoch: [58]  [ 40/159]  eta: 0:04:04  lr: 0.000044  min_lr: 0.000044  loss: 0.0000 (0.0000)  weight_decay: 0.0500 (0.0500)  grad_norm: 0.0000 (0.0000)  time: 0.5806  data: 0.0002  max mem: 30401
Epoch: [58]  [ 50/159]  eta: 0:03:12  lr: 0.000044  min_lr: 0.000044  loss: 0.0000 (0.0000)  weight_decay: 0.0500 (0.0500)  grad_norm: 0.0000 (0.0000)  time: 0.5796  data: 0.0002  max mem: 30401
Epoch: [58]  [ 60/159]  eta: 0:02:35  lr: 0.000044  min_lr: 0.000044  loss: 0.0000 (0.0000)  weight_decay: 0.0500 (0.0500)  grad_norm: 0.0000 (0.0000)  time: 0.5788  data: 0.0002  max mem: 30401
Epoch: [58]  [ 70/159]  eta: 0:02:07  lr: 0.000044  min_lr: 0.000044  loss: 0.0000 (0.0000)  weight_decay: 0.0500 (0.0500)  grad_norm: 0.0000 (0.0000)  time: 0.5796  data: 0.0002  max mem: 30401
Epoch: [58]  [ 80/159]  eta: 0:01:44  lr: 0.000044  min_lr: 0.000044  loss: 0.0000 (0.0000)  weight_decay: 0.0500 (0.0500)  grad_norm: 0.0000 (0.0000)  time: 0.5807  data: 0.0002  max mem: 30401
Epoch: [58]  [ 90/159]  eta: 0:01:25  lr: 0.000044  min_lr: 0.000044  loss: 0.0000 (0.0000)  weight_decay: 0.0500 (0.0500)  grad_norm: 0.0000 (0.0000)  time: 0.5807  data: 0.0001  max mem: 30401
Epoch: [58]  [100/159]  eta: 0:01:09  lr: 0.000044  min_lr: 0.000044  loss: 0.0000 (0.0000)  weight_decay: 0.0500 (0.0500)  grad_norm: 0.0000 (0.0000)  time: 0.5799  data: 0.0001  max mem: 30401
Epoch: [58]  [110/159]  eta: 0:00:55  lr: 0.000044  min_lr: 0.000044  loss: 0.0000 (0.0000)  weight_decay: 0.0500 (0.0500)  grad_norm: 0.0000 (0.0000)  time: 0.5794  data: 0.0002  max mem: 30401
Epoch: [58]  [120/159]  eta: 0:00:42  lr: 0.000043  min_lr: 0.000043  loss: 0.0000 (0.0000)  weight_decay: 0.0500 (0.0500)  grad_norm: 0.0000 (0.0000)  time: 0.6019  data: 0.0002  max mem: 30401
Epoch: [58]  [130/159]  eta: 0:00:30  lr: 0.000043  min_lr: 0.000043  loss: 0.0000 (0.0000)  weight_decay: 0.0500 (0.0500)  grad_norm: 0.0000 (0.0000)  time: 0.6572  data: 0.0001  max mem: 30401
Epoch: [58]  [140/159]  eta: 0:00:19  lr: 0.000043  min_lr: 0.000043  loss: 0.0000 (0.0000)  weight_decay: 0.0500 (0.0500)  grad_norm: 0.0000 (0.0000)  time: 0.6875  data: 0.0001  max mem: 30401
Epoch: [58]  [150/159]  eta: 0:00:09  lr: 0.000043  min_lr: 0.000043  loss: 0.0000 (0.0000)  weight_decay: 0.0500 (0.0500)  grad_norm: 0.0000 (0.0000)  time: 0.6655  data: 0.0001  max mem: 30401
Epoch: [58]  [158/159]  eta: 0:00:00  lr: 0.000043  min_lr: 0.000043  loss: 0.0000 (0.0000)  weight_decay: 0.0500 (0.0500)  grad_norm: 0.0000 (0.0000)  time: 0.6426  data: 0.0001  max mem: 30401
Epoch: [58] Total time: 0:02:37 (0.9916 s / it)
Averaged stats: lr: 0.000043  min_lr: 0.000043  loss: 0.0000 (0.0000)  weight_decay: 0.0500 (0.0500)  grad_norm: 0.0000 (0.0000)
Epoch: [59]  [  0/159]  eta: 2:21:56  lr: 0.000043  min_lr: 0.000043  loss: 0.0000 (0.0000)  weight_decay: 0.0500 (0.0500)  grad_norm: 0.0000 (0.0000)  time: 53.5619  data: 33.0484  max mem: 30401
Epoch: [59]  [ 10/159]  eta: 0:14:17  lr: 0.000043  min_lr: 0.000043  loss: 0.0000 (0.0000)  weight_decay: 0.0500 (0.0500)  grad_norm: 0.0000 (0.0000)  time: 5.7553  data: 3.0047  max mem: 30401
Epoch: [59]  [ 20/159]  eta: 0:07:52  lr: 0.000043  min_lr: 0.000043  loss: 0.0000 (0.0000)  weight_decay: 0.0500 (0.0500)  grad_norm: 0.0000 (0.0000)  time: 0.8939  data: 0.0003  max mem: 30401
Epoch: [59]  [ 30/159]  eta: 0:05:26  lr: 0.000043  min_lr: 0.000043  loss: 0.0000 (0.0000)  weight_decay: 0.0500 (0.0500)  grad_norm: 0.0000 (0.0000)  time: 0.7594  data: 0.0002  max mem: 30401
Epoch: [59]  [ 40/159]  eta: 0:04:07  lr: 0.000043  min_lr: 0.000043  loss: 0.0000 (0.0000)  weight_decay: 0.0500 (0.0500)  grad_norm: 0.0000 (0.0000)  time: 0.6961  data: 0.0002  max mem: 30401
Epoch: [59]  [ 50/159]  eta: 0:03:17  lr: 0.000042  min_lr: 0.000042  loss: 0.0000 (0.0000)  weight_decay: 0.0500 (0.0500)  grad_norm: 0.0000 (0.0000)  time: 0.7001  data: 0.0002  max mem: 30401
Epoch: [59]  [ 60/159]  eta: 0:02:41  lr: 0.000042  min_lr: 0.000042  loss: 0.0000 (0.0000)  weight_decay: 0.0500 (0.0500)  grad_norm: 0.0000 (0.0000)  time: 0.7031  data: 0.0001  max mem: 30401
Epoch: [59]  [ 70/159]  eta: 0:02:13  lr: 0.000042  min_lr: 0.000042  loss: 0.0000 (0.0000)  weight_decay: 0.0500 (0.0500)  grad_norm: 0.0000 (0.0000)  time: 0.6925  data: 0.0002  max mem: 30401
Epoch: [59]  [ 80/159]  eta: 0:01:50  lr: 0.000042  min_lr: 0.000042  loss: 0.0000 (0.0000)  weight_decay: 0.0500 (0.0500)  grad_norm: 0.0000 (0.0000)  time: 0.6972  data: 0.0002  max mem: 30401
Epoch: [59]  [ 90/159]  eta: 0:01:31  lr: 0.000042  min_lr: 0.000042  loss: 0.0000 (0.0000)  weight_decay: 0.0500 (0.0500)  grad_norm: 0.0000 (0.0000)  time: 0.6891  data: 0.0002  max mem: 30401
Epoch: [59]  [100/159]  eta: 0:01:14  lr: 0.000042  min_lr: 0.000042  loss: 0.0000 (0.0000)  weight_decay: 0.0500 (0.0500)  grad_norm: 0.0000 (0.0000)  time: 0.6948  data: 0.0002  max mem: 30401
Epoch: [59]  [110/159]  eta: 0:00:59  lr: 0.000042  min_lr: 0.000042  loss: 0.0000 (0.0000)  weight_decay: 0.0500 (0.0500)  grad_norm: 0.0000 (0.0000)  time: 0.7075  data: 0.0001  max mem: 30401
Epoch: [59]  [120/159]  eta: 0:00:45  lr: 0.000042  min_lr: 0.000042  loss: 0.0000 (0.0000)  weight_decay: 0.0500 (0.0500)  grad_norm: 0.0000 (0.0000)  time: 0.7035  data: 0.0001  max mem: 30401
Epoch: [59]  [130/159]  eta: 0:00:32  lr: 0.000042  min_lr: 0.000042  loss: 0.0000 (0.0000)  weight_decay: 0.0500 (0.0500)  grad_norm: 0.0000 (0.0000)  time: 0.7022  data: 0.0002  max mem: 30401
Epoch: [59]  [140/159]  eta: 0:00:20  lr: 0.000042  min_lr: 0.000042  loss: 0.0000 (0.0000)  weight_decay: 0.0500 (0.0500)  grad_norm: 0.0000 (0.0000)  time: 0.6900  data: 0.0002  max mem: 30401
Epoch: [59]  [150/159]  eta: 0:00:09  lr: 0.000041  min_lr: 0.000041  loss: 0.0000 (0.0000)  weight_decay: 0.0500 (0.0500)  grad_norm: 0.0000 (0.0000)  time: 0.6794  data: 0.0002  max mem: 30401
Epoch: [59]  [158/159]  eta: 0:00:01  lr: 0.000041  min_lr: 0.000041  loss: 0.0000 (0.0000)  weight_decay: 0.0500 (0.0500)  grad_norm: 0.0000 (0.0000)  time: 0.6745  data: 0.0002  max mem: 30401
Epoch: [59] Total time: 0:02:48 (1.0602 s / it)
Averaged stats: lr: 0.000041  min_lr: 0.000041  loss: 0.0000 (0.0000)  weight_decay: 0.0500 (0.0500)  grad_norm: 0.0000 (0.0000)
Epoch: [60]  [  0/159]  eta: 2:15:54  lr: 0.000041  min_lr: 0.000041  loss: 0.0000 (0.0000)  weight_decay: 0.0500 (0.0500)  grad_norm: 0.0000 (0.0000)  time: 51.2838  data: 36.5590  max mem: 30401
Epoch: [60]  [ 10/159]  eta: 0:15:26  lr: 0.000041  min_lr: 0.000041  loss: 0.0000 (0.0000)  weight_decay: 0.0500 (0.0500)  grad_norm: 0.0000 (0.0000)  time: 6.2167  data: 3.3239  max mem: 30401
Epoch: [60]  [ 20/159]  eta: 0:08:12  lr: 0.000041  min_lr: 0.000041  loss: 0.0000 (0.0000)  weight_decay: 0.0500 (0.0500)  grad_norm: 0.0000 (0.0000)  time: 1.1579  data: 0.0003  max mem: 30401
Epoch: [60]  [ 30/159]  eta: 0:05:34  lr: 0.000041  min_lr: 0.000041  loss: 0.0000 (0.0000)  weight_decay: 0.0500 (0.0500)  grad_norm: 0.0000 (0.0000)  time: 0.5965  data: 0.0002  max mem: 30401
Epoch: [60]  [ 40/159]  eta: 0:04:09  lr: 0.000041  min_lr: 0.000041  loss: 0.0000 (0.0000)  weight_decay: 0.0500 (0.0500)  grad_norm: 0.0000 (0.0000)  time: 0.5834  data: 0.0002  max mem: 30401
Epoch: [60]  [ 50/159]  eta: 0:03:16  lr: 0.000041  min_lr: 0.000041  loss: 0.0000 (0.0000)  weight_decay: 0.0500 (0.0500)  grad_norm: 0.0000 (0.0000)  time: 0.5793  data: 0.0002  max mem: 30401
Epoch: [60]  [ 60/159]  eta: 0:02:38  lr: 0.000041  min_lr: 0.000041  loss: 0.0000 (0.0000)  weight_decay: 0.0500 (0.0500)  grad_norm: 0.0000 (0.0000)  time: 0.5797  data: 0.0002  max mem: 30401
Epoch: [60]  [ 70/159]  eta: 0:02:09  lr: 0.000041  min_lr: 0.000041  loss: 0.0000 (0.0000)  weight_decay: 0.0500 (0.0500)  grad_norm: 0.0000 (0.0000)  time: 0.5791  data: 0.0002  max mem: 30401
Epoch: [60]  [ 80/159]  eta: 0:01:46  lr: 0.000040  min_lr: 0.000040  loss: 0.0000 (0.0000)  weight_decay: 0.0500 (0.0500)  grad_norm: 0.0000 (0.0000)  time: 0.5773  data: 0.0002  max mem: 30401
Epoch: [60]  [ 90/159]  eta: 0:01:27  lr: 0.000040  min_lr: 0.000040  loss: 0.0000 (0.0000)  weight_decay: 0.0500 (0.0500)  grad_norm: 0.0000 (0.0000)  time: 0.5784  data: 0.0001  max mem: 30401
Epoch: [60]  [100/159]  eta: 0:01:10  lr: 0.000040  min_lr: 0.000040  loss: 0.0000 (0.0000)  weight_decay: 0.0500 (0.0500)  grad_norm: 0.0000 (0.0000)  time: 0.5799  data: 0.0001  max mem: 30401
Epoch: [60]  [110/159]  eta: 0:00:55  lr: 0.000040  min_lr: 0.000040  loss: 0.0000 (0.0000)  weight_decay: 0.0500 (0.0500)  grad_norm: 0.0000 (0.0000)  time: 0.5781  data: 0.0002  max mem: 30401
Epoch: [60]  [120/159]  eta: 0:00:42  lr: 0.000040  min_lr: 0.000040  loss: 0.0000 (0.0000)  weight_decay: 0.0500 (0.0500)  grad_norm: 0.0000 (0.0000)  time: 0.5771  data: 0.0002  max mem: 30401
Epoch: [60]  [130/159]  eta: 0:00:30  lr: 0.000040  min_lr: 0.000040  loss: 0.0000 (0.0000)  weight_decay: 0.0500 (0.0500)  grad_norm: 0.0000 (0.0000)  time: 0.5778  data: 0.0002  max mem: 30401
Epoch: [60]  [140/159]  eta: 0:00:19  lr: 0.000040  min_lr: 0.000040  loss: 0.0000 (0.0000)  weight_decay: 0.0500 (0.0500)  grad_norm: 0.0000 (0.0000)  time: 0.6365  data: 0.0002  max mem: 30401
Epoch: [60]  [150/159]  eta: 0:00:09  lr: 0.000040  min_lr: 0.000040  loss: 0.0000 (0.0000)  weight_decay: 0.0500 (0.0500)  grad_norm: 0.0000 (0.0000)  time: 0.6422  data: 0.0001  max mem: 30401
Epoch: [60]  [158/159]  eta: 0:00:00  lr: 0.000040  min_lr: 0.000040  loss: 0.0000 (0.0000)  weight_decay: 0.0500 (0.0500)  grad_norm: 0.0000 (0.0000)  time: 0.6393  data: 0.0002  max mem: 30401
Epoch: [60] Total time: 0:02:38 (0.9945 s / it)
Averaged stats: lr: 0.000040  min_lr: 0.000040  loss: 0.0000 (0.0000)  weight_decay: 0.0500 (0.0500)  grad_norm: 0.0000 (0.0000)
[Eval]   [0/2]  eta: 0:00:16  loss: 0.0000 (0.0000)  time: 8.2617  data: 8.0983  max mem: 30401
[Eval]   [1/2]  eta: 0:00:04  loss: 0.0000 (0.0000)  time: 4.1767  data: 4.0492  max mem: 30401
[Eval]  Total time: 0:00:08 (4.4084 s / it)
Eval averaged stats: loss: 0.0000 (0.0000)
Logged 9 eval images
Epoch: [61]  [  0/159]  eta: 2:18:33  lr: 0.000040  min_lr: 0.000040  loss: 0.0000 (0.0000)  weight_decay: 0.0500 (0.0500)  grad_norm: 0.0000 (0.0000)  time: 52.2873  data: 51.5600  max mem: 30401
Epoch: [61]  [ 10/159]  eta: 0:15:00  lr: 0.000039  min_lr: 0.000039  loss: 0.0000 (0.0000)  weight_decay: 0.0500 (0.0500)  grad_norm: 0.0000 (0.0000)  time: 6.0448  data: 5.3719  max mem: 30401
Epoch: [61]  [ 20/159]  eta: 0:08:02  lr: 0.000039  min_lr: 0.000039  loss: 0.0000 (0.0000)  weight_decay: 0.0500 (0.0500)  grad_norm: 0.0000 (0.0000)  time: 1.0307  data: 0.3766  max mem: 30401
Epoch: [61]  [ 30/159]  eta: 0:05:34  lr: 0.000039  min_lr: 0.000039  loss: 0.0000 (0.0000)  weight_decay: 0.0500 (0.0500)  grad_norm: 0.0000 (0.0000)  time: 0.6958  data: 0.0002  max mem: 30401
Epoch: [61]  [ 40/159]  eta: 0:04:14  lr: 0.000039  min_lr: 0.000039  loss: 0.0000 (0.0000)  weight_decay: 0.0500 (0.0500)  grad_norm: 0.0000 (0.0000)  time: 0.7327  data: 0.0002  max mem: 30401
Epoch: [61]  [ 50/159]  eta: 0:03:22  lr: 0.000039  min_lr: 0.000039  loss: 0.0000 (0.0000)  weight_decay: 0.0500 (0.0500)  grad_norm: 0.0000 (0.0000)  time: 0.7143  data: 0.0001  max mem: 30401
Epoch: [61]  [ 60/159]  eta: 0:02:45  lr: 0.000039  min_lr: 0.000039  loss: 0.0000 (0.0000)  weight_decay: 0.0500 (0.0500)  grad_norm: 0.0000 (0.0000)  time: 0.7127  data: 0.0001  max mem: 30401
Epoch: [61]  [ 70/159]  eta: 0:02:16  lr: 0.000039  min_lr: 0.000039  loss: 0.0000 (0.0000)  weight_decay: 0.0500 (0.0500)  grad_norm: 0.0000 (0.0000)  time: 0.7252  data: 0.0001  max mem: 30401
Epoch: [61]  [ 80/159]  eta: 0:01:53  lr: 0.000039  min_lr: 0.000039  loss: 0.0000 (0.0000)  weight_decay: 0.0500 (0.0500)  grad_norm: 0.0000 (0.0000)  time: 0.7038  data: 0.0001  max mem: 30401
Epoch: [61]  [ 90/159]  eta: 0:01:32  lr: 0.000039  min_lr: 0.000039  loss: 0.0000 (0.0000)  weight_decay: 0.0500 (0.0500)  grad_norm: 0.0000 (0.0000)  time: 0.6565  data: 0.0001  max mem: 30401
Epoch: [61]  [100/159]  eta: 0:01:15  lr: 0.000039  min_lr: 0.000039  loss: 0.0000 (0.0000)  weight_decay: 0.0500 (0.0500)  grad_norm: 0.0000 (0.0000)  time: 0.6911  data: 0.0001  max mem: 30401
Epoch: [61]  [110/159]  eta: 0:01:00  lr: 0.000038  min_lr: 0.000038  loss: 0.0000 (0.0000)  weight_decay: 0.0500 (0.0500)  grad_norm: 0.0000 (0.0000)  time: 0.7272  data: 0.0002  max mem: 30401
Epoch: [61]  [120/159]  eta: 0:00:46  lr: 0.000038  min_lr: 0.000038  loss: 0.0000 (0.0000)  weight_decay: 0.0500 (0.0500)  grad_norm: 0.0000 (0.0000)  time: 0.7003  data: 0.0002  max mem: 30401
Epoch: [61]  [130/159]  eta: 0:00:33  lr: 0.000038  min_lr: 0.000038  loss: 0.0000 (0.0000)  weight_decay: 0.0500 (0.0500)  grad_norm: 0.0000 (0.0000)  time: 0.6547  data: 0.0002  max mem: 30401
Epoch: [61]  [140/159]  eta: 0:00:21  lr: 0.000038  min_lr: 0.000038  loss: 0.0000 (0.0000)  weight_decay: 0.0500 (0.0500)  grad_norm: 0.0000 (0.0000)  time: 0.6098  data: 0.0002  max mem: 30401
Epoch: [61]  [150/159]  eta: 0:00:09  lr: 0.000038  min_lr: 0.000038  loss: 0.0000 (0.0000)  weight_decay: 0.0500 (0.0500)  grad_norm: 0.0000 (0.0000)  time: 0.5924  data: 0.0002  max mem: 30401
Epoch: [61]  [158/159]  eta: 0:00:01  lr: 0.000038  min_lr: 0.000038  loss: 0.0000 (0.0000)  weight_decay: 0.0500 (0.0500)  grad_norm: 0.0000 (0.0000)  time: 0.5887  data: 0.0002  max mem: 30401
Epoch: [61] Total time: 0:02:47 (1.0563 s / it)
Averaged stats: lr: 0.000038  min_lr: 0.000038  loss: 0.0000 (0.0000)  weight_decay: 0.0500 (0.0500)  grad_norm: 0.0000 (0.0000)
Epoch: [62]  [  0/159]  eta: 2:21:33  lr: 0.000038  min_lr: 0.000038  loss: 0.0000 (0.0000)  weight_decay: 0.0500 (0.0500)  grad_norm: 0.0000 (0.0000)  time: 53.4194  data: 33.9658  max mem: 30401
Epoch: [62]  [ 10/159]  eta: 0:15:52  lr: 0.000038  min_lr: 0.000038  loss: 0.0000 (0.0000)  weight_decay: 0.0500 (0.0500)  grad_norm: 0.0000 (0.0000)  time: 6.3917  data: 3.0881  max mem: 30401
Epoch: [62]  [ 20/159]  eta: 0:08:35  lr: 0.000038  min_lr: 0.000038  loss: 0.0000 (0.0000)  weight_decay: 0.0500 (0.0500)  grad_norm: 0.0000 (0.0000)  time: 1.2212  data: 0.0002  max mem: 30401
Epoch: [62]  [ 30/159]  eta: 0:05:54  lr: 0.000038  min_lr: 0.000038  loss: 0.0000 (0.0000)  weight_decay: 0.0500 (0.0500)  grad_norm: 0.0000 (0.0000)  time: 0.7434  data: 0.0002  max mem: 30401
Epoch: [62]  [ 40/159]  eta: 0:04:28  lr: 0.000037  min_lr: 0.000037  loss: 0.0000 (0.0000)  weight_decay: 0.0500 (0.0500)  grad_norm: 0.0000 (0.0000)  time: 0.7395  data: 0.0002  max mem: 30401
Epoch: [62]  [ 50/159]  eta: 0:03:32  lr: 0.000037  min_lr: 0.000037  loss: 0.0000 (0.0000)  weight_decay: 0.0500 (0.0500)  grad_norm: 0.0000 (0.0000)  time: 0.7236  data: 0.0001  max mem: 30401
Epoch: [62]  [ 60/159]  eta: 0:02:52  lr: 0.000037  min_lr: 0.000037  loss: 0.0000 (0.0000)  weight_decay: 0.0500 (0.0500)  grad_norm: 0.0000 (0.0000)  time: 0.6687  data: 0.0002  max mem: 30401
Epoch: [62]  [ 70/159]  eta: 0:02:20  lr: 0.000037  min_lr: 0.000037  loss: 0.0000 (0.0000)  weight_decay: 0.0500 (0.0500)  grad_norm: 0.0000 (0.0000)  time: 0.6206  data: 0.0002  max mem: 30401
Epoch: [62]  [ 80/159]  eta: 0:01:55  lr: 0.000037  min_lr: 0.000037  loss: 0.0000 (0.0000)  weight_decay: 0.0500 (0.0500)  grad_norm: 0.0000 (0.0000)  time: 0.6005  data: 0.0001  max mem: 30401
Epoch: [62]  [ 90/159]  eta: 0:01:34  lr: 0.000037  min_lr: 0.000037  loss: 0.0000 (0.0000)  weight_decay: 0.0500 (0.0500)  grad_norm: 0.0000 (0.0000)  time: 0.5992  data: 0.0001  max mem: 30401
Epoch: [62]  [100/159]  eta: 0:01:15  lr: 0.000037  min_lr: 0.000037  loss: 0.0000 (0.0000)  weight_decay: 0.0500 (0.0500)  grad_norm: 0.0000 (0.0000)  time: 0.5982  data: 0.0001  max mem: 30401
Epoch: [62]  [110/159]  eta: 0:00:59  lr: 0.000037  min_lr: 0.000037  loss: 0.0000 (0.0000)  weight_decay: 0.0500 (0.0500)  grad_norm: 0.0000 (0.0000)  time: 0.5883  data: 0.0002  max mem: 30401
Epoch: [62]  [120/159]  eta: 0:00:45  lr: 0.000037  min_lr: 0.000037  loss: 0.0000 (0.0000)  weight_decay: 0.0500 (0.0500)  grad_norm: 0.0000 (0.0000)  time: 0.5822  data: 0.0002  max mem: 30401
Epoch: [62]  [130/159]  eta: 0:00:32  lr: 0.000037  min_lr: 0.000037  loss: 0.0000 (0.0000)  weight_decay: 0.0500 (0.0500)  grad_norm: 0.0000 (0.0000)  time: 0.5811  data: 0.0002  max mem: 30401
Epoch: [62]  [140/159]  eta: 0:00:20  lr: 0.000036  min_lr: 0.000036  loss: 0.0000 (0.0000)  weight_decay: 0.0500 (0.0500)  grad_norm: 0.0000 (0.0000)  time: 0.5809  data: 0.0002  max mem: 30401
Epoch: [62]  [150/159]  eta: 0:00:09  lr: 0.000036  min_lr: 0.000036  loss: 0.0000 (0.0000)  weight_decay: 0.0500 (0.0500)  grad_norm: 0.0000 (0.0000)  time: 0.5809  data: 0.0002  max mem: 30401
Epoch: [62]  [158/159]  eta: 0:00:01  lr: 0.000036  min_lr: 0.000036  loss: 0.0000 (0.0000)  weight_decay: 0.0500 (0.0500)  grad_norm: 0.0000 (0.0000)  time: 0.5945  data: 0.0002  max mem: 30401
Epoch: [62] Total time: 0:02:45 (1.0399 s / it)
Averaged stats: lr: 0.000036  min_lr: 0.000036  loss: 0.0000 (0.0000)  weight_decay: 0.0500 (0.0500)  grad_norm: 0.0000 (0.0000)
Epoch: [63]  [  0/159]  eta: 2:24:32  lr: 0.000036  min_lr: 0.000036  loss: 0.0000 (0.0000)  weight_decay: 0.0500 (0.0500)  grad_norm: 0.0000 (0.0000)  time: 54.5430  data: 44.7545  max mem: 30401
Epoch: [63]  [ 10/159]  eta: 0:14:27  lr: 0.000036  min_lr: 0.000036  loss: 0.0000 (0.0000)  weight_decay: 0.0500 (0.0500)  grad_norm: 0.0000 (0.0000)  time: 5.8209  data: 4.0692  max mem: 30401
Epoch: [63]  [ 20/159]  eta: 0:07:52  lr: 0.000036  min_lr: 0.000036  loss: 0.0000 (0.0000)  weight_decay: 0.0500 (0.0500)  grad_norm: 0.0000 (0.0000)  time: 0.8418  data: 0.0005  max mem: 30401
Epoch: [63]  [ 30/159]  eta: 0:05:23  lr: 0.000036  min_lr: 0.000036  loss: 0.0000 (0.0000)  weight_decay: 0.0500 (0.0500)  grad_norm: 0.0000 (0.0000)  time: 0.6831  data: 0.0002  max mem: 30401
Epoch: [63]  [ 40/159]  eta: 0:04:03  lr: 0.000036  min_lr: 0.000036  loss: 0.0000 (0.0000)  weight_decay: 0.0500 (0.0500)  grad_norm: 0.0000 (0.0000)  time: 0.6269  data: 0.0002  max mem: 30401
Epoch: [63]  [ 50/159]  eta: 0:03:12  lr: 0.000036  min_lr: 0.000036  loss: 0.0000 (0.0000)  weight_decay: 0.0500 (0.0500)  grad_norm: 0.0000 (0.0000)  time: 0.6134  data: 0.0001  max mem: 30401
Epoch: [63]  [ 60/159]  eta: 0:02:35  lr: 0.000036  min_lr: 0.000036  loss: 0.0000 (0.0000)  weight_decay: 0.0500 (0.0500)  grad_norm: 0.0000 (0.0000)  time: 0.6005  data: 0.0001  max mem: 30401
Epoch: [63]  [ 70/159]  eta: 0:02:08  lr: 0.000035  min_lr: 0.000035  loss: 0.0000 (0.0000)  weight_decay: 0.0500 (0.0500)  grad_norm: 0.0000 (0.0000)  time: 0.6329  data: 0.0002  max mem: 30401
Epoch: [63]  [ 80/159]  eta: 0:01:47  lr: 0.000035  min_lr: 0.000035  loss: 0.0000 (0.0000)  weight_decay: 0.0500 (0.0500)  grad_norm: 0.0000 (0.0000)  time: 0.7132  data: 0.0002  max mem: 30401
Epoch: [63]  [ 90/159]  eta: 0:01:28  lr: 0.000035  min_lr: 0.000035  loss: 0.0000 (0.0000)  weight_decay: 0.0500 (0.0500)  grad_norm: 0.0000 (0.0000)  time: 0.7133  data: 0.0002  max mem: 30401
Epoch: [63]  [100/159]  eta: 0:01:11  lr: 0.000035  min_lr: 0.000035  loss: 0.0000 (0.0000)  weight_decay: 0.0500 (0.0500)  grad_norm: 0.0000 (0.0000)  time: 0.6500  data: 0.0002  max mem: 30401
Epoch: [63]  [110/159]  eta: 0:00:57  lr: 0.000035  min_lr: 0.000035  loss: 0.0000 (0.0000)  weight_decay: 0.0500 (0.0500)  grad_norm: 0.0000 (0.0000)  time: 0.6168  data: 0.0002  max mem: 30401
Epoch: [63]  [120/159]  eta: 0:00:43  lr: 0.000035  min_lr: 0.000035  loss: 0.0000 (0.0000)  weight_decay: 0.0500 (0.0500)  grad_norm: 0.0000 (0.0000)  time: 0.5988  data: 0.0002  max mem: 30401
Epoch: [63]  [130/159]  eta: 0:00:31  lr: 0.000035  min_lr: 0.000035  loss: 0.0000 (0.0000)  weight_decay: 0.0500 (0.0500)  grad_norm: 0.0000 (0.0000)  time: 0.5921  data: 0.0001  max mem: 30401
Epoch: [63]  [140/159]  eta: 0:00:19  lr: 0.000035  min_lr: 0.000035  loss: 0.0000 (0.0000)  weight_decay: 0.0500 (0.0500)  grad_norm: 0.0000 (0.0000)  time: 0.5962  data: 0.0002  max mem: 30401
Epoch: [63]  [150/159]  eta: 0:00:09  lr: 0.000035  min_lr: 0.000035  loss: 0.0000 (0.0000)  weight_decay: 0.0500 (0.0500)  grad_norm: 0.0000 (0.0000)  time: 0.5964  data: 0.0002  max mem: 30401
Epoch: [63]  [158/159]  eta: 0:00:00  lr: 0.000035  min_lr: 0.000035  loss: 0.0000 (0.0000)  weight_decay: 0.0500 (0.0500)  grad_norm: 0.0000 (0.0000)  time: 0.5917  data: 0.0001  max mem: 30401
Epoch: [63] Total time: 0:02:39 (1.0008 s / it)
Averaged stats: lr: 0.000035  min_lr: 0.000035  loss: 0.0000 (0.0000)  weight_decay: 0.0500 (0.0500)  grad_norm: 0.0000 (0.0000)
Epoch: [64]  [  0/159]  eta: 2:22:28  lr: 0.000035  min_lr: 0.000035  loss: 0.0000 (0.0000)  weight_decay: 0.0500 (0.0500)  grad_norm: 0.0000 (0.0000)  time: 53.7646  data: 47.1323  max mem: 30401
Epoch: [64]  [ 10/159]  eta: 0:14:20  lr: 0.000034  min_lr: 0.000034  loss: 0.0000 (0.0000)  weight_decay: 0.0500 (0.0500)  grad_norm: 0.0000 (0.0000)  time: 5.7781  data: 4.2852  max mem: 30401
Epoch: [64]  [ 20/159]  eta: 0:07:52  lr: 0.000034  min_lr: 0.000034  loss: 0.0000 (0.0000)  weight_decay: 0.0500 (0.0500)  grad_norm: 0.0000 (0.0000)  time: 0.8798  data: 0.0004  max mem: 30401
Epoch: [64]  [ 30/159]  eta: 0:05:22  lr: 0.000034  min_lr: 0.000034  loss: 0.0000 (0.0000)  weight_decay: 0.0500 (0.0500)  grad_norm: 0.0000 (0.0000)  time: 0.6966  data: 0.0002  max mem: 30401
Epoch: [64]  [ 40/159]  eta: 0:04:02  lr: 0.000034  min_lr: 0.000034  loss: 0.0000 (0.0000)  weight_decay: 0.0500 (0.0500)  grad_norm: 0.0000 (0.0000)  time: 0.6088  data: 0.0002  max mem: 30401
Epoch: [64]  [ 50/159]  eta: 0:03:11  lr: 0.000034  min_lr: 0.000034  loss: 0.0000 (0.0000)  weight_decay: 0.0500 (0.0500)  grad_norm: 0.0000 (0.0000)  time: 0.5998  data: 0.0002  max mem: 30401
Epoch: [64]  [ 60/159]  eta: 0:02:36  lr: 0.000034  min_lr: 0.000034  loss: 0.0000 (0.0000)  weight_decay: 0.0500 (0.0500)  grad_norm: 0.0000 (0.0000)  time: 0.6480  data: 0.0002  max mem: 30401
Epoch: [64]  [ 70/159]  eta: 0:02:09  lr: 0.000034  min_lr: 0.000034  loss: 0.0000 (0.0000)  weight_decay: 0.0500 (0.0500)  grad_norm: 0.0000 (0.0000)  time: 0.6952  data: 0.0002  max mem: 30401
Epoch: [64]  [ 80/159]  eta: 0:01:47  lr: 0.000034  min_lr: 0.000034  loss: 0.0000 (0.0000)  weight_decay: 0.0500 (0.0500)  grad_norm: 0.0000 (0.0000)  time: 0.6829  data: 0.0001  max mem: 30401
Epoch: [64]  [ 90/159]  eta: 0:01:28  lr: 0.000034  min_lr: 0.000034  loss: 0.0000 (0.0000)  weight_decay: 0.0500 (0.0500)  grad_norm: 0.0000 (0.0000)  time: 0.6708  data: 0.0002  max mem: 30401
Epoch: [64]  [100/159]  eta: 0:01:12  lr: 0.000034  min_lr: 0.000034  loss: 0.0000 (0.0000)  weight_decay: 0.0500 (0.0500)  grad_norm: 0.0000 (0.0000)  time: 0.6873  data: 0.0002  max mem: 30401
Epoch: [64]  [110/159]  eta: 0:00:57  lr: 0.000033  min_lr: 0.000033  loss: 0.0000 (0.0000)  weight_decay: 0.0500 (0.0500)  grad_norm: 0.0000 (0.0000)  time: 0.6662  data: 0.0002  max mem: 30401
Epoch: [64]  [120/159]  eta: 0:00:43  lr: 0.000033  min_lr: 0.000033  loss: 0.0000 (0.0000)  weight_decay: 0.0500 (0.0500)  grad_norm: 0.0000 (0.0000)  time: 0.6112  data: 0.0002  max mem: 30401
Epoch: [64]  [130/159]  eta: 0:00:31  lr: 0.000033  min_lr: 0.000033  loss: 0.0000 (0.0000)  weight_decay: 0.0500 (0.0500)  grad_norm: 0.0000 (0.0000)  time: 0.6009  data: 0.0002  max mem: 30401
Epoch: [64]  [140/159]  eta: 0:00:19  lr: 0.000033  min_lr: 0.000033  loss: 0.0000 (0.0000)  weight_decay: 0.0500 (0.0500)  grad_norm: 0.0000 (0.0000)  time: 0.6031  data: 0.0002  max mem: 30401
Epoch: [64]  [150/159]  eta: 0:00:09  lr: 0.000033  min_lr: 0.000033  loss: 0.0000 (0.0000)  weight_decay: 0.0500 (0.0500)  grad_norm: 0.0000 (0.0000)  time: 0.6019  data: 0.0001  max mem: 30401
Epoch: [64]  [158/159]  eta: 0:00:00  lr: 0.000033  min_lr: 0.000033  loss: 0.0000 (0.0000)  weight_decay: 0.0500 (0.0500)  grad_norm: 0.0000 (0.0000)  time: 0.5993  data: 0.0002  max mem: 30401
Epoch: [64] Total time: 0:02:40 (1.0092 s / it)
Averaged stats: lr: 0.000033  min_lr: 0.000033  loss: 0.0000 (0.0000)  weight_decay: 0.0500 (0.0500)  grad_norm: 0.0000 (0.0000)
Epoch: [65]  [  0/159]  eta: 2:27:07  lr: 0.000033  min_lr: 0.000033  loss: 0.0000 (0.0000)  weight_decay: 0.0500 (0.0500)  grad_norm: 0.0000 (0.0000)  time: 55.5167  data: 36.6097  max mem: 30401
Epoch: [65]  [ 10/159]  eta: 0:14:59  lr: 0.000033  min_lr: 0.000033  loss: 0.0000 (0.0000)  weight_decay: 0.0500 (0.0500)  grad_norm: 0.0000 (0.0000)  time: 6.0349  data: 3.3289  max mem: 30401
Epoch: [65]  [ 20/159]  eta: 0:08:06  lr: 0.000033  min_lr: 0.000033  loss: 0.0000 (0.0000)  weight_decay: 0.0500 (0.0500)  grad_norm: 0.0000 (0.0000)  time: 0.8986  data: 0.0005  max mem: 30401
Epoch: [65]  [ 30/159]  eta: 0:05:31  lr: 0.000033  min_lr: 0.000033  loss: 0.0000 (0.0000)  weight_decay: 0.0500 (0.0500)  grad_norm: 0.0000 (0.0000)  time: 0.6597  data: 0.0002  max mem: 30401
Epoch: [65]  [ 40/159]  eta: 0:04:08  lr: 0.000032  min_lr: 0.000032  loss: 0.0000 (0.0000)  weight_decay: 0.0500 (0.0500)  grad_norm: 0.0000 (0.0000)  time: 0.6072  data: 0.0002  max mem: 30401
Epoch: [65]  [ 50/159]  eta: 0:03:15  lr: 0.000032  min_lr: 0.000032  loss: 0.0000 (0.0000)  weight_decay: 0.0500 (0.0500)  grad_norm: 0.0000 (0.0000)  time: 0.5979  data: 0.0002  max mem: 30401
Epoch: [65]  [ 60/159]  eta: 0:02:38  lr: 0.000032  min_lr: 0.000032  loss: 0.0000 (0.0000)  weight_decay: 0.0500 (0.0500)  grad_norm: 0.0000 (0.0000)  time: 0.5954  data: 0.0002  max mem: 30401
Epoch: [65]  [ 70/159]  eta: 0:02:09  lr: 0.000032  min_lr: 0.000032  loss: 0.0000 (0.0000)  weight_decay: 0.0500 (0.0500)  grad_norm: 0.0000 (0.0000)  time: 0.5900  data: 0.0002  max mem: 30401
Epoch: [65]  [ 80/159]  eta: 0:01:46  lr: 0.000032  min_lr: 0.000032  loss: 0.0000 (0.0000)  weight_decay: 0.0500 (0.0500)  grad_norm: 0.0000 (0.0000)  time: 0.5797  data: 0.0001  max mem: 30401
Epoch: [65]  [ 90/159]  eta: 0:01:27  lr: 0.000032  min_lr: 0.000032  loss: 0.0000 (0.0000)  weight_decay: 0.0500 (0.0500)  grad_norm: 0.0000 (0.0000)  time: 0.5803  data: 0.0001  max mem: 30401
Epoch: [65]  [100/159]  eta: 0:01:10  lr: 0.000032  min_lr: 0.000032  loss: 0.0000 (0.0000)  weight_decay: 0.0500 (0.0500)  grad_norm: 0.0000 (0.0000)  time: 0.5805  data: 0.0002  max mem: 30401
Epoch: [65]  [110/159]  eta: 0:00:55  lr: 0.000032  min_lr: 0.000032  loss: 0.0000 (0.0000)  weight_decay: 0.0500 (0.0500)  grad_norm: 0.0000 (0.0000)  time: 0.5800  data: 0.0002  max mem: 30401
Epoch: [65]  [120/159]  eta: 0:00:42  lr: 0.000032  min_lr: 0.000032  loss: 0.0000 (0.0000)  weight_decay: 0.0500 (0.0500)  grad_norm: 0.0000 (0.0000)  time: 0.5923  data: 0.0001  max mem: 30401
Epoch: [65]  [130/159]  eta: 0:00:30  lr: 0.000032  min_lr: 0.000032  loss: 0.0000 (0.0000)  weight_decay: 0.0500 (0.0500)  grad_norm: 0.0000 (0.0000)  time: 0.6636  data: 0.0002  max mem: 30401
Epoch: [65]  [140/159]  eta: 0:00:19  lr: 0.000031  min_lr: 0.000031  loss: 0.0000 (0.0000)  weight_decay: 0.0500 (0.0500)  grad_norm: 0.0000 (0.0000)  time: 0.7150  data: 0.0002  max mem: 30401
Epoch: [65]  [150/159]  eta: 0:00:09  lr: 0.000031  min_lr: 0.000031  loss: 0.0000 (0.0000)  weight_decay: 0.0500 (0.0500)  grad_norm: 0.0000 (0.0000)  time: 0.7166  data: 0.0002  max mem: 30401
Epoch: [65]  [158/159]  eta: 0:00:01  lr: 0.000031  min_lr: 0.000031  loss: 0.0000 (0.0000)  weight_decay: 0.0500 (0.0500)  grad_norm: 0.0000 (0.0000)  time: 0.7479  data: 0.0002  max mem: 30401
Epoch: [65] Total time: 0:02:41 (1.0168 s / it)
Averaged stats: lr: 0.000031  min_lr: 0.000031  loss: 0.0000 (0.0000)  weight_decay: 0.0500 (0.0500)  grad_norm: 0.0000 (0.0000)
Epoch: [66]  [  0/159]  eta: 2:18:09  lr: 0.000031  min_lr: 0.000031  loss: 0.0000 (0.0000)  weight_decay: 0.0500 (0.0500)  grad_norm: 0.0000 (0.0000)  time: 52.1365  data: 49.3617  max mem: 30401
Epoch: [66]  [ 10/159]  eta: 0:14:28  lr: 0.000031  min_lr: 0.000031  loss: 0.0000 (0.0000)  weight_decay: 0.0500 (0.0500)  grad_norm: 0.0000 (0.0000)  time: 5.8282  data: 4.4878  max mem: 30401
Epoch: [66]  [ 20/159]  eta: 0:07:51  lr: 0.000031  min_lr: 0.000031  loss: 0.0000 (0.0000)  weight_decay: 0.0500 (0.0500)  grad_norm: 0.0000 (0.0000)  time: 0.9556  data: 0.0005  max mem: 30401
Epoch: [66]  [ 30/159]  eta: 0:05:24  lr: 0.000031  min_lr: 0.000031  loss: 0.0000 (0.0000)  weight_decay: 0.0500 (0.0500)  grad_norm: 0.0000 (0.0000)  time: 0.6972  data: 0.0004  max mem: 30401
Epoch: [66]  [ 40/159]  eta: 0:04:05  lr: 0.000031  min_lr: 0.000031  loss: 0.0000 (0.0000)  weight_decay: 0.0500 (0.0500)  grad_norm: 0.0000 (0.0000)  time: 0.6675  data: 0.0002  max mem: 30401
Epoch: [66]  [ 50/159]  eta: 0:03:14  lr: 0.000031  min_lr: 0.000031  loss: 0.0000 (0.0000)  weight_decay: 0.0500 (0.0500)  grad_norm: 0.0000 (0.0000)  time: 0.6378  data: 0.0002  max mem: 30401
Epoch: [66]  [ 60/159]  eta: 0:02:37  lr: 0.000031  min_lr: 0.000031  loss: 0.0000 (0.0000)  weight_decay: 0.0500 (0.0500)  grad_norm: 0.0000 (0.0000)  time: 0.6169  data: 0.0002  max mem: 30401
Epoch: [66]  [ 70/159]  eta: 0:02:09  lr: 0.000031  min_lr: 0.000031  loss: 0.0000 (0.0000)  weight_decay: 0.0500 (0.0500)  grad_norm: 0.0000 (0.0000)  time: 0.6136  data: 0.0002  max mem: 30401
Epoch: [66]  [ 80/159]  eta: 0:01:46  lr: 0.000030  min_lr: 0.000030  loss: 0.0000 (0.0000)  weight_decay: 0.0500 (0.0500)  grad_norm: 0.0000 (0.0000)  time: 0.6070  data: 0.0002  max mem: 30401
Epoch: [66]  [ 90/159]  eta: 0:01:27  lr: 0.000030  min_lr: 0.000030  loss: 0.0000 (0.0000)  weight_decay: 0.0500 (0.0500)  grad_norm: 0.0000 (0.0000)  time: 0.5958  data: 0.0002  max mem: 30401
Epoch: [66]  [100/159]  eta: 0:01:10  lr: 0.000030  min_lr: 0.000030  loss: 0.0000 (0.0000)  weight_decay: 0.0500 (0.0500)  grad_norm: 0.0000 (0.0000)  time: 0.5879  data: 0.0002  max mem: 30401
Epoch: [66]  [110/159]  eta: 0:00:56  lr: 0.000030  min_lr: 0.000030  loss: 0.0000 (0.0000)  weight_decay: 0.0500 (0.0500)  grad_norm: 0.0000 (0.0000)  time: 0.6602  data: 0.0002  max mem: 30401
Epoch: [66]  [120/159]  eta: 0:00:43  lr: 0.000030  min_lr: 0.000030  loss: 0.0000 (0.0000)  weight_decay: 0.0500 (0.0500)  grad_norm: 0.0000 (0.0000)  time: 0.7105  data: 0.0002  max mem: 30401
Epoch: [66]  [130/159]  eta: 0:00:31  lr: 0.000030  min_lr: 0.000030  loss: 0.0000 (0.0000)  weight_decay: 0.0500 (0.0500)  grad_norm: 0.0000 (0.0000)  time: 0.6611  data: 0.0002  max mem: 30401
Epoch: [66]  [140/159]  eta: 0:00:19  lr: 0.000030  min_lr: 0.000030  loss: 0.0000 (0.0000)  weight_decay: 0.0500 (0.0500)  grad_norm: 0.0000 (0.0000)  time: 0.6260  data: 0.0002  max mem: 30401
Epoch: [66]  [150/159]  eta: 0:00:09  lr: 0.000030  min_lr: 0.000030  loss: 0.0000 (0.0000)  weight_decay: 0.0500 (0.0500)  grad_norm: 0.0000 (0.0000)  time: 0.6099  data: 0.0002  max mem: 30401
Epoch: [66]  [158/159]  eta: 0:00:00  lr: 0.000030  min_lr: 0.000030  loss: 0.0000 (0.0000)  weight_decay: 0.0500 (0.0500)  grad_norm: 0.0000 (0.0000)  time: 0.6187  data: 0.0002  max mem: 30401
Epoch: [66] Total time: 0:02:40 (1.0064 s / it)
Averaged stats: lr: 0.000030  min_lr: 0.000030  loss: 0.0000 (0.0000)  weight_decay: 0.0500 (0.0500)  grad_norm: 0.0000 (0.0000)
Epoch: [67]  [  0/159]  eta: 2:21:13  lr: 0.000030  min_lr: 0.000030  loss: 0.0000 (0.0000)  weight_decay: 0.0500 (0.0500)  grad_norm: 0.0000 (0.0000)  time: 53.2941  data: 43.9630  max mem: 30401
Epoch: [67]  [ 10/159]  eta: 0:14:17  lr: 0.000030  min_lr: 0.000030  loss: 0.0000 (0.0000)  weight_decay: 0.0500 (0.0500)  grad_norm: 0.0000 (0.0000)  time: 5.7575  data: 3.9969  max mem: 30401
Epoch: [67]  [ 20/159]  eta: 0:07:50  lr: 0.000029  min_lr: 0.000029  loss: 0.0000 (0.0000)  weight_decay: 0.0500 (0.0500)  grad_norm: 0.0000 (0.0000)  time: 0.8928  data: 0.0003  max mem: 30401
Epoch: [67]  [ 30/159]  eta: 0:05:26  lr: 0.000029  min_lr: 0.000029  loss: 0.0000 (0.0000)  weight_decay: 0.0500 (0.0500)  grad_norm: 0.0000 (0.0000)  time: 0.7509  data: 0.0002  max mem: 30401
Epoch: [67]  [ 40/159]  eta: 0:04:07  lr: 0.000029  min_lr: 0.000029  loss: 0.0000 (0.0000)  weight_decay: 0.0500 (0.0500)  grad_norm: 0.0000 (0.0000)  time: 0.7128  data: 0.0002  max mem: 30401
Epoch: [67]  [ 50/159]  eta: 0:03:16  lr: 0.000029  min_lr: 0.000029  loss: 0.0000 (0.0000)  weight_decay: 0.0500 (0.0500)  grad_norm: 0.0000 (0.0000)  time: 0.6823  data: 0.0002  max mem: 30401
Epoch: [67]  [ 60/159]  eta: 0:02:39  lr: 0.000029  min_lr: 0.000029  loss: 0.0000 (0.0000)  weight_decay: 0.0500 (0.0500)  grad_norm: 0.0000 (0.0000)  time: 0.6348  data: 0.0002  max mem: 30401
Epoch: [67]  [ 70/159]  eta: 0:02:10  lr: 0.000029  min_lr: 0.000029  loss: 0.0000 (0.0000)  weight_decay: 0.0500 (0.0500)  grad_norm: 0.0000 (0.0000)  time: 0.6130  data: 0.0001  max mem: 30401
Epoch: [67]  [ 80/159]  eta: 0:01:48  lr: 0.000029  min_lr: 0.000029  loss: 0.0000 (0.0000)  weight_decay: 0.0500 (0.0500)  grad_norm: 0.0000 (0.0000)  time: 0.6713  data: 0.0001  max mem: 30401
Epoch: [67]  [ 90/159]  eta: 0:01:29  lr: 0.000029  min_lr: 0.000029  loss: 0.0000 (0.0000)  weight_decay: 0.0500 (0.0500)  grad_norm: 0.0000 (0.0000)  time: 0.6766  data: 0.0001  max mem: 30401
Epoch: [67]  [100/159]  eta: 0:01:12  lr: 0.000029  min_lr: 0.000029  loss: 0.0000 (0.0000)  weight_decay: 0.0500 (0.0500)  grad_norm: 0.0000 (0.0000)  time: 0.6448  data: 0.0001  max mem: 30401
Epoch: [67]  [110/159]  eta: 0:00:57  lr: 0.000029  min_lr: 0.000029  loss: 0.0000 (0.0000)  weight_decay: 0.0500 (0.0500)  grad_norm: 0.0000 (0.0000)  time: 0.6406  data: 0.0001  max mem: 30401
Epoch: [67]  [120/159]  eta: 0:00:44  lr: 0.000028  min_lr: 0.000028  loss: 0.0000 (0.0000)  weight_decay: 0.0500 (0.0500)  grad_norm: 0.0000 (0.0000)  time: 0.6386  data: 0.0002  max mem: 30401
Epoch: [67]  [130/159]  eta: 0:00:31  lr: 0.000028  min_lr: 0.000028  loss: 0.0000 (0.0000)  weight_decay: 0.0500 (0.0500)  grad_norm: 0.0000 (0.0000)  time: 0.6399  data: 0.0002  max mem: 30401
Epoch: [67]  [140/159]  eta: 0:00:20  lr: 0.000028  min_lr: 0.000028  loss: 0.0000 (0.0000)  weight_decay: 0.0500 (0.0500)  grad_norm: 0.0000 (0.0000)  time: 0.6086  data: 0.0002  max mem: 30401
Epoch: [67]  [150/159]  eta: 0:00:09  lr: 0.000028  min_lr: 0.000028  loss: 0.0000 (0.0000)  weight_decay: 0.0500 (0.0500)  grad_norm: 0.0000 (0.0000)  time: 0.5924  data: 0.0002  max mem: 30401
Epoch: [67]  [158/159]  eta: 0:00:01  lr: 0.000028  min_lr: 0.000028  loss: 0.0000 (0.0000)  weight_decay: 0.0500 (0.0500)  grad_norm: 0.0000 (0.0000)  time: 0.5873  data: 0.0001  max mem: 30401
Epoch: [67] Total time: 0:02:41 (1.0153 s / it)
Averaged stats: lr: 0.000028  min_lr: 0.000028  loss: 0.0000 (0.0000)  weight_decay: 0.0500 (0.0500)  grad_norm: 0.0000 (0.0000)
Epoch: [68]  [  0/159]  eta: 2:21:47  lr: 0.000028  min_lr: 0.000028  loss: 0.0000 (0.0000)  weight_decay: 0.0500 (0.0500)  grad_norm: 0.0000 (0.0000)  time: 53.5055  data: 33.8521  max mem: 30401
Epoch: [68]  [ 10/159]  eta: 0:14:26  lr: 0.000028  min_lr: 0.000028  loss: 0.0000 (0.0000)  weight_decay: 0.0500 (0.0500)  grad_norm: 0.0000 (0.0000)  time: 5.8173  data: 3.0782  max mem: 30401
Epoch: [68]  [ 20/159]  eta: 0:07:55  lr: 0.000028  min_lr: 0.000028  loss: 0.0000 (0.0000)  weight_decay: 0.0500 (0.0500)  grad_norm: 0.0000 (0.0000)  time: 0.9143  data: 0.0006  max mem: 30401
Epoch: [68]  [ 30/159]  eta: 0:05:23  lr: 0.000028  min_lr: 0.000028  loss: 0.0000 (0.0000)  weight_decay: 0.0500 (0.0500)  grad_norm: 0.0000 (0.0000)  time: 0.6857  data: 0.0002  max mem: 30401
Epoch: [68]  [ 40/159]  eta: 0:04:02  lr: 0.000028  min_lr: 0.000028  loss: 0.0000 (0.0000)  weight_decay: 0.0500 (0.0500)  grad_norm: 0.0000 (0.0000)  time: 0.5881  data: 0.0002  max mem: 30401
Epoch: [68]  [ 50/159]  eta: 0:03:11  lr: 0.000028  min_lr: 0.000028  loss: 0.0000 (0.0000)  weight_decay: 0.0500 (0.0500)  grad_norm: 0.0000 (0.0000)  time: 0.5846  data: 0.0002  max mem: 30401
Epoch: [68]  [ 60/159]  eta: 0:02:34  lr: 0.000027  min_lr: 0.000027  loss: 0.0000 (0.0000)  weight_decay: 0.0500 (0.0500)  grad_norm: 0.0000 (0.0000)  time: 0.5839  data: 0.0002  max mem: 30401
Epoch: [68]  [ 70/159]  eta: 0:02:08  lr: 0.000027  min_lr: 0.000027  loss: 0.0000 (0.0000)  weight_decay: 0.0500 (0.0500)  grad_norm: 0.0000 (0.0000)  time: 0.6371  data: 0.0002  max mem: 30401
Epoch: [68]  [ 80/159]  eta: 0:01:46  lr: 0.000027  min_lr: 0.000027  loss: 0.0000 (0.0000)  weight_decay: 0.0500 (0.0500)  grad_norm: 0.0000 (0.0000)  time: 0.7025  data: 0.0002  max mem: 30401
Epoch: [68]  [ 90/159]  eta: 0:01:28  lr: 0.000027  min_lr: 0.000027  loss: 0.0000 (0.0000)  weight_decay: 0.0500 (0.0500)  grad_norm: 0.0000 (0.0000)  time: 0.7223  data: 0.0002  max mem: 30401
Epoch: [68]  [100/159]  eta: 0:01:12  lr: 0.000027  min_lr: 0.000027  loss: 0.0000 (0.0000)  weight_decay: 0.0500 (0.0500)  grad_norm: 0.0000 (0.0000)  time: 0.7165  data: 0.0002  max mem: 30401
Epoch: [68]  [110/159]  eta: 0:00:57  lr: 0.000027  min_lr: 0.000027  loss: 0.0000 (0.0000)  weight_decay: 0.0500 (0.0500)  grad_norm: 0.0000 (0.0000)  time: 0.6722  data: 0.0002  max mem: 30401
Epoch: [68]  [120/159]  eta: 0:00:43  lr: 0.000027  min_lr: 0.000027  loss: 0.0000 (0.0000)  weight_decay: 0.0500 (0.0500)  grad_norm: 0.0000 (0.0000)  time: 0.6251  data: 0.0002  max mem: 30401
Epoch: [68]  [130/159]  eta: 0:00:31  lr: 0.000027  min_lr: 0.000027  loss: 0.0000 (0.0000)  weight_decay: 0.0500 (0.0500)  grad_norm: 0.0000 (0.0000)  time: 0.5976  data: 0.0002  max mem: 30401
Epoch: [68]  [140/159]  eta: 0:00:19  lr: 0.000027  min_lr: 0.000027  loss: 0.0000 (0.0000)  weight_decay: 0.0500 (0.0500)  grad_norm: 0.0000 (0.0000)  time: 0.5878  data: 0.0002  max mem: 30401
Epoch: [68]  [150/159]  eta: 0:00:09  lr: 0.000027  min_lr: 0.000027  loss: 0.0000 (0.0000)  weight_decay: 0.0500 (0.0500)  grad_norm: 0.0000 (0.0000)  time: 0.5850  data: 0.0002  max mem: 30401
Epoch: [68]  [158/159]  eta: 0:00:00  lr: 0.000027  min_lr: 0.000027  loss: 0.0000 (0.0000)  weight_decay: 0.0500 (0.0500)  grad_norm: 0.0000 (0.0000)  time: 0.5806  data: 0.0002  max mem: 30401
Epoch: [68] Total time: 0:02:39 (1.0053 s / it)
Averaged stats: lr: 0.000027  min_lr: 0.000027  loss: 0.0000 (0.0000)  weight_decay: 0.0500 (0.0500)  grad_norm: 0.0000 (0.0000)
Epoch: [69]  [  0/159]  eta: 2:20:53  lr: 0.000027  min_lr: 0.000027  loss: 0.0000 (0.0000)  weight_decay: 0.0500 (0.0500)  grad_norm: 0.0000 (0.0000)  time: 53.1666  data: 47.2376  max mem: 30401
Epoch: [69]  [ 10/159]  eta: 0:14:29  lr: 0.000026  min_lr: 0.000026  loss: 0.0000 (0.0000)  weight_decay: 0.0500 (0.0500)  grad_norm: 0.0000 (0.0000)  time: 5.8345  data: 4.2947  max mem: 30401
Epoch: [69]  [ 20/159]  eta: 0:07:59  lr: 0.000026  min_lr: 0.000026  loss: 0.0000 (0.0000)  weight_decay: 0.0500 (0.0500)  grad_norm: 0.0000 (0.0000)  time: 0.9638  data: 0.0003  max mem: 30401
Epoch: [69]  [ 30/159]  eta: 0:05:30  lr: 0.000026  min_lr: 0.000026  loss: 0.0000 (0.0000)  weight_decay: 0.0500 (0.0500)  grad_norm: 0.0000 (0.0000)  time: 0.7652  data: 0.0002  max mem: 30401
Epoch: [69]  [ 40/159]  eta: 0:04:09  lr: 0.000026  min_lr: 0.000026  loss: 0.0000 (0.0000)  weight_decay: 0.0500 (0.0500)  grad_norm: 0.0000 (0.0000)  time: 0.6787  data: 0.0002  max mem: 30401
Epoch: [69]  [ 50/159]  eta: 0:03:17  lr: 0.000026  min_lr: 0.000026  loss: 0.0000 (0.0000)  weight_decay: 0.0500 (0.0500)  grad_norm: 0.0000 (0.0000)  time: 0.6348  data: 0.0002  max mem: 30401
Epoch: [69]  [ 60/159]  eta: 0:02:39  lr: 0.000026  min_lr: 0.000026  loss: 0.0000 (0.0000)  weight_decay: 0.0500 (0.0500)  grad_norm: 0.0000 (0.0000)  time: 0.6060  data: 0.0002  max mem: 30401
Epoch: [69]  [ 70/159]  eta: 0:02:10  lr: 0.000026  min_lr: 0.000026  loss: 0.0000 (0.0000)  weight_decay: 0.0500 (0.0500)  grad_norm: 0.0000 (0.0000)  time: 0.5940  data: 0.0002  max mem: 30401
Epoch: [69]  [ 80/159]  eta: 0:01:47  lr: 0.000026  min_lr: 0.000026  loss: 0.0000 (0.0000)  weight_decay: 0.0500 (0.0500)  grad_norm: 0.0000 (0.0000)  time: 0.5887  data: 0.0002  max mem: 30401
Epoch: [69]  [ 90/159]  eta: 0:01:27  lr: 0.000026  min_lr: 0.000026  loss: 0.0000 (0.0000)  weight_decay: 0.0500 (0.0500)  grad_norm: 0.0000 (0.0000)  time: 0.5958  data: 0.0001  max mem: 30401
Epoch: [69]  [100/159]  eta: 0:01:11  lr: 0.000026  min_lr: 0.000026  loss: 0.0000 (0.0000)  weight_decay: 0.0500 (0.0500)  grad_norm: 0.0000 (0.0000)  time: 0.5988  data: 0.0002  max mem: 30401
Epoch: [69]  [110/159]  eta: 0:00:56  lr: 0.000025  min_lr: 0.000025  loss: 0.0000 (0.0000)  weight_decay: 0.0500 (0.0500)  grad_norm: 0.0000 (0.0000)  time: 0.5877  data: 0.0002  max mem: 30401
Epoch: [69]  [120/159]  eta: 0:00:43  lr: 0.000025  min_lr: 0.000025  loss: 0.0000 (0.0000)  weight_decay: 0.0500 (0.0500)  grad_norm: 0.0000 (0.0000)  time: 0.6374  data: 0.0002  max mem: 30401
Epoch: [69]  [130/159]  eta: 0:00:31  lr: 0.000025  min_lr: 0.000025  loss: 0.0000 (0.0000)  weight_decay: 0.0500 (0.0500)  grad_norm: 0.0000 (0.0000)  time: 0.6848  data: 0.0002  max mem: 30401
Epoch: [69]  [140/159]  eta: 0:00:19  lr: 0.000025  min_lr: 0.000025  loss: 0.0000 (0.0000)  weight_decay: 0.0500 (0.0500)  grad_norm: 0.0000 (0.0000)  time: 0.6445  data: 0.0002  max mem: 30401
Epoch: [69]  [150/159]  eta: 0:00:09  lr: 0.000025  min_lr: 0.000025  loss: 0.0000 (0.0000)  weight_decay: 0.0500 (0.0500)  grad_norm: 0.0000 (0.0000)  time: 0.6052  data: 0.0002  max mem: 30401
Epoch: [69]  [158/159]  eta: 0:00:00  lr: 0.000025  min_lr: 0.000025  loss: 0.0000 (0.0000)  weight_decay: 0.0500 (0.0500)  grad_norm: 0.0000 (0.0000)  time: 0.5976  data: 0.0002  max mem: 30401
Epoch: [69] Total time: 0:02:39 (1.0051 s / it)
Averaged stats: lr: 0.000025  min_lr: 0.000025  loss: 0.0000 (0.0000)  weight_decay: 0.0500 (0.0500)  grad_norm: 0.0000 (0.0000)
Epoch: [70]  [  0/159]  eta: 2:23:44  lr: 0.000025  min_lr: 0.000025  loss: 0.0000 (0.0000)  weight_decay: 0.0500 (0.0500)  grad_norm: 0.0000 (0.0000)  time: 54.2439  data: 44.6035  max mem: 30401
Epoch: [70]  [ 10/159]  eta: 0:14:22  lr: 0.000025  min_lr: 0.000025  loss: 0.0000 (0.0000)  weight_decay: 0.0500 (0.0500)  grad_norm: 0.0000 (0.0000)  time: 5.7861  data: 4.0553  max mem: 30401
Epoch: [70]  [ 20/159]  eta: 0:07:58  lr: 0.000025  min_lr: 0.000025  loss: 0.0000 (0.0000)  weight_decay: 0.0500 (0.0500)  grad_norm: 0.0000 (0.0000)  time: 0.8991  data: 0.0004  max mem: 30401
Epoch: [70]  [ 30/159]  eta: 0:05:30  lr: 0.000025  min_lr: 0.000025  loss: 0.0000 (0.0000)  weight_decay: 0.0500 (0.0500)  grad_norm: 0.0000 (0.0000)  time: 0.7866  data: 0.0002  max mem: 30401
Epoch: [70]  [ 40/159]  eta: 0:04:09  lr: 0.000025  min_lr: 0.000025  loss: 0.0000 (0.0000)  weight_decay: 0.0500 (0.0500)  grad_norm: 0.0000 (0.0000)  time: 0.6855  data: 0.0002  max mem: 30401
Epoch: [70]  [ 50/159]  eta: 0:03:16  lr: 0.000025  min_lr: 0.000025  loss: 0.0000 (0.0000)  weight_decay: 0.0500 (0.0500)  grad_norm: 0.0000 (0.0000)  time: 0.6380  data: 0.0002  max mem: 30401
Epoch: [70]  [ 60/159]  eta: 0:02:39  lr: 0.000024  min_lr: 0.000024  loss: 0.0000 (0.0000)  weight_decay: 0.0500 (0.0500)  grad_norm: 0.0000 (0.0000)  time: 0.6120  data: 0.0001  max mem: 30401
Epoch: [70]  [ 70/159]  eta: 0:02:10  lr: 0.000024  min_lr: 0.000024  loss: 0.0000 (0.0000)  weight_decay: 0.0500 (0.0500)  grad_norm: 0.0000 (0.0000)  time: 0.5998  data: 0.0001  max mem: 30401
Epoch: [70]  [ 80/159]  eta: 0:01:48  lr: 0.000024  min_lr: 0.000024  loss: 0.0000 (0.0000)  weight_decay: 0.0500 (0.0500)  grad_norm: 0.0000 (0.0000)  time: 0.6589  data: 0.0002  max mem: 30401
Epoch: [70]  [ 90/159]  eta: 0:01:29  lr: 0.000024  min_lr: 0.000024  loss: 0.0000 (0.0000)  weight_decay: 0.0500 (0.0500)  grad_norm: 0.0000 (0.0000)  time: 0.7199  data: 0.0002  max mem: 30401
Epoch: [70]  [100/159]  eta: 0:01:12  lr: 0.000024  min_lr: 0.000024  loss: 0.0000 (0.0000)  weight_decay: 0.0500 (0.0500)  grad_norm: 0.0000 (0.0000)  time: 0.6703  data: 0.0002  max mem: 30401
Epoch: [70]  [110/159]  eta: 0:00:57  lr: 0.000024  min_lr: 0.000024  loss: 0.0000 (0.0000)  weight_decay: 0.0500 (0.0500)  grad_norm: 0.0000 (0.0000)  time: 0.6254  data: 0.0002  max mem: 30401
Epoch: [70]  [120/159]  eta: 0:00:44  lr: 0.000024  min_lr: 0.000024  loss: 0.0000 (0.0000)  weight_decay: 0.0500 (0.0500)  grad_norm: 0.0000 (0.0000)  time: 0.6177  data: 0.0002  max mem: 30401
Epoch: [70]  [130/159]  eta: 0:00:31  lr: 0.000024  min_lr: 0.000024  loss: 0.0000 (0.0000)  weight_decay: 0.0500 (0.0500)  grad_norm: 0.0000 (0.0000)  time: 0.6006  data: 0.0002  max mem: 30401
Epoch: [70]  [140/159]  eta: 0:00:20  lr: 0.000024  min_lr: 0.000024  loss: 0.0000 (0.0000)  weight_decay: 0.0500 (0.0500)  grad_norm: 0.0000 (0.0000)  time: 0.6405  data: 0.0001  max mem: 30401
Epoch: [70]  [150/159]  eta: 0:00:09  lr: 0.000024  min_lr: 0.000024  loss: 0.0000 (0.0000)  weight_decay: 0.0500 (0.0500)  grad_norm: 0.0000 (0.0000)  time: 0.6633  data: 0.0001  max mem: 30401
Epoch: [70]  [158/159]  eta: 0:00:01  lr: 0.000024  min_lr: 0.000024  loss: 0.0000 (0.0000)  weight_decay: 0.0500 (0.0500)  grad_norm: 0.0000 (0.0000)  time: 0.6567  data: 0.0001  max mem: 30401
Epoch: [70] Total time: 0:02:43 (1.0256 s / it)
Averaged stats: lr: 0.000024  min_lr: 0.000024  loss: 0.0000 (0.0000)  weight_decay: 0.0500 (0.0500)  grad_norm: 0.0000 (0.0000)
[Eval]   [0/2]  eta: 0:00:18  loss: 0.0000 (0.0000)  time: 9.1749  data: 9.0027  max mem: 30401
[Eval]   [1/2]  eta: 0:00:04  loss: 0.0000 (0.0000)  time: 4.6318  data: 4.5015  max mem: 30401
[Eval]  Total time: 0:00:09 (4.8413 s / it)
Eval averaged stats: loss: 0.0000 (0.0000)
Logged 9 eval images
Epoch: [71]  [  0/159]  eta: 1:58:50  lr: 0.000024  min_lr: 0.000024  loss: 0.0000 (0.0000)  weight_decay: 0.0500 (0.0500)  grad_norm: 0.0000 (0.0000)  time: 44.8450  data: 43.9586  max mem: 30401
Epoch: [71]  [ 10/159]  eta: 0:12:03  lr: 0.000023  min_lr: 0.000023  loss: 0.0000 (0.0000)  weight_decay: 0.0500 (0.0500)  grad_norm: 0.0000 (0.0000)  time: 4.8539  data: 4.0025  max mem: 30401
Epoch: [71]  [ 20/159]  eta: 0:06:40  lr: 0.000023  min_lr: 0.000023  loss: 0.0000 (0.0000)  weight_decay: 0.0500 (0.0500)  grad_norm: 0.0000 (0.0000)  time: 0.7821  data: 0.0036  max mem: 30401
Epoch: [71]  [ 30/159]  eta: 0:04:40  lr: 0.000023  min_lr: 0.000023  loss: 0.0000 (0.0000)  weight_decay: 0.0500 (0.0500)  grad_norm: 0.0000 (0.0000)  time: 0.6989  data: 0.0003  max mem: 30401
Epoch: [71]  [ 40/159]  eta: 0:03:37  lr: 0.000023  min_lr: 0.000023  loss: 0.0000 (0.0000)  weight_decay: 0.0500 (0.0500)  grad_norm: 0.0000 (0.0000)  time: 0.7214  data: 0.0002  max mem: 30401
Epoch: [71]  [ 50/159]  eta: 0:02:54  lr: 0.000023  min_lr: 0.000023  loss: 0.0000 (0.0000)  weight_decay: 0.0500 (0.0500)  grad_norm: 0.0000 (0.0000)  time: 0.7226  data: 0.0002  max mem: 30401
Epoch: [71]  [ 60/159]  eta: 0:02:23  lr: 0.000023  min_lr: 0.000023  loss: 0.0000 (0.0000)  weight_decay: 0.0500 (0.0500)  grad_norm: 0.0000 (0.0000)  time: 0.6629  data: 0.0002  max mem: 30401
Epoch: [71]  [ 70/159]  eta: 0:01:58  lr: 0.000023  min_lr: 0.000023  loss: 0.0000 (0.0000)  weight_decay: 0.0500 (0.0500)  grad_norm: 0.0000 (0.0000)  time: 0.6228  data: 0.0002  max mem: 30401
Epoch: [71]  [ 80/159]  eta: 0:01:37  lr: 0.000023  min_lr: 0.000023  loss: 0.0000 (0.0000)  weight_decay: 0.0500 (0.0500)  grad_norm: 0.0000 (0.0000)  time: 0.6069  data: 0.0002  max mem: 30401
Epoch: [71]  [ 90/159]  eta: 0:01:20  lr: 0.000023  min_lr: 0.000023  loss: 0.0000 (0.0000)  weight_decay: 0.0500 (0.0500)  grad_norm: 0.0000 (0.0000)  time: 0.6008  data: 0.0002  max mem: 30401
Epoch: [71]  [100/159]  eta: 0:01:06  lr: 0.000023  min_lr: 0.000023  loss: 0.0000 (0.0000)  weight_decay: 0.0500 (0.0500)  grad_norm: 0.0000 (0.0000)  time: 0.6560  data: 0.0002  max mem: 30401
Epoch: [71]  [110/159]  eta: 0:00:53  lr: 0.000022  min_lr: 0.000022  loss: 0.0000 (0.0000)  weight_decay: 0.0500 (0.0500)  grad_norm: 0.0000 (0.0000)  time: 0.7087  data: 0.0002  max mem: 30401
Epoch: [71]  [120/159]  eta: 0:00:41  lr: 0.000022  min_lr: 0.000022  loss: 0.0000 (0.0000)  weight_decay: 0.0500 (0.0500)  grad_norm: 0.0000 (0.0000)  time: 0.6923  data: 0.0002  max mem: 30401
Epoch: [71]  [130/159]  eta: 0:00:29  lr: 0.000022  min_lr: 0.000022  loss: 0.0000 (0.0000)  weight_decay: 0.0500 (0.0500)  grad_norm: 0.0000 (0.0000)  time: 0.6825  data: 0.0005  max mem: 30401
Epoch: [71]  [140/159]  eta: 0:00:18  lr: 0.000022  min_lr: 0.000022  loss: 0.0000 (0.0000)  weight_decay: 0.0500 (0.0500)  grad_norm: 0.0000 (0.0000)  time: 0.6733  data: 0.0006  max mem: 30401
Epoch: [71]  [150/159]  eta: 0:00:08  lr: 0.000022  min_lr: 0.000022  loss: 0.0000 (0.0000)  weight_decay: 0.0500 (0.0500)  grad_norm: 0.0000 (0.0000)  time: 0.6656  data: 0.0002  max mem: 30401
Epoch: [71]  [158/159]  eta: 0:00:00  lr: 0.000022  min_lr: 0.000022  loss: 0.0000 (0.0000)  weight_decay: 0.0500 (0.0500)  grad_norm: 0.0000 (0.0000)  time: 0.6809  data: 0.0002  max mem: 30401
Epoch: [71] Total time: 0:02:34 (0.9715 s / it)
Averaged stats: lr: 0.000022  min_lr: 0.000022  loss: 0.0000 (0.0000)  weight_decay: 0.0500 (0.0500)  grad_norm: 0.0000 (0.0000)
Epoch: [72]  [  0/159]  eta: 2:26:58  lr: 0.000022  min_lr: 0.000022  loss: 0.0000 (0.0000)  weight_decay: 0.0500 (0.0500)  grad_norm: 0.0000 (0.0000)  time: 55.4652  data: 45.6093  max mem: 30401
Epoch: [72]  [ 10/159]  eta: 0:14:41  lr: 0.000022  min_lr: 0.000022  loss: 0.0000 (0.0000)  weight_decay: 0.0500 (0.0500)  grad_norm: 0.0000 (0.0000)  time: 5.9131  data: 4.1469  max mem: 30401
Epoch: [72]  [ 20/159]  eta: 0:07:55  lr: 0.000022  min_lr: 0.000022  loss: 0.0000 (0.0000)  weight_decay: 0.0500 (0.0500)  grad_norm: 0.0000 (0.0000)  time: 0.8160  data: 0.0005  max mem: 30401
Epoch: [72]  [ 30/159]  eta: 0:05:23  lr: 0.000022  min_lr: 0.000022  loss: 0.0000 (0.0000)  weight_decay: 0.0500 (0.0500)  grad_norm: 0.0000 (0.0000)  time: 0.6363  data: 0.0002  max mem: 30401
Epoch: [72]  [ 40/159]  eta: 0:04:03  lr: 0.000022  min_lr: 0.000022  loss: 0.0000 (0.0000)  weight_decay: 0.0500 (0.0500)  grad_norm: 0.0000 (0.0000)  time: 0.5994  data: 0.0002  max mem: 30401
Epoch: [72]  [ 50/159]  eta: 0:03:12  lr: 0.000022  min_lr: 0.000022  loss: 0.0000 (0.0000)  weight_decay: 0.0500 (0.0500)  grad_norm: 0.0000 (0.0000)  time: 0.6036  data: 0.0002  max mem: 30401
Epoch: [72]  [ 60/159]  eta: 0:02:35  lr: 0.000021  min_lr: 0.000021  loss: 0.0000 (0.0000)  weight_decay: 0.0500 (0.0500)  grad_norm: 0.0000 (0.0000)  time: 0.5970  data: 0.0002  max mem: 30401
Epoch: [72]  [ 70/159]  eta: 0:02:08  lr: 0.000021  min_lr: 0.000021  loss: 0.0000 (0.0000)  weight_decay: 0.0500 (0.0500)  grad_norm: 0.0000 (0.0000)  time: 0.6257  data: 0.0001  max mem: 30401
Epoch: [72]  [ 80/159]  eta: 0:01:47  lr: 0.000021  min_lr: 0.000021  loss: 0.0000 (0.0000)  weight_decay: 0.0500 (0.0500)  grad_norm: 0.0000 (0.0000)  time: 0.7044  data: 0.0001  max mem: 30401
Epoch: [72]  [ 90/159]  eta: 0:01:29  lr: 0.000021  min_lr: 0.000021  loss: 0.0000 (0.0000)  weight_decay: 0.0500 (0.0500)  grad_norm: 0.0000 (0.0000)  time: 0.7630  data: 0.0001  max mem: 30401
Epoch: [72]  [100/159]  eta: 0:01:13  lr: 0.000021  min_lr: 0.000021  loss: 0.0000 (0.0000)  weight_decay: 0.0500 (0.0500)  grad_norm: 0.0000 (0.0000)  time: 0.7697  data: 0.0002  max mem: 30401
Epoch: [72]  [110/159]  eta: 0:00:58  lr: 0.000021  min_lr: 0.000021  loss: 0.0000 (0.0000)  weight_decay: 0.0500 (0.0500)  grad_norm: 0.0000 (0.0000)  time: 0.7729  data: 0.0003  max mem: 30401
Epoch: [72]  [120/159]  eta: 0:00:44  lr: 0.000021  min_lr: 0.000021  loss: 0.0000 (0.0000)  weight_decay: 0.0500 (0.0500)  grad_norm: 0.0000 (0.0000)  time: 0.7106  data: 0.0003  max mem: 30401
Epoch: [72]  [130/159]  eta: 0:00:32  lr: 0.000021  min_lr: 0.000021  loss: 0.0000 (0.0000)  weight_decay: 0.0500 (0.0500)  grad_norm: 0.0000 (0.0000)  time: 0.6147  data: 0.0002  max mem: 30401
Epoch: [72]  [140/159]  eta: 0:00:20  lr: 0.000021  min_lr: 0.000021  loss: 0.0000 (0.0000)  weight_decay: 0.0500 (0.0500)  grad_norm: 0.0000 (0.0000)  time: 0.5909  data: 0.0002  max mem: 30401
Epoch: [72]  [150/159]  eta: 0:00:09  lr: 0.000021  min_lr: 0.000021  loss: 0.0000 (0.0000)  weight_decay: 0.0500 (0.0500)  grad_norm: 0.0000 (0.0000)  time: 0.5838  data: 0.0002  max mem: 30401
Epoch: [72]  [158/159]  eta: 0:00:01  lr: 0.000021  min_lr: 0.000021  loss: 0.0000 (0.0000)  weight_decay: 0.0500 (0.0500)  grad_norm: 0.0000 (0.0000)  time: 0.5826  data: 0.0002  max mem: 30401
Epoch: [72] Total time: 0:02:43 (1.0263 s / it)
Averaged stats: lr: 0.000021  min_lr: 0.000021  loss: 0.0000 (0.0000)  weight_decay: 0.0500 (0.0500)  grad_norm: 0.0000 (0.0000)
Epoch: [73]  [  0/159]  eta: 2:35:06  lr: 0.000021  min_lr: 0.000021  loss: 0.0000 (0.0000)  weight_decay: 0.0500 (0.0500)  grad_norm: 0.0000 (0.0000)  time: 58.5325  data: 38.7103  max mem: 30401
Epoch: [73]  [ 10/159]  eta: 0:15:28  lr: 0.000021  min_lr: 0.000021  loss: 0.0000 (0.0000)  weight_decay: 0.0500 (0.0500)  grad_norm: 0.0000 (0.0000)  time: 6.2305  data: 3.5196  max mem: 30401
Epoch: [73]  [ 20/159]  eta: 0:08:13  lr: 0.000020  min_lr: 0.000020  loss: 0.0000 (0.0000)  weight_decay: 0.0500 (0.0500)  grad_norm: 0.0000 (0.0000)  time: 0.8035  data: 0.0003  max mem: 30401
Epoch: [73]  [ 30/159]  eta: 0:05:35  lr: 0.000020  min_lr: 0.000020  loss: 0.0000 (0.0000)  weight_decay: 0.0500 (0.0500)  grad_norm: 0.0000 (0.0000)  time: 0.6079  data: 0.0002  max mem: 30401
Epoch: [73]  [ 40/159]  eta: 0:04:13  lr: 0.000020  min_lr: 0.000020  loss: 0.0000 (0.0000)  weight_decay: 0.0500 (0.0500)  grad_norm: 0.0000 (0.0000)  time: 0.6367  data: 0.0002  max mem: 30401
Epoch: [73]  [ 50/159]  eta: 0:03:22  lr: 0.000020  min_lr: 0.000020  loss: 0.0000 (0.0000)  weight_decay: 0.0500 (0.0500)  grad_norm: 0.0000 (0.0000)  time: 0.6985  data: 0.0002  max mem: 30401
Epoch: [73]  [ 60/159]  eta: 0:02:45  lr: 0.000020  min_lr: 0.000020  loss: 0.0000 (0.0000)  weight_decay: 0.0500 (0.0500)  grad_norm: 0.0000 (0.0000)  time: 0.7366  data: 0.0002  max mem: 30401
Epoch: [73]  [ 70/159]  eta: 0:02:16  lr: 0.000020  min_lr: 0.000020  loss: 0.0000 (0.0000)  weight_decay: 0.0500 (0.0500)  grad_norm: 0.0000 (0.0000)  time: 0.7285  data: 0.0002  max mem: 30401
Epoch: [73]  [ 80/159]  eta: 0:01:53  lr: 0.000020  min_lr: 0.000020  loss: 0.0000 (0.0000)  weight_decay: 0.0500 (0.0500)  grad_norm: 0.0000 (0.0000)  time: 0.7139  data: 0.0002  max mem: 30401
Epoch: [73]  [ 90/159]  eta: 0:01:33  lr: 0.000020  min_lr: 0.000020  loss: 0.0000 (0.0000)  weight_decay: 0.0500 (0.0500)  grad_norm: 0.0000 (0.0000)  time: 0.7174  data: 0.0002  max mem: 30401
Epoch: [73]  [100/159]  eta: 0:01:16  lr: 0.000020  min_lr: 0.000020  loss: 0.0000 (0.0000)  weight_decay: 0.0500 (0.0500)  grad_norm: 0.0000 (0.0000)  time: 0.7374  data: 0.0002  max mem: 30401
Epoch: [73]  [110/159]  eta: 0:01:00  lr: 0.000020  min_lr: 0.000020  loss: 0.0000 (0.0000)  weight_decay: 0.0500 (0.0500)  grad_norm: 0.0000 (0.0000)  time: 0.7151  data: 0.0002  max mem: 30401
Epoch: [73]  [120/159]  eta: 0:00:46  lr: 0.000020  min_lr: 0.000020  loss: 0.0000 (0.0000)  weight_decay: 0.0500 (0.0500)  grad_norm: 0.0000 (0.0000)  time: 0.6928  data: 0.0002  max mem: 30401
Epoch: [73]  [130/159]  eta: 0:00:33  lr: 0.000019  min_lr: 0.000019  loss: 0.0000 (0.0000)  weight_decay: 0.0500 (0.0500)  grad_norm: 0.0000 (0.0000)  time: 0.7045  data: 0.0002  max mem: 30401
Epoch: [73]  [140/159]  eta: 0:00:21  lr: 0.000019  min_lr: 0.000019  loss: 0.0000 (0.0000)  weight_decay: 0.0500 (0.0500)  grad_norm: 0.0000 (0.0000)  time: 0.6979  data: 0.0002  max mem: 30401
Epoch: [73]  [150/159]  eta: 0:00:09  lr: 0.000019  min_lr: 0.000019  loss: 0.0000 (0.0000)  weight_decay: 0.0500 (0.0500)  grad_norm: 0.0000 (0.0000)  time: 0.6800  data: 0.0001  max mem: 30401
Epoch: [73]  [158/159]  eta: 0:00:01  lr: 0.000019  min_lr: 0.000019  loss: 0.0000 (0.0000)  weight_decay: 0.0500 (0.0500)  grad_norm: 0.0000 (0.0000)  time: 0.6541  data: 0.0001  max mem: 30401
Epoch: [73] Total time: 0:02:52 (1.0827 s / it)
Averaged stats: lr: 0.000019  min_lr: 0.000019  loss: 0.0000 (0.0000)  weight_decay: 0.0500 (0.0500)  grad_norm: 0.0000 (0.0000)
Epoch: [74]  [  0/159]  eta: 2:28:58  lr: 0.000019  min_lr: 0.000019  loss: 0.0000 (0.0000)  weight_decay: 0.0500 (0.0500)  grad_norm: 0.0000 (0.0000)  time: 56.2171  data: 46.6917  max mem: 30401
Epoch: [74]  [ 10/159]  eta: 0:14:48  lr: 0.000019  min_lr: 0.000019  loss: 0.0000 (0.0000)  weight_decay: 0.0500 (0.0500)  grad_norm: 0.0000 (0.0000)  time: 5.9626  data: 4.2451  max mem: 30401
Epoch: [74]  [ 20/159]  eta: 0:07:59  lr: 0.000019  min_lr: 0.000019  loss: 0.0000 (0.0000)  weight_decay: 0.0500 (0.0500)  grad_norm: 0.0000 (0.0000)  time: 0.8100  data: 0.0003  max mem: 30401
Epoch: [74]  [ 30/159]  eta: 0:05:25  lr: 0.000019  min_lr: 0.000019  loss: 0.0000 (0.0000)  weight_decay: 0.0500 (0.0500)  grad_norm: 0.0000 (0.0000)  time: 0.6375  data: 0.0003  max mem: 30401
Epoch: [74]  [ 40/159]  eta: 0:04:04  lr: 0.000019  min_lr: 0.000019  loss: 0.0000 (0.0000)  weight_decay: 0.0500 (0.0500)  grad_norm: 0.0000 (0.0000)  time: 0.5965  data: 0.0002  max mem: 30401
Epoch: [74]  [ 50/159]  eta: 0:03:13  lr: 0.000019  min_lr: 0.000019  loss: 0.0000 (0.0000)  weight_decay: 0.0500 (0.0500)  grad_norm: 0.0000 (0.0000)  time: 0.5993  data: 0.0002  max mem: 30401
Epoch: [74]  [ 60/159]  eta: 0:02:36  lr: 0.000019  min_lr: 0.000019  loss: 0.0000 (0.0000)  weight_decay: 0.0500 (0.0500)  grad_norm: 0.0000 (0.0000)  time: 0.6067  data: 0.0002  max mem: 30401
Epoch: [74]  [ 70/159]  eta: 0:02:08  lr: 0.000019  min_lr: 0.000019  loss: 0.0000 (0.0000)  weight_decay: 0.0500 (0.0500)  grad_norm: 0.0000 (0.0000)  time: 0.6052  data: 0.0002  max mem: 30401
Epoch: [74]  [ 80/159]  eta: 0:01:45  lr: 0.000019  min_lr: 0.000019  loss: 0.0000 (0.0000)  weight_decay: 0.0500 (0.0500)  grad_norm: 0.0000 (0.0000)  time: 0.5887  data: 0.0002  max mem: 30401
Epoch: [74]  [ 90/159]  eta: 0:01:26  lr: 0.000018  min_lr: 0.000018  loss: 0.0000 (0.0000)  weight_decay: 0.0500 (0.0500)  grad_norm: 0.0000 (0.0000)  time: 0.5829  data: 0.0002  max mem: 30401
Epoch: [74]  [100/159]  eta: 0:01:10  lr: 0.000018  min_lr: 0.000018  loss: 0.0000 (0.0000)  weight_decay: 0.0500 (0.0500)  grad_norm: 0.0000 (0.0000)  time: 0.5823  data: 0.0002  max mem: 30401
Epoch: [74]  [110/159]  eta: 0:00:55  lr: 0.000018  min_lr: 0.000018  loss: 0.0000 (0.0000)  weight_decay: 0.0500 (0.0500)  grad_norm: 0.0000 (0.0000)  time: 0.5833  data: 0.0002  max mem: 30401
Epoch: [74]  [120/159]  eta: 0:00:42  lr: 0.000018  min_lr: 0.000018  loss: 0.0000 (0.0000)  weight_decay: 0.0500 (0.0500)  grad_norm: 0.0000 (0.0000)  time: 0.5841  data: 0.0002  max mem: 30401
Epoch: [74]  [130/159]  eta: 0:00:30  lr: 0.000018  min_lr: 0.000018  loss: 0.0000 (0.0000)  weight_decay: 0.0500 (0.0500)  grad_norm: 0.0000 (0.0000)  time: 0.5819  data: 0.0002  max mem: 30401
Epoch: [74]  [140/159]  eta: 0:00:19  lr: 0.000018  min_lr: 0.000018  loss: 0.0000 (0.0000)  weight_decay: 0.0500 (0.0500)  grad_norm: 0.0000 (0.0000)  time: 0.5802  data: 0.0002  max mem: 30401
Epoch: [74]  [150/159]  eta: 0:00:08  lr: 0.000018  min_lr: 0.000018  loss: 0.0000 (0.0000)  weight_decay: 0.0500 (0.0500)  grad_norm: 0.0000 (0.0000)  time: 0.6336  data: 0.0002  max mem: 30401
Epoch: [74]  [158/159]  eta: 0:00:00  lr: 0.000018  min_lr: 0.000018  loss: 0.0000 (0.0000)  weight_decay: 0.0500 (0.0500)  grad_norm: 0.0000 (0.0000)  time: 0.6963  data: 0.0002  max mem: 30401
Epoch: [74] Total time: 0:02:37 (0.9900 s / it)
Averaged stats: lr: 0.000018  min_lr: 0.000018  loss: 0.0000 (0.0000)  weight_decay: 0.0500 (0.0500)  grad_norm: 0.0000 (0.0000)
Epoch: [75]  [  0/159]  eta: 2:17:15  lr: 0.000018  min_lr: 0.000018  loss: 0.0000 (0.0000)  weight_decay: 0.0500 (0.0500)  grad_norm: 0.0000 (0.0000)  time: 51.7942  data: 46.7513  max mem: 30401
Epoch: [75]  [ 10/159]  eta: 0:14:35  lr: 0.000018  min_lr: 0.000018  loss: 0.0000 (0.0000)  weight_decay: 0.0500 (0.0500)  grad_norm: 0.0000 (0.0000)  time: 5.8788  data: 4.3736  max mem: 30401
Epoch: [75]  [ 20/159]  eta: 0:07:57  lr: 0.000018  min_lr: 0.000018  loss: 0.0000 (0.0000)  weight_decay: 0.0500 (0.0500)  grad_norm: 0.0000 (0.0000)  time: 1.0207  data: 0.0681  max mem: 30401
Epoch: [75]  [ 30/159]  eta: 0:05:28  lr: 0.000018  min_lr: 0.000018  loss: 0.0000 (0.0000)  weight_decay: 0.0500 (0.0500)  grad_norm: 0.0000 (0.0000)  time: 0.7133  data: 0.0003  max mem: 30401
Epoch: [75]  [ 40/159]  eta: 0:04:08  lr: 0.000018  min_lr: 0.000018  loss: 0.0000 (0.0000)  weight_decay: 0.0500 (0.0500)  grad_norm: 0.0000 (0.0000)  time: 0.6723  data: 0.0002  max mem: 30401
Epoch: [75]  [ 50/159]  eta: 0:03:17  lr: 0.000017  min_lr: 0.000017  loss: 0.0000 (0.0000)  weight_decay: 0.0500 (0.0500)  grad_norm: 0.0000 (0.0000)  time: 0.6708  data: 0.0002  max mem: 30401
Epoch: [75]  [ 60/159]  eta: 0:02:40  lr: 0.000017  min_lr: 0.000017  loss: 0.0000 (0.0000)  weight_decay: 0.0500 (0.0500)  grad_norm: 0.0000 (0.0000)  time: 0.6680  data: 0.0002  max mem: 30401
Epoch: [75]  [ 70/159]  eta: 0:02:12  lr: 0.000017  min_lr: 0.000017  loss: 0.0000 (0.0000)  weight_decay: 0.0500 (0.0500)  grad_norm: 0.0000 (0.0000)  time: 0.6598  data: 0.0001  max mem: 30401
Epoch: [75]  [ 80/159]  eta: 0:01:49  lr: 0.000017  min_lr: 0.000017  loss: 0.0000 (0.0000)  weight_decay: 0.0500 (0.0500)  grad_norm: 0.0000 (0.0000)  time: 0.6510  data: 0.0001  max mem: 30401
Epoch: [75]  [ 90/159]  eta: 0:01:29  lr: 0.000017  min_lr: 0.000017  loss: 0.0000 (0.0000)  weight_decay: 0.0500 (0.0500)  grad_norm: 0.0000 (0.0000)  time: 0.6484  data: 0.0001  max mem: 30401
Epoch: [75]  [100/159]  eta: 0:01:13  lr: 0.000017  min_lr: 0.000017  loss: 0.0000 (0.0000)  weight_decay: 0.0500 (0.0500)  grad_norm: 0.0000 (0.0000)  time: 0.6548  data: 0.0001  max mem: 30401
Epoch: [75]  [110/159]  eta: 0:00:58  lr: 0.000017  min_lr: 0.000017  loss: 0.0000 (0.0000)  weight_decay: 0.0500 (0.0500)  grad_norm: 0.0000 (0.0000)  time: 0.7103  data: 0.0002  max mem: 30401
Epoch: [75]  [120/159]  eta: 0:00:45  lr: 0.000017  min_lr: 0.000017  loss: 0.0000 (0.0000)  weight_decay: 0.0500 (0.0500)  grad_norm: 0.0000 (0.0000)  time: 0.7586  data: 0.0002  max mem: 30401
Epoch: [75]  [130/159]  eta: 0:00:32  lr: 0.000017  min_lr: 0.000017  loss: 0.0000 (0.0000)  weight_decay: 0.0500 (0.0500)  grad_norm: 0.0000 (0.0000)  time: 0.7650  data: 0.0002  max mem: 30401
Epoch: [75]  [140/159]  eta: 0:00:20  lr: 0.000017  min_lr: 0.000017  loss: 0.0000 (0.0000)  weight_decay: 0.0500 (0.0500)  grad_norm: 0.0000 (0.0000)  time: 0.7257  data: 0.0002  max mem: 30401
Epoch: [75]  [150/159]  eta: 0:00:09  lr: 0.000017  min_lr: 0.000017  loss: 0.0000 (0.0000)  weight_decay: 0.0500 (0.0500)  grad_norm: 0.0000 (0.0000)  time: 0.7085  data: 0.0002  max mem: 30401
Epoch: [75]  [158/159]  eta: 0:00:01  lr: 0.000017  min_lr: 0.000017  loss: 0.0000 (0.0000)  weight_decay: 0.0500 (0.0500)  grad_norm: 0.0000 (0.0000)  time: 0.7156  data: 0.0002  max mem: 30401
Epoch: [75] Total time: 0:02:49 (1.0647 s / it)
Averaged stats: lr: 0.000017  min_lr: 0.000017  loss: 0.0000 (0.0000)  weight_decay: 0.0500 (0.0500)  grad_norm: 0.0000 (0.0000)
[Eval] Image Metrics:  [0/2]  eta: 0:00:16    time: 8.2100  data: 7.2935  max mem: 30401
[Eval] Image Metrics:  [1/2]  eta: 0:00:04    time: 4.1549  data: 3.6468  max mem: 30401
[Eval] Image Metrics: Total time: 0:00:09 (4.6927 s / it)
[Eval] Metric Results: [Eval] MSE: 0.0000 (0.0000)  [Eval] MAE: 0.0000 (0.0000)  [Eval] PSNR: 47.0050 (47.0050)  [Eval] MS-SSIM: 0.9991 (0.9991)
Epoch: [76]  [  0/159]  eta: 2:15:44  lr: 0.000017  min_lr: 0.000017  loss: 0.0000 (0.0000)  weight_decay: 0.0500 (0.0500)  grad_norm: 0.0000 (0.0000)  time: 51.2208  data: 47.5599  max mem: 30401
Epoch: [76]  [ 10/159]  eta: 0:14:22  lr: 0.000016  min_lr: 0.000016  loss: 0.0000 (0.0000)  weight_decay: 0.0500 (0.0500)  grad_norm: 0.0000 (0.0000)  time: 5.7886  data: 4.5324  max mem: 30401
Epoch: [76]  [ 20/159]  eta: 0:07:53  lr: 0.000016  min_lr: 0.000016  loss: 0.0000 (0.0000)  weight_decay: 0.0500 (0.0500)  grad_norm: 0.0000 (0.0000)  time: 1.0131  data: 0.1150  max mem: 30401
Epoch: [76]  [ 30/159]  eta: 0:05:29  lr: 0.000016  min_lr: 0.000016  loss: 0.0000 (0.0000)  weight_decay: 0.0500 (0.0500)  grad_norm: 0.0000 (0.0000)  time: 0.7773  data: 0.0003  max mem: 30401
Epoch: [76]  [ 40/159]  eta: 0:04:12  lr: 0.000016  min_lr: 0.000016  loss: 0.0000 (0.0000)  weight_decay: 0.0500 (0.0500)  grad_norm: 0.0000 (0.0000)  time: 0.7704  data: 0.0003  max mem: 30401
Epoch: [76]  [ 50/159]  eta: 0:03:21  lr: 0.000016  min_lr: 0.000016  loss: 0.0000 (0.0000)  weight_decay: 0.0500 (0.0500)  grad_norm: 0.0000 (0.0000)  time: 0.7481  data: 0.0003  max mem: 30401
Epoch: [76]  [ 60/159]  eta: 0:02:43  lr: 0.000016  min_lr: 0.000016  loss: 0.0000 (0.0000)  weight_decay: 0.0500 (0.0500)  grad_norm: 0.0000 (0.0000)  time: 0.7061  data: 0.0003  max mem: 30401
Epoch: [76]  [ 70/159]  eta: 0:02:15  lr: 0.000016  min_lr: 0.000016  loss: 0.0000 (0.0000)  weight_decay: 0.0500 (0.0500)  grad_norm: 0.0000 (0.0000)  time: 0.6851  data: 0.0002  max mem: 30401
Epoch: [76]  [ 80/159]  eta: 0:01:52  lr: 0.000016  min_lr: 0.000016  loss: 0.0000 (0.0000)  weight_decay: 0.0500 (0.0500)  grad_norm: 0.0000 (0.0000)  time: 0.7134  data: 0.0003  max mem: 30401
Epoch: [76]  [ 90/159]  eta: 0:01:32  lr: 0.000016  min_lr: 0.000016  loss: 0.0000 (0.0000)  weight_decay: 0.0500 (0.0500)  grad_norm: 0.0000 (0.0000)  time: 0.7341  data: 0.0003  max mem: 30401
Epoch: [76]  [100/159]  eta: 0:01:15  lr: 0.000016  min_lr: 0.000016  loss: 0.0000 (0.0000)  weight_decay: 0.0500 (0.0500)  grad_norm: 0.0000 (0.0000)  time: 0.7325  data: 0.0003  max mem: 30401
Epoch: [76]  [110/159]  eta: 0:01:00  lr: 0.000016  min_lr: 0.000016  loss: 0.0000 (0.0000)  weight_decay: 0.0500 (0.0500)  grad_norm: 0.0000 (0.0000)  time: 0.7018  data: 0.0002  max mem: 30401
Epoch: [76]  [120/159]  eta: 0:00:46  lr: 0.000016  min_lr: 0.000016  loss: 0.0000 (0.0000)  weight_decay: 0.0500 (0.0500)  grad_norm: 0.0000 (0.0000)  time: 0.6414  data: 0.0002  max mem: 30401
Epoch: [76]  [130/159]  eta: 0:00:32  lr: 0.000015  min_lr: 0.000015  loss: 0.0000 (0.0000)  weight_decay: 0.0500 (0.0500)  grad_norm: 0.0000 (0.0000)  time: 0.6102  data: 0.0002  max mem: 30401
Epoch: [76]  [140/159]  eta: 0:00:20  lr: 0.000015  min_lr: 0.000015  loss: 0.0000 (0.0000)  weight_decay: 0.0500 (0.0500)  grad_norm: 0.0000 (0.0000)  time: 0.6123  data: 0.0002  max mem: 30401
Epoch: [76]  [150/159]  eta: 0:00:09  lr: 0.000015  min_lr: 0.000015  loss: 0.0000 (0.0000)  weight_decay: 0.0500 (0.0500)  grad_norm: 0.0000 (0.0000)  time: 0.6748  data: 0.0002  max mem: 30401
Epoch: [76]  [158/159]  eta: 0:00:01  lr: 0.000015  min_lr: 0.000015  loss: 0.0000 (0.0000)  weight_decay: 0.0500 (0.0500)  grad_norm: 0.0000 (0.0000)  time: 0.7325  data: 0.0001  max mem: 30401
Epoch: [76] Total time: 0:02:49 (1.0679 s / it)
Averaged stats: lr: 0.000015  min_lr: 0.000015  loss: 0.0000 (0.0000)  weight_decay: 0.0500 (0.0500)  grad_norm: 0.0000 (0.0000)
Epoch: [77]  [  0/159]  eta: 4:11:53  lr: 0.000015  min_lr: 0.000015  loss: 0.0000 (0.0000)  weight_decay: 0.0500 (0.0500)  grad_norm: 0.0000 (0.0000)  time: 95.0513  data: 69.0838  max mem: 30401
Epoch: [77]  [ 10/159]  eta: 0:24:25  lr: 0.000015  min_lr: 0.000015  loss: 0.0000 (0.0000)  weight_decay: 0.0500 (0.0500)  grad_norm: 0.0000 (0.0000)  time: 9.8345  data: 6.2806  max mem: 30401
Epoch: [77]  [ 20/159]  eta: 0:12:40  lr: 0.000015  min_lr: 0.000015  loss: 0.0000 (0.0000)  weight_decay: 0.0500 (0.0500)  grad_norm: 0.0000 (0.0000)  time: 0.9943  data: 0.0002  max mem: 30401
Epoch: [77]  [ 30/159]  eta: 0:08:24  lr: 0.000015  min_lr: 0.000015  loss: 0.0000 (0.0000)  weight_decay: 0.0500 (0.0500)  grad_norm: 0.0000 (0.0000)  time: 0.6563  data: 0.0002  max mem: 30401
Epoch: [77]  [ 40/159]  eta: 0:06:09  lr: 0.000015  min_lr: 0.000015  loss: 0.0000 (0.0000)  weight_decay: 0.0500 (0.0500)  grad_norm: 0.0000 (0.0000)  time: 0.6161  data: 0.0002  max mem: 30401
Epoch: [77]  [ 50/159]  eta: 0:04:44  lr: 0.000015  min_lr: 0.000015  loss: 0.0000 (0.0000)  weight_decay: 0.0500 (0.0500)  grad_norm: 0.0000 (0.0000)  time: 0.5957  data: 0.0002  max mem: 30401
Epoch: [77]  [ 60/159]  eta: 0:03:45  lr: 0.000015  min_lr: 0.000015  loss: 0.0000 (0.0000)  weight_decay: 0.0500 (0.0500)  grad_norm: 0.0000 (0.0000)  time: 0.5889  data: 0.0002  max mem: 30401
Epoch: [77]  [ 70/159]  eta: 0:03:01  lr: 0.000015  min_lr: 0.000015  loss: 0.0000 (0.0000)  weight_decay: 0.0500 (0.0500)  grad_norm: 0.0000 (0.0000)  time: 0.5823  data: 0.0002  max mem: 30401
Epoch: [77]  [ 80/159]  eta: 0:02:26  lr: 0.000015  min_lr: 0.000015  loss: 0.0000 (0.0000)  weight_decay: 0.0500 (0.0500)  grad_norm: 0.0000 (0.0000)  time: 0.5814  data: 0.0001  max mem: 30401
Epoch: [77]  [ 90/159]  eta: 0:01:58  lr: 0.000015  min_lr: 0.000015  loss: 0.0000 (0.0000)  weight_decay: 0.0500 (0.0500)  grad_norm: 0.0000 (0.0000)  time: 0.5803  data: 0.0001  max mem: 30401
Epoch: [77]  [100/159]  eta: 0:01:34  lr: 0.000014  min_lr: 0.000014  loss: 0.0000 (0.0000)  weight_decay: 0.0500 (0.0500)  grad_norm: 0.0000 (0.0000)  time: 0.5800  data: 0.0001  max mem: 30401
Epoch: [77]  [110/159]  eta: 0:01:14  lr: 0.000014  min_lr: 0.000014  loss: 0.0000 (0.0000)  weight_decay: 0.0500 (0.0500)  grad_norm: 0.0000 (0.0000)  time: 0.5793  data: 0.0001  max mem: 30401
Epoch: [77]  [120/159]  eta: 0:00:56  lr: 0.000014  min_lr: 0.000014  loss: 0.0000 (0.0000)  weight_decay: 0.0500 (0.0500)  grad_norm: 0.0000 (0.0000)  time: 0.5799  data: 0.0002  max mem: 30401
Epoch: [77]  [130/159]  eta: 0:00:39  lr: 0.000014  min_lr: 0.000014  loss: 0.0000 (0.0000)  weight_decay: 0.0500 (0.0500)  grad_norm: 0.0000 (0.0000)  time: 0.5823  data: 0.0002  max mem: 30401
Epoch: [77]  [140/159]  eta: 0:00:24  lr: 0.000014  min_lr: 0.000014  loss: 0.0000 (0.0000)  weight_decay: 0.0500 (0.0500)  grad_norm: 0.0000 (0.0000)  time: 0.5823  data: 0.0002  max mem: 30401
Epoch: [77]  [150/159]  eta: 0:00:11  lr: 0.000014  min_lr: 0.000014  loss: 0.0000 (0.0000)  weight_decay: 0.0500 (0.0500)  grad_norm: 0.0000 (0.0000)  time: 0.5804  data: 0.0002  max mem: 30401
Epoch: [77]  [158/159]  eta: 0:00:01  lr: 0.000014  min_lr: 0.000014  loss: 0.0000 (0.0000)  weight_decay: 0.0500 (0.0500)  grad_norm: 0.0000 (0.0000)  time: 0.5800  data: 0.0002  max mem: 30401
Epoch: [77] Total time: 0:03:17 (1.2416 s / it)
Averaged stats: lr: 0.000014  min_lr: 0.000014  loss: 0.0000 (0.0000)  weight_decay: 0.0500 (0.0500)  grad_norm: 0.0000 (0.0000)
Epoch: [78]  [  0/159]  eta: 3:01:31  lr: 0.000014  min_lr: 0.000014  loss: 0.0000 (0.0000)  weight_decay: 0.0500 (0.0500)  grad_norm: 0.0000 (0.0000)  time: 68.5014  data: 67.4570  max mem: 30401
Epoch: [78]  [ 10/159]  eta: 0:17:34  lr: 0.000014  min_lr: 0.000014  loss: 0.0000 (0.0000)  weight_decay: 0.0500 (0.0500)  grad_norm: 0.0000 (0.0000)  time: 7.0752  data: 6.1328  max mem: 30401
Epoch: [78]  [ 20/159]  eta: 0:09:17  lr: 0.000014  min_lr: 0.000014  loss: 0.0000 (0.0000)  weight_decay: 0.0500 (0.0500)  grad_norm: 0.0000 (0.0000)  time: 0.7893  data: 0.0003  max mem: 30401
Epoch: [78]  [ 30/159]  eta: 0:06:23  lr: 0.000014  min_lr: 0.000014  loss: 0.0000 (0.0000)  weight_decay: 0.0500 (0.0500)  grad_norm: 0.0000 (0.0000)  time: 0.7150  data: 0.0003  max mem: 30401
Epoch: [78]  [ 40/159]  eta: 0:04:47  lr: 0.000014  min_lr: 0.000014  loss: 0.0000 (0.0000)  weight_decay: 0.0500 (0.0500)  grad_norm: 0.0000 (0.0000)  time: 0.7361  data: 0.0003  max mem: 30401
Epoch: [78]  [ 50/159]  eta: 0:03:45  lr: 0.000014  min_lr: 0.000014  loss: 0.0000 (0.0000)  weight_decay: 0.0500 (0.0500)  grad_norm: 0.0000 (0.0000)  time: 0.6759  data: 0.0002  max mem: 30401
Epoch: [78]  [ 60/159]  eta: 0:03:01  lr: 0.000014  min_lr: 0.000014  loss: 0.0000 (0.0000)  weight_decay: 0.0500 (0.0500)  grad_norm: 0.0000 (0.0000)  time: 0.6290  data: 0.0002  max mem: 30401
Epoch: [78]  [ 70/159]  eta: 0:02:27  lr: 0.000014  min_lr: 0.000014  loss: 0.0000 (0.0000)  weight_decay: 0.0500 (0.0500)  grad_norm: 0.0000 (0.0000)  time: 0.6002  data: 0.0002  max mem: 30401
Epoch: [78]  [ 80/159]  eta: 0:02:00  lr: 0.000013  min_lr: 0.000013  loss: 0.0000 (0.0000)  weight_decay: 0.0500 (0.0500)  grad_norm: 0.0000 (0.0000)  time: 0.6099  data: 0.0002  max mem: 30401
Epoch: [78]  [ 90/159]  eta: 0:01:38  lr: 0.000013  min_lr: 0.000013  loss: 0.0000 (0.0000)  weight_decay: 0.0500 (0.0500)  grad_norm: 0.0000 (0.0000)  time: 0.6009  data: 0.0002  max mem: 30401
Epoch: [78]  [100/159]  eta: 0:01:19  lr: 0.000013  min_lr: 0.000013  loss: 0.0000 (0.0000)  weight_decay: 0.0500 (0.0500)  grad_norm: 0.0000 (0.0000)  time: 0.5837  data: 0.0001  max mem: 30401
Epoch: [78]  [110/159]  eta: 0:01:02  lr: 0.000013  min_lr: 0.000013  loss: 0.0000 (0.0000)  weight_decay: 0.0500 (0.0500)  grad_norm: 0.0000 (0.0000)  time: 0.5784  data: 0.0002  max mem: 30401
Epoch: [78]  [120/159]  eta: 0:00:47  lr: 0.000013  min_lr: 0.000013  loss: 0.0000 (0.0000)  weight_decay: 0.0500 (0.0500)  grad_norm: 0.0000 (0.0000)  time: 0.5783  data: 0.0002  max mem: 30401
Epoch: [78]  [130/159]  eta: 0:00:33  lr: 0.000013  min_lr: 0.000013  loss: 0.0000 (0.0000)  weight_decay: 0.0500 (0.0500)  grad_norm: 0.0000 (0.0000)  time: 0.5793  data: 0.0002  max mem: 30401
Epoch: [78]  [140/159]  eta: 0:00:21  lr: 0.000013  min_lr: 0.000013  loss: 0.0000 (0.0000)  weight_decay: 0.0500 (0.0500)  grad_norm: 0.0000 (0.0000)  time: 0.5783  data: 0.0002  max mem: 30401
Epoch: [78]  [150/159]  eta: 0:00:09  lr: 0.000013  min_lr: 0.000013  loss: 0.0000 (0.0000)  weight_decay: 0.0500 (0.0500)  grad_norm: 0.0000 (0.0000)  time: 0.6107  data: 0.0002  max mem: 30401
Epoch: [78]  [158/159]  eta: 0:00:01  lr: 0.000013  min_lr: 0.000013  loss: 0.0000 (0.0000)  weight_decay: 0.0500 (0.0500)  grad_norm: 0.0000 (0.0000)  time: 0.6803  data: 0.0002  max mem: 30401
Epoch: [78] Total time: 0:02:52 (1.0843 s / it)
Averaged stats: lr: 0.000013  min_lr: 0.000013  loss: 0.0000 (0.0000)  weight_decay: 0.0500 (0.0500)  grad_norm: 0.0000 (0.0000)
Epoch: [79]  [  0/159]  eta: 2:24:05  lr: 0.000013  min_lr: 0.000013  loss: 0.0000 (0.0000)  weight_decay: 0.0500 (0.0500)  grad_norm: 0.0000 (0.0000)  time: 54.3732  data: 46.8564  max mem: 30401
Epoch: [79]  [ 10/159]  eta: 0:14:39  lr: 0.000013  min_lr: 0.000013  loss: 0.0000 (0.0000)  weight_decay: 0.0500 (0.0500)  grad_norm: 0.0000 (0.0000)  time: 5.8995  data: 4.2602  max mem: 30401
Epoch: [79]  [ 20/159]  eta: 0:08:03  lr: 0.000013  min_lr: 0.000013  loss: 0.0000 (0.0000)  weight_decay: 0.0500 (0.0500)  grad_norm: 0.0000 (0.0000)  time: 0.9305  data: 0.0004  max mem: 30401
Epoch: [79]  [ 30/159]  eta: 0:05:33  lr: 0.000013  min_lr: 0.000013  loss: 0.0000 (0.0000)  weight_decay: 0.0500 (0.0500)  grad_norm: 0.0000 (0.0000)  time: 0.7619  data: 0.0002  max mem: 30401
Epoch: [79]  [ 40/159]  eta: 0:04:12  lr: 0.000013  min_lr: 0.000013  loss: 0.0000 (0.0000)  weight_decay: 0.0500 (0.0500)  grad_norm: 0.0000 (0.0000)  time: 0.7092  data: 0.0002  max mem: 30401
Epoch: [79]  [ 50/159]  eta: 0:03:21  lr: 0.000012  min_lr: 0.000012  loss: 0.0000 (0.0000)  weight_decay: 0.0500 (0.0500)  grad_norm: 0.0000 (0.0000)  time: 0.7008  data: 0.0002  max mem: 30401
Epoch: [79]  [ 60/159]  eta: 0:02:43  lr: 0.000012  min_lr: 0.000012  loss: 0.0000 (0.0000)  weight_decay: 0.0500 (0.0500)  grad_norm: 0.0000 (0.0000)  time: 0.6877  data: 0.0002  max mem: 30401
Epoch: [79]  [ 70/159]  eta: 0:02:15  lr: 0.000012  min_lr: 0.000012  loss: 0.0000 (0.0000)  weight_decay: 0.0500 (0.0500)  grad_norm: 0.0000 (0.0000)  time: 0.6972  data: 0.0002  max mem: 30401
Epoch: [79]  [ 80/159]  eta: 0:01:51  lr: 0.000012  min_lr: 0.000012  loss: 0.0000 (0.0000)  weight_decay: 0.0500 (0.0500)  grad_norm: 0.0000 (0.0000)  time: 0.6911  data: 0.0002  max mem: 30401
Epoch: [79]  [ 90/159]  eta: 0:01:31  lr: 0.000012  min_lr: 0.000012  loss: 0.0000 (0.0000)  weight_decay: 0.0500 (0.0500)  grad_norm: 0.0000 (0.0000)  time: 0.6295  data: 0.0002  max mem: 30401
Epoch: [79]  [100/159]  eta: 0:01:13  lr: 0.000012  min_lr: 0.000012  loss: 0.0000 (0.0000)  weight_decay: 0.0500 (0.0500)  grad_norm: 0.0000 (0.0000)  time: 0.5872  data: 0.0002  max mem: 30401
Epoch: [79]  [110/159]  eta: 0:00:58  lr: 0.000012  min_lr: 0.000012  loss: 0.0000 (0.0000)  weight_decay: 0.0500 (0.0500)  grad_norm: 0.0000 (0.0000)  time: 0.5787  data: 0.0002  max mem: 30401
Epoch: [79]  [120/159]  eta: 0:00:44  lr: 0.000012  min_lr: 0.000012  loss: 0.0000 (0.0000)  weight_decay: 0.0500 (0.0500)  grad_norm: 0.0000 (0.0000)  time: 0.5772  data: 0.0002  max mem: 30401
Epoch: [79]  [130/159]  eta: 0:00:31  lr: 0.000012  min_lr: 0.000012  loss: 0.0000 (0.0000)  weight_decay: 0.0500 (0.0500)  grad_norm: 0.0000 (0.0000)  time: 0.5778  data: 0.0002  max mem: 30401
Epoch: [79]  [140/159]  eta: 0:00:20  lr: 0.000012  min_lr: 0.000012  loss: 0.0000 (0.0000)  weight_decay: 0.0500 (0.0500)  grad_norm: 0.0000 (0.0000)  time: 0.5779  data: 0.0001  max mem: 30401
Epoch: [79]  [150/159]  eta: 0:00:09  lr: 0.000012  min_lr: 0.000012  loss: 0.0000 (0.0000)  weight_decay: 0.0500 (0.0500)  grad_norm: 0.0000 (0.0000)  time: 0.5771  data: 0.0001  max mem: 30401
Epoch: [79]  [158/159]  eta: 0:00:01  lr: 0.000012  min_lr: 0.000012  loss: 0.0000 (0.0000)  weight_decay: 0.0500 (0.0500)  grad_norm: 0.0000 (0.0000)  time: 0.5869  data: 0.0002  max mem: 30401
Epoch: [79] Total time: 0:02:41 (1.0172 s / it)
Averaged stats: lr: 0.000012  min_lr: 0.000012  loss: 0.0000 (0.0000)  weight_decay: 0.0500 (0.0500)  grad_norm: 0.0000 (0.0000)
Epoch: [80]  [  0/159]  eta: 2:18:31  lr: 0.000012  min_lr: 0.000012  loss: 0.0000 (0.0000)  weight_decay: 0.0500 (0.0500)  grad_norm: 0.0000 (0.0000)  time: 52.2761  data: 46.4882  max mem: 30401
Epoch: [80]  [ 10/159]  eta: 0:13:57  lr: 0.000012  min_lr: 0.000012  loss: 0.0000 (0.0000)  weight_decay: 0.0500 (0.0500)  grad_norm: 0.0000 (0.0000)  time: 5.6211  data: 4.2272  max mem: 30401
Epoch: [80]  [ 20/159]  eta: 0:07:46  lr: 0.000012  min_lr: 0.000012  loss: 0.0000 (0.0000)  weight_decay: 0.0500 (0.0500)  grad_norm: 0.0000 (0.0000)  time: 0.9093  data: 0.0009  max mem: 30401
Epoch: [80]  [ 30/159]  eta: 0:05:23  lr: 0.000011  min_lr: 0.000011  loss: 0.0000 (0.0000)  weight_decay: 0.0500 (0.0500)  grad_norm: 0.0000 (0.0000)  time: 0.7973  data: 0.0005  max mem: 30401
Epoch: [80]  [ 40/159]  eta: 0:04:05  lr: 0.000011  min_lr: 0.000011  loss: 0.0000 (0.0000)  weight_decay: 0.0500 (0.0500)  grad_norm: 0.0000 (0.0000)  time: 0.7057  data: 0.0002  max mem: 30401
Epoch: [80]  [ 50/159]  eta: 0:03:15  lr: 0.000011  min_lr: 0.000011  loss: 0.0000 (0.0000)  weight_decay: 0.0500 (0.0500)  grad_norm: 0.0000 (0.0000)  time: 0.6763  data: 0.0002  max mem: 30401
Epoch: [80]  [ 60/159]  eta: 0:02:39  lr: 0.000011  min_lr: 0.000011  loss: 0.0000 (0.0000)  weight_decay: 0.0500 (0.0500)  grad_norm: 0.0000 (0.0000)  time: 0.6762  data: 0.0002  max mem: 30401
Epoch: [80]  [ 70/159]  eta: 0:02:11  lr: 0.000011  min_lr: 0.000011  loss: 0.0000 (0.0000)  weight_decay: 0.0500 (0.0500)  grad_norm: 0.0000 (0.0000)  time: 0.6816  data: 0.0002  max mem: 30401
Epoch: [80]  [ 80/159]  eta: 0:01:49  lr: 0.000011  min_lr: 0.000011  loss: 0.0000 (0.0000)  weight_decay: 0.0500 (0.0500)  grad_norm: 0.0000 (0.0000)  time: 0.6896  data: 0.0002  max mem: 30401
Epoch: [80]  [ 90/159]  eta: 0:01:29  lr: 0.000011  min_lr: 0.000011  loss: 0.0000 (0.0000)  weight_decay: 0.0500 (0.0500)  grad_norm: 0.0000 (0.0000)  time: 0.6830  data: 0.0003  max mem: 30401
Epoch: [80]  [100/159]  eta: 0:01:13  lr: 0.000011  min_lr: 0.000011  loss: 0.0000 (0.0000)  weight_decay: 0.0500 (0.0500)  grad_norm: 0.0000 (0.0000)  time: 0.6885  data: 0.0003  max mem: 30401
Epoch: [80]  [110/159]  eta: 0:00:58  lr: 0.000011  min_lr: 0.000011  loss: 0.0000 (0.0000)  weight_decay: 0.0500 (0.0500)  grad_norm: 0.0000 (0.0000)  time: 0.6998  data: 0.0003  max mem: 30401
Epoch: [80]  [120/159]  eta: 0:00:44  lr: 0.000011  min_lr: 0.000011  loss: 0.0000 (0.0000)  weight_decay: 0.0500 (0.0500)  grad_norm: 0.0000 (0.0000)  time: 0.6831  data: 0.0003  max mem: 30401
Epoch: [80]  [130/159]  eta: 0:00:32  lr: 0.000011  min_lr: 0.000011  loss: 0.0000 (0.0000)  weight_decay: 0.0500 (0.0500)  grad_norm: 0.0000 (0.0000)  time: 0.6430  data: 0.0002  max mem: 30401
Epoch: [80]  [140/159]  eta: 0:00:20  lr: 0.000011  min_lr: 0.000011  loss: 0.0000 (0.0000)  weight_decay: 0.0500 (0.0500)  grad_norm: 0.0000 (0.0000)  time: 0.6400  data: 0.0002  max mem: 30401
Epoch: [80]  [150/159]  eta: 0:00:09  lr: 0.000011  min_lr: 0.000011  loss: 0.0000 (0.0000)  weight_decay: 0.0500 (0.0500)  grad_norm: 0.0000 (0.0000)  time: 0.6817  data: 0.0003  max mem: 30401
Epoch: [80]  [158/159]  eta: 0:00:01  lr: 0.000011  min_lr: 0.000011  loss: 0.0000 (0.0000)  weight_decay: 0.0500 (0.0500)  grad_norm: 0.0000 (0.0000)  time: 0.6709  data: 0.0002  max mem: 30401
Epoch: [80] Total time: 0:02:45 (1.0418 s / it)
Averaged stats: lr: 0.000011  min_lr: 0.000011  loss: 0.0000 (0.0000)  weight_decay: 0.0500 (0.0500)  grad_norm: 0.0000 (0.0000)
[Eval]   [0/2]  eta: 0:00:15  loss: 0.0000 (0.0000)  time: 7.9044  data: 7.7391  max mem: 30401
[Eval]   [1/2]  eta: 0:00:04  loss: 0.0000 (0.0000)  time: 4.0011  data: 3.8696  max mem: 30401
[Eval]  Total time: 0:00:08 (4.1754 s / it)
Eval averaged stats: loss: 0.0000 (0.0000)
Logged 9 eval images
Epoch: [81]  [  0/159]  eta: 1:40:19  lr: 0.000011  min_lr: 0.000011  loss: 0.0000 (0.0000)  weight_decay: 0.0500 (0.0500)  grad_norm: 0.0000 (0.0000)  time: 37.8579  data: 36.5820  max mem: 30401
Epoch: [81]  [ 10/159]  eta: 0:10:53  lr: 0.000011  min_lr: 0.000011  loss: 0.0000 (0.0000)  weight_decay: 0.0500 (0.0500)  grad_norm: 0.0000 (0.0000)  time: 4.3873  data: 3.5107  max mem: 30401
Epoch: [81]  [ 20/159]  eta: 0:06:14  lr: 0.000010  min_lr: 0.000010  loss: 0.0000 (0.0000)  weight_decay: 0.0500 (0.0500)  grad_norm: 0.0000 (0.0000)  time: 0.9343  data: 0.1019  max mem: 30401
Epoch: [81]  [ 30/159]  eta: 0:04:23  lr: 0.000010  min_lr: 0.000010  loss: 0.0000 (0.0000)  weight_decay: 0.0500 (0.0500)  grad_norm: 0.0000 (0.0000)  time: 0.7572  data: 0.0002  max mem: 30401
Epoch: [81]  [ 40/159]  eta: 0:03:22  lr: 0.000010  min_lr: 0.000010  loss: 0.0000 (0.0000)  weight_decay: 0.0500 (0.0500)  grad_norm: 0.0000 (0.0000)  time: 0.6676  data: 0.0002  max mem: 30401
Epoch: [81]  [ 50/159]  eta: 0:02:42  lr: 0.000010  min_lr: 0.000010  loss: 0.0000 (0.0000)  weight_decay: 0.0500 (0.0500)  grad_norm: 0.0000 (0.0000)  time: 0.6278  data: 0.0002  max mem: 30401
Epoch: [81]  [ 60/159]  eta: 0:02:13  lr: 0.000010  min_lr: 0.000010  loss: 0.0000 (0.0000)  weight_decay: 0.0500 (0.0500)  grad_norm: 0.0000 (0.0000)  time: 0.6037  data: 0.0002  max mem: 30401
Epoch: [81]  [ 70/159]  eta: 0:01:50  lr: 0.000010  min_lr: 0.000010  loss: 0.0000 (0.0000)  weight_decay: 0.0500 (0.0500)  grad_norm: 0.0000 (0.0000)  time: 0.6011  data: 0.0001  max mem: 30401
Epoch: [81]  [ 80/159]  eta: 0:01:31  lr: 0.000010  min_lr: 0.000010  loss: 0.0000 (0.0000)  weight_decay: 0.0500 (0.0500)  grad_norm: 0.0000 (0.0000)  time: 0.6019  data: 0.0002  max mem: 30401
Epoch: [81]  [ 90/159]  eta: 0:01:15  lr: 0.000010  min_lr: 0.000010  loss: 0.0000 (0.0000)  weight_decay: 0.0500 (0.0500)  grad_norm: 0.0000 (0.0000)  time: 0.6007  data: 0.0002  max mem: 30401
Epoch: [81]  [100/159]  eta: 0:01:01  lr: 0.000010  min_lr: 0.000010  loss: 0.0000 (0.0000)  weight_decay: 0.0500 (0.0500)  grad_norm: 0.0000 (0.0000)  time: 0.5990  data: 0.0002  max mem: 30401
Epoch: [81]  [110/159]  eta: 0:00:49  lr: 0.000010  min_lr: 0.000010  loss: 0.0000 (0.0000)  weight_decay: 0.0500 (0.0500)  grad_norm: 0.0000 (0.0000)  time: 0.5998  data: 0.0002  max mem: 30401
Epoch: [81]  [120/159]  eta: 0:00:38  lr: 0.000010  min_lr: 0.000010  loss: 0.0000 (0.0000)  weight_decay: 0.0500 (0.0500)  grad_norm: 0.0000 (0.0000)  time: 0.6040  data: 0.0002  max mem: 30401
Epoch: [81]  [130/159]  eta: 0:00:27  lr: 0.000010  min_lr: 0.000010  loss: 0.0000 (0.0000)  weight_decay: 0.0500 (0.0500)  grad_norm: 0.0000 (0.0000)  time: 0.6055  data: 0.0002  max mem: 30401
Epoch: [81]  [140/159]  eta: 0:00:17  lr: 0.000010  min_lr: 0.000010  loss: 0.0000 (0.0000)  weight_decay: 0.0500 (0.0500)  grad_norm: 0.0000 (0.0000)  time: 0.6025  data: 0.0002  max mem: 30401
Epoch: [81]  [150/159]  eta: 0:00:08  lr: 0.000010  min_lr: 0.000010  loss: 0.0000 (0.0000)  weight_decay: 0.0500 (0.0500)  grad_norm: 0.0000 (0.0000)  time: 0.6004  data: 0.0002  max mem: 30401
Epoch: [81]  [158/159]  eta: 0:00:00  lr: 0.000010  min_lr: 0.000010  loss: 0.0000 (0.0000)  weight_decay: 0.0500 (0.0500)  grad_norm: 0.0000 (0.0000)  time: 0.6010  data: 0.0002  max mem: 30401
Epoch: [81] Total time: 0:02:22 (0.8964 s / it)
Averaged stats: lr: 0.000010  min_lr: 0.000010  loss: 0.0000 (0.0000)  weight_decay: 0.0500 (0.0500)  grad_norm: 0.0000 (0.0000)
Epoch: [82]  [  0/159]  eta: 2:29:42  lr: 0.000010  min_lr: 0.000010  loss: 0.0000 (0.0000)  weight_decay: 0.0500 (0.0500)  grad_norm: 0.0000 (0.0000)  time: 56.4961  data: 53.8841  max mem: 30401
Epoch: [82]  [ 10/159]  eta: 0:14:57  lr: 0.000009  min_lr: 0.000009  loss: 0.0000 (0.0000)  weight_decay: 0.0500 (0.0500)  grad_norm: 0.0000 (0.0000)  time: 6.0202  data: 4.8988  max mem: 30401
Epoch: [82]  [ 20/159]  eta: 0:07:59  lr: 0.000009  min_lr: 0.000009  loss: 0.0000 (0.0000)  weight_decay: 0.0500 (0.0500)  grad_norm: 0.0000 (0.0000)  time: 0.7997  data: 0.0003  max mem: 30401
Epoch: [82]  [ 30/159]  eta: 0:05:26  lr: 0.000009  min_lr: 0.000009  loss: 0.0000 (0.0000)  weight_decay: 0.0500 (0.0500)  grad_norm: 0.0000 (0.0000)  time: 0.6173  data: 0.0002  max mem: 30401
Epoch: [82]  [ 40/159]  eta: 0:04:08  lr: 0.000009  min_lr: 0.000009  loss: 0.0000 (0.0000)  weight_decay: 0.0500 (0.0500)  grad_norm: 0.0000 (0.0000)  time: 0.6570  data: 0.0002  max mem: 30401
Epoch: [82]  [ 50/159]  eta: 0:03:18  lr: 0.000009  min_lr: 0.000009  loss: 0.0000 (0.0000)  weight_decay: 0.0500 (0.0500)  grad_norm: 0.0000 (0.0000)  time: 0.7178  data: 0.0002  max mem: 30401
Epoch: [82]  [ 60/159]  eta: 0:02:40  lr: 0.000009  min_lr: 0.000009  loss: 0.0000 (0.0000)  weight_decay: 0.0500 (0.0500)  grad_norm: 0.0000 (0.0000)  time: 0.6706  data: 0.0002  max mem: 30401
Epoch: [82]  [ 70/159]  eta: 0:02:11  lr: 0.000009  min_lr: 0.000009  loss: 0.0000 (0.0000)  weight_decay: 0.0500 (0.0500)  grad_norm: 0.0000 (0.0000)  time: 0.5974  data: 0.0001  max mem: 30401
Epoch: [82]  [ 80/159]  eta: 0:01:47  lr: 0.000009  min_lr: 0.000009  loss: 0.0000 (0.0000)  weight_decay: 0.0500 (0.0500)  grad_norm: 0.0000 (0.0000)  time: 0.5815  data: 0.0001  max mem: 30401
Epoch: [82]  [ 90/159]  eta: 0:01:28  lr: 0.000009  min_lr: 0.000009  loss: 0.0000 (0.0000)  weight_decay: 0.0500 (0.0500)  grad_norm: 0.0000 (0.0000)  time: 0.5797  data: 0.0001  max mem: 30401
Epoch: [82]  [100/159]  eta: 0:01:11  lr: 0.000009  min_lr: 0.000009  loss: 0.0000 (0.0000)  weight_decay: 0.0500 (0.0500)  grad_norm: 0.0000 (0.0000)  time: 0.5912  data: 0.0002  max mem: 30401
Epoch: [82]  [110/159]  eta: 0:00:57  lr: 0.000009  min_lr: 0.000009  loss: 0.0000 (0.0000)  weight_decay: 0.0500 (0.0500)  grad_norm: 0.0000 (0.0000)  time: 0.6611  data: 0.0002  max mem: 30401
Epoch: [82]  [120/159]  eta: 0:00:43  lr: 0.000009  min_lr: 0.000009  loss: 0.0000 (0.0000)  weight_decay: 0.0500 (0.0500)  grad_norm: 0.0000 (0.0000)  time: 0.6740  data: 0.0002  max mem: 30401
Epoch: [82]  [130/159]  eta: 0:00:31  lr: 0.000009  min_lr: 0.000009  loss: 0.0000 (0.0000)  weight_decay: 0.0500 (0.0500)  grad_norm: 0.0000 (0.0000)  time: 0.6165  data: 0.0001  max mem: 30401
Epoch: [82]  [140/159]  eta: 0:00:19  lr: 0.000009  min_lr: 0.000009  loss: 0.0000 (0.0000)  weight_decay: 0.0500 (0.0500)  grad_norm: 0.0000 (0.0000)  time: 0.5997  data: 0.0001  max mem: 30401
Epoch: [82]  [150/159]  eta: 0:00:09  lr: 0.000009  min_lr: 0.000009  loss: 0.0000 (0.0000)  weight_decay: 0.0500 (0.0500)  grad_norm: 0.0000 (0.0000)  time: 0.5879  data: 0.0001  max mem: 30401
Epoch: [82]  [158/159]  eta: 0:00:01  lr: 0.000009  min_lr: 0.000009  loss: 0.0000 (0.0000)  weight_decay: 0.0500 (0.0500)  grad_norm: 0.0000 (0.0000)  time: 0.6126  data: 0.0001  max mem: 30401
Epoch: [82] Total time: 0:02:40 (1.0090 s / it)
Averaged stats: lr: 0.000009  min_lr: 0.000009  loss: 0.0000 (0.0000)  weight_decay: 0.0500 (0.0500)  grad_norm: 0.0000 (0.0000)
Epoch: [83]  [  0/159]  eta: 2:14:14  lr: 0.000009  min_lr: 0.000009  loss: 0.0000 (0.0000)  weight_decay: 0.0500 (0.0500)  grad_norm: 0.0000 (0.0000)  time: 50.6561  data: 47.5242  max mem: 30401
Epoch: [83]  [ 10/159]  eta: 0:14:13  lr: 0.000008  min_lr: 0.000008  loss: 0.0000 (0.0000)  weight_decay: 0.0500 (0.0500)  grad_norm: 0.0000 (0.0000)  time: 5.7312  data: 4.3510  max mem: 30401
Epoch: [83]  [ 20/159]  eta: 0:07:51  lr: 0.000008  min_lr: 0.000008  loss: 0.0000 (0.0000)  weight_decay: 0.0500 (0.0500)  grad_norm: 0.0000 (0.0000)  time: 1.0304  data: 0.0173  max mem: 30401
Epoch: [83]  [ 30/159]  eta: 0:05:26  lr: 0.000008  min_lr: 0.000008  loss: 0.0000 (0.0000)  weight_decay: 0.0500 (0.0500)  grad_norm: 0.0000 (0.0000)  time: 0.7699  data: 0.0006  max mem: 30401
Epoch: [83]  [ 40/159]  eta: 0:04:07  lr: 0.000008  min_lr: 0.000008  loss: 0.0000 (0.0000)  weight_decay: 0.0500 (0.0500)  grad_norm: 0.0000 (0.0000)  time: 0.6939  data: 0.0003  max mem: 30401
Epoch: [83]  [ 50/159]  eta: 0:03:15  lr: 0.000008  min_lr: 0.000008  loss: 0.0000 (0.0000)  weight_decay: 0.0500 (0.0500)  grad_norm: 0.0000 (0.0000)  time: 0.6610  data: 0.0002  max mem: 30401
Epoch: [83]  [ 60/159]  eta: 0:02:38  lr: 0.000008  min_lr: 0.000008  loss: 0.0000 (0.0000)  weight_decay: 0.0500 (0.0500)  grad_norm: 0.0000 (0.0000)  time: 0.6318  data: 0.0002  max mem: 30401
Epoch: [83]  [ 70/159]  eta: 0:02:10  lr: 0.000008  min_lr: 0.000008  loss: 0.0000 (0.0000)  weight_decay: 0.0500 (0.0500)  grad_norm: 0.0000 (0.0000)  time: 0.6070  data: 0.0001  max mem: 30401
Epoch: [83]  [ 80/159]  eta: 0:01:48  lr: 0.000008  min_lr: 0.000008  loss: 0.0000 (0.0000)  weight_decay: 0.0500 (0.0500)  grad_norm: 0.0000 (0.0000)  time: 0.6790  data: 0.0002  max mem: 30401
Epoch: [83]  [ 90/159]  eta: 0:01:30  lr: 0.000008  min_lr: 0.000008  loss: 0.0000 (0.0000)  weight_decay: 0.0500 (0.0500)  grad_norm: 0.0000 (0.0000)  time: 0.7533  data: 0.0003  max mem: 30401
Epoch: [83]  [100/159]  eta: 0:01:13  lr: 0.000008  min_lr: 0.000008  loss: 0.0000 (0.0000)  weight_decay: 0.0500 (0.0500)  grad_norm: 0.0000 (0.0000)  time: 0.7374  data: 0.0003  max mem: 30401
Epoch: [83]  [110/159]  eta: 0:00:58  lr: 0.000008  min_lr: 0.000008  loss: 0.0000 (0.0000)  weight_decay: 0.0500 (0.0500)  grad_norm: 0.0000 (0.0000)  time: 0.7226  data: 0.0004  max mem: 30401
Epoch: [83]  [120/159]  eta: 0:00:45  lr: 0.000008  min_lr: 0.000008  loss: 0.0000 (0.0000)  weight_decay: 0.0500 (0.0500)  grad_norm: 0.0000 (0.0000)  time: 0.7195  data: 0.0004  max mem: 30401
Epoch: [83]  [130/159]  eta: 0:00:32  lr: 0.000008  min_lr: 0.000008  loss: 0.0000 (0.0000)  weight_decay: 0.0500 (0.0500)  grad_norm: 0.0000 (0.0000)  time: 0.7008  data: 0.0002  max mem: 30401
Epoch: [83]  [140/159]  eta: 0:00:20  lr: 0.000008  min_lr: 0.000008  loss: 0.0000 (0.0000)  weight_decay: 0.0500 (0.0500)  grad_norm: 0.0000 (0.0000)  time: 0.6468  data: 0.0002  max mem: 30401
Epoch: [83]  [150/159]  eta: 0:00:09  lr: 0.000008  min_lr: 0.000008  loss: 0.0000 (0.0000)  weight_decay: 0.0500 (0.0500)  grad_norm: 0.0000 (0.0000)  time: 0.6040  data: 0.0002  max mem: 30401
Epoch: [83]  [158/159]  eta: 0:00:01  lr: 0.000008  min_lr: 0.000008  loss: 0.0000 (0.0000)  weight_decay: 0.0500 (0.0500)  grad_norm: 0.0000 (0.0000)  time: 0.5949  data: 0.0002  max mem: 30401
Epoch: [83] Total time: 0:02:45 (1.0387 s / it)
Averaged stats: lr: 0.000008  min_lr: 0.000008  loss: 0.0000 (0.0000)  weight_decay: 0.0500 (0.0500)  grad_norm: 0.0000 (0.0000)
Epoch: [84]  [  0/159]  eta: 2:20:30  lr: 0.000008  min_lr: 0.000008  loss: 0.0000 (0.0000)  weight_decay: 0.0500 (0.0500)  grad_norm: 0.0000 (0.0000)  time: 53.0239  data: 47.1590  max mem: 30401
Epoch: [84]  [ 10/159]  eta: 0:14:14  lr: 0.000008  min_lr: 0.000008  loss: 0.0000 (0.0000)  weight_decay: 0.0500 (0.0500)  grad_norm: 0.0000 (0.0000)  time: 5.7379  data: 4.2879  max mem: 30401
Epoch: [84]  [ 20/159]  eta: 0:07:49  lr: 0.000007  min_lr: 0.000007  loss: 0.0000 (0.0000)  weight_decay: 0.0500 (0.0500)  grad_norm: 0.0000 (0.0000)  time: 0.8923  data: 0.0006  max mem: 30401
Epoch: [84]  [ 30/159]  eta: 0:05:22  lr: 0.000007  min_lr: 0.000007  loss: 0.0000 (0.0000)  weight_decay: 0.0500 (0.0500)  grad_norm: 0.0000 (0.0000)  time: 0.7147  data: 0.0003  max mem: 30401
Epoch: [84]  [ 40/159]  eta: 0:04:04  lr: 0.000007  min_lr: 0.000007  loss: 0.0000 (0.0000)  weight_decay: 0.0500 (0.0500)  grad_norm: 0.0000 (0.0000)  time: 0.6748  data: 0.0002  max mem: 30401
Epoch: [84]  [ 50/159]  eta: 0:03:14  lr: 0.000007  min_lr: 0.000007  loss: 0.0000 (0.0000)  weight_decay: 0.0500 (0.0500)  grad_norm: 0.0000 (0.0000)  time: 0.6740  data: 0.0002  max mem: 30401
Epoch: [84]  [ 60/159]  eta: 0:02:37  lr: 0.000007  min_lr: 0.000007  loss: 0.0000 (0.0000)  weight_decay: 0.0500 (0.0500)  grad_norm: 0.0000 (0.0000)  time: 0.6390  data: 0.0001  max mem: 30401
Epoch: [84]  [ 70/159]  eta: 0:02:09  lr: 0.000007  min_lr: 0.000007  loss: 0.0000 (0.0000)  weight_decay: 0.0500 (0.0500)  grad_norm: 0.0000 (0.0000)  time: 0.6081  data: 0.0001  max mem: 30401
Epoch: [84]  [ 80/159]  eta: 0:01:46  lr: 0.000007  min_lr: 0.000007  loss: 0.0000 (0.0000)  weight_decay: 0.0500 (0.0500)  grad_norm: 0.0000 (0.0000)  time: 0.5883  data: 0.0002  max mem: 30401
Epoch: [84]  [ 90/159]  eta: 0:01:26  lr: 0.000007  min_lr: 0.000007  loss: 0.0000 (0.0000)  weight_decay: 0.0500 (0.0500)  grad_norm: 0.0000 (0.0000)  time: 0.5819  data: 0.0002  max mem: 30401
Epoch: [84]  [100/159]  eta: 0:01:10  lr: 0.000007  min_lr: 0.000007  loss: 0.0000 (0.0000)  weight_decay: 0.0500 (0.0500)  grad_norm: 0.0000 (0.0000)  time: 0.5784  data: 0.0001  max mem: 30401
Epoch: [84]  [110/159]  eta: 0:00:55  lr: 0.000007  min_lr: 0.000007  loss: 0.0000 (0.0000)  weight_decay: 0.0500 (0.0500)  grad_norm: 0.0000 (0.0000)  time: 0.5817  data: 0.0002  max mem: 30401
Epoch: [84]  [120/159]  eta: 0:00:42  lr: 0.000007  min_lr: 0.000007  loss: 0.0000 (0.0000)  weight_decay: 0.0500 (0.0500)  grad_norm: 0.0000 (0.0000)  time: 0.5816  data: 0.0002  max mem: 30401
Epoch: [84]  [130/159]  eta: 0:00:30  lr: 0.000007  min_lr: 0.000007  loss: 0.0000 (0.0000)  weight_decay: 0.0500 (0.0500)  grad_norm: 0.0000 (0.0000)  time: 0.5773  data: 0.0002  max mem: 30401
Epoch: [84]  [140/159]  eta: 0:00:19  lr: 0.000007  min_lr: 0.000007  loss: 0.0000 (0.0000)  weight_decay: 0.0500 (0.0500)  grad_norm: 0.0000 (0.0000)  time: 0.5766  data: 0.0002  max mem: 30401
Epoch: [84]  [150/159]  eta: 0:00:08  lr: 0.000007  min_lr: 0.000007  loss: 0.0000 (0.0000)  weight_decay: 0.0500 (0.0500)  grad_norm: 0.0000 (0.0000)  time: 0.5774  data: 0.0002  max mem: 30401
Epoch: [84]  [158/159]  eta: 0:00:00  lr: 0.000007  min_lr: 0.000007  loss: 0.0000 (0.0000)  weight_decay: 0.0500 (0.0500)  grad_norm: 0.0000 (0.0000)  time: 0.5776  data: 0.0002  max mem: 30401
Epoch: [84] Total time: 0:02:35 (0.9788 s / it)
Averaged stats: lr: 0.000007  min_lr: 0.000007  loss: 0.0000 (0.0000)  weight_decay: 0.0500 (0.0500)  grad_norm: 0.0000 (0.0000)
Epoch: [85]  [  0/159]  eta: 2:44:39  lr: 0.000007  min_lr: 0.000007  loss: 0.0000 (0.0000)  weight_decay: 0.0500 (0.0500)  grad_norm: 0.0000 (0.0000)  time: 62.1379  data: 46.1610  max mem: 30401
Epoch: [85]  [ 10/159]  eta: 0:15:44  lr: 0.000007  min_lr: 0.000007  loss: 0.0000 (0.0000)  weight_decay: 0.0500 (0.0500)  grad_norm: 0.0000 (0.0000)  time: 6.3361  data: 4.1967  max mem: 30401
Epoch: [85]  [ 20/159]  eta: 0:08:24  lr: 0.000007  min_lr: 0.000007  loss: 0.0000 (0.0000)  weight_decay: 0.0500 (0.0500)  grad_norm: 0.0000 (0.0000)  time: 0.7062  data: 0.0002  max mem: 30401
Epoch: [85]  [ 30/159]  eta: 0:05:45  lr: 0.000007  min_lr: 0.000007  loss: 0.0000 (0.0000)  weight_decay: 0.0500 (0.0500)  grad_norm: 0.0000 (0.0000)  time: 0.6687  data: 0.0002  max mem: 30401
Epoch: [85]  [ 40/159]  eta: 0:04:21  lr: 0.000006  min_lr: 0.000006  loss: 0.0000 (0.0000)  weight_decay: 0.0500 (0.0500)  grad_norm: 0.0000 (0.0000)  time: 0.6974  data: 0.0002  max mem: 30401
Epoch: [85]  [ 50/159]  eta: 0:03:28  lr: 0.000006  min_lr: 0.000006  loss: 0.0000 (0.0000)  weight_decay: 0.0500 (0.0500)  grad_norm: 0.0000 (0.0000)  time: 0.7131  data: 0.0003  max mem: 30401
Epoch: [85]  [ 60/159]  eta: 0:02:49  lr: 0.000006  min_lr: 0.000006  loss: 0.0000 (0.0000)  weight_decay: 0.0500 (0.0500)  grad_norm: 0.0000 (0.0000)  time: 0.7115  data: 0.0003  max mem: 30401
Epoch: [85]  [ 70/159]  eta: 0:02:19  lr: 0.000006  min_lr: 0.000006  loss: 0.0000 (0.0000)  weight_decay: 0.0500 (0.0500)  grad_norm: 0.0000 (0.0000)  time: 0.6938  data: 0.0003  max mem: 30401
Epoch: [85]  [ 80/159]  eta: 0:01:55  lr: 0.000006  min_lr: 0.000006  loss: 0.0000 (0.0000)  weight_decay: 0.0500 (0.0500)  grad_norm: 0.0000 (0.0000)  time: 0.6854  data: 0.0003  max mem: 30401
Epoch: [85]  [ 90/159]  eta: 0:01:34  lr: 0.000006  min_lr: 0.000006  loss: 0.0000 (0.0000)  weight_decay: 0.0500 (0.0500)  grad_norm: 0.0000 (0.0000)  time: 0.6865  data: 0.0003  max mem: 30401
Epoch: [85]  [100/159]  eta: 0:01:16  lr: 0.000006  min_lr: 0.000006  loss: 0.0000 (0.0000)  weight_decay: 0.0500 (0.0500)  grad_norm: 0.0000 (0.0000)  time: 0.6818  data: 0.0002  max mem: 30401
Epoch: [85]  [110/159]  eta: 0:01:01  lr: 0.000006  min_lr: 0.000006  loss: 0.0000 (0.0000)  weight_decay: 0.0500 (0.0500)  grad_norm: 0.0000 (0.0000)  time: 0.6647  data: 0.0002  max mem: 30401
Epoch: [85]  [120/159]  eta: 0:00:46  lr: 0.000006  min_lr: 0.000006  loss: 0.0000 (0.0000)  weight_decay: 0.0500 (0.0500)  grad_norm: 0.0000 (0.0000)  time: 0.6899  data: 0.0002  max mem: 30401
Epoch: [85]  [130/159]  eta: 0:00:33  lr: 0.000006  min_lr: 0.000006  loss: 0.0000 (0.0000)  weight_decay: 0.0500 (0.0500)  grad_norm: 0.0000 (0.0000)  time: 0.7250  data: 0.0003  max mem: 30401
Epoch: [85]  [140/159]  eta: 0:00:21  lr: 0.000006  min_lr: 0.000006  loss: 0.0000 (0.0000)  weight_decay: 0.0500 (0.0500)  grad_norm: 0.0000 (0.0000)  time: 0.6926  data: 0.0003  max mem: 30401
Epoch: [85]  [150/159]  eta: 0:00:09  lr: 0.000006  min_lr: 0.000006  loss: 0.0000 (0.0000)  weight_decay: 0.0500 (0.0500)  grad_norm: 0.0000 (0.0000)  time: 0.6858  data: 0.0003  max mem: 30401
Epoch: [85]  [158/159]  eta: 0:00:01  lr: 0.000006  min_lr: 0.000006  loss: 0.0000 (0.0000)  weight_decay: 0.0500 (0.0500)  grad_norm: 0.0000 (0.0000)  time: 0.6910  data: 0.0003  max mem: 30401
Epoch: [85] Total time: 0:02:53 (1.0900 s / it)
Averaged stats: lr: 0.000006  min_lr: 0.000006  loss: 0.0000 (0.0000)  weight_decay: 0.0500 (0.0500)  grad_norm: 0.0000 (0.0000)
Epoch: [86]  [  0/159]  eta: 2:24:58  lr: 0.000006  min_lr: 0.000006  loss: 0.0000 (0.0000)  weight_decay: 0.0500 (0.0500)  grad_norm: 0.0000 (0.0000)  time: 54.7088  data: 37.7830  max mem: 30401
Epoch: [86]  [ 10/159]  eta: 0:14:31  lr: 0.000006  min_lr: 0.000006  loss: 0.0000 (0.0000)  weight_decay: 0.0500 (0.0500)  grad_norm: 0.0000 (0.0000)  time: 5.8518  data: 3.4352  max mem: 30401
Epoch: [86]  [ 20/159]  eta: 0:07:53  lr: 0.000006  min_lr: 0.000006  loss: 0.0000 (0.0000)  weight_decay: 0.0500 (0.0500)  grad_norm: 0.0000 (0.0000)  time: 0.8439  data: 0.0003  max mem: 30401
Epoch: [86]  [ 30/159]  eta: 0:05:22  lr: 0.000006  min_lr: 0.000006  loss: 0.0000 (0.0000)  weight_decay: 0.0500 (0.0500)  grad_norm: 0.0000 (0.0000)  time: 0.6527  data: 0.0002  max mem: 30401
Epoch: [86]  [ 40/159]  eta: 0:04:01  lr: 0.000006  min_lr: 0.000006  loss: 0.0000 (0.0000)  weight_decay: 0.0500 (0.0500)  grad_norm: 0.0000 (0.0000)  time: 0.5829  data: 0.0002  max mem: 30401
Epoch: [86]  [ 50/159]  eta: 0:03:10  lr: 0.000006  min_lr: 0.000006  loss: 0.0000 (0.0000)  weight_decay: 0.0500 (0.0500)  grad_norm: 0.0000 (0.0000)  time: 0.5815  data: 0.0001  max mem: 30401
Epoch: [86]  [ 60/159]  eta: 0:02:35  lr: 0.000006  min_lr: 0.000006  loss: 0.0000 (0.0000)  weight_decay: 0.0500 (0.0500)  grad_norm: 0.0000 (0.0000)  time: 0.6273  data: 0.0002  max mem: 30401
Epoch: [86]  [ 70/159]  eta: 0:02:07  lr: 0.000005  min_lr: 0.000005  loss: 0.0000 (0.0000)  weight_decay: 0.0500 (0.0500)  grad_norm: 0.0000 (0.0000)  time: 0.6440  data: 0.0002  max mem: 30401
Epoch: [86]  [ 80/159]  eta: 0:01:45  lr: 0.000005  min_lr: 0.000005  loss: 0.0000 (0.0000)  weight_decay: 0.0500 (0.0500)  grad_norm: 0.0000 (0.0000)  time: 0.6018  data: 0.0002  max mem: 30401
Epoch: [86]  [ 90/159]  eta: 0:01:26  lr: 0.000005  min_lr: 0.000005  loss: 0.0000 (0.0000)  weight_decay: 0.0500 (0.0500)  grad_norm: 0.0000 (0.0000)  time: 0.5854  data: 0.0002  max mem: 30401
Epoch: [86]  [100/159]  eta: 0:01:09  lr: 0.000005  min_lr: 0.000005  loss: 0.0000 (0.0000)  weight_decay: 0.0500 (0.0500)  grad_norm: 0.0000 (0.0000)  time: 0.5810  data: 0.0002  max mem: 30401
Epoch: [86]  [110/159]  eta: 0:00:55  lr: 0.000005  min_lr: 0.000005  loss: 0.0000 (0.0000)  weight_decay: 0.0500 (0.0500)  grad_norm: 0.0000 (0.0000)  time: 0.5801  data: 0.0002  max mem: 30401
Epoch: [86]  [120/159]  eta: 0:00:42  lr: 0.000005  min_lr: 0.000005  loss: 0.0000 (0.0000)  weight_decay: 0.0500 (0.0500)  grad_norm: 0.0000 (0.0000)  time: 0.5803  data: 0.0002  max mem: 30401
Epoch: [86]  [130/159]  eta: 0:00:30  lr: 0.000005  min_lr: 0.000005  loss: 0.0000 (0.0000)  weight_decay: 0.0500 (0.0500)  grad_norm: 0.0000 (0.0000)  time: 0.5797  data: 0.0002  max mem: 30401
Epoch: [86]  [140/159]  eta: 0:00:19  lr: 0.000005  min_lr: 0.000005  loss: 0.0000 (0.0000)  weight_decay: 0.0500 (0.0500)  grad_norm: 0.0000 (0.0000)  time: 0.5794  data: 0.0002  max mem: 30401
Epoch: [86]  [150/159]  eta: 0:00:08  lr: 0.000005  min_lr: 0.000005  loss: 0.0000 (0.0000)  weight_decay: 0.0500 (0.0500)  grad_norm: 0.0000 (0.0000)  time: 0.5845  data: 0.0002  max mem: 30401
Epoch: [86]  [158/159]  eta: 0:00:00  lr: 0.000005  min_lr: 0.000005  loss: 0.0000 (0.0000)  weight_decay: 0.0500 (0.0500)  grad_norm: 0.0000 (0.0000)  time: 0.5876  data: 0.0001  max mem: 30401
Epoch: [86] Total time: 0:02:34 (0.9733 s / it)
Averaged stats: lr: 0.000005  min_lr: 0.000005  loss: 0.0000 (0.0000)  weight_decay: 0.0500 (0.0500)  grad_norm: 0.0000 (0.0000)
Epoch: [87]  [  0/159]  eta: 2:26:39  lr: 0.000005  min_lr: 0.000005  loss: 0.0000 (0.0000)  weight_decay: 0.0500 (0.0500)  grad_norm: 0.0000 (0.0000)  time: 55.3430  data: 43.7120  max mem: 30401
Epoch: [87]  [ 10/159]  eta: 0:14:39  lr: 0.000005  min_lr: 0.000005  loss: 0.0000 (0.0000)  weight_decay: 0.0500 (0.0500)  grad_norm: 0.0000 (0.0000)  time: 5.9022  data: 3.9741  max mem: 30401
Epoch: [87]  [ 20/159]  eta: 0:07:57  lr: 0.000005  min_lr: 0.000005  loss: 0.0000 (0.0000)  weight_decay: 0.0500 (0.0500)  grad_norm: 0.0000 (0.0000)  time: 0.8372  data: 0.0002  max mem: 30401
Epoch: [87]  [ 30/159]  eta: 0:05:27  lr: 0.000005  min_lr: 0.000005  loss: 0.0000 (0.0000)  weight_decay: 0.0500 (0.0500)  grad_norm: 0.0000 (0.0000)  time: 0.6924  data: 0.0002  max mem: 30401
Epoch: [87]  [ 40/159]  eta: 0:04:10  lr: 0.000005  min_lr: 0.000005  loss: 0.0000 (0.0000)  weight_decay: 0.0500 (0.0500)  grad_norm: 0.0000 (0.0000)  time: 0.7112  data: 0.0001  max mem: 30401
Epoch: [87]  [ 50/159]  eta: 0:03:20  lr: 0.000005  min_lr: 0.000005  loss: 0.0000 (0.0000)  weight_decay: 0.0500 (0.0500)  grad_norm: 0.0000 (0.0000)  time: 0.7434  data: 0.0001  max mem: 30401
Epoch: [87]  [ 60/159]  eta: 0:02:42  lr: 0.000005  min_lr: 0.000005  loss: 0.0000 (0.0000)  weight_decay: 0.0500 (0.0500)  grad_norm: 0.0000 (0.0000)  time: 0.6798  data: 0.0001  max mem: 30401
Epoch: [87]  [ 70/159]  eta: 0:02:12  lr: 0.000005  min_lr: 0.000005  loss: 0.0000 (0.0000)  weight_decay: 0.0500 (0.0500)  grad_norm: 0.0000 (0.0000)  time: 0.6152  data: 0.0001  max mem: 30401
Epoch: [87]  [ 80/159]  eta: 0:01:49  lr: 0.000005  min_lr: 0.000005  loss: 0.0000 (0.0000)  weight_decay: 0.0500 (0.0500)  grad_norm: 0.0000 (0.0000)  time: 0.5987  data: 0.0001  max mem: 30401
Epoch: [87]  [ 90/159]  eta: 0:01:29  lr: 0.000005  min_lr: 0.000005  loss: 0.0000 (0.0000)  weight_decay: 0.0500 (0.0500)  grad_norm: 0.0000 (0.0000)  time: 0.6153  data: 0.0001  max mem: 30401
Epoch: [87]  [100/159]  eta: 0:01:13  lr: 0.000005  min_lr: 0.000005  loss: 0.0000 (0.0000)  weight_decay: 0.0500 (0.0500)  grad_norm: 0.0000 (0.0000)  time: 0.6637  data: 0.0001  max mem: 30401
Epoch: [87]  [110/159]  eta: 0:00:58  lr: 0.000005  min_lr: 0.000005  loss: 0.0000 (0.0000)  weight_decay: 0.0500 (0.0500)  grad_norm: 0.0000 (0.0000)  time: 0.7170  data: 0.0002  max mem: 30401
Epoch: [87]  [120/159]  eta: 0:00:45  lr: 0.000004  min_lr: 0.000004  loss: 0.0000 (0.0000)  weight_decay: 0.0500 (0.0500)  grad_norm: 0.0000 (0.0000)  time: 0.7444  data: 0.0003  max mem: 30401
Epoch: [87]  [130/159]  eta: 0:00:32  lr: 0.000004  min_lr: 0.000004  loss: 0.0000 (0.0000)  weight_decay: 0.0500 (0.0500)  grad_norm: 0.0000 (0.0000)  time: 0.7038  data: 0.0003  max mem: 30401
Epoch: [87]  [140/159]  eta: 0:00:20  lr: 0.000004  min_lr: 0.000004  loss: 0.0000 (0.0000)  weight_decay: 0.0500 (0.0500)  grad_norm: 0.0000 (0.0000)  time: 0.6380  data: 0.0002  max mem: 30401
Epoch: [87]  [150/159]  eta: 0:00:09  lr: 0.000004  min_lr: 0.000004  loss: 0.0000 (0.0000)  weight_decay: 0.0500 (0.0500)  grad_norm: 0.0000 (0.0000)  time: 0.6226  data: 0.0002  max mem: 30401
Epoch: [87]  [158/159]  eta: 0:00:01  lr: 0.000004  min_lr: 0.000004  loss: 0.0000 (0.0000)  weight_decay: 0.0500 (0.0500)  grad_norm: 0.0000 (0.0000)  time: 0.6646  data: 0.0002  max mem: 30401
Epoch: [87] Total time: 0:02:46 (1.0451 s / it)
Averaged stats: lr: 0.000004  min_lr: 0.000004  loss: 0.0000 (0.0000)  weight_decay: 0.0500 (0.0500)  grad_norm: 0.0000 (0.0000)
Epoch: [88]  [  0/159]  eta: 2:22:33  lr: 0.000004  min_lr: 0.000004  loss: 0.0000 (0.0000)  weight_decay: 0.0500 (0.0500)  grad_norm: 0.0000 (0.0000)  time: 53.7977  data: 35.7586  max mem: 30401
Epoch: [88]  [ 10/159]  eta: 0:14:15  lr: 0.000004  min_lr: 0.000004  loss: 0.0000 (0.0000)  weight_decay: 0.0500 (0.0500)  grad_norm: 0.0000 (0.0000)  time: 5.7383  data: 3.2516  max mem: 30401
Epoch: [88]  [ 20/159]  eta: 0:07:49  lr: 0.000004  min_lr: 0.000004  loss: 0.0000 (0.0000)  weight_decay: 0.0500 (0.0500)  grad_norm: 0.0000 (0.0000)  time: 0.8572  data: 0.0006  max mem: 30401
Epoch: [88]  [ 30/159]  eta: 0:05:19  lr: 0.000004  min_lr: 0.000004  loss: 0.0000 (0.0000)  weight_decay: 0.0500 (0.0500)  grad_norm: 0.0000 (0.0000)  time: 0.6861  data: 0.0003  max mem: 30401
Epoch: [88]  [ 40/159]  eta: 0:03:59  lr: 0.000004  min_lr: 0.000004  loss: 0.0000 (0.0000)  weight_decay: 0.0500 (0.0500)  grad_norm: 0.0000 (0.0000)  time: 0.5864  data: 0.0002  max mem: 30401
Epoch: [88]  [ 50/159]  eta: 0:03:09  lr: 0.000004  min_lr: 0.000004  loss: 0.0000 (0.0000)  weight_decay: 0.0500 (0.0500)  grad_norm: 0.0000 (0.0000)  time: 0.5799  data: 0.0002  max mem: 30401
Epoch: [88]  [ 60/159]  eta: 0:02:32  lr: 0.000004  min_lr: 0.000004  loss: 0.0000 (0.0000)  weight_decay: 0.0500 (0.0500)  grad_norm: 0.0000 (0.0000)  time: 0.5776  data: 0.0002  max mem: 30401
Epoch: [88]  [ 70/159]  eta: 0:02:05  lr: 0.000004  min_lr: 0.000004  loss: 0.0000 (0.0000)  weight_decay: 0.0500 (0.0500)  grad_norm: 0.0000 (0.0000)  time: 0.5809  data: 0.0002  max mem: 30401
Epoch: [88]  [ 80/159]  eta: 0:01:43  lr: 0.000004  min_lr: 0.000004  loss: 0.0000 (0.0000)  weight_decay: 0.0500 (0.0500)  grad_norm: 0.0000 (0.0000)  time: 0.5843  data: 0.0002  max mem: 30401
Epoch: [88]  [ 90/159]  eta: 0:01:24  lr: 0.000004  min_lr: 0.000004  loss: 0.0000 (0.0000)  weight_decay: 0.0500 (0.0500)  grad_norm: 0.0000 (0.0000)  time: 0.5842  data: 0.0002  max mem: 30401
Epoch: [88]  [100/159]  eta: 0:01:08  lr: 0.000004  min_lr: 0.000004  loss: 0.0000 (0.0000)  weight_decay: 0.0500 (0.0500)  grad_norm: 0.0000 (0.0000)  time: 0.5848  data: 0.0002  max mem: 30401
Epoch: [88]  [110/159]  eta: 0:00:54  lr: 0.000004  min_lr: 0.000004  loss: 0.0000 (0.0000)  weight_decay: 0.0500 (0.0500)  grad_norm: 0.0000 (0.0000)  time: 0.5894  data: 0.0002  max mem: 30401
Epoch: [88]  [120/159]  eta: 0:00:41  lr: 0.000004  min_lr: 0.000004  loss: 0.0000 (0.0000)  weight_decay: 0.0500 (0.0500)  grad_norm: 0.0000 (0.0000)  time: 0.5908  data: 0.0002  max mem: 30401
Epoch: [88]  [130/159]  eta: 0:00:29  lr: 0.000004  min_lr: 0.000004  loss: 0.0000 (0.0000)  weight_decay: 0.0500 (0.0500)  grad_norm: 0.0000 (0.0000)  time: 0.5850  data: 0.0002  max mem: 30401
Epoch: [88]  [140/159]  eta: 0:00:19  lr: 0.000004  min_lr: 0.000004  loss: 0.0000 (0.0000)  weight_decay: 0.0500 (0.0500)  grad_norm: 0.0000 (0.0000)  time: 0.5802  data: 0.0001  max mem: 30401
Epoch: [88]  [150/159]  eta: 0:00:08  lr: 0.000004  min_lr: 0.000004  loss: 0.0000 (0.0000)  weight_decay: 0.0500 (0.0500)  grad_norm: 0.0000 (0.0000)  time: 0.6462  data: 0.0001  max mem: 30401
Epoch: [88]  [158/159]  eta: 0:00:00  lr: 0.000004  min_lr: 0.000004  loss: 0.0000 (0.0000)  weight_decay: 0.0500 (0.0500)  grad_norm: 0.0000 (0.0000)  time: 0.6772  data: 0.0002  max mem: 30401
Epoch: [88] Total time: 0:02:34 (0.9737 s / it)
Averaged stats: lr: 0.000004  min_lr: 0.000004  loss: 0.0000 (0.0000)  weight_decay: 0.0500 (0.0500)  grad_norm: 0.0000 (0.0000)
Epoch: [89]  [  0/159]  eta: 2:28:04  lr: 0.000004  min_lr: 0.000004  loss: 0.0000 (0.0000)  weight_decay: 0.0500 (0.0500)  grad_norm: 0.0000 (0.0000)  time: 55.8757  data: 46.6039  max mem: 30401
Epoch: [89]  [ 10/159]  eta: 0:14:55  lr: 0.000004  min_lr: 0.000004  loss: 0.0000 (0.0000)  weight_decay: 0.0500 (0.0500)  grad_norm: 0.0000 (0.0000)  time: 6.0100  data: 4.2370  max mem: 30401
Epoch: [89]  [ 20/159]  eta: 0:08:00  lr: 0.000004  min_lr: 0.000004  loss: 0.0000 (0.0000)  weight_decay: 0.0500 (0.0500)  grad_norm: 0.0000 (0.0000)  time: 0.8334  data: 0.0003  max mem: 30401
Epoch: [89]  [ 30/159]  eta: 0:05:26  lr: 0.000004  min_lr: 0.000004  loss: 0.0000 (0.0000)  weight_decay: 0.0500 (0.0500)  grad_norm: 0.0000 (0.0000)  time: 0.6163  data: 0.0002  max mem: 30401
Epoch: [89]  [ 40/159]  eta: 0:04:04  lr: 0.000003  min_lr: 0.000003  loss: 0.0000 (0.0000)  weight_decay: 0.0500 (0.0500)  grad_norm: 0.0000 (0.0000)  time: 0.5858  data: 0.0002  max mem: 30401
Epoch: [89]  [ 50/159]  eta: 0:03:12  lr: 0.000003  min_lr: 0.000003  loss: 0.0000 (0.0000)  weight_decay: 0.0500 (0.0500)  grad_norm: 0.0000 (0.0000)  time: 0.5832  data: 0.0002  max mem: 30401
Epoch: [89]  [ 60/159]  eta: 0:02:36  lr: 0.000003  min_lr: 0.000003  loss: 0.0000 (0.0000)  weight_decay: 0.0500 (0.0500)  grad_norm: 0.0000 (0.0000)  time: 0.6026  data: 0.0002  max mem: 30401
Epoch: [89]  [ 70/159]  eta: 0:02:08  lr: 0.000003  min_lr: 0.000003  loss: 0.0000 (0.0000)  weight_decay: 0.0500 (0.0500)  grad_norm: 0.0000 (0.0000)  time: 0.6364  data: 0.0002  max mem: 30401
Epoch: [89]  [ 80/159]  eta: 0:01:46  lr: 0.000003  min_lr: 0.000003  loss: 0.0000 (0.0000)  weight_decay: 0.0500 (0.0500)  grad_norm: 0.0000 (0.0000)  time: 0.6220  data: 0.0001  max mem: 30401
Epoch: [89]  [ 90/159]  eta: 0:01:26  lr: 0.000003  min_lr: 0.000003  loss: 0.0000 (0.0000)  weight_decay: 0.0500 (0.0500)  grad_norm: 0.0000 (0.0000)  time: 0.5880  data: 0.0001  max mem: 30401
Epoch: [89]  [100/159]  eta: 0:01:10  lr: 0.000003  min_lr: 0.000003  loss: 0.0000 (0.0000)  weight_decay: 0.0500 (0.0500)  grad_norm: 0.0000 (0.0000)  time: 0.5826  data: 0.0002  max mem: 30401
Epoch: [89]  [110/159]  eta: 0:00:55  lr: 0.000003  min_lr: 0.000003  loss: 0.0000 (0.0000)  weight_decay: 0.0500 (0.0500)  grad_norm: 0.0000 (0.0000)  time: 0.5809  data: 0.0002  max mem: 30401
Epoch: [89]  [120/159]  eta: 0:00:42  lr: 0.000003  min_lr: 0.000003  loss: 0.0000 (0.0000)  weight_decay: 0.0500 (0.0500)  grad_norm: 0.0000 (0.0000)  time: 0.5804  data: 0.0002  max mem: 30401
Epoch: [89]  [130/159]  eta: 0:00:30  lr: 0.000003  min_lr: 0.000003  loss: 0.0000 (0.0000)  weight_decay: 0.0500 (0.0500)  grad_norm: 0.0000 (0.0000)  time: 0.5877  data: 0.0001  max mem: 30401
Epoch: [89]  [140/159]  eta: 0:00:19  lr: 0.000003  min_lr: 0.000003  loss: 0.0000 (0.0000)  weight_decay: 0.0500 (0.0500)  grad_norm: 0.0000 (0.0000)  time: 0.6332  data: 0.0002  max mem: 30401
Epoch: [89]  [150/159]  eta: 0:00:09  lr: 0.000003  min_lr: 0.000003  loss: 0.0000 (0.0000)  weight_decay: 0.0500 (0.0500)  grad_norm: 0.0000 (0.0000)  time: 0.6654  data: 0.0002  max mem: 30401
Epoch: [89]  [158/159]  eta: 0:00:00  lr: 0.000003  min_lr: 0.000003  loss: 0.0000 (0.0000)  weight_decay: 0.0500 (0.0500)  grad_norm: 0.0000 (0.0000)  time: 0.6668  data: 0.0002  max mem: 30401
Epoch: [89] Total time: 0:02:38 (0.9949 s / it)
Averaged stats: lr: 0.000003  min_lr: 0.000003  loss: 0.0000 (0.0000)  weight_decay: 0.0500 (0.0500)  grad_norm: 0.0000 (0.0000)
Epoch: [90]  [  0/159]  eta: 2:18:55  lr: 0.000003  min_lr: 0.000003  loss: 0.0000 (0.0000)  weight_decay: 0.0500 (0.0500)  grad_norm: 0.0000 (0.0000)  time: 52.4267  data: 36.3266  max mem: 30401
Epoch: [90]  [ 10/159]  eta: 0:14:25  lr: 0.000003  min_lr: 0.000003  loss: 0.0000 (0.0000)  weight_decay: 0.0500 (0.0500)  grad_norm: 0.0000 (0.0000)  time: 5.8085  data: 3.3028  max mem: 30401
Epoch: [90]  [ 20/159]  eta: 0:07:52  lr: 0.000003  min_lr: 0.000003  loss: 0.0000 (0.0000)  weight_decay: 0.0500 (0.0500)  grad_norm: 0.0000 (0.0000)  time: 0.9458  data: 0.0003  max mem: 30401
Epoch: [90]  [ 30/159]  eta: 0:05:26  lr: 0.000003  min_lr: 0.000003  loss: 0.0000 (0.0000)  weight_decay: 0.0500 (0.0500)  grad_norm: 0.0000 (0.0000)  time: 0.7233  data: 0.0003  max mem: 30401
Epoch: [90]  [ 40/159]  eta: 0:04:08  lr: 0.000003  min_lr: 0.000003  loss: 0.0000 (0.0000)  weight_decay: 0.0500 (0.0500)  grad_norm: 0.0000 (0.0000)  time: 0.7067  data: 0.0002  max mem: 30401
Epoch: [90]  [ 50/159]  eta: 0:03:17  lr: 0.000003  min_lr: 0.000003  loss: 0.0000 (0.0000)  weight_decay: 0.0500 (0.0500)  grad_norm: 0.0000 (0.0000)  time: 0.7025  data: 0.0002  max mem: 30401
Epoch: [90]  [ 60/159]  eta: 0:02:41  lr: 0.000003  min_lr: 0.000003  loss: 0.0000 (0.0000)  weight_decay: 0.0500 (0.0500)  grad_norm: 0.0000 (0.0000)  time: 0.6957  data: 0.0002  max mem: 30401
Epoch: [90]  [ 70/159]  eta: 0:02:12  lr: 0.000003  min_lr: 0.000003  loss: 0.0000 (0.0000)  weight_decay: 0.0500 (0.0500)  grad_norm: 0.0000 (0.0000)  time: 0.6841  data: 0.0002  max mem: 30401
Epoch: [90]  [ 80/159]  eta: 0:01:49  lr: 0.000003  min_lr: 0.000003  loss: 0.0000 (0.0000)  weight_decay: 0.0500 (0.0500)  grad_norm: 0.0000 (0.0000)  time: 0.6451  data: 0.0002  max mem: 30401
Epoch: [90]  [ 90/159]  eta: 0:01:29  lr: 0.000003  min_lr: 0.000003  loss: 0.0000 (0.0000)  weight_decay: 0.0500 (0.0500)  grad_norm: 0.0000 (0.0000)  time: 0.6089  data: 0.0002  max mem: 30401
Epoch: [90]  [100/159]  eta: 0:01:12  lr: 0.000003  min_lr: 0.000003  loss: 0.0000 (0.0000)  weight_decay: 0.0500 (0.0500)  grad_norm: 0.0000 (0.0000)  time: 0.5958  data: 0.0002  max mem: 30401
Epoch: [90]  [110/159]  eta: 0:00:58  lr: 0.000003  min_lr: 0.000003  loss: 0.0000 (0.0000)  weight_decay: 0.0500 (0.0500)  grad_norm: 0.0000 (0.0000)  time: 0.6621  data: 0.0002  max mem: 30401
Epoch: [90]  [120/159]  eta: 0:00:44  lr: 0.000003  min_lr: 0.000003  loss: 0.0000 (0.0000)  weight_decay: 0.0500 (0.0500)  grad_norm: 0.0000 (0.0000)  time: 0.7151  data: 0.0002  max mem: 30401
Epoch: [90]  [130/159]  eta: 0:00:32  lr: 0.000003  min_lr: 0.000003  loss: 0.0000 (0.0000)  weight_decay: 0.0500 (0.0500)  grad_norm: 0.0000 (0.0000)  time: 0.6831  data: 0.0002  max mem: 30401
Epoch: [90]  [140/159]  eta: 0:00:20  lr: 0.000003  min_lr: 0.000003  loss: 0.0000 (0.0000)  weight_decay: 0.0500 (0.0500)  grad_norm: 0.0000 (0.0000)  time: 0.6930  data: 0.0002  max mem: 30401
Epoch: [90]  [150/159]  eta: 0:00:09  lr: 0.000002  min_lr: 0.000002  loss: 0.0000 (0.0000)  weight_decay: 0.0500 (0.0500)  grad_norm: 0.0000 (0.0000)  time: 0.6840  data: 0.0002  max mem: 30401
Epoch: [90]  [158/159]  eta: 0:00:01  lr: 0.000002  min_lr: 0.000002  loss: 0.0000 (0.0000)  weight_decay: 0.0500 (0.0500)  grad_norm: 0.0000 (0.0000)  time: 0.6503  data: 0.0002  max mem: 30401
Epoch: [90] Total time: 0:02:45 (1.0398 s / it)
Averaged stats: lr: 0.000002  min_lr: 0.000002  loss: 0.0000 (0.0000)  weight_decay: 0.0500 (0.0500)  grad_norm: 0.0000 (0.0000)
[Eval]   [0/2]  eta: 0:00:14  loss: 0.0000 (0.0000)  time: 7.4402  data: 7.2770  max mem: 30401
[Eval]   [1/2]  eta: 0:00:03  loss: 0.0000 (0.0000)  time: 3.7721  data: 3.6386  max mem: 30401
[Eval]  Total time: 0:00:08 (4.0212 s / it)
Eval averaged stats: loss: 0.0000 (0.0000)
Logged 9 eval images
Epoch: [91]  [  0/159]  eta: 1:55:38  lr: 0.000002  min_lr: 0.000002  loss: 0.0000 (0.0000)  weight_decay: 0.0500 (0.0500)  grad_norm: 0.0000 (0.0000)  time: 43.6382  data: 42.6588  max mem: 30401
Epoch: [91]  [ 10/159]  eta: 0:12:02  lr: 0.000002  min_lr: 0.000002  loss: 0.0000 (0.0000)  weight_decay: 0.0500 (0.0500)  grad_norm: 0.0000 (0.0000)  time: 4.8468  data: 4.0538  max mem: 30401
Epoch: [91]  [ 20/159]  eta: 0:06:40  lr: 0.000002  min_lr: 0.000002  loss: 0.0000 (0.0000)  weight_decay: 0.0500 (0.0500)  grad_norm: 0.0000 (0.0000)  time: 0.8437  data: 0.0968  max mem: 30401
Epoch: [91]  [ 30/159]  eta: 0:04:36  lr: 0.000002  min_lr: 0.000002  loss: 0.0000 (0.0000)  weight_decay: 0.0500 (0.0500)  grad_norm: 0.0000 (0.0000)  time: 0.6596  data: 0.0003  max mem: 30401
Epoch: [91]  [ 40/159]  eta: 0:03:30  lr: 0.000002  min_lr: 0.000002  loss: 0.0000 (0.0000)  weight_decay: 0.0500 (0.0500)  grad_norm: 0.0000 (0.0000)  time: 0.5983  data: 0.0002  max mem: 30401
Epoch: [91]  [ 50/159]  eta: 0:02:47  lr: 0.000002  min_lr: 0.000002  loss: 0.0000 (0.0000)  weight_decay: 0.0500 (0.0500)  grad_norm: 0.0000 (0.0000)  time: 0.5968  data: 0.0002  max mem: 30401
Epoch: [91]  [ 60/159]  eta: 0:02:16  lr: 0.000002  min_lr: 0.000002  loss: 0.0000 (0.0000)  weight_decay: 0.0500 (0.0500)  grad_norm: 0.0000 (0.0000)  time: 0.5961  data: 0.0002  max mem: 30401
Epoch: [91]  [ 70/159]  eta: 0:01:53  lr: 0.000002  min_lr: 0.000002  loss: 0.0000 (0.0000)  weight_decay: 0.0500 (0.0500)  grad_norm: 0.0000 (0.0000)  time: 0.5991  data: 0.0002  max mem: 30401
Epoch: [91]  [ 80/159]  eta: 0:01:34  lr: 0.000002  min_lr: 0.000002  loss: 0.0000 (0.0000)  weight_decay: 0.0500 (0.0500)  grad_norm: 0.0000 (0.0000)  time: 0.6010  data: 0.0002  max mem: 30401
Epoch: [91]  [ 90/159]  eta: 0:01:17  lr: 0.000002  min_lr: 0.000002  loss: 0.0000 (0.0000)  weight_decay: 0.0500 (0.0500)  grad_norm: 0.0000 (0.0000)  time: 0.5977  data: 0.0002  max mem: 30401
Epoch: [91]  [100/159]  eta: 0:01:03  lr: 0.000002  min_lr: 0.000002  loss: 0.0000 (0.0000)  weight_decay: 0.0500 (0.0500)  grad_norm: 0.0000 (0.0000)  time: 0.6097  data: 0.0002  max mem: 30401
Epoch: [91]  [110/159]  eta: 0:00:50  lr: 0.000002  min_lr: 0.000002  loss: 0.0000 (0.0000)  weight_decay: 0.0500 (0.0500)  grad_norm: 0.0000 (0.0000)  time: 0.6341  data: 0.0002  max mem: 30401
Epoch: [91]  [120/159]  eta: 0:00:38  lr: 0.000002  min_lr: 0.000002  loss: 0.0000 (0.0000)  weight_decay: 0.0500 (0.0500)  grad_norm: 0.0000 (0.0000)  time: 0.6105  data: 0.0002  max mem: 30401
Epoch: [91]  [130/159]  eta: 0:00:28  lr: 0.000002  min_lr: 0.000002  loss: 0.0000 (0.0000)  weight_decay: 0.0500 (0.0500)  grad_norm: 0.0000 (0.0000)  time: 0.5762  data: 0.0002  max mem: 30401
Epoch: [91]  [140/159]  eta: 0:00:17  lr: 0.000002  min_lr: 0.000002  loss: 0.0000 (0.0000)  weight_decay: 0.0500 (0.0500)  grad_norm: 0.0000 (0.0000)  time: 0.5765  data: 0.0002  max mem: 30401
Epoch: [91]  [150/159]  eta: 0:00:08  lr: 0.000002  min_lr: 0.000002  loss: 0.0000 (0.0000)  weight_decay: 0.0500 (0.0500)  grad_norm: 0.0000 (0.0000)  time: 0.5770  data: 0.0001  max mem: 30401
Epoch: [91]  [158/159]  eta: 0:00:00  lr: 0.000002  min_lr: 0.000002  loss: 0.0000 (0.0000)  weight_decay: 0.0500 (0.0500)  grad_norm: 0.0000 (0.0000)  time: 0.5772  data: 0.0001  max mem: 30401
Epoch: [91] Total time: 0:02:24 (0.9075 s / it)
Averaged stats: lr: 0.000002  min_lr: 0.000002  loss: 0.0000 (0.0000)  weight_decay: 0.0500 (0.0500)  grad_norm: 0.0000 (0.0000)
Epoch: [92]  [  0/159]  eta: 2:22:11  lr: 0.000002  min_lr: 0.000002  loss: 0.0000 (0.0000)  weight_decay: 0.0500 (0.0500)  grad_norm: 0.0000 (0.0000)  time: 53.6587  data: 44.5852  max mem: 30401
Epoch: [92]  [ 10/159]  eta: 0:14:23  lr: 0.000002  min_lr: 0.000002  loss: 0.0000 (0.0000)  weight_decay: 0.0500 (0.0500)  grad_norm: 0.0000 (0.0000)  time: 5.7921  data: 4.0536  max mem: 30401
Epoch: [92]  [ 20/159]  eta: 0:07:52  lr: 0.000002  min_lr: 0.000002  loss: 0.0000 (0.0000)  weight_decay: 0.0500 (0.0500)  grad_norm: 0.0000 (0.0000)  time: 0.8888  data: 0.0004  max mem: 30401
Epoch: [92]  [ 30/159]  eta: 0:05:21  lr: 0.000002  min_lr: 0.000002  loss: 0.0000 (0.0000)  weight_decay: 0.0500 (0.0500)  grad_norm: 0.0000 (0.0000)  time: 0.6772  data: 0.0002  max mem: 30401
Epoch: [92]  [ 40/159]  eta: 0:04:01  lr: 0.000002  min_lr: 0.000002  loss: 0.0000 (0.0000)  weight_decay: 0.0500 (0.0500)  grad_norm: 0.0000 (0.0000)  time: 0.5875  data: 0.0002  max mem: 30401
Epoch: [92]  [ 50/159]  eta: 0:03:10  lr: 0.000002  min_lr: 0.000002  loss: 0.0000 (0.0000)  weight_decay: 0.0500 (0.0500)  grad_norm: 0.0000 (0.0000)  time: 0.5875  data: 0.0002  max mem: 30401
Epoch: [92]  [ 60/159]  eta: 0:02:33  lr: 0.000002  min_lr: 0.000002  loss: 0.0000 (0.0000)  weight_decay: 0.0500 (0.0500)  grad_norm: 0.0000 (0.0000)  time: 0.5803  data: 0.0002  max mem: 30401
Epoch: [92]  [ 70/159]  eta: 0:02:06  lr: 0.000002  min_lr: 0.000002  loss: 0.0000 (0.0000)  weight_decay: 0.0500 (0.0500)  grad_norm: 0.0000 (0.0000)  time: 0.5782  data: 0.0001  max mem: 30401
Epoch: [92]  [ 80/159]  eta: 0:01:43  lr: 0.000002  min_lr: 0.000002  loss: 0.0000 (0.0000)  weight_decay: 0.0500 (0.0500)  grad_norm: 0.0000 (0.0000)  time: 0.5791  data: 0.0001  max mem: 30401
Epoch: [92]  [ 90/159]  eta: 0:01:25  lr: 0.000002  min_lr: 0.000002  loss: 0.0000 (0.0000)  weight_decay: 0.0500 (0.0500)  grad_norm: 0.0000 (0.0000)  time: 0.5779  data: 0.0001  max mem: 30401
Epoch: [92]  [100/159]  eta: 0:01:08  lr: 0.000002  min_lr: 0.000002  loss: 0.0000 (0.0000)  weight_decay: 0.0500 (0.0500)  grad_norm: 0.0000 (0.0000)  time: 0.5760  data: 0.0001  max mem: 30401
Epoch: [92]  [110/159]  eta: 0:00:54  lr: 0.000002  min_lr: 0.000002  loss: 0.0000 (0.0000)  weight_decay: 0.0500 (0.0500)  grad_norm: 0.0000 (0.0000)  time: 0.5976  data: 0.0002  max mem: 30401
Epoch: [92]  [120/159]  eta: 0:00:42  lr: 0.000002  min_lr: 0.000002  loss: 0.0000 (0.0000)  weight_decay: 0.0500 (0.0500)  grad_norm: 0.0000 (0.0000)  time: 0.6333  data: 0.0002  max mem: 30401
Epoch: [92]  [130/159]  eta: 0:00:30  lr: 0.000002  min_lr: 0.000002  loss: 0.0000 (0.0000)  weight_decay: 0.0500 (0.0500)  grad_norm: 0.0000 (0.0000)  time: 0.6271  data: 0.0001  max mem: 30401
Epoch: [92]  [140/159]  eta: 0:00:19  lr: 0.000002  min_lr: 0.000002  loss: 0.0000 (0.0000)  weight_decay: 0.0500 (0.0500)  grad_norm: 0.0000 (0.0000)  time: 0.5944  data: 0.0001  max mem: 30401
Epoch: [92]  [150/159]  eta: 0:00:08  lr: 0.000002  min_lr: 0.000002  loss: 0.0000 (0.0000)  weight_decay: 0.0500 (0.0500)  grad_norm: 0.0000 (0.0000)  time: 0.5818  data: 0.0001  max mem: 30401
Epoch: [92]  [158/159]  eta: 0:00:00  lr: 0.000001  min_lr: 0.000001  loss: 0.0000 (0.0000)  weight_decay: 0.0500 (0.0500)  grad_norm: 0.0000 (0.0000)  time: 0.5841  data: 0.0002  max mem: 30401
Epoch: [92] Total time: 0:02:34 (0.9713 s / it)
Averaged stats: lr: 0.000001  min_lr: 0.000001  loss: 0.0000 (0.0000)  weight_decay: 0.0500 (0.0500)  grad_norm: 0.0000 (0.0000)
Epoch: [93]  [  0/159]  eta: 2:24:59  lr: 0.000001  min_lr: 0.000001  loss: 0.0000 (0.0000)  weight_decay: 0.0500 (0.0500)  grad_norm: 0.0000 (0.0000)  time: 54.7123  data: 47.4899  max mem: 30401
Epoch: [93]  [ 10/159]  eta: 0:14:36  lr: 0.000001  min_lr: 0.000001  loss: 0.0000 (0.0000)  weight_decay: 0.0500 (0.0500)  grad_norm: 0.0000 (0.0000)  time: 5.8818  data: 4.3179  max mem: 30401
Epoch: [93]  [ 20/159]  eta: 0:07:59  lr: 0.000001  min_lr: 0.000001  loss: 0.0000 (0.0000)  weight_decay: 0.0500 (0.0500)  grad_norm: 0.0000 (0.0000)  time: 0.8893  data: 0.0004  max mem: 30401
Epoch: [93]  [ 30/159]  eta: 0:05:32  lr: 0.000001  min_lr: 0.000001  loss: 0.0000 (0.0000)  weight_decay: 0.0500 (0.0500)  grad_norm: 0.0000 (0.0000)  time: 0.7590  data: 0.0002  max mem: 30401
Epoch: [93]  [ 40/159]  eta: 0:04:12  lr: 0.000001  min_lr: 0.000001  loss: 0.0000 (0.0000)  weight_decay: 0.0500 (0.0500)  grad_norm: 0.0000 (0.0000)  time: 0.7250  data: 0.0001  max mem: 30401
Epoch: [93]  [ 50/159]  eta: 0:03:20  lr: 0.000001  min_lr: 0.000001  loss: 0.0000 (0.0000)  weight_decay: 0.0500 (0.0500)  grad_norm: 0.0000 (0.0000)  time: 0.7045  data: 0.0001  max mem: 30401
Epoch: [93]  [ 60/159]  eta: 0:02:43  lr: 0.000001  min_lr: 0.000001  loss: 0.0000 (0.0000)  weight_decay: 0.0500 (0.0500)  grad_norm: 0.0000 (0.0000)  time: 0.6995  data: 0.0001  max mem: 30401
Epoch: [93]  [ 70/159]  eta: 0:02:15  lr: 0.000001  min_lr: 0.000001  loss: 0.0000 (0.0000)  weight_decay: 0.0500 (0.0500)  grad_norm: 0.0000 (0.0000)  time: 0.6921  data: 0.0001  max mem: 30401
Epoch: [93]  [ 80/159]  eta: 0:01:52  lr: 0.000001  min_lr: 0.000001  loss: 0.0000 (0.0000)  weight_decay: 0.0500 (0.0500)  grad_norm: 0.0000 (0.0000)  time: 0.6940  data: 0.0002  max mem: 30401
Epoch: [93]  [ 90/159]  eta: 0:01:32  lr: 0.000001  min_lr: 0.000001  loss: 0.0000 (0.0000)  weight_decay: 0.0500 (0.0500)  grad_norm: 0.0000 (0.0000)  time: 0.6914  data: 0.0002  max mem: 30401
Epoch: [93]  [100/159]  eta: 0:01:15  lr: 0.000001  min_lr: 0.000001  loss: 0.0000 (0.0000)  weight_decay: 0.0500 (0.0500)  grad_norm: 0.0000 (0.0000)  time: 0.6792  data: 0.0001  max mem: 30401
Epoch: [93]  [110/159]  eta: 0:00:59  lr: 0.000001  min_lr: 0.000001  loss: 0.0000 (0.0000)  weight_decay: 0.0500 (0.0500)  grad_norm: 0.0000 (0.0000)  time: 0.6828  data: 0.0002  max mem: 30401
Epoch: [93]  [120/159]  eta: 0:00:45  lr: 0.000001  min_lr: 0.000001  loss: 0.0000 (0.0000)  weight_decay: 0.0500 (0.0500)  grad_norm: 0.0000 (0.0000)  time: 0.6764  data: 0.0002  max mem: 30401
Epoch: [93]  [130/159]  eta: 0:00:32  lr: 0.000001  min_lr: 0.000001  loss: 0.0000 (0.0000)  weight_decay: 0.0500 (0.0500)  grad_norm: 0.0000 (0.0000)  time: 0.6673  data: 0.0002  max mem: 30401
Epoch: [93]  [140/159]  eta: 0:00:20  lr: 0.000001  min_lr: 0.000001  loss: 0.0000 (0.0000)  weight_decay: 0.0500 (0.0500)  grad_norm: 0.0000 (0.0000)  time: 0.6830  data: 0.0002  max mem: 30401
Epoch: [93]  [150/159]  eta: 0:00:09  lr: 0.000001  min_lr: 0.000001  loss: 0.0000 (0.0000)  weight_decay: 0.0500 (0.0500)  grad_norm: 0.0000 (0.0000)  time: 0.6892  data: 0.0002  max mem: 30401
Epoch: [93]  [158/159]  eta: 0:00:01  lr: 0.000001  min_lr: 0.000001  loss: 0.0000 (0.0000)  weight_decay: 0.0500 (0.0500)  grad_norm: 0.0000 (0.0000)  time: 0.6787  data: 0.0001  max mem: 30401
Epoch: [93] Total time: 0:02:49 (1.0646 s / it)
Averaged stats: lr: 0.000001  min_lr: 0.000001  loss: 0.0000 (0.0000)  weight_decay: 0.0500 (0.0500)  grad_norm: 0.0000 (0.0000)
Epoch: [94]  [  0/159]  eta: 2:27:27  lr: 0.000001  min_lr: 0.000001  loss: 0.0000 (0.0000)  weight_decay: 0.0500 (0.0500)  grad_norm: 0.0000 (0.0000)  time: 55.6433  data: 30.2901  max mem: 30401
Epoch: [94]  [ 10/159]  eta: 0:14:41  lr: 0.000001  min_lr: 0.000001  loss: 0.0000 (0.0000)  weight_decay: 0.0500 (0.0500)  grad_norm: 0.0000 (0.0000)  time: 5.9184  data: 2.7540  max mem: 30401
Epoch: [94]  [ 20/159]  eta: 0:07:55  lr: 0.000001  min_lr: 0.000001  loss: 0.0000 (0.0000)  weight_decay: 0.0500 (0.0500)  grad_norm: 0.0000 (0.0000)  time: 0.8120  data: 0.0003  max mem: 30401
Epoch: [94]  [ 30/159]  eta: 0:05:23  lr: 0.000001  min_lr: 0.000001  loss: 0.0000 (0.0000)  weight_decay: 0.0500 (0.0500)  grad_norm: 0.0000 (0.0000)  time: 0.6304  data: 0.0002  max mem: 30401
Epoch: [94]  [ 40/159]  eta: 0:04:02  lr: 0.000001  min_lr: 0.000001  loss: 0.0000 (0.0000)  weight_decay: 0.0500 (0.0500)  grad_norm: 0.0000 (0.0000)  time: 0.5836  data: 0.0002  max mem: 30401
Epoch: [94]  [ 50/159]  eta: 0:03:11  lr: 0.000001  min_lr: 0.000001  loss: 0.0000 (0.0000)  weight_decay: 0.0500 (0.0500)  grad_norm: 0.0000 (0.0000)  time: 0.5982  data: 0.0002  max mem: 30401
Epoch: [94]  [ 60/159]  eta: 0:02:35  lr: 0.000001  min_lr: 0.000001  loss: 0.0000 (0.0000)  weight_decay: 0.0500 (0.0500)  grad_norm: 0.0000 (0.0000)  time: 0.6078  data: 0.0002  max mem: 30401
Epoch: [94]  [ 70/159]  eta: 0:02:07  lr: 0.000001  min_lr: 0.000001  loss: 0.0000 (0.0000)  weight_decay: 0.0500 (0.0500)  grad_norm: 0.0000 (0.0000)  time: 0.5957  data: 0.0002  max mem: 30401
Epoch: [94]  [ 80/159]  eta: 0:01:44  lr: 0.000001  min_lr: 0.000001  loss: 0.0000 (0.0000)  weight_decay: 0.0500 (0.0500)  grad_norm: 0.0000 (0.0000)  time: 0.5852  data: 0.0002  max mem: 30401
Epoch: [94]  [ 90/159]  eta: 0:01:25  lr: 0.000001  min_lr: 0.000001  loss: 0.0000 (0.0000)  weight_decay: 0.0500 (0.0500)  grad_norm: 0.0000 (0.0000)  time: 0.5832  data: 0.0002  max mem: 30401
Epoch: [94]  [100/159]  eta: 0:01:09  lr: 0.000001  min_lr: 0.000001  loss: 0.0000 (0.0000)  weight_decay: 0.0500 (0.0500)  grad_norm: 0.0000 (0.0000)  time: 0.5837  data: 0.0002  max mem: 30401
Epoch: [94]  [110/159]  eta: 0:00:55  lr: 0.000001  min_lr: 0.000001  loss: 0.0000 (0.0000)  weight_decay: 0.0500 (0.0500)  grad_norm: 0.0000 (0.0000)  time: 0.5820  data: 0.0002  max mem: 30401
Epoch: [94]  [120/159]  eta: 0:00:42  lr: 0.000001  min_lr: 0.000001  loss: 0.0000 (0.0000)  weight_decay: 0.0500 (0.0500)  grad_norm: 0.0000 (0.0000)  time: 0.6536  data: 0.0002  max mem: 30401
Epoch: [94]  [130/159]  eta: 0:00:30  lr: 0.000001  min_lr: 0.000001  loss: 0.0000 (0.0000)  weight_decay: 0.0500 (0.0500)  grad_norm: 0.0000 (0.0000)  time: 0.6894  data: 0.0002  max mem: 30401
Epoch: [94]  [140/159]  eta: 0:00:19  lr: 0.000001  min_lr: 0.000001  loss: 0.0000 (0.0000)  weight_decay: 0.0500 (0.0500)  grad_norm: 0.0000 (0.0000)  time: 0.6329  data: 0.0002  max mem: 30401
Epoch: [94]  [150/159]  eta: 0:00:08  lr: 0.000001  min_lr: 0.000001  loss: 0.0000 (0.0000)  weight_decay: 0.0500 (0.0500)  grad_norm: 0.0000 (0.0000)  time: 0.6099  data: 0.0002  max mem: 30401
Epoch: [94]  [158/159]  eta: 0:00:00  lr: 0.000001  min_lr: 0.000001  loss: 0.0000 (0.0000)  weight_decay: 0.0500 (0.0500)  grad_norm: 0.0000 (0.0000)  time: 0.6035  data: 0.0002  max mem: 30401
Epoch: [94] Total time: 0:02:37 (0.9881 s / it)
Averaged stats: lr: 0.000001  min_lr: 0.000001  loss: 0.0000 (0.0000)  weight_decay: 0.0500 (0.0500)  grad_norm: 0.0000 (0.0000)
Epoch: [95]  [  0/159]  eta: 2:27:38  lr: 0.000001  min_lr: 0.000001  loss: 0.0000 (0.0000)  weight_decay: 0.0500 (0.0500)  grad_norm: 0.0000 (0.0000)  time: 55.7133  data: 35.5104  max mem: 30401
Epoch: [95]  [ 10/159]  eta: 0:14:59  lr: 0.000001  min_lr: 0.000001  loss: 0.0000 (0.0000)  weight_decay: 0.0500 (0.0500)  grad_norm: 0.0000 (0.0000)  time: 6.0372  data: 3.2285  max mem: 30401
Epoch: [95]  [ 20/159]  eta: 0:08:02  lr: 0.000001  min_lr: 0.000001  loss: 0.0000 (0.0000)  weight_decay: 0.0500 (0.0500)  grad_norm: 0.0000 (0.0000)  time: 0.8587  data: 0.0003  max mem: 30401
Epoch: [95]  [ 30/159]  eta: 0:05:30  lr: 0.000001  min_lr: 0.000001  loss: 0.0000 (0.0000)  weight_decay: 0.0500 (0.0500)  grad_norm: 0.0000 (0.0000)  time: 0.6528  data: 0.0002  max mem: 30401
Epoch: [95]  [ 40/159]  eta: 0:04:09  lr: 0.000001  min_lr: 0.000001  loss: 0.0000 (0.0000)  weight_decay: 0.0500 (0.0500)  grad_norm: 0.0000 (0.0000)  time: 0.6499  data: 0.0002  max mem: 30401
Epoch: [95]  [ 50/159]  eta: 0:03:16  lr: 0.000001  min_lr: 0.000001  loss: 0.0000 (0.0000)  weight_decay: 0.0500 (0.0500)  grad_norm: 0.0000 (0.0000)  time: 0.6156  data: 0.0002  max mem: 30401
Epoch: [95]  [ 60/159]  eta: 0:02:38  lr: 0.000001  min_lr: 0.000001  loss: 0.0000 (0.0000)  weight_decay: 0.0500 (0.0500)  grad_norm: 0.0000 (0.0000)  time: 0.5892  data: 0.0002  max mem: 30401
Epoch: [95]  [ 70/159]  eta: 0:02:09  lr: 0.000001  min_lr: 0.000001  loss: 0.0000 (0.0000)  weight_decay: 0.0500 (0.0500)  grad_norm: 0.0000 (0.0000)  time: 0.5854  data: 0.0002  max mem: 30401
Epoch: [95]  [ 80/159]  eta: 0:01:46  lr: 0.000001  min_lr: 0.000001  loss: 0.0000 (0.0000)  weight_decay: 0.0500 (0.0500)  grad_norm: 0.0000 (0.0000)  time: 0.5810  data: 0.0002  max mem: 30401
Epoch: [95]  [ 90/159]  eta: 0:01:27  lr: 0.000001  min_lr: 0.000001  loss: 0.0000 (0.0000)  weight_decay: 0.0500 (0.0500)  grad_norm: 0.0000 (0.0000)  time: 0.5805  data: 0.0001  max mem: 30401
Epoch: [95]  [100/159]  eta: 0:01:10  lr: 0.000001  min_lr: 0.000001  loss: 0.0000 (0.0000)  weight_decay: 0.0500 (0.0500)  grad_norm: 0.0000 (0.0000)  time: 0.5788  data: 0.0002  max mem: 30401
Epoch: [95]  [110/159]  eta: 0:00:55  lr: 0.000001  min_lr: 0.000001  loss: 0.0000 (0.0000)  weight_decay: 0.0500 (0.0500)  grad_norm: 0.0000 (0.0000)  time: 0.5781  data: 0.0002  max mem: 30401
Epoch: [95]  [120/159]  eta: 0:00:42  lr: 0.000001  min_lr: 0.000001  loss: 0.0000 (0.0000)  weight_decay: 0.0500 (0.0500)  grad_norm: 0.0000 (0.0000)  time: 0.5844  data: 0.0002  max mem: 30401
Epoch: [95]  [130/159]  eta: 0:00:30  lr: 0.000001  min_lr: 0.000001  loss: 0.0000 (0.0000)  weight_decay: 0.0500 (0.0500)  grad_norm: 0.0000 (0.0000)  time: 0.5914  data: 0.0002  max mem: 30401
Epoch: [95]  [140/159]  eta: 0:00:19  lr: 0.000001  min_lr: 0.000001  loss: 0.0000 (0.0000)  weight_decay: 0.0500 (0.0500)  grad_norm: 0.0000 (0.0000)  time: 0.6379  data: 0.0002  max mem: 30401
Epoch: [95]  [150/159]  eta: 0:00:09  lr: 0.000001  min_lr: 0.000001  loss: 0.0000 (0.0000)  weight_decay: 0.0500 (0.0500)  grad_norm: 0.0000 (0.0000)  time: 0.6835  data: 0.0002  max mem: 30401
Epoch: [95]  [158/159]  eta: 0:00:00  lr: 0.000000  min_lr: 0.000000  loss: 0.0000 (0.0000)  weight_decay: 0.0500 (0.0500)  grad_norm: 0.0000 (0.0000)  time: 0.6595  data: 0.0002  max mem: 30401
Epoch: [95] Total time: 0:02:38 (0.9972 s / it)
Averaged stats: lr: 0.000000  min_lr: 0.000000  loss: 0.0000 (0.0000)  weight_decay: 0.0500 (0.0500)  grad_norm: 0.0000 (0.0000)
Epoch: [96]  [  0/159]  eta: 2:45:44  lr: 0.000000  min_lr: 0.000000  loss: 0.0000 (0.0000)  weight_decay: 0.0500 (0.0500)  grad_norm: 0.0000 (0.0000)  time: 62.5427  data: 40.1433  max mem: 30401
Epoch: [96]  [ 10/159]  eta: 0:15:57  lr: 0.000000  min_lr: 0.000000  loss: 0.0000 (0.0000)  weight_decay: 0.0500 (0.0500)  grad_norm: 0.0000 (0.0000)  time: 6.4240  data: 3.6497  max mem: 30401
Epoch: [96]  [ 20/159]  eta: 0:08:36  lr: 0.000000  min_lr: 0.000000  loss: 0.0000 (0.0000)  weight_decay: 0.0500 (0.0500)  grad_norm: 0.0000 (0.0000)  time: 0.7758  data: 0.0002  max mem: 30401
Epoch: [96]  [ 30/159]  eta: 0:05:54  lr: 0.000000  min_lr: 0.000000  loss: 0.0000 (0.0000)  weight_decay: 0.0500 (0.0500)  grad_norm: 0.0000 (0.0000)  time: 0.7287  data: 0.0002  max mem: 30401
Epoch: [96]  [ 40/159]  eta: 0:04:28  lr: 0.000000  min_lr: 0.000000  loss: 0.0000 (0.0000)  weight_decay: 0.0500 (0.0500)  grad_norm: 0.0000 (0.0000)  time: 0.7154  data: 0.0002  max mem: 30401
Epoch: [96]  [ 50/159]  eta: 0:03:33  lr: 0.000000  min_lr: 0.000000  loss: 0.0000 (0.0000)  weight_decay: 0.0500 (0.0500)  grad_norm: 0.0000 (0.0000)  time: 0.7237  data: 0.0002  max mem: 30401
Epoch: [96]  [ 60/159]  eta: 0:02:53  lr: 0.000000  min_lr: 0.000000  loss: 0.0000 (0.0000)  weight_decay: 0.0500 (0.0500)  grad_norm: 0.0000 (0.0000)  time: 0.7188  data: 0.0002  max mem: 30401
Epoch: [96]  [ 70/159]  eta: 0:02:22  lr: 0.000000  min_lr: 0.000000  loss: 0.0000 (0.0000)  weight_decay: 0.0500 (0.0500)  grad_norm: 0.0000 (0.0000)  time: 0.7175  data: 0.0001  max mem: 30401
Epoch: [96]  [ 80/159]  eta: 0:01:57  lr: 0.000000  min_lr: 0.000000  loss: 0.0000 (0.0000)  weight_decay: 0.0500 (0.0500)  grad_norm: 0.0000 (0.0000)  time: 0.7103  data: 0.0001  max mem: 30401
Epoch: [96]  [ 90/159]  eta: 0:01:36  lr: 0.000000  min_lr: 0.000000  loss: 0.0000 (0.0000)  weight_decay: 0.0500 (0.0500)  grad_norm: 0.0000 (0.0000)  time: 0.6900  data: 0.0001  max mem: 30401
Epoch: [96]  [100/159]  eta: 0:01:19  lr: 0.000000  min_lr: 0.000000  loss: 0.0000 (0.0000)  weight_decay: 0.0500 (0.0500)  grad_norm: 0.0000 (0.0000)  time: 0.7200  data: 0.0001  max mem: 30401
Epoch: [96]  [110/159]  eta: 0:01:02  lr: 0.000000  min_lr: 0.000000  loss: 0.0000 (0.0000)  weight_decay: 0.0500 (0.0500)  grad_norm: 0.0000 (0.0000)  time: 0.6835  data: 0.0002  max mem: 30401
Epoch: [96]  [120/159]  eta: 0:00:47  lr: 0.000000  min_lr: 0.000000  loss: 0.0000 (0.0000)  weight_decay: 0.0500 (0.0500)  grad_norm: 0.0000 (0.0000)  time: 0.6351  data: 0.0002  max mem: 30401
Epoch: [96]  [130/159]  eta: 0:00:34  lr: 0.000000  min_lr: 0.000000  loss: 0.0000 (0.0000)  weight_decay: 0.0500 (0.0500)  grad_norm: 0.0000 (0.0000)  time: 0.6795  data: 0.0002  max mem: 30401
Epoch: [96]  [140/159]  eta: 0:00:21  lr: 0.000000  min_lr: 0.000000  loss: 0.0000 (0.0000)  weight_decay: 0.0500 (0.0500)  grad_norm: 0.0000 (0.0000)  time: 0.6680  data: 0.0002  max mem: 30401
Epoch: [96]  [150/159]  eta: 0:00:10  lr: 0.000000  min_lr: 0.000000  loss: 0.0000 (0.0000)  weight_decay: 0.0500 (0.0500)  grad_norm: 0.0000 (0.0000)  time: 0.6334  data: 0.0002  max mem: 30401
Epoch: [96]  [158/159]  eta: 0:00:01  lr: 0.000000  min_lr: 0.000000  loss: 0.0000 (0.0000)  weight_decay: 0.0500 (0.0500)  grad_norm: 0.0000 (0.0000)  time: 0.6238  data: 0.0002  max mem: 30401
Epoch: [96] Total time: 0:02:54 (1.0948 s / it)
Averaged stats: lr: 0.000000  min_lr: 0.000000  loss: 0.0000 (0.0000)  weight_decay: 0.0500 (0.0500)  grad_norm: 0.0000 (0.0000)
Epoch: [97]  [  0/159]  eta: 2:21:16  lr: 0.000000  min_lr: 0.000000  loss: 0.0000 (0.0000)  weight_decay: 0.0500 (0.0500)  grad_norm: 0.0000 (0.0000)  time: 53.3094  data: 35.6382  max mem: 30401
Epoch: [97]  [ 10/159]  eta: 0:14:10  lr: 0.000000  min_lr: 0.000000  loss: 0.0000 (0.0000)  weight_decay: 0.0500 (0.0500)  grad_norm: 0.0000 (0.0000)  time: 5.7080  data: 3.2402  max mem: 30401
Epoch: [97]  [ 20/159]  eta: 0:07:47  lr: 0.000000  min_lr: 0.000000  loss: 0.0000 (0.0000)  weight_decay: 0.0500 (0.0500)  grad_norm: 0.0000 (0.0000)  time: 0.8691  data: 0.0010  max mem: 30401
Epoch: [97]  [ 30/159]  eta: 0:05:18  lr: 0.000000  min_lr: 0.000000  loss: 0.0000 (0.0000)  weight_decay: 0.0500 (0.0500)  grad_norm: 0.0000 (0.0000)  time: 0.6874  data: 0.0009  max mem: 30401
Epoch: [97]  [ 40/159]  eta: 0:04:03  lr: 0.000000  min_lr: 0.000000  loss: 0.0000 (0.0000)  weight_decay: 0.0500 (0.0500)  grad_norm: 0.0000 (0.0000)  time: 0.6601  data: 0.0002  max mem: 30401
Epoch: [97]  [ 50/159]  eta: 0:03:14  lr: 0.000000  min_lr: 0.000000  loss: 0.0000 (0.0000)  weight_decay: 0.0500 (0.0500)  grad_norm: 0.0000 (0.0000)  time: 0.7189  data: 0.0002  max mem: 30401
Epoch: [97]  [ 60/159]  eta: 0:02:39  lr: 0.000000  min_lr: 0.000000  loss: 0.0000 (0.0000)  weight_decay: 0.0500 (0.0500)  grad_norm: 0.0000 (0.0000)  time: 0.7131  data: 0.0002  max mem: 30401
Epoch: [97]  [ 70/159]  eta: 0:02:11  lr: 0.000000  min_lr: 0.000000  loss: 0.0000 (0.0000)  weight_decay: 0.0500 (0.0500)  grad_norm: 0.0000 (0.0000)  time: 0.7130  data: 0.0001  max mem: 30401
Epoch: [97]  [ 80/159]  eta: 0:01:49  lr: 0.000000  min_lr: 0.000000  loss: 0.0000 (0.0000)  weight_decay: 0.0500 (0.0500)  grad_norm: 0.0000 (0.0000)  time: 0.7040  data: 0.0002  max mem: 30401
Epoch: [97]  [ 90/159]  eta: 0:01:30  lr: 0.000000  min_lr: 0.000000  loss: 0.0000 (0.0000)  weight_decay: 0.0500 (0.0500)  grad_norm: 0.0000 (0.0000)  time: 0.7124  data: 0.0002  max mem: 30401
Epoch: [97]  [100/159]  eta: 0:01:13  lr: 0.000000  min_lr: 0.000000  loss: 0.0000 (0.0000)  weight_decay: 0.0500 (0.0500)  grad_norm: 0.0000 (0.0000)  time: 0.7030  data: 0.0002  max mem: 30401
Epoch: [97]  [110/159]  eta: 0:00:58  lr: 0.000000  min_lr: 0.000000  loss: 0.0000 (0.0000)  weight_decay: 0.0500 (0.0500)  grad_norm: 0.0000 (0.0000)  time: 0.6926  data: 0.0002  max mem: 30401
Epoch: [97]  [120/159]  eta: 0:00:45  lr: 0.000000  min_lr: 0.000000  loss: 0.0000 (0.0000)  weight_decay: 0.0500 (0.0500)  grad_norm: 0.0000 (0.0000)  time: 0.6904  data: 0.0002  max mem: 30401
Epoch: [97]  [130/159]  eta: 0:00:32  lr: 0.000000  min_lr: 0.000000  loss: 0.0000 (0.0000)  weight_decay: 0.0500 (0.0500)  grad_norm: 0.0000 (0.0000)  time: 0.6882  data: 0.0002  max mem: 30401
Epoch: [97]  [140/159]  eta: 0:00:20  lr: 0.000000  min_lr: 0.000000  loss: 0.0000 (0.0000)  weight_decay: 0.0500 (0.0500)  grad_norm: 0.0000 (0.0000)  time: 0.7015  data: 0.0002  max mem: 30401
Epoch: [97]  [150/159]  eta: 0:00:09  lr: 0.000000  min_lr: 0.000000  loss: 0.0000 (0.0000)  weight_decay: 0.0500 (0.0500)  grad_norm: 0.0000 (0.0000)  time: 0.7203  data: 0.0002  max mem: 30401
Epoch: [97]  [158/159]  eta: 0:00:01  lr: 0.000000  min_lr: 0.000000  loss: 0.0000 (0.0000)  weight_decay: 0.0500 (0.0500)  grad_norm: 0.0000 (0.0000)  time: 0.6904  data: 0.0002  max mem: 30401
Epoch: [97] Total time: 0:02:48 (1.0570 s / it)
Averaged stats: lr: 0.000000  min_lr: 0.000000  loss: 0.0000 (0.0000)  weight_decay: 0.0500 (0.0500)  grad_norm: 0.0000 (0.0000)
Epoch: [98]  [  0/159]  eta: 2:14:14  lr: 0.000000  min_lr: 0.000000  loss: 0.0000 (0.0000)  weight_decay: 0.0500 (0.0500)  grad_norm: 0.0000 (0.0000)  time: 50.6564  data: 42.7440  max mem: 30401
Epoch: [98]  [ 10/159]  eta: 0:14:05  lr: 0.000000  min_lr: 0.000000  loss: 0.0000 (0.0000)  weight_decay: 0.0500 (0.0500)  grad_norm: 0.0000 (0.0000)  time: 5.6746  data: 3.8862  max mem: 30401
Epoch: [98]  [ 20/159]  eta: 0:07:49  lr: 0.000000  min_lr: 0.000000  loss: 0.0000 (0.0000)  weight_decay: 0.0500 (0.0500)  grad_norm: 0.0000 (0.0000)  time: 1.0153  data: 0.0003  max mem: 30401
Epoch: [98]  [ 30/159]  eta: 0:05:20  lr: 0.000000  min_lr: 0.000000  loss: 0.0000 (0.0000)  weight_decay: 0.0500 (0.0500)  grad_norm: 0.0000 (0.0000)  time: 0.7292  data: 0.0002  max mem: 30401
Epoch: [98]  [ 40/159]  eta: 0:04:04  lr: 0.000000  min_lr: 0.000000  loss: 0.0000 (0.0000)  weight_decay: 0.0500 (0.0500)  grad_norm: 0.0000 (0.0000)  time: 0.6620  data: 0.0002  max mem: 30401
Epoch: [98]  [ 50/159]  eta: 0:03:15  lr: 0.000000  min_lr: 0.000000  loss: 0.0000 (0.0000)  weight_decay: 0.0500 (0.0500)  grad_norm: 0.0000 (0.0000)  time: 0.7309  data: 0.0001  max mem: 30401
Epoch: [98]  [ 60/159]  eta: 0:02:39  lr: 0.000000  min_lr: 0.000000  loss: 0.0000 (0.0000)  weight_decay: 0.0500 (0.0500)  grad_norm: 0.0000 (0.0000)  time: 0.7073  data: 0.0002  max mem: 30401
Epoch: [98]  [ 70/159]  eta: 0:02:11  lr: 0.000000  min_lr: 0.000000  loss: 0.0000 (0.0000)  weight_decay: 0.0500 (0.0500)  grad_norm: 0.0000 (0.0000)  time: 0.6538  data: 0.0002  max mem: 30401
Epoch: [98]  [ 80/159]  eta: 0:01:49  lr: 0.000000  min_lr: 0.000000  loss: 0.0000 (0.0000)  weight_decay: 0.0500 (0.0500)  grad_norm: 0.0000 (0.0000)  time: 0.6930  data: 0.0002  max mem: 30401
Epoch: [98]  [ 90/159]  eta: 0:01:30  lr: 0.000000  min_lr: 0.000000  loss: 0.0000 (0.0000)  weight_decay: 0.0500 (0.0500)  grad_norm: 0.0000 (0.0000)  time: 0.7416  data: 0.0002  max mem: 30401
Epoch: [98]  [100/159]  eta: 0:01:13  lr: 0.000000  min_lr: 0.000000  loss: 0.0000 (0.0000)  weight_decay: 0.0500 (0.0500)  grad_norm: 0.0000 (0.0000)  time: 0.7212  data: 0.0002  max mem: 30401
Epoch: [98]  [110/159]  eta: 0:00:58  lr: 0.000000  min_lr: 0.000000  loss: 0.0000 (0.0000)  weight_decay: 0.0500 (0.0500)  grad_norm: 0.0000 (0.0000)  time: 0.6649  data: 0.0002  max mem: 30401
Epoch: [98]  [120/159]  eta: 0:00:44  lr: 0.000000  min_lr: 0.000000  loss: 0.0000 (0.0000)  weight_decay: 0.0500 (0.0500)  grad_norm: 0.0000 (0.0000)  time: 0.6059  data: 0.0002  max mem: 30401
Epoch: [98]  [130/159]  eta: 0:00:32  lr: 0.000000  min_lr: 0.000000  loss: 0.0000 (0.0000)  weight_decay: 0.0500 (0.0500)  grad_norm: 0.0000 (0.0000)  time: 0.5891  data: 0.0002  max mem: 30401
Epoch: [98]  [140/159]  eta: 0:00:20  lr: 0.000000  min_lr: 0.000000  loss: 0.0000 (0.0000)  weight_decay: 0.0500 (0.0500)  grad_norm: 0.0000 (0.0000)  time: 0.5821  data: 0.0002  max mem: 30401
Epoch: [98]  [150/159]  eta: 0:00:09  lr: 0.000000  min_lr: 0.000000  loss: 0.0000 (0.0000)  weight_decay: 0.0500 (0.0500)  grad_norm: 0.0000 (0.0000)  time: 0.5773  data: 0.0002  max mem: 30401
Epoch: [98]  [158/159]  eta: 0:00:01  lr: 0.000000  min_lr: 0.000000  loss: 0.0000 (0.0000)  weight_decay: 0.0500 (0.0500)  grad_norm: 0.0000 (0.0000)  time: 0.5771  data: 0.0002  max mem: 30401
Epoch: [98] Total time: 0:02:42 (1.0204 s / it)
Averaged stats: lr: 0.000000  min_lr: 0.000000  loss: 0.0000 (0.0000)  weight_decay: 0.0500 (0.0500)  grad_norm: 0.0000 (0.0000)
Epoch: [99]  [  0/159]  eta: 2:25:37  lr: 0.000000  min_lr: 0.000000  loss: 0.0000 (0.0000)  weight_decay: 0.0500 (0.0500)  grad_norm: 0.0000 (0.0000)  time: 54.9552  data: 33.4365  max mem: 30401
Epoch: [99]  [ 10/159]  eta: 0:14:54  lr: 0.000000  min_lr: 0.000000  loss: 0.0000 (0.0000)  weight_decay: 0.0500 (0.0500)  grad_norm: 0.0000 (0.0000)  time: 6.0040  data: 3.0402  max mem: 30401
Epoch: [99]  [ 20/159]  eta: 0:08:08  lr: 0.000000  min_lr: 0.000000  loss: 0.0000 (0.0000)  weight_decay: 0.0500 (0.0500)  grad_norm: 0.0000 (0.0000)  time: 0.9441  data: 0.0005  max mem: 30401
Epoch: [99]  [ 30/159]  eta: 0:05:35  lr: 0.000000  min_lr: 0.000000  loss: 0.0000 (0.0000)  weight_decay: 0.0500 (0.0500)  grad_norm: 0.0000 (0.0000)  time: 0.7326  data: 0.0003  max mem: 30401
Epoch: [99]  [ 40/159]  eta: 0:04:13  lr: 0.000000  min_lr: 0.000000  loss: 0.0000 (0.0000)  weight_decay: 0.0500 (0.0500)  grad_norm: 0.0000 (0.0000)  time: 0.6811  data: 0.0003  max mem: 30401
Epoch: [99]  [ 50/159]  eta: 0:03:20  lr: 0.000000  min_lr: 0.000000  loss: 0.0000 (0.0000)  weight_decay: 0.0500 (0.0500)  grad_norm: 0.0000 (0.0000)  time: 0.6667  data: 0.0002  max mem: 30401
Epoch: [99]  [ 60/159]  eta: 0:02:43  lr: 0.000000  min_lr: 0.000000  loss: 0.0000 (0.0000)  weight_decay: 0.0500 (0.0500)  grad_norm: 0.0000 (0.0000)  time: 0.6731  data: 0.0002  max mem: 30401
Epoch: [99]  [ 70/159]  eta: 0:02:15  lr: 0.000000  min_lr: 0.000000  loss: 0.0000 (0.0000)  weight_decay: 0.0500 (0.0500)  grad_norm: 0.0000 (0.0000)  time: 0.6872  data: 0.0002  max mem: 30401
Epoch: [99]  [ 80/159]  eta: 0:01:51  lr: 0.000000  min_lr: 0.000000  loss: 0.0000 (0.0000)  weight_decay: 0.0500 (0.0500)  grad_norm: 0.0000 (0.0000)  time: 0.6849  data: 0.0002  max mem: 30401
Epoch: [99]  [ 90/159]  eta: 0:01:32  lr: 0.000000  min_lr: 0.000000  loss: 0.0000 (0.0000)  weight_decay: 0.0500 (0.0500)  grad_norm: 0.0000 (0.0000)  time: 0.6798  data: 0.0002  max mem: 30401
Epoch: [99]  [100/159]  eta: 0:01:14  lr: 0.000000  min_lr: 0.000000  loss: 0.0000 (0.0000)  weight_decay: 0.0500 (0.0500)  grad_norm: 0.0000 (0.0000)  time: 0.6750  data: 0.0002  max mem: 30401
Epoch: [99]  [110/159]  eta: 0:00:59  lr: 0.000000  min_lr: 0.000000  loss: 0.0000 (0.0000)  weight_decay: 0.0500 (0.0500)  grad_norm: 0.0000 (0.0000)  time: 0.6724  data: 0.0002  max mem: 30401
Epoch: [99]  [120/159]  eta: 0:00:45  lr: 0.000000  min_lr: 0.000000  loss: 0.0000 (0.0000)  weight_decay: 0.0500 (0.0500)  grad_norm: 0.0000 (0.0000)  time: 0.6698  data: 0.0002  max mem: 30401
Epoch: [99]  [130/159]  eta: 0:00:32  lr: 0.000000  min_lr: 0.000000  loss: 0.0000 (0.0000)  weight_decay: 0.0500 (0.0500)  grad_norm: 0.0000 (0.0000)  time: 0.6744  data: 0.0003  max mem: 30401
Epoch: [99]  [140/159]  eta: 0:00:20  lr: 0.000000  min_lr: 0.000000  loss: 0.0000 (0.0000)  weight_decay: 0.0500 (0.0500)  grad_norm: 0.0000 (0.0000)  time: 0.6764  data: 0.0002  max mem: 30401
Epoch: [99]  [150/159]  eta: 0:00:09  lr: 0.000000  min_lr: 0.000000  loss: 0.0000 (0.0000)  weight_decay: 0.0500 (0.0500)  grad_norm: 0.0000 (0.0000)  time: 0.6700  data: 0.0002  max mem: 30401
Epoch: [99]  [158/159]  eta: 0:00:01  lr: 0.000000  min_lr: 0.000000  loss: 0.0000 (0.0000)  weight_decay: 0.0500 (0.0500)  grad_norm: 0.0000 (0.0000)  time: 0.6825  data: 0.0002  max mem: 30401
Epoch: [99] Total time: 0:02:48 (1.0605 s / it)
Averaged stats: lr: 0.000000  min_lr: 0.000000  loss: 0.0000 (0.0000)  weight_decay: 0.0500 (0.0500)  grad_norm: 0.0000 (0.0000)
[Eval]   [0/2]  eta: 0:00:15  loss: 0.0000 (0.0000)  time: 7.6927  data: 7.5241  max mem: 30401
[Eval]   [1/2]  eta: 0:00:03  loss: 0.0000 (0.0000)  time: 3.8958  data: 3.7621  max mem: 30401
[Eval]  Total time: 0:00:08 (4.0687 s / it)
Eval averaged stats: loss: 0.0000 (0.0000)
[Eval] Image Metrics:  [0/2]  eta: 0:00:12    time: 6.2748  data: 6.1006  max mem: 30401
[Eval] Image Metrics:  [1/2]  eta: 0:00:03    time: 3.1934  data: 3.0504  max mem: 30401
[Eval] Image Metrics: Total time: 0:00:07 (3.7141 s / it)
[Eval] Metric Results: [Eval] MSE: 0.0000 (0.0000)  [Eval] MAE: 0.0000 (0.0000)  [Eval] PSNR: 47.0050 (47.0050)  [Eval] MS-SSIM: 0.9991 (0.9991)
Logged 9 eval images
Training time 4:41:21
