job is starting on gpuc06.delta.ncsa.illinois.edu
| distributed init (rank 0): env://, gpu 0
| distributed init (rank 6): env://, gpu 6
| distributed init (rank 3): env://, gpu 3
| distributed init (rank 4): env://, gpu 4
| distributed init (rank 1): env://, gpu 1
| distributed init (rank 7): env://, gpu 7
| distributed init (rank 5): env://, gpu 5
| distributed init (rank 2): env://, gpu 2
dataset_train size = 40780
dataset_val size = 416
Namespace(run_name='model/finetune/S_MAE-nodist_rgb-depth-caption', batch_size=32, full_img_size=673, eff_img_size=447, target_size=224, mask_proportion=0.6, patch_size=None, epochs=100, accum_iter=1, save_ckpt_freq=25, model='sarformer_s', dtype='bf16', cond_domains=['rgb', 'depth', 'caption'], loss_type='mse', distance_type='none', objective='lpl', crop_std=1000.0, hflip=0.0, vflip=0.0, finetune='/scratch/bdej/cohanlon/checkpoints/sarformer/model/pretrain/S_MAE_rgb-depth-caption/checkpoint-final.pth', opt='adamw', opt_eps=1e-08, opt_betas=[0.9, 0.99], compute_grad_norm=True, clip_grad=None, skip_grad=None, momentum=0.9, weight_decay=0.05, weight_decay_end=None, blr=0.0001, min_blr=0.0, lr_and_wd_scheduler='cosine', warmup_epochs=10, cooldown_epochs=10, eval_data_path='/scratch/bdej/cohanlon/data/eval', num_eval_metrics_samples=416, num_logged_images=9, eval_batch_size=None, eval_freq=10, eval_metric_freq=10, eval_image_log_freq=10, dist_eval=True, eval_only=False, output_dir='/scratch/bdej/cohanlon/checkpoints/sarformer/model/finetune/S_MAE-nodist_rgb-depth-caption', device='cuda', seed=0, start_epoch=0, num_workers=110, pin_mem=True, show_user_warnings=False, log_wandb=True, wandb_project='model', wandb_entity='sarformer', wandb_run_name='finetune/S_MAE-nodist_rgb-depth-caption', dist_url='env://', print_all=False, warmup_lr=1e-06, min_lr=0.0, eval_metrics_freq=25, data_path='/scratch/bdej/cohanlon/data/train', config_path='cfgs/sarformer/model/finetune/S_MAE-nodist_rgb-depth-caption.yaml', rank=0, world_size=8, gpu=0, distributed=True, dist_backend='nccl', all_domains=['rgb', 'depth', 'caption', 'target_distribution'], is_pretraining=False)
Creating model: sarformer_s conditioned on ['rgb', 'depth', 'caption']
_IncompatibleKeys(missing_keys=['backbone.out_proj.weight', 'backbone.out_proj.bias'], unexpected_keys=[])
Model = SARFormer(
  (seq_encoder): T5EncoderModel(
    (shared): Embedding(32128, 512)
    (encoder): T5Stack(
      (embed_tokens): Embedding(32128, 512)
      (block): ModuleList(
        (0): T5Block(
          (layer): ModuleList(
            (0): T5LayerSelfAttention(
              (SelfAttention): T5Attention(
                (q): Linear(in_features=512, out_features=384, bias=False)
                (k): Linear(in_features=512, out_features=384, bias=False)
                (v): Linear(in_features=512, out_features=384, bias=False)
                (o): Linear(in_features=384, out_features=512, bias=False)
                (relative_attention_bias): Embedding(32, 6)
              )
              (layer_norm): T5LayerNorm()
              (dropout): Dropout(p=0.1, inplace=False)
            )
            (1): T5LayerFF(
              (DenseReluDense): T5DenseGatedActDense(
                (wi_0): Linear(in_features=512, out_features=1024, bias=False)
                (wi_1): Linear(in_features=512, out_features=1024, bias=False)
                (wo): Linear(in_features=1024, out_features=512, bias=False)
                (dropout): Dropout(p=0.1, inplace=False)
                (act): NewGELUActivation()
              )
              (layer_norm): T5LayerNorm()
              (dropout): Dropout(p=0.1, inplace=False)
            )
          )
        )
        (1-7): 7 x T5Block(
          (layer): ModuleList(
            (0): T5LayerSelfAttention(
              (SelfAttention): T5Attention(
                (q): Linear(in_features=512, out_features=384, bias=False)
                (k): Linear(in_features=512, out_features=384, bias=False)
                (v): Linear(in_features=512, out_features=384, bias=False)
                (o): Linear(in_features=384, out_features=512, bias=False)
              )
              (layer_norm): T5LayerNorm()
              (dropout): Dropout(p=0.1, inplace=False)
            )
            (1): T5LayerFF(
              (DenseReluDense): T5DenseGatedActDense(
                (wi_0): Linear(in_features=512, out_features=1024, bias=False)
                (wi_1): Linear(in_features=512, out_features=1024, bias=False)
                (wo): Linear(in_features=1024, out_features=512, bias=False)
                (dropout): Dropout(p=0.1, inplace=False)
                (act): NewGELUActivation()
              )
              (layer_norm): T5LayerNorm()
              (dropout): Dropout(p=0.1, inplace=False)
            )
          )
        )
      )
      (final_layer_norm): T5LayerNorm()
      (dropout): Dropout(p=0.1, inplace=False)
    )
  )
  (backbone): PatchedConvNeXtUNet(
    (in_proj): Linear(in_features=64, out_features=64, bias=True)
    (down_blocks): ModuleList(
      (0): ConditionedSequential(
        (0): ConvNeXtV2Block(
          (skip_proj): Identity()
          (dwconv): Conv2d(64, 64, kernel_size=(7, 7), stride=(1, 1), padding=(3, 3), groups=64)
          (norm): LayerNorm((64,), eps=1e-06, elementwise_affine=True)
          (pwconv1): Linear(in_features=64, out_features=256, bias=True)
          (act): SiLU()
          (grn): GRN()
          (pwconv2): Linear(in_features=256, out_features=64, bias=True)
          (drop_path): Identity()
        )
        (1): ConvNeXtV2Block(
          (skip_proj): Identity()
          (dwconv): Conv2d(64, 64, kernel_size=(7, 7), stride=(1, 1), padding=(3, 3), groups=64)
          (norm): LayerNorm((64,), eps=1e-06, elementwise_affine=True)
          (pwconv1): Linear(in_features=64, out_features=256, bias=True)
          (act): SiLU()
          (grn): GRN()
          (pwconv2): Linear(in_features=256, out_features=64, bias=True)
          (drop_path): Identity()
        )
        (2): ConvNeXtV2Block(
          (skip_proj): Identity()
          (dwconv): Conv2d(64, 64, kernel_size=(7, 7), stride=(1, 1), padding=(3, 3), groups=64)
          (norm): LayerNorm((64,), eps=1e-06, elementwise_affine=True)
          (pwconv1): Linear(in_features=64, out_features=256, bias=True)
          (act): SiLU()
          (grn): GRN()
          (pwconv2): Linear(in_features=256, out_features=64, bias=True)
          (drop_path): Identity()
        )
        (3): ConvNeXtV2Block(
          (skip_proj): Identity()
          (dwconv): Conv2d(64, 64, kernel_size=(7, 7), stride=(1, 1), padding=(3, 3), groups=64)
          (norm): LayerNorm((64,), eps=1e-06, elementwise_affine=True)
          (pwconv1): Linear(in_features=64, out_features=256, bias=True)
          (act): SiLU()
          (grn): GRN()
          (pwconv2): Linear(in_features=256, out_features=64, bias=True)
          (drop_path): Identity()
        )
        (4): ConvNeXtV2Block(
          (skip_proj): Linear(in_features=64, out_features=128, bias=True)
          (dwconv): Conv2d(64, 64, kernel_size=(7, 7), stride=(1, 1), padding=(3, 3), groups=64)
          (norm): LayerNorm((64,), eps=1e-06, elementwise_affine=True)
          (pwconv1): Linear(in_features=64, out_features=256, bias=True)
          (act): SiLU()
          (grn): GRN()
          (pwconv2): Linear(in_features=256, out_features=128, bias=True)
          (drop_path): Identity()
        )
        (5): NormCrossAttentionBlock(
          (q): Linear(in_features=128, out_features=128, bias=True)
          (kv): Linear(in_features=512, out_features=256, bias=True)
          (attn_drop): Dropout(p=0.0, inplace=False)
          (proj): Linear(in_features=128, out_features=128, bias=True)
          (proj_drop): Dropout(p=0.0, inplace=False)
          (q_norm): LayerNorm((16,), eps=1e-05, elementwise_affine=True)
          (k_norm): LayerNorm((16,), eps=1e-05, elementwise_affine=True)
        )
      )
      (1): ConditionedSequential(
        (0): Downsample(
          scale_factor=0.5
          (pool): AvgPool2d(kernel_size=2, stride=2, padding=0)
        )
        (1): ConvNeXtV2Block(
          (skip_proj): Identity()
          (dwconv): Conv2d(128, 128, kernel_size=(7, 7), stride=(1, 1), padding=(3, 3), groups=128)
          (norm): LayerNorm((128,), eps=1e-06, elementwise_affine=True)
          (pwconv1): Linear(in_features=128, out_features=512, bias=True)
          (act): SiLU()
          (grn): GRN()
          (pwconv2): Linear(in_features=512, out_features=128, bias=True)
          (drop_path): Identity()
        )
        (2): ConvNeXtV2Block(
          (skip_proj): Identity()
          (dwconv): Conv2d(128, 128, kernel_size=(7, 7), stride=(1, 1), padding=(3, 3), groups=128)
          (norm): LayerNorm((128,), eps=1e-06, elementwise_affine=True)
          (pwconv1): Linear(in_features=128, out_features=512, bias=True)
          (act): SiLU()
          (grn): GRN()
          (pwconv2): Linear(in_features=512, out_features=128, bias=True)
          (drop_path): Identity()
        )
        (3): ConvNeXtV2Block(
          (skip_proj): Identity()
          (dwconv): Conv2d(128, 128, kernel_size=(7, 7), stride=(1, 1), padding=(3, 3), groups=128)
          (norm): LayerNorm((128,), eps=1e-06, elementwise_affine=True)
          (pwconv1): Linear(in_features=128, out_features=512, bias=True)
          (act): SiLU()
          (grn): GRN()
          (pwconv2): Linear(in_features=512, out_features=128, bias=True)
          (drop_path): Identity()
        )
        (4): ConvNeXtV2Block(
          (skip_proj): Identity()
          (dwconv): Conv2d(128, 128, kernel_size=(7, 7), stride=(1, 1), padding=(3, 3), groups=128)
          (norm): LayerNorm((128,), eps=1e-06, elementwise_affine=True)
          (pwconv1): Linear(in_features=128, out_features=512, bias=True)
          (act): SiLU()
          (grn): GRN()
          (pwconv2): Linear(in_features=512, out_features=128, bias=True)
          (drop_path): Identity()
        )
        (5): ConvNeXtV2Block(
          (skip_proj): Linear(in_features=128, out_features=256, bias=True)
          (dwconv): Conv2d(128, 128, kernel_size=(7, 7), stride=(1, 1), padding=(3, 3), groups=128)
          (norm): LayerNorm((128,), eps=1e-06, elementwise_affine=True)
          (pwconv1): Linear(in_features=128, out_features=512, bias=True)
          (act): SiLU()
          (grn): GRN()
          (pwconv2): Linear(in_features=512, out_features=256, bias=True)
          (drop_path): Identity()
        )
        (6): NormCrossAttentionBlock(
          (q): Linear(in_features=256, out_features=256, bias=True)
          (kv): Linear(in_features=512, out_features=512, bias=True)
          (attn_drop): Dropout(p=0.0, inplace=False)
          (proj): Linear(in_features=256, out_features=256, bias=True)
          (proj_drop): Dropout(p=0.0, inplace=False)
          (q_norm): LayerNorm((32,), eps=1e-05, elementwise_affine=True)
          (k_norm): LayerNorm((32,), eps=1e-05, elementwise_affine=True)
        )
      )
      (2): ConditionedSequential(
        (0): Downsample(
          scale_factor=0.5
          (pool): AvgPool2d(kernel_size=2, stride=2, padding=0)
        )
        (1): ConvNeXtV2Block(
          (skip_proj): Identity()
          (dwconv): Conv2d(256, 256, kernel_size=(7, 7), stride=(1, 1), padding=(3, 3), groups=256)
          (norm): LayerNorm((256,), eps=1e-06, elementwise_affine=True)
          (pwconv1): Linear(in_features=256, out_features=1024, bias=True)
          (act): SiLU()
          (grn): GRN()
          (pwconv2): Linear(in_features=1024, out_features=256, bias=True)
          (drop_path): Identity()
        )
        (2): ConvNeXtV2Block(
          (skip_proj): Identity()
          (dwconv): Conv2d(256, 256, kernel_size=(7, 7), stride=(1, 1), padding=(3, 3), groups=256)
          (norm): LayerNorm((256,), eps=1e-06, elementwise_affine=True)
          (pwconv1): Linear(in_features=256, out_features=1024, bias=True)
          (act): SiLU()
          (grn): GRN()
          (pwconv2): Linear(in_features=1024, out_features=256, bias=True)
          (drop_path): Identity()
        )
        (3): ConvNeXtV2Block(
          (skip_proj): Identity()
          (dwconv): Conv2d(256, 256, kernel_size=(7, 7), stride=(1, 1), padding=(3, 3), groups=256)
          (norm): LayerNorm((256,), eps=1e-06, elementwise_affine=True)
          (pwconv1): Linear(in_features=256, out_features=1024, bias=True)
          (act): SiLU()
          (grn): GRN()
          (pwconv2): Linear(in_features=1024, out_features=256, bias=True)
          (drop_path): Identity()
        )
        (4): ConvNeXtV2Block(
          (skip_proj): Identity()
          (dwconv): Conv2d(256, 256, kernel_size=(7, 7), stride=(1, 1), padding=(3, 3), groups=256)
          (norm): LayerNorm((256,), eps=1e-06, elementwise_affine=True)
          (pwconv1): Linear(in_features=256, out_features=1024, bias=True)
          (act): SiLU()
          (grn): GRN()
          (pwconv2): Linear(in_features=1024, out_features=256, bias=True)
          (drop_path): Identity()
        )
        (5): ConvNeXtV2Block(
          (skip_proj): Linear(in_features=256, out_features=512, bias=True)
          (dwconv): Conv2d(256, 256, kernel_size=(7, 7), stride=(1, 1), padding=(3, 3), groups=256)
          (norm): LayerNorm((256,), eps=1e-06, elementwise_affine=True)
          (pwconv1): Linear(in_features=256, out_features=1024, bias=True)
          (act): SiLU()
          (grn): GRN()
          (pwconv2): Linear(in_features=1024, out_features=512, bias=True)
          (drop_path): Identity()
        )
        (6): NormCrossAttentionBlock(
          (q): Linear(in_features=512, out_features=512, bias=True)
          (kv): Linear(in_features=512, out_features=1024, bias=True)
          (attn_drop): Dropout(p=0.0, inplace=False)
          (proj): Linear(in_features=512, out_features=512, bias=True)
          (proj_drop): Dropout(p=0.0, inplace=False)
          (q_norm): LayerNorm((64,), eps=1e-05, elementwise_affine=True)
          (k_norm): LayerNorm((64,), eps=1e-05, elementwise_affine=True)
        )
      )
    )
    (middle_block): ConditionedSequential(
      (0): Downsample(
        scale_factor=0.5
        (pool): AvgPool2d(kernel_size=2, stride=2, padding=0)
      )
      (1): ConvNeXtV2Block(
        (skip_proj): Identity()
        (dwconv): Conv2d(512, 512, kernel_size=(7, 7), stride=(1, 1), padding=(3, 3), groups=512)
        (norm): LayerNorm((512,), eps=1e-06, elementwise_affine=True)
        (pwconv1): Linear(in_features=512, out_features=2048, bias=True)
        (act): SiLU()
        (grn): GRN()
        (pwconv2): Linear(in_features=2048, out_features=512, bias=True)
        (drop_path): Identity()
      )
      (2): ConvNeXtV2Block(
        (skip_proj): Identity()
        (dwconv): Conv2d(512, 512, kernel_size=(7, 7), stride=(1, 1), padding=(3, 3), groups=512)
        (norm): LayerNorm((512,), eps=1e-06, elementwise_affine=True)
        (pwconv1): Linear(in_features=512, out_features=2048, bias=True)
        (act): SiLU()
        (grn): GRN()
        (pwconv2): Linear(in_features=2048, out_features=512, bias=True)
        (drop_path): Identity()
      )
      (3): ConvNeXtV2Block(
        (skip_proj): Identity()
        (dwconv): Conv2d(512, 512, kernel_size=(7, 7), stride=(1, 1), padding=(3, 3), groups=512)
        (norm): LayerNorm((512,), eps=1e-06, elementwise_affine=True)
        (pwconv1): Linear(in_features=512, out_features=2048, bias=True)
        (act): SiLU()
        (grn): GRN()
        (pwconv2): Linear(in_features=2048, out_features=512, bias=True)
        (drop_path): Identity()
      )
      (4): ConvNeXtV2Block(
        (skip_proj): Identity()
        (dwconv): Conv2d(512, 512, kernel_size=(7, 7), stride=(1, 1), padding=(3, 3), groups=512)
        (norm): LayerNorm((512,), eps=1e-06, elementwise_affine=True)
        (pwconv1): Linear(in_features=512, out_features=2048, bias=True)
        (act): SiLU()
        (grn): GRN()
        (pwconv2): Linear(in_features=2048, out_features=512, bias=True)
        (drop_path): Identity()
      )
      (5): ConvNeXtV2Block(
        (skip_proj): Linear(in_features=512, out_features=1024, bias=True)
        (dwconv): Conv2d(512, 512, kernel_size=(7, 7), stride=(1, 1), padding=(3, 3), groups=512)
        (norm): LayerNorm((512,), eps=1e-06, elementwise_affine=True)
        (pwconv1): Linear(in_features=512, out_features=2048, bias=True)
        (act): SiLU()
        (grn): GRN()
        (pwconv2): Linear(in_features=2048, out_features=1024, bias=True)
        (drop_path): Identity()
      )
      (6): NormCrossAttentionBlock(
        (q): Linear(in_features=1024, out_features=1024, bias=True)
        (kv): Linear(in_features=512, out_features=2048, bias=True)
        (attn_drop): Dropout(p=0.0, inplace=False)
        (proj): Linear(in_features=1024, out_features=1024, bias=True)
        (proj_drop): Dropout(p=0.0, inplace=False)
        (q_norm): LayerNorm((128,), eps=1e-05, elementwise_affine=True)
        (k_norm): LayerNorm((128,), eps=1e-05, elementwise_affine=True)
      )
      (7): ConvNeXtV2Block(
        (skip_proj): Identity()
        (dwconv): Conv2d(1024, 1024, kernel_size=(7, 7), stride=(1, 1), padding=(3, 3), groups=1024)
        (norm): LayerNorm((1024,), eps=1e-06, elementwise_affine=True)
        (pwconv1): Linear(in_features=1024, out_features=4096, bias=True)
        (act): SiLU()
        (grn): GRN()
        (pwconv2): Linear(in_features=4096, out_features=1024, bias=True)
        (drop_path): Identity()
      )
      (8): ConvNeXtV2Block(
        (skip_proj): Identity()
        (dwconv): Conv2d(1024, 1024, kernel_size=(7, 7), stride=(1, 1), padding=(3, 3), groups=1024)
        (norm): LayerNorm((1024,), eps=1e-06, elementwise_affine=True)
        (pwconv1): Linear(in_features=1024, out_features=4096, bias=True)
        (act): SiLU()
        (grn): GRN()
        (pwconv2): Linear(in_features=4096, out_features=1024, bias=True)
        (drop_path): Identity()
      )
      (9): ConvNeXtV2Block(
        (skip_proj): Identity()
        (dwconv): Conv2d(1024, 1024, kernel_size=(7, 7), stride=(1, 1), padding=(3, 3), groups=1024)
        (norm): LayerNorm((1024,), eps=1e-06, elementwise_affine=True)
        (pwconv1): Linear(in_features=1024, out_features=4096, bias=True)
        (act): SiLU()
        (grn): GRN()
        (pwconv2): Linear(in_features=4096, out_features=1024, bias=True)
        (drop_path): Identity()
      )
      (10): ConvNeXtV2Block(
        (skip_proj): Identity()
        (dwconv): Conv2d(1024, 1024, kernel_size=(7, 7), stride=(1, 1), padding=(3, 3), groups=1024)
        (norm): LayerNorm((1024,), eps=1e-06, elementwise_affine=True)
        (pwconv1): Linear(in_features=1024, out_features=4096, bias=True)
        (act): SiLU()
        (grn): GRN()
        (pwconv2): Linear(in_features=4096, out_features=1024, bias=True)
        (drop_path): Identity()
      )
      (11): ConvNeXtV2Block(
        (skip_proj): Linear(in_features=1024, out_features=512, bias=True)
        (dwconv): Conv2d(1024, 1024, kernel_size=(7, 7), stride=(1, 1), padding=(3, 3), groups=1024)
        (norm): LayerNorm((1024,), eps=1e-06, elementwise_affine=True)
        (pwconv1): Linear(in_features=1024, out_features=4096, bias=True)
        (act): SiLU()
        (grn): GRN()
        (pwconv2): Linear(in_features=4096, out_features=512, bias=True)
        (drop_path): Identity()
      )
      (12): Upsample(scale_factor=2.0, mode=nearest)
    )
    (up_blocks): ModuleList(
      (0): ConditionedSequential(
        (0): ConvNeXtV2Block(
          (skip_proj): Linear(in_features=1024, out_features=512, bias=True)
          (dwconv): Conv2d(1024, 1024, kernel_size=(7, 7), stride=(1, 1), padding=(3, 3), groups=1024)
          (norm): LayerNorm((1024,), eps=1e-06, elementwise_affine=True)
          (pwconv1): Linear(in_features=1024, out_features=4096, bias=True)
          (act): SiLU()
          (grn): GRN()
          (pwconv2): Linear(in_features=4096, out_features=512, bias=True)
          (drop_path): Identity()
        )
        (1): ConvNeXtV2Block(
          (skip_proj): Identity()
          (dwconv): Conv2d(512, 512, kernel_size=(7, 7), stride=(1, 1), padding=(3, 3), groups=512)
          (norm): LayerNorm((512,), eps=1e-06, elementwise_affine=True)
          (pwconv1): Linear(in_features=512, out_features=2048, bias=True)
          (act): SiLU()
          (grn): GRN()
          (pwconv2): Linear(in_features=2048, out_features=512, bias=True)
          (drop_path): Identity()
        )
        (2): ConvNeXtV2Block(
          (skip_proj): Identity()
          (dwconv): Conv2d(512, 512, kernel_size=(7, 7), stride=(1, 1), padding=(3, 3), groups=512)
          (norm): LayerNorm((512,), eps=1e-06, elementwise_affine=True)
          (pwconv1): Linear(in_features=512, out_features=2048, bias=True)
          (act): SiLU()
          (grn): GRN()
          (pwconv2): Linear(in_features=2048, out_features=512, bias=True)
          (drop_path): Identity()
        )
        (3): ConvNeXtV2Block(
          (skip_proj): Identity()
          (dwconv): Conv2d(512, 512, kernel_size=(7, 7), stride=(1, 1), padding=(3, 3), groups=512)
          (norm): LayerNorm((512,), eps=1e-06, elementwise_affine=True)
          (pwconv1): Linear(in_features=512, out_features=2048, bias=True)
          (act): SiLU()
          (grn): GRN()
          (pwconv2): Linear(in_features=2048, out_features=512, bias=True)
          (drop_path): Identity()
        )
        (4): ConvNeXtV2Block(
          (skip_proj): Linear(in_features=512, out_features=256, bias=True)
          (dwconv): Conv2d(512, 512, kernel_size=(7, 7), stride=(1, 1), padding=(3, 3), groups=512)
          (norm): LayerNorm((512,), eps=1e-06, elementwise_affine=True)
          (pwconv1): Linear(in_features=512, out_features=2048, bias=True)
          (act): SiLU()
          (grn): GRN()
          (pwconv2): Linear(in_features=2048, out_features=256, bias=True)
          (drop_path): Identity()
        )
        (5): NormCrossAttentionBlock(
          (q): Linear(in_features=256, out_features=256, bias=True)
          (kv): Linear(in_features=512, out_features=512, bias=True)
          (attn_drop): Dropout(p=0.0, inplace=False)
          (proj): Linear(in_features=256, out_features=256, bias=True)
          (proj_drop): Dropout(p=0.0, inplace=False)
          (q_norm): LayerNorm((32,), eps=1e-05, elementwise_affine=True)
          (k_norm): LayerNorm((32,), eps=1e-05, elementwise_affine=True)
        )
        (6): Upsample(scale_factor=2.0, mode=nearest)
      )
      (1): ConditionedSequential(
        (0): ConvNeXtV2Block(
          (skip_proj): Linear(in_features=512, out_features=256, bias=True)
          (dwconv): Conv2d(512, 512, kernel_size=(7, 7), stride=(1, 1), padding=(3, 3), groups=512)
          (norm): LayerNorm((512,), eps=1e-06, elementwise_affine=True)
          (pwconv1): Linear(in_features=512, out_features=2048, bias=True)
          (act): SiLU()
          (grn): GRN()
          (pwconv2): Linear(in_features=2048, out_features=256, bias=True)
          (drop_path): Identity()
        )
        (1): ConvNeXtV2Block(
          (skip_proj): Identity()
          (dwconv): Conv2d(256, 256, kernel_size=(7, 7), stride=(1, 1), padding=(3, 3), groups=256)
          (norm): LayerNorm((256,), eps=1e-06, elementwise_affine=True)
          (pwconv1): Linear(in_features=256, out_features=1024, bias=True)
          (act): SiLU()
          (grn): GRN()
          (pwconv2): Linear(in_features=1024, out_features=256, bias=True)
          (drop_path): Identity()
        )
        (2): ConvNeXtV2Block(
          (skip_proj): Identity()
          (dwconv): Conv2d(256, 256, kernel_size=(7, 7), stride=(1, 1), padding=(3, 3), groups=256)
          (norm): LayerNorm((256,), eps=1e-06, elementwise_affine=True)
          (pwconv1): Linear(in_features=256, out_features=1024, bias=True)
          (act): SiLU()
          (grn): GRN()
          (pwconv2): Linear(in_features=1024, out_features=256, bias=True)
          (drop_path): Identity()
        )
        (3): ConvNeXtV2Block(
          (skip_proj): Identity()
          (dwconv): Conv2d(256, 256, kernel_size=(7, 7), stride=(1, 1), padding=(3, 3), groups=256)
          (norm): LayerNorm((256,), eps=1e-06, elementwise_affine=True)
          (pwconv1): Linear(in_features=256, out_features=1024, bias=True)
          (act): SiLU()
          (grn): GRN()
          (pwconv2): Linear(in_features=1024, out_features=256, bias=True)
          (drop_path): Identity()
        )
        (4): ConvNeXtV2Block(
          (skip_proj): Linear(in_features=256, out_features=128, bias=True)
          (dwconv): Conv2d(256, 256, kernel_size=(7, 7), stride=(1, 1), padding=(3, 3), groups=256)
          (norm): LayerNorm((256,), eps=1e-06, elementwise_affine=True)
          (pwconv1): Linear(in_features=256, out_features=1024, bias=True)
          (act): SiLU()
          (grn): GRN()
          (pwconv2): Linear(in_features=1024, out_features=128, bias=True)
          (drop_path): Identity()
        )
        (5): NormCrossAttentionBlock(
          (q): Linear(in_features=128, out_features=128, bias=True)
          (kv): Linear(in_features=512, out_features=256, bias=True)
          (attn_drop): Dropout(p=0.0, inplace=False)
          (proj): Linear(in_features=128, out_features=128, bias=True)
          (proj_drop): Dropout(p=0.0, inplace=False)
          (q_norm): LayerNorm((16,), eps=1e-05, elementwise_affine=True)
          (k_norm): LayerNorm((16,), eps=1e-05, elementwise_affine=True)
        )
        (6): Upsample(scale_factor=2.0, mode=nearest)
      )
      (2): ConditionedSequential(
        (0): ConvNeXtV2Block(
          (skip_proj): Linear(in_features=256, out_features=128, bias=True)
          (dwconv): Conv2d(256, 256, kernel_size=(7, 7), stride=(1, 1), padding=(3, 3), groups=256)
          (norm): LayerNorm((256,), eps=1e-06, elementwise_affine=True)
          (pwconv1): Linear(in_features=256, out_features=1024, bias=True)
          (act): SiLU()
          (grn): GRN()
          (pwconv2): Linear(in_features=1024, out_features=128, bias=True)
          (drop_path): Identity()
        )
        (1): ConvNeXtV2Block(
          (skip_proj): Identity()
          (dwconv): Conv2d(128, 128, kernel_size=(7, 7), stride=(1, 1), padding=(3, 3), groups=128)
          (norm): LayerNorm((128,), eps=1e-06, elementwise_affine=True)
          (pwconv1): Linear(in_features=128, out_features=512, bias=True)
          (act): SiLU()
          (grn): GRN()
          (pwconv2): Linear(in_features=512, out_features=128, bias=True)
          (drop_path): Identity()
        )
        (2): ConvNeXtV2Block(
          (skip_proj): Identity()
          (dwconv): Conv2d(128, 128, kernel_size=(7, 7), stride=(1, 1), padding=(3, 3), groups=128)
          (norm): LayerNorm((128,), eps=1e-06, elementwise_affine=True)
          (pwconv1): Linear(in_features=128, out_features=512, bias=True)
          (act): SiLU()
          (grn): GRN()
          (pwconv2): Linear(in_features=512, out_features=128, bias=True)
          (drop_path): Identity()
        )
        (3): ConvNeXtV2Block(
          (skip_proj): Identity()
          (dwconv): Conv2d(128, 128, kernel_size=(7, 7), stride=(1, 1), padding=(3, 3), groups=128)
          (norm): LayerNorm((128,), eps=1e-06, elementwise_affine=True)
          (pwconv1): Linear(in_features=128, out_features=512, bias=True)
          (act): SiLU()
          (grn): GRN()
          (pwconv2): Linear(in_features=512, out_features=128, bias=True)
          (drop_path): Identity()
        )
        (4): ConvNeXtV2Block(
          (skip_proj): Linear(in_features=128, out_features=64, bias=True)
          (dwconv): Conv2d(128, 128, kernel_size=(7, 7), stride=(1, 1), padding=(3, 3), groups=128)
          (norm): LayerNorm((128,), eps=1e-06, elementwise_affine=True)
          (pwconv1): Linear(in_features=128, out_features=512, bias=True)
          (act): SiLU()
          (grn): GRN()
          (pwconv2): Linear(in_features=512, out_features=64, bias=True)
          (drop_path): Identity()
        )
        (5): NormCrossAttentionBlock(
          (q): Linear(in_features=64, out_features=64, bias=True)
          (kv): Linear(in_features=512, out_features=128, bias=True)
          (attn_drop): Dropout(p=0.0, inplace=False)
          (proj): Linear(in_features=64, out_features=64, bias=True)
          (proj_drop): Dropout(p=0.0, inplace=False)
          (q_norm): LayerNorm((8,), eps=1e-05, elementwise_affine=True)
          (k_norm): LayerNorm((8,), eps=1e-05, elementwise_affine=True)
        )
      )
    )
    (norm): LayerNorm((64,), eps=1e-06, elementwise_affine=True)
    (out_proj): Linear(in_features=64, out_features=16, bias=True)
  )
)
Number of params: 117.5532 M
LR = 0.00010000
Min LR = 0.00000000
Total (effective) batch size = 256
Accumulate grad iterations = 1
Number of training steps = 159
Number of training examples per epoch = 40704
Param groups = {
  "decay": {
    "weight_decay": 0.05,
    "params": [
      "seq_encoder.shared.weight",
      "seq_encoder.encoder.block.0.layer.0.SelfAttention.q.weight",
      "seq_encoder.encoder.block.0.layer.0.SelfAttention.k.weight",
      "seq_encoder.encoder.block.0.layer.0.SelfAttention.v.weight",
      "seq_encoder.encoder.block.0.layer.0.SelfAttention.o.weight",
      "seq_encoder.encoder.block.0.layer.0.SelfAttention.relative_attention_bias.weight",
      "seq_encoder.encoder.block.0.layer.1.DenseReluDense.wi_0.weight",
      "seq_encoder.encoder.block.0.layer.1.DenseReluDense.wi_1.weight",
      "seq_encoder.encoder.block.0.layer.1.DenseReluDense.wo.weight",
      "seq_encoder.encoder.block.1.layer.0.SelfAttention.q.weight",
      "seq_encoder.encoder.block.1.layer.0.SelfAttention.k.weight",
      "seq_encoder.encoder.block.1.layer.0.SelfAttention.v.weight",
      "seq_encoder.encoder.block.1.layer.0.SelfAttention.o.weight",
      "seq_encoder.encoder.block.1.layer.1.DenseReluDense.wi_0.weight",
      "seq_encoder.encoder.block.1.layer.1.DenseReluDense.wi_1.weight",
      "seq_encoder.encoder.block.1.layer.1.DenseReluDense.wo.weight",
      "seq_encoder.encoder.block.2.layer.0.SelfAttention.q.weight",
      "seq_encoder.encoder.block.2.layer.0.SelfAttention.k.weight",
      "seq_encoder.encoder.block.2.layer.0.SelfAttention.v.weight",
      "seq_encoder.encoder.block.2.layer.0.SelfAttention.o.weight",
      "seq_encoder.encoder.block.2.layer.1.DenseReluDense.wi_0.weight",
      "seq_encoder.encoder.block.2.layer.1.DenseReluDense.wi_1.weight",
      "seq_encoder.encoder.block.2.layer.1.DenseReluDense.wo.weight",
      "seq_encoder.encoder.block.3.layer.0.SelfAttention.q.weight",
      "seq_encoder.encoder.block.3.layer.0.SelfAttention.k.weight",
      "seq_encoder.encoder.block.3.layer.0.SelfAttention.v.weight",
      "seq_encoder.encoder.block.3.layer.0.SelfAttention.o.weight",
      "seq_encoder.encoder.block.3.layer.1.DenseReluDense.wi_0.weight",
      "seq_encoder.encoder.block.3.layer.1.DenseReluDense.wi_1.weight",
      "seq_encoder.encoder.block.3.layer.1.DenseReluDense.wo.weight",
      "seq_encoder.encoder.block.4.layer.0.SelfAttention.q.weight",
      "seq_encoder.encoder.block.4.layer.0.SelfAttention.k.weight",
      "seq_encoder.encoder.block.4.layer.0.SelfAttention.v.weight",
      "seq_encoder.encoder.block.4.layer.0.SelfAttention.o.weight",
      "seq_encoder.encoder.block.4.layer.1.DenseReluDense.wi_0.weight",
      "seq_encoder.encoder.block.4.layer.1.DenseReluDense.wi_1.weight",
      "seq_encoder.encoder.block.4.layer.1.DenseReluDense.wo.weight",
      "seq_encoder.encoder.block.5.layer.0.SelfAttention.q.weight",
      "seq_encoder.encoder.block.5.layer.0.SelfAttention.k.weight",
      "seq_encoder.encoder.block.5.layer.0.SelfAttention.v.weight",
      "seq_encoder.encoder.block.5.layer.0.SelfAttention.o.weight",
      "seq_encoder.encoder.block.5.layer.1.DenseReluDense.wi_0.weight",
      "seq_encoder.encoder.block.5.layer.1.DenseReluDense.wi_1.weight",
      "seq_encoder.encoder.block.5.layer.1.DenseReluDense.wo.weight",
      "seq_encoder.encoder.block.6.layer.0.SelfAttention.q.weight",
      "seq_encoder.encoder.block.6.layer.0.SelfAttention.k.weight",
      "seq_encoder.encoder.block.6.layer.0.SelfAttention.v.weight",
      "seq_encoder.encoder.block.6.layer.0.SelfAttention.o.weight",
      "seq_encoder.encoder.block.6.layer.1.DenseReluDense.wi_0.weight",
      "seq_encoder.encoder.block.6.layer.1.DenseReluDense.wi_1.weight",
      "seq_encoder.encoder.block.6.layer.1.DenseReluDense.wo.weight",
      "seq_encoder.encoder.block.7.layer.0.SelfAttention.q.weight",
      "seq_encoder.encoder.block.7.layer.0.SelfAttention.k.weight",
      "seq_encoder.encoder.block.7.layer.0.SelfAttention.v.weight",
      "seq_encoder.encoder.block.7.layer.0.SelfAttention.o.weight",
      "seq_encoder.encoder.block.7.layer.1.DenseReluDense.wi_0.weight",
      "seq_encoder.encoder.block.7.layer.1.DenseReluDense.wi_1.weight",
      "seq_encoder.encoder.block.7.layer.1.DenseReluDense.wo.weight",
      "backbone.in_proj.weight",
      "backbone.down_blocks.0.0.dwconv.weight",
      "backbone.down_blocks.0.0.pwconv1.weight",
      "backbone.down_blocks.0.0.pwconv2.weight",
      "backbone.down_blocks.0.1.dwconv.weight",
      "backbone.down_blocks.0.1.pwconv1.weight",
      "backbone.down_blocks.0.1.pwconv2.weight",
      "backbone.down_blocks.0.2.dwconv.weight",
      "backbone.down_blocks.0.2.pwconv1.weight",
      "backbone.down_blocks.0.2.pwconv2.weight",
      "backbone.down_blocks.0.3.dwconv.weight",
      "backbone.down_blocks.0.3.pwconv1.weight",
      "backbone.down_blocks.0.3.pwconv2.weight",
      "backbone.down_blocks.0.4.skip_proj.weight",
      "backbone.down_blocks.0.4.dwconv.weight",
      "backbone.down_blocks.0.4.pwconv1.weight",
      "backbone.down_blocks.0.4.pwconv2.weight",
      "backbone.down_blocks.0.5.q.weight",
      "backbone.down_blocks.0.5.kv.weight",
      "backbone.down_blocks.0.5.proj.weight",
      "backbone.down_blocks.1.1.dwconv.weight",
      "backbone.down_blocks.1.1.pwconv1.weight",
      "backbone.down_blocks.1.1.pwconv2.weight",
      "backbone.down_blocks.1.2.dwconv.weight",
      "backbone.down_blocks.1.2.pwconv1.weight",
      "backbone.down_blocks.1.2.pwconv2.weight",
      "backbone.down_blocks.1.3.dwconv.weight",
      "backbone.down_blocks.1.3.pwconv1.weight",
      "backbone.down_blocks.1.3.pwconv2.weight",
      "backbone.down_blocks.1.4.dwconv.weight",
      "backbone.down_blocks.1.4.pwconv1.weight",
      "backbone.down_blocks.1.4.pwconv2.weight",
      "backbone.down_blocks.1.5.skip_proj.weight",
      "backbone.down_blocks.1.5.dwconv.weight",
      "backbone.down_blocks.1.5.pwconv1.weight",
      "backbone.down_blocks.1.5.pwconv2.weight",
      "backbone.down_blocks.1.6.q.weight",
      "backbone.down_blocks.1.6.kv.weight",
      "backbone.down_blocks.1.6.proj.weight",
      "backbone.down_blocks.2.1.dwconv.weight",
      "backbone.down_blocks.2.1.pwconv1.weight",
      "backbone.down_blocks.2.1.pwconv2.weight",
      "backbone.down_blocks.2.2.dwconv.weight",
      "backbone.down_blocks.2.2.pwconv1.weight",
      "backbone.down_blocks.2.2.pwconv2.weight",
      "backbone.down_blocks.2.3.dwconv.weight",
      "backbone.down_blocks.2.3.pwconv1.weight",
      "backbone.down_blocks.2.3.pwconv2.weight",
      "backbone.down_blocks.2.4.dwconv.weight",
      "backbone.down_blocks.2.4.pwconv1.weight",
      "backbone.down_blocks.2.4.pwconv2.weight",
      "backbone.down_blocks.2.5.skip_proj.weight",
      "backbone.down_blocks.2.5.dwconv.weight",
      "backbone.down_blocks.2.5.pwconv1.weight",
      "backbone.down_blocks.2.5.pwconv2.weight",
      "backbone.down_blocks.2.6.q.weight",
      "backbone.down_blocks.2.6.kv.weight",
      "backbone.down_blocks.2.6.proj.weight",
      "backbone.middle_block.1.dwconv.weight",
      "backbone.middle_block.1.pwconv1.weight",
      "backbone.middle_block.1.pwconv2.weight",
      "backbone.middle_block.2.dwconv.weight",
      "backbone.middle_block.2.pwconv1.weight",
      "backbone.middle_block.2.pwconv2.weight",
      "backbone.middle_block.3.dwconv.weight",
      "backbone.middle_block.3.pwconv1.weight",
      "backbone.middle_block.3.pwconv2.weight",
      "backbone.middle_block.4.dwconv.weight",
      "backbone.middle_block.4.pwconv1.weight",
      "backbone.middle_block.4.pwconv2.weight",
      "backbone.middle_block.5.skip_proj.weight",
      "backbone.middle_block.5.dwconv.weight",
      "backbone.middle_block.5.pwconv1.weight",
      "backbone.middle_block.5.pwconv2.weight",
      "backbone.middle_block.6.q.weight",
      "backbone.middle_block.6.kv.weight",
      "backbone.middle_block.6.proj.weight",
      "backbone.middle_block.7.dwconv.weight",
      "backbone.middle_block.7.pwconv1.weight",
      "backbone.middle_block.7.pwconv2.weight",
      "backbone.middle_block.8.dwconv.weight",
      "backbone.middle_block.8.pwconv1.weight",
      "backbone.middle_block.8.pwconv2.weight",
      "backbone.middle_block.9.dwconv.weight",
      "backbone.middle_block.9.pwconv1.weight",
      "backbone.middle_block.9.pwconv2.weight",
      "backbone.middle_block.10.dwconv.weight",
      "backbone.middle_block.10.pwconv1.weight",
      "backbone.middle_block.10.pwconv2.weight",
      "backbone.middle_block.11.skip_proj.weight",
      "backbone.middle_block.11.dwconv.weight",
      "backbone.middle_block.11.pwconv1.weight",
      "backbone.middle_block.11.pwconv2.weight",
      "backbone.up_blocks.0.0.skip_proj.weight",
      "backbone.up_blocks.0.0.dwconv.weight",
      "backbone.up_blocks.0.0.pwconv1.weight",
      "backbone.up_blocks.0.0.pwconv2.weight",
      "backbone.up_blocks.0.1.dwconv.weight",
      "backbone.up_blocks.0.1.pwconv1.weight",
      "backbone.up_blocks.0.1.pwconv2.weight",
      "backbone.up_blocks.0.2.dwconv.weight",
      "backbone.up_blocks.0.2.pwconv1.weight",
      "backbone.up_blocks.0.2.pwconv2.weight",
      "backbone.up_blocks.0.3.dwconv.weight",
      "backbone.up_blocks.0.3.pwconv1.weight",
      "backbone.up_blocks.0.3.pwconv2.weight",
      "backbone.up_blocks.0.4.skip_proj.weight",
      "backbone.up_blocks.0.4.dwconv.weight",
      "backbone.up_blocks.0.4.pwconv1.weight",
      "backbone.up_blocks.0.4.pwconv2.weight",
      "backbone.up_blocks.0.5.q.weight",
      "backbone.up_blocks.0.5.kv.weight",
      "backbone.up_blocks.0.5.proj.weight",
      "backbone.up_blocks.1.0.skip_proj.weight",
      "backbone.up_blocks.1.0.dwconv.weight",
      "backbone.up_blocks.1.0.pwconv1.weight",
      "backbone.up_blocks.1.0.pwconv2.weight",
      "backbone.up_blocks.1.1.dwconv.weight",
      "backbone.up_blocks.1.1.pwconv1.weight",
      "backbone.up_blocks.1.1.pwconv2.weight",
      "backbone.up_blocks.1.2.dwconv.weight",
      "backbone.up_blocks.1.2.pwconv1.weight",
      "backbone.up_blocks.1.2.pwconv2.weight",
      "backbone.up_blocks.1.3.dwconv.weight",
      "backbone.up_blocks.1.3.pwconv1.weight",
      "backbone.up_blocks.1.3.pwconv2.weight",
      "backbone.up_blocks.1.4.skip_proj.weight",
      "backbone.up_blocks.1.4.dwconv.weight",
      "backbone.up_blocks.1.4.pwconv1.weight",
      "backbone.up_blocks.1.4.pwconv2.weight",
      "backbone.up_blocks.1.5.q.weight",
      "backbone.up_blocks.1.5.kv.weight",
      "backbone.up_blocks.1.5.proj.weight",
      "backbone.up_blocks.2.0.skip_proj.weight",
      "backbone.up_blocks.2.0.dwconv.weight",
      "backbone.up_blocks.2.0.pwconv1.weight",
      "backbone.up_blocks.2.0.pwconv2.weight",
      "backbone.up_blocks.2.1.dwconv.weight",
      "backbone.up_blocks.2.1.pwconv1.weight",
      "backbone.up_blocks.2.1.pwconv2.weight",
      "backbone.up_blocks.2.2.dwconv.weight",
      "backbone.up_blocks.2.2.pwconv1.weight",
      "backbone.up_blocks.2.2.pwconv2.weight",
      "backbone.up_blocks.2.3.dwconv.weight",
      "backbone.up_blocks.2.3.pwconv1.weight",
      "backbone.up_blocks.2.3.pwconv2.weight",
      "backbone.up_blocks.2.4.skip_proj.weight",
      "backbone.up_blocks.2.4.dwconv.weight",
      "backbone.up_blocks.2.4.pwconv1.weight",
      "backbone.up_blocks.2.4.pwconv2.weight",
      "backbone.up_blocks.2.5.q.weight",
      "backbone.up_blocks.2.5.kv.weight",
      "backbone.up_blocks.2.5.proj.weight",
      "backbone.out_proj.weight"
    ],
    "lr_scale": 1.0
  },
  "no_decay": {
    "weight_decay": 0.0,
    "params": [
      "seq_encoder.encoder.block.0.layer.0.layer_norm.weight",
      "seq_encoder.encoder.block.0.layer.1.layer_norm.weight",
      "seq_encoder.encoder.block.1.layer.0.layer_norm.weight",
      "seq_encoder.encoder.block.1.layer.1.layer_norm.weight",
      "seq_encoder.encoder.block.2.layer.0.layer_norm.weight",
      "seq_encoder.encoder.block.2.layer.1.layer_norm.weight",
      "seq_encoder.encoder.block.3.layer.0.layer_norm.weight",
      "seq_encoder.encoder.block.3.layer.1.layer_norm.weight",
      "seq_encoder.encoder.block.4.layer.0.layer_norm.weight",
      "seq_encoder.encoder.block.4.layer.1.layer_norm.weight",
      "seq_encoder.encoder.block.5.layer.0.layer_norm.weight",
      "seq_encoder.encoder.block.5.layer.1.layer_norm.weight",
      "seq_encoder.encoder.block.6.layer.0.layer_norm.weight",
      "seq_encoder.encoder.block.6.layer.1.layer_norm.weight",
      "seq_encoder.encoder.block.7.layer.0.layer_norm.weight",
      "seq_encoder.encoder.block.7.layer.1.layer_norm.weight",
      "seq_encoder.encoder.final_layer_norm.weight",
      "backbone.in_proj.bias",
      "backbone.down_blocks.0.0.dwconv.bias",
      "backbone.down_blocks.0.0.norm.weight",
      "backbone.down_blocks.0.0.norm.bias",
      "backbone.down_blocks.0.0.pwconv1.bias",
      "backbone.down_blocks.0.0.grn.gamma",
      "backbone.down_blocks.0.0.grn.beta",
      "backbone.down_blocks.0.0.pwconv2.bias",
      "backbone.down_blocks.0.1.dwconv.bias",
      "backbone.down_blocks.0.1.norm.weight",
      "backbone.down_blocks.0.1.norm.bias",
      "backbone.down_blocks.0.1.pwconv1.bias",
      "backbone.down_blocks.0.1.grn.gamma",
      "backbone.down_blocks.0.1.grn.beta",
      "backbone.down_blocks.0.1.pwconv2.bias",
      "backbone.down_blocks.0.2.dwconv.bias",
      "backbone.down_blocks.0.2.norm.weight",
      "backbone.down_blocks.0.2.norm.bias",
      "backbone.down_blocks.0.2.pwconv1.bias",
      "backbone.down_blocks.0.2.grn.gamma",
      "backbone.down_blocks.0.2.grn.beta",
      "backbone.down_blocks.0.2.pwconv2.bias",
      "backbone.down_blocks.0.3.dwconv.bias",
      "backbone.down_blocks.0.3.norm.weight",
      "backbone.down_blocks.0.3.norm.bias",
      "backbone.down_blocks.0.3.pwconv1.bias",
      "backbone.down_blocks.0.3.grn.gamma",
      "backbone.down_blocks.0.3.grn.beta",
      "backbone.down_blocks.0.3.pwconv2.bias",
      "backbone.down_blocks.0.4.skip_proj.bias",
      "backbone.down_blocks.0.4.dwconv.bias",
      "backbone.down_blocks.0.4.norm.weight",
      "backbone.down_blocks.0.4.norm.bias",
      "backbone.down_blocks.0.4.pwconv1.bias",
      "backbone.down_blocks.0.4.grn.gamma",
      "backbone.down_blocks.0.4.grn.beta",
      "backbone.down_blocks.0.4.pwconv2.bias",
      "backbone.down_blocks.0.5.q.bias",
      "backbone.down_blocks.0.5.kv.bias",
      "backbone.down_blocks.0.5.proj.bias",
      "backbone.down_blocks.0.5.q_norm.weight",
      "backbone.down_blocks.0.5.q_norm.bias",
      "backbone.down_blocks.0.5.k_norm.weight",
      "backbone.down_blocks.0.5.k_norm.bias",
      "backbone.down_blocks.1.1.dwconv.bias",
      "backbone.down_blocks.1.1.norm.weight",
      "backbone.down_blocks.1.1.norm.bias",
      "backbone.down_blocks.1.1.pwconv1.bias",
      "backbone.down_blocks.1.1.grn.gamma",
      "backbone.down_blocks.1.1.grn.beta",
      "backbone.down_blocks.1.1.pwconv2.bias",
      "backbone.down_blocks.1.2.dwconv.bias",
      "backbone.down_blocks.1.2.norm.weight",
      "backbone.down_blocks.1.2.norm.bias",
      "backbone.down_blocks.1.2.pwconv1.bias",
      "backbone.down_blocks.1.2.grn.gamma",
      "backbone.down_blocks.1.2.grn.beta",
      "backbone.down_blocks.1.2.pwconv2.bias",
      "backbone.down_blocks.1.3.dwconv.bias",
      "backbone.down_blocks.1.3.norm.weight",
      "backbone.down_blocks.1.3.norm.bias",
      "backbone.down_blocks.1.3.pwconv1.bias",
      "backbone.down_blocks.1.3.grn.gamma",
      "backbone.down_blocks.1.3.grn.beta",
      "backbone.down_blocks.1.3.pwconv2.bias",
      "backbone.down_blocks.1.4.dwconv.bias",
      "backbone.down_blocks.1.4.norm.weight",
      "backbone.down_blocks.1.4.norm.bias",
      "backbone.down_blocks.1.4.pwconv1.bias",
      "backbone.down_blocks.1.4.grn.gamma",
      "backbone.down_blocks.1.4.grn.beta",
      "backbone.down_blocks.1.4.pwconv2.bias",
      "backbone.down_blocks.1.5.skip_proj.bias",
      "backbone.down_blocks.1.5.dwconv.bias",
      "backbone.down_blocks.1.5.norm.weight",
      "backbone.down_blocks.1.5.norm.bias",
      "backbone.down_blocks.1.5.pwconv1.bias",
      "backbone.down_blocks.1.5.grn.gamma",
      "backbone.down_blocks.1.5.grn.beta",
      "backbone.down_blocks.1.5.pwconv2.bias",
      "backbone.down_blocks.1.6.q.bias",
      "backbone.down_blocks.1.6.kv.bias",
      "backbone.down_blocks.1.6.proj.bias",
      "backbone.down_blocks.1.6.q_norm.weight",
      "backbone.down_blocks.1.6.q_norm.bias",
      "backbone.down_blocks.1.6.k_norm.weight",
      "backbone.down_blocks.1.6.k_norm.bias",
      "backbone.down_blocks.2.1.dwconv.bias",
      "backbone.down_blocks.2.1.norm.weight",
      "backbone.down_blocks.2.1.norm.bias",
      "backbone.down_blocks.2.1.pwconv1.bias",
      "backbone.down_blocks.2.1.grn.gamma",
      "backbone.down_blocks.2.1.grn.beta",
      "backbone.down_blocks.2.1.pwconv2.bias",
      "backbone.down_blocks.2.2.dwconv.bias",
      "backbone.down_blocks.2.2.norm.weight",
      "backbone.down_blocks.2.2.norm.bias",
      "backbone.down_blocks.2.2.pwconv1.bias",
      "backbone.down_blocks.2.2.grn.gamma",
      "backbone.down_blocks.2.2.grn.beta",
      "backbone.down_blocks.2.2.pwconv2.bias",
      "backbone.down_blocks.2.3.dwconv.bias",
      "backbone.down_blocks.2.3.norm.weight",
      "backbone.down_blocks.2.3.norm.bias",
      "backbone.down_blocks.2.3.pwconv1.bias",
      "backbone.down_blocks.2.3.grn.gamma",
      "backbone.down_blocks.2.3.grn.beta",
      "backbone.down_blocks.2.3.pwconv2.bias",
      "backbone.down_blocks.2.4.dwconv.bias",
      "backbone.down_blocks.2.4.norm.weight",
      "backbone.down_blocks.2.4.norm.bias",
      "backbone.down_blocks.2.4.pwconv1.bias",
      "backbone.down_blocks.2.4.grn.gamma",
      "backbone.down_blocks.2.4.grn.beta",
      "backbone.down_blocks.2.4.pwconv2.bias",
      "backbone.down_blocks.2.5.skip_proj.bias",
      "backbone.down_blocks.2.5.dwconv.bias",
      "backbone.down_blocks.2.5.norm.weight",
      "backbone.down_blocks.2.5.norm.bias",
      "backbone.down_blocks.2.5.pwconv1.bias",
      "backbone.down_blocks.2.5.grn.gamma",
      "backbone.down_blocks.2.5.grn.beta",
      "backbone.down_blocks.2.5.pwconv2.bias",
      "backbone.down_blocks.2.6.q.bias",
      "backbone.down_blocks.2.6.kv.bias",
      "backbone.down_blocks.2.6.proj.bias",
      "backbone.down_blocks.2.6.q_norm.weight",
      "backbone.down_blocks.2.6.q_norm.bias",
      "backbone.down_blocks.2.6.k_norm.weight",
      "backbone.down_blocks.2.6.k_norm.bias",
      "backbone.middle_block.1.dwconv.bias",
      "backbone.middle_block.1.norm.weight",
      "backbone.middle_block.1.norm.bias",
      "backbone.middle_block.1.pwconv1.bias",
      "backbone.middle_block.1.grn.gamma",
      "backbone.middle_block.1.grn.beta",
      "backbone.middle_block.1.pwconv2.bias",
      "backbone.middle_block.2.dwconv.bias",
      "backbone.middle_block.2.norm.weight",
      "backbone.middle_block.2.norm.bias",
      "backbone.middle_block.2.pwconv1.bias",
      "backbone.middle_block.2.grn.gamma",
      "backbone.middle_block.2.grn.beta",
      "backbone.middle_block.2.pwconv2.bias",
      "backbone.middle_block.3.dwconv.bias",
      "backbone.middle_block.3.norm.weight",
      "backbone.middle_block.3.norm.bias",
      "backbone.middle_block.3.pwconv1.bias",
      "backbone.middle_block.3.grn.gamma",
      "backbone.middle_block.3.grn.beta",
      "backbone.middle_block.3.pwconv2.bias",
      "backbone.middle_block.4.dwconv.bias",
      "backbone.middle_block.4.norm.weight",
      "backbone.middle_block.4.norm.bias",
      "backbone.middle_block.4.pwconv1.bias",
      "backbone.middle_block.4.grn.gamma",
      "backbone.middle_block.4.grn.beta",
      "backbone.middle_block.4.pwconv2.bias",
      "backbone.middle_block.5.skip_proj.bias",
      "backbone.middle_block.5.dwconv.bias",
      "backbone.middle_block.5.norm.weight",
      "backbone.middle_block.5.norm.bias",
      "backbone.middle_block.5.pwconv1.bias",
      "backbone.middle_block.5.grn.gamma",
      "backbone.middle_block.5.grn.beta",
      "backbone.middle_block.5.pwconv2.bias",
      "backbone.middle_block.6.q.bias",
      "backbone.middle_block.6.kv.bias",
      "backbone.middle_block.6.proj.bias",
      "backbone.middle_block.6.q_norm.weight",
      "backbone.middle_block.6.q_norm.bias",
      "backbone.middle_block.6.k_norm.weight",
      "backbone.middle_block.6.k_norm.bias",
      "backbone.middle_block.7.dwconv.bias",
      "backbone.middle_block.7.norm.weight",
      "backbone.middle_block.7.norm.bias",
      "backbone.middle_block.7.pwconv1.bias",
      "backbone.middle_block.7.grn.gamma",
      "backbone.middle_block.7.grn.beta",
      "backbone.middle_block.7.pwconv2.bias",
      "backbone.middle_block.8.dwconv.bias",
      "backbone.middle_block.8.norm.weight",
      "backbone.middle_block.8.norm.bias",
      "backbone.middle_block.8.pwconv1.bias",
      "backbone.middle_block.8.grn.gamma",
      "backbone.middle_block.8.grn.beta",
      "backbone.middle_block.8.pwconv2.bias",
      "backbone.middle_block.9.dwconv.bias",
      "backbone.middle_block.9.norm.weight",
      "backbone.middle_block.9.norm.bias",
      "backbone.middle_block.9.pwconv1.bias",
      "backbone.middle_block.9.grn.gamma",
      "backbone.middle_block.9.grn.beta",
      "backbone.middle_block.9.pwconv2.bias",
      "backbone.middle_block.10.dwconv.bias",
      "backbone.middle_block.10.norm.weight",
      "backbone.middle_block.10.norm.bias",
      "backbone.middle_block.10.pwconv1.bias",
      "backbone.middle_block.10.grn.gamma",
      "backbone.middle_block.10.grn.beta",
      "backbone.middle_block.10.pwconv2.bias",
      "backbone.middle_block.11.skip_proj.bias",
      "backbone.middle_block.11.dwconv.bias",
      "backbone.middle_block.11.norm.weight",
      "backbone.middle_block.11.norm.bias",
      "backbone.middle_block.11.pwconv1.bias",
      "backbone.middle_block.11.grn.gamma",
      "backbone.middle_block.11.grn.beta",
      "backbone.middle_block.11.pwconv2.bias",
      "backbone.up_blocks.0.0.skip_proj.bias",
      "backbone.up_blocks.0.0.dwconv.bias",
      "backbone.up_blocks.0.0.norm.weight",
      "backbone.up_blocks.0.0.norm.bias",
      "backbone.up_blocks.0.0.pwconv1.bias",
      "backbone.up_blocks.0.0.grn.gamma",
      "backbone.up_blocks.0.0.grn.beta",
      "backbone.up_blocks.0.0.pwconv2.bias",
      "backbone.up_blocks.0.1.dwconv.bias",
      "backbone.up_blocks.0.1.norm.weight",
      "backbone.up_blocks.0.1.norm.bias",
      "backbone.up_blocks.0.1.pwconv1.bias",
      "backbone.up_blocks.0.1.grn.gamma",
      "backbone.up_blocks.0.1.grn.beta",
      "backbone.up_blocks.0.1.pwconv2.bias",
      "backbone.up_blocks.0.2.dwconv.bias",
      "backbone.up_blocks.0.2.norm.weight",
      "backbone.up_blocks.0.2.norm.bias",
      "backbone.up_blocks.0.2.pwconv1.bias",
      "backbone.up_blocks.0.2.grn.gamma",
      "backbone.up_blocks.0.2.grn.beta",
      "backbone.up_blocks.0.2.pwconv2.bias",
      "backbone.up_blocks.0.3.dwconv.bias",
      "backbone.up_blocks.0.3.norm.weight",
      "backbone.up_blocks.0.3.norm.bias",
      "backbone.up_blocks.0.3.pwconv1.bias",
      "backbone.up_blocks.0.3.grn.gamma",
      "backbone.up_blocks.0.3.grn.beta",
      "backbone.up_blocks.0.3.pwconv2.bias",
      "backbone.up_blocks.0.4.skip_proj.bias",
      "backbone.up_blocks.0.4.dwconv.bias",
      "backbone.up_blocks.0.4.norm.weight",
      "backbone.up_blocks.0.4.norm.bias",
      "backbone.up_blocks.0.4.pwconv1.bias",
      "backbone.up_blocks.0.4.grn.gamma",
      "backbone.up_blocks.0.4.grn.beta",
      "backbone.up_blocks.0.4.pwconv2.bias",
      "backbone.up_blocks.0.5.q.bias",
      "backbone.up_blocks.0.5.kv.bias",
      "backbone.up_blocks.0.5.proj.bias",
      "backbone.up_blocks.0.5.q_norm.weight",
      "backbone.up_blocks.0.5.q_norm.bias",
      "backbone.up_blocks.0.5.k_norm.weight",
      "backbone.up_blocks.0.5.k_norm.bias",
      "backbone.up_blocks.1.0.skip_proj.bias",
      "backbone.up_blocks.1.0.dwconv.bias",
      "backbone.up_blocks.1.0.norm.weight",
      "backbone.up_blocks.1.0.norm.bias",
      "backbone.up_blocks.1.0.pwconv1.bias",
      "backbone.up_blocks.1.0.grn.gamma",
      "backbone.up_blocks.1.0.grn.beta",
      "backbone.up_blocks.1.0.pwconv2.bias",
      "backbone.up_blocks.1.1.dwconv.bias",
      "backbone.up_blocks.1.1.norm.weight",
      "backbone.up_blocks.1.1.norm.bias",
      "backbone.up_blocks.1.1.pwconv1.bias",
      "backbone.up_blocks.1.1.grn.gamma",
      "backbone.up_blocks.1.1.grn.beta",
      "backbone.up_blocks.1.1.pwconv2.bias",
      "backbone.up_blocks.1.2.dwconv.bias",
      "backbone.up_blocks.1.2.norm.weight",
      "backbone.up_blocks.1.2.norm.bias",
      "backbone.up_blocks.1.2.pwconv1.bias",
      "backbone.up_blocks.1.2.grn.gamma",
      "backbone.up_blocks.1.2.grn.beta",
      "backbone.up_blocks.1.2.pwconv2.bias",
      "backbone.up_blocks.1.3.dwconv.bias",
      "backbone.up_blocks.1.3.norm.weight",
      "backbone.up_blocks.1.3.norm.bias",
      "backbone.up_blocks.1.3.pwconv1.bias",
      "backbone.up_blocks.1.3.grn.gamma",
      "backbone.up_blocks.1.3.grn.beta",
      "backbone.up_blocks.1.3.pwconv2.bias",
      "backbone.up_blocks.1.4.skip_proj.bias",
      "backbone.up_blocks.1.4.dwconv.bias",
      "backbone.up_blocks.1.4.norm.weight",
      "backbone.up_blocks.1.4.norm.bias",
      "backbone.up_blocks.1.4.pwconv1.bias",
      "backbone.up_blocks.1.4.grn.gamma",
      "backbone.up_blocks.1.4.grn.beta",
      "backbone.up_blocks.1.4.pwconv2.bias",
      "backbone.up_blocks.1.5.q.bias",
      "backbone.up_blocks.1.5.kv.bias",
      "backbone.up_blocks.1.5.proj.bias",
      "backbone.up_blocks.1.5.q_norm.weight",
      "backbone.up_blocks.1.5.q_norm.bias",
      "backbone.up_blocks.1.5.k_norm.weight",
      "backbone.up_blocks.1.5.k_norm.bias",
      "backbone.up_blocks.2.0.skip_proj.bias",
      "backbone.up_blocks.2.0.dwconv.bias",
      "backbone.up_blocks.2.0.norm.weight",
      "backbone.up_blocks.2.0.norm.bias",
      "backbone.up_blocks.2.0.pwconv1.bias",
      "backbone.up_blocks.2.0.grn.gamma",
      "backbone.up_blocks.2.0.grn.beta",
      "backbone.up_blocks.2.0.pwconv2.bias",
      "backbone.up_blocks.2.1.dwconv.bias",
      "backbone.up_blocks.2.1.norm.weight",
      "backbone.up_blocks.2.1.norm.bias",
      "backbone.up_blocks.2.1.pwconv1.bias",
      "backbone.up_blocks.2.1.grn.gamma",
      "backbone.up_blocks.2.1.grn.beta",
      "backbone.up_blocks.2.1.pwconv2.bias",
      "backbone.up_blocks.2.2.dwconv.bias",
      "backbone.up_blocks.2.2.norm.weight",
      "backbone.up_blocks.2.2.norm.bias",
      "backbone.up_blocks.2.2.pwconv1.bias",
      "backbone.up_blocks.2.2.grn.gamma",
      "backbone.up_blocks.2.2.grn.beta",
      "backbone.up_blocks.2.2.pwconv2.bias",
      "backbone.up_blocks.2.3.dwconv.bias",
      "backbone.up_blocks.2.3.norm.weight",
      "backbone.up_blocks.2.3.norm.bias",
      "backbone.up_blocks.2.3.pwconv1.bias",
      "backbone.up_blocks.2.3.grn.gamma",
      "backbone.up_blocks.2.3.grn.beta",
      "backbone.up_blocks.2.3.pwconv2.bias",
      "backbone.up_blocks.2.4.skip_proj.bias",
      "backbone.up_blocks.2.4.dwconv.bias",
      "backbone.up_blocks.2.4.norm.weight",
      "backbone.up_blocks.2.4.norm.bias",
      "backbone.up_blocks.2.4.pwconv1.bias",
      "backbone.up_blocks.2.4.grn.gamma",
      "backbone.up_blocks.2.4.grn.beta",
      "backbone.up_blocks.2.4.pwconv2.bias",
      "backbone.up_blocks.2.5.q.bias",
      "backbone.up_blocks.2.5.kv.bias",
      "backbone.up_blocks.2.5.proj.bias",
      "backbone.up_blocks.2.5.q_norm.weight",
      "backbone.up_blocks.2.5.q_norm.bias",
      "backbone.up_blocks.2.5.k_norm.weight",
      "backbone.up_blocks.2.5.k_norm.bias",
      "backbone.norm.weight",
      "backbone.norm.bias",
      "backbone.out_proj.bias"
    ],
    "lr_scale": 1.0
  }
}
optimizer settings: {'lr': 0.0001, 'weight_decay': 0.0, 'eps': 1e-08, 'betas': [0.9, 0.99]}
Set warmup steps = 1590
Set warmup steps = 0
Max WD = 0.0500000, Min WD = 0.0500000
Start training for 100 epochs
Epoch: [0]  [  0/159]  eta: 7:22:06  lr: 0.000000  min_lr: 0.000000  loss: 1.0000 (1.0000)  weight_decay: 0.0500 (0.0500)  grad_norm: 0.0001 (0.0001)  time: 166.8303  data: 125.2520  max mem: 29504
Epoch: [0]  [ 10/159]  eta: 0:40:47  lr: 0.000001  min_lr: 0.000001  loss: 1.0000 (1.0000)  weight_decay: 0.0500 (0.0500)  grad_norm: 0.0001 (0.0001)  time: 16.4293  data: 11.4130  max mem: 30395
Epoch: [0]  [ 20/159]  eta: 0:20:40  lr: 0.000001  min_lr: 0.000001  loss: 1.0000 (1.0000)  weight_decay: 0.0500 (0.0500)  grad_norm: 0.0001 (0.0001)  time: 1.0305  data: 0.0147  max mem: 30395
Epoch: [0]  [ 30/159]  eta: 0:13:27  lr: 0.000002  min_lr: 0.000002  loss: 1.0000 (1.0000)  weight_decay: 0.0500 (0.0500)  grad_norm: 0.0001 (0.0001)  time: 0.6679  data: 0.0002  max mem: 30395
Epoch: [0]  [ 40/159]  eta: 0:09:42  lr: 0.000003  min_lr: 0.000003  loss: 1.0000 (1.0000)  weight_decay: 0.0500 (0.0500)  grad_norm: 0.0001 (0.0001)  time: 0.6656  data: 0.0002  max mem: 30395
Epoch: [0]  [ 50/159]  eta: 0:07:23  lr: 0.000003  min_lr: 0.000003  loss: 1.0000 (1.0000)  weight_decay: 0.0500 (0.0500)  grad_norm: 0.0001 (0.0001)  time: 0.6604  data: 0.0002  max mem: 30395
Epoch: [0]  [ 60/159]  eta: 0:05:47  lr: 0.000004  min_lr: 0.000004  loss: 1.0000 (1.0000)  weight_decay: 0.0500 (0.0500)  grad_norm: 0.0001 (0.0001)  time: 0.6692  data: 0.0002  max mem: 30395
Epoch: [0]  [ 70/159]  eta: 0:04:36  lr: 0.000004  min_lr: 0.000004  loss: 1.0000 (1.0000)  weight_decay: 0.0500 (0.0500)  grad_norm: 0.0000 (0.0001)  time: 0.6455  data: 0.0002  max mem: 30395
Epoch: [0]  [ 80/159]  eta: 0:03:40  lr: 0.000005  min_lr: 0.000005  loss: 1.0000 (1.0000)  weight_decay: 0.0500 (0.0500)  grad_norm: 0.0000 (0.0001)  time: 0.6051  data: 0.0002  max mem: 30395
Epoch: [0]  [ 90/159]  eta: 0:02:56  lr: 0.000006  min_lr: 0.000006  loss: 1.0000 (1.0000)  weight_decay: 0.0500 (0.0500)  grad_norm: 0.0000 (0.0001)  time: 0.6115  data: 0.0002  max mem: 30395
Epoch: [0]  [100/159]  eta: 0:02:19  lr: 0.000006  min_lr: 0.000006  loss: 1.0000 (1.0000)  weight_decay: 0.0500 (0.0500)  grad_norm: 0.0000 (0.0001)  time: 0.6040  data: 0.0002  max mem: 30395
Epoch: [0]  [110/159]  eta: 0:01:47  lr: 0.000007  min_lr: 0.000007  loss: 1.0000 (1.0000)  weight_decay: 0.0500 (0.0500)  grad_norm: 0.0000 (0.0000)  time: 0.5880  data: 0.0002  max mem: 30395
Epoch: [0]  [120/159]  eta: 0:01:20  lr: 0.000008  min_lr: 0.000008  loss: 1.0000 (1.0000)  weight_decay: 0.0500 (0.0500)  grad_norm: 0.0000 (0.0000)  time: 0.5901  data: 0.0002  max mem: 30395
Epoch: [0]  [130/159]  eta: 0:00:56  lr: 0.000008  min_lr: 0.000008  loss: 1.0000 (1.0000)  weight_decay: 0.0500 (0.0500)  grad_norm: 0.0000 (0.0000)  time: 0.5884  data: 0.0002  max mem: 30395
Epoch: [0]  [140/159]  eta: 0:00:35  lr: 0.000009  min_lr: 0.000009  loss: 1.0000 (1.0000)  weight_decay: 0.0500 (0.0500)  grad_norm: 0.0000 (0.0000)  time: 0.5839  data: 0.0002  max mem: 30395
Epoch: [0]  [150/159]  eta: 0:00:15  lr: 0.000009  min_lr: 0.000009  loss: 1.0000 (1.0000)  weight_decay: 0.0500 (0.0500)  grad_norm: 0.0000 (0.0000)  time: 0.5833  data: 0.0001  max mem: 30395
Epoch: [0]  [158/159]  eta: 0:00:01  lr: 0.000010  min_lr: 0.000010  loss: 1.0000 (1.0000)  weight_decay: 0.0500 (0.0500)  grad_norm: 0.0000 (0.0000)  time: 0.5829  data: 0.0001  max mem: 30395
Epoch: [0] Total time: 0:04:35 (1.7324 s / it)
Averaged stats: lr: 0.000010  min_lr: 0.000010  loss: 1.0000 (1.0000)  weight_decay: 0.0500 (0.0500)  grad_norm: 0.0000 (0.0000)
[Eval]   [0/2]  eta: 0:00:18  loss: 1.0000 (1.0000)  time: 9.1683  data: 9.0045  max mem: 30395
[Eval]   [1/2]  eta: 0:00:05  loss: 1.0000 (1.0000)  time: 5.0193  data: 4.5023  max mem: 30395
[Eval]  Total time: 0:00:10 (5.1995 s / it)
Eval averaged stats: loss: 1.0000 (1.0000)
[Eval] Image Metrics:  [0/2]  eta: 0:00:11    time: 5.6518  data: 4.9415  max mem: 30395
[Eval] Image Metrics:  [1/2]  eta: 0:00:03    time: 3.0432  data: 2.4708  max mem: 30395
[Eval] Image Metrics: Total time: 0:00:07 (3.5128 s / it)
[Eval] Metric Results: [Eval] MSE: 0.0000 (0.0000)  [Eval] MAE: 0.0000 (0.0000)  [Eval] PSNR: 47.0050 (47.0050)  [Eval] MS-SSIM: 0.9992 (0.9992)
Logged 9 eval images
Epoch: [1]  [  0/159]  eta: 1:38:20  lr: 0.000010  min_lr: 0.000010  loss: 1.0000 (1.0000)  weight_decay: 0.0500 (0.0500)  grad_norm: 0.0000 (0.0000)  time: 37.1095  data: 36.0627  max mem: 30401
Epoch: [1]  [ 10/159]  eta: 0:10:51  lr: 0.000011  min_lr: 0.000011  loss: 1.0000 (1.0000)  weight_decay: 0.0500 (0.0500)  grad_norm: 0.0000 (0.0000)  time: 4.3699  data: 3.4721  max mem: 30401
Epoch: [1]  [ 20/159]  eta: 0:06:00  lr: 0.000011  min_lr: 0.000011  loss: 1.0000 (1.0000)  weight_decay: 0.0500 (0.0500)  grad_norm: 0.0000 (0.0000)  time: 0.8685  data: 0.1066  max mem: 30401
Epoch: [1]  [ 30/159]  eta: 0:04:12  lr: 0.000012  min_lr: 0.000012  loss: 1.0000 (1.0000)  weight_decay: 0.0500 (0.0500)  grad_norm: 0.0000 (0.0000)  time: 0.6258  data: 0.0002  max mem: 30401
Epoch: [1]  [ 40/159]  eta: 0:03:12  lr: 0.000013  min_lr: 0.000013  loss: 1.0000 (1.0000)  weight_decay: 0.0500 (0.0500)  grad_norm: 0.0000 (0.0000)  time: 0.5999  data: 0.0002  max mem: 30401
Epoch: [1]  [ 50/159]  eta: 0:02:34  lr: 0.000013  min_lr: 0.000013  loss: 1.0000 (1.0000)  weight_decay: 0.0500 (0.0500)  grad_norm: 0.0000 (0.0000)  time: 0.5859  data: 0.0002  max mem: 30401
Epoch: [1]  [ 60/159]  eta: 0:02:06  lr: 0.000014  min_lr: 0.000014  loss: 1.0000 (1.0000)  weight_decay: 0.0500 (0.0500)  grad_norm: 0.0000 (0.0000)  time: 0.5829  data: 0.0002  max mem: 30401
Epoch: [1]  [ 70/159]  eta: 0:01:45  lr: 0.000014  min_lr: 0.000014  loss: 1.0000 (1.0000)  weight_decay: 0.0500 (0.0500)  grad_norm: 0.0001 (0.0000)  time: 0.5829  data: 0.0002  max mem: 30401
Epoch: [1]  [ 80/159]  eta: 0:01:27  lr: 0.000015  min_lr: 0.000015  loss: 1.0000 (1.0000)  weight_decay: 0.0500 (0.0500)  grad_norm: 0.0001 (0.0000)  time: 0.5838  data: 0.0001  max mem: 30401
Epoch: [1]  [ 90/159]  eta: 0:01:12  lr: 0.000016  min_lr: 0.000016  loss: 1.0000 (1.0000)  weight_decay: 0.0500 (0.0500)  grad_norm: 0.0001 (0.0000)  time: 0.5843  data: 0.0001  max mem: 30401
Epoch: [1]  [100/159]  eta: 0:00:59  lr: 0.000016  min_lr: 0.000016  loss: 1.0000 (1.0000)  weight_decay: 0.0500 (0.0500)  grad_norm: 0.0001 (0.0000)  time: 0.5834  data: 0.0001  max mem: 30401
Epoch: [1]  [110/159]  eta: 0:00:47  lr: 0.000017  min_lr: 0.000017  loss: 1.0000 (1.0000)  weight_decay: 0.0500 (0.0500)  grad_norm: 0.0001 (0.0001)  time: 0.5831  data: 0.0001  max mem: 30401
Epoch: [1]  [120/159]  eta: 0:00:36  lr: 0.000018  min_lr: 0.000018  loss: 1.0000 (1.0000)  weight_decay: 0.0500 (0.0500)  grad_norm: 0.0001 (0.0001)  time: 0.5840  data: 0.0002  max mem: 30401
Epoch: [1]  [130/159]  eta: 0:00:26  lr: 0.000018  min_lr: 0.000018  loss: 1.0000 (1.0000)  weight_decay: 0.0500 (0.0500)  grad_norm: 0.0001 (0.0001)  time: 0.5842  data: 0.0001  max mem: 30401
Epoch: [1]  [140/159]  eta: 0:00:16  lr: 0.000019  min_lr: 0.000019  loss: 1.0000 (1.0000)  weight_decay: 0.0500 (0.0500)  grad_norm: 0.0001 (0.0001)  time: 0.5830  data: 0.0001  max mem: 30401
Epoch: [1]  [150/159]  eta: 0:00:07  lr: 0.000019  min_lr: 0.000019  loss: 1.0000 (1.0000)  weight_decay: 0.0500 (0.0500)  grad_norm: 0.0001 (0.0001)  time: 0.5836  data: 0.0001  max mem: 30401
Epoch: [1]  [158/159]  eta: 0:00:00  lr: 0.000020  min_lr: 0.000020  loss: 1.0000 (1.0000)  weight_decay: 0.0500 (0.0500)  grad_norm: 0.0001 (0.0001)  time: 0.5840  data: 0.0001  max mem: 30401
Epoch: [1] Total time: 0:02:16 (0.8609 s / it)
Averaged stats: lr: 0.000020  min_lr: 0.000020  loss: 1.0000 (1.0000)  weight_decay: 0.0500 (0.0500)  grad_norm: 0.0001 (0.0001)
Epoch: [2]  [  0/159]  eta: 2:18:06  lr: 0.000020  min_lr: 0.000020  loss: 1.0000 (1.0000)  weight_decay: 0.0500 (0.0500)  grad_norm: 0.0001 (0.0001)  time: 52.1166  data: 45.2563  max mem: 30401
Epoch: [2]  [ 10/159]  eta: 0:15:19  lr: 0.000021  min_lr: 0.000021  loss: 1.0000 (1.0000)  weight_decay: 0.0500 (0.0500)  grad_norm: 0.0001 (0.0001)  time: 6.1706  data: 4.1148  max mem: 30401
Epoch: [2]  [ 20/159]  eta: 0:08:08  lr: 0.000021  min_lr: 0.000021  loss: 1.0000 (1.0000)  weight_decay: 0.0500 (0.0500)  grad_norm: 0.0001 (0.0001)  time: 1.0835  data: 0.0004  max mem: 30401
Epoch: [2]  [ 30/159]  eta: 0:05:31  lr: 0.000022  min_lr: 0.000022  loss: 1.0000 (1.0000)  weight_decay: 0.0500 (0.0500)  grad_norm: 0.0001 (0.0001)  time: 0.5923  data: 0.0002  max mem: 30401
Epoch: [2]  [ 40/159]  eta: 0:04:08  lr: 0.000023  min_lr: 0.000023  loss: 1.0000 (1.0000)  weight_decay: 0.0500 (0.0500)  grad_norm: 0.0001 (0.0001)  time: 0.5903  data: 0.0002  max mem: 30401
Epoch: [2]  [ 50/159]  eta: 0:03:15  lr: 0.000023  min_lr: 0.000023  loss: 1.0000 (1.0000)  weight_decay: 0.0500 (0.0500)  grad_norm: 0.0001 (0.0001)  time: 0.5837  data: 0.0002  max mem: 30401
Epoch: [2]  [ 60/159]  eta: 0:02:37  lr: 0.000024  min_lr: 0.000024  loss: 1.0000 (1.0000)  weight_decay: 0.0500 (0.0500)  grad_norm: 0.0001 (0.0001)  time: 0.5799  data: 0.0002  max mem: 30401
Epoch: [2]  [ 70/159]  eta: 0:02:09  lr: 0.000024  min_lr: 0.000024  loss: 1.0000 (1.0000)  weight_decay: 0.0500 (0.0500)  grad_norm: 0.0001 (0.0001)  time: 0.5801  data: 0.0001  max mem: 30401
Epoch: [2]  [ 80/159]  eta: 0:01:46  lr: 0.000025  min_lr: 0.000025  loss: 1.0000 (1.0000)  weight_decay: 0.0500 (0.0500)  grad_norm: 0.0001 (0.0001)  time: 0.5796  data: 0.0001  max mem: 30401
Epoch: [2]  [ 90/159]  eta: 0:01:26  lr: 0.000026  min_lr: 0.000026  loss: 1.0000 (1.0000)  weight_decay: 0.0500 (0.0500)  grad_norm: 0.0001 (0.0001)  time: 0.5785  data: 0.0001  max mem: 30401
Epoch: [2]  [100/159]  eta: 0:01:10  lr: 0.000026  min_lr: 0.000026  loss: 1.0000 (1.0000)  weight_decay: 0.0500 (0.0500)  grad_norm: 0.0001 (0.0001)  time: 0.5787  data: 0.0001  max mem: 30401
Epoch: [2]  [110/159]  eta: 0:00:55  lr: 0.000027  min_lr: 0.000027  loss: 1.0000 (1.0000)  weight_decay: 0.0500 (0.0500)  grad_norm: 0.0001 (0.0001)  time: 0.5805  data: 0.0002  max mem: 30401
Epoch: [2]  [120/159]  eta: 0:00:42  lr: 0.000028  min_lr: 0.000028  loss: 1.0000 (1.0000)  weight_decay: 0.0500 (0.0500)  grad_norm: 0.0001 (0.0001)  time: 0.5813  data: 0.0001  max mem: 30401
Epoch: [2]  [130/159]  eta: 0:00:30  lr: 0.000028  min_lr: 0.000028  loss: 1.0000 (1.0000)  weight_decay: 0.0500 (0.0500)  grad_norm: 0.0001 (0.0001)  time: 0.5797  data: 0.0002  max mem: 30401
Epoch: [2]  [140/159]  eta: 0:00:19  lr: 0.000029  min_lr: 0.000029  loss: 1.0000 (1.0000)  weight_decay: 0.0500 (0.0500)  grad_norm: 0.0001 (0.0001)  time: 0.5786  data: 0.0002  max mem: 30401
Epoch: [2]  [150/159]  eta: 0:00:08  lr: 0.000029  min_lr: 0.000029  loss: 1.0000 (1.0000)  weight_decay: 0.0500 (0.0500)  grad_norm: 0.0001 (0.0001)  time: 0.5790  data: 0.0001  max mem: 30401
Epoch: [2]  [158/159]  eta: 0:00:00  lr: 0.000030  min_lr: 0.000030  loss: 1.0000 (1.0000)  weight_decay: 0.0500 (0.0500)  grad_norm: 0.0001 (0.0001)  time: 0.5791  data: 0.0002  max mem: 30401
Epoch: [2] Total time: 0:02:35 (0.9776 s / it)
Averaged stats: lr: 0.000030  min_lr: 0.000030  loss: 1.0000 (1.0000)  weight_decay: 0.0500 (0.0500)  grad_norm: 0.0001 (0.0001)
Epoch: [3]  [  0/159]  eta: 2:21:23  lr: 0.000030  min_lr: 0.000030  loss: 1.0000 (1.0000)  weight_decay: 0.0500 (0.0500)  grad_norm: 0.0001 (0.0001)  time: 53.3558  data: 47.4781  max mem: 30401
Epoch: [3]  [ 10/159]  eta: 0:14:31  lr: 0.000031  min_lr: 0.000031  loss: 1.0000 (1.0000)  weight_decay: 0.0500 (0.0500)  grad_norm: 0.0001 (0.0001)  time: 5.8478  data: 4.3169  max mem: 30401
Epoch: [3]  [ 20/159]  eta: 0:07:53  lr: 0.000031  min_lr: 0.000031  loss: 1.0000 (1.0000)  weight_decay: 0.0500 (0.0500)  grad_norm: 0.0001 (0.0001)  time: 0.9118  data: 0.0005  max mem: 30401
Epoch: [3]  [ 30/159]  eta: 0:05:22  lr: 0.000032  min_lr: 0.000032  loss: 1.0000 (1.0000)  weight_decay: 0.0500 (0.0500)  grad_norm: 0.0001 (0.0001)  time: 0.6573  data: 0.0002  max mem: 30401
Epoch: [3]  [ 40/159]  eta: 0:04:01  lr: 0.000033  min_lr: 0.000033  loss: 1.0000 (1.0000)  weight_decay: 0.0500 (0.0500)  grad_norm: 0.0002 (0.0002)  time: 0.5852  data: 0.0002  max mem: 30401
Epoch: [3]  [ 50/159]  eta: 0:03:10  lr: 0.000033  min_lr: 0.000033  loss: 1.0000 (1.0000)  weight_decay: 0.0500 (0.0500)  grad_norm: 0.0002 (0.0002)  time: 0.5830  data: 0.0001  max mem: 30401
Epoch: [3]  [ 60/159]  eta: 0:02:34  lr: 0.000034  min_lr: 0.000034  loss: 1.0000 (1.0000)  weight_decay: 0.0500 (0.0500)  grad_norm: 0.0002 (0.0002)  time: 0.5859  data: 0.0001  max mem: 30401
Epoch: [3]  [ 70/159]  eta: 0:02:06  lr: 0.000034  min_lr: 0.000034  loss: 1.0000 (1.0000)  weight_decay: 0.0500 (0.0500)  grad_norm: 0.0001 (0.0002)  time: 0.5942  data: 0.0001  max mem: 30401
Epoch: [3]  [ 80/159]  eta: 0:01:44  lr: 0.000035  min_lr: 0.000035  loss: 1.0000 (1.0000)  weight_decay: 0.0500 (0.0500)  grad_norm: 0.0002 (0.0002)  time: 0.5941  data: 0.0001  max mem: 30401
Epoch: [3]  [ 90/159]  eta: 0:01:25  lr: 0.000036  min_lr: 0.000036  loss: 1.0000 (1.0000)  weight_decay: 0.0500 (0.0500)  grad_norm: 0.0002 (0.0002)  time: 0.5848  data: 0.0001  max mem: 30401
Epoch: [3]  [100/159]  eta: 0:01:09  lr: 0.000036  min_lr: 0.000036  loss: 1.0000 (1.0000)  weight_decay: 0.0500 (0.0500)  grad_norm: 0.0001 (0.0002)  time: 0.5808  data: 0.0001  max mem: 30401
Epoch: [3]  [110/159]  eta: 0:00:54  lr: 0.000037  min_lr: 0.000037  loss: 1.0000 (1.0000)  weight_decay: 0.0500 (0.0500)  grad_norm: 0.0002 (0.0002)  time: 0.5801  data: 0.0002  max mem: 30401
Epoch: [3]  [120/159]  eta: 0:00:41  lr: 0.000038  min_lr: 0.000038  loss: 1.0000 (1.0000)  weight_decay: 0.0500 (0.0500)  grad_norm: 0.0002 (0.0002)  time: 0.5802  data: 0.0002  max mem: 30401
Epoch: [3]  [130/159]  eta: 0:00:30  lr: 0.000038  min_lr: 0.000038  loss: 1.0000 (1.0000)  weight_decay: 0.0500 (0.0500)  grad_norm: 0.0002 (0.0002)  time: 0.5793  data: 0.0001  max mem: 30401
Epoch: [3]  [140/159]  eta: 0:00:19  lr: 0.000039  min_lr: 0.000039  loss: 1.0000 (1.0000)  weight_decay: 0.0500 (0.0500)  grad_norm: 0.0002 (0.0002)  time: 0.5789  data: 0.0001  max mem: 30401
Epoch: [3]  [150/159]  eta: 0:00:08  lr: 0.000039  min_lr: 0.000039  loss: 1.0000 (1.0000)  weight_decay: 0.0500 (0.0500)  grad_norm: 0.0002 (0.0002)  time: 0.5797  data: 0.0001  max mem: 30401
Epoch: [3]  [158/159]  eta: 0:00:00  lr: 0.000040  min_lr: 0.000040  loss: 1.0000 (1.0000)  weight_decay: 0.0500 (0.0500)  grad_norm: 0.0002 (0.0002)  time: 0.5797  data: 0.0001  max mem: 30401
Epoch: [3] Total time: 0:02:33 (0.9664 s / it)
Averaged stats: lr: 0.000040  min_lr: 0.000040  loss: 1.0000 (1.0000)  weight_decay: 0.0500 (0.0500)  grad_norm: 0.0002 (0.0002)
Epoch: [4]  [  0/159]  eta: 5:21:28  lr: 0.000040  min_lr: 0.000040  loss: 1.0000 (1.0000)  weight_decay: 0.0500 (0.0500)  grad_norm: 0.0002 (0.0002)  time: 121.3136  data: 85.9951  max mem: 30401
Epoch: [4]  [ 10/159]  eta: 0:33:41  lr: 0.000041  min_lr: 0.000041  loss: 1.0000 (1.0000)  weight_decay: 0.0500 (0.0500)  grad_norm: 0.0002 (0.0002)  time: 13.5698  data: 9.7682  max mem: 30401
Epoch: [4]  [ 20/159]  eta: 0:17:10  lr: 0.000041  min_lr: 0.000041  loss: 1.0000 (1.0000)  weight_decay: 0.0500 (0.0500)  grad_norm: 0.0002 (0.0002)  time: 1.7168  data: 1.0728  max mem: 30401
Epoch: [4]  [ 30/159]  eta: 0:11:15  lr: 0.000042  min_lr: 0.000042  loss: 1.0000 (1.0000)  weight_decay: 0.0500 (0.0500)  grad_norm: 0.0002 (0.0002)  time: 0.6478  data: 0.0002  max mem: 30401
Epoch: [4]  [ 40/159]  eta: 0:08:07  lr: 0.000043  min_lr: 0.000043  loss: 1.0000 (1.0000)  weight_decay: 0.0500 (0.0500)  grad_norm: 0.0002 (0.0002)  time: 0.6215  data: 0.0002  max mem: 30401
Epoch: [4]  [ 50/159]  eta: 0:06:11  lr: 0.000043  min_lr: 0.000043  loss: 1.0000 (1.0000)  weight_decay: 0.0500 (0.0500)  grad_norm: 0.0002 (0.0002)  time: 0.5848  data: 0.0002  max mem: 30401
Epoch: [4]  [ 60/159]  eta: 0:04:51  lr: 0.000044  min_lr: 0.000044  loss: 1.0000 (1.0000)  weight_decay: 0.0500 (0.0500)  grad_norm: 0.0002 (0.0002)  time: 0.5852  data: 0.0002  max mem: 30401
Epoch: [4]  [ 70/159]  eta: 0:03:52  lr: 0.000044  min_lr: 0.000044  loss: 1.0000 (1.0000)  weight_decay: 0.0500 (0.0500)  grad_norm: 0.0002 (0.0002)  time: 0.5840  data: 0.0001  max mem: 30401
Epoch: [4]  [ 80/159]  eta: 0:03:06  lr: 0.000045  min_lr: 0.000045  loss: 1.0000 (1.0000)  weight_decay: 0.0500 (0.0500)  grad_norm: 0.0002 (0.0002)  time: 0.5818  data: 0.0001  max mem: 30401
Epoch: [4]  [ 90/159]  eta: 0:02:29  lr: 0.000046  min_lr: 0.000046  loss: 1.0000 (1.0000)  weight_decay: 0.0500 (0.0500)  grad_norm: 0.0002 (0.0002)  time: 0.5866  data: 0.0001  max mem: 30401
Epoch: [4]  [100/159]  eta: 0:01:58  lr: 0.000046  min_lr: 0.000046  loss: 1.0000 (1.0000)  weight_decay: 0.0500 (0.0500)  grad_norm: 0.0002 (0.0002)  time: 0.5902  data: 0.0001  max mem: 30401
Epoch: [4]  [110/159]  eta: 0:01:32  lr: 0.000047  min_lr: 0.000047  loss: 1.0000 (1.0000)  weight_decay: 0.0500 (0.0500)  grad_norm: 0.0002 (0.0002)  time: 0.5858  data: 0.0001  max mem: 30401
Epoch: [4]  [120/159]  eta: 0:01:09  lr: 0.000048  min_lr: 0.000048  loss: 1.0000 (1.0000)  weight_decay: 0.0500 (0.0500)  grad_norm: 0.0002 (0.0002)  time: 0.5828  data: 0.0002  max mem: 30401
Epoch: [4]  [130/159]  eta: 0:00:48  lr: 0.000048  min_lr: 0.000048  loss: 1.0000 (1.0000)  weight_decay: 0.0500 (0.0500)  grad_norm: 0.0002 (0.0002)  time: 0.5826  data: 0.0002  max mem: 30401
Epoch: [4]  [140/159]  eta: 0:00:30  lr: 0.000049  min_lr: 0.000049  loss: 1.0000 (1.0000)  weight_decay: 0.0500 (0.0500)  grad_norm: 0.0002 (0.0002)  time: 0.5827  data: 0.0001  max mem: 30401
Epoch: [4]  [150/159]  eta: 0:00:13  lr: 0.000049  min_lr: 0.000049  loss: 1.0000 (1.0000)  weight_decay: 0.0500 (0.0500)  grad_norm: 0.0002 (0.0002)  time: 0.5837  data: 0.0001  max mem: 30401
Epoch: [4]  [158/159]  eta: 0:00:01  lr: 0.000050  min_lr: 0.000050  loss: 1.0000 (1.0000)  weight_decay: 0.0500 (0.0500)  grad_norm: 0.0002 (0.0002)  time: 0.5833  data: 0.0001  max mem: 30401
Epoch: [4] Total time: 0:03:58 (1.5003 s / it)
Averaged stats: lr: 0.000050  min_lr: 0.000050  loss: 1.0000 (1.0000)  weight_decay: 0.0500 (0.0500)  grad_norm: 0.0002 (0.0002)
Epoch: [5]  [  0/159]  eta: 5:18:51  lr: 0.000050  min_lr: 0.000050  loss: 1.0000 (1.0000)  weight_decay: 0.0500 (0.0500)  grad_norm: 0.0001 (0.0001)  time: 120.3208  data: 105.8156  max mem: 30401
Epoch: [5]  [ 10/159]  eta: 0:29:38  lr: 0.000051  min_lr: 0.000051  loss: 1.0000 (1.0000)  weight_decay: 0.0500 (0.0500)  grad_norm: 0.0002 (0.0002)  time: 11.9349  data: 9.6203  max mem: 30401
Epoch: [5]  [ 20/159]  eta: 0:15:15  lr: 0.000051  min_lr: 0.000051  loss: 1.0000 (1.0000)  weight_decay: 0.0500 (0.0500)  grad_norm: 0.0002 (0.0002)  time: 0.9010  data: 0.0012  max mem: 30401
Epoch: [5]  [ 30/159]  eta: 0:10:00  lr: 0.000052  min_lr: 0.000052  loss: 1.0000 (1.0000)  weight_decay: 0.0500 (0.0500)  grad_norm: 0.0002 (0.0002)  time: 0.6481  data: 0.0010  max mem: 30401
Epoch: [5]  [ 40/159]  eta: 0:07:15  lr: 0.000053  min_lr: 0.000053  loss: 1.0000 (1.0000)  weight_decay: 0.0500 (0.0500)  grad_norm: 0.0002 (0.0002)  time: 0.5879  data: 0.0002  max mem: 30401
Epoch: [5]  [ 50/159]  eta: 0:05:33  lr: 0.000053  min_lr: 0.000053  loss: 1.0000 (1.0000)  weight_decay: 0.0500 (0.0500)  grad_norm: 0.0002 (0.0002)  time: 0.5827  data: 0.0002  max mem: 30401
Epoch: [5]  [ 60/159]  eta: 0:04:22  lr: 0.000054  min_lr: 0.000054  loss: 1.0000 (1.0000)  weight_decay: 0.0500 (0.0500)  grad_norm: 0.0002 (0.0002)  time: 0.5801  data: 0.0002  max mem: 30401
Epoch: [5]  [ 70/159]  eta: 0:03:29  lr: 0.000054  min_lr: 0.000054  loss: 1.0000 (1.0000)  weight_decay: 0.0500 (0.0500)  grad_norm: 0.0002 (0.0002)  time: 0.5803  data: 0.0002  max mem: 30401
Epoch: [5]  [ 80/159]  eta: 0:02:49  lr: 0.000055  min_lr: 0.000055  loss: 1.0000 (1.0000)  weight_decay: 0.0500 (0.0500)  grad_norm: 0.0002 (0.0002)  time: 0.5800  data: 0.0002  max mem: 30401
Epoch: [5]  [ 90/159]  eta: 0:02:15  lr: 0.000056  min_lr: 0.000056  loss: 1.0000 (1.0000)  weight_decay: 0.0500 (0.0500)  grad_norm: 0.0002 (0.0002)  time: 0.5777  data: 0.0001  max mem: 30401
Epoch: [5]  [100/159]  eta: 0:01:47  lr: 0.000056  min_lr: 0.000056  loss: 1.0000 (1.0000)  weight_decay: 0.0500 (0.0500)  grad_norm: 0.0002 (0.0002)  time: 0.5763  data: 0.0001  max mem: 30401
Epoch: [5]  [110/159]  eta: 0:01:24  lr: 0.000057  min_lr: 0.000057  loss: 1.0000 (1.0000)  weight_decay: 0.0500 (0.0500)  grad_norm: 0.0002 (0.0002)  time: 0.5773  data: 0.0002  max mem: 30401
Epoch: [5]  [120/159]  eta: 0:01:03  lr: 0.000058  min_lr: 0.000058  loss: 1.0000 (1.0000)  weight_decay: 0.0500 (0.0500)  grad_norm: 0.0002 (0.0002)  time: 0.5777  data: 0.0002  max mem: 30401
Epoch: [5]  [130/159]  eta: 0:00:44  lr: 0.000058  min_lr: 0.000058  loss: 1.0000 (1.0000)  weight_decay: 0.0500 (0.0500)  grad_norm: 0.0002 (0.0002)  time: 0.5774  data: 0.0001  max mem: 30401
Epoch: [5]  [140/159]  eta: 0:00:28  lr: 0.000059  min_lr: 0.000059  loss: 1.0000 (1.0000)  weight_decay: 0.0500 (0.0500)  grad_norm: 0.0002 (0.0002)  time: 0.5789  data: 0.0001  max mem: 30401
Epoch: [5]  [150/159]  eta: 0:00:12  lr: 0.000059  min_lr: 0.000059  loss: 1.0000 (1.0000)  weight_decay: 0.0500 (0.0500)  grad_norm: 0.0002 (0.0002)  time: 0.5814  data: 0.0001  max mem: 30401
Epoch: [5]  [158/159]  eta: 0:00:01  lr: 0.000060  min_lr: 0.000060  loss: 1.0000 (1.0000)  weight_decay: 0.0500 (0.0500)  grad_norm: 0.0002 (0.0002)  time: 0.5823  data: 0.0001  max mem: 30401
Epoch: [5] Total time: 0:03:39 (1.3832 s / it)
Averaged stats: lr: 0.000060  min_lr: 0.000060  loss: 1.0000 (1.0000)  weight_decay: 0.0500 (0.0500)  grad_norm: 0.0002 (0.0002)
Epoch: [6]  [  0/159]  eta: 2:40:16  lr: 0.000060  min_lr: 0.000060  loss: 1.0000 (1.0000)  weight_decay: 0.0500 (0.0500)  grad_norm: 0.0002 (0.0002)  time: 60.4814  data: 52.0788  max mem: 30401
Epoch: [6]  [ 10/159]  eta: 0:20:32  lr: 0.000061  min_lr: 0.000061  loss: 1.0000 (1.0000)  weight_decay: 0.0500 (0.0500)  grad_norm: 0.0002 (0.0002)  time: 8.2743  data: 6.4178  max mem: 30401
Epoch: [6]  [ 20/159]  eta: 0:10:43  lr: 0.000061  min_lr: 0.000061  loss: 1.0000 (1.0000)  weight_decay: 0.0500 (0.0500)  grad_norm: 0.0002 (0.0002)  time: 1.8402  data: 0.9260  max mem: 30401
Epoch: [6]  [ 30/159]  eta: 0:07:09  lr: 0.000062  min_lr: 0.000062  loss: 1.0000 (1.0000)  weight_decay: 0.0500 (0.0500)  grad_norm: 0.0002 (0.0002)  time: 0.6112  data: 0.0002  max mem: 30401
Epoch: [6]  [ 40/159]  eta: 0:05:16  lr: 0.000063  min_lr: 0.000063  loss: 1.0000 (1.0000)  weight_decay: 0.0500 (0.0500)  grad_norm: 0.0002 (0.0002)  time: 0.5947  data: 0.0001  max mem: 30401
Epoch: [6]  [ 50/159]  eta: 0:04:06  lr: 0.000063  min_lr: 0.000063  loss: 1.0000 (1.0000)  weight_decay: 0.0500 (0.0500)  grad_norm: 0.0002 (0.0002)  time: 0.5931  data: 0.0001  max mem: 30401
Epoch: [6]  [ 60/159]  eta: 0:03:16  lr: 0.000064  min_lr: 0.000064  loss: 1.0000 (1.0000)  weight_decay: 0.0500 (0.0500)  grad_norm: 0.0002 (0.0002)  time: 0.5917  data: 0.0001  max mem: 30401
Epoch: [6]  [ 70/159]  eta: 0:02:39  lr: 0.000064  min_lr: 0.000064  loss: 1.0000 (1.0000)  weight_decay: 0.0500 (0.0500)  grad_norm: 0.0002 (0.0002)  time: 0.5913  data: 0.0001  max mem: 30401
Epoch: [6]  [ 80/159]  eta: 0:02:09  lr: 0.000065  min_lr: 0.000065  loss: 1.0000 (1.0000)  weight_decay: 0.0500 (0.0500)  grad_norm: 0.0002 (0.0002)  time: 0.5900  data: 0.0001  max mem: 30401
Epoch: [6]  [ 90/159]  eta: 0:01:45  lr: 0.000066  min_lr: 0.000066  loss: 1.0000 (1.0000)  weight_decay: 0.0500 (0.0500)  grad_norm: 0.0002 (0.0002)  time: 0.5829  data: 0.0001  max mem: 30401
Epoch: [6]  [100/159]  eta: 0:01:24  lr: 0.000066  min_lr: 0.000066  loss: 1.0000 (1.0000)  weight_decay: 0.0500 (0.0500)  grad_norm: 0.0002 (0.0002)  time: 0.5782  data: 0.0001  max mem: 30401
Epoch: [6]  [110/159]  eta: 0:01:06  lr: 0.000067  min_lr: 0.000067  loss: 1.0000 (1.0000)  weight_decay: 0.0500 (0.0500)  grad_norm: 0.0002 (0.0002)  time: 0.5783  data: 0.0001  max mem: 30401
Epoch: [6]  [120/159]  eta: 0:00:50  lr: 0.000068  min_lr: 0.000068  loss: 1.0000 (1.0000)  weight_decay: 0.0500 (0.0500)  grad_norm: 0.0002 (0.0002)  time: 0.5768  data: 0.0002  max mem: 30401
Epoch: [6]  [130/159]  eta: 0:00:35  lr: 0.000068  min_lr: 0.000068  loss: 1.0000 (1.0000)  weight_decay: 0.0500 (0.0500)  grad_norm: 0.0003 (0.0002)  time: 0.5759  data: 0.0002  max mem: 30401
Epoch: [6]  [140/159]  eta: 0:00:22  lr: 0.000069  min_lr: 0.000069  loss: 1.0000 (1.0000)  weight_decay: 0.0500 (0.0500)  grad_norm: 0.0002 (0.0002)  time: 0.5770  data: 0.0001  max mem: 30401
Epoch: [6]  [150/159]  eta: 0:00:10  lr: 0.000069  min_lr: 0.000069  loss: 1.0000 (1.0000)  weight_decay: 0.0500 (0.0500)  grad_norm: 0.0002 (0.0002)  time: 0.5772  data: 0.0001  max mem: 30401
Epoch: [6]  [158/159]  eta: 0:00:01  lr: 0.000070  min_lr: 0.000070  loss: 1.0000 (1.0000)  weight_decay: 0.0500 (0.0500)  grad_norm: 0.0002 (0.0002)  time: 0.5764  data: 0.0001  max mem: 30401
Epoch: [6] Total time: 0:02:59 (1.1276 s / it)
Averaged stats: lr: 0.000070  min_lr: 0.000070  loss: 1.0000 (1.0000)  weight_decay: 0.0500 (0.0500)  grad_norm: 0.0002 (0.0002)
Epoch: [7]  [  0/159]  eta: 2:25:55  lr: 0.000070  min_lr: 0.000070  loss: 1.0000 (1.0000)  weight_decay: 0.0500 (0.0500)  grad_norm: 0.0003 (0.0003)  time: 55.0680  data: 54.0531  max mem: 30401
Epoch: [7]  [ 10/159]  eta: 0:15:17  lr: 0.000071  min_lr: 0.000071  loss: 1.0000 (1.0000)  weight_decay: 0.0500 (0.0500)  grad_norm: 0.0002 (0.0002)  time: 6.1573  data: 4.9143  max mem: 30401
Epoch: [7]  [ 20/159]  eta: 0:08:07  lr: 0.000071  min_lr: 0.000071  loss: 1.0000 (1.0000)  weight_decay: 0.0500 (0.0500)  grad_norm: 0.0002 (0.0002)  time: 0.9280  data: 0.0003  max mem: 30401
Epoch: [7]  [ 30/159]  eta: 0:05:30  lr: 0.000072  min_lr: 0.000072  loss: 1.0000 (1.0000)  weight_decay: 0.0500 (0.0500)  grad_norm: 0.0002 (0.0002)  time: 0.5861  data: 0.0002  max mem: 30401
Epoch: [7]  [ 40/159]  eta: 0:04:07  lr: 0.000073  min_lr: 0.000073  loss: 1.0000 (1.0000)  weight_decay: 0.0500 (0.0500)  grad_norm: 0.0002 (0.0002)  time: 0.5807  data: 0.0001  max mem: 30401
Epoch: [7]  [ 50/159]  eta: 0:03:14  lr: 0.000073  min_lr: 0.000073  loss: 1.0000 (1.0000)  weight_decay: 0.0500 (0.0500)  grad_norm: 0.0002 (0.0002)  time: 0.5793  data: 0.0001  max mem: 30401
Epoch: [7]  [ 60/159]  eta: 0:02:37  lr: 0.000074  min_lr: 0.000074  loss: 1.0000 (1.0000)  weight_decay: 0.0500 (0.0500)  grad_norm: 0.0002 (0.0002)  time: 0.5798  data: 0.0001  max mem: 30401
Epoch: [7]  [ 70/159]  eta: 0:02:08  lr: 0.000074  min_lr: 0.000074  loss: 1.0000 (1.0000)  weight_decay: 0.0500 (0.0500)  grad_norm: 0.0002 (0.0002)  time: 0.5789  data: 0.0001  max mem: 30401
Epoch: [7]  [ 80/159]  eta: 0:01:45  lr: 0.000075  min_lr: 0.000075  loss: 1.0000 (1.0000)  weight_decay: 0.0500 (0.0500)  grad_norm: 0.0002 (0.0002)  time: 0.5783  data: 0.0001  max mem: 30401
Epoch: [7]  [ 90/159]  eta: 0:01:26  lr: 0.000076  min_lr: 0.000076  loss: 1.0000 (1.0000)  weight_decay: 0.0500 (0.0500)  grad_norm: 0.0002 (0.0002)  time: 0.5786  data: 0.0002  max mem: 30401
Epoch: [7]  [100/159]  eta: 0:01:10  lr: 0.000076  min_lr: 0.000076  loss: 1.0000 (1.0000)  weight_decay: 0.0500 (0.0500)  grad_norm: 0.0002 (0.0002)  time: 0.5790  data: 0.0002  max mem: 30401
Epoch: [7]  [110/159]  eta: 0:00:55  lr: 0.000077  min_lr: 0.000077  loss: 1.0000 (1.0000)  weight_decay: 0.0500 (0.0500)  grad_norm: 0.0002 (0.0002)  time: 0.5791  data: 0.0001  max mem: 30401
Epoch: [7]  [120/159]  eta: 0:00:42  lr: 0.000078  min_lr: 0.000078  loss: 1.0000 (1.0000)  weight_decay: 0.0500 (0.0500)  grad_norm: 0.0003 (0.0002)  time: 0.5788  data: 0.0001  max mem: 30401
Epoch: [7]  [130/159]  eta: 0:00:30  lr: 0.000078  min_lr: 0.000078  loss: 1.0000 (1.0000)  weight_decay: 0.0500 (0.0500)  grad_norm: 0.0003 (0.0002)  time: 0.5787  data: 0.0001  max mem: 30401
Epoch: [7]  [140/159]  eta: 0:00:19  lr: 0.000079  min_lr: 0.000079  loss: 1.0000 (1.0000)  weight_decay: 0.0500 (0.0500)  grad_norm: 0.0003 (0.0002)  time: 0.5785  data: 0.0001  max mem: 30401
Epoch: [7]  [150/159]  eta: 0:00:08  lr: 0.000079  min_lr: 0.000079  loss: 1.0000 (1.0000)  weight_decay: 0.0500 (0.0500)  grad_norm: 0.0003 (0.0002)  time: 0.5796  data: 0.0001  max mem: 30401
Epoch: [7]  [158/159]  eta: 0:00:00  lr: 0.000080  min_lr: 0.000080  loss: 1.0000 (1.0000)  weight_decay: 0.0500 (0.0500)  grad_norm: 0.0003 (0.0002)  time: 0.5792  data: 0.0001  max mem: 30401
Epoch: [7] Total time: 0:02:34 (0.9746 s / it)
Averaged stats: lr: 0.000080  min_lr: 0.000080  loss: 1.0000 (1.0000)  weight_decay: 0.0500 (0.0500)  grad_norm: 0.0003 (0.0002)
Epoch: [8]  [  0/159]  eta: 5:22:58  lr: 0.000080  min_lr: 0.000080  loss: 1.0000 (1.0000)  weight_decay: 0.0500 (0.0500)  grad_norm: 0.0002 (0.0002)  time: 121.8798  data: 121.1721  max mem: 30401
Epoch: [8]  [ 10/159]  eta: 0:36:24  lr: 0.000081  min_lr: 0.000081  loss: 1.0000 (1.0000)  weight_decay: 0.0500 (0.0500)  grad_norm: 0.0003 (0.0003)  time: 14.6621  data: 11.3687  max mem: 30401
Epoch: [8]  [ 20/159]  eta: 0:18:29  lr: 0.000081  min_lr: 0.000081  loss: 1.0000 (1.0000)  weight_decay: 0.0500 (0.0500)  grad_norm: 0.0003 (0.0002)  time: 2.2885  data: 0.1943  max mem: 30401
Epoch: [8]  [ 30/159]  eta: 0:12:03  lr: 0.000082  min_lr: 0.000082  loss: 1.0000 (1.0000)  weight_decay: 0.0500 (0.0500)  grad_norm: 0.0002 (0.0002)  time: 0.6243  data: 0.0002  max mem: 30401
Epoch: [8]  [ 40/159]  eta: 0:08:41  lr: 0.000083  min_lr: 0.000083  loss: 1.0000 (1.0000)  weight_decay: 0.0500 (0.0500)  grad_norm: 0.0002 (0.0002)  time: 0.6052  data: 0.0001  max mem: 30401
Epoch: [8]  [ 50/159]  eta: 0:06:36  lr: 0.000083  min_lr: 0.000083  loss: 1.0000 (1.0000)  weight_decay: 0.0500 (0.0500)  grad_norm: 0.0002 (0.0002)  time: 0.5883  data: 0.0002  max mem: 30401
Epoch: [8]  [ 60/159]  eta: 0:05:10  lr: 0.000084  min_lr: 0.000084  loss: 1.0000 (1.0000)  weight_decay: 0.0500 (0.0500)  grad_norm: 0.0002 (0.0002)  time: 0.5766  data: 0.0002  max mem: 30401
Epoch: [8]  [ 70/159]  eta: 0:04:06  lr: 0.000084  min_lr: 0.000084  loss: 1.0000 (1.0000)  weight_decay: 0.0500 (0.0500)  grad_norm: 0.0002 (0.0002)  time: 0.5741  data: 0.0001  max mem: 30401
Epoch: [8]  [ 80/159]  eta: 0:03:17  lr: 0.000085  min_lr: 0.000085  loss: 1.0000 (1.0000)  weight_decay: 0.0500 (0.0500)  grad_norm: 0.0003 (0.0002)  time: 0.5747  data: 0.0001  max mem: 30401
Epoch: [8]  [ 90/159]  eta: 0:02:38  lr: 0.000086  min_lr: 0.000086  loss: 1.0000 (1.0000)  weight_decay: 0.0500 (0.0500)  grad_norm: 0.0003 (0.0002)  time: 0.5793  data: 0.0001  max mem: 30401
Epoch: [8]  [100/159]  eta: 0:02:05  lr: 0.000086  min_lr: 0.000086  loss: 1.0000 (1.0000)  weight_decay: 0.0500 (0.0500)  grad_norm: 0.0002 (0.0002)  time: 0.5782  data: 0.0001  max mem: 30401
Epoch: [8]  [110/159]  eta: 0:01:37  lr: 0.000087  min_lr: 0.000087  loss: 1.0000 (1.0000)  weight_decay: 0.0500 (0.0500)  grad_norm: 0.0002 (0.0002)  time: 0.5741  data: 0.0001  max mem: 30401
Epoch: [8]  [120/159]  eta: 0:01:12  lr: 0.000088  min_lr: 0.000088  loss: 1.0000 (1.0000)  weight_decay: 0.0500 (0.0500)  grad_norm: 0.0003 (0.0003)  time: 0.5746  data: 0.0002  max mem: 30401
Epoch: [8]  [130/159]  eta: 0:00:51  lr: 0.000088  min_lr: 0.000088  loss: 1.0000 (1.0000)  weight_decay: 0.0500 (0.0500)  grad_norm: 0.0003 (0.0003)  time: 0.5741  data: 0.0002  max mem: 30401
Epoch: [8]  [140/159]  eta: 0:00:31  lr: 0.000089  min_lr: 0.000089  loss: 1.0000 (1.0000)  weight_decay: 0.0500 (0.0500)  grad_norm: 0.0003 (0.0003)  time: 0.5734  data: 0.0001  max mem: 30401
Epoch: [8]  [150/159]  eta: 0:00:14  lr: 0.000089  min_lr: 0.000089  loss: 1.0000 (1.0000)  weight_decay: 0.0500 (0.0500)  grad_norm: 0.0003 (0.0003)  time: 0.5732  data: 0.0001  max mem: 30401
Epoch: [8]  [158/159]  eta: 0:00:01  lr: 0.000090  min_lr: 0.000090  loss: 1.0000 (1.0000)  weight_decay: 0.0500 (0.0500)  grad_norm: 0.0003 (0.0003)  time: 0.5740  data: 0.0001  max mem: 30401
Epoch: [8] Total time: 0:04:09 (1.5662 s / it)
Averaged stats: lr: 0.000090  min_lr: 0.000090  loss: 1.0000 (1.0000)  weight_decay: 0.0500 (0.0500)  grad_norm: 0.0003 (0.0003)
Epoch: [9]  [  0/159]  eta: 2:14:53  lr: 0.000090  min_lr: 0.000090  loss: 1.0000 (1.0000)  weight_decay: 0.0500 (0.0500)  grad_norm: 0.0003 (0.0003)  time: 50.9052  data: 49.3155  max mem: 30401
Epoch: [9]  [ 10/159]  eta: 0:14:56  lr: 0.000091  min_lr: 0.000091  loss: 1.0000 (1.0000)  weight_decay: 0.0500 (0.0500)  grad_norm: 0.0003 (0.0003)  time: 6.0161  data: 4.4844  max mem: 30401
Epoch: [9]  [ 20/159]  eta: 0:08:07  lr: 0.000091  min_lr: 0.000091  loss: 1.0000 (1.0000)  weight_decay: 0.0500 (0.0500)  grad_norm: 0.0003 (0.0003)  time: 1.1362  data: 0.0007  max mem: 30401
Epoch: [9]  [ 30/159]  eta: 0:05:34  lr: 0.000092  min_lr: 0.000092  loss: 1.0000 (1.0000)  weight_decay: 0.0500 (0.0500)  grad_norm: 0.0003 (0.0003)  time: 0.7095  data: 0.0001  max mem: 30401
Epoch: [9]  [ 40/159]  eta: 0:04:12  lr: 0.000093  min_lr: 0.000093  loss: 1.0000 (1.0000)  weight_decay: 0.0500 (0.0500)  grad_norm: 0.0003 (0.0003)  time: 0.6745  data: 0.0001  max mem: 30401
Epoch: [9]  [ 50/159]  eta: 0:03:18  lr: 0.000093  min_lr: 0.000093  loss: 1.0000 (1.0000)  weight_decay: 0.0500 (0.0500)  grad_norm: 0.0003 (0.0003)  time: 0.6309  data: 0.0001  max mem: 30401
Epoch: [9]  [ 60/159]  eta: 0:02:40  lr: 0.000094  min_lr: 0.000094  loss: 1.0000 (1.0000)  weight_decay: 0.0500 (0.0500)  grad_norm: 0.0003 (0.0003)  time: 0.5849  data: 0.0001  max mem: 30401
Epoch: [9]  [ 70/159]  eta: 0:02:11  lr: 0.000094  min_lr: 0.000094  loss: 1.0000 (1.0000)  weight_decay: 0.0500 (0.0500)  grad_norm: 0.0003 (0.0003)  time: 0.5820  data: 0.0001  max mem: 30401
Epoch: [9]  [ 80/159]  eta: 0:01:47  lr: 0.000095  min_lr: 0.000095  loss: 1.0000 (1.0000)  weight_decay: 0.0500 (0.0500)  grad_norm: 0.0003 (0.0003)  time: 0.5930  data: 0.0001  max mem: 30401
Epoch: [9]  [ 90/159]  eta: 0:01:29  lr: 0.000096  min_lr: 0.000096  loss: 1.0000 (1.0000)  weight_decay: 0.0500 (0.0500)  grad_norm: 0.0003 (0.0003)  time: 0.6388  data: 0.0001  max mem: 30401
Epoch: [9]  [100/159]  eta: 0:01:12  lr: 0.000096  min_lr: 0.000096  loss: 1.0000 (1.0000)  weight_decay: 0.0500 (0.0500)  grad_norm: 0.0003 (0.0003)  time: 0.6438  data: 0.0001  max mem: 30401
Epoch: [9]  [110/159]  eta: 0:00:57  lr: 0.000097  min_lr: 0.000097  loss: 1.0000 (1.0000)  weight_decay: 0.0500 (0.0500)  grad_norm: 0.0003 (0.0003)  time: 0.6037  data: 0.0002  max mem: 30401
Epoch: [9]  [120/159]  eta: 0:00:43  lr: 0.000098  min_lr: 0.000098  loss: 1.0000 (1.0000)  weight_decay: 0.0500 (0.0500)  grad_norm: 0.0003 (0.0003)  time: 0.5903  data: 0.0002  max mem: 30401
Epoch: [9]  [130/159]  eta: 0:00:31  lr: 0.000098  min_lr: 0.000098  loss: 1.0000 (1.0000)  weight_decay: 0.0500 (0.0500)  grad_norm: 0.0003 (0.0003)  time: 0.5874  data: 0.0002  max mem: 30401
Epoch: [9]  [140/159]  eta: 0:00:19  lr: 0.000099  min_lr: 0.000099  loss: 1.0000 (1.0000)  weight_decay: 0.0500 (0.0500)  grad_norm: 0.0003 (0.0003)  time: 0.5850  data: 0.0001  max mem: 30401
Epoch: [9]  [150/159]  eta: 0:00:09  lr: 0.000099  min_lr: 0.000099  loss: 1.0000 (1.0000)  weight_decay: 0.0500 (0.0500)  grad_norm: 0.0003 (0.0003)  time: 0.5807  data: 0.0001  max mem: 30401
Epoch: [9]  [158/159]  eta: 0:00:00  lr: 0.000100  min_lr: 0.000100  loss: 1.0000 (1.0000)  weight_decay: 0.0500 (0.0500)  grad_norm: 0.0003 (0.0003)  time: 0.5784  data: 0.0001  max mem: 30401
Epoch: [9] Total time: 0:02:38 (0.9997 s / it)
Averaged stats: lr: 0.000100  min_lr: 0.000100  loss: 1.0000 (1.0000)  weight_decay: 0.0500 (0.0500)  grad_norm: 0.0003 (0.0003)
Epoch: [10]  [  0/159]  eta: 2:17:32  lr: 0.000100  min_lr: 0.000100  loss: 1.0000 (1.0000)  weight_decay: 0.0500 (0.0500)  grad_norm: 0.0004 (0.0004)  time: 51.9044  data: 44.7764  max mem: 30401
Epoch: [10]  [ 10/159]  eta: 0:14:55  lr: 0.000100  min_lr: 0.000100  loss: 1.0000 (1.0000)  weight_decay: 0.0500 (0.0500)  grad_norm: 0.0003 (0.0003)  time: 6.0119  data: 4.0709  max mem: 30401
Epoch: [10]  [ 20/159]  eta: 0:07:59  lr: 0.000100  min_lr: 0.000100  loss: 1.0000 (1.0000)  weight_decay: 0.0500 (0.0500)  grad_norm: 0.0003 (0.0003)  time: 1.0260  data: 0.0003  max mem: 30401
Epoch: [10]  [ 30/159]  eta: 0:05:25  lr: 0.000100  min_lr: 0.000100  loss: 1.0000 (1.0000)  weight_decay: 0.0500 (0.0500)  grad_norm: 0.0003 (0.0003)  time: 0.6055  data: 0.0002  max mem: 30401
Epoch: [10]  [ 40/159]  eta: 0:04:03  lr: 0.000100  min_lr: 0.000100  loss: 1.0000 (1.0000)  weight_decay: 0.0500 (0.0500)  grad_norm: 0.0003 (0.0003)  time: 0.5819  data: 0.0001  max mem: 30401
Epoch: [10]  [ 50/159]  eta: 0:03:12  lr: 0.000100  min_lr: 0.000100  loss: 1.0000 (1.0000)  weight_decay: 0.0500 (0.0500)  grad_norm: 0.0004 (0.0004)  time: 0.5826  data: 0.0001  max mem: 30401
Epoch: [10]  [ 60/159]  eta: 0:02:35  lr: 0.000100  min_lr: 0.000100  loss: 1.0000 (1.0000)  weight_decay: 0.0500 (0.0500)  grad_norm: 0.0003 (0.0004)  time: 0.5831  data: 0.0001  max mem: 30401
Epoch: [10]  [ 70/159]  eta: 0:02:07  lr: 0.000100  min_lr: 0.000100  loss: 1.0000 (1.0000)  weight_decay: 0.0500 (0.0500)  grad_norm: 0.0003 (0.0004)  time: 0.5817  data: 0.0001  max mem: 30401
Epoch: [10]  [ 80/159]  eta: 0:01:44  lr: 0.000100  min_lr: 0.000100  loss: 1.0000 (1.0000)  weight_decay: 0.0500 (0.0500)  grad_norm: 0.0004 (0.0004)  time: 0.5805  data: 0.0001  max mem: 30401
Epoch: [10]  [ 90/159]  eta: 0:01:25  lr: 0.000100  min_lr: 0.000100  loss: 1.0000 (1.0000)  weight_decay: 0.0500 (0.0500)  grad_norm: 0.0003 (0.0004)  time: 0.5826  data: 0.0001  max mem: 30401
Epoch: [10]  [100/159]  eta: 0:01:09  lr: 0.000100  min_lr: 0.000100  loss: 1.0000 (1.0000)  weight_decay: 0.0500 (0.0500)  grad_norm: 0.0003 (0.0004)  time: 0.5854  data: 0.0001  max mem: 30401
Epoch: [10]  [110/159]  eta: 0:00:55  lr: 0.000100  min_lr: 0.000100  loss: 1.0000 (1.0000)  weight_decay: 0.0500 (0.0500)  grad_norm: 0.0003 (0.0004)  time: 0.5861  data: 0.0001  max mem: 30401
Epoch: [10]  [120/159]  eta: 0:00:42  lr: 0.000100  min_lr: 0.000100  loss: 1.0000 (1.0000)  weight_decay: 0.0500 (0.0500)  grad_norm: 0.0004 (0.0004)  time: 0.5846  data: 0.0001  max mem: 30401
Epoch: [10]  [130/159]  eta: 0:00:30  lr: 0.000100  min_lr: 0.000100  loss: 1.0000 (1.0000)  weight_decay: 0.0500 (0.0500)  grad_norm: 0.0004 (0.0004)  time: 0.5823  data: 0.0002  max mem: 30401
Epoch: [10]  [140/159]  eta: 0:00:19  lr: 0.000100  min_lr: 0.000100  loss: 1.0000 (1.0000)  weight_decay: 0.0500 (0.0500)  grad_norm: 0.0004 (0.0004)  time: 0.5810  data: 0.0001  max mem: 30401
Epoch: [10]  [150/159]  eta: 0:00:08  lr: 0.000100  min_lr: 0.000100  loss: 1.0000 (1.0000)  weight_decay: 0.0500 (0.0500)  grad_norm: 0.0004 (0.0004)  time: 0.5811  data: 0.0001  max mem: 30401
Epoch: [10]  [158/159]  eta: 0:00:00  lr: 0.000100  min_lr: 0.000100  loss: 1.0000 (1.0000)  weight_decay: 0.0500 (0.0500)  grad_norm: 0.0004 (0.0004)  time: 0.5831  data: 0.0001  max mem: 30401
Epoch: [10] Total time: 0:02:34 (0.9704 s / it)
Averaged stats: lr: 0.000100  min_lr: 0.000100  loss: 1.0000 (1.0000)  weight_decay: 0.0500 (0.0500)  grad_norm: 0.0004 (0.0004)
[Eval]   [0/2]  eta: 0:00:17  loss: 1.0000 (1.0000)  time: 8.5358  data: 8.3752  max mem: 30401
[Eval]   [1/2]  eta: 0:00:04  loss: 1.0000 (1.0000)  time: 4.3129  data: 4.1877  max mem: 30401
[Eval]  Total time: 0:00:09 (4.6377 s / it)
Eval averaged stats: loss: 1.0000 (1.0000)
Logged 9 eval images
Epoch: [11]  [  0/159]  eta: 6:46:07  lr: 0.000100  min_lr: 0.000100  loss: 1.0000 (1.0000)  weight_decay: 0.0500 (0.0500)  grad_norm: 0.0003 (0.0003)  time: 153.2544  data: 92.6103  max mem: 30401
Epoch: [11]  [ 10/159]  eta: 0:40:08  lr: 0.000100  min_lr: 0.000100  loss: 1.0000 (1.0000)  weight_decay: 0.0500 (0.0500)  grad_norm: 0.0004 (0.0004)  time: 16.1664  data: 8.5205  max mem: 30401
Epoch: [11]  [ 20/159]  eta: 0:20:22  lr: 0.000100  min_lr: 0.000100  loss: 1.0000 (1.0000)  weight_decay: 0.0500 (0.0500)  grad_norm: 0.0003 (0.0004)  time: 1.5712  data: 0.0559  max mem: 30401
Epoch: [11]  [ 30/159]  eta: 0:13:16  lr: 0.000100  min_lr: 0.000100  loss: 1.0000 (1.0000)  weight_decay: 0.0500 (0.0500)  grad_norm: 0.0003 (0.0004)  time: 0.6739  data: 0.0002  max mem: 30401
Epoch: [11]  [ 40/159]  eta: 0:09:34  lr: 0.000100  min_lr: 0.000100  loss: 1.0000 (1.0000)  weight_decay: 0.0500 (0.0500)  grad_norm: 0.0004 (0.0004)  time: 0.6552  data: 0.0002  max mem: 30401
Epoch: [11]  [ 50/159]  eta: 0:07:16  lr: 0.000100  min_lr: 0.000100  loss: 1.0000 (1.0000)  weight_decay: 0.0500 (0.0500)  grad_norm: 0.0004 (0.0004)  time: 0.6417  data: 0.0002  max mem: 30401
Epoch: [11]  [ 60/159]  eta: 0:05:41  lr: 0.000100  min_lr: 0.000100  loss: 1.0000 (1.0000)  weight_decay: 0.0500 (0.0500)  grad_norm: 0.0004 (0.0004)  time: 0.6360  data: 0.0002  max mem: 30401
Epoch: [11]  [ 70/159]  eta: 0:04:31  lr: 0.000100  min_lr: 0.000100  loss: 1.0000 (1.0000)  weight_decay: 0.0500 (0.0500)  grad_norm: 0.0004 (0.0004)  time: 0.6406  data: 0.0001  max mem: 30401
Epoch: [11]  [ 80/159]  eta: 0:03:37  lr: 0.000100  min_lr: 0.000100  loss: 1.0000 (1.0000)  weight_decay: 0.0500 (0.0500)  grad_norm: 0.0004 (0.0004)  time: 0.6396  data: 0.0001  max mem: 30401
Epoch: [11]  [ 90/159]  eta: 0:02:54  lr: 0.000100  min_lr: 0.000100  loss: 1.0000 (1.0000)  weight_decay: 0.0500 (0.0500)  grad_norm: 0.0004 (0.0004)  time: 0.6321  data: 0.0001  max mem: 30401
Epoch: [11]  [100/159]  eta: 0:02:17  lr: 0.000100  min_lr: 0.000100  loss: 1.0000 (1.0000)  weight_decay: 0.0500 (0.0500)  grad_norm: 0.0004 (0.0004)  time: 0.6360  data: 0.0001  max mem: 30401
Epoch: [11]  [110/159]  eta: 0:01:46  lr: 0.000100  min_lr: 0.000100  loss: 1.0000 (1.0000)  weight_decay: 0.0500 (0.0500)  grad_norm: 0.0004 (0.0004)  time: 0.6358  data: 0.0001  max mem: 30401
Epoch: [11]  [120/159]  eta: 0:01:20  lr: 0.000100  min_lr: 0.000100  loss: 1.0000 (1.0000)  weight_decay: 0.0500 (0.0500)  grad_norm: 0.0005 (0.0004)  time: 0.6258  data: 0.0001  max mem: 30401
Epoch: [11]  [130/159]  eta: 0:00:56  lr: 0.000100  min_lr: 0.000100  loss: 1.0000 (1.0000)  weight_decay: 0.0500 (0.0500)  grad_norm: 0.0005 (0.0004)  time: 0.6219  data: 0.0002  max mem: 30401
Epoch: [11]  [140/159]  eta: 0:00:35  lr: 0.000100  min_lr: 0.000100  loss: 1.0000 (1.0000)  weight_decay: 0.0500 (0.0500)  grad_norm: 0.0004 (0.0004)  time: 0.6310  data: 0.0002  max mem: 30401
Epoch: [11]  [150/159]  eta: 0:00:15  lr: 0.000100  min_lr: 0.000100  loss: 1.0000 (1.0000)  weight_decay: 0.0500 (0.0500)  grad_norm: 0.0004 (0.0004)  time: 0.6366  data: 0.0001  max mem: 30401
Epoch: [11]  [158/159]  eta: 0:00:01  lr: 0.000100  min_lr: 0.000100  loss: 1.0000 (1.0000)  weight_decay: 0.0500 (0.0500)  grad_norm: 0.0004 (0.0004)  time: 0.6349  data: 0.0001  max mem: 30401
Epoch: [11] Total time: 0:04:33 (1.7230 s / it)
Averaged stats: lr: 0.000100  min_lr: 0.000100  loss: 1.0000 (1.0000)  weight_decay: 0.0500 (0.0500)  grad_norm: 0.0004 (0.0004)
Epoch: [12]  [  0/159]  eta: 2:43:15  lr: 0.000100  min_lr: 0.000100  loss: 0.9999 (0.9999)  weight_decay: 0.0500 (0.0500)  grad_norm: 0.0004 (0.0004)  time: 61.6072  data: 45.4497  max mem: 30401
Epoch: [12]  [ 10/159]  eta: 0:16:39  lr: 0.000100  min_lr: 0.000100  loss: 1.0000 (1.0000)  weight_decay: 0.0500 (0.0500)  grad_norm: 0.0005 (0.0005)  time: 6.7056  data: 4.1324  max mem: 30401
Epoch: [12]  [ 20/159]  eta: 0:08:50  lr: 0.000100  min_lr: 0.000100  loss: 1.0000 (1.0000)  weight_decay: 0.0500 (0.0500)  grad_norm: 0.0005 (0.0005)  time: 0.9251  data: 0.0004  max mem: 30401
Epoch: [12]  [ 30/159]  eta: 0:06:00  lr: 0.000100  min_lr: 0.000100  loss: 1.0000 (1.0000)  weight_decay: 0.0500 (0.0500)  grad_norm: 0.0005 (0.0005)  time: 0.6459  data: 0.0002  max mem: 30401
Epoch: [12]  [ 40/159]  eta: 0:04:30  lr: 0.000100  min_lr: 0.000100  loss: 1.0000 (1.0000)  weight_decay: 0.0500 (0.0500)  grad_norm: 0.0005 (0.0005)  time: 0.6505  data: 0.0002  max mem: 30401
Epoch: [12]  [ 50/159]  eta: 0:03:33  lr: 0.000100  min_lr: 0.000100  loss: 1.0000 (1.0000)  weight_decay: 0.0500 (0.0500)  grad_norm: 0.0006 (0.0006)  time: 0.6563  data: 0.0002  max mem: 30401
Epoch: [12]  [ 60/159]  eta: 0:02:53  lr: 0.000100  min_lr: 0.000100  loss: 1.0000 (1.0000)  weight_decay: 0.0500 (0.0500)  grad_norm: 0.0006 (0.0006)  time: 0.6844  data: 0.0002  max mem: 30401
Epoch: [12]  [ 70/159]  eta: 0:02:21  lr: 0.000100  min_lr: 0.000100  loss: 1.0000 (1.0000)  weight_decay: 0.0500 (0.0500)  grad_norm: 0.0005 (0.0005)  time: 0.6668  data: 0.0002  max mem: 30401
Epoch: [12]  [ 80/159]  eta: 0:01:56  lr: 0.000100  min_lr: 0.000100  loss: 1.0000 (1.0000)  weight_decay: 0.0500 (0.0500)  grad_norm: 0.0004 (0.0005)  time: 0.6236  data: 0.0002  max mem: 30401
Epoch: [12]  [ 90/159]  eta: 0:01:34  lr: 0.000100  min_lr: 0.000100  loss: 1.0000 (1.0000)  weight_decay: 0.0500 (0.0500)  grad_norm: 0.0004 (0.0005)  time: 0.6070  data: 0.0002  max mem: 30401
Epoch: [12]  [100/159]  eta: 0:01:16  lr: 0.000100  min_lr: 0.000100  loss: 1.0000 (1.0000)  weight_decay: 0.0500 (0.0500)  grad_norm: 0.0005 (0.0005)  time: 0.5979  data: 0.0002  max mem: 30401
Epoch: [12]  [110/159]  eta: 0:01:00  lr: 0.000100  min_lr: 0.000100  loss: 1.0000 (1.0000)  weight_decay: 0.0500 (0.0500)  grad_norm: 0.0005 (0.0005)  time: 0.5945  data: 0.0001  max mem: 30401
Epoch: [12]  [120/159]  eta: 0:00:46  lr: 0.000100  min_lr: 0.000100  loss: 1.0000 (1.0000)  weight_decay: 0.0500 (0.0500)  grad_norm: 0.0005 (0.0005)  time: 0.5931  data: 0.0002  max mem: 30401
Epoch: [12]  [130/159]  eta: 0:00:32  lr: 0.000100  min_lr: 0.000100  loss: 1.0000 (1.0000)  weight_decay: 0.0500 (0.0500)  grad_norm: 0.0006 (0.0005)  time: 0.5908  data: 0.0002  max mem: 30401
Epoch: [12]  [140/159]  eta: 0:00:20  lr: 0.000100  min_lr: 0.000100  loss: 1.0000 (1.0000)  weight_decay: 0.0500 (0.0500)  grad_norm: 0.0006 (0.0005)  time: 0.5871  data: 0.0002  max mem: 30401
Epoch: [12]  [150/159]  eta: 0:00:09  lr: 0.000100  min_lr: 0.000100  loss: 1.0000 (1.0000)  weight_decay: 0.0500 (0.0500)  grad_norm: 0.0005 (0.0005)  time: 0.5859  data: 0.0002  max mem: 30401
Epoch: [12]  [158/159]  eta: 0:00:01  lr: 0.000100  min_lr: 0.000100  loss: 1.0000 (1.0000)  weight_decay: 0.0500 (0.0500)  grad_norm: 0.0005 (0.0005)  time: 0.5868  data: 0.0002  max mem: 30401
Epoch: [12] Total time: 0:02:46 (1.0496 s / it)
Averaged stats: lr: 0.000100  min_lr: 0.000100  loss: 1.0000 (1.0000)  weight_decay: 0.0500 (0.0500)  grad_norm: 0.0005 (0.0005)
Epoch: [13]  [  0/159]  eta: 2:30:40  lr: 0.000100  min_lr: 0.000100  loss: 1.0000 (1.0000)  weight_decay: 0.0500 (0.0500)  grad_norm: 0.0006 (0.0006)  time: 56.8605  data: 51.1370  max mem: 30401
Epoch: [13]  [ 10/159]  eta: 0:14:45  lr: 0.000100  min_lr: 0.000100  loss: 1.0000 (1.0000)  weight_decay: 0.0500 (0.0500)  grad_norm: 0.0006 (0.0007)  time: 5.9414  data: 4.6491  max mem: 30401
Epoch: [13]  [ 20/159]  eta: 0:08:01  lr: 0.000100  min_lr: 0.000100  loss: 1.0000 (1.0000)  weight_decay: 0.0500 (0.0500)  grad_norm: 0.0006 (0.0006)  time: 0.7925  data: 0.0003  max mem: 30401
Epoch: [13]  [ 30/159]  eta: 0:05:29  lr: 0.000100  min_lr: 0.000100  loss: 1.0000 (1.0000)  weight_decay: 0.0500 (0.0500)  grad_norm: 0.0006 (0.0006)  time: 0.6878  data: 0.0002  max mem: 30401
Epoch: [13]  [ 40/159]  eta: 0:04:06  lr: 0.000100  min_lr: 0.000100  loss: 1.0000 (1.0000)  weight_decay: 0.0500 (0.0500)  grad_norm: 0.0005 (0.0006)  time: 0.6153  data: 0.0002  max mem: 30401
Epoch: [13]  [ 50/159]  eta: 0:03:14  lr: 0.000100  min_lr: 0.000100  loss: 1.0000 (1.0000)  weight_decay: 0.0500 (0.0500)  grad_norm: 0.0006 (0.0006)  time: 0.5949  data: 0.0001  max mem: 30401
Epoch: [13]  [ 60/159]  eta: 0:02:37  lr: 0.000100  min_lr: 0.000100  loss: 1.0000 (1.0000)  weight_decay: 0.0500 (0.0500)  grad_norm: 0.0006 (0.0006)  time: 0.5962  data: 0.0001  max mem: 30401
Epoch: [13]  [ 70/159]  eta: 0:02:08  lr: 0.000100  min_lr: 0.000100  loss: 1.0000 (1.0000)  weight_decay: 0.0500 (0.0500)  grad_norm: 0.0006 (0.0006)  time: 0.5919  data: 0.0001  max mem: 30401
Epoch: [13]  [ 80/159]  eta: 0:01:46  lr: 0.000100  min_lr: 0.000100  loss: 1.0000 (1.0000)  weight_decay: 0.0500 (0.0500)  grad_norm: 0.0005 (0.0006)  time: 0.5900  data: 0.0001  max mem: 30401
Epoch: [13]  [ 90/159]  eta: 0:01:26  lr: 0.000100  min_lr: 0.000100  loss: 1.0000 (1.0000)  weight_decay: 0.0500 (0.0500)  grad_norm: 0.0005 (0.0006)  time: 0.5882  data: 0.0001  max mem: 30401
Epoch: [13]  [100/159]  eta: 0:01:10  lr: 0.000100  min_lr: 0.000100  loss: 1.0000 (1.0000)  weight_decay: 0.0500 (0.0500)  grad_norm: 0.0006 (0.0006)  time: 0.5885  data: 0.0001  max mem: 30401
Epoch: [13]  [110/159]  eta: 0:00:55  lr: 0.000100  min_lr: 0.000100  loss: 1.0000 (1.0000)  weight_decay: 0.0500 (0.0500)  grad_norm: 0.0006 (0.0006)  time: 0.5887  data: 0.0001  max mem: 30401
Epoch: [13]  [120/159]  eta: 0:00:42  lr: 0.000100  min_lr: 0.000100  loss: 1.0000 (1.0000)  weight_decay: 0.0500 (0.0500)  grad_norm: 0.0007 (0.0007)  time: 0.5874  data: 0.0002  max mem: 30401
Epoch: [13]  [130/159]  eta: 0:00:30  lr: 0.000100  min_lr: 0.000100  loss: 1.0000 (1.0000)  weight_decay: 0.0500 (0.0500)  grad_norm: 0.0007 (0.0007)  time: 0.5870  data: 0.0001  max mem: 30401
Epoch: [13]  [140/159]  eta: 0:00:19  lr: 0.000100  min_lr: 0.000100  loss: 1.0000 (1.0000)  weight_decay: 0.0500 (0.0500)  grad_norm: 0.0008 (0.0007)  time: 0.5882  data: 0.0001  max mem: 30401
Epoch: [13]  [150/159]  eta: 0:00:08  lr: 0.000100  min_lr: 0.000100  loss: 1.0000 (1.0000)  weight_decay: 0.0500 (0.0500)  grad_norm: 0.0007 (0.0007)  time: 0.5896  data: 0.0001  max mem: 30401
Epoch: [13]  [158/159]  eta: 0:00:00  lr: 0.000100  min_lr: 0.000100  loss: 1.0000 (1.0000)  weight_decay: 0.0500 (0.0500)  grad_norm: 0.0007 (0.0007)  time: 0.5892  data: 0.0001  max mem: 30401
Epoch: [13] Total time: 0:02:36 (0.9819 s / it)
Averaged stats: lr: 0.000100  min_lr: 0.000100  loss: 1.0000 (1.0000)  weight_decay: 0.0500 (0.0500)  grad_norm: 0.0007 (0.0007)
Epoch: [14]  [  0/159]  eta: 4:13:51  lr: 0.000100  min_lr: 0.000100  loss: 0.9999 (0.9999)  weight_decay: 0.0500 (0.0500)  grad_norm: 0.0010 (0.0010)  time: 95.7983  data: 95.0655  max mem: 30401
Epoch: [14]  [ 10/159]  eta: 0:23:56  lr: 0.000099  min_lr: 0.000099  loss: 0.9999 (1.0000)  weight_decay: 0.0500 (0.0500)  grad_norm: 0.0009 (0.0010)  time: 9.6401  data: 8.6426  max mem: 30401
Epoch: [14]  [ 20/159]  eta: 0:12:30  lr: 0.000099  min_lr: 0.000099  loss: 1.0000 (1.0000)  weight_decay: 0.0500 (0.0500)  grad_norm: 0.0007 (0.0008)  time: 0.8785  data: 0.0003  max mem: 30401
Epoch: [14]  [ 30/159]  eta: 0:08:17  lr: 0.000099  min_lr: 0.000099  loss: 1.0000 (1.0000)  weight_decay: 0.0500 (0.0500)  grad_norm: 0.0006 (0.0008)  time: 0.6781  data: 0.0003  max mem: 30401
Epoch: [14]  [ 40/159]  eta: 0:06:04  lr: 0.000099  min_lr: 0.000099  loss: 1.0000 (1.0000)  weight_decay: 0.0500 (0.0500)  grad_norm: 0.0007 (0.0008)  time: 0.6086  data: 0.0002  max mem: 30401
Epoch: [14]  [ 50/159]  eta: 0:04:41  lr: 0.000099  min_lr: 0.000099  loss: 0.9999 (1.0000)  weight_decay: 0.0500 (0.0500)  grad_norm: 0.0008 (0.0008)  time: 0.5949  data: 0.0001  max mem: 30401
Epoch: [14]  [ 60/159]  eta: 0:03:42  lr: 0.000099  min_lr: 0.000099  loss: 1.0000 (1.0000)  weight_decay: 0.0500 (0.0500)  grad_norm: 0.0008 (0.0008)  time: 0.5909  data: 0.0002  max mem: 30401
Epoch: [14]  [ 70/159]  eta: 0:02:59  lr: 0.000099  min_lr: 0.000099  loss: 1.0000 (1.0000)  weight_decay: 0.0500 (0.0500)  grad_norm: 0.0010 (0.0009)  time: 0.5864  data: 0.0002  max mem: 30401
Epoch: [14]  [ 80/159]  eta: 0:02:25  lr: 0.000099  min_lr: 0.000099  loss: 1.0000 (1.0000)  weight_decay: 0.0500 (0.0500)  grad_norm: 0.0008 (0.0009)  time: 0.5860  data: 0.0002  max mem: 30401
Epoch: [14]  [ 90/159]  eta: 0:01:57  lr: 0.000099  min_lr: 0.000099  loss: 1.0000 (1.0000)  weight_decay: 0.0500 (0.0500)  grad_norm: 0.0006 (0.0009)  time: 0.5855  data: 0.0002  max mem: 30401
Epoch: [14]  [100/159]  eta: 0:01:33  lr: 0.000099  min_lr: 0.000099  loss: 1.0000 (1.0000)  weight_decay: 0.0500 (0.0500)  grad_norm: 0.0006 (0.0008)  time: 0.5860  data: 0.0001  max mem: 30401
Epoch: [14]  [110/159]  eta: 0:01:13  lr: 0.000099  min_lr: 0.000099  loss: 1.0000 (1.0000)  weight_decay: 0.0500 (0.0500)  grad_norm: 0.0006 (0.0008)  time: 0.5852  data: 0.0001  max mem: 30401
Epoch: [14]  [120/159]  eta: 0:00:55  lr: 0.000099  min_lr: 0.000099  loss: 1.0000 (1.0000)  weight_decay: 0.0500 (0.0500)  grad_norm: 0.0007 (0.0008)  time: 0.5847  data: 0.0002  max mem: 30401
Epoch: [14]  [130/159]  eta: 0:00:39  lr: 0.000099  min_lr: 0.000099  loss: 0.9999 (1.0000)  weight_decay: 0.0500 (0.0500)  grad_norm: 0.0007 (0.0008)  time: 0.5855  data: 0.0002  max mem: 30401
Epoch: [14]  [140/159]  eta: 0:00:24  lr: 0.000099  min_lr: 0.000099  loss: 0.9999 (1.0000)  weight_decay: 0.0500 (0.0500)  grad_norm: 0.0008 (0.0008)  time: 0.5860  data: 0.0001  max mem: 30401
Epoch: [14]  [150/159]  eta: 0:00:11  lr: 0.000099  min_lr: 0.000099  loss: 1.0000 (1.0000)  weight_decay: 0.0500 (0.0500)  grad_norm: 0.0008 (0.0008)  time: 0.5850  data: 0.0001  max mem: 30401
Epoch: [14]  [158/159]  eta: 0:00:01  lr: 0.000099  min_lr: 0.000099  loss: 1.0000 (1.0000)  weight_decay: 0.0500 (0.0500)  grad_norm: 0.0008 (0.0008)  time: 0.5878  data: 0.0001  max mem: 30401
Epoch: [14] Total time: 0:03:16 (1.2341 s / it)
Averaged stats: lr: 0.000099  min_lr: 0.000099  loss: 1.0000 (1.0000)  weight_decay: 0.0500 (0.0500)  grad_norm: 0.0008 (0.0008)
Epoch: [15]  [  0/159]  eta: 2:34:00  lr: 0.000099  min_lr: 0.000099  loss: 0.9999 (0.9999)  weight_decay: 0.0500 (0.0500)  grad_norm: 0.0007 (0.0007)  time: 58.1147  data: 55.9488  max mem: 30401
Epoch: [15]  [ 10/159]  eta: 0:17:21  lr: 0.000099  min_lr: 0.000099  loss: 0.9999 (1.0000)  weight_decay: 0.0500 (0.0500)  grad_norm: 0.0007 (0.0008)  time: 6.9872  data: 5.3479  max mem: 30401
Epoch: [15]  [ 20/159]  eta: 0:09:09  lr: 0.000099  min_lr: 0.000099  loss: 1.0000 (1.0000)  weight_decay: 0.0500 (0.0500)  grad_norm: 0.0007 (0.0008)  time: 1.2426  data: 0.1440  max mem: 30401
Epoch: [15]  [ 30/159]  eta: 0:06:09  lr: 0.000099  min_lr: 0.000099  loss: 1.0000 (1.0000)  weight_decay: 0.0500 (0.0500)  grad_norm: 0.0007 (0.0008)  time: 0.6008  data: 0.0002  max mem: 30401
Epoch: [15]  [ 40/159]  eta: 0:04:35  lr: 0.000099  min_lr: 0.000099  loss: 1.0000 (1.0000)  weight_decay: 0.0500 (0.0500)  grad_norm: 0.0008 (0.0008)  time: 0.5969  data: 0.0002  max mem: 30401
Epoch: [15]  [ 50/159]  eta: 0:03:35  lr: 0.000099  min_lr: 0.000099  loss: 1.0000 (1.0000)  weight_decay: 0.0500 (0.0500)  grad_norm: 0.0008 (0.0008)  time: 0.6027  data: 0.0002  max mem: 30401
Epoch: [15]  [ 60/159]  eta: 0:02:54  lr: 0.000099  min_lr: 0.000099  loss: 1.0000 (1.0000)  weight_decay: 0.0500 (0.0500)  grad_norm: 0.0008 (0.0008)  time: 0.6339  data: 0.0002  max mem: 30401
Epoch: [15]  [ 70/159]  eta: 0:02:23  lr: 0.000099  min_lr: 0.000099  loss: 1.0000 (1.0000)  weight_decay: 0.0500 (0.0500)  grad_norm: 0.0009 (0.0009)  time: 0.6785  data: 0.0002  max mem: 30401
Epoch: [15]  [ 80/159]  eta: 0:01:57  lr: 0.000099  min_lr: 0.000099  loss: 1.0000 (1.0000)  weight_decay: 0.0500 (0.0500)  grad_norm: 0.0011 (0.0009)  time: 0.6632  data: 0.0002  max mem: 30401
Epoch: [15]  [ 90/159]  eta: 0:01:36  lr: 0.000099  min_lr: 0.000099  loss: 1.0000 (1.0000)  weight_decay: 0.0500 (0.0500)  grad_norm: 0.0011 (0.0009)  time: 0.6126  data: 0.0001  max mem: 30401
Epoch: [15]  [100/159]  eta: 0:01:17  lr: 0.000099  min_lr: 0.000099  loss: 1.0000 (1.0000)  weight_decay: 0.0500 (0.0500)  grad_norm: 0.0010 (0.0009)  time: 0.5887  data: 0.0001  max mem: 30401
Epoch: [15]  [110/159]  eta: 0:01:01  lr: 0.000099  min_lr: 0.000099  loss: 1.0000 (1.0000)  weight_decay: 0.0500 (0.0500)  grad_norm: 0.0009 (0.0009)  time: 0.5866  data: 0.0001  max mem: 30401
Epoch: [15]  [120/159]  eta: 0:00:46  lr: 0.000099  min_lr: 0.000099  loss: 1.0000 (1.0000)  weight_decay: 0.0500 (0.0500)  grad_norm: 0.0009 (0.0009)  time: 0.5840  data: 0.0001  max mem: 30401
Epoch: [15]  [130/159]  eta: 0:00:33  lr: 0.000099  min_lr: 0.000099  loss: 0.9999 (1.0000)  weight_decay: 0.0500 (0.0500)  grad_norm: 0.0010 (0.0010)  time: 0.5818  data: 0.0001  max mem: 30401
Epoch: [15]  [140/159]  eta: 0:00:21  lr: 0.000099  min_lr: 0.000099  loss: 1.0000 (1.0000)  weight_decay: 0.0500 (0.0500)  grad_norm: 0.0011 (0.0010)  time: 0.5852  data: 0.0001  max mem: 30401
Epoch: [15]  [150/159]  eta: 0:00:09  lr: 0.000099  min_lr: 0.000099  loss: 1.0000 (1.0000)  weight_decay: 0.0500 (0.0500)  grad_norm: 0.0011 (0.0010)  time: 0.5840  data: 0.0001  max mem: 30401
Epoch: [15]  [158/159]  eta: 0:00:01  lr: 0.000099  min_lr: 0.000099  loss: 1.0000 (1.0000)  weight_decay: 0.0500 (0.0500)  grad_norm: 0.0009 (0.0010)  time: 0.5817  data: 0.0001  max mem: 30401
Epoch: [15] Total time: 0:02:47 (1.0565 s / it)
Averaged stats: lr: 0.000099  min_lr: 0.000099  loss: 1.0000 (1.0000)  weight_decay: 0.0500 (0.0500)  grad_norm: 0.0009 (0.0010)
Epoch: [16]  [  0/159]  eta: 2:33:15  lr: 0.000099  min_lr: 0.000099  loss: 1.0000 (1.0000)  weight_decay: 0.0500 (0.0500)  grad_norm: 0.0007 (0.0007)  time: 57.8315  data: 50.8104  max mem: 30401
Epoch: [16]  [ 10/159]  eta: 0:17:32  lr: 0.000099  min_lr: 0.000099  loss: 0.9999 (0.9999)  weight_decay: 0.0500 (0.0500)  grad_norm: 0.0011 (0.0014)  time: 7.0659  data: 5.2972  max mem: 30401
Epoch: [16]  [ 20/159]  eta: 0:09:17  lr: 0.000099  min_lr: 0.000099  loss: 0.9999 (0.9999)  weight_decay: 0.0500 (0.0500)  grad_norm: 0.0011 (0.0013)  time: 1.3212  data: 0.3731  max mem: 30401
Epoch: [16]  [ 30/159]  eta: 0:06:18  lr: 0.000099  min_lr: 0.000099  loss: 1.0000 (0.9999)  weight_decay: 0.0500 (0.0500)  grad_norm: 0.0010 (0.0013)  time: 0.6570  data: 0.0002  max mem: 30401
Epoch: [16]  [ 40/159]  eta: 0:04:43  lr: 0.000099  min_lr: 0.000099  loss: 1.0000 (0.9999)  weight_decay: 0.0500 (0.0500)  grad_norm: 0.0009 (0.0012)  time: 0.6708  data: 0.0002  max mem: 30401
Epoch: [16]  [ 50/159]  eta: 0:03:41  lr: 0.000099  min_lr: 0.000099  loss: 1.0000 (1.0000)  weight_decay: 0.0500 (0.0500)  grad_norm: 0.0010 (0.0012)  time: 0.6478  data: 0.0002  max mem: 30401
Epoch: [16]  [ 60/159]  eta: 0:02:58  lr: 0.000099  min_lr: 0.000099  loss: 1.0000 (1.0000)  weight_decay: 0.0500 (0.0500)  grad_norm: 0.0010 (0.0012)  time: 0.6155  data: 0.0001  max mem: 30401
Epoch: [16]  [ 70/159]  eta: 0:02:25  lr: 0.000099  min_lr: 0.000099  loss: 1.0000 (1.0000)  weight_decay: 0.0500 (0.0500)  grad_norm: 0.0010 (0.0012)  time: 0.6059  data: 0.0001  max mem: 30401
Epoch: [16]  [ 80/159]  eta: 0:01:58  lr: 0.000099  min_lr: 0.000099  loss: 1.0000 (1.0000)  weight_decay: 0.0500 (0.0500)  grad_norm: 0.0011 (0.0012)  time: 0.5931  data: 0.0001  max mem: 30401
Epoch: [16]  [ 90/159]  eta: 0:01:37  lr: 0.000099  min_lr: 0.000099  loss: 1.0000 (1.0000)  weight_decay: 0.0500 (0.0500)  grad_norm: 0.0010 (0.0012)  time: 0.6320  data: 0.0002  max mem: 30401
Epoch: [16]  [100/159]  eta: 0:01:18  lr: 0.000099  min_lr: 0.000099  loss: 1.0000 (1.0000)  weight_decay: 0.0500 (0.0500)  grad_norm: 0.0011 (0.0012)  time: 0.6643  data: 0.0002  max mem: 30401
Epoch: [16]  [110/159]  eta: 0:01:02  lr: 0.000099  min_lr: 0.000099  loss: 1.0000 (1.0000)  weight_decay: 0.0500 (0.0500)  grad_norm: 0.0012 (0.0012)  time: 0.6537  data: 0.0002  max mem: 30401
Epoch: [16]  [120/159]  eta: 0:00:47  lr: 0.000099  min_lr: 0.000099  loss: 1.0000 (1.0000)  weight_decay: 0.0500 (0.0500)  grad_norm: 0.0013 (0.0012)  time: 0.6491  data: 0.0002  max mem: 30401
Epoch: [16]  [130/159]  eta: 0:00:34  lr: 0.000099  min_lr: 0.000099  loss: 1.0000 (1.0000)  weight_decay: 0.0500 (0.0500)  grad_norm: 0.0014 (0.0012)  time: 0.6489  data: 0.0002  max mem: 30401
Epoch: [16]  [140/159]  eta: 0:00:21  lr: 0.000099  min_lr: 0.000099  loss: 1.0000 (1.0000)  weight_decay: 0.0500 (0.0500)  grad_norm: 0.0016 (0.0013)  time: 0.6671  data: 0.0002  max mem: 30401
Epoch: [16]  [150/159]  eta: 0:00:10  lr: 0.000099  min_lr: 0.000099  loss: 1.0000 (1.0000)  weight_decay: 0.0500 (0.0500)  grad_norm: 0.0012 (0.0013)  time: 0.6960  data: 0.0002  max mem: 30401
Epoch: [16]  [158/159]  eta: 0:00:01  lr: 0.000099  min_lr: 0.000099  loss: 1.0000 (1.0000)  weight_decay: 0.0500 (0.0500)  grad_norm: 0.0012 (0.0013)  time: 0.6971  data: 0.0002  max mem: 30401
Epoch: [16] Total time: 0:02:55 (1.1030 s / it)
Averaged stats: lr: 0.000099  min_lr: 0.000099  loss: 1.0000 (1.0000)  weight_decay: 0.0500 (0.0500)  grad_norm: 0.0012 (0.0013)
Epoch: [17]  [  0/159]  eta: 7:01:58  lr: 0.000099  min_lr: 0.000099  loss: 0.9999 (0.9999)  weight_decay: 0.0500 (0.0500)  grad_norm: 0.0012 (0.0012)  time: 159.2355  data: 81.4760  max mem: 30401
Epoch: [17]  [ 10/159]  eta: 0:37:36  lr: 0.000098  min_lr: 0.000098  loss: 1.0000 (0.9999)  weight_decay: 0.0500 (0.0500)  grad_norm: 0.0010 (0.0011)  time: 15.1454  data: 7.4071  max mem: 30401
Epoch: [17]  [ 20/159]  eta: 0:19:06  lr: 0.000098  min_lr: 0.000098  loss: 0.9999 (0.9999)  weight_decay: 0.0500 (0.0500)  grad_norm: 0.0010 (0.0011)  time: 0.7025  data: 0.0002  max mem: 30401
Epoch: [17]  [ 30/159]  eta: 0:12:26  lr: 0.000098  min_lr: 0.000098  loss: 0.9999 (0.9999)  weight_decay: 0.0500 (0.0500)  grad_norm: 0.0011 (0.0011)  time: 0.6408  data: 0.0002  max mem: 30401
Epoch: [17]  [ 40/159]  eta: 0:08:57  lr: 0.000098  min_lr: 0.000098  loss: 1.0000 (0.9999)  weight_decay: 0.0500 (0.0500)  grad_norm: 0.0012 (0.0011)  time: 0.6015  data: 0.0001  max mem: 30401
Epoch: [17]  [ 50/159]  eta: 0:06:48  lr: 0.000098  min_lr: 0.000098  loss: 1.0000 (0.9999)  weight_decay: 0.0500 (0.0500)  grad_norm: 0.0010 (0.0011)  time: 0.5906  data: 0.0001  max mem: 30401
Epoch: [17]  [ 60/159]  eta: 0:05:19  lr: 0.000098  min_lr: 0.000098  loss: 1.0000 (0.9999)  weight_decay: 0.0500 (0.0500)  grad_norm: 0.0010 (0.0011)  time: 0.5914  data: 0.0001  max mem: 30401
Epoch: [17]  [ 70/159]  eta: 0:04:14  lr: 0.000098  min_lr: 0.000098  loss: 1.0000 (0.9999)  weight_decay: 0.0500 (0.0500)  grad_norm: 0.0012 (0.0012)  time: 0.5887  data: 0.0002  max mem: 30401
Epoch: [17]  [ 80/159]  eta: 0:03:23  lr: 0.000098  min_lr: 0.000098  loss: 1.0000 (0.9999)  weight_decay: 0.0500 (0.0500)  grad_norm: 0.0013 (0.0013)  time: 0.5847  data: 0.0002  max mem: 30401
Epoch: [17]  [ 90/159]  eta: 0:02:42  lr: 0.000098  min_lr: 0.000098  loss: 0.9999 (0.9999)  weight_decay: 0.0500 (0.0500)  grad_norm: 0.0013 (0.0013)  time: 0.5809  data: 0.0001  max mem: 30401
Epoch: [17]  [100/159]  eta: 0:02:08  lr: 0.000098  min_lr: 0.000098  loss: 1.0000 (0.9999)  weight_decay: 0.0500 (0.0500)  grad_norm: 0.0013 (0.0013)  time: 0.5768  data: 0.0001  max mem: 30401
Epoch: [17]  [110/159]  eta: 0:01:39  lr: 0.000098  min_lr: 0.000098  loss: 1.0000 (0.9999)  weight_decay: 0.0500 (0.0500)  grad_norm: 0.0014 (0.0013)  time: 0.5751  data: 0.0001  max mem: 30401
Epoch: [17]  [120/159]  eta: 0:01:14  lr: 0.000098  min_lr: 0.000098  loss: 1.0000 (0.9999)  weight_decay: 0.0500 (0.0500)  grad_norm: 0.0013 (0.0013)  time: 0.5755  data: 0.0001  max mem: 30401
Epoch: [17]  [130/159]  eta: 0:00:52  lr: 0.000098  min_lr: 0.000098  loss: 0.9999 (0.9999)  weight_decay: 0.0500 (0.0500)  grad_norm: 0.0014 (0.0014)  time: 0.5791  data: 0.0001  max mem: 30401
Epoch: [17]  [140/159]  eta: 0:00:32  lr: 0.000098  min_lr: 0.000098  loss: 0.9999 (0.9999)  weight_decay: 0.0500 (0.0500)  grad_norm: 0.0017 (0.0014)  time: 0.6198  data: 0.0002  max mem: 30401
Epoch: [17]  [150/159]  eta: 0:00:14  lr: 0.000098  min_lr: 0.000098  loss: 1.0000 (0.9999)  weight_decay: 0.0500 (0.0500)  grad_norm: 0.0015 (0.0014)  time: 0.6350  data: 0.0002  max mem: 30401
Epoch: [17]  [158/159]  eta: 0:00:01  lr: 0.000098  min_lr: 0.000098  loss: 1.0000 (0.9999)  weight_decay: 0.0500 (0.0500)  grad_norm: 0.0012 (0.0014)  time: 0.6145  data: 0.0002  max mem: 30401
Epoch: [17] Total time: 0:04:16 (1.6149 s / it)
Averaged stats: lr: 0.000098  min_lr: 0.000098  loss: 1.0000 (0.9999)  weight_decay: 0.0500 (0.0500)  grad_norm: 0.0012 (0.0014)
Epoch: [18]  [  0/159]  eta: 2:21:19  lr: 0.000098  min_lr: 0.000098  loss: 0.9999 (0.9999)  weight_decay: 0.0500 (0.0500)  grad_norm: 0.0014 (0.0014)  time: 53.3319  data: 51.7605  max mem: 30401
Epoch: [18]  [ 10/159]  eta: 0:14:20  lr: 0.000098  min_lr: 0.000098  loss: 0.9999 (0.9999)  weight_decay: 0.0500 (0.0500)  grad_norm: 0.0013 (0.0013)  time: 5.7725  data: 4.7060  max mem: 30401
Epoch: [18]  [ 20/159]  eta: 0:07:52  lr: 0.000098  min_lr: 0.000098  loss: 1.0000 (0.9999)  weight_decay: 0.0500 (0.0500)  grad_norm: 0.0012 (0.0013)  time: 0.9061  data: 0.0004  max mem: 30401
Epoch: [18]  [ 30/159]  eta: 0:05:22  lr: 0.000098  min_lr: 0.000098  loss: 1.0000 (0.9999)  weight_decay: 0.0500 (0.0500)  grad_norm: 0.0012 (0.0013)  time: 0.6983  data: 0.0002  max mem: 30401
Epoch: [18]  [ 40/159]  eta: 0:04:02  lr: 0.000098  min_lr: 0.000098  loss: 1.0000 (0.9999)  weight_decay: 0.0500 (0.0500)  grad_norm: 0.0014 (0.0014)  time: 0.5963  data: 0.0002  max mem: 30401
Epoch: [18]  [ 50/159]  eta: 0:03:10  lr: 0.000098  min_lr: 0.000098  loss: 0.9999 (0.9999)  weight_decay: 0.0500 (0.0500)  grad_norm: 0.0016 (0.0014)  time: 0.5859  data: 0.0002  max mem: 30401
Epoch: [18]  [ 60/159]  eta: 0:02:34  lr: 0.000098  min_lr: 0.000098  loss: 1.0000 (0.9999)  weight_decay: 0.0500 (0.0500)  grad_norm: 0.0015 (0.0014)  time: 0.5811  data: 0.0001  max mem: 30401
Epoch: [18]  [ 70/159]  eta: 0:02:06  lr: 0.000098  min_lr: 0.000098  loss: 1.0000 (0.9999)  weight_decay: 0.0500 (0.0500)  grad_norm: 0.0013 (0.0014)  time: 0.5799  data: 0.0001  max mem: 30401
Epoch: [18]  [ 80/159]  eta: 0:01:43  lr: 0.000098  min_lr: 0.000098  loss: 1.0000 (0.9999)  weight_decay: 0.0500 (0.0500)  grad_norm: 0.0013 (0.0015)  time: 0.5770  data: 0.0001  max mem: 30401
Epoch: [18]  [ 90/159]  eta: 0:01:25  lr: 0.000098  min_lr: 0.000098  loss: 0.9999 (0.9999)  weight_decay: 0.0500 (0.0500)  grad_norm: 0.0015 (0.0016)  time: 0.5757  data: 0.0001  max mem: 30401
Epoch: [18]  [100/159]  eta: 0:01:08  lr: 0.000098  min_lr: 0.000098  loss: 1.0000 (0.9999)  weight_decay: 0.0500 (0.0500)  grad_norm: 0.0015 (0.0016)  time: 0.5755  data: 0.0001  max mem: 30401
Epoch: [18]  [110/159]  eta: 0:00:54  lr: 0.000098  min_lr: 0.000098  loss: 1.0000 (0.9999)  weight_decay: 0.0500 (0.0500)  grad_norm: 0.0013 (0.0015)  time: 0.5802  data: 0.0002  max mem: 30401
Epoch: [18]  [120/159]  eta: 0:00:41  lr: 0.000098  min_lr: 0.000098  loss: 1.0000 (0.9999)  weight_decay: 0.0500 (0.0500)  grad_norm: 0.0015 (0.0016)  time: 0.5817  data: 0.0002  max mem: 30401
Epoch: [18]  [130/159]  eta: 0:00:29  lr: 0.000098  min_lr: 0.000098  loss: 1.0000 (0.9999)  weight_decay: 0.0500 (0.0500)  grad_norm: 0.0021 (0.0016)  time: 0.5765  data: 0.0001  max mem: 30401
Epoch: [18]  [140/159]  eta: 0:00:19  lr: 0.000098  min_lr: 0.000098  loss: 1.0000 (0.9999)  weight_decay: 0.0500 (0.0500)  grad_norm: 0.0015 (0.0016)  time: 0.5745  data: 0.0001  max mem: 30401
Epoch: [18]  [150/159]  eta: 0:00:08  lr: 0.000098  min_lr: 0.000098  loss: 1.0000 (0.9999)  weight_decay: 0.0500 (0.0500)  grad_norm: 0.0014 (0.0016)  time: 0.5743  data: 0.0001  max mem: 30401
Epoch: [18]  [158/159]  eta: 0:00:00  lr: 0.000098  min_lr: 0.000098  loss: 1.0000 (0.9999)  weight_decay: 0.0500 (0.0500)  grad_norm: 0.0015 (0.0016)  time: 0.5753  data: 0.0001  max mem: 30401
Epoch: [18] Total time: 0:02:33 (0.9627 s / it)
Averaged stats: lr: 0.000098  min_lr: 0.000098  loss: 1.0000 (0.9999)  weight_decay: 0.0500 (0.0500)  grad_norm: 0.0015 (0.0016)
Epoch: [19]  [  0/159]  eta: 2:19:27  lr: 0.000098  min_lr: 0.000098  loss: 0.9998 (0.9998)  weight_decay: 0.0500 (0.0500)  grad_norm: 0.0027 (0.0027)  time: 52.6273  data: 51.3084  max mem: 30401
Epoch: [19]  [ 10/159]  eta: 0:14:31  lr: 0.000098  min_lr: 0.000098  loss: 0.9999 (0.9999)  weight_decay: 0.0500 (0.0500)  grad_norm: 0.0017 (0.0022)  time: 5.8469  data: 4.6648  max mem: 30401
Epoch: [19]  [ 20/159]  eta: 0:08:00  lr: 0.000097  min_lr: 0.000097  loss: 1.0000 (0.9999)  weight_decay: 0.0500 (0.0500)  grad_norm: 0.0016 (0.0018)  time: 0.9947  data: 0.0003  max mem: 30401
Epoch: [19]  [ 30/159]  eta: 0:05:26  lr: 0.000097  min_lr: 0.000097  loss: 1.0000 (0.9999)  weight_decay: 0.0500 (0.0500)  grad_norm: 0.0012 (0.0017)  time: 0.7058  data: 0.0002  max mem: 30401
Epoch: [19]  [ 40/159]  eta: 0:04:04  lr: 0.000097  min_lr: 0.000097  loss: 1.0000 (0.9999)  weight_decay: 0.0500 (0.0500)  grad_norm: 0.0012 (0.0017)  time: 0.5843  data: 0.0002  max mem: 30401
Epoch: [19]  [ 50/159]  eta: 0:03:12  lr: 0.000097  min_lr: 0.000097  loss: 1.0000 (0.9999)  weight_decay: 0.0500 (0.0500)  grad_norm: 0.0013 (0.0016)  time: 0.5774  data: 0.0001  max mem: 30401
Epoch: [19]  [ 60/159]  eta: 0:02:37  lr: 0.000097  min_lr: 0.000097  loss: 1.0000 (0.9999)  weight_decay: 0.0500 (0.0500)  grad_norm: 0.0019 (0.0017)  time: 0.6465  data: 0.0002  max mem: 30401
Epoch: [19]  [ 70/159]  eta: 0:02:10  lr: 0.000097  min_lr: 0.000097  loss: 1.0000 (0.9999)  weight_decay: 0.0500 (0.0500)  grad_norm: 0.0022 (0.0019)  time: 0.7069  data: 0.0002  max mem: 30401
Epoch: [19]  [ 80/159]  eta: 0:01:48  lr: 0.000097  min_lr: 0.000097  loss: 1.0000 (0.9999)  weight_decay: 0.0500 (0.0500)  grad_norm: 0.0023 (0.0019)  time: 0.6921  data: 0.0002  max mem: 30401
Epoch: [19]  [ 90/159]  eta: 0:01:29  lr: 0.000097  min_lr: 0.000097  loss: 1.0000 (0.9999)  weight_decay: 0.0500 (0.0500)  grad_norm: 0.0017 (0.0020)  time: 0.6707  data: 0.0002  max mem: 30401
Epoch: [19]  [100/159]  eta: 0:01:12  lr: 0.000097  min_lr: 0.000097  loss: 1.0000 (0.9999)  weight_decay: 0.0500 (0.0500)  grad_norm: 0.0024 (0.0021)  time: 0.6593  data: 0.0002  max mem: 30401
Epoch: [19]  [110/159]  eta: 0:00:57  lr: 0.000097  min_lr: 0.000097  loss: 1.0000 (0.9999)  weight_decay: 0.0500 (0.0500)  grad_norm: 0.0019 (0.0020)  time: 0.6606  data: 0.0002  max mem: 30401
Epoch: [19]  [120/159]  eta: 0:00:44  lr: 0.000097  min_lr: 0.000097  loss: 1.0000 (0.9999)  weight_decay: 0.0500 (0.0500)  grad_norm: 0.0016 (0.0020)  time: 0.6568  data: 0.0002  max mem: 30401
Epoch: [19]  [130/159]  eta: 0:00:31  lr: 0.000097  min_lr: 0.000097  loss: 1.0000 (0.9999)  weight_decay: 0.0500 (0.0500)  grad_norm: 0.0016 (0.0020)  time: 0.6568  data: 0.0002  max mem: 30401
Epoch: [19]  [140/159]  eta: 0:00:20  lr: 0.000097  min_lr: 0.000097  loss: 1.0000 (0.9999)  weight_decay: 0.0500 (0.0500)  grad_norm: 0.0021 (0.0020)  time: 0.6577  data: 0.0002  max mem: 30401
Epoch: [19]  [150/159]  eta: 0:00:09  lr: 0.000097  min_lr: 0.000097  loss: 1.0000 (0.9999)  weight_decay: 0.0500 (0.0500)  grad_norm: 0.0021 (0.0020)  time: 0.6549  data: 0.0002  max mem: 30401
Epoch: [19]  [158/159]  eta: 0:00:01  lr: 0.000097  min_lr: 0.000097  loss: 1.0000 (0.9999)  weight_decay: 0.0500 (0.0500)  grad_norm: 0.0021 (0.0020)  time: 0.6553  data: 0.0002  max mem: 30401
Epoch: [19] Total time: 0:02:43 (1.0297 s / it)
Averaged stats: lr: 0.000097  min_lr: 0.000097  loss: 1.0000 (0.9999)  weight_decay: 0.0500 (0.0500)  grad_norm: 0.0021 (0.0020)
Epoch: [20]  [  0/159]  eta: 2:21:59  lr: 0.000097  min_lr: 0.000097  loss: 0.9998 (0.9998)  weight_decay: 0.0500 (0.0500)  grad_norm: 0.0015 (0.0015)  time: 53.5839  data: 50.1419  max mem: 30401
Epoch: [20]  [ 10/159]  eta: 0:15:06  lr: 0.000097  min_lr: 0.000097  loss: 0.9999 (0.9999)  weight_decay: 0.0500 (0.0500)  grad_norm: 0.0018 (0.0023)  time: 6.0840  data: 4.5587  max mem: 30401
Epoch: [20]  [ 20/159]  eta: 0:08:01  lr: 0.000097  min_lr: 0.000097  loss: 0.9999 (0.9999)  weight_decay: 0.0500 (0.0500)  grad_norm: 0.0017 (0.0019)  time: 0.9587  data: 0.0003  max mem: 30401
Epoch: [20]  [ 30/159]  eta: 0:05:26  lr: 0.000097  min_lr: 0.000097  loss: 1.0000 (0.9999)  weight_decay: 0.0500 (0.0500)  grad_norm: 0.0017 (0.0019)  time: 0.5812  data: 0.0002  max mem: 30401
Epoch: [20]  [ 40/159]  eta: 0:04:04  lr: 0.000097  min_lr: 0.000097  loss: 0.9999 (0.9999)  weight_decay: 0.0500 (0.0500)  grad_norm: 0.0017 (0.0021)  time: 0.5799  data: 0.0001  max mem: 30401
Epoch: [20]  [ 50/159]  eta: 0:03:12  lr: 0.000097  min_lr: 0.000097  loss: 0.9999 (0.9999)  weight_decay: 0.0500 (0.0500)  grad_norm: 0.0018 (0.0021)  time: 0.5791  data: 0.0001  max mem: 30401
Epoch: [20]  [ 60/159]  eta: 0:02:35  lr: 0.000097  min_lr: 0.000097  loss: 1.0000 (0.9999)  weight_decay: 0.0500 (0.0500)  grad_norm: 0.0020 (0.0021)  time: 0.5772  data: 0.0001  max mem: 30401
Epoch: [20]  [ 70/159]  eta: 0:02:07  lr: 0.000097  min_lr: 0.000097  loss: 1.0000 (0.9999)  weight_decay: 0.0500 (0.0500)  grad_norm: 0.0021 (0.0021)  time: 0.5773  data: 0.0001  max mem: 30401
Epoch: [20]  [ 80/159]  eta: 0:01:44  lr: 0.000097  min_lr: 0.000097  loss: 1.0000 (0.9999)  weight_decay: 0.0500 (0.0500)  grad_norm: 0.0020 (0.0022)  time: 0.5785  data: 0.0001  max mem: 30401
Epoch: [20]  [ 90/159]  eta: 0:01:25  lr: 0.000097  min_lr: 0.000097  loss: 0.9999 (0.9999)  weight_decay: 0.0500 (0.0500)  grad_norm: 0.0020 (0.0022)  time: 0.5784  data: 0.0002  max mem: 30401
Epoch: [20]  [100/159]  eta: 0:01:09  lr: 0.000097  min_lr: 0.000097  loss: 1.0000 (0.9999)  weight_decay: 0.0500 (0.0500)  grad_norm: 0.0022 (0.0022)  time: 0.5777  data: 0.0001  max mem: 30401
Epoch: [20]  [110/159]  eta: 0:00:55  lr: 0.000097  min_lr: 0.000097  loss: 1.0000 (0.9999)  weight_decay: 0.0500 (0.0500)  grad_norm: 0.0021 (0.0022)  time: 0.5774  data: 0.0001  max mem: 30401
Epoch: [20]  [120/159]  eta: 0:00:42  lr: 0.000097  min_lr: 0.000097  loss: 1.0000 (0.9999)  weight_decay: 0.0500 (0.0500)  grad_norm: 0.0020 (0.0022)  time: 0.5818  data: 0.0001  max mem: 30401
Epoch: [20]  [130/159]  eta: 0:00:30  lr: 0.000096  min_lr: 0.000096  loss: 0.9999 (0.9999)  weight_decay: 0.0500 (0.0500)  grad_norm: 0.0019 (0.0022)  time: 0.5903  data: 0.0001  max mem: 30401
Epoch: [20]  [140/159]  eta: 0:00:19  lr: 0.000096  min_lr: 0.000096  loss: 0.9999 (0.9999)  weight_decay: 0.0500 (0.0500)  grad_norm: 0.0018 (0.0022)  time: 0.5862  data: 0.0001  max mem: 30401
Epoch: [20]  [150/159]  eta: 0:00:08  lr: 0.000096  min_lr: 0.000096  loss: 0.9999 (0.9999)  weight_decay: 0.0500 (0.0500)  grad_norm: 0.0020 (0.0022)  time: 0.5779  data: 0.0001  max mem: 30401
Epoch: [20]  [158/159]  eta: 0:00:00  lr: 0.000096  min_lr: 0.000096  loss: 1.0000 (0.9999)  weight_decay: 0.0500 (0.0500)  grad_norm: 0.0023 (0.0022)  time: 0.5787  data: 0.0001  max mem: 30401
Epoch: [20] Total time: 0:02:34 (0.9700 s / it)
Averaged stats: lr: 0.000096  min_lr: 0.000096  loss: 1.0000 (0.9999)  weight_decay: 0.0500 (0.0500)  grad_norm: 0.0023 (0.0022)
[Eval]   [0/2]  eta: 0:00:14  loss: 0.9999 (0.9999)  time: 7.2974  data: 7.1279  max mem: 30401
[Eval]   [1/2]  eta: 0:00:03  loss: 0.9999 (0.9999)  time: 3.7004  data: 3.5644  max mem: 30401
[Eval]  Total time: 0:00:07 (3.9097 s / it)
Eval averaged stats: loss: 0.9999 (1.0000)
Logged 9 eval images
Epoch: [21]  [  0/159]  eta: 1:41:59  lr: 0.000096  min_lr: 0.000096  loss: 0.9997 (0.9997)  weight_decay: 0.0500 (0.0500)  grad_norm: 0.0046 (0.0046)  time: 38.4888  data: 37.5418  max mem: 30401
Epoch: [21]  [ 10/159]  eta: 0:10:50  lr: 0.000096  min_lr: 0.000096  loss: 0.9999 (0.9999)  weight_decay: 0.0500 (0.0500)  grad_norm: 0.0025 (0.0029)  time: 4.3640  data: 3.4133  max mem: 30401
Epoch: [21]  [ 20/159]  eta: 0:05:57  lr: 0.000096  min_lr: 0.000096  loss: 0.9999 (0.9999)  weight_decay: 0.0500 (0.0500)  grad_norm: 0.0024 (0.0028)  time: 0.7788  data: 0.0003  max mem: 30401
Epoch: [21]  [ 30/159]  eta: 0:04:09  lr: 0.000096  min_lr: 0.000096  loss: 1.0000 (0.9999)  weight_decay: 0.0500 (0.0500)  grad_norm: 0.0024 (0.0027)  time: 0.5966  data: 0.0002  max mem: 30401
Epoch: [21]  [ 40/159]  eta: 0:03:10  lr: 0.000096  min_lr: 0.000096  loss: 1.0000 (0.9999)  weight_decay: 0.0500 (0.0500)  grad_norm: 0.0023 (0.0025)  time: 0.5831  data: 0.0002  max mem: 30401
Epoch: [21]  [ 50/159]  eta: 0:02:32  lr: 0.000096  min_lr: 0.000096  loss: 0.9999 (0.9999)  weight_decay: 0.0500 (0.0500)  grad_norm: 0.0022 (0.0026)  time: 0.5787  data: 0.0001  max mem: 30401
Epoch: [21]  [ 60/159]  eta: 0:02:05  lr: 0.000096  min_lr: 0.000096  loss: 0.9999 (0.9999)  weight_decay: 0.0500 (0.0500)  grad_norm: 0.0031 (0.0028)  time: 0.5773  data: 0.0001  max mem: 30401
Epoch: [21]  [ 70/159]  eta: 0:01:44  lr: 0.000096  min_lr: 0.000096  loss: 1.0000 (0.9999)  weight_decay: 0.0500 (0.0500)  grad_norm: 0.0029 (0.0029)  time: 0.5774  data: 0.0001  max mem: 30401
Epoch: [21]  [ 80/159]  eta: 0:01:26  lr: 0.000096  min_lr: 0.000096  loss: 1.0000 (0.9999)  weight_decay: 0.0500 (0.0500)  grad_norm: 0.0026 (0.0030)  time: 0.5771  data: 0.0001  max mem: 30401
Epoch: [21]  [ 90/159]  eta: 0:01:11  lr: 0.000096  min_lr: 0.000096  loss: 0.9999 (0.9999)  weight_decay: 0.0500 (0.0500)  grad_norm: 0.0023 (0.0029)  time: 0.5756  data: 0.0001  max mem: 30401
Epoch: [21]  [100/159]  eta: 0:00:58  lr: 0.000096  min_lr: 0.000096  loss: 0.9999 (0.9999)  weight_decay: 0.0500 (0.0500)  grad_norm: 0.0024 (0.0029)  time: 0.5762  data: 0.0001  max mem: 30401
Epoch: [21]  [110/159]  eta: 0:00:46  lr: 0.000096  min_lr: 0.000096  loss: 1.0000 (0.9999)  weight_decay: 0.0500 (0.0500)  grad_norm: 0.0026 (0.0029)  time: 0.5769  data: 0.0001  max mem: 30401
Epoch: [21]  [120/159]  eta: 0:00:36  lr: 0.000096  min_lr: 0.000096  loss: 1.0000 (0.9999)  weight_decay: 0.0500 (0.0500)  grad_norm: 0.0031 (0.0030)  time: 0.5760  data: 0.0001  max mem: 30401
Epoch: [21]  [130/159]  eta: 0:00:26  lr: 0.000096  min_lr: 0.000096  loss: 0.9999 (0.9999)  weight_decay: 0.0500 (0.0500)  grad_norm: 0.0030 (0.0030)  time: 0.5752  data: 0.0001  max mem: 30401
Epoch: [21]  [140/159]  eta: 0:00:16  lr: 0.000096  min_lr: 0.000096  loss: 1.0000 (0.9999)  weight_decay: 0.0500 (0.0500)  grad_norm: 0.0030 (0.0030)  time: 0.5763  data: 0.0001  max mem: 30401
Epoch: [21]  [150/159]  eta: 0:00:07  lr: 0.000096  min_lr: 0.000096  loss: 1.0000 (0.9999)  weight_decay: 0.0500 (0.0500)  grad_norm: 0.0025 (0.0030)  time: 0.5767  data: 0.0001  max mem: 30401
Epoch: [21]  [158/159]  eta: 0:00:00  lr: 0.000096  min_lr: 0.000096  loss: 0.9999 (0.9999)  weight_decay: 0.0500 (0.0500)  grad_norm: 0.0023 (0.0030)  time: 0.5764  data: 0.0001  max mem: 30401
Epoch: [21] Total time: 0:02:15 (0.8501 s / it)
Averaged stats: lr: 0.000096  min_lr: 0.000096  loss: 0.9999 (0.9999)  weight_decay: 0.0500 (0.0500)  grad_norm: 0.0023 (0.0030)
Epoch: [22]  [  0/159]  eta: 2:12:44  lr: 0.000096  min_lr: 0.000096  loss: 1.0000 (1.0000)  weight_decay: 0.0500 (0.0500)  grad_norm: 0.0016 (0.0016)  time: 50.0894  data: 47.7843  max mem: 30401
Epoch: [22]  [ 10/159]  eta: 0:13:52  lr: 0.000096  min_lr: 0.000096  loss: 0.9999 (0.9998)  weight_decay: 0.0500 (0.0500)  grad_norm: 0.0022 (0.0026)  time: 5.5885  data: 4.3445  max mem: 30401
Epoch: [22]  [ 20/159]  eta: 0:07:44  lr: 0.000096  min_lr: 0.000096  loss: 0.9999 (0.9999)  weight_decay: 0.0500 (0.0500)  grad_norm: 0.0025 (0.0027)  time: 1.0026  data: 0.0004  max mem: 30401
Epoch: [22]  [ 30/159]  eta: 0:05:18  lr: 0.000096  min_lr: 0.000096  loss: 1.0000 (0.9999)  weight_decay: 0.0500 (0.0500)  grad_norm: 0.0030 (0.0030)  time: 0.7539  data: 0.0003  max mem: 30401
Epoch: [22]  [ 40/159]  eta: 0:04:02  lr: 0.000095  min_lr: 0.000095  loss: 1.0000 (0.9999)  weight_decay: 0.0500 (0.0500)  grad_norm: 0.0029 (0.0029)  time: 0.6636  data: 0.0002  max mem: 30401
Epoch: [22]  [ 50/159]  eta: 0:03:12  lr: 0.000095  min_lr: 0.000095  loss: 1.0000 (0.9999)  weight_decay: 0.0500 (0.0500)  grad_norm: 0.0021 (0.0028)  time: 0.6800  data: 0.0002  max mem: 30401
Epoch: [22]  [ 60/159]  eta: 0:02:36  lr: 0.000095  min_lr: 0.000095  loss: 1.0000 (0.9999)  weight_decay: 0.0500 (0.0500)  grad_norm: 0.0021 (0.0027)  time: 0.6491  data: 0.0003  max mem: 30401
Epoch: [22]  [ 70/159]  eta: 0:02:08  lr: 0.000095  min_lr: 0.000095  loss: 1.0000 (0.9999)  weight_decay: 0.0500 (0.0500)  grad_norm: 0.0023 (0.0028)  time: 0.6378  data: 0.0002  max mem: 30401
Epoch: [22]  [ 80/159]  eta: 0:01:46  lr: 0.000095  min_lr: 0.000095  loss: 1.0000 (0.9999)  weight_decay: 0.0500 (0.0500)  grad_norm: 0.0022 (0.0027)  time: 0.6520  data: 0.0002  max mem: 30401
Epoch: [22]  [ 90/159]  eta: 0:01:27  lr: 0.000095  min_lr: 0.000095  loss: 1.0000 (0.9999)  weight_decay: 0.0500 (0.0500)  grad_norm: 0.0022 (0.0028)  time: 0.6366  data: 0.0002  max mem: 30401
Epoch: [22]  [100/159]  eta: 0:01:11  lr: 0.000095  min_lr: 0.000095  loss: 1.0000 (0.9999)  weight_decay: 0.0500 (0.0500)  grad_norm: 0.0038 (0.0030)  time: 0.6123  data: 0.0002  max mem: 30401
Epoch: [22]  [110/159]  eta: 0:00:56  lr: 0.000095  min_lr: 0.000095  loss: 1.0000 (0.9999)  weight_decay: 0.0500 (0.0500)  grad_norm: 0.0029 (0.0029)  time: 0.5997  data: 0.0002  max mem: 30401
Epoch: [22]  [120/159]  eta: 0:00:43  lr: 0.000095  min_lr: 0.000095  loss: 1.0000 (0.9999)  weight_decay: 0.0500 (0.0500)  grad_norm: 0.0026 (0.0029)  time: 0.5928  data: 0.0002  max mem: 30401
Epoch: [22]  [130/159]  eta: 0:00:30  lr: 0.000095  min_lr: 0.000095  loss: 0.9999 (0.9999)  weight_decay: 0.0500 (0.0500)  grad_norm: 0.0026 (0.0029)  time: 0.5884  data: 0.0002  max mem: 30401
Epoch: [22]  [140/159]  eta: 0:00:19  lr: 0.000095  min_lr: 0.000095  loss: 1.0000 (0.9999)  weight_decay: 0.0500 (0.0500)  grad_norm: 0.0030 (0.0029)  time: 0.5875  data: 0.0002  max mem: 30401
Epoch: [22]  [150/159]  eta: 0:00:09  lr: 0.000095  min_lr: 0.000095  loss: 1.0000 (0.9999)  weight_decay: 0.0500 (0.0500)  grad_norm: 0.0030 (0.0030)  time: 0.5870  data: 0.0002  max mem: 30401
Epoch: [22]  [158/159]  eta: 0:00:00  lr: 0.000095  min_lr: 0.000095  loss: 0.9999 (0.9999)  weight_decay: 0.0500 (0.0500)  grad_norm: 0.0029 (0.0030)  time: 0.5867  data: 0.0002  max mem: 30401
Epoch: [22] Total time: 0:02:37 (0.9896 s / it)
Averaged stats: lr: 0.000095  min_lr: 0.000095  loss: 0.9999 (0.9999)  weight_decay: 0.0500 (0.0500)  grad_norm: 0.0029 (0.0030)
Epoch: [23]  [  0/159]  eta: 2:16:44  lr: 0.000095  min_lr: 0.000095  loss: 0.9998 (0.9998)  weight_decay: 0.0500 (0.0500)  grad_norm: 0.0037 (0.0037)  time: 51.6005  data: 50.5387  max mem: 30401
Epoch: [23]  [ 10/159]  eta: 0:14:04  lr: 0.000095  min_lr: 0.000095  loss: 0.9999 (0.9999)  weight_decay: 0.0500 (0.0500)  grad_norm: 0.0036 (0.0037)  time: 5.6689  data: 4.6522  max mem: 30401
Epoch: [23]  [ 20/159]  eta: 0:07:46  lr: 0.000095  min_lr: 0.000095  loss: 0.9999 (0.9999)  weight_decay: 0.0500 (0.0500)  grad_norm: 0.0025 (0.0031)  time: 0.9421  data: 0.0319  max mem: 30401
Epoch: [23]  [ 30/159]  eta: 0:05:21  lr: 0.000095  min_lr: 0.000095  loss: 1.0000 (0.9999)  weight_decay: 0.0500 (0.0500)  grad_norm: 0.0022 (0.0029)  time: 0.7394  data: 0.0002  max mem: 30401
Epoch: [23]  [ 40/159]  eta: 0:04:02  lr: 0.000095  min_lr: 0.000095  loss: 1.0000 (0.9999)  weight_decay: 0.0500 (0.0500)  grad_norm: 0.0027 (0.0030)  time: 0.6617  data: 0.0002  max mem: 30401
Epoch: [23]  [ 50/159]  eta: 0:03:11  lr: 0.000095  min_lr: 0.000095  loss: 1.0000 (0.9999)  weight_decay: 0.0500 (0.0500)  grad_norm: 0.0027 (0.0029)  time: 0.6326  data: 0.0002  max mem: 30401
Epoch: [23]  [ 60/159]  eta: 0:02:35  lr: 0.000095  min_lr: 0.000095  loss: 1.0000 (0.9999)  weight_decay: 0.0500 (0.0500)  grad_norm: 0.0026 (0.0029)  time: 0.6064  data: 0.0002  max mem: 30401
Epoch: [23]  [ 70/159]  eta: 0:02:07  lr: 0.000095  min_lr: 0.000095  loss: 1.0000 (0.9999)  weight_decay: 0.0500 (0.0500)  grad_norm: 0.0025 (0.0029)  time: 0.5950  data: 0.0002  max mem: 30401
Epoch: [23]  [ 80/159]  eta: 0:01:44  lr: 0.000095  min_lr: 0.000095  loss: 1.0000 (0.9999)  weight_decay: 0.0500 (0.0500)  grad_norm: 0.0023 (0.0029)  time: 0.5880  data: 0.0002  max mem: 30401
Epoch: [23]  [ 90/159]  eta: 0:01:25  lr: 0.000094  min_lr: 0.000094  loss: 0.9999 (0.9999)  weight_decay: 0.0500 (0.0500)  grad_norm: 0.0025 (0.0029)  time: 0.5856  data: 0.0002  max mem: 30401
Epoch: [23]  [100/159]  eta: 0:01:09  lr: 0.000094  min_lr: 0.000094  loss: 0.9999 (0.9999)  weight_decay: 0.0500 (0.0500)  grad_norm: 0.0031 (0.0032)  time: 0.5849  data: 0.0002  max mem: 30401
Epoch: [23]  [110/159]  eta: 0:00:55  lr: 0.000094  min_lr: 0.000094  loss: 1.0000 (0.9999)  weight_decay: 0.0500 (0.0500)  grad_norm: 0.0037 (0.0033)  time: 0.5847  data: 0.0002  max mem: 30401
Epoch: [23]  [120/159]  eta: 0:00:42  lr: 0.000094  min_lr: 0.000094  loss: 1.0000 (0.9999)  weight_decay: 0.0500 (0.0500)  grad_norm: 0.0027 (0.0033)  time: 0.5838  data: 0.0002  max mem: 30401
Epoch: [23]  [130/159]  eta: 0:00:30  lr: 0.000094  min_lr: 0.000094  loss: 0.9999 (0.9999)  weight_decay: 0.0500 (0.0500)  grad_norm: 0.0026 (0.0033)  time: 0.5833  data: 0.0002  max mem: 30401
Epoch: [23]  [140/159]  eta: 0:00:19  lr: 0.000094  min_lr: 0.000094  loss: 0.9999 (0.9999)  weight_decay: 0.0500 (0.0500)  grad_norm: 0.0028 (0.0033)  time: 0.5836  data: 0.0002  max mem: 30401
Epoch: [23]  [150/159]  eta: 0:00:08  lr: 0.000094  min_lr: 0.000094  loss: 0.9999 (0.9999)  weight_decay: 0.0500 (0.0500)  grad_norm: 0.0029 (0.0034)  time: 0.5841  data: 0.0002  max mem: 30401
Epoch: [23]  [158/159]  eta: 0:00:00  lr: 0.000094  min_lr: 0.000094  loss: 0.9999 (0.9999)  weight_decay: 0.0500 (0.0500)  grad_norm: 0.0036 (0.0034)  time: 0.5833  data: 0.0002  max mem: 30401
Epoch: [23] Total time: 0:02:34 (0.9724 s / it)
Averaged stats: lr: 0.000094  min_lr: 0.000094  loss: 0.9999 (0.9999)  weight_decay: 0.0500 (0.0500)  grad_norm: 0.0036 (0.0034)
Epoch: [24]  [  0/159]  eta: 2:25:07  lr: 0.000094  min_lr: 0.000094  loss: 0.9996 (0.9996)  weight_decay: 0.0500 (0.0500)  grad_norm: 0.0034 (0.0034)  time: 54.7622  data: 47.2131  max mem: 30401
Epoch: [24]  [ 10/159]  eta: 0:14:58  lr: 0.000094  min_lr: 0.000094  loss: 0.9999 (0.9999)  weight_decay: 0.0500 (0.0500)  grad_norm: 0.0029 (0.0033)  time: 6.0316  data: 4.2926  max mem: 30401
Epoch: [24]  [ 20/159]  eta: 0:08:07  lr: 0.000094  min_lr: 0.000094  loss: 0.9999 (0.9999)  weight_decay: 0.0500 (0.0500)  grad_norm: 0.0026 (0.0030)  time: 0.9468  data: 0.0005  max mem: 30401
Epoch: [24]  [ 30/159]  eta: 0:05:34  lr: 0.000094  min_lr: 0.000094  loss: 1.0000 (0.9999)  weight_decay: 0.0500 (0.0500)  grad_norm: 0.0030 (0.0032)  time: 0.7077  data: 0.0003  max mem: 30401
Epoch: [24]  [ 40/159]  eta: 0:04:11  lr: 0.000094  min_lr: 0.000094  loss: 1.0000 (0.9999)  weight_decay: 0.0500 (0.0500)  grad_norm: 0.0037 (0.0033)  time: 0.6416  data: 0.0002  max mem: 30401
Epoch: [24]  [ 50/159]  eta: 0:03:17  lr: 0.000094  min_lr: 0.000094  loss: 0.9999 (0.9999)  weight_decay: 0.0500 (0.0500)  grad_norm: 0.0034 (0.0035)  time: 0.5968  data: 0.0002  max mem: 30401
Epoch: [24]  [ 60/159]  eta: 0:02:39  lr: 0.000094  min_lr: 0.000094  loss: 0.9999 (0.9999)  weight_decay: 0.0500 (0.0500)  grad_norm: 0.0043 (0.0036)  time: 0.5891  data: 0.0002  max mem: 30401
Epoch: [24]  [ 70/159]  eta: 0:02:10  lr: 0.000094  min_lr: 0.000094  loss: 1.0000 (0.9999)  weight_decay: 0.0500 (0.0500)  grad_norm: 0.0041 (0.0037)  time: 0.5862  data: 0.0001  max mem: 30401
Epoch: [24]  [ 80/159]  eta: 0:01:47  lr: 0.000094  min_lr: 0.000094  loss: 1.0000 (0.9999)  weight_decay: 0.0500 (0.0500)  grad_norm: 0.0036 (0.0038)  time: 0.5826  data: 0.0001  max mem: 30401
Epoch: [24]  [ 90/159]  eta: 0:01:27  lr: 0.000094  min_lr: 0.000094  loss: 0.9999 (0.9999)  weight_decay: 0.0500 (0.0500)  grad_norm: 0.0033 (0.0038)  time: 0.5785  data: 0.0001  max mem: 30401
Epoch: [24]  [100/159]  eta: 0:01:10  lr: 0.000094  min_lr: 0.000094  loss: 0.9999 (0.9999)  weight_decay: 0.0500 (0.0500)  grad_norm: 0.0036 (0.0041)  time: 0.5781  data: 0.0001  max mem: 30401
Epoch: [24]  [110/159]  eta: 0:00:56  lr: 0.000094  min_lr: 0.000094  loss: 1.0000 (0.9999)  weight_decay: 0.0500 (0.0500)  grad_norm: 0.0038 (0.0041)  time: 0.5782  data: 0.0002  max mem: 30401
Epoch: [24]  [120/159]  eta: 0:00:42  lr: 0.000094  min_lr: 0.000094  loss: 1.0000 (0.9999)  weight_decay: 0.0500 (0.0500)  grad_norm: 0.0034 (0.0041)  time: 0.5771  data: 0.0002  max mem: 30401
Epoch: [24]  [130/159]  eta: 0:00:30  lr: 0.000093  min_lr: 0.000093  loss: 0.9999 (0.9999)  weight_decay: 0.0500 (0.0500)  grad_norm: 0.0026 (0.0041)  time: 0.5767  data: 0.0002  max mem: 30401
Epoch: [24]  [140/159]  eta: 0:00:19  lr: 0.000093  min_lr: 0.000093  loss: 0.9999 (0.9999)  weight_decay: 0.0500 (0.0500)  grad_norm: 0.0033 (0.0042)  time: 0.5768  data: 0.0002  max mem: 30401
Epoch: [24]  [150/159]  eta: 0:00:08  lr: 0.000093  min_lr: 0.000093  loss: 1.0000 (0.9999)  weight_decay: 0.0500 (0.0500)  grad_norm: 0.0033 (0.0041)  time: 0.5776  data: 0.0002  max mem: 30401
Epoch: [24]  [158/159]  eta: 0:00:00  lr: 0.000093  min_lr: 0.000093  loss: 1.0000 (0.9999)  weight_decay: 0.0500 (0.0500)  grad_norm: 0.0036 (0.0042)  time: 0.5771  data: 0.0002  max mem: 30401
Epoch: [24] Total time: 0:02:36 (0.9844 s / it)
Averaged stats: lr: 0.000093  min_lr: 0.000093  loss: 1.0000 (0.9999)  weight_decay: 0.0500 (0.0500)  grad_norm: 0.0036 (0.0042)
Epoch: [25]  [  0/159]  eta: 2:27:06  lr: 0.000093  min_lr: 0.000093  loss: 0.9999 (0.9999)  weight_decay: 0.0500 (0.0500)  grad_norm: 0.0047 (0.0047)  time: 55.5114  data: 44.7479  max mem: 30401
Epoch: [25]  [ 10/159]  eta: 0:16:00  lr: 0.000093  min_lr: 0.000093  loss: 0.9999 (0.9999)  weight_decay: 0.0500 (0.0500)  grad_norm: 0.0033 (0.0042)  time: 6.4471  data: 4.1961  max mem: 30401
Epoch: [25]  [ 20/159]  eta: 0:08:28  lr: 0.000093  min_lr: 0.000093  loss: 0.9999 (0.9999)  weight_decay: 0.0500 (0.0500)  grad_norm: 0.0030 (0.0041)  time: 1.0622  data: 0.0706  max mem: 30401
Epoch: [25]  [ 30/159]  eta: 0:05:43  lr: 0.000093  min_lr: 0.000093  loss: 0.9999 (0.9999)  weight_decay: 0.0500 (0.0500)  grad_norm: 0.0030 (0.0042)  time: 0.5857  data: 0.0002  max mem: 30401
Epoch: [25]  [ 40/159]  eta: 0:04:16  lr: 0.000093  min_lr: 0.000093  loss: 1.0000 (0.9999)  weight_decay: 0.0500 (0.0500)  grad_norm: 0.0028 (0.0039)  time: 0.5830  data: 0.0002  max mem: 30401
Epoch: [25]  [ 50/159]  eta: 0:03:21  lr: 0.000093  min_lr: 0.000093  loss: 0.9999 (0.9999)  weight_decay: 0.0500 (0.0500)  grad_norm: 0.0029 (0.0041)  time: 0.5771  data: 0.0001  max mem: 30401
Epoch: [25]  [ 60/159]  eta: 0:02:42  lr: 0.000093  min_lr: 0.000093  loss: 0.9999 (0.9999)  weight_decay: 0.0500 (0.0500)  grad_norm: 0.0035 (0.0040)  time: 0.5747  data: 0.0001  max mem: 30401
Epoch: [25]  [ 70/159]  eta: 0:02:12  lr: 0.000093  min_lr: 0.000093  loss: 1.0000 (0.9999)  weight_decay: 0.0500 (0.0500)  grad_norm: 0.0034 (0.0040)  time: 0.5737  data: 0.0001  max mem: 30401
Epoch: [25]  [ 80/159]  eta: 0:01:49  lr: 0.000093  min_lr: 0.000093  loss: 1.0000 (0.9999)  weight_decay: 0.0500 (0.0500)  grad_norm: 0.0034 (0.0041)  time: 0.5955  data: 0.0001  max mem: 30401
Epoch: [25]  [ 90/159]  eta: 0:01:29  lr: 0.000093  min_lr: 0.000093  loss: 0.9998 (0.9999)  weight_decay: 0.0500 (0.0500)  grad_norm: 0.0038 (0.0041)  time: 0.6152  data: 0.0001  max mem: 30401
Epoch: [25]  [100/159]  eta: 0:01:12  lr: 0.000093  min_lr: 0.000093  loss: 0.9999 (0.9999)  weight_decay: 0.0500 (0.0500)  grad_norm: 0.0042 (0.0041)  time: 0.5946  data: 0.0001  max mem: 30401
Epoch: [25]  [110/159]  eta: 0:00:57  lr: 0.000093  min_lr: 0.000093  loss: 1.0000 (0.9999)  weight_decay: 0.0500 (0.0500)  grad_norm: 0.0042 (0.0041)  time: 0.5762  data: 0.0001  max mem: 30401
Epoch: [25]  [120/159]  eta: 0:00:43  lr: 0.000093  min_lr: 0.000093  loss: 1.0000 (0.9999)  weight_decay: 0.0500 (0.0500)  grad_norm: 0.0042 (0.0042)  time: 0.5748  data: 0.0002  max mem: 30401
Epoch: [25]  [130/159]  eta: 0:00:31  lr: 0.000093  min_lr: 0.000093  loss: 1.0000 (0.9999)  weight_decay: 0.0500 (0.0500)  grad_norm: 0.0046 (0.0043)  time: 0.5815  data: 0.0002  max mem: 30401
Epoch: [25]  [140/159]  eta: 0:00:19  lr: 0.000093  min_lr: 0.000093  loss: 1.0000 (0.9999)  weight_decay: 0.0500 (0.0500)  grad_norm: 0.0042 (0.0044)  time: 0.5941  data: 0.0001  max mem: 30401
Epoch: [25]  [150/159]  eta: 0:00:09  lr: 0.000092  min_lr: 0.000092  loss: 1.0000 (0.9999)  weight_decay: 0.0500 (0.0500)  grad_norm: 0.0037 (0.0043)  time: 0.5880  data: 0.0001  max mem: 30401
Epoch: [25]  [158/159]  eta: 0:00:00  lr: 0.000092  min_lr: 0.000092  loss: 1.0000 (0.9999)  weight_decay: 0.0500 (0.0500)  grad_norm: 0.0035 (0.0043)  time: 0.5757  data: 0.0001  max mem: 30401
Epoch: [25] Total time: 0:02:39 (1.0002 s / it)
Averaged stats: lr: 0.000092  min_lr: 0.000092  loss: 1.0000 (0.9999)  weight_decay: 0.0500 (0.0500)  grad_norm: 0.0035 (0.0043)
[Eval] Image Metrics:  [0/2]  eta: 0:00:13    time: 6.5369  data: 6.0807  max mem: 30401
[Eval] Image Metrics:  [1/2]  eta: 0:00:03    time: 3.3235  data: 3.0404  max mem: 30401
[Eval] Image Metrics: Total time: 0:00:07 (3.7964 s / it)
[Eval] Metric Results: [Eval] MSE: 0.0000 (0.0000)  [Eval] MAE: 0.0000 (0.0000)  [Eval] PSNR: 47.0052 (47.0052)  [Eval] MS-SSIM: 0.9991 (0.9991)
Epoch: [26]  [  0/159]  eta: 2:20:16  lr: 0.000092  min_lr: 0.000092  loss: 0.9998 (0.9998)  weight_decay: 0.0500 (0.0500)  grad_norm: 0.0061 (0.0061)  time: 52.9320  data: 50.1712  max mem: 30401
Epoch: [26]  [ 10/159]  eta: 0:14:27  lr: 0.000092  min_lr: 0.000092  loss: 0.9998 (0.9998)  weight_decay: 0.0500 (0.0500)  grad_norm: 0.0042 (0.0041)  time: 5.8232  data: 4.5614  max mem: 30401
Epoch: [26]  [ 20/159]  eta: 0:07:50  lr: 0.000092  min_lr: 0.000092  loss: 0.9999 (0.9998)  weight_decay: 0.0500 (0.0500)  grad_norm: 0.0039 (0.0045)  time: 0.9097  data: 0.0004  max mem: 30401
Epoch: [26]  [ 30/159]  eta: 0:05:20  lr: 0.000092  min_lr: 0.000092  loss: 0.9999 (0.9999)  weight_decay: 0.0500 (0.0500)  grad_norm: 0.0040 (0.0043)  time: 0.6520  data: 0.0002  max mem: 30401
Epoch: [26]  [ 40/159]  eta: 0:04:00  lr: 0.000092  min_lr: 0.000092  loss: 1.0000 (0.9999)  weight_decay: 0.0500 (0.0500)  grad_norm: 0.0036 (0.0042)  time: 0.5874  data: 0.0002  max mem: 30401
Epoch: [26]  [ 50/159]  eta: 0:03:09  lr: 0.000092  min_lr: 0.000092  loss: 0.9999 (0.9999)  weight_decay: 0.0500 (0.0500)  grad_norm: 0.0039 (0.0045)  time: 0.5869  data: 0.0002  max mem: 30401
Epoch: [26]  [ 60/159]  eta: 0:02:33  lr: 0.000092  min_lr: 0.000092  loss: 1.0000 (0.9999)  weight_decay: 0.0500 (0.0500)  grad_norm: 0.0040 (0.0045)  time: 0.5853  data: 0.0002  max mem: 30401
Epoch: [26]  [ 70/159]  eta: 0:02:05  lr: 0.000092  min_lr: 0.000092  loss: 1.0000 (0.9999)  weight_decay: 0.0500 (0.0500)  grad_norm: 0.0040 (0.0044)  time: 0.5745  data: 0.0002  max mem: 30401
Epoch: [26]  [ 80/159]  eta: 0:01:43  lr: 0.000092  min_lr: 0.000092  loss: 1.0000 (0.9999)  weight_decay: 0.0500 (0.0500)  grad_norm: 0.0037 (0.0043)  time: 0.5781  data: 0.0001  max mem: 30401
Epoch: [26]  [ 90/159]  eta: 0:01:24  lr: 0.000092  min_lr: 0.000092  loss: 0.9999 (0.9999)  weight_decay: 0.0500 (0.0500)  grad_norm: 0.0033 (0.0041)  time: 0.5772  data: 0.0001  max mem: 30401
Epoch: [26]  [100/159]  eta: 0:01:08  lr: 0.000092  min_lr: 0.000092  loss: 0.9999 (0.9999)  weight_decay: 0.0500 (0.0500)  grad_norm: 0.0034 (0.0042)  time: 0.5731  data: 0.0001  max mem: 30401
Epoch: [26]  [110/159]  eta: 0:00:54  lr: 0.000092  min_lr: 0.000092  loss: 1.0000 (0.9999)  weight_decay: 0.0500 (0.0500)  grad_norm: 0.0035 (0.0041)  time: 0.5732  data: 0.0001  max mem: 30401
Epoch: [26]  [120/159]  eta: 0:00:41  lr: 0.000092  min_lr: 0.000092  loss: 1.0000 (0.9999)  weight_decay: 0.0500 (0.0500)  grad_norm: 0.0035 (0.0041)  time: 0.5737  data: 0.0002  max mem: 30401
Epoch: [26]  [130/159]  eta: 0:00:29  lr: 0.000092  min_lr: 0.000092  loss: 0.9999 (0.9999)  weight_decay: 0.0500 (0.0500)  grad_norm: 0.0043 (0.0043)  time: 0.5738  data: 0.0001  max mem: 30401
Epoch: [26]  [140/159]  eta: 0:00:18  lr: 0.000092  min_lr: 0.000092  loss: 1.0000 (0.9999)  weight_decay: 0.0500 (0.0500)  grad_norm: 0.0047 (0.0043)  time: 0.5731  data: 0.0001  max mem: 30401
Epoch: [26]  [150/159]  eta: 0:00:08  lr: 0.000092  min_lr: 0.000092  loss: 1.0000 (0.9999)  weight_decay: 0.0500 (0.0500)  grad_norm: 0.0044 (0.0044)  time: 0.5735  data: 0.0001  max mem: 30401
Epoch: [26]  [158/159]  eta: 0:00:00  lr: 0.000091  min_lr: 0.000091  loss: 0.9999 (0.9999)  weight_decay: 0.0500 (0.0500)  grad_norm: 0.0044 (0.0044)  time: 0.5745  data: 0.0001  max mem: 30401
Epoch: [26] Total time: 0:02:32 (0.9577 s / it)
Averaged stats: lr: 0.000091  min_lr: 0.000091  loss: 0.9999 (0.9999)  weight_decay: 0.0500 (0.0500)  grad_norm: 0.0044 (0.0044)
Epoch: [27]  [  0/159]  eta: 2:24:50  lr: 0.000091  min_lr: 0.000091  loss: 0.9999 (0.9999)  weight_decay: 0.0500 (0.0500)  grad_norm: 0.0047 (0.0047)  time: 54.6557  data: 53.1298  max mem: 30401
Epoch: [27]  [ 10/159]  eta: 0:14:26  lr: 0.000091  min_lr: 0.000091  loss: 0.9999 (0.9999)  weight_decay: 0.0500 (0.0500)  grad_norm: 0.0030 (0.0037)  time: 5.8174  data: 4.8305  max mem: 30401
Epoch: [27]  [ 20/159]  eta: 0:07:48  lr: 0.000091  min_lr: 0.000091  loss: 0.9999 (0.9999)  weight_decay: 0.0500 (0.0500)  grad_norm: 0.0033 (0.0045)  time: 0.8059  data: 0.0004  max mem: 30401
Epoch: [27]  [ 30/159]  eta: 0:05:18  lr: 0.000091  min_lr: 0.000091  loss: 1.0000 (0.9999)  weight_decay: 0.0500 (0.0500)  grad_norm: 0.0040 (0.0052)  time: 0.6279  data: 0.0002  max mem: 30401
Epoch: [27]  [ 40/159]  eta: 0:03:58  lr: 0.000091  min_lr: 0.000091  loss: 1.0000 (0.9999)  weight_decay: 0.0500 (0.0500)  grad_norm: 0.0045 (0.0052)  time: 0.5769  data: 0.0002  max mem: 30401
Epoch: [27]  [ 50/159]  eta: 0:03:08  lr: 0.000091  min_lr: 0.000091  loss: 1.0000 (0.9999)  weight_decay: 0.0500 (0.0500)  grad_norm: 0.0048 (0.0055)  time: 0.5758  data: 0.0002  max mem: 30401
Epoch: [27]  [ 60/159]  eta: 0:02:32  lr: 0.000091  min_lr: 0.000091  loss: 1.0000 (0.9999)  weight_decay: 0.0500 (0.0500)  grad_norm: 0.0055 (0.0060)  time: 0.5736  data: 0.0002  max mem: 30401
Epoch: [27]  [ 70/159]  eta: 0:02:04  lr: 0.000091  min_lr: 0.000091  loss: 1.0000 (0.9999)  weight_decay: 0.0500 (0.0500)  grad_norm: 0.0046 (0.0058)  time: 0.5730  data: 0.0002  max mem: 30401
Epoch: [27]  [ 80/159]  eta: 0:01:42  lr: 0.000091  min_lr: 0.000091  loss: 0.9999 (0.9999)  weight_decay: 0.0500 (0.0500)  grad_norm: 0.0036 (0.0056)  time: 0.5745  data: 0.0001  max mem: 30401
Epoch: [27]  [ 90/159]  eta: 0:01:24  lr: 0.000091  min_lr: 0.000091  loss: 0.9999 (0.9999)  weight_decay: 0.0500 (0.0500)  grad_norm: 0.0032 (0.0054)  time: 0.5746  data: 0.0001  max mem: 30401
Epoch: [27]  [100/159]  eta: 0:01:08  lr: 0.000091  min_lr: 0.000091  loss: 1.0000 (0.9999)  weight_decay: 0.0500 (0.0500)  grad_norm: 0.0059 (0.0059)  time: 0.5731  data: 0.0001  max mem: 30401
Epoch: [27]  [110/159]  eta: 0:00:54  lr: 0.000091  min_lr: 0.000091  loss: 1.0000 (0.9999)  weight_decay: 0.0500 (0.0500)  grad_norm: 0.0070 (0.0061)  time: 0.5721  data: 0.0002  max mem: 30401
Epoch: [27]  [120/159]  eta: 0:00:41  lr: 0.000091  min_lr: 0.000091  loss: 1.0000 (0.9999)  weight_decay: 0.0500 (0.0500)  grad_norm: 0.0044 (0.0064)  time: 0.5712  data: 0.0002  max mem: 30401
Epoch: [27]  [130/159]  eta: 0:00:29  lr: 0.000091  min_lr: 0.000091  loss: 0.9999 (0.9999)  weight_decay: 0.0500 (0.0500)  grad_norm: 0.0040 (0.0064)  time: 0.5715  data: 0.0002  max mem: 30401
Epoch: [27]  [140/159]  eta: 0:00:18  lr: 0.000091  min_lr: 0.000091  loss: 0.9999 (0.9999)  weight_decay: 0.0500 (0.0500)  grad_norm: 0.0050 (0.0064)  time: 0.5727  data: 0.0001  max mem: 30401
Epoch: [27]  [150/159]  eta: 0:00:08  lr: 0.000091  min_lr: 0.000091  loss: 1.0000 (0.9999)  weight_decay: 0.0500 (0.0500)  grad_norm: 0.0050 (0.0062)  time: 0.5724  data: 0.0001  max mem: 30401
Epoch: [27]  [158/159]  eta: 0:00:00  lr: 0.000090  min_lr: 0.000090  loss: 0.9999 (0.9999)  weight_decay: 0.0500 (0.0500)  grad_norm: 0.0050 (0.0062)  time: 0.5717  data: 0.0001  max mem: 30401
Epoch: [27] Total time: 0:02:31 (0.9518 s / it)
Averaged stats: lr: 0.000090  min_lr: 0.000090  loss: 0.9999 (0.9999)  weight_decay: 0.0500 (0.0500)  grad_norm: 0.0050 (0.0062)
Epoch: [28]  [  0/159]  eta: 2:17:30  lr: 0.000090  min_lr: 0.000090  loss: 0.9995 (0.9995)  weight_decay: 0.0500 (0.0500)  grad_norm: 0.0037 (0.0037)  time: 51.8914  data: 48.2965  max mem: 30401
Epoch: [28]  [ 10/159]  eta: 0:13:50  lr: 0.000090  min_lr: 0.000090  loss: 0.9999 (0.9997)  weight_decay: 0.0500 (0.0500)  grad_norm: 0.0052 (0.0069)  time: 5.5731  data: 4.3909  max mem: 30401
Epoch: [28]  [ 20/159]  eta: 0:07:42  lr: 0.000090  min_lr: 0.000090  loss: 0.9999 (0.9998)  weight_decay: 0.0500 (0.0500)  grad_norm: 0.0049 (0.0053)  time: 0.8981  data: 0.0003  max mem: 30401
Epoch: [28]  [ 30/159]  eta: 0:05:17  lr: 0.000090  min_lr: 0.000090  loss: 1.0000 (0.9998)  weight_decay: 0.0500 (0.0500)  grad_norm: 0.0037 (0.0052)  time: 0.7498  data: 0.0003  max mem: 30401
Epoch: [28]  [ 40/159]  eta: 0:03:58  lr: 0.000090  min_lr: 0.000090  loss: 1.0000 (0.9998)  weight_decay: 0.0500 (0.0500)  grad_norm: 0.0046 (0.0052)  time: 0.6209  data: 0.0002  max mem: 30401
Epoch: [28]  [ 50/159]  eta: 0:03:08  lr: 0.000090  min_lr: 0.000090  loss: 1.0000 (0.9999)  weight_decay: 0.0500 (0.0500)  grad_norm: 0.0047 (0.0053)  time: 0.5910  data: 0.0002  max mem: 30401
Epoch: [28]  [ 60/159]  eta: 0:02:32  lr: 0.000090  min_lr: 0.000090  loss: 1.0000 (0.9999)  weight_decay: 0.0500 (0.0500)  grad_norm: 0.0044 (0.0052)  time: 0.5799  data: 0.0002  max mem: 30401
Epoch: [28]  [ 70/159]  eta: 0:02:04  lr: 0.000090  min_lr: 0.000090  loss: 1.0000 (0.9999)  weight_decay: 0.0500 (0.0500)  grad_norm: 0.0044 (0.0052)  time: 0.5764  data: 0.0002  max mem: 30401
Epoch: [28]  [ 80/159]  eta: 0:01:42  lr: 0.000090  min_lr: 0.000090  loss: 0.9999 (0.9999)  weight_decay: 0.0500 (0.0500)  grad_norm: 0.0047 (0.0052)  time: 0.5751  data: 0.0001  max mem: 30401
Epoch: [28]  [ 90/159]  eta: 0:01:24  lr: 0.000090  min_lr: 0.000090  loss: 0.9999 (0.9999)  weight_decay: 0.0500 (0.0500)  grad_norm: 0.0047 (0.0052)  time: 0.5716  data: 0.0002  max mem: 30401
Epoch: [28]  [100/159]  eta: 0:01:08  lr: 0.000090  min_lr: 0.000090  loss: 0.9999 (0.9999)  weight_decay: 0.0500 (0.0500)  grad_norm: 0.0054 (0.0053)  time: 0.5719  data: 0.0001  max mem: 30401
Epoch: [28]  [110/159]  eta: 0:00:54  lr: 0.000090  min_lr: 0.000090  loss: 1.0000 (0.9999)  weight_decay: 0.0500 (0.0500)  grad_norm: 0.0061 (0.0055)  time: 0.5731  data: 0.0001  max mem: 30401
Epoch: [28]  [120/159]  eta: 0:00:41  lr: 0.000090  min_lr: 0.000090  loss: 1.0000 (0.9999)  weight_decay: 0.0500 (0.0500)  grad_norm: 0.0049 (0.0058)  time: 0.5721  data: 0.0002  max mem: 30401
Epoch: [28]  [130/159]  eta: 0:00:29  lr: 0.000090  min_lr: 0.000090  loss: 1.0000 (0.9999)  weight_decay: 0.0500 (0.0500)  grad_norm: 0.0046 (0.0057)  time: 0.5701  data: 0.0001  max mem: 30401
Epoch: [28]  [140/159]  eta: 0:00:18  lr: 0.000090  min_lr: 0.000090  loss: 1.0000 (0.9999)  weight_decay: 0.0500 (0.0500)  grad_norm: 0.0036 (0.0056)  time: 0.5710  data: 0.0001  max mem: 30401
Epoch: [28]  [150/159]  eta: 0:00:08  lr: 0.000089  min_lr: 0.000089  loss: 1.0000 (0.9999)  weight_decay: 0.0500 (0.0500)  grad_norm: 0.0044 (0.0056)  time: 0.5718  data: 0.0001  max mem: 30401
Epoch: [28]  [158/159]  eta: 0:00:00  lr: 0.000089  min_lr: 0.000089  loss: 0.9999 (0.9999)  weight_decay: 0.0500 (0.0500)  grad_norm: 0.0053 (0.0056)  time: 0.5717  data: 0.0001  max mem: 30401
Epoch: [28] Total time: 0:02:31 (0.9526 s / it)
Averaged stats: lr: 0.000089  min_lr: 0.000089  loss: 0.9999 (0.9999)  weight_decay: 0.0500 (0.0500)  grad_norm: 0.0053 (0.0056)
Epoch: [29]  [  0/159]  eta: 2:16:25  lr: 0.000089  min_lr: 0.000089  loss: 0.9999 (0.9999)  weight_decay: 0.0500 (0.0500)  grad_norm: 0.0026 (0.0026)  time: 51.4802  data: 48.6116  max mem: 30401
Epoch: [29]  [ 10/159]  eta: 0:14:13  lr: 0.000089  min_lr: 0.000089  loss: 0.9999 (0.9999)  weight_decay: 0.0500 (0.0500)  grad_norm: 0.0052 (0.0062)  time: 5.7252  data: 4.4806  max mem: 30401
Epoch: [29]  [ 20/159]  eta: 0:07:45  lr: 0.000089  min_lr: 0.000089  loss: 0.9999 (0.9998)  weight_decay: 0.0500 (0.0500)  grad_norm: 0.0044 (0.0054)  time: 0.9427  data: 0.0339  max mem: 30401
Epoch: [29]  [ 30/159]  eta: 0:05:16  lr: 0.000089  min_lr: 0.000089  loss: 1.0000 (0.9999)  weight_decay: 0.0500 (0.0500)  grad_norm: 0.0043 (0.0055)  time: 0.6563  data: 0.0002  max mem: 30401
Epoch: [29]  [ 40/159]  eta: 0:03:57  lr: 0.000089  min_lr: 0.000089  loss: 1.0000 (0.9999)  weight_decay: 0.0500 (0.0500)  grad_norm: 0.0055 (0.0058)  time: 0.5770  data: 0.0002  max mem: 30401
Epoch: [29]  [ 50/159]  eta: 0:03:07  lr: 0.000089  min_lr: 0.000089  loss: 0.9999 (0.9999)  weight_decay: 0.0500 (0.0500)  grad_norm: 0.0047 (0.0055)  time: 0.5754  data: 0.0001  max mem: 30401
Epoch: [29]  [ 60/159]  eta: 0:02:31  lr: 0.000089  min_lr: 0.000089  loss: 0.9999 (0.9999)  weight_decay: 0.0500 (0.0500)  grad_norm: 0.0045 (0.0055)  time: 0.5727  data: 0.0001  max mem: 30401
Epoch: [29]  [ 70/159]  eta: 0:02:04  lr: 0.000089  min_lr: 0.000089  loss: 1.0000 (0.9999)  weight_decay: 0.0500 (0.0500)  grad_norm: 0.0064 (0.0059)  time: 0.5729  data: 0.0001  max mem: 30401
Epoch: [29]  [ 80/159]  eta: 0:01:42  lr: 0.000089  min_lr: 0.000089  loss: 0.9999 (0.9998)  weight_decay: 0.0500 (0.0500)  grad_norm: 0.0067 (0.0059)  time: 0.5731  data: 0.0001  max mem: 30401
Epoch: [29]  [ 90/159]  eta: 0:01:23  lr: 0.000089  min_lr: 0.000089  loss: 0.9998 (0.9998)  weight_decay: 0.0500 (0.0500)  grad_norm: 0.0063 (0.0060)  time: 0.5764  data: 0.0002  max mem: 30401
Epoch: [29]  [100/159]  eta: 0:01:08  lr: 0.000089  min_lr: 0.000089  loss: 0.9999 (0.9999)  weight_decay: 0.0500 (0.0500)  grad_norm: 0.0062 (0.0061)  time: 0.5851  data: 0.0001  max mem: 30401
Epoch: [29]  [110/159]  eta: 0:00:53  lr: 0.000089  min_lr: 0.000089  loss: 1.0000 (0.9999)  weight_decay: 0.0500 (0.0500)  grad_norm: 0.0063 (0.0061)  time: 0.5841  data: 0.0002  max mem: 30401
Epoch: [29]  [120/159]  eta: 0:00:41  lr: 0.000089  min_lr: 0.000089  loss: 1.0000 (0.9998)  weight_decay: 0.0500 (0.0500)  grad_norm: 0.0059 (0.0063)  time: 0.5758  data: 0.0002  max mem: 30401
Epoch: [29]  [130/159]  eta: 0:00:29  lr: 0.000089  min_lr: 0.000089  loss: 0.9999 (0.9998)  weight_decay: 0.0500 (0.0500)  grad_norm: 0.0067 (0.0064)  time: 0.5740  data: 0.0002  max mem: 30401
Epoch: [29]  [140/159]  eta: 0:00:18  lr: 0.000088  min_lr: 0.000088  loss: 0.9999 (0.9998)  weight_decay: 0.0500 (0.0500)  grad_norm: 0.0067 (0.0065)  time: 0.5728  data: 0.0001  max mem: 30401
Epoch: [29]  [150/159]  eta: 0:00:08  lr: 0.000088  min_lr: 0.000088  loss: 1.0000 (0.9998)  weight_decay: 0.0500 (0.0500)  grad_norm: 0.0069 (0.0065)  time: 0.5706  data: 0.0001  max mem: 30401
Epoch: [29]  [158/159]  eta: 0:00:00  lr: 0.000088  min_lr: 0.000088  loss: 1.0000 (0.9998)  weight_decay: 0.0500 (0.0500)  grad_norm: 0.0065 (0.0065)  time: 0.5718  data: 0.0001  max mem: 30401
Epoch: [29] Total time: 0:02:31 (0.9505 s / it)
Averaged stats: lr: 0.000088  min_lr: 0.000088  loss: 1.0000 (0.9999)  weight_decay: 0.0500 (0.0500)  grad_norm: 0.0065 (0.0065)
Epoch: [30]  [  0/159]  eta: 2:19:22  lr: 0.000088  min_lr: 0.000088  loss: 0.9994 (0.9994)  weight_decay: 0.0500 (0.0500)  grad_norm: 0.0056 (0.0056)  time: 52.5942  data: 51.3093  max mem: 30401
Epoch: [30]  [ 10/159]  eta: 0:14:12  lr: 0.000088  min_lr: 0.000088  loss: 0.9999 (0.9998)  weight_decay: 0.0500 (0.0500)  grad_norm: 0.0051 (0.0047)  time: 5.7219  data: 4.6650  max mem: 30401
Epoch: [30]  [ 20/159]  eta: 0:07:49  lr: 0.000088  min_lr: 0.000088  loss: 0.9999 (0.9997)  weight_decay: 0.0500 (0.0500)  grad_norm: 0.0053 (0.0068)  time: 0.9184  data: 0.0010  max mem: 30401
Epoch: [30]  [ 30/159]  eta: 0:05:19  lr: 0.000088  min_lr: 0.000088  loss: 0.9999 (0.9998)  weight_decay: 0.0500 (0.0500)  grad_norm: 0.0070 (0.0071)  time: 0.6967  data: 0.0008  max mem: 30401
Epoch: [30]  [ 40/159]  eta: 0:03:59  lr: 0.000088  min_lr: 0.000088  loss: 1.0000 (0.9998)  weight_decay: 0.0500 (0.0500)  grad_norm: 0.0076 (0.0075)  time: 0.5854  data: 0.0001  max mem: 30401
Epoch: [30]  [ 50/159]  eta: 0:03:08  lr: 0.000088  min_lr: 0.000088  loss: 1.0000 (0.9998)  weight_decay: 0.0500 (0.0500)  grad_norm: 0.0049 (0.0079)  time: 0.5767  data: 0.0001  max mem: 30401
Epoch: [30]  [ 60/159]  eta: 0:02:32  lr: 0.000088  min_lr: 0.000088  loss: 1.0000 (0.9998)  weight_decay: 0.0500 (0.0500)  grad_norm: 0.0049 (0.0078)  time: 0.5731  data: 0.0001  max mem: 30401
Epoch: [30]  [ 70/159]  eta: 0:02:05  lr: 0.000088  min_lr: 0.000088  loss: 1.0000 (0.9998)  weight_decay: 0.0500 (0.0500)  grad_norm: 0.0067 (0.0079)  time: 0.5733  data: 0.0001  max mem: 30401
Epoch: [30]  [ 80/159]  eta: 0:01:42  lr: 0.000088  min_lr: 0.000088  loss: 0.9999 (0.9998)  weight_decay: 0.0500 (0.0500)  grad_norm: 0.0070 (0.0082)  time: 0.5728  data: 0.0001  max mem: 30401
Epoch: [30]  [ 90/159]  eta: 0:01:24  lr: 0.000088  min_lr: 0.000088  loss: 0.9999 (0.9998)  weight_decay: 0.0500 (0.0500)  grad_norm: 0.0080 (0.0082)  time: 0.5711  data: 0.0001  max mem: 30401
Epoch: [30]  [100/159]  eta: 0:01:08  lr: 0.000088  min_lr: 0.000088  loss: 0.9999 (0.9998)  weight_decay: 0.0500 (0.0500)  grad_norm: 0.0070 (0.0083)  time: 0.5723  data: 0.0001  max mem: 30401
Epoch: [30]  [110/159]  eta: 0:00:54  lr: 0.000088  min_lr: 0.000088  loss: 1.0000 (0.9998)  weight_decay: 0.0500 (0.0500)  grad_norm: 0.0050 (0.0081)  time: 0.5801  data: 0.0001  max mem: 30401
Epoch: [30]  [120/159]  eta: 0:00:41  lr: 0.000087  min_lr: 0.000087  loss: 1.0000 (0.9998)  weight_decay: 0.0500 (0.0500)  grad_norm: 0.0046 (0.0079)  time: 0.5811  data: 0.0002  max mem: 30401
Epoch: [30]  [130/159]  eta: 0:00:29  lr: 0.000087  min_lr: 0.000087  loss: 1.0000 (0.9998)  weight_decay: 0.0500 (0.0500)  grad_norm: 0.0054 (0.0079)  time: 0.5754  data: 0.0001  max mem: 30401
Epoch: [30]  [140/159]  eta: 0:00:18  lr: 0.000087  min_lr: 0.000087  loss: 1.0000 (0.9998)  weight_decay: 0.0500 (0.0500)  grad_norm: 0.0062 (0.0077)  time: 0.5733  data: 0.0001  max mem: 30401
Epoch: [30]  [150/159]  eta: 0:00:08  lr: 0.000087  min_lr: 0.000087  loss: 1.0000 (0.9998)  weight_decay: 0.0500 (0.0500)  grad_norm: 0.0041 (0.0075)  time: 0.5860  data: 0.0001  max mem: 30401
Epoch: [30]  [158/159]  eta: 0:00:00  lr: 0.000087  min_lr: 0.000087  loss: 0.9999 (0.9998)  weight_decay: 0.0500 (0.0500)  grad_norm: 0.0041 (0.0075)  time: 0.6094  data: 0.0001  max mem: 30401
Epoch: [30] Total time: 0:02:32 (0.9607 s / it)
Averaged stats: lr: 0.000087  min_lr: 0.000087  loss: 0.9999 (0.9998)  weight_decay: 0.0500 (0.0500)  grad_norm: 0.0041 (0.0075)
[Eval]   [0/2]  eta: 0:00:14  loss: 0.9999 (0.9999)  time: 7.2777  data: 7.1140  max mem: 30401
[Eval]   [1/2]  eta: 0:00:03  loss: 0.9999 (0.9999)  time: 3.6902  data: 3.5571  max mem: 30401
[Eval]  Total time: 0:00:07 (3.9418 s / it)
Eval averaged stats: loss: 0.9999 (0.9999)
Logged 9 eval images
Epoch: [31]  [  0/159]  eta: 1:49:58  lr: 0.000087  min_lr: 0.000087  loss: 0.9997 (0.9997)  weight_decay: 0.0500 (0.0500)  grad_norm: 0.0037 (0.0037)  time: 41.4976  data: 40.4999  max mem: 30401
Epoch: [31]  [ 10/159]  eta: 0:11:13  lr: 0.000087  min_lr: 0.000087  loss: 0.9998 (0.9998)  weight_decay: 0.0500 (0.0500)  grad_norm: 0.0054 (0.0063)  time: 4.5168  data: 3.7261  max mem: 30401
Epoch: [31]  [ 20/159]  eta: 0:06:09  lr: 0.000087  min_lr: 0.000087  loss: 0.9999 (0.9998)  weight_decay: 0.0500 (0.0500)  grad_norm: 0.0063 (0.0065)  time: 0.7149  data: 0.0244  max mem: 30401
Epoch: [31]  [ 30/159]  eta: 0:04:16  lr: 0.000087  min_lr: 0.000087  loss: 1.0000 (0.9998)  weight_decay: 0.0500 (0.0500)  grad_norm: 0.0063 (0.0067)  time: 0.6033  data: 0.0002  max mem: 30401
Epoch: [31]  [ 40/159]  eta: 0:03:16  lr: 0.000087  min_lr: 0.000087  loss: 1.0000 (0.9998)  weight_decay: 0.0500 (0.0500)  grad_norm: 0.0063 (0.0074)  time: 0.5937  data: 0.0001  max mem: 30401
Epoch: [31]  [ 50/159]  eta: 0:02:37  lr: 0.000087  min_lr: 0.000087  loss: 0.9999 (0.9999)  weight_decay: 0.0500 (0.0500)  grad_norm: 0.0086 (0.0104)  time: 0.5881  data: 0.0001  max mem: 30401
Epoch: [31]  [ 60/159]  eta: 0:02:08  lr: 0.000087  min_lr: 0.000087  loss: 1.0000 (0.9999)  weight_decay: 0.0500 (0.0500)  grad_norm: 0.0090 (0.0104)  time: 0.5788  data: 0.0001  max mem: 30401
Epoch: [31]  [ 70/159]  eta: 0:01:46  lr: 0.000087  min_lr: 0.000087  loss: 1.0000 (0.9999)  weight_decay: 0.0500 (0.0500)  grad_norm: 0.0086 (0.0104)  time: 0.5735  data: 0.0001  max mem: 30401
Epoch: [31]  [ 80/159]  eta: 0:01:28  lr: 0.000087  min_lr: 0.000087  loss: 1.0000 (0.9999)  weight_decay: 0.0500 (0.0500)  grad_norm: 0.0069 (0.0100)  time: 0.5733  data: 0.0001  max mem: 30401
Epoch: [31]  [ 90/159]  eta: 0:01:13  lr: 0.000086  min_lr: 0.000086  loss: 0.9999 (0.9999)  weight_decay: 0.0500 (0.0500)  grad_norm: 0.0062 (0.0096)  time: 0.5722  data: 0.0001  max mem: 30401
Epoch: [31]  [100/159]  eta: 0:00:59  lr: 0.000086  min_lr: 0.000086  loss: 0.9999 (0.9999)  weight_decay: 0.0500 (0.0500)  grad_norm: 0.0058 (0.0092)  time: 0.5719  data: 0.0002  max mem: 30401
Epoch: [31]  [110/159]  eta: 0:00:47  lr: 0.000086  min_lr: 0.000086  loss: 1.0000 (0.9999)  weight_decay: 0.0500 (0.0500)  grad_norm: 0.0058 (0.0090)  time: 0.5732  data: 0.0002  max mem: 30401
Epoch: [31]  [120/159]  eta: 0:00:36  lr: 0.000086  min_lr: 0.000086  loss: 1.0000 (0.9999)  weight_decay: 0.0500 (0.0500)  grad_norm: 0.0068 (0.0089)  time: 0.5724  data: 0.0002  max mem: 30401
Epoch: [31]  [130/159]  eta: 0:00:26  lr: 0.000086  min_lr: 0.000086  loss: 0.9999 (0.9998)  weight_decay: 0.0500 (0.0500)  grad_norm: 0.0071 (0.0088)  time: 0.5717  data: 0.0001  max mem: 30401
Epoch: [31]  [140/159]  eta: 0:00:16  lr: 0.000086  min_lr: 0.000086  loss: 1.0000 (0.9998)  weight_decay: 0.0500 (0.0500)  grad_norm: 0.0059 (0.0086)  time: 0.5725  data: 0.0001  max mem: 30401
Epoch: [31]  [150/159]  eta: 0:00:07  lr: 0.000086  min_lr: 0.000086  loss: 1.0000 (0.9998)  weight_decay: 0.0500 (0.0500)  grad_norm: 0.0050 (0.0084)  time: 0.5738  data: 0.0001  max mem: 30401
Epoch: [31]  [158/159]  eta: 0:00:00  lr: 0.000086  min_lr: 0.000086  loss: 0.9998 (0.9998)  weight_decay: 0.0500 (0.0500)  grad_norm: 0.0041 (0.0082)  time: 0.5735  data: 0.0001  max mem: 30401
Epoch: [31] Total time: 0:02:16 (0.8598 s / it)
Averaged stats: lr: 0.000086  min_lr: 0.000086  loss: 0.9998 (0.9998)  weight_decay: 0.0500 (0.0500)  grad_norm: 0.0041 (0.0082)
Epoch: [32]  [  0/159]  eta: 2:09:56  lr: 0.000086  min_lr: 0.000086  loss: 0.9993 (0.9993)  weight_decay: 0.0500 (0.0500)  grad_norm: 0.0123 (0.0123)  time: 49.0347  data: 43.5092  max mem: 30401
Epoch: [32]  [ 10/159]  eta: 0:13:27  lr: 0.000086  min_lr: 0.000086  loss: 0.9998 (0.9998)  weight_decay: 0.0500 (0.0500)  grad_norm: 0.0102 (0.0111)  time: 5.4215  data: 3.9557  max mem: 30401
Epoch: [32]  [ 20/159]  eta: 0:07:34  lr: 0.000086  min_lr: 0.000086  loss: 0.9998 (0.9997)  weight_decay: 0.0500 (0.0500)  grad_norm: 0.0074 (0.0130)  time: 0.9795  data: 0.0004  max mem: 30401
Epoch: [32]  [ 30/159]  eta: 0:05:10  lr: 0.000086  min_lr: 0.000086  loss: 0.9999 (0.9998)  weight_decay: 0.0500 (0.0500)  grad_norm: 0.0061 (0.0110)  time: 0.7491  data: 0.0003  max mem: 30401
Epoch: [32]  [ 40/159]  eta: 0:03:53  lr: 0.000086  min_lr: 0.000086  loss: 1.0000 (0.9998)  weight_decay: 0.0500 (0.0500)  grad_norm: 0.0048 (0.0096)  time: 0.5900  data: 0.0002  max mem: 30401
Epoch: [32]  [ 50/159]  eta: 0:03:04  lr: 0.000086  min_lr: 0.000086  loss: 1.0000 (0.9998)  weight_decay: 0.0500 (0.0500)  grad_norm: 0.0056 (0.0094)  time: 0.5800  data: 0.0002  max mem: 30401
Epoch: [32]  [ 60/159]  eta: 0:02:29  lr: 0.000086  min_lr: 0.000086  loss: 1.0000 (0.9998)  weight_decay: 0.0500 (0.0500)  grad_norm: 0.0098 (0.0093)  time: 0.5782  data: 0.0001  max mem: 30401
Epoch: [32]  [ 70/159]  eta: 0:02:02  lr: 0.000085  min_lr: 0.000085  loss: 1.0000 (0.9998)  weight_decay: 0.0500 (0.0500)  grad_norm: 0.0083 (0.0093)  time: 0.5777  data: 0.0001  max mem: 30401
Epoch: [32]  [ 80/159]  eta: 0:01:40  lr: 0.000085  min_lr: 0.000085  loss: 0.9999 (0.9998)  weight_decay: 0.0500 (0.0500)  grad_norm: 0.0070 (0.0089)  time: 0.5767  data: 0.0001  max mem: 30401
Epoch: [32]  [ 90/159]  eta: 0:01:22  lr: 0.000085  min_lr: 0.000085  loss: 0.9999 (0.9998)  weight_decay: 0.0500 (0.0500)  grad_norm: 0.0061 (0.0087)  time: 0.5745  data: 0.0001  max mem: 30401
Epoch: [32]  [100/159]  eta: 0:01:07  lr: 0.000085  min_lr: 0.000085  loss: 1.0000 (0.9998)  weight_decay: 0.0500 (0.0500)  grad_norm: 0.0072 (0.0090)  time: 0.5749  data: 0.0001  max mem: 30401
Epoch: [32]  [110/159]  eta: 0:00:53  lr: 0.000085  min_lr: 0.000085  loss: 1.0000 (0.9998)  weight_decay: 0.0500 (0.0500)  grad_norm: 0.0097 (0.0091)  time: 0.5756  data: 0.0002  max mem: 30401
Epoch: [32]  [120/159]  eta: 0:00:40  lr: 0.000085  min_lr: 0.000085  loss: 1.0000 (0.9998)  weight_decay: 0.0500 (0.0500)  grad_norm: 0.0087 (0.0090)  time: 0.5750  data: 0.0002  max mem: 30401
Epoch: [32]  [130/159]  eta: 0:00:29  lr: 0.000085  min_lr: 0.000085  loss: 1.0000 (0.9998)  weight_decay: 0.0500 (0.0500)  grad_norm: 0.0081 (0.0091)  time: 0.5740  data: 0.0001  max mem: 30401
Epoch: [32]  [140/159]  eta: 0:00:18  lr: 0.000085  min_lr: 0.000085  loss: 1.0000 (0.9998)  weight_decay: 0.0500 (0.0500)  grad_norm: 0.0077 (0.0089)  time: 0.5741  data: 0.0001  max mem: 30401
Epoch: [32]  [150/159]  eta: 0:00:08  lr: 0.000085  min_lr: 0.000085  loss: 0.9999 (0.9998)  weight_decay: 0.0500 (0.0500)  grad_norm: 0.0077 (0.0090)  time: 0.5755  data: 0.0001  max mem: 30401
Epoch: [32]  [158/159]  eta: 0:00:00  lr: 0.000085  min_lr: 0.000085  loss: 0.9999 (0.9998)  weight_decay: 0.0500 (0.0500)  grad_norm: 0.0085 (0.0091)  time: 0.5754  data: 0.0001  max mem: 30401
Epoch: [32] Total time: 0:02:29 (0.9419 s / it)
Averaged stats: lr: 0.000085  min_lr: 0.000085  loss: 0.9999 (0.9998)  weight_decay: 0.0500 (0.0500)  grad_norm: 0.0085 (0.0091)
Epoch: [33]  [  0/159]  eta: 2:21:43  lr: 0.000085  min_lr: 0.000085  loss: 0.9996 (0.9996)  weight_decay: 0.0500 (0.0500)  grad_norm: 0.0098 (0.0098)  time: 53.4791  data: 50.5447  max mem: 30401
Epoch: [33]  [ 10/159]  eta: 0:15:23  lr: 0.000085  min_lr: 0.000085  loss: 0.9999 (0.9998)  weight_decay: 0.0500 (0.0500)  grad_norm: 0.0079 (0.0104)  time: 6.1984  data: 4.6544  max mem: 30401
Epoch: [33]  [ 20/159]  eta: 0:08:18  lr: 0.000085  min_lr: 0.000085  loss: 0.9998 (0.9998)  weight_decay: 0.0500 (0.0500)  grad_norm: 0.0071 (0.0097)  time: 1.0909  data: 0.0328  max mem: 30401
Epoch: [33]  [ 30/159]  eta: 0:05:44  lr: 0.000084  min_lr: 0.000084  loss: 0.9999 (0.9998)  weight_decay: 0.0500 (0.0500)  grad_norm: 0.0068 (0.0089)  time: 0.7274  data: 0.0002  max mem: 30401
Epoch: [33]  [ 40/159]  eta: 0:04:17  lr: 0.000084  min_lr: 0.000084  loss: 0.9999 (0.9998)  weight_decay: 0.0500 (0.0500)  grad_norm: 0.0072 (0.0085)  time: 0.6780  data: 0.0002  max mem: 30401
Epoch: [33]  [ 50/159]  eta: 0:03:22  lr: 0.000084  min_lr: 0.000084  loss: 1.0000 (0.9998)  weight_decay: 0.0500 (0.0500)  grad_norm: 0.0065 (0.0084)  time: 0.5957  data: 0.0001  max mem: 30401
Epoch: [33]  [ 60/159]  eta: 0:02:42  lr: 0.000084  min_lr: 0.000084  loss: 1.0000 (0.9998)  weight_decay: 0.0500 (0.0500)  grad_norm: 0.0070 (0.0084)  time: 0.5771  data: 0.0001  max mem: 30401
Epoch: [33]  [ 70/159]  eta: 0:02:13  lr: 0.000084  min_lr: 0.000084  loss: 1.0000 (0.9998)  weight_decay: 0.0500 (0.0500)  grad_norm: 0.0070 (0.0083)  time: 0.5751  data: 0.0001  max mem: 30401
Epoch: [33]  [ 80/159]  eta: 0:01:49  lr: 0.000084  min_lr: 0.000084  loss: 0.9999 (0.9998)  weight_decay: 0.0500 (0.0500)  grad_norm: 0.0067 (0.0082)  time: 0.5761  data: 0.0001  max mem: 30401
Epoch: [33]  [ 90/159]  eta: 0:01:29  lr: 0.000084  min_lr: 0.000084  loss: 0.9998 (0.9998)  weight_decay: 0.0500 (0.0500)  grad_norm: 0.0061 (0.0083)  time: 0.5758  data: 0.0002  max mem: 30401
Epoch: [33]  [100/159]  eta: 0:01:12  lr: 0.000084  min_lr: 0.000084  loss: 0.9999 (0.9998)  weight_decay: 0.0500 (0.0500)  grad_norm: 0.0090 (0.0086)  time: 0.5749  data: 0.0002  max mem: 30401
Epoch: [33]  [110/159]  eta: 0:00:57  lr: 0.000084  min_lr: 0.000084  loss: 1.0000 (0.9998)  weight_decay: 0.0500 (0.0500)  grad_norm: 0.0117 (0.0089)  time: 0.5790  data: 0.0002  max mem: 30401
Epoch: [33]  [120/159]  eta: 0:00:43  lr: 0.000084  min_lr: 0.000084  loss: 1.0000 (0.9998)  weight_decay: 0.0500 (0.0500)  grad_norm: 0.0087 (0.0089)  time: 0.5827  data: 0.0002  max mem: 30401
Epoch: [33]  [130/159]  eta: 0:00:31  lr: 0.000084  min_lr: 0.000084  loss: 0.9999 (0.9998)  weight_decay: 0.0500 (0.0500)  grad_norm: 0.0087 (0.0090)  time: 0.5799  data: 0.0002  max mem: 30401
Epoch: [33]  [140/159]  eta: 0:00:19  lr: 0.000084  min_lr: 0.000084  loss: 0.9999 (0.9998)  weight_decay: 0.0500 (0.0500)  grad_norm: 0.0082 (0.0091)  time: 0.5764  data: 0.0001  max mem: 30401
Epoch: [33]  [150/159]  eta: 0:00:09  lr: 0.000084  min_lr: 0.000084  loss: 1.0000 (0.9998)  weight_decay: 0.0500 (0.0500)  grad_norm: 0.0079 (0.0090)  time: 0.5755  data: 0.0001  max mem: 30401
Epoch: [33]  [158/159]  eta: 0:00:00  lr: 0.000083  min_lr: 0.000083  loss: 1.0000 (0.9998)  weight_decay: 0.0500 (0.0500)  grad_norm: 0.0072 (0.0090)  time: 0.5753  data: 0.0001  max mem: 30401
Epoch: [33] Total time: 0:02:38 (0.9966 s / it)
Averaged stats: lr: 0.000083  min_lr: 0.000083  loss: 1.0000 (0.9998)  weight_decay: 0.0500 (0.0500)  grad_norm: 0.0072 (0.0090)
Epoch: [34]  [  0/159]  eta: 2:19:35  lr: 0.000083  min_lr: 0.000083  loss: 0.9984 (0.9984)  weight_decay: 0.0500 (0.0500)  grad_norm: 0.0106 (0.0106)  time: 52.6741  data: 50.8985  max mem: 30401
Epoch: [34]  [ 10/159]  eta: 0:14:01  lr: 0.000083  min_lr: 0.000083  loss: 1.0000 (0.9997)  weight_decay: 0.0500 (0.0500)  grad_norm: 0.0099 (0.0096)  time: 5.6500  data: 4.6279  max mem: 30401
Epoch: [34]  [ 20/159]  eta: 0:07:43  lr: 0.000083  min_lr: 0.000083  loss: 1.0000 (0.9997)  weight_decay: 0.0500 (0.0500)  grad_norm: 0.0084 (0.0090)  time: 0.8645  data: 0.0006  max mem: 30401
Epoch: [34]  [ 30/159]  eta: 0:05:15  lr: 0.000083  min_lr: 0.000083  loss: 1.0000 (0.9997)  weight_decay: 0.0500 (0.0500)  grad_norm: 0.0069 (0.0089)  time: 0.6811  data: 0.0002  max mem: 30401
Epoch: [34]  [ 40/159]  eta: 0:03:56  lr: 0.000083  min_lr: 0.000083  loss: 1.0000 (0.9998)  weight_decay: 0.0500 (0.0500)  grad_norm: 0.0072 (0.0086)  time: 0.5799  data: 0.0002  max mem: 30401
Epoch: [34]  [ 50/159]  eta: 0:03:06  lr: 0.000083  min_lr: 0.000083  loss: 1.0000 (0.9998)  weight_decay: 0.0500 (0.0500)  grad_norm: 0.0080 (0.0088)  time: 0.5781  data: 0.0002  max mem: 30401
Epoch: [34]  [ 60/159]  eta: 0:02:31  lr: 0.000083  min_lr: 0.000083  loss: 1.0000 (0.9998)  weight_decay: 0.0500 (0.0500)  grad_norm: 0.0090 (0.0094)  time: 0.5814  data: 0.0002  max mem: 30401
Epoch: [34]  [ 70/159]  eta: 0:02:04  lr: 0.000083  min_lr: 0.000083  loss: 1.0000 (0.9998)  weight_decay: 0.0500 (0.0500)  grad_norm: 0.0099 (0.0093)  time: 0.6005  data: 0.0002  max mem: 30401
Epoch: [34]  [ 80/159]  eta: 0:01:42  lr: 0.000083  min_lr: 0.000083  loss: 1.0000 (0.9998)  weight_decay: 0.0500 (0.0500)  grad_norm: 0.0084 (0.0092)  time: 0.6053  data: 0.0001  max mem: 30401
Epoch: [34]  [ 90/159]  eta: 0:01:24  lr: 0.000083  min_lr: 0.000083  loss: 0.9998 (0.9998)  weight_decay: 0.0500 (0.0500)  grad_norm: 0.0077 (0.0090)  time: 0.5853  data: 0.0001  max mem: 30401
Epoch: [34]  [100/159]  eta: 0:01:08  lr: 0.000083  min_lr: 0.000083  loss: 0.9999 (0.9998)  weight_decay: 0.0500 (0.0500)  grad_norm: 0.0090 (0.0091)  time: 0.5752  data: 0.0001  max mem: 30401
Epoch: [34]  [110/159]  eta: 0:00:54  lr: 0.000083  min_lr: 0.000083  loss: 1.0000 (0.9998)  weight_decay: 0.0500 (0.0500)  grad_norm: 0.0089 (0.0092)  time: 0.5760  data: 0.0002  max mem: 30401
Epoch: [34]  [120/159]  eta: 0:00:41  lr: 0.000082  min_lr: 0.000082  loss: 1.0000 (0.9998)  weight_decay: 0.0500 (0.0500)  grad_norm: 0.0081 (0.0093)  time: 0.5801  data: 0.0002  max mem: 30401
Epoch: [34]  [130/159]  eta: 0:00:29  lr: 0.000082  min_lr: 0.000082  loss: 0.9997 (0.9998)  weight_decay: 0.0500 (0.0500)  grad_norm: 0.0109 (0.0095)  time: 0.5869  data: 0.0001  max mem: 30401
Epoch: [34]  [140/159]  eta: 0:00:18  lr: 0.000082  min_lr: 0.000082  loss: 0.9997 (0.9998)  weight_decay: 0.0500 (0.0500)  grad_norm: 0.0109 (0.0095)  time: 0.5844  data: 0.0002  max mem: 30401
Epoch: [34]  [150/159]  eta: 0:00:08  lr: 0.000082  min_lr: 0.000082  loss: 1.0000 (0.9998)  weight_decay: 0.0500 (0.0500)  grad_norm: 0.0093 (0.0095)  time: 0.5776  data: 0.0002  max mem: 30401
Epoch: [34]  [158/159]  eta: 0:00:00  lr: 0.000082  min_lr: 0.000082  loss: 1.0000 (0.9998)  weight_decay: 0.0500 (0.0500)  grad_norm: 0.0078 (0.0095)  time: 0.5755  data: 0.0002  max mem: 30401
Epoch: [34] Total time: 0:02:31 (0.9552 s / it)
Averaged stats: lr: 0.000082  min_lr: 0.000082  loss: 1.0000 (0.9998)  weight_decay: 0.0500 (0.0500)  grad_norm: 0.0078 (0.0095)
Epoch: [35]  [  0/159]  eta: 2:32:09  lr: 0.000082  min_lr: 0.000082  loss: 0.9995 (0.9995)  weight_decay: 0.0500 (0.0500)  grad_norm: 0.0138 (0.0138)  time: 57.4178  data: 47.0111  max mem: 30401
Epoch: [35]  [ 10/159]  eta: 0:15:31  lr: 0.000082  min_lr: 0.000082  loss: 0.9999 (0.9998)  weight_decay: 0.0500 (0.0500)  grad_norm: 0.0093 (0.0094)  time: 6.2509  data: 4.2751  max mem: 30401
Epoch: [35]  [ 20/159]  eta: 0:08:14  lr: 0.000082  min_lr: 0.000082  loss: 0.9999 (0.9997)  weight_decay: 0.0500 (0.0500)  grad_norm: 0.0080 (0.0090)  time: 0.8670  data: 0.0009  max mem: 30401
Epoch: [35]  [ 30/159]  eta: 0:05:35  lr: 0.000082  min_lr: 0.000082  loss: 1.0000 (0.9997)  weight_decay: 0.0500 (0.0500)  grad_norm: 0.0072 (0.0088)  time: 0.5898  data: 0.0002  max mem: 30401
Epoch: [35]  [ 40/159]  eta: 0:04:10  lr: 0.000082  min_lr: 0.000082  loss: 1.0000 (0.9998)  weight_decay: 0.0500 (0.0500)  grad_norm: 0.0078 (0.0090)  time: 0.5796  data: 0.0002  max mem: 30401
Epoch: [35]  [ 50/159]  eta: 0:03:16  lr: 0.000082  min_lr: 0.000082  loss: 1.0000 (0.9998)  weight_decay: 0.0500 (0.0500)  grad_norm: 0.0084 (0.0089)  time: 0.5778  data: 0.0002  max mem: 30401
Epoch: [35]  [ 60/159]  eta: 0:02:38  lr: 0.000082  min_lr: 0.000082  loss: 1.0000 (0.9998)  weight_decay: 0.0500 (0.0500)  grad_norm: 0.0072 (0.0089)  time: 0.5763  data: 0.0001  max mem: 30401
Epoch: [35]  [ 70/159]  eta: 0:02:10  lr: 0.000082  min_lr: 0.000082  loss: 1.0000 (0.9998)  weight_decay: 0.0500 (0.0500)  grad_norm: 0.0078 (0.0092)  time: 0.5823  data: 0.0002  max mem: 30401
Epoch: [35]  [ 80/159]  eta: 0:01:46  lr: 0.000081  min_lr: 0.000081  loss: 0.9998 (0.9998)  weight_decay: 0.0500 (0.0500)  grad_norm: 0.0082 (0.0095)  time: 0.5856  data: 0.0002  max mem: 30401
Epoch: [35]  [ 90/159]  eta: 0:01:27  lr: 0.000081  min_lr: 0.000081  loss: 0.9998 (0.9998)  weight_decay: 0.0500 (0.0500)  grad_norm: 0.0082 (0.0093)  time: 0.5818  data: 0.0002  max mem: 30401
Epoch: [35]  [100/159]  eta: 0:01:10  lr: 0.000081  min_lr: 0.000081  loss: 1.0000 (0.9998)  weight_decay: 0.0500 (0.0500)  grad_norm: 0.0091 (0.0095)  time: 0.5776  data: 0.0002  max mem: 30401
Epoch: [35]  [110/159]  eta: 0:00:56  lr: 0.000081  min_lr: 0.000081  loss: 1.0000 (0.9998)  weight_decay: 0.0500 (0.0500)  grad_norm: 0.0118 (0.0098)  time: 0.5739  data: 0.0002  max mem: 30401
Epoch: [35]  [120/159]  eta: 0:00:42  lr: 0.000081  min_lr: 0.000081  loss: 1.0000 (0.9998)  weight_decay: 0.0500 (0.0500)  grad_norm: 0.0097 (0.0102)  time: 0.5746  data: 0.0002  max mem: 30401
Epoch: [35]  [130/159]  eta: 0:00:30  lr: 0.000081  min_lr: 0.000081  loss: 1.0000 (0.9998)  weight_decay: 0.0500 (0.0500)  grad_norm: 0.0096 (0.0102)  time: 0.5743  data: 0.0001  max mem: 30401
Epoch: [35]  [140/159]  eta: 0:00:19  lr: 0.000081  min_lr: 0.000081  loss: 1.0000 (0.9998)  weight_decay: 0.0500 (0.0500)  grad_norm: 0.0097 (0.0103)  time: 0.5743  data: 0.0001  max mem: 30401
Epoch: [35]  [150/159]  eta: 0:00:08  lr: 0.000081  min_lr: 0.000081  loss: 1.0000 (0.9998)  weight_decay: 0.0500 (0.0500)  grad_norm: 0.0085 (0.0102)  time: 0.5808  data: 0.0001  max mem: 30401
Epoch: [35]  [158/159]  eta: 0:00:00  lr: 0.000081  min_lr: 0.000081  loss: 0.9999 (0.9998)  weight_decay: 0.0500 (0.0500)  grad_norm: 0.0080 (0.0102)  time: 0.5890  data: 0.0001  max mem: 30401
Epoch: [35] Total time: 0:02:36 (0.9829 s / it)
Averaged stats: lr: 0.000081  min_lr: 0.000081  loss: 0.9999 (0.9998)  weight_decay: 0.0500 (0.0500)  grad_norm: 0.0080 (0.0102)
Epoch: [36]  [  0/159]  eta: 2:18:04  lr: 0.000081  min_lr: 0.000081  loss: 0.9998 (0.9998)  weight_decay: 0.0500 (0.0500)  grad_norm: 0.0130 (0.0130)  time: 52.1058  data: 50.9938  max mem: 30401
Epoch: [36]  [ 10/159]  eta: 0:14:05  lr: 0.000081  min_lr: 0.000081  loss: 1.0000 (0.9999)  weight_decay: 0.0500 (0.0500)  grad_norm: 0.0116 (0.0112)  time: 5.6766  data: 4.6363  max mem: 30401
Epoch: [36]  [ 20/159]  eta: 0:07:47  lr: 0.000081  min_lr: 0.000081  loss: 0.9999 (0.9998)  weight_decay: 0.0500 (0.0500)  grad_norm: 0.0113 (0.0118)  time: 0.9294  data: 0.0004  max mem: 30401
Epoch: [36]  [ 30/159]  eta: 0:05:18  lr: 0.000081  min_lr: 0.000081  loss: 1.0000 (0.9998)  weight_decay: 0.0500 (0.0500)  grad_norm: 0.0115 (0.0124)  time: 0.7093  data: 0.0002  max mem: 30401
Epoch: [36]  [ 40/159]  eta: 0:04:02  lr: 0.000080  min_lr: 0.000080  loss: 1.0000 (0.9998)  weight_decay: 0.0500 (0.0500)  grad_norm: 0.0115 (0.0121)  time: 0.6392  data: 0.0001  max mem: 30401
Epoch: [36]  [ 50/159]  eta: 0:03:12  lr: 0.000080  min_lr: 0.000080  loss: 1.0000 (0.9998)  weight_decay: 0.0500 (0.0500)  grad_norm: 0.0096 (0.0120)  time: 0.6666  data: 0.0002  max mem: 30401
Epoch: [36]  [ 60/159]  eta: 0:02:35  lr: 0.000080  min_lr: 0.000080  loss: 1.0000 (0.9998)  weight_decay: 0.0500 (0.0500)  grad_norm: 0.0086 (0.0119)  time: 0.6305  data: 0.0002  max mem: 30401
Epoch: [36]  [ 70/159]  eta: 0:02:07  lr: 0.000080  min_lr: 0.000080  loss: 1.0000 (0.9998)  weight_decay: 0.0500 (0.0500)  grad_norm: 0.0086 (0.0114)  time: 0.5939  data: 0.0001  max mem: 30401
Epoch: [36]  [ 80/159]  eta: 0:01:45  lr: 0.000080  min_lr: 0.000080  loss: 1.0000 (0.9998)  weight_decay: 0.0500 (0.0500)  grad_norm: 0.0077 (0.0111)  time: 0.5803  data: 0.0001  max mem: 30401
Epoch: [36]  [ 90/159]  eta: 0:01:26  lr: 0.000080  min_lr: 0.000080  loss: 0.9997 (0.9998)  weight_decay: 0.0500 (0.0500)  grad_norm: 0.0072 (0.0109)  time: 0.5980  data: 0.0001  max mem: 30401
Epoch: [36]  [100/159]  eta: 0:01:09  lr: 0.000080  min_lr: 0.000080  loss: 0.9997 (0.9998)  weight_decay: 0.0500 (0.0500)  grad_norm: 0.0111 (0.0111)  time: 0.6017  data: 0.0001  max mem: 30401
Epoch: [36]  [110/159]  eta: 0:00:55  lr: 0.000080  min_lr: 0.000080  loss: 1.0000 (0.9998)  weight_decay: 0.0500 (0.0500)  grad_norm: 0.0113 (0.0111)  time: 0.5838  data: 0.0001  max mem: 30401
Epoch: [36]  [120/159]  eta: 0:00:42  lr: 0.000080  min_lr: 0.000080  loss: 1.0000 (0.9998)  weight_decay: 0.0500 (0.0500)  grad_norm: 0.0094 (0.0112)  time: 0.5760  data: 0.0001  max mem: 30401
Epoch: [36]  [130/159]  eta: 0:00:30  lr: 0.000080  min_lr: 0.000080  loss: 0.9999 (0.9998)  weight_decay: 0.0500 (0.0500)  grad_norm: 0.0142 (0.0117)  time: 0.5806  data: 0.0001  max mem: 30401
Epoch: [36]  [140/159]  eta: 0:00:19  lr: 0.000080  min_lr: 0.000080  loss: 0.9999 (0.9998)  weight_decay: 0.0500 (0.0500)  grad_norm: 0.0142 (0.0118)  time: 0.5938  data: 0.0001  max mem: 30401
Epoch: [36]  [150/159]  eta: 0:00:08  lr: 0.000079  min_lr: 0.000079  loss: 1.0000 (0.9998)  weight_decay: 0.0500 (0.0500)  grad_norm: 0.0117 (0.0117)  time: 0.5887  data: 0.0001  max mem: 30401
Epoch: [36]  [158/159]  eta: 0:00:00  lr: 0.000079  min_lr: 0.000079  loss: 1.0000 (0.9998)  weight_decay: 0.0500 (0.0500)  grad_norm: 0.0108 (0.0117)  time: 0.5757  data: 0.0001  max mem: 30401
Epoch: [36] Total time: 0:02:34 (0.9732 s / it)
Averaged stats: lr: 0.000079  min_lr: 0.000079  loss: 1.0000 (0.9998)  weight_decay: 0.0500 (0.0500)  grad_norm: 0.0108 (0.0117)
Epoch: [37]  [  0/159]  eta: 2:16:48  lr: 0.000079  min_lr: 0.000079  loss: 0.9997 (0.9997)  weight_decay: 0.0500 (0.0500)  grad_norm: 0.0164 (0.0164)  time: 51.6238  data: 50.0853  max mem: 30401
Epoch: [37]  [ 10/159]  eta: 0:14:32  lr: 0.000079  min_lr: 0.000079  loss: 0.9997 (0.9998)  weight_decay: 0.0500 (0.0500)  grad_norm: 0.0116 (0.0128)  time: 5.8567  data: 4.8253  max mem: 30401
Epoch: [37]  [ 20/159]  eta: 0:07:53  lr: 0.000079  min_lr: 0.000079  loss: 0.9998 (0.9997)  weight_decay: 0.0500 (0.0500)  grad_norm: 0.0105 (0.0124)  time: 0.9960  data: 0.1500  max mem: 30401
Epoch: [37]  [ 30/159]  eta: 0:05:22  lr: 0.000079  min_lr: 0.000079  loss: 1.0000 (0.9998)  weight_decay: 0.0500 (0.0500)  grad_norm: 0.0102 (0.0122)  time: 0.6515  data: 0.0004  max mem: 30401
Epoch: [37]  [ 40/159]  eta: 0:04:01  lr: 0.000079  min_lr: 0.000079  loss: 1.0000 (0.9998)  weight_decay: 0.0500 (0.0500)  grad_norm: 0.0103 (0.0129)  time: 0.5838  data: 0.0002  max mem: 30401
Epoch: [37]  [ 50/159]  eta: 0:03:10  lr: 0.000079  min_lr: 0.000079  loss: 0.9999 (0.9998)  weight_decay: 0.0500 (0.0500)  grad_norm: 0.0132 (0.0137)  time: 0.5773  data: 0.0002  max mem: 30401
Epoch: [37]  [ 60/159]  eta: 0:02:33  lr: 0.000079  min_lr: 0.000079  loss: 1.0000 (0.9998)  weight_decay: 0.0500 (0.0500)  grad_norm: 0.0132 (0.0135)  time: 0.5765  data: 0.0001  max mem: 30401
Epoch: [37]  [ 70/159]  eta: 0:02:05  lr: 0.000079  min_lr: 0.000079  loss: 1.0000 (0.9998)  weight_decay: 0.0500 (0.0500)  grad_norm: 0.0106 (0.0133)  time: 0.5756  data: 0.0001  max mem: 30401
Epoch: [37]  [ 80/159]  eta: 0:01:43  lr: 0.000079  min_lr: 0.000079  loss: 0.9997 (0.9998)  weight_decay: 0.0500 (0.0500)  grad_norm: 0.0106 (0.0132)  time: 0.5766  data: 0.0002  max mem: 30401
Epoch: [37]  [ 90/159]  eta: 0:01:24  lr: 0.000079  min_lr: 0.000079  loss: 0.9997 (0.9997)  weight_decay: 0.0500 (0.0500)  grad_norm: 0.0112 (0.0130)  time: 0.5759  data: 0.0002  max mem: 30401
Epoch: [37]  [100/159]  eta: 0:01:08  lr: 0.000078  min_lr: 0.000078  loss: 0.9999 (0.9997)  weight_decay: 0.0500 (0.0500)  grad_norm: 0.0127 (0.0134)  time: 0.5747  data: 0.0001  max mem: 30401
Epoch: [37]  [110/159]  eta: 0:00:54  lr: 0.000078  min_lr: 0.000078  loss: 1.0000 (0.9998)  weight_decay: 0.0500 (0.0500)  grad_norm: 0.0114 (0.0132)  time: 0.5747  data: 0.0001  max mem: 30401
Epoch: [37]  [120/159]  eta: 0:00:41  lr: 0.000078  min_lr: 0.000078  loss: 1.0000 (0.9998)  weight_decay: 0.0500 (0.0500)  grad_norm: 0.0101 (0.0130)  time: 0.5749  data: 0.0001  max mem: 30401
Epoch: [37]  [130/159]  eta: 0:00:29  lr: 0.000078  min_lr: 0.000078  loss: 0.9998 (0.9997)  weight_decay: 0.0500 (0.0500)  grad_norm: 0.0137 (0.0136)  time: 0.5758  data: 0.0001  max mem: 30401
Epoch: [37]  [140/159]  eta: 0:00:18  lr: 0.000078  min_lr: 0.000078  loss: 0.9999 (0.9998)  weight_decay: 0.0500 (0.0500)  grad_norm: 0.0150 (0.0137)  time: 0.5756  data: 0.0001  max mem: 30401
Epoch: [37]  [150/159]  eta: 0:00:08  lr: 0.000078  min_lr: 0.000078  loss: 0.9999 (0.9997)  weight_decay: 0.0500 (0.0500)  grad_norm: 0.0125 (0.0135)  time: 0.5735  data: 0.0001  max mem: 30401
Epoch: [37]  [158/159]  eta: 0:00:00  lr: 0.000078  min_lr: 0.000078  loss: 0.9997 (0.9997)  weight_decay: 0.0500 (0.0500)  grad_norm: 0.0106 (0.0134)  time: 0.5739  data: 0.0001  max mem: 30401
Epoch: [37] Total time: 0:02:32 (0.9593 s / it)
Averaged stats: lr: 0.000078  min_lr: 0.000078  loss: 0.9997 (0.9997)  weight_decay: 0.0500 (0.0500)  grad_norm: 0.0106 (0.0134)
Epoch: [38]  [  0/159]  eta: 2:21:22  lr: 0.000078  min_lr: 0.000078  loss: 0.9985 (0.9985)  weight_decay: 0.0500 (0.0500)  grad_norm: 0.0144 (0.0144)  time: 53.3466  data: 47.0829  max mem: 30401
Epoch: [38]  [ 10/159]  eta: 0:14:30  lr: 0.000078  min_lr: 0.000078  loss: 0.9997 (0.9996)  weight_decay: 0.0500 (0.0500)  grad_norm: 0.0132 (0.0125)  time: 5.8446  data: 4.2808  max mem: 30401
Epoch: [38]  [ 20/159]  eta: 0:07:54  lr: 0.000078  min_lr: 0.000078  loss: 0.9997 (0.9996)  weight_decay: 0.0500 (0.0500)  grad_norm: 0.0112 (0.0119)  time: 0.9149  data: 0.0005  max mem: 30401
Epoch: [38]  [ 30/159]  eta: 0:05:23  lr: 0.000078  min_lr: 0.000078  loss: 0.9999 (0.9996)  weight_decay: 0.0500 (0.0500)  grad_norm: 0.0101 (0.0118)  time: 0.6736  data: 0.0003  max mem: 30401
Epoch: [38]  [ 40/159]  eta: 0:04:02  lr: 0.000078  min_lr: 0.000078  loss: 1.0000 (0.9997)  weight_decay: 0.0500 (0.0500)  grad_norm: 0.0099 (0.0118)  time: 0.5995  data: 0.0002  max mem: 30401
Epoch: [38]  [ 50/159]  eta: 0:03:11  lr: 0.000078  min_lr: 0.000078  loss: 1.0000 (0.9997)  weight_decay: 0.0500 (0.0500)  grad_norm: 0.0118 (0.0120)  time: 0.5814  data: 0.0002  max mem: 30401
Epoch: [38]  [ 60/159]  eta: 0:02:34  lr: 0.000077  min_lr: 0.000077  loss: 1.0000 (0.9997)  weight_decay: 0.0500 (0.0500)  grad_norm: 0.0125 (0.0124)  time: 0.5768  data: 0.0002  max mem: 30401
Epoch: [38]  [ 70/159]  eta: 0:02:06  lr: 0.000077  min_lr: 0.000077  loss: 1.0000 (0.9997)  weight_decay: 0.0500 (0.0500)  grad_norm: 0.0103 (0.0122)  time: 0.5755  data: 0.0001  max mem: 30401
Epoch: [38]  [ 80/159]  eta: 0:01:44  lr: 0.000077  min_lr: 0.000077  loss: 1.0000 (0.9997)  weight_decay: 0.0500 (0.0500)  grad_norm: 0.0105 (0.0125)  time: 0.5734  data: 0.0001  max mem: 30401
Epoch: [38]  [ 90/159]  eta: 0:01:25  lr: 0.000077  min_lr: 0.000077  loss: 0.9995 (0.9997)  weight_decay: 0.0500 (0.0500)  grad_norm: 0.0135 (0.0126)  time: 0.5746  data: 0.0001  max mem: 30401
Epoch: [38]  [100/159]  eta: 0:01:09  lr: 0.000077  min_lr: 0.000077  loss: 0.9998 (0.9997)  weight_decay: 0.0500 (0.0500)  grad_norm: 0.0141 (0.0132)  time: 0.5742  data: 0.0001  max mem: 30401
Epoch: [38]  [110/159]  eta: 0:00:54  lr: 0.000077  min_lr: 0.000077  loss: 1.0000 (0.9997)  weight_decay: 0.0500 (0.0500)  grad_norm: 0.0141 (0.0135)  time: 0.5736  data: 0.0002  max mem: 30401
Epoch: [38]  [120/159]  eta: 0:00:41  lr: 0.000077  min_lr: 0.000077  loss: 1.0000 (0.9997)  weight_decay: 0.0500 (0.0500)  grad_norm: 0.0112 (0.0135)  time: 0.5744  data: 0.0002  max mem: 30401
Epoch: [38]  [130/159]  eta: 0:00:29  lr: 0.000077  min_lr: 0.000077  loss: 0.9998 (0.9997)  weight_decay: 0.0500 (0.0500)  grad_norm: 0.0126 (0.0135)  time: 0.5746  data: 0.0002  max mem: 30401
Epoch: [38]  [140/159]  eta: 0:00:19  lr: 0.000077  min_lr: 0.000077  loss: 1.0000 (0.9997)  weight_decay: 0.0500 (0.0500)  grad_norm: 0.0142 (0.0138)  time: 0.5738  data: 0.0001  max mem: 30401
Epoch: [38]  [150/159]  eta: 0:00:08  lr: 0.000077  min_lr: 0.000077  loss: 1.0000 (0.9997)  weight_decay: 0.0500 (0.0500)  grad_norm: 0.0120 (0.0137)  time: 0.5831  data: 0.0001  max mem: 30401
Epoch: [38]  [158/159]  eta: 0:00:00  lr: 0.000077  min_lr: 0.000077  loss: 0.9998 (0.9997)  weight_decay: 0.0500 (0.0500)  grad_norm: 0.0115 (0.0138)  time: 0.5897  data: 0.0001  max mem: 30401
Epoch: [38] Total time: 0:02:33 (0.9633 s / it)
Averaged stats: lr: 0.000077  min_lr: 0.000077  loss: 0.9998 (0.9997)  weight_decay: 0.0500 (0.0500)  grad_norm: 0.0115 (0.0138)
Epoch: [39]  [  0/159]  eta: 2:18:23  lr: 0.000076  min_lr: 0.000076  loss: 0.9993 (0.9993)  weight_decay: 0.0500 (0.0500)  grad_norm: 0.0238 (0.0238)  time: 52.2238  data: 46.6143  max mem: 30401
Epoch: [39]  [ 10/159]  eta: 0:14:12  lr: 0.000076  min_lr: 0.000076  loss: 1.0000 (0.9997)  weight_decay: 0.0500 (0.0500)  grad_norm: 0.0170 (0.0160)  time: 5.7242  data: 4.2383  max mem: 30401
Epoch: [39]  [ 20/159]  eta: 0:07:52  lr: 0.000076  min_lr: 0.000076  loss: 1.0000 (0.9998)  weight_decay: 0.0500 (0.0500)  grad_norm: 0.0124 (0.0140)  time: 0.9561  data: 0.0005  max mem: 30401
Epoch: [39]  [ 30/159]  eta: 0:05:25  lr: 0.000076  min_lr: 0.000076  loss: 1.0000 (0.9998)  weight_decay: 0.0500 (0.0500)  grad_norm: 0.0092 (0.0124)  time: 0.7583  data: 0.0002  max mem: 30401
Epoch: [39]  [ 40/159]  eta: 0:04:06  lr: 0.000076  min_lr: 0.000076  loss: 1.0000 (0.9997)  weight_decay: 0.0500 (0.0500)  grad_norm: 0.0105 (0.0131)  time: 0.6832  data: 0.0002  max mem: 30401
Epoch: [39]  [ 50/159]  eta: 0:03:15  lr: 0.000076  min_lr: 0.000076  loss: 1.0000 (0.9997)  weight_decay: 0.0500 (0.0500)  grad_norm: 0.0135 (0.0140)  time: 0.6776  data: 0.0002  max mem: 30401
Epoch: [39]  [ 60/159]  eta: 0:02:39  lr: 0.000076  min_lr: 0.000076  loss: 1.0000 (0.9997)  weight_decay: 0.0500 (0.0500)  grad_norm: 0.0130 (0.0136)  time: 0.6551  data: 0.0002  max mem: 30401
Epoch: [39]  [ 70/159]  eta: 0:02:10  lr: 0.000076  min_lr: 0.000076  loss: 1.0000 (0.9998)  weight_decay: 0.0500 (0.0500)  grad_norm: 0.0122 (0.0134)  time: 0.6327  data: 0.0002  max mem: 30401
Epoch: [39]  [ 80/159]  eta: 0:01:47  lr: 0.000076  min_lr: 0.000076  loss: 0.9997 (0.9997)  weight_decay: 0.0500 (0.0500)  grad_norm: 0.0124 (0.0136)  time: 0.6059  data: 0.0002  max mem: 30401
Epoch: [39]  [ 90/159]  eta: 0:01:27  lr: 0.000076  min_lr: 0.000076  loss: 0.9996 (0.9997)  weight_decay: 0.0500 (0.0500)  grad_norm: 0.0124 (0.0135)  time: 0.5842  data: 0.0002  max mem: 30401
Epoch: [39]  [100/159]  eta: 0:01:11  lr: 0.000076  min_lr: 0.000076  loss: 1.0000 (0.9997)  weight_decay: 0.0500 (0.0500)  grad_norm: 0.0124 (0.0139)  time: 0.5772  data: 0.0001  max mem: 30401
Epoch: [39]  [110/159]  eta: 0:00:56  lr: 0.000075  min_lr: 0.000075  loss: 1.0000 (0.9997)  weight_decay: 0.0500 (0.0500)  grad_norm: 0.0111 (0.0138)  time: 0.5753  data: 0.0001  max mem: 30401
Epoch: [39]  [120/159]  eta: 0:00:42  lr: 0.000075  min_lr: 0.000075  loss: 1.0000 (0.9997)  weight_decay: 0.0500 (0.0500)  grad_norm: 0.0109 (0.0137)  time: 0.5792  data: 0.0002  max mem: 30401
Epoch: [39]  [130/159]  eta: 0:00:30  lr: 0.000075  min_lr: 0.000075  loss: 1.0000 (0.9997)  weight_decay: 0.0500 (0.0500)  grad_norm: 0.0113 (0.0138)  time: 0.5792  data: 0.0002  max mem: 30401
Epoch: [39]  [140/159]  eta: 0:00:19  lr: 0.000075  min_lr: 0.000075  loss: 1.0000 (0.9997)  weight_decay: 0.0500 (0.0500)  grad_norm: 0.0148 (0.0142)  time: 0.5737  data: 0.0001  max mem: 30401
Epoch: [39]  [150/159]  eta: 0:00:08  lr: 0.000075  min_lr: 0.000075  loss: 1.0000 (0.9997)  weight_decay: 0.0500 (0.0500)  grad_norm: 0.0136 (0.0141)  time: 0.5720  data: 0.0001  max mem: 30401
Epoch: [39]  [158/159]  eta: 0:00:00  lr: 0.000075  min_lr: 0.000075  loss: 0.9999 (0.9997)  weight_decay: 0.0500 (0.0500)  grad_norm: 0.0132 (0.0142)  time: 0.5735  data: 0.0001  max mem: 30401
Epoch: [39] Total time: 0:02:36 (0.9844 s / it)
Averaged stats: lr: 0.000075  min_lr: 0.000075  loss: 0.9999 (0.9997)  weight_decay: 0.0500 (0.0500)  grad_norm: 0.0132 (0.0142)
Epoch: [40]  [  0/159]  eta: 2:27:05  lr: 0.000075  min_lr: 0.000075  loss: 0.9987 (0.9987)  weight_decay: 0.0500 (0.0500)  grad_norm: 0.0127 (0.0127)  time: 55.5060  data: 54.0449  max mem: 30401
Epoch: [40]  [ 10/159]  eta: 0:15:24  lr: 0.000075  min_lr: 0.000075  loss: 0.9999 (0.9995)  weight_decay: 0.0500 (0.0500)  grad_norm: 0.0105 (0.0114)  time: 6.2020  data: 4.9680  max mem: 30401
Epoch: [40]  [ 20/159]  eta: 0:08:14  lr: 0.000075  min_lr: 0.000075  loss: 0.9999 (0.9995)  weight_decay: 0.0500 (0.0500)  grad_norm: 0.0108 (0.0123)  time: 0.9618  data: 0.0303  max mem: 30401
Epoch: [40]  [ 30/159]  eta: 0:05:38  lr: 0.000075  min_lr: 0.000075  loss: 1.0000 (0.9995)  weight_decay: 0.0500 (0.0500)  grad_norm: 0.0147 (0.0140)  time: 0.6510  data: 0.0002  max mem: 30401
Epoch: [40]  [ 40/159]  eta: 0:04:14  lr: 0.000075  min_lr: 0.000075  loss: 1.0000 (0.9996)  weight_decay: 0.0500 (0.0500)  grad_norm: 0.0145 (0.0150)  time: 0.6408  data: 0.0002  max mem: 30401
Epoch: [40]  [ 50/159]  eta: 0:03:20  lr: 0.000075  min_lr: 0.000075  loss: 1.0000 (0.9996)  weight_decay: 0.0500 (0.0500)  grad_norm: 0.0132 (0.0147)  time: 0.6372  data: 0.0002  max mem: 30401
Epoch: [40]  [ 60/159]  eta: 0:02:42  lr: 0.000074  min_lr: 0.000074  loss: 1.0000 (0.9996)  weight_decay: 0.0500 (0.0500)  grad_norm: 0.0127 (0.0144)  time: 0.6402  data: 0.0002  max mem: 30401
Epoch: [40]  [ 70/159]  eta: 0:02:13  lr: 0.000074  min_lr: 0.000074  loss: 1.0000 (0.9996)  weight_decay: 0.0500 (0.0500)  grad_norm: 0.0118 (0.0142)  time: 0.6370  data: 0.0002  max mem: 30401
Epoch: [40]  [ 80/159]  eta: 0:01:50  lr: 0.000074  min_lr: 0.000074  loss: 0.9999 (0.9996)  weight_decay: 0.0500 (0.0500)  grad_norm: 0.0129 (0.0145)  time: 0.6392  data: 0.0002  max mem: 30401
Epoch: [40]  [ 90/159]  eta: 0:01:30  lr: 0.000074  min_lr: 0.000074  loss: 0.9998 (0.9996)  weight_decay: 0.0500 (0.0500)  grad_norm: 0.0126 (0.0145)  time: 0.6475  data: 0.0002  max mem: 30401
Epoch: [40]  [100/159]  eta: 0:01:13  lr: 0.000074  min_lr: 0.000074  loss: 0.9999 (0.9997)  weight_decay: 0.0500 (0.0500)  grad_norm: 0.0167 (0.0150)  time: 0.6460  data: 0.0002  max mem: 30401
Epoch: [40]  [110/159]  eta: 0:00:58  lr: 0.000074  min_lr: 0.000074  loss: 1.0000 (0.9997)  weight_decay: 0.0500 (0.0500)  grad_norm: 0.0167 (0.0151)  time: 0.6459  data: 0.0002  max mem: 30401
Epoch: [40]  [120/159]  eta: 0:00:44  lr: 0.000074  min_lr: 0.000074  loss: 1.0000 (0.9997)  weight_decay: 0.0500 (0.0500)  grad_norm: 0.0128 (0.0150)  time: 0.6483  data: 0.0002  max mem: 30401
Epoch: [40]  [130/159]  eta: 0:00:32  lr: 0.000074  min_lr: 0.000074  loss: 1.0000 (0.9997)  weight_decay: 0.0500 (0.0500)  grad_norm: 0.0128 (0.0149)  time: 0.6453  data: 0.0002  max mem: 30401
Epoch: [40]  [140/159]  eta: 0:00:20  lr: 0.000074  min_lr: 0.000074  loss: 1.0000 (0.9997)  weight_decay: 0.0500 (0.0500)  grad_norm: 0.0152 (0.0150)  time: 0.6432  data: 0.0002  max mem: 30401
Epoch: [40]  [150/159]  eta: 0:00:09  lr: 0.000074  min_lr: 0.000074  loss: 1.0000 (0.9997)  weight_decay: 0.0500 (0.0500)  grad_norm: 0.0143 (0.0149)  time: 0.6376  data: 0.0002  max mem: 30401
Epoch: [40]  [158/159]  eta: 0:00:01  lr: 0.000073  min_lr: 0.000073  loss: 1.0000 (0.9997)  weight_decay: 0.0500 (0.0500)  grad_norm: 0.0134 (0.0149)  time: 0.6421  data: 0.0002  max mem: 30401
Epoch: [40] Total time: 0:02:44 (1.0358 s / it)
Averaged stats: lr: 0.000073  min_lr: 0.000073  loss: 1.0000 (0.9997)  weight_decay: 0.0500 (0.0500)  grad_norm: 0.0134 (0.0149)
[Eval]   [0/2]  eta: 0:00:16  loss: 0.9999 (0.9999)  time: 8.0660  data: 7.9002  max mem: 30401
[Eval]   [1/2]  eta: 0:00:04  loss: 0.9999 (0.9999)  time: 4.0810  data: 3.9501  max mem: 30401
[Eval]  Total time: 0:00:08 (4.1975 s / it)
Eval averaged stats: loss: 0.9999 (1.0000)
Logged 9 eval images
Epoch: [41]  [  0/159]  eta: 1:49:04  lr: 0.000073  min_lr: 0.000073  loss: 0.9989 (0.9989)  weight_decay: 0.0500 (0.0500)  grad_norm: 0.0218 (0.0218)  time: 41.1583  data: 39.7558  max mem: 30401
Epoch: [41]  [ 10/159]  eta: 0:11:39  lr: 0.000073  min_lr: 0.000073  loss: 0.9991 (0.9993)  weight_decay: 0.0500 (0.0500)  grad_norm: 0.0124 (0.0182)  time: 4.6954  data: 3.6149  max mem: 30401
Epoch: [41]  [ 20/159]  eta: 0:06:26  lr: 0.000073  min_lr: 0.000073  loss: 0.9997 (0.9995)  weight_decay: 0.0500 (0.0500)  grad_norm: 0.0123 (0.0161)  time: 0.8653  data: 0.0007  max mem: 30401
Epoch: [41]  [ 30/159]  eta: 0:04:33  lr: 0.000073  min_lr: 0.000073  loss: 1.0000 (0.9996)  weight_decay: 0.0500 (0.0500)  grad_norm: 0.0113 (0.0149)  time: 0.6990  data: 0.0004  max mem: 30401
Epoch: [41]  [ 40/159]  eta: 0:03:29  lr: 0.000073  min_lr: 0.000073  loss: 1.0000 (0.9996)  weight_decay: 0.0500 (0.0500)  grad_norm: 0.0127 (0.0153)  time: 0.6855  data: 0.0002  max mem: 30401
Epoch: [41]  [ 50/159]  eta: 0:02:48  lr: 0.000073  min_lr: 0.000073  loss: 1.0000 (0.9997)  weight_decay: 0.0500 (0.0500)  grad_norm: 0.0128 (0.0153)  time: 0.6539  data: 0.0002  max mem: 30401
Epoch: [41]  [ 60/159]  eta: 0:02:18  lr: 0.000073  min_lr: 0.000073  loss: 1.0000 (0.9997)  weight_decay: 0.0500 (0.0500)  grad_norm: 0.0143 (0.0154)  time: 0.6487  data: 0.0001  max mem: 30401
Epoch: [41]  [ 70/159]  eta: 0:01:54  lr: 0.000073  min_lr: 0.000073  loss: 1.0000 (0.9997)  weight_decay: 0.0500 (0.0500)  grad_norm: 0.0156 (0.0155)  time: 0.6390  data: 0.0001  max mem: 30401
Epoch: [41]  [ 80/159]  eta: 0:01:35  lr: 0.000073  min_lr: 0.000073  loss: 1.0000 (0.9997)  weight_decay: 0.0500 (0.0500)  grad_norm: 0.0160 (0.0157)  time: 0.6535  data: 0.0002  max mem: 30401
Epoch: [41]  [ 90/159]  eta: 0:01:19  lr: 0.000073  min_lr: 0.000073  loss: 0.9994 (0.9997)  weight_decay: 0.0500 (0.0500)  grad_norm: 0.0130 (0.0154)  time: 0.6450  data: 0.0002  max mem: 30401
Epoch: [41]  [100/159]  eta: 0:01:04  lr: 0.000072  min_lr: 0.000072  loss: 0.9999 (0.9997)  weight_decay: 0.0500 (0.0500)  grad_norm: 0.0144 (0.0160)  time: 0.6032  data: 0.0001  max mem: 30401
Epoch: [41]  [110/159]  eta: 0:00:51  lr: 0.000072  min_lr: 0.000072  loss: 1.0000 (0.9997)  weight_decay: 0.0500 (0.0500)  grad_norm: 0.0206 (0.0162)  time: 0.5902  data: 0.0002  max mem: 30401
Epoch: [41]  [120/159]  eta: 0:00:39  lr: 0.000072  min_lr: 0.000072  loss: 1.0000 (0.9997)  weight_decay: 0.0500 (0.0500)  grad_norm: 0.0184 (0.0164)  time: 0.5897  data: 0.0002  max mem: 30401
Epoch: [41]  [130/159]  eta: 0:00:28  lr: 0.000072  min_lr: 0.000072  loss: 0.9998 (0.9997)  weight_decay: 0.0500 (0.0500)  grad_norm: 0.0176 (0.0165)  time: 0.6142  data: 0.0002  max mem: 30401
Epoch: [41]  [140/159]  eta: 0:00:18  lr: 0.000072  min_lr: 0.000072  loss: 1.0000 (0.9997)  weight_decay: 0.0500 (0.0500)  grad_norm: 0.0165 (0.0167)  time: 0.6641  data: 0.0002  max mem: 30401
Epoch: [41]  [150/159]  eta: 0:00:08  lr: 0.000072  min_lr: 0.000072  loss: 1.0000 (0.9997)  weight_decay: 0.0500 (0.0500)  grad_norm: 0.0188 (0.0170)  time: 0.6553  data: 0.0002  max mem: 30401
Epoch: [41]  [158/159]  eta: 0:00:00  lr: 0.000072  min_lr: 0.000072  loss: 1.0000 (0.9997)  weight_decay: 0.0500 (0.0500)  grad_norm: 0.0163 (0.0169)  time: 0.6249  data: 0.0002  max mem: 30401
Epoch: [41] Total time: 0:02:27 (0.9302 s / it)
Averaged stats: lr: 0.000072  min_lr: 0.000072  loss: 1.0000 (0.9996)  weight_decay: 0.0500 (0.0500)  grad_norm: 0.0163 (0.0169)
Epoch: [42]  [  0/159]  eta: 2:20:13  lr: 0.000072  min_lr: 0.000072  loss: 0.9995 (0.9995)  weight_decay: 0.0500 (0.0500)  grad_norm: 0.0685 (0.0685)  time: 52.9163  data: 51.7742  max mem: 30401
Epoch: [42]  [ 10/159]  eta: 0:14:17  lr: 0.000072  min_lr: 0.000072  loss: 0.9998 (0.9996)  weight_decay: 0.0500 (0.0500)  grad_norm: 0.0186 (0.0236)  time: 5.7519  data: 4.7080  max mem: 30401
Epoch: [42]  [ 20/159]  eta: 0:07:47  lr: 0.000072  min_lr: 0.000072  loss: 0.9998 (0.9995)  weight_decay: 0.0500 (0.0500)  grad_norm: 0.0184 (0.0208)  time: 0.8894  data: 0.0008  max mem: 30401
Epoch: [42]  [ 30/159]  eta: 0:05:18  lr: 0.000072  min_lr: 0.000072  loss: 1.0000 (0.9995)  weight_decay: 0.0500 (0.0500)  grad_norm: 0.0165 (0.0207)  time: 0.6667  data: 0.0002  max mem: 30401
Epoch: [42]  [ 40/159]  eta: 0:03:59  lr: 0.000072  min_lr: 0.000072  loss: 1.0000 (0.9996)  weight_decay: 0.0500 (0.0500)  grad_norm: 0.0165 (0.0198)  time: 0.5896  data: 0.0002  max mem: 30401
Epoch: [42]  [ 50/159]  eta: 0:03:08  lr: 0.000071  min_lr: 0.000071  loss: 1.0000 (0.9996)  weight_decay: 0.0500 (0.0500)  grad_norm: 0.0144 (0.0187)  time: 0.5890  data: 0.0002  max mem: 30401
Epoch: [42]  [ 60/159]  eta: 0:02:33  lr: 0.000071  min_lr: 0.000071  loss: 1.0000 (0.9997)  weight_decay: 0.0500 (0.0500)  grad_norm: 0.0149 (0.0190)  time: 0.5901  data: 0.0001  max mem: 30401
Epoch: [42]  [ 70/159]  eta: 0:02:05  lr: 0.000071  min_lr: 0.000071  loss: 1.0000 (0.9997)  weight_decay: 0.0500 (0.0500)  grad_norm: 0.0166 (0.0194)  time: 0.5900  data: 0.0001  max mem: 30401
Epoch: [42]  [ 80/159]  eta: 0:01:43  lr: 0.000071  min_lr: 0.000071  loss: 0.9996 (0.9997)  weight_decay: 0.0500 (0.0500)  grad_norm: 0.0150 (0.0189)  time: 0.5884  data: 0.0001  max mem: 30401
Epoch: [42]  [ 90/159]  eta: 0:01:24  lr: 0.000071  min_lr: 0.000071  loss: 0.9996 (0.9996)  weight_decay: 0.0500 (0.0500)  grad_norm: 0.0138 (0.0186)  time: 0.5892  data: 0.0001  max mem: 30401
Epoch: [42]  [100/159]  eta: 0:01:08  lr: 0.000071  min_lr: 0.000071  loss: 0.9998 (0.9996)  weight_decay: 0.0500 (0.0500)  grad_norm: 0.0154 (0.0188)  time: 0.5891  data: 0.0001  max mem: 30401
Epoch: [42]  [110/159]  eta: 0:00:54  lr: 0.000071  min_lr: 0.000071  loss: 1.0000 (0.9996)  weight_decay: 0.0500 (0.0500)  grad_norm: 0.0154 (0.0187)  time: 0.5875  data: 0.0002  max mem: 30401
Epoch: [42]  [120/159]  eta: 0:00:41  lr: 0.000071  min_lr: 0.000071  loss: 1.0000 (0.9996)  weight_decay: 0.0500 (0.0500)  grad_norm: 0.0147 (0.0191)  time: 0.5871  data: 0.0002  max mem: 30401
Epoch: [42]  [130/159]  eta: 0:00:29  lr: 0.000071  min_lr: 0.000071  loss: 0.9998 (0.9996)  weight_decay: 0.0500 (0.0500)  grad_norm: 0.0181 (0.0196)  time: 0.5872  data: 0.0001  max mem: 30401
Epoch: [42]  [140/159]  eta: 0:00:19  lr: 0.000071  min_lr: 0.000071  loss: 0.9999 (0.9996)  weight_decay: 0.0500 (0.0500)  grad_norm: 0.0191 (0.0199)  time: 0.5882  data: 0.0001  max mem: 30401
Epoch: [42]  [150/159]  eta: 0:00:08  lr: 0.000070  min_lr: 0.000070  loss: 1.0000 (0.9996)  weight_decay: 0.0500 (0.0500)  grad_norm: 0.0176 (0.0197)  time: 0.5879  data: 0.0001  max mem: 30401
Epoch: [42]  [158/159]  eta: 0:00:00  lr: 0.000070  min_lr: 0.000070  loss: 1.0000 (0.9996)  weight_decay: 0.0500 (0.0500)  grad_norm: 0.0173 (0.0197)  time: 0.5890  data: 0.0001  max mem: 30401
Epoch: [42] Total time: 0:02:33 (0.9642 s / it)
Averaged stats: lr: 0.000070  min_lr: 0.000070  loss: 1.0000 (0.9996)  weight_decay: 0.0500 (0.0500)  grad_norm: 0.0173 (0.0197)
Epoch: [43]  [  0/159]  eta: 2:17:18  lr: 0.000070  min_lr: 0.000070  loss: 0.9986 (0.9986)  weight_decay: 0.0500 (0.0500)  grad_norm: 0.0173 (0.0173)  time: 51.8174  data: 49.1869  max mem: 30401
Epoch: [43]  [ 10/159]  eta: 0:14:05  lr: 0.000070  min_lr: 0.000070  loss: 0.9997 (0.9994)  weight_decay: 0.0500 (0.0500)  grad_norm: 0.0157 (0.0170)  time: 5.6748  data: 4.4721  max mem: 30401
Epoch: [43]  [ 20/159]  eta: 0:07:51  lr: 0.000070  min_lr: 0.000070  loss: 0.9995 (0.9993)  weight_decay: 0.0500 (0.0500)  grad_norm: 0.0156 (0.0166)  time: 0.9690  data: 0.0004  max mem: 30401
Epoch: [43]  [ 30/159]  eta: 0:05:21  lr: 0.000070  min_lr: 0.000070  loss: 0.9998 (0.9994)  weight_decay: 0.0500 (0.0500)  grad_norm: 0.0164 (0.0170)  time: 0.7431  data: 0.0002  max mem: 30401
Epoch: [43]  [ 40/159]  eta: 0:04:01  lr: 0.000070  min_lr: 0.000070  loss: 1.0000 (0.9995)  weight_decay: 0.0500 (0.0500)  grad_norm: 0.0192 (0.0183)  time: 0.6026  data: 0.0002  max mem: 30401
Epoch: [43]  [ 50/159]  eta: 0:03:10  lr: 0.000070  min_lr: 0.000070  loss: 1.0000 (0.9995)  weight_decay: 0.0500 (0.0500)  grad_norm: 0.0182 (0.0183)  time: 0.5955  data: 0.0002  max mem: 30401
Epoch: [43]  [ 60/159]  eta: 0:02:34  lr: 0.000070  min_lr: 0.000070  loss: 1.0000 (0.9996)  weight_decay: 0.0500 (0.0500)  grad_norm: 0.0147 (0.0184)  time: 0.5922  data: 0.0001  max mem: 30401
Epoch: [43]  [ 70/159]  eta: 0:02:06  lr: 0.000070  min_lr: 0.000070  loss: 1.0000 (0.9996)  weight_decay: 0.0500 (0.0500)  grad_norm: 0.0157 (0.0189)  time: 0.5900  data: 0.0001  max mem: 30401
Epoch: [43]  [ 80/159]  eta: 0:01:44  lr: 0.000070  min_lr: 0.000070  loss: 0.9999 (0.9996)  weight_decay: 0.0500 (0.0500)  grad_norm: 0.0157 (0.0190)  time: 0.5903  data: 0.0001  max mem: 30401
Epoch: [43]  [ 90/159]  eta: 0:01:25  lr: 0.000069  min_lr: 0.000069  loss: 0.9995 (0.9996)  weight_decay: 0.0500 (0.0500)  grad_norm: 0.0162 (0.0191)  time: 0.5886  data: 0.0001  max mem: 30401
Epoch: [43]  [100/159]  eta: 0:01:09  lr: 0.000069  min_lr: 0.000069  loss: 0.9994 (0.9996)  weight_decay: 0.0500 (0.0500)  grad_norm: 0.0181 (0.0193)  time: 0.5872  data: 0.0001  max mem: 30401
Epoch: [43]  [110/159]  eta: 0:00:54  lr: 0.000069  min_lr: 0.000069  loss: 1.0000 (0.9996)  weight_decay: 0.0500 (0.0500)  grad_norm: 0.0181 (0.0190)  time: 0.5869  data: 0.0001  max mem: 30401
Epoch: [43]  [120/159]  eta: 0:00:42  lr: 0.000069  min_lr: 0.000069  loss: 1.0000 (0.9996)  weight_decay: 0.0500 (0.0500)  grad_norm: 0.0191 (0.0193)  time: 0.5878  data: 0.0001  max mem: 30401
Epoch: [43]  [130/159]  eta: 0:00:30  lr: 0.000069  min_lr: 0.000069  loss: 0.9999 (0.9996)  weight_decay: 0.0500 (0.0500)  grad_norm: 0.0204 (0.0194)  time: 0.5876  data: 0.0001  max mem: 30401
Epoch: [43]  [140/159]  eta: 0:00:19  lr: 0.000069  min_lr: 0.000069  loss: 0.9999 (0.9996)  weight_decay: 0.0500 (0.0500)  grad_norm: 0.0191 (0.0197)  time: 0.5857  data: 0.0001  max mem: 30401
Epoch: [43]  [150/159]  eta: 0:00:08  lr: 0.000069  min_lr: 0.000069  loss: 1.0000 (0.9996)  weight_decay: 0.0500 (0.0500)  grad_norm: 0.0164 (0.0194)  time: 0.5855  data: 0.0001  max mem: 30401
Epoch: [43]  [158/159]  eta: 0:00:00  lr: 0.000069  min_lr: 0.000069  loss: 1.0000 (0.9996)  weight_decay: 0.0500 (0.0500)  grad_norm: 0.0136 (0.0194)  time: 0.5871  data: 0.0001  max mem: 30401
Epoch: [43] Total time: 0:02:34 (0.9690 s / it)
Averaged stats: lr: 0.000069  min_lr: 0.000069  loss: 1.0000 (0.9996)  weight_decay: 0.0500 (0.0500)  grad_norm: 0.0136 (0.0194)
Epoch: [44]  [  0/159]  eta: 2:19:08  lr: 0.000069  min_lr: 0.000069  loss: 0.9984 (0.9984)  weight_decay: 0.0500 (0.0500)  grad_norm: 0.0324 (0.0324)  time: 52.5071  data: 51.1100  max mem: 30401
Epoch: [44]  [ 10/159]  eta: 0:14:34  lr: 0.000069  min_lr: 0.000069  loss: 0.9994 (0.9994)  weight_decay: 0.0500 (0.0500)  grad_norm: 0.0179 (0.0209)  time: 5.8723  data: 4.6468  max mem: 30401
Epoch: [44]  [ 20/159]  eta: 0:07:58  lr: 0.000069  min_lr: 0.000069  loss: 0.9994 (0.9993)  weight_decay: 0.0500 (0.0500)  grad_norm: 0.0179 (0.0256)  time: 0.9878  data: 0.0003  max mem: 30401
Epoch: [44]  [ 30/159]  eta: 0:05:25  lr: 0.000068  min_lr: 0.000068  loss: 0.9999 (0.9995)  weight_decay: 0.0500 (0.0500)  grad_norm: 0.0214 (0.0258)  time: 0.6866  data: 0.0002  max mem: 30401
Epoch: [44]  [ 40/159]  eta: 0:04:04  lr: 0.000068  min_lr: 0.000068  loss: 1.0000 (0.9995)  weight_decay: 0.0500 (0.0500)  grad_norm: 0.0213 (0.0239)  time: 0.6059  data: 0.0002  max mem: 30401
Epoch: [44]  [ 50/159]  eta: 0:03:12  lr: 0.000068  min_lr: 0.000068  loss: 0.9998 (0.9995)  weight_decay: 0.0500 (0.0500)  grad_norm: 0.0193 (0.0236)  time: 0.5958  data: 0.0001  max mem: 30401
Epoch: [44]  [ 60/159]  eta: 0:02:35  lr: 0.000068  min_lr: 0.000068  loss: 1.0000 (0.9996)  weight_decay: 0.0500 (0.0500)  grad_norm: 0.0225 (0.0234)  time: 0.5847  data: 0.0001  max mem: 30401
Epoch: [44]  [ 70/159]  eta: 0:02:07  lr: 0.000068  min_lr: 0.000068  loss: 1.0000 (0.9996)  weight_decay: 0.0500 (0.0500)  grad_norm: 0.0215 (0.0228)  time: 0.5844  data: 0.0001  max mem: 30401
Epoch: [44]  [ 80/159]  eta: 0:01:45  lr: 0.000068  min_lr: 0.000068  loss: 0.9999 (0.9996)  weight_decay: 0.0500 (0.0500)  grad_norm: 0.0159 (0.0227)  time: 0.5840  data: 0.0001  max mem: 30401
Epoch: [44]  [ 90/159]  eta: 0:01:26  lr: 0.000068  min_lr: 0.000068  loss: 0.9998 (0.9996)  weight_decay: 0.0500 (0.0500)  grad_norm: 0.0166 (0.0222)  time: 0.5833  data: 0.0001  max mem: 30401
Epoch: [44]  [100/159]  eta: 0:01:09  lr: 0.000068  min_lr: 0.000068  loss: 0.9998 (0.9996)  weight_decay: 0.0500 (0.0500)  grad_norm: 0.0206 (0.0221)  time: 0.5848  data: 0.0002  max mem: 30401
Epoch: [44]  [110/159]  eta: 0:00:55  lr: 0.000068  min_lr: 0.000068  loss: 1.0000 (0.9996)  weight_decay: 0.0500 (0.0500)  grad_norm: 0.0210 (0.0219)  time: 0.5840  data: 0.0002  max mem: 30401
Epoch: [44]  [120/159]  eta: 0:00:42  lr: 0.000068  min_lr: 0.000068  loss: 1.0000 (0.9996)  weight_decay: 0.0500 (0.0500)  grad_norm: 0.0181 (0.0218)  time: 0.5828  data: 0.0002  max mem: 30401
Epoch: [44]  [130/159]  eta: 0:00:30  lr: 0.000067  min_lr: 0.000067  loss: 0.9994 (0.9996)  weight_decay: 0.0500 (0.0500)  grad_norm: 0.0175 (0.0216)  time: 0.5830  data: 0.0001  max mem: 30401
Epoch: [44]  [140/159]  eta: 0:00:19  lr: 0.000067  min_lr: 0.000067  loss: 0.9994 (0.9996)  weight_decay: 0.0500 (0.0500)  grad_norm: 0.0196 (0.0214)  time: 0.5840  data: 0.0001  max mem: 30401
Epoch: [44]  [150/159]  eta: 0:00:08  lr: 0.000067  min_lr: 0.000067  loss: 1.0000 (0.9996)  weight_decay: 0.0500 (0.0500)  grad_norm: 0.0196 (0.0215)  time: 0.6143  data: 0.0002  max mem: 30401
Epoch: [44]  [158/159]  eta: 0:00:00  lr: 0.000067  min_lr: 0.000067  loss: 1.0000 (0.9996)  weight_decay: 0.0500 (0.0500)  grad_norm: 0.0218 (0.0215)  time: 0.6555  data: 0.0002  max mem: 30401
Epoch: [44] Total time: 0:02:36 (0.9815 s / it)
Averaged stats: lr: 0.000067  min_lr: 0.000067  loss: 1.0000 (0.9996)  weight_decay: 0.0500 (0.0500)  grad_norm: 0.0218 (0.0215)
Epoch: [45]  [  0/159]  eta: 2:24:49  lr: 0.000067  min_lr: 0.000067  loss: 0.9977 (0.9977)  weight_decay: 0.0500 (0.0500)  grad_norm: 0.0238 (0.0238)  time: 54.6480  data: 49.0727  max mem: 30401
Epoch: [45]  [ 10/159]  eta: 0:14:45  lr: 0.000067  min_lr: 0.000067  loss: 0.9997 (0.9993)  weight_decay: 0.0500 (0.0500)  grad_norm: 0.0206 (0.0219)  time: 5.9433  data: 4.4616  max mem: 30401
Epoch: [45]  [ 20/159]  eta: 0:07:59  lr: 0.000067  min_lr: 0.000067  loss: 0.9997 (0.9993)  weight_decay: 0.0500 (0.0500)  grad_norm: 0.0193 (0.0205)  time: 0.8876  data: 0.0003  max mem: 30401
Epoch: [45]  [ 30/159]  eta: 0:05:25  lr: 0.000067  min_lr: 0.000067  loss: 1.0000 (0.9995)  weight_decay: 0.0500 (0.0500)  grad_norm: 0.0177 (0.0198)  time: 0.6435  data: 0.0002  max mem: 30401
Epoch: [45]  [ 40/159]  eta: 0:04:04  lr: 0.000067  min_lr: 0.000067  loss: 1.0000 (0.9996)  weight_decay: 0.0500 (0.0500)  grad_norm: 0.0156 (0.0182)  time: 0.5837  data: 0.0001  max mem: 30401
Epoch: [45]  [ 50/159]  eta: 0:03:12  lr: 0.000067  min_lr: 0.000067  loss: 1.0000 (0.9996)  weight_decay: 0.0500 (0.0500)  grad_norm: 0.0137 (0.0181)  time: 0.5833  data: 0.0001  max mem: 30401
Epoch: [45]  [ 60/159]  eta: 0:02:35  lr: 0.000066  min_lr: 0.000066  loss: 0.9999 (0.9996)  weight_decay: 0.0500 (0.0500)  grad_norm: 0.0190 (0.0190)  time: 0.5824  data: 0.0001  max mem: 30401
Epoch: [45]  [ 70/159]  eta: 0:02:07  lr: 0.000066  min_lr: 0.000066  loss: 1.0000 (0.9996)  weight_decay: 0.0500 (0.0500)  grad_norm: 0.0224 (0.0198)  time: 0.5824  data: 0.0001  max mem: 30401
Epoch: [45]  [ 80/159]  eta: 0:01:44  lr: 0.000066  min_lr: 0.000066  loss: 1.0000 (0.9996)  weight_decay: 0.0500 (0.0500)  grad_norm: 0.0203 (0.0198)  time: 0.5829  data: 0.0001  max mem: 30401
Epoch: [45]  [ 90/159]  eta: 0:01:25  lr: 0.000066  min_lr: 0.000066  loss: 0.9998 (0.9996)  weight_decay: 0.0500 (0.0500)  grad_norm: 0.0190 (0.0202)  time: 0.5821  data: 0.0002  max mem: 30401
Epoch: [45]  [100/159]  eta: 0:01:09  lr: 0.000066  min_lr: 0.000066  loss: 0.9998 (0.9996)  weight_decay: 0.0500 (0.0500)  grad_norm: 0.0239 (0.0209)  time: 0.5821  data: 0.0001  max mem: 30401
Epoch: [45]  [110/159]  eta: 0:00:55  lr: 0.000066  min_lr: 0.000066  loss: 1.0000 (0.9996)  weight_decay: 0.0500 (0.0500)  grad_norm: 0.0239 (0.0209)  time: 0.5826  data: 0.0001  max mem: 30401
Epoch: [45]  [120/159]  eta: 0:00:42  lr: 0.000066  min_lr: 0.000066  loss: 1.0000 (0.9996)  weight_decay: 0.0500 (0.0500)  grad_norm: 0.0181 (0.0207)  time: 0.5834  data: 0.0002  max mem: 30401
Epoch: [45]  [130/159]  eta: 0:00:30  lr: 0.000066  min_lr: 0.000066  loss: 1.0000 (0.9996)  weight_decay: 0.0500 (0.0500)  grad_norm: 0.0223 (0.0213)  time: 0.5827  data: 0.0001  max mem: 30401
Epoch: [45]  [140/159]  eta: 0:00:19  lr: 0.000066  min_lr: 0.000066  loss: 1.0000 (0.9996)  weight_decay: 0.0500 (0.0500)  grad_norm: 0.0251 (0.0232)  time: 0.5815  data: 0.0001  max mem: 30401
Epoch: [45]  [150/159]  eta: 0:00:08  lr: 0.000066  min_lr: 0.000066  loss: 1.0000 (0.9996)  weight_decay: 0.0500 (0.0500)  grad_norm: 0.0247 (0.0232)  time: 0.5814  data: 0.0001  max mem: 30401
Epoch: [45]  [158/159]  eta: 0:00:00  lr: 0.000065  min_lr: 0.000065  loss: 0.9999 (0.9996)  weight_decay: 0.0500 (0.0500)  grad_norm: 0.0248 (0.0237)  time: 0.5836  data: 0.0001  max mem: 30401
Epoch: [45] Total time: 0:02:34 (0.9704 s / it)
Averaged stats: lr: 0.000065  min_lr: 0.000065  loss: 0.9999 (0.9996)  weight_decay: 0.0500 (0.0500)  grad_norm: 0.0248 (0.0237)
Epoch: [46]  [  0/159]  eta: 2:21:08  lr: 0.000065  min_lr: 0.000065  loss: 0.9993 (0.9993)  weight_decay: 0.0500 (0.0500)  grad_norm: 0.0239 (0.0239)  time: 53.2599  data: 52.1343  max mem: 30401
Epoch: [46]  [ 10/159]  eta: 0:14:17  lr: 0.000065  min_lr: 0.000065  loss: 0.9999 (0.9997)  weight_decay: 0.0500 (0.0500)  grad_norm: 0.0239 (0.0242)  time: 5.7570  data: 4.7398  max mem: 30401
Epoch: [46]  [ 20/159]  eta: 0:07:49  lr: 0.000065  min_lr: 0.000065  loss: 0.9998 (0.9995)  weight_decay: 0.0500 (0.0500)  grad_norm: 0.0237 (0.0234)  time: 0.8871  data: 0.0003  max mem: 30401
Epoch: [46]  [ 30/159]  eta: 0:05:19  lr: 0.000065  min_lr: 0.000065  loss: 1.0000 (0.9996)  weight_decay: 0.0500 (0.0500)  grad_norm: 0.0239 (0.0226)  time: 0.6762  data: 0.0002  max mem: 30401
Epoch: [46]  [ 40/159]  eta: 0:04:00  lr: 0.000065  min_lr: 0.000065  loss: 1.0000 (0.9996)  weight_decay: 0.0500 (0.0500)  grad_norm: 0.0186 (0.0214)  time: 0.5846  data: 0.0002  max mem: 30401
Epoch: [46]  [ 50/159]  eta: 0:03:09  lr: 0.000065  min_lr: 0.000065  loss: 1.0000 (0.9996)  weight_decay: 0.0500 (0.0500)  grad_norm: 0.0186 (0.0210)  time: 0.5840  data: 0.0001  max mem: 30401
Epoch: [46]  [ 60/159]  eta: 0:02:33  lr: 0.000065  min_lr: 0.000065  loss: 1.0000 (0.9996)  weight_decay: 0.0500 (0.0500)  grad_norm: 0.0189 (0.0217)  time: 0.5827  data: 0.0001  max mem: 30401
Epoch: [46]  [ 70/159]  eta: 0:02:05  lr: 0.000065  min_lr: 0.000065  loss: 1.0000 (0.9996)  weight_decay: 0.0500 (0.0500)  grad_norm: 0.0201 (0.0219)  time: 0.5813  data: 0.0001  max mem: 30401
Epoch: [46]  [ 80/159]  eta: 0:01:43  lr: 0.000065  min_lr: 0.000065  loss: 1.0000 (0.9996)  weight_decay: 0.0500 (0.0500)  grad_norm: 0.0201 (0.0216)  time: 0.5817  data: 0.0001  max mem: 30401
Epoch: [46]  [ 90/159]  eta: 0:01:24  lr: 0.000065  min_lr: 0.000065  loss: 0.9996 (0.9996)  weight_decay: 0.0500 (0.0500)  grad_norm: 0.0173 (0.0211)  time: 0.5818  data: 0.0001  max mem: 30401
Epoch: [46]  [100/159]  eta: 0:01:08  lr: 0.000064  min_lr: 0.000064  loss: 1.0000 (0.9996)  weight_decay: 0.0500 (0.0500)  grad_norm: 0.0182 (0.0217)  time: 0.5805  data: 0.0001  max mem: 30401
Epoch: [46]  [110/159]  eta: 0:00:54  lr: 0.000064  min_lr: 0.000064  loss: 1.0000 (0.9996)  weight_decay: 0.0500 (0.0500)  grad_norm: 0.0194 (0.0217)  time: 0.5797  data: 0.0002  max mem: 30401
Epoch: [46]  [120/159]  eta: 0:00:41  lr: 0.000064  min_lr: 0.000064  loss: 1.0000 (0.9996)  weight_decay: 0.0500 (0.0500)  grad_norm: 0.0175 (0.0218)  time: 0.5796  data: 0.0002  max mem: 30401
Epoch: [46]  [130/159]  eta: 0:00:29  lr: 0.000064  min_lr: 0.000064  loss: 1.0000 (0.9996)  weight_decay: 0.0500 (0.0500)  grad_norm: 0.0230 (0.0221)  time: 0.5808  data: 0.0001  max mem: 30401
Epoch: [46]  [140/159]  eta: 0:00:18  lr: 0.000064  min_lr: 0.000064  loss: 1.0000 (0.9996)  weight_decay: 0.0500 (0.0500)  grad_norm: 0.0246 (0.0222)  time: 0.5810  data: 0.0001  max mem: 30401
Epoch: [46]  [150/159]  eta: 0:00:08  lr: 0.000064  min_lr: 0.000064  loss: 1.0000 (0.9996)  weight_decay: 0.0500 (0.0500)  grad_norm: 0.0204 (0.0224)  time: 0.5798  data: 0.0002  max mem: 30401
Epoch: [46]  [158/159]  eta: 0:00:00  lr: 0.000064  min_lr: 0.000064  loss: 1.0000 (0.9996)  weight_decay: 0.0500 (0.0500)  grad_norm: 0.0176 (0.0221)  time: 0.5803  data: 0.0002  max mem: 30401
Epoch: [46] Total time: 0:02:32 (0.9605 s / it)
Averaged stats: lr: 0.000064  min_lr: 0.000064  loss: 1.0000 (0.9996)  weight_decay: 0.0500 (0.0500)  grad_norm: 0.0176 (0.0221)
Epoch: [47]  [  0/159]  eta: 2:21:36  lr: 0.000064  min_lr: 0.000064  loss: 0.9996 (0.9996)  weight_decay: 0.0500 (0.0500)  grad_norm: 0.0294 (0.0294)  time: 53.4388  data: 47.1913  max mem: 30401
Epoch: [47]  [ 10/159]  eta: 0:14:18  lr: 0.000064  min_lr: 0.000064  loss: 1.0000 (0.9992)  weight_decay: 0.0500 (0.0500)  grad_norm: 0.0262 (0.0239)  time: 5.7616  data: 4.2909  max mem: 30401
Epoch: [47]  [ 20/159]  eta: 0:07:47  lr: 0.000064  min_lr: 0.000064  loss: 1.0000 (0.9993)  weight_decay: 0.0500 (0.0500)  grad_norm: 0.0165 (0.0192)  time: 0.8571  data: 0.0006  max mem: 30401
Epoch: [47]  [ 30/159]  eta: 0:05:18  lr: 0.000063  min_lr: 0.000063  loss: 1.0000 (0.9995)  weight_decay: 0.0500 (0.0500)  grad_norm: 0.0154 (0.0203)  time: 0.6567  data: 0.0002  max mem: 30401
Epoch: [47]  [ 40/159]  eta: 0:03:58  lr: 0.000063  min_lr: 0.000063  loss: 1.0000 (0.9995)  weight_decay: 0.0500 (0.0500)  grad_norm: 0.0171 (0.0215)  time: 0.5860  data: 0.0002  max mem: 30401
Epoch: [47]  [ 50/159]  eta: 0:03:08  lr: 0.000063  min_lr: 0.000063  loss: 1.0000 (0.9995)  weight_decay: 0.0500 (0.0500)  grad_norm: 0.0225 (0.0218)  time: 0.5795  data: 0.0002  max mem: 30401
Epoch: [47]  [ 60/159]  eta: 0:02:32  lr: 0.000063  min_lr: 0.000063  loss: 1.0000 (0.9995)  weight_decay: 0.0500 (0.0500)  grad_norm: 0.0211 (0.0216)  time: 0.5788  data: 0.0001  max mem: 30401
Epoch: [47]  [ 70/159]  eta: 0:02:04  lr: 0.000063  min_lr: 0.000063  loss: 1.0000 (0.9995)  weight_decay: 0.0500 (0.0500)  grad_norm: 0.0211 (0.0220)  time: 0.5776  data: 0.0001  max mem: 30401
Epoch: [47]  [ 80/159]  eta: 0:01:42  lr: 0.000063  min_lr: 0.000063  loss: 0.9999 (0.9996)  weight_decay: 0.0500 (0.0500)  grad_norm: 0.0227 (0.0224)  time: 0.5798  data: 0.0001  max mem: 30401
Epoch: [47]  [ 90/159]  eta: 0:01:24  lr: 0.000063  min_lr: 0.000063  loss: 0.9995 (0.9995)  weight_decay: 0.0500 (0.0500)  grad_norm: 0.0227 (0.0224)  time: 0.5813  data: 0.0001  max mem: 30401
Epoch: [47]  [100/159]  eta: 0:01:08  lr: 0.000063  min_lr: 0.000063  loss: 0.9996 (0.9996)  weight_decay: 0.0500 (0.0500)  grad_norm: 0.0216 (0.0230)  time: 0.5805  data: 0.0001  max mem: 30401
Epoch: [47]  [110/159]  eta: 0:00:54  lr: 0.000063  min_lr: 0.000063  loss: 1.0000 (0.9996)  weight_decay: 0.0500 (0.0500)  grad_norm: 0.0215 (0.0228)  time: 0.5805  data: 0.0001  max mem: 30401
Epoch: [47]  [120/159]  eta: 0:00:41  lr: 0.000063  min_lr: 0.000063  loss: 1.0000 (0.9996)  weight_decay: 0.0500 (0.0500)  grad_norm: 0.0200 (0.0228)  time: 0.5818  data: 0.0002  max mem: 30401
Epoch: [47]  [130/159]  eta: 0:00:29  lr: 0.000062  min_lr: 0.000062  loss: 1.0000 (0.9996)  weight_decay: 0.0500 (0.0500)  grad_norm: 0.0206 (0.0232)  time: 0.5817  data: 0.0002  max mem: 30401
Epoch: [47]  [140/159]  eta: 0:00:18  lr: 0.000062  min_lr: 0.000062  loss: 1.0000 (0.9996)  weight_decay: 0.0500 (0.0500)  grad_norm: 0.0206 (0.0231)  time: 0.5802  data: 0.0002  max mem: 30401
Epoch: [47]  [150/159]  eta: 0:00:08  lr: 0.000062  min_lr: 0.000062  loss: 1.0000 (0.9996)  weight_decay: 0.0500 (0.0500)  grad_norm: 0.0180 (0.0229)  time: 0.5802  data: 0.0001  max mem: 30401
Epoch: [47]  [158/159]  eta: 0:00:00  lr: 0.000062  min_lr: 0.000062  loss: 0.9993 (0.9996)  weight_decay: 0.0500 (0.0500)  grad_norm: 0.0212 (0.0231)  time: 0.5828  data: 0.0001  max mem: 30401
Epoch: [47] Total time: 0:02:32 (0.9577 s / it)
Averaged stats: lr: 0.000062  min_lr: 0.000062  loss: 0.9993 (0.9996)  weight_decay: 0.0500 (0.0500)  grad_norm: 0.0212 (0.0231)
Epoch: [48]  [  0/159]  eta: 2:27:14  lr: 0.000062  min_lr: 0.000062  loss: 0.9992 (0.9992)  weight_decay: 0.0500 (0.0500)  grad_norm: 0.0207 (0.0207)  time: 55.5648  data: 47.8866  max mem: 30401
Epoch: [48]  [ 10/159]  eta: 0:15:01  lr: 0.000062  min_lr: 0.000062  loss: 0.9992 (0.9994)  weight_decay: 0.0500 (0.0500)  grad_norm: 0.0201 (0.0220)  time: 6.0525  data: 4.3540  max mem: 30401
Epoch: [48]  [ 20/159]  eta: 0:08:02  lr: 0.000062  min_lr: 0.000062  loss: 0.9992 (0.9990)  weight_decay: 0.0500 (0.0500)  grad_norm: 0.0205 (0.0256)  time: 0.8631  data: 0.0005  max mem: 30401
Epoch: [48]  [ 30/159]  eta: 0:05:27  lr: 0.000062  min_lr: 0.000062  loss: 1.0000 (0.9993)  weight_decay: 0.0500 (0.0500)  grad_norm: 0.0248 (0.0262)  time: 0.6027  data: 0.0002  max mem: 30401
Epoch: [48]  [ 40/159]  eta: 0:04:05  lr: 0.000062  min_lr: 0.000062  loss: 1.0000 (0.9993)  weight_decay: 0.0500 (0.0500)  grad_norm: 0.0218 (0.0251)  time: 0.5817  data: 0.0002  max mem: 30401
Epoch: [48]  [ 50/159]  eta: 0:03:12  lr: 0.000062  min_lr: 0.000062  loss: 1.0000 (0.9994)  weight_decay: 0.0500 (0.0500)  grad_norm: 0.0221 (0.0247)  time: 0.5817  data: 0.0001  max mem: 30401
Epoch: [48]  [ 60/159]  eta: 0:02:35  lr: 0.000061  min_lr: 0.000061  loss: 1.0000 (0.9994)  weight_decay: 0.0500 (0.0500)  grad_norm: 0.0246 (0.0291)  time: 0.5801  data: 0.0001  max mem: 30401
Epoch: [48]  [ 70/159]  eta: 0:02:07  lr: 0.000061  min_lr: 0.000061  loss: 1.0000 (0.9994)  weight_decay: 0.0500 (0.0500)  grad_norm: 0.0192 (0.0280)  time: 0.5810  data: 0.0001  max mem: 30401
Epoch: [48]  [ 80/159]  eta: 0:01:45  lr: 0.000061  min_lr: 0.000061  loss: 0.9999 (0.9995)  weight_decay: 0.0500 (0.0500)  grad_norm: 0.0214 (0.0276)  time: 0.5814  data: 0.0001  max mem: 30401
Epoch: [48]  [ 90/159]  eta: 0:01:26  lr: 0.000061  min_lr: 0.000061  loss: 0.9994 (0.9994)  weight_decay: 0.0500 (0.0500)  grad_norm: 0.0236 (0.0274)  time: 0.5800  data: 0.0001  max mem: 30401
Epoch: [48]  [100/159]  eta: 0:01:09  lr: 0.000061  min_lr: 0.000061  loss: 1.0000 (0.9995)  weight_decay: 0.0500 (0.0500)  grad_norm: 0.0236 (0.0279)  time: 0.5798  data: 0.0001  max mem: 30401
Epoch: [48]  [110/159]  eta: 0:00:55  lr: 0.000061  min_lr: 0.000061  loss: 1.0000 (0.9995)  weight_decay: 0.0500 (0.0500)  grad_norm: 0.0239 (0.0277)  time: 0.5799  data: 0.0001  max mem: 30401
Epoch: [48]  [120/159]  eta: 0:00:42  lr: 0.000061  min_lr: 0.000061  loss: 1.0000 (0.9995)  weight_decay: 0.0500 (0.0500)  grad_norm: 0.0236 (0.0272)  time: 0.5811  data: 0.0002  max mem: 30401
Epoch: [48]  [130/159]  eta: 0:00:30  lr: 0.000061  min_lr: 0.000061  loss: 1.0000 (0.9995)  weight_decay: 0.0500 (0.0500)  grad_norm: 0.0227 (0.0272)  time: 0.5812  data: 0.0002  max mem: 30401
Epoch: [48]  [140/159]  eta: 0:00:19  lr: 0.000061  min_lr: 0.000061  loss: 1.0000 (0.9995)  weight_decay: 0.0500 (0.0500)  grad_norm: 0.0258 (0.0273)  time: 0.5802  data: 0.0001  max mem: 30401
Epoch: [48]  [150/159]  eta: 0:00:08  lr: 0.000060  min_lr: 0.000060  loss: 1.0000 (0.9995)  weight_decay: 0.0500 (0.0500)  grad_norm: 0.0238 (0.0270)  time: 0.5805  data: 0.0001  max mem: 30401
Epoch: [48]  [158/159]  eta: 0:00:00  lr: 0.000060  min_lr: 0.000060  loss: 0.9997 (0.9995)  weight_decay: 0.0500 (0.0500)  grad_norm: 0.0196 (0.0266)  time: 0.5826  data: 0.0001  max mem: 30401
Epoch: [48] Total time: 0:02:34 (0.9715 s / it)
Averaged stats: lr: 0.000060  min_lr: 0.000060  loss: 0.9997 (0.9995)  weight_decay: 0.0500 (0.0500)  grad_norm: 0.0196 (0.0266)
Epoch: [49]  [  0/159]  eta: 2:26:30  lr: 0.000060  min_lr: 0.000060  loss: 0.9978 (0.9978)  weight_decay: 0.0500 (0.0500)  grad_norm: 0.0230 (0.0230)  time: 55.2877  data: 47.7842  max mem: 30401
Epoch: [49]  [ 10/159]  eta: 0:14:45  lr: 0.000060  min_lr: 0.000060  loss: 0.9999 (0.9994)  weight_decay: 0.0500 (0.0500)  grad_norm: 0.0221 (0.0215)  time: 5.9442  data: 4.3445  max mem: 30401
Epoch: [49]  [ 20/159]  eta: 0:07:58  lr: 0.000060  min_lr: 0.000060  loss: 0.9999 (0.9994)  weight_decay: 0.0500 (0.0500)  grad_norm: 0.0205 (0.0223)  time: 0.8488  data: 0.0004  max mem: 30401
Epoch: [49]  [ 30/159]  eta: 0:05:27  lr: 0.000060  min_lr: 0.000060  loss: 1.0000 (0.9996)  weight_decay: 0.0500 (0.0500)  grad_norm: 0.0248 (0.0229)  time: 0.6654  data: 0.0002  max mem: 30401
Epoch: [49]  [ 40/159]  eta: 0:04:08  lr: 0.000060  min_lr: 0.000060  loss: 1.0000 (0.9996)  weight_decay: 0.0500 (0.0500)  grad_norm: 0.0256 (0.0231)  time: 0.6669  data: 0.0002  max mem: 30401
Epoch: [49]  [ 50/159]  eta: 0:03:16  lr: 0.000060  min_lr: 0.000060  loss: 1.0000 (0.9995)  weight_decay: 0.0500 (0.0500)  grad_norm: 0.0228 (0.0237)  time: 0.6528  data: 0.0002  max mem: 30401
Epoch: [49]  [ 60/159]  eta: 0:02:38  lr: 0.000060  min_lr: 0.000060  loss: 0.9996 (0.9995)  weight_decay: 0.0500 (0.0500)  grad_norm: 0.0229 (0.0240)  time: 0.6011  data: 0.0002  max mem: 30401
Epoch: [49]  [ 70/159]  eta: 0:02:09  lr: 0.000060  min_lr: 0.000060  loss: 1.0000 (0.9995)  weight_decay: 0.0500 (0.0500)  grad_norm: 0.0233 (0.0245)  time: 0.5846  data: 0.0002  max mem: 30401
Epoch: [49]  [ 80/159]  eta: 0:01:46  lr: 0.000060  min_lr: 0.000060  loss: 0.9996 (0.9994)  weight_decay: 0.0500 (0.0500)  grad_norm: 0.0278 (0.0257)  time: 0.5937  data: 0.0001  max mem: 30401
Epoch: [49]  [ 90/159]  eta: 0:01:27  lr: 0.000059  min_lr: 0.000059  loss: 0.9991 (0.9994)  weight_decay: 0.0500 (0.0500)  grad_norm: 0.0276 (0.0256)  time: 0.5998  data: 0.0001  max mem: 30401
Epoch: [49]  [100/159]  eta: 0:01:10  lr: 0.000059  min_lr: 0.000059  loss: 0.9998 (0.9995)  weight_decay: 0.0500 (0.0500)  grad_norm: 0.0274 (0.0259)  time: 0.5880  data: 0.0002  max mem: 30401
Epoch: [49]  [110/159]  eta: 0:00:56  lr: 0.000059  min_lr: 0.000059  loss: 1.0000 (0.9995)  weight_decay: 0.0500 (0.0500)  grad_norm: 0.0274 (0.0260)  time: 0.5821  data: 0.0002  max mem: 30401
Epoch: [49]  [120/159]  eta: 0:00:42  lr: 0.000059  min_lr: 0.000059  loss: 1.0000 (0.9995)  weight_decay: 0.0500 (0.0500)  grad_norm: 0.0256 (0.0262)  time: 0.5809  data: 0.0002  max mem: 30401
Epoch: [49]  [130/159]  eta: 0:00:30  lr: 0.000059  min_lr: 0.000059  loss: 0.9997 (0.9994)  weight_decay: 0.0500 (0.0500)  grad_norm: 0.0280 (0.0264)  time: 0.5811  data: 0.0002  max mem: 30401
Epoch: [49]  [140/159]  eta: 0:00:19  lr: 0.000059  min_lr: 0.000059  loss: 0.9998 (0.9994)  weight_decay: 0.0500 (0.0500)  grad_norm: 0.0272 (0.0265)  time: 0.5825  data: 0.0002  max mem: 30401
Epoch: [49]  [150/159]  eta: 0:00:08  lr: 0.000059  min_lr: 0.000059  loss: 1.0000 (0.9994)  weight_decay: 0.0500 (0.0500)  grad_norm: 0.0241 (0.0263)  time: 0.5816  data: 0.0001  max mem: 30401
Epoch: [49]  [158/159]  eta: 0:00:00  lr: 0.000059  min_lr: 0.000059  loss: 1.0000 (0.9994)  weight_decay: 0.0500 (0.0500)  grad_norm: 0.0241 (0.0265)  time: 0.5835  data: 0.0001  max mem: 30401
Epoch: [49] Total time: 0:02:36 (0.9848 s / it)
Averaged stats: lr: 0.000059  min_lr: 0.000059  loss: 1.0000 (0.9995)  weight_decay: 0.0500 (0.0500)  grad_norm: 0.0241 (0.0265)
Epoch: [50]  [  0/159]  eta: 2:26:14  lr: 0.000059  min_lr: 0.000059  loss: 0.9990 (0.9990)  weight_decay: 0.0500 (0.0500)  grad_norm: 0.0193 (0.0193)  time: 55.1848  data: 53.2688  max mem: 30401
Epoch: [50]  [ 10/159]  eta: 0:15:15  lr: 0.000059  min_lr: 0.000059  loss: 0.9998 (0.9996)  weight_decay: 0.0500 (0.0500)  grad_norm: 0.0338 (0.0322)  time: 6.1464  data: 4.8430  max mem: 30401
Epoch: [50]  [ 20/159]  eta: 0:08:13  lr: 0.000058  min_lr: 0.000058  loss: 0.9997 (0.9992)  weight_decay: 0.0500 (0.0500)  grad_norm: 0.0260 (0.0275)  time: 0.9722  data: 0.0003  max mem: 30401
Epoch: [50]  [ 30/159]  eta: 0:05:38  lr: 0.000058  min_lr: 0.000058  loss: 0.9999 (0.9994)  weight_decay: 0.0500 (0.0500)  grad_norm: 0.0215 (0.0264)  time: 0.6811  data: 0.0002  max mem: 30401
Epoch: [50]  [ 40/159]  eta: 0:04:15  lr: 0.000058  min_lr: 0.000058  loss: 1.0000 (0.9995)  weight_decay: 0.0500 (0.0500)  grad_norm: 0.0199 (0.0256)  time: 0.6722  data: 0.0002  max mem: 30401
Epoch: [50]  [ 50/159]  eta: 0:03:22  lr: 0.000058  min_lr: 0.000058  loss: 1.0000 (0.9995)  weight_decay: 0.0500 (0.0500)  grad_norm: 0.0215 (0.0260)  time: 0.6683  data: 0.0002  max mem: 30401
Epoch: [50]  [ 60/159]  eta: 0:02:43  lr: 0.000058  min_lr: 0.000058  loss: 1.0000 (0.9995)  weight_decay: 0.0500 (0.0500)  grad_norm: 0.0311 (0.0269)  time: 0.6228  data: 0.0002  max mem: 30401
Epoch: [50]  [ 70/159]  eta: 0:02:13  lr: 0.000058  min_lr: 0.000058  loss: 1.0000 (0.9995)  weight_decay: 0.0500 (0.0500)  grad_norm: 0.0311 (0.0269)  time: 0.5880  data: 0.0002  max mem: 30401
Epoch: [50]  [ 80/159]  eta: 0:01:49  lr: 0.000058  min_lr: 0.000058  loss: 0.9999 (0.9994)  weight_decay: 0.0500 (0.0500)  grad_norm: 0.0260 (0.0274)  time: 0.5840  data: 0.0002  max mem: 30401
Epoch: [50]  [ 90/159]  eta: 0:01:29  lr: 0.000058  min_lr: 0.000058  loss: 0.9988 (0.9994)  weight_decay: 0.0500 (0.0500)  grad_norm: 0.0236 (0.0272)  time: 0.5850  data: 0.0002  max mem: 30401
Epoch: [50]  [100/159]  eta: 0:01:12  lr: 0.000058  min_lr: 0.000058  loss: 0.9996 (0.9994)  weight_decay: 0.0500 (0.0500)  grad_norm: 0.0265 (0.0282)  time: 0.5824  data: 0.0002  max mem: 30401
Epoch: [50]  [110/159]  eta: 0:00:57  lr: 0.000057  min_lr: 0.000057  loss: 1.0000 (0.9994)  weight_decay: 0.0500 (0.0500)  grad_norm: 0.0299 (0.0285)  time: 0.6108  data: 0.0002  max mem: 30401
Epoch: [50]  [120/159]  eta: 0:00:44  lr: 0.000057  min_lr: 0.000057  loss: 1.0000 (0.9994)  weight_decay: 0.0500 (0.0500)  grad_norm: 0.0249 (0.0287)  time: 0.6697  data: 0.0002  max mem: 30401
Epoch: [50]  [130/159]  eta: 0:00:31  lr: 0.000057  min_lr: 0.000057  loss: 0.9999 (0.9994)  weight_decay: 0.0500 (0.0500)  grad_norm: 0.0274 (0.0292)  time: 0.6682  data: 0.0002  max mem: 30401
Epoch: [50]  [140/159]  eta: 0:00:20  lr: 0.000057  min_lr: 0.000057  loss: 1.0000 (0.9994)  weight_decay: 0.0500 (0.0500)  grad_norm: 0.0274 (0.0291)  time: 0.6225  data: 0.0002  max mem: 30401
Epoch: [50]  [150/159]  eta: 0:00:09  lr: 0.000057  min_lr: 0.000057  loss: 1.0000 (0.9994)  weight_decay: 0.0500 (0.0500)  grad_norm: 0.0237 (0.0286)  time: 0.6024  data: 0.0001  max mem: 30401
Epoch: [50]  [158/159]  eta: 0:00:01  lr: 0.000057  min_lr: 0.000057  loss: 0.9999 (0.9994)  weight_decay: 0.0500 (0.0500)  grad_norm: 0.0236 (0.0286)  time: 0.6056  data: 0.0001  max mem: 30401
Epoch: [50] Total time: 0:02:41 (1.0188 s / it)
Averaged stats: lr: 0.000057  min_lr: 0.000057  loss: 0.9999 (0.9995)  weight_decay: 0.0500 (0.0500)  grad_norm: 0.0236 (0.0286)
[Eval]   [0/2]  eta: 0:00:21  loss: 1.0005 (1.0005)  time: 10.8940  data: 10.7354  max mem: 30401
[Eval]   [1/2]  eta: 0:00:05  loss: 1.0000 (1.0002)  time: 5.4939  data: 5.3677  max mem: 30401
[Eval]  Total time: 0:00:11 (5.6027 s / it)
Eval averaged stats: loss: 1.0000 (0.9999)
[Eval] Image Metrics:  [0/2]  eta: 0:00:09    time: 4.9835  data: 4.8080  max mem: 30401
[Eval] Image Metrics:  [1/2]  eta: 0:00:02    time: 2.5414  data: 2.4041  max mem: 30401
[Eval] Image Metrics: Total time: 0:00:05 (2.9639 s / it)
[Eval] Metric Results: [Eval] MSE: 0.0000 (0.0000)  [Eval] MAE: 0.0000 (0.0000)  [Eval] PSNR: 47.0059 (47.0059)  [Eval] MS-SSIM: 0.9991 (0.9991)
Logged 9 eval images
Epoch: [51]  [  0/159]  eta: 1:59:39  lr: 0.000057  min_lr: 0.000057  loss: 0.9975 (0.9975)  weight_decay: 0.0500 (0.0500)  grad_norm: 0.0327 (0.0327)  time: 45.1535  data: 43.0883  max mem: 30401
Epoch: [51]  [ 10/159]  eta: 0:11:48  lr: 0.000057  min_lr: 0.000057  loss: 0.9995 (0.9992)  weight_decay: 0.0500 (0.0500)  grad_norm: 0.0201 (0.0242)  time: 4.7556  data: 3.9174  max mem: 30401
Epoch: [51]  [ 20/159]  eta: 0:06:25  lr: 0.000057  min_lr: 0.000057  loss: 0.9995 (0.9992)  weight_decay: 0.0500 (0.0500)  grad_norm: 0.0201 (0.0243)  time: 0.6559  data: 0.0002  max mem: 30401
Epoch: [51]  [ 30/159]  eta: 0:04:26  lr: 0.000057  min_lr: 0.000057  loss: 1.0000 (0.9993)  weight_decay: 0.0500 (0.0500)  grad_norm: 0.0241 (0.0237)  time: 0.5905  data: 0.0002  max mem: 30401
Epoch: [51]  [ 40/159]  eta: 0:03:23  lr: 0.000057  min_lr: 0.000057  loss: 1.0000 (0.9993)  weight_decay: 0.0500 (0.0500)  grad_norm: 0.0241 (0.0247)  time: 0.5846  data: 0.0002  max mem: 30401
Epoch: [51]  [ 50/159]  eta: 0:02:42  lr: 0.000056  min_lr: 0.000056  loss: 0.9998 (0.9993)  weight_decay: 0.0500 (0.0500)  grad_norm: 0.0249 (0.0249)  time: 0.5850  data: 0.0002  max mem: 30401
Epoch: [51]  [ 60/159]  eta: 0:02:12  lr: 0.000056  min_lr: 0.000056  loss: 1.0000 (0.9994)  weight_decay: 0.0500 (0.0500)  grad_norm: 0.0254 (0.0256)  time: 0.5842  data: 0.0002  max mem: 30401
Epoch: [51]  [ 70/159]  eta: 0:01:49  lr: 0.000056  min_lr: 0.000056  loss: 1.0000 (0.9994)  weight_decay: 0.0500 (0.0500)  grad_norm: 0.0273 (0.0264)  time: 0.5825  data: 0.0002  max mem: 30401
Epoch: [51]  [ 80/159]  eta: 0:01:30  lr: 0.000056  min_lr: 0.000056  loss: 0.9996 (0.9994)  weight_decay: 0.0500 (0.0500)  grad_norm: 0.0280 (0.0270)  time: 0.5821  data: 0.0002  max mem: 30401
Epoch: [51]  [ 90/159]  eta: 0:01:15  lr: 0.000056  min_lr: 0.000056  loss: 0.9991 (0.9994)  weight_decay: 0.0500 (0.0500)  grad_norm: 0.0243 (0.0268)  time: 0.5827  data: 0.0002  max mem: 30401
Epoch: [51]  [100/159]  eta: 0:01:01  lr: 0.000056  min_lr: 0.000056  loss: 0.9992 (0.9994)  weight_decay: 0.0500 (0.0500)  grad_norm: 0.0248 (0.0273)  time: 0.5845  data: 0.0002  max mem: 30401
Epoch: [51]  [110/159]  eta: 0:00:48  lr: 0.000056  min_lr: 0.000056  loss: 1.0000 (0.9994)  weight_decay: 0.0500 (0.0500)  grad_norm: 0.0252 (0.0274)  time: 0.5842  data: 0.0002  max mem: 30401
Epoch: [51]  [120/159]  eta: 0:00:37  lr: 0.000056  min_lr: 0.000056  loss: 1.0000 (0.9994)  weight_decay: 0.0500 (0.0500)  grad_norm: 0.0246 (0.0273)  time: 0.5830  data: 0.0002  max mem: 30401
Epoch: [51]  [130/159]  eta: 0:00:27  lr: 0.000056  min_lr: 0.000056  loss: 1.0000 (0.9994)  weight_decay: 0.0500 (0.0500)  grad_norm: 0.0271 (0.0275)  time: 0.5840  data: 0.0002  max mem: 30401
Epoch: [51]  [140/159]  eta: 0:00:17  lr: 0.000055  min_lr: 0.000055  loss: 1.0000 (0.9994)  weight_decay: 0.0500 (0.0500)  grad_norm: 0.0252 (0.0273)  time: 0.5842  data: 0.0002  max mem: 30401
Epoch: [51]  [150/159]  eta: 0:00:07  lr: 0.000055  min_lr: 0.000055  loss: 0.9999 (0.9994)  weight_decay: 0.0500 (0.0500)  grad_norm: 0.0219 (0.0269)  time: 0.5832  data: 0.0001  max mem: 30401
Epoch: [51]  [158/159]  eta: 0:00:00  lr: 0.000055  min_lr: 0.000055  loss: 0.9995 (0.9994)  weight_decay: 0.0500 (0.0500)  grad_norm: 0.0218 (0.0271)  time: 0.5830  data: 0.0002  max mem: 30401
Epoch: [51] Total time: 0:02:20 (0.8824 s / it)
Averaged stats: lr: 0.000055  min_lr: 0.000055  loss: 0.9995 (0.9994)  weight_decay: 0.0500 (0.0500)  grad_norm: 0.0218 (0.0271)
Epoch: [52]  [  0/159]  eta: 2:19:29  lr: 0.000055  min_lr: 0.000055  loss: 0.9958 (0.9958)  weight_decay: 0.0500 (0.0500)  grad_norm: 0.0501 (0.0501)  time: 52.6369  data: 50.5497  max mem: 30401
Epoch: [52]  [ 10/159]  eta: 0:14:22  lr: 0.000055  min_lr: 0.000055  loss: 0.9999 (0.9990)  weight_decay: 0.0500 (0.0500)  grad_norm: 0.0272 (0.0296)  time: 5.7886  data: 4.5961  max mem: 30401
Epoch: [52]  [ 20/159]  eta: 0:07:51  lr: 0.000055  min_lr: 0.000055  loss: 0.9994 (0.9988)  weight_decay: 0.0500 (0.0500)  grad_norm: 0.0264 (0.0273)  time: 0.9304  data: 0.0006  max mem: 30401
Epoch: [52]  [ 30/159]  eta: 0:05:20  lr: 0.000055  min_lr: 0.000055  loss: 1.0000 (0.9991)  weight_decay: 0.0500 (0.0500)  grad_norm: 0.0201 (0.0261)  time: 0.6728  data: 0.0003  max mem: 30401
Epoch: [52]  [ 40/159]  eta: 0:04:00  lr: 0.000055  min_lr: 0.000055  loss: 1.0000 (0.9992)  weight_decay: 0.0500 (0.0500)  grad_norm: 0.0198 (0.0257)  time: 0.5846  data: 0.0002  max mem: 30401
Epoch: [52]  [ 50/159]  eta: 0:03:09  lr: 0.000055  min_lr: 0.000055  loss: 1.0000 (0.9993)  weight_decay: 0.0500 (0.0500)  grad_norm: 0.0258 (0.0276)  time: 0.5802  data: 0.0002  max mem: 30401
Epoch: [52]  [ 60/159]  eta: 0:02:33  lr: 0.000055  min_lr: 0.000055  loss: 1.0000 (0.9993)  weight_decay: 0.0500 (0.0500)  grad_norm: 0.0361 (0.0291)  time: 0.5784  data: 0.0002  max mem: 30401
Epoch: [52]  [ 70/159]  eta: 0:02:05  lr: 0.000054  min_lr: 0.000054  loss: 1.0000 (0.9993)  weight_decay: 0.0500 (0.0500)  grad_norm: 0.0367 (0.0302)  time: 0.5771  data: 0.0001  max mem: 30401
Epoch: [52]  [ 80/159]  eta: 0:01:43  lr: 0.000054  min_lr: 0.000054  loss: 1.0000 (0.9993)  weight_decay: 0.0500 (0.0500)  grad_norm: 0.0361 (0.0306)  time: 0.5777  data: 0.0001  max mem: 30401
Epoch: [52]  [ 90/159]  eta: 0:01:24  lr: 0.000054  min_lr: 0.000054  loss: 0.9998 (0.9993)  weight_decay: 0.0500 (0.0500)  grad_norm: 0.0318 (0.0306)  time: 0.5780  data: 0.0001  max mem: 30401
Epoch: [52]  [100/159]  eta: 0:01:08  lr: 0.000054  min_lr: 0.000054  loss: 1.0000 (0.9993)  weight_decay: 0.0500 (0.0500)  grad_norm: 0.0354 (0.0316)  time: 0.5777  data: 0.0001  max mem: 30401
Epoch: [52]  [110/159]  eta: 0:00:54  lr: 0.000054  min_lr: 0.000054  loss: 1.0000 (0.9994)  weight_decay: 0.0500 (0.0500)  grad_norm: 0.0310 (0.0314)  time: 0.5900  data: 0.0001  max mem: 30401
Epoch: [52]  [120/159]  eta: 0:00:42  lr: 0.000054  min_lr: 0.000054  loss: 1.0000 (0.9994)  weight_decay: 0.0500 (0.0500)  grad_norm: 0.0289 (0.0317)  time: 0.6474  data: 0.0001  max mem: 30401
Epoch: [52]  [130/159]  eta: 0:00:30  lr: 0.000054  min_lr: 0.000054  loss: 0.9999 (0.9993)  weight_decay: 0.0500 (0.0500)  grad_norm: 0.0289 (0.0324)  time: 0.6621  data: 0.0002  max mem: 30401
Epoch: [52]  [140/159]  eta: 0:00:19  lr: 0.000054  min_lr: 0.000054  loss: 1.0000 (0.9993)  weight_decay: 0.0500 (0.0500)  grad_norm: 0.0329 (0.0323)  time: 0.6132  data: 0.0002  max mem: 30401
Epoch: [52]  [150/159]  eta: 0:00:08  lr: 0.000054  min_lr: 0.000054  loss: 1.0000 (0.9993)  weight_decay: 0.0500 (0.0500)  grad_norm: 0.0228 (0.0317)  time: 0.5910  data: 0.0002  max mem: 30401
Epoch: [52]  [158/159]  eta: 0:00:00  lr: 0.000053  min_lr: 0.000053  loss: 1.0000 (0.9993)  weight_decay: 0.0500 (0.0500)  grad_norm: 0.0215 (0.0318)  time: 0.5877  data: 0.0002  max mem: 30401
Epoch: [52] Total time: 0:02:34 (0.9739 s / it)
Averaged stats: lr: 0.000053  min_lr: 0.000053  loss: 1.0000 (0.9994)  weight_decay: 0.0500 (0.0500)  grad_norm: 0.0215 (0.0318)
Epoch: [53]  [  0/159]  eta: 2:19:45  lr: 0.000053  min_lr: 0.000053  loss: 0.9994 (0.9994)  weight_decay: 0.0500 (0.0500)  grad_norm: 0.0362 (0.0362)  time: 52.7413  data: 49.9991  max mem: 30401
Epoch: [53]  [ 10/159]  eta: 0:14:07  lr: 0.000053  min_lr: 0.000053  loss: 0.9994 (0.9989)  weight_decay: 0.0500 (0.0500)  grad_norm: 0.0362 (0.0352)  time: 5.6903  data: 4.5561  max mem: 30401
Epoch: [53]  [ 20/159]  eta: 0:07:49  lr: 0.000053  min_lr: 0.000053  loss: 0.9993 (0.9990)  weight_decay: 0.0500 (0.0500)  grad_norm: 0.0328 (0.0354)  time: 0.9076  data: 0.0061  max mem: 30401
Epoch: [53]  [ 30/159]  eta: 0:05:22  lr: 0.000053  min_lr: 0.000053  loss: 1.0000 (0.9991)  weight_decay: 0.0500 (0.0500)  grad_norm: 0.0351 (0.0358)  time: 0.7468  data: 0.0003  max mem: 30401
Epoch: [53]  [ 40/159]  eta: 0:04:03  lr: 0.000053  min_lr: 0.000053  loss: 1.0000 (0.9992)  weight_decay: 0.0500 (0.0500)  grad_norm: 0.0345 (0.0348)  time: 0.6418  data: 0.0002  max mem: 30401
Epoch: [53]  [ 50/159]  eta: 0:03:11  lr: 0.000053  min_lr: 0.000053  loss: 1.0000 (0.9993)  weight_decay: 0.0500 (0.0500)  grad_norm: 0.0336 (0.0333)  time: 0.6099  data: 0.0002  max mem: 30401
Epoch: [53]  [ 60/159]  eta: 0:02:35  lr: 0.000053  min_lr: 0.000053  loss: 1.0000 (0.9993)  weight_decay: 0.0500 (0.0500)  grad_norm: 0.0250 (0.0325)  time: 0.5998  data: 0.0002  max mem: 30401
Epoch: [53]  [ 70/159]  eta: 0:02:07  lr: 0.000053  min_lr: 0.000053  loss: 1.0000 (0.9993)  weight_decay: 0.0500 (0.0500)  grad_norm: 0.0329 (0.0329)  time: 0.5901  data: 0.0002  max mem: 30401
Epoch: [53]  [ 80/159]  eta: 0:01:44  lr: 0.000053  min_lr: 0.000053  loss: 0.9995 (0.9993)  weight_decay: 0.0500 (0.0500)  grad_norm: 0.0348 (0.0329)  time: 0.5777  data: 0.0002  max mem: 30401
Epoch: [53]  [ 90/159]  eta: 0:01:25  lr: 0.000053  min_lr: 0.000053  loss: 0.9994 (0.9993)  weight_decay: 0.0500 (0.0500)  grad_norm: 0.0268 (0.0326)  time: 0.5760  data: 0.0002  max mem: 30401
Epoch: [53]  [100/159]  eta: 0:01:09  lr: 0.000052  min_lr: 0.000052  loss: 0.9995 (0.9993)  weight_decay: 0.0500 (0.0500)  grad_norm: 0.0268 (0.0326)  time: 0.5779  data: 0.0002  max mem: 30401
Epoch: [53]  [110/159]  eta: 0:00:55  lr: 0.000052  min_lr: 0.000052  loss: 1.0000 (0.9994)  weight_decay: 0.0500 (0.0500)  grad_norm: 0.0330 (0.0328)  time: 0.5772  data: 0.0002  max mem: 30401
Epoch: [53]  [120/159]  eta: 0:00:42  lr: 0.000052  min_lr: 0.000052  loss: 1.0000 (0.9994)  weight_decay: 0.0500 (0.0500)  grad_norm: 0.0309 (0.0328)  time: 0.5743  data: 0.0002  max mem: 30401
Epoch: [53]  [130/159]  eta: 0:00:30  lr: 0.000052  min_lr: 0.000052  loss: 0.9996 (0.9993)  weight_decay: 0.0500 (0.0500)  grad_norm: 0.0290 (0.0326)  time: 0.5748  data: 0.0002  max mem: 30401
Epoch: [53]  [140/159]  eta: 0:00:19  lr: 0.000052  min_lr: 0.000052  loss: 1.0000 (0.9993)  weight_decay: 0.0500 (0.0500)  grad_norm: 0.0263 (0.0325)  time: 0.5755  data: 0.0001  max mem: 30401
Epoch: [53]  [150/159]  eta: 0:00:08  lr: 0.000052  min_lr: 0.000052  loss: 0.9999 (0.9993)  weight_decay: 0.0500 (0.0500)  grad_norm: 0.0288 (0.0325)  time: 0.5736  data: 0.0001  max mem: 30401
Epoch: [53]  [158/159]  eta: 0:00:00  lr: 0.000052  min_lr: 0.000052  loss: 0.9992 (0.9993)  weight_decay: 0.0500 (0.0500)  grad_norm: 0.0263 (0.0324)  time: 0.5746  data: 0.0001  max mem: 30401
Epoch: [53] Total time: 0:02:33 (0.9659 s / it)
Averaged stats: lr: 0.000052  min_lr: 0.000052  loss: 0.9992 (0.9994)  weight_decay: 0.0500 (0.0500)  grad_norm: 0.0263 (0.0324)
Epoch: [54]  [  0/159]  eta: 3:30:09  lr: 0.000052  min_lr: 0.000052  loss: 0.9977 (0.9977)  weight_decay: 0.0500 (0.0500)  grad_norm: 0.0290 (0.0290)  time: 79.3034  data: 58.6556  max mem: 30401
Epoch: [54]  [ 10/159]  eta: 0:23:08  lr: 0.000052  min_lr: 0.000052  loss: 0.9988 (0.9988)  weight_decay: 0.0500 (0.0500)  grad_norm: 0.0293 (0.0337)  time: 9.3206  data: 5.8996  max mem: 30401
Epoch: [54]  [ 20/159]  eta: 0:11:59  lr: 0.000052  min_lr: 0.000052  loss: 0.9992 (0.9989)  weight_decay: 0.0500 (0.0500)  grad_norm: 0.0293 (0.0307)  time: 1.4666  data: 0.3121  max mem: 30401
Epoch: [54]  [ 30/159]  eta: 0:07:56  lr: 0.000051  min_lr: 0.000051  loss: 1.0000 (0.9991)  weight_decay: 0.0500 (0.0500)  grad_norm: 0.0315 (0.0340)  time: 0.5980  data: 0.0002  max mem: 30401
Epoch: [54]  [ 40/159]  eta: 0:05:49  lr: 0.000051  min_lr: 0.000051  loss: 1.0000 (0.9992)  weight_decay: 0.0500 (0.0500)  grad_norm: 0.0305 (0.0335)  time: 0.5833  data: 0.0002  max mem: 30401
Epoch: [54]  [ 50/159]  eta: 0:04:29  lr: 0.000051  min_lr: 0.000051  loss: 0.9998 (0.9992)  weight_decay: 0.0500 (0.0500)  grad_norm: 0.0305 (0.0349)  time: 0.5798  data: 0.0002  max mem: 30401
Epoch: [54]  [ 60/159]  eta: 0:03:34  lr: 0.000051  min_lr: 0.000051  loss: 0.9993 (0.9992)  weight_decay: 0.0500 (0.0500)  grad_norm: 0.0363 (0.0348)  time: 0.5781  data: 0.0001  max mem: 30401
Epoch: [54]  [ 70/159]  eta: 0:02:52  lr: 0.000051  min_lr: 0.000051  loss: 1.0000 (0.9992)  weight_decay: 0.0500 (0.0500)  grad_norm: 0.0331 (0.0343)  time: 0.5772  data: 0.0001  max mem: 30401
Epoch: [54]  [ 80/159]  eta: 0:02:19  lr: 0.000051  min_lr: 0.000051  loss: 0.9996 (0.9992)  weight_decay: 0.0500 (0.0500)  grad_norm: 0.0320 (0.0341)  time: 0.5760  data: 0.0002  max mem: 30401
Epoch: [54]  [ 90/159]  eta: 0:01:53  lr: 0.000051  min_lr: 0.000051  loss: 0.9991 (0.9992)  weight_decay: 0.0500 (0.0500)  grad_norm: 0.0299 (0.0342)  time: 0.6055  data: 0.0002  max mem: 30401
Epoch: [54]  [100/159]  eta: 0:01:31  lr: 0.000051  min_lr: 0.000051  loss: 0.9992 (0.9993)  weight_decay: 0.0500 (0.0500)  grad_norm: 0.0367 (0.0348)  time: 0.6542  data: 0.0002  max mem: 30401
Epoch: [54]  [110/159]  eta: 0:01:11  lr: 0.000051  min_lr: 0.000051  loss: 1.0000 (0.9993)  weight_decay: 0.0500 (0.0500)  grad_norm: 0.0367 (0.0349)  time: 0.6449  data: 0.0001  max mem: 30401
Epoch: [54]  [120/159]  eta: 0:00:54  lr: 0.000050  min_lr: 0.000050  loss: 1.0000 (0.9993)  weight_decay: 0.0500 (0.0500)  grad_norm: 0.0365 (0.0350)  time: 0.6428  data: 0.0001  max mem: 30401
Epoch: [54]  [130/159]  eta: 0:00:38  lr: 0.000050  min_lr: 0.000050  loss: 0.9997 (0.9993)  weight_decay: 0.0500 (0.0500)  grad_norm: 0.0321 (0.0346)  time: 0.6657  data: 0.0002  max mem: 30401
Epoch: [54]  [140/159]  eta: 0:00:24  lr: 0.000050  min_lr: 0.000050  loss: 1.0000 (0.9993)  weight_decay: 0.0500 (0.0500)  grad_norm: 0.0322 (0.0347)  time: 0.6610  data: 0.0001  max mem: 30401
Epoch: [54]  [150/159]  eta: 0:00:11  lr: 0.000050  min_lr: 0.000050  loss: 1.0000 (0.9993)  weight_decay: 0.0500 (0.0500)  grad_norm: 0.0335 (0.0347)  time: 0.6354  data: 0.0001  max mem: 30401
Epoch: [54]  [158/159]  eta: 0:00:01  lr: 0.000050  min_lr: 0.000050  loss: 0.9999 (0.9993)  weight_decay: 0.0500 (0.0500)  grad_norm: 0.0389 (0.0349)  time: 0.6004  data: 0.0001  max mem: 30401
Epoch: [54] Total time: 0:03:14 (1.2248 s / it)
Averaged stats: lr: 0.000050  min_lr: 0.000050  loss: 0.9999 (0.9993)  weight_decay: 0.0500 (0.0500)  grad_norm: 0.0389 (0.0349)
Epoch: [55]  [  0/159]  eta: 5:41:32  lr: 0.000050  min_lr: 0.000050  loss: 0.9985 (0.9985)  weight_decay: 0.0500 (0.0500)  grad_norm: 0.0396 (0.0396)  time: 128.8807  data: 100.2690  max mem: 30401
Epoch: [55]  [ 10/159]  eta: 0:35:02  lr: 0.000050  min_lr: 0.000050  loss: 0.9988 (0.9992)  weight_decay: 0.0500 (0.0500)  grad_norm: 0.0304 (0.0276)  time: 14.1093  data: 9.1156  max mem: 30401
Epoch: [55]  [ 20/159]  eta: 0:17:51  lr: 0.000050  min_lr: 0.000050  loss: 0.9988 (0.9990)  weight_decay: 0.0500 (0.0500)  grad_norm: 0.0293 (0.0313)  time: 1.6504  data: 0.0002  max mem: 30401
Epoch: [55]  [ 30/159]  eta: 0:11:38  lr: 0.000050  min_lr: 0.000050  loss: 1.0000 (0.9991)  weight_decay: 0.0500 (0.0500)  grad_norm: 0.0266 (0.0292)  time: 0.6384  data: 0.0002  max mem: 30401
Epoch: [55]  [ 40/159]  eta: 0:08:25  lr: 0.000050  min_lr: 0.000050  loss: 1.0000 (0.9991)  weight_decay: 0.0500 (0.0500)  grad_norm: 0.0246 (0.0293)  time: 0.6109  data: 0.0002  max mem: 30401
Epoch: [55]  [ 50/159]  eta: 0:06:24  lr: 0.000049  min_lr: 0.000049  loss: 0.9999 (0.9992)  weight_decay: 0.0500 (0.0500)  grad_norm: 0.0346 (0.0315)  time: 0.6038  data: 0.0002  max mem: 30401
Epoch: [55]  [ 60/159]  eta: 0:05:01  lr: 0.000049  min_lr: 0.000049  loss: 1.0000 (0.9992)  weight_decay: 0.0500 (0.0500)  grad_norm: 0.0372 (0.0315)  time: 0.5902  data: 0.0002  max mem: 30401
Epoch: [55]  [ 70/159]  eta: 0:04:00  lr: 0.000049  min_lr: 0.000049  loss: 1.0000 (0.9993)  weight_decay: 0.0500 (0.0500)  grad_norm: 0.0330 (0.0318)  time: 0.5855  data: 0.0002  max mem: 30401
Epoch: [55]  [ 80/159]  eta: 0:03:12  lr: 0.000049  min_lr: 0.000049  loss: 0.9994 (0.9992)  weight_decay: 0.0500 (0.0500)  grad_norm: 0.0363 (0.0330)  time: 0.5825  data: 0.0002  max mem: 30401
Epoch: [55]  [ 90/159]  eta: 0:02:34  lr: 0.000049  min_lr: 0.000049  loss: 0.9985 (0.9992)  weight_decay: 0.0500 (0.0500)  grad_norm: 0.0316 (0.0325)  time: 0.5784  data: 0.0001  max mem: 30401
Epoch: [55]  [100/159]  eta: 0:02:02  lr: 0.000049  min_lr: 0.000049  loss: 0.9992 (0.9992)  weight_decay: 0.0500 (0.0500)  grad_norm: 0.0338 (0.0333)  time: 0.5770  data: 0.0001  max mem: 30401
Epoch: [55]  [110/159]  eta: 0:01:34  lr: 0.000049  min_lr: 0.000049  loss: 1.0000 (0.9992)  weight_decay: 0.0500 (0.0500)  grad_norm: 0.0387 (0.0340)  time: 0.5763  data: 0.0001  max mem: 30401
Epoch: [55]  [120/159]  eta: 0:01:11  lr: 0.000049  min_lr: 0.000049  loss: 1.0000 (0.9993)  weight_decay: 0.0500 (0.0500)  grad_norm: 0.0399 (0.0363)  time: 0.5760  data: 0.0002  max mem: 30401
Epoch: [55]  [130/159]  eta: 0:00:50  lr: 0.000049  min_lr: 0.000049  loss: 1.0000 (0.9992)  weight_decay: 0.0500 (0.0500)  grad_norm: 0.0377 (0.0357)  time: 0.5770  data: 0.0001  max mem: 30401
Epoch: [55]  [140/159]  eta: 0:00:31  lr: 0.000048  min_lr: 0.000048  loss: 1.0000 (0.9992)  weight_decay: 0.0500 (0.0500)  grad_norm: 0.0273 (0.0355)  time: 0.5758  data: 0.0001  max mem: 30401
Epoch: [55]  [150/159]  eta: 0:00:14  lr: 0.000048  min_lr: 0.000048  loss: 1.0000 (0.9992)  weight_decay: 0.0500 (0.0500)  grad_norm: 0.0286 (0.0354)  time: 0.5744  data: 0.0001  max mem: 30401
Epoch: [55]  [158/159]  eta: 0:00:01  lr: 0.000048  min_lr: 0.000048  loss: 0.9996 (0.9992)  weight_decay: 0.0500 (0.0500)  grad_norm: 0.0266 (0.0360)  time: 0.5740  data: 0.0001  max mem: 30401
Epoch: [55] Total time: 0:04:03 (1.5337 s / it)
Averaged stats: lr: 0.000048  min_lr: 0.000048  loss: 0.9996 (0.9993)  weight_decay: 0.0500 (0.0500)  grad_norm: 0.0266 (0.0360)
Epoch: [56]  [  0/159]  eta: 2:30:57  lr: 0.000048  min_lr: 0.000048  loss: 0.9979 (0.9979)  weight_decay: 0.0500 (0.0500)  grad_norm: 0.0545 (0.0545)  time: 56.9653  data: 52.2724  max mem: 30401
Epoch: [56]  [ 10/159]  eta: 0:15:49  lr: 0.000048  min_lr: 0.000048  loss: 0.9986 (0.9987)  weight_decay: 0.0500 (0.0500)  grad_norm: 0.0349 (0.0356)  time: 6.3713  data: 4.7525  max mem: 30401
Epoch: [56]  [ 20/159]  eta: 0:08:23  lr: 0.000048  min_lr: 0.000048  loss: 0.9988 (0.9988)  weight_decay: 0.0500 (0.0500)  grad_norm: 0.0291 (0.0324)  time: 0.9551  data: 0.0003  max mem: 30401
Epoch: [56]  [ 30/159]  eta: 0:05:41  lr: 0.000048  min_lr: 0.000048  loss: 0.9999 (0.9990)  weight_decay: 0.0500 (0.0500)  grad_norm: 0.0276 (0.0330)  time: 0.6028  data: 0.0002  max mem: 30401
Epoch: [56]  [ 40/159]  eta: 0:04:15  lr: 0.000048  min_lr: 0.000048  loss: 1.0000 (0.9990)  weight_decay: 0.0500 (0.0500)  grad_norm: 0.0355 (0.0342)  time: 0.5933  data: 0.0002  max mem: 30401
Epoch: [56]  [ 50/159]  eta: 0:03:20  lr: 0.000048  min_lr: 0.000048  loss: 1.0000 (0.9990)  weight_decay: 0.0500 (0.0500)  grad_norm: 0.0388 (0.0351)  time: 0.5801  data: 0.0002  max mem: 30401
Epoch: [56]  [ 60/159]  eta: 0:02:41  lr: 0.000048  min_lr: 0.000048  loss: 1.0000 (0.9991)  weight_decay: 0.0500 (0.0500)  grad_norm: 0.0316 (0.0347)  time: 0.5797  data: 0.0002  max mem: 30401
Epoch: [56]  [ 70/159]  eta: 0:02:11  lr: 0.000047  min_lr: 0.000047  loss: 1.0000 (0.9992)  weight_decay: 0.0500 (0.0500)  grad_norm: 0.0306 (0.0349)  time: 0.5766  data: 0.0002  max mem: 30401
Epoch: [56]  [ 80/159]  eta: 0:01:48  lr: 0.000047  min_lr: 0.000047  loss: 0.9996 (0.9992)  weight_decay: 0.0500 (0.0500)  grad_norm: 0.0376 (0.0370)  time: 0.5749  data: 0.0002  max mem: 30401
Epoch: [56]  [ 90/159]  eta: 0:01:28  lr: 0.000047  min_lr: 0.000047  loss: 0.9996 (0.9992)  weight_decay: 0.0500 (0.0500)  grad_norm: 0.0336 (0.0362)  time: 0.5754  data: 0.0001  max mem: 30401
Epoch: [56]  [100/159]  eta: 0:01:11  lr: 0.000047  min_lr: 0.000047  loss: 1.0000 (0.9992)  weight_decay: 0.0500 (0.0500)  grad_norm: 0.0331 (0.0370)  time: 0.5794  data: 0.0001  max mem: 30401
Epoch: [56]  [110/159]  eta: 0:00:56  lr: 0.000047  min_lr: 0.000047  loss: 1.0000 (0.9992)  weight_decay: 0.0500 (0.0500)  grad_norm: 0.0289 (0.0361)  time: 0.5812  data: 0.0001  max mem: 30401
Epoch: [56]  [120/159]  eta: 0:00:43  lr: 0.000047  min_lr: 0.000047  loss: 1.0000 (0.9993)  weight_decay: 0.0500 (0.0500)  grad_norm: 0.0289 (0.0362)  time: 0.5777  data: 0.0002  max mem: 30401
Epoch: [56]  [130/159]  eta: 0:00:30  lr: 0.000047  min_lr: 0.000047  loss: 1.0000 (0.9993)  weight_decay: 0.0500 (0.0500)  grad_norm: 0.0328 (0.0362)  time: 0.5751  data: 0.0002  max mem: 30401
Epoch: [56]  [140/159]  eta: 0:00:19  lr: 0.000047  min_lr: 0.000047  loss: 1.0000 (0.9993)  weight_decay: 0.0500 (0.0500)  grad_norm: 0.0316 (0.0360)  time: 0.5764  data: 0.0002  max mem: 30401
Epoch: [56]  [150/159]  eta: 0:00:09  lr: 0.000047  min_lr: 0.000047  loss: 1.0000 (0.9992)  weight_decay: 0.0500 (0.0500)  grad_norm: 0.0340 (0.0360)  time: 0.5774  data: 0.0002  max mem: 30401
Epoch: [56]  [158/159]  eta: 0:00:00  lr: 0.000047  min_lr: 0.000047  loss: 0.9989 (0.9992)  weight_decay: 0.0500 (0.0500)  grad_norm: 0.0347 (0.0363)  time: 0.5779  data: 0.0002  max mem: 30401
Epoch: [56] Total time: 0:02:37 (0.9903 s / it)
Averaged stats: lr: 0.000047  min_lr: 0.000047  loss: 0.9989 (0.9993)  weight_decay: 0.0500 (0.0500)  grad_norm: 0.0347 (0.0363)
Epoch: [57]  [  0/159]  eta: 3:02:47  lr: 0.000047  min_lr: 0.000047  loss: 0.9923 (0.9923)  weight_decay: 0.0500 (0.0500)  grad_norm: 0.0498 (0.0498)  time: 68.9797  data: 48.5661  max mem: 30401
Epoch: [57]  [ 10/159]  eta: 0:17:33  lr: 0.000046  min_lr: 0.000046  loss: 0.9992 (0.9985)  weight_decay: 0.0500 (0.0500)  grad_norm: 0.0272 (0.0330)  time: 7.0732  data: 4.4153  max mem: 30401
Epoch: [57]  [ 20/159]  eta: 0:09:30  lr: 0.000046  min_lr: 0.000046  loss: 0.9992 (0.9985)  weight_decay: 0.0500 (0.0500)  grad_norm: 0.0296 (0.0336)  time: 0.8606  data: 0.0002  max mem: 30401
Epoch: [57]  [ 30/159]  eta: 0:06:24  lr: 0.000046  min_lr: 0.000046  loss: 1.0000 (0.9989)  weight_decay: 0.0500 (0.0500)  grad_norm: 0.0296 (0.0325)  time: 0.7274  data: 0.0002  max mem: 30401
Epoch: [57]  [ 40/159]  eta: 0:04:45  lr: 0.000046  min_lr: 0.000046  loss: 1.0000 (0.9990)  weight_decay: 0.0500 (0.0500)  grad_norm: 0.0277 (0.0324)  time: 0.6167  data: 0.0002  max mem: 30401
Epoch: [57]  [ 50/159]  eta: 0:03:43  lr: 0.000046  min_lr: 0.000046  loss: 1.0000 (0.9991)  weight_decay: 0.0500 (0.0500)  grad_norm: 0.0277 (0.0323)  time: 0.6153  data: 0.0002  max mem: 30401
Epoch: [57]  [ 60/159]  eta: 0:02:59  lr: 0.000046  min_lr: 0.000046  loss: 1.0000 (0.9992)  weight_decay: 0.0500 (0.0500)  grad_norm: 0.0291 (0.0337)  time: 0.5994  data: 0.0002  max mem: 30401
Epoch: [57]  [ 70/159]  eta: 0:02:25  lr: 0.000046  min_lr: 0.000046  loss: 1.0000 (0.9992)  weight_decay: 0.0500 (0.0500)  grad_norm: 0.0321 (0.0340)  time: 0.5851  data: 0.0002  max mem: 30401
Epoch: [57]  [ 80/159]  eta: 0:01:59  lr: 0.000046  min_lr: 0.000046  loss: 0.9993 (0.9992)  weight_decay: 0.0500 (0.0500)  grad_norm: 0.0321 (0.0345)  time: 0.5826  data: 0.0001  max mem: 30401
Epoch: [57]  [ 90/159]  eta: 0:01:37  lr: 0.000046  min_lr: 0.000046  loss: 0.9990 (0.9991)  weight_decay: 0.0500 (0.0500)  grad_norm: 0.0347 (0.0347)  time: 0.5862  data: 0.0001  max mem: 30401
Epoch: [57]  [100/159]  eta: 0:01:18  lr: 0.000045  min_lr: 0.000045  loss: 0.9994 (0.9991)  weight_decay: 0.0500 (0.0500)  grad_norm: 0.0356 (0.0353)  time: 0.5888  data: 0.0001  max mem: 30401
Epoch: [57]  [110/159]  eta: 0:01:01  lr: 0.000045  min_lr: 0.000045  loss: 1.0000 (0.9992)  weight_decay: 0.0500 (0.0500)  grad_norm: 0.0348 (0.0351)  time: 0.5815  data: 0.0002  max mem: 30401
Epoch: [57]  [120/159]  eta: 0:00:46  lr: 0.000045  min_lr: 0.000045  loss: 1.0000 (0.9992)  weight_decay: 0.0500 (0.0500)  grad_norm: 0.0354 (0.0360)  time: 0.5765  data: 0.0002  max mem: 30401
Epoch: [57]  [130/159]  eta: 0:00:33  lr: 0.000045  min_lr: 0.000045  loss: 1.0000 (0.9991)  weight_decay: 0.0500 (0.0500)  grad_norm: 0.0354 (0.0366)  time: 0.5768  data: 0.0002  max mem: 30401
Epoch: [57]  [140/159]  eta: 0:00:21  lr: 0.000045  min_lr: 0.000045  loss: 0.9994 (0.9991)  weight_decay: 0.0500 (0.0500)  grad_norm: 0.0332 (0.0368)  time: 0.5755  data: 0.0002  max mem: 30401
Epoch: [57]  [150/159]  eta: 0:00:09  lr: 0.000045  min_lr: 0.000045  loss: 1.0000 (0.9991)  weight_decay: 0.0500 (0.0500)  grad_norm: 0.0356 (0.0369)  time: 0.5736  data: 0.0001  max mem: 30401
Epoch: [57]  [158/159]  eta: 0:00:01  lr: 0.000045  min_lr: 0.000045  loss: 0.9997 (0.9991)  weight_decay: 0.0500 (0.0500)  grad_norm: 0.0337 (0.0369)  time: 0.5764  data: 0.0001  max mem: 30401
Epoch: [57] Total time: 0:02:48 (1.0611 s / it)
Averaged stats: lr: 0.000045  min_lr: 0.000045  loss: 0.9997 (0.9992)  weight_decay: 0.0500 (0.0500)  grad_norm: 0.0337 (0.0369)
Epoch: [58]  [  0/159]  eta: 6:58:52  lr: 0.000045  min_lr: 0.000045  loss: 0.9963 (0.9963)  weight_decay: 0.0500 (0.0500)  grad_norm: 0.0619 (0.0619)  time: 158.0683  data: 104.0251  max mem: 30401
Epoch: [58]  [ 10/159]  eta: 0:39:06  lr: 0.000045  min_lr: 0.000045  loss: 0.9992 (0.9989)  weight_decay: 0.0500 (0.0500)  grad_norm: 0.0359 (0.0361)  time: 15.7473  data: 9.8402  max mem: 30401
Epoch: [58]  [ 20/159]  eta: 0:19:50  lr: 0.000045  min_lr: 0.000045  loss: 0.9990 (0.9989)  weight_decay: 0.0500 (0.0500)  grad_norm: 0.0359 (0.0369)  time: 1.0916  data: 0.2109  max mem: 30401
Epoch: [58]  [ 30/159]  eta: 0:12:56  lr: 0.000044  min_lr: 0.000044  loss: 1.0000 (0.9991)  weight_decay: 0.0500 (0.0500)  grad_norm: 0.0365 (0.0372)  time: 0.6653  data: 0.0002  max mem: 30401
Epoch: [58]  [ 40/159]  eta: 0:09:20  lr: 0.000044  min_lr: 0.000044  loss: 1.0000 (0.9989)  weight_decay: 0.0500 (0.0500)  grad_norm: 0.0353 (0.0369)  time: 0.6626  data: 0.0001  max mem: 30401
Epoch: [58]  [ 50/159]  eta: 0:07:06  lr: 0.000044  min_lr: 0.000044  loss: 1.0000 (0.9990)  weight_decay: 0.0500 (0.0500)  grad_norm: 0.0346 (0.0366)  time: 0.6606  data: 0.0001  max mem: 30401
Epoch: [58]  [ 60/159]  eta: 0:05:34  lr: 0.000044  min_lr: 0.000044  loss: 1.0000 (0.9991)  weight_decay: 0.0500 (0.0500)  grad_norm: 0.0370 (0.0374)  time: 0.6534  data: 0.0002  max mem: 30401
Epoch: [58]  [ 70/159]  eta: 0:04:26  lr: 0.000044  min_lr: 0.000044  loss: 1.0000 (0.9991)  weight_decay: 0.0500 (0.0500)  grad_norm: 0.0377 (0.0381)  time: 0.6575  data: 0.0001  max mem: 30401
Epoch: [58]  [ 80/159]  eta: 0:03:33  lr: 0.000044  min_lr: 0.000044  loss: 0.9988 (0.9991)  weight_decay: 0.0500 (0.0500)  grad_norm: 0.0357 (0.0378)  time: 0.6556  data: 0.0001  max mem: 30401
Epoch: [58]  [ 90/159]  eta: 0:02:50  lr: 0.000044  min_lr: 0.000044  loss: 0.9988 (0.9991)  weight_decay: 0.0500 (0.0500)  grad_norm: 0.0332 (0.0378)  time: 0.6300  data: 0.0002  max mem: 30401
Epoch: [58]  [100/159]  eta: 0:02:15  lr: 0.000044  min_lr: 0.000044  loss: 0.9995 (0.9991)  weight_decay: 0.0500 (0.0500)  grad_norm: 0.0384 (0.0387)  time: 0.6058  data: 0.0002  max mem: 30401
Epoch: [58]  [110/159]  eta: 0:01:44  lr: 0.000044  min_lr: 0.000044  loss: 1.0000 (0.9992)  weight_decay: 0.0500 (0.0500)  grad_norm: 0.0384 (0.0381)  time: 0.5966  data: 0.0002  max mem: 30401
Epoch: [58]  [120/159]  eta: 0:01:18  lr: 0.000043  min_lr: 0.000043  loss: 1.0000 (0.9992)  weight_decay: 0.0500 (0.0500)  grad_norm: 0.0283 (0.0375)  time: 0.5944  data: 0.0002  max mem: 30401
Epoch: [58]  [130/159]  eta: 0:00:55  lr: 0.000043  min_lr: 0.000043  loss: 0.9999 (0.9991)  weight_decay: 0.0500 (0.0500)  grad_norm: 0.0308 (0.0380)  time: 0.5877  data: 0.0002  max mem: 30401
Epoch: [58]  [140/159]  eta: 0:00:34  lr: 0.000043  min_lr: 0.000043  loss: 1.0000 (0.9991)  weight_decay: 0.0500 (0.0500)  grad_norm: 0.0453 (0.0386)  time: 0.5846  data: 0.0001  max mem: 30401
Epoch: [58]  [150/159]  eta: 0:00:15  lr: 0.000043  min_lr: 0.000043  loss: 0.9999 (0.9991)  weight_decay: 0.0500 (0.0500)  grad_norm: 0.0316 (0.0378)  time: 0.5864  data: 0.0001  max mem: 30401
Epoch: [58]  [158/159]  eta: 0:00:01  lr: 0.000043  min_lr: 0.000043  loss: 0.9997 (0.9992)  weight_decay: 0.0500 (0.0500)  grad_norm: 0.0354 (0.0380)  time: 0.5860  data: 0.0001  max mem: 30401
Epoch: [58] Total time: 0:04:26 (1.6785 s / it)
Averaged stats: lr: 0.000043  min_lr: 0.000043  loss: 0.9997 (0.9992)  weight_decay: 0.0500 (0.0500)  grad_norm: 0.0354 (0.0380)
Epoch: [59]  [  0/159]  eta: 2:21:20  lr: 0.000043  min_lr: 0.000043  loss: 0.9956 (0.9956)  weight_decay: 0.0500 (0.0500)  grad_norm: 0.1197 (0.1197)  time: 53.3346  data: 47.9803  max mem: 30401
Epoch: [59]  [ 10/159]  eta: 0:14:13  lr: 0.000043  min_lr: 0.000043  loss: 0.9991 (0.9986)  weight_decay: 0.0500 (0.0500)  grad_norm: 0.0290 (0.0391)  time: 5.7275  data: 4.3625  max mem: 30401
Epoch: [59]  [ 20/159]  eta: 0:07:49  lr: 0.000043  min_lr: 0.000043  loss: 0.9991 (0.9984)  weight_decay: 0.0500 (0.0500)  grad_norm: 0.0306 (0.0397)  time: 0.8779  data: 0.0005  max mem: 30401
Epoch: [59]  [ 30/159]  eta: 0:05:22  lr: 0.000043  min_lr: 0.000043  loss: 1.0000 (0.9988)  weight_decay: 0.0500 (0.0500)  grad_norm: 0.0369 (0.0380)  time: 0.7273  data: 0.0003  max mem: 30401
Epoch: [59]  [ 40/159]  eta: 0:04:04  lr: 0.000043  min_lr: 0.000043  loss: 1.0000 (0.9988)  weight_decay: 0.0500 (0.0500)  grad_norm: 0.0345 (0.0404)  time: 0.6609  data: 0.0002  max mem: 30401
Epoch: [59]  [ 50/159]  eta: 0:03:13  lr: 0.000042  min_lr: 0.000042  loss: 0.9999 (0.9989)  weight_decay: 0.0500 (0.0500)  grad_norm: 0.0345 (0.0395)  time: 0.6473  data: 0.0002  max mem: 30401
Epoch: [59]  [ 60/159]  eta: 0:02:37  lr: 0.000042  min_lr: 0.000042  loss: 1.0000 (0.9990)  weight_decay: 0.0500 (0.0500)  grad_norm: 0.0378 (0.0415)  time: 0.6454  data: 0.0002  max mem: 30401
Epoch: [59]  [ 70/159]  eta: 0:02:09  lr: 0.000042  min_lr: 0.000042  loss: 1.0000 (0.9990)  weight_decay: 0.0500 (0.0500)  grad_norm: 0.0347 (0.0400)  time: 0.6478  data: 0.0002  max mem: 30401
Epoch: [59]  [ 80/159]  eta: 0:01:47  lr: 0.000042  min_lr: 0.000042  loss: 0.9990 (0.9990)  weight_decay: 0.0500 (0.0500)  grad_norm: 0.0316 (0.0394)  time: 0.6418  data: 0.0001  max mem: 30401
Epoch: [59]  [ 90/159]  eta: 0:01:28  lr: 0.000042  min_lr: 0.000042  loss: 0.9987 (0.9990)  weight_decay: 0.0500 (0.0500)  grad_norm: 0.0359 (0.0393)  time: 0.6531  data: 0.0002  max mem: 30401
Epoch: [59]  [100/159]  eta: 0:01:11  lr: 0.000042  min_lr: 0.000042  loss: 0.9996 (0.9990)  weight_decay: 0.0500 (0.0500)  grad_norm: 0.0361 (0.0397)  time: 0.6544  data: 0.0002  max mem: 30401
Epoch: [59]  [110/159]  eta: 0:00:57  lr: 0.000042  min_lr: 0.000042  loss: 1.0000 (0.9991)  weight_decay: 0.0500 (0.0500)  grad_norm: 0.0361 (0.0398)  time: 0.6408  data: 0.0002  max mem: 30401
Epoch: [59]  [120/159]  eta: 0:00:43  lr: 0.000042  min_lr: 0.000042  loss: 1.0000 (0.9991)  weight_decay: 0.0500 (0.0500)  grad_norm: 0.0395 (0.0403)  time: 0.6338  data: 0.0002  max mem: 30401
Epoch: [59]  [130/159]  eta: 0:00:31  lr: 0.000042  min_lr: 0.000042  loss: 0.9996 (0.9991)  weight_decay: 0.0500 (0.0500)  grad_norm: 0.0390 (0.0400)  time: 0.6389  data: 0.0001  max mem: 30401
Epoch: [59]  [140/159]  eta: 0:00:20  lr: 0.000042  min_lr: 0.000042  loss: 0.9997 (0.9991)  weight_decay: 0.0500 (0.0500)  grad_norm: 0.0271 (0.0395)  time: 0.6420  data: 0.0001  max mem: 30401
Epoch: [59]  [150/159]  eta: 0:00:09  lr: 0.000041  min_lr: 0.000041  loss: 0.9999 (0.9991)  weight_decay: 0.0500 (0.0500)  grad_norm: 0.0265 (0.0390)  time: 0.6347  data: 0.0001  max mem: 30401
Epoch: [59]  [158/159]  eta: 0:00:01  lr: 0.000041  min_lr: 0.000041  loss: 0.9994 (0.9991)  weight_decay: 0.0500 (0.0500)  grad_norm: 0.0340 (0.0392)  time: 0.6584  data: 0.0001  max mem: 30401
Epoch: [59] Total time: 0:02:41 (1.0169 s / it)
Averaged stats: lr: 0.000041  min_lr: 0.000041  loss: 0.9994 (0.9992)  weight_decay: 0.0500 (0.0500)  grad_norm: 0.0340 (0.0392)
Epoch: [60]  [  0/159]  eta: 2:20:52  lr: 0.000041  min_lr: 0.000041  loss: 0.9992 (0.9992)  weight_decay: 0.0500 (0.0500)  grad_norm: 0.0255 (0.0255)  time: 53.1600  data: 46.8706  max mem: 30401
Epoch: [60]  [ 10/159]  eta: 0:13:59  lr: 0.000041  min_lr: 0.000041  loss: 0.9990 (0.9984)  weight_decay: 0.0500 (0.0500)  grad_norm: 0.0435 (0.0484)  time: 5.6328  data: 4.2614  max mem: 30401
Epoch: [60]  [ 20/159]  eta: 0:07:42  lr: 0.000041  min_lr: 0.000041  loss: 0.9999 (0.9987)  weight_decay: 0.0500 (0.0500)  grad_norm: 0.0387 (0.0438)  time: 0.8388  data: 0.0003  max mem: 30401
Epoch: [60]  [ 30/159]  eta: 0:05:18  lr: 0.000041  min_lr: 0.000041  loss: 1.0000 (0.9989)  weight_decay: 0.0500 (0.0500)  grad_norm: 0.0310 (0.0405)  time: 0.7317  data: 0.0002  max mem: 30401
Epoch: [60]  [ 40/159]  eta: 0:04:02  lr: 0.000041  min_lr: 0.000041  loss: 1.0000 (0.9990)  weight_decay: 0.0500 (0.0500)  grad_norm: 0.0348 (0.0404)  time: 0.6790  data: 0.0002  max mem: 30401
Epoch: [60]  [ 50/159]  eta: 0:03:12  lr: 0.000041  min_lr: 0.000041  loss: 0.9999 (0.9990)  weight_decay: 0.0500 (0.0500)  grad_norm: 0.0416 (0.0408)  time: 0.6704  data: 0.0002  max mem: 30401
Epoch: [60]  [ 60/159]  eta: 0:02:37  lr: 0.000041  min_lr: 0.000041  loss: 1.0000 (0.9991)  weight_decay: 0.0500 (0.0500)  grad_norm: 0.0366 (0.0407)  time: 0.6828  data: 0.0002  max mem: 30401
Epoch: [60]  [ 70/159]  eta: 0:02:10  lr: 0.000041  min_lr: 0.000041  loss: 1.0000 (0.9991)  weight_decay: 0.0500 (0.0500)  grad_norm: 0.0326 (0.0413)  time: 0.7128  data: 0.0002  max mem: 30401
Epoch: [60]  [ 80/159]  eta: 0:01:48  lr: 0.000040  min_lr: 0.000040  loss: 0.9988 (0.9991)  weight_decay: 0.0500 (0.0500)  grad_norm: 0.0352 (0.0406)  time: 0.7105  data: 0.0002  max mem: 30401
Epoch: [60]  [ 90/159]  eta: 0:01:29  lr: 0.000040  min_lr: 0.000040  loss: 0.9987 (0.9990)  weight_decay: 0.0500 (0.0500)  grad_norm: 0.0366 (0.0399)  time: 0.7196  data: 0.0002  max mem: 30401
Epoch: [60]  [100/159]  eta: 0:01:13  lr: 0.000040  min_lr: 0.000040  loss: 0.9992 (0.9991)  weight_decay: 0.0500 (0.0500)  grad_norm: 0.0370 (0.0411)  time: 0.7041  data: 0.0002  max mem: 30401
Epoch: [60]  [110/159]  eta: 0:00:58  lr: 0.000040  min_lr: 0.000040  loss: 1.0000 (0.9991)  weight_decay: 0.0500 (0.0500)  grad_norm: 0.0456 (0.0411)  time: 0.6764  data: 0.0002  max mem: 30401
Epoch: [60]  [120/159]  eta: 0:00:44  lr: 0.000040  min_lr: 0.000040  loss: 1.0000 (0.9991)  weight_decay: 0.0500 (0.0500)  grad_norm: 0.0383 (0.0408)  time: 0.6758  data: 0.0002  max mem: 30401
Epoch: [60]  [130/159]  eta: 0:00:32  lr: 0.000040  min_lr: 0.000040  loss: 0.9998 (0.9991)  weight_decay: 0.0500 (0.0500)  grad_norm: 0.0372 (0.0402)  time: 0.6722  data: 0.0002  max mem: 30401
Epoch: [60]  [140/159]  eta: 0:00:20  lr: 0.000040  min_lr: 0.000040  loss: 0.9998 (0.9991)  weight_decay: 0.0500 (0.0500)  grad_norm: 0.0381 (0.0414)  time: 0.6474  data: 0.0002  max mem: 30401
Epoch: [60]  [150/159]  eta: 0:00:09  lr: 0.000040  min_lr: 0.000040  loss: 1.0000 (0.9991)  weight_decay: 0.0500 (0.0500)  grad_norm: 0.0373 (0.0412)  time: 0.6323  data: 0.0002  max mem: 30401
Epoch: [60]  [158/159]  eta: 0:00:01  lr: 0.000040  min_lr: 0.000040  loss: 1.0000 (0.9991)  weight_decay: 0.0500 (0.0500)  grad_norm: 0.0373 (0.0412)  time: 0.6623  data: 0.0002  max mem: 30401
Epoch: [60] Total time: 0:02:45 (1.0397 s / it)
Averaged stats: lr: 0.000040  min_lr: 0.000040  loss: 1.0000 (0.9992)  weight_decay: 0.0500 (0.0500)  grad_norm: 0.0373 (0.0412)
[Eval]   [0/2]  eta: 0:00:16  loss: 0.9984 (0.9984)  time: 8.3089  data: 8.1453  max mem: 30401
[Eval]   [1/2]  eta: 0:00:04  loss: 0.9984 (0.9992)  time: 4.2039  data: 4.0727  max mem: 30401
[Eval]  Total time: 0:00:08 (4.4261 s / it)
Eval averaged stats: loss: 0.9984 (0.9993)
Logged 9 eval images
Epoch: [61]  [  0/159]  eta: 1:59:32  lr: 0.000040  min_lr: 0.000040  loss: 0.9947 (0.9947)  weight_decay: 0.0500 (0.0500)  grad_norm: 0.0290 (0.0290)  time: 45.1126  data: 43.9498  max mem: 30401
Epoch: [61]  [ 10/159]  eta: 0:12:50  lr: 0.000039  min_lr: 0.000039  loss: 0.9994 (0.9986)  weight_decay: 0.0500 (0.0500)  grad_norm: 0.0284 (0.0305)  time: 5.1722  data: 3.9960  max mem: 30401
Epoch: [61]  [ 20/159]  eta: 0:07:01  lr: 0.000039  min_lr: 0.000039  loss: 1.0000 (0.9988)  weight_decay: 0.0500 (0.0500)  grad_norm: 0.0337 (0.0353)  time: 0.9262  data: 0.0005  max mem: 30401
Epoch: [61]  [ 30/159]  eta: 0:04:48  lr: 0.000039  min_lr: 0.000039  loss: 1.0000 (0.9990)  weight_decay: 0.0500 (0.0500)  grad_norm: 0.0358 (0.0363)  time: 0.6253  data: 0.0002  max mem: 30401
Epoch: [61]  [ 40/159]  eta: 0:03:38  lr: 0.000039  min_lr: 0.000039  loss: 1.0000 (0.9991)  weight_decay: 0.0500 (0.0500)  grad_norm: 0.0358 (0.0373)  time: 0.5758  data: 0.0001  max mem: 30401
Epoch: [61]  [ 50/159]  eta: 0:02:52  lr: 0.000039  min_lr: 0.000039  loss: 1.0000 (0.9992)  weight_decay: 0.0500 (0.0500)  grad_norm: 0.0363 (0.0367)  time: 0.5737  data: 0.0001  max mem: 30401
Epoch: [61]  [ 60/159]  eta: 0:02:20  lr: 0.000039  min_lr: 0.000039  loss: 1.0000 (0.9992)  weight_decay: 0.0500 (0.0500)  grad_norm: 0.0431 (0.0393)  time: 0.5723  data: 0.0001  max mem: 30401
Epoch: [61]  [ 70/159]  eta: 0:01:55  lr: 0.000039  min_lr: 0.000039  loss: 1.0000 (0.9992)  weight_decay: 0.0500 (0.0500)  grad_norm: 0.0441 (0.0393)  time: 0.5731  data: 0.0001  max mem: 30401
Epoch: [61]  [ 80/159]  eta: 0:01:35  lr: 0.000039  min_lr: 0.000039  loss: 0.9996 (0.9992)  weight_decay: 0.0500 (0.0500)  grad_norm: 0.0423 (0.0402)  time: 0.5724  data: 0.0002  max mem: 30401
Epoch: [61]  [ 90/159]  eta: 0:01:18  lr: 0.000039  min_lr: 0.000039  loss: 0.9988 (0.9991)  weight_decay: 0.0500 (0.0500)  grad_norm: 0.0402 (0.0405)  time: 0.5719  data: 0.0001  max mem: 30401
Epoch: [61]  [100/159]  eta: 0:01:03  lr: 0.000039  min_lr: 0.000039  loss: 0.9994 (0.9992)  weight_decay: 0.0500 (0.0500)  grad_norm: 0.0427 (0.0417)  time: 0.5736  data: 0.0001  max mem: 30401
Epoch: [61]  [110/159]  eta: 0:00:50  lr: 0.000038  min_lr: 0.000038  loss: 1.0000 (0.9992)  weight_decay: 0.0500 (0.0500)  grad_norm: 0.0383 (0.0415)  time: 0.5739  data: 0.0001  max mem: 30401
Epoch: [61]  [120/159]  eta: 0:00:38  lr: 0.000038  min_lr: 0.000038  loss: 1.0000 (0.9993)  weight_decay: 0.0500 (0.0500)  grad_norm: 0.0322 (0.0413)  time: 0.5725  data: 0.0002  max mem: 30401
Epoch: [61]  [130/159]  eta: 0:00:28  lr: 0.000038  min_lr: 0.000038  loss: 1.0000 (0.9992)  weight_decay: 0.0500 (0.0500)  grad_norm: 0.0319 (0.0408)  time: 0.5724  data: 0.0001  max mem: 30401
Epoch: [61]  [140/159]  eta: 0:00:17  lr: 0.000038  min_lr: 0.000038  loss: 1.0000 (0.9992)  weight_decay: 0.0500 (0.0500)  grad_norm: 0.0335 (0.0410)  time: 0.5722  data: 0.0001  max mem: 30401
Epoch: [61]  [150/159]  eta: 0:00:08  lr: 0.000038  min_lr: 0.000038  loss: 1.0000 (0.9992)  weight_decay: 0.0500 (0.0500)  grad_norm: 0.0358 (0.0414)  time: 0.5724  data: 0.0001  max mem: 30401
Epoch: [61]  [158/159]  eta: 0:00:00  lr: 0.000038  min_lr: 0.000038  loss: 1.0000 (0.9992)  weight_decay: 0.0500 (0.0500)  grad_norm: 0.0458 (0.0418)  time: 0.5724  data: 0.0001  max mem: 30401
Epoch: [61] Total time: 0:02:24 (0.9068 s / it)
Averaged stats: lr: 0.000038  min_lr: 0.000038  loss: 1.0000 (0.9991)  weight_decay: 0.0500 (0.0500)  grad_norm: 0.0458 (0.0418)
Epoch: [62]  [  0/159]  eta: 2:31:00  lr: 0.000038  min_lr: 0.000038  loss: 0.9994 (0.9994)  weight_decay: 0.0500 (0.0500)  grad_norm: 0.0330 (0.0330)  time: 56.9818  data: 51.4822  max mem: 30401
Epoch: [62]  [ 10/159]  eta: 0:15:16  lr: 0.000038  min_lr: 0.000038  loss: 0.9994 (0.9991)  weight_decay: 0.0500 (0.0500)  grad_norm: 0.0401 (0.0406)  time: 6.1534  data: 4.6807  max mem: 30401
Epoch: [62]  [ 20/159]  eta: 0:08:08  lr: 0.000038  min_lr: 0.000038  loss: 0.9994 (0.9988)  weight_decay: 0.0500 (0.0500)  grad_norm: 0.0360 (0.0389)  time: 0.8444  data: 0.0003  max mem: 30401
Epoch: [62]  [ 30/159]  eta: 0:05:32  lr: 0.000038  min_lr: 0.000038  loss: 1.0000 (0.9990)  weight_decay: 0.0500 (0.0500)  grad_norm: 0.0330 (0.0377)  time: 0.6091  data: 0.0001  max mem: 30401
Epoch: [62]  [ 40/159]  eta: 0:04:08  lr: 0.000037  min_lr: 0.000037  loss: 1.0000 (0.9991)  weight_decay: 0.0500 (0.0500)  grad_norm: 0.0369 (0.0370)  time: 0.5889  data: 0.0001  max mem: 30401
Epoch: [62]  [ 50/159]  eta: 0:03:15  lr: 0.000037  min_lr: 0.000037  loss: 1.0000 (0.9991)  weight_decay: 0.0500 (0.0500)  grad_norm: 0.0361 (0.0366)  time: 0.5764  data: 0.0001  max mem: 30401
Epoch: [62]  [ 60/159]  eta: 0:02:37  lr: 0.000037  min_lr: 0.000037  loss: 1.0000 (0.9992)  weight_decay: 0.0500 (0.0500)  grad_norm: 0.0364 (0.0375)  time: 0.5811  data: 0.0001  max mem: 30401
Epoch: [62]  [ 70/159]  eta: 0:02:09  lr: 0.000037  min_lr: 0.000037  loss: 1.0000 (0.9992)  weight_decay: 0.0500 (0.0500)  grad_norm: 0.0403 (0.0398)  time: 0.5817  data: 0.0001  max mem: 30401
Epoch: [62]  [ 80/159]  eta: 0:01:46  lr: 0.000037  min_lr: 0.000037  loss: 1.0000 (0.9992)  weight_decay: 0.0500 (0.0500)  grad_norm: 0.0478 (0.0410)  time: 0.5743  data: 0.0001  max mem: 30401
Epoch: [62]  [ 90/159]  eta: 0:01:26  lr: 0.000037  min_lr: 0.000037  loss: 0.9986 (0.9991)  weight_decay: 0.0500 (0.0500)  grad_norm: 0.0490 (0.0416)  time: 0.5728  data: 0.0002  max mem: 30401
Epoch: [62]  [100/159]  eta: 0:01:10  lr: 0.000037  min_lr: 0.000037  loss: 0.9993 (0.9991)  weight_decay: 0.0500 (0.0500)  grad_norm: 0.0434 (0.0416)  time: 0.5735  data: 0.0002  max mem: 30401
Epoch: [62]  [110/159]  eta: 0:00:55  lr: 0.000037  min_lr: 0.000037  loss: 1.0000 (0.9992)  weight_decay: 0.0500 (0.0500)  grad_norm: 0.0434 (0.0415)  time: 0.5735  data: 0.0002  max mem: 30401
Epoch: [62]  [120/159]  eta: 0:00:42  lr: 0.000037  min_lr: 0.000037  loss: 1.0000 (0.9991)  weight_decay: 0.0500 (0.0500)  grad_norm: 0.0420 (0.0419)  time: 0.5736  data: 0.0002  max mem: 30401
Epoch: [62]  [130/159]  eta: 0:00:30  lr: 0.000037  min_lr: 0.000037  loss: 0.9995 (0.9991)  weight_decay: 0.0500 (0.0500)  grad_norm: 0.0441 (0.0421)  time: 0.5735  data: 0.0001  max mem: 30401
Epoch: [62]  [140/159]  eta: 0:00:19  lr: 0.000036  min_lr: 0.000036  loss: 0.9996 (0.9991)  weight_decay: 0.0500 (0.0500)  grad_norm: 0.0441 (0.0422)  time: 0.5735  data: 0.0001  max mem: 30401
Epoch: [62]  [150/159]  eta: 0:00:08  lr: 0.000036  min_lr: 0.000036  loss: 0.9995 (0.9991)  weight_decay: 0.0500 (0.0500)  grad_norm: 0.0357 (0.0420)  time: 0.5748  data: 0.0001  max mem: 30401
Epoch: [62]  [158/159]  eta: 0:00:00  lr: 0.000036  min_lr: 0.000036  loss: 0.9995 (0.9991)  weight_decay: 0.0500 (0.0500)  grad_norm: 0.0377 (0.0421)  time: 0.5761  data: 0.0001  max mem: 30401
Epoch: [62] Total time: 0:02:35 (0.9755 s / it)
Averaged stats: lr: 0.000036  min_lr: 0.000036  loss: 0.9995 (0.9991)  weight_decay: 0.0500 (0.0500)  grad_norm: 0.0377 (0.0421)
Epoch: [63]  [  0/159]  eta: 2:18:38  lr: 0.000036  min_lr: 0.000036  loss: 0.9957 (0.9957)  weight_decay: 0.0500 (0.0500)  grad_norm: 0.0412 (0.0412)  time: 52.3170  data: 50.4095  max mem: 30401
Epoch: [63]  [ 10/159]  eta: 0:14:11  lr: 0.000036  min_lr: 0.000036  loss: 0.9994 (0.9986)  weight_decay: 0.0500 (0.0500)  grad_norm: 0.0297 (0.0392)  time: 5.7180  data: 4.5834  max mem: 30401
Epoch: [63]  [ 20/159]  eta: 0:07:47  lr: 0.000036  min_lr: 0.000036  loss: 0.9990 (0.9985)  weight_decay: 0.0500 (0.0500)  grad_norm: 0.0358 (0.0423)  time: 0.9166  data: 0.0007  max mem: 30401
Epoch: [63]  [ 30/159]  eta: 0:05:17  lr: 0.000036  min_lr: 0.000036  loss: 1.0000 (0.9986)  weight_decay: 0.0500 (0.0500)  grad_norm: 0.0445 (0.0431)  time: 0.6755  data: 0.0003  max mem: 30401
Epoch: [63]  [ 40/159]  eta: 0:03:58  lr: 0.000036  min_lr: 0.000036  loss: 1.0000 (0.9987)  weight_decay: 0.0500 (0.0500)  grad_norm: 0.0403 (0.0428)  time: 0.5813  data: 0.0002  max mem: 30401
Epoch: [63]  [ 50/159]  eta: 0:03:08  lr: 0.000036  min_lr: 0.000036  loss: 1.0000 (0.9988)  weight_decay: 0.0500 (0.0500)  grad_norm: 0.0386 (0.0424)  time: 0.5813  data: 0.0002  max mem: 30401
Epoch: [63]  [ 60/159]  eta: 0:02:32  lr: 0.000036  min_lr: 0.000036  loss: 1.0000 (0.9989)  weight_decay: 0.0500 (0.0500)  grad_norm: 0.0386 (0.0435)  time: 0.5744  data: 0.0002  max mem: 30401
Epoch: [63]  [ 70/159]  eta: 0:02:04  lr: 0.000035  min_lr: 0.000035  loss: 1.0000 (0.9990)  weight_decay: 0.0500 (0.0500)  grad_norm: 0.0376 (0.0432)  time: 0.5723  data: 0.0002  max mem: 30401
Epoch: [63]  [ 80/159]  eta: 0:01:42  lr: 0.000035  min_lr: 0.000035  loss: 0.9998 (0.9991)  weight_decay: 0.0500 (0.0500)  grad_norm: 0.0375 (0.0427)  time: 0.5722  data: 0.0001  max mem: 30401
Epoch: [63]  [ 90/159]  eta: 0:01:24  lr: 0.000035  min_lr: 0.000035  loss: 0.9986 (0.9990)  weight_decay: 0.0500 (0.0500)  grad_norm: 0.0305 (0.0415)  time: 0.5725  data: 0.0001  max mem: 30401
Epoch: [63]  [100/159]  eta: 0:01:08  lr: 0.000035  min_lr: 0.000035  loss: 0.9986 (0.9990)  weight_decay: 0.0500 (0.0500)  grad_norm: 0.0392 (0.0428)  time: 0.5725  data: 0.0001  max mem: 30401
Epoch: [63]  [110/159]  eta: 0:00:54  lr: 0.000035  min_lr: 0.000035  loss: 1.0000 (0.9991)  weight_decay: 0.0500 (0.0500)  grad_norm: 0.0440 (0.0429)  time: 0.5732  data: 0.0001  max mem: 30401
Epoch: [63]  [120/159]  eta: 0:00:41  lr: 0.000035  min_lr: 0.000035  loss: 1.0000 (0.9991)  weight_decay: 0.0500 (0.0500)  grad_norm: 0.0444 (0.0435)  time: 0.5733  data: 0.0001  max mem: 30401
Epoch: [63]  [130/159]  eta: 0:00:29  lr: 0.000035  min_lr: 0.000035  loss: 0.9998 (0.9990)  weight_decay: 0.0500 (0.0500)  grad_norm: 0.0441 (0.0437)  time: 0.5735  data: 0.0001  max mem: 30401
Epoch: [63]  [140/159]  eta: 0:00:18  lr: 0.000035  min_lr: 0.000035  loss: 0.9998 (0.9990)  weight_decay: 0.0500 (0.0500)  grad_norm: 0.0420 (0.0443)  time: 0.5740  data: 0.0001  max mem: 30401
Epoch: [63]  [150/159]  eta: 0:00:08  lr: 0.000035  min_lr: 0.000035  loss: 1.0000 (0.9990)  weight_decay: 0.0500 (0.0500)  grad_norm: 0.0390 (0.0439)  time: 0.5739  data: 0.0001  max mem: 30401
Epoch: [63]  [158/159]  eta: 0:00:00  lr: 0.000035  min_lr: 0.000035  loss: 0.9999 (0.9990)  weight_decay: 0.0500 (0.0500)  grad_norm: 0.0408 (0.0446)  time: 0.5736  data: 0.0001  max mem: 30401
Epoch: [63] Total time: 0:02:31 (0.9520 s / it)
Averaged stats: lr: 0.000035  min_lr: 0.000035  loss: 0.9999 (0.9990)  weight_decay: 0.0500 (0.0500)  grad_norm: 0.0408 (0.0446)
Epoch: [64]  [  0/159]  eta: 2:21:40  lr: 0.000035  min_lr: 0.000035  loss: 0.9962 (0.9962)  weight_decay: 0.0500 (0.0500)  grad_norm: 0.0484 (0.0484)  time: 53.4607  data: 46.8159  max mem: 30401
Epoch: [64]  [ 10/159]  eta: 0:14:20  lr: 0.000034  min_lr: 0.000034  loss: 0.9989 (0.9987)  weight_decay: 0.0500 (0.0500)  grad_norm: 0.0515 (0.0526)  time: 5.7723  data: 4.2563  max mem: 30401
Epoch: [64]  [ 20/159]  eta: 0:07:51  lr: 0.000034  min_lr: 0.000034  loss: 0.9989 (0.9986)  weight_decay: 0.0500 (0.0500)  grad_norm: 0.0430 (0.0488)  time: 0.8884  data: 0.0003  max mem: 30401
Epoch: [64]  [ 30/159]  eta: 0:05:21  lr: 0.000034  min_lr: 0.000034  loss: 1.0000 (0.9989)  weight_decay: 0.0500 (0.0500)  grad_norm: 0.0423 (0.0490)  time: 0.6874  data: 0.0002  max mem: 30401
Epoch: [64]  [ 40/159]  eta: 0:04:01  lr: 0.000034  min_lr: 0.000034  loss: 1.0000 (0.9989)  weight_decay: 0.0500 (0.0500)  grad_norm: 0.0507 (0.0503)  time: 0.5974  data: 0.0002  max mem: 30401
Epoch: [64]  [ 50/159]  eta: 0:03:10  lr: 0.000034  min_lr: 0.000034  loss: 0.9997 (0.9989)  weight_decay: 0.0500 (0.0500)  grad_norm: 0.0507 (0.0492)  time: 0.5895  data: 0.0002  max mem: 30401
Epoch: [64]  [ 60/159]  eta: 0:02:33  lr: 0.000034  min_lr: 0.000034  loss: 0.9997 (0.9989)  weight_decay: 0.0500 (0.0500)  grad_norm: 0.0446 (0.0482)  time: 0.5811  data: 0.0002  max mem: 30401
Epoch: [64]  [ 70/159]  eta: 0:02:06  lr: 0.000034  min_lr: 0.000034  loss: 1.0000 (0.9989)  weight_decay: 0.0500 (0.0500)  grad_norm: 0.0409 (0.0476)  time: 0.5760  data: 0.0001  max mem: 30401
Epoch: [64]  [ 80/159]  eta: 0:01:43  lr: 0.000034  min_lr: 0.000034  loss: 0.9992 (0.9989)  weight_decay: 0.0500 (0.0500)  grad_norm: 0.0387 (0.0472)  time: 0.5734  data: 0.0002  max mem: 30401
Epoch: [64]  [ 90/159]  eta: 0:01:24  lr: 0.000034  min_lr: 0.000034  loss: 0.9988 (0.9989)  weight_decay: 0.0500 (0.0500)  grad_norm: 0.0387 (0.0467)  time: 0.5717  data: 0.0002  max mem: 30401
Epoch: [64]  [100/159]  eta: 0:01:08  lr: 0.000034  min_lr: 0.000034  loss: 0.9988 (0.9989)  weight_decay: 0.0500 (0.0500)  grad_norm: 0.0391 (0.0468)  time: 0.5809  data: 0.0002  max mem: 30401
Epoch: [64]  [110/159]  eta: 0:00:54  lr: 0.000033  min_lr: 0.000033  loss: 1.0000 (0.9990)  weight_decay: 0.0500 (0.0500)  grad_norm: 0.0457 (0.0473)  time: 0.5939  data: 0.0002  max mem: 30401
Epoch: [64]  [120/159]  eta: 0:00:41  lr: 0.000033  min_lr: 0.000033  loss: 1.0000 (0.9990)  weight_decay: 0.0500 (0.0500)  grad_norm: 0.0488 (0.0476)  time: 0.5972  data: 0.0002  max mem: 30401
Epoch: [64]  [130/159]  eta: 0:00:30  lr: 0.000033  min_lr: 0.000033  loss: 0.9991 (0.9989)  weight_decay: 0.0500 (0.0500)  grad_norm: 0.0486 (0.0482)  time: 0.6016  data: 0.0002  max mem: 30401
Epoch: [64]  [140/159]  eta: 0:00:19  lr: 0.000033  min_lr: 0.000033  loss: 0.9992 (0.9989)  weight_decay: 0.0500 (0.0500)  grad_norm: 0.0461 (0.0477)  time: 0.6053  data: 0.0002  max mem: 30401
Epoch: [64]  [150/159]  eta: 0:00:08  lr: 0.000033  min_lr: 0.000033  loss: 1.0000 (0.9989)  weight_decay: 0.0500 (0.0500)  grad_norm: 0.0398 (0.0471)  time: 0.6217  data: 0.0002  max mem: 30401
Epoch: [64]  [158/159]  eta: 0:00:00  lr: 0.000033  min_lr: 0.000033  loss: 0.9990 (0.9989)  weight_decay: 0.0500 (0.0500)  grad_norm: 0.0402 (0.0472)  time: 0.6455  data: 0.0002  max mem: 30401
Epoch: [64] Total time: 0:02:35 (0.9761 s / it)
Averaged stats: lr: 0.000033  min_lr: 0.000033  loss: 0.9990 (0.9990)  weight_decay: 0.0500 (0.0500)  grad_norm: 0.0402 (0.0472)
Epoch: [65]  [  0/159]  eta: 2:16:37  lr: 0.000033  min_lr: 0.000033  loss: 0.9965 (0.9965)  weight_decay: 0.0500 (0.0500)  grad_norm: 0.0350 (0.0350)  time: 51.5565  data: 50.2312  max mem: 30401
Epoch: [65]  [ 10/159]  eta: 0:14:20  lr: 0.000033  min_lr: 0.000033  loss: 0.9983 (0.9985)  weight_decay: 0.0500 (0.0500)  grad_norm: 0.0500 (0.0503)  time: 5.7777  data: 4.5669  max mem: 30401
Epoch: [65]  [ 20/159]  eta: 0:07:46  lr: 0.000033  min_lr: 0.000033  loss: 0.9990 (0.9984)  weight_decay: 0.0500 (0.0500)  grad_norm: 0.0418 (0.0484)  time: 0.9470  data: 0.0003  max mem: 30401
Epoch: [65]  [ 30/159]  eta: 0:05:17  lr: 0.000033  min_lr: 0.000033  loss: 1.0000 (0.9987)  weight_decay: 0.0500 (0.0500)  grad_norm: 0.0404 (0.0454)  time: 0.6343  data: 0.0002  max mem: 30401
Epoch: [65]  [ 40/159]  eta: 0:03:58  lr: 0.000032  min_lr: 0.000032  loss: 1.0000 (0.9988)  weight_decay: 0.0500 (0.0500)  grad_norm: 0.0401 (0.0444)  time: 0.5762  data: 0.0001  max mem: 30401
Epoch: [65]  [ 50/159]  eta: 0:03:07  lr: 0.000032  min_lr: 0.000032  loss: 0.9998 (0.9988)  weight_decay: 0.0500 (0.0500)  grad_norm: 0.0346 (0.0442)  time: 0.5757  data: 0.0001  max mem: 30401
Epoch: [65]  [ 60/159]  eta: 0:02:31  lr: 0.000032  min_lr: 0.000032  loss: 0.9998 (0.9989)  weight_decay: 0.0500 (0.0500)  grad_norm: 0.0518 (0.0476)  time: 0.5727  data: 0.0001  max mem: 30401
Epoch: [65]  [ 70/159]  eta: 0:02:04  lr: 0.000032  min_lr: 0.000032  loss: 1.0000 (0.9989)  weight_decay: 0.0500 (0.0500)  grad_norm: 0.0524 (0.0475)  time: 0.5722  data: 0.0001  max mem: 30401
Epoch: [65]  [ 80/159]  eta: 0:01:42  lr: 0.000032  min_lr: 0.000032  loss: 0.9993 (0.9989)  weight_decay: 0.0500 (0.0500)  grad_norm: 0.0462 (0.0477)  time: 0.5726  data: 0.0001  max mem: 30401
Epoch: [65]  [ 90/159]  eta: 0:01:23  lr: 0.000032  min_lr: 0.000032  loss: 0.9986 (0.9989)  weight_decay: 0.0500 (0.0500)  grad_norm: 0.0462 (0.0478)  time: 0.5735  data: 0.0001  max mem: 30401
Epoch: [65]  [100/159]  eta: 0:01:08  lr: 0.000032  min_lr: 0.000032  loss: 0.9984 (0.9989)  weight_decay: 0.0500 (0.0500)  grad_norm: 0.0544 (0.0485)  time: 0.5758  data: 0.0001  max mem: 30401
Epoch: [65]  [110/159]  eta: 0:00:53  lr: 0.000032  min_lr: 0.000032  loss: 1.0000 (0.9989)  weight_decay: 0.0500 (0.0500)  grad_norm: 0.0548 (0.0490)  time: 0.5751  data: 0.0002  max mem: 30401
Epoch: [65]  [120/159]  eta: 0:00:41  lr: 0.000032  min_lr: 0.000032  loss: 1.0000 (0.9990)  weight_decay: 0.0500 (0.0500)  grad_norm: 0.0431 (0.0486)  time: 0.5727  data: 0.0001  max mem: 30401
Epoch: [65]  [130/159]  eta: 0:00:29  lr: 0.000032  min_lr: 0.000032  loss: 1.0000 (0.9989)  weight_decay: 0.0500 (0.0500)  grad_norm: 0.0414 (0.0486)  time: 0.5724  data: 0.0001  max mem: 30401
Epoch: [65]  [140/159]  eta: 0:00:18  lr: 0.000031  min_lr: 0.000031  loss: 1.0000 (0.9989)  weight_decay: 0.0500 (0.0500)  grad_norm: 0.0471 (0.0488)  time: 0.5735  data: 0.0001  max mem: 30401
Epoch: [65]  [150/159]  eta: 0:00:08  lr: 0.000031  min_lr: 0.000031  loss: 1.0000 (0.9989)  weight_decay: 0.0500 (0.0500)  grad_norm: 0.0454 (0.0483)  time: 0.5729  data: 0.0001  max mem: 30401
Epoch: [65]  [158/159]  eta: 0:00:00  lr: 0.000031  min_lr: 0.000031  loss: 0.9999 (0.9989)  weight_decay: 0.0500 (0.0500)  grad_norm: 0.0378 (0.0483)  time: 0.5711  data: 0.0001  max mem: 30401
Epoch: [65] Total time: 0:02:31 (0.9507 s / it)
Averaged stats: lr: 0.000031  min_lr: 0.000031  loss: 0.9999 (0.9990)  weight_decay: 0.0500 (0.0500)  grad_norm: 0.0378 (0.0483)
Epoch: [66]  [  0/159]  eta: 2:28:51  lr: 0.000031  min_lr: 0.000031  loss: 0.9978 (0.9978)  weight_decay: 0.0500 (0.0500)  grad_norm: 0.0316 (0.0316)  time: 56.1726  data: 46.0694  max mem: 30401
Epoch: [66]  [ 10/159]  eta: 0:15:33  lr: 0.000031  min_lr: 0.000031  loss: 0.9996 (0.9984)  weight_decay: 0.0500 (0.0500)  grad_norm: 0.0382 (0.0446)  time: 6.2639  data: 4.1888  max mem: 30401
Epoch: [66]  [ 20/159]  eta: 0:08:22  lr: 0.000031  min_lr: 0.000031  loss: 0.9996 (0.9987)  weight_decay: 0.0500 (0.0500)  grad_norm: 0.0421 (0.0457)  time: 0.9870  data: 0.0005  max mem: 30401
Epoch: [66]  [ 30/159]  eta: 0:05:42  lr: 0.000031  min_lr: 0.000031  loss: 1.0000 (0.9988)  weight_decay: 0.0500 (0.0500)  grad_norm: 0.0413 (0.0431)  time: 0.6679  data: 0.0002  max mem: 30401
Epoch: [66]  [ 40/159]  eta: 0:04:16  lr: 0.000031  min_lr: 0.000031  loss: 1.0000 (0.9989)  weight_decay: 0.0500 (0.0500)  grad_norm: 0.0413 (0.0457)  time: 0.6159  data: 0.0002  max mem: 30401
Epoch: [66]  [ 50/159]  eta: 0:03:20  lr: 0.000031  min_lr: 0.000031  loss: 0.9998 (0.9988)  weight_decay: 0.0500 (0.0500)  grad_norm: 0.0571 (0.0486)  time: 0.5888  data: 0.0002  max mem: 30401
Epoch: [66]  [ 60/159]  eta: 0:02:43  lr: 0.000031  min_lr: 0.000031  loss: 1.0000 (0.9989)  weight_decay: 0.0500 (0.0500)  grad_norm: 0.0571 (0.0497)  time: 0.6294  data: 0.0002  max mem: 30401
Epoch: [66]  [ 70/159]  eta: 0:02:14  lr: 0.000031  min_lr: 0.000031  loss: 1.0000 (0.9990)  weight_decay: 0.0500 (0.0500)  grad_norm: 0.0497 (0.0512)  time: 0.6686  data: 0.0002  max mem: 30401
Epoch: [66]  [ 80/159]  eta: 0:01:50  lr: 0.000030  min_lr: 0.000030  loss: 0.9999 (0.9989)  weight_decay: 0.0500 (0.0500)  grad_norm: 0.0454 (0.0517)  time: 0.6340  data: 0.0002  max mem: 30401
Epoch: [66]  [ 90/159]  eta: 0:01:30  lr: 0.000030  min_lr: 0.000030  loss: 0.9973 (0.9988)  weight_decay: 0.0500 (0.0500)  grad_norm: 0.0443 (0.0513)  time: 0.6036  data: 0.0001  max mem: 30401
Epoch: [66]  [100/159]  eta: 0:01:13  lr: 0.000030  min_lr: 0.000030  loss: 0.9991 (0.9989)  weight_decay: 0.0500 (0.0500)  grad_norm: 0.0512 (0.0529)  time: 0.5930  data: 0.0001  max mem: 30401
Epoch: [66]  [110/159]  eta: 0:00:57  lr: 0.000030  min_lr: 0.000030  loss: 1.0000 (0.9989)  weight_decay: 0.0500 (0.0500)  grad_norm: 0.0538 (0.0529)  time: 0.5862  data: 0.0002  max mem: 30401
Epoch: [66]  [120/159]  eta: 0:00:44  lr: 0.000030  min_lr: 0.000030  loss: 1.0000 (0.9990)  weight_decay: 0.0500 (0.0500)  grad_norm: 0.0442 (0.0525)  time: 0.5820  data: 0.0002  max mem: 30401
Epoch: [66]  [130/159]  eta: 0:00:31  lr: 0.000030  min_lr: 0.000030  loss: 1.0000 (0.9989)  weight_decay: 0.0500 (0.0500)  grad_norm: 0.0409 (0.0523)  time: 0.5790  data: 0.0002  max mem: 30401
Epoch: [66]  [140/159]  eta: 0:00:20  lr: 0.000030  min_lr: 0.000030  loss: 1.0000 (0.9990)  weight_decay: 0.0500 (0.0500)  grad_norm: 0.0409 (0.0521)  time: 0.5753  data: 0.0001  max mem: 30401
Epoch: [66]  [150/159]  eta: 0:00:09  lr: 0.000030  min_lr: 0.000030  loss: 1.0000 (0.9989)  weight_decay: 0.0500 (0.0500)  grad_norm: 0.0394 (0.0514)  time: 0.5720  data: 0.0001  max mem: 30401
Epoch: [66]  [158/159]  eta: 0:00:00  lr: 0.000030  min_lr: 0.000030  loss: 1.0000 (0.9989)  weight_decay: 0.0500 (0.0500)  grad_norm: 0.0446 (0.0514)  time: 0.5715  data: 0.0001  max mem: 30401
Epoch: [66] Total time: 0:02:40 (1.0076 s / it)
Averaged stats: lr: 0.000030  min_lr: 0.000030  loss: 1.0000 (0.9989)  weight_decay: 0.0500 (0.0500)  grad_norm: 0.0446 (0.0514)
Epoch: [67]  [  0/159]  eta: 2:28:41  lr: 0.000030  min_lr: 0.000030  loss: 0.9950 (0.9950)  weight_decay: 0.0500 (0.0500)  grad_norm: 0.0443 (0.0443)  time: 56.1071  data: 46.0282  max mem: 30401
Epoch: [67]  [ 10/159]  eta: 0:15:12  lr: 0.000030  min_lr: 0.000030  loss: 0.9989 (0.9984)  weight_decay: 0.0500 (0.0500)  grad_norm: 0.0443 (0.0435)  time: 6.1251  data: 4.1848  max mem: 30401
Epoch: [67]  [ 20/159]  eta: 0:08:11  lr: 0.000029  min_lr: 0.000029  loss: 0.9989 (0.9983)  weight_decay: 0.0500 (0.0500)  grad_norm: 0.0386 (0.0414)  time: 0.9056  data: 0.0003  max mem: 30401
Epoch: [67]  [ 30/159]  eta: 0:05:37  lr: 0.000029  min_lr: 0.000029  loss: 1.0000 (0.9987)  weight_decay: 0.0500 (0.0500)  grad_norm: 0.0425 (0.0440)  time: 0.6816  data: 0.0002  max mem: 30401
Epoch: [67]  [ 40/159]  eta: 0:04:14  lr: 0.000029  min_lr: 0.000029  loss: 1.0000 (0.9986)  weight_decay: 0.0500 (0.0500)  grad_norm: 0.0521 (0.0460)  time: 0.6736  data: 0.0001  max mem: 30401
Epoch: [67]  [ 50/159]  eta: 0:03:21  lr: 0.000029  min_lr: 0.000029  loss: 1.0000 (0.9988)  weight_decay: 0.0500 (0.0500)  grad_norm: 0.0560 (0.0464)  time: 0.6600  data: 0.0001  max mem: 30401
Epoch: [67]  [ 60/159]  eta: 0:02:43  lr: 0.000029  min_lr: 0.000029  loss: 1.0000 (0.9989)  weight_decay: 0.0500 (0.0500)  grad_norm: 0.0574 (0.0494)  time: 0.6549  data: 0.0001  max mem: 30401
Epoch: [67]  [ 70/159]  eta: 0:02:14  lr: 0.000029  min_lr: 0.000029  loss: 1.0000 (0.9989)  weight_decay: 0.0500 (0.0500)  grad_norm: 0.0462 (0.0486)  time: 0.6537  data: 0.0001  max mem: 30401
Epoch: [67]  [ 80/159]  eta: 0:01:50  lr: 0.000029  min_lr: 0.000029  loss: 0.9992 (0.9989)  weight_decay: 0.0500 (0.0500)  grad_norm: 0.0441 (0.0494)  time: 0.6490  data: 0.0001  max mem: 30401
Epoch: [67]  [ 90/159]  eta: 0:01:31  lr: 0.000029  min_lr: 0.000029  loss: 0.9984 (0.9988)  weight_decay: 0.0500 (0.0500)  grad_norm: 0.0487 (0.0497)  time: 0.6509  data: 0.0001  max mem: 30401
Epoch: [67]  [100/159]  eta: 0:01:14  lr: 0.000029  min_lr: 0.000029  loss: 0.9987 (0.9988)  weight_decay: 0.0500 (0.0500)  grad_norm: 0.0544 (0.0511)  time: 0.6551  data: 0.0001  max mem: 30401
Epoch: [67]  [110/159]  eta: 0:00:58  lr: 0.000029  min_lr: 0.000029  loss: 1.0000 (0.9989)  weight_decay: 0.0500 (0.0500)  grad_norm: 0.0581 (0.0516)  time: 0.6519  data: 0.0001  max mem: 30401
Epoch: [67]  [120/159]  eta: 0:00:45  lr: 0.000028  min_lr: 0.000028  loss: 1.0000 (0.9989)  weight_decay: 0.0500 (0.0500)  grad_norm: 0.0484 (0.0519)  time: 0.6448  data: 0.0002  max mem: 30401
Epoch: [67]  [130/159]  eta: 0:00:32  lr: 0.000028  min_lr: 0.000028  loss: 1.0000 (0.9988)  weight_decay: 0.0500 (0.0500)  grad_norm: 0.0484 (0.0517)  time: 0.6500  data: 0.0001  max mem: 30401
Epoch: [67]  [140/159]  eta: 0:00:20  lr: 0.000028  min_lr: 0.000028  loss: 1.0000 (0.9989)  weight_decay: 0.0500 (0.0500)  grad_norm: 0.0494 (0.0524)  time: 0.6539  data: 0.0001  max mem: 30401
Epoch: [67]  [150/159]  eta: 0:00:09  lr: 0.000028  min_lr: 0.000028  loss: 1.0000 (0.9989)  weight_decay: 0.0500 (0.0500)  grad_norm: 0.0500 (0.0523)  time: 0.6496  data: 0.0001  max mem: 30401
Epoch: [67]  [158/159]  eta: 0:00:01  lr: 0.000028  min_lr: 0.000028  loss: 0.9999 (0.9989)  weight_decay: 0.0500 (0.0500)  grad_norm: 0.0470 (0.0518)  time: 0.6504  data: 0.0001  max mem: 30401
Epoch: [67] Total time: 0:02:46 (1.0444 s / it)
Averaged stats: lr: 0.000028  min_lr: 0.000028  loss: 0.9999 (0.9989)  weight_decay: 0.0500 (0.0500)  grad_norm: 0.0470 (0.0518)
Epoch: [68]  [  0/159]  eta: 2:17:11  lr: 0.000028  min_lr: 0.000028  loss: 0.9982 (0.9982)  weight_decay: 0.0500 (0.0500)  grad_norm: 0.0365 (0.0365)  time: 51.7711  data: 46.8953  max mem: 30401
Epoch: [68]  [ 10/159]  eta: 0:14:18  lr: 0.000028  min_lr: 0.000028  loss: 0.9993 (0.9987)  weight_decay: 0.0500 (0.0500)  grad_norm: 0.0365 (0.0378)  time: 5.7650  data: 4.3715  max mem: 30401
Epoch: [68]  [ 20/159]  eta: 0:07:57  lr: 0.000028  min_lr: 0.000028  loss: 0.9993 (0.9983)  weight_decay: 0.0500 (0.0500)  grad_norm: 0.0386 (0.0438)  time: 1.0201  data: 0.0597  max mem: 30401
Epoch: [68]  [ 30/159]  eta: 0:05:27  lr: 0.000028  min_lr: 0.000028  loss: 1.0000 (0.9985)  weight_decay: 0.0500 (0.0500)  grad_norm: 0.0408 (0.0464)  time: 0.7700  data: 0.0002  max mem: 30401
Epoch: [68]  [ 40/159]  eta: 0:04:07  lr: 0.000028  min_lr: 0.000028  loss: 1.0000 (0.9986)  weight_decay: 0.0500 (0.0500)  grad_norm: 0.0408 (0.0457)  time: 0.6617  data: 0.0001  max mem: 30401
Epoch: [68]  [ 50/159]  eta: 0:03:16  lr: 0.000028  min_lr: 0.000028  loss: 1.0000 (0.9987)  weight_decay: 0.0500 (0.0500)  grad_norm: 0.0426 (0.0467)  time: 0.6533  data: 0.0001  max mem: 30401
Epoch: [68]  [ 60/159]  eta: 0:02:39  lr: 0.000027  min_lr: 0.000027  loss: 1.0000 (0.9987)  weight_decay: 0.0500 (0.0500)  grad_norm: 0.0460 (0.0481)  time: 0.6528  data: 0.0001  max mem: 30401
Epoch: [68]  [ 70/159]  eta: 0:02:11  lr: 0.000027  min_lr: 0.000027  loss: 1.0000 (0.9988)  weight_decay: 0.0500 (0.0500)  grad_norm: 0.0498 (0.0485)  time: 0.6548  data: 0.0001  max mem: 30401
Epoch: [68]  [ 80/159]  eta: 0:01:48  lr: 0.000027  min_lr: 0.000027  loss: 0.9991 (0.9988)  weight_decay: 0.0500 (0.0500)  grad_norm: 0.0506 (0.0497)  time: 0.6491  data: 0.0001  max mem: 30401
Epoch: [68]  [ 90/159]  eta: 0:01:29  lr: 0.000027  min_lr: 0.000027  loss: 0.9984 (0.9987)  weight_decay: 0.0500 (0.0500)  grad_norm: 0.0458 (0.0494)  time: 0.6491  data: 0.0001  max mem: 30401
Epoch: [68]  [100/159]  eta: 0:01:12  lr: 0.000027  min_lr: 0.000027  loss: 0.9989 (0.9988)  weight_decay: 0.0500 (0.0500)  grad_norm: 0.0467 (0.0504)  time: 0.6652  data: 0.0001  max mem: 30401
Epoch: [68]  [110/159]  eta: 0:00:57  lr: 0.000027  min_lr: 0.000027  loss: 1.0000 (0.9989)  weight_decay: 0.0500 (0.0500)  grad_norm: 0.0427 (0.0496)  time: 0.6493  data: 0.0001  max mem: 30401
Epoch: [68]  [120/159]  eta: 0:00:44  lr: 0.000027  min_lr: 0.000027  loss: 1.0000 (0.9989)  weight_decay: 0.0500 (0.0500)  grad_norm: 0.0391 (0.0499)  time: 0.6006  data: 0.0001  max mem: 30401
Epoch: [68]  [130/159]  eta: 0:00:31  lr: 0.000027  min_lr: 0.000027  loss: 1.0000 (0.9988)  weight_decay: 0.0500 (0.0500)  grad_norm: 0.0471 (0.0506)  time: 0.5796  data: 0.0001  max mem: 30401
Epoch: [68]  [140/159]  eta: 0:00:19  lr: 0.000027  min_lr: 0.000027  loss: 1.0000 (0.9989)  weight_decay: 0.0500 (0.0500)  grad_norm: 0.0484 (0.0500)  time: 0.5754  data: 0.0001  max mem: 30401
Epoch: [68]  [150/159]  eta: 0:00:09  lr: 0.000027  min_lr: 0.000027  loss: 1.0000 (0.9988)  weight_decay: 0.0500 (0.0500)  grad_norm: 0.0372 (0.0494)  time: 0.5719  data: 0.0001  max mem: 30401
Epoch: [68]  [158/159]  eta: 0:00:00  lr: 0.000027  min_lr: 0.000027  loss: 1.0000 (0.9989)  weight_decay: 0.0500 (0.0500)  grad_norm: 0.0352 (0.0494)  time: 0.5710  data: 0.0001  max mem: 30401
Epoch: [68] Total time: 0:02:39 (1.0051 s / it)
Averaged stats: lr: 0.000027  min_lr: 0.000027  loss: 1.0000 (0.9988)  weight_decay: 0.0500 (0.0500)  grad_norm: 0.0352 (0.0494)
Epoch: [69]  [  0/159]  eta: 8:09:10  lr: 0.000027  min_lr: 0.000027  loss: 0.9981 (0.9981)  weight_decay: 0.0500 (0.0500)  grad_norm: 0.0440 (0.0440)  time: 184.5957  data: 159.4444  max mem: 30401
Epoch: [69]  [ 10/159]  eta: 0:47:32  lr: 0.000026  min_lr: 0.000026  loss: 0.9990 (0.9987)  weight_decay: 0.0500 (0.0500)  grad_norm: 0.0424 (0.0466)  time: 19.1439  data: 14.4952  max mem: 30401
Epoch: [69]  [ 20/159]  eta: 0:23:59  lr: 0.000026  min_lr: 0.000026  loss: 0.9995 (0.9985)  weight_decay: 0.0500 (0.0500)  grad_norm: 0.0409 (0.0450)  time: 1.6409  data: 0.0002  max mem: 30401
Epoch: [69]  [ 30/159]  eta: 0:15:33  lr: 0.000026  min_lr: 0.000026  loss: 1.0000 (0.9988)  weight_decay: 0.0500 (0.0500)  grad_norm: 0.0456 (0.0466)  time: 0.6817  data: 0.0002  max mem: 30401
Epoch: [69]  [ 40/159]  eta: 0:11:08  lr: 0.000026  min_lr: 0.000026  loss: 1.0000 (0.9987)  weight_decay: 0.0500 (0.0500)  grad_norm: 0.0492 (0.0460)  time: 0.6462  data: 0.0002  max mem: 30401
Epoch: [69]  [ 50/159]  eta: 0:08:25  lr: 0.000026  min_lr: 0.000026  loss: 0.9994 (0.9987)  weight_decay: 0.0500 (0.0500)  grad_norm: 0.0483 (0.0473)  time: 0.6125  data: 0.0002  max mem: 30401
Epoch: [69]  [ 60/159]  eta: 0:06:33  lr: 0.000026  min_lr: 0.000026  loss: 0.9997 (0.9988)  weight_decay: 0.0500 (0.0500)  grad_norm: 0.0494 (0.0477)  time: 0.6005  data: 0.0002  max mem: 30401
Epoch: [69]  [ 70/159]  eta: 0:05:11  lr: 0.000026  min_lr: 0.000026  loss: 1.0000 (0.9989)  weight_decay: 0.0500 (0.0500)  grad_norm: 0.0568 (0.0498)  time: 0.5845  data: 0.0002  max mem: 30401
Epoch: [69]  [ 80/159]  eta: 0:04:07  lr: 0.000026  min_lr: 0.000026  loss: 0.9987 (0.9988)  weight_decay: 0.0500 (0.0500)  grad_norm: 0.0627 (0.0518)  time: 0.5812  data: 0.0002  max mem: 30401
Epoch: [69]  [ 90/159]  eta: 0:03:16  lr: 0.000026  min_lr: 0.000026  loss: 0.9983 (0.9987)  weight_decay: 0.0500 (0.0500)  grad_norm: 0.0567 (0.0523)  time: 0.5821  data: 0.0002  max mem: 30401
Epoch: [69]  [100/159]  eta: 0:02:35  lr: 0.000026  min_lr: 0.000026  loss: 0.9987 (0.9988)  weight_decay: 0.0500 (0.0500)  grad_norm: 0.0606 (0.0542)  time: 0.5814  data: 0.0001  max mem: 30401
Epoch: [69]  [110/159]  eta: 0:01:59  lr: 0.000025  min_lr: 0.000025  loss: 1.0000 (0.9988)  weight_decay: 0.0500 (0.0500)  grad_norm: 0.0539 (0.0534)  time: 0.5806  data: 0.0001  max mem: 30401
Epoch: [69]  [120/159]  eta: 0:01:29  lr: 0.000025  min_lr: 0.000025  loss: 1.0000 (0.9988)  weight_decay: 0.0500 (0.0500)  grad_norm: 0.0509 (0.0542)  time: 0.5808  data: 0.0001  max mem: 30401
Epoch: [69]  [130/159]  eta: 0:01:02  lr: 0.000025  min_lr: 0.000025  loss: 0.9993 (0.9987)  weight_decay: 0.0500 (0.0500)  grad_norm: 0.0529 (0.0538)  time: 0.5813  data: 0.0002  max mem: 30401
Epoch: [69]  [140/159]  eta: 0:00:38  lr: 0.000025  min_lr: 0.000025  loss: 1.0000 (0.9987)  weight_decay: 0.0500 (0.0500)  grad_norm: 0.0518 (0.0537)  time: 0.5816  data: 0.0002  max mem: 30401
Epoch: [69]  [150/159]  eta: 0:00:17  lr: 0.000025  min_lr: 0.000025  loss: 0.9995 (0.9987)  weight_decay: 0.0500 (0.0500)  grad_norm: 0.0509 (0.0554)  time: 0.5810  data: 0.0001  max mem: 30401
Epoch: [69]  [158/159]  eta: 0:00:01  lr: 0.000025  min_lr: 0.000025  loss: 0.9993 (0.9987)  weight_decay: 0.0500 (0.0500)  grad_norm: 0.0482 (0.0552)  time: 0.5809  data: 0.0002  max mem: 30401
Epoch: [69] Total time: 0:05:00 (1.8913 s / it)
Averaged stats: lr: 0.000025  min_lr: 0.000025  loss: 0.9993 (0.9988)  weight_decay: 0.0500 (0.0500)  grad_norm: 0.0482 (0.0552)
Epoch: [70]  [  0/159]  eta: 5:20:28  lr: 0.000025  min_lr: 0.000025  loss: 0.9952 (0.9952)  weight_decay: 0.0500 (0.0500)  grad_norm: 0.0605 (0.0605)  time: 120.9350  data: 104.3702  max mem: 30401
Epoch: [70]  [ 10/159]  eta: 0:38:04  lr: 0.000025  min_lr: 0.000025  loss: 0.9987 (0.9984)  weight_decay: 0.0500 (0.0500)  grad_norm: 0.0584 (0.0616)  time: 15.3293  data: 9.7231  max mem: 30401
Epoch: [70]  [ 20/159]  eta: 0:19:17  lr: 0.000025  min_lr: 0.000025  loss: 0.9998 (0.9985)  weight_decay: 0.0500 (0.0500)  grad_norm: 0.0489 (0.0516)  time: 2.7001  data: 0.1294  max mem: 30401
Epoch: [70]  [ 30/159]  eta: 0:12:32  lr: 0.000025  min_lr: 0.000025  loss: 0.9999 (0.9987)  weight_decay: 0.0500 (0.0500)  grad_norm: 0.0385 (0.0491)  time: 0.6136  data: 0.0002  max mem: 30401
Epoch: [70]  [ 40/159]  eta: 0:09:02  lr: 0.000025  min_lr: 0.000025  loss: 1.0000 (0.9987)  weight_decay: 0.0500 (0.0500)  grad_norm: 0.0513 (0.0515)  time: 0.5963  data: 0.0002  max mem: 30401
Epoch: [70]  [ 50/159]  eta: 0:06:51  lr: 0.000025  min_lr: 0.000025  loss: 0.9996 (0.9986)  weight_decay: 0.0500 (0.0500)  grad_norm: 0.0604 (0.0532)  time: 0.5924  data: 0.0002  max mem: 30401
Epoch: [70]  [ 60/159]  eta: 0:05:22  lr: 0.000024  min_lr: 0.000024  loss: 1.0000 (0.9988)  weight_decay: 0.0500 (0.0500)  grad_norm: 0.0534 (0.0544)  time: 0.5840  data: 0.0002  max mem: 30401
Epoch: [70]  [ 70/159]  eta: 0:04:16  lr: 0.000024  min_lr: 0.000024  loss: 1.0000 (0.9988)  weight_decay: 0.0500 (0.0500)  grad_norm: 0.0458 (0.0533)  time: 0.5787  data: 0.0002  max mem: 30401
Epoch: [70]  [ 80/159]  eta: 0:03:24  lr: 0.000024  min_lr: 0.000024  loss: 0.9990 (0.9988)  weight_decay: 0.0500 (0.0500)  grad_norm: 0.0491 (0.0544)  time: 0.5777  data: 0.0002  max mem: 30401
Epoch: [70]  [ 90/159]  eta: 0:02:43  lr: 0.000024  min_lr: 0.000024  loss: 0.9982 (0.9987)  weight_decay: 0.0500 (0.0500)  grad_norm: 0.0573 (0.0551)  time: 0.5774  data: 0.0001  max mem: 30401
Epoch: [70]  [100/159]  eta: 0:02:09  lr: 0.000024  min_lr: 0.000024  loss: 0.9994 (0.9987)  weight_decay: 0.0500 (0.0500)  grad_norm: 0.0556 (0.0552)  time: 0.5796  data: 0.0001  max mem: 30401
Epoch: [70]  [110/159]  eta: 0:01:40  lr: 0.000024  min_lr: 0.000024  loss: 1.0000 (0.9988)  weight_decay: 0.0500 (0.0500)  grad_norm: 0.0535 (0.0550)  time: 0.5917  data: 0.0001  max mem: 30401
Epoch: [70]  [120/159]  eta: 0:01:15  lr: 0.000024  min_lr: 0.000024  loss: 1.0000 (0.9988)  weight_decay: 0.0500 (0.0500)  grad_norm: 0.0503 (0.0546)  time: 0.5907  data: 0.0002  max mem: 30401
Epoch: [70]  [130/159]  eta: 0:00:52  lr: 0.000024  min_lr: 0.000024  loss: 0.9996 (0.9987)  weight_decay: 0.0500 (0.0500)  grad_norm: 0.0500 (0.0551)  time: 0.5797  data: 0.0002  max mem: 30401
Epoch: [70]  [140/159]  eta: 0:00:33  lr: 0.000024  min_lr: 0.000024  loss: 0.9997 (0.9987)  weight_decay: 0.0500 (0.0500)  grad_norm: 0.0588 (0.0559)  time: 0.5772  data: 0.0002  max mem: 30401
Epoch: [70]  [150/159]  eta: 0:00:14  lr: 0.000024  min_lr: 0.000024  loss: 0.9997 (0.9987)  weight_decay: 0.0500 (0.0500)  grad_norm: 0.0604 (0.0562)  time: 0.5747  data: 0.0001  max mem: 30401
Epoch: [70]  [158/159]  eta: 0:00:01  lr: 0.000024  min_lr: 0.000024  loss: 0.9984 (0.9987)  weight_decay: 0.0500 (0.0500)  grad_norm: 0.0604 (0.0564)  time: 0.5761  data: 0.0001  max mem: 30401
Epoch: [70] Total time: 0:04:16 (1.6151 s / it)
Averaged stats: lr: 0.000024  min_lr: 0.000024  loss: 0.9984 (0.9987)  weight_decay: 0.0500 (0.0500)  grad_norm: 0.0604 (0.0564)
[Eval]   [0/2]  eta: 0:00:17  loss: 1.0000 (1.0000)  time: 8.8115  data: 8.6480  max mem: 30401
[Eval]   [1/2]  eta: 0:00:04  loss: 1.0000 (1.0000)  time: 4.4564  data: 4.3241  max mem: 30401
[Eval]  Total time: 0:00:09 (4.5859 s / it)
Eval averaged stats: loss: 1.0000 (0.9999)
Logged 9 eval images
Epoch: [71]  [  0/159]  eta: 4:35:45  lr: 0.000024  min_lr: 0.000024  loss: 0.9928 (0.9928)  weight_decay: 0.0500 (0.0500)  grad_norm: 0.0704 (0.0704)  time: 104.0591  data: 83.5523  max mem: 30401
Epoch: [71]  [ 10/159]  eta: 0:28:39  lr: 0.000023  min_lr: 0.000023  loss: 0.9981 (0.9979)  weight_decay: 0.0500 (0.0500)  grad_norm: 0.0506 (0.0626)  time: 11.5435  data: 8.4642  max mem: 30401
Epoch: [71]  [ 20/159]  eta: 0:14:44  lr: 0.000023  min_lr: 0.000023  loss: 0.9986 (0.9979)  weight_decay: 0.0500 (0.0500)  grad_norm: 0.0459 (0.0525)  time: 1.4784  data: 0.4778  max mem: 30401
Epoch: [71]  [ 30/159]  eta: 0:09:41  lr: 0.000023  min_lr: 0.000023  loss: 0.9999 (0.9982)  weight_decay: 0.0500 (0.0500)  grad_norm: 0.0487 (0.0534)  time: 0.6337  data: 0.0002  max mem: 30401
Epoch: [71]  [ 40/159]  eta: 0:07:04  lr: 0.000023  min_lr: 0.000023  loss: 1.0000 (0.9983)  weight_decay: 0.0500 (0.0500)  grad_norm: 0.0615 (0.0564)  time: 0.6387  data: 0.0002  max mem: 30401
Epoch: [71]  [ 50/159]  eta: 0:05:27  lr: 0.000023  min_lr: 0.000023  loss: 0.9998 (0.9984)  weight_decay: 0.0500 (0.0500)  grad_norm: 0.0688 (0.0586)  time: 0.6711  data: 0.0001  max mem: 30401
Epoch: [71]  [ 60/159]  eta: 0:04:18  lr: 0.000023  min_lr: 0.000023  loss: 1.0000 (0.9985)  weight_decay: 0.0500 (0.0500)  grad_norm: 0.0688 (0.0605)  time: 0.6590  data: 0.0001  max mem: 30401
Epoch: [71]  [ 70/159]  eta: 0:03:27  lr: 0.000023  min_lr: 0.000023  loss: 1.0000 (0.9987)  weight_decay: 0.0500 (0.0500)  grad_norm: 0.0663 (0.0607)  time: 0.6302  data: 0.0002  max mem: 30401
Epoch: [71]  [ 80/159]  eta: 0:02:47  lr: 0.000023  min_lr: 0.000023  loss: 0.9994 (0.9986)  weight_decay: 0.0500 (0.0500)  grad_norm: 0.0704 (0.0621)  time: 0.6057  data: 0.0002  max mem: 30401
Epoch: [71]  [ 90/159]  eta: 0:02:15  lr: 0.000023  min_lr: 0.000023  loss: 0.9982 (0.9986)  weight_decay: 0.0500 (0.0500)  grad_norm: 0.0607 (0.0616)  time: 0.6314  data: 0.0002  max mem: 30401
Epoch: [71]  [100/159]  eta: 0:01:47  lr: 0.000023  min_lr: 0.000023  loss: 0.9993 (0.9987)  weight_decay: 0.0500 (0.0500)  grad_norm: 0.0523 (0.0610)  time: 0.6509  data: 0.0002  max mem: 30401
Epoch: [71]  [110/159]  eta: 0:01:24  lr: 0.000022  min_lr: 0.000022  loss: 1.0000 (0.9987)  weight_decay: 0.0500 (0.0500)  grad_norm: 0.0512 (0.0610)  time: 0.6579  data: 0.0002  max mem: 30401
Epoch: [71]  [120/159]  eta: 0:01:03  lr: 0.000022  min_lr: 0.000022  loss: 1.0000 (0.9987)  weight_decay: 0.0500 (0.0500)  grad_norm: 0.0531 (0.0616)  time: 0.6730  data: 0.0002  max mem: 30401
Epoch: [71]  [130/159]  eta: 0:00:45  lr: 0.000022  min_lr: 0.000022  loss: 1.0000 (0.9986)  weight_decay: 0.0500 (0.0500)  grad_norm: 0.0618 (0.0618)  time: 0.6435  data: 0.0002  max mem: 30401
Epoch: [71]  [140/159]  eta: 0:00:28  lr: 0.000022  min_lr: 0.000022  loss: 1.0000 (0.9986)  weight_decay: 0.0500 (0.0500)  grad_norm: 0.0556 (0.0611)  time: 0.6073  data: 0.0002  max mem: 30401
Epoch: [71]  [150/159]  eta: 0:00:12  lr: 0.000022  min_lr: 0.000022  loss: 1.0000 (0.9986)  weight_decay: 0.0500 (0.0500)  grad_norm: 0.0458 (0.0604)  time: 0.5991  data: 0.0002  max mem: 30401
Epoch: [71]  [158/159]  eta: 0:00:01  lr: 0.000022  min_lr: 0.000022  loss: 0.9990 (0.9986)  weight_decay: 0.0500 (0.0500)  grad_norm: 0.0458 (0.0601)  time: 0.5996  data: 0.0002  max mem: 30401
Epoch: [71] Total time: 0:03:42 (1.3999 s / it)
Averaged stats: lr: 0.000022  min_lr: 0.000022  loss: 0.9990 (0.9987)  weight_decay: 0.0500 (0.0500)  grad_norm: 0.0458 (0.0601)
Epoch: [72]  [  0/159]  eta: 3:27:38  lr: 0.000022  min_lr: 0.000022  loss: 0.9968 (0.9968)  weight_decay: 0.0500 (0.0500)  grad_norm: 0.0676 (0.0676)  time: 78.3557  data: 72.0991  max mem: 30401
Epoch: [72]  [ 10/159]  eta: 0:22:38  lr: 0.000022  min_lr: 0.000022  loss: 0.9979 (0.9983)  weight_decay: 0.0500 (0.0500)  grad_norm: 0.0469 (0.0617)  time: 9.1163  data: 6.5549  max mem: 30401
Epoch: [72]  [ 20/159]  eta: 0:11:44  lr: 0.000022  min_lr: 0.000022  loss: 0.9988 (0.9984)  weight_decay: 0.0500 (0.0500)  grad_norm: 0.0409 (0.0561)  time: 1.4003  data: 0.0003  max mem: 30401
Epoch: [72]  [ 30/159]  eta: 0:07:48  lr: 0.000022  min_lr: 0.000022  loss: 1.0000 (0.9987)  weight_decay: 0.0500 (0.0500)  grad_norm: 0.0432 (0.0620)  time: 0.6139  data: 0.0002  max mem: 30401
Epoch: [72]  [ 40/159]  eta: 0:05:44  lr: 0.000022  min_lr: 0.000022  loss: 1.0000 (0.9988)  weight_decay: 0.0500 (0.0500)  grad_norm: 0.0629 (0.0645)  time: 0.6103  data: 0.0002  max mem: 30401
Epoch: [72]  [ 50/159]  eta: 0:04:25  lr: 0.000022  min_lr: 0.000022  loss: 1.0000 (0.9988)  weight_decay: 0.0500 (0.0500)  grad_norm: 0.0567 (0.0611)  time: 0.5880  data: 0.0002  max mem: 30401
Epoch: [72]  [ 60/159]  eta: 0:03:31  lr: 0.000021  min_lr: 0.000021  loss: 1.0000 (0.9989)  weight_decay: 0.0500 (0.0500)  grad_norm: 0.0503 (0.0602)  time: 0.5739  data: 0.0001  max mem: 30401
Epoch: [72]  [ 70/159]  eta: 0:02:50  lr: 0.000021  min_lr: 0.000021  loss: 1.0000 (0.9990)  weight_decay: 0.0500 (0.0500)  grad_norm: 0.0644 (0.0606)  time: 0.5722  data: 0.0001  max mem: 30401
Epoch: [72]  [ 80/159]  eta: 0:02:18  lr: 0.000021  min_lr: 0.000021  loss: 0.9998 (0.9990)  weight_decay: 0.0500 (0.0500)  grad_norm: 0.0644 (0.0628)  time: 0.5725  data: 0.0001  max mem: 30401
Epoch: [72]  [ 90/159]  eta: 0:01:51  lr: 0.000021  min_lr: 0.000021  loss: 0.9984 (0.9988)  weight_decay: 0.0500 (0.0500)  grad_norm: 0.0629 (0.0641)  time: 0.5731  data: 0.0001  max mem: 30401
Epoch: [72]  [100/159]  eta: 0:01:29  lr: 0.000021  min_lr: 0.000021  loss: 0.9983 (0.9989)  weight_decay: 0.0500 (0.0500)  grad_norm: 0.0637 (0.0644)  time: 0.5718  data: 0.0001  max mem: 30401
Epoch: [72]  [110/159]  eta: 0:01:10  lr: 0.000021  min_lr: 0.000021  loss: 1.0000 (0.9989)  weight_decay: 0.0500 (0.0500)  grad_norm: 0.0630 (0.0637)  time: 0.5712  data: 0.0001  max mem: 30401
Epoch: [72]  [120/159]  eta: 0:00:52  lr: 0.000021  min_lr: 0.000021  loss: 1.0000 (0.9989)  weight_decay: 0.0500 (0.0500)  grad_norm: 0.0593 (0.0639)  time: 0.5713  data: 0.0001  max mem: 30401
Epoch: [72]  [130/159]  eta: 0:00:37  lr: 0.000021  min_lr: 0.000021  loss: 0.9986 (0.9988)  weight_decay: 0.0500 (0.0500)  grad_norm: 0.0619 (0.0640)  time: 0.5726  data: 0.0002  max mem: 30401
Epoch: [72]  [140/159]  eta: 0:00:23  lr: 0.000021  min_lr: 0.000021  loss: 1.0000 (0.9988)  weight_decay: 0.0500 (0.0500)  grad_norm: 0.0653 (0.0645)  time: 0.5726  data: 0.0002  max mem: 30401
Epoch: [72]  [150/159]  eta: 0:00:10  lr: 0.000021  min_lr: 0.000021  loss: 1.0000 (0.9988)  weight_decay: 0.0500 (0.0500)  grad_norm: 0.0601 (0.0635)  time: 0.5722  data: 0.0001  max mem: 30401
Epoch: [72]  [158/159]  eta: 0:00:01  lr: 0.000021  min_lr: 0.000021  loss: 1.0000 (0.9988)  weight_decay: 0.0500 (0.0500)  grad_norm: 0.0601 (0.0640)  time: 0.5723  data: 0.0001  max mem: 30401
Epoch: [72] Total time: 0:03:07 (1.1802 s / it)
Averaged stats: lr: 0.000021  min_lr: 0.000021  loss: 1.0000 (0.9987)  weight_decay: 0.0500 (0.0500)  grad_norm: 0.0601 (0.0640)
Epoch: [73]  [  0/159]  eta: 2:17:12  lr: 0.000021  min_lr: 0.000021  loss: 0.9866 (0.9866)  weight_decay: 0.0500 (0.0500)  grad_norm: 0.0828 (0.0828)  time: 51.7751  data: 49.2930  max mem: 30401
Epoch: [73]  [ 10/159]  eta: 0:13:57  lr: 0.000021  min_lr: 0.000021  loss: 0.9998 (0.9976)  weight_decay: 0.0500 (0.0500)  grad_norm: 0.0679 (0.0650)  time: 5.6217  data: 4.4817  max mem: 30401
Epoch: [73]  [ 20/159]  eta: 0:07:33  lr: 0.000020  min_lr: 0.000020  loss: 0.9994 (0.9978)  weight_decay: 0.0500 (0.0500)  grad_norm: 0.0652 (0.0656)  time: 0.8378  data: 0.0004  max mem: 30401
Epoch: [73]  [ 30/159]  eta: 0:05:10  lr: 0.000020  min_lr: 0.000020  loss: 1.0000 (0.9983)  weight_decay: 0.0500 (0.0500)  grad_norm: 0.0623 (0.0644)  time: 0.6397  data: 0.0002  max mem: 30401
Epoch: [73]  [ 40/159]  eta: 0:03:53  lr: 0.000020  min_lr: 0.000020  loss: 1.0000 (0.9983)  weight_decay: 0.0500 (0.0500)  grad_norm: 0.0592 (0.0639)  time: 0.6009  data: 0.0002  max mem: 30401
Epoch: [73]  [ 50/159]  eta: 0:03:04  lr: 0.000020  min_lr: 0.000020  loss: 0.9992 (0.9984)  weight_decay: 0.0500 (0.0500)  grad_norm: 0.0578 (0.0618)  time: 0.5948  data: 0.0002  max mem: 30401
Epoch: [73]  [ 60/159]  eta: 0:02:29  lr: 0.000020  min_lr: 0.000020  loss: 1.0000 (0.9985)  weight_decay: 0.0500 (0.0500)  grad_norm: 0.0578 (0.0618)  time: 0.5919  data: 0.0002  max mem: 30401
Epoch: [73]  [ 70/159]  eta: 0:02:03  lr: 0.000020  min_lr: 0.000020  loss: 1.0000 (0.9986)  weight_decay: 0.0500 (0.0500)  grad_norm: 0.0720 (0.0642)  time: 0.5804  data: 0.0002  max mem: 30401
Epoch: [73]  [ 80/159]  eta: 0:01:41  lr: 0.000020  min_lr: 0.000020  loss: 0.9992 (0.9985)  weight_decay: 0.0500 (0.0500)  grad_norm: 0.0615 (0.0660)  time: 0.5737  data: 0.0001  max mem: 30401
Epoch: [73]  [ 90/159]  eta: 0:01:23  lr: 0.000020  min_lr: 0.000020  loss: 0.9985 (0.9985)  weight_decay: 0.0500 (0.0500)  grad_norm: 0.0602 (0.0656)  time: 0.5726  data: 0.0001  max mem: 30401
Epoch: [73]  [100/159]  eta: 0:01:07  lr: 0.000020  min_lr: 0.000020  loss: 0.9990 (0.9985)  weight_decay: 0.0500 (0.0500)  grad_norm: 0.0682 (0.0680)  time: 0.5719  data: 0.0001  max mem: 30401
Epoch: [73]  [110/159]  eta: 0:00:53  lr: 0.000020  min_lr: 0.000020  loss: 1.0000 (0.9986)  weight_decay: 0.0500 (0.0500)  grad_norm: 0.0631 (0.0669)  time: 0.5730  data: 0.0001  max mem: 30401
Epoch: [73]  [120/159]  eta: 0:00:40  lr: 0.000020  min_lr: 0.000020  loss: 1.0000 (0.9987)  weight_decay: 0.0500 (0.0500)  grad_norm: 0.0589 (0.0669)  time: 0.5759  data: 0.0001  max mem: 30401
Epoch: [73]  [130/159]  eta: 0:00:29  lr: 0.000019  min_lr: 0.000019  loss: 0.9999 (0.9985)  weight_decay: 0.0500 (0.0500)  grad_norm: 0.0612 (0.0681)  time: 0.5769  data: 0.0001  max mem: 30401
Epoch: [73]  [140/159]  eta: 0:00:18  lr: 0.000019  min_lr: 0.000019  loss: 0.9999 (0.9986)  weight_decay: 0.0500 (0.0500)  grad_norm: 0.0779 (0.0685)  time: 0.5748  data: 0.0001  max mem: 30401
Epoch: [73]  [150/159]  eta: 0:00:08  lr: 0.000019  min_lr: 0.000019  loss: 0.9994 (0.9985)  weight_decay: 0.0500 (0.0500)  grad_norm: 0.0634 (0.0679)  time: 0.5838  data: 0.0001  max mem: 30401
Epoch: [73]  [158/159]  eta: 0:00:00  lr: 0.000019  min_lr: 0.000019  loss: 0.9989 (0.9985)  weight_decay: 0.0500 (0.0500)  grad_norm: 0.0639 (0.0676)  time: 0.6368  data: 0.0002  max mem: 30401
Epoch: [73] Total time: 0:02:31 (0.9509 s / it)
Averaged stats: lr: 0.000019  min_lr: 0.000019  loss: 0.9989 (0.9986)  weight_decay: 0.0500 (0.0500)  grad_norm: 0.0639 (0.0676)
Epoch: [74]  [  0/159]  eta: 5:20:29  lr: 0.000019  min_lr: 0.000019  loss: 0.9937 (0.9937)  weight_decay: 0.0500 (0.0500)  grad_norm: 0.0574 (0.0574)  time: 120.9412  data: 109.8057  max mem: 30401
Epoch: [74]  [ 10/159]  eta: 0:33:59  lr: 0.000019  min_lr: 0.000019  loss: 0.9989 (0.9982)  weight_decay: 0.0500 (0.0500)  grad_norm: 0.0552 (0.0557)  time: 13.6879  data: 9.9825  max mem: 30401
Epoch: [74]  [ 20/159]  eta: 0:19:00  lr: 0.000019  min_lr: 0.000019  loss: 0.9989 (0.9981)  weight_decay: 0.0500 (0.0500)  grad_norm: 0.0513 (0.0553)  time: 2.5695  data: 0.0002  max mem: 30401
Epoch: [74]  [ 30/159]  eta: 0:12:21  lr: 0.000019  min_lr: 0.000019  loss: 1.0000 (0.9984)  weight_decay: 0.0500 (0.0500)  grad_norm: 0.0538 (0.0564)  time: 1.3843  data: 0.0002  max mem: 30401
Epoch: [74]  [ 40/159]  eta: 0:08:54  lr: 0.000019  min_lr: 0.000019  loss: 1.0000 (0.9986)  weight_decay: 0.0500 (0.0500)  grad_norm: 0.0523 (0.0567)  time: 0.5857  data: 0.0002  max mem: 30401
Epoch: [74]  [ 50/159]  eta: 0:06:45  lr: 0.000019  min_lr: 0.000019  loss: 0.9998 (0.9987)  weight_decay: 0.0500 (0.0500)  grad_norm: 0.0481 (0.0585)  time: 0.5765  data: 0.0001  max mem: 30401
Epoch: [74]  [ 60/159]  eta: 0:05:17  lr: 0.000019  min_lr: 0.000019  loss: 1.0000 (0.9987)  weight_decay: 0.0500 (0.0500)  grad_norm: 0.0596 (0.0619)  time: 0.5747  data: 0.0001  max mem: 30401
Epoch: [74]  [ 70/159]  eta: 0:04:12  lr: 0.000019  min_lr: 0.000019  loss: 1.0000 (0.9987)  weight_decay: 0.0500 (0.0500)  grad_norm: 0.0632 (0.0625)  time: 0.5751  data: 0.0001  max mem: 30401
Epoch: [74]  [ 80/159]  eta: 0:03:21  lr: 0.000019  min_lr: 0.000019  loss: 0.9986 (0.9985)  weight_decay: 0.0500 (0.0500)  grad_norm: 0.0587 (0.0626)  time: 0.5726  data: 0.0001  max mem: 30401
Epoch: [74]  [ 90/159]  eta: 0:02:41  lr: 0.000018  min_lr: 0.000018  loss: 0.9977 (0.9985)  weight_decay: 0.0500 (0.0500)  grad_norm: 0.0695 (0.0650)  time: 0.5715  data: 0.0001  max mem: 30401
Epoch: [74]  [100/159]  eta: 0:02:07  lr: 0.000018  min_lr: 0.000018  loss: 0.9981 (0.9985)  weight_decay: 0.0500 (0.0500)  grad_norm: 0.0735 (0.0668)  time: 0.5715  data: 0.0001  max mem: 30401
Epoch: [74]  [110/159]  eta: 0:01:38  lr: 0.000018  min_lr: 0.000018  loss: 1.0000 (0.9985)  weight_decay: 0.0500 (0.0500)  grad_norm: 0.0542 (0.0654)  time: 0.5705  data: 0.0001  max mem: 30401
Epoch: [74]  [120/159]  eta: 0:01:14  lr: 0.000018  min_lr: 0.000018  loss: 1.0000 (0.9985)  weight_decay: 0.0500 (0.0500)  grad_norm: 0.0520 (0.0653)  time: 0.5706  data: 0.0001  max mem: 30401
Epoch: [74]  [130/159]  eta: 0:00:52  lr: 0.000018  min_lr: 0.000018  loss: 1.0000 (0.9984)  weight_decay: 0.0500 (0.0500)  grad_norm: 0.0572 (0.0651)  time: 0.5706  data: 0.0002  max mem: 30401
Epoch: [74]  [140/159]  eta: 0:00:32  lr: 0.000018  min_lr: 0.000018  loss: 1.0000 (0.9985)  weight_decay: 0.0500 (0.0500)  grad_norm: 0.0592 (0.0661)  time: 0.5710  data: 0.0001  max mem: 30401
Epoch: [74]  [150/159]  eta: 0:00:14  lr: 0.000018  min_lr: 0.000018  loss: 1.0000 (0.9985)  weight_decay: 0.0500 (0.0500)  grad_norm: 0.0686 (0.0666)  time: 0.5704  data: 0.0001  max mem: 30401
Epoch: [74]  [158/159]  eta: 0:00:01  lr: 0.000018  min_lr: 0.000018  loss: 0.9999 (0.9985)  weight_decay: 0.0500 (0.0500)  grad_norm: 0.0594 (0.0666)  time: 0.5702  data: 0.0001  max mem: 30401
Epoch: [74] Total time: 0:04:12 (1.5910 s / it)
Averaged stats: lr: 0.000018  min_lr: 0.000018  loss: 0.9999 (0.9985)  weight_decay: 0.0500 (0.0500)  grad_norm: 0.0594 (0.0666)
Epoch: [75]  [  0/159]  eta: 5:26:04  lr: 0.000018  min_lr: 0.000018  loss: 0.9937 (0.9937)  weight_decay: 0.0500 (0.0500)  grad_norm: 0.0371 (0.0371)  time: 123.0492  data: 117.4084  max mem: 30401
Epoch: [75]  [ 10/159]  eta: 0:29:52  lr: 0.000018  min_lr: 0.000018  loss: 0.9991 (0.9978)  weight_decay: 0.0500 (0.0500)  grad_norm: 0.0531 (0.0714)  time: 12.0306  data: 10.6737  max mem: 30401
Epoch: [75]  [ 20/159]  eta: 0:15:18  lr: 0.000018  min_lr: 0.000018  loss: 0.9991 (0.9979)  weight_decay: 0.0500 (0.0500)  grad_norm: 0.0499 (0.0631)  time: 0.7837  data: 0.0002  max mem: 30401
Epoch: [75]  [ 30/159]  eta: 0:10:06  lr: 0.000018  min_lr: 0.000018  loss: 1.0000 (0.9980)  weight_decay: 0.0500 (0.0500)  grad_norm: 0.0499 (0.0632)  time: 0.6714  data: 0.0002  max mem: 30401
Epoch: [75]  [ 40/159]  eta: 0:07:21  lr: 0.000018  min_lr: 0.000018  loss: 1.0000 (0.9980)  weight_decay: 0.0500 (0.0500)  grad_norm: 0.0466 (0.0604)  time: 0.6741  data: 0.0002  max mem: 30401
Epoch: [75]  [ 50/159]  eta: 0:05:37  lr: 0.000017  min_lr: 0.000017  loss: 0.9995 (0.9981)  weight_decay: 0.0500 (0.0500)  grad_norm: 0.0512 (0.0615)  time: 0.6184  data: 0.0002  max mem: 30401
Epoch: [75]  [ 60/159]  eta: 0:04:26  lr: 0.000017  min_lr: 0.000017  loss: 1.0000 (0.9983)  weight_decay: 0.0500 (0.0500)  grad_norm: 0.0631 (0.0643)  time: 0.5876  data: 0.0001  max mem: 30401
Epoch: [75]  [ 70/159]  eta: 0:03:32  lr: 0.000017  min_lr: 0.000017  loss: 1.0000 (0.9983)  weight_decay: 0.0500 (0.0500)  grad_norm: 0.0692 (0.0640)  time: 0.5795  data: 0.0001  max mem: 30401
Epoch: [75]  [ 80/159]  eta: 0:02:51  lr: 0.000017  min_lr: 0.000017  loss: 0.9991 (0.9984)  weight_decay: 0.0500 (0.0500)  grad_norm: 0.0579 (0.0636)  time: 0.5764  data: 0.0002  max mem: 30401
Epoch: [75]  [ 90/159]  eta: 0:02:17  lr: 0.000017  min_lr: 0.000017  loss: 0.9976 (0.9983)  weight_decay: 0.0500 (0.0500)  grad_norm: 0.0594 (0.0642)  time: 0.5754  data: 0.0001  max mem: 30401
Epoch: [75]  [100/159]  eta: 0:01:49  lr: 0.000017  min_lr: 0.000017  loss: 0.9990 (0.9984)  weight_decay: 0.0500 (0.0500)  grad_norm: 0.0675 (0.0656)  time: 0.5743  data: 0.0002  max mem: 30401
Epoch: [75]  [110/159]  eta: 0:01:25  lr: 0.000017  min_lr: 0.000017  loss: 1.0000 (0.9985)  weight_decay: 0.0500 (0.0500)  grad_norm: 0.0675 (0.0659)  time: 0.5736  data: 0.0002  max mem: 30401
Epoch: [75]  [120/159]  eta: 0:01:03  lr: 0.000017  min_lr: 0.000017  loss: 1.0000 (0.9985)  weight_decay: 0.0500 (0.0500)  grad_norm: 0.0613 (0.0652)  time: 0.5736  data: 0.0001  max mem: 30401
Epoch: [75]  [130/159]  eta: 0:00:45  lr: 0.000017  min_lr: 0.000017  loss: 0.9995 (0.9984)  weight_decay: 0.0500 (0.0500)  grad_norm: 0.0624 (0.0654)  time: 0.5740  data: 0.0001  max mem: 30401
Epoch: [75]  [140/159]  eta: 0:00:28  lr: 0.000017  min_lr: 0.000017  loss: 1.0000 (0.9984)  weight_decay: 0.0500 (0.0500)  grad_norm: 0.0509 (0.0645)  time: 0.5738  data: 0.0001  max mem: 30401
Epoch: [75]  [150/159]  eta: 0:00:12  lr: 0.000017  min_lr: 0.000017  loss: 0.9999 (0.9984)  weight_decay: 0.0500 (0.0500)  grad_norm: 0.0509 (0.0646)  time: 0.5735  data: 0.0001  max mem: 30401
Epoch: [75]  [158/159]  eta: 0:00:01  lr: 0.000017  min_lr: 0.000017  loss: 0.9996 (0.9984)  weight_decay: 0.0500 (0.0500)  grad_norm: 0.0612 (0.0646)  time: 0.5738  data: 0.0001  max mem: 30401
Epoch: [75] Total time: 0:03:41 (1.3945 s / it)
Averaged stats: lr: 0.000017  min_lr: 0.000017  loss: 0.9996 (0.9986)  weight_decay: 0.0500 (0.0500)  grad_norm: 0.0612 (0.0646)
[Eval] Image Metrics:  [0/2]  eta: 0:00:14    time: 7.2034  data: 6.3964  max mem: 30401
[Eval] Image Metrics:  [1/2]  eta: 0:00:03    time: 3.6531  data: 3.1983  max mem: 30401
[Eval] Image Metrics: Total time: 0:00:08 (4.1247 s / it)
[Eval] Metric Results: [Eval] MSE: 0.0000 (0.0000)  [Eval] MAE: 0.0000 (0.0000)  [Eval] PSNR: 47.0080 (47.0080)  [Eval] MS-SSIM: 0.9991 (0.9991)
Epoch: [76]  [  0/159]  eta: 6:12:56  lr: 0.000017  min_lr: 0.000017  loss: 0.9941 (0.9941)  weight_decay: 0.0500 (0.0500)  grad_norm: 0.0497 (0.0497)  time: 140.7348  data: 96.4670  max mem: 30401
Epoch: [76]  [ 10/159]  eta: 0:33:24  lr: 0.000016  min_lr: 0.000016  loss: 0.9989 (0.9983)  weight_decay: 0.0500 (0.0500)  grad_norm: 0.0522 (0.0584)  time: 13.4557  data: 8.7701  max mem: 30401
Epoch: [76]  [ 20/159]  eta: 0:17:05  lr: 0.000016  min_lr: 0.000016  loss: 0.9989 (0.9978)  weight_decay: 0.0500 (0.0500)  grad_norm: 0.0649 (0.0647)  time: 0.7118  data: 0.0003  max mem: 30401
Epoch: [76]  [ 30/159]  eta: 0:11:13  lr: 0.000016  min_lr: 0.000016  loss: 0.9995 (0.9982)  weight_decay: 0.0500 (0.0500)  grad_norm: 0.0575 (0.0623)  time: 0.6887  data: 0.0002  max mem: 30401
Epoch: [76]  [ 40/159]  eta: 0:08:10  lr: 0.000016  min_lr: 0.000016  loss: 1.0000 (0.9984)  weight_decay: 0.0500 (0.0500)  grad_norm: 0.0458 (0.0589)  time: 0.6975  data: 0.0002  max mem: 30401
Epoch: [76]  [ 50/159]  eta: 0:06:15  lr: 0.000016  min_lr: 0.000016  loss: 1.0000 (0.9984)  weight_decay: 0.0500 (0.0500)  grad_norm: 0.0535 (0.0621)  time: 0.6913  data: 0.0002  max mem: 30401
Epoch: [76]  [ 60/159]  eta: 0:04:54  lr: 0.000016  min_lr: 0.000016  loss: 1.0000 (0.9984)  weight_decay: 0.0500 (0.0500)  grad_norm: 0.0730 (0.0654)  time: 0.6421  data: 0.0002  max mem: 30401
Epoch: [76]  [ 70/159]  eta: 0:03:55  lr: 0.000016  min_lr: 0.000016  loss: 1.0000 (0.9985)  weight_decay: 0.0500 (0.0500)  grad_norm: 0.0718 (0.0662)  time: 0.6029  data: 0.0002  max mem: 30401
Epoch: [76]  [ 80/159]  eta: 0:03:08  lr: 0.000016  min_lr: 0.000016  loss: 0.9985 (0.9984)  weight_decay: 0.0500 (0.0500)  grad_norm: 0.0635 (0.0669)  time: 0.5865  data: 0.0002  max mem: 30401
Epoch: [76]  [ 90/159]  eta: 0:02:31  lr: 0.000016  min_lr: 0.000016  loss: 0.9973 (0.9983)  weight_decay: 0.0500 (0.0500)  grad_norm: 0.0692 (0.0707)  time: 0.5784  data: 0.0001  max mem: 30401
Epoch: [76]  [100/159]  eta: 0:01:59  lr: 0.000016  min_lr: 0.000016  loss: 0.9987 (0.9984)  weight_decay: 0.0500 (0.0500)  grad_norm: 0.0757 (0.0713)  time: 0.5733  data: 0.0002  max mem: 30401
Epoch: [76]  [110/159]  eta: 0:01:32  lr: 0.000016  min_lr: 0.000016  loss: 1.0000 (0.9984)  weight_decay: 0.0500 (0.0500)  grad_norm: 0.0757 (0.0711)  time: 0.5712  data: 0.0002  max mem: 30401
Epoch: [76]  [120/159]  eta: 0:01:10  lr: 0.000016  min_lr: 0.000016  loss: 1.0000 (0.9985)  weight_decay: 0.0500 (0.0500)  grad_norm: 0.0678 (0.0715)  time: 0.6114  data: 0.0002  max mem: 30401
Epoch: [76]  [130/159]  eta: 0:00:49  lr: 0.000015  min_lr: 0.000015  loss: 1.0000 (0.9984)  weight_decay: 0.0500 (0.0500)  grad_norm: 0.0626 (0.0717)  time: 0.6418  data: 0.0002  max mem: 30401
Epoch: [76]  [140/159]  eta: 0:00:30  lr: 0.000015  min_lr: 0.000015  loss: 1.0000 (0.9984)  weight_decay: 0.0500 (0.0500)  grad_norm: 0.0591 (0.0713)  time: 0.6144  data: 0.0002  max mem: 30401
Epoch: [76]  [150/159]  eta: 0:00:14  lr: 0.000015  min_lr: 0.000015  loss: 0.9999 (0.9984)  weight_decay: 0.0500 (0.0500)  grad_norm: 0.0561 (0.0702)  time: 0.5942  data: 0.0002  max mem: 30401
Epoch: [76]  [158/159]  eta: 0:00:01  lr: 0.000015  min_lr: 0.000015  loss: 0.9994 (0.9984)  weight_decay: 0.0500 (0.0500)  grad_norm: 0.0672 (0.0711)  time: 0.5877  data: 0.0002  max mem: 30401
Epoch: [76] Total time: 0:04:01 (1.5187 s / it)
Averaged stats: lr: 0.000015  min_lr: 0.000015  loss: 0.9994 (0.9984)  weight_decay: 0.0500 (0.0500)  grad_norm: 0.0672 (0.0711)
Epoch: [77]  [  0/159]  eta: 5:46:11  lr: 0.000015  min_lr: 0.000015  loss: 0.9949 (0.9949)  weight_decay: 0.0500 (0.0500)  grad_norm: 0.0922 (0.0922)  time: 130.6405  data: 90.8044  max mem: 30401
Epoch: [77]  [ 10/159]  eta: 0:32:11  lr: 0.000015  min_lr: 0.000015  loss: 0.9982 (0.9977)  weight_decay: 0.0500 (0.0500)  grad_norm: 0.0592 (0.0705)  time: 12.9636  data: 8.2552  max mem: 30401
Epoch: [77]  [ 20/159]  eta: 0:16:41  lr: 0.000015  min_lr: 0.000015  loss: 0.9989 (0.9976)  weight_decay: 0.0500 (0.0500)  grad_norm: 0.0608 (0.0724)  time: 1.0360  data: 0.0586  max mem: 30401
Epoch: [77]  [ 30/159]  eta: 0:10:57  lr: 0.000015  min_lr: 0.000015  loss: 1.0000 (0.9980)  weight_decay: 0.0500 (0.0500)  grad_norm: 0.0647 (0.0718)  time: 0.7647  data: 0.0585  max mem: 30401
Epoch: [77]  [ 40/159]  eta: 0:07:57  lr: 0.000015  min_lr: 0.000015  loss: 1.0000 (0.9980)  weight_decay: 0.0500 (0.0500)  grad_norm: 0.0611 (0.0701)  time: 0.6658  data: 0.0002  max mem: 30401
Epoch: [77]  [ 50/159]  eta: 0:06:06  lr: 0.000015  min_lr: 0.000015  loss: 0.9985 (0.9981)  weight_decay: 0.0500 (0.0500)  grad_norm: 0.0543 (0.0700)  time: 0.6865  data: 0.0002  max mem: 30401
Epoch: [77]  [ 60/159]  eta: 0:04:48  lr: 0.000015  min_lr: 0.000015  loss: 1.0000 (0.9983)  weight_decay: 0.0500 (0.0500)  grad_norm: 0.0547 (0.0682)  time: 0.6670  data: 0.0002  max mem: 30401
Epoch: [77]  [ 70/159]  eta: 0:03:51  lr: 0.000015  min_lr: 0.000015  loss: 1.0000 (0.9984)  weight_decay: 0.0500 (0.0500)  grad_norm: 0.0552 (0.0683)  time: 0.6364  data: 0.0001  max mem: 30401
Epoch: [77]  [ 80/159]  eta: 0:03:05  lr: 0.000015  min_lr: 0.000015  loss: 0.9984 (0.9983)  weight_decay: 0.0500 (0.0500)  grad_norm: 0.0602 (0.0683)  time: 0.6253  data: 0.0001  max mem: 30401
Epoch: [77]  [ 90/159]  eta: 0:02:28  lr: 0.000015  min_lr: 0.000015  loss: 0.9980 (0.9983)  weight_decay: 0.0500 (0.0500)  grad_norm: 0.0602 (0.0677)  time: 0.6043  data: 0.0001  max mem: 30401
Epoch: [77]  [100/159]  eta: 0:01:58  lr: 0.000014  min_lr: 0.000014  loss: 0.9982 (0.9984)  weight_decay: 0.0500 (0.0500)  grad_norm: 0.0587 (0.0674)  time: 0.5855  data: 0.0001  max mem: 30401
Epoch: [77]  [110/159]  eta: 0:01:31  lr: 0.000014  min_lr: 0.000014  loss: 1.0000 (0.9984)  weight_decay: 0.0500 (0.0500)  grad_norm: 0.0485 (0.0668)  time: 0.5875  data: 0.0002  max mem: 30401
Epoch: [77]  [120/159]  eta: 0:01:08  lr: 0.000014  min_lr: 0.000014  loss: 1.0000 (0.9985)  weight_decay: 0.0500 (0.0500)  grad_norm: 0.0651 (0.0666)  time: 0.5878  data: 0.0002  max mem: 30401
Epoch: [77]  [130/159]  eta: 0:00:48  lr: 0.000014  min_lr: 0.000014  loss: 0.9980 (0.9984)  weight_decay: 0.0500 (0.0500)  grad_norm: 0.0651 (0.0666)  time: 0.5778  data: 0.0001  max mem: 30401
Epoch: [77]  [140/159]  eta: 0:00:30  lr: 0.000014  min_lr: 0.000014  loss: 1.0000 (0.9984)  weight_decay: 0.0500 (0.0500)  grad_norm: 0.0545 (0.0673)  time: 0.5744  data: 0.0002  max mem: 30401
Epoch: [77]  [150/159]  eta: 0:00:13  lr: 0.000014  min_lr: 0.000014  loss: 1.0000 (0.9984)  weight_decay: 0.0500 (0.0500)  grad_norm: 0.0631 (0.0674)  time: 0.5722  data: 0.0002  max mem: 30401
Epoch: [77]  [158/159]  eta: 0:00:01  lr: 0.000014  min_lr: 0.000014  loss: 0.9980 (0.9984)  weight_decay: 0.0500 (0.0500)  grad_norm: 0.0626 (0.0683)  time: 0.5792  data: 0.0001  max mem: 30401
Epoch: [77] Total time: 0:03:57 (1.4927 s / it)
Averaged stats: lr: 0.000014  min_lr: 0.000014  loss: 0.9980 (0.9985)  weight_decay: 0.0500 (0.0500)  grad_norm: 0.0626 (0.0683)
Epoch: [78]  [  0/159]  eta: 5:03:01  lr: 0.000014  min_lr: 0.000014  loss: 0.9888 (0.9888)  weight_decay: 0.0500 (0.0500)  grad_norm: 0.0720 (0.0720)  time: 114.3466  data: 78.2380  max mem: 30401
Epoch: [78]  [ 10/159]  eta: 0:28:23  lr: 0.000014  min_lr: 0.000014  loss: 0.9982 (0.9971)  weight_decay: 0.0500 (0.0500)  grad_norm: 0.0795 (0.0879)  time: 11.4355  data: 7.1130  max mem: 30401
Epoch: [78]  [ 20/159]  eta: 0:14:32  lr: 0.000014  min_lr: 0.000014  loss: 0.9985 (0.9976)  weight_decay: 0.0500 (0.0500)  grad_norm: 0.0671 (0.0713)  time: 0.8748  data: 0.0004  max mem: 30401
Epoch: [78]  [ 30/159]  eta: 0:09:33  lr: 0.000014  min_lr: 0.000014  loss: 0.9999 (0.9980)  weight_decay: 0.0500 (0.0500)  grad_norm: 0.0506 (0.0683)  time: 0.5960  data: 0.0002  max mem: 30401
Epoch: [78]  [ 40/159]  eta: 0:06:56  lr: 0.000014  min_lr: 0.000014  loss: 1.0000 (0.9982)  weight_decay: 0.0500 (0.0500)  grad_norm: 0.0492 (0.0704)  time: 0.5809  data: 0.0002  max mem: 30401
Epoch: [78]  [ 50/159]  eta: 0:05:18  lr: 0.000014  min_lr: 0.000014  loss: 1.0000 (0.9983)  weight_decay: 0.0500 (0.0500)  grad_norm: 0.0630 (0.0710)  time: 0.5765  data: 0.0002  max mem: 30401
Epoch: [78]  [ 60/159]  eta: 0:04:11  lr: 0.000014  min_lr: 0.000014  loss: 1.0000 (0.9984)  weight_decay: 0.0500 (0.0500)  grad_norm: 0.0656 (0.0714)  time: 0.5761  data: 0.0002  max mem: 30401
Epoch: [78]  [ 70/159]  eta: 0:03:21  lr: 0.000014  min_lr: 0.000014  loss: 1.0000 (0.9986)  weight_decay: 0.0500 (0.0500)  grad_norm: 0.0545 (0.0698)  time: 0.5749  data: 0.0002  max mem: 30401
Epoch: [78]  [ 80/159]  eta: 0:02:42  lr: 0.000013  min_lr: 0.000013  loss: 0.9993 (0.9984)  weight_decay: 0.0500 (0.0500)  grad_norm: 0.0655 (0.0709)  time: 0.5760  data: 0.0001  max mem: 30401
Epoch: [78]  [ 90/159]  eta: 0:02:10  lr: 0.000013  min_lr: 0.000013  loss: 0.9971 (0.9983)  weight_decay: 0.0500 (0.0500)  grad_norm: 0.0763 (0.0704)  time: 0.5783  data: 0.0001  max mem: 30401
Epoch: [78]  [100/159]  eta: 0:01:44  lr: 0.000013  min_lr: 0.000013  loss: 0.9986 (0.9984)  weight_decay: 0.0500 (0.0500)  grad_norm: 0.0742 (0.0734)  time: 0.5956  data: 0.0001  max mem: 30401
Epoch: [78]  [110/159]  eta: 0:01:21  lr: 0.000013  min_lr: 0.000013  loss: 1.0000 (0.9984)  weight_decay: 0.0500 (0.0500)  grad_norm: 0.0677 (0.0736)  time: 0.6037  data: 0.0002  max mem: 30401
Epoch: [78]  [120/159]  eta: 0:01:01  lr: 0.000013  min_lr: 0.000013  loss: 1.0000 (0.9984)  weight_decay: 0.0500 (0.0500)  grad_norm: 0.0619 (0.0733)  time: 0.5909  data: 0.0002  max mem: 30401
Epoch: [78]  [130/159]  eta: 0:00:43  lr: 0.000013  min_lr: 0.000013  loss: 1.0000 (0.9983)  weight_decay: 0.0500 (0.0500)  grad_norm: 0.0647 (0.0732)  time: 0.5826  data: 0.0002  max mem: 30401
Epoch: [78]  [140/159]  eta: 0:00:27  lr: 0.000013  min_lr: 0.000013  loss: 1.0000 (0.9984)  weight_decay: 0.0500 (0.0500)  grad_norm: 0.0673 (0.0728)  time: 0.5772  data: 0.0001  max mem: 30401
Epoch: [78]  [150/159]  eta: 0:00:12  lr: 0.000013  min_lr: 0.000013  loss: 1.0000 (0.9983)  weight_decay: 0.0500 (0.0500)  grad_norm: 0.0737 (0.0735)  time: 0.5748  data: 0.0001  max mem: 30401
Epoch: [78]  [158/159]  eta: 0:00:01  lr: 0.000013  min_lr: 0.000013  loss: 1.0000 (0.9984)  weight_decay: 0.0500 (0.0500)  grad_norm: 0.0756 (0.0731)  time: 0.5755  data: 0.0001  max mem: 30401
Epoch: [78] Total time: 0:03:33 (1.3428 s / it)
Averaged stats: lr: 0.000013  min_lr: 0.000013  loss: 1.0000 (0.9984)  weight_decay: 0.0500 (0.0500)  grad_norm: 0.0756 (0.0731)
Epoch: [79]  [  0/159]  eta: 2:38:30  lr: 0.000013  min_lr: 0.000013  loss: 0.9947 (0.9947)  weight_decay: 0.0500 (0.0500)  grad_norm: 0.0724 (0.0724)  time: 59.8149  data: 58.0826  max mem: 30401
Epoch: [79]  [ 10/159]  eta: 0:18:28  lr: 0.000013  min_lr: 0.000013  loss: 0.9986 (0.9976)  weight_decay: 0.0500 (0.0500)  grad_norm: 0.0630 (0.0639)  time: 7.4416  data: 5.6171  max mem: 30401
Epoch: [79]  [ 20/159]  eta: 0:09:46  lr: 0.000013  min_lr: 0.000013  loss: 0.9982 (0.9977)  weight_decay: 0.0500 (0.0500)  grad_norm: 0.0595 (0.0695)  time: 1.4370  data: 0.1854  max mem: 30401
Epoch: [79]  [ 30/159]  eta: 0:06:34  lr: 0.000013  min_lr: 0.000013  loss: 0.9999 (0.9982)  weight_decay: 0.0500 (0.0500)  grad_norm: 0.0643 (0.0676)  time: 0.6450  data: 0.0002  max mem: 30401
Epoch: [79]  [ 40/159]  eta: 0:04:51  lr: 0.000013  min_lr: 0.000013  loss: 1.0000 (0.9979)  weight_decay: 0.0500 (0.0500)  grad_norm: 0.0638 (0.0682)  time: 0.6010  data: 0.0002  max mem: 30401
Epoch: [79]  [ 50/159]  eta: 0:03:47  lr: 0.000012  min_lr: 0.000012  loss: 1.0000 (0.9981)  weight_decay: 0.0500 (0.0500)  grad_norm: 0.0759 (0.0692)  time: 0.5805  data: 0.0002  max mem: 30401
Epoch: [79]  [ 60/159]  eta: 0:03:02  lr: 0.000012  min_lr: 0.000012  loss: 1.0000 (0.9982)  weight_decay: 0.0500 (0.0500)  grad_norm: 0.0782 (0.0722)  time: 0.5828  data: 0.0002  max mem: 30401
Epoch: [79]  [ 70/159]  eta: 0:02:27  lr: 0.000012  min_lr: 0.000012  loss: 1.0000 (0.9983)  weight_decay: 0.0500 (0.0500)  grad_norm: 0.0714 (0.0721)  time: 0.5808  data: 0.0001  max mem: 30401
Epoch: [79]  [ 80/159]  eta: 0:02:00  lr: 0.000012  min_lr: 0.000012  loss: 0.9984 (0.9982)  weight_decay: 0.0500 (0.0500)  grad_norm: 0.0710 (0.0743)  time: 0.5753  data: 0.0001  max mem: 30401
Epoch: [79]  [ 90/159]  eta: 0:01:38  lr: 0.000012  min_lr: 0.000012  loss: 0.9979 (0.9982)  weight_decay: 0.0500 (0.0500)  grad_norm: 0.0727 (0.0739)  time: 0.5763  data: 0.0001  max mem: 30401
Epoch: [79]  [100/159]  eta: 0:01:19  lr: 0.000012  min_lr: 0.000012  loss: 0.9983 (0.9982)  weight_decay: 0.0500 (0.0500)  grad_norm: 0.0727 (0.0757)  time: 0.5766  data: 0.0001  max mem: 30401
Epoch: [79]  [110/159]  eta: 0:01:02  lr: 0.000012  min_lr: 0.000012  loss: 1.0000 (0.9983)  weight_decay: 0.0500 (0.0500)  grad_norm: 0.0821 (0.0759)  time: 0.5766  data: 0.0001  max mem: 30401
Epoch: [79]  [120/159]  eta: 0:00:47  lr: 0.000012  min_lr: 0.000012  loss: 1.0000 (0.9983)  weight_decay: 0.0500 (0.0500)  grad_norm: 0.0648 (0.0761)  time: 0.5773  data: 0.0001  max mem: 30401
Epoch: [79]  [130/159]  eta: 0:00:33  lr: 0.000012  min_lr: 0.000012  loss: 0.9996 (0.9982)  weight_decay: 0.0500 (0.0500)  grad_norm: 0.0630 (0.0754)  time: 0.5765  data: 0.0002  max mem: 30401
Epoch: [79]  [140/159]  eta: 0:00:21  lr: 0.000012  min_lr: 0.000012  loss: 0.9998 (0.9983)  weight_decay: 0.0500 (0.0500)  grad_norm: 0.0572 (0.0749)  time: 0.5767  data: 0.0002  max mem: 30401
Epoch: [79]  [150/159]  eta: 0:00:09  lr: 0.000012  min_lr: 0.000012  loss: 1.0000 (0.9983)  weight_decay: 0.0500 (0.0500)  grad_norm: 0.0685 (0.0748)  time: 0.5765  data: 0.0001  max mem: 30401
Epoch: [79]  [158/159]  eta: 0:00:01  lr: 0.000012  min_lr: 0.000012  loss: 1.0000 (0.9983)  weight_decay: 0.0500 (0.0500)  grad_norm: 0.0607 (0.0743)  time: 0.5755  data: 0.0001  max mem: 30401
Epoch: [79] Total time: 0:02:50 (1.0698 s / it)
Averaged stats: lr: 0.000012  min_lr: 0.000012  loss: 1.0000 (0.9983)  weight_decay: 0.0500 (0.0500)  grad_norm: 0.0607 (0.0743)
Epoch: [80]  [  0/159]  eta: 2:20:59  lr: 0.000012  min_lr: 0.000012  loss: 0.9908 (0.9908)  weight_decay: 0.0500 (0.0500)  grad_norm: 0.0624 (0.0624)  time: 53.2051  data: 51.8303  max mem: 30401
Epoch: [80]  [ 10/159]  eta: 0:14:41  lr: 0.000012  min_lr: 0.000012  loss: 0.9981 (0.9972)  weight_decay: 0.0500 (0.0500)  grad_norm: 0.0660 (0.0677)  time: 5.9143  data: 4.7123  max mem: 30401
Epoch: [80]  [ 20/159]  eta: 0:08:00  lr: 0.000012  min_lr: 0.000012  loss: 0.9981 (0.9969)  weight_decay: 0.0500 (0.0500)  grad_norm: 0.0611 (0.0698)  time: 0.9685  data: 0.0004  max mem: 30401
Epoch: [80]  [ 30/159]  eta: 0:05:33  lr: 0.000011  min_lr: 0.000011  loss: 1.0000 (0.9976)  weight_decay: 0.0500 (0.0500)  grad_norm: 0.0590 (0.0689)  time: 0.7499  data: 0.0003  max mem: 30401
Epoch: [80]  [ 40/159]  eta: 0:04:13  lr: 0.000011  min_lr: 0.000011  loss: 1.0000 (0.9977)  weight_decay: 0.0500 (0.0500)  grad_norm: 0.0530 (0.0703)  time: 0.7441  data: 0.0002  max mem: 30401
Epoch: [80]  [ 50/159]  eta: 0:03:21  lr: 0.000011  min_lr: 0.000011  loss: 0.9993 (0.9979)  weight_decay: 0.0500 (0.0500)  grad_norm: 0.0558 (0.0692)  time: 0.7158  data: 0.0002  max mem: 30401
Epoch: [80]  [ 60/159]  eta: 0:02:43  lr: 0.000011  min_lr: 0.000011  loss: 1.0000 (0.9980)  weight_decay: 0.0500 (0.0500)  grad_norm: 0.0716 (0.0716)  time: 0.6764  data: 0.0002  max mem: 30401
Epoch: [80]  [ 70/159]  eta: 0:02:15  lr: 0.000011  min_lr: 0.000011  loss: 1.0000 (0.9982)  weight_decay: 0.0500 (0.0500)  grad_norm: 0.0642 (0.0702)  time: 0.6913  data: 0.0002  max mem: 30401
Epoch: [80]  [ 80/159]  eta: 0:01:51  lr: 0.000011  min_lr: 0.000011  loss: 0.9983 (0.9982)  weight_decay: 0.0500 (0.0500)  grad_norm: 0.0642 (0.0692)  time: 0.6490  data: 0.0002  max mem: 30401
Epoch: [80]  [ 90/159]  eta: 0:01:30  lr: 0.000011  min_lr: 0.000011  loss: 0.9976 (0.9981)  weight_decay: 0.0500 (0.0500)  grad_norm: 0.0700 (0.0694)  time: 0.5770  data: 0.0001  max mem: 30401
Epoch: [80]  [100/159]  eta: 0:01:13  lr: 0.000011  min_lr: 0.000011  loss: 0.9987 (0.9982)  weight_decay: 0.0500 (0.0500)  grad_norm: 0.0751 (0.0708)  time: 0.5766  data: 0.0001  max mem: 30401
Epoch: [80]  [110/159]  eta: 0:00:57  lr: 0.000011  min_lr: 0.000011  loss: 1.0000 (0.9982)  weight_decay: 0.0500 (0.0500)  grad_norm: 0.0751 (0.0716)  time: 0.5770  data: 0.0002  max mem: 30401
Epoch: [80]  [120/159]  eta: 0:00:44  lr: 0.000011  min_lr: 0.000011  loss: 1.0000 (0.9983)  weight_decay: 0.0500 (0.0500)  grad_norm: 0.0637 (0.0709)  time: 0.5763  data: 0.0002  max mem: 30401
Epoch: [80]  [130/159]  eta: 0:00:31  lr: 0.000011  min_lr: 0.000011  loss: 0.9999 (0.9981)  weight_decay: 0.0500 (0.0500)  grad_norm: 0.0553 (0.0703)  time: 0.5740  data: 0.0001  max mem: 30401
Epoch: [80]  [140/159]  eta: 0:00:20  lr: 0.000011  min_lr: 0.000011  loss: 0.9999 (0.9982)  weight_decay: 0.0500 (0.0500)  grad_norm: 0.0612 (0.0706)  time: 0.5743  data: 0.0001  max mem: 30401
Epoch: [80]  [150/159]  eta: 0:00:09  lr: 0.000011  min_lr: 0.000011  loss: 0.9994 (0.9982)  weight_decay: 0.0500 (0.0500)  grad_norm: 0.0617 (0.0703)  time: 0.5752  data: 0.0001  max mem: 30401
Epoch: [80]  [158/159]  eta: 0:00:00  lr: 0.000011  min_lr: 0.000011  loss: 0.9985 (0.9982)  weight_decay: 0.0500 (0.0500)  grad_norm: 0.0622 (0.0702)  time: 0.5753  data: 0.0001  max mem: 30401
Epoch: [80] Total time: 0:02:40 (1.0088 s / it)
Averaged stats: lr: 0.000011  min_lr: 0.000011  loss: 0.9985 (0.9983)  weight_decay: 0.0500 (0.0500)  grad_norm: 0.0622 (0.0702)
[Eval]   [0/2]  eta: 0:00:17  loss: 0.9998 (0.9998)  time: 8.8717  data: 8.7085  max mem: 30401
[Eval]   [1/2]  eta: 0:00:04  loss: 0.9998 (0.9999)  time: 4.4870  data: 4.3543  max mem: 30401
[Eval]  Total time: 0:00:09 (4.6481 s / it)
Eval averaged stats: loss: 0.9998 (0.9997)
Logged 9 eval images
Epoch: [81]  [  0/159]  eta: 5:43:00  lr: 0.000011  min_lr: 0.000011  loss: 0.9937 (0.9937)  weight_decay: 0.0500 (0.0500)  grad_norm: 0.0719 (0.0719)  time: 129.4358  data: 79.8454  max mem: 30401
Epoch: [81]  [ 10/159]  eta: 0:30:45  lr: 0.000011  min_lr: 0.000011  loss: 0.9976 (0.9975)  weight_decay: 0.0500 (0.0500)  grad_norm: 0.0719 (0.0701)  time: 12.3826  data: 7.2589  max mem: 30401
Epoch: [81]  [ 20/159]  eta: 0:17:09  lr: 0.000010  min_lr: 0.000010  loss: 0.9986 (0.9978)  weight_decay: 0.0500 (0.0500)  grad_norm: 0.0668 (0.0653)  time: 1.3022  data: 0.0002  max mem: 30401
Epoch: [81]  [ 30/159]  eta: 0:11:11  lr: 0.000010  min_lr: 0.000010  loss: 1.0000 (0.9982)  weight_decay: 0.0500 (0.0500)  grad_norm: 0.0694 (0.0690)  time: 1.2614  data: 0.0002  max mem: 30401
Epoch: [81]  [ 40/159]  eta: 0:08:05  lr: 0.000010  min_lr: 0.000010  loss: 1.0000 (0.9981)  weight_decay: 0.0500 (0.0500)  grad_norm: 0.0713 (0.0746)  time: 0.5869  data: 0.0002  max mem: 30401
Epoch: [81]  [ 50/159]  eta: 0:06:09  lr: 0.000010  min_lr: 0.000010  loss: 0.9998 (0.9983)  weight_decay: 0.0500 (0.0500)  grad_norm: 0.0795 (0.0763)  time: 0.5773  data: 0.0002  max mem: 30401
Epoch: [81]  [ 60/159]  eta: 0:04:50  lr: 0.000010  min_lr: 0.000010  loss: 1.0000 (0.9984)  weight_decay: 0.0500 (0.0500)  grad_norm: 0.0782 (0.0779)  time: 0.5742  data: 0.0002  max mem: 30401
Epoch: [81]  [ 70/159]  eta: 0:03:51  lr: 0.000010  min_lr: 0.000010  loss: 1.0000 (0.9984)  weight_decay: 0.0500 (0.0500)  grad_norm: 0.0782 (0.0766)  time: 0.5710  data: 0.0001  max mem: 30401
Epoch: [81]  [ 80/159]  eta: 0:03:05  lr: 0.000010  min_lr: 0.000010  loss: 0.9990 (0.9984)  weight_decay: 0.0500 (0.0500)  grad_norm: 0.0663 (0.0765)  time: 0.5704  data: 0.0001  max mem: 30401
Epoch: [81]  [ 90/159]  eta: 0:02:28  lr: 0.000010  min_lr: 0.000010  loss: 0.9982 (0.9984)  weight_decay: 0.0500 (0.0500)  grad_norm: 0.0683 (0.0762)  time: 0.5987  data: 0.0001  max mem: 30401
Epoch: [81]  [100/159]  eta: 0:01:58  lr: 0.000010  min_lr: 0.000010  loss: 0.9989 (0.9985)  weight_decay: 0.0500 (0.0500)  grad_norm: 0.0780 (0.0769)  time: 0.6141  data: 0.0001  max mem: 30401
Epoch: [81]  [110/159]  eta: 0:01:31  lr: 0.000010  min_lr: 0.000010  loss: 1.0000 (0.9985)  weight_decay: 0.0500 (0.0500)  grad_norm: 0.0746 (0.0767)  time: 0.5920  data: 0.0001  max mem: 30401
Epoch: [81]  [120/159]  eta: 0:01:08  lr: 0.000010  min_lr: 0.000010  loss: 1.0000 (0.9985)  weight_decay: 0.0500 (0.0500)  grad_norm: 0.0569 (0.0753)  time: 0.5788  data: 0.0002  max mem: 30401
Epoch: [81]  [130/159]  eta: 0:00:48  lr: 0.000010  min_lr: 0.000010  loss: 0.9999 (0.9984)  weight_decay: 0.0500 (0.0500)  grad_norm: 0.0569 (0.0758)  time: 0.5756  data: 0.0002  max mem: 30401
Epoch: [81]  [140/159]  eta: 0:00:30  lr: 0.000010  min_lr: 0.000010  loss: 1.0000 (0.9985)  weight_decay: 0.0500 (0.0500)  grad_norm: 0.0746 (0.0763)  time: 0.5757  data: 0.0001  max mem: 30401
Epoch: [81]  [150/159]  eta: 0:00:13  lr: 0.000010  min_lr: 0.000010  loss: 1.0000 (0.9983)  weight_decay: 0.0500 (0.0500)  grad_norm: 0.0722 (0.0757)  time: 0.5745  data: 0.0001  max mem: 30401
Epoch: [81]  [158/159]  eta: 0:00:01  lr: 0.000010  min_lr: 0.000010  loss: 0.9989 (0.9984)  weight_decay: 0.0500 (0.0500)  grad_norm: 0.0603 (0.0756)  time: 0.5743  data: 0.0001  max mem: 30401
Epoch: [81] Total time: 0:03:57 (1.4923 s / it)
Averaged stats: lr: 0.000010  min_lr: 0.000010  loss: 0.9989 (0.9983)  weight_decay: 0.0500 (0.0500)  grad_norm: 0.0603 (0.0756)
Epoch: [82]  [  0/159]  eta: 3:33:37  lr: 0.000010  min_lr: 0.000010  loss: 0.9880 (0.9880)  weight_decay: 0.0500 (0.0500)  grad_norm: 0.0927 (0.0927)  time: 80.6144  data: 63.1129  max mem: 30401
Epoch: [82]  [ 10/159]  eta: 0:21:34  lr: 0.000009  min_lr: 0.000009  loss: 0.9973 (0.9971)  weight_decay: 0.0500 (0.0500)  grad_norm: 0.0645 (0.0741)  time: 8.6848  data: 6.4734  max mem: 30401
Epoch: [82]  [ 20/159]  eta: 0:11:11  lr: 0.000009  min_lr: 0.000009  loss: 0.9979 (0.9972)  weight_decay: 0.0500 (0.0500)  grad_norm: 0.0573 (0.0668)  time: 1.0392  data: 0.4048  max mem: 30401
Epoch: [82]  [ 30/159]  eta: 0:07:26  lr: 0.000009  min_lr: 0.000009  loss: 1.0000 (0.9980)  weight_decay: 0.0500 (0.0500)  grad_norm: 0.0628 (0.0735)  time: 0.5900  data: 0.0002  max mem: 30401
Epoch: [82]  [ 40/159]  eta: 0:05:28  lr: 0.000009  min_lr: 0.000009  loss: 1.0000 (0.9981)  weight_decay: 0.0500 (0.0500)  grad_norm: 0.0714 (0.0743)  time: 0.5973  data: 0.0001  max mem: 30401
Epoch: [82]  [ 50/159]  eta: 0:04:14  lr: 0.000009  min_lr: 0.000009  loss: 1.0000 (0.9980)  weight_decay: 0.0500 (0.0500)  grad_norm: 0.0682 (0.0728)  time: 0.5979  data: 0.0001  max mem: 30401
Epoch: [82]  [ 60/159]  eta: 0:03:22  lr: 0.000009  min_lr: 0.000009  loss: 1.0000 (0.9982)  weight_decay: 0.0500 (0.0500)  grad_norm: 0.0703 (0.0735)  time: 0.5849  data: 0.0001  max mem: 30401
Epoch: [82]  [ 70/159]  eta: 0:02:43  lr: 0.000009  min_lr: 0.000009  loss: 1.0000 (0.9983)  weight_decay: 0.0500 (0.0500)  grad_norm: 0.0673 (0.0732)  time: 0.5763  data: 0.0001  max mem: 30401
Epoch: [82]  [ 80/159]  eta: 0:02:13  lr: 0.000009  min_lr: 0.000009  loss: 0.9985 (0.9982)  weight_decay: 0.0500 (0.0500)  grad_norm: 0.0590 (0.0726)  time: 0.5951  data: 0.0001  max mem: 30401
Epoch: [82]  [ 90/159]  eta: 0:01:48  lr: 0.000009  min_lr: 0.000009  loss: 0.9980 (0.9982)  weight_decay: 0.0500 (0.0500)  grad_norm: 0.0556 (0.0722)  time: 0.6271  data: 0.0002  max mem: 30401
Epoch: [82]  [100/159]  eta: 0:01:27  lr: 0.000009  min_lr: 0.000009  loss: 0.9982 (0.9982)  weight_decay: 0.0500 (0.0500)  grad_norm: 0.0634 (0.0745)  time: 0.6450  data: 0.0002  max mem: 30401
Epoch: [82]  [110/159]  eta: 0:01:08  lr: 0.000009  min_lr: 0.000009  loss: 1.0000 (0.9982)  weight_decay: 0.0500 (0.0500)  grad_norm: 0.0861 (0.0753)  time: 0.6405  data: 0.0002  max mem: 30401
Epoch: [82]  [120/159]  eta: 0:00:52  lr: 0.000009  min_lr: 0.000009  loss: 1.0000 (0.9983)  weight_decay: 0.0500 (0.0500)  grad_norm: 0.0738 (0.0752)  time: 0.6196  data: 0.0002  max mem: 30401
Epoch: [82]  [130/159]  eta: 0:00:37  lr: 0.000009  min_lr: 0.000009  loss: 1.0000 (0.9982)  weight_decay: 0.0500 (0.0500)  grad_norm: 0.0644 (0.0750)  time: 0.5941  data: 0.0002  max mem: 30401
Epoch: [82]  [140/159]  eta: 0:00:23  lr: 0.000009  min_lr: 0.000009  loss: 1.0000 (0.9982)  weight_decay: 0.0500 (0.0500)  grad_norm: 0.0604 (0.0743)  time: 0.5794  data: 0.0002  max mem: 30401
Epoch: [82]  [150/159]  eta: 0:00:10  lr: 0.000009  min_lr: 0.000009  loss: 0.9996 (0.9982)  weight_decay: 0.0500 (0.0500)  grad_norm: 0.0516 (0.0739)  time: 0.5755  data: 0.0002  max mem: 30401
Epoch: [82]  [158/159]  eta: 0:00:01  lr: 0.000009  min_lr: 0.000009  loss: 0.9990 (0.9982)  weight_decay: 0.0500 (0.0500)  grad_norm: 0.0544 (0.0737)  time: 0.5740  data: 0.0002  max mem: 30401
Epoch: [82] Total time: 0:03:05 (1.1674 s / it)
Averaged stats: lr: 0.000009  min_lr: 0.000009  loss: 0.9990 (0.9983)  weight_decay: 0.0500 (0.0500)  grad_norm: 0.0544 (0.0737)
Epoch: [83]  [  0/159]  eta: 3:26:14  lr: 0.000009  min_lr: 0.000009  loss: 0.9902 (0.9902)  weight_decay: 0.0500 (0.0500)  grad_norm: 0.0541 (0.0541)  time: 77.8254  data: 70.8168  max mem: 30401
Epoch: [83]  [ 10/159]  eta: 0:26:03  lr: 0.000008  min_lr: 0.000008  loss: 0.9973 (0.9969)  weight_decay: 0.0500 (0.0500)  grad_norm: 0.0721 (0.0786)  time: 10.4935  data: 7.5055  max mem: 30401
Epoch: [83]  [ 20/159]  eta: 0:13:25  lr: 0.000008  min_lr: 0.000008  loss: 0.9979 (0.9966)  weight_decay: 0.0500 (0.0500)  grad_norm: 0.0721 (0.0765)  time: 2.1946  data: 0.5873  max mem: 30401
Epoch: [83]  [ 30/159]  eta: 0:08:51  lr: 0.000008  min_lr: 0.000008  loss: 0.9999 (0.9973)  weight_decay: 0.0500 (0.0500)  grad_norm: 0.0673 (0.0719)  time: 0.6201  data: 0.0002  max mem: 30401
Epoch: [83]  [ 40/159]  eta: 0:06:28  lr: 0.000008  min_lr: 0.000008  loss: 1.0000 (0.9976)  weight_decay: 0.0500 (0.0500)  grad_norm: 0.0685 (0.0767)  time: 0.6125  data: 0.0002  max mem: 30401
Epoch: [83]  [ 50/159]  eta: 0:04:59  lr: 0.000008  min_lr: 0.000008  loss: 0.9988 (0.9977)  weight_decay: 0.0500 (0.0500)  grad_norm: 0.0819 (0.0760)  time: 0.6192  data: 0.0002  max mem: 30401
Epoch: [83]  [ 60/159]  eta: 0:03:57  lr: 0.000008  min_lr: 0.000008  loss: 1.0000 (0.9979)  weight_decay: 0.0500 (0.0500)  grad_norm: 0.0754 (0.0767)  time: 0.6033  data: 0.0002  max mem: 30401
Epoch: [83]  [ 70/159]  eta: 0:03:10  lr: 0.000008  min_lr: 0.000008  loss: 1.0000 (0.9980)  weight_decay: 0.0500 (0.0500)  grad_norm: 0.0754 (0.0778)  time: 0.5814  data: 0.0002  max mem: 30401
Epoch: [83]  [ 80/159]  eta: 0:02:33  lr: 0.000008  min_lr: 0.000008  loss: 0.9981 (0.9980)  weight_decay: 0.0500 (0.0500)  grad_norm: 0.0747 (0.0797)  time: 0.5777  data: 0.0002  max mem: 30401
Epoch: [83]  [ 90/159]  eta: 0:02:03  lr: 0.000008  min_lr: 0.000008  loss: 0.9972 (0.9979)  weight_decay: 0.0500 (0.0500)  grad_norm: 0.0693 (0.0789)  time: 0.5788  data: 0.0002  max mem: 30401
Epoch: [83]  [100/159]  eta: 0:01:38  lr: 0.000008  min_lr: 0.000008  loss: 0.9979 (0.9980)  weight_decay: 0.0500 (0.0500)  grad_norm: 0.0806 (0.0804)  time: 0.5778  data: 0.0002  max mem: 30401
Epoch: [83]  [110/159]  eta: 0:01:17  lr: 0.000008  min_lr: 0.000008  loss: 1.0000 (0.9980)  weight_decay: 0.0500 (0.0500)  grad_norm: 0.0800 (0.0801)  time: 0.5731  data: 0.0002  max mem: 30401
Epoch: [83]  [120/159]  eta: 0:00:58  lr: 0.000008  min_lr: 0.000008  loss: 1.0000 (0.9980)  weight_decay: 0.0500 (0.0500)  grad_norm: 0.0682 (0.0801)  time: 0.5754  data: 0.0001  max mem: 30401
Epoch: [83]  [130/159]  eta: 0:00:41  lr: 0.000008  min_lr: 0.000008  loss: 0.9994 (0.9979)  weight_decay: 0.0500 (0.0500)  grad_norm: 0.0636 (0.0795)  time: 0.5750  data: 0.0001  max mem: 30401
Epoch: [83]  [140/159]  eta: 0:00:25  lr: 0.000008  min_lr: 0.000008  loss: 1.0000 (0.9980)  weight_decay: 0.0500 (0.0500)  grad_norm: 0.0759 (0.0813)  time: 0.5716  data: 0.0001  max mem: 30401
Epoch: [83]  [150/159]  eta: 0:00:11  lr: 0.000008  min_lr: 0.000008  loss: 1.0000 (0.9980)  weight_decay: 0.0500 (0.0500)  grad_norm: 0.0757 (0.0803)  time: 0.5708  data: 0.0001  max mem: 30401
Epoch: [83]  [158/159]  eta: 0:00:01  lr: 0.000008  min_lr: 0.000008  loss: 1.0000 (0.9981)  weight_decay: 0.0500 (0.0500)  grad_norm: 0.0642 (0.0795)  time: 0.5712  data: 0.0001  max mem: 30401
Epoch: [83] Total time: 0:03:23 (1.2816 s / it)
Averaged stats: lr: 0.000008  min_lr: 0.000008  loss: 1.0000 (0.9982)  weight_decay: 0.0500 (0.0500)  grad_norm: 0.0642 (0.0795)
Epoch: [84]  [  0/159]  eta: 4:28:40  lr: 0.000008  min_lr: 0.000008  loss: 0.9890 (0.9890)  weight_decay: 0.0500 (0.0500)  grad_norm: 0.0749 (0.0749)  time: 101.3856  data: 83.6930  max mem: 30401
Epoch: [84]  [ 10/159]  eta: 0:27:47  lr: 0.000008  min_lr: 0.000008  loss: 0.9973 (0.9966)  weight_decay: 0.0500 (0.0500)  grad_norm: 0.0616 (0.0584)  time: 11.1924  data: 7.6086  max mem: 30401
Epoch: [84]  [ 20/159]  eta: 0:14:15  lr: 0.000007  min_lr: 0.000007  loss: 0.9975 (0.9967)  weight_decay: 0.0500 (0.0500)  grad_norm: 0.0605 (0.0628)  time: 1.3950  data: 0.0002  max mem: 30401
Epoch: [84]  [ 30/159]  eta: 0:09:22  lr: 0.000007  min_lr: 0.000007  loss: 1.0000 (0.9974)  weight_decay: 0.0500 (0.0500)  grad_norm: 0.0567 (0.0625)  time: 0.6060  data: 0.0002  max mem: 30401
Epoch: [84]  [ 40/159]  eta: 0:06:49  lr: 0.000007  min_lr: 0.000007  loss: 1.0000 (0.9976)  weight_decay: 0.0500 (0.0500)  grad_norm: 0.0703 (0.0667)  time: 0.5882  data: 0.0002  max mem: 30401
Epoch: [84]  [ 50/159]  eta: 0:05:13  lr: 0.000007  min_lr: 0.000007  loss: 0.9979 (0.9976)  weight_decay: 0.0500 (0.0500)  grad_norm: 0.0703 (0.0672)  time: 0.5838  data: 0.0002  max mem: 30401
Epoch: [84]  [ 60/159]  eta: 0:04:07  lr: 0.000007  min_lr: 0.000007  loss: 0.9991 (0.9978)  weight_decay: 0.0500 (0.0500)  grad_norm: 0.0598 (0.0699)  time: 0.5867  data: 0.0002  max mem: 30401
Epoch: [84]  [ 70/159]  eta: 0:03:19  lr: 0.000007  min_lr: 0.000007  loss: 1.0000 (0.9980)  weight_decay: 0.0500 (0.0500)  grad_norm: 0.0709 (0.0708)  time: 0.6032  data: 0.0002  max mem: 30401
Epoch: [84]  [ 80/159]  eta: 0:02:40  lr: 0.000007  min_lr: 0.000007  loss: 0.9981 (0.9979)  weight_decay: 0.0500 (0.0500)  grad_norm: 0.0833 (0.0724)  time: 0.6053  data: 0.0002  max mem: 30401
Epoch: [84]  [ 90/159]  eta: 0:02:09  lr: 0.000007  min_lr: 0.000007  loss: 0.9979 (0.9979)  weight_decay: 0.0500 (0.0500)  grad_norm: 0.0762 (0.0741)  time: 0.6179  data: 0.0001  max mem: 30401
Epoch: [84]  [100/159]  eta: 0:01:43  lr: 0.000007  min_lr: 0.000007  loss: 0.9986 (0.9981)  weight_decay: 0.0500 (0.0500)  grad_norm: 0.0766 (0.0763)  time: 0.6176  data: 0.0001  max mem: 30401
Epoch: [84]  [110/159]  eta: 0:01:20  lr: 0.000007  min_lr: 0.000007  loss: 1.0000 (0.9982)  weight_decay: 0.0500 (0.0500)  grad_norm: 0.0677 (0.0750)  time: 0.5857  data: 0.0001  max mem: 30401
Epoch: [84]  [120/159]  eta: 0:01:00  lr: 0.000007  min_lr: 0.000007  loss: 1.0000 (0.9982)  weight_decay: 0.0500 (0.0500)  grad_norm: 0.0677 (0.0753)  time: 0.5786  data: 0.0002  max mem: 30401
Epoch: [84]  [130/159]  eta: 0:00:43  lr: 0.000007  min_lr: 0.000007  loss: 0.9982 (0.9981)  weight_decay: 0.0500 (0.0500)  grad_norm: 0.0713 (0.0747)  time: 0.5747  data: 0.0002  max mem: 30401
Epoch: [84]  [140/159]  eta: 0:00:26  lr: 0.000007  min_lr: 0.000007  loss: 1.0000 (0.9981)  weight_decay: 0.0500 (0.0500)  grad_norm: 0.0695 (0.0759)  time: 0.5730  data: 0.0002  max mem: 30401
Epoch: [84]  [150/159]  eta: 0:00:12  lr: 0.000007  min_lr: 0.000007  loss: 1.0000 (0.9981)  weight_decay: 0.0500 (0.0500)  grad_norm: 0.0804 (0.0757)  time: 0.5785  data: 0.0001  max mem: 30401
Epoch: [84]  [158/159]  eta: 0:00:01  lr: 0.000007  min_lr: 0.000007  loss: 0.9999 (0.9980)  weight_decay: 0.0500 (0.0500)  grad_norm: 0.0715 (0.0754)  time: 0.5832  data: 0.0002  max mem: 30401
Epoch: [84] Total time: 0:03:32 (1.3351 s / it)
Averaged stats: lr: 0.000007  min_lr: 0.000007  loss: 0.9999 (0.9982)  weight_decay: 0.0500 (0.0500)  grad_norm: 0.0715 (0.0754)
Epoch: [85]  [  0/159]  eta: 2:33:17  lr: 0.000007  min_lr: 0.000007  loss: 0.9932 (0.9932)  weight_decay: 0.0500 (0.0500)  grad_norm: 0.0696 (0.0696)  time: 57.8437  data: 46.7632  max mem: 30401
Epoch: [85]  [ 10/159]  eta: 0:16:23  lr: 0.000007  min_lr: 0.000007  loss: 1.0000 (0.9974)  weight_decay: 0.0500 (0.0500)  grad_norm: 0.0669 (0.0648)  time: 6.5979  data: 4.7045  max mem: 30401
Epoch: [85]  [ 20/159]  eta: 0:08:38  lr: 0.000007  min_lr: 0.000007  loss: 1.0000 (0.9970)  weight_decay: 0.0500 (0.0500)  grad_norm: 0.0609 (0.0650)  time: 1.0257  data: 0.2494  max mem: 30401
Epoch: [85]  [ 30/159]  eta: 0:05:49  lr: 0.000007  min_lr: 0.000007  loss: 1.0000 (0.9974)  weight_decay: 0.0500 (0.0500)  grad_norm: 0.0621 (0.0678)  time: 0.5760  data: 0.0001  max mem: 30401
Epoch: [85]  [ 40/159]  eta: 0:04:20  lr: 0.000006  min_lr: 0.000006  loss: 1.0000 (0.9976)  weight_decay: 0.0500 (0.0500)  grad_norm: 0.0732 (0.0700)  time: 0.5754  data: 0.0001  max mem: 30401
Epoch: [85]  [ 50/159]  eta: 0:03:24  lr: 0.000006  min_lr: 0.000006  loss: 0.9991 (0.9977)  weight_decay: 0.0500 (0.0500)  grad_norm: 0.0657 (0.0683)  time: 0.5760  data: 0.0001  max mem: 30401
Epoch: [85]  [ 60/159]  eta: 0:02:44  lr: 0.000006  min_lr: 0.000006  loss: 0.9999 (0.9979)  weight_decay: 0.0500 (0.0500)  grad_norm: 0.0765 (0.0698)  time: 0.5751  data: 0.0001  max mem: 30401
Epoch: [85]  [ 70/159]  eta: 0:02:14  lr: 0.000006  min_lr: 0.000006  loss: 1.0000 (0.9980)  weight_decay: 0.0500 (0.0500)  grad_norm: 0.0765 (0.0699)  time: 0.5754  data: 0.0001  max mem: 30401
Epoch: [85]  [ 80/159]  eta: 0:01:50  lr: 0.000006  min_lr: 0.000006  loss: 0.9974 (0.9979)  weight_decay: 0.0500 (0.0500)  grad_norm: 0.0589 (0.0694)  time: 0.5756  data: 0.0001  max mem: 30401
Epoch: [85]  [ 90/159]  eta: 0:01:29  lr: 0.000006  min_lr: 0.000006  loss: 0.9967 (0.9978)  weight_decay: 0.0500 (0.0500)  grad_norm: 0.0668 (0.0687)  time: 0.5744  data: 0.0001  max mem: 30401
Epoch: [85]  [100/159]  eta: 0:01:12  lr: 0.000006  min_lr: 0.000006  loss: 0.9984 (0.9979)  weight_decay: 0.0500 (0.0500)  grad_norm: 0.0679 (0.0706)  time: 0.5738  data: 0.0001  max mem: 30401
Epoch: [85]  [110/159]  eta: 0:00:57  lr: 0.000006  min_lr: 0.000006  loss: 1.0000 (0.9980)  weight_decay: 0.0500 (0.0500)  grad_norm: 0.0692 (0.0707)  time: 0.5749  data: 0.0001  max mem: 30401
Epoch: [85]  [120/159]  eta: 0:00:43  lr: 0.000006  min_lr: 0.000006  loss: 1.0000 (0.9980)  weight_decay: 0.0500 (0.0500)  grad_norm: 0.0797 (0.0721)  time: 0.5761  data: 0.0001  max mem: 30401
Epoch: [85]  [130/159]  eta: 0:00:31  lr: 0.000006  min_lr: 0.000006  loss: 0.9987 (0.9979)  weight_decay: 0.0500 (0.0500)  grad_norm: 0.0769 (0.0723)  time: 0.5748  data: 0.0001  max mem: 30401
Epoch: [85]  [140/159]  eta: 0:00:19  lr: 0.000006  min_lr: 0.000006  loss: 0.9999 (0.9980)  weight_decay: 0.0500 (0.0500)  grad_norm: 0.0731 (0.0734)  time: 0.5736  data: 0.0001  max mem: 30401
Epoch: [85]  [150/159]  eta: 0:00:09  lr: 0.000006  min_lr: 0.000006  loss: 1.0000 (0.9979)  weight_decay: 0.0500 (0.0500)  grad_norm: 0.0749 (0.0733)  time: 0.5761  data: 0.0002  max mem: 30401
Epoch: [85]  [158/159]  eta: 0:00:00  lr: 0.000006  min_lr: 0.000006  loss: 0.9994 (0.9979)  weight_decay: 0.0500 (0.0500)  grad_norm: 0.0580 (0.0732)  time: 0.5778  data: 0.0001  max mem: 30401
Epoch: [85] Total time: 0:02:39 (1.0010 s / it)
Averaged stats: lr: 0.000006  min_lr: 0.000006  loss: 0.9994 (0.9982)  weight_decay: 0.0500 (0.0500)  grad_norm: 0.0580 (0.0732)
Epoch: [86]  [  0/159]  eta: 6:33:19  lr: 0.000006  min_lr: 0.000006  loss: 0.9957 (0.9957)  weight_decay: 0.0500 (0.0500)  grad_norm: 0.0549 (0.0549)  time: 148.4221  data: 71.2643  max mem: 30401
Epoch: [86]  [ 10/159]  eta: 0:35:02  lr: 0.000006  min_lr: 0.000006  loss: 0.9992 (0.9984)  weight_decay: 0.0500 (0.0500)  grad_norm: 0.0723 (0.0757)  time: 14.1084  data: 6.4788  max mem: 30401
Epoch: [86]  [ 20/159]  eta: 0:17:52  lr: 0.000006  min_lr: 0.000006  loss: 0.9988 (0.9979)  weight_decay: 0.0500 (0.0500)  grad_norm: 0.0723 (0.0722)  time: 0.6775  data: 0.0002  max mem: 30401
Epoch: [86]  [ 30/159]  eta: 0:11:41  lr: 0.000006  min_lr: 0.000006  loss: 0.9998 (0.9982)  weight_decay: 0.0500 (0.0500)  grad_norm: 0.0648 (0.0715)  time: 0.6711  data: 0.0002  max mem: 30401
Epoch: [86]  [ 40/159]  eta: 0:08:28  lr: 0.000006  min_lr: 0.000006  loss: 1.0000 (0.9980)  weight_decay: 0.0500 (0.0500)  grad_norm: 0.0474 (0.0693)  time: 0.6633  data: 0.0002  max mem: 30401
Epoch: [86]  [ 50/159]  eta: 0:06:28  lr: 0.000006  min_lr: 0.000006  loss: 0.9986 (0.9981)  weight_decay: 0.0500 (0.0500)  grad_norm: 0.0682 (0.0706)  time: 0.6480  data: 0.0002  max mem: 30401
Epoch: [86]  [ 60/159]  eta: 0:05:04  lr: 0.000006  min_lr: 0.000006  loss: 0.9986 (0.9982)  weight_decay: 0.0500 (0.0500)  grad_norm: 0.0684 (0.0701)  time: 0.6145  data: 0.0001  max mem: 30401
Epoch: [86]  [ 70/159]  eta: 0:04:02  lr: 0.000005  min_lr: 0.000005  loss: 1.0000 (0.9984)  weight_decay: 0.0500 (0.0500)  grad_norm: 0.0748 (0.0737)  time: 0.5865  data: 0.0002  max mem: 30401
Epoch: [86]  [ 80/159]  eta: 0:03:14  lr: 0.000005  min_lr: 0.000005  loss: 0.9984 (0.9983)  weight_decay: 0.0500 (0.0500)  grad_norm: 0.0969 (0.0764)  time: 0.5762  data: 0.0002  max mem: 30401
Epoch: [86]  [ 90/159]  eta: 0:02:35  lr: 0.000005  min_lr: 0.000005  loss: 0.9975 (0.9982)  weight_decay: 0.0500 (0.0500)  grad_norm: 0.0682 (0.0760)  time: 0.5752  data: 0.0001  max mem: 30401
Epoch: [86]  [100/159]  eta: 0:02:02  lr: 0.000005  min_lr: 0.000005  loss: 0.9987 (0.9983)  weight_decay: 0.0500 (0.0500)  grad_norm: 0.0709 (0.0770)  time: 0.5744  data: 0.0001  max mem: 30401
Epoch: [86]  [110/159]  eta: 0:01:35  lr: 0.000005  min_lr: 0.000005  loss: 1.0000 (0.9984)  weight_decay: 0.0500 (0.0500)  grad_norm: 0.0777 (0.0767)  time: 0.5736  data: 0.0001  max mem: 30401
Epoch: [86]  [120/159]  eta: 0:01:11  lr: 0.000005  min_lr: 0.000005  loss: 1.0000 (0.9984)  weight_decay: 0.0500 (0.0500)  grad_norm: 0.0745 (0.0769)  time: 0.6104  data: 0.0001  max mem: 30401
Epoch: [86]  [130/159]  eta: 0:00:50  lr: 0.000005  min_lr: 0.000005  loss: 0.9978 (0.9982)  weight_decay: 0.0500 (0.0500)  grad_norm: 0.0805 (0.0770)  time: 0.6636  data: 0.0001  max mem: 30401
Epoch: [86]  [140/159]  eta: 0:00:31  lr: 0.000005  min_lr: 0.000005  loss: 1.0000 (0.9983)  weight_decay: 0.0500 (0.0500)  grad_norm: 0.0804 (0.0779)  time: 0.6728  data: 0.0001  max mem: 30401
Epoch: [86]  [150/159]  eta: 0:00:14  lr: 0.000005  min_lr: 0.000005  loss: 1.0000 (0.9983)  weight_decay: 0.0500 (0.0500)  grad_norm: 0.0631 (0.0783)  time: 0.6599  data: 0.0001  max mem: 30401
Epoch: [86]  [158/159]  eta: 0:00:01  lr: 0.000005  min_lr: 0.000005  loss: 0.9979 (0.9983)  weight_decay: 0.0500 (0.0500)  grad_norm: 0.0805 (0.0794)  time: 0.6548  data: 0.0001  max mem: 30401
Epoch: [86] Total time: 0:04:09 (1.5688 s / it)
Averaged stats: lr: 0.000005  min_lr: 0.000005  loss: 0.9979 (0.9981)  weight_decay: 0.0500 (0.0500)  grad_norm: 0.0805 (0.0794)
Epoch: [87]  [  0/159]  eta: 8:20:59  lr: 0.000005  min_lr: 0.000005  loss: 0.9967 (0.9967)  weight_decay: 0.0500 (0.0500)  grad_norm: 0.0581 (0.0581)  time: 189.0549  data: 187.1962  max mem: 30401
Epoch: [87]  [ 10/159]  eta: 0:48:21  lr: 0.000005  min_lr: 0.000005  loss: 0.9967 (0.9963)  weight_decay: 0.0500 (0.0500)  grad_norm: 0.0659 (0.0722)  time: 19.4763  data: 17.0180  max mem: 30401
Epoch: [87]  [ 20/159]  eta: 0:24:22  lr: 0.000005  min_lr: 0.000005  loss: 0.9974 (0.9962)  weight_decay: 0.0500 (0.0500)  grad_norm: 0.0659 (0.0787)  time: 1.5941  data: 0.0002  max mem: 30401
Epoch: [87]  [ 30/159]  eta: 0:15:48  lr: 0.000005  min_lr: 0.000005  loss: 0.9999 (0.9970)  weight_decay: 0.0500 (0.0500)  grad_norm: 0.0648 (0.0744)  time: 0.6843  data: 0.0002  max mem: 30401
Epoch: [87]  [ 40/159]  eta: 0:11:20  lr: 0.000005  min_lr: 0.000005  loss: 1.0000 (0.9972)  weight_decay: 0.0500 (0.0500)  grad_norm: 0.0602 (0.0788)  time: 0.6682  data: 0.0001  max mem: 30401
Epoch: [87]  [ 50/159]  eta: 0:08:33  lr: 0.000005  min_lr: 0.000005  loss: 0.9983 (0.9973)  weight_decay: 0.0500 (0.0500)  grad_norm: 0.0628 (0.0799)  time: 0.6160  data: 0.0001  max mem: 30401
Epoch: [87]  [ 60/159]  eta: 0:06:39  lr: 0.000005  min_lr: 0.000005  loss: 1.0000 (0.9976)  weight_decay: 0.0500 (0.0500)  grad_norm: 0.0739 (0.0791)  time: 0.5852  data: 0.0001  max mem: 30401
Epoch: [87]  [ 70/159]  eta: 0:05:15  lr: 0.000005  min_lr: 0.000005  loss: 1.0000 (0.9978)  weight_decay: 0.0500 (0.0500)  grad_norm: 0.0657 (0.0779)  time: 0.5764  data: 0.0001  max mem: 30401
Epoch: [87]  [ 80/159]  eta: 0:04:11  lr: 0.000005  min_lr: 0.000005  loss: 0.9985 (0.9979)  weight_decay: 0.0500 (0.0500)  grad_norm: 0.0657 (0.0783)  time: 0.5772  data: 0.0001  max mem: 30401
Epoch: [87]  [ 90/159]  eta: 0:03:19  lr: 0.000005  min_lr: 0.000005  loss: 0.9983 (0.9978)  weight_decay: 0.0500 (0.0500)  grad_norm: 0.0749 (0.0778)  time: 0.5768  data: 0.0001  max mem: 30401
Epoch: [87]  [100/159]  eta: 0:02:37  lr: 0.000005  min_lr: 0.000005  loss: 0.9986 (0.9979)  weight_decay: 0.0500 (0.0500)  grad_norm: 0.0749 (0.0802)  time: 0.5756  data: 0.0001  max mem: 30401
Epoch: [87]  [110/159]  eta: 0:02:01  lr: 0.000005  min_lr: 0.000005  loss: 1.0000 (0.9980)  weight_decay: 0.0500 (0.0500)  grad_norm: 0.0784 (0.0790)  time: 0.5754  data: 0.0002  max mem: 30401
Epoch: [87]  [120/159]  eta: 0:01:30  lr: 0.000004  min_lr: 0.000004  loss: 1.0000 (0.9980)  weight_decay: 0.0500 (0.0500)  grad_norm: 0.0750 (0.0803)  time: 0.5760  data: 0.0002  max mem: 30401
Epoch: [87]  [130/159]  eta: 0:01:03  lr: 0.000004  min_lr: 0.000004  loss: 1.0000 (0.9979)  weight_decay: 0.0500 (0.0500)  grad_norm: 0.0797 (0.0808)  time: 0.5767  data: 0.0002  max mem: 30401
Epoch: [87]  [140/159]  eta: 0:00:39  lr: 0.000004  min_lr: 0.000004  loss: 1.0000 (0.9980)  weight_decay: 0.0500 (0.0500)  grad_norm: 0.0659 (0.0794)  time: 0.5761  data: 0.0002  max mem: 30401
Epoch: [87]  [150/159]  eta: 0:00:17  lr: 0.000004  min_lr: 0.000004  loss: 0.9995 (0.9980)  weight_decay: 0.0500 (0.0500)  grad_norm: 0.0579 (0.0782)  time: 0.5749  data: 0.0001  max mem: 30401
Epoch: [87]  [158/159]  eta: 0:00:01  lr: 0.000004  min_lr: 0.000004  loss: 0.9990 (0.9980)  weight_decay: 0.0500 (0.0500)  grad_norm: 0.0588 (0.0783)  time: 0.5756  data: 0.0001  max mem: 30401
Epoch: [87] Total time: 0:05:04 (1.9120 s / it)
Averaged stats: lr: 0.000004  min_lr: 0.000004  loss: 0.9990 (0.9981)  weight_decay: 0.0500 (0.0500)  grad_norm: 0.0588 (0.0783)
Epoch: [88]  [  0/159]  eta: 7:46:32  lr: 0.000004  min_lr: 0.000004  loss: 0.9896 (0.9896)  weight_decay: 0.0500 (0.0500)  grad_norm: 0.1235 (0.1235)  time: 176.0562  data: 138.9550  max mem: 30401
Epoch: [88]  [ 10/159]  eta: 0:41:14  lr: 0.000004  min_lr: 0.000004  loss: 0.9984 (0.9969)  weight_decay: 0.0500 (0.0500)  grad_norm: 0.0689 (0.0762)  time: 16.6048  data: 12.6325  max mem: 30401
Epoch: [88]  [ 20/159]  eta: 0:22:03  lr: 0.000004  min_lr: 0.000004  loss: 0.9990 (0.9972)  weight_decay: 0.0500 (0.0500)  grad_norm: 0.0689 (0.0772)  time: 1.1958  data: 0.0022  max mem: 30401
Epoch: [88]  [ 30/159]  eta: 0:14:20  lr: 0.000004  min_lr: 0.000004  loss: 1.0000 (0.9978)  weight_decay: 0.0500 (0.0500)  grad_norm: 0.0713 (0.0742)  time: 1.2064  data: 0.0022  max mem: 30401
Epoch: [88]  [ 40/159]  eta: 0:10:19  lr: 0.000004  min_lr: 0.000004  loss: 1.0000 (0.9978)  weight_decay: 0.0500 (0.0500)  grad_norm: 0.0606 (0.0740)  time: 0.6685  data: 0.0002  max mem: 30401
Epoch: [88]  [ 50/159]  eta: 0:07:49  lr: 0.000004  min_lr: 0.000004  loss: 0.9992 (0.9978)  weight_decay: 0.0500 (0.0500)  grad_norm: 0.0606 (0.0724)  time: 0.6365  data: 0.0001  max mem: 30401
Epoch: [88]  [ 60/159]  eta: 0:06:05  lr: 0.000004  min_lr: 0.000004  loss: 1.0000 (0.9980)  weight_decay: 0.0500 (0.0500)  grad_norm: 0.0704 (0.0740)  time: 0.6077  data: 0.0001  max mem: 30401
Epoch: [88]  [ 70/159]  eta: 0:04:49  lr: 0.000004  min_lr: 0.000004  loss: 1.0000 (0.9980)  weight_decay: 0.0500 (0.0500)  grad_norm: 0.0745 (0.0782)  time: 0.5900  data: 0.0001  max mem: 30401
Epoch: [88]  [ 80/159]  eta: 0:03:51  lr: 0.000004  min_lr: 0.000004  loss: 0.9984 (0.9979)  weight_decay: 0.0500 (0.0500)  grad_norm: 0.0751 (0.0781)  time: 0.5789  data: 0.0001  max mem: 30401
Epoch: [88]  [ 90/159]  eta: 0:03:04  lr: 0.000004  min_lr: 0.000004  loss: 0.9972 (0.9979)  weight_decay: 0.0500 (0.0500)  grad_norm: 0.0621 (0.0774)  time: 0.5773  data: 0.0002  max mem: 30401
Epoch: [88]  [100/159]  eta: 0:02:25  lr: 0.000004  min_lr: 0.000004  loss: 0.9987 (0.9980)  weight_decay: 0.0500 (0.0500)  grad_norm: 0.0733 (0.0791)  time: 0.5781  data: 0.0002  max mem: 30401
Epoch: [88]  [110/159]  eta: 0:01:52  lr: 0.000004  min_lr: 0.000004  loss: 1.0000 (0.9981)  weight_decay: 0.0500 (0.0500)  grad_norm: 0.0812 (0.0790)  time: 0.5772  data: 0.0001  max mem: 30401
Epoch: [88]  [120/159]  eta: 0:01:23  lr: 0.000004  min_lr: 0.000004  loss: 1.0000 (0.9982)  weight_decay: 0.0500 (0.0500)  grad_norm: 0.0769 (0.0784)  time: 0.5756  data: 0.0002  max mem: 30401
Epoch: [88]  [130/159]  eta: 0:00:58  lr: 0.000004  min_lr: 0.000004  loss: 1.0000 (0.9981)  weight_decay: 0.0500 (0.0500)  grad_norm: 0.0634 (0.0785)  time: 0.5749  data: 0.0002  max mem: 30401
Epoch: [88]  [140/159]  eta: 0:00:36  lr: 0.000004  min_lr: 0.000004  loss: 1.0000 (0.9981)  weight_decay: 0.0500 (0.0500)  grad_norm: 0.0664 (0.0784)  time: 0.5758  data: 0.0001  max mem: 30401
Epoch: [88]  [150/159]  eta: 0:00:16  lr: 0.000004  min_lr: 0.000004  loss: 1.0000 (0.9981)  weight_decay: 0.0500 (0.0500)  grad_norm: 0.0664 (0.0775)  time: 0.5762  data: 0.0001  max mem: 30401
Epoch: [88]  [158/159]  eta: 0:00:01  lr: 0.000004  min_lr: 0.000004  loss: 0.9997 (0.9981)  weight_decay: 0.0500 (0.0500)  grad_norm: 0.0709 (0.0785)  time: 0.5761  data: 0.0001  max mem: 30401
Epoch: [88] Total time: 0:04:43 (1.7830 s / it)
Averaged stats: lr: 0.000004  min_lr: 0.000004  loss: 0.9997 (0.9980)  weight_decay: 0.0500 (0.0500)  grad_norm: 0.0709 (0.0785)
Epoch: [89]  [  0/159]  eta: 10:29:06  lr: 0.000004  min_lr: 0.000004  loss: 0.9970 (0.9970)  weight_decay: 0.0500 (0.0500)  grad_norm: 0.0477 (0.0477)  time: 237.3964  data: 223.5236  max mem: 30401
Epoch: [89]  [ 10/159]  eta: 1:05:27  lr: 0.000004  min_lr: 0.000004  loss: 0.9972 (0.9978)  weight_decay: 0.0500 (0.0500)  grad_norm: 0.0718 (0.0831)  time: 26.3563  data: 20.3205  max mem: 30401
Epoch: [89]  [ 20/159]  eta: 0:32:43  lr: 0.000004  min_lr: 0.000004  loss: 0.9996 (0.9975)  weight_decay: 0.0500 (0.0500)  grad_norm: 0.0718 (0.0772)  time: 2.9626  data: 0.0002  max mem: 30401
Epoch: [89]  [ 30/159]  eta: 0:21:00  lr: 0.000004  min_lr: 0.000004  loss: 0.9999 (0.9979)  weight_decay: 0.0500 (0.0500)  grad_norm: 0.0684 (0.0767)  time: 0.6480  data: 0.0002  max mem: 30401
Epoch: [89]  [ 40/159]  eta: 0:14:57  lr: 0.000003  min_lr: 0.000003  loss: 1.0000 (0.9980)  weight_decay: 0.0500 (0.0500)  grad_norm: 0.0684 (0.0775)  time: 0.6248  data: 0.0002  max mem: 30401
Epoch: [89]  [ 50/159]  eta: 0:11:13  lr: 0.000003  min_lr: 0.000003  loss: 0.9984 (0.9980)  weight_decay: 0.0500 (0.0500)  grad_norm: 0.0805 (0.0823)  time: 0.6071  data: 0.0002  max mem: 30401
Epoch: [89]  [ 60/159]  eta: 0:08:41  lr: 0.000003  min_lr: 0.000003  loss: 1.0000 (0.9981)  weight_decay: 0.0500 (0.0500)  grad_norm: 0.0805 (0.0825)  time: 0.5955  data: 0.0002  max mem: 30401
Epoch: [89]  [ 70/159]  eta: 0:06:49  lr: 0.000003  min_lr: 0.000003  loss: 1.0000 (0.9982)  weight_decay: 0.0500 (0.0500)  grad_norm: 0.0771 (0.0829)  time: 0.5939  data: 0.0002  max mem: 30401
Epoch: [89]  [ 80/159]  eta: 0:05:24  lr: 0.000003  min_lr: 0.000003  loss: 0.9982 (0.9982)  weight_decay: 0.0500 (0.0500)  grad_norm: 0.0737 (0.0822)  time: 0.5803  data: 0.0002  max mem: 30401
Epoch: [89]  [ 90/159]  eta: 0:04:16  lr: 0.000003  min_lr: 0.000003  loss: 0.9973 (0.9981)  weight_decay: 0.0500 (0.0500)  grad_norm: 0.0699 (0.0812)  time: 0.5755  data: 0.0002  max mem: 30401
Epoch: [89]  [100/159]  eta: 0:03:21  lr: 0.000003  min_lr: 0.000003  loss: 0.9974 (0.9981)  weight_decay: 0.0500 (0.0500)  grad_norm: 0.0739 (0.0833)  time: 0.5757  data: 0.0001  max mem: 30401
Epoch: [89]  [110/159]  eta: 0:02:34  lr: 0.000003  min_lr: 0.000003  loss: 1.0000 (0.9982)  weight_decay: 0.0500 (0.0500)  grad_norm: 0.0764 (0.0823)  time: 0.5756  data: 0.0002  max mem: 30401
Epoch: [89]  [120/159]  eta: 0:01:54  lr: 0.000003  min_lr: 0.000003  loss: 1.0000 (0.9982)  weight_decay: 0.0500 (0.0500)  grad_norm: 0.0736 (0.0823)  time: 0.5751  data: 0.0002  max mem: 30401
Epoch: [89]  [130/159]  eta: 0:01:20  lr: 0.000003  min_lr: 0.000003  loss: 1.0000 (0.9980)  weight_decay: 0.0500 (0.0500)  grad_norm: 0.0804 (0.0821)  time: 0.5742  data: 0.0001  max mem: 30401
Epoch: [89]  [140/159]  eta: 0:00:49  lr: 0.000003  min_lr: 0.000003  loss: 1.0000 (0.9981)  weight_decay: 0.0500 (0.0500)  grad_norm: 0.0804 (0.0822)  time: 0.5730  data: 0.0001  max mem: 30401
Epoch: [89]  [150/159]  eta: 0:00:22  lr: 0.000003  min_lr: 0.000003  loss: 1.0000 (0.9981)  weight_decay: 0.0500 (0.0500)  grad_norm: 0.0738 (0.0819)  time: 0.5738  data: 0.0001  max mem: 30401
Epoch: [89]  [158/159]  eta: 0:00:02  lr: 0.000003  min_lr: 0.000003  loss: 1.0000 (0.9981)  weight_decay: 0.0500 (0.0500)  grad_norm: 0.0735 (0.0815)  time: 0.5741  data: 0.0001  max mem: 30401
Epoch: [89] Total time: 0:06:19 (2.3842 s / it)
Averaged stats: lr: 0.000003  min_lr: 0.000003  loss: 1.0000 (0.9981)  weight_decay: 0.0500 (0.0500)  grad_norm: 0.0735 (0.0815)
Epoch: [90]  [  0/159]  eta: 12:43:40  lr: 0.000003  min_lr: 0.000003  loss: 0.9933 (0.9933)  weight_decay: 0.0500 (0.0500)  grad_norm: 0.0862 (0.0862)  time: 288.1778  data: 262.3745  max mem: 30401
Epoch: [90]  [ 10/159]  eta: 1:06:29  lr: 0.000003  min_lr: 0.000003  loss: 0.9979 (0.9976)  weight_decay: 0.0500 (0.0500)  grad_norm: 0.0779 (0.0768)  time: 26.7769  data: 23.8524  max mem: 30401
Epoch: [90]  [ 20/159]  eta: 0:33:13  lr: 0.000003  min_lr: 0.000003  loss: 0.9979 (0.9973)  weight_decay: 0.0500 (0.0500)  grad_norm: 0.0639 (0.0707)  time: 0.6480  data: 0.0002  max mem: 30401
Epoch: [90]  [ 30/159]  eta: 0:21:21  lr: 0.000003  min_lr: 0.000003  loss: 1.0000 (0.9976)  weight_decay: 0.0500 (0.0500)  grad_norm: 0.0697 (0.0745)  time: 0.6752  data: 0.0002  max mem: 30401
Epoch: [90]  [ 40/159]  eta: 0:15:12  lr: 0.000003  min_lr: 0.000003  loss: 1.0000 (0.9978)  weight_decay: 0.0500 (0.0500)  grad_norm: 0.0798 (0.0735)  time: 0.6694  data: 0.0002  max mem: 30401
Epoch: [90]  [ 50/159]  eta: 0:11:25  lr: 0.000003  min_lr: 0.000003  loss: 0.9990 (0.9979)  weight_decay: 0.0500 (0.0500)  grad_norm: 0.0704 (0.0730)  time: 0.6407  data: 0.0002  max mem: 30401
Epoch: [90]  [ 60/159]  eta: 0:08:51  lr: 0.000003  min_lr: 0.000003  loss: 0.9998 (0.9980)  weight_decay: 0.0500 (0.0500)  grad_norm: 0.0728 (0.0737)  time: 0.6509  data: 0.0002  max mem: 30401
Epoch: [90]  [ 70/159]  eta: 0:06:58  lr: 0.000003  min_lr: 0.000003  loss: 1.0000 (0.9981)  weight_decay: 0.0500 (0.0500)  grad_norm: 0.0787 (0.0744)  time: 0.6383  data: 0.0002  max mem: 30401
Epoch: [90]  [ 80/159]  eta: 0:05:31  lr: 0.000003  min_lr: 0.000003  loss: 0.9979 (0.9979)  weight_decay: 0.0500 (0.0500)  grad_norm: 0.0787 (0.0754)  time: 0.6018  data: 0.0002  max mem: 30401
Epoch: [90]  [ 90/159]  eta: 0:04:22  lr: 0.000003  min_lr: 0.000003  loss: 0.9964 (0.9979)  weight_decay: 0.0500 (0.0500)  grad_norm: 0.0883 (0.0778)  time: 0.5984  data: 0.0002  max mem: 30401
Epoch: [90]  [100/159]  eta: 0:03:25  lr: 0.000003  min_lr: 0.000003  loss: 0.9982 (0.9980)  weight_decay: 0.0500 (0.0500)  grad_norm: 0.0728 (0.0789)  time: 0.5927  data: 0.0001  max mem: 30401
Epoch: [90]  [110/159]  eta: 0:02:37  lr: 0.000003  min_lr: 0.000003  loss: 1.0000 (0.9981)  weight_decay: 0.0500 (0.0500)  grad_norm: 0.0741 (0.0790)  time: 0.5989  data: 0.0001  max mem: 30401
Epoch: [90]  [120/159]  eta: 0:01:57  lr: 0.000003  min_lr: 0.000003  loss: 1.0000 (0.9982)  weight_decay: 0.0500 (0.0500)  grad_norm: 0.0741 (0.0786)  time: 0.5954  data: 0.0001  max mem: 30401
Epoch: [90]  [130/159]  eta: 0:01:21  lr: 0.000003  min_lr: 0.000003  loss: 1.0000 (0.9981)  weight_decay: 0.0500 (0.0500)  grad_norm: 0.0734 (0.0793)  time: 0.5820  data: 0.0002  max mem: 30401
Epoch: [90]  [140/159]  eta: 0:00:50  lr: 0.000003  min_lr: 0.000003  loss: 1.0000 (0.9981)  weight_decay: 0.0500 (0.0500)  grad_norm: 0.0882 (0.0804)  time: 0.5817  data: 0.0002  max mem: 30401
Epoch: [90]  [150/159]  eta: 0:00:22  lr: 0.000002  min_lr: 0.000002  loss: 0.9997 (0.9981)  weight_decay: 0.0500 (0.0500)  grad_norm: 0.0812 (0.0797)  time: 0.5749  data: 0.0001  max mem: 30401
Epoch: [90]  [158/159]  eta: 0:00:02  lr: 0.000002  min_lr: 0.000002  loss: 0.9991 (0.9981)  weight_decay: 0.0500 (0.0500)  grad_norm: 0.0788 (0.0800)  time: 0.5740  data: 0.0001  max mem: 30401
Epoch: [90] Total time: 0:06:26 (2.4331 s / it)
Averaged stats: lr: 0.000002  min_lr: 0.000002  loss: 0.9991 (0.9981)  weight_decay: 0.0500 (0.0500)  grad_norm: 0.0788 (0.0800)
[Eval]   [0/2]  eta: 0:00:21  loss: 1.0000 (1.0000)  time: 10.8858  data: 10.7213  max mem: 30401
[Eval]   [1/2]  eta: 0:00:05  loss: 1.0000 (1.0000)  time: 5.4882  data: 5.3608  max mem: 30401
[Eval]  Total time: 0:00:11 (5.6747 s / it)
Eval averaged stats: loss: 1.0000 (0.9998)
Logged 9 eval images
Epoch: [91]  [  0/159]  eta: 10:58:47  lr: 0.000002  min_lr: 0.000002  loss: 0.9878 (0.9878)  weight_decay: 0.0500 (0.0500)  grad_norm: 0.0851 (0.0851)  time: 248.6034  data: 247.8654  max mem: 30401
Epoch: [91]  [ 10/159]  eta: 1:02:15  lr: 0.000002  min_lr: 0.000002  loss: 0.9967 (0.9966)  weight_decay: 0.0500 (0.0500)  grad_norm: 0.0933 (0.0988)  time: 25.0683  data: 24.0708  max mem: 30401
Epoch: [91]  [ 20/159]  eta: 0:31:35  lr: 0.000002  min_lr: 0.000002  loss: 0.9974 (0.9967)  weight_decay: 0.0500 (0.0500)  grad_norm: 0.0859 (0.0848)  time: 1.8918  data: 0.8458  max mem: 30401
Epoch: [91]  [ 30/159]  eta: 0:20:17  lr: 0.000002  min_lr: 0.000002  loss: 1.0000 (0.9972)  weight_decay: 0.0500 (0.0500)  grad_norm: 0.0700 (0.0902)  time: 0.8454  data: 0.0002  max mem: 30401
Epoch: [91]  [ 40/159]  eta: 0:14:26  lr: 0.000002  min_lr: 0.000002  loss: 1.0000 (0.9975)  weight_decay: 0.0500 (0.0500)  grad_norm: 0.0838 (0.0910)  time: 0.6122  data: 0.0002  max mem: 30401
Epoch: [91]  [ 50/159]  eta: 0:10:51  lr: 0.000002  min_lr: 0.000002  loss: 0.9992 (0.9977)  weight_decay: 0.0500 (0.0500)  grad_norm: 0.0803 (0.0890)  time: 0.5983  data: 0.0002  max mem: 30401
Epoch: [91]  [ 60/159]  eta: 0:08:24  lr: 0.000002  min_lr: 0.000002  loss: 0.9992 (0.9979)  weight_decay: 0.0500 (0.0500)  grad_norm: 0.0803 (0.0877)  time: 0.5977  data: 0.0002  max mem: 30401
Epoch: [91]  [ 70/159]  eta: 0:06:37  lr: 0.000002  min_lr: 0.000002  loss: 1.0000 (0.9980)  weight_decay: 0.0500 (0.0500)  grad_norm: 0.0786 (0.0861)  time: 0.6046  data: 0.0002  max mem: 30401
Epoch: [91]  [ 80/159]  eta: 0:05:14  lr: 0.000002  min_lr: 0.000002  loss: 0.9975 (0.9979)  weight_decay: 0.0500 (0.0500)  grad_norm: 0.0712 (0.0845)  time: 0.6016  data: 0.0001  max mem: 30401
Epoch: [91]  [ 90/159]  eta: 0:04:09  lr: 0.000002  min_lr: 0.000002  loss: 0.9968 (0.9979)  weight_decay: 0.0500 (0.0500)  grad_norm: 0.0712 (0.0839)  time: 0.6053  data: 0.0001  max mem: 30401
Epoch: [91]  [100/159]  eta: 0:03:15  lr: 0.000002  min_lr: 0.000002  loss: 0.9988 (0.9980)  weight_decay: 0.0500 (0.0500)  grad_norm: 0.0719 (0.0851)  time: 0.6195  data: 0.0002  max mem: 30401
Epoch: [91]  [110/159]  eta: 0:02:30  lr: 0.000002  min_lr: 0.000002  loss: 1.0000 (0.9980)  weight_decay: 0.0500 (0.0500)  grad_norm: 0.0859 (0.0851)  time: 0.6058  data: 0.0001  max mem: 30401
Epoch: [91]  [120/159]  eta: 0:01:51  lr: 0.000002  min_lr: 0.000002  loss: 1.0000 (0.9981)  weight_decay: 0.0500 (0.0500)  grad_norm: 0.0821 (0.0850)  time: 0.5903  data: 0.0002  max mem: 30401
Epoch: [91]  [130/159]  eta: 0:01:18  lr: 0.000002  min_lr: 0.000002  loss: 1.0000 (0.9981)  weight_decay: 0.0500 (0.0500)  grad_norm: 0.0674 (0.0851)  time: 0.5857  data: 0.0001  max mem: 30401
Epoch: [91]  [140/159]  eta: 0:00:48  lr: 0.000002  min_lr: 0.000002  loss: 1.0000 (0.9981)  weight_decay: 0.0500 (0.0500)  grad_norm: 0.0628 (0.0836)  time: 0.5788  data: 0.0001  max mem: 30401
Epoch: [91]  [150/159]  eta: 0:00:21  lr: 0.000002  min_lr: 0.000002  loss: 1.0000 (0.9981)  weight_decay: 0.0500 (0.0500)  grad_norm: 0.0646 (0.0843)  time: 0.5759  data: 0.0001  max mem: 30401
Epoch: [91]  [158/159]  eta: 0:00:02  lr: 0.000002  min_lr: 0.000002  loss: 0.9998 (0.9981)  weight_decay: 0.0500 (0.0500)  grad_norm: 0.0820 (0.0844)  time: 0.5733  data: 0.0001  max mem: 30401
Epoch: [91] Total time: 0:06:10 (2.3289 s / it)
Averaged stats: lr: 0.000002  min_lr: 0.000002  loss: 0.9998 (0.9981)  weight_decay: 0.0500 (0.0500)  grad_norm: 0.0820 (0.0844)
Epoch: [92]  [  0/159]  eta: 9:59:21  lr: 0.000002  min_lr: 0.000002  loss: 0.9904 (0.9904)  weight_decay: 0.0500 (0.0500)  grad_norm: 0.0823 (0.0823)  time: 226.1725  data: 171.3139  max mem: 30401
Epoch: [92]  [ 10/159]  eta: 0:53:27  lr: 0.000002  min_lr: 0.000002  loss: 0.9968 (0.9969)  weight_decay: 0.0500 (0.0500)  grad_norm: 0.0797 (0.0817)  time: 21.5251  data: 15.5742  max mem: 30401
Epoch: [92]  [ 20/159]  eta: 0:27:00  lr: 0.000002  min_lr: 0.000002  loss: 0.9982 (0.9973)  weight_decay: 0.0500 (0.0500)  grad_norm: 0.0773 (0.0796)  time: 0.9343  data: 0.0003  max mem: 30401
Epoch: [92]  [ 30/159]  eta: 0:17:27  lr: 0.000002  min_lr: 0.000002  loss: 1.0000 (0.9979)  weight_decay: 0.0500 (0.0500)  grad_norm: 0.0667 (0.0820)  time: 0.7499  data: 0.0002  max mem: 30401
Epoch: [92]  [ 40/159]  eta: 0:12:29  lr: 0.000002  min_lr: 0.000002  loss: 1.0000 (0.9977)  weight_decay: 0.0500 (0.0500)  grad_norm: 0.0673 (0.0812)  time: 0.6764  data: 0.0002  max mem: 30401
Epoch: [92]  [ 50/159]  eta: 0:09:26  lr: 0.000002  min_lr: 0.000002  loss: 0.9984 (0.9977)  weight_decay: 0.0500 (0.0500)  grad_norm: 0.0821 (0.0803)  time: 0.6563  data: 0.0002  max mem: 30401
Epoch: [92]  [ 60/159]  eta: 0:07:20  lr: 0.000002  min_lr: 0.000002  loss: 0.9985 (0.9978)  weight_decay: 0.0500 (0.0500)  grad_norm: 0.0900 (0.0827)  time: 0.6654  data: 0.0002  max mem: 30401
Epoch: [92]  [ 70/159]  eta: 0:05:48  lr: 0.000002  min_lr: 0.000002  loss: 1.0000 (0.9980)  weight_decay: 0.0500 (0.0500)  grad_norm: 0.0822 (0.0823)  time: 0.6748  data: 0.0004  max mem: 30401
Epoch: [92]  [ 80/159]  eta: 0:04:37  lr: 0.000002  min_lr: 0.000002  loss: 0.9979 (0.9979)  weight_decay: 0.0500 (0.0500)  grad_norm: 0.0706 (0.0806)  time: 0.6519  data: 0.0004  max mem: 30401
Epoch: [92]  [ 90/159]  eta: 0:03:40  lr: 0.000002  min_lr: 0.000002  loss: 0.9968 (0.9978)  weight_decay: 0.0500 (0.0500)  grad_norm: 0.0818 (0.0829)  time: 0.6142  data: 0.0002  max mem: 30401
Epoch: [92]  [100/159]  eta: 0:02:53  lr: 0.000002  min_lr: 0.000002  loss: 0.9973 (0.9979)  weight_decay: 0.0500 (0.0500)  grad_norm: 0.0828 (0.0834)  time: 0.6100  data: 0.0002  max mem: 30401
Epoch: [92]  [110/159]  eta: 0:02:13  lr: 0.000002  min_lr: 0.000002  loss: 1.0000 (0.9980)  weight_decay: 0.0500 (0.0500)  grad_norm: 0.0768 (0.0830)  time: 0.6297  data: 0.0002  max mem: 30401
Epoch: [92]  [120/159]  eta: 0:01:39  lr: 0.000002  min_lr: 0.000002  loss: 1.0000 (0.9981)  weight_decay: 0.0500 (0.0500)  grad_norm: 0.0685 (0.0829)  time: 0.6435  data: 0.0002  max mem: 30401
Epoch: [92]  [130/159]  eta: 0:01:10  lr: 0.000002  min_lr: 0.000002  loss: 1.0000 (0.9979)  weight_decay: 0.0500 (0.0500)  grad_norm: 0.0690 (0.0819)  time: 0.6563  data: 0.0002  max mem: 30401
Epoch: [92]  [140/159]  eta: 0:00:43  lr: 0.000002  min_lr: 0.000002  loss: 1.0000 (0.9980)  weight_decay: 0.0500 (0.0500)  grad_norm: 0.0690 (0.0817)  time: 0.6551  data: 0.0001  max mem: 30401
Epoch: [92]  [150/159]  eta: 0:00:19  lr: 0.000002  min_lr: 0.000002  loss: 0.9996 (0.9979)  weight_decay: 0.0500 (0.0500)  grad_norm: 0.0706 (0.0811)  time: 0.6654  data: 0.0001  max mem: 30401
Epoch: [92]  [158/159]  eta: 0:00:02  lr: 0.000001  min_lr: 0.000001  loss: 0.9987 (0.9979)  weight_decay: 0.0500 (0.0500)  grad_norm: 0.0705 (0.0820)  time: 0.6667  data: 0.0001  max mem: 30401
Epoch: [92] Total time: 0:05:36 (2.1154 s / it)
Averaged stats: lr: 0.000001  min_lr: 0.000001  loss: 0.9987 (0.9980)  weight_decay: 0.0500 (0.0500)  grad_norm: 0.0705 (0.0820)
Epoch: [93]  [  0/159]  eta: 7:01:42  lr: 0.000001  min_lr: 0.000001  loss: 0.9926 (0.9926)  weight_decay: 0.0500 (0.0500)  grad_norm: 0.0485 (0.0485)  time: 159.1363  data: 144.9862  max mem: 30401
Epoch: [93]  [ 10/159]  eta: 0:46:02  lr: 0.000001  min_lr: 0.000001  loss: 0.9975 (0.9974)  weight_decay: 0.0500 (0.0500)  grad_norm: 0.0699 (0.0698)  time: 18.5395  data: 13.1808  max mem: 30401
Epoch: [93]  [ 20/159]  eta: 0:23:12  lr: 0.000001  min_lr: 0.000001  loss: 0.9989 (0.9971)  weight_decay: 0.0500 (0.0500)  grad_norm: 0.0711 (0.0739)  time: 2.5632  data: 0.0003  max mem: 30401
Epoch: [93]  [ 30/159]  eta: 0:15:04  lr: 0.000001  min_lr: 0.000001  loss: 0.9999 (0.9977)  weight_decay: 0.0500 (0.0500)  grad_norm: 0.0765 (0.0777)  time: 0.6694  data: 0.0002  max mem: 30401
Epoch: [93]  [ 40/159]  eta: 0:10:49  lr: 0.000001  min_lr: 0.000001  loss: 1.0000 (0.9978)  weight_decay: 0.0500 (0.0500)  grad_norm: 0.0746 (0.0761)  time: 0.6765  data: 0.0002  max mem: 30401
Epoch: [93]  [ 50/159]  eta: 0:08:12  lr: 0.000001  min_lr: 0.000001  loss: 0.9988 (0.9979)  weight_decay: 0.0500 (0.0500)  grad_norm: 0.0714 (0.0765)  time: 0.6656  data: 0.0001  max mem: 30401
Epoch: [93]  [ 60/159]  eta: 0:06:24  lr: 0.000001  min_lr: 0.000001  loss: 1.0000 (0.9981)  weight_decay: 0.0500 (0.0500)  grad_norm: 0.0728 (0.0778)  time: 0.6581  data: 0.0001  max mem: 30401
Epoch: [93]  [ 70/159]  eta: 0:05:05  lr: 0.000001  min_lr: 0.000001  loss: 1.0000 (0.9981)  weight_decay: 0.0500 (0.0500)  grad_norm: 0.0798 (0.0785)  time: 0.6473  data: 0.0001  max mem: 30401
Epoch: [93]  [ 80/159]  eta: 0:04:03  lr: 0.000001  min_lr: 0.000001  loss: 0.9982 (0.9981)  weight_decay: 0.0500 (0.0500)  grad_norm: 0.0761 (0.0785)  time: 0.6494  data: 0.0001  max mem: 30401
Epoch: [93]  [ 90/159]  eta: 0:03:14  lr: 0.000001  min_lr: 0.000001  loss: 0.9977 (0.9980)  weight_decay: 0.0500 (0.0500)  grad_norm: 0.0631 (0.0780)  time: 0.6448  data: 0.0001  max mem: 30401
Epoch: [93]  [100/159]  eta: 0:02:33  lr: 0.000001  min_lr: 0.000001  loss: 0.9982 (0.9981)  weight_decay: 0.0500 (0.0500)  grad_norm: 0.0813 (0.0793)  time: 0.6364  data: 0.0001  max mem: 30401
Epoch: [93]  [110/159]  eta: 0:01:58  lr: 0.000001  min_lr: 0.000001  loss: 1.0000 (0.9982)  weight_decay: 0.0500 (0.0500)  grad_norm: 0.0700 (0.0790)  time: 0.6376  data: 0.0001  max mem: 30401
Epoch: [93]  [120/159]  eta: 0:01:28  lr: 0.000001  min_lr: 0.000001  loss: 1.0000 (0.9982)  weight_decay: 0.0500 (0.0500)  grad_norm: 0.0665 (0.0789)  time: 0.6373  data: 0.0002  max mem: 30401
Epoch: [93]  [130/159]  eta: 0:01:02  lr: 0.000001  min_lr: 0.000001  loss: 0.9995 (0.9981)  weight_decay: 0.0500 (0.0500)  grad_norm: 0.0684 (0.0788)  time: 0.6398  data: 0.0002  max mem: 30401
Epoch: [93]  [140/159]  eta: 0:00:38  lr: 0.000001  min_lr: 0.000001  loss: 1.0000 (0.9981)  weight_decay: 0.0500 (0.0500)  grad_norm: 0.0808 (0.0803)  time: 0.6415  data: 0.0001  max mem: 30401
Epoch: [93]  [150/159]  eta: 0:00:17  lr: 0.000001  min_lr: 0.000001  loss: 1.0000 (0.9981)  weight_decay: 0.0500 (0.0500)  grad_norm: 0.1012 (0.0816)  time: 0.6336  data: 0.0001  max mem: 30401
Epoch: [93]  [158/159]  eta: 0:00:01  lr: 0.000001  min_lr: 0.000001  loss: 0.9986 (0.9981)  weight_decay: 0.0500 (0.0500)  grad_norm: 0.0809 (0.0810)  time: 0.6564  data: 0.0001  max mem: 30401
Epoch: [93] Total time: 0:05:01 (1.8972 s / it)
Averaged stats: lr: 0.000001  min_lr: 0.000001  loss: 0.9986 (0.9980)  weight_decay: 0.0500 (0.0500)  grad_norm: 0.0809 (0.0810)
Epoch: [94]  [  0/159]  eta: 7:12:45  lr: 0.000001  min_lr: 0.000001  loss: 0.9916 (0.9916)  weight_decay: 0.0500 (0.0500)  grad_norm: 0.0816 (0.0816)  time: 163.3079  data: 162.6389  max mem: 30401
Epoch: [94]  [ 10/159]  eta: 0:47:49  lr: 0.000001  min_lr: 0.000001  loss: 0.9984 (0.9976)  weight_decay: 0.0500 (0.0500)  grad_norm: 0.0803 (0.0802)  time: 19.2610  data: 17.2872  max mem: 30401
Epoch: [94]  [ 20/159]  eta: 0:24:05  lr: 0.000001  min_lr: 0.000001  loss: 0.9984 (0.9969)  weight_decay: 0.0500 (0.0500)  grad_norm: 0.0762 (0.0822)  time: 2.7574  data: 1.3761  max mem: 30401
Epoch: [94]  [ 30/159]  eta: 0:15:35  lr: 0.000001  min_lr: 0.000001  loss: 0.9996 (0.9975)  weight_decay: 0.0500 (0.0500)  grad_norm: 0.0758 (0.0793)  time: 0.6526  data: 0.0002  max mem: 30401
Epoch: [94]  [ 40/159]  eta: 0:11:12  lr: 0.000001  min_lr: 0.000001  loss: 1.0000 (0.9973)  weight_decay: 0.0500 (0.0500)  grad_norm: 0.0758 (0.0852)  time: 0.6581  data: 0.0002  max mem: 30401
Epoch: [94]  [ 50/159]  eta: 0:08:27  lr: 0.000001  min_lr: 0.000001  loss: 0.9989 (0.9976)  weight_decay: 0.0500 (0.0500)  grad_norm: 0.0954 (0.0837)  time: 0.6325  data: 0.0002  max mem: 30401
Epoch: [94]  [ 60/159]  eta: 0:06:35  lr: 0.000001  min_lr: 0.000001  loss: 0.9993 (0.9978)  weight_decay: 0.0500 (0.0500)  grad_norm: 0.0796 (0.0865)  time: 0.6085  data: 0.0002  max mem: 30401
Epoch: [94]  [ 70/159]  eta: 0:05:13  lr: 0.000001  min_lr: 0.000001  loss: 1.0000 (0.9978)  weight_decay: 0.0500 (0.0500)  grad_norm: 0.0721 (0.0846)  time: 0.6118  data: 0.0001  max mem: 30401
Epoch: [94]  [ 80/159]  eta: 0:04:09  lr: 0.000001  min_lr: 0.000001  loss: 0.9976 (0.9978)  weight_decay: 0.0500 (0.0500)  grad_norm: 0.0617 (0.0838)  time: 0.5908  data: 0.0001  max mem: 30401
Epoch: [94]  [ 90/159]  eta: 0:03:18  lr: 0.000001  min_lr: 0.000001  loss: 0.9975 (0.9977)  weight_decay: 0.0500 (0.0500)  grad_norm: 0.0730 (0.0831)  time: 0.5821  data: 0.0001  max mem: 30401
Epoch: [94]  [100/159]  eta: 0:02:36  lr: 0.000001  min_lr: 0.000001  loss: 0.9983 (0.9978)  weight_decay: 0.0500 (0.0500)  grad_norm: 0.0730 (0.0832)  time: 0.5784  data: 0.0001  max mem: 30401
Epoch: [94]  [110/159]  eta: 0:02:00  lr: 0.000001  min_lr: 0.000001  loss: 1.0000 (0.9978)  weight_decay: 0.0500 (0.0500)  grad_norm: 0.0676 (0.0821)  time: 0.5740  data: 0.0002  max mem: 30401
Epoch: [94]  [120/159]  eta: 0:01:29  lr: 0.000001  min_lr: 0.000001  loss: 1.0000 (0.9980)  weight_decay: 0.0500 (0.0500)  grad_norm: 0.0677 (0.0823)  time: 0.5784  data: 0.0002  max mem: 30401
Epoch: [94]  [130/159]  eta: 0:01:03  lr: 0.000001  min_lr: 0.000001  loss: 1.0000 (0.9978)  weight_decay: 0.0500 (0.0500)  grad_norm: 0.0760 (0.0832)  time: 0.5869  data: 0.0002  max mem: 30401
Epoch: [94]  [140/159]  eta: 0:00:39  lr: 0.000001  min_lr: 0.000001  loss: 1.0000 (0.9978)  weight_decay: 0.0500 (0.0500)  grad_norm: 0.0760 (0.0830)  time: 0.5895  data: 0.0002  max mem: 30401
Epoch: [94]  [150/159]  eta: 0:00:17  lr: 0.000001  min_lr: 0.000001  loss: 0.9973 (0.9977)  weight_decay: 0.0500 (0.0500)  grad_norm: 0.0708 (0.0833)  time: 0.5830  data: 0.0001  max mem: 30401
Epoch: [94]  [158/159]  eta: 0:00:01  lr: 0.000001  min_lr: 0.000001  loss: 0.9971 (0.9977)  weight_decay: 0.0500 (0.0500)  grad_norm: 0.0721 (0.0834)  time: 0.5805  data: 0.0001  max mem: 30401
Epoch: [94] Total time: 0:05:02 (1.9018 s / it)
Averaged stats: lr: 0.000001  min_lr: 0.000001  loss: 0.9971 (0.9980)  weight_decay: 0.0500 (0.0500)  grad_norm: 0.0721 (0.0834)
Epoch: [95]  [  0/159]  eta: 10:44:39  lr: 0.000001  min_lr: 0.000001  loss: 0.9856 (0.9856)  weight_decay: 0.0500 (0.0500)  grad_norm: 0.0589 (0.0589)  time: 243.2652  data: 219.9561  max mem: 30401
Epoch: [95]  [ 10/159]  eta: 1:03:58  lr: 0.000001  min_lr: 0.000001  loss: 0.9981 (0.9970)  weight_decay: 0.0500 (0.0500)  grad_norm: 0.0589 (0.0703)  time: 25.7630  data: 19.9962  max mem: 30401
Epoch: [95]  [ 20/159]  eta: 0:31:59  lr: 0.000001  min_lr: 0.000001  loss: 0.9981 (0.9971)  weight_decay: 0.0500 (0.0500)  grad_norm: 0.0582 (0.0750)  time: 2.3397  data: 0.0002  max mem: 30401
Epoch: [95]  [ 30/159]  eta: 0:20:35  lr: 0.000001  min_lr: 0.000001  loss: 1.0000 (0.9975)  weight_decay: 0.0500 (0.0500)  grad_norm: 0.0542 (0.0723)  time: 0.6701  data: 0.0002  max mem: 30401
Epoch: [95]  [ 40/159]  eta: 0:14:39  lr: 0.000001  min_lr: 0.000001  loss: 1.0000 (0.9973)  weight_decay: 0.0500 (0.0500)  grad_norm: 0.0695 (0.0757)  time: 0.6485  data: 0.0002  max mem: 30401
Epoch: [95]  [ 50/159]  eta: 0:11:00  lr: 0.000001  min_lr: 0.000001  loss: 0.9974 (0.9974)  weight_decay: 0.0500 (0.0500)  grad_norm: 0.0700 (0.0746)  time: 0.6058  data: 0.0002  max mem: 30401
Epoch: [95]  [ 60/159]  eta: 0:08:30  lr: 0.000001  min_lr: 0.000001  loss: 0.9999 (0.9976)  weight_decay: 0.0500 (0.0500)  grad_norm: 0.0785 (0.0786)  time: 0.5825  data: 0.0002  max mem: 30401
Epoch: [95]  [ 70/159]  eta: 0:06:41  lr: 0.000001  min_lr: 0.000001  loss: 1.0000 (0.9977)  weight_decay: 0.0500 (0.0500)  grad_norm: 0.0755 (0.0774)  time: 0.5767  data: 0.0002  max mem: 30401
Epoch: [95]  [ 80/159]  eta: 0:05:18  lr: 0.000001  min_lr: 0.000001  loss: 0.9987 (0.9978)  weight_decay: 0.0500 (0.0500)  grad_norm: 0.0637 (0.0777)  time: 0.5792  data: 0.0002  max mem: 30401
Epoch: [95]  [ 90/159]  eta: 0:04:11  lr: 0.000001  min_lr: 0.000001  loss: 0.9973 (0.9976)  weight_decay: 0.0500 (0.0500)  grad_norm: 0.0570 (0.0755)  time: 0.5805  data: 0.0001  max mem: 30401
Epoch: [95]  [100/159]  eta: 0:03:17  lr: 0.000001  min_lr: 0.000001  loss: 0.9982 (0.9978)  weight_decay: 0.0500 (0.0500)  grad_norm: 0.0702 (0.0791)  time: 0.5796  data: 0.0001  max mem: 30401
Epoch: [95]  [110/159]  eta: 0:02:31  lr: 0.000001  min_lr: 0.000001  loss: 1.0000 (0.9979)  weight_decay: 0.0500 (0.0500)  grad_norm: 0.0747 (0.0787)  time: 0.5775  data: 0.0001  max mem: 30401
Epoch: [95]  [120/159]  eta: 0:01:52  lr: 0.000001  min_lr: 0.000001  loss: 1.0000 (0.9980)  weight_decay: 0.0500 (0.0500)  grad_norm: 0.0731 (0.0791)  time: 0.5759  data: 0.0001  max mem: 30401
Epoch: [95]  [130/159]  eta: 0:01:18  lr: 0.000001  min_lr: 0.000001  loss: 0.9996 (0.9979)  weight_decay: 0.0500 (0.0500)  grad_norm: 0.0837 (0.0800)  time: 0.5750  data: 0.0001  max mem: 30401
Epoch: [95]  [140/159]  eta: 0:00:48  lr: 0.000001  min_lr: 0.000001  loss: 1.0000 (0.9979)  weight_decay: 0.0500 (0.0500)  grad_norm: 0.0731 (0.0794)  time: 0.5734  data: 0.0001  max mem: 30401
Epoch: [95]  [150/159]  eta: 0:00:21  lr: 0.000001  min_lr: 0.000001  loss: 1.0000 (0.9979)  weight_decay: 0.0500 (0.0500)  grad_norm: 0.0677 (0.0790)  time: 0.5747  data: 0.0001  max mem: 30401
Epoch: [95]  [158/159]  eta: 0:00:02  lr: 0.000000  min_lr: 0.000000  loss: 1.0000 (0.9979)  weight_decay: 0.0500 (0.0500)  grad_norm: 0.0793 (0.0800)  time: 0.5736  data: 0.0001  max mem: 30401
Epoch: [95] Total time: 0:06:12 (2.3433 s / it)
Averaged stats: lr: 0.000000  min_lr: 0.000000  loss: 1.0000 (0.9981)  weight_decay: 0.0500 (0.0500)  grad_norm: 0.0793 (0.0800)
Epoch: [96]  [  0/159]  eta: 8:49:38  lr: 0.000000  min_lr: 0.000000  loss: 0.9925 (0.9925)  weight_decay: 0.0500 (0.0500)  grad_norm: 0.0833 (0.0833)  time: 199.8634  data: 103.9936  max mem: 30401
Epoch: [96]  [ 10/159]  eta: 0:51:16  lr: 0.000000  min_lr: 0.000000  loss: 0.9975 (0.9968)  weight_decay: 0.0500 (0.0500)  grad_norm: 0.0833 (0.0829)  time: 20.6490  data: 9.4543  max mem: 30401
Epoch: [96]  [ 20/159]  eta: 0:26:16  lr: 0.000000  min_lr: 0.000000  loss: 0.9976 (0.9969)  weight_decay: 0.0500 (0.0500)  grad_norm: 0.0682 (0.0813)  time: 1.9168  data: 0.0004  max mem: 30401
Epoch: [96]  [ 30/159]  eta: 0:16:57  lr: 0.000000  min_lr: 0.000000  loss: 0.9999 (0.9972)  weight_decay: 0.0500 (0.0500)  grad_norm: 0.0648 (0.0803)  time: 0.8744  data: 0.0003  max mem: 30401
Epoch: [96]  [ 40/159]  eta: 0:12:07  lr: 0.000000  min_lr: 0.000000  loss: 1.0000 (0.9975)  weight_decay: 0.0500 (0.0500)  grad_norm: 0.0702 (0.0806)  time: 0.6261  data: 0.0002  max mem: 30401
Epoch: [96]  [ 50/159]  eta: 0:09:09  lr: 0.000000  min_lr: 0.000000  loss: 0.9990 (0.9977)  weight_decay: 0.0500 (0.0500)  grad_norm: 0.0702 (0.0818)  time: 0.6267  data: 0.0002  max mem: 30401
Epoch: [96]  [ 60/159]  eta: 0:07:07  lr: 0.000000  min_lr: 0.000000  loss: 0.9996 (0.9978)  weight_decay: 0.0500 (0.0500)  grad_norm: 0.0808 (0.0832)  time: 0.6313  data: 0.0002  max mem: 30401
Epoch: [96]  [ 70/159]  eta: 0:05:37  lr: 0.000000  min_lr: 0.000000  loss: 1.0000 (0.9979)  weight_decay: 0.0500 (0.0500)  grad_norm: 0.0817 (0.0820)  time: 0.6188  data: 0.0002  max mem: 30401
Epoch: [96]  [ 80/159]  eta: 0:04:28  lr: 0.000000  min_lr: 0.000000  loss: 0.9980 (0.9978)  weight_decay: 0.0500 (0.0500)  grad_norm: 0.0858 (0.0832)  time: 0.6027  data: 0.0002  max mem: 30401
Epoch: [96]  [ 90/159]  eta: 0:03:33  lr: 0.000000  min_lr: 0.000000  loss: 0.9971 (0.9977)  weight_decay: 0.0500 (0.0500)  grad_norm: 0.0736 (0.0816)  time: 0.5888  data: 0.0002  max mem: 30401
Epoch: [96]  [100/159]  eta: 0:02:47  lr: 0.000000  min_lr: 0.000000  loss: 0.9971 (0.9978)  weight_decay: 0.0500 (0.0500)  grad_norm: 0.0691 (0.0812)  time: 0.5837  data: 0.0002  max mem: 30401
Epoch: [96]  [110/159]  eta: 0:02:09  lr: 0.000000  min_lr: 0.000000  loss: 1.0000 (0.9979)  weight_decay: 0.0500 (0.0500)  grad_norm: 0.0691 (0.0802)  time: 0.5753  data: 0.0001  max mem: 30401
Epoch: [96]  [120/159]  eta: 0:01:36  lr: 0.000000  min_lr: 0.000000  loss: 1.0000 (0.9979)  weight_decay: 0.0500 (0.0500)  grad_norm: 0.0738 (0.0798)  time: 0.5757  data: 0.0002  max mem: 30401
Epoch: [96]  [130/159]  eta: 0:01:07  lr: 0.000000  min_lr: 0.000000  loss: 1.0000 (0.9978)  weight_decay: 0.0500 (0.0500)  grad_norm: 0.0734 (0.0813)  time: 0.5759  data: 0.0002  max mem: 30401
Epoch: [96]  [140/159]  eta: 0:00:41  lr: 0.000000  min_lr: 0.000000  loss: 1.0000 (0.9978)  weight_decay: 0.0500 (0.0500)  grad_norm: 0.0711 (0.0820)  time: 0.5749  data: 0.0001  max mem: 30401
Epoch: [96]  [150/159]  eta: 0:00:18  lr: 0.000000  min_lr: 0.000000  loss: 1.0000 (0.9978)  weight_decay: 0.0500 (0.0500)  grad_norm: 0.0728 (0.0820)  time: 0.5749  data: 0.0002  max mem: 30401
Epoch: [96]  [158/159]  eta: 0:00:02  lr: 0.000000  min_lr: 0.000000  loss: 1.0000 (0.9979)  weight_decay: 0.0500 (0.0500)  grad_norm: 0.0692 (0.0821)  time: 0.5750  data: 0.0001  max mem: 30401
Epoch: [96] Total time: 0:05:21 (2.0242 s / it)
Averaged stats: lr: 0.000000  min_lr: 0.000000  loss: 1.0000 (0.9980)  weight_decay: 0.0500 (0.0500)  grad_norm: 0.0692 (0.0821)
Epoch: [97]  [  0/159]  eta: 8:45:33  lr: 0.000000  min_lr: 0.000000  loss: 0.9891 (0.9891)  weight_decay: 0.0500 (0.0500)  grad_norm: 0.0624 (0.0624)  time: 198.3225  data: 197.6199  max mem: 30401
Epoch: [97]  [ 10/159]  eta: 0:46:59  lr: 0.000000  min_lr: 0.000000  loss: 0.9962 (0.9969)  weight_decay: 0.0500 (0.0500)  grad_norm: 0.0757 (0.0861)  time: 18.9240  data: 17.9657  max mem: 30401
Epoch: [97]  [ 20/159]  eta: 0:23:43  lr: 0.000000  min_lr: 0.000000  loss: 0.9968 (0.9969)  weight_decay: 0.0500 (0.0500)  grad_norm: 0.0697 (0.0719)  time: 0.8359  data: 0.0003  max mem: 30401
Epoch: [97]  [ 30/159]  eta: 0:15:21  lr: 0.000000  min_lr: 0.000000  loss: 1.0000 (0.9975)  weight_decay: 0.0500 (0.0500)  grad_norm: 0.0602 (0.0780)  time: 0.6684  data: 0.0002  max mem: 30401
Epoch: [97]  [ 40/159]  eta: 0:11:00  lr: 0.000000  min_lr: 0.000000  loss: 1.0000 (0.9973)  weight_decay: 0.0500 (0.0500)  grad_norm: 0.0729 (0.0801)  time: 0.6217  data: 0.0002  max mem: 30401
Epoch: [97]  [ 50/159]  eta: 0:08:18  lr: 0.000000  min_lr: 0.000000  loss: 1.0000 (0.9976)  weight_decay: 0.0500 (0.0500)  grad_norm: 0.0741 (0.0792)  time: 0.5933  data: 0.0002  max mem: 30401
Epoch: [97]  [ 60/159]  eta: 0:06:28  lr: 0.000000  min_lr: 0.000000  loss: 1.0000 (0.9978)  weight_decay: 0.0500 (0.0500)  grad_norm: 0.0748 (0.0811)  time: 0.5914  data: 0.0002  max mem: 30401
Epoch: [97]  [ 70/159]  eta: 0:05:08  lr: 0.000000  min_lr: 0.000000  loss: 1.0000 (0.9979)  weight_decay: 0.0500 (0.0500)  grad_norm: 0.0705 (0.0798)  time: 0.6189  data: 0.0002  max mem: 30401
Epoch: [97]  [ 80/159]  eta: 0:04:06  lr: 0.000000  min_lr: 0.000000  loss: 0.9977 (0.9979)  weight_decay: 0.0500 (0.0500)  grad_norm: 0.0604 (0.0789)  time: 0.6667  data: 0.0003  max mem: 30401
Epoch: [97]  [ 90/159]  eta: 0:03:16  lr: 0.000000  min_lr: 0.000000  loss: 0.9975 (0.9978)  weight_decay: 0.0500 (0.0500)  grad_norm: 0.0714 (0.0802)  time: 0.6610  data: 0.0003  max mem: 30401
Epoch: [97]  [100/159]  eta: 0:02:35  lr: 0.000000  min_lr: 0.000000  loss: 0.9985 (0.9979)  weight_decay: 0.0500 (0.0500)  grad_norm: 0.0878 (0.0808)  time: 0.6683  data: 0.0002  max mem: 30401
Epoch: [97]  [110/159]  eta: 0:02:00  lr: 0.000000  min_lr: 0.000000  loss: 1.0000 (0.9979)  weight_decay: 0.0500 (0.0500)  grad_norm: 0.0795 (0.0813)  time: 0.6587  data: 0.0002  max mem: 30401
Epoch: [97]  [120/159]  eta: 0:01:29  lr: 0.000000  min_lr: 0.000000  loss: 1.0000 (0.9979)  weight_decay: 0.0500 (0.0500)  grad_norm: 0.0712 (0.0802)  time: 0.5973  data: 0.0002  max mem: 30401
Epoch: [97]  [130/159]  eta: 0:01:02  lr: 0.000000  min_lr: 0.000000  loss: 1.0000 (0.9978)  weight_decay: 0.0500 (0.0500)  grad_norm: 0.0712 (0.0795)  time: 0.5747  data: 0.0002  max mem: 30401
Epoch: [97]  [140/159]  eta: 0:00:38  lr: 0.000000  min_lr: 0.000000  loss: 1.0000 (0.9978)  weight_decay: 0.0500 (0.0500)  grad_norm: 0.0719 (0.0801)  time: 0.5725  data: 0.0002  max mem: 30401
Epoch: [97]  [150/159]  eta: 0:00:17  lr: 0.000000  min_lr: 0.000000  loss: 1.0000 (0.9978)  weight_decay: 0.0500 (0.0500)  grad_norm: 0.0719 (0.0790)  time: 0.5733  data: 0.0001  max mem: 30401
Epoch: [97]  [158/159]  eta: 0:00:01  lr: 0.000000  min_lr: 0.000000  loss: 0.9985 (0.9978)  weight_decay: 0.0500 (0.0500)  grad_norm: 0.0719 (0.0790)  time: 0.5818  data: 0.0001  max mem: 30401
Epoch: [97] Total time: 0:05:01 (1.8953 s / it)
Averaged stats: lr: 0.000000  min_lr: 0.000000  loss: 0.9985 (0.9980)  weight_decay: 0.0500 (0.0500)  grad_norm: 0.0719 (0.0790)
Epoch: [98]  [  0/159]  eta: 9:20:55  lr: 0.000000  min_lr: 0.000000  loss: 0.9946 (0.9946)  weight_decay: 0.0500 (0.0500)  grad_norm: 0.0943 (0.0943)  time: 211.6685  data: 199.8201  max mem: 30401
Epoch: [98]  [ 10/159]  eta: 0:56:36  lr: 0.000000  min_lr: 0.000000  loss: 0.9979 (0.9974)  weight_decay: 0.0500 (0.0500)  grad_norm: 0.0592 (0.0720)  time: 22.7941  data: 19.0273  max mem: 30401
Epoch: [98]  [ 20/159]  eta: 0:28:23  lr: 0.000000  min_lr: 0.000000  loss: 0.9979 (0.9971)  weight_decay: 0.0500 (0.0500)  grad_norm: 0.0637 (0.0780)  time: 2.2829  data: 0.4741  max mem: 30401
Epoch: [98]  [ 30/159]  eta: 0:18:16  lr: 0.000000  min_lr: 0.000000  loss: 0.9999 (0.9977)  weight_decay: 0.0500 (0.0500)  grad_norm: 0.0713 (0.0771)  time: 0.6363  data: 0.0002  max mem: 30401
Epoch: [98]  [ 40/159]  eta: 0:13:01  lr: 0.000000  min_lr: 0.000000  loss: 1.0000 (0.9979)  weight_decay: 0.0500 (0.0500)  grad_norm: 0.0712 (0.0754)  time: 0.5968  data: 0.0002  max mem: 30401
Epoch: [98]  [ 50/159]  eta: 0:09:47  lr: 0.000000  min_lr: 0.000000  loss: 0.9985 (0.9978)  weight_decay: 0.0500 (0.0500)  grad_norm: 0.0751 (0.0780)  time: 0.5777  data: 0.0002  max mem: 30401
Epoch: [98]  [ 60/159]  eta: 0:07:35  lr: 0.000000  min_lr: 0.000000  loss: 0.9990 (0.9979)  weight_decay: 0.0500 (0.0500)  grad_norm: 0.0868 (0.0799)  time: 0.5737  data: 0.0002  max mem: 30401
Epoch: [98]  [ 70/159]  eta: 0:05:59  lr: 0.000000  min_lr: 0.000000  loss: 1.0000 (0.9980)  weight_decay: 0.0500 (0.0500)  grad_norm: 0.0868 (0.0806)  time: 0.5746  data: 0.0001  max mem: 30401
Epoch: [98]  [ 80/159]  eta: 0:04:45  lr: 0.000000  min_lr: 0.000000  loss: 0.9984 (0.9978)  weight_decay: 0.0500 (0.0500)  grad_norm: 0.0767 (0.0806)  time: 0.5749  data: 0.0001  max mem: 30401
Epoch: [98]  [ 90/159]  eta: 0:03:45  lr: 0.000000  min_lr: 0.000000  loss: 0.9961 (0.9977)  weight_decay: 0.0500 (0.0500)  grad_norm: 0.0725 (0.0806)  time: 0.5719  data: 0.0001  max mem: 30401
Epoch: [98]  [100/159]  eta: 0:02:57  lr: 0.000000  min_lr: 0.000000  loss: 0.9980 (0.9978)  weight_decay: 0.0500 (0.0500)  grad_norm: 0.0795 (0.0817)  time: 0.5721  data: 0.0001  max mem: 30401
Epoch: [98]  [110/159]  eta: 0:02:16  lr: 0.000000  min_lr: 0.000000  loss: 1.0000 (0.9980)  weight_decay: 0.0500 (0.0500)  grad_norm: 0.0802 (0.0820)  time: 0.5721  data: 0.0002  max mem: 30401
Epoch: [98]  [120/159]  eta: 0:01:41  lr: 0.000000  min_lr: 0.000000  loss: 1.0000 (0.9980)  weight_decay: 0.0500 (0.0500)  grad_norm: 0.0686 (0.0823)  time: 0.5713  data: 0.0002  max mem: 30401
Epoch: [98]  [130/159]  eta: 0:01:11  lr: 0.000000  min_lr: 0.000000  loss: 0.9981 (0.9979)  weight_decay: 0.0500 (0.0500)  grad_norm: 0.0686 (0.0818)  time: 0.5709  data: 0.0001  max mem: 30401
Epoch: [98]  [140/159]  eta: 0:00:44  lr: 0.000000  min_lr: 0.000000  loss: 0.9992 (0.9980)  weight_decay: 0.0500 (0.0500)  grad_norm: 0.0735 (0.0820)  time: 0.5723  data: 0.0001  max mem: 30401
Epoch: [98]  [150/159]  eta: 0:00:19  lr: 0.000000  min_lr: 0.000000  loss: 1.0000 (0.9979)  weight_decay: 0.0500 (0.0500)  grad_norm: 0.0707 (0.0808)  time: 0.5744  data: 0.0001  max mem: 30401
Epoch: [98]  [158/159]  eta: 0:00:02  lr: 0.000000  min_lr: 0.000000  loss: 0.9997 (0.9980)  weight_decay: 0.0500 (0.0500)  grad_norm: 0.0651 (0.0808)  time: 0.5741  data: 0.0001  max mem: 30401
Epoch: [98] Total time: 0:05:38 (2.1278 s / it)
Averaged stats: lr: 0.000000  min_lr: 0.000000  loss: 0.9997 (0.9980)  weight_decay: 0.0500 (0.0500)  grad_norm: 0.0651 (0.0808)
Epoch: [99]  [  0/159]  eta: 6:05:34  lr: 0.000000  min_lr: 0.000000  loss: 0.9923 (0.9923)  weight_decay: 0.0500 (0.0500)  grad_norm: 0.0474 (0.0474)  time: 137.9519  data: 74.8278  max mem: 30401
Epoch: [99]  [ 10/159]  eta: 0:38:38  lr: 0.000000  min_lr: 0.000000  loss: 0.9978 (0.9970)  weight_decay: 0.0500 (0.0500)  grad_norm: 0.0632 (0.0649)  time: 15.5615  data: 8.4674  max mem: 30401
Epoch: [99]  [ 20/159]  eta: 0:20:38  lr: 0.000000  min_lr: 0.000000  loss: 0.9985 (0.9971)  weight_decay: 0.0500 (0.0500)  grad_norm: 0.0635 (0.0703)  time: 2.4595  data: 0.9158  max mem: 30401
Epoch: [99]  [ 30/159]  eta: 0:13:24  lr: 0.000000  min_lr: 0.000000  loss: 1.0000 (0.9978)  weight_decay: 0.0500 (0.0500)  grad_norm: 0.0648 (0.0682)  time: 1.1045  data: 0.0003  max mem: 30401
Epoch: [99]  [ 40/159]  eta: 0:09:38  lr: 0.000000  min_lr: 0.000000  loss: 1.0000 (0.9975)  weight_decay: 0.0500 (0.0500)  grad_norm: 0.0663 (0.0719)  time: 0.6026  data: 0.0002  max mem: 30401
Epoch: [99]  [ 50/159]  eta: 0:07:18  lr: 0.000000  min_lr: 0.000000  loss: 0.9974 (0.9974)  weight_decay: 0.0500 (0.0500)  grad_norm: 0.0818 (0.0714)  time: 0.5931  data: 0.0002  max mem: 30401
Epoch: [99]  [ 60/159]  eta: 0:05:42  lr: 0.000000  min_lr: 0.000000  loss: 0.9991 (0.9977)  weight_decay: 0.0500 (0.0500)  grad_norm: 0.0714 (0.0750)  time: 0.5930  data: 0.0002  max mem: 30401
Epoch: [99]  [ 70/159]  eta: 0:04:31  lr: 0.000000  min_lr: 0.000000  loss: 1.0000 (0.9978)  weight_decay: 0.0500 (0.0500)  grad_norm: 0.0695 (0.0744)  time: 0.5921  data: 0.0001  max mem: 30401
Epoch: [99]  [ 80/159]  eta: 0:03:37  lr: 0.000000  min_lr: 0.000000  loss: 0.9981 (0.9978)  weight_decay: 0.0500 (0.0500)  grad_norm: 0.0754 (0.0768)  time: 0.5916  data: 0.0001  max mem: 30401
Epoch: [99]  [ 90/159]  eta: 0:02:53  lr: 0.000000  min_lr: 0.000000  loss: 0.9970 (0.9977)  weight_decay: 0.0500 (0.0500)  grad_norm: 0.0775 (0.0759)  time: 0.5873  data: 0.0001  max mem: 30401
Epoch: [99]  [100/159]  eta: 0:02:17  lr: 0.000000  min_lr: 0.000000  loss: 0.9984 (0.9978)  weight_decay: 0.0500 (0.0500)  grad_norm: 0.0751 (0.0785)  time: 0.5937  data: 0.0002  max mem: 30401
Epoch: [99]  [110/159]  eta: 0:01:46  lr: 0.000000  min_lr: 0.000000  loss: 1.0000 (0.9979)  weight_decay: 0.0500 (0.0500)  grad_norm: 0.0751 (0.0782)  time: 0.5975  data: 0.0002  max mem: 30401
Epoch: [99]  [120/159]  eta: 0:01:19  lr: 0.000000  min_lr: 0.000000  loss: 1.0000 (0.9979)  weight_decay: 0.0500 (0.0500)  grad_norm: 0.0712 (0.0784)  time: 0.5894  data: 0.0002  max mem: 30401
Epoch: [99]  [130/159]  eta: 0:00:55  lr: 0.000000  min_lr: 0.000000  loss: 0.9999 (0.9979)  weight_decay: 0.0500 (0.0500)  grad_norm: 0.0760 (0.0793)  time: 0.5862  data: 0.0002  max mem: 30401
Epoch: [99]  [140/159]  eta: 0:00:34  lr: 0.000000  min_lr: 0.000000  loss: 0.9999 (0.9980)  weight_decay: 0.0500 (0.0500)  grad_norm: 0.0838 (0.0793)  time: 0.5860  data: 0.0001  max mem: 30401
Epoch: [99]  [150/159]  eta: 0:00:15  lr: 0.000000  min_lr: 0.000000  loss: 1.0000 (0.9979)  weight_decay: 0.0500 (0.0500)  grad_norm: 0.0690 (0.0792)  time: 0.5857  data: 0.0002  max mem: 30401
Epoch: [99]  [158/159]  eta: 0:00:01  lr: 0.000000  min_lr: 0.000000  loss: 0.9984 (0.9979)  weight_decay: 0.0500 (0.0500)  grad_norm: 0.0690 (0.0803)  time: 0.5857  data: 0.0002  max mem: 30401
Epoch: [99] Total time: 0:04:30 (1.6994 s / it)
Averaged stats: lr: 0.000000  min_lr: 0.000000  loss: 0.9984 (0.9980)  weight_decay: 0.0500 (0.0500)  grad_norm: 0.0690 (0.0803)
[Eval]   [0/2]  eta: 0:00:47  loss: 0.9999 (0.9999)  time: 23.7970  data: 23.6333  max mem: 30401
[Eval]   [1/2]  eta: 0:00:11  loss: 0.9999 (1.0000)  time: 11.9492  data: 11.8167  max mem: 30401
[Eval]  Total time: 0:00:24 (12.1415 s / it)
Eval averaged stats: loss: 0.9999 (0.9999)
[Eval] Image Metrics:  [0/2]  eta: 0:00:10    time: 5.0899  data: 4.9192  max mem: 30401
[Eval] Image Metrics:  [1/2]  eta: 0:00:02    time: 2.5981  data: 2.4596  max mem: 30401
[Eval] Image Metrics: Total time: 0:00:06 (3.0824 s / it)
[Eval] Metric Results: [Eval] MSE: 0.0000 (0.0000)  [Eval] MAE: 0.0000 (0.0000)  [Eval] PSNR: 47.0071 (47.0071)  [Eval] MS-SSIM: 0.9991 (0.9991)
Logged 9 eval images
Training time 5:35:06
