job is starting on gpuc05.delta.ncsa.illinois.edu
| distributed init (rank 0): env://, gpu 0
| distributed init (rank 5): env://, gpu 5
| distributed init (rank 7): env://, gpu 7
| distributed init (rank 1): env://, gpu 1
| distributed init (rank 4): env://, gpu 4
| distributed init (rank 3): env://, gpu 3
| distributed init (rank 2): env://, gpu 2
| distributed init (rank 6): env://, gpu 6
dataset_train size = 40780
dataset_val size = 416
Namespace(run_name='model/finetune/S_MAE_rgb-depth-caption', batch_size=32, full_img_size=673, eff_img_size=447, target_size=224, mask_proportion=0.6, patch_size=None, epochs=100, accum_iter=1, save_ckpt_freq=25, model='sarformer_s', dtype='bf16', cond_domains=['rgb', 'depth', 'caption'], loss_type='mse', distance_type='euclidean', objective='lpl', crop_std=1000.0, hflip=0.0, vflip=0.0, finetune='/scratch/bdej/cohanlon/checkpoints/sarformer/model/pretrain/S_MAE_rgb-depth-caption/checkpoint-final.pth', opt='adamw', opt_eps=1e-08, opt_betas=[0.9, 0.99], compute_grad_norm=True, clip_grad=None, skip_grad=None, momentum=0.9, weight_decay=0.05, weight_decay_end=None, blr=0.0001, min_blr=0.0, lr_and_wd_scheduler='cosine', warmup_epochs=10, cooldown_epochs=10, eval_data_path='/scratch/bdej/cohanlon/data/eval', num_eval_metrics_samples=416, num_logged_images=9, eval_batch_size=None, eval_freq=10, eval_metric_freq=10, eval_image_log_freq=10, dist_eval=True, eval_only=False, output_dir='/scratch/bdej/cohanlon/checkpoints/sarformer/model/finetune/S_MAE_rgb-depth-caption', device='cuda', seed=0, start_epoch=0, num_workers=110, pin_mem=True, show_user_warnings=False, log_wandb=True, wandb_project='model', wandb_entity='sarformer', wandb_run_name='finetune/S_MAE_rgb-depth-caption', dist_url='env://', print_all=False, warmup_lr=1e-06, min_lr=0.0, eval_metrics_freq=25, data_path='/scratch/bdej/cohanlon/data/train', config_path='cfgs/sarformer/model/finetune/S_MAE_rgb-depth-caption.yaml', rank=0, world_size=8, gpu=0, distributed=True, dist_backend='nccl', all_domains=['rgb', 'depth', 'caption', 'target_distribution'], is_pretraining=False)
Creating model: sarformer_s conditioned on ['rgb', 'depth', 'caption']
_IncompatibleKeys(missing_keys=['backbone.out_proj.weight', 'backbone.out_proj.bias'], unexpected_keys=[])
Model = SARFormer(
  (seq_encoder): T5EncoderModel(
    (shared): Embedding(32128, 512)
    (encoder): T5Stack(
      (embed_tokens): Embedding(32128, 512)
      (block): ModuleList(
        (0): T5Block(
          (layer): ModuleList(
            (0): T5LayerSelfAttention(
              (SelfAttention): T5Attention(
                (q): Linear(in_features=512, out_features=384, bias=False)
                (k): Linear(in_features=512, out_features=384, bias=False)
                (v): Linear(in_features=512, out_features=384, bias=False)
                (o): Linear(in_features=384, out_features=512, bias=False)
                (relative_attention_bias): Embedding(32, 6)
              )
              (layer_norm): T5LayerNorm()
              (dropout): Dropout(p=0.1, inplace=False)
            )
            (1): T5LayerFF(
              (DenseReluDense): T5DenseGatedActDense(
                (wi_0): Linear(in_features=512, out_features=1024, bias=False)
                (wi_1): Linear(in_features=512, out_features=1024, bias=False)
                (wo): Linear(in_features=1024, out_features=512, bias=False)
                (dropout): Dropout(p=0.1, inplace=False)
                (act): NewGELUActivation()
              )
              (layer_norm): T5LayerNorm()
              (dropout): Dropout(p=0.1, inplace=False)
            )
          )
        )
        (1-7): 7 x T5Block(
          (layer): ModuleList(
            (0): T5LayerSelfAttention(
              (SelfAttention): T5Attention(
                (q): Linear(in_features=512, out_features=384, bias=False)
                (k): Linear(in_features=512, out_features=384, bias=False)
                (v): Linear(in_features=512, out_features=384, bias=False)
                (o): Linear(in_features=384, out_features=512, bias=False)
              )
              (layer_norm): T5LayerNorm()
              (dropout): Dropout(p=0.1, inplace=False)
            )
            (1): T5LayerFF(
              (DenseReluDense): T5DenseGatedActDense(
                (wi_0): Linear(in_features=512, out_features=1024, bias=False)
                (wi_1): Linear(in_features=512, out_features=1024, bias=False)
                (wo): Linear(in_features=1024, out_features=512, bias=False)
                (dropout): Dropout(p=0.1, inplace=False)
                (act): NewGELUActivation()
              )
              (layer_norm): T5LayerNorm()
              (dropout): Dropout(p=0.1, inplace=False)
            )
          )
        )
      )
      (final_layer_norm): T5LayerNorm()
      (dropout): Dropout(p=0.1, inplace=False)
    )
  )
  (backbone): PatchedConvNeXtUNet(
    (in_proj): Linear(in_features=64, out_features=64, bias=True)
    (down_blocks): ModuleList(
      (0): ConditionedSequential(
        (0): ConvNeXtV2Block(
          (skip_proj): Identity()
          (dwconv): Conv2d(64, 64, kernel_size=(7, 7), stride=(1, 1), padding=(3, 3), groups=64)
          (norm): LayerNorm((64,), eps=1e-06, elementwise_affine=True)
          (pwconv1): Linear(in_features=64, out_features=256, bias=True)
          (act): SiLU()
          (grn): GRN()
          (pwconv2): Linear(in_features=256, out_features=64, bias=True)
          (drop_path): Identity()
        )
        (1): ConvNeXtV2Block(
          (skip_proj): Identity()
          (dwconv): Conv2d(64, 64, kernel_size=(7, 7), stride=(1, 1), padding=(3, 3), groups=64)
          (norm): LayerNorm((64,), eps=1e-06, elementwise_affine=True)
          (pwconv1): Linear(in_features=64, out_features=256, bias=True)
          (act): SiLU()
          (grn): GRN()
          (pwconv2): Linear(in_features=256, out_features=64, bias=True)
          (drop_path): Identity()
        )
        (2): ConvNeXtV2Block(
          (skip_proj): Identity()
          (dwconv): Conv2d(64, 64, kernel_size=(7, 7), stride=(1, 1), padding=(3, 3), groups=64)
          (norm): LayerNorm((64,), eps=1e-06, elementwise_affine=True)
          (pwconv1): Linear(in_features=64, out_features=256, bias=True)
          (act): SiLU()
          (grn): GRN()
          (pwconv2): Linear(in_features=256, out_features=64, bias=True)
          (drop_path): Identity()
        )
        (3): ConvNeXtV2Block(
          (skip_proj): Identity()
          (dwconv): Conv2d(64, 64, kernel_size=(7, 7), stride=(1, 1), padding=(3, 3), groups=64)
          (norm): LayerNorm((64,), eps=1e-06, elementwise_affine=True)
          (pwconv1): Linear(in_features=64, out_features=256, bias=True)
          (act): SiLU()
          (grn): GRN()
          (pwconv2): Linear(in_features=256, out_features=64, bias=True)
          (drop_path): Identity()
        )
        (4): ConvNeXtV2Block(
          (skip_proj): Linear(in_features=64, out_features=128, bias=True)
          (dwconv): Conv2d(64, 64, kernel_size=(7, 7), stride=(1, 1), padding=(3, 3), groups=64)
          (norm): LayerNorm((64,), eps=1e-06, elementwise_affine=True)
          (pwconv1): Linear(in_features=64, out_features=256, bias=True)
          (act): SiLU()
          (grn): GRN()
          (pwconv2): Linear(in_features=256, out_features=128, bias=True)
          (drop_path): Identity()
        )
        (5): NormCrossAttentionBlock(
          (q): Linear(in_features=128, out_features=128, bias=True)
          (kv): Linear(in_features=512, out_features=256, bias=True)
          (attn_drop): Dropout(p=0.0, inplace=False)
          (proj): Linear(in_features=128, out_features=128, bias=True)
          (proj_drop): Dropout(p=0.0, inplace=False)
          (q_norm): LayerNorm((16,), eps=1e-05, elementwise_affine=True)
          (k_norm): LayerNorm((16,), eps=1e-05, elementwise_affine=True)
        )
      )
      (1): ConditionedSequential(
        (0): Downsample(
          scale_factor=0.5
          (pool): AvgPool2d(kernel_size=2, stride=2, padding=0)
        )
        (1): ConvNeXtV2Block(
          (skip_proj): Identity()
          (dwconv): Conv2d(128, 128, kernel_size=(7, 7), stride=(1, 1), padding=(3, 3), groups=128)
          (norm): LayerNorm((128,), eps=1e-06, elementwise_affine=True)
          (pwconv1): Linear(in_features=128, out_features=512, bias=True)
          (act): SiLU()
          (grn): GRN()
          (pwconv2): Linear(in_features=512, out_features=128, bias=True)
          (drop_path): Identity()
        )
        (2): ConvNeXtV2Block(
          (skip_proj): Identity()
          (dwconv): Conv2d(128, 128, kernel_size=(7, 7), stride=(1, 1), padding=(3, 3), groups=128)
          (norm): LayerNorm((128,), eps=1e-06, elementwise_affine=True)
          (pwconv1): Linear(in_features=128, out_features=512, bias=True)
          (act): SiLU()
          (grn): GRN()
          (pwconv2): Linear(in_features=512, out_features=128, bias=True)
          (drop_path): Identity()
        )
        (3): ConvNeXtV2Block(
          (skip_proj): Identity()
          (dwconv): Conv2d(128, 128, kernel_size=(7, 7), stride=(1, 1), padding=(3, 3), groups=128)
          (norm): LayerNorm((128,), eps=1e-06, elementwise_affine=True)
          (pwconv1): Linear(in_features=128, out_features=512, bias=True)
          (act): SiLU()
          (grn): GRN()
          (pwconv2): Linear(in_features=512, out_features=128, bias=True)
          (drop_path): Identity()
        )
        (4): ConvNeXtV2Block(
          (skip_proj): Identity()
          (dwconv): Conv2d(128, 128, kernel_size=(7, 7), stride=(1, 1), padding=(3, 3), groups=128)
          (norm): LayerNorm((128,), eps=1e-06, elementwise_affine=True)
          (pwconv1): Linear(in_features=128, out_features=512, bias=True)
          (act): SiLU()
          (grn): GRN()
          (pwconv2): Linear(in_features=512, out_features=128, bias=True)
          (drop_path): Identity()
        )
        (5): ConvNeXtV2Block(
          (skip_proj): Linear(in_features=128, out_features=256, bias=True)
          (dwconv): Conv2d(128, 128, kernel_size=(7, 7), stride=(1, 1), padding=(3, 3), groups=128)
          (norm): LayerNorm((128,), eps=1e-06, elementwise_affine=True)
          (pwconv1): Linear(in_features=128, out_features=512, bias=True)
          (act): SiLU()
          (grn): GRN()
          (pwconv2): Linear(in_features=512, out_features=256, bias=True)
          (drop_path): Identity()
        )
        (6): NormCrossAttentionBlock(
          (q): Linear(in_features=256, out_features=256, bias=True)
          (kv): Linear(in_features=512, out_features=512, bias=True)
          (attn_drop): Dropout(p=0.0, inplace=False)
          (proj): Linear(in_features=256, out_features=256, bias=True)
          (proj_drop): Dropout(p=0.0, inplace=False)
          (q_norm): LayerNorm((32,), eps=1e-05, elementwise_affine=True)
          (k_norm): LayerNorm((32,), eps=1e-05, elementwise_affine=True)
        )
      )
      (2): ConditionedSequential(
        (0): Downsample(
          scale_factor=0.5
          (pool): AvgPool2d(kernel_size=2, stride=2, padding=0)
        )
        (1): ConvNeXtV2Block(
          (skip_proj): Identity()
          (dwconv): Conv2d(256, 256, kernel_size=(7, 7), stride=(1, 1), padding=(3, 3), groups=256)
          (norm): LayerNorm((256,), eps=1e-06, elementwise_affine=True)
          (pwconv1): Linear(in_features=256, out_features=1024, bias=True)
          (act): SiLU()
          (grn): GRN()
          (pwconv2): Linear(in_features=1024, out_features=256, bias=True)
          (drop_path): Identity()
        )
        (2): ConvNeXtV2Block(
          (skip_proj): Identity()
          (dwconv): Conv2d(256, 256, kernel_size=(7, 7), stride=(1, 1), padding=(3, 3), groups=256)
          (norm): LayerNorm((256,), eps=1e-06, elementwise_affine=True)
          (pwconv1): Linear(in_features=256, out_features=1024, bias=True)
          (act): SiLU()
          (grn): GRN()
          (pwconv2): Linear(in_features=1024, out_features=256, bias=True)
          (drop_path): Identity()
        )
        (3): ConvNeXtV2Block(
          (skip_proj): Identity()
          (dwconv): Conv2d(256, 256, kernel_size=(7, 7), stride=(1, 1), padding=(3, 3), groups=256)
          (norm): LayerNorm((256,), eps=1e-06, elementwise_affine=True)
          (pwconv1): Linear(in_features=256, out_features=1024, bias=True)
          (act): SiLU()
          (grn): GRN()
          (pwconv2): Linear(in_features=1024, out_features=256, bias=True)
          (drop_path): Identity()
        )
        (4): ConvNeXtV2Block(
          (skip_proj): Identity()
          (dwconv): Conv2d(256, 256, kernel_size=(7, 7), stride=(1, 1), padding=(3, 3), groups=256)
          (norm): LayerNorm((256,), eps=1e-06, elementwise_affine=True)
          (pwconv1): Linear(in_features=256, out_features=1024, bias=True)
          (act): SiLU()
          (grn): GRN()
          (pwconv2): Linear(in_features=1024, out_features=256, bias=True)
          (drop_path): Identity()
        )
        (5): ConvNeXtV2Block(
          (skip_proj): Linear(in_features=256, out_features=512, bias=True)
          (dwconv): Conv2d(256, 256, kernel_size=(7, 7), stride=(1, 1), padding=(3, 3), groups=256)
          (norm): LayerNorm((256,), eps=1e-06, elementwise_affine=True)
          (pwconv1): Linear(in_features=256, out_features=1024, bias=True)
          (act): SiLU()
          (grn): GRN()
          (pwconv2): Linear(in_features=1024, out_features=512, bias=True)
          (drop_path): Identity()
        )
        (6): NormCrossAttentionBlock(
          (q): Linear(in_features=512, out_features=512, bias=True)
          (kv): Linear(in_features=512, out_features=1024, bias=True)
          (attn_drop): Dropout(p=0.0, inplace=False)
          (proj): Linear(in_features=512, out_features=512, bias=True)
          (proj_drop): Dropout(p=0.0, inplace=False)
          (q_norm): LayerNorm((64,), eps=1e-05, elementwise_affine=True)
          (k_norm): LayerNorm((64,), eps=1e-05, elementwise_affine=True)
        )
      )
    )
    (middle_block): ConditionedSequential(
      (0): Downsample(
        scale_factor=0.5
        (pool): AvgPool2d(kernel_size=2, stride=2, padding=0)
      )
      (1): ConvNeXtV2Block(
        (skip_proj): Identity()
        (dwconv): Conv2d(512, 512, kernel_size=(7, 7), stride=(1, 1), padding=(3, 3), groups=512)
        (norm): LayerNorm((512,), eps=1e-06, elementwise_affine=True)
        (pwconv1): Linear(in_features=512, out_features=2048, bias=True)
        (act): SiLU()
        (grn): GRN()
        (pwconv2): Linear(in_features=2048, out_features=512, bias=True)
        (drop_path): Identity()
      )
      (2): ConvNeXtV2Block(
        (skip_proj): Identity()
        (dwconv): Conv2d(512, 512, kernel_size=(7, 7), stride=(1, 1), padding=(3, 3), groups=512)
        (norm): LayerNorm((512,), eps=1e-06, elementwise_affine=True)
        (pwconv1): Linear(in_features=512, out_features=2048, bias=True)
        (act): SiLU()
        (grn): GRN()
        (pwconv2): Linear(in_features=2048, out_features=512, bias=True)
        (drop_path): Identity()
      )
      (3): ConvNeXtV2Block(
        (skip_proj): Identity()
        (dwconv): Conv2d(512, 512, kernel_size=(7, 7), stride=(1, 1), padding=(3, 3), groups=512)
        (norm): LayerNorm((512,), eps=1e-06, elementwise_affine=True)
        (pwconv1): Linear(in_features=512, out_features=2048, bias=True)
        (act): SiLU()
        (grn): GRN()
        (pwconv2): Linear(in_features=2048, out_features=512, bias=True)
        (drop_path): Identity()
      )
      (4): ConvNeXtV2Block(
        (skip_proj): Identity()
        (dwconv): Conv2d(512, 512, kernel_size=(7, 7), stride=(1, 1), padding=(3, 3), groups=512)
        (norm): LayerNorm((512,), eps=1e-06, elementwise_affine=True)
        (pwconv1): Linear(in_features=512, out_features=2048, bias=True)
        (act): SiLU()
        (grn): GRN()
        (pwconv2): Linear(in_features=2048, out_features=512, bias=True)
        (drop_path): Identity()
      )
      (5): ConvNeXtV2Block(
        (skip_proj): Linear(in_features=512, out_features=1024, bias=True)
        (dwconv): Conv2d(512, 512, kernel_size=(7, 7), stride=(1, 1), padding=(3, 3), groups=512)
        (norm): LayerNorm((512,), eps=1e-06, elementwise_affine=True)
        (pwconv1): Linear(in_features=512, out_features=2048, bias=True)
        (act): SiLU()
        (grn): GRN()
        (pwconv2): Linear(in_features=2048, out_features=1024, bias=True)
        (drop_path): Identity()
      )
      (6): NormCrossAttentionBlock(
        (q): Linear(in_features=1024, out_features=1024, bias=True)
        (kv): Linear(in_features=512, out_features=2048, bias=True)
        (attn_drop): Dropout(p=0.0, inplace=False)
        (proj): Linear(in_features=1024, out_features=1024, bias=True)
        (proj_drop): Dropout(p=0.0, inplace=False)
        (q_norm): LayerNorm((128,), eps=1e-05, elementwise_affine=True)
        (k_norm): LayerNorm((128,), eps=1e-05, elementwise_affine=True)
      )
      (7): ConvNeXtV2Block(
        (skip_proj): Identity()
        (dwconv): Conv2d(1024, 1024, kernel_size=(7, 7), stride=(1, 1), padding=(3, 3), groups=1024)
        (norm): LayerNorm((1024,), eps=1e-06, elementwise_affine=True)
        (pwconv1): Linear(in_features=1024, out_features=4096, bias=True)
        (act): SiLU()
        (grn): GRN()
        (pwconv2): Linear(in_features=4096, out_features=1024, bias=True)
        (drop_path): Identity()
      )
      (8): ConvNeXtV2Block(
        (skip_proj): Identity()
        (dwconv): Conv2d(1024, 1024, kernel_size=(7, 7), stride=(1, 1), padding=(3, 3), groups=1024)
        (norm): LayerNorm((1024,), eps=1e-06, elementwise_affine=True)
        (pwconv1): Linear(in_features=1024, out_features=4096, bias=True)
        (act): SiLU()
        (grn): GRN()
        (pwconv2): Linear(in_features=4096, out_features=1024, bias=True)
        (drop_path): Identity()
      )
      (9): ConvNeXtV2Block(
        (skip_proj): Identity()
        (dwconv): Conv2d(1024, 1024, kernel_size=(7, 7), stride=(1, 1), padding=(3, 3), groups=1024)
        (norm): LayerNorm((1024,), eps=1e-06, elementwise_affine=True)
        (pwconv1): Linear(in_features=1024, out_features=4096, bias=True)
        (act): SiLU()
        (grn): GRN()
        (pwconv2): Linear(in_features=4096, out_features=1024, bias=True)
        (drop_path): Identity()
      )
      (10): ConvNeXtV2Block(
        (skip_proj): Identity()
        (dwconv): Conv2d(1024, 1024, kernel_size=(7, 7), stride=(1, 1), padding=(3, 3), groups=1024)
        (norm): LayerNorm((1024,), eps=1e-06, elementwise_affine=True)
        (pwconv1): Linear(in_features=1024, out_features=4096, bias=True)
        (act): SiLU()
        (grn): GRN()
        (pwconv2): Linear(in_features=4096, out_features=1024, bias=True)
        (drop_path): Identity()
      )
      (11): ConvNeXtV2Block(
        (skip_proj): Linear(in_features=1024, out_features=512, bias=True)
        (dwconv): Conv2d(1024, 1024, kernel_size=(7, 7), stride=(1, 1), padding=(3, 3), groups=1024)
        (norm): LayerNorm((1024,), eps=1e-06, elementwise_affine=True)
        (pwconv1): Linear(in_features=1024, out_features=4096, bias=True)
        (act): SiLU()
        (grn): GRN()
        (pwconv2): Linear(in_features=4096, out_features=512, bias=True)
        (drop_path): Identity()
      )
      (12): Upsample(scale_factor=2.0, mode=nearest)
    )
    (up_blocks): ModuleList(
      (0): ConditionedSequential(
        (0): ConvNeXtV2Block(
          (skip_proj): Linear(in_features=1024, out_features=512, bias=True)
          (dwconv): Conv2d(1024, 1024, kernel_size=(7, 7), stride=(1, 1), padding=(3, 3), groups=1024)
          (norm): LayerNorm((1024,), eps=1e-06, elementwise_affine=True)
          (pwconv1): Linear(in_features=1024, out_features=4096, bias=True)
          (act): SiLU()
          (grn): GRN()
          (pwconv2): Linear(in_features=4096, out_features=512, bias=True)
          (drop_path): Identity()
        )
        (1): ConvNeXtV2Block(
          (skip_proj): Identity()
          (dwconv): Conv2d(512, 512, kernel_size=(7, 7), stride=(1, 1), padding=(3, 3), groups=512)
          (norm): LayerNorm((512,), eps=1e-06, elementwise_affine=True)
          (pwconv1): Linear(in_features=512, out_features=2048, bias=True)
          (act): SiLU()
          (grn): GRN()
          (pwconv2): Linear(in_features=2048, out_features=512, bias=True)
          (drop_path): Identity()
        )
        (2): ConvNeXtV2Block(
          (skip_proj): Identity()
          (dwconv): Conv2d(512, 512, kernel_size=(7, 7), stride=(1, 1), padding=(3, 3), groups=512)
          (norm): LayerNorm((512,), eps=1e-06, elementwise_affine=True)
          (pwconv1): Linear(in_features=512, out_features=2048, bias=True)
          (act): SiLU()
          (grn): GRN()
          (pwconv2): Linear(in_features=2048, out_features=512, bias=True)
          (drop_path): Identity()
        )
        (3): ConvNeXtV2Block(
          (skip_proj): Identity()
          (dwconv): Conv2d(512, 512, kernel_size=(7, 7), stride=(1, 1), padding=(3, 3), groups=512)
          (norm): LayerNorm((512,), eps=1e-06, elementwise_affine=True)
          (pwconv1): Linear(in_features=512, out_features=2048, bias=True)
          (act): SiLU()
          (grn): GRN()
          (pwconv2): Linear(in_features=2048, out_features=512, bias=True)
          (drop_path): Identity()
        )
        (4): ConvNeXtV2Block(
          (skip_proj): Linear(in_features=512, out_features=256, bias=True)
          (dwconv): Conv2d(512, 512, kernel_size=(7, 7), stride=(1, 1), padding=(3, 3), groups=512)
          (norm): LayerNorm((512,), eps=1e-06, elementwise_affine=True)
          (pwconv1): Linear(in_features=512, out_features=2048, bias=True)
          (act): SiLU()
          (grn): GRN()
          (pwconv2): Linear(in_features=2048, out_features=256, bias=True)
          (drop_path): Identity()
        )
        (5): NormCrossAttentionBlock(
          (q): Linear(in_features=256, out_features=256, bias=True)
          (kv): Linear(in_features=512, out_features=512, bias=True)
          (attn_drop): Dropout(p=0.0, inplace=False)
          (proj): Linear(in_features=256, out_features=256, bias=True)
          (proj_drop): Dropout(p=0.0, inplace=False)
          (q_norm): LayerNorm((32,), eps=1e-05, elementwise_affine=True)
          (k_norm): LayerNorm((32,), eps=1e-05, elementwise_affine=True)
        )
        (6): Upsample(scale_factor=2.0, mode=nearest)
      )
      (1): ConditionedSequential(
        (0): ConvNeXtV2Block(
          (skip_proj): Linear(in_features=512, out_features=256, bias=True)
          (dwconv): Conv2d(512, 512, kernel_size=(7, 7), stride=(1, 1), padding=(3, 3), groups=512)
          (norm): LayerNorm((512,), eps=1e-06, elementwise_affine=True)
          (pwconv1): Linear(in_features=512, out_features=2048, bias=True)
          (act): SiLU()
          (grn): GRN()
          (pwconv2): Linear(in_features=2048, out_features=256, bias=True)
          (drop_path): Identity()
        )
        (1): ConvNeXtV2Block(
          (skip_proj): Identity()
          (dwconv): Conv2d(256, 256, kernel_size=(7, 7), stride=(1, 1), padding=(3, 3), groups=256)
          (norm): LayerNorm((256,), eps=1e-06, elementwise_affine=True)
          (pwconv1): Linear(in_features=256, out_features=1024, bias=True)
          (act): SiLU()
          (grn): GRN()
          (pwconv2): Linear(in_features=1024, out_features=256, bias=True)
          (drop_path): Identity()
        )
        (2): ConvNeXtV2Block(
          (skip_proj): Identity()
          (dwconv): Conv2d(256, 256, kernel_size=(7, 7), stride=(1, 1), padding=(3, 3), groups=256)
          (norm): LayerNorm((256,), eps=1e-06, elementwise_affine=True)
          (pwconv1): Linear(in_features=256, out_features=1024, bias=True)
          (act): SiLU()
          (grn): GRN()
          (pwconv2): Linear(in_features=1024, out_features=256, bias=True)
          (drop_path): Identity()
        )
        (3): ConvNeXtV2Block(
          (skip_proj): Identity()
          (dwconv): Conv2d(256, 256, kernel_size=(7, 7), stride=(1, 1), padding=(3, 3), groups=256)
          (norm): LayerNorm((256,), eps=1e-06, elementwise_affine=True)
          (pwconv1): Linear(in_features=256, out_features=1024, bias=True)
          (act): SiLU()
          (grn): GRN()
          (pwconv2): Linear(in_features=1024, out_features=256, bias=True)
          (drop_path): Identity()
        )
        (4): ConvNeXtV2Block(
          (skip_proj): Linear(in_features=256, out_features=128, bias=True)
          (dwconv): Conv2d(256, 256, kernel_size=(7, 7), stride=(1, 1), padding=(3, 3), groups=256)
          (norm): LayerNorm((256,), eps=1e-06, elementwise_affine=True)
          (pwconv1): Linear(in_features=256, out_features=1024, bias=True)
          (act): SiLU()
          (grn): GRN()
          (pwconv2): Linear(in_features=1024, out_features=128, bias=True)
          (drop_path): Identity()
        )
        (5): NormCrossAttentionBlock(
          (q): Linear(in_features=128, out_features=128, bias=True)
          (kv): Linear(in_features=512, out_features=256, bias=True)
          (attn_drop): Dropout(p=0.0, inplace=False)
          (proj): Linear(in_features=128, out_features=128, bias=True)
          (proj_drop): Dropout(p=0.0, inplace=False)
          (q_norm): LayerNorm((16,), eps=1e-05, elementwise_affine=True)
          (k_norm): LayerNorm((16,), eps=1e-05, elementwise_affine=True)
        )
        (6): Upsample(scale_factor=2.0, mode=nearest)
      )
      (2): ConditionedSequential(
        (0): ConvNeXtV2Block(
          (skip_proj): Linear(in_features=256, out_features=128, bias=True)
          (dwconv): Conv2d(256, 256, kernel_size=(7, 7), stride=(1, 1), padding=(3, 3), groups=256)
          (norm): LayerNorm((256,), eps=1e-06, elementwise_affine=True)
          (pwconv1): Linear(in_features=256, out_features=1024, bias=True)
          (act): SiLU()
          (grn): GRN()
          (pwconv2): Linear(in_features=1024, out_features=128, bias=True)
          (drop_path): Identity()
        )
        (1): ConvNeXtV2Block(
          (skip_proj): Identity()
          (dwconv): Conv2d(128, 128, kernel_size=(7, 7), stride=(1, 1), padding=(3, 3), groups=128)
          (norm): LayerNorm((128,), eps=1e-06, elementwise_affine=True)
          (pwconv1): Linear(in_features=128, out_features=512, bias=True)
          (act): SiLU()
          (grn): GRN()
          (pwconv2): Linear(in_features=512, out_features=128, bias=True)
          (drop_path): Identity()
        )
        (2): ConvNeXtV2Block(
          (skip_proj): Identity()
          (dwconv): Conv2d(128, 128, kernel_size=(7, 7), stride=(1, 1), padding=(3, 3), groups=128)
          (norm): LayerNorm((128,), eps=1e-06, elementwise_affine=True)
          (pwconv1): Linear(in_features=128, out_features=512, bias=True)
          (act): SiLU()
          (grn): GRN()
          (pwconv2): Linear(in_features=512, out_features=128, bias=True)
          (drop_path): Identity()
        )
        (3): ConvNeXtV2Block(
          (skip_proj): Identity()
          (dwconv): Conv2d(128, 128, kernel_size=(7, 7), stride=(1, 1), padding=(3, 3), groups=128)
          (norm): LayerNorm((128,), eps=1e-06, elementwise_affine=True)
          (pwconv1): Linear(in_features=128, out_features=512, bias=True)
          (act): SiLU()
          (grn): GRN()
          (pwconv2): Linear(in_features=512, out_features=128, bias=True)
          (drop_path): Identity()
        )
        (4): ConvNeXtV2Block(
          (skip_proj): Linear(in_features=128, out_features=64, bias=True)
          (dwconv): Conv2d(128, 128, kernel_size=(7, 7), stride=(1, 1), padding=(3, 3), groups=128)
          (norm): LayerNorm((128,), eps=1e-06, elementwise_affine=True)
          (pwconv1): Linear(in_features=128, out_features=512, bias=True)
          (act): SiLU()
          (grn): GRN()
          (pwconv2): Linear(in_features=512, out_features=64, bias=True)
          (drop_path): Identity()
        )
        (5): NormCrossAttentionBlock(
          (q): Linear(in_features=64, out_features=64, bias=True)
          (kv): Linear(in_features=512, out_features=128, bias=True)
          (attn_drop): Dropout(p=0.0, inplace=False)
          (proj): Linear(in_features=64, out_features=64, bias=True)
          (proj_drop): Dropout(p=0.0, inplace=False)
          (q_norm): LayerNorm((8,), eps=1e-05, elementwise_affine=True)
          (k_norm): LayerNorm((8,), eps=1e-05, elementwise_affine=True)
        )
      )
    )
    (norm): LayerNorm((64,), eps=1e-06, elementwise_affine=True)
    (out_proj): Linear(in_features=64, out_features=16, bias=True)
  )
)
Number of params: 117.5532 M
LR = 0.00010000
Min LR = 0.00000000
Total (effective) batch size = 256
Accumulate grad iterations = 1
Number of training steps = 159
Number of training examples per epoch = 40704
Param groups = {
  "decay": {
    "weight_decay": 0.05,
    "params": [
      "seq_encoder.shared.weight",
      "seq_encoder.encoder.block.0.layer.0.SelfAttention.q.weight",
      "seq_encoder.encoder.block.0.layer.0.SelfAttention.k.weight",
      "seq_encoder.encoder.block.0.layer.0.SelfAttention.v.weight",
      "seq_encoder.encoder.block.0.layer.0.SelfAttention.o.weight",
      "seq_encoder.encoder.block.0.layer.0.SelfAttention.relative_attention_bias.weight",
      "seq_encoder.encoder.block.0.layer.1.DenseReluDense.wi_0.weight",
      "seq_encoder.encoder.block.0.layer.1.DenseReluDense.wi_1.weight",
      "seq_encoder.encoder.block.0.layer.1.DenseReluDense.wo.weight",
      "seq_encoder.encoder.block.1.layer.0.SelfAttention.q.weight",
      "seq_encoder.encoder.block.1.layer.0.SelfAttention.k.weight",
      "seq_encoder.encoder.block.1.layer.0.SelfAttention.v.weight",
      "seq_encoder.encoder.block.1.layer.0.SelfAttention.o.weight",
      "seq_encoder.encoder.block.1.layer.1.DenseReluDense.wi_0.weight",
      "seq_encoder.encoder.block.1.layer.1.DenseReluDense.wi_1.weight",
      "seq_encoder.encoder.block.1.layer.1.DenseReluDense.wo.weight",
      "seq_encoder.encoder.block.2.layer.0.SelfAttention.q.weight",
      "seq_encoder.encoder.block.2.layer.0.SelfAttention.k.weight",
      "seq_encoder.encoder.block.2.layer.0.SelfAttention.v.weight",
      "seq_encoder.encoder.block.2.layer.0.SelfAttention.o.weight",
      "seq_encoder.encoder.block.2.layer.1.DenseReluDense.wi_0.weight",
      "seq_encoder.encoder.block.2.layer.1.DenseReluDense.wi_1.weight",
      "seq_encoder.encoder.block.2.layer.1.DenseReluDense.wo.weight",
      "seq_encoder.encoder.block.3.layer.0.SelfAttention.q.weight",
      "seq_encoder.encoder.block.3.layer.0.SelfAttention.k.weight",
      "seq_encoder.encoder.block.3.layer.0.SelfAttention.v.weight",
      "seq_encoder.encoder.block.3.layer.0.SelfAttention.o.weight",
      "seq_encoder.encoder.block.3.layer.1.DenseReluDense.wi_0.weight",
      "seq_encoder.encoder.block.3.layer.1.DenseReluDense.wi_1.weight",
      "seq_encoder.encoder.block.3.layer.1.DenseReluDense.wo.weight",
      "seq_encoder.encoder.block.4.layer.0.SelfAttention.q.weight",
      "seq_encoder.encoder.block.4.layer.0.SelfAttention.k.weight",
      "seq_encoder.encoder.block.4.layer.0.SelfAttention.v.weight",
      "seq_encoder.encoder.block.4.layer.0.SelfAttention.o.weight",
      "seq_encoder.encoder.block.4.layer.1.DenseReluDense.wi_0.weight",
      "seq_encoder.encoder.block.4.layer.1.DenseReluDense.wi_1.weight",
      "seq_encoder.encoder.block.4.layer.1.DenseReluDense.wo.weight",
      "seq_encoder.encoder.block.5.layer.0.SelfAttention.q.weight",
      "seq_encoder.encoder.block.5.layer.0.SelfAttention.k.weight",
      "seq_encoder.encoder.block.5.layer.0.SelfAttention.v.weight",
      "seq_encoder.encoder.block.5.layer.0.SelfAttention.o.weight",
      "seq_encoder.encoder.block.5.layer.1.DenseReluDense.wi_0.weight",
      "seq_encoder.encoder.block.5.layer.1.DenseReluDense.wi_1.weight",
      "seq_encoder.encoder.block.5.layer.1.DenseReluDense.wo.weight",
      "seq_encoder.encoder.block.6.layer.0.SelfAttention.q.weight",
      "seq_encoder.encoder.block.6.layer.0.SelfAttention.k.weight",
      "seq_encoder.encoder.block.6.layer.0.SelfAttention.v.weight",
      "seq_encoder.encoder.block.6.layer.0.SelfAttention.o.weight",
      "seq_encoder.encoder.block.6.layer.1.DenseReluDense.wi_0.weight",
      "seq_encoder.encoder.block.6.layer.1.DenseReluDense.wi_1.weight",
      "seq_encoder.encoder.block.6.layer.1.DenseReluDense.wo.weight",
      "seq_encoder.encoder.block.7.layer.0.SelfAttention.q.weight",
      "seq_encoder.encoder.block.7.layer.0.SelfAttention.k.weight",
      "seq_encoder.encoder.block.7.layer.0.SelfAttention.v.weight",
      "seq_encoder.encoder.block.7.layer.0.SelfAttention.o.weight",
      "seq_encoder.encoder.block.7.layer.1.DenseReluDense.wi_0.weight",
      "seq_encoder.encoder.block.7.layer.1.DenseReluDense.wi_1.weight",
      "seq_encoder.encoder.block.7.layer.1.DenseReluDense.wo.weight",
      "backbone.in_proj.weight",
      "backbone.down_blocks.0.0.dwconv.weight",
      "backbone.down_blocks.0.0.pwconv1.weight",
      "backbone.down_blocks.0.0.pwconv2.weight",
      "backbone.down_blocks.0.1.dwconv.weight",
      "backbone.down_blocks.0.1.pwconv1.weight",
      "backbone.down_blocks.0.1.pwconv2.weight",
      "backbone.down_blocks.0.2.dwconv.weight",
      "backbone.down_blocks.0.2.pwconv1.weight",
      "backbone.down_blocks.0.2.pwconv2.weight",
      "backbone.down_blocks.0.3.dwconv.weight",
      "backbone.down_blocks.0.3.pwconv1.weight",
      "backbone.down_blocks.0.3.pwconv2.weight",
      "backbone.down_blocks.0.4.skip_proj.weight",
      "backbone.down_blocks.0.4.dwconv.weight",
      "backbone.down_blocks.0.4.pwconv1.weight",
      "backbone.down_blocks.0.4.pwconv2.weight",
      "backbone.down_blocks.0.5.q.weight",
      "backbone.down_blocks.0.5.kv.weight",
      "backbone.down_blocks.0.5.proj.weight",
      "backbone.down_blocks.1.1.dwconv.weight",
      "backbone.down_blocks.1.1.pwconv1.weight",
      "backbone.down_blocks.1.1.pwconv2.weight",
      "backbone.down_blocks.1.2.dwconv.weight",
      "backbone.down_blocks.1.2.pwconv1.weight",
      "backbone.down_blocks.1.2.pwconv2.weight",
      "backbone.down_blocks.1.3.dwconv.weight",
      "backbone.down_blocks.1.3.pwconv1.weight",
      "backbone.down_blocks.1.3.pwconv2.weight",
      "backbone.down_blocks.1.4.dwconv.weight",
      "backbone.down_blocks.1.4.pwconv1.weight",
      "backbone.down_blocks.1.4.pwconv2.weight",
      "backbone.down_blocks.1.5.skip_proj.weight",
      "backbone.down_blocks.1.5.dwconv.weight",
      "backbone.down_blocks.1.5.pwconv1.weight",
      "backbone.down_blocks.1.5.pwconv2.weight",
      "backbone.down_blocks.1.6.q.weight",
      "backbone.down_blocks.1.6.kv.weight",
      "backbone.down_blocks.1.6.proj.weight",
      "backbone.down_blocks.2.1.dwconv.weight",
      "backbone.down_blocks.2.1.pwconv1.weight",
      "backbone.down_blocks.2.1.pwconv2.weight",
      "backbone.down_blocks.2.2.dwconv.weight",
      "backbone.down_blocks.2.2.pwconv1.weight",
      "backbone.down_blocks.2.2.pwconv2.weight",
      "backbone.down_blocks.2.3.dwconv.weight",
      "backbone.down_blocks.2.3.pwconv1.weight",
      "backbone.down_blocks.2.3.pwconv2.weight",
      "backbone.down_blocks.2.4.dwconv.weight",
      "backbone.down_blocks.2.4.pwconv1.weight",
      "backbone.down_blocks.2.4.pwconv2.weight",
      "backbone.down_blocks.2.5.skip_proj.weight",
      "backbone.down_blocks.2.5.dwconv.weight",
      "backbone.down_blocks.2.5.pwconv1.weight",
      "backbone.down_blocks.2.5.pwconv2.weight",
      "backbone.down_blocks.2.6.q.weight",
      "backbone.down_blocks.2.6.kv.weight",
      "backbone.down_blocks.2.6.proj.weight",
      "backbone.middle_block.1.dwconv.weight",
      "backbone.middle_block.1.pwconv1.weight",
      "backbone.middle_block.1.pwconv2.weight",
      "backbone.middle_block.2.dwconv.weight",
      "backbone.middle_block.2.pwconv1.weight",
      "backbone.middle_block.2.pwconv2.weight",
      "backbone.middle_block.3.dwconv.weight",
      "backbone.middle_block.3.pwconv1.weight",
      "backbone.middle_block.3.pwconv2.weight",
      "backbone.middle_block.4.dwconv.weight",
      "backbone.middle_block.4.pwconv1.weight",
      "backbone.middle_block.4.pwconv2.weight",
      "backbone.middle_block.5.skip_proj.weight",
      "backbone.middle_block.5.dwconv.weight",
      "backbone.middle_block.5.pwconv1.weight",
      "backbone.middle_block.5.pwconv2.weight",
      "backbone.middle_block.6.q.weight",
      "backbone.middle_block.6.kv.weight",
      "backbone.middle_block.6.proj.weight",
      "backbone.middle_block.7.dwconv.weight",
      "backbone.middle_block.7.pwconv1.weight",
      "backbone.middle_block.7.pwconv2.weight",
      "backbone.middle_block.8.dwconv.weight",
      "backbone.middle_block.8.pwconv1.weight",
      "backbone.middle_block.8.pwconv2.weight",
      "backbone.middle_block.9.dwconv.weight",
      "backbone.middle_block.9.pwconv1.weight",
      "backbone.middle_block.9.pwconv2.weight",
      "backbone.middle_block.10.dwconv.weight",
      "backbone.middle_block.10.pwconv1.weight",
      "backbone.middle_block.10.pwconv2.weight",
      "backbone.middle_block.11.skip_proj.weight",
      "backbone.middle_block.11.dwconv.weight",
      "backbone.middle_block.11.pwconv1.weight",
      "backbone.middle_block.11.pwconv2.weight",
      "backbone.up_blocks.0.0.skip_proj.weight",
      "backbone.up_blocks.0.0.dwconv.weight",
      "backbone.up_blocks.0.0.pwconv1.weight",
      "backbone.up_blocks.0.0.pwconv2.weight",
      "backbone.up_blocks.0.1.dwconv.weight",
      "backbone.up_blocks.0.1.pwconv1.weight",
      "backbone.up_blocks.0.1.pwconv2.weight",
      "backbone.up_blocks.0.2.dwconv.weight",
      "backbone.up_blocks.0.2.pwconv1.weight",
      "backbone.up_blocks.0.2.pwconv2.weight",
      "backbone.up_blocks.0.3.dwconv.weight",
      "backbone.up_blocks.0.3.pwconv1.weight",
      "backbone.up_blocks.0.3.pwconv2.weight",
      "backbone.up_blocks.0.4.skip_proj.weight",
      "backbone.up_blocks.0.4.dwconv.weight",
      "backbone.up_blocks.0.4.pwconv1.weight",
      "backbone.up_blocks.0.4.pwconv2.weight",
      "backbone.up_blocks.0.5.q.weight",
      "backbone.up_blocks.0.5.kv.weight",
      "backbone.up_blocks.0.5.proj.weight",
      "backbone.up_blocks.1.0.skip_proj.weight",
      "backbone.up_blocks.1.0.dwconv.weight",
      "backbone.up_blocks.1.0.pwconv1.weight",
      "backbone.up_blocks.1.0.pwconv2.weight",
      "backbone.up_blocks.1.1.dwconv.weight",
      "backbone.up_blocks.1.1.pwconv1.weight",
      "backbone.up_blocks.1.1.pwconv2.weight",
      "backbone.up_blocks.1.2.dwconv.weight",
      "backbone.up_blocks.1.2.pwconv1.weight",
      "backbone.up_blocks.1.2.pwconv2.weight",
      "backbone.up_blocks.1.3.dwconv.weight",
      "backbone.up_blocks.1.3.pwconv1.weight",
      "backbone.up_blocks.1.3.pwconv2.weight",
      "backbone.up_blocks.1.4.skip_proj.weight",
      "backbone.up_blocks.1.4.dwconv.weight",
      "backbone.up_blocks.1.4.pwconv1.weight",
      "backbone.up_blocks.1.4.pwconv2.weight",
      "backbone.up_blocks.1.5.q.weight",
      "backbone.up_blocks.1.5.kv.weight",
      "backbone.up_blocks.1.5.proj.weight",
      "backbone.up_blocks.2.0.skip_proj.weight",
      "backbone.up_blocks.2.0.dwconv.weight",
      "backbone.up_blocks.2.0.pwconv1.weight",
      "backbone.up_blocks.2.0.pwconv2.weight",
      "backbone.up_blocks.2.1.dwconv.weight",
      "backbone.up_blocks.2.1.pwconv1.weight",
      "backbone.up_blocks.2.1.pwconv2.weight",
      "backbone.up_blocks.2.2.dwconv.weight",
      "backbone.up_blocks.2.2.pwconv1.weight",
      "backbone.up_blocks.2.2.pwconv2.weight",
      "backbone.up_blocks.2.3.dwconv.weight",
      "backbone.up_blocks.2.3.pwconv1.weight",
      "backbone.up_blocks.2.3.pwconv2.weight",
      "backbone.up_blocks.2.4.skip_proj.weight",
      "backbone.up_blocks.2.4.dwconv.weight",
      "backbone.up_blocks.2.4.pwconv1.weight",
      "backbone.up_blocks.2.4.pwconv2.weight",
      "backbone.up_blocks.2.5.q.weight",
      "backbone.up_blocks.2.5.kv.weight",
      "backbone.up_blocks.2.5.proj.weight",
      "backbone.out_proj.weight"
    ],
    "lr_scale": 1.0
  },
  "no_decay": {
    "weight_decay": 0.0,
    "params": [
      "seq_encoder.encoder.block.0.layer.0.layer_norm.weight",
      "seq_encoder.encoder.block.0.layer.1.layer_norm.weight",
      "seq_encoder.encoder.block.1.layer.0.layer_norm.weight",
      "seq_encoder.encoder.block.1.layer.1.layer_norm.weight",
      "seq_encoder.encoder.block.2.layer.0.layer_norm.weight",
      "seq_encoder.encoder.block.2.layer.1.layer_norm.weight",
      "seq_encoder.encoder.block.3.layer.0.layer_norm.weight",
      "seq_encoder.encoder.block.3.layer.1.layer_norm.weight",
      "seq_encoder.encoder.block.4.layer.0.layer_norm.weight",
      "seq_encoder.encoder.block.4.layer.1.layer_norm.weight",
      "seq_encoder.encoder.block.5.layer.0.layer_norm.weight",
      "seq_encoder.encoder.block.5.layer.1.layer_norm.weight",
      "seq_encoder.encoder.block.6.layer.0.layer_norm.weight",
      "seq_encoder.encoder.block.6.layer.1.layer_norm.weight",
      "seq_encoder.encoder.block.7.layer.0.layer_norm.weight",
      "seq_encoder.encoder.block.7.layer.1.layer_norm.weight",
      "seq_encoder.encoder.final_layer_norm.weight",
      "backbone.in_proj.bias",
      "backbone.down_blocks.0.0.dwconv.bias",
      "backbone.down_blocks.0.0.norm.weight",
      "backbone.down_blocks.0.0.norm.bias",
      "backbone.down_blocks.0.0.pwconv1.bias",
      "backbone.down_blocks.0.0.grn.gamma",
      "backbone.down_blocks.0.0.grn.beta",
      "backbone.down_blocks.0.0.pwconv2.bias",
      "backbone.down_blocks.0.1.dwconv.bias",
      "backbone.down_blocks.0.1.norm.weight",
      "backbone.down_blocks.0.1.norm.bias",
      "backbone.down_blocks.0.1.pwconv1.bias",
      "backbone.down_blocks.0.1.grn.gamma",
      "backbone.down_blocks.0.1.grn.beta",
      "backbone.down_blocks.0.1.pwconv2.bias",
      "backbone.down_blocks.0.2.dwconv.bias",
      "backbone.down_blocks.0.2.norm.weight",
      "backbone.down_blocks.0.2.norm.bias",
      "backbone.down_blocks.0.2.pwconv1.bias",
      "backbone.down_blocks.0.2.grn.gamma",
      "backbone.down_blocks.0.2.grn.beta",
      "backbone.down_blocks.0.2.pwconv2.bias",
      "backbone.down_blocks.0.3.dwconv.bias",
      "backbone.down_blocks.0.3.norm.weight",
      "backbone.down_blocks.0.3.norm.bias",
      "backbone.down_blocks.0.3.pwconv1.bias",
      "backbone.down_blocks.0.3.grn.gamma",
      "backbone.down_blocks.0.3.grn.beta",
      "backbone.down_blocks.0.3.pwconv2.bias",
      "backbone.down_blocks.0.4.skip_proj.bias",
      "backbone.down_blocks.0.4.dwconv.bias",
      "backbone.down_blocks.0.4.norm.weight",
      "backbone.down_blocks.0.4.norm.bias",
      "backbone.down_blocks.0.4.pwconv1.bias",
      "backbone.down_blocks.0.4.grn.gamma",
      "backbone.down_blocks.0.4.grn.beta",
      "backbone.down_blocks.0.4.pwconv2.bias",
      "backbone.down_blocks.0.5.q.bias",
      "backbone.down_blocks.0.5.kv.bias",
      "backbone.down_blocks.0.5.proj.bias",
      "backbone.down_blocks.0.5.q_norm.weight",
      "backbone.down_blocks.0.5.q_norm.bias",
      "backbone.down_blocks.0.5.k_norm.weight",
      "backbone.down_blocks.0.5.k_norm.bias",
      "backbone.down_blocks.1.1.dwconv.bias",
      "backbone.down_blocks.1.1.norm.weight",
      "backbone.down_blocks.1.1.norm.bias",
      "backbone.down_blocks.1.1.pwconv1.bias",
      "backbone.down_blocks.1.1.grn.gamma",
      "backbone.down_blocks.1.1.grn.beta",
      "backbone.down_blocks.1.1.pwconv2.bias",
      "backbone.down_blocks.1.2.dwconv.bias",
      "backbone.down_blocks.1.2.norm.weight",
      "backbone.down_blocks.1.2.norm.bias",
      "backbone.down_blocks.1.2.pwconv1.bias",
      "backbone.down_blocks.1.2.grn.gamma",
      "backbone.down_blocks.1.2.grn.beta",
      "backbone.down_blocks.1.2.pwconv2.bias",
      "backbone.down_blocks.1.3.dwconv.bias",
      "backbone.down_blocks.1.3.norm.weight",
      "backbone.down_blocks.1.3.norm.bias",
      "backbone.down_blocks.1.3.pwconv1.bias",
      "backbone.down_blocks.1.3.grn.gamma",
      "backbone.down_blocks.1.3.grn.beta",
      "backbone.down_blocks.1.3.pwconv2.bias",
      "backbone.down_blocks.1.4.dwconv.bias",
      "backbone.down_blocks.1.4.norm.weight",
      "backbone.down_blocks.1.4.norm.bias",
      "backbone.down_blocks.1.4.pwconv1.bias",
      "backbone.down_blocks.1.4.grn.gamma",
      "backbone.down_blocks.1.4.grn.beta",
      "backbone.down_blocks.1.4.pwconv2.bias",
      "backbone.down_blocks.1.5.skip_proj.bias",
      "backbone.down_blocks.1.5.dwconv.bias",
      "backbone.down_blocks.1.5.norm.weight",
      "backbone.down_blocks.1.5.norm.bias",
      "backbone.down_blocks.1.5.pwconv1.bias",
      "backbone.down_blocks.1.5.grn.gamma",
      "backbone.down_blocks.1.5.grn.beta",
      "backbone.down_blocks.1.5.pwconv2.bias",
      "backbone.down_blocks.1.6.q.bias",
      "backbone.down_blocks.1.6.kv.bias",
      "backbone.down_blocks.1.6.proj.bias",
      "backbone.down_blocks.1.6.q_norm.weight",
      "backbone.down_blocks.1.6.q_norm.bias",
      "backbone.down_blocks.1.6.k_norm.weight",
      "backbone.down_blocks.1.6.k_norm.bias",
      "backbone.down_blocks.2.1.dwconv.bias",
      "backbone.down_blocks.2.1.norm.weight",
      "backbone.down_blocks.2.1.norm.bias",
      "backbone.down_blocks.2.1.pwconv1.bias",
      "backbone.down_blocks.2.1.grn.gamma",
      "backbone.down_blocks.2.1.grn.beta",
      "backbone.down_blocks.2.1.pwconv2.bias",
      "backbone.down_blocks.2.2.dwconv.bias",
      "backbone.down_blocks.2.2.norm.weight",
      "backbone.down_blocks.2.2.norm.bias",
      "backbone.down_blocks.2.2.pwconv1.bias",
      "backbone.down_blocks.2.2.grn.gamma",
      "backbone.down_blocks.2.2.grn.beta",
      "backbone.down_blocks.2.2.pwconv2.bias",
      "backbone.down_blocks.2.3.dwconv.bias",
      "backbone.down_blocks.2.3.norm.weight",
      "backbone.down_blocks.2.3.norm.bias",
      "backbone.down_blocks.2.3.pwconv1.bias",
      "backbone.down_blocks.2.3.grn.gamma",
      "backbone.down_blocks.2.3.grn.beta",
      "backbone.down_blocks.2.3.pwconv2.bias",
      "backbone.down_blocks.2.4.dwconv.bias",
      "backbone.down_blocks.2.4.norm.weight",
      "backbone.down_blocks.2.4.norm.bias",
      "backbone.down_blocks.2.4.pwconv1.bias",
      "backbone.down_blocks.2.4.grn.gamma",
      "backbone.down_blocks.2.4.grn.beta",
      "backbone.down_blocks.2.4.pwconv2.bias",
      "backbone.down_blocks.2.5.skip_proj.bias",
      "backbone.down_blocks.2.5.dwconv.bias",
      "backbone.down_blocks.2.5.norm.weight",
      "backbone.down_blocks.2.5.norm.bias",
      "backbone.down_blocks.2.5.pwconv1.bias",
      "backbone.down_blocks.2.5.grn.gamma",
      "backbone.down_blocks.2.5.grn.beta",
      "backbone.down_blocks.2.5.pwconv2.bias",
      "backbone.down_blocks.2.6.q.bias",
      "backbone.down_blocks.2.6.kv.bias",
      "backbone.down_blocks.2.6.proj.bias",
      "backbone.down_blocks.2.6.q_norm.weight",
      "backbone.down_blocks.2.6.q_norm.bias",
      "backbone.down_blocks.2.6.k_norm.weight",
      "backbone.down_blocks.2.6.k_norm.bias",
      "backbone.middle_block.1.dwconv.bias",
      "backbone.middle_block.1.norm.weight",
      "backbone.middle_block.1.norm.bias",
      "backbone.middle_block.1.pwconv1.bias",
      "backbone.middle_block.1.grn.gamma",
      "backbone.middle_block.1.grn.beta",
      "backbone.middle_block.1.pwconv2.bias",
      "backbone.middle_block.2.dwconv.bias",
      "backbone.middle_block.2.norm.weight",
      "backbone.middle_block.2.norm.bias",
      "backbone.middle_block.2.pwconv1.bias",
      "backbone.middle_block.2.grn.gamma",
      "backbone.middle_block.2.grn.beta",
      "backbone.middle_block.2.pwconv2.bias",
      "backbone.middle_block.3.dwconv.bias",
      "backbone.middle_block.3.norm.weight",
      "backbone.middle_block.3.norm.bias",
      "backbone.middle_block.3.pwconv1.bias",
      "backbone.middle_block.3.grn.gamma",
      "backbone.middle_block.3.grn.beta",
      "backbone.middle_block.3.pwconv2.bias",
      "backbone.middle_block.4.dwconv.bias",
      "backbone.middle_block.4.norm.weight",
      "backbone.middle_block.4.norm.bias",
      "backbone.middle_block.4.pwconv1.bias",
      "backbone.middle_block.4.grn.gamma",
      "backbone.middle_block.4.grn.beta",
      "backbone.middle_block.4.pwconv2.bias",
      "backbone.middle_block.5.skip_proj.bias",
      "backbone.middle_block.5.dwconv.bias",
      "backbone.middle_block.5.norm.weight",
      "backbone.middle_block.5.norm.bias",
      "backbone.middle_block.5.pwconv1.bias",
      "backbone.middle_block.5.grn.gamma",
      "backbone.middle_block.5.grn.beta",
      "backbone.middle_block.5.pwconv2.bias",
      "backbone.middle_block.6.q.bias",
      "backbone.middle_block.6.kv.bias",
      "backbone.middle_block.6.proj.bias",
      "backbone.middle_block.6.q_norm.weight",
      "backbone.middle_block.6.q_norm.bias",
      "backbone.middle_block.6.k_norm.weight",
      "backbone.middle_block.6.k_norm.bias",
      "backbone.middle_block.7.dwconv.bias",
      "backbone.middle_block.7.norm.weight",
      "backbone.middle_block.7.norm.bias",
      "backbone.middle_block.7.pwconv1.bias",
      "backbone.middle_block.7.grn.gamma",
      "backbone.middle_block.7.grn.beta",
      "backbone.middle_block.7.pwconv2.bias",
      "backbone.middle_block.8.dwconv.bias",
      "backbone.middle_block.8.norm.weight",
      "backbone.middle_block.8.norm.bias",
      "backbone.middle_block.8.pwconv1.bias",
      "backbone.middle_block.8.grn.gamma",
      "backbone.middle_block.8.grn.beta",
      "backbone.middle_block.8.pwconv2.bias",
      "backbone.middle_block.9.dwconv.bias",
      "backbone.middle_block.9.norm.weight",
      "backbone.middle_block.9.norm.bias",
      "backbone.middle_block.9.pwconv1.bias",
      "backbone.middle_block.9.grn.gamma",
      "backbone.middle_block.9.grn.beta",
      "backbone.middle_block.9.pwconv2.bias",
      "backbone.middle_block.10.dwconv.bias",
      "backbone.middle_block.10.norm.weight",
      "backbone.middle_block.10.norm.bias",
      "backbone.middle_block.10.pwconv1.bias",
      "backbone.middle_block.10.grn.gamma",
      "backbone.middle_block.10.grn.beta",
      "backbone.middle_block.10.pwconv2.bias",
      "backbone.middle_block.11.skip_proj.bias",
      "backbone.middle_block.11.dwconv.bias",
      "backbone.middle_block.11.norm.weight",
      "backbone.middle_block.11.norm.bias",
      "backbone.middle_block.11.pwconv1.bias",
      "backbone.middle_block.11.grn.gamma",
      "backbone.middle_block.11.grn.beta",
      "backbone.middle_block.11.pwconv2.bias",
      "backbone.up_blocks.0.0.skip_proj.bias",
      "backbone.up_blocks.0.0.dwconv.bias",
      "backbone.up_blocks.0.0.norm.weight",
      "backbone.up_blocks.0.0.norm.bias",
      "backbone.up_blocks.0.0.pwconv1.bias",
      "backbone.up_blocks.0.0.grn.gamma",
      "backbone.up_blocks.0.0.grn.beta",
      "backbone.up_blocks.0.0.pwconv2.bias",
      "backbone.up_blocks.0.1.dwconv.bias",
      "backbone.up_blocks.0.1.norm.weight",
      "backbone.up_blocks.0.1.norm.bias",
      "backbone.up_blocks.0.1.pwconv1.bias",
      "backbone.up_blocks.0.1.grn.gamma",
      "backbone.up_blocks.0.1.grn.beta",
      "backbone.up_blocks.0.1.pwconv2.bias",
      "backbone.up_blocks.0.2.dwconv.bias",
      "backbone.up_blocks.0.2.norm.weight",
      "backbone.up_blocks.0.2.norm.bias",
      "backbone.up_blocks.0.2.pwconv1.bias",
      "backbone.up_blocks.0.2.grn.gamma",
      "backbone.up_blocks.0.2.grn.beta",
      "backbone.up_blocks.0.2.pwconv2.bias",
      "backbone.up_blocks.0.3.dwconv.bias",
      "backbone.up_blocks.0.3.norm.weight",
      "backbone.up_blocks.0.3.norm.bias",
      "backbone.up_blocks.0.3.pwconv1.bias",
      "backbone.up_blocks.0.3.grn.gamma",
      "backbone.up_blocks.0.3.grn.beta",
      "backbone.up_blocks.0.3.pwconv2.bias",
      "backbone.up_blocks.0.4.skip_proj.bias",
      "backbone.up_blocks.0.4.dwconv.bias",
      "backbone.up_blocks.0.4.norm.weight",
      "backbone.up_blocks.0.4.norm.bias",
      "backbone.up_blocks.0.4.pwconv1.bias",
      "backbone.up_blocks.0.4.grn.gamma",
      "backbone.up_blocks.0.4.grn.beta",
      "backbone.up_blocks.0.4.pwconv2.bias",
      "backbone.up_blocks.0.5.q.bias",
      "backbone.up_blocks.0.5.kv.bias",
      "backbone.up_blocks.0.5.proj.bias",
      "backbone.up_blocks.0.5.q_norm.weight",
      "backbone.up_blocks.0.5.q_norm.bias",
      "backbone.up_blocks.0.5.k_norm.weight",
      "backbone.up_blocks.0.5.k_norm.bias",
      "backbone.up_blocks.1.0.skip_proj.bias",
      "backbone.up_blocks.1.0.dwconv.bias",
      "backbone.up_blocks.1.0.norm.weight",
      "backbone.up_blocks.1.0.norm.bias",
      "backbone.up_blocks.1.0.pwconv1.bias",
      "backbone.up_blocks.1.0.grn.gamma",
      "backbone.up_blocks.1.0.grn.beta",
      "backbone.up_blocks.1.0.pwconv2.bias",
      "backbone.up_blocks.1.1.dwconv.bias",
      "backbone.up_blocks.1.1.norm.weight",
      "backbone.up_blocks.1.1.norm.bias",
      "backbone.up_blocks.1.1.pwconv1.bias",
      "backbone.up_blocks.1.1.grn.gamma",
      "backbone.up_blocks.1.1.grn.beta",
      "backbone.up_blocks.1.1.pwconv2.bias",
      "backbone.up_blocks.1.2.dwconv.bias",
      "backbone.up_blocks.1.2.norm.weight",
      "backbone.up_blocks.1.2.norm.bias",
      "backbone.up_blocks.1.2.pwconv1.bias",
      "backbone.up_blocks.1.2.grn.gamma",
      "backbone.up_blocks.1.2.grn.beta",
      "backbone.up_blocks.1.2.pwconv2.bias",
      "backbone.up_blocks.1.3.dwconv.bias",
      "backbone.up_blocks.1.3.norm.weight",
      "backbone.up_blocks.1.3.norm.bias",
      "backbone.up_blocks.1.3.pwconv1.bias",
      "backbone.up_blocks.1.3.grn.gamma",
      "backbone.up_blocks.1.3.grn.beta",
      "backbone.up_blocks.1.3.pwconv2.bias",
      "backbone.up_blocks.1.4.skip_proj.bias",
      "backbone.up_blocks.1.4.dwconv.bias",
      "backbone.up_blocks.1.4.norm.weight",
      "backbone.up_blocks.1.4.norm.bias",
      "backbone.up_blocks.1.4.pwconv1.bias",
      "backbone.up_blocks.1.4.grn.gamma",
      "backbone.up_blocks.1.4.grn.beta",
      "backbone.up_blocks.1.4.pwconv2.bias",
      "backbone.up_blocks.1.5.q.bias",
      "backbone.up_blocks.1.5.kv.bias",
      "backbone.up_blocks.1.5.proj.bias",
      "backbone.up_blocks.1.5.q_norm.weight",
      "backbone.up_blocks.1.5.q_norm.bias",
      "backbone.up_blocks.1.5.k_norm.weight",
      "backbone.up_blocks.1.5.k_norm.bias",
      "backbone.up_blocks.2.0.skip_proj.bias",
      "backbone.up_blocks.2.0.dwconv.bias",
      "backbone.up_blocks.2.0.norm.weight",
      "backbone.up_blocks.2.0.norm.bias",
      "backbone.up_blocks.2.0.pwconv1.bias",
      "backbone.up_blocks.2.0.grn.gamma",
      "backbone.up_blocks.2.0.grn.beta",
      "backbone.up_blocks.2.0.pwconv2.bias",
      "backbone.up_blocks.2.1.dwconv.bias",
      "backbone.up_blocks.2.1.norm.weight",
      "backbone.up_blocks.2.1.norm.bias",
      "backbone.up_blocks.2.1.pwconv1.bias",
      "backbone.up_blocks.2.1.grn.gamma",
      "backbone.up_blocks.2.1.grn.beta",
      "backbone.up_blocks.2.1.pwconv2.bias",
      "backbone.up_blocks.2.2.dwconv.bias",
      "backbone.up_blocks.2.2.norm.weight",
      "backbone.up_blocks.2.2.norm.bias",
      "backbone.up_blocks.2.2.pwconv1.bias",
      "backbone.up_blocks.2.2.grn.gamma",
      "backbone.up_blocks.2.2.grn.beta",
      "backbone.up_blocks.2.2.pwconv2.bias",
      "backbone.up_blocks.2.3.dwconv.bias",
      "backbone.up_blocks.2.3.norm.weight",
      "backbone.up_blocks.2.3.norm.bias",
      "backbone.up_blocks.2.3.pwconv1.bias",
      "backbone.up_blocks.2.3.grn.gamma",
      "backbone.up_blocks.2.3.grn.beta",
      "backbone.up_blocks.2.3.pwconv2.bias",
      "backbone.up_blocks.2.4.skip_proj.bias",
      "backbone.up_blocks.2.4.dwconv.bias",
      "backbone.up_blocks.2.4.norm.weight",
      "backbone.up_blocks.2.4.norm.bias",
      "backbone.up_blocks.2.4.pwconv1.bias",
      "backbone.up_blocks.2.4.grn.gamma",
      "backbone.up_blocks.2.4.grn.beta",
      "backbone.up_blocks.2.4.pwconv2.bias",
      "backbone.up_blocks.2.5.q.bias",
      "backbone.up_blocks.2.5.kv.bias",
      "backbone.up_blocks.2.5.proj.bias",
      "backbone.up_blocks.2.5.q_norm.weight",
      "backbone.up_blocks.2.5.q_norm.bias",
      "backbone.up_blocks.2.5.k_norm.weight",
      "backbone.up_blocks.2.5.k_norm.bias",
      "backbone.norm.weight",
      "backbone.norm.bias",
      "backbone.out_proj.bias"
    ],
    "lr_scale": 1.0
  }
}
optimizer settings: {'lr': 0.0001, 'weight_decay': 0.0, 'eps': 1e-08, 'betas': [0.9, 0.99]}
Set warmup steps = 1590
Set warmup steps = 0
Max WD = 0.0500000, Min WD = 0.0500000
Start training for 100 epochs
Epoch: [0]  [  0/159]  eta: 6:52:00  lr: 0.000000  min_lr: 0.000000  loss: 0.0032 (0.0032)  weight_decay: 0.0500 (0.0500)  grad_norm: 0.0000 (0.0000)  time: 155.4754  data: 77.2227  max mem: 29504
Epoch: [0]  [ 10/159]  eta: 0:39:42  lr: 0.000001  min_lr: 0.000001  loss: 0.0033 (0.0032)  weight_decay: 0.0500 (0.0500)  grad_norm: 0.0000 (0.0000)  time: 15.9915  data: 7.0727  max mem: 30405
Epoch: [0]  [ 20/159]  eta: 0:21:11  lr: 0.000001  min_lr: 0.000001  loss: 0.0033 (0.0032)  weight_decay: 0.0500 (0.0500)  grad_norm: 0.0000 (0.0000)  time: 1.8319  data: 0.0290  max mem: 30405
Epoch: [0]  [ 30/159]  eta: 0:14:25  lr: 0.000002  min_lr: 0.000002  loss: 0.0033 (0.0033)  weight_decay: 0.0500 (0.0500)  grad_norm: 0.0000 (0.0000)  time: 1.6048  data: 0.0016  max mem: 30405
Epoch: [0]  [ 40/159]  eta: 0:10:48  lr: 0.000003  min_lr: 0.000003  loss: 0.0033 (0.0033)  weight_decay: 0.0500 (0.0500)  grad_norm: 0.0000 (0.0000)  time: 1.5734  data: 0.0015  max mem: 30405
Epoch: [0]  [ 50/159]  eta: 0:08:31  lr: 0.000003  min_lr: 0.000003  loss: 0.0032 (0.0033)  weight_decay: 0.0500 (0.0500)  grad_norm: 0.0000 (0.0000)  time: 1.5622  data: 0.0002  max mem: 30405
Epoch: [0]  [ 60/159]  eta: 0:06:54  lr: 0.000004  min_lr: 0.000004  loss: 0.0032 (0.0033)  weight_decay: 0.0500 (0.0500)  grad_norm: 0.0000 (0.0000)  time: 1.5982  data: 0.0002  max mem: 30405
Epoch: [0]  [ 70/159]  eta: 0:05:40  lr: 0.000004  min_lr: 0.000004  loss: 0.0031 (0.0032)  weight_decay: 0.0500 (0.0500)  grad_norm: 0.0000 (0.0000)  time: 1.5996  data: 0.0002  max mem: 30405
Epoch: [0]  [ 80/159]  eta: 0:04:40  lr: 0.000005  min_lr: 0.000005  loss: 0.0031 (0.0032)  weight_decay: 0.0500 (0.0500)  grad_norm: 0.0000 (0.0000)  time: 1.5901  data: 0.0003  max mem: 30405
Epoch: [0]  [ 90/159]  eta: 0:03:49  lr: 0.000006  min_lr: 0.000006  loss: 0.0032 (0.0032)  weight_decay: 0.0500 (0.0500)  grad_norm: 0.0000 (0.0000)  time: 1.5994  data: 0.0003  max mem: 30405
Epoch: [0]  [100/159]  eta: 0:03:06  lr: 0.000006  min_lr: 0.000006  loss: 0.0033 (0.0032)  weight_decay: 0.0500 (0.0500)  grad_norm: 0.0000 (0.0000)  time: 1.5976  data: 0.0002  max mem: 30405
Epoch: [0]  [110/159]  eta: 0:02:27  lr: 0.000007  min_lr: 0.000007  loss: 0.0033 (0.0032)  weight_decay: 0.0500 (0.0500)  grad_norm: 0.0000 (0.0000)  time: 1.5837  data: 0.0002  max mem: 30405
Epoch: [0]  [120/159]  eta: 0:01:53  lr: 0.000008  min_lr: 0.000008  loss: 0.0032 (0.0033)  weight_decay: 0.0500 (0.0500)  grad_norm: 0.0000 (0.0000)  time: 1.5691  data: 0.0002  max mem: 30405
Epoch: [0]  [130/159]  eta: 0:01:21  lr: 0.000008  min_lr: 0.000008  loss: 0.0033 (0.0032)  weight_decay: 0.0500 (0.0500)  grad_norm: 0.0000 (0.0000)  time: 1.5737  data: 0.0002  max mem: 30405
Epoch: [0]  [140/159]  eta: 0:00:51  lr: 0.000009  min_lr: 0.000009  loss: 0.0032 (0.0032)  weight_decay: 0.0500 (0.0500)  grad_norm: 0.0000 (0.0000)  time: 1.5884  data: 0.0002  max mem: 30405
Epoch: [0]  [150/159]  eta: 0:00:23  lr: 0.000009  min_lr: 0.000009  loss: 0.0032 (0.0032)  weight_decay: 0.0500 (0.0500)  grad_norm: 0.0000 (0.0000)  time: 1.6073  data: 0.0001  max mem: 30405
Epoch: [0]  [158/159]  eta: 0:00:02  lr: 0.000010  min_lr: 0.000010  loss: 0.0032 (0.0032)  weight_decay: 0.0500 (0.0500)  grad_norm: 0.0000 (0.0000)  time: 1.6078  data: 0.0001  max mem: 30405
Epoch: [0] Total time: 0:06:53 (2.6008 s / it)
Averaged stats: lr: 0.000010  min_lr: 0.000010  loss: 0.0032 (0.0032)  weight_decay: 0.0500 (0.0500)  grad_norm: 0.0000 (0.0000)
[Eval]   [0/2]  eta: 0:00:15  loss: 0.0031 (0.0031)  time: 7.7754  data: 7.5019  max mem: 30405
[Eval]   [1/2]  eta: 0:00:04  loss: 0.0031 (0.0033)  time: 4.3648  data: 3.7510  max mem: 30405
[Eval]  Total time: 0:00:09 (4.5680 s / it)
Eval averaged stats: loss: 0.0031 (0.0032)
[Eval] Image Metrics:  [0/2]  eta: 0:00:13    time: 6.5412  data: 4.6357  max mem: 30405
[Eval] Image Metrics:  [1/2]  eta: 0:00:03    time: 3.5042  data: 2.3179  max mem: 30405
[Eval] Image Metrics: Total time: 0:00:07 (3.8719 s / it)
[Eval] Metric Results: [Eval] MSE: 0.0000 (0.0000)  [Eval] MAE: 0.0000 (0.0000)  [Eval] PSNR: 47.0050 (47.0050)  [Eval] MS-SSIM: 0.9992 (0.9992)
Logged 9 eval images
Epoch: [1]  [  0/159]  eta: 6:17:07  lr: 0.000010  min_lr: 0.000010  loss: 0.0032 (0.0032)  weight_decay: 0.0500 (0.0500)  grad_norm: 0.0000 (0.0000)  time: 142.3109  data: 85.1222  max mem: 30405
Epoch: [1]  [ 10/159]  eta: 0:36:42  lr: 0.000011  min_lr: 0.000011  loss: 0.0033 (0.0032)  weight_decay: 0.0500 (0.0500)  grad_norm: 0.0000 (0.0000)  time: 14.7801  data: 7.7386  max mem: 30405
Epoch: [1]  [ 20/159]  eta: 0:19:47  lr: 0.000011  min_lr: 0.000011  loss: 0.0033 (0.0033)  weight_decay: 0.0500 (0.0500)  grad_norm: 0.0000 (0.0000)  time: 1.8579  data: 0.0002  max mem: 30405
Epoch: [1]  [ 30/159]  eta: 0:13:32  lr: 0.000012  min_lr: 0.000012  loss: 0.0033 (0.0033)  weight_decay: 0.0500 (0.0500)  grad_norm: 0.0000 (0.0000)  time: 1.6300  data: 0.0002  max mem: 30405
Epoch: [1]  [ 40/159]  eta: 0:10:13  lr: 0.000013  min_lr: 0.000013  loss: 0.0032 (0.0032)  weight_decay: 0.0500 (0.0500)  grad_norm: 0.0000 (0.0000)  time: 1.5873  data: 0.0002  max mem: 30405
Epoch: [1]  [ 50/159]  eta: 0:08:06  lr: 0.000013  min_lr: 0.000013  loss: 0.0032 (0.0032)  weight_decay: 0.0500 (0.0500)  grad_norm: 0.0000 (0.0000)  time: 1.6149  data: 0.0002  max mem: 30405
Epoch: [1]  [ 60/159]  eta: 0:06:35  lr: 0.000014  min_lr: 0.000014  loss: 0.0032 (0.0032)  weight_decay: 0.0500 (0.0500)  grad_norm: 0.0000 (0.0000)  time: 1.6115  data: 0.0002  max mem: 30405
Epoch: [1]  [ 70/159]  eta: 0:05:24  lr: 0.000014  min_lr: 0.000014  loss: 0.0031 (0.0032)  weight_decay: 0.0500 (0.0500)  grad_norm: 0.0000 (0.0000)  time: 1.5886  data: 0.0002  max mem: 30405
Epoch: [1]  [ 80/159]  eta: 0:04:28  lr: 0.000015  min_lr: 0.000015  loss: 0.0031 (0.0032)  weight_decay: 0.0500 (0.0500)  grad_norm: 0.0000 (0.0000)  time: 1.6059  data: 0.0002  max mem: 30405
Epoch: [1]  [ 90/159]  eta: 0:03:41  lr: 0.000016  min_lr: 0.000016  loss: 0.0031 (0.0032)  weight_decay: 0.0500 (0.0500)  grad_norm: 0.0000 (0.0000)  time: 1.6109  data: 0.0002  max mem: 30405
Epoch: [1]  [100/159]  eta: 0:02:59  lr: 0.000016  min_lr: 0.000016  loss: 0.0031 (0.0032)  weight_decay: 0.0500 (0.0500)  grad_norm: 0.0000 (0.0000)  time: 1.6081  data: 0.0002  max mem: 30405
Epoch: [1]  [110/159]  eta: 0:02:22  lr: 0.000017  min_lr: 0.000017  loss: 0.0031 (0.0032)  weight_decay: 0.0500 (0.0500)  grad_norm: 0.0000 (0.0000)  time: 1.6150  data: 0.0002  max mem: 30405
Epoch: [1]  [120/159]  eta: 0:01:49  lr: 0.000018  min_lr: 0.000018  loss: 0.0033 (0.0032)  weight_decay: 0.0500 (0.0500)  grad_norm: 0.0000 (0.0000)  time: 1.5936  data: 0.0002  max mem: 30405
Epoch: [1]  [130/159]  eta: 0:01:18  lr: 0.000018  min_lr: 0.000018  loss: 0.0032 (0.0032)  weight_decay: 0.0500 (0.0500)  grad_norm: 0.0000 (0.0000)  time: 1.5829  data: 0.0002  max mem: 30405
Epoch: [1]  [140/159]  eta: 0:00:49  lr: 0.000019  min_lr: 0.000019  loss: 0.0032 (0.0032)  weight_decay: 0.0500 (0.0500)  grad_norm: 0.0000 (0.0000)  time: 1.5713  data: 0.0002  max mem: 30405
Epoch: [1]  [150/159]  eta: 0:00:23  lr: 0.000019  min_lr: 0.000019  loss: 0.0033 (0.0032)  weight_decay: 0.0500 (0.0500)  grad_norm: 0.0000 (0.0000)  time: 1.5473  data: 0.0002  max mem: 30405
Epoch: [1]  [158/159]  eta: 0:00:02  lr: 0.000020  min_lr: 0.000020  loss: 0.0032 (0.0032)  weight_decay: 0.0500 (0.0500)  grad_norm: 0.0000 (0.0000)  time: 1.5598  data: 0.0002  max mem: 30405
Epoch: [1] Total time: 0:06:40 (2.5172 s / it)
Averaged stats: lr: 0.000020  min_lr: 0.000020  loss: 0.0032 (0.0032)  weight_decay: 0.0500 (0.0500)  grad_norm: 0.0000 (0.0000)
Epoch: [2]  [  0/159]  eta: 5:27:23  lr: 0.000020  min_lr: 0.000020  loss: 0.0031 (0.0031)  weight_decay: 0.0500 (0.0500)  grad_norm: 0.0000 (0.0000)  time: 123.5412  data: 116.8236  max mem: 30405
Epoch: [2]  [ 10/159]  eta: 0:34:03  lr: 0.000021  min_lr: 0.000021  loss: 0.0033 (0.0032)  weight_decay: 0.0500 (0.0500)  grad_norm: 0.0000 (0.0000)  time: 13.7131  data: 10.6206  max mem: 30405
Epoch: [2]  [ 20/159]  eta: 0:18:30  lr: 0.000021  min_lr: 0.000021  loss: 0.0032 (0.0032)  weight_decay: 0.0500 (0.0500)  grad_norm: 0.0000 (0.0000)  time: 2.2138  data: 0.0003  max mem: 30405
Epoch: [2]  [ 30/159]  eta: 0:12:43  lr: 0.000022  min_lr: 0.000022  loss: 0.0031 (0.0032)  weight_decay: 0.0500 (0.0500)  grad_norm: 0.0000 (0.0000)  time: 1.6263  data: 0.0003  max mem: 30405
Epoch: [2]  [ 40/159]  eta: 0:09:39  lr: 0.000023  min_lr: 0.000023  loss: 0.0031 (0.0032)  weight_decay: 0.0500 (0.0500)  grad_norm: 0.0000 (0.0000)  time: 1.5842  data: 0.0003  max mem: 30405
Epoch: [2]  [ 50/159]  eta: 0:07:40  lr: 0.000023  min_lr: 0.000023  loss: 0.0033 (0.0032)  weight_decay: 0.0500 (0.0500)  grad_norm: 0.0000 (0.0000)  time: 1.5933  data: 0.0003  max mem: 30405
Epoch: [2]  [ 60/159]  eta: 0:06:15  lr: 0.000024  min_lr: 0.000024  loss: 0.0032 (0.0032)  weight_decay: 0.0500 (0.0500)  grad_norm: 0.0000 (0.0000)  time: 1.5828  data: 0.0003  max mem: 30405
Epoch: [2]  [ 70/159]  eta: 0:05:09  lr: 0.000024  min_lr: 0.000024  loss: 0.0032 (0.0032)  weight_decay: 0.0500 (0.0500)  grad_norm: 0.0000 (0.0000)  time: 1.6023  data: 0.0003  max mem: 30405
Epoch: [2]  [ 80/159]  eta: 0:04:16  lr: 0.000025  min_lr: 0.000025  loss: 0.0032 (0.0032)  weight_decay: 0.0500 (0.0500)  grad_norm: 0.0000 (0.0000)  time: 1.6070  data: 0.0002  max mem: 30405
Epoch: [2]  [ 90/159]  eta: 0:03:31  lr: 0.000026  min_lr: 0.000026  loss: 0.0031 (0.0032)  weight_decay: 0.0500 (0.0500)  grad_norm: 0.0000 (0.0000)  time: 1.5917  data: 0.0002  max mem: 30405
Epoch: [2]  [100/159]  eta: 0:02:52  lr: 0.000026  min_lr: 0.000026  loss: 0.0032 (0.0032)  weight_decay: 0.0500 (0.0500)  grad_norm: 0.0000 (0.0000)  time: 1.5850  data: 0.0002  max mem: 30405
Epoch: [2]  [110/159]  eta: 0:02:17  lr: 0.000027  min_lr: 0.000027  loss: 0.0031 (0.0032)  weight_decay: 0.0500 (0.0500)  grad_norm: 0.0000 (0.0000)  time: 1.6127  data: 0.0002  max mem: 30405
Epoch: [2]  [120/159]  eta: 0:01:45  lr: 0.000028  min_lr: 0.000028  loss: 0.0031 (0.0032)  weight_decay: 0.0500 (0.0500)  grad_norm: 0.0000 (0.0000)  time: 1.6101  data: 0.0002  max mem: 30405
Epoch: [2]  [130/159]  eta: 0:01:15  lr: 0.000028  min_lr: 0.000028  loss: 0.0032 (0.0032)  weight_decay: 0.0500 (0.0500)  grad_norm: 0.0000 (0.0000)  time: 1.5848  data: 0.0002  max mem: 30405
Epoch: [2]  [140/159]  eta: 0:00:48  lr: 0.000029  min_lr: 0.000029  loss: 0.0032 (0.0032)  weight_decay: 0.0500 (0.0500)  grad_norm: 0.0000 (0.0000)  time: 1.5807  data: 0.0002  max mem: 30405
Epoch: [2]  [150/159]  eta: 0:00:22  lr: 0.000029  min_lr: 0.000029  loss: 0.0031 (0.0032)  weight_decay: 0.0500 (0.0500)  grad_norm: 0.0000 (0.0000)  time: 1.6000  data: 0.0002  max mem: 30405
Epoch: [2]  [158/159]  eta: 0:00:02  lr: 0.000030  min_lr: 0.000030  loss: 0.0032 (0.0032)  weight_decay: 0.0500 (0.0500)  grad_norm: 0.0000 (0.0000)  time: 1.6116  data: 0.0002  max mem: 30405
Epoch: [2] Total time: 0:06:29 (2.4472 s / it)
Averaged stats: lr: 0.000030  min_lr: 0.000030  loss: 0.0032 (0.0032)  weight_decay: 0.0500 (0.0500)  grad_norm: 0.0000 (0.0000)
Epoch: [3]  [  0/159]  eta: 6:34:12  lr: 0.000030  min_lr: 0.000030  loss: 0.0031 (0.0031)  weight_decay: 0.0500 (0.0500)  grad_norm: 0.0000 (0.0000)  time: 148.7570  data: 113.6550  max mem: 30405
Epoch: [3]  [ 10/159]  eta: 0:39:03  lr: 0.000031  min_lr: 0.000031  loss: 0.0030 (0.0031)  weight_decay: 0.0500 (0.0500)  grad_norm: 0.0000 (0.0000)  time: 15.7298  data: 10.3325  max mem: 30405
Epoch: [3]  [ 20/159]  eta: 0:20:50  lr: 0.000031  min_lr: 0.000031  loss: 0.0031 (0.0032)  weight_decay: 0.0500 (0.0500)  grad_norm: 0.0000 (0.0000)  time: 2.0074  data: 0.0002  max mem: 30405
Epoch: [3]  [ 30/159]  eta: 0:14:12  lr: 0.000032  min_lr: 0.000032  loss: 0.0033 (0.0032)  weight_decay: 0.0500 (0.0500)  grad_norm: 0.0000 (0.0000)  time: 1.5948  data: 0.0002  max mem: 30405
Epoch: [3]  [ 40/159]  eta: 0:10:43  lr: 0.000033  min_lr: 0.000033  loss: 0.0033 (0.0032)  weight_decay: 0.0500 (0.0500)  grad_norm: 0.0000 (0.0000)  time: 1.6398  data: 0.0005  max mem: 30405
Epoch: [3]  [ 50/159]  eta: 0:08:28  lr: 0.000033  min_lr: 0.000033  loss: 0.0033 (0.0032)  weight_decay: 0.0500 (0.0500)  grad_norm: 0.0000 (0.0000)  time: 1.6453  data: 0.0005  max mem: 30405
Epoch: [3]  [ 60/159]  eta: 0:06:52  lr: 0.000034  min_lr: 0.000034  loss: 0.0032 (0.0032)  weight_decay: 0.0500 (0.0500)  grad_norm: 0.0000 (0.0000)  time: 1.6209  data: 0.0002  max mem: 30405
Epoch: [3]  [ 70/159]  eta: 0:05:39  lr: 0.000034  min_lr: 0.000034  loss: 0.0032 (0.0032)  weight_decay: 0.0500 (0.0500)  grad_norm: 0.0000 (0.0000)  time: 1.6321  data: 0.0002  max mem: 30405
Epoch: [3]  [ 80/159]  eta: 0:04:40  lr: 0.000035  min_lr: 0.000035  loss: 0.0032 (0.0032)  weight_decay: 0.0500 (0.0500)  grad_norm: 0.0000 (0.0000)  time: 1.6515  data: 0.0002  max mem: 30405
Epoch: [3]  [ 90/159]  eta: 0:03:50  lr: 0.000036  min_lr: 0.000036  loss: 0.0033 (0.0032)  weight_decay: 0.0500 (0.0500)  grad_norm: 0.0000 (0.0000)  time: 1.6561  data: 0.0002  max mem: 30405
Epoch: [3]  [100/159]  eta: 0:03:06  lr: 0.000036  min_lr: 0.000036  loss: 0.0033 (0.0032)  weight_decay: 0.0500 (0.0500)  grad_norm: 0.0000 (0.0000)  time: 1.6420  data: 0.0002  max mem: 30405
Epoch: [3]  [110/159]  eta: 0:02:28  lr: 0.000037  min_lr: 0.000037  loss: 0.0033 (0.0032)  weight_decay: 0.0500 (0.0500)  grad_norm: 0.0000 (0.0000)  time: 1.6477  data: 0.0002  max mem: 30405
Epoch: [3]  [120/159]  eta: 0:01:53  lr: 0.000038  min_lr: 0.000038  loss: 0.0033 (0.0033)  weight_decay: 0.0500 (0.0500)  grad_norm: 0.0000 (0.0000)  time: 1.6528  data: 0.0002  max mem: 30405
Epoch: [3]  [130/159]  eta: 0:01:21  lr: 0.000038  min_lr: 0.000038  loss: 0.0032 (0.0032)  weight_decay: 0.0500 (0.0500)  grad_norm: 0.0000 (0.0000)  time: 1.6470  data: 0.0002  max mem: 30405
Epoch: [3]  [140/159]  eta: 0:00:51  lr: 0.000039  min_lr: 0.000039  loss: 0.0031 (0.0032)  weight_decay: 0.0500 (0.0500)  grad_norm: 0.0000 (0.0000)  time: 1.6411  data: 0.0002  max mem: 30405
Epoch: [3]  [150/159]  eta: 0:00:24  lr: 0.000039  min_lr: 0.000039  loss: 0.0032 (0.0032)  weight_decay: 0.0500 (0.0500)  grad_norm: 0.0000 (0.0000)  time: 1.6615  data: 0.0002  max mem: 30405
Epoch: [3]  [158/159]  eta: 0:00:02  lr: 0.000040  min_lr: 0.000040  loss: 0.0033 (0.0032)  weight_decay: 0.0500 (0.0500)  grad_norm: 0.0000 (0.0000)  time: 1.6797  data: 0.0002  max mem: 30405
Epoch: [3] Total time: 0:06:57 (2.6252 s / it)
Averaged stats: lr: 0.000040  min_lr: 0.000040  loss: 0.0033 (0.0032)  weight_decay: 0.0500 (0.0500)  grad_norm: 0.0000 (0.0000)
Epoch: [4]  [  0/159]  eta: 5:08:55  lr: 0.000040  min_lr: 0.000040  loss: 0.0029 (0.0029)  weight_decay: 0.0500 (0.0500)  grad_norm: 0.0000 (0.0000)  time: 116.5766  data: 115.6572  max mem: 30405
Epoch: [4]  [ 10/159]  eta: 0:35:29  lr: 0.000041  min_lr: 0.000041  loss: 0.0033 (0.0033)  weight_decay: 0.0500 (0.0500)  grad_norm: 0.0000 (0.0000)  time: 14.2924  data: 10.5145  max mem: 30405
Epoch: [4]  [ 20/159]  eta: 0:19:15  lr: 0.000041  min_lr: 0.000041  loss: 0.0033 (0.0033)  weight_decay: 0.0500 (0.0500)  grad_norm: 0.0000 (0.0000)  time: 2.9004  data: 0.0002  max mem: 30405
Epoch: [4]  [ 30/159]  eta: 0:13:15  lr: 0.000042  min_lr: 0.000042  loss: 0.0032 (0.0032)  weight_decay: 0.0500 (0.0500)  grad_norm: 0.0000 (0.0000)  time: 1.6954  data: 0.0002  max mem: 30405
Epoch: [4]  [ 40/159]  eta: 0:10:02  lr: 0.000043  min_lr: 0.000043  loss: 0.0032 (0.0033)  weight_decay: 0.0500 (0.0500)  grad_norm: 0.0000 (0.0000)  time: 1.6440  data: 0.0002  max mem: 30405
Epoch: [4]  [ 50/159]  eta: 0:07:59  lr: 0.000043  min_lr: 0.000043  loss: 0.0033 (0.0033)  weight_decay: 0.0500 (0.0500)  grad_norm: 0.0000 (0.0000)  time: 1.6527  data: 0.0002  max mem: 30405
Epoch: [4]  [ 60/159]  eta: 0:06:30  lr: 0.000044  min_lr: 0.000044  loss: 0.0032 (0.0032)  weight_decay: 0.0500 (0.0500)  grad_norm: 0.0000 (0.0000)  time: 1.6494  data: 0.0002  max mem: 30405
Epoch: [4]  [ 70/159]  eta: 0:05:22  lr: 0.000044  min_lr: 0.000044  loss: 0.0031 (0.0032)  weight_decay: 0.0500 (0.0500)  grad_norm: 0.0000 (0.0000)  time: 1.6406  data: 0.0002  max mem: 30405
Epoch: [4]  [ 80/159]  eta: 0:04:26  lr: 0.000045  min_lr: 0.000045  loss: 0.0033 (0.0032)  weight_decay: 0.0500 (0.0500)  grad_norm: 0.0000 (0.0000)  time: 1.6590  data: 0.0002  max mem: 30405
Epoch: [4]  [ 90/159]  eta: 0:03:40  lr: 0.000046  min_lr: 0.000046  loss: 0.0032 (0.0032)  weight_decay: 0.0500 (0.0500)  grad_norm: 0.0000 (0.0000)  time: 1.6655  data: 0.0002  max mem: 30405
Epoch: [4]  [100/159]  eta: 0:02:59  lr: 0.000046  min_lr: 0.000046  loss: 0.0032 (0.0032)  weight_decay: 0.0500 (0.0500)  grad_norm: 0.0000 (0.0000)  time: 1.6615  data: 0.0002  max mem: 30405
Epoch: [4]  [110/159]  eta: 0:02:22  lr: 0.000047  min_lr: 0.000047  loss: 0.0032 (0.0032)  weight_decay: 0.0500 (0.0500)  grad_norm: 0.0000 (0.0000)  time: 1.6499  data: 0.0002  max mem: 30405
Epoch: [4]  [120/159]  eta: 0:01:49  lr: 0.000048  min_lr: 0.000048  loss: 0.0032 (0.0032)  weight_decay: 0.0500 (0.0500)  grad_norm: 0.0000 (0.0000)  time: 1.6702  data: 0.0002  max mem: 30405
Epoch: [4]  [130/159]  eta: 0:01:18  lr: 0.000048  min_lr: 0.000048  loss: 0.0032 (0.0032)  weight_decay: 0.0500 (0.0500)  grad_norm: 0.0000 (0.0000)  time: 1.6654  data: 0.0002  max mem: 30405
Epoch: [4]  [140/159]  eta: 0:00:50  lr: 0.000049  min_lr: 0.000049  loss: 0.0032 (0.0032)  weight_decay: 0.0500 (0.0500)  grad_norm: 0.0000 (0.0000)  time: 1.6415  data: 0.0002  max mem: 30405
Epoch: [4]  [150/159]  eta: 0:00:23  lr: 0.000049  min_lr: 0.000049  loss: 0.0031 (0.0032)  weight_decay: 0.0500 (0.0500)  grad_norm: 0.0000 (0.0000)  time: 1.6456  data: 0.0002  max mem: 30405
Epoch: [4]  [158/159]  eta: 0:00:02  lr: 0.000050  min_lr: 0.000050  loss: 0.0032 (0.0032)  weight_decay: 0.0500 (0.0500)  grad_norm: 0.0000 (0.0000)  time: 1.6586  data: 0.0002  max mem: 30405
Epoch: [4] Total time: 0:06:44 (2.5417 s / it)
Averaged stats: lr: 0.000050  min_lr: 0.000050  loss: 0.0032 (0.0032)  weight_decay: 0.0500 (0.0500)  grad_norm: 0.0000 (0.0000)
Epoch: [5]  [  0/159]  eta: 6:59:17  lr: 0.000050  min_lr: 0.000050  loss: 0.0032 (0.0032)  weight_decay: 0.0500 (0.0500)  grad_norm: 0.0000 (0.0000)  time: 158.2253  data: 157.2944  max mem: 30405
Epoch: [5]  [ 10/159]  eta: 0:40:11  lr: 0.000051  min_lr: 0.000051  loss: 0.0033 (0.0033)  weight_decay: 0.0500 (0.0500)  grad_norm: 0.0000 (0.0000)  time: 16.1815  data: 14.2997  max mem: 30405
Epoch: [5]  [ 20/159]  eta: 0:21:28  lr: 0.000051  min_lr: 0.000051  loss: 0.0033 (0.0033)  weight_decay: 0.0500 (0.0500)  grad_norm: 0.0000 (0.0000)  time: 1.8249  data: 0.0002  max mem: 30405
Epoch: [5]  [ 30/159]  eta: 0:14:38  lr: 0.000052  min_lr: 0.000052  loss: 0.0034 (0.0033)  weight_decay: 0.0500 (0.0500)  grad_norm: 0.0000 (0.0000)  time: 1.6617  data: 0.0002  max mem: 30405
Epoch: [5]  [ 40/159]  eta: 0:10:59  lr: 0.000053  min_lr: 0.000053  loss: 0.0033 (0.0033)  weight_decay: 0.0500 (0.0500)  grad_norm: 0.0000 (0.0000)  time: 1.6323  data: 0.0002  max mem: 30405
Epoch: [5]  [ 50/159]  eta: 0:08:42  lr: 0.000053  min_lr: 0.000053  loss: 0.0032 (0.0033)  weight_decay: 0.0500 (0.0500)  grad_norm: 0.0000 (0.0000)  time: 1.6557  data: 0.0002  max mem: 30405
Epoch: [5]  [ 60/159]  eta: 0:07:03  lr: 0.000054  min_lr: 0.000054  loss: 0.0033 (0.0033)  weight_decay: 0.0500 (0.0500)  grad_norm: 0.0000 (0.0000)  time: 1.6771  data: 0.0002  max mem: 30405
Epoch: [5]  [ 70/159]  eta: 0:05:47  lr: 0.000054  min_lr: 0.000054  loss: 0.0033 (0.0033)  weight_decay: 0.0500 (0.0500)  grad_norm: 0.0000 (0.0000)  time: 1.6504  data: 0.0002  max mem: 30405
Epoch: [5]  [ 80/159]  eta: 0:04:46  lr: 0.000055  min_lr: 0.000055  loss: 0.0032 (0.0033)  weight_decay: 0.0500 (0.0500)  grad_norm: 0.0000 (0.0000)  time: 1.6523  data: 0.0002  max mem: 30405
Epoch: [5]  [ 90/159]  eta: 0:03:55  lr: 0.000056  min_lr: 0.000056  loss: 0.0031 (0.0033)  weight_decay: 0.0500 (0.0500)  grad_norm: 0.0000 (0.0000)  time: 1.6705  data: 0.0002  max mem: 30405
Epoch: [5]  [100/159]  eta: 0:03:11  lr: 0.000056  min_lr: 0.000056  loss: 0.0032 (0.0033)  weight_decay: 0.0500 (0.0500)  grad_norm: 0.0000 (0.0000)  time: 1.6731  data: 0.0002  max mem: 30405
Epoch: [5]  [110/159]  eta: 0:02:31  lr: 0.000057  min_lr: 0.000057  loss: 0.0032 (0.0033)  weight_decay: 0.0500 (0.0500)  grad_norm: 0.0000 (0.0000)  time: 1.6675  data: 0.0003  max mem: 30405
Epoch: [5]  [120/159]  eta: 0:01:56  lr: 0.000058  min_lr: 0.000058  loss: 0.0032 (0.0033)  weight_decay: 0.0500 (0.0500)  grad_norm: 0.0000 (0.0000)  time: 1.6828  data: 0.0003  max mem: 30405
Epoch: [5]  [130/159]  eta: 0:01:23  lr: 0.000058  min_lr: 0.000058  loss: 0.0032 (0.0033)  weight_decay: 0.0500 (0.0500)  grad_norm: 0.0000 (0.0000)  time: 1.6644  data: 0.0002  max mem: 30405
Epoch: [5]  [140/159]  eta: 0:00:53  lr: 0.000059  min_lr: 0.000059  loss: 0.0032 (0.0033)  weight_decay: 0.0500 (0.0500)  grad_norm: 0.0000 (0.0000)  time: 1.6404  data: 0.0002  max mem: 30405
Epoch: [5]  [150/159]  eta: 0:00:24  lr: 0.000059  min_lr: 0.000059  loss: 0.0032 (0.0033)  weight_decay: 0.0500 (0.0500)  grad_norm: 0.0000 (0.0000)  time: 1.6520  data: 0.0003  max mem: 30405
Epoch: [5]  [158/159]  eta: 0:00:02  lr: 0.000060  min_lr: 0.000060  loss: 0.0031 (0.0032)  weight_decay: 0.0500 (0.0500)  grad_norm: 0.0000 (0.0000)  time: 1.6678  data: 0.0002  max mem: 30405
Epoch: [5] Total time: 0:07:05 (2.6733 s / it)
Averaged stats: lr: 0.000060  min_lr: 0.000060  loss: 0.0031 (0.0032)  weight_decay: 0.0500 (0.0500)  grad_norm: 0.0000 (0.0000)
Epoch: [6]  [  0/159]  eta: 5:56:59  lr: 0.000060  min_lr: 0.000060  loss: 0.0032 (0.0032)  weight_decay: 0.0500 (0.0500)  grad_norm: 0.0000 (0.0000)  time: 134.7128  data: 113.6661  max mem: 30405
Epoch: [6]  [ 10/159]  eta: 0:35:15  lr: 0.000061  min_lr: 0.000061  loss: 0.0033 (0.0033)  weight_decay: 0.0500 (0.0500)  grad_norm: 0.0000 (0.0000)  time: 14.1999  data: 10.3335  max mem: 30405
Epoch: [6]  [ 20/159]  eta: 0:19:13  lr: 0.000061  min_lr: 0.000061  loss: 0.0033 (0.0033)  weight_decay: 0.0500 (0.0500)  grad_norm: 0.0000 (0.0000)  time: 1.9786  data: 0.0003  max mem: 30405
Epoch: [6]  [ 30/159]  eta: 0:13:14  lr: 0.000062  min_lr: 0.000062  loss: 0.0032 (0.0032)  weight_decay: 0.0500 (0.0500)  grad_norm: 0.0000 (0.0000)  time: 1.7418  data: 0.0002  max mem: 30405
Epoch: [6]  [ 40/159]  eta: 0:10:02  lr: 0.000063  min_lr: 0.000063  loss: 0.0031 (0.0032)  weight_decay: 0.0500 (0.0500)  grad_norm: 0.0000 (0.0000)  time: 1.6688  data: 0.0002  max mem: 30405
Epoch: [6]  [ 50/159]  eta: 0:07:59  lr: 0.000063  min_lr: 0.000063  loss: 0.0033 (0.0033)  weight_decay: 0.0500 (0.0500)  grad_norm: 0.0000 (0.0000)  time: 1.6584  data: 0.0003  max mem: 30405
Epoch: [6]  [ 60/159]  eta: 0:06:31  lr: 0.000064  min_lr: 0.000064  loss: 0.0033 (0.0032)  weight_decay: 0.0500 (0.0500)  grad_norm: 0.0000 (0.0000)  time: 1.6680  data: 0.0003  max mem: 30405
Epoch: [6]  [ 70/159]  eta: 0:05:22  lr: 0.000064  min_lr: 0.000064  loss: 0.0031 (0.0032)  weight_decay: 0.0500 (0.0500)  grad_norm: 0.0000 (0.0000)  time: 1.6718  data: 0.0002  max mem: 30405
Epoch: [6]  [ 80/159]  eta: 0:04:27  lr: 0.000065  min_lr: 0.000065  loss: 0.0032 (0.0032)  weight_decay: 0.0500 (0.0500)  grad_norm: 0.0000 (0.0000)  time: 1.6562  data: 0.0009  max mem: 30405
Epoch: [6]  [ 90/159]  eta: 0:03:40  lr: 0.000066  min_lr: 0.000066  loss: 0.0032 (0.0032)  weight_decay: 0.0500 (0.0500)  grad_norm: 0.0000 (0.0000)  time: 1.6703  data: 0.0010  max mem: 30405
Epoch: [6]  [100/159]  eta: 0:02:59  lr: 0.000066  min_lr: 0.000066  loss: 0.0032 (0.0032)  weight_decay: 0.0500 (0.0500)  grad_norm: 0.0000 (0.0000)  time: 1.6929  data: 0.0003  max mem: 30405
Epoch: [6]  [110/159]  eta: 0:02:23  lr: 0.000067  min_lr: 0.000067  loss: 0.0031 (0.0032)  weight_decay: 0.0500 (0.0500)  grad_norm: 0.0000 (0.0000)  time: 1.6792  data: 0.0002  max mem: 30405
Epoch: [6]  [120/159]  eta: 0:01:49  lr: 0.000068  min_lr: 0.000068  loss: 0.0031 (0.0032)  weight_decay: 0.0500 (0.0500)  grad_norm: 0.0000 (0.0000)  time: 1.6565  data: 0.0002  max mem: 30405
Epoch: [6]  [130/159]  eta: 0:01:19  lr: 0.000068  min_lr: 0.000068  loss: 0.0032 (0.0032)  weight_decay: 0.0500 (0.0500)  grad_norm: 0.0000 (0.0000)  time: 1.6703  data: 0.0002  max mem: 30405
Epoch: [6]  [140/159]  eta: 0:00:50  lr: 0.000069  min_lr: 0.000069  loss: 0.0032 (0.0032)  weight_decay: 0.0500 (0.0500)  grad_norm: 0.0000 (0.0000)  time: 1.6775  data: 0.0002  max mem: 30405
Epoch: [6]  [150/159]  eta: 0:00:23  lr: 0.000069  min_lr: 0.000069  loss: 0.0032 (0.0032)  weight_decay: 0.0500 (0.0500)  grad_norm: 0.0000 (0.0000)  time: 1.6598  data: 0.0002  max mem: 30405
Epoch: [6]  [158/159]  eta: 0:00:02  lr: 0.000070  min_lr: 0.000070  loss: 0.0032 (0.0032)  weight_decay: 0.0500 (0.0500)  grad_norm: 0.0000 (0.0000)  time: 1.6909  data: 0.0002  max mem: 30405
Epoch: [6] Total time: 0:06:45 (2.5524 s / it)
Averaged stats: lr: 0.000070  min_lr: 0.000070  loss: 0.0032 (0.0032)  weight_decay: 0.0500 (0.0500)  grad_norm: 0.0000 (0.0000)
Epoch: [7]  [  0/159]  eta: 5:40:02  lr: 0.000070  min_lr: 0.000070  loss: 0.0033 (0.0033)  weight_decay: 0.0500 (0.0500)  grad_norm: 0.0000 (0.0000)  time: 128.3172  data: 104.0210  max mem: 30405
Epoch: [7]  [ 10/159]  eta: 0:33:43  lr: 0.000071  min_lr: 0.000071  loss: 0.0032 (0.0032)  weight_decay: 0.0500 (0.0500)  grad_norm: 0.0000 (0.0000)  time: 13.5834  data: 9.4568  max mem: 30405
Epoch: [7]  [ 20/159]  eta: 0:18:19  lr: 0.000071  min_lr: 0.000071  loss: 0.0032 (0.0033)  weight_decay: 0.0500 (0.0500)  grad_norm: 0.0000 (0.0000)  time: 1.8914  data: 0.0003  max mem: 30405
Epoch: [7]  [ 30/159]  eta: 0:12:42  lr: 0.000072  min_lr: 0.000072  loss: 0.0032 (0.0033)  weight_decay: 0.0500 (0.0500)  grad_norm: 0.0000 (0.0000)  time: 1.6865  data: 0.0005  max mem: 30405
Epoch: [7]  [ 40/159]  eta: 0:09:39  lr: 0.000073  min_lr: 0.000073  loss: 0.0033 (0.0032)  weight_decay: 0.0500 (0.0500)  grad_norm: 0.0000 (0.0000)  time: 1.6821  data: 0.0005  max mem: 30405
Epoch: [7]  [ 50/159]  eta: 0:07:42  lr: 0.000073  min_lr: 0.000073  loss: 0.0032 (0.0032)  weight_decay: 0.0500 (0.0500)  grad_norm: 0.0000 (0.0000)  time: 1.6554  data: 0.0003  max mem: 30405
Epoch: [7]  [ 60/159]  eta: 0:06:18  lr: 0.000074  min_lr: 0.000074  loss: 0.0032 (0.0032)  weight_decay: 0.0500 (0.0500)  grad_norm: 0.0000 (0.0000)  time: 1.6703  data: 0.0002  max mem: 30405
Epoch: [7]  [ 70/159]  eta: 0:05:13  lr: 0.000074  min_lr: 0.000074  loss: 0.0032 (0.0032)  weight_decay: 0.0500 (0.0500)  grad_norm: 0.0000 (0.0000)  time: 1.6970  data: 0.0002  max mem: 30405
Epoch: [7]  [ 80/159]  eta: 0:04:21  lr: 0.000075  min_lr: 0.000075  loss: 0.0032 (0.0032)  weight_decay: 0.0500 (0.0500)  grad_norm: 0.0000 (0.0000)  time: 1.7295  data: 0.0002  max mem: 30405
Epoch: [7]  [ 90/159]  eta: 0:03:35  lr: 0.000076  min_lr: 0.000076  loss: 0.0032 (0.0032)  weight_decay: 0.0500 (0.0500)  grad_norm: 0.0000 (0.0000)  time: 1.6759  data: 0.0002  max mem: 30405
Epoch: [7]  [100/159]  eta: 0:02:55  lr: 0.000076  min_lr: 0.000076  loss: 0.0032 (0.0032)  weight_decay: 0.0500 (0.0500)  grad_norm: 0.0000 (0.0000)  time: 1.6445  data: 0.0003  max mem: 30405
Epoch: [7]  [110/159]  eta: 0:02:20  lr: 0.000077  min_lr: 0.000077  loss: 0.0033 (0.0032)  weight_decay: 0.0500 (0.0500)  grad_norm: 0.0000 (0.0000)  time: 1.6761  data: 0.0002  max mem: 30405
Epoch: [7]  [120/159]  eta: 0:01:47  lr: 0.000078  min_lr: 0.000078  loss: 0.0032 (0.0032)  weight_decay: 0.0500 (0.0500)  grad_norm: 0.0000 (0.0000)  time: 1.6484  data: 0.0003  max mem: 30405
Epoch: [7]  [130/159]  eta: 0:01:17  lr: 0.000078  min_lr: 0.000078  loss: 0.0032 (0.0032)  weight_decay: 0.0500 (0.0500)  grad_norm: 0.0000 (0.0000)  time: 1.6481  data: 0.0003  max mem: 30405
Epoch: [7]  [140/159]  eta: 0:00:49  lr: 0.000079  min_lr: 0.000079  loss: 0.0032 (0.0032)  weight_decay: 0.0500 (0.0500)  grad_norm: 0.0000 (0.0000)  time: 1.6815  data: 0.0002  max mem: 30405
Epoch: [7]  [150/159]  eta: 0:00:22  lr: 0.000079  min_lr: 0.000079  loss: 0.0031 (0.0032)  weight_decay: 0.0500 (0.0500)  grad_norm: 0.0000 (0.0000)  time: 1.6967  data: 0.0002  max mem: 30405
Epoch: [7]  [158/159]  eta: 0:00:02  lr: 0.000080  min_lr: 0.000080  loss: 0.0031 (0.0032)  weight_decay: 0.0500 (0.0500)  grad_norm: 0.0000 (0.0000)  time: 1.6821  data: 0.0002  max mem: 30405
Epoch: [7] Total time: 0:06:38 (2.5079 s / it)
Averaged stats: lr: 0.000080  min_lr: 0.000080  loss: 0.0031 (0.0032)  weight_decay: 0.0500 (0.0500)  grad_norm: 0.0000 (0.0000)
Epoch: [8]  [  0/159]  eta: 5:15:17  lr: 0.000080  min_lr: 0.000080  loss: 0.0035 (0.0035)  weight_decay: 0.0500 (0.0500)  grad_norm: 0.0000 (0.0000)  time: 118.9807  data: 91.7517  max mem: 30405
Epoch: [8]  [ 10/159]  eta: 0:33:28  lr: 0.000081  min_lr: 0.000081  loss: 0.0032 (0.0032)  weight_decay: 0.0500 (0.0500)  grad_norm: 0.0000 (0.0000)  time: 13.4775  data: 8.3413  max mem: 30405
Epoch: [8]  [ 20/159]  eta: 0:18:14  lr: 0.000081  min_lr: 0.000081  loss: 0.0032 (0.0032)  weight_decay: 0.0500 (0.0500)  grad_norm: 0.0000 (0.0000)  time: 2.3165  data: 0.0003  max mem: 30405
Epoch: [8]  [ 30/159]  eta: 0:12:34  lr: 0.000082  min_lr: 0.000082  loss: 0.0031 (0.0032)  weight_decay: 0.0500 (0.0500)  grad_norm: 0.0000 (0.0000)  time: 1.6549  data: 0.0011  max mem: 30405
Epoch: [8]  [ 40/159]  eta: 0:09:33  lr: 0.000083  min_lr: 0.000083  loss: 0.0030 (0.0032)  weight_decay: 0.0500 (0.0500)  grad_norm: 0.0000 (0.0000)  time: 1.6158  data: 0.0011  max mem: 30405
Epoch: [8]  [ 50/159]  eta: 0:07:38  lr: 0.000083  min_lr: 0.000083  loss: 0.0031 (0.0032)  weight_decay: 0.0500 (0.0500)  grad_norm: 0.0000 (0.0000)  time: 1.6543  data: 0.0003  max mem: 30405
Epoch: [8]  [ 60/159]  eta: 0:06:14  lr: 0.000084  min_lr: 0.000084  loss: 0.0031 (0.0032)  weight_decay: 0.0500 (0.0500)  grad_norm: 0.0000 (0.0000)  time: 1.6509  data: 0.0003  max mem: 30405
Epoch: [8]  [ 70/159]  eta: 0:05:09  lr: 0.000084  min_lr: 0.000084  loss: 0.0032 (0.0032)  weight_decay: 0.0500 (0.0500)  grad_norm: 0.0000 (0.0000)  time: 1.6228  data: 0.0003  max mem: 30405
Epoch: [8]  [ 80/159]  eta: 0:04:16  lr: 0.000085  min_lr: 0.000085  loss: 0.0032 (0.0032)  weight_decay: 0.0500 (0.0500)  grad_norm: 0.0000 (0.0000)  time: 1.6255  data: 0.0002  max mem: 30405
Epoch: [8]  [ 90/159]  eta: 0:03:31  lr: 0.000086  min_lr: 0.000086  loss: 0.0033 (0.0032)  weight_decay: 0.0500 (0.0500)  grad_norm: 0.0000 (0.0000)  time: 1.6299  data: 0.0002  max mem: 30405
Epoch: [8]  [100/159]  eta: 0:02:52  lr: 0.000086  min_lr: 0.000086  loss: 0.0033 (0.0032)  weight_decay: 0.0500 (0.0500)  grad_norm: 0.0000 (0.0000)  time: 1.6180  data: 0.0002  max mem: 30405
Epoch: [8]  [110/159]  eta: 0:02:17  lr: 0.000087  min_lr: 0.000087  loss: 0.0032 (0.0032)  weight_decay: 0.0500 (0.0500)  grad_norm: 0.0000 (0.0000)  time: 1.6263  data: 0.0002  max mem: 30405
Epoch: [8]  [120/159]  eta: 0:01:45  lr: 0.000088  min_lr: 0.000088  loss: 0.0032 (0.0032)  weight_decay: 0.0500 (0.0500)  grad_norm: 0.0000 (0.0000)  time: 1.6506  data: 0.0002  max mem: 30405
Epoch: [8]  [130/159]  eta: 0:01:16  lr: 0.000088  min_lr: 0.000088  loss: 0.0033 (0.0032)  weight_decay: 0.0500 (0.0500)  grad_norm: 0.0000 (0.0000)  time: 1.6600  data: 0.0002  max mem: 30405
Epoch: [8]  [140/159]  eta: 0:00:48  lr: 0.000089  min_lr: 0.000089  loss: 0.0032 (0.0032)  weight_decay: 0.0500 (0.0500)  grad_norm: 0.0000 (0.0000)  time: 1.6481  data: 0.0002  max mem: 30405
Epoch: [8]  [150/159]  eta: 0:00:22  lr: 0.000089  min_lr: 0.000089  loss: 0.0031 (0.0032)  weight_decay: 0.0500 (0.0500)  grad_norm: 0.0000 (0.0000)  time: 1.6280  data: 0.0002  max mem: 30405
Epoch: [8]  [158/159]  eta: 0:00:02  lr: 0.000090  min_lr: 0.000090  loss: 0.0031 (0.0032)  weight_decay: 0.0500 (0.0500)  grad_norm: 0.0000 (0.0000)  time: 1.6386  data: 0.0002  max mem: 30405
Epoch: [8] Total time: 0:06:32 (2.4668 s / it)
Averaged stats: lr: 0.000090  min_lr: 0.000090  loss: 0.0031 (0.0032)  weight_decay: 0.0500 (0.0500)  grad_norm: 0.0000 (0.0000)
Epoch: [9]  [  0/159]  eta: 4:41:03  lr: 0.000090  min_lr: 0.000090  loss: 0.0031 (0.0031)  weight_decay: 0.0500 (0.0500)  grad_norm: 0.0000 (0.0000)  time: 106.0583  data: 100.3667  max mem: 30405
Epoch: [9]  [ 10/159]  eta: 0:32:05  lr: 0.000091  min_lr: 0.000091  loss: 0.0031 (0.0032)  weight_decay: 0.0500 (0.0500)  grad_norm: 0.0000 (0.0000)  time: 12.9261  data: 10.0301  max mem: 30405
Epoch: [9]  [ 20/159]  eta: 0:17:37  lr: 0.000091  min_lr: 0.000091  loss: 0.0032 (0.0032)  weight_decay: 0.0500 (0.0500)  grad_norm: 0.0000 (0.0000)  time: 2.6881  data: 0.4984  max mem: 30405
Epoch: [9]  [ 30/159]  eta: 0:12:11  lr: 0.000092  min_lr: 0.000092  loss: 0.0032 (0.0032)  weight_decay: 0.0500 (0.0500)  grad_norm: 0.0000 (0.0000)  time: 1.6849  data: 0.0003  max mem: 30405
Epoch: [9]  [ 40/159]  eta: 0:09:17  lr: 0.000093  min_lr: 0.000093  loss: 0.0032 (0.0032)  weight_decay: 0.0500 (0.0500)  grad_norm: 0.0000 (0.0000)  time: 1.6154  data: 0.0002  max mem: 30405
Epoch: [9]  [ 50/159]  eta: 0:07:25  lr: 0.000093  min_lr: 0.000093  loss: 0.0031 (0.0032)  weight_decay: 0.0500 (0.0500)  grad_norm: 0.0000 (0.0000)  time: 1.6184  data: 0.0002  max mem: 30405
Epoch: [9]  [ 60/159]  eta: 0:06:04  lr: 0.000094  min_lr: 0.000094  loss: 0.0033 (0.0032)  weight_decay: 0.0500 (0.0500)  grad_norm: 0.0000 (0.0000)  time: 1.6251  data: 0.0002  max mem: 30405
Epoch: [9]  [ 70/159]  eta: 0:05:01  lr: 0.000094  min_lr: 0.000094  loss: 0.0033 (0.0032)  weight_decay: 0.0500 (0.0500)  grad_norm: 0.0000 (0.0000)  time: 1.6206  data: 0.0002  max mem: 30405
Epoch: [9]  [ 80/159]  eta: 0:04:10  lr: 0.000095  min_lr: 0.000095  loss: 0.0031 (0.0032)  weight_decay: 0.0500 (0.0500)  grad_norm: 0.0000 (0.0000)  time: 1.5903  data: 0.0002  max mem: 30405
Epoch: [9]  [ 90/159]  eta: 0:03:26  lr: 0.000096  min_lr: 0.000096  loss: 0.0032 (0.0032)  weight_decay: 0.0500 (0.0500)  grad_norm: 0.0000 (0.0000)  time: 1.5754  data: 0.0002  max mem: 30405
Epoch: [9]  [100/159]  eta: 0:02:48  lr: 0.000096  min_lr: 0.000096  loss: 0.0032 (0.0032)  weight_decay: 0.0500 (0.0500)  grad_norm: 0.0000 (0.0000)  time: 1.5980  data: 0.0003  max mem: 30405
Epoch: [9]  [110/159]  eta: 0:02:14  lr: 0.000097  min_lr: 0.000097  loss: 0.0032 (0.0032)  weight_decay: 0.0500 (0.0500)  grad_norm: 0.0000 (0.0000)  time: 1.6237  data: 0.0003  max mem: 30405
Epoch: [9]  [120/159]  eta: 0:01:43  lr: 0.000098  min_lr: 0.000098  loss: 0.0032 (0.0032)  weight_decay: 0.0500 (0.0500)  grad_norm: 0.0000 (0.0000)  time: 1.6296  data: 0.0003  max mem: 30405
Epoch: [9]  [130/159]  eta: 0:01:14  lr: 0.000098  min_lr: 0.000098  loss: 0.0032 (0.0032)  weight_decay: 0.0500 (0.0500)  grad_norm: 0.0000 (0.0000)  time: 1.6404  data: 0.0003  max mem: 30405
Epoch: [9]  [140/159]  eta: 0:00:47  lr: 0.000099  min_lr: 0.000099  loss: 0.0032 (0.0032)  weight_decay: 0.0500 (0.0500)  grad_norm: 0.0000 (0.0000)  time: 1.6774  data: 0.0002  max mem: 30405
Epoch: [9]  [150/159]  eta: 0:00:22  lr: 0.000099  min_lr: 0.000099  loss: 0.0033 (0.0032)  weight_decay: 0.0500 (0.0500)  grad_norm: 0.0000 (0.0000)  time: 1.6771  data: 0.0002  max mem: 30405
Epoch: [9]  [158/159]  eta: 0:00:02  lr: 0.000100  min_lr: 0.000100  loss: 0.0033 (0.0032)  weight_decay: 0.0500 (0.0500)  grad_norm: 0.0000 (0.0000)  time: 1.6634  data: 0.0002  max mem: 30405
Epoch: [9] Total time: 0:06:25 (2.4250 s / it)
Averaged stats: lr: 0.000100  min_lr: 0.000100  loss: 0.0033 (0.0032)  weight_decay: 0.0500 (0.0500)  grad_norm: 0.0000 (0.0000)
Epoch: [10]  [  0/159]  eta: 6:42:43  lr: 0.000100  min_lr: 0.000100  loss: 0.0033 (0.0033)  weight_decay: 0.0500 (0.0500)  grad_norm: 0.0000 (0.0000)  time: 151.9738  data: 129.8251  max mem: 30405
Epoch: [10]  [ 10/159]  eta: 0:43:39  lr: 0.000100  min_lr: 0.000100  loss: 0.0031 (0.0032)  weight_decay: 0.0500 (0.0500)  grad_norm: 0.0000 (0.0000)  time: 17.5811  data: 11.8025  max mem: 30405
Epoch: [10]  [ 20/159]  eta: 0:23:11  lr: 0.000100  min_lr: 0.000100  loss: 0.0031 (0.0032)  weight_decay: 0.0500 (0.0500)  grad_norm: 0.0000 (0.0000)  time: 2.9101  data: 0.0003  max mem: 30405
Epoch: [10]  [ 30/159]  eta: 0:15:43  lr: 0.000100  min_lr: 0.000100  loss: 0.0033 (0.0032)  weight_decay: 0.0500 (0.0500)  grad_norm: 0.0000 (0.0000)  time: 1.6717  data: 0.0002  max mem: 30405
Epoch: [10]  [ 40/159]  eta: 0:11:46  lr: 0.000100  min_lr: 0.000100  loss: 0.0033 (0.0033)  weight_decay: 0.0500 (0.0500)  grad_norm: 0.0000 (0.0000)  time: 1.6582  data: 0.0002  max mem: 30405
Epoch: [10]  [ 50/159]  eta: 0:09:15  lr: 0.000100  min_lr: 0.000100  loss: 0.0033 (0.0033)  weight_decay: 0.0500 (0.0500)  grad_norm: 0.0000 (0.0000)  time: 1.6523  data: 0.0002  max mem: 30405
Epoch: [10]  [ 60/159]  eta: 0:07:29  lr: 0.000100  min_lr: 0.000100  loss: 0.0032 (0.0032)  weight_decay: 0.0500 (0.0500)  grad_norm: 0.0000 (0.0000)  time: 1.6836  data: 0.0002  max mem: 30405
Epoch: [10]  [ 70/159]  eta: 0:06:07  lr: 0.000100  min_lr: 0.000100  loss: 0.0032 (0.0032)  weight_decay: 0.0500 (0.0500)  grad_norm: 0.0000 (0.0000)  time: 1.6749  data: 0.0002  max mem: 30405
Epoch: [10]  [ 80/159]  eta: 0:05:02  lr: 0.000100  min_lr: 0.000100  loss: 0.0032 (0.0032)  weight_decay: 0.0500 (0.0500)  grad_norm: 0.0000 (0.0000)  time: 1.6468  data: 0.0003  max mem: 30405
Epoch: [10]  [ 90/159]  eta: 0:04:07  lr: 0.000100  min_lr: 0.000100  loss: 0.0031 (0.0032)  weight_decay: 0.0500 (0.0500)  grad_norm: 0.0000 (0.0000)  time: 1.6641  data: 0.0002  max mem: 30405
Epoch: [10]  [100/159]  eta: 0:03:20  lr: 0.000100  min_lr: 0.000100  loss: 0.0032 (0.0032)  weight_decay: 0.0500 (0.0500)  grad_norm: 0.0000 (0.0000)  time: 1.6751  data: 0.0002  max mem: 30405
Epoch: [10]  [110/159]  eta: 0:02:39  lr: 0.000100  min_lr: 0.000100  loss: 0.0032 (0.0032)  weight_decay: 0.0500 (0.0500)  grad_norm: 0.0000 (0.0000)  time: 1.6802  data: 0.0002  max mem: 30405
Epoch: [10]  [120/159]  eta: 0:02:01  lr: 0.000100  min_lr: 0.000100  loss: 0.0032 (0.0032)  weight_decay: 0.0500 (0.0500)  grad_norm: 0.0000 (0.0000)  time: 1.6633  data: 0.0002  max mem: 30405
Epoch: [10]  [130/159]  eta: 0:01:27  lr: 0.000100  min_lr: 0.000100  loss: 0.0032 (0.0032)  weight_decay: 0.0500 (0.0500)  grad_norm: 0.0000 (0.0000)  time: 1.6967  data: 0.0003  max mem: 30405
Epoch: [10]  [140/159]  eta: 0:00:55  lr: 0.000100  min_lr: 0.000100  loss: 0.0032 (0.0032)  weight_decay: 0.0500 (0.0500)  grad_norm: 0.0000 (0.0000)  time: 1.6966  data: 0.0002  max mem: 30405
Epoch: [10]  [150/159]  eta: 0:00:25  lr: 0.000100  min_lr: 0.000100  loss: 0.0032 (0.0032)  weight_decay: 0.0500 (0.0500)  grad_norm: 0.0000 (0.0000)  time: 1.6477  data: 0.0002  max mem: 30405
Epoch: [10]  [158/159]  eta: 0:00:02  lr: 0.000100  min_lr: 0.000100  loss: 0.0033 (0.0032)  weight_decay: 0.0500 (0.0500)  grad_norm: 0.0000 (0.0000)  time: 1.6584  data: 0.0002  max mem: 30405
Epoch: [10] Total time: 0:07:21 (2.7783 s / it)
Averaged stats: lr: 0.000100  min_lr: 0.000100  loss: 0.0033 (0.0032)  weight_decay: 0.0500 (0.0500)  grad_norm: 0.0000 (0.0000)
[Eval]   [0/2]  eta: 0:00:45  loss: 0.0028 (0.0028)  time: 22.7693  data: 21.9845  max mem: 30405
[Eval]   [1/2]  eta: 0:00:11  loss: 0.0028 (0.0033)  time: 11.6918  data: 10.9924  max mem: 30405
[Eval]  Total time: 0:00:23 (11.9975 s / it)
Eval averaged stats: loss: 0.0028 (0.0032)
Logged 9 eval images
Epoch: [11]  [  0/159]  eta: 5:11:02  lr: 0.000100  min_lr: 0.000100  loss: 0.0033 (0.0033)  weight_decay: 0.0500 (0.0500)  grad_norm: 0.0000 (0.0000)  time: 117.3744  data: 97.8475  max mem: 30405
Epoch: [11]  [ 10/159]  eta: 0:32:05  lr: 0.000100  min_lr: 0.000100  loss: 0.0032 (0.0033)  weight_decay: 0.0500 (0.0500)  grad_norm: 0.0000 (0.0000)  time: 12.9232  data: 8.8955  max mem: 30405
Epoch: [11]  [ 20/159]  eta: 0:17:35  lr: 0.000100  min_lr: 0.000100  loss: 0.0031 (0.0032)  weight_decay: 0.0500 (0.0500)  grad_norm: 0.0000 (0.0000)  time: 2.1050  data: 0.0004  max mem: 30405
Epoch: [11]  [ 30/159]  eta: 0:12:13  lr: 0.000100  min_lr: 0.000100  loss: 0.0031 (0.0032)  weight_decay: 0.0500 (0.0500)  grad_norm: 0.0000 (0.0000)  time: 1.7082  data: 0.0004  max mem: 30405
Epoch: [11]  [ 40/159]  eta: 0:09:20  lr: 0.000100  min_lr: 0.000100  loss: 0.0031 (0.0032)  weight_decay: 0.0500 (0.0500)  grad_norm: 0.0000 (0.0000)  time: 1.6823  data: 0.0002  max mem: 30405
Epoch: [11]  [ 50/159]  eta: 0:07:29  lr: 0.000100  min_lr: 0.000100  loss: 0.0032 (0.0032)  weight_decay: 0.0500 (0.0500)  grad_norm: 0.0000 (0.0000)  time: 1.6953  data: 0.0002  max mem: 30405
Epoch: [11]  [ 60/159]  eta: 0:06:08  lr: 0.000100  min_lr: 0.000100  loss: 0.0032 (0.0032)  weight_decay: 0.0500 (0.0500)  grad_norm: 0.0000 (0.0000)  time: 1.6881  data: 0.0002  max mem: 30405
Epoch: [11]  [ 70/159]  eta: 0:05:05  lr: 0.000100  min_lr: 0.000100  loss: 0.0032 (0.0032)  weight_decay: 0.0500 (0.0500)  grad_norm: 0.0000 (0.0000)  time: 1.6587  data: 0.0002  max mem: 30405
Epoch: [11]  [ 80/159]  eta: 0:04:13  lr: 0.000100  min_lr: 0.000100  loss: 0.0031 (0.0032)  weight_decay: 0.0500 (0.0500)  grad_norm: 0.0000 (0.0000)  time: 1.6695  data: 0.0003  max mem: 30405
Epoch: [11]  [ 90/159]  eta: 0:03:30  lr: 0.000100  min_lr: 0.000100  loss: 0.0031 (0.0032)  weight_decay: 0.0500 (0.0500)  grad_norm: 0.0000 (0.0000)  time: 1.6873  data: 0.0002  max mem: 30405
Epoch: [11]  [100/159]  eta: 0:02:51  lr: 0.000100  min_lr: 0.000100  loss: 0.0032 (0.0032)  weight_decay: 0.0500 (0.0500)  grad_norm: 0.0000 (0.0000)  time: 1.6774  data: 0.0002  max mem: 30405
Epoch: [11]  [110/159]  eta: 0:02:17  lr: 0.000100  min_lr: 0.000100  loss: 0.0033 (0.0032)  weight_decay: 0.0500 (0.0500)  grad_norm: 0.0000 (0.0000)  time: 1.6779  data: 0.0002  max mem: 30405
Epoch: [11]  [120/159]  eta: 0:01:45  lr: 0.000100  min_lr: 0.000100  loss: 0.0031 (0.0032)  weight_decay: 0.0500 (0.0500)  grad_norm: 0.0000 (0.0000)  time: 1.6733  data: 0.0002  max mem: 30405
Epoch: [11]  [130/159]  eta: 0:01:16  lr: 0.000100  min_lr: 0.000100  loss: 0.0031 (0.0032)  weight_decay: 0.0500 (0.0500)  grad_norm: 0.0000 (0.0000)  time: 1.6470  data: 0.0002  max mem: 30405
Epoch: [11]  [140/159]  eta: 0:00:48  lr: 0.000100  min_lr: 0.000100  loss: 0.0032 (0.0032)  weight_decay: 0.0500 (0.0500)  grad_norm: 0.0000 (0.0000)  time: 1.6446  data: 0.0002  max mem: 30405
Epoch: [11]  [150/159]  eta: 0:00:22  lr: 0.000100  min_lr: 0.000100  loss: 0.0032 (0.0032)  weight_decay: 0.0500 (0.0500)  grad_norm: 0.0000 (0.0000)  time: 1.6497  data: 0.0002  max mem: 30405
Epoch: [11]  [158/159]  eta: 0:00:02  lr: 0.000100  min_lr: 0.000100  loss: 0.0033 (0.0032)  weight_decay: 0.0500 (0.0500)  grad_norm: 0.0000 (0.0000)  time: 1.6713  data: 0.0002  max mem: 30405
Epoch: [11] Total time: 0:06:31 (2.4607 s / it)
Averaged stats: lr: 0.000100  min_lr: 0.000100  loss: 0.0033 (0.0032)  weight_decay: 0.0500 (0.0500)  grad_norm: 0.0000 (0.0000)
Epoch: [12]  [  0/159]  eta: 6:07:24  lr: 0.000100  min_lr: 0.000100  loss: 0.0032 (0.0032)  weight_decay: 0.0500 (0.0500)  grad_norm: 0.0000 (0.0000)  time: 138.6425  data: 120.8908  max mem: 30405
Epoch: [12]  [ 10/159]  eta: 0:36:17  lr: 0.000100  min_lr: 0.000100  loss: 0.0032 (0.0033)  weight_decay: 0.0500 (0.0500)  grad_norm: 0.0000 (0.0000)  time: 14.6135  data: 10.9903  max mem: 30405
Epoch: [12]  [ 20/159]  eta: 0:19:37  lr: 0.000100  min_lr: 0.000100  loss: 0.0033 (0.0033)  weight_decay: 0.0500 (0.0500)  grad_norm: 0.0000 (0.0000)  time: 1.9664  data: 0.0003  max mem: 30405
Epoch: [12]  [ 30/159]  eta: 0:13:31  lr: 0.000100  min_lr: 0.000100  loss: 0.0033 (0.0033)  weight_decay: 0.0500 (0.0500)  grad_norm: 0.0000 (0.0000)  time: 1.7102  data: 0.0003  max mem: 30405
Epoch: [12]  [ 40/159]  eta: 0:10:14  lr: 0.000100  min_lr: 0.000100  loss: 0.0034 (0.0033)  weight_decay: 0.0500 (0.0500)  grad_norm: 0.0000 (0.0000)  time: 1.6935  data: 0.0002  max mem: 30405
Epoch: [12]  [ 50/159]  eta: 0:08:09  lr: 0.000100  min_lr: 0.000100  loss: 0.0033 (0.0033)  weight_decay: 0.0500 (0.0500)  grad_norm: 0.0000 (0.0000)  time: 1.6994  data: 0.0002  max mem: 30405
Epoch: [12]  [ 60/159]  eta: 0:06:38  lr: 0.000100  min_lr: 0.000100  loss: 0.0032 (0.0033)  weight_decay: 0.0500 (0.0500)  grad_norm: 0.0000 (0.0000)  time: 1.6926  data: 0.0003  max mem: 30405
Epoch: [12]  [ 70/159]  eta: 0:05:29  lr: 0.000100  min_lr: 0.000100  loss: 0.0032 (0.0033)  weight_decay: 0.0500 (0.0500)  grad_norm: 0.0000 (0.0000)  time: 1.6762  data: 0.0002  max mem: 30405
Epoch: [12]  [ 80/159]  eta: 0:04:31  lr: 0.000100  min_lr: 0.000100  loss: 0.0032 (0.0033)  weight_decay: 0.0500 (0.0500)  grad_norm: 0.0000 (0.0000)  time: 1.6584  data: 0.0003  max mem: 30405
Epoch: [12]  [ 90/159]  eta: 0:03:43  lr: 0.000100  min_lr: 0.000100  loss: 0.0033 (0.0033)  weight_decay: 0.0500 (0.0500)  grad_norm: 0.0000 (0.0000)  time: 1.6379  data: 0.0003  max mem: 30405
Epoch: [12]  [100/159]  eta: 0:03:02  lr: 0.000100  min_lr: 0.000100  loss: 0.0033 (0.0033)  weight_decay: 0.0500 (0.0500)  grad_norm: 0.0000 (0.0000)  time: 1.6662  data: 0.0002  max mem: 30405
Epoch: [12]  [110/159]  eta: 0:02:25  lr: 0.000100  min_lr: 0.000100  loss: 0.0033 (0.0033)  weight_decay: 0.0500 (0.0500)  grad_norm: 0.0000 (0.0000)  time: 1.7004  data: 0.0002  max mem: 30405
Epoch: [12]  [120/159]  eta: 0:01:51  lr: 0.000100  min_lr: 0.000100  loss: 0.0032 (0.0033)  weight_decay: 0.0500 (0.0500)  grad_norm: 0.0000 (0.0000)  time: 1.6759  data: 0.0003  max mem: 30405
Epoch: [12]  [130/159]  eta: 0:01:20  lr: 0.000100  min_lr: 0.000100  loss: 0.0031 (0.0033)  weight_decay: 0.0500 (0.0500)  grad_norm: 0.0000 (0.0000)  time: 1.6677  data: 0.0021  max mem: 30405
Epoch: [12]  [140/159]  eta: 0:00:51  lr: 0.000100  min_lr: 0.000100  loss: 0.0032 (0.0033)  weight_decay: 0.0500 (0.0500)  grad_norm: 0.0000 (0.0000)  time: 1.6765  data: 0.0021  max mem: 30405
Epoch: [12]  [150/159]  eta: 0:00:23  lr: 0.000100  min_lr: 0.000100  loss: 0.0032 (0.0033)  weight_decay: 0.0500 (0.0500)  grad_norm: 0.0000 (0.0000)  time: 1.6719  data: 0.0002  max mem: 30405
Epoch: [12]  [158/159]  eta: 0:00:02  lr: 0.000100  min_lr: 0.000100  loss: 0.0031 (0.0032)  weight_decay: 0.0500 (0.0500)  grad_norm: 0.0000 (0.0000)  time: 1.6741  data: 0.0003  max mem: 30405
Epoch: [12] Total time: 0:06:50 (2.5819 s / it)
Averaged stats: lr: 0.000100  min_lr: 0.000100  loss: 0.0031 (0.0032)  weight_decay: 0.0500 (0.0500)  grad_norm: 0.0000 (0.0000)
Epoch: [13]  [  0/159]  eta: 6:00:05  lr: 0.000100  min_lr: 0.000100  loss: 0.0034 (0.0034)  weight_decay: 0.0500 (0.0500)  grad_norm: 0.0000 (0.0000)  time: 135.8825  data: 134.9004  max mem: 30405
Epoch: [13]  [ 10/159]  eta: 0:36:22  lr: 0.000100  min_lr: 0.000100  loss: 0.0031 (0.0032)  weight_decay: 0.0500 (0.0500)  grad_norm: 0.0000 (0.0000)  time: 14.6444  data: 12.5588  max mem: 30405
Epoch: [13]  [ 20/159]  eta: 0:19:40  lr: 0.000100  min_lr: 0.000100  loss: 0.0031 (0.0032)  weight_decay: 0.0500 (0.0500)  grad_norm: 0.0000 (0.0000)  time: 2.1224  data: 0.1624  max mem: 30405
Epoch: [13]  [ 30/159]  eta: 0:13:32  lr: 0.000100  min_lr: 0.000100  loss: 0.0032 (0.0032)  weight_decay: 0.0500 (0.0500)  grad_norm: 0.0000 (0.0000)  time: 1.7101  data: 0.0003  max mem: 30405
Epoch: [13]  [ 40/159]  eta: 0:10:15  lr: 0.000100  min_lr: 0.000100  loss: 0.0033 (0.0032)  weight_decay: 0.0500 (0.0500)  grad_norm: 0.0000 (0.0000)  time: 1.6912  data: 0.0003  max mem: 30405
Epoch: [13]  [ 50/159]  eta: 0:08:09  lr: 0.000100  min_lr: 0.000100  loss: 0.0033 (0.0032)  weight_decay: 0.0500 (0.0500)  grad_norm: 0.0000 (0.0000)  time: 1.6767  data: 0.0003  max mem: 30405
Epoch: [13]  [ 60/159]  eta: 0:06:38  lr: 0.000100  min_lr: 0.000100  loss: 0.0032 (0.0032)  weight_decay: 0.0500 (0.0500)  grad_norm: 0.0000 (0.0000)  time: 1.6745  data: 0.0002  max mem: 30405
Epoch: [13]  [ 70/159]  eta: 0:05:29  lr: 0.000100  min_lr: 0.000100  loss: 0.0032 (0.0032)  weight_decay: 0.0500 (0.0500)  grad_norm: 0.0000 (0.0000)  time: 1.6924  data: 0.0002  max mem: 30405
Epoch: [13]  [ 80/159]  eta: 0:04:32  lr: 0.000100  min_lr: 0.000100  loss: 0.0032 (0.0032)  weight_decay: 0.0500 (0.0500)  grad_norm: 0.0000 (0.0000)  time: 1.6906  data: 0.0012  max mem: 30405
Epoch: [13]  [ 90/159]  eta: 0:03:44  lr: 0.000100  min_lr: 0.000100  loss: 0.0032 (0.0032)  weight_decay: 0.0500 (0.0500)  grad_norm: 0.0000 (0.0000)  time: 1.6518  data: 0.0012  max mem: 30405
Epoch: [13]  [100/159]  eta: 0:03:02  lr: 0.000100  min_lr: 0.000100  loss: 0.0032 (0.0032)  weight_decay: 0.0500 (0.0500)  grad_norm: 0.0000 (0.0000)  time: 1.6590  data: 0.0002  max mem: 30405
Epoch: [13]  [110/159]  eta: 0:02:25  lr: 0.000100  min_lr: 0.000100  loss: 0.0031 (0.0032)  weight_decay: 0.0500 (0.0500)  grad_norm: 0.0000 (0.0000)  time: 1.6730  data: 0.0003  max mem: 30405
Epoch: [13]  [120/159]  eta: 0:01:51  lr: 0.000100  min_lr: 0.000100  loss: 0.0032 (0.0032)  weight_decay: 0.0500 (0.0500)  grad_norm: 0.0000 (0.0000)  time: 1.6348  data: 0.0003  max mem: 30405
Epoch: [13]  [130/159]  eta: 0:01:19  lr: 0.000100  min_lr: 0.000100  loss: 0.0031 (0.0032)  weight_decay: 0.0500 (0.0500)  grad_norm: 0.0000 (0.0000)  time: 1.6035  data: 0.0002  max mem: 30405
Epoch: [13]  [140/159]  eta: 0:00:50  lr: 0.000100  min_lr: 0.000100  loss: 0.0031 (0.0032)  weight_decay: 0.0500 (0.0500)  grad_norm: 0.0000 (0.0000)  time: 1.6365  data: 0.0003  max mem: 30405
Epoch: [13]  [150/159]  eta: 0:00:23  lr: 0.000100  min_lr: 0.000100  loss: 0.0032 (0.0032)  weight_decay: 0.0500 (0.0500)  grad_norm: 0.0000 (0.0000)  time: 1.6436  data: 0.0003  max mem: 30405
Epoch: [13]  [158/159]  eta: 0:00:02  lr: 0.000100  min_lr: 0.000100  loss: 0.0032 (0.0032)  weight_decay: 0.0500 (0.0500)  grad_norm: 0.0000 (0.0000)  time: 1.6152  data: 0.0003  max mem: 30405
Epoch: [13] Total time: 0:06:48 (2.5664 s / it)
Averaged stats: lr: 0.000100  min_lr: 0.000100  loss: 0.0032 (0.0032)  weight_decay: 0.0500 (0.0500)  grad_norm: 0.0000 (0.0000)
Epoch: [14]  [  0/159]  eta: 4:57:17  lr: 0.000100  min_lr: 0.000100  loss: 0.0030 (0.0030)  weight_decay: 0.0500 (0.0500)  grad_norm: 0.0000 (0.0000)  time: 112.1885  data: 75.2382  max mem: 30405
Epoch: [14]  [ 10/159]  eta: 0:32:02  lr: 0.000099  min_lr: 0.000099  loss: 0.0031 (0.0032)  weight_decay: 0.0500 (0.0500)  grad_norm: 0.0000 (0.0000)  time: 12.9043  data: 6.8402  max mem: 30405
Epoch: [14]  [ 20/159]  eta: 0:17:30  lr: 0.000099  min_lr: 0.000099  loss: 0.0032 (0.0032)  weight_decay: 0.0500 (0.0500)  grad_norm: 0.0000 (0.0000)  time: 2.3287  data: 0.0004  max mem: 30405
Epoch: [14]  [ 30/159]  eta: 0:12:09  lr: 0.000099  min_lr: 0.000099  loss: 0.0032 (0.0032)  weight_decay: 0.0500 (0.0500)  grad_norm: 0.0000 (0.0000)  time: 1.6725  data: 0.0003  max mem: 30405
Epoch: [14]  [ 40/159]  eta: 0:09:17  lr: 0.000099  min_lr: 0.000099  loss: 0.0032 (0.0032)  weight_decay: 0.0500 (0.0500)  grad_norm: 0.0000 (0.0000)  time: 1.6584  data: 0.0003  max mem: 30405
Epoch: [14]  [ 50/159]  eta: 0:07:25  lr: 0.000099  min_lr: 0.000099  loss: 0.0032 (0.0032)  weight_decay: 0.0500 (0.0500)  grad_norm: 0.0000 (0.0000)  time: 1.6496  data: 0.0002  max mem: 30405
Epoch: [14]  [ 60/159]  eta: 0:06:04  lr: 0.000099  min_lr: 0.000099  loss: 0.0032 (0.0032)  weight_decay: 0.0500 (0.0500)  grad_norm: 0.0000 (0.0000)  time: 1.6290  data: 0.0002  max mem: 30405
Epoch: [14]  [ 70/159]  eta: 0:05:01  lr: 0.000099  min_lr: 0.000099  loss: 0.0032 (0.0032)  weight_decay: 0.0500 (0.0500)  grad_norm: 0.0000 (0.0000)  time: 1.6222  data: 0.0002  max mem: 30405
Epoch: [14]  [ 80/159]  eta: 0:04:10  lr: 0.000099  min_lr: 0.000099  loss: 0.0032 (0.0032)  weight_decay: 0.0500 (0.0500)  grad_norm: 0.0000 (0.0000)  time: 1.6324  data: 0.0002  max mem: 30405
Epoch: [14]  [ 90/159]  eta: 0:03:27  lr: 0.000099  min_lr: 0.000099  loss: 0.0032 (0.0032)  weight_decay: 0.0500 (0.0500)  grad_norm: 0.0000 (0.0000)  time: 1.6386  data: 0.0002  max mem: 30405
Epoch: [14]  [100/159]  eta: 0:02:49  lr: 0.000099  min_lr: 0.000099  loss: 0.0032 (0.0032)  weight_decay: 0.0500 (0.0500)  grad_norm: 0.0000 (0.0000)  time: 1.6327  data: 0.0002  max mem: 30405
Epoch: [14]  [110/159]  eta: 0:02:15  lr: 0.000099  min_lr: 0.000099  loss: 0.0032 (0.0032)  weight_decay: 0.0500 (0.0500)  grad_norm: 0.0000 (0.0000)  time: 1.6261  data: 0.0005  max mem: 30405
Epoch: [14]  [120/159]  eta: 0:01:44  lr: 0.000099  min_lr: 0.000099  loss: 0.0032 (0.0032)  weight_decay: 0.0500 (0.0500)  grad_norm: 0.0000 (0.0000)  time: 1.6436  data: 0.0005  max mem: 30405
Epoch: [14]  [130/159]  eta: 0:01:15  lr: 0.000099  min_lr: 0.000099  loss: 0.0032 (0.0032)  weight_decay: 0.0500 (0.0500)  grad_norm: 0.0000 (0.0000)  time: 1.6470  data: 0.0002  max mem: 30405
Epoch: [14]  [140/159]  eta: 0:00:47  lr: 0.000099  min_lr: 0.000099  loss: 0.0031 (0.0032)  weight_decay: 0.0500 (0.0500)  grad_norm: 0.0000 (0.0000)  time: 1.6323  data: 0.0002  max mem: 30405
Epoch: [14]  [150/159]  eta: 0:00:22  lr: 0.000099  min_lr: 0.000099  loss: 0.0031 (0.0032)  weight_decay: 0.0500 (0.0500)  grad_norm: 0.0000 (0.0000)  time: 1.6133  data: 0.0002  max mem: 30405
Epoch: [14]  [158/159]  eta: 0:00:02  lr: 0.000099  min_lr: 0.000099  loss: 0.0031 (0.0032)  weight_decay: 0.0500 (0.0500)  grad_norm: 0.0000 (0.0000)  time: 1.6278  data: 0.0002  max mem: 30405
Epoch: [14] Total time: 0:06:25 (2.4257 s / it)
Averaged stats: lr: 0.000099  min_lr: 0.000099  loss: 0.0031 (0.0032)  weight_decay: 0.0500 (0.0500)  grad_norm: 0.0000 (0.0000)
Epoch: [15]  [  0/159]  eta: 6:03:15  lr: 0.000099  min_lr: 0.000099  loss: 0.0030 (0.0030)  weight_decay: 0.0500 (0.0500)  grad_norm: 0.0000 (0.0000)  time: 137.0795  data: 103.5750  max mem: 30405
Epoch: [15]  [ 10/159]  eta: 0:36:13  lr: 0.000099  min_lr: 0.000099  loss: 0.0032 (0.0032)  weight_decay: 0.0500 (0.0500)  grad_norm: 0.0000 (0.0000)  time: 14.5842  data: 9.4161  max mem: 30405
Epoch: [15]  [ 20/159]  eta: 0:19:32  lr: 0.000099  min_lr: 0.000099  loss: 0.0032 (0.0032)  weight_decay: 0.0500 (0.0500)  grad_norm: 0.0000 (0.0000)  time: 2.0038  data: 0.0002  max mem: 30405
Epoch: [15]  [ 30/159]  eta: 0:13:24  lr: 0.000099  min_lr: 0.000099  loss: 0.0032 (0.0032)  weight_decay: 0.0500 (0.0500)  grad_norm: 0.0000 (0.0000)  time: 1.6419  data: 0.0005  max mem: 30405
Epoch: [15]  [ 40/159]  eta: 0:10:06  lr: 0.000099  min_lr: 0.000099  loss: 0.0033 (0.0032)  weight_decay: 0.0500 (0.0500)  grad_norm: 0.0000 (0.0000)  time: 1.5941  data: 0.0006  max mem: 30405
Epoch: [15]  [ 50/159]  eta: 0:08:00  lr: 0.000099  min_lr: 0.000099  loss: 0.0032 (0.0032)  weight_decay: 0.0500 (0.0500)  grad_norm: 0.0000 (0.0000)  time: 1.5815  data: 0.0002  max mem: 30405
Epoch: [15]  [ 60/159]  eta: 0:06:31  lr: 0.000099  min_lr: 0.000099  loss: 0.0032 (0.0032)  weight_decay: 0.0500 (0.0500)  grad_norm: 0.0000 (0.0000)  time: 1.6225  data: 0.0002  max mem: 30405
Epoch: [15]  [ 70/159]  eta: 0:05:22  lr: 0.000099  min_lr: 0.000099  loss: 0.0032 (0.0032)  weight_decay: 0.0500 (0.0500)  grad_norm: 0.0000 (0.0000)  time: 1.6331  data: 0.0002  max mem: 30405
Epoch: [15]  [ 80/159]  eta: 0:04:26  lr: 0.000099  min_lr: 0.000099  loss: 0.0033 (0.0032)  weight_decay: 0.0500 (0.0500)  grad_norm: 0.0000 (0.0000)  time: 1.6099  data: 0.0002  max mem: 30405
Epoch: [15]  [ 90/159]  eta: 0:03:40  lr: 0.000099  min_lr: 0.000099  loss: 0.0033 (0.0032)  weight_decay: 0.0500 (0.0500)  grad_norm: 0.0000 (0.0000)  time: 1.6344  data: 0.0002  max mem: 30405
Epoch: [15]  [100/159]  eta: 0:02:58  lr: 0.000099  min_lr: 0.000099  loss: 0.0033 (0.0032)  weight_decay: 0.0500 (0.0500)  grad_norm: 0.0000 (0.0000)  time: 1.6177  data: 0.0002  max mem: 30405
Epoch: [15]  [110/159]  eta: 0:02:22  lr: 0.000099  min_lr: 0.000099  loss: 0.0032 (0.0032)  weight_decay: 0.0500 (0.0500)  grad_norm: 0.0000 (0.0000)  time: 1.5974  data: 0.0002  max mem: 30405
Epoch: [15]  [120/159]  eta: 0:01:49  lr: 0.000099  min_lr: 0.000099  loss: 0.0032 (0.0032)  weight_decay: 0.0500 (0.0500)  grad_norm: 0.0000 (0.0000)  time: 1.6216  data: 0.0002  max mem: 30405
Epoch: [15]  [130/159]  eta: 0:01:18  lr: 0.000099  min_lr: 0.000099  loss: 0.0033 (0.0032)  weight_decay: 0.0500 (0.0500)  grad_norm: 0.0000 (0.0000)  time: 1.6537  data: 0.0002  max mem: 30405
Epoch: [15]  [140/159]  eta: 0:00:50  lr: 0.000099  min_lr: 0.000099  loss: 0.0033 (0.0032)  weight_decay: 0.0500 (0.0500)  grad_norm: 0.0000 (0.0000)  time: 1.6478  data: 0.0002  max mem: 30405
Epoch: [15]  [150/159]  eta: 0:00:23  lr: 0.000099  min_lr: 0.000099  loss: 0.0033 (0.0032)  weight_decay: 0.0500 (0.0500)  grad_norm: 0.0000 (0.0000)  time: 1.6133  data: 0.0002  max mem: 30405
Epoch: [15]  [158/159]  eta: 0:00:02  lr: 0.000099  min_lr: 0.000099  loss: 0.0032 (0.0032)  weight_decay: 0.0500 (0.0500)  grad_norm: 0.0000 (0.0000)  time: 1.6267  data: 0.0002  max mem: 30405
Epoch: [15] Total time: 0:06:42 (2.5286 s / it)
Averaged stats: lr: 0.000099  min_lr: 0.000099  loss: 0.0032 (0.0032)  weight_decay: 0.0500 (0.0500)  grad_norm: 0.0000 (0.0000)
Epoch: [16]  [  0/159]  eta: 5:33:44  lr: 0.000099  min_lr: 0.000099  loss: 0.0030 (0.0030)  weight_decay: 0.0500 (0.0500)  grad_norm: 0.0000 (0.0000)  time: 125.9395  data: 106.4600  max mem: 30405
Epoch: [16]  [ 10/159]  eta: 0:33:24  lr: 0.000099  min_lr: 0.000099  loss: 0.0033 (0.0033)  weight_decay: 0.0500 (0.0500)  grad_norm: 0.0000 (0.0000)  time: 13.4548  data: 9.6784  max mem: 30405
Epoch: [16]  [ 20/159]  eta: 0:18:16  lr: 0.000099  min_lr: 0.000099  loss: 0.0032 (0.0032)  weight_decay: 0.0500 (0.0500)  grad_norm: 0.0000 (0.0000)  time: 1.9846  data: 0.0002  max mem: 30405
Epoch: [16]  [ 30/159]  eta: 0:12:37  lr: 0.000099  min_lr: 0.000099  loss: 0.0032 (0.0032)  weight_decay: 0.0500 (0.0500)  grad_norm: 0.0000 (0.0000)  time: 1.7028  data: 0.0002  max mem: 30405
Epoch: [16]  [ 40/159]  eta: 0:09:38  lr: 0.000099  min_lr: 0.000099  loss: 0.0033 (0.0032)  weight_decay: 0.0500 (0.0500)  grad_norm: 0.0000 (0.0000)  time: 1.6791  data: 0.0002  max mem: 30405
Epoch: [16]  [ 50/159]  eta: 0:07:41  lr: 0.000099  min_lr: 0.000099  loss: 0.0033 (0.0033)  weight_decay: 0.0500 (0.0500)  grad_norm: 0.0000 (0.0000)  time: 1.6821  data: 0.0002  max mem: 30405
Epoch: [16]  [ 60/159]  eta: 0:06:17  lr: 0.000099  min_lr: 0.000099  loss: 0.0033 (0.0033)  weight_decay: 0.0500 (0.0500)  grad_norm: 0.0000 (0.0000)  time: 1.6597  data: 0.0002  max mem: 30405
Epoch: [16]  [ 70/159]  eta: 0:05:11  lr: 0.000099  min_lr: 0.000099  loss: 0.0033 (0.0033)  weight_decay: 0.0500 (0.0500)  grad_norm: 0.0000 (0.0000)  time: 1.6519  data: 0.0002  max mem: 30405
Epoch: [16]  [ 80/159]  eta: 0:04:18  lr: 0.000099  min_lr: 0.000099  loss: 0.0032 (0.0033)  weight_decay: 0.0500 (0.0500)  grad_norm: 0.0000 (0.0000)  time: 1.6484  data: 0.0002  max mem: 30405
Epoch: [16]  [ 90/159]  eta: 0:03:33  lr: 0.000099  min_lr: 0.000099  loss: 0.0031 (0.0033)  weight_decay: 0.0500 (0.0500)  grad_norm: 0.0000 (0.0000)  time: 1.6600  data: 0.0002  max mem: 30405
Epoch: [16]  [100/159]  eta: 0:02:54  lr: 0.000099  min_lr: 0.000099  loss: 0.0031 (0.0033)  weight_decay: 0.0500 (0.0500)  grad_norm: 0.0000 (0.0000)  time: 1.6478  data: 0.0002  max mem: 30405
Epoch: [16]  [110/159]  eta: 0:02:19  lr: 0.000099  min_lr: 0.000099  loss: 0.0032 (0.0032)  weight_decay: 0.0500 (0.0500)  grad_norm: 0.0000 (0.0000)  time: 1.6497  data: 0.0002  max mem: 30405
Epoch: [16]  [120/159]  eta: 0:01:46  lr: 0.000099  min_lr: 0.000099  loss: 0.0032 (0.0032)  weight_decay: 0.0500 (0.0500)  grad_norm: 0.0000 (0.0000)  time: 1.6508  data: 0.0002  max mem: 30405
Epoch: [16]  [130/159]  eta: 0:01:16  lr: 0.000099  min_lr: 0.000099  loss: 0.0032 (0.0033)  weight_decay: 0.0500 (0.0500)  grad_norm: 0.0000 (0.0000)  time: 1.6386  data: 0.0002  max mem: 30405
Epoch: [16]  [140/159]  eta: 0:00:49  lr: 0.000099  min_lr: 0.000099  loss: 0.0033 (0.0033)  weight_decay: 0.0500 (0.0500)  grad_norm: 0.0000 (0.0000)  time: 1.6477  data: 0.0002  max mem: 30405
Epoch: [16]  [150/159]  eta: 0:00:22  lr: 0.000099  min_lr: 0.000099  loss: 0.0033 (0.0033)  weight_decay: 0.0500 (0.0500)  grad_norm: 0.0000 (0.0000)  time: 1.6737  data: 0.0003  max mem: 30405
Epoch: [16]  [158/159]  eta: 0:00:02  lr: 0.000099  min_lr: 0.000099  loss: 0.0033 (0.0033)  weight_decay: 0.0500 (0.0500)  grad_norm: 0.0000 (0.0000)  time: 1.6815  data: 0.0003  max mem: 30405
Epoch: [16] Total time: 0:06:35 (2.4904 s / it)
Averaged stats: lr: 0.000099  min_lr: 0.000099  loss: 0.0033 (0.0032)  weight_decay: 0.0500 (0.0500)  grad_norm: 0.0000 (0.0000)
Epoch: [17]  [  0/159]  eta: 5:52:54  lr: 0.000099  min_lr: 0.000099  loss: 0.0030 (0.0030)  weight_decay: 0.0500 (0.0500)  grad_norm: 0.0000 (0.0000)  time: 133.1725  data: 92.1434  max mem: 30405
Epoch: [17]  [ 10/159]  eta: 0:34:40  lr: 0.000098  min_lr: 0.000098  loss: 0.0032 (0.0032)  weight_decay: 0.0500 (0.0500)  grad_norm: 0.0000 (0.0000)  time: 13.9646  data: 8.3769  max mem: 30405
Epoch: [17]  [ 20/159]  eta: 0:18:47  lr: 0.000098  min_lr: 0.000098  loss: 0.0032 (0.0032)  weight_decay: 0.0500 (0.0500)  grad_norm: 0.0000 (0.0000)  time: 1.8553  data: 0.0002  max mem: 30405
Epoch: [17]  [ 30/159]  eta: 0:12:57  lr: 0.000098  min_lr: 0.000098  loss: 0.0031 (0.0031)  weight_decay: 0.0500 (0.0500)  grad_norm: 0.0000 (0.0000)  time: 1.6594  data: 0.0002  max mem: 30405
Epoch: [17]  [ 40/159]  eta: 0:09:50  lr: 0.000098  min_lr: 0.000098  loss: 0.0032 (0.0032)  weight_decay: 0.0500 (0.0500)  grad_norm: 0.0000 (0.0000)  time: 1.6585  data: 0.0002  max mem: 30405
Epoch: [17]  [ 50/159]  eta: 0:07:51  lr: 0.000098  min_lr: 0.000098  loss: 0.0032 (0.0032)  weight_decay: 0.0500 (0.0500)  grad_norm: 0.0000 (0.0000)  time: 1.6866  data: 0.0002  max mem: 30405
Epoch: [17]  [ 60/159]  eta: 0:06:24  lr: 0.000098  min_lr: 0.000098  loss: 0.0032 (0.0032)  weight_decay: 0.0500 (0.0500)  grad_norm: 0.0000 (0.0000)  time: 1.6624  data: 0.0003  max mem: 30405
Epoch: [17]  [ 70/159]  eta: 0:05:17  lr: 0.000098  min_lr: 0.000098  loss: 0.0032 (0.0032)  weight_decay: 0.0500 (0.0500)  grad_norm: 0.0000 (0.0000)  time: 1.6284  data: 0.0002  max mem: 30405
Epoch: [17]  [ 80/159]  eta: 0:04:22  lr: 0.000098  min_lr: 0.000098  loss: 0.0032 (0.0032)  weight_decay: 0.0500 (0.0500)  grad_norm: 0.0000 (0.0000)  time: 1.6443  data: 0.0002  max mem: 30405
Epoch: [17]  [ 90/159]  eta: 0:03:37  lr: 0.000098  min_lr: 0.000098  loss: 0.0033 (0.0032)  weight_decay: 0.0500 (0.0500)  grad_norm: 0.0000 (0.0000)  time: 1.6658  data: 0.0002  max mem: 30405
Epoch: [17]  [100/159]  eta: 0:02:57  lr: 0.000098  min_lr: 0.000098  loss: 0.0033 (0.0032)  weight_decay: 0.0500 (0.0500)  grad_norm: 0.0000 (0.0000)  time: 1.6969  data: 0.0002  max mem: 30405
Epoch: [17]  [110/159]  eta: 0:02:21  lr: 0.000098  min_lr: 0.000098  loss: 0.0031 (0.0032)  weight_decay: 0.0500 (0.0500)  grad_norm: 0.0000 (0.0000)  time: 1.6837  data: 0.0002  max mem: 30405
Epoch: [17]  [120/159]  eta: 0:01:48  lr: 0.000098  min_lr: 0.000098  loss: 0.0031 (0.0032)  weight_decay: 0.0500 (0.0500)  grad_norm: 0.0000 (0.0000)  time: 1.6965  data: 0.0002  max mem: 30405
Epoch: [17]  [130/159]  eta: 0:01:18  lr: 0.000098  min_lr: 0.000098  loss: 0.0031 (0.0032)  weight_decay: 0.0500 (0.0500)  grad_norm: 0.0000 (0.0000)  time: 1.7198  data: 0.0002  max mem: 30405
Epoch: [17]  [140/159]  eta: 0:00:50  lr: 0.000098  min_lr: 0.000098  loss: 0.0031 (0.0032)  weight_decay: 0.0500 (0.0500)  grad_norm: 0.0000 (0.0000)  time: 1.6880  data: 0.0003  max mem: 30405
Epoch: [17]  [150/159]  eta: 0:00:23  lr: 0.000098  min_lr: 0.000098  loss: 0.0032 (0.0032)  weight_decay: 0.0500 (0.0500)  grad_norm: 0.0000 (0.0000)  time: 1.6574  data: 0.0003  max mem: 30405
Epoch: [17]  [158/159]  eta: 0:00:02  lr: 0.000098  min_lr: 0.000098  loss: 0.0033 (0.0032)  weight_decay: 0.0500 (0.0500)  grad_norm: 0.0000 (0.0000)  time: 1.6830  data: 0.0002  max mem: 30405
Epoch: [17] Total time: 0:06:42 (2.5335 s / it)
Averaged stats: lr: 0.000098  min_lr: 0.000098  loss: 0.0033 (0.0032)  weight_decay: 0.0500 (0.0500)  grad_norm: 0.0000 (0.0000)
Epoch: [18]  [  0/159]  eta: 5:23:23  lr: 0.000098  min_lr: 0.000098  loss: 0.0030 (0.0030)  weight_decay: 0.0500 (0.0500)  grad_norm: 0.0000 (0.0000)  time: 122.0341  data: 81.4516  max mem: 30405
Epoch: [18]  [ 10/159]  eta: 0:35:34  lr: 0.000098  min_lr: 0.000098  loss: 0.0033 (0.0032)  weight_decay: 0.0500 (0.0500)  grad_norm: 0.0000 (0.0000)  time: 14.3256  data: 7.9844  max mem: 30405
Epoch: [18]  [ 20/159]  eta: 0:19:25  lr: 0.000098  min_lr: 0.000098  loss: 0.0032 (0.0032)  weight_decay: 0.0500 (0.0500)  grad_norm: 0.0000 (0.0000)  time: 2.7047  data: 0.3190  max mem: 30405
Epoch: [18]  [ 30/159]  eta: 0:13:23  lr: 0.000098  min_lr: 0.000098  loss: 0.0032 (0.0032)  weight_decay: 0.0500 (0.0500)  grad_norm: 0.0000 (0.0000)  time: 1.7721  data: 0.0003  max mem: 30405
Epoch: [18]  [ 40/159]  eta: 0:10:08  lr: 0.000098  min_lr: 0.000098  loss: 0.0033 (0.0033)  weight_decay: 0.0500 (0.0500)  grad_norm: 0.0000 (0.0000)  time: 1.6815  data: 0.0002  max mem: 30405
Epoch: [18]  [ 50/159]  eta: 0:08:04  lr: 0.000098  min_lr: 0.000098  loss: 0.0033 (0.0032)  weight_decay: 0.0500 (0.0500)  grad_norm: 0.0000 (0.0000)  time: 1.6906  data: 0.0002  max mem: 30405
Epoch: [18]  [ 60/159]  eta: 0:06:36  lr: 0.000098  min_lr: 0.000098  loss: 0.0032 (0.0032)  weight_decay: 0.0500 (0.0500)  grad_norm: 0.0000 (0.0000)  time: 1.7133  data: 0.0003  max mem: 30405
Epoch: [18]  [ 70/159]  eta: 0:05:27  lr: 0.000098  min_lr: 0.000098  loss: 0.0033 (0.0033)  weight_decay: 0.0500 (0.0500)  grad_norm: 0.0000 (0.0000)  time: 1.7079  data: 0.0003  max mem: 30405
Epoch: [18]  [ 80/159]  eta: 0:04:30  lr: 0.000098  min_lr: 0.000098  loss: 0.0033 (0.0032)  weight_decay: 0.0500 (0.0500)  grad_norm: 0.0000 (0.0000)  time: 1.6897  data: 0.0002  max mem: 30405
Epoch: [18]  [ 90/159]  eta: 0:03:43  lr: 0.000098  min_lr: 0.000098  loss: 0.0032 (0.0032)  weight_decay: 0.0500 (0.0500)  grad_norm: 0.0000 (0.0000)  time: 1.7012  data: 0.0002  max mem: 30405
Epoch: [18]  [100/159]  eta: 0:03:02  lr: 0.000098  min_lr: 0.000098  loss: 0.0033 (0.0032)  weight_decay: 0.0500 (0.0500)  grad_norm: 0.0000 (0.0000)  time: 1.7317  data: 0.0002  max mem: 30405
Epoch: [18]  [110/159]  eta: 0:02:25  lr: 0.000098  min_lr: 0.000098  loss: 0.0032 (0.0032)  weight_decay: 0.0500 (0.0500)  grad_norm: 0.0000 (0.0000)  time: 1.7200  data: 0.0002  max mem: 30405
Epoch: [18]  [120/159]  eta: 0:01:51  lr: 0.000098  min_lr: 0.000098  loss: 0.0032 (0.0032)  weight_decay: 0.0500 (0.0500)  grad_norm: 0.0000 (0.0000)  time: 1.6936  data: 0.0003  max mem: 30405
Epoch: [18]  [130/159]  eta: 0:01:20  lr: 0.000098  min_lr: 0.000098  loss: 0.0032 (0.0032)  weight_decay: 0.0500 (0.0500)  grad_norm: 0.0000 (0.0000)  time: 1.7013  data: 0.0003  max mem: 30405
Epoch: [18]  [140/159]  eta: 0:00:51  lr: 0.000098  min_lr: 0.000098  loss: 0.0031 (0.0032)  weight_decay: 0.0500 (0.0500)  grad_norm: 0.0000 (0.0000)  time: 1.7203  data: 0.0002  max mem: 30405
Epoch: [18]  [150/159]  eta: 0:00:23  lr: 0.000098  min_lr: 0.000098  loss: 0.0033 (0.0032)  weight_decay: 0.0500 (0.0500)  grad_norm: 0.0000 (0.0000)  time: 1.7118  data: 0.0003  max mem: 30405
Epoch: [18]  [158/159]  eta: 0:00:02  lr: 0.000098  min_lr: 0.000098  loss: 0.0033 (0.0032)  weight_decay: 0.0500 (0.0500)  grad_norm: 0.0000 (0.0000)  time: 1.7414  data: 0.0003  max mem: 30405
Epoch: [18] Total time: 0:06:52 (2.5960 s / it)
Averaged stats: lr: 0.000098  min_lr: 0.000098  loss: 0.0033 (0.0032)  weight_decay: 0.0500 (0.0500)  grad_norm: 0.0000 (0.0000)
Epoch: [19]  [  0/159]  eta: 5:37:22  lr: 0.000098  min_lr: 0.000098  loss: 0.0030 (0.0030)  weight_decay: 0.0500 (0.0500)  grad_norm: 0.0000 (0.0000)  time: 127.3115  data: 115.5023  max mem: 30405
Epoch: [19]  [ 10/159]  eta: 0:35:07  lr: 0.000098  min_lr: 0.000098  loss: 0.0033 (0.0032)  weight_decay: 0.0500 (0.0500)  grad_norm: 0.0000 (0.0000)  time: 14.1469  data: 10.5004  max mem: 30405
Epoch: [19]  [ 20/159]  eta: 0:19:07  lr: 0.000097  min_lr: 0.000097  loss: 0.0032 (0.0032)  weight_decay: 0.0500 (0.0500)  grad_norm: 0.0000 (0.0000)  time: 2.3052  data: 0.0003  max mem: 30405
Epoch: [19]  [ 30/159]  eta: 0:13:13  lr: 0.000097  min_lr: 0.000097  loss: 0.0032 (0.0032)  weight_decay: 0.0500 (0.0500)  grad_norm: 0.0000 (0.0000)  time: 1.7548  data: 0.0002  max mem: 30405
Epoch: [19]  [ 40/159]  eta: 0:10:01  lr: 0.000097  min_lr: 0.000097  loss: 0.0032 (0.0032)  weight_decay: 0.0500 (0.0500)  grad_norm: 0.0000 (0.0000)  time: 1.6926  data: 0.0002  max mem: 30405
Epoch: [19]  [ 50/159]  eta: 0:07:58  lr: 0.000097  min_lr: 0.000097  loss: 0.0032 (0.0032)  weight_decay: 0.0500 (0.0500)  grad_norm: 0.0000 (0.0000)  time: 1.6528  data: 0.0002  max mem: 30405
Epoch: [19]  [ 60/159]  eta: 0:06:30  lr: 0.000097  min_lr: 0.000097  loss: 0.0032 (0.0032)  weight_decay: 0.0500 (0.0500)  grad_norm: 0.0000 (0.0000)  time: 1.6669  data: 0.0002  max mem: 30405
Epoch: [19]  [ 70/159]  eta: 0:05:22  lr: 0.000097  min_lr: 0.000097  loss: 0.0033 (0.0032)  weight_decay: 0.0500 (0.0500)  grad_norm: 0.0000 (0.0000)  time: 1.6609  data: 0.0002  max mem: 30405
Epoch: [19]  [ 80/159]  eta: 0:04:26  lr: 0.000097  min_lr: 0.000097  loss: 0.0033 (0.0032)  weight_decay: 0.0500 (0.0500)  grad_norm: 0.0000 (0.0000)  time: 1.6574  data: 0.0002  max mem: 30405
Epoch: [19]  [ 90/159]  eta: 0:03:40  lr: 0.000097  min_lr: 0.000097  loss: 0.0033 (0.0032)  weight_decay: 0.0500 (0.0500)  grad_norm: 0.0000 (0.0000)  time: 1.6600  data: 0.0002  max mem: 30405
Epoch: [19]  [100/159]  eta: 0:02:59  lr: 0.000097  min_lr: 0.000097  loss: 0.0032 (0.0032)  weight_decay: 0.0500 (0.0500)  grad_norm: 0.0000 (0.0000)  time: 1.6771  data: 0.0002  max mem: 30405
Epoch: [19]  [110/159]  eta: 0:02:22  lr: 0.000097  min_lr: 0.000097  loss: 0.0032 (0.0032)  weight_decay: 0.0500 (0.0500)  grad_norm: 0.0000 (0.0000)  time: 1.6800  data: 0.0003  max mem: 30405
Epoch: [19]  [120/159]  eta: 0:01:49  lr: 0.000097  min_lr: 0.000097  loss: 0.0033 (0.0032)  weight_decay: 0.0500 (0.0500)  grad_norm: 0.0000 (0.0000)  time: 1.6542  data: 0.0003  max mem: 30405
Epoch: [19]  [130/159]  eta: 0:01:19  lr: 0.000097  min_lr: 0.000097  loss: 0.0032 (0.0032)  weight_decay: 0.0500 (0.0500)  grad_norm: 0.0000 (0.0000)  time: 1.6766  data: 0.0003  max mem: 30405
Epoch: [19]  [140/159]  eta: 0:00:50  lr: 0.000097  min_lr: 0.000097  loss: 0.0032 (0.0032)  weight_decay: 0.0500 (0.0500)  grad_norm: 0.0000 (0.0000)  time: 1.6772  data: 0.0003  max mem: 30405
Epoch: [19]  [150/159]  eta: 0:00:23  lr: 0.000097  min_lr: 0.000097  loss: 0.0032 (0.0032)  weight_decay: 0.0500 (0.0500)  grad_norm: 0.0000 (0.0000)  time: 1.6566  data: 0.0003  max mem: 30405
Epoch: [19]  [158/159]  eta: 0:00:02  lr: 0.000097  min_lr: 0.000097  loss: 0.0032 (0.0032)  weight_decay: 0.0500 (0.0500)  grad_norm: 0.0000 (0.0000)  time: 1.6490  data: 0.0003  max mem: 30405
Epoch: [19] Total time: 0:06:44 (2.5457 s / it)
Averaged stats: lr: 0.000097  min_lr: 0.000097  loss: 0.0032 (0.0032)  weight_decay: 0.0500 (0.0500)  grad_norm: 0.0000 (0.0000)
Epoch: [20]  [  0/159]  eta: 6:24:52  lr: 0.000097  min_lr: 0.000097  loss: 0.0032 (0.0032)  weight_decay: 0.0500 (0.0500)  grad_norm: 0.0000 (0.0000)  time: 145.2385  data: 132.2998  max mem: 30405
Epoch: [20]  [ 10/159]  eta: 0:39:15  lr: 0.000097  min_lr: 0.000097  loss: 0.0032 (0.0032)  weight_decay: 0.0500 (0.0500)  grad_norm: 0.0000 (0.0000)  time: 15.8094  data: 12.0275  max mem: 30405
Epoch: [20]  [ 20/159]  eta: 0:21:00  lr: 0.000097  min_lr: 0.000097  loss: 0.0033 (0.0033)  weight_decay: 0.0500 (0.0500)  grad_norm: 0.0000 (0.0000)  time: 2.2630  data: 0.0003  max mem: 30405
Epoch: [20]  [ 30/159]  eta: 0:14:20  lr: 0.000097  min_lr: 0.000097  loss: 0.0033 (0.0033)  weight_decay: 0.0500 (0.0500)  grad_norm: 0.0000 (0.0000)  time: 1.6446  data: 0.0002  max mem: 30405
Epoch: [20]  [ 40/159]  eta: 0:10:45  lr: 0.000097  min_lr: 0.000097  loss: 0.0033 (0.0033)  weight_decay: 0.0500 (0.0500)  grad_norm: 0.0000 (0.0000)  time: 1.5959  data: 0.0002  max mem: 30405
Epoch: [20]  [ 50/159]  eta: 0:08:29  lr: 0.000097  min_lr: 0.000097  loss: 0.0032 (0.0033)  weight_decay: 0.0500 (0.0500)  grad_norm: 0.0000 (0.0000)  time: 1.5856  data: 0.0002  max mem: 30405
Epoch: [20]  [ 60/159]  eta: 0:06:54  lr: 0.000097  min_lr: 0.000097  loss: 0.0032 (0.0032)  weight_decay: 0.0500 (0.0500)  grad_norm: 0.0000 (0.0000)  time: 1.6503  data: 0.0002  max mem: 30405
Epoch: [20]  [ 70/159]  eta: 0:05:41  lr: 0.000097  min_lr: 0.000097  loss: 0.0032 (0.0032)  weight_decay: 0.0500 (0.0500)  grad_norm: 0.0000 (0.0000)  time: 1.6925  data: 0.0002  max mem: 30405
Epoch: [20]  [ 80/159]  eta: 0:04:41  lr: 0.000097  min_lr: 0.000097  loss: 0.0032 (0.0032)  weight_decay: 0.0500 (0.0500)  grad_norm: 0.0000 (0.0000)  time: 1.6656  data: 0.0002  max mem: 30405
Epoch: [20]  [ 90/159]  eta: 0:03:51  lr: 0.000097  min_lr: 0.000097  loss: 0.0031 (0.0032)  weight_decay: 0.0500 (0.0500)  grad_norm: 0.0000 (0.0000)  time: 1.6650  data: 0.0002  max mem: 30405
Epoch: [20]  [100/159]  eta: 0:03:08  lr: 0.000097  min_lr: 0.000097  loss: 0.0032 (0.0032)  weight_decay: 0.0500 (0.0500)  grad_norm: 0.0000 (0.0000)  time: 1.7041  data: 0.0002  max mem: 30405
Epoch: [20]  [110/159]  eta: 0:02:29  lr: 0.000097  min_lr: 0.000097  loss: 0.0033 (0.0032)  weight_decay: 0.0500 (0.0500)  grad_norm: 0.0000 (0.0000)  time: 1.6888  data: 0.0002  max mem: 30405
Epoch: [20]  [120/159]  eta: 0:01:54  lr: 0.000097  min_lr: 0.000097  loss: 0.0033 (0.0032)  weight_decay: 0.0500 (0.0500)  grad_norm: 0.0000 (0.0000)  time: 1.6834  data: 0.0002  max mem: 30405
Epoch: [20]  [130/159]  eta: 0:01:22  lr: 0.000096  min_lr: 0.000096  loss: 0.0031 (0.0032)  weight_decay: 0.0500 (0.0500)  grad_norm: 0.0000 (0.0000)  time: 1.6933  data: 0.0002  max mem: 30405
Epoch: [20]  [140/159]  eta: 0:00:52  lr: 0.000096  min_lr: 0.000096  loss: 0.0032 (0.0032)  weight_decay: 0.0500 (0.0500)  grad_norm: 0.0000 (0.0000)  time: 1.6829  data: 0.0002  max mem: 30405
Epoch: [20]  [150/159]  eta: 0:00:24  lr: 0.000096  min_lr: 0.000096  loss: 0.0033 (0.0032)  weight_decay: 0.0500 (0.0500)  grad_norm: 0.0000 (0.0000)  time: 1.6865  data: 0.0002  max mem: 30405
Epoch: [20]  [158/159]  eta: 0:00:02  lr: 0.000096  min_lr: 0.000096  loss: 0.0032 (0.0032)  weight_decay: 0.0500 (0.0500)  grad_norm: 0.0000 (0.0000)  time: 1.6847  data: 0.0002  max mem: 30405
Epoch: [20] Total time: 0:07:01 (2.6528 s / it)
Averaged stats: lr: 0.000096  min_lr: 0.000096  loss: 0.0032 (0.0032)  weight_decay: 0.0500 (0.0500)  grad_norm: 0.0000 (0.0000)
[Eval]   [0/2]  eta: 0:00:24  loss: 0.0034 (0.0034)  time: 12.3877  data: 11.4834  max mem: 30405
[Eval]   [1/2]  eta: 0:00:06  loss: 0.0034 (0.0034)  time: 6.4033  data: 5.7418  max mem: 30405
[Eval]  Total time: 0:00:13 (6.5532 s / it)
Eval averaged stats: loss: 0.0034 (0.0032)
Logged 9 eval images
Epoch: [21]  [  0/159]  eta: 4:39:55  lr: 0.000096  min_lr: 0.000096  loss: 0.0034 (0.0034)  weight_decay: 0.0500 (0.0500)  grad_norm: 0.0000 (0.0000)  time: 105.6315  data: 90.2312  max mem: 30405
Epoch: [21]  [ 10/159]  eta: 0:31:47  lr: 0.000096  min_lr: 0.000096  loss: 0.0033 (0.0032)  weight_decay: 0.0500 (0.0500)  grad_norm: 0.0000 (0.0000)  time: 12.8039  data: 8.2031  max mem: 30405
Epoch: [21]  [ 20/159]  eta: 0:17:21  lr: 0.000096  min_lr: 0.000096  loss: 0.0032 (0.0032)  weight_decay: 0.0500 (0.0500)  grad_norm: 0.0000 (0.0000)  time: 2.5896  data: 0.0005  max mem: 30405
Epoch: [21]  [ 30/159]  eta: 0:12:05  lr: 0.000096  min_lr: 0.000096  loss: 0.0033 (0.0032)  weight_decay: 0.0500 (0.0500)  grad_norm: 0.0000 (0.0000)  time: 1.6700  data: 0.0004  max mem: 30405
Epoch: [21]  [ 40/159]  eta: 0:09:14  lr: 0.000096  min_lr: 0.000096  loss: 0.0033 (0.0033)  weight_decay: 0.0500 (0.0500)  grad_norm: 0.0000 (0.0000)  time: 1.6756  data: 0.0002  max mem: 30405
Epoch: [21]  [ 50/159]  eta: 0:07:23  lr: 0.000096  min_lr: 0.000096  loss: 0.0032 (0.0033)  weight_decay: 0.0500 (0.0500)  grad_norm: 0.0000 (0.0000)  time: 1.6693  data: 0.0002  max mem: 30405
Epoch: [21]  [ 60/159]  eta: 0:06:03  lr: 0.000096  min_lr: 0.000096  loss: 0.0033 (0.0033)  weight_decay: 0.0500 (0.0500)  grad_norm: 0.0000 (0.0000)  time: 1.6648  data: 0.0002  max mem: 30405
Epoch: [21]  [ 70/159]  eta: 0:05:01  lr: 0.000096  min_lr: 0.000096  loss: 0.0033 (0.0033)  weight_decay: 0.0500 (0.0500)  grad_norm: 0.0000 (0.0000)  time: 1.6613  data: 0.0002  max mem: 30405
Epoch: [21]  [ 80/159]  eta: 0:04:11  lr: 0.000096  min_lr: 0.000096  loss: 0.0032 (0.0033)  weight_decay: 0.0500 (0.0500)  grad_norm: 0.0000 (0.0000)  time: 1.6575  data: 0.0002  max mem: 30405
Epoch: [21]  [ 90/159]  eta: 0:03:27  lr: 0.000096  min_lr: 0.000096  loss: 0.0032 (0.0033)  weight_decay: 0.0500 (0.0500)  grad_norm: 0.0000 (0.0000)  time: 1.6409  data: 0.0002  max mem: 30405
Epoch: [21]  [100/159]  eta: 0:02:49  lr: 0.000096  min_lr: 0.000096  loss: 0.0032 (0.0033)  weight_decay: 0.0500 (0.0500)  grad_norm: 0.0000 (0.0000)  time: 1.6591  data: 0.0002  max mem: 30405
Epoch: [21]  [110/159]  eta: 0:02:15  lr: 0.000096  min_lr: 0.000096  loss: 0.0033 (0.0033)  weight_decay: 0.0500 (0.0500)  grad_norm: 0.0000 (0.0000)  time: 1.6620  data: 0.0002  max mem: 30405
Epoch: [21]  [120/159]  eta: 0:01:44  lr: 0.000096  min_lr: 0.000096  loss: 0.0032 (0.0033)  weight_decay: 0.0500 (0.0500)  grad_norm: 0.0000 (0.0000)  time: 1.6463  data: 0.0003  max mem: 30405
Epoch: [21]  [130/159]  eta: 0:01:15  lr: 0.000096  min_lr: 0.000096  loss: 0.0032 (0.0032)  weight_decay: 0.0500 (0.0500)  grad_norm: 0.0000 (0.0000)  time: 1.6468  data: 0.0002  max mem: 30405
Epoch: [21]  [140/159]  eta: 0:00:48  lr: 0.000096  min_lr: 0.000096  loss: 0.0032 (0.0032)  weight_decay: 0.0500 (0.0500)  grad_norm: 0.0000 (0.0000)  time: 1.6669  data: 0.0002  max mem: 30405
Epoch: [21]  [150/159]  eta: 0:00:22  lr: 0.000096  min_lr: 0.000096  loss: 0.0032 (0.0032)  weight_decay: 0.0500 (0.0500)  grad_norm: 0.0000 (0.0000)  time: 1.6727  data: 0.0002  max mem: 30405
Epoch: [21]  [158/159]  eta: 0:00:02  lr: 0.000096  min_lr: 0.000096  loss: 0.0032 (0.0032)  weight_decay: 0.0500 (0.0500)  grad_norm: 0.0000 (0.0000)  time: 1.6432  data: 0.0002  max mem: 30405
Epoch: [21] Total time: 0:06:27 (2.4381 s / it)
Averaged stats: lr: 0.000096  min_lr: 0.000096  loss: 0.0032 (0.0032)  weight_decay: 0.0500 (0.0500)  grad_norm: 0.0000 (0.0000)
Epoch: [22]  [  0/159]  eta: 6:53:51  lr: 0.000096  min_lr: 0.000096  loss: 0.0034 (0.0034)  weight_decay: 0.0500 (0.0500)  grad_norm: 0.0000 (0.0000)  time: 156.1758  data: 133.3396  max mem: 30405
Epoch: [22]  [ 10/159]  eta: 0:41:11  lr: 0.000096  min_lr: 0.000096  loss: 0.0034 (0.0033)  weight_decay: 0.0500 (0.0500)  grad_norm: 0.0000 (0.0000)  time: 16.5877  data: 12.1221  max mem: 30405
Epoch: [22]  [ 20/159]  eta: 0:21:59  lr: 0.000096  min_lr: 0.000096  loss: 0.0033 (0.0033)  weight_decay: 0.0500 (0.0500)  grad_norm: 0.0000 (0.0000)  time: 2.1568  data: 0.0003  max mem: 30405
Epoch: [22]  [ 30/159]  eta: 0:14:58  lr: 0.000096  min_lr: 0.000096  loss: 0.0033 (0.0033)  weight_decay: 0.0500 (0.0500)  grad_norm: 0.0000 (0.0000)  time: 1.6769  data: 0.0003  max mem: 30405
Epoch: [22]  [ 40/159]  eta: 0:11:14  lr: 0.000095  min_lr: 0.000095  loss: 0.0031 (0.0033)  weight_decay: 0.0500 (0.0500)  grad_norm: 0.0000 (0.0000)  time: 1.6536  data: 0.0002  max mem: 30405
Epoch: [22]  [ 50/159]  eta: 0:08:51  lr: 0.000095  min_lr: 0.000095  loss: 0.0032 (0.0032)  weight_decay: 0.0500 (0.0500)  grad_norm: 0.0000 (0.0000)  time: 1.6343  data: 0.0002  max mem: 30405
Epoch: [22]  [ 60/159]  eta: 0:07:11  lr: 0.000095  min_lr: 0.000095  loss: 0.0032 (0.0032)  weight_decay: 0.0500 (0.0500)  grad_norm: 0.0000 (0.0000)  time: 1.6660  data: 0.0002  max mem: 30405
Epoch: [22]  [ 70/159]  eta: 0:05:53  lr: 0.000095  min_lr: 0.000095  loss: 0.0032 (0.0032)  weight_decay: 0.0500 (0.0500)  grad_norm: 0.0000 (0.0000)  time: 1.6755  data: 0.0002  max mem: 30405
Epoch: [22]  [ 80/159]  eta: 0:04:51  lr: 0.000095  min_lr: 0.000095  loss: 0.0032 (0.0032)  weight_decay: 0.0500 (0.0500)  grad_norm: 0.0000 (0.0000)  time: 1.6548  data: 0.0002  max mem: 30405
Epoch: [22]  [ 90/159]  eta: 0:03:59  lr: 0.000095  min_lr: 0.000095  loss: 0.0032 (0.0032)  weight_decay: 0.0500 (0.0500)  grad_norm: 0.0000 (0.0000)  time: 1.6564  data: 0.0002  max mem: 30405
Epoch: [22]  [100/159]  eta: 0:03:13  lr: 0.000095  min_lr: 0.000095  loss: 0.0031 (0.0032)  weight_decay: 0.0500 (0.0500)  grad_norm: 0.0000 (0.0000)  time: 1.6557  data: 0.0002  max mem: 30405
Epoch: [22]  [110/159]  eta: 0:02:33  lr: 0.000095  min_lr: 0.000095  loss: 0.0032 (0.0032)  weight_decay: 0.0500 (0.0500)  grad_norm: 0.0000 (0.0000)  time: 1.6582  data: 0.0002  max mem: 30405
Epoch: [22]  [120/159]  eta: 0:01:57  lr: 0.000095  min_lr: 0.000095  loss: 0.0032 (0.0032)  weight_decay: 0.0500 (0.0500)  grad_norm: 0.0000 (0.0000)  time: 1.6587  data: 0.0002  max mem: 30405
Epoch: [22]  [130/159]  eta: 0:01:24  lr: 0.000095  min_lr: 0.000095  loss: 0.0032 (0.0032)  weight_decay: 0.0500 (0.0500)  grad_norm: 0.0000 (0.0000)  time: 1.6734  data: 0.0002  max mem: 30405
Epoch: [22]  [140/159]  eta: 0:00:53  lr: 0.000095  min_lr: 0.000095  loss: 0.0032 (0.0032)  weight_decay: 0.0500 (0.0500)  grad_norm: 0.0000 (0.0000)  time: 1.6716  data: 0.0002  max mem: 30405
Epoch: [22]  [150/159]  eta: 0:00:24  lr: 0.000095  min_lr: 0.000095  loss: 0.0031 (0.0032)  weight_decay: 0.0500 (0.0500)  grad_norm: 0.0000 (0.0000)  time: 1.6566  data: 0.0002  max mem: 30405
Epoch: [22]  [158/159]  eta: 0:00:02  lr: 0.000095  min_lr: 0.000095  loss: 0.0032 (0.0032)  weight_decay: 0.0500 (0.0500)  grad_norm: 0.0000 (0.0000)  time: 1.6474  data: 0.0002  max mem: 30405
Epoch: [22] Total time: 0:07:09 (2.7005 s / it)
Averaged stats: lr: 0.000095  min_lr: 0.000095  loss: 0.0032 (0.0032)  weight_decay: 0.0500 (0.0500)  grad_norm: 0.0000 (0.0000)
Epoch: [23]  [  0/159]  eta: 6:02:57  lr: 0.000095  min_lr: 0.000095  loss: 0.0028 (0.0028)  weight_decay: 0.0500 (0.0500)  grad_norm: 0.0000 (0.0000)  time: 136.9628  data: 99.4947  max mem: 30405
Epoch: [23]  [ 10/159]  eta: 0:36:56  lr: 0.000095  min_lr: 0.000095  loss: 0.0032 (0.0032)  weight_decay: 0.0500 (0.0500)  grad_norm: 0.0000 (0.0000)  time: 14.8739  data: 9.0452  max mem: 30405
Epoch: [23]  [ 20/159]  eta: 0:19:54  lr: 0.000095  min_lr: 0.000095  loss: 0.0032 (0.0032)  weight_decay: 0.0500 (0.0500)  grad_norm: 0.0000 (0.0000)  time: 2.1751  data: 0.0002  max mem: 30405
Epoch: [23]  [ 30/159]  eta: 0:13:42  lr: 0.000095  min_lr: 0.000095  loss: 0.0032 (0.0032)  weight_decay: 0.0500 (0.0500)  grad_norm: 0.0000 (0.0000)  time: 1.7078  data: 0.0002  max mem: 30405
Epoch: [23]  [ 40/159]  eta: 0:10:22  lr: 0.000095  min_lr: 0.000095  loss: 0.0032 (0.0032)  weight_decay: 0.0500 (0.0500)  grad_norm: 0.0000 (0.0000)  time: 1.7030  data: 0.0014  max mem: 30405
Epoch: [23]  [ 50/159]  eta: 0:08:14  lr: 0.000095  min_lr: 0.000095  loss: 0.0032 (0.0032)  weight_decay: 0.0500 (0.0500)  grad_norm: 0.0000 (0.0000)  time: 1.6791  data: 0.0014  max mem: 30405
Epoch: [23]  [ 60/159]  eta: 0:06:43  lr: 0.000095  min_lr: 0.000095  loss: 0.0032 (0.0032)  weight_decay: 0.0500 (0.0500)  grad_norm: 0.0000 (0.0000)  time: 1.6946  data: 0.0002  max mem: 30405
Epoch: [23]  [ 70/159]  eta: 0:05:32  lr: 0.000095  min_lr: 0.000095  loss: 0.0033 (0.0032)  weight_decay: 0.0500 (0.0500)  grad_norm: 0.0000 (0.0000)  time: 1.7096  data: 0.0002  max mem: 30405
Epoch: [23]  [ 80/159]  eta: 0:04:35  lr: 0.000095  min_lr: 0.000095  loss: 0.0033 (0.0032)  weight_decay: 0.0500 (0.0500)  grad_norm: 0.0000 (0.0000)  time: 1.7105  data: 0.0002  max mem: 30405
Epoch: [23]  [ 90/159]  eta: 0:03:46  lr: 0.000094  min_lr: 0.000094  loss: 0.0033 (0.0032)  weight_decay: 0.0500 (0.0500)  grad_norm: 0.0000 (0.0000)  time: 1.6511  data: 0.0002  max mem: 30405
Epoch: [23]  [100/159]  eta: 0:03:04  lr: 0.000094  min_lr: 0.000094  loss: 0.0032 (0.0032)  weight_decay: 0.0500 (0.0500)  grad_norm: 0.0000 (0.0000)  time: 1.6267  data: 0.0002  max mem: 30405
Epoch: [23]  [110/159]  eta: 0:02:26  lr: 0.000094  min_lr: 0.000094  loss: 0.0032 (0.0032)  weight_decay: 0.0500 (0.0500)  grad_norm: 0.0000 (0.0000)  time: 1.6620  data: 0.0002  max mem: 30405
Epoch: [23]  [120/159]  eta: 0:01:52  lr: 0.000094  min_lr: 0.000094  loss: 0.0032 (0.0032)  weight_decay: 0.0500 (0.0500)  grad_norm: 0.0000 (0.0000)  time: 1.6513  data: 0.0007  max mem: 30405
Epoch: [23]  [130/159]  eta: 0:01:20  lr: 0.000094  min_lr: 0.000094  loss: 0.0032 (0.0032)  weight_decay: 0.0500 (0.0500)  grad_norm: 0.0000 (0.0000)  time: 1.6311  data: 0.0006  max mem: 30405
Epoch: [23]  [140/159]  eta: 0:00:51  lr: 0.000094  min_lr: 0.000094  loss: 0.0032 (0.0032)  weight_decay: 0.0500 (0.0500)  grad_norm: 0.0000 (0.0000)  time: 1.6453  data: 0.0003  max mem: 30405
Epoch: [23]  [150/159]  eta: 0:00:23  lr: 0.000094  min_lr: 0.000094  loss: 0.0032 (0.0032)  weight_decay: 0.0500 (0.0500)  grad_norm: 0.0000 (0.0000)  time: 1.6422  data: 0.0003  max mem: 30405
Epoch: [23]  [158/159]  eta: 0:00:02  lr: 0.000094  min_lr: 0.000094  loss: 0.0032 (0.0032)  weight_decay: 0.0500 (0.0500)  grad_norm: 0.0000 (0.0000)  time: 1.6271  data: 0.0002  max mem: 30405
Epoch: [23] Total time: 0:06:51 (2.5885 s / it)
Averaged stats: lr: 0.000094  min_lr: 0.000094  loss: 0.0032 (0.0032)  weight_decay: 0.0500 (0.0500)  grad_norm: 0.0000 (0.0000)
Epoch: [24]  [  0/159]  eta: 4:46:43  lr: 0.000094  min_lr: 0.000094  loss: 0.0036 (0.0036)  weight_decay: 0.0500 (0.0500)  grad_norm: 0.0000 (0.0000)  time: 108.1970  data: 90.8659  max mem: 30405
Epoch: [24]  [ 10/159]  eta: 0:36:21  lr: 0.000094  min_lr: 0.000094  loss: 0.0034 (0.0033)  weight_decay: 0.0500 (0.0500)  grad_norm: 0.0000 (0.0000)  time: 14.6418  data: 9.1612  max mem: 30405
Epoch: [24]  [ 20/159]  eta: 0:19:36  lr: 0.000094  min_lr: 0.000094  loss: 0.0033 (0.0033)  weight_decay: 0.0500 (0.0500)  grad_norm: 0.0000 (0.0000)  time: 3.4750  data: 0.4955  max mem: 30405
Epoch: [24]  [ 30/159]  eta: 0:13:29  lr: 0.000094  min_lr: 0.000094  loss: 0.0033 (0.0032)  weight_decay: 0.0500 (0.0500)  grad_norm: 0.0000 (0.0000)  time: 1.6700  data: 0.0002  max mem: 30405
Epoch: [24]  [ 40/159]  eta: 0:10:13  lr: 0.000094  min_lr: 0.000094  loss: 0.0033 (0.0033)  weight_decay: 0.0500 (0.0500)  grad_norm: 0.0000 (0.0000)  time: 1.6808  data: 0.0002  max mem: 30405
Epoch: [24]  [ 50/159]  eta: 0:08:06  lr: 0.000094  min_lr: 0.000094  loss: 0.0033 (0.0033)  weight_decay: 0.0500 (0.0500)  grad_norm: 0.0000 (0.0000)  time: 1.6535  data: 0.0002  max mem: 30405
Epoch: [24]  [ 60/159]  eta: 0:06:36  lr: 0.000094  min_lr: 0.000094  loss: 0.0032 (0.0033)  weight_decay: 0.0500 (0.0500)  grad_norm: 0.0000 (0.0000)  time: 1.6413  data: 0.0002  max mem: 30405
Epoch: [24]  [ 70/159]  eta: 0:05:27  lr: 0.000094  min_lr: 0.000094  loss: 0.0033 (0.0033)  weight_decay: 0.0500 (0.0500)  grad_norm: 0.0000 (0.0000)  time: 1.6673  data: 0.0002  max mem: 30405
Epoch: [24]  [ 80/159]  eta: 0:04:30  lr: 0.000094  min_lr: 0.000094  loss: 0.0033 (0.0033)  weight_decay: 0.0500 (0.0500)  grad_norm: 0.0000 (0.0000)  time: 1.6670  data: 0.0003  max mem: 30405
Epoch: [24]  [ 90/159]  eta: 0:03:42  lr: 0.000094  min_lr: 0.000094  loss: 0.0033 (0.0033)  weight_decay: 0.0500 (0.0500)  grad_norm: 0.0000 (0.0000)  time: 1.6544  data: 0.0003  max mem: 30405
Epoch: [24]  [100/159]  eta: 0:03:01  lr: 0.000094  min_lr: 0.000094  loss: 0.0033 (0.0033)  weight_decay: 0.0500 (0.0500)  grad_norm: 0.0000 (0.0000)  time: 1.6566  data: 0.0002  max mem: 30405
Epoch: [24]  [110/159]  eta: 0:02:24  lr: 0.000094  min_lr: 0.000094  loss: 0.0031 (0.0033)  weight_decay: 0.0500 (0.0500)  grad_norm: 0.0000 (0.0000)  time: 1.6912  data: 0.0002  max mem: 30405
Epoch: [24]  [120/159]  eta: 0:01:51  lr: 0.000094  min_lr: 0.000094  loss: 0.0031 (0.0032)  weight_decay: 0.0500 (0.0500)  grad_norm: 0.0000 (0.0000)  time: 1.7157  data: 0.0002  max mem: 30405
Epoch: [24]  [130/159]  eta: 0:01:20  lr: 0.000093  min_lr: 0.000093  loss: 0.0032 (0.0032)  weight_decay: 0.0500 (0.0500)  grad_norm: 0.0000 (0.0000)  time: 1.6994  data: 0.0002  max mem: 30405
Epoch: [24]  [140/159]  eta: 0:00:51  lr: 0.000093  min_lr: 0.000093  loss: 0.0033 (0.0033)  weight_decay: 0.0500 (0.0500)  grad_norm: 0.0000 (0.0000)  time: 1.7022  data: 0.0002  max mem: 30405
Epoch: [24]  [150/159]  eta: 0:00:23  lr: 0.000093  min_lr: 0.000093  loss: 0.0033 (0.0032)  weight_decay: 0.0500 (0.0500)  grad_norm: 0.0000 (0.0000)  time: 1.7047  data: 0.0002  max mem: 30405
Epoch: [24]  [158/159]  eta: 0:00:02  lr: 0.000093  min_lr: 0.000093  loss: 0.0031 (0.0032)  weight_decay: 0.0500 (0.0500)  grad_norm: 0.0000 (0.0000)  time: 1.7121  data: 0.0003  max mem: 30405
Epoch: [24] Total time: 0:06:50 (2.5832 s / it)
Averaged stats: lr: 0.000093  min_lr: 0.000093  loss: 0.0031 (0.0032)  weight_decay: 0.0500 (0.0500)  grad_norm: 0.0000 (0.0000)
Epoch: [25]  [  0/159]  eta: 5:08:44  lr: 0.000093  min_lr: 0.000093  loss: 0.0034 (0.0034)  weight_decay: 0.0500 (0.0500)  grad_norm: 0.0000 (0.0000)  time: 116.5033  data: 105.1354  max mem: 30405
Epoch: [25]  [ 10/159]  eta: 0:30:53  lr: 0.000093  min_lr: 0.000093  loss: 0.0032 (0.0033)  weight_decay: 0.0500 (0.0500)  grad_norm: 0.0000 (0.0000)  time: 12.4421  data: 9.5580  max mem: 30405
Epoch: [25]  [ 20/159]  eta: 0:17:02  lr: 0.000093  min_lr: 0.000093  loss: 0.0032 (0.0032)  weight_decay: 0.0500 (0.0500)  grad_norm: 0.0000 (0.0000)  time: 1.8953  data: 0.0003  max mem: 30405
Epoch: [25]  [ 30/159]  eta: 0:11:52  lr: 0.000093  min_lr: 0.000093  loss: 0.0033 (0.0033)  weight_decay: 0.0500 (0.0500)  grad_norm: 0.0000 (0.0000)  time: 1.7149  data: 0.0002  max mem: 30405
Epoch: [25]  [ 40/159]  eta: 0:09:04  lr: 0.000093  min_lr: 0.000093  loss: 0.0033 (0.0033)  weight_decay: 0.0500 (0.0500)  grad_norm: 0.0000 (0.0000)  time: 1.6661  data: 0.0002  max mem: 30405
Epoch: [25]  [ 50/159]  eta: 0:07:17  lr: 0.000093  min_lr: 0.000093  loss: 0.0033 (0.0033)  weight_decay: 0.0500 (0.0500)  grad_norm: 0.0000 (0.0000)  time: 1.6680  data: 0.0002  max mem: 30405
Epoch: [25]  [ 60/159]  eta: 0:05:58  lr: 0.000093  min_lr: 0.000093  loss: 0.0032 (0.0032)  weight_decay: 0.0500 (0.0500)  grad_norm: 0.0000 (0.0000)  time: 1.6719  data: 0.0002  max mem: 30405
Epoch: [25]  [ 70/159]  eta: 0:04:57  lr: 0.000093  min_lr: 0.000093  loss: 0.0032 (0.0032)  weight_decay: 0.0500 (0.0500)  grad_norm: 0.0000 (0.0000)  time: 1.6406  data: 0.0002  max mem: 30405
Epoch: [25]  [ 80/159]  eta: 0:04:07  lr: 0.000093  min_lr: 0.000093  loss: 0.0033 (0.0032)  weight_decay: 0.0500 (0.0500)  grad_norm: 0.0000 (0.0000)  time: 1.6439  data: 0.0002  max mem: 30405
Epoch: [25]  [ 90/159]  eta: 0:03:25  lr: 0.000093  min_lr: 0.000093  loss: 0.0032 (0.0032)  weight_decay: 0.0500 (0.0500)  grad_norm: 0.0000 (0.0000)  time: 1.6916  data: 0.0002  max mem: 30405
Epoch: [25]  [100/159]  eta: 0:02:48  lr: 0.000093  min_lr: 0.000093  loss: 0.0032 (0.0032)  weight_decay: 0.0500 (0.0500)  grad_norm: 0.0000 (0.0000)  time: 1.7052  data: 0.0002  max mem: 30405
Epoch: [25]  [110/159]  eta: 0:02:14  lr: 0.000093  min_lr: 0.000093  loss: 0.0032 (0.0032)  weight_decay: 0.0500 (0.0500)  grad_norm: 0.0000 (0.0000)  time: 1.6956  data: 0.0003  max mem: 30405
Epoch: [25]  [120/159]  eta: 0:01:43  lr: 0.000093  min_lr: 0.000093  loss: 0.0032 (0.0032)  weight_decay: 0.0500 (0.0500)  grad_norm: 0.0000 (0.0000)  time: 1.6824  data: 0.0003  max mem: 30405
Epoch: [25]  [130/159]  eta: 0:01:14  lr: 0.000093  min_lr: 0.000093  loss: 0.0032 (0.0032)  weight_decay: 0.0500 (0.0500)  grad_norm: 0.0000 (0.0000)  time: 1.6698  data: 0.0002  max mem: 30405
Epoch: [25]  [140/159]  eta: 0:00:47  lr: 0.000093  min_lr: 0.000093  loss: 0.0032 (0.0032)  weight_decay: 0.0500 (0.0500)  grad_norm: 0.0000 (0.0000)  time: 1.6834  data: 0.0003  max mem: 30405
Epoch: [25]  [150/159]  eta: 0:00:22  lr: 0.000092  min_lr: 0.000092  loss: 0.0032 (0.0032)  weight_decay: 0.0500 (0.0500)  grad_norm: 0.0000 (0.0000)  time: 1.6956  data: 0.0003  max mem: 30405
Epoch: [25]  [158/159]  eta: 0:00:02  lr: 0.000092  min_lr: 0.000092  loss: 0.0032 (0.0032)  weight_decay: 0.0500 (0.0500)  grad_norm: 0.0000 (0.0000)  time: 1.7036  data: 0.0002  max mem: 30405
Epoch: [25] Total time: 0:06:27 (2.4372 s / it)
Averaged stats: lr: 0.000092  min_lr: 0.000092  loss: 0.0032 (0.0032)  weight_decay: 0.0500 (0.0500)  grad_norm: 0.0000 (0.0000)
[Eval] Image Metrics:  [0/2]  eta: 0:00:17    time: 8.8283  data: 7.7731  max mem: 30405
[Eval] Image Metrics:  [1/2]  eta: 0:00:04    time: 4.4666  data: 3.8869  max mem: 30405
[Eval] Image Metrics: Total time: 0:00:09 (4.9389 s / it)
[Eval] Metric Results: [Eval] MSE: 0.0000 (0.0000)  [Eval] MAE: 0.0000 (0.0000)  [Eval] PSNR: 47.0051 (47.0051)  [Eval] MS-SSIM: 0.9991 (0.9991)
Epoch: [26]  [  0/159]  eta: 5:24:34  lr: 0.000092  min_lr: 0.000092  loss: 0.0036 (0.0036)  weight_decay: 0.0500 (0.0500)  grad_norm: 0.0000 (0.0000)  time: 122.4789  data: 92.0842  max mem: 30405
Epoch: [26]  [ 10/159]  eta: 0:34:24  lr: 0.000092  min_lr: 0.000092  loss: 0.0033 (0.0033)  weight_decay: 0.0500 (0.0500)  grad_norm: 0.0000 (0.0000)  time: 13.8582  data: 8.3717  max mem: 30405
Epoch: [26]  [ 20/159]  eta: 0:18:46  lr: 0.000092  min_lr: 0.000092  loss: 0.0032 (0.0032)  weight_decay: 0.0500 (0.0500)  grad_norm: 0.0000 (0.0000)  time: 2.3836  data: 0.0003  max mem: 30405
Epoch: [26]  [ 30/159]  eta: 0:12:56  lr: 0.000092  min_lr: 0.000092  loss: 0.0031 (0.0032)  weight_decay: 0.0500 (0.0500)  grad_norm: 0.0000 (0.0000)  time: 1.7120  data: 0.0002  max mem: 30405
Epoch: [26]  [ 40/159]  eta: 0:09:49  lr: 0.000092  min_lr: 0.000092  loss: 0.0033 (0.0032)  weight_decay: 0.0500 (0.0500)  grad_norm: 0.0000 (0.0000)  time: 1.6401  data: 0.0002  max mem: 30405
Epoch: [26]  [ 50/159]  eta: 0:07:49  lr: 0.000092  min_lr: 0.000092  loss: 0.0033 (0.0032)  weight_decay: 0.0500 (0.0500)  grad_norm: 0.0000 (0.0000)  time: 1.6423  data: 0.0002  max mem: 30405
Epoch: [26]  [ 60/159]  eta: 0:06:23  lr: 0.000092  min_lr: 0.000092  loss: 0.0032 (0.0032)  weight_decay: 0.0500 (0.0500)  grad_norm: 0.0000 (0.0000)  time: 1.6730  data: 0.0002  max mem: 30405
Epoch: [26]  [ 70/159]  eta: 0:05:17  lr: 0.000092  min_lr: 0.000092  loss: 0.0031 (0.0032)  weight_decay: 0.0500 (0.0500)  grad_norm: 0.0000 (0.0000)  time: 1.6828  data: 0.0003  max mem: 30405
Epoch: [26]  [ 80/159]  eta: 0:04:22  lr: 0.000092  min_lr: 0.000092  loss: 0.0032 (0.0032)  weight_decay: 0.0500 (0.0500)  grad_norm: 0.0000 (0.0000)  time: 1.6538  data: 0.0002  max mem: 30405
Epoch: [26]  [ 90/159]  eta: 0:03:36  lr: 0.000092  min_lr: 0.000092  loss: 0.0032 (0.0032)  weight_decay: 0.0500 (0.0500)  grad_norm: 0.0000 (0.0000)  time: 1.6426  data: 0.0002  max mem: 30405
Epoch: [26]  [100/159]  eta: 0:02:56  lr: 0.000092  min_lr: 0.000092  loss: 0.0032 (0.0032)  weight_decay: 0.0500 (0.0500)  grad_norm: 0.0000 (0.0000)  time: 1.6489  data: 0.0002  max mem: 30405
Epoch: [26]  [110/159]  eta: 0:02:21  lr: 0.000092  min_lr: 0.000092  loss: 0.0032 (0.0032)  weight_decay: 0.0500 (0.0500)  grad_norm: 0.0000 (0.0000)  time: 1.6835  data: 0.0002  max mem: 30405
Epoch: [26]  [120/159]  eta: 0:01:48  lr: 0.000092  min_lr: 0.000092  loss: 0.0032 (0.0032)  weight_decay: 0.0500 (0.0500)  grad_norm: 0.0000 (0.0000)  time: 1.6849  data: 0.0003  max mem: 30405
Epoch: [26]  [130/159]  eta: 0:01:18  lr: 0.000092  min_lr: 0.000092  loss: 0.0032 (0.0032)  weight_decay: 0.0500 (0.0500)  grad_norm: 0.0000 (0.0000)  time: 1.6716  data: 0.0002  max mem: 30405
Epoch: [26]  [140/159]  eta: 0:00:49  lr: 0.000092  min_lr: 0.000092  loss: 0.0032 (0.0032)  weight_decay: 0.0500 (0.0500)  grad_norm: 0.0000 (0.0000)  time: 1.6714  data: 0.0002  max mem: 30405
Epoch: [26]  [150/159]  eta: 0:00:23  lr: 0.000092  min_lr: 0.000092  loss: 0.0032 (0.0032)  weight_decay: 0.0500 (0.0500)  grad_norm: 0.0000 (0.0000)  time: 1.6435  data: 0.0003  max mem: 30405
Epoch: [26]  [158/159]  eta: 0:00:02  lr: 0.000091  min_lr: 0.000091  loss: 0.0033 (0.0032)  weight_decay: 0.0500 (0.0500)  grad_norm: 0.0000 (0.0000)  time: 1.6595  data: 0.0002  max mem: 30405
Epoch: [26] Total time: 0:06:40 (2.5207 s / it)
Averaged stats: lr: 0.000091  min_lr: 0.000091  loss: 0.0033 (0.0032)  weight_decay: 0.0500 (0.0500)  grad_norm: 0.0000 (0.0000)
Epoch: [27]  [  0/159]  eta: 5:21:33  lr: 0.000091  min_lr: 0.000091  loss: 0.0028 (0.0028)  weight_decay: 0.0500 (0.0500)  grad_norm: 0.0000 (0.0000)  time: 121.3433  data: 86.6481  max mem: 30405
Epoch: [27]  [ 10/159]  eta: 0:34:27  lr: 0.000091  min_lr: 0.000091  loss: 0.0031 (0.0031)  weight_decay: 0.0500 (0.0500)  grad_norm: 0.0000 (0.0000)  time: 13.8763  data: 7.8774  max mem: 30405
Epoch: [27]  [ 20/159]  eta: 0:18:40  lr: 0.000091  min_lr: 0.000091  loss: 0.0032 (0.0032)  weight_decay: 0.0500 (0.0500)  grad_norm: 0.0000 (0.0000)  time: 2.3967  data: 0.0003  max mem: 30405
Epoch: [27]  [ 30/159]  eta: 0:12:54  lr: 0.000091  min_lr: 0.000091  loss: 0.0033 (0.0032)  weight_decay: 0.0500 (0.0500)  grad_norm: 0.0000 (0.0000)  time: 1.6795  data: 0.0002  max mem: 30405
Epoch: [27]  [ 40/159]  eta: 0:09:48  lr: 0.000091  min_lr: 0.000091  loss: 0.0032 (0.0032)  weight_decay: 0.0500 (0.0500)  grad_norm: 0.0000 (0.0000)  time: 1.6741  data: 0.0002  max mem: 30405
Epoch: [27]  [ 50/159]  eta: 0:07:49  lr: 0.000091  min_lr: 0.000091  loss: 0.0033 (0.0032)  weight_decay: 0.0500 (0.0500)  grad_norm: 0.0000 (0.0000)  time: 1.6702  data: 0.0002  max mem: 30405
Epoch: [27]  [ 60/159]  eta: 0:06:23  lr: 0.000091  min_lr: 0.000091  loss: 0.0033 (0.0032)  weight_decay: 0.0500 (0.0500)  grad_norm: 0.0000 (0.0000)  time: 1.6702  data: 0.0003  max mem: 30405
Epoch: [27]  [ 70/159]  eta: 0:05:17  lr: 0.000091  min_lr: 0.000091  loss: 0.0032 (0.0032)  weight_decay: 0.0500 (0.0500)  grad_norm: 0.0000 (0.0000)  time: 1.6753  data: 0.0003  max mem: 30405
Epoch: [27]  [ 80/159]  eta: 0:04:23  lr: 0.000091  min_lr: 0.000091  loss: 0.0033 (0.0032)  weight_decay: 0.0500 (0.0500)  grad_norm: 0.0000 (0.0000)  time: 1.6970  data: 0.0002  max mem: 30405
Epoch: [27]  [ 90/159]  eta: 0:03:37  lr: 0.000091  min_lr: 0.000091  loss: 0.0033 (0.0032)  weight_decay: 0.0500 (0.0500)  grad_norm: 0.0000 (0.0000)  time: 1.6914  data: 0.0002  max mem: 30405
Epoch: [27]  [100/159]  eta: 0:02:57  lr: 0.000091  min_lr: 0.000091  loss: 0.0033 (0.0032)  weight_decay: 0.0500 (0.0500)  grad_norm: 0.0000 (0.0000)  time: 1.7117  data: 0.0002  max mem: 30405
Epoch: [27]  [110/159]  eta: 0:02:21  lr: 0.000091  min_lr: 0.000091  loss: 0.0032 (0.0032)  weight_decay: 0.0500 (0.0500)  grad_norm: 0.0000 (0.0000)  time: 1.7000  data: 0.0002  max mem: 30405
Epoch: [27]  [120/159]  eta: 0:01:48  lr: 0.000091  min_lr: 0.000091  loss: 0.0032 (0.0032)  weight_decay: 0.0500 (0.0500)  grad_norm: 0.0000 (0.0000)  time: 1.6674  data: 0.0003  max mem: 30405
Epoch: [27]  [130/159]  eta: 0:01:18  lr: 0.000091  min_lr: 0.000091  loss: 0.0033 (0.0032)  weight_decay: 0.0500 (0.0500)  grad_norm: 0.0000 (0.0000)  time: 1.7111  data: 0.0003  max mem: 30405
Epoch: [27]  [140/159]  eta: 0:00:50  lr: 0.000091  min_lr: 0.000091  loss: 0.0032 (0.0032)  weight_decay: 0.0500 (0.0500)  grad_norm: 0.0000 (0.0000)  time: 1.7488  data: 0.0003  max mem: 30405
Epoch: [27]  [150/159]  eta: 0:00:23  lr: 0.000091  min_lr: 0.000091  loss: 0.0033 (0.0032)  weight_decay: 0.0500 (0.0500)  grad_norm: 0.0000 (0.0000)  time: 1.7458  data: 0.0002  max mem: 30405
Epoch: [27]  [158/159]  eta: 0:00:02  lr: 0.000090  min_lr: 0.000090  loss: 0.0033 (0.0032)  weight_decay: 0.0500 (0.0500)  grad_norm: 0.0000 (0.0000)  time: 1.7603  data: 0.0002  max mem: 30405
Epoch: [27] Total time: 0:06:45 (2.5508 s / it)
Averaged stats: lr: 0.000090  min_lr: 0.000090  loss: 0.0033 (0.0032)  weight_decay: 0.0500 (0.0500)  grad_norm: 0.0000 (0.0000)
Epoch: [28]  [  0/159]  eta: 6:13:58  lr: 0.000090  min_lr: 0.000090  loss: 0.0031 (0.0031)  weight_decay: 0.0500 (0.0500)  grad_norm: 0.0000 (0.0000)  time: 141.1220  data: 108.8516  max mem: 30405
Epoch: [28]  [ 10/159]  eta: 0:37:03  lr: 0.000090  min_lr: 0.000090  loss: 0.0033 (0.0033)  weight_decay: 0.0500 (0.0500)  grad_norm: 0.0000 (0.0000)  time: 14.9254  data: 9.8959  max mem: 30405
Epoch: [28]  [ 20/159]  eta: 0:19:59  lr: 0.000090  min_lr: 0.000090  loss: 0.0032 (0.0033)  weight_decay: 0.0500 (0.0500)  grad_norm: 0.0000 (0.0000)  time: 2.0043  data: 0.0003  max mem: 30405
Epoch: [28]  [ 30/159]  eta: 0:13:47  lr: 0.000090  min_lr: 0.000090  loss: 0.0032 (0.0032)  weight_decay: 0.0500 (0.0500)  grad_norm: 0.0000 (0.0000)  time: 1.7301  data: 0.0003  max mem: 30405
Epoch: [28]  [ 40/159]  eta: 0:10:27  lr: 0.000090  min_lr: 0.000090  loss: 0.0032 (0.0032)  weight_decay: 0.0500 (0.0500)  grad_norm: 0.0000 (0.0000)  time: 1.7435  data: 0.0002  max mem: 30405
Epoch: [28]  [ 50/159]  eta: 0:08:18  lr: 0.000090  min_lr: 0.000090  loss: 0.0032 (0.0032)  weight_decay: 0.0500 (0.0500)  grad_norm: 0.0000 (0.0000)  time: 1.7278  data: 0.0002  max mem: 30405
Epoch: [28]  [ 60/159]  eta: 0:06:45  lr: 0.000090  min_lr: 0.000090  loss: 0.0033 (0.0032)  weight_decay: 0.0500 (0.0500)  grad_norm: 0.0000 (0.0000)  time: 1.6931  data: 0.0002  max mem: 30405
Epoch: [28]  [ 70/159]  eta: 0:05:34  lr: 0.000090  min_lr: 0.000090  loss: 0.0032 (0.0032)  weight_decay: 0.0500 (0.0500)  grad_norm: 0.0000 (0.0000)  time: 1.6820  data: 0.0002  max mem: 30405
Epoch: [28]  [ 80/159]  eta: 0:04:36  lr: 0.000090  min_lr: 0.000090  loss: 0.0031 (0.0032)  weight_decay: 0.0500 (0.0500)  grad_norm: 0.0000 (0.0000)  time: 1.6891  data: 0.0002  max mem: 30405
Epoch: [28]  [ 90/159]  eta: 0:03:47  lr: 0.000090  min_lr: 0.000090  loss: 0.0032 (0.0032)  weight_decay: 0.0500 (0.0500)  grad_norm: 0.0000 (0.0000)  time: 1.6799  data: 0.0002  max mem: 30405
Epoch: [28]  [100/159]  eta: 0:03:05  lr: 0.000090  min_lr: 0.000090  loss: 0.0032 (0.0032)  weight_decay: 0.0500 (0.0500)  grad_norm: 0.0000 (0.0000)  time: 1.6711  data: 0.0002  max mem: 30405
Epoch: [28]  [110/159]  eta: 0:02:27  lr: 0.000090  min_lr: 0.000090  loss: 0.0032 (0.0032)  weight_decay: 0.0500 (0.0500)  grad_norm: 0.0000 (0.0000)  time: 1.6683  data: 0.0002  max mem: 30405
Epoch: [28]  [120/159]  eta: 0:01:52  lr: 0.000090  min_lr: 0.000090  loss: 0.0032 (0.0032)  weight_decay: 0.0500 (0.0500)  grad_norm: 0.0000 (0.0000)  time: 1.6694  data: 0.0002  max mem: 30405
Epoch: [28]  [130/159]  eta: 0:01:21  lr: 0.000090  min_lr: 0.000090  loss: 0.0032 (0.0032)  weight_decay: 0.0500 (0.0500)  grad_norm: 0.0000 (0.0000)  time: 1.6573  data: 0.0002  max mem: 30405
Epoch: [28]  [140/159]  eta: 0:00:51  lr: 0.000090  min_lr: 0.000090  loss: 0.0033 (0.0032)  weight_decay: 0.0500 (0.0500)  grad_norm: 0.0000 (0.0000)  time: 1.6821  data: 0.0003  max mem: 30405
Epoch: [28]  [150/159]  eta: 0:00:23  lr: 0.000089  min_lr: 0.000089  loss: 0.0032 (0.0032)  weight_decay: 0.0500 (0.0500)  grad_norm: 0.0000 (0.0000)  time: 1.6933  data: 0.0002  max mem: 30405
Epoch: [28]  [158/159]  eta: 0:00:02  lr: 0.000089  min_lr: 0.000089  loss: 0.0031 (0.0032)  weight_decay: 0.0500 (0.0500)  grad_norm: 0.0000 (0.0000)  time: 1.6697  data: 0.0002  max mem: 30405
Epoch: [28] Total time: 0:06:55 (2.6133 s / it)
Averaged stats: lr: 0.000089  min_lr: 0.000089  loss: 0.0031 (0.0032)  weight_decay: 0.0500 (0.0500)  grad_norm: 0.0000 (0.0000)
Epoch: [29]  [  0/159]  eta: 5:13:11  lr: 0.000089  min_lr: 0.000089  loss: 0.0031 (0.0031)  weight_decay: 0.0500 (0.0500)  grad_norm: 0.0000 (0.0000)  time: 118.1842  data: 100.2408  max mem: 30405
Epoch: [29]  [ 10/159]  eta: 0:36:09  lr: 0.000089  min_lr: 0.000089  loss: 0.0032 (0.0032)  weight_decay: 0.0500 (0.0500)  grad_norm: 0.0000 (0.0000)  time: 14.5591  data: 11.2063  max mem: 30405
Epoch: [29]  [ 20/159]  eta: 0:19:30  lr: 0.000089  min_lr: 0.000089  loss: 0.0032 (0.0032)  weight_decay: 0.0500 (0.0500)  grad_norm: 0.0000 (0.0000)  time: 2.9297  data: 1.1516  max mem: 30405
Epoch: [29]  [ 30/159]  eta: 0:13:24  lr: 0.000089  min_lr: 0.000089  loss: 0.0032 (0.0032)  weight_decay: 0.0500 (0.0500)  grad_norm: 0.0000 (0.0000)  time: 1.6572  data: 0.0002  max mem: 30405
Epoch: [29]  [ 40/159]  eta: 0:10:09  lr: 0.000089  min_lr: 0.000089  loss: 0.0033 (0.0032)  weight_decay: 0.0500 (0.0500)  grad_norm: 0.0000 (0.0000)  time: 1.6652  data: 0.0002  max mem: 30405
Epoch: [29]  [ 50/159]  eta: 0:08:03  lr: 0.000089  min_lr: 0.000089  loss: 0.0033 (0.0033)  weight_decay: 0.0500 (0.0500)  grad_norm: 0.0000 (0.0000)  time: 1.6452  data: 0.0002  max mem: 30405
Epoch: [29]  [ 60/159]  eta: 0:06:33  lr: 0.000089  min_lr: 0.000089  loss: 0.0033 (0.0033)  weight_decay: 0.0500 (0.0500)  grad_norm: 0.0000 (0.0000)  time: 1.6044  data: 0.0002  max mem: 30405
Epoch: [29]  [ 70/159]  eta: 0:05:24  lr: 0.000089  min_lr: 0.000089  loss: 0.0032 (0.0033)  weight_decay: 0.0500 (0.0500)  grad_norm: 0.0000 (0.0000)  time: 1.6290  data: 0.0002  max mem: 30405
Epoch: [29]  [ 80/159]  eta: 0:04:28  lr: 0.000089  min_lr: 0.000089  loss: 0.0031 (0.0032)  weight_decay: 0.0500 (0.0500)  grad_norm: 0.0000 (0.0000)  time: 1.6582  data: 0.0003  max mem: 30405
Epoch: [29]  [ 90/159]  eta: 0:03:41  lr: 0.000089  min_lr: 0.000089  loss: 0.0031 (0.0032)  weight_decay: 0.0500 (0.0500)  grad_norm: 0.0000 (0.0000)  time: 1.6390  data: 0.0003  max mem: 30405
Epoch: [29]  [100/159]  eta: 0:02:59  lr: 0.000089  min_lr: 0.000089  loss: 0.0032 (0.0032)  weight_decay: 0.0500 (0.0500)  grad_norm: 0.0000 (0.0000)  time: 1.6209  data: 0.0002  max mem: 30405
Epoch: [29]  [110/159]  eta: 0:02:23  lr: 0.000089  min_lr: 0.000089  loss: 0.0032 (0.0032)  weight_decay: 0.0500 (0.0500)  grad_norm: 0.0000 (0.0000)  time: 1.6448  data: 0.0002  max mem: 30405
Epoch: [29]  [120/159]  eta: 0:01:49  lr: 0.000089  min_lr: 0.000089  loss: 0.0032 (0.0032)  weight_decay: 0.0500 (0.0500)  grad_norm: 0.0000 (0.0000)  time: 1.6210  data: 0.0002  max mem: 30405
Epoch: [29]  [130/159]  eta: 0:01:18  lr: 0.000089  min_lr: 0.000089  loss: 0.0033 (0.0032)  weight_decay: 0.0500 (0.0500)  grad_norm: 0.0000 (0.0000)  time: 1.5958  data: 0.0002  max mem: 30405
Epoch: [29]  [140/159]  eta: 0:00:50  lr: 0.000088  min_lr: 0.000088  loss: 0.0032 (0.0032)  weight_decay: 0.0500 (0.0500)  grad_norm: 0.0000 (0.0000)  time: 1.6025  data: 0.0002  max mem: 30405
Epoch: [29]  [150/159]  eta: 0:00:23  lr: 0.000088  min_lr: 0.000088  loss: 0.0032 (0.0032)  weight_decay: 0.0500 (0.0500)  grad_norm: 0.0000 (0.0000)  time: 1.6246  data: 0.0002  max mem: 30405
Epoch: [29]  [158/159]  eta: 0:00:02  lr: 0.000088  min_lr: 0.000088  loss: 0.0032 (0.0032)  weight_decay: 0.0500 (0.0500)  grad_norm: 0.0000 (0.0000)  time: 1.6368  data: 0.0003  max mem: 30405
Epoch: [29] Total time: 0:06:43 (2.5347 s / it)
Averaged stats: lr: 0.000088  min_lr: 0.000088  loss: 0.0032 (0.0032)  weight_decay: 0.0500 (0.0500)  grad_norm: 0.0000 (0.0000)
Epoch: [30]  [  0/159]  eta: 5:18:32  lr: 0.000088  min_lr: 0.000088  loss: 0.0034 (0.0034)  weight_decay: 0.0500 (0.0500)  grad_norm: 0.0000 (0.0000)  time: 120.2057  data: 89.3422  max mem: 30405
Epoch: [30]  [ 10/159]  eta: 0:34:14  lr: 0.000088  min_lr: 0.000088  loss: 0.0033 (0.0032)  weight_decay: 0.0500 (0.0500)  grad_norm: 0.0000 (0.0000)  time: 13.7881  data: 8.1222  max mem: 30405
Epoch: [30]  [ 20/159]  eta: 0:18:31  lr: 0.000088  min_lr: 0.000088  loss: 0.0032 (0.0032)  weight_decay: 0.0500 (0.0500)  grad_norm: 0.0000 (0.0000)  time: 2.3885  data: 0.0003  max mem: 30405
Epoch: [30]  [ 30/159]  eta: 0:12:43  lr: 0.000088  min_lr: 0.000088  loss: 0.0032 (0.0032)  weight_decay: 0.0500 (0.0500)  grad_norm: 0.0000 (0.0000)  time: 1.5938  data: 0.0002  max mem: 30405
Epoch: [30]  [ 40/159]  eta: 0:09:38  lr: 0.000088  min_lr: 0.000088  loss: 0.0033 (0.0033)  weight_decay: 0.0500 (0.0500)  grad_norm: 0.0000 (0.0000)  time: 1.5641  data: 0.0002  max mem: 30405
Epoch: [30]  [ 50/159]  eta: 0:07:39  lr: 0.000088  min_lr: 0.000088  loss: 0.0034 (0.0033)  weight_decay: 0.0500 (0.0500)  grad_norm: 0.0000 (0.0000)  time: 1.5790  data: 0.0002  max mem: 30405
Epoch: [30]  [ 60/159]  eta: 0:06:15  lr: 0.000088  min_lr: 0.000088  loss: 0.0033 (0.0032)  weight_decay: 0.0500 (0.0500)  grad_norm: 0.0000 (0.0000)  time: 1.6206  data: 0.0002  max mem: 30405
Epoch: [30]  [ 70/159]  eta: 0:05:10  lr: 0.000088  min_lr: 0.000088  loss: 0.0032 (0.0032)  weight_decay: 0.0500 (0.0500)  grad_norm: 0.0000 (0.0000)  time: 1.6159  data: 0.0003  max mem: 30405
Epoch: [30]  [ 80/159]  eta: 0:04:16  lr: 0.000088  min_lr: 0.000088  loss: 0.0032 (0.0032)  weight_decay: 0.0500 (0.0500)  grad_norm: 0.0000 (0.0000)  time: 1.5600  data: 0.0013  max mem: 30405
Epoch: [30]  [ 90/159]  eta: 0:03:31  lr: 0.000088  min_lr: 0.000088  loss: 0.0032 (0.0032)  weight_decay: 0.0500 (0.0500)  grad_norm: 0.0000 (0.0000)  time: 1.5788  data: 0.0012  max mem: 30405
Epoch: [30]  [100/159]  eta: 0:02:52  lr: 0.000088  min_lr: 0.000088  loss: 0.0032 (0.0032)  weight_decay: 0.0500 (0.0500)  grad_norm: 0.0000 (0.0000)  time: 1.5965  data: 0.0002  max mem: 30405
Epoch: [30]  [110/159]  eta: 0:02:17  lr: 0.000088  min_lr: 0.000088  loss: 0.0033 (0.0032)  weight_decay: 0.0500 (0.0500)  grad_norm: 0.0000 (0.0000)  time: 1.5843  data: 0.0003  max mem: 30405
Epoch: [30]  [120/159]  eta: 0:01:45  lr: 0.000087  min_lr: 0.000087  loss: 0.0032 (0.0032)  weight_decay: 0.0500 (0.0500)  grad_norm: 0.0000 (0.0000)  time: 1.5810  data: 0.0003  max mem: 30405
Epoch: [30]  [130/159]  eta: 0:01:15  lr: 0.000087  min_lr: 0.000087  loss: 0.0032 (0.0032)  weight_decay: 0.0500 (0.0500)  grad_norm: 0.0000 (0.0000)  time: 1.5905  data: 0.0002  max mem: 30405
Epoch: [30]  [140/159]  eta: 0:00:48  lr: 0.000087  min_lr: 0.000087  loss: 0.0032 (0.0032)  weight_decay: 0.0500 (0.0500)  grad_norm: 0.0000 (0.0000)  time: 1.5970  data: 0.0003  max mem: 30405
Epoch: [30]  [150/159]  eta: 0:00:22  lr: 0.000087  min_lr: 0.000087  loss: 0.0031 (0.0032)  weight_decay: 0.0500 (0.0500)  grad_norm: 0.0000 (0.0000)  time: 1.5657  data: 0.0003  max mem: 30405
Epoch: [30]  [158/159]  eta: 0:00:02  lr: 0.000087  min_lr: 0.000087  loss: 0.0031 (0.0032)  weight_decay: 0.0500 (0.0500)  grad_norm: 0.0000 (0.0000)  time: 1.5574  data: 0.0002  max mem: 30405
Epoch: [30] Total time: 0:06:27 (2.4376 s / it)
Averaged stats: lr: 0.000087  min_lr: 0.000087  loss: 0.0031 (0.0032)  weight_decay: 0.0500 (0.0500)  grad_norm: 0.0000 (0.0000)
[Eval]   [0/2]  eta: 0:00:23  loss: 0.0031 (0.0031)  time: 11.7699  data: 10.9641  max mem: 30405
[Eval]   [1/2]  eta: 0:00:06  loss: 0.0031 (0.0032)  time: 6.2001  data: 5.4821  max mem: 30405
[Eval]  Total time: 0:00:12 (6.4202 s / it)
Eval averaged stats: loss: 0.0031 (0.0032)
Logged 9 eval images
Epoch: [31]  [  0/159]  eta: 5:25:40  lr: 0.000087  min_lr: 0.000087  loss: 0.0032 (0.0032)  weight_decay: 0.0500 (0.0500)  grad_norm: 0.0000 (0.0000)  time: 122.8979  data: 87.3539  max mem: 30405
Epoch: [31]  [ 10/159]  eta: 0:35:20  lr: 0.000087  min_lr: 0.000087  loss: 0.0031 (0.0032)  weight_decay: 0.0500 (0.0500)  grad_norm: 0.0000 (0.0000)  time: 14.2286  data: 7.9415  max mem: 30405
Epoch: [31]  [ 20/159]  eta: 0:19:05  lr: 0.000087  min_lr: 0.000087  loss: 0.0031 (0.0032)  weight_decay: 0.0500 (0.0500)  grad_norm: 0.0000 (0.0000)  time: 2.5085  data: 0.0002  max mem: 30405
Epoch: [31]  [ 30/159]  eta: 0:13:06  lr: 0.000087  min_lr: 0.000087  loss: 0.0032 (0.0032)  weight_decay: 0.0500 (0.0500)  grad_norm: 0.0000 (0.0000)  time: 1.6274  data: 0.0002  max mem: 30405
Epoch: [31]  [ 40/159]  eta: 0:09:54  lr: 0.000087  min_lr: 0.000087  loss: 0.0032 (0.0032)  weight_decay: 0.0500 (0.0500)  grad_norm: 0.0000 (0.0000)  time: 1.5883  data: 0.0003  max mem: 30405
Epoch: [31]  [ 50/159]  eta: 0:07:51  lr: 0.000087  min_lr: 0.000087  loss: 0.0032 (0.0032)  weight_decay: 0.0500 (0.0500)  grad_norm: 0.0000 (0.0000)  time: 1.5819  data: 0.0002  max mem: 30405
Epoch: [31]  [ 60/159]  eta: 0:06:24  lr: 0.000087  min_lr: 0.000087  loss: 0.0032 (0.0032)  weight_decay: 0.0500 (0.0500)  grad_norm: 0.0000 (0.0000)  time: 1.6183  data: 0.0002  max mem: 30405
Epoch: [31]  [ 70/159]  eta: 0:05:17  lr: 0.000087  min_lr: 0.000087  loss: 0.0032 (0.0032)  weight_decay: 0.0500 (0.0500)  grad_norm: 0.0000 (0.0000)  time: 1.6359  data: 0.0002  max mem: 30405
Epoch: [31]  [ 80/159]  eta: 0:04:22  lr: 0.000087  min_lr: 0.000087  loss: 0.0032 (0.0032)  weight_decay: 0.0500 (0.0500)  grad_norm: 0.0000 (0.0000)  time: 1.5838  data: 0.0002  max mem: 30405
Epoch: [31]  [ 90/159]  eta: 0:03:36  lr: 0.000086  min_lr: 0.000086  loss: 0.0032 (0.0032)  weight_decay: 0.0500 (0.0500)  grad_norm: 0.0000 (0.0000)  time: 1.5798  data: 0.0002  max mem: 30405
Epoch: [31]  [100/159]  eta: 0:02:55  lr: 0.000086  min_lr: 0.000086  loss: 0.0032 (0.0032)  weight_decay: 0.0500 (0.0500)  grad_norm: 0.0000 (0.0000)  time: 1.6064  data: 0.0003  max mem: 30405
Epoch: [31]  [110/159]  eta: 0:02:19  lr: 0.000086  min_lr: 0.000086  loss: 0.0032 (0.0032)  weight_decay: 0.0500 (0.0500)  grad_norm: 0.0000 (0.0000)  time: 1.5979  data: 0.0003  max mem: 30405
Epoch: [31]  [120/159]  eta: 0:01:47  lr: 0.000086  min_lr: 0.000086  loss: 0.0032 (0.0032)  weight_decay: 0.0500 (0.0500)  grad_norm: 0.0000 (0.0000)  time: 1.5694  data: 0.0003  max mem: 30405
Epoch: [31]  [130/159]  eta: 0:01:17  lr: 0.000086  min_lr: 0.000086  loss: 0.0034 (0.0032)  weight_decay: 0.0500 (0.0500)  grad_norm: 0.0000 (0.0000)  time: 1.5682  data: 0.0002  max mem: 30405
Epoch: [31]  [140/159]  eta: 0:00:49  lr: 0.000086  min_lr: 0.000086  loss: 0.0032 (0.0032)  weight_decay: 0.0500 (0.0500)  grad_norm: 0.0000 (0.0000)  time: 1.5796  data: 0.0002  max mem: 30405
Epoch: [31]  [150/159]  eta: 0:00:22  lr: 0.000086  min_lr: 0.000086  loss: 0.0032 (0.0032)  weight_decay: 0.0500 (0.0500)  grad_norm: 0.0000 (0.0000)  time: 1.5477  data: 0.0003  max mem: 30405
Epoch: [31]  [158/159]  eta: 0:00:02  lr: 0.000086  min_lr: 0.000086  loss: 0.0032 (0.0032)  weight_decay: 0.0500 (0.0500)  grad_norm: 0.0000 (0.0000)  time: 1.5395  data: 0.0002  max mem: 30405
Epoch: [31] Total time: 0:06:32 (2.4672 s / it)
Averaged stats: lr: 0.000086  min_lr: 0.000086  loss: 0.0032 (0.0032)  weight_decay: 0.0500 (0.0500)  grad_norm: 0.0000 (0.0000)
Epoch: [32]  [  0/159]  eta: 5:53:39  lr: 0.000086  min_lr: 0.000086  loss: 0.0034 (0.0034)  weight_decay: 0.0500 (0.0500)  grad_norm: 0.0000 (0.0000)  time: 133.4547  data: 88.3793  max mem: 30405
Epoch: [32]  [ 10/159]  eta: 0:35:15  lr: 0.000086  min_lr: 0.000086  loss: 0.0034 (0.0033)  weight_decay: 0.0500 (0.0500)  grad_norm: 0.0000 (0.0000)  time: 14.2007  data: 8.0347  max mem: 30405
Epoch: [32]  [ 20/159]  eta: 0:18:57  lr: 0.000086  min_lr: 0.000086  loss: 0.0033 (0.0033)  weight_decay: 0.0500 (0.0500)  grad_norm: 0.0000 (0.0000)  time: 1.9187  data: 0.0003  max mem: 30405
Epoch: [32]  [ 30/159]  eta: 0:13:00  lr: 0.000086  min_lr: 0.000086  loss: 0.0032 (0.0032)  weight_decay: 0.0500 (0.0500)  grad_norm: 0.0000 (0.0000)  time: 1.5678  data: 0.0002  max mem: 30405
Epoch: [32]  [ 40/159]  eta: 0:09:50  lr: 0.000086  min_lr: 0.000086  loss: 0.0032 (0.0032)  weight_decay: 0.0500 (0.0500)  grad_norm: 0.0000 (0.0000)  time: 1.5804  data: 0.0002  max mem: 30405
Epoch: [32]  [ 50/159]  eta: 0:07:47  lr: 0.000086  min_lr: 0.000086  loss: 0.0032 (0.0032)  weight_decay: 0.0500 (0.0500)  grad_norm: 0.0000 (0.0000)  time: 1.5625  data: 0.0003  max mem: 30405
Epoch: [32]  [ 60/159]  eta: 0:06:19  lr: 0.000086  min_lr: 0.000086  loss: 0.0033 (0.0032)  weight_decay: 0.0500 (0.0500)  grad_norm: 0.0000 (0.0000)  time: 1.5331  data: 0.0002  max mem: 30405
Epoch: [32]  [ 70/159]  eta: 0:05:13  lr: 0.000085  min_lr: 0.000085  loss: 0.0033 (0.0032)  weight_decay: 0.0500 (0.0500)  grad_norm: 0.0000 (0.0000)  time: 1.5463  data: 0.0002  max mem: 30405
Epoch: [32]  [ 80/159]  eta: 0:04:19  lr: 0.000085  min_lr: 0.000085  loss: 0.0033 (0.0032)  weight_decay: 0.0500 (0.0500)  grad_norm: 0.0000 (0.0000)  time: 1.5835  data: 0.0002  max mem: 30405
Epoch: [32]  [ 90/159]  eta: 0:03:33  lr: 0.000085  min_lr: 0.000085  loss: 0.0031 (0.0032)  weight_decay: 0.0500 (0.0500)  grad_norm: 0.0000 (0.0000)  time: 1.5836  data: 0.0003  max mem: 30405
Epoch: [32]  [100/159]  eta: 0:02:53  lr: 0.000085  min_lr: 0.000085  loss: 0.0033 (0.0032)  weight_decay: 0.0500 (0.0500)  grad_norm: 0.0000 (0.0000)  time: 1.5473  data: 0.0002  max mem: 30405
Epoch: [32]  [110/159]  eta: 0:02:18  lr: 0.000085  min_lr: 0.000085  loss: 0.0033 (0.0032)  weight_decay: 0.0500 (0.0500)  grad_norm: 0.0000 (0.0000)  time: 1.5708  data: 0.0002  max mem: 30405
Epoch: [32]  [120/159]  eta: 0:01:45  lr: 0.000085  min_lr: 0.000085  loss: 0.0032 (0.0032)  weight_decay: 0.0500 (0.0500)  grad_norm: 0.0000 (0.0000)  time: 1.5842  data: 0.0002  max mem: 30405
Epoch: [32]  [130/159]  eta: 0:01:16  lr: 0.000085  min_lr: 0.000085  loss: 0.0031 (0.0032)  weight_decay: 0.0500 (0.0500)  grad_norm: 0.0000 (0.0000)  time: 1.5543  data: 0.0002  max mem: 30405
Epoch: [32]  [140/159]  eta: 0:00:48  lr: 0.000085  min_lr: 0.000085  loss: 0.0032 (0.0032)  weight_decay: 0.0500 (0.0500)  grad_norm: 0.0000 (0.0000)  time: 1.5390  data: 0.0002  max mem: 30405
Epoch: [32]  [150/159]  eta: 0:00:22  lr: 0.000085  min_lr: 0.000085  loss: 0.0032 (0.0032)  weight_decay: 0.0500 (0.0500)  grad_norm: 0.0000 (0.0000)  time: 1.5844  data: 0.0002  max mem: 30405
Epoch: [32]  [158/159]  eta: 0:00:02  lr: 0.000085  min_lr: 0.000085  loss: 0.0032 (0.0032)  weight_decay: 0.0500 (0.0500)  grad_norm: 0.0000 (0.0000)  time: 1.5941  data: 0.0002  max mem: 30405
Epoch: [32] Total time: 0:06:29 (2.4468 s / it)
Averaged stats: lr: 0.000085  min_lr: 0.000085  loss: 0.0032 (0.0032)  weight_decay: 0.0500 (0.0500)  grad_norm: 0.0000 (0.0000)
Epoch: [33]  [  0/159]  eta: 4:55:52  lr: 0.000085  min_lr: 0.000085  loss: 0.0034 (0.0034)  weight_decay: 0.0500 (0.0500)  grad_norm: 0.0000 (0.0000)  time: 111.6497  data: 95.2818  max mem: 30405
Epoch: [33]  [ 10/159]  eta: 0:33:17  lr: 0.000085  min_lr: 0.000085  loss: 0.0034 (0.0034)  weight_decay: 0.0500 (0.0500)  grad_norm: 0.0000 (0.0000)  time: 13.4030  data: 8.6622  max mem: 30405
Epoch: [33]  [ 20/159]  eta: 0:18:08  lr: 0.000085  min_lr: 0.000085  loss: 0.0033 (0.0033)  weight_decay: 0.0500 (0.0500)  grad_norm: 0.0000 (0.0000)  time: 2.6371  data: 0.0003  max mem: 30405
Epoch: [33]  [ 30/159]  eta: 0:12:31  lr: 0.000084  min_lr: 0.000084  loss: 0.0033 (0.0033)  weight_decay: 0.0500 (0.0500)  grad_norm: 0.0000 (0.0000)  time: 1.6610  data: 0.0003  max mem: 30405
Epoch: [33]  [ 40/159]  eta: 0:09:30  lr: 0.000084  min_lr: 0.000084  loss: 0.0033 (0.0033)  weight_decay: 0.0500 (0.0500)  grad_norm: 0.0000 (0.0000)  time: 1.6074  data: 0.0002  max mem: 30405
Epoch: [33]  [ 50/159]  eta: 0:07:33  lr: 0.000084  min_lr: 0.000084  loss: 0.0033 (0.0033)  weight_decay: 0.0500 (0.0500)  grad_norm: 0.0000 (0.0000)  time: 1.5727  data: 0.0002  max mem: 30405
Epoch: [33]  [ 60/159]  eta: 0:06:10  lr: 0.000084  min_lr: 0.000084  loss: 0.0033 (0.0033)  weight_decay: 0.0500 (0.0500)  grad_norm: 0.0000 (0.0000)  time: 1.5854  data: 0.0002  max mem: 30405
Epoch: [33]  [ 70/159]  eta: 0:05:05  lr: 0.000084  min_lr: 0.000084  loss: 0.0033 (0.0033)  weight_decay: 0.0500 (0.0500)  grad_norm: 0.0000 (0.0000)  time: 1.5964  data: 0.0002  max mem: 30405
Epoch: [33]  [ 80/159]  eta: 0:04:13  lr: 0.000084  min_lr: 0.000084  loss: 0.0033 (0.0033)  weight_decay: 0.0500 (0.0500)  grad_norm: 0.0000 (0.0000)  time: 1.5825  data: 0.0002  max mem: 30405
Epoch: [33]  [ 90/159]  eta: 0:03:29  lr: 0.000084  min_lr: 0.000084  loss: 0.0033 (0.0033)  weight_decay: 0.0500 (0.0500)  grad_norm: 0.0000 (0.0000)  time: 1.5928  data: 0.0002  max mem: 30405
Epoch: [33]  [100/159]  eta: 0:02:50  lr: 0.000084  min_lr: 0.000084  loss: 0.0033 (0.0033)  weight_decay: 0.0500 (0.0500)  grad_norm: 0.0000 (0.0000)  time: 1.6106  data: 0.0002  max mem: 30405
Epoch: [33]  [110/159]  eta: 0:02:16  lr: 0.000084  min_lr: 0.000084  loss: 0.0031 (0.0033)  weight_decay: 0.0500 (0.0500)  grad_norm: 0.0000 (0.0000)  time: 1.6114  data: 0.0002  max mem: 30405
Epoch: [33]  [120/159]  eta: 0:01:44  lr: 0.000084  min_lr: 0.000084  loss: 0.0030 (0.0033)  weight_decay: 0.0500 (0.0500)  grad_norm: 0.0000 (0.0000)  time: 1.6101  data: 0.0003  max mem: 30405
Epoch: [33]  [130/159]  eta: 0:01:15  lr: 0.000084  min_lr: 0.000084  loss: 0.0031 (0.0033)  weight_decay: 0.0500 (0.0500)  grad_norm: 0.0000 (0.0000)  time: 1.6026  data: 0.0002  max mem: 30405
Epoch: [33]  [140/159]  eta: 0:00:48  lr: 0.000084  min_lr: 0.000084  loss: 0.0033 (0.0033)  weight_decay: 0.0500 (0.0500)  grad_norm: 0.0000 (0.0000)  time: 1.5950  data: 0.0002  max mem: 30405
Epoch: [33]  [150/159]  eta: 0:00:22  lr: 0.000084  min_lr: 0.000084  loss: 0.0033 (0.0033)  weight_decay: 0.0500 (0.0500)  grad_norm: 0.0000 (0.0000)  time: 1.6159  data: 0.0002  max mem: 30405
Epoch: [33]  [158/159]  eta: 0:00:02  lr: 0.000083  min_lr: 0.000083  loss: 0.0033 (0.0033)  weight_decay: 0.0500 (0.0500)  grad_norm: 0.0000 (0.0000)  time: 1.6121  data: 0.0002  max mem: 30405
Epoch: [33] Total time: 0:06:26 (2.4299 s / it)
Averaged stats: lr: 0.000083  min_lr: 0.000083  loss: 0.0033 (0.0032)  weight_decay: 0.0500 (0.0500)  grad_norm: 0.0000 (0.0000)
Epoch: [34]  [  0/159]  eta: 5:07:31  lr: 0.000083  min_lr: 0.000083  loss: 0.0032 (0.0032)  weight_decay: 0.0500 (0.0500)  grad_norm: 0.0000 (0.0000)  time: 116.0469  data: 98.4067  max mem: 30405
Epoch: [34]  [ 10/159]  eta: 0:34:32  lr: 0.000083  min_lr: 0.000083  loss: 0.0032 (0.0032)  weight_decay: 0.0500 (0.0500)  grad_norm: 0.0000 (0.0000)  time: 13.9063  data: 8.9463  max mem: 30405
Epoch: [34]  [ 20/159]  eta: 0:18:52  lr: 0.000083  min_lr: 0.000083  loss: 0.0031 (0.0032)  weight_decay: 0.0500 (0.0500)  grad_norm: 0.0000 (0.0000)  time: 2.7542  data: 0.0002  max mem: 30405
Epoch: [34]  [ 30/159]  eta: 0:12:59  lr: 0.000083  min_lr: 0.000083  loss: 0.0031 (0.0032)  weight_decay: 0.0500 (0.0500)  grad_norm: 0.0000 (0.0000)  time: 1.7194  data: 0.0002  max mem: 30405
Epoch: [34]  [ 40/159]  eta: 0:09:51  lr: 0.000083  min_lr: 0.000083  loss: 0.0032 (0.0032)  weight_decay: 0.0500 (0.0500)  grad_norm: 0.0000 (0.0000)  time: 1.6269  data: 0.0002  max mem: 30405
Epoch: [34]  [ 50/159]  eta: 0:07:49  lr: 0.000083  min_lr: 0.000083  loss: 0.0031 (0.0032)  weight_decay: 0.0500 (0.0500)  grad_norm: 0.0000 (0.0000)  time: 1.6170  data: 0.0002  max mem: 30405
Epoch: [34]  [ 60/159]  eta: 0:06:22  lr: 0.000083  min_lr: 0.000083  loss: 0.0032 (0.0032)  weight_decay: 0.0500 (0.0500)  grad_norm: 0.0000 (0.0000)  time: 1.6158  data: 0.0002  max mem: 30405
Epoch: [34]  [ 70/159]  eta: 0:05:15  lr: 0.000083  min_lr: 0.000083  loss: 0.0033 (0.0032)  weight_decay: 0.0500 (0.0500)  grad_norm: 0.0000 (0.0000)  time: 1.6190  data: 0.0002  max mem: 30405
Epoch: [34]  [ 80/159]  eta: 0:04:22  lr: 0.000083  min_lr: 0.000083  loss: 0.0033 (0.0032)  weight_decay: 0.0500 (0.0500)  grad_norm: 0.0000 (0.0000)  time: 1.6405  data: 0.0002  max mem: 30405
Epoch: [34]  [ 90/159]  eta: 0:03:35  lr: 0.000083  min_lr: 0.000083  loss: 0.0033 (0.0032)  weight_decay: 0.0500 (0.0500)  grad_norm: 0.0000 (0.0000)  time: 1.6284  data: 0.0002  max mem: 30405
Epoch: [34]  [100/159]  eta: 0:02:55  lr: 0.000083  min_lr: 0.000083  loss: 0.0033 (0.0032)  weight_decay: 0.0500 (0.0500)  grad_norm: 0.0000 (0.0000)  time: 1.5964  data: 0.0002  max mem: 30405
Epoch: [34]  [110/159]  eta: 0:02:19  lr: 0.000083  min_lr: 0.000083  loss: 0.0032 (0.0032)  weight_decay: 0.0500 (0.0500)  grad_norm: 0.0000 (0.0000)  time: 1.6162  data: 0.0003  max mem: 30405
Epoch: [34]  [120/159]  eta: 0:01:47  lr: 0.000082  min_lr: 0.000082  loss: 0.0032 (0.0032)  weight_decay: 0.0500 (0.0500)  grad_norm: 0.0000 (0.0000)  time: 1.6290  data: 0.0002  max mem: 30405
Epoch: [34]  [130/159]  eta: 0:01:17  lr: 0.000082  min_lr: 0.000082  loss: 0.0033 (0.0032)  weight_decay: 0.0500 (0.0500)  grad_norm: 0.0000 (0.0000)  time: 1.6222  data: 0.0002  max mem: 30405
Epoch: [34]  [140/159]  eta: 0:00:49  lr: 0.000082  min_lr: 0.000082  loss: 0.0032 (0.0032)  weight_decay: 0.0500 (0.0500)  grad_norm: 0.0000 (0.0000)  time: 1.5989  data: 0.0002  max mem: 30405
Epoch: [34]  [150/159]  eta: 0:00:22  lr: 0.000082  min_lr: 0.000082  loss: 0.0032 (0.0032)  weight_decay: 0.0500 (0.0500)  grad_norm: 0.0000 (0.0000)  time: 1.6274  data: 0.0002  max mem: 30405
Epoch: [34]  [158/159]  eta: 0:00:02  lr: 0.000082  min_lr: 0.000082  loss: 0.0033 (0.0032)  weight_decay: 0.0500 (0.0500)  grad_norm: 0.0000 (0.0000)  time: 1.6201  data: 0.0002  max mem: 30405
Epoch: [34] Total time: 0:06:35 (2.4891 s / it)
Averaged stats: lr: 0.000082  min_lr: 0.000082  loss: 0.0033 (0.0032)  weight_decay: 0.0500 (0.0500)  grad_norm: 0.0000 (0.0000)
Epoch: [35]  [  0/159]  eta: 5:47:08  lr: 0.000082  min_lr: 0.000082  loss: 0.0033 (0.0033)  weight_decay: 0.0500 (0.0500)  grad_norm: 0.0000 (0.0000)  time: 130.9970  data: 86.8900  max mem: 30405
Epoch: [35]  [ 10/159]  eta: 0:34:40  lr: 0.000082  min_lr: 0.000082  loss: 0.0032 (0.0033)  weight_decay: 0.0500 (0.0500)  grad_norm: 0.0000 (0.0000)  time: 13.9647  data: 7.8993  max mem: 30405
Epoch: [35]  [ 20/159]  eta: 0:18:47  lr: 0.000082  min_lr: 0.000082  loss: 0.0032 (0.0032)  weight_decay: 0.0500 (0.0500)  grad_norm: 0.0000 (0.0000)  time: 1.9656  data: 0.0002  max mem: 30405
Epoch: [35]  [ 30/159]  eta: 0:12:54  lr: 0.000082  min_lr: 0.000082  loss: 0.0032 (0.0032)  weight_decay: 0.0500 (0.0500)  grad_norm: 0.0000 (0.0000)  time: 1.6263  data: 0.0003  max mem: 30405
Epoch: [35]  [ 40/159]  eta: 0:09:47  lr: 0.000082  min_lr: 0.000082  loss: 0.0033 (0.0033)  weight_decay: 0.0500 (0.0500)  grad_norm: 0.0000 (0.0000)  time: 1.5994  data: 0.0002  max mem: 30405
Epoch: [35]  [ 50/159]  eta: 0:07:47  lr: 0.000082  min_lr: 0.000082  loss: 0.0032 (0.0033)  weight_decay: 0.0500 (0.0500)  grad_norm: 0.0000 (0.0000)  time: 1.6198  data: 0.0002  max mem: 30405
Epoch: [35]  [ 60/159]  eta: 0:06:20  lr: 0.000082  min_lr: 0.000082  loss: 0.0032 (0.0032)  weight_decay: 0.0500 (0.0500)  grad_norm: 0.0000 (0.0000)  time: 1.6122  data: 0.0002  max mem: 30405
Epoch: [35]  [ 70/159]  eta: 0:05:13  lr: 0.000082  min_lr: 0.000082  loss: 0.0033 (0.0033)  weight_decay: 0.0500 (0.0500)  grad_norm: 0.0000 (0.0000)  time: 1.5944  data: 0.0002  max mem: 30405
Epoch: [35]  [ 80/159]  eta: 0:04:19  lr: 0.000081  min_lr: 0.000081  loss: 0.0033 (0.0033)  weight_decay: 0.0500 (0.0500)  grad_norm: 0.0000 (0.0000)  time: 1.5759  data: 0.0002  max mem: 30405
Epoch: [35]  [ 90/159]  eta: 0:03:34  lr: 0.000081  min_lr: 0.000081  loss: 0.0032 (0.0033)  weight_decay: 0.0500 (0.0500)  grad_norm: 0.0000 (0.0000)  time: 1.5985  data: 0.0002  max mem: 30405
Epoch: [35]  [100/159]  eta: 0:02:54  lr: 0.000081  min_lr: 0.000081  loss: 0.0033 (0.0033)  weight_decay: 0.0500 (0.0500)  grad_norm: 0.0000 (0.0000)  time: 1.5987  data: 0.0002  max mem: 30405
Epoch: [35]  [110/159]  eta: 0:02:18  lr: 0.000081  min_lr: 0.000081  loss: 0.0033 (0.0033)  weight_decay: 0.0500 (0.0500)  grad_norm: 0.0000 (0.0000)  time: 1.5704  data: 0.0002  max mem: 30405
Epoch: [35]  [120/159]  eta: 0:01:46  lr: 0.000081  min_lr: 0.000081  loss: 0.0033 (0.0033)  weight_decay: 0.0500 (0.0500)  grad_norm: 0.0000 (0.0000)  time: 1.5653  data: 0.0002  max mem: 30405
Epoch: [35]  [130/159]  eta: 0:01:16  lr: 0.000081  min_lr: 0.000081  loss: 0.0032 (0.0033)  weight_decay: 0.0500 (0.0500)  grad_norm: 0.0000 (0.0000)  time: 1.5805  data: 0.0002  max mem: 30405
Epoch: [35]  [140/159]  eta: 0:00:48  lr: 0.000081  min_lr: 0.000081  loss: 0.0032 (0.0033)  weight_decay: 0.0500 (0.0500)  grad_norm: 0.0000 (0.0000)  time: 1.5906  data: 0.0002  max mem: 30405
Epoch: [35]  [150/159]  eta: 0:00:22  lr: 0.000081  min_lr: 0.000081  loss: 0.0033 (0.0033)  weight_decay: 0.0500 (0.0500)  grad_norm: 0.0000 (0.0000)  time: 1.5743  data: 0.0002  max mem: 30405
Epoch: [35]  [158/159]  eta: 0:00:02  lr: 0.000081  min_lr: 0.000081  loss: 0.0032 (0.0033)  weight_decay: 0.0500 (0.0500)  grad_norm: 0.0000 (0.0000)  time: 1.5784  data: 0.0002  max mem: 30405
Epoch: [35] Total time: 0:06:30 (2.4577 s / it)
Averaged stats: lr: 0.000081  min_lr: 0.000081  loss: 0.0032 (0.0032)  weight_decay: 0.0500 (0.0500)  grad_norm: 0.0000 (0.0000)
Epoch: [36]  [  0/159]  eta: 6:40:41  lr: 0.000081  min_lr: 0.000081  loss: 0.0034 (0.0034)  weight_decay: 0.0500 (0.0500)  grad_norm: 0.0000 (0.0000)  time: 151.2035  data: 118.9736  max mem: 30405
Epoch: [36]  [ 10/159]  eta: 0:40:19  lr: 0.000081  min_lr: 0.000081  loss: 0.0032 (0.0032)  weight_decay: 0.0500 (0.0500)  grad_norm: 0.0000 (0.0000)  time: 16.2404  data: 11.6045  max mem: 30405
Epoch: [36]  [ 20/159]  eta: 0:21:31  lr: 0.000081  min_lr: 0.000081  loss: 0.0031 (0.0032)  weight_decay: 0.0500 (0.0500)  grad_norm: 0.0000 (0.0000)  time: 2.1943  data: 0.4339  max mem: 30405
Epoch: [36]  [ 30/159]  eta: 0:14:37  lr: 0.000081  min_lr: 0.000081  loss: 0.0032 (0.0032)  weight_decay: 0.0500 (0.0500)  grad_norm: 0.0000 (0.0000)  time: 1.6114  data: 0.0002  max mem: 30405
Epoch: [36]  [ 40/159]  eta: 0:10:57  lr: 0.000080  min_lr: 0.000080  loss: 0.0032 (0.0032)  weight_decay: 0.0500 (0.0500)  grad_norm: 0.0000 (0.0000)  time: 1.5789  data: 0.0002  max mem: 30405
Epoch: [36]  [ 50/159]  eta: 0:08:38  lr: 0.000080  min_lr: 0.000080  loss: 0.0032 (0.0032)  weight_decay: 0.0500 (0.0500)  grad_norm: 0.0000 (0.0000)  time: 1.5871  data: 0.0002  max mem: 30405
Epoch: [36]  [ 60/159]  eta: 0:06:59  lr: 0.000080  min_lr: 0.000080  loss: 0.0033 (0.0032)  weight_decay: 0.0500 (0.0500)  grad_norm: 0.0000 (0.0000)  time: 1.5817  data: 0.0002  max mem: 30405
Epoch: [36]  [ 70/159]  eta: 0:05:43  lr: 0.000080  min_lr: 0.000080  loss: 0.0032 (0.0032)  weight_decay: 0.0500 (0.0500)  grad_norm: 0.0000 (0.0000)  time: 1.5691  data: 0.0009  max mem: 30405
Epoch: [36]  [ 80/159]  eta: 0:04:42  lr: 0.000080  min_lr: 0.000080  loss: 0.0032 (0.0032)  weight_decay: 0.0500 (0.0500)  grad_norm: 0.0000 (0.0000)  time: 1.5628  data: 0.0009  max mem: 30405
Epoch: [36]  [ 90/159]  eta: 0:03:51  lr: 0.000080  min_lr: 0.000080  loss: 0.0033 (0.0032)  weight_decay: 0.0500 (0.0500)  grad_norm: 0.0000 (0.0000)  time: 1.5707  data: 0.0002  max mem: 30405
Epoch: [36]  [100/159]  eta: 0:03:07  lr: 0.000080  min_lr: 0.000080  loss: 0.0032 (0.0032)  weight_decay: 0.0500 (0.0500)  grad_norm: 0.0000 (0.0000)  time: 1.5704  data: 0.0002  max mem: 30405
Epoch: [36]  [110/159]  eta: 0:02:28  lr: 0.000080  min_lr: 0.000080  loss: 0.0032 (0.0032)  weight_decay: 0.0500 (0.0500)  grad_norm: 0.0000 (0.0000)  time: 1.5525  data: 0.0002  max mem: 30405
Epoch: [36]  [120/159]  eta: 0:01:53  lr: 0.000080  min_lr: 0.000080  loss: 0.0032 (0.0032)  weight_decay: 0.0500 (0.0500)  grad_norm: 0.0000 (0.0000)  time: 1.5512  data: 0.0002  max mem: 30405
Epoch: [36]  [130/159]  eta: 0:01:21  lr: 0.000080  min_lr: 0.000080  loss: 0.0032 (0.0032)  weight_decay: 0.0500 (0.0500)  grad_norm: 0.0000 (0.0000)  time: 1.5691  data: 0.0002  max mem: 30405
Epoch: [36]  [140/159]  eta: 0:00:51  lr: 0.000080  min_lr: 0.000080  loss: 0.0032 (0.0032)  weight_decay: 0.0500 (0.0500)  grad_norm: 0.0000 (0.0000)  time: 1.5626  data: 0.0002  max mem: 30405
Epoch: [36]  [150/159]  eta: 0:00:23  lr: 0.000079  min_lr: 0.000079  loss: 0.0033 (0.0032)  weight_decay: 0.0500 (0.0500)  grad_norm: 0.0000 (0.0000)  time: 1.5549  data: 0.0002  max mem: 30405
Epoch: [36]  [158/159]  eta: 0:00:02  lr: 0.000079  min_lr: 0.000079  loss: 0.0033 (0.0032)  weight_decay: 0.0500 (0.0500)  grad_norm: 0.0000 (0.0000)  time: 1.5600  data: 0.0002  max mem: 30405
Epoch: [36] Total time: 0:06:52 (2.5947 s / it)
Averaged stats: lr: 0.000079  min_lr: 0.000079  loss: 0.0033 (0.0032)  weight_decay: 0.0500 (0.0500)  grad_norm: 0.0000 (0.0000)
Epoch: [37]  [  0/159]  eta: 5:34:08  lr: 0.000079  min_lr: 0.000079  loss: 0.0035 (0.0035)  weight_decay: 0.0500 (0.0500)  grad_norm: 0.0000 (0.0000)  time: 126.0931  data: 76.2471  max mem: 30405
Epoch: [37]  [ 10/159]  eta: 0:33:59  lr: 0.000079  min_lr: 0.000079  loss: 0.0034 (0.0033)  weight_decay: 0.0500 (0.0500)  grad_norm: 0.0000 (0.0000)  time: 13.6911  data: 7.2593  max mem: 30405
Epoch: [37]  [ 20/159]  eta: 0:18:33  lr: 0.000079  min_lr: 0.000079  loss: 0.0032 (0.0032)  weight_decay: 0.0500 (0.0500)  grad_norm: 0.0000 (0.0000)  time: 2.1034  data: 0.1804  max mem: 30405
Epoch: [37]  [ 30/159]  eta: 0:12:45  lr: 0.000079  min_lr: 0.000079  loss: 0.0031 (0.0032)  weight_decay: 0.0500 (0.0500)  grad_norm: 0.0000 (0.0000)  time: 1.6672  data: 0.0002  max mem: 30405
Epoch: [37]  [ 40/159]  eta: 0:09:41  lr: 0.000079  min_lr: 0.000079  loss: 0.0031 (0.0032)  weight_decay: 0.0500 (0.0500)  grad_norm: 0.0000 (0.0000)  time: 1.6104  data: 0.0002  max mem: 30405
Epoch: [37]  [ 50/159]  eta: 0:07:42  lr: 0.000079  min_lr: 0.000079  loss: 0.0031 (0.0032)  weight_decay: 0.0500 (0.0500)  grad_norm: 0.0000 (0.0000)  time: 1.6113  data: 0.0002  max mem: 30405
Epoch: [37]  [ 60/159]  eta: 0:06:16  lr: 0.000079  min_lr: 0.000079  loss: 0.0031 (0.0032)  weight_decay: 0.0500 (0.0500)  grad_norm: 0.0000 (0.0000)  time: 1.5657  data: 0.0002  max mem: 30405
Epoch: [37]  [ 70/159]  eta: 0:05:10  lr: 0.000079  min_lr: 0.000079  loss: 0.0032 (0.0032)  weight_decay: 0.0500 (0.0500)  grad_norm: 0.0000 (0.0000)  time: 1.5593  data: 0.0002  max mem: 30405
Epoch: [37]  [ 80/159]  eta: 0:04:16  lr: 0.000079  min_lr: 0.000079  loss: 0.0033 (0.0032)  weight_decay: 0.0500 (0.0500)  grad_norm: 0.0000 (0.0000)  time: 1.5861  data: 0.0002  max mem: 30405
Epoch: [37]  [ 90/159]  eta: 0:03:31  lr: 0.000079  min_lr: 0.000079  loss: 0.0032 (0.0032)  weight_decay: 0.0500 (0.0500)  grad_norm: 0.0000 (0.0000)  time: 1.5806  data: 0.0002  max mem: 30405
Epoch: [37]  [100/159]  eta: 0:02:51  lr: 0.000078  min_lr: 0.000078  loss: 0.0032 (0.0032)  weight_decay: 0.0500 (0.0500)  grad_norm: 0.0000 (0.0000)  time: 1.5473  data: 0.0002  max mem: 30405
Epoch: [37]  [110/159]  eta: 0:02:16  lr: 0.000078  min_lr: 0.000078  loss: 0.0033 (0.0032)  weight_decay: 0.0500 (0.0500)  grad_norm: 0.0000 (0.0000)  time: 1.5514  data: 0.0002  max mem: 30405
Epoch: [37]  [120/159]  eta: 0:01:45  lr: 0.000078  min_lr: 0.000078  loss: 0.0033 (0.0032)  weight_decay: 0.0500 (0.0500)  grad_norm: 0.0000 (0.0000)  time: 1.5904  data: 0.0002  max mem: 30405
Epoch: [37]  [130/159]  eta: 0:01:15  lr: 0.000078  min_lr: 0.000078  loss: 0.0032 (0.0032)  weight_decay: 0.0500 (0.0500)  grad_norm: 0.0000 (0.0000)  time: 1.5792  data: 0.0003  max mem: 30405
Epoch: [37]  [140/159]  eta: 0:00:48  lr: 0.000078  min_lr: 0.000078  loss: 0.0032 (0.0032)  weight_decay: 0.0500 (0.0500)  grad_norm: 0.0000 (0.0000)  time: 1.5596  data: 0.0002  max mem: 30405
Epoch: [37]  [150/159]  eta: 0:00:22  lr: 0.000078  min_lr: 0.000078  loss: 0.0032 (0.0032)  weight_decay: 0.0500 (0.0500)  grad_norm: 0.0000 (0.0000)  time: 1.5588  data: 0.0002  max mem: 30405
Epoch: [37]  [158/159]  eta: 0:00:02  lr: 0.000078  min_lr: 0.000078  loss: 0.0032 (0.0032)  weight_decay: 0.0500 (0.0500)  grad_norm: 0.0000 (0.0000)  time: 1.5703  data: 0.0002  max mem: 30405
Epoch: [37] Total time: 0:06:26 (2.4320 s / it)
Averaged stats: lr: 0.000078  min_lr: 0.000078  loss: 0.0032 (0.0032)  weight_decay: 0.0500 (0.0500)  grad_norm: 0.0000 (0.0000)
Epoch: [38]  [  0/159]  eta: 6:49:10  lr: 0.000078  min_lr: 0.000078  loss: 0.0032 (0.0032)  weight_decay: 0.0500 (0.0500)  grad_norm: 0.0000 (0.0000)  time: 154.4067  data: 64.2861  max mem: 30405
Epoch: [38]  [ 10/159]  eta: 0:39:26  lr: 0.000078  min_lr: 0.000078  loss: 0.0032 (0.0032)  weight_decay: 0.0500 (0.0500)  grad_norm: 0.0000 (0.0000)  time: 15.8853  data: 5.8445  max mem: 30405
Epoch: [38]  [ 20/159]  eta: 0:21:01  lr: 0.000078  min_lr: 0.000078  loss: 0.0031 (0.0032)  weight_decay: 0.0500 (0.0500)  grad_norm: 0.0000 (0.0000)  time: 1.8123  data: 0.0003  max mem: 30405
Epoch: [38]  [ 30/159]  eta: 0:14:22  lr: 0.000078  min_lr: 0.000078  loss: 0.0033 (0.0032)  weight_decay: 0.0500 (0.0500)  grad_norm: 0.0000 (0.0000)  time: 1.6262  data: 0.0002  max mem: 30405
Epoch: [38]  [ 40/159]  eta: 0:10:48  lr: 0.000078  min_lr: 0.000078  loss: 0.0034 (0.0032)  weight_decay: 0.0500 (0.0500)  grad_norm: 0.0000 (0.0000)  time: 1.6463  data: 0.0002  max mem: 30405
Epoch: [38]  [ 50/159]  eta: 0:08:34  lr: 0.000078  min_lr: 0.000078  loss: 0.0032 (0.0032)  weight_decay: 0.0500 (0.0500)  grad_norm: 0.0000 (0.0000)  time: 1.6644  data: 0.0002  max mem: 30405
Epoch: [38]  [ 60/159]  eta: 0:06:56  lr: 0.000077  min_lr: 0.000077  loss: 0.0031 (0.0032)  weight_decay: 0.0500 (0.0500)  grad_norm: 0.0000 (0.0000)  time: 1.6521  data: 0.0002  max mem: 30405
Epoch: [38]  [ 70/159]  eta: 0:05:41  lr: 0.000077  min_lr: 0.000077  loss: 0.0032 (0.0032)  weight_decay: 0.0500 (0.0500)  grad_norm: 0.0000 (0.0000)  time: 1.5920  data: 0.0003  max mem: 30405
Epoch: [38]  [ 80/159]  eta: 0:04:42  lr: 0.000077  min_lr: 0.000077  loss: 0.0032 (0.0032)  weight_decay: 0.0500 (0.0500)  grad_norm: 0.0000 (0.0000)  time: 1.6380  data: 0.0003  max mem: 30405
Epoch: [38]  [ 90/159]  eta: 0:03:52  lr: 0.000077  min_lr: 0.000077  loss: 0.0032 (0.0032)  weight_decay: 0.0500 (0.0500)  grad_norm: 0.0000 (0.0000)  time: 1.6806  data: 0.0002  max mem: 30405
Epoch: [38]  [100/159]  eta: 0:03:08  lr: 0.000077  min_lr: 0.000077  loss: 0.0031 (0.0032)  weight_decay: 0.0500 (0.0500)  grad_norm: 0.0000 (0.0000)  time: 1.6378  data: 0.0002  max mem: 30405
Epoch: [38]  [110/159]  eta: 0:02:29  lr: 0.000077  min_lr: 0.000077  loss: 0.0031 (0.0032)  weight_decay: 0.0500 (0.0500)  grad_norm: 0.0000 (0.0000)  time: 1.6300  data: 0.0002  max mem: 30405
Epoch: [38]  [120/159]  eta: 0:01:54  lr: 0.000077  min_lr: 0.000077  loss: 0.0032 (0.0032)  weight_decay: 0.0500 (0.0500)  grad_norm: 0.0000 (0.0000)  time: 1.6885  data: 0.0002  max mem: 30405
Epoch: [38]  [130/159]  eta: 0:01:22  lr: 0.000077  min_lr: 0.000077  loss: 0.0032 (0.0032)  weight_decay: 0.0500 (0.0500)  grad_norm: 0.0000 (0.0000)  time: 1.6863  data: 0.0002  max mem: 30405
Epoch: [38]  [140/159]  eta: 0:00:52  lr: 0.000077  min_lr: 0.000077  loss: 0.0032 (0.0032)  weight_decay: 0.0500 (0.0500)  grad_norm: 0.0000 (0.0000)  time: 1.6737  data: 0.0002  max mem: 30405
Epoch: [38]  [150/159]  eta: 0:00:24  lr: 0.000077  min_lr: 0.000077  loss: 0.0032 (0.0032)  weight_decay: 0.0500 (0.0500)  grad_norm: 0.0000 (0.0000)  time: 1.6650  data: 0.0002  max mem: 30405
Epoch: [38]  [158/159]  eta: 0:00:02  lr: 0.000077  min_lr: 0.000077  loss: 0.0032 (0.0032)  weight_decay: 0.0500 (0.0500)  grad_norm: 0.0000 (0.0000)  time: 1.6410  data: 0.0002  max mem: 30405
Epoch: [38] Total time: 0:06:59 (2.6405 s / it)
Averaged stats: lr: 0.000077  min_lr: 0.000077  loss: 0.0032 (0.0032)  weight_decay: 0.0500 (0.0500)  grad_norm: 0.0000 (0.0000)
Epoch: [39]  [  0/159]  eta: 5:55:03  lr: 0.000076  min_lr: 0.000076  loss: 0.0031 (0.0031)  weight_decay: 0.0500 (0.0500)  grad_norm: 0.0000 (0.0000)  time: 133.9874  data: 105.3541  max mem: 30405
Epoch: [39]  [ 10/159]  eta: 0:34:48  lr: 0.000076  min_lr: 0.000076  loss: 0.0033 (0.0033)  weight_decay: 0.0500 (0.0500)  grad_norm: 0.0000 (0.0000)  time: 14.0191  data: 9.5778  max mem: 30405
Epoch: [39]  [ 20/159]  eta: 0:18:58  lr: 0.000076  min_lr: 0.000076  loss: 0.0033 (0.0033)  weight_decay: 0.0500 (0.0500)  grad_norm: 0.0000 (0.0000)  time: 1.8977  data: 0.0002  max mem: 30405
Epoch: [39]  [ 30/159]  eta: 0:13:04  lr: 0.000076  min_lr: 0.000076  loss: 0.0031 (0.0032)  weight_decay: 0.0500 (0.0500)  grad_norm: 0.0000 (0.0000)  time: 1.7203  data: 0.0002  max mem: 30405
Epoch: [39]  [ 40/159]  eta: 0:09:55  lr: 0.000076  min_lr: 0.000076  loss: 0.0031 (0.0032)  weight_decay: 0.0500 (0.0500)  grad_norm: 0.0000 (0.0000)  time: 1.6623  data: 0.0002  max mem: 30405
Epoch: [39]  [ 50/159]  eta: 0:07:54  lr: 0.000076  min_lr: 0.000076  loss: 0.0032 (0.0032)  weight_decay: 0.0500 (0.0500)  grad_norm: 0.0000 (0.0000)  time: 1.6749  data: 0.0002  max mem: 30405
Epoch: [39]  [ 60/159]  eta: 0:06:28  lr: 0.000076  min_lr: 0.000076  loss: 0.0032 (0.0033)  weight_decay: 0.0500 (0.0500)  grad_norm: 0.0000 (0.0000)  time: 1.6975  data: 0.0002  max mem: 30405
Epoch: [39]  [ 70/159]  eta: 0:05:20  lr: 0.000076  min_lr: 0.000076  loss: 0.0033 (0.0033)  weight_decay: 0.0500 (0.0500)  grad_norm: 0.0000 (0.0000)  time: 1.6751  data: 0.0002  max mem: 30405
Epoch: [39]  [ 80/159]  eta: 0:04:25  lr: 0.000076  min_lr: 0.000076  loss: 0.0032 (0.0033)  weight_decay: 0.0500 (0.0500)  grad_norm: 0.0000 (0.0000)  time: 1.6534  data: 0.0002  max mem: 30405
Epoch: [39]  [ 90/159]  eta: 0:03:39  lr: 0.000076  min_lr: 0.000076  loss: 0.0031 (0.0032)  weight_decay: 0.0500 (0.0500)  grad_norm: 0.0000 (0.0000)  time: 1.6840  data: 0.0002  max mem: 30405
Epoch: [39]  [100/159]  eta: 0:02:58  lr: 0.000076  min_lr: 0.000076  loss: 0.0032 (0.0032)  weight_decay: 0.0500 (0.0500)  grad_norm: 0.0000 (0.0000)  time: 1.6849  data: 0.0002  max mem: 30405
Epoch: [39]  [110/159]  eta: 0:02:22  lr: 0.000075  min_lr: 0.000075  loss: 0.0032 (0.0032)  weight_decay: 0.0500 (0.0500)  grad_norm: 0.0000 (0.0000)  time: 1.6548  data: 0.0002  max mem: 30405
Epoch: [39]  [120/159]  eta: 0:01:49  lr: 0.000075  min_lr: 0.000075  loss: 0.0032 (0.0033)  weight_decay: 0.0500 (0.0500)  grad_norm: 0.0000 (0.0000)  time: 1.6864  data: 0.0002  max mem: 30405
Epoch: [39]  [130/159]  eta: 0:01:18  lr: 0.000075  min_lr: 0.000075  loss: 0.0033 (0.0033)  weight_decay: 0.0500 (0.0500)  grad_norm: 0.0000 (0.0000)  time: 1.7058  data: 0.0002  max mem: 30405
Epoch: [39]  [140/159]  eta: 0:00:50  lr: 0.000075  min_lr: 0.000075  loss: 0.0033 (0.0033)  weight_decay: 0.0500 (0.0500)  grad_norm: 0.0000 (0.0000)  time: 1.6889  data: 0.0002  max mem: 30405
Epoch: [39]  [150/159]  eta: 0:00:23  lr: 0.000075  min_lr: 0.000075  loss: 0.0034 (0.0033)  weight_decay: 0.0500 (0.0500)  grad_norm: 0.0000 (0.0000)  time: 1.6913  data: 0.0002  max mem: 30405
Epoch: [39]  [158/159]  eta: 0:00:02  lr: 0.000075  min_lr: 0.000075  loss: 0.0034 (0.0033)  weight_decay: 0.0500 (0.0500)  grad_norm: 0.0000 (0.0000)  time: 1.7383  data: 0.0002  max mem: 30405
Epoch: [39] Total time: 0:06:45 (2.5495 s / it)
Averaged stats: lr: 0.000075  min_lr: 0.000075  loss: 0.0034 (0.0032)  weight_decay: 0.0500 (0.0500)  grad_norm: 0.0000 (0.0000)
Epoch: [40]  [  0/159]  eta: 5:39:38  lr: 0.000075  min_lr: 0.000075  loss: 0.0027 (0.0027)  weight_decay: 0.0500 (0.0500)  grad_norm: 0.0000 (0.0000)  time: 128.1698  data: 103.0261  max mem: 30405
Epoch: [40]  [ 10/159]  eta: 0:34:18  lr: 0.000075  min_lr: 0.000075  loss: 0.0032 (0.0032)  weight_decay: 0.0500 (0.0500)  grad_norm: 0.0000 (0.0000)  time: 13.8185  data: 9.3663  max mem: 30405
Epoch: [40]  [ 20/159]  eta: 0:18:43  lr: 0.000075  min_lr: 0.000075  loss: 0.0033 (0.0033)  weight_decay: 0.0500 (0.0500)  grad_norm: 0.0000 (0.0000)  time: 2.0795  data: 0.0003  max mem: 30405
Epoch: [40]  [ 30/159]  eta: 0:12:58  lr: 0.000075  min_lr: 0.000075  loss: 0.0032 (0.0033)  weight_decay: 0.0500 (0.0500)  grad_norm: 0.0000 (0.0000)  time: 1.7503  data: 0.0002  max mem: 30405
Epoch: [40]  [ 40/159]  eta: 0:09:52  lr: 0.000075  min_lr: 0.000075  loss: 0.0032 (0.0033)  weight_decay: 0.0500 (0.0500)  grad_norm: 0.0000 (0.0000)  time: 1.7244  data: 0.0002  max mem: 30405
Epoch: [40]  [ 50/159]  eta: 0:07:52  lr: 0.000075  min_lr: 0.000075  loss: 0.0032 (0.0033)  weight_decay: 0.0500 (0.0500)  grad_norm: 0.0000 (0.0000)  time: 1.7093  data: 0.0002  max mem: 30405
Epoch: [40]  [ 60/159]  eta: 0:06:27  lr: 0.000074  min_lr: 0.000074  loss: 0.0032 (0.0033)  weight_decay: 0.0500 (0.0500)  grad_norm: 0.0000 (0.0000)  time: 1.7121  data: 0.0002  max mem: 30405
Epoch: [40]  [ 70/159]  eta: 0:05:20  lr: 0.000074  min_lr: 0.000074  loss: 0.0033 (0.0033)  weight_decay: 0.0500 (0.0500)  grad_norm: 0.0000 (0.0000)  time: 1.7441  data: 0.0002  max mem: 30405
Epoch: [40]  [ 80/159]  eta: 0:04:26  lr: 0.000074  min_lr: 0.000074  loss: 0.0033 (0.0033)  weight_decay: 0.0500 (0.0500)  grad_norm: 0.0000 (0.0000)  time: 1.7516  data: 0.0002  max mem: 30405
Epoch: [40]  [ 90/159]  eta: 0:03:40  lr: 0.000074  min_lr: 0.000074  loss: 0.0032 (0.0033)  weight_decay: 0.0500 (0.0500)  grad_norm: 0.0000 (0.0000)  time: 1.7440  data: 0.0006  max mem: 30405
Epoch: [40]  [100/159]  eta: 0:03:00  lr: 0.000074  min_lr: 0.000074  loss: 0.0032 (0.0032)  weight_decay: 0.0500 (0.0500)  grad_norm: 0.0000 (0.0000)  time: 1.8063  data: 0.0006  max mem: 30405
Epoch: [40]  [110/159]  eta: 0:02:24  lr: 0.000074  min_lr: 0.000074  loss: 0.0032 (0.0032)  weight_decay: 0.0500 (0.0500)  grad_norm: 0.0000 (0.0000)  time: 1.8098  data: 0.0002  max mem: 30405
Epoch: [40]  [120/159]  eta: 0:01:51  lr: 0.000074  min_lr: 0.000074  loss: 0.0033 (0.0032)  weight_decay: 0.0500 (0.0500)  grad_norm: 0.0000 (0.0000)  time: 1.7641  data: 0.0002  max mem: 30405
Epoch: [40]  [130/159]  eta: 0:01:20  lr: 0.000074  min_lr: 0.000074  loss: 0.0033 (0.0032)  weight_decay: 0.0500 (0.0500)  grad_norm: 0.0000 (0.0000)  time: 1.7744  data: 0.0002  max mem: 30405
Epoch: [40]  [140/159]  eta: 0:00:51  lr: 0.000074  min_lr: 0.000074  loss: 0.0031 (0.0032)  weight_decay: 0.0500 (0.0500)  grad_norm: 0.0000 (0.0000)  time: 1.7648  data: 0.0002  max mem: 30405
Epoch: [40]  [150/159]  eta: 0:00:23  lr: 0.000074  min_lr: 0.000074  loss: 0.0031 (0.0032)  weight_decay: 0.0500 (0.0500)  grad_norm: 0.0000 (0.0000)  time: 1.7669  data: 0.0002  max mem: 30405
Epoch: [40]  [158/159]  eta: 0:00:02  lr: 0.000073  min_lr: 0.000073  loss: 0.0032 (0.0032)  weight_decay: 0.0500 (0.0500)  grad_norm: 0.0000 (0.0000)  time: 1.7811  data: 0.0002  max mem: 30405
Epoch: [40] Total time: 0:06:53 (2.6005 s / it)
Averaged stats: lr: 0.000073  min_lr: 0.000073  loss: 0.0032 (0.0032)  weight_decay: 0.0500 (0.0500)  grad_norm: 0.0000 (0.0000)
[Eval]   [0/2]  eta: 0:00:22  loss: 0.0033 (0.0033)  time: 11.0885  data: 10.2670  max mem: 30405
[Eval]   [1/2]  eta: 0:00:06  loss: 0.0033 (0.0033)  time: 6.0578  data: 5.1336  max mem: 30405
[Eval]  Total time: 0:00:12 (6.4204 s / it)
Eval averaged stats: loss: 0.0033 (0.0031)
Logged 9 eval images
Epoch: [41]  [  0/159]  eta: 4:15:20  lr: 0.000073  min_lr: 0.000073  loss: 0.0031 (0.0031)  weight_decay: 0.0500 (0.0500)  grad_norm: 0.0000 (0.0000)  time: 96.3524  data: 65.3920  max mem: 30405
Epoch: [41]  [ 10/159]  eta: 0:29:18  lr: 0.000073  min_lr: 0.000073  loss: 0.0032 (0.0031)  weight_decay: 0.0500 (0.0500)  grad_norm: 0.0000 (0.0000)  time: 11.8045  data: 6.5935  max mem: 30405
Epoch: [41]  [ 20/159]  eta: 0:16:14  lr: 0.000073  min_lr: 0.000073  loss: 0.0032 (0.0032)  weight_decay: 0.0500 (0.0500)  grad_norm: 0.0000 (0.0000)  time: 2.5418  data: 0.3570  max mem: 30405
Epoch: [41]  [ 30/159]  eta: 0:11:26  lr: 0.000073  min_lr: 0.000073  loss: 0.0032 (0.0032)  weight_decay: 0.0500 (0.0500)  grad_norm: 0.0000 (0.0000)  time: 1.7604  data: 0.0003  max mem: 30405
Epoch: [41]  [ 40/159]  eta: 0:08:48  lr: 0.000073  min_lr: 0.000073  loss: 0.0031 (0.0032)  weight_decay: 0.0500 (0.0500)  grad_norm: 0.0000 (0.0000)  time: 1.7512  data: 0.0003  max mem: 30405
Epoch: [41]  [ 50/159]  eta: 0:07:05  lr: 0.000073  min_lr: 0.000073  loss: 0.0032 (0.0032)  weight_decay: 0.0500 (0.0500)  grad_norm: 0.0000 (0.0000)  time: 1.7022  data: 0.0003  max mem: 30405
Epoch: [41]  [ 60/159]  eta: 0:05:50  lr: 0.000073  min_lr: 0.000073  loss: 0.0032 (0.0032)  weight_decay: 0.0500 (0.0500)  grad_norm: 0.0000 (0.0000)  time: 1.6776  data: 0.0002  max mem: 30405
Epoch: [41]  [ 70/159]  eta: 0:04:52  lr: 0.000073  min_lr: 0.000073  loss: 0.0032 (0.0032)  weight_decay: 0.0500 (0.0500)  grad_norm: 0.0000 (0.0000)  time: 1.7026  data: 0.0002  max mem: 30405
Epoch: [41]  [ 80/159]  eta: 0:04:04  lr: 0.000073  min_lr: 0.000073  loss: 0.0031 (0.0032)  weight_decay: 0.0500 (0.0500)  grad_norm: 0.0000 (0.0000)  time: 1.7263  data: 0.0003  max mem: 30405
Epoch: [41]  [ 90/159]  eta: 0:03:22  lr: 0.000073  min_lr: 0.000073  loss: 0.0032 (0.0032)  weight_decay: 0.0500 (0.0500)  grad_norm: 0.0000 (0.0000)  time: 1.6890  data: 0.0002  max mem: 30405
Epoch: [41]  [100/159]  eta: 0:02:46  lr: 0.000072  min_lr: 0.000072  loss: 0.0032 (0.0032)  weight_decay: 0.0500 (0.0500)  grad_norm: 0.0000 (0.0000)  time: 1.6979  data: 0.0002  max mem: 30405
Epoch: [41]  [110/159]  eta: 0:02:13  lr: 0.000072  min_lr: 0.000072  loss: 0.0032 (0.0032)  weight_decay: 0.0500 (0.0500)  grad_norm: 0.0000 (0.0000)  time: 1.7208  data: 0.0002  max mem: 30405
Epoch: [41]  [120/159]  eta: 0:01:42  lr: 0.000072  min_lr: 0.000072  loss: 0.0032 (0.0032)  weight_decay: 0.0500 (0.0500)  grad_norm: 0.0000 (0.0000)  time: 1.7070  data: 0.0003  max mem: 30405
Epoch: [41]  [130/159]  eta: 0:01:14  lr: 0.000072  min_lr: 0.000072  loss: 0.0034 (0.0032)  weight_decay: 0.0500 (0.0500)  grad_norm: 0.0000 (0.0000)  time: 1.6994  data: 0.0003  max mem: 30405
Epoch: [41]  [140/159]  eta: 0:00:47  lr: 0.000072  min_lr: 0.000072  loss: 0.0033 (0.0032)  weight_decay: 0.0500 (0.0500)  grad_norm: 0.0000 (0.0000)  time: 1.6947  data: 0.0002  max mem: 30405
Epoch: [41]  [150/159]  eta: 0:00:21  lr: 0.000072  min_lr: 0.000072  loss: 0.0032 (0.0032)  weight_decay: 0.0500 (0.0500)  grad_norm: 0.0000 (0.0000)  time: 1.6874  data: 0.0002  max mem: 30405
Epoch: [41]  [158/159]  eta: 0:00:02  lr: 0.000072  min_lr: 0.000072  loss: 0.0032 (0.0032)  weight_decay: 0.0500 (0.0500)  grad_norm: 0.0000 (0.0000)  time: 1.6728  data: 0.0002  max mem: 30405
Epoch: [41] Total time: 0:06:23 (2.4096 s / it)
Averaged stats: lr: 0.000072  min_lr: 0.000072  loss: 0.0032 (0.0032)  weight_decay: 0.0500 (0.0500)  grad_norm: 0.0000 (0.0000)
Epoch: [42]  [  0/159]  eta: 5:22:14  lr: 0.000072  min_lr: 0.000072  loss: 0.0036 (0.0036)  weight_decay: 0.0500 (0.0500)  grad_norm: 0.0000 (0.0000)  time: 121.6020  data: 101.4291  max mem: 30405
Epoch: [42]  [ 10/159]  eta: 0:32:34  lr: 0.000072  min_lr: 0.000072  loss: 0.0033 (0.0034)  weight_decay: 0.0500 (0.0500)  grad_norm: 0.0000 (0.0000)  time: 13.1182  data: 9.2211  max mem: 30405
Epoch: [42]  [ 20/159]  eta: 0:17:48  lr: 0.000072  min_lr: 0.000072  loss: 0.0033 (0.0033)  weight_decay: 0.0500 (0.0500)  grad_norm: 0.0000 (0.0000)  time: 1.9922  data: 0.0003  max mem: 30405
Epoch: [42]  [ 30/159]  eta: 0:12:22  lr: 0.000072  min_lr: 0.000072  loss: 0.0031 (0.0033)  weight_decay: 0.0500 (0.0500)  grad_norm: 0.0000 (0.0000)  time: 1.7082  data: 0.0002  max mem: 30405
Epoch: [42]  [ 40/159]  eta: 0:09:28  lr: 0.000072  min_lr: 0.000072  loss: 0.0031 (0.0032)  weight_decay: 0.0500 (0.0500)  grad_norm: 0.0000 (0.0000)  time: 1.7221  data: 0.0007  max mem: 30405
Epoch: [42]  [ 50/159]  eta: 0:07:34  lr: 0.000071  min_lr: 0.000071  loss: 0.0032 (0.0032)  weight_decay: 0.0500 (0.0500)  grad_norm: 0.0000 (0.0000)  time: 1.7208  data: 0.0007  max mem: 30405
Epoch: [42]  [ 60/159]  eta: 0:06:13  lr: 0.000071  min_lr: 0.000071  loss: 0.0033 (0.0032)  weight_decay: 0.0500 (0.0500)  grad_norm: 0.0000 (0.0000)  time: 1.6999  data: 0.0002  max mem: 30405
Epoch: [42]  [ 70/159]  eta: 0:05:09  lr: 0.000071  min_lr: 0.000071  loss: 0.0032 (0.0032)  weight_decay: 0.0500 (0.0500)  grad_norm: 0.0000 (0.0000)  time: 1.7072  data: 0.0003  max mem: 30405
Epoch: [42]  [ 80/159]  eta: 0:04:17  lr: 0.000071  min_lr: 0.000071  loss: 0.0032 (0.0032)  weight_decay: 0.0500 (0.0500)  grad_norm: 0.0000 (0.0000)  time: 1.7273  data: 0.0002  max mem: 30405
Epoch: [42]  [ 90/159]  eta: 0:03:33  lr: 0.000071  min_lr: 0.000071  loss: 0.0032 (0.0032)  weight_decay: 0.0500 (0.0500)  grad_norm: 0.0000 (0.0000)  time: 1.7216  data: 0.0002  max mem: 30405
Epoch: [42]  [100/159]  eta: 0:02:54  lr: 0.000071  min_lr: 0.000071  loss: 0.0032 (0.0032)  weight_decay: 0.0500 (0.0500)  grad_norm: 0.0000 (0.0000)  time: 1.6984  data: 0.0002  max mem: 30405
Epoch: [42]  [110/159]  eta: 0:02:19  lr: 0.000071  min_lr: 0.000071  loss: 0.0032 (0.0032)  weight_decay: 0.0500 (0.0500)  grad_norm: 0.0000 (0.0000)  time: 1.6999  data: 0.0002  max mem: 30405
Epoch: [42]  [120/159]  eta: 0:01:47  lr: 0.000071  min_lr: 0.000071  loss: 0.0032 (0.0032)  weight_decay: 0.0500 (0.0500)  grad_norm: 0.0000 (0.0000)  time: 1.7020  data: 0.0002  max mem: 30405
Epoch: [42]  [130/159]  eta: 0:01:17  lr: 0.000071  min_lr: 0.000071  loss: 0.0033 (0.0032)  weight_decay: 0.0500 (0.0500)  grad_norm: 0.0000 (0.0000)  time: 1.6994  data: 0.0002  max mem: 30405
Epoch: [42]  [140/159]  eta: 0:00:49  lr: 0.000071  min_lr: 0.000071  loss: 0.0032 (0.0032)  weight_decay: 0.0500 (0.0500)  grad_norm: 0.0000 (0.0000)  time: 1.6894  data: 0.0002  max mem: 30405
Epoch: [42]  [150/159]  eta: 0:00:22  lr: 0.000070  min_lr: 0.000070  loss: 0.0031 (0.0032)  weight_decay: 0.0500 (0.0500)  grad_norm: 0.0000 (0.0000)  time: 1.7069  data: 0.0002  max mem: 30405
Epoch: [42]  [158/159]  eta: 0:00:02  lr: 0.000070  min_lr: 0.000070  loss: 0.0031 (0.0032)  weight_decay: 0.0500 (0.0500)  grad_norm: 0.0000 (0.0000)  time: 1.7188  data: 0.0002  max mem: 30405
Epoch: [42] Total time: 0:06:38 (2.5050 s / it)
Averaged stats: lr: 0.000070  min_lr: 0.000070  loss: 0.0031 (0.0032)  weight_decay: 0.0500 (0.0500)  grad_norm: 0.0000 (0.0000)
Epoch: [43]  [  0/159]  eta: 6:27:28  lr: 0.000070  min_lr: 0.000070  loss: 0.0034 (0.0034)  weight_decay: 0.0500 (0.0500)  grad_norm: 0.0000 (0.0000)  time: 146.2149  data: 113.0143  max mem: 30405
Epoch: [43]  [ 10/159]  eta: 0:37:51  lr: 0.000070  min_lr: 0.000070  loss: 0.0032 (0.0032)  weight_decay: 0.0500 (0.0500)  grad_norm: 0.0000 (0.0000)  time: 15.2451  data: 10.2743  max mem: 30405
Epoch: [43]  [ 20/159]  eta: 0:20:16  lr: 0.000070  min_lr: 0.000070  loss: 0.0032 (0.0032)  weight_decay: 0.0500 (0.0500)  grad_norm: 0.0000 (0.0000)  time: 1.8802  data: 0.0003  max mem: 30405
Epoch: [43]  [ 30/159]  eta: 0:13:53  lr: 0.000070  min_lr: 0.000070  loss: 0.0032 (0.0033)  weight_decay: 0.0500 (0.0500)  grad_norm: 0.0000 (0.0000)  time: 1.6316  data: 0.0002  max mem: 30405
Epoch: [43]  [ 40/159]  eta: 0:10:29  lr: 0.000070  min_lr: 0.000070  loss: 0.0032 (0.0032)  weight_decay: 0.0500 (0.0500)  grad_norm: 0.0000 (0.0000)  time: 1.6503  data: 0.0002  max mem: 30405
Epoch: [43]  [ 50/159]  eta: 0:08:17  lr: 0.000070  min_lr: 0.000070  loss: 0.0032 (0.0032)  weight_decay: 0.0500 (0.0500)  grad_norm: 0.0000 (0.0000)  time: 1.6267  data: 0.0002  max mem: 30405
Epoch: [43]  [ 60/159]  eta: 0:06:44  lr: 0.000070  min_lr: 0.000070  loss: 0.0031 (0.0032)  weight_decay: 0.0500 (0.0500)  grad_norm: 0.0000 (0.0000)  time: 1.6089  data: 0.0002  max mem: 30405
Epoch: [43]  [ 70/159]  eta: 0:05:31  lr: 0.000070  min_lr: 0.000070  loss: 0.0033 (0.0032)  weight_decay: 0.0500 (0.0500)  grad_norm: 0.0000 (0.0000)  time: 1.5879  data: 0.0002  max mem: 30405
Epoch: [43]  [ 80/159]  eta: 0:04:34  lr: 0.000070  min_lr: 0.000070  loss: 0.0033 (0.0032)  weight_decay: 0.0500 (0.0500)  grad_norm: 0.0000 (0.0000)  time: 1.5994  data: 0.0002  max mem: 30405
Epoch: [43]  [ 90/159]  eta: 0:03:44  lr: 0.000069  min_lr: 0.000069  loss: 0.0032 (0.0032)  weight_decay: 0.0500 (0.0500)  grad_norm: 0.0000 (0.0000)  time: 1.6047  data: 0.0002  max mem: 30405
Epoch: [43]  [100/159]  eta: 0:03:02  lr: 0.000069  min_lr: 0.000069  loss: 0.0031 (0.0032)  weight_decay: 0.0500 (0.0500)  grad_norm: 0.0000 (0.0000)  time: 1.5717  data: 0.0002  max mem: 30405
Epoch: [43]  [110/159]  eta: 0:02:24  lr: 0.000069  min_lr: 0.000069  loss: 0.0031 (0.0032)  weight_decay: 0.0500 (0.0500)  grad_norm: 0.0000 (0.0000)  time: 1.5727  data: 0.0002  max mem: 30405
Epoch: [43]  [120/159]  eta: 0:01:51  lr: 0.000069  min_lr: 0.000069  loss: 0.0031 (0.0032)  weight_decay: 0.0500 (0.0500)  grad_norm: 0.0000 (0.0000)  time: 1.6089  data: 0.0002  max mem: 30405
Epoch: [43]  [130/159]  eta: 0:01:19  lr: 0.000069  min_lr: 0.000069  loss: 0.0032 (0.0032)  weight_decay: 0.0500 (0.0500)  grad_norm: 0.0000 (0.0000)  time: 1.6034  data: 0.0006  max mem: 30405
Epoch: [43]  [140/159]  eta: 0:00:50  lr: 0.000069  min_lr: 0.000069  loss: 0.0032 (0.0032)  weight_decay: 0.0500 (0.0500)  grad_norm: 0.0000 (0.0000)  time: 1.5707  data: 0.0005  max mem: 30405
Epoch: [43]  [150/159]  eta: 0:00:23  lr: 0.000069  min_lr: 0.000069  loss: 0.0032 (0.0032)  weight_decay: 0.0500 (0.0500)  grad_norm: 0.0000 (0.0000)  time: 1.5790  data: 0.0002  max mem: 30405
Epoch: [43]  [158/159]  eta: 0:00:02  lr: 0.000069  min_lr: 0.000069  loss: 0.0032 (0.0032)  weight_decay: 0.0500 (0.0500)  grad_norm: 0.0000 (0.0000)  time: 1.6094  data: 0.0002  max mem: 30405
Epoch: [43] Total time: 0:06:46 (2.5549 s / it)
Averaged stats: lr: 0.000069  min_lr: 0.000069  loss: 0.0032 (0.0032)  weight_decay: 0.0500 (0.0500)  grad_norm: 0.0000 (0.0000)
Epoch: [44]  [  0/159]  eta: 5:29:06  lr: 0.000069  min_lr: 0.000069  loss: 0.0036 (0.0036)  weight_decay: 0.0500 (0.0500)  grad_norm: 0.0000 (0.0000)  time: 124.1941  data: 77.2660  max mem: 30405
Epoch: [44]  [ 10/159]  eta: 0:33:02  lr: 0.000069  min_lr: 0.000069  loss: 0.0033 (0.0033)  weight_decay: 0.0500 (0.0500)  grad_norm: 0.0000 (0.0000)  time: 13.3070  data: 7.1569  max mem: 30405
Epoch: [44]  [ 20/159]  eta: 0:17:57  lr: 0.000069  min_lr: 0.000069  loss: 0.0032 (0.0032)  weight_decay: 0.0500 (0.0500)  grad_norm: 0.0000 (0.0000)  time: 1.9276  data: 0.0731  max mem: 30405
Epoch: [44]  [ 30/159]  eta: 0:12:26  lr: 0.000068  min_lr: 0.000068  loss: 0.0031 (0.0032)  weight_decay: 0.0500 (0.0500)  grad_norm: 0.0000 (0.0000)  time: 1.6452  data: 0.0002  max mem: 30405
Epoch: [44]  [ 40/159]  eta: 0:09:27  lr: 0.000068  min_lr: 0.000068  loss: 0.0033 (0.0033)  weight_decay: 0.0500 (0.0500)  grad_norm: 0.0000 (0.0000)  time: 1.6453  data: 0.0002  max mem: 30405
Epoch: [44]  [ 50/159]  eta: 0:07:33  lr: 0.000068  min_lr: 0.000068  loss: 0.0033 (0.0032)  weight_decay: 0.0500 (0.0500)  grad_norm: 0.0000 (0.0000)  time: 1.6349  data: 0.0003  max mem: 30405
Epoch: [44]  [ 60/159]  eta: 0:06:10  lr: 0.000068  min_lr: 0.000068  loss: 0.0032 (0.0032)  weight_decay: 0.0500 (0.0500)  grad_norm: 0.0000 (0.0000)  time: 1.6372  data: 0.0003  max mem: 30405
Epoch: [44]  [ 70/159]  eta: 0:05:06  lr: 0.000068  min_lr: 0.000068  loss: 0.0032 (0.0032)  weight_decay: 0.0500 (0.0500)  grad_norm: 0.0000 (0.0000)  time: 1.6344  data: 0.0002  max mem: 30405
Epoch: [44]  [ 80/159]  eta: 0:04:14  lr: 0.000068  min_lr: 0.000068  loss: 0.0033 (0.0032)  weight_decay: 0.0500 (0.0500)  grad_norm: 0.0000 (0.0000)  time: 1.6284  data: 0.0005  max mem: 30405
Epoch: [44]  [ 90/159]  eta: 0:03:30  lr: 0.000068  min_lr: 0.000068  loss: 0.0033 (0.0032)  weight_decay: 0.0500 (0.0500)  grad_norm: 0.0000 (0.0000)  time: 1.6219  data: 0.0005  max mem: 30405
Epoch: [44]  [100/159]  eta: 0:02:51  lr: 0.000068  min_lr: 0.000068  loss: 0.0033 (0.0032)  weight_decay: 0.0500 (0.0500)  grad_norm: 0.0000 (0.0000)  time: 1.6433  data: 0.0003  max mem: 30405
Epoch: [44]  [110/159]  eta: 0:02:16  lr: 0.000068  min_lr: 0.000068  loss: 0.0032 (0.0032)  weight_decay: 0.0500 (0.0500)  grad_norm: 0.0000 (0.0000)  time: 1.6407  data: 0.0002  max mem: 30405
Epoch: [44]  [120/159]  eta: 0:01:45  lr: 0.000068  min_lr: 0.000068  loss: 0.0032 (0.0032)  weight_decay: 0.0500 (0.0500)  grad_norm: 0.0000 (0.0000)  time: 1.6286  data: 0.0002  max mem: 30405
Epoch: [44]  [130/159]  eta: 0:01:15  lr: 0.000067  min_lr: 0.000067  loss: 0.0032 (0.0032)  weight_decay: 0.0500 (0.0500)  grad_norm: 0.0000 (0.0000)  time: 1.6511  data: 0.0003  max mem: 30405
Epoch: [44]  [140/159]  eta: 0:00:48  lr: 0.000067  min_lr: 0.000067  loss: 0.0032 (0.0032)  weight_decay: 0.0500 (0.0500)  grad_norm: 0.0000 (0.0000)  time: 1.6855  data: 0.0002  max mem: 30405
Epoch: [44]  [150/159]  eta: 0:00:22  lr: 0.000067  min_lr: 0.000067  loss: 0.0032 (0.0032)  weight_decay: 0.0500 (0.0500)  grad_norm: 0.0000 (0.0000)  time: 1.6966  data: 0.0003  max mem: 30405
Epoch: [44]  [158/159]  eta: 0:00:02  lr: 0.000067  min_lr: 0.000067  loss: 0.0032 (0.0032)  weight_decay: 0.0500 (0.0500)  grad_norm: 0.0000 (0.0000)  time: 1.6846  data: 0.0003  max mem: 30405
Epoch: [44] Total time: 0:06:31 (2.4626 s / it)
Averaged stats: lr: 0.000067  min_lr: 0.000067  loss: 0.0032 (0.0032)  weight_decay: 0.0500 (0.0500)  grad_norm: 0.0000 (0.0000)
Epoch: [45]  [  0/159]  eta: 6:14:32  lr: 0.000067  min_lr: 0.000067  loss: 0.0032 (0.0032)  weight_decay: 0.0500 (0.0500)  grad_norm: 0.0000 (0.0000)  time: 141.3377  data: 102.8392  max mem: 30405
Epoch: [45]  [ 10/159]  eta: 0:36:44  lr: 0.000067  min_lr: 0.000067  loss: 0.0033 (0.0032)  weight_decay: 0.0500 (0.0500)  grad_norm: 0.0000 (0.0000)  time: 14.7952  data: 9.3492  max mem: 30405
Epoch: [45]  [ 20/159]  eta: 0:19:48  lr: 0.000067  min_lr: 0.000067  loss: 0.0032 (0.0032)  weight_decay: 0.0500 (0.0500)  grad_norm: 0.0000 (0.0000)  time: 1.9120  data: 0.0002  max mem: 30405
Epoch: [45]  [ 30/159]  eta: 0:13:37  lr: 0.000067  min_lr: 0.000067  loss: 0.0032 (0.0032)  weight_decay: 0.0500 (0.0500)  grad_norm: 0.0000 (0.0000)  time: 1.6837  data: 0.0002  max mem: 30405
Epoch: [45]  [ 40/159]  eta: 0:10:20  lr: 0.000067  min_lr: 0.000067  loss: 0.0032 (0.0032)  weight_decay: 0.0500 (0.0500)  grad_norm: 0.0000 (0.0000)  time: 1.7127  data: 0.0002  max mem: 30405
Epoch: [45]  [ 50/159]  eta: 0:08:13  lr: 0.000067  min_lr: 0.000067  loss: 0.0031 (0.0032)  weight_decay: 0.0500 (0.0500)  grad_norm: 0.0000 (0.0000)  time: 1.7239  data: 0.0002  max mem: 30405
Epoch: [45]  [ 60/159]  eta: 0:06:41  lr: 0.000066  min_lr: 0.000066  loss: 0.0032 (0.0032)  weight_decay: 0.0500 (0.0500)  grad_norm: 0.0000 (0.0000)  time: 1.6911  data: 0.0002  max mem: 30405
Epoch: [45]  [ 70/159]  eta: 0:05:32  lr: 0.000066  min_lr: 0.000066  loss: 0.0032 (0.0032)  weight_decay: 0.0500 (0.0500)  grad_norm: 0.0000 (0.0000)  time: 1.7136  data: 0.0002  max mem: 30405
Epoch: [45]  [ 80/159]  eta: 0:04:35  lr: 0.000066  min_lr: 0.000066  loss: 0.0031 (0.0032)  weight_decay: 0.0500 (0.0500)  grad_norm: 0.0000 (0.0000)  time: 1.7372  data: 0.0002  max mem: 30405
Epoch: [45]  [ 90/159]  eta: 0:03:46  lr: 0.000066  min_lr: 0.000066  loss: 0.0032 (0.0032)  weight_decay: 0.0500 (0.0500)  grad_norm: 0.0000 (0.0000)  time: 1.6942  data: 0.0002  max mem: 30405
Epoch: [45]  [100/159]  eta: 0:03:04  lr: 0.000066  min_lr: 0.000066  loss: 0.0033 (0.0032)  weight_decay: 0.0500 (0.0500)  grad_norm: 0.0000 (0.0000)  time: 1.6854  data: 0.0002  max mem: 30405
Epoch: [45]  [110/159]  eta: 0:02:27  lr: 0.000066  min_lr: 0.000066  loss: 0.0032 (0.0032)  weight_decay: 0.0500 (0.0500)  grad_norm: 0.0000 (0.0000)  time: 1.7392  data: 0.0002  max mem: 30405
Epoch: [45]  [120/159]  eta: 0:01:53  lr: 0.000066  min_lr: 0.000066  loss: 0.0032 (0.0032)  weight_decay: 0.0500 (0.0500)  grad_norm: 0.0000 (0.0000)  time: 1.7405  data: 0.0002  max mem: 30405
Epoch: [45]  [130/159]  eta: 0:01:21  lr: 0.000066  min_lr: 0.000066  loss: 0.0032 (0.0032)  weight_decay: 0.0500 (0.0500)  grad_norm: 0.0000 (0.0000)  time: 1.7120  data: 0.0002  max mem: 30405
Epoch: [45]  [140/159]  eta: 0:00:51  lr: 0.000066  min_lr: 0.000066  loss: 0.0033 (0.0032)  weight_decay: 0.0500 (0.0500)  grad_norm: 0.0000 (0.0000)  time: 1.7182  data: 0.0002  max mem: 30405
Epoch: [45]  [150/159]  eta: 0:00:23  lr: 0.000066  min_lr: 0.000066  loss: 0.0033 (0.0032)  weight_decay: 0.0500 (0.0500)  grad_norm: 0.0000 (0.0000)  time: 1.7290  data: 0.0002  max mem: 30405
Epoch: [45]  [158/159]  eta: 0:00:02  lr: 0.000065  min_lr: 0.000065  loss: 0.0031 (0.0032)  weight_decay: 0.0500 (0.0500)  grad_norm: 0.0000 (0.0000)  time: 1.7210  data: 0.0002  max mem: 30405
Epoch: [45] Total time: 0:06:57 (2.6267 s / it)
Averaged stats: lr: 0.000065  min_lr: 0.000065  loss: 0.0031 (0.0032)  weight_decay: 0.0500 (0.0500)  grad_norm: 0.0000 (0.0000)
Epoch: [46]  [  0/159]  eta: 4:55:51  lr: 0.000065  min_lr: 0.000065  loss: 0.0033 (0.0033)  weight_decay: 0.0500 (0.0500)  grad_norm: 0.0000 (0.0000)  time: 111.6422  data: 109.7045  max mem: 30405
Epoch: [46]  [ 10/159]  eta: 0:37:16  lr: 0.000065  min_lr: 0.000065  loss: 0.0033 (0.0033)  weight_decay: 0.0500 (0.0500)  grad_norm: 0.0000 (0.0000)  time: 15.0076  data: 9.9734  max mem: 30405
Epoch: [46]  [ 20/159]  eta: 0:20:14  lr: 0.000065  min_lr: 0.000065  loss: 0.0033 (0.0033)  weight_decay: 0.0500 (0.0500)  grad_norm: 0.0000 (0.0000)  time: 3.5936  data: 0.0003  max mem: 30405
Epoch: [46]  [ 30/159]  eta: 0:13:54  lr: 0.000065  min_lr: 0.000065  loss: 0.0033 (0.0033)  weight_decay: 0.0500 (0.0500)  grad_norm: 0.0000 (0.0000)  time: 1.7702  data: 0.0002  max mem: 30405
Epoch: [46]  [ 40/159]  eta: 0:10:31  lr: 0.000065  min_lr: 0.000065  loss: 0.0033 (0.0033)  weight_decay: 0.0500 (0.0500)  grad_norm: 0.0000 (0.0000)  time: 1.7116  data: 0.0002  max mem: 30405
Epoch: [46]  [ 50/159]  eta: 0:08:21  lr: 0.000065  min_lr: 0.000065  loss: 0.0032 (0.0033)  weight_decay: 0.0500 (0.0500)  grad_norm: 0.0000 (0.0000)  time: 1.7142  data: 0.0002  max mem: 30405
Epoch: [46]  [ 60/159]  eta: 0:06:48  lr: 0.000065  min_lr: 0.000065  loss: 0.0032 (0.0033)  weight_decay: 0.0500 (0.0500)  grad_norm: 0.0000 (0.0000)  time: 1.6945  data: 0.0002  max mem: 30405
Epoch: [46]  [ 70/159]  eta: 0:05:37  lr: 0.000065  min_lr: 0.000065  loss: 0.0032 (0.0033)  weight_decay: 0.0500 (0.0500)  grad_norm: 0.0000 (0.0000)  time: 1.7161  data: 0.0002  max mem: 30405
Epoch: [46]  [ 80/159]  eta: 0:04:38  lr: 0.000065  min_lr: 0.000065  loss: 0.0032 (0.0033)  weight_decay: 0.0500 (0.0500)  grad_norm: 0.0000 (0.0000)  time: 1.7170  data: 0.0002  max mem: 30405
Epoch: [46]  [ 90/159]  eta: 0:03:49  lr: 0.000065  min_lr: 0.000065  loss: 0.0032 (0.0033)  weight_decay: 0.0500 (0.0500)  grad_norm: 0.0000 (0.0000)  time: 1.6788  data: 0.0002  max mem: 30405
Epoch: [46]  [100/159]  eta: 0:03:06  lr: 0.000064  min_lr: 0.000064  loss: 0.0033 (0.0033)  weight_decay: 0.0500 (0.0500)  grad_norm: 0.0000 (0.0000)  time: 1.6759  data: 0.0002  max mem: 30405
Epoch: [46]  [110/159]  eta: 0:02:28  lr: 0.000064  min_lr: 0.000064  loss: 0.0033 (0.0033)  weight_decay: 0.0500 (0.0500)  grad_norm: 0.0000 (0.0000)  time: 1.6898  data: 0.0002  max mem: 30405
Epoch: [46]  [120/159]  eta: 0:01:53  lr: 0.000064  min_lr: 0.000064  loss: 0.0034 (0.0033)  weight_decay: 0.0500 (0.0500)  grad_norm: 0.0000 (0.0000)  time: 1.6753  data: 0.0002  max mem: 30405
Epoch: [46]  [130/159]  eta: 0:01:21  lr: 0.000064  min_lr: 0.000064  loss: 0.0034 (0.0033)  weight_decay: 0.0500 (0.0500)  grad_norm: 0.0000 (0.0000)  time: 1.6463  data: 0.0003  max mem: 30405
Epoch: [46]  [140/159]  eta: 0:00:52  lr: 0.000064  min_lr: 0.000064  loss: 0.0032 (0.0033)  weight_decay: 0.0500 (0.0500)  grad_norm: 0.0000 (0.0000)  time: 1.6604  data: 0.0002  max mem: 30405
Epoch: [46]  [150/159]  eta: 0:00:24  lr: 0.000064  min_lr: 0.000064  loss: 0.0033 (0.0033)  weight_decay: 0.0500 (0.0500)  grad_norm: 0.0000 (0.0000)  time: 1.6784  data: 0.0003  max mem: 30405
Epoch: [46]  [158/159]  eta: 0:00:02  lr: 0.000064  min_lr: 0.000064  loss: 0.0033 (0.0033)  weight_decay: 0.0500 (0.0500)  grad_norm: 0.0000 (0.0000)  time: 1.6470  data: 0.0002  max mem: 30405
Epoch: [46] Total time: 0:06:56 (2.6211 s / it)
Averaged stats: lr: 0.000064  min_lr: 0.000064  loss: 0.0033 (0.0032)  weight_decay: 0.0500 (0.0500)  grad_norm: 0.0000 (0.0000)
Epoch: [47]  [  0/159]  eta: 8:35:21  lr: 0.000064  min_lr: 0.000064  loss: 0.0035 (0.0035)  weight_decay: 0.0500 (0.0500)  grad_norm: 0.0000 (0.0000)  time: 194.4721  data: 178.0430  max mem: 30405
Epoch: [47]  [ 10/159]  eta: 0:50:14  lr: 0.000064  min_lr: 0.000064  loss: 0.0031 (0.0032)  weight_decay: 0.0500 (0.0500)  grad_norm: 0.0000 (0.0000)  time: 20.2286  data: 16.1860  max mem: 30405
Epoch: [47]  [ 20/159]  eta: 0:26:24  lr: 0.000064  min_lr: 0.000064  loss: 0.0031 (0.0032)  weight_decay: 0.0500 (0.0500)  grad_norm: 0.0000 (0.0000)  time: 2.2476  data: 0.0002  max mem: 30405
Epoch: [47]  [ 30/159]  eta: 0:17:45  lr: 0.000063  min_lr: 0.000063  loss: 0.0032 (0.0032)  weight_decay: 0.0500 (0.0500)  grad_norm: 0.0000 (0.0000)  time: 1.6807  data: 0.0002  max mem: 30405
Epoch: [47]  [ 40/159]  eta: 0:13:12  lr: 0.000063  min_lr: 0.000063  loss: 0.0032 (0.0032)  weight_decay: 0.0500 (0.0500)  grad_norm: 0.0000 (0.0000)  time: 1.6803  data: 0.0002  max mem: 30405
Epoch: [47]  [ 50/159]  eta: 0:10:19  lr: 0.000063  min_lr: 0.000063  loss: 0.0032 (0.0032)  weight_decay: 0.0500 (0.0500)  grad_norm: 0.0000 (0.0000)  time: 1.6903  data: 0.0002  max mem: 30405
Epoch: [47]  [ 60/159]  eta: 0:08:17  lr: 0.000063  min_lr: 0.000063  loss: 0.0032 (0.0032)  weight_decay: 0.0500 (0.0500)  grad_norm: 0.0000 (0.0000)  time: 1.6727  data: 0.0002  max mem: 30405
Epoch: [47]  [ 70/159]  eta: 0:06:45  lr: 0.000063  min_lr: 0.000063  loss: 0.0031 (0.0032)  weight_decay: 0.0500 (0.0500)  grad_norm: 0.0000 (0.0000)  time: 1.6802  data: 0.0002  max mem: 30405
Epoch: [47]  [ 80/159]  eta: 0:05:31  lr: 0.000063  min_lr: 0.000063  loss: 0.0031 (0.0032)  weight_decay: 0.0500 (0.0500)  grad_norm: 0.0000 (0.0000)  time: 1.6931  data: 0.0002  max mem: 30405
Epoch: [47]  [ 90/159]  eta: 0:04:30  lr: 0.000063  min_lr: 0.000063  loss: 0.0032 (0.0032)  weight_decay: 0.0500 (0.0500)  grad_norm: 0.0000 (0.0000)  time: 1.6766  data: 0.0002  max mem: 30405
Epoch: [47]  [100/159]  eta: 0:03:38  lr: 0.000063  min_lr: 0.000063  loss: 0.0033 (0.0032)  weight_decay: 0.0500 (0.0500)  grad_norm: 0.0000 (0.0000)  time: 1.6770  data: 0.0002  max mem: 30405
Epoch: [47]  [110/159]  eta: 0:02:52  lr: 0.000063  min_lr: 0.000063  loss: 0.0032 (0.0032)  weight_decay: 0.0500 (0.0500)  grad_norm: 0.0000 (0.0000)  time: 1.6876  data: 0.0003  max mem: 30405
Epoch: [47]  [120/159]  eta: 0:02:11  lr: 0.000063  min_lr: 0.000063  loss: 0.0032 (0.0032)  weight_decay: 0.0500 (0.0500)  grad_norm: 0.0000 (0.0000)  time: 1.6831  data: 0.0003  max mem: 30405
Epoch: [47]  [130/159]  eta: 0:01:33  lr: 0.000062  min_lr: 0.000062  loss: 0.0033 (0.0032)  weight_decay: 0.0500 (0.0500)  grad_norm: 0.0000 (0.0000)  time: 1.6786  data: 0.0002  max mem: 30405
Epoch: [47]  [140/159]  eta: 0:00:59  lr: 0.000062  min_lr: 0.000062  loss: 0.0033 (0.0032)  weight_decay: 0.0500 (0.0500)  grad_norm: 0.0000 (0.0000)  time: 1.6643  data: 0.0002  max mem: 30405
Epoch: [47]  [150/159]  eta: 0:00:27  lr: 0.000062  min_lr: 0.000062  loss: 0.0032 (0.0032)  weight_decay: 0.0500 (0.0500)  grad_norm: 0.0000 (0.0000)  time: 1.6684  data: 0.0002  max mem: 30405
Epoch: [47]  [158/159]  eta: 0:00:02  lr: 0.000062  min_lr: 0.000062  loss: 0.0032 (0.0032)  weight_decay: 0.0500 (0.0500)  grad_norm: 0.0000 (0.0000)  time: 1.6769  data: 0.0002  max mem: 30405
Epoch: [47] Total time: 0:07:52 (2.9701 s / it)
Averaged stats: lr: 0.000062  min_lr: 0.000062  loss: 0.0032 (0.0032)  weight_decay: 0.0500 (0.0500)  grad_norm: 0.0000 (0.0000)
Epoch: [48]  [  0/159]  eta: 5:07:42  lr: 0.000062  min_lr: 0.000062  loss: 0.0032 (0.0032)  weight_decay: 0.0500 (0.0500)  grad_norm: 0.0000 (0.0000)  time: 116.1165  data: 108.0992  max mem: 30405
Epoch: [48]  [ 10/159]  eta: 0:33:54  lr: 0.000062  min_lr: 0.000062  loss: 0.0032 (0.0032)  weight_decay: 0.0500 (0.0500)  grad_norm: 0.0000 (0.0000)  time: 13.6545  data: 9.8275  max mem: 30405
Epoch: [48]  [ 20/159]  eta: 0:18:25  lr: 0.000062  min_lr: 0.000062  loss: 0.0032 (0.0032)  weight_decay: 0.0500 (0.0500)  grad_norm: 0.0000 (0.0000)  time: 2.5424  data: 0.0003  max mem: 30405
Epoch: [48]  [ 30/159]  eta: 0:12:41  lr: 0.000062  min_lr: 0.000062  loss: 0.0032 (0.0032)  weight_decay: 0.0500 (0.0500)  grad_norm: 0.0000 (0.0000)  time: 1.6445  data: 0.0003  max mem: 30405
Epoch: [48]  [ 40/159]  eta: 0:09:39  lr: 0.000062  min_lr: 0.000062  loss: 0.0032 (0.0032)  weight_decay: 0.0500 (0.0500)  grad_norm: 0.0000 (0.0000)  time: 1.6269  data: 0.0003  max mem: 30405
Epoch: [48]  [ 50/159]  eta: 0:07:42  lr: 0.000062  min_lr: 0.000062  loss: 0.0033 (0.0032)  weight_decay: 0.0500 (0.0500)  grad_norm: 0.0000 (0.0000)  time: 1.6693  data: 0.0003  max mem: 30405
Epoch: [48]  [ 60/159]  eta: 0:06:18  lr: 0.000061  min_lr: 0.000061  loss: 0.0033 (0.0033)  weight_decay: 0.0500 (0.0500)  grad_norm: 0.0000 (0.0000)  time: 1.6777  data: 0.0002  max mem: 30405
Epoch: [48]  [ 70/159]  eta: 0:05:12  lr: 0.000061  min_lr: 0.000061  loss: 0.0032 (0.0032)  weight_decay: 0.0500 (0.0500)  grad_norm: 0.0000 (0.0000)  time: 1.6483  data: 0.0002  max mem: 30405
Epoch: [48]  [ 80/159]  eta: 0:04:19  lr: 0.000061  min_lr: 0.000061  loss: 0.0031 (0.0032)  weight_decay: 0.0500 (0.0500)  grad_norm: 0.0000 (0.0000)  time: 1.6542  data: 0.0002  max mem: 30405
Epoch: [48]  [ 90/159]  eta: 0:03:34  lr: 0.000061  min_lr: 0.000061  loss: 0.0032 (0.0032)  weight_decay: 0.0500 (0.0500)  grad_norm: 0.0000 (0.0000)  time: 1.7017  data: 0.0002  max mem: 30405
Epoch: [48]  [100/159]  eta: 0:02:55  lr: 0.000061  min_lr: 0.000061  loss: 0.0032 (0.0032)  weight_decay: 0.0500 (0.0500)  grad_norm: 0.0000 (0.0000)  time: 1.6866  data: 0.0002  max mem: 30405
Epoch: [48]  [110/159]  eta: 0:02:19  lr: 0.000061  min_lr: 0.000061  loss: 0.0032 (0.0032)  weight_decay: 0.0500 (0.0500)  grad_norm: 0.0000 (0.0000)  time: 1.6562  data: 0.0003  max mem: 30405
Epoch: [48]  [120/159]  eta: 0:01:47  lr: 0.000061  min_lr: 0.000061  loss: 0.0032 (0.0032)  weight_decay: 0.0500 (0.0500)  grad_norm: 0.0000 (0.0000)  time: 1.6725  data: 0.0002  max mem: 30405
Epoch: [48]  [130/159]  eta: 0:01:17  lr: 0.000061  min_lr: 0.000061  loss: 0.0032 (0.0032)  weight_decay: 0.0500 (0.0500)  grad_norm: 0.0000 (0.0000)  time: 1.6673  data: 0.0002  max mem: 30405
Epoch: [48]  [140/159]  eta: 0:00:49  lr: 0.000061  min_lr: 0.000061  loss: 0.0032 (0.0032)  weight_decay: 0.0500 (0.0500)  grad_norm: 0.0000 (0.0000)  time: 1.6645  data: 0.0002  max mem: 30405
Epoch: [48]  [150/159]  eta: 0:00:22  lr: 0.000060  min_lr: 0.000060  loss: 0.0032 (0.0032)  weight_decay: 0.0500 (0.0500)  grad_norm: 0.0000 (0.0000)  time: 1.6693  data: 0.0002  max mem: 30405
Epoch: [48]  [158/159]  eta: 0:00:02  lr: 0.000060  min_lr: 0.000060  loss: 0.0033 (0.0032)  weight_decay: 0.0500 (0.0500)  grad_norm: 0.0000 (0.0000)  time: 1.6913  data: 0.0002  max mem: 30405
Epoch: [48] Total time: 0:06:38 (2.5048 s / it)
Averaged stats: lr: 0.000060  min_lr: 0.000060  loss: 0.0033 (0.0032)  weight_decay: 0.0500 (0.0500)  grad_norm: 0.0000 (0.0000)
Epoch: [49]  [  0/159]  eta: 4:55:32  lr: 0.000060  min_lr: 0.000060  loss: 0.0029 (0.0029)  weight_decay: 0.0500 (0.0500)  grad_norm: 0.0000 (0.0000)  time: 111.5265  data: 104.6687  max mem: 30405
Epoch: [49]  [ 10/159]  eta: 0:36:32  lr: 0.000060  min_lr: 0.000060  loss: 0.0033 (0.0033)  weight_decay: 0.0500 (0.0500)  grad_norm: 0.0000 (0.0000)  time: 14.7148  data: 10.0891  max mem: 30405
Epoch: [49]  [ 20/159]  eta: 0:19:49  lr: 0.000060  min_lr: 0.000060  loss: 0.0033 (0.0033)  weight_decay: 0.0500 (0.0500)  grad_norm: 0.0000 (0.0000)  time: 3.4093  data: 0.3157  max mem: 30405
Epoch: [49]  [ 30/159]  eta: 0:13:34  lr: 0.000060  min_lr: 0.000060  loss: 0.0033 (0.0033)  weight_decay: 0.0500 (0.0500)  grad_norm: 0.0000 (0.0000)  time: 1.6986  data: 0.0003  max mem: 30405
Epoch: [49]  [ 40/159]  eta: 0:10:15  lr: 0.000060  min_lr: 0.000060  loss: 0.0033 (0.0033)  weight_decay: 0.0500 (0.0500)  grad_norm: 0.0000 (0.0000)  time: 1.6212  data: 0.0003  max mem: 30405
Epoch: [49]  [ 50/159]  eta: 0:08:08  lr: 0.000060  min_lr: 0.000060  loss: 0.0032 (0.0033)  weight_decay: 0.0500 (0.0500)  grad_norm: 0.0000 (0.0000)  time: 1.6256  data: 0.0003  max mem: 30405
Epoch: [49]  [ 60/159]  eta: 0:06:38  lr: 0.000060  min_lr: 0.000060  loss: 0.0031 (0.0033)  weight_decay: 0.0500 (0.0500)  grad_norm: 0.0000 (0.0000)  time: 1.6588  data: 0.0003  max mem: 30405
Epoch: [49]  [ 70/159]  eta: 0:05:27  lr: 0.000060  min_lr: 0.000060  loss: 0.0031 (0.0033)  weight_decay: 0.0500 (0.0500)  grad_norm: 0.0000 (0.0000)  time: 1.6591  data: 0.0002  max mem: 30405
Epoch: [49]  [ 80/159]  eta: 0:04:31  lr: 0.000060  min_lr: 0.000060  loss: 0.0032 (0.0033)  weight_decay: 0.0500 (0.0500)  grad_norm: 0.0000 (0.0000)  time: 1.6441  data: 0.0002  max mem: 30405
Epoch: [49]  [ 90/159]  eta: 0:03:43  lr: 0.000059  min_lr: 0.000059  loss: 0.0032 (0.0033)  weight_decay: 0.0500 (0.0500)  grad_norm: 0.0000 (0.0000)  time: 1.6666  data: 0.0002  max mem: 30405
Epoch: [49]  [100/159]  eta: 0:03:01  lr: 0.000059  min_lr: 0.000059  loss: 0.0032 (0.0033)  weight_decay: 0.0500 (0.0500)  grad_norm: 0.0000 (0.0000)  time: 1.6599  data: 0.0002  max mem: 30405
Epoch: [49]  [110/159]  eta: 0:02:24  lr: 0.000059  min_lr: 0.000059  loss: 0.0032 (0.0032)  weight_decay: 0.0500 (0.0500)  grad_norm: 0.0000 (0.0000)  time: 1.6350  data: 0.0002  max mem: 30405
Epoch: [49]  [120/159]  eta: 0:01:50  lr: 0.000059  min_lr: 0.000059  loss: 0.0032 (0.0032)  weight_decay: 0.0500 (0.0500)  grad_norm: 0.0000 (0.0000)  time: 1.6354  data: 0.0002  max mem: 30405
Epoch: [49]  [130/159]  eta: 0:01:19  lr: 0.000059  min_lr: 0.000059  loss: 0.0032 (0.0032)  weight_decay: 0.0500 (0.0500)  grad_norm: 0.0000 (0.0000)  time: 1.6688  data: 0.0002  max mem: 30405
Epoch: [49]  [140/159]  eta: 0:00:50  lr: 0.000059  min_lr: 0.000059  loss: 0.0032 (0.0032)  weight_decay: 0.0500 (0.0500)  grad_norm: 0.0000 (0.0000)  time: 1.6593  data: 0.0014  max mem: 30405
Epoch: [49]  [150/159]  eta: 0:00:23  lr: 0.000059  min_lr: 0.000059  loss: 0.0032 (0.0032)  weight_decay: 0.0500 (0.0500)  grad_norm: 0.0000 (0.0000)  time: 1.6408  data: 0.0014  max mem: 30405
Epoch: [49]  [158/159]  eta: 0:00:02  lr: 0.000059  min_lr: 0.000059  loss: 0.0032 (0.0032)  weight_decay: 0.0500 (0.0500)  grad_norm: 0.0000 (0.0000)  time: 1.6416  data: 0.0014  max mem: 30405
Epoch: [49] Total time: 0:06:48 (2.5673 s / it)
Averaged stats: lr: 0.000059  min_lr: 0.000059  loss: 0.0032 (0.0032)  weight_decay: 0.0500 (0.0500)  grad_norm: 0.0000 (0.0000)
Epoch: [50]  [  0/159]  eta: 7:11:45  lr: 0.000059  min_lr: 0.000059  loss: 0.0035 (0.0035)  weight_decay: 0.0500 (0.0500)  grad_norm: 0.0000 (0.0000)  time: 162.9278  data: 139.3276  max mem: 30405
Epoch: [50]  [ 10/159]  eta: 0:52:30  lr: 0.000059  min_lr: 0.000059  loss: 0.0033 (0.0033)  weight_decay: 0.0500 (0.0500)  grad_norm: 0.0000 (0.0000)  time: 21.1476  data: 12.6664  max mem: 30405
Epoch: [50]  [ 20/159]  eta: 0:27:51  lr: 0.000058  min_lr: 0.000058  loss: 0.0033 (0.0032)  weight_decay: 0.0500 (0.0500)  grad_norm: 0.0000 (0.0000)  time: 4.4810  data: 0.0002  max mem: 30405
Epoch: [50]  [ 30/159]  eta: 0:18:39  lr: 0.000058  min_lr: 0.000058  loss: 0.0031 (0.0032)  weight_decay: 0.0500 (0.0500)  grad_norm: 0.0000 (0.0000)  time: 1.8261  data: 0.0002  max mem: 30405
Epoch: [50]  [ 40/159]  eta: 0:13:49  lr: 0.000058  min_lr: 0.000058  loss: 0.0031 (0.0032)  weight_decay: 0.0500 (0.0500)  grad_norm: 0.0000 (0.0000)  time: 1.6560  data: 0.0002  max mem: 30405
Epoch: [50]  [ 50/159]  eta: 0:10:47  lr: 0.000058  min_lr: 0.000058  loss: 0.0032 (0.0032)  weight_decay: 0.0500 (0.0500)  grad_norm: 0.0000 (0.0000)  time: 1.6790  data: 0.0002  max mem: 30405
Epoch: [50]  [ 60/159]  eta: 0:08:38  lr: 0.000058  min_lr: 0.000058  loss: 0.0032 (0.0032)  weight_decay: 0.0500 (0.0500)  grad_norm: 0.0000 (0.0000)  time: 1.6918  data: 0.0002  max mem: 30405
Epoch: [50]  [ 70/159]  eta: 0:07:01  lr: 0.000058  min_lr: 0.000058  loss: 0.0032 (0.0032)  weight_decay: 0.0500 (0.0500)  grad_norm: 0.0000 (0.0000)  time: 1.6709  data: 0.0002  max mem: 30405
Epoch: [50]  [ 80/159]  eta: 0:05:44  lr: 0.000058  min_lr: 0.000058  loss: 0.0033 (0.0032)  weight_decay: 0.0500 (0.0500)  grad_norm: 0.0000 (0.0000)  time: 1.6646  data: 0.0002  max mem: 30405
Epoch: [50]  [ 90/159]  eta: 0:04:40  lr: 0.000058  min_lr: 0.000058  loss: 0.0033 (0.0032)  weight_decay: 0.0500 (0.0500)  grad_norm: 0.0000 (0.0000)  time: 1.6921  data: 0.0002  max mem: 30405
Epoch: [50]  [100/159]  eta: 0:03:46  lr: 0.000058  min_lr: 0.000058  loss: 0.0032 (0.0032)  weight_decay: 0.0500 (0.0500)  grad_norm: 0.0000 (0.0000)  time: 1.7065  data: 0.0003  max mem: 30405
Epoch: [50]  [110/159]  eta: 0:02:58  lr: 0.000057  min_lr: 0.000057  loss: 0.0032 (0.0032)  weight_decay: 0.0500 (0.0500)  grad_norm: 0.0000 (0.0000)  time: 1.6892  data: 0.0003  max mem: 30405
Epoch: [50]  [120/159]  eta: 0:02:15  lr: 0.000057  min_lr: 0.000057  loss: 0.0031 (0.0032)  weight_decay: 0.0500 (0.0500)  grad_norm: 0.0000 (0.0000)  time: 1.6652  data: 0.0002  max mem: 30405
Epoch: [50]  [130/159]  eta: 0:01:36  lr: 0.000057  min_lr: 0.000057  loss: 0.0032 (0.0032)  weight_decay: 0.0500 (0.0500)  grad_norm: 0.0000 (0.0000)  time: 1.6592  data: 0.0002  max mem: 30405
Epoch: [50]  [140/159]  eta: 0:01:01  lr: 0.000057  min_lr: 0.000057  loss: 0.0032 (0.0032)  weight_decay: 0.0500 (0.0500)  grad_norm: 0.0000 (0.0000)  time: 1.6615  data: 0.0003  max mem: 30405
Epoch: [50]  [150/159]  eta: 0:00:28  lr: 0.000057  min_lr: 0.000057  loss: 0.0032 (0.0032)  weight_decay: 0.0500 (0.0500)  grad_norm: 0.0000 (0.0000)  time: 1.6574  data: 0.0002  max mem: 30405
Epoch: [50]  [158/159]  eta: 0:00:03  lr: 0.000057  min_lr: 0.000057  loss: 0.0032 (0.0032)  weight_decay: 0.0500 (0.0500)  grad_norm: 0.0000 (0.0000)  time: 1.6823  data: 0.0002  max mem: 30405
Epoch: [50] Total time: 0:08:04 (3.0494 s / it)
Averaged stats: lr: 0.000057  min_lr: 0.000057  loss: 0.0032 (0.0032)  weight_decay: 0.0500 (0.0500)  grad_norm: 0.0000 (0.0000)
[Eval]   [0/2]  eta: 0:00:22  loss: 0.0031 (0.0031)  time: 11.2018  data: 10.2102  max mem: 30405
[Eval]   [1/2]  eta: 0:00:06  loss: 0.0029 (0.0030)  time: 6.0691  data: 5.1051  max mem: 30405
[Eval]  Total time: 0:00:13 (6.5350 s / it)
Eval averaged stats: loss: 0.0029 (0.0031)
[Eval] Image Metrics:  [0/2]  eta: 0:00:11    time: 5.8667  data: 5.5422  max mem: 30405
[Eval] Image Metrics:  [1/2]  eta: 0:00:02    time: 2.9856  data: 2.7712  max mem: 30405
[Eval] Image Metrics: Total time: 0:00:06 (3.4214 s / it)
[Eval] Metric Results: [Eval] MSE: 0.0000 (0.0000)  [Eval] MAE: 0.0000 (0.0000)  [Eval] PSNR: 47.0051 (47.0051)  [Eval] MS-SSIM: 0.9991 (0.9991)
Logged 9 eval images
Epoch: [51]  [  0/159]  eta: 5:31:35  lr: 0.000057  min_lr: 0.000057  loss: 0.0031 (0.0031)  weight_decay: 0.0500 (0.0500)  grad_norm: 0.0000 (0.0000)  time: 125.1286  data: 94.7887  max mem: 30405
Epoch: [51]  [ 10/159]  eta: 0:33:01  lr: 0.000057  min_lr: 0.000057  loss: 0.0031 (0.0032)  weight_decay: 0.0500 (0.0500)  grad_norm: 0.0000 (0.0000)  time: 13.3020  data: 8.6175  max mem: 30405
Epoch: [51]  [ 20/159]  eta: 0:18:00  lr: 0.000057  min_lr: 0.000057  loss: 0.0032 (0.0032)  weight_decay: 0.0500 (0.0500)  grad_norm: 0.0000 (0.0000)  time: 1.9086  data: 0.0003  max mem: 30405
Epoch: [51]  [ 30/159]  eta: 0:12:27  lr: 0.000057  min_lr: 0.000057  loss: 0.0032 (0.0032)  weight_decay: 0.0500 (0.0500)  grad_norm: 0.0000 (0.0000)  time: 1.6651  data: 0.0002  max mem: 30405
Epoch: [51]  [ 40/159]  eta: 0:09:29  lr: 0.000057  min_lr: 0.000057  loss: 0.0032 (0.0032)  weight_decay: 0.0500 (0.0500)  grad_norm: 0.0000 (0.0000)  time: 1.6461  data: 0.0003  max mem: 30405
Epoch: [51]  [ 50/159]  eta: 0:07:35  lr: 0.000056  min_lr: 0.000056  loss: 0.0032 (0.0032)  weight_decay: 0.0500 (0.0500)  grad_norm: 0.0000 (0.0000)  time: 1.6671  data: 0.0003  max mem: 30405
Epoch: [51]  [ 60/159]  eta: 0:06:12  lr: 0.000056  min_lr: 0.000056  loss: 0.0031 (0.0032)  weight_decay: 0.0500 (0.0500)  grad_norm: 0.0000 (0.0000)  time: 1.6638  data: 0.0002  max mem: 30405
Epoch: [51]  [ 70/159]  eta: 0:05:08  lr: 0.000056  min_lr: 0.000056  loss: 0.0032 (0.0032)  weight_decay: 0.0500 (0.0500)  grad_norm: 0.0000 (0.0000)  time: 1.6429  data: 0.0002  max mem: 30405
Epoch: [51]  [ 80/159]  eta: 0:04:15  lr: 0.000056  min_lr: 0.000056  loss: 0.0031 (0.0032)  weight_decay: 0.0500 (0.0500)  grad_norm: 0.0000 (0.0000)  time: 1.6125  data: 0.0002  max mem: 30405
Epoch: [51]  [ 90/159]  eta: 0:03:31  lr: 0.000056  min_lr: 0.000056  loss: 0.0032 (0.0032)  weight_decay: 0.0500 (0.0500)  grad_norm: 0.0000 (0.0000)  time: 1.6368  data: 0.0002  max mem: 30405
Epoch: [51]  [100/159]  eta: 0:02:52  lr: 0.000056  min_lr: 0.000056  loss: 0.0032 (0.0032)  weight_decay: 0.0500 (0.0500)  grad_norm: 0.0000 (0.0000)  time: 1.6622  data: 0.0002  max mem: 30405
Epoch: [51]  [110/159]  eta: 0:02:17  lr: 0.000056  min_lr: 0.000056  loss: 0.0031 (0.0032)  weight_decay: 0.0500 (0.0500)  grad_norm: 0.0000 (0.0000)  time: 1.6522  data: 0.0003  max mem: 30405
Epoch: [51]  [120/159]  eta: 0:01:45  lr: 0.000056  min_lr: 0.000056  loss: 0.0032 (0.0032)  weight_decay: 0.0500 (0.0500)  grad_norm: 0.0000 (0.0000)  time: 1.6652  data: 0.0002  max mem: 30405
Epoch: [51]  [130/159]  eta: 0:01:16  lr: 0.000056  min_lr: 0.000056  loss: 0.0032 (0.0032)  weight_decay: 0.0500 (0.0500)  grad_norm: 0.0000 (0.0000)  time: 1.6622  data: 0.0003  max mem: 30405
Epoch: [51]  [140/159]  eta: 0:00:48  lr: 0.000055  min_lr: 0.000055  loss: 0.0032 (0.0032)  weight_decay: 0.0500 (0.0500)  grad_norm: 0.0000 (0.0000)  time: 1.6636  data: 0.0003  max mem: 30405
Epoch: [51]  [150/159]  eta: 0:00:22  lr: 0.000055  min_lr: 0.000055  loss: 0.0032 (0.0032)  weight_decay: 0.0500 (0.0500)  grad_norm: 0.0000 (0.0000)  time: 1.6621  data: 0.0002  max mem: 30405
Epoch: [51]  [158/159]  eta: 0:00:02  lr: 0.000055  min_lr: 0.000055  loss: 0.0033 (0.0032)  weight_decay: 0.0500 (0.0500)  grad_norm: 0.0000 (0.0000)  time: 1.6720  data: 0.0002  max mem: 30405
Epoch: [51] Total time: 0:06:32 (2.4709 s / it)
Averaged stats: lr: 0.000055  min_lr: 0.000055  loss: 0.0033 (0.0032)  weight_decay: 0.0500 (0.0500)  grad_norm: 0.0000 (0.0000)
Epoch: [52]  [  0/159]  eta: 6:54:04  lr: 0.000055  min_lr: 0.000055  loss: 0.0032 (0.0032)  weight_decay: 0.0500 (0.0500)  grad_norm: 0.0000 (0.0000)  time: 156.2557  data: 142.8961  max mem: 30405
Epoch: [52]  [ 10/159]  eta: 0:41:32  lr: 0.000055  min_lr: 0.000055  loss: 0.0033 (0.0033)  weight_decay: 0.0500 (0.0500)  grad_norm: 0.0000 (0.0000)  time: 16.7250  data: 12.9908  max mem: 30405
Epoch: [52]  [ 20/159]  eta: 0:22:10  lr: 0.000055  min_lr: 0.000055  loss: 0.0033 (0.0033)  weight_decay: 0.0500 (0.0500)  grad_norm: 0.0000 (0.0000)  time: 2.2342  data: 0.0003  max mem: 30405
Epoch: [52]  [ 30/159]  eta: 0:15:04  lr: 0.000055  min_lr: 0.000055  loss: 0.0033 (0.0033)  weight_decay: 0.0500 (0.0500)  grad_norm: 0.0000 (0.0000)  time: 1.6679  data: 0.0003  max mem: 30405
Epoch: [52]  [ 40/159]  eta: 0:11:19  lr: 0.000055  min_lr: 0.000055  loss: 0.0032 (0.0033)  weight_decay: 0.0500 (0.0500)  grad_norm: 0.0000 (0.0000)  time: 1.6504  data: 0.0002  max mem: 30405
Epoch: [52]  [ 50/159]  eta: 0:08:55  lr: 0.000055  min_lr: 0.000055  loss: 0.0032 (0.0033)  weight_decay: 0.0500 (0.0500)  grad_norm: 0.0000 (0.0000)  time: 1.6590  data: 0.0002  max mem: 30405
Epoch: [52]  [ 60/159]  eta: 0:07:12  lr: 0.000055  min_lr: 0.000055  loss: 0.0032 (0.0033)  weight_decay: 0.0500 (0.0500)  grad_norm: 0.0000 (0.0000)  time: 1.6422  data: 0.0002  max mem: 30405
Epoch: [52]  [ 70/159]  eta: 0:05:54  lr: 0.000054  min_lr: 0.000054  loss: 0.0032 (0.0033)  weight_decay: 0.0500 (0.0500)  grad_norm: 0.0000 (0.0000)  time: 1.6309  data: 0.0002  max mem: 30405
Epoch: [52]  [ 80/159]  eta: 0:04:52  lr: 0.000054  min_lr: 0.000054  loss: 0.0032 (0.0033)  weight_decay: 0.0500 (0.0500)  grad_norm: 0.0000 (0.0000)  time: 1.6629  data: 0.0002  max mem: 30405
Epoch: [52]  [ 90/159]  eta: 0:04:00  lr: 0.000054  min_lr: 0.000054  loss: 0.0033 (0.0033)  weight_decay: 0.0500 (0.0500)  grad_norm: 0.0000 (0.0000)  time: 1.6716  data: 0.0002  max mem: 30405
Epoch: [52]  [100/159]  eta: 0:03:14  lr: 0.000054  min_lr: 0.000054  loss: 0.0032 (0.0033)  weight_decay: 0.0500 (0.0500)  grad_norm: 0.0000 (0.0000)  time: 1.6362  data: 0.0002  max mem: 30405
Epoch: [52]  [110/159]  eta: 0:02:34  lr: 0.000054  min_lr: 0.000054  loss: 0.0031 (0.0032)  weight_decay: 0.0500 (0.0500)  grad_norm: 0.0000 (0.0000)  time: 1.6411  data: 0.0002  max mem: 30405
Epoch: [52]  [120/159]  eta: 0:01:57  lr: 0.000054  min_lr: 0.000054  loss: 0.0031 (0.0032)  weight_decay: 0.0500 (0.0500)  grad_norm: 0.0000 (0.0000)  time: 1.6606  data: 0.0002  max mem: 30405
Epoch: [52]  [130/159]  eta: 0:01:24  lr: 0.000054  min_lr: 0.000054  loss: 0.0031 (0.0032)  weight_decay: 0.0500 (0.0500)  grad_norm: 0.0000 (0.0000)  time: 1.6477  data: 0.0002  max mem: 30405
Epoch: [52]  [140/159]  eta: 0:00:53  lr: 0.000054  min_lr: 0.000054  loss: 0.0031 (0.0032)  weight_decay: 0.0500 (0.0500)  grad_norm: 0.0000 (0.0000)  time: 1.6472  data: 0.0002  max mem: 30405
Epoch: [52]  [150/159]  eta: 0:00:24  lr: 0.000054  min_lr: 0.000054  loss: 0.0031 (0.0032)  weight_decay: 0.0500 (0.0500)  grad_norm: 0.0000 (0.0000)  time: 1.6773  data: 0.0002  max mem: 30405
Epoch: [52]  [158/159]  eta: 0:00:02  lr: 0.000053  min_lr: 0.000053  loss: 0.0032 (0.0032)  weight_decay: 0.0500 (0.0500)  grad_norm: 0.0000 (0.0000)  time: 1.6798  data: 0.0002  max mem: 30405
Epoch: [52] Total time: 0:07:10 (2.7076 s / it)
Averaged stats: lr: 0.000053  min_lr: 0.000053  loss: 0.0032 (0.0032)  weight_decay: 0.0500 (0.0500)  grad_norm: 0.0000 (0.0000)
Epoch: [53]  [  0/159]  eta: 6:45:50  lr: 0.000053  min_lr: 0.000053  loss: 0.0033 (0.0033)  weight_decay: 0.0500 (0.0500)  grad_norm: 0.0000 (0.0000)  time: 153.1479  data: 88.2661  max mem: 30405
Epoch: [53]  [ 10/159]  eta: 0:46:27  lr: 0.000053  min_lr: 0.000053  loss: 0.0032 (0.0032)  weight_decay: 0.0500 (0.0500)  grad_norm: 0.0000 (0.0000)  time: 18.7085  data: 9.7712  max mem: 30405
Epoch: [53]  [ 20/159]  eta: 0:24:33  lr: 0.000053  min_lr: 0.000053  loss: 0.0031 (0.0032)  weight_decay: 0.0500 (0.0500)  grad_norm: 0.0000 (0.0000)  time: 3.4739  data: 0.9609  max mem: 30405
Epoch: [53]  [ 30/159]  eta: 0:16:35  lr: 0.000053  min_lr: 0.000053  loss: 0.0031 (0.0032)  weight_decay: 0.0500 (0.0500)  grad_norm: 0.0000 (0.0000)  time: 1.6776  data: 0.0002  max mem: 30405
Epoch: [53]  [ 40/159]  eta: 0:12:22  lr: 0.000053  min_lr: 0.000053  loss: 0.0032 (0.0032)  weight_decay: 0.0500 (0.0500)  grad_norm: 0.0000 (0.0000)  time: 1.6597  data: 0.0002  max mem: 30405
Epoch: [53]  [ 50/159]  eta: 0:09:42  lr: 0.000053  min_lr: 0.000053  loss: 0.0032 (0.0032)  weight_decay: 0.0500 (0.0500)  grad_norm: 0.0000 (0.0000)  time: 1.6520  data: 0.0002  max mem: 30405
Epoch: [53]  [ 60/159]  eta: 0:07:49  lr: 0.000053  min_lr: 0.000053  loss: 0.0032 (0.0032)  weight_decay: 0.0500 (0.0500)  grad_norm: 0.0000 (0.0000)  time: 1.6628  data: 0.0002  max mem: 30405
Epoch: [53]  [ 70/159]  eta: 0:06:23  lr: 0.000053  min_lr: 0.000053  loss: 0.0032 (0.0032)  weight_decay: 0.0500 (0.0500)  grad_norm: 0.0000 (0.0000)  time: 1.6674  data: 0.0002  max mem: 30405
Epoch: [53]  [ 80/159]  eta: 0:05:14  lr: 0.000053  min_lr: 0.000053  loss: 0.0031 (0.0032)  weight_decay: 0.0500 (0.0500)  grad_norm: 0.0000 (0.0000)  time: 1.6560  data: 0.0002  max mem: 30405
Epoch: [53]  [ 90/159]  eta: 0:04:17  lr: 0.000053  min_lr: 0.000053  loss: 0.0032 (0.0032)  weight_decay: 0.0500 (0.0500)  grad_norm: 0.0000 (0.0000)  time: 1.6667  data: 0.0002  max mem: 30405
Epoch: [53]  [100/159]  eta: 0:03:28  lr: 0.000052  min_lr: 0.000052  loss: 0.0032 (0.0032)  weight_decay: 0.0500 (0.0500)  grad_norm: 0.0000 (0.0000)  time: 1.6973  data: 0.0003  max mem: 30405
Epoch: [53]  [110/159]  eta: 0:02:44  lr: 0.000052  min_lr: 0.000052  loss: 0.0032 (0.0032)  weight_decay: 0.0500 (0.0500)  grad_norm: 0.0000 (0.0000)  time: 1.7030  data: 0.0002  max mem: 30405
Epoch: [53]  [120/159]  eta: 0:02:05  lr: 0.000052  min_lr: 0.000052  loss: 0.0032 (0.0032)  weight_decay: 0.0500 (0.0500)  grad_norm: 0.0000 (0.0000)  time: 1.6936  data: 0.0002  max mem: 30405
Epoch: [53]  [130/159]  eta: 0:01:30  lr: 0.000052  min_lr: 0.000052  loss: 0.0031 (0.0032)  weight_decay: 0.0500 (0.0500)  grad_norm: 0.0000 (0.0000)  time: 1.7043  data: 0.0003  max mem: 30405
Epoch: [53]  [140/159]  eta: 0:00:57  lr: 0.000052  min_lr: 0.000052  loss: 0.0031 (0.0032)  weight_decay: 0.0500 (0.0500)  grad_norm: 0.0000 (0.0000)  time: 1.7104  data: 0.0002  max mem: 30405
Epoch: [53]  [150/159]  eta: 0:00:26  lr: 0.000052  min_lr: 0.000052  loss: 0.0031 (0.0032)  weight_decay: 0.0500 (0.0500)  grad_norm: 0.0000 (0.0000)  time: 1.7035  data: 0.0002  max mem: 30405
Epoch: [53]  [158/159]  eta: 0:00:02  lr: 0.000052  min_lr: 0.000052  loss: 0.0032 (0.0032)  weight_decay: 0.0500 (0.0500)  grad_norm: 0.0000 (0.0000)  time: 1.7107  data: 0.0002  max mem: 30405
Epoch: [53] Total time: 0:07:36 (2.8704 s / it)
Averaged stats: lr: 0.000052  min_lr: 0.000052  loss: 0.0032 (0.0032)  weight_decay: 0.0500 (0.0500)  grad_norm: 0.0000 (0.0000)
Epoch: [54]  [  0/159]  eta: 6:17:26  lr: 0.000052  min_lr: 0.000052  loss: 0.0034 (0.0034)  weight_decay: 0.0500 (0.0500)  grad_norm: 0.0000 (0.0000)  time: 142.4316  data: 113.6346  max mem: 30405
Epoch: [54]  [ 10/159]  eta: 0:36:46  lr: 0.000052  min_lr: 0.000052  loss: 0.0032 (0.0033)  weight_decay: 0.0500 (0.0500)  grad_norm: 0.0000 (0.0000)  time: 14.8054  data: 10.3307  max mem: 30405
Epoch: [54]  [ 20/159]  eta: 0:19:51  lr: 0.000052  min_lr: 0.000052  loss: 0.0032 (0.0033)  weight_decay: 0.0500 (0.0500)  grad_norm: 0.0000 (0.0000)  time: 1.8759  data: 0.0003  max mem: 30405
Epoch: [54]  [ 30/159]  eta: 0:13:42  lr: 0.000051  min_lr: 0.000051  loss: 0.0032 (0.0033)  weight_decay: 0.0500 (0.0500)  grad_norm: 0.0000 (0.0000)  time: 1.7345  data: 0.0002  max mem: 30405
Epoch: [54]  [ 40/159]  eta: 0:10:23  lr: 0.000051  min_lr: 0.000051  loss: 0.0032 (0.0032)  weight_decay: 0.0500 (0.0500)  grad_norm: 0.0000 (0.0000)  time: 1.7410  data: 0.0003  max mem: 30405
Epoch: [54]  [ 50/159]  eta: 0:08:16  lr: 0.000051  min_lr: 0.000051  loss: 0.0031 (0.0032)  weight_decay: 0.0500 (0.0500)  grad_norm: 0.0000 (0.0000)  time: 1.7271  data: 0.0002  max mem: 30405
Epoch: [54]  [ 60/159]  eta: 0:06:45  lr: 0.000051  min_lr: 0.000051  loss: 0.0032 (0.0032)  weight_decay: 0.0500 (0.0500)  grad_norm: 0.0000 (0.0000)  time: 1.7446  data: 0.0002  max mem: 30405
Epoch: [54]  [ 70/159]  eta: 0:05:34  lr: 0.000051  min_lr: 0.000051  loss: 0.0032 (0.0032)  weight_decay: 0.0500 (0.0500)  grad_norm: 0.0000 (0.0000)  time: 1.7350  data: 0.0002  max mem: 30405
Epoch: [54]  [ 80/159]  eta: 0:04:37  lr: 0.000051  min_lr: 0.000051  loss: 0.0033 (0.0032)  weight_decay: 0.0500 (0.0500)  grad_norm: 0.0000 (0.0000)  time: 1.7282  data: 0.0005  max mem: 30405
Epoch: [54]  [ 90/159]  eta: 0:03:48  lr: 0.000051  min_lr: 0.000051  loss: 0.0033 (0.0032)  weight_decay: 0.0500 (0.0500)  grad_norm: 0.0000 (0.0000)  time: 1.7265  data: 0.0006  max mem: 30405
Epoch: [54]  [100/159]  eta: 0:03:06  lr: 0.000051  min_lr: 0.000051  loss: 0.0032 (0.0032)  weight_decay: 0.0500 (0.0500)  grad_norm: 0.0000 (0.0000)  time: 1.7520  data: 0.0002  max mem: 30405
Epoch: [54]  [110/159]  eta: 0:02:28  lr: 0.000051  min_lr: 0.000051  loss: 0.0032 (0.0032)  weight_decay: 0.0500 (0.0500)  grad_norm: 0.0000 (0.0000)  time: 1.7763  data: 0.0002  max mem: 30405
Epoch: [54]  [120/159]  eta: 0:01:54  lr: 0.000050  min_lr: 0.000050  loss: 0.0032 (0.0032)  weight_decay: 0.0500 (0.0500)  grad_norm: 0.0000 (0.0000)  time: 1.7608  data: 0.0002  max mem: 30405
Epoch: [54]  [130/159]  eta: 0:01:22  lr: 0.000050  min_lr: 0.000050  loss: 0.0033 (0.0032)  weight_decay: 0.0500 (0.0500)  grad_norm: 0.0000 (0.0000)  time: 1.7678  data: 0.0002  max mem: 30405
Epoch: [54]  [140/159]  eta: 0:00:52  lr: 0.000050  min_lr: 0.000050  loss: 0.0031 (0.0032)  weight_decay: 0.0500 (0.0500)  grad_norm: 0.0000 (0.0000)  time: 1.7614  data: 0.0002  max mem: 30405
Epoch: [54]  [150/159]  eta: 0:00:24  lr: 0.000050  min_lr: 0.000050  loss: 0.0031 (0.0032)  weight_decay: 0.0500 (0.0500)  grad_norm: 0.0000 (0.0000)  time: 1.7614  data: 0.0002  max mem: 30405
Epoch: [54]  [158/159]  eta: 0:00:02  lr: 0.000050  min_lr: 0.000050  loss: 0.0031 (0.0032)  weight_decay: 0.0500 (0.0500)  grad_norm: 0.0000 (0.0000)  time: 1.7786  data: 0.0002  max mem: 30405
Epoch: [54] Total time: 0:07:02 (2.6598 s / it)
Averaged stats: lr: 0.000050  min_lr: 0.000050  loss: 0.0031 (0.0032)  weight_decay: 0.0500 (0.0500)  grad_norm: 0.0000 (0.0000)
Epoch: [55]  [  0/159]  eta: 5:00:16  lr: 0.000050  min_lr: 0.000050  loss: 0.0031 (0.0031)  weight_decay: 0.0500 (0.0500)  grad_norm: 0.0000 (0.0000)  time: 113.3114  data: 87.8181  max mem: 30405
Epoch: [55]  [ 10/159]  eta: 0:34:05  lr: 0.000050  min_lr: 0.000050  loss: 0.0033 (0.0033)  weight_decay: 0.0500 (0.0500)  grad_norm: 0.0000 (0.0000)  time: 13.7290  data: 8.7335  max mem: 30405
Epoch: [55]  [ 20/159]  eta: 0:18:33  lr: 0.000050  min_lr: 0.000050  loss: 0.0032 (0.0032)  weight_decay: 0.0500 (0.0500)  grad_norm: 0.0000 (0.0000)  time: 2.7453  data: 0.4126  max mem: 30405
Epoch: [55]  [ 30/159]  eta: 0:12:52  lr: 0.000050  min_lr: 0.000050  loss: 0.0032 (0.0032)  weight_decay: 0.0500 (0.0500)  grad_norm: 0.0000 (0.0000)  time: 1.7252  data: 0.0002  max mem: 30405
Epoch: [55]  [ 40/159]  eta: 0:09:47  lr: 0.000050  min_lr: 0.000050  loss: 0.0032 (0.0032)  weight_decay: 0.0500 (0.0500)  grad_norm: 0.0000 (0.0000)  time: 1.7173  data: 0.0002  max mem: 30405
Epoch: [55]  [ 50/159]  eta: 0:07:49  lr: 0.000049  min_lr: 0.000049  loss: 0.0032 (0.0032)  weight_decay: 0.0500 (0.0500)  grad_norm: 0.0000 (0.0000)  time: 1.7007  data: 0.0002  max mem: 30405
Epoch: [55]  [ 60/159]  eta: 0:06:23  lr: 0.000049  min_lr: 0.000049  loss: 0.0032 (0.0032)  weight_decay: 0.0500 (0.0500)  grad_norm: 0.0000 (0.0000)  time: 1.6834  data: 0.0002  max mem: 30405
Epoch: [55]  [ 70/159]  eta: 0:05:18  lr: 0.000049  min_lr: 0.000049  loss: 0.0032 (0.0032)  weight_decay: 0.0500 (0.0500)  grad_norm: 0.0000 (0.0000)  time: 1.7086  data: 0.0002  max mem: 30405
Epoch: [55]  [ 80/159]  eta: 0:04:24  lr: 0.000049  min_lr: 0.000049  loss: 0.0032 (0.0032)  weight_decay: 0.0500 (0.0500)  grad_norm: 0.0000 (0.0000)  time: 1.7439  data: 0.0002  max mem: 30405
Epoch: [55]  [ 90/159]  eta: 0:03:38  lr: 0.000049  min_lr: 0.000049  loss: 0.0031 (0.0032)  weight_decay: 0.0500 (0.0500)  grad_norm: 0.0000 (0.0000)  time: 1.7213  data: 0.0002  max mem: 30405
Epoch: [55]  [100/159]  eta: 0:02:58  lr: 0.000049  min_lr: 0.000049  loss: 0.0032 (0.0032)  weight_decay: 0.0500 (0.0500)  grad_norm: 0.0000 (0.0000)  time: 1.7069  data: 0.0002  max mem: 30405
Epoch: [55]  [110/159]  eta: 0:02:22  lr: 0.000049  min_lr: 0.000049  loss: 0.0031 (0.0032)  weight_decay: 0.0500 (0.0500)  grad_norm: 0.0000 (0.0000)  time: 1.7056  data: 0.0002  max mem: 30405
Epoch: [55]  [120/159]  eta: 0:01:49  lr: 0.000049  min_lr: 0.000049  loss: 0.0031 (0.0032)  weight_decay: 0.0500 (0.0500)  grad_norm: 0.0000 (0.0000)  time: 1.7118  data: 0.0002  max mem: 30405
Epoch: [55]  [130/159]  eta: 0:01:18  lr: 0.000049  min_lr: 0.000049  loss: 0.0032 (0.0032)  weight_decay: 0.0500 (0.0500)  grad_norm: 0.0000 (0.0000)  time: 1.7237  data: 0.0002  max mem: 30405
Epoch: [55]  [140/159]  eta: 0:00:50  lr: 0.000048  min_lr: 0.000048  loss: 0.0032 (0.0032)  weight_decay: 0.0500 (0.0500)  grad_norm: 0.0000 (0.0000)  time: 1.7195  data: 0.0002  max mem: 30405
Epoch: [55]  [150/159]  eta: 0:00:23  lr: 0.000048  min_lr: 0.000048  loss: 0.0032 (0.0032)  weight_decay: 0.0500 (0.0500)  grad_norm: 0.0000 (0.0000)  time: 1.7170  data: 0.0002  max mem: 30405
Epoch: [55]  [158/159]  eta: 0:00:02  lr: 0.000048  min_lr: 0.000048  loss: 0.0032 (0.0032)  weight_decay: 0.0500 (0.0500)  grad_norm: 0.0000 (0.0000)  time: 1.7141  data: 0.0002  max mem: 30405
Epoch: [55] Total time: 0:06:45 (2.5528 s / it)
Averaged stats: lr: 0.000048  min_lr: 0.000048  loss: 0.0032 (0.0032)  weight_decay: 0.0500 (0.0500)  grad_norm: 0.0000 (0.0000)
Epoch: [56]  [  0/159]  eta: 7:22:46  lr: 0.000048  min_lr: 0.000048  loss: 0.0031 (0.0031)  weight_decay: 0.0500 (0.0500)  grad_norm: 0.0000 (0.0000)  time: 167.0835  data: 120.5246  max mem: 30405
Epoch: [56]  [ 10/159]  eta: 0:43:21  lr: 0.000048  min_lr: 0.000048  loss: 0.0031 (0.0031)  weight_decay: 0.0500 (0.0500)  grad_norm: 0.0000 (0.0000)  time: 17.4580  data: 10.9570  max mem: 30405
Epoch: [56]  [ 20/159]  eta: 0:23:05  lr: 0.000048  min_lr: 0.000048  loss: 0.0031 (0.0031)  weight_decay: 0.0500 (0.0500)  grad_norm: 0.0000 (0.0000)  time: 2.1123  data: 0.0002  max mem: 30405
Epoch: [56]  [ 30/159]  eta: 0:15:43  lr: 0.000048  min_lr: 0.000048  loss: 0.0034 (0.0032)  weight_decay: 0.0500 (0.0500)  grad_norm: 0.0000 (0.0000)  time: 1.7301  data: 0.0005  max mem: 30405
Epoch: [56]  [ 40/159]  eta: 0:11:47  lr: 0.000048  min_lr: 0.000048  loss: 0.0033 (0.0032)  weight_decay: 0.0500 (0.0500)  grad_norm: 0.0000 (0.0000)  time: 1.7224  data: 0.0005  max mem: 30405
Epoch: [56]  [ 50/159]  eta: 0:09:18  lr: 0.000048  min_lr: 0.000048  loss: 0.0032 (0.0032)  weight_decay: 0.0500 (0.0500)  grad_norm: 0.0000 (0.0000)  time: 1.7244  data: 0.0002  max mem: 30405
Epoch: [56]  [ 60/159]  eta: 0:07:31  lr: 0.000048  min_lr: 0.000048  loss: 0.0032 (0.0032)  weight_decay: 0.0500 (0.0500)  grad_norm: 0.0000 (0.0000)  time: 1.7146  data: 0.0012  max mem: 30405
Epoch: [56]  [ 70/159]  eta: 0:06:09  lr: 0.000047  min_lr: 0.000047  loss: 0.0033 (0.0032)  weight_decay: 0.0500 (0.0500)  grad_norm: 0.0000 (0.0000)  time: 1.6692  data: 0.0012  max mem: 30405
Epoch: [56]  [ 80/159]  eta: 0:05:03  lr: 0.000047  min_lr: 0.000047  loss: 0.0032 (0.0032)  weight_decay: 0.0500 (0.0500)  grad_norm: 0.0000 (0.0000)  time: 1.6800  data: 0.0002  max mem: 30405
Epoch: [56]  [ 90/159]  eta: 0:04:08  lr: 0.000047  min_lr: 0.000047  loss: 0.0032 (0.0032)  weight_decay: 0.0500 (0.0500)  grad_norm: 0.0000 (0.0000)  time: 1.6931  data: 0.0002  max mem: 30405
Epoch: [56]  [100/159]  eta: 0:03:21  lr: 0.000047  min_lr: 0.000047  loss: 0.0032 (0.0032)  weight_decay: 0.0500 (0.0500)  grad_norm: 0.0000 (0.0000)  time: 1.6688  data: 0.0003  max mem: 30405
Epoch: [56]  [110/159]  eta: 0:02:39  lr: 0.000047  min_lr: 0.000047  loss: 0.0031 (0.0032)  weight_decay: 0.0500 (0.0500)  grad_norm: 0.0000 (0.0000)  time: 1.6797  data: 0.0003  max mem: 30405
Epoch: [56]  [120/159]  eta: 0:02:02  lr: 0.000047  min_lr: 0.000047  loss: 0.0033 (0.0032)  weight_decay: 0.0500 (0.0500)  grad_norm: 0.0000 (0.0000)  time: 1.7096  data: 0.0002  max mem: 30405
Epoch: [56]  [130/159]  eta: 0:01:27  lr: 0.000047  min_lr: 0.000047  loss: 0.0033 (0.0032)  weight_decay: 0.0500 (0.0500)  grad_norm: 0.0000 (0.0000)  time: 1.7217  data: 0.0002  max mem: 30405
Epoch: [56]  [140/159]  eta: 0:00:55  lr: 0.000047  min_lr: 0.000047  loss: 0.0032 (0.0032)  weight_decay: 0.0500 (0.0500)  grad_norm: 0.0000 (0.0000)  time: 1.7114  data: 0.0002  max mem: 30405
Epoch: [56]  [150/159]  eta: 0:00:25  lr: 0.000047  min_lr: 0.000047  loss: 0.0032 (0.0032)  weight_decay: 0.0500 (0.0500)  grad_norm: 0.0000 (0.0000)  time: 1.7109  data: 0.0002  max mem: 30405
Epoch: [56]  [158/159]  eta: 0:00:02  lr: 0.000047  min_lr: 0.000047  loss: 0.0033 (0.0032)  weight_decay: 0.0500 (0.0500)  grad_norm: 0.0000 (0.0000)  time: 1.7443  data: 0.0002  max mem: 30405
Epoch: [56] Total time: 0:07:26 (2.8055 s / it)
Averaged stats: lr: 0.000047  min_lr: 0.000047  loss: 0.0033 (0.0032)  weight_decay: 0.0500 (0.0500)  grad_norm: 0.0000 (0.0000)
Epoch: [57]  [  0/159]  eta: 6:45:47  lr: 0.000047  min_lr: 0.000047  loss: 0.0033 (0.0033)  weight_decay: 0.0500 (0.0500)  grad_norm: 0.0000 (0.0000)  time: 153.1285  data: 152.1621  max mem: 30405
Epoch: [57]  [ 10/159]  eta: 0:40:05  lr: 0.000046  min_lr: 0.000046  loss: 0.0032 (0.0031)  weight_decay: 0.0500 (0.0500)  grad_norm: 0.0000 (0.0000)  time: 16.1418  data: 13.8332  max mem: 30405
Epoch: [57]  [ 20/159]  eta: 0:21:37  lr: 0.000046  min_lr: 0.000046  loss: 0.0032 (0.0031)  weight_decay: 0.0500 (0.0500)  grad_norm: 0.0000 (0.0000)  time: 2.1430  data: 0.0003  max mem: 30405
Epoch: [57]  [ 30/159]  eta: 0:14:45  lr: 0.000046  min_lr: 0.000046  loss: 0.0032 (0.0031)  weight_decay: 0.0500 (0.0500)  grad_norm: 0.0000 (0.0000)  time: 1.7676  data: 0.0003  max mem: 30405
Epoch: [57]  [ 40/159]  eta: 0:11:07  lr: 0.000046  min_lr: 0.000046  loss: 0.0032 (0.0032)  weight_decay: 0.0500 (0.0500)  grad_norm: 0.0000 (0.0000)  time: 1.7017  data: 0.0003  max mem: 30405
Epoch: [57]  [ 50/159]  eta: 0:08:47  lr: 0.000046  min_lr: 0.000046  loss: 0.0032 (0.0032)  weight_decay: 0.0500 (0.0500)  grad_norm: 0.0000 (0.0000)  time: 1.7046  data: 0.0003  max mem: 30405
Epoch: [57]  [ 60/159]  eta: 0:07:08  lr: 0.000046  min_lr: 0.000046  loss: 0.0032 (0.0032)  weight_decay: 0.0500 (0.0500)  grad_norm: 0.0000 (0.0000)  time: 1.6890  data: 0.0003  max mem: 30405
Epoch: [57]  [ 70/159]  eta: 0:05:52  lr: 0.000046  min_lr: 0.000046  loss: 0.0032 (0.0032)  weight_decay: 0.0500 (0.0500)  grad_norm: 0.0000 (0.0000)  time: 1.7008  data: 0.0003  max mem: 30405
Epoch: [57]  [ 80/159]  eta: 0:04:51  lr: 0.000046  min_lr: 0.000046  loss: 0.0031 (0.0032)  weight_decay: 0.0500 (0.0500)  grad_norm: 0.0000 (0.0000)  time: 1.7294  data: 0.0002  max mem: 30405
Epoch: [57]  [ 90/159]  eta: 0:03:59  lr: 0.000046  min_lr: 0.000046  loss: 0.0031 (0.0032)  weight_decay: 0.0500 (0.0500)  grad_norm: 0.0000 (0.0000)  time: 1.7322  data: 0.0002  max mem: 30405
Epoch: [57]  [100/159]  eta: 0:03:14  lr: 0.000045  min_lr: 0.000045  loss: 0.0031 (0.0032)  weight_decay: 0.0500 (0.0500)  grad_norm: 0.0000 (0.0000)  time: 1.7173  data: 0.0002  max mem: 30405
Epoch: [57]  [110/159]  eta: 0:02:34  lr: 0.000045  min_lr: 0.000045  loss: 0.0032 (0.0032)  weight_decay: 0.0500 (0.0500)  grad_norm: 0.0000 (0.0000)  time: 1.7192  data: 0.0002  max mem: 30405
Epoch: [57]  [120/159]  eta: 0:01:58  lr: 0.000045  min_lr: 0.000045  loss: 0.0032 (0.0032)  weight_decay: 0.0500 (0.0500)  grad_norm: 0.0000 (0.0000)  time: 1.7335  data: 0.0002  max mem: 30405
Epoch: [57]  [130/159]  eta: 0:01:25  lr: 0.000045  min_lr: 0.000045  loss: 0.0032 (0.0032)  weight_decay: 0.0500 (0.0500)  grad_norm: 0.0000 (0.0000)  time: 1.7301  data: 0.0002  max mem: 30405
Epoch: [57]  [140/159]  eta: 0:00:54  lr: 0.000045  min_lr: 0.000045  loss: 0.0033 (0.0032)  weight_decay: 0.0500 (0.0500)  grad_norm: 0.0000 (0.0000)  time: 1.7229  data: 0.0002  max mem: 30405
Epoch: [57]  [150/159]  eta: 0:00:24  lr: 0.000045  min_lr: 0.000045  loss: 0.0033 (0.0032)  weight_decay: 0.0500 (0.0500)  grad_norm: 0.0000 (0.0000)  time: 1.7250  data: 0.0002  max mem: 30405
Epoch: [57]  [158/159]  eta: 0:00:02  lr: 0.000045  min_lr: 0.000045  loss: 0.0033 (0.0032)  weight_decay: 0.0500 (0.0500)  grad_norm: 0.0000 (0.0000)  time: 1.7280  data: 0.0002  max mem: 30405
Epoch: [57] Total time: 0:07:14 (2.7304 s / it)
Averaged stats: lr: 0.000045  min_lr: 0.000045  loss: 0.0033 (0.0032)  weight_decay: 0.0500 (0.0500)  grad_norm: 0.0000 (0.0000)
Epoch: [58]  [  0/159]  eta: 6:01:52  lr: 0.000045  min_lr: 0.000045  loss: 0.0034 (0.0034)  weight_decay: 0.0500 (0.0500)  grad_norm: 0.0000 (0.0000)  time: 136.5587  data: 65.8715  max mem: 30405
Epoch: [58]  [ 10/159]  eta: 0:37:13  lr: 0.000045  min_lr: 0.000045  loss: 0.0033 (0.0033)  weight_decay: 0.0500 (0.0500)  grad_norm: 0.0000 (0.0000)  time: 14.9899  data: 5.9887  max mem: 30405
Epoch: [58]  [ 20/159]  eta: 0:20:02  lr: 0.000045  min_lr: 0.000045  loss: 0.0033 (0.0033)  weight_decay: 0.0500 (0.0500)  grad_norm: 0.0000 (0.0000)  time: 2.2592  data: 0.0003  max mem: 30405
Epoch: [58]  [ 30/159]  eta: 0:13:47  lr: 0.000044  min_lr: 0.000044  loss: 0.0032 (0.0033)  weight_decay: 0.0500 (0.0500)  grad_norm: 0.0000 (0.0000)  time: 1.7002  data: 0.0002  max mem: 30405
Epoch: [58]  [ 40/159]  eta: 0:10:28  lr: 0.000044  min_lr: 0.000044  loss: 0.0032 (0.0033)  weight_decay: 0.0500 (0.0500)  grad_norm: 0.0000 (0.0000)  time: 1.7356  data: 0.0002  max mem: 30405
Epoch: [58]  [ 50/159]  eta: 0:08:19  lr: 0.000044  min_lr: 0.000044  loss: 0.0032 (0.0033)  weight_decay: 0.0500 (0.0500)  grad_norm: 0.0000 (0.0000)  time: 1.7335  data: 0.0002  max mem: 30405
Epoch: [58]  [ 60/159]  eta: 0:06:46  lr: 0.000044  min_lr: 0.000044  loss: 0.0031 (0.0032)  weight_decay: 0.0500 (0.0500)  grad_norm: 0.0000 (0.0000)  time: 1.7109  data: 0.0002  max mem: 30405
Epoch: [58]  [ 70/159]  eta: 0:05:34  lr: 0.000044  min_lr: 0.000044  loss: 0.0032 (0.0032)  weight_decay: 0.0500 (0.0500)  grad_norm: 0.0000 (0.0000)  time: 1.6790  data: 0.0002  max mem: 30405
Epoch: [58]  [ 80/159]  eta: 0:04:36  lr: 0.000044  min_lr: 0.000044  loss: 0.0032 (0.0032)  weight_decay: 0.0500 (0.0500)  grad_norm: 0.0000 (0.0000)  time: 1.6527  data: 0.0002  max mem: 30405
Epoch: [58]  [ 90/159]  eta: 0:03:47  lr: 0.000044  min_lr: 0.000044  loss: 0.0032 (0.0032)  weight_decay: 0.0500 (0.0500)  grad_norm: 0.0000 (0.0000)  time: 1.6292  data: 0.0002  max mem: 30405
Epoch: [58]  [100/159]  eta: 0:03:04  lr: 0.000044  min_lr: 0.000044  loss: 0.0032 (0.0032)  weight_decay: 0.0500 (0.0500)  grad_norm: 0.0000 (0.0000)  time: 1.6104  data: 0.0003  max mem: 30405
Epoch: [58]  [110/159]  eta: 0:02:26  lr: 0.000044  min_lr: 0.000044  loss: 0.0032 (0.0032)  weight_decay: 0.0500 (0.0500)  grad_norm: 0.0000 (0.0000)  time: 1.6333  data: 0.0003  max mem: 30405
Epoch: [58]  [120/159]  eta: 0:01:52  lr: 0.000043  min_lr: 0.000043  loss: 0.0033 (0.0032)  weight_decay: 0.0500 (0.0500)  grad_norm: 0.0000 (0.0000)  time: 1.6439  data: 0.0003  max mem: 30405
Epoch: [58]  [130/159]  eta: 0:01:20  lr: 0.000043  min_lr: 0.000043  loss: 0.0032 (0.0032)  weight_decay: 0.0500 (0.0500)  grad_norm: 0.0000 (0.0000)  time: 1.6635  data: 0.0003  max mem: 30405
Epoch: [58]  [140/159]  eta: 0:00:51  lr: 0.000043  min_lr: 0.000043  loss: 0.0032 (0.0032)  weight_decay: 0.0500 (0.0500)  grad_norm: 0.0000 (0.0000)  time: 1.6513  data: 0.0003  max mem: 30405
Epoch: [58]  [150/159]  eta: 0:00:23  lr: 0.000043  min_lr: 0.000043  loss: 0.0033 (0.0032)  weight_decay: 0.0500 (0.0500)  grad_norm: 0.0000 (0.0000)  time: 1.6639  data: 0.0003  max mem: 30405
Epoch: [58]  [158/159]  eta: 0:00:02  lr: 0.000043  min_lr: 0.000043  loss: 0.0031 (0.0032)  weight_decay: 0.0500 (0.0500)  grad_norm: 0.0000 (0.0000)  time: 1.7000  data: 0.0004  max mem: 30405
Epoch: [58] Total time: 0:06:53 (2.6013 s / it)
Averaged stats: lr: 0.000043  min_lr: 0.000043  loss: 0.0031 (0.0032)  weight_decay: 0.0500 (0.0500)  grad_norm: 0.0000 (0.0000)
Epoch: [59]  [  0/159]  eta: 5:56:27  lr: 0.000043  min_lr: 0.000043  loss: 0.0028 (0.0028)  weight_decay: 0.0500 (0.0500)  grad_norm: 0.0000 (0.0000)  time: 134.5154  data: 133.4554  max mem: 30405
Epoch: [59]  [ 10/159]  eta: 0:37:33  lr: 0.000043  min_lr: 0.000043  loss: 0.0031 (0.0031)  weight_decay: 0.0500 (0.0500)  grad_norm: 0.0000 (0.0000)  time: 15.1210  data: 12.1325  max mem: 30405
Epoch: [59]  [ 20/159]  eta: 0:20:15  lr: 0.000043  min_lr: 0.000043  loss: 0.0031 (0.0031)  weight_decay: 0.0500 (0.0500)  grad_norm: 0.0000 (0.0000)  time: 2.4549  data: 0.0003  max mem: 30405
Epoch: [59]  [ 30/159]  eta: 0:13:53  lr: 0.000043  min_lr: 0.000043  loss: 0.0032 (0.0032)  weight_decay: 0.0500 (0.0500)  grad_norm: 0.0000 (0.0000)  time: 1.7025  data: 0.0002  max mem: 30405
Epoch: [59]  [ 40/159]  eta: 0:10:31  lr: 0.000043  min_lr: 0.000043  loss: 0.0032 (0.0032)  weight_decay: 0.0500 (0.0500)  grad_norm: 0.0000 (0.0000)  time: 1.7027  data: 0.0002  max mem: 30405
Epoch: [59]  [ 50/159]  eta: 0:08:22  lr: 0.000042  min_lr: 0.000042  loss: 0.0032 (0.0032)  weight_decay: 0.0500 (0.0500)  grad_norm: 0.0000 (0.0000)  time: 1.7367  data: 0.0002  max mem: 30405
Epoch: [59]  [ 60/159]  eta: 0:06:49  lr: 0.000042  min_lr: 0.000042  loss: 0.0033 (0.0032)  weight_decay: 0.0500 (0.0500)  grad_norm: 0.0000 (0.0000)  time: 1.7193  data: 0.0002  max mem: 30405
Epoch: [59]  [ 70/159]  eta: 0:05:37  lr: 0.000042  min_lr: 0.000042  loss: 0.0033 (0.0032)  weight_decay: 0.0500 (0.0500)  grad_norm: 0.0000 (0.0000)  time: 1.7258  data: 0.0002  max mem: 30405
Epoch: [59]  [ 80/159]  eta: 0:04:39  lr: 0.000042  min_lr: 0.000042  loss: 0.0031 (0.0032)  weight_decay: 0.0500 (0.0500)  grad_norm: 0.0000 (0.0000)  time: 1.7507  data: 0.0002  max mem: 30405
Epoch: [59]  [ 90/159]  eta: 0:03:50  lr: 0.000042  min_lr: 0.000042  loss: 0.0031 (0.0032)  weight_decay: 0.0500 (0.0500)  grad_norm: 0.0000 (0.0000)  time: 1.7253  data: 0.0002  max mem: 30405
Epoch: [59]  [100/159]  eta: 0:03:07  lr: 0.000042  min_lr: 0.000042  loss: 0.0032 (0.0032)  weight_decay: 0.0500 (0.0500)  grad_norm: 0.0000 (0.0000)  time: 1.7095  data: 0.0002  max mem: 30405
Epoch: [59]  [110/159]  eta: 0:02:29  lr: 0.000042  min_lr: 0.000042  loss: 0.0032 (0.0032)  weight_decay: 0.0500 (0.0500)  grad_norm: 0.0000 (0.0000)  time: 1.7270  data: 0.0002  max mem: 30405
Epoch: [59]  [120/159]  eta: 0:01:54  lr: 0.000042  min_lr: 0.000042  loss: 0.0032 (0.0032)  weight_decay: 0.0500 (0.0500)  grad_norm: 0.0000 (0.0000)  time: 1.7407  data: 0.0002  max mem: 30405
Epoch: [59]  [130/159]  eta: 0:01:22  lr: 0.000042  min_lr: 0.000042  loss: 0.0033 (0.0032)  weight_decay: 0.0500 (0.0500)  grad_norm: 0.0000 (0.0000)  time: 1.7233  data: 0.0002  max mem: 30405
Epoch: [59]  [140/159]  eta: 0:00:52  lr: 0.000042  min_lr: 0.000042  loss: 0.0033 (0.0032)  weight_decay: 0.0500 (0.0500)  grad_norm: 0.0000 (0.0000)  time: 1.6939  data: 0.0003  max mem: 30405
Epoch: [59]  [150/159]  eta: 0:00:24  lr: 0.000041  min_lr: 0.000041  loss: 0.0032 (0.0032)  weight_decay: 0.0500 (0.0500)  grad_norm: 0.0000 (0.0000)  time: 1.6723  data: 0.0003  max mem: 30405
Epoch: [59]  [158/159]  eta: 0:00:02  lr: 0.000041  min_lr: 0.000041  loss: 0.0033 (0.0032)  weight_decay: 0.0500 (0.0500)  grad_norm: 0.0000 (0.0000)  time: 1.6672  data: 0.0003  max mem: 30405
Epoch: [59] Total time: 0:07:01 (2.6486 s / it)
Averaged stats: lr: 0.000041  min_lr: 0.000041  loss: 0.0033 (0.0032)  weight_decay: 0.0500 (0.0500)  grad_norm: 0.0000 (0.0000)
Epoch: [60]  [  0/159]  eta: 6:36:01  lr: 0.000041  min_lr: 0.000041  loss: 0.0032 (0.0032)  weight_decay: 0.0500 (0.0500)  grad_norm: 0.0000 (0.0000)  time: 149.4448  data: 103.5667  max mem: 30405
Epoch: [60]  [ 10/159]  eta: 0:38:26  lr: 0.000041  min_lr: 0.000041  loss: 0.0032 (0.0032)  weight_decay: 0.0500 (0.0500)  grad_norm: 0.0000 (0.0000)  time: 15.4807  data: 9.4155  max mem: 30405
Epoch: [60]  [ 20/159]  eta: 0:20:39  lr: 0.000041  min_lr: 0.000041  loss: 0.0032 (0.0032)  weight_decay: 0.0500 (0.0500)  grad_norm: 0.0000 (0.0000)  time: 1.8918  data: 0.0003  max mem: 30405
Epoch: [60]  [ 30/159]  eta: 0:14:09  lr: 0.000041  min_lr: 0.000041  loss: 0.0032 (0.0032)  weight_decay: 0.0500 (0.0500)  grad_norm: 0.0000 (0.0000)  time: 1.6959  data: 0.0002  max mem: 30405
Epoch: [60]  [ 40/159]  eta: 0:10:43  lr: 0.000041  min_lr: 0.000041  loss: 0.0032 (0.0032)  weight_decay: 0.0500 (0.0500)  grad_norm: 0.0000 (0.0000)  time: 1.7207  data: 0.0002  max mem: 30405
Epoch: [60]  [ 50/159]  eta: 0:08:29  lr: 0.000041  min_lr: 0.000041  loss: 0.0031 (0.0032)  weight_decay: 0.0500 (0.0500)  grad_norm: 0.0000 (0.0000)  time: 1.7054  data: 0.0002  max mem: 30405
Epoch: [60]  [ 60/159]  eta: 0:06:54  lr: 0.000041  min_lr: 0.000041  loss: 0.0032 (0.0032)  weight_decay: 0.0500 (0.0500)  grad_norm: 0.0000 (0.0000)  time: 1.6928  data: 0.0002  max mem: 30405
Epoch: [60]  [ 70/159]  eta: 0:05:41  lr: 0.000041  min_lr: 0.000041  loss: 0.0034 (0.0032)  weight_decay: 0.0500 (0.0500)  grad_norm: 0.0000 (0.0000)  time: 1.6960  data: 0.0002  max mem: 30405
Epoch: [60]  [ 80/159]  eta: 0:04:42  lr: 0.000040  min_lr: 0.000040  loss: 0.0033 (0.0032)  weight_decay: 0.0500 (0.0500)  grad_norm: 0.0000 (0.0000)  time: 1.6878  data: 0.0002  max mem: 30405
Epoch: [60]  [ 90/159]  eta: 0:03:51  lr: 0.000040  min_lr: 0.000040  loss: 0.0032 (0.0032)  weight_decay: 0.0500 (0.0500)  grad_norm: 0.0000 (0.0000)  time: 1.6833  data: 0.0002  max mem: 30405
Epoch: [60]  [100/159]  eta: 0:03:08  lr: 0.000040  min_lr: 0.000040  loss: 0.0032 (0.0032)  weight_decay: 0.0500 (0.0500)  grad_norm: 0.0000 (0.0000)  time: 1.6859  data: 0.0002  max mem: 30405
Epoch: [60]  [110/159]  eta: 0:02:30  lr: 0.000040  min_lr: 0.000040  loss: 0.0032 (0.0032)  weight_decay: 0.0500 (0.0500)  grad_norm: 0.0000 (0.0000)  time: 1.7033  data: 0.0002  max mem: 30405
Epoch: [60]  [120/159]  eta: 0:01:54  lr: 0.000040  min_lr: 0.000040  loss: 0.0033 (0.0032)  weight_decay: 0.0500 (0.0500)  grad_norm: 0.0000 (0.0000)  time: 1.6794  data: 0.0002  max mem: 30405
Epoch: [60]  [130/159]  eta: 0:01:22  lr: 0.000040  min_lr: 0.000040  loss: 0.0033 (0.0032)  weight_decay: 0.0500 (0.0500)  grad_norm: 0.0000 (0.0000)  time: 1.6700  data: 0.0003  max mem: 30405
Epoch: [60]  [140/159]  eta: 0:00:52  lr: 0.000040  min_lr: 0.000040  loss: 0.0033 (0.0032)  weight_decay: 0.0500 (0.0500)  grad_norm: 0.0000 (0.0000)  time: 1.6639  data: 0.0002  max mem: 30405
Epoch: [60]  [150/159]  eta: 0:00:24  lr: 0.000040  min_lr: 0.000040  loss: 0.0033 (0.0032)  weight_decay: 0.0500 (0.0500)  grad_norm: 0.0000 (0.0000)  time: 1.6770  data: 0.0002  max mem: 30405
Epoch: [60]  [158/159]  eta: 0:00:02  lr: 0.000040  min_lr: 0.000040  loss: 0.0034 (0.0032)  weight_decay: 0.0500 (0.0500)  grad_norm: 0.0000 (0.0000)  time: 1.6781  data: 0.0002  max mem: 30405
Epoch: [60] Total time: 0:07:01 (2.6503 s / it)
Averaged stats: lr: 0.000040  min_lr: 0.000040  loss: 0.0034 (0.0032)  weight_decay: 0.0500 (0.0500)  grad_norm: 0.0000 (0.0000)
[Eval]   [0/2]  eta: 0:00:20  loss: 0.0033 (0.0033)  time: 10.0524  data: 9.7187  max mem: 30405
[Eval]   [1/2]  eta: 0:00:05  loss: 0.0028 (0.0030)  time: 5.1572  data: 4.8594  max mem: 30405
[Eval]  Total time: 0:00:10 (5.3326 s / it)
Eval averaged stats: loss: 0.0028 (0.0031)
Logged 9 eval images
Epoch: [61]  [  0/159]  eta: 5:21:39  lr: 0.000040  min_lr: 0.000040  loss: 0.0033 (0.0033)  weight_decay: 0.0500 (0.0500)  grad_norm: 0.0000 (0.0000)  time: 121.3800  data: 114.4273  max mem: 30405
Epoch: [61]  [ 10/159]  eta: 0:35:38  lr: 0.000039  min_lr: 0.000039  loss: 0.0033 (0.0033)  weight_decay: 0.0500 (0.0500)  grad_norm: 0.0000 (0.0000)  time: 14.3515  data: 10.4027  max mem: 30405
Epoch: [61]  [ 20/159]  eta: 0:19:16  lr: 0.000039  min_lr: 0.000039  loss: 0.0032 (0.0032)  weight_decay: 0.0500 (0.0500)  grad_norm: 0.0000 (0.0000)  time: 2.6679  data: 0.0002  max mem: 30405
Epoch: [61]  [ 30/159]  eta: 0:13:16  lr: 0.000039  min_lr: 0.000039  loss: 0.0032 (0.0032)  weight_decay: 0.0500 (0.0500)  grad_norm: 0.0000 (0.0000)  time: 1.6713  data: 0.0002  max mem: 30405
Epoch: [61]  [ 40/159]  eta: 0:10:05  lr: 0.000039  min_lr: 0.000039  loss: 0.0032 (0.0032)  weight_decay: 0.0500 (0.0500)  grad_norm: 0.0000 (0.0000)  time: 1.6904  data: 0.0002  max mem: 30405
Epoch: [61]  [ 50/159]  eta: 0:08:00  lr: 0.000039  min_lr: 0.000039  loss: 0.0032 (0.0032)  weight_decay: 0.0500 (0.0500)  grad_norm: 0.0000 (0.0000)  time: 1.6813  data: 0.0003  max mem: 30405
Epoch: [61]  [ 60/159]  eta: 0:06:32  lr: 0.000039  min_lr: 0.000039  loss: 0.0033 (0.0032)  weight_decay: 0.0500 (0.0500)  grad_norm: 0.0000 (0.0000)  time: 1.6582  data: 0.0003  max mem: 30405
Epoch: [61]  [ 70/159]  eta: 0:05:24  lr: 0.000039  min_lr: 0.000039  loss: 0.0033 (0.0032)  weight_decay: 0.0500 (0.0500)  grad_norm: 0.0000 (0.0000)  time: 1.6897  data: 0.0002  max mem: 30405
Epoch: [61]  [ 80/159]  eta: 0:04:28  lr: 0.000039  min_lr: 0.000039  loss: 0.0031 (0.0032)  weight_decay: 0.0500 (0.0500)  grad_norm: 0.0000 (0.0000)  time: 1.6830  data: 0.0002  max mem: 30405
Epoch: [61]  [ 90/159]  eta: 0:03:41  lr: 0.000039  min_lr: 0.000039  loss: 0.0032 (0.0032)  weight_decay: 0.0500 (0.0500)  grad_norm: 0.0000 (0.0000)  time: 1.6669  data: 0.0002  max mem: 30405
Epoch: [61]  [100/159]  eta: 0:03:00  lr: 0.000039  min_lr: 0.000039  loss: 0.0032 (0.0032)  weight_decay: 0.0500 (0.0500)  grad_norm: 0.0000 (0.0000)  time: 1.6729  data: 0.0002  max mem: 30405
Epoch: [61]  [110/159]  eta: 0:02:23  lr: 0.000038  min_lr: 0.000038  loss: 0.0032 (0.0032)  weight_decay: 0.0500 (0.0500)  grad_norm: 0.0000 (0.0000)  time: 1.6794  data: 0.0002  max mem: 30405
Epoch: [61]  [120/159]  eta: 0:01:50  lr: 0.000038  min_lr: 0.000038  loss: 0.0032 (0.0032)  weight_decay: 0.0500 (0.0500)  grad_norm: 0.0000 (0.0000)  time: 1.6778  data: 0.0002  max mem: 30405
Epoch: [61]  [130/159]  eta: 0:01:19  lr: 0.000038  min_lr: 0.000038  loss: 0.0032 (0.0032)  weight_decay: 0.0500 (0.0500)  grad_norm: 0.0000 (0.0000)  time: 1.6653  data: 0.0002  max mem: 30405
Epoch: [61]  [140/159]  eta: 0:00:50  lr: 0.000038  min_lr: 0.000038  loss: 0.0032 (0.0032)  weight_decay: 0.0500 (0.0500)  grad_norm: 0.0000 (0.0000)  time: 1.6732  data: 0.0002  max mem: 30405
Epoch: [61]  [150/159]  eta: 0:00:23  lr: 0.000038  min_lr: 0.000038  loss: 0.0032 (0.0032)  weight_decay: 0.0500 (0.0500)  grad_norm: 0.0000 (0.0000)  time: 1.6888  data: 0.0002  max mem: 30405
Epoch: [61]  [158/159]  eta: 0:00:02  lr: 0.000038  min_lr: 0.000038  loss: 0.0032 (0.0032)  weight_decay: 0.0500 (0.0500)  grad_norm: 0.0000 (0.0000)  time: 1.6899  data: 0.0002  max mem: 30405
Epoch: [61] Total time: 0:06:46 (2.5578 s / it)
Averaged stats: lr: 0.000038  min_lr: 0.000038  loss: 0.0032 (0.0032)  weight_decay: 0.0500 (0.0500)  grad_norm: 0.0000 (0.0000)
Epoch: [62]  [  0/159]  eta: 6:17:48  lr: 0.000038  min_lr: 0.000038  loss: 0.0032 (0.0032)  weight_decay: 0.0500 (0.0500)  grad_norm: 0.0000 (0.0000)  time: 142.5672  data: 106.7266  max mem: 30405
Epoch: [62]  [ 10/159]  eta: 0:36:56  lr: 0.000038  min_lr: 0.000038  loss: 0.0032 (0.0032)  weight_decay: 0.0500 (0.0500)  grad_norm: 0.0000 (0.0000)  time: 14.8787  data: 9.7026  max mem: 30405
Epoch: [62]  [ 20/159]  eta: 0:19:56  lr: 0.000038  min_lr: 0.000038  loss: 0.0032 (0.0032)  weight_decay: 0.0500 (0.0500)  grad_norm: 0.0000 (0.0000)  time: 1.9118  data: 0.0002  max mem: 30405
Epoch: [62]  [ 30/159]  eta: 0:13:43  lr: 0.000038  min_lr: 0.000038  loss: 0.0032 (0.0032)  weight_decay: 0.0500 (0.0500)  grad_norm: 0.0000 (0.0000)  time: 1.7088  data: 0.0002  max mem: 30405
Epoch: [62]  [ 40/159]  eta: 0:10:24  lr: 0.000037  min_lr: 0.000037  loss: 0.0033 (0.0032)  weight_decay: 0.0500 (0.0500)  grad_norm: 0.0000 (0.0000)  time: 1.7262  data: 0.0002  max mem: 30405
Epoch: [62]  [ 50/159]  eta: 0:08:16  lr: 0.000037  min_lr: 0.000037  loss: 0.0033 (0.0032)  weight_decay: 0.0500 (0.0500)  grad_norm: 0.0000 (0.0000)  time: 1.7319  data: 0.0002  max mem: 30405
Epoch: [62]  [ 60/159]  eta: 0:06:44  lr: 0.000037  min_lr: 0.000037  loss: 0.0033 (0.0032)  weight_decay: 0.0500 (0.0500)  grad_norm: 0.0000 (0.0000)  time: 1.6879  data: 0.0002  max mem: 30405
Epoch: [62]  [ 70/159]  eta: 0:05:32  lr: 0.000037  min_lr: 0.000037  loss: 0.0032 (0.0032)  weight_decay: 0.0500 (0.0500)  grad_norm: 0.0000 (0.0000)  time: 1.6574  data: 0.0002  max mem: 30405
Epoch: [62]  [ 80/159]  eta: 0:04:35  lr: 0.000037  min_lr: 0.000037  loss: 0.0032 (0.0032)  weight_decay: 0.0500 (0.0500)  grad_norm: 0.0000 (0.0000)  time: 1.6760  data: 0.0002  max mem: 30405
Epoch: [62]  [ 90/159]  eta: 0:03:46  lr: 0.000037  min_lr: 0.000037  loss: 0.0032 (0.0032)  weight_decay: 0.0500 (0.0500)  grad_norm: 0.0000 (0.0000)  time: 1.6857  data: 0.0002  max mem: 30405
Epoch: [62]  [100/159]  eta: 0:03:04  lr: 0.000037  min_lr: 0.000037  loss: 0.0032 (0.0032)  weight_decay: 0.0500 (0.0500)  grad_norm: 0.0000 (0.0000)  time: 1.6656  data: 0.0002  max mem: 30405
Epoch: [62]  [110/159]  eta: 0:02:27  lr: 0.000037  min_lr: 0.000037  loss: 0.0032 (0.0032)  weight_decay: 0.0500 (0.0500)  grad_norm: 0.0000 (0.0000)  time: 1.6828  data: 0.0002  max mem: 30405
Epoch: [62]  [120/159]  eta: 0:01:52  lr: 0.000037  min_lr: 0.000037  loss: 0.0033 (0.0032)  weight_decay: 0.0500 (0.0500)  grad_norm: 0.0000 (0.0000)  time: 1.6896  data: 0.0002  max mem: 30405
Epoch: [62]  [130/159]  eta: 0:01:21  lr: 0.000037  min_lr: 0.000037  loss: 0.0033 (0.0033)  weight_decay: 0.0500 (0.0500)  grad_norm: 0.0000 (0.0000)  time: 1.6454  data: 0.0002  max mem: 30405
Epoch: [62]  [140/159]  eta: 0:00:51  lr: 0.000036  min_lr: 0.000036  loss: 0.0033 (0.0032)  weight_decay: 0.0500 (0.0500)  grad_norm: 0.0000 (0.0000)  time: 1.6349  data: 0.0002  max mem: 30405
Epoch: [62]  [150/159]  eta: 0:00:23  lr: 0.000036  min_lr: 0.000036  loss: 0.0032 (0.0032)  weight_decay: 0.0500 (0.0500)  grad_norm: 0.0000 (0.0000)  time: 1.6591  data: 0.0003  max mem: 30405
Epoch: [62]  [158/159]  eta: 0:00:02  lr: 0.000036  min_lr: 0.000036  loss: 0.0031 (0.0032)  weight_decay: 0.0500 (0.0500)  grad_norm: 0.0000 (0.0000)  time: 1.6566  data: 0.0002  max mem: 30405
Epoch: [62] Total time: 0:06:53 (2.5997 s / it)
Averaged stats: lr: 0.000036  min_lr: 0.000036  loss: 0.0031 (0.0032)  weight_decay: 0.0500 (0.0500)  grad_norm: 0.0000 (0.0000)
Epoch: [63]  [  0/159]  eta: 7:09:48  lr: 0.000036  min_lr: 0.000036  loss: 0.0033 (0.0033)  weight_decay: 0.0500 (0.0500)  grad_norm: 0.0000 (0.0000)  time: 162.1948  data: 132.9477  max mem: 30405
Epoch: [63]  [ 10/159]  eta: 0:40:39  lr: 0.000036  min_lr: 0.000036  loss: 0.0033 (0.0033)  weight_decay: 0.0500 (0.0500)  grad_norm: 0.0000 (0.0000)  time: 16.3745  data: 12.0864  max mem: 30405
Epoch: [63]  [ 20/159]  eta: 0:21:41  lr: 0.000036  min_lr: 0.000036  loss: 0.0032 (0.0032)  weight_decay: 0.0500 (0.0500)  grad_norm: 0.0000 (0.0000)  time: 1.7247  data: 0.0003  max mem: 30405
Epoch: [63]  [ 30/159]  eta: 0:14:48  lr: 0.000036  min_lr: 0.000036  loss: 0.0032 (0.0033)  weight_decay: 0.0500 (0.0500)  grad_norm: 0.0000 (0.0000)  time: 1.6726  data: 0.0002  max mem: 30405
Epoch: [63]  [ 40/159]  eta: 0:11:08  lr: 0.000036  min_lr: 0.000036  loss: 0.0032 (0.0032)  weight_decay: 0.0500 (0.0500)  grad_norm: 0.0000 (0.0000)  time: 1.6893  data: 0.0002  max mem: 30405
Epoch: [63]  [ 50/159]  eta: 0:08:47  lr: 0.000036  min_lr: 0.000036  loss: 0.0032 (0.0032)  weight_decay: 0.0500 (0.0500)  grad_norm: 0.0000 (0.0000)  time: 1.6701  data: 0.0002  max mem: 30405
Epoch: [63]  [ 60/159]  eta: 0:07:07  lr: 0.000036  min_lr: 0.000036  loss: 0.0032 (0.0032)  weight_decay: 0.0500 (0.0500)  grad_norm: 0.0000 (0.0000)  time: 1.6405  data: 0.0002  max mem: 30405
Epoch: [63]  [ 70/159]  eta: 0:05:50  lr: 0.000035  min_lr: 0.000035  loss: 0.0032 (0.0032)  weight_decay: 0.0500 (0.0500)  grad_norm: 0.0000 (0.0000)  time: 1.6335  data: 0.0002  max mem: 30405
Epoch: [63]  [ 80/159]  eta: 0:04:49  lr: 0.000035  min_lr: 0.000035  loss: 0.0032 (0.0032)  weight_decay: 0.0500 (0.0500)  grad_norm: 0.0000 (0.0000)  time: 1.6595  data: 0.0002  max mem: 30405
Epoch: [63]  [ 90/159]  eta: 0:03:57  lr: 0.000035  min_lr: 0.000035  loss: 0.0032 (0.0032)  weight_decay: 0.0500 (0.0500)  grad_norm: 0.0000 (0.0000)  time: 1.6625  data: 0.0002  max mem: 30405
Epoch: [63]  [100/159]  eta: 0:03:12  lr: 0.000035  min_lr: 0.000035  loss: 0.0032 (0.0032)  weight_decay: 0.0500 (0.0500)  grad_norm: 0.0000 (0.0000)  time: 1.6630  data: 0.0002  max mem: 30405
Epoch: [63]  [110/159]  eta: 0:02:33  lr: 0.000035  min_lr: 0.000035  loss: 0.0033 (0.0032)  weight_decay: 0.0500 (0.0500)  grad_norm: 0.0000 (0.0000)  time: 1.6998  data: 0.0002  max mem: 30405
Epoch: [63]  [120/159]  eta: 0:01:57  lr: 0.000035  min_lr: 0.000035  loss: 0.0032 (0.0032)  weight_decay: 0.0500 (0.0500)  grad_norm: 0.0000 (0.0000)  time: 1.6757  data: 0.0002  max mem: 30405
Epoch: [63]  [130/159]  eta: 0:01:24  lr: 0.000035  min_lr: 0.000035  loss: 0.0032 (0.0032)  weight_decay: 0.0500 (0.0500)  grad_norm: 0.0000 (0.0000)  time: 1.6523  data: 0.0002  max mem: 30405
Epoch: [63]  [140/159]  eta: 0:00:53  lr: 0.000035  min_lr: 0.000035  loss: 0.0031 (0.0032)  weight_decay: 0.0500 (0.0500)  grad_norm: 0.0000 (0.0000)  time: 1.6730  data: 0.0003  max mem: 30405
Epoch: [63]  [150/159]  eta: 0:00:24  lr: 0.000035  min_lr: 0.000035  loss: 0.0032 (0.0032)  weight_decay: 0.0500 (0.0500)  grad_norm: 0.0000 (0.0000)  time: 1.6574  data: 0.0002  max mem: 30405
Epoch: [63]  [158/159]  eta: 0:00:02  lr: 0.000035  min_lr: 0.000035  loss: 0.0033 (0.0032)  weight_decay: 0.0500 (0.0500)  grad_norm: 0.0000 (0.0000)  time: 1.6499  data: 0.0002  max mem: 30405
Epoch: [63] Total time: 0:07:07 (2.6879 s / it)
Averaged stats: lr: 0.000035  min_lr: 0.000035  loss: 0.0033 (0.0032)  weight_decay: 0.0500 (0.0500)  grad_norm: 0.0000 (0.0000)
Epoch: [64]  [  0/159]  eta: 4:45:17  lr: 0.000035  min_lr: 0.000035  loss: 0.0035 (0.0035)  weight_decay: 0.0500 (0.0500)  grad_norm: 0.0000 (0.0000)  time: 107.6603  data: 81.3975  max mem: 30405
Epoch: [64]  [ 10/159]  eta: 0:32:23  lr: 0.000034  min_lr: 0.000034  loss: 0.0032 (0.0032)  weight_decay: 0.0500 (0.0500)  grad_norm: 0.0000 (0.0000)  time: 13.0406  data: 7.4035  max mem: 30405
Epoch: [64]  [ 20/159]  eta: 0:17:40  lr: 0.000034  min_lr: 0.000034  loss: 0.0032 (0.0032)  weight_decay: 0.0500 (0.0500)  grad_norm: 0.0000 (0.0000)  time: 2.6280  data: 0.0022  max mem: 30405
Epoch: [64]  [ 30/159]  eta: 0:12:14  lr: 0.000034  min_lr: 0.000034  loss: 0.0033 (0.0033)  weight_decay: 0.0500 (0.0500)  grad_norm: 0.0000 (0.0000)  time: 1.6576  data: 0.0003  max mem: 30405
Epoch: [64]  [ 40/159]  eta: 0:09:19  lr: 0.000034  min_lr: 0.000034  loss: 0.0033 (0.0033)  weight_decay: 0.0500 (0.0500)  grad_norm: 0.0000 (0.0000)  time: 1.6233  data: 0.0003  max mem: 30405
Epoch: [64]  [ 50/159]  eta: 0:07:27  lr: 0.000034  min_lr: 0.000034  loss: 0.0031 (0.0032)  weight_decay: 0.0500 (0.0500)  grad_norm: 0.0000 (0.0000)  time: 1.6493  data: 0.0003  max mem: 30405
Epoch: [64]  [ 60/159]  eta: 0:06:07  lr: 0.000034  min_lr: 0.000034  loss: 0.0031 (0.0032)  weight_decay: 0.0500 (0.0500)  grad_norm: 0.0000 (0.0000)  time: 1.6897  data: 0.0003  max mem: 30405
Epoch: [64]  [ 70/159]  eta: 0:05:04  lr: 0.000034  min_lr: 0.000034  loss: 0.0031 (0.0032)  weight_decay: 0.0500 (0.0500)  grad_norm: 0.0000 (0.0000)  time: 1.6816  data: 0.0002  max mem: 30405
Epoch: [64]  [ 80/159]  eta: 0:04:13  lr: 0.000034  min_lr: 0.000034  loss: 0.0032 (0.0032)  weight_decay: 0.0500 (0.0500)  grad_norm: 0.0000 (0.0000)  time: 1.6587  data: 0.0002  max mem: 30405
Epoch: [64]  [ 90/159]  eta: 0:03:29  lr: 0.000034  min_lr: 0.000034  loss: 0.0032 (0.0032)  weight_decay: 0.0500 (0.0500)  grad_norm: 0.0000 (0.0000)  time: 1.6715  data: 0.0003  max mem: 30405
Epoch: [64]  [100/159]  eta: 0:02:51  lr: 0.000034  min_lr: 0.000034  loss: 0.0031 (0.0032)  weight_decay: 0.0500 (0.0500)  grad_norm: 0.0000 (0.0000)  time: 1.6650  data: 0.0004  max mem: 30405
Epoch: [64]  [110/159]  eta: 0:02:16  lr: 0.000033  min_lr: 0.000033  loss: 0.0031 (0.0032)  weight_decay: 0.0500 (0.0500)  grad_norm: 0.0000 (0.0000)  time: 1.6571  data: 0.0004  max mem: 30405
Epoch: [64]  [120/159]  eta: 0:01:45  lr: 0.000033  min_lr: 0.000033  loss: 0.0032 (0.0032)  weight_decay: 0.0500 (0.0500)  grad_norm: 0.0000 (0.0000)  time: 1.6915  data: 0.0003  max mem: 30405
Epoch: [64]  [130/159]  eta: 0:01:16  lr: 0.000033  min_lr: 0.000033  loss: 0.0032 (0.0032)  weight_decay: 0.0500 (0.0500)  grad_norm: 0.0000 (0.0000)  time: 1.6931  data: 0.0002  max mem: 30405
Epoch: [64]  [140/159]  eta: 0:00:48  lr: 0.000033  min_lr: 0.000033  loss: 0.0032 (0.0032)  weight_decay: 0.0500 (0.0500)  grad_norm: 0.0000 (0.0000)  time: 1.6697  data: 0.0002  max mem: 30405
Epoch: [64]  [150/159]  eta: 0:00:22  lr: 0.000033  min_lr: 0.000033  loss: 0.0032 (0.0032)  weight_decay: 0.0500 (0.0500)  grad_norm: 0.0000 (0.0000)  time: 1.6483  data: 0.0002  max mem: 30405
Epoch: [64]  [158/159]  eta: 0:00:02  lr: 0.000033  min_lr: 0.000033  loss: 0.0032 (0.0032)  weight_decay: 0.0500 (0.0500)  grad_norm: 0.0000 (0.0000)  time: 1.6675  data: 0.0002  max mem: 30405
Epoch: [64] Total time: 0:06:31 (2.4628 s / it)
Averaged stats: lr: 0.000033  min_lr: 0.000033  loss: 0.0032 (0.0032)  weight_decay: 0.0500 (0.0500)  grad_norm: 0.0000 (0.0000)
Epoch: [65]  [  0/159]  eta: 6:15:50  lr: 0.000033  min_lr: 0.000033  loss: 0.0031 (0.0031)  weight_decay: 0.0500 (0.0500)  grad_norm: 0.0000 (0.0000)  time: 141.8283  data: 84.2379  max mem: 30405
Epoch: [65]  [ 10/159]  eta: 0:36:41  lr: 0.000033  min_lr: 0.000033  loss: 0.0031 (0.0032)  weight_decay: 0.0500 (0.0500)  grad_norm: 0.0000 (0.0000)  time: 14.7728  data: 7.6583  max mem: 30405
Epoch: [65]  [ 20/159]  eta: 0:19:50  lr: 0.000033  min_lr: 0.000033  loss: 0.0032 (0.0032)  weight_decay: 0.0500 (0.0500)  grad_norm: 0.0000 (0.0000)  time: 1.9018  data: 0.0003  max mem: 30405
Epoch: [65]  [ 30/159]  eta: 0:13:39  lr: 0.000033  min_lr: 0.000033  loss: 0.0031 (0.0032)  weight_decay: 0.0500 (0.0500)  grad_norm: 0.0000 (0.0000)  time: 1.7185  data: 0.0002  max mem: 30405
Epoch: [65]  [ 40/159]  eta: 0:10:21  lr: 0.000032  min_lr: 0.000032  loss: 0.0031 (0.0032)  weight_decay: 0.0500 (0.0500)  grad_norm: 0.0000 (0.0000)  time: 1.7147  data: 0.0002  max mem: 30405
Epoch: [65]  [ 50/159]  eta: 0:08:14  lr: 0.000032  min_lr: 0.000032  loss: 0.0033 (0.0032)  weight_decay: 0.0500 (0.0500)  grad_norm: 0.0000 (0.0000)  time: 1.7217  data: 0.0002  max mem: 30405
Epoch: [65]  [ 60/159]  eta: 0:06:43  lr: 0.000032  min_lr: 0.000032  loss: 0.0033 (0.0032)  weight_decay: 0.0500 (0.0500)  grad_norm: 0.0000 (0.0000)  time: 1.7198  data: 0.0002  max mem: 30405
Epoch: [65]  [ 70/159]  eta: 0:05:33  lr: 0.000032  min_lr: 0.000032  loss: 0.0033 (0.0032)  weight_decay: 0.0500 (0.0500)  grad_norm: 0.0000 (0.0000)  time: 1.7309  data: 0.0002  max mem: 30405
Epoch: [65]  [ 80/159]  eta: 0:04:36  lr: 0.000032  min_lr: 0.000032  loss: 0.0032 (0.0032)  weight_decay: 0.0500 (0.0500)  grad_norm: 0.0000 (0.0000)  time: 1.7406  data: 0.0002  max mem: 30405
Epoch: [65]  [ 90/159]  eta: 0:03:48  lr: 0.000032  min_lr: 0.000032  loss: 0.0032 (0.0032)  weight_decay: 0.0500 (0.0500)  grad_norm: 0.0000 (0.0000)  time: 1.7469  data: 0.0002  max mem: 30405
Epoch: [65]  [100/159]  eta: 0:03:05  lr: 0.000032  min_lr: 0.000032  loss: 0.0033 (0.0033)  weight_decay: 0.0500 (0.0500)  grad_norm: 0.0000 (0.0000)  time: 1.7338  data: 0.0002  max mem: 30405
Epoch: [65]  [110/159]  eta: 0:02:27  lr: 0.000032  min_lr: 0.000032  loss: 0.0033 (0.0033)  weight_decay: 0.0500 (0.0500)  grad_norm: 0.0000 (0.0000)  time: 1.6929  data: 0.0002  max mem: 30405
Epoch: [65]  [120/159]  eta: 0:01:53  lr: 0.000032  min_lr: 0.000032  loss: 0.0033 (0.0033)  weight_decay: 0.0500 (0.0500)  grad_norm: 0.0000 (0.0000)  time: 1.6852  data: 0.0002  max mem: 30405
Epoch: [65]  [130/159]  eta: 0:01:21  lr: 0.000032  min_lr: 0.000032  loss: 0.0032 (0.0032)  weight_decay: 0.0500 (0.0500)  grad_norm: 0.0000 (0.0000)  time: 1.7085  data: 0.0002  max mem: 30405
Epoch: [65]  [140/159]  eta: 0:00:52  lr: 0.000031  min_lr: 0.000031  loss: 0.0032 (0.0032)  weight_decay: 0.0500 (0.0500)  grad_norm: 0.0000 (0.0000)  time: 1.7075  data: 0.0003  max mem: 30405
Epoch: [65]  [150/159]  eta: 0:00:24  lr: 0.000031  min_lr: 0.000031  loss: 0.0033 (0.0032)  weight_decay: 0.0500 (0.0500)  grad_norm: 0.0000 (0.0000)  time: 1.7040  data: 0.0003  max mem: 30405
Epoch: [65]  [158/159]  eta: 0:00:02  lr: 0.000031  min_lr: 0.000031  loss: 0.0033 (0.0033)  weight_decay: 0.0500 (0.0500)  grad_norm: 0.0000 (0.0000)  time: 1.7310  data: 0.0002  max mem: 30405
Epoch: [65] Total time: 0:06:58 (2.6293 s / it)
Averaged stats: lr: 0.000031  min_lr: 0.000031  loss: 0.0033 (0.0032)  weight_decay: 0.0500 (0.0500)  grad_norm: 0.0000 (0.0000)
Epoch: [66]  [  0/159]  eta: 6:09:57  lr: 0.000031  min_lr: 0.000031  loss: 0.0033 (0.0033)  weight_decay: 0.0500 (0.0500)  grad_norm: 0.0000 (0.0000)  time: 139.6081  data: 94.3090  max mem: 30405
Epoch: [66]  [ 10/159]  eta: 0:35:56  lr: 0.000031  min_lr: 0.000031  loss: 0.0032 (0.0032)  weight_decay: 0.0500 (0.0500)  grad_norm: 0.0000 (0.0000)  time: 14.4728  data: 8.5738  max mem: 30405
Epoch: [66]  [ 20/159]  eta: 0:19:29  lr: 0.000031  min_lr: 0.000031  loss: 0.0032 (0.0032)  weight_decay: 0.0500 (0.0500)  grad_norm: 0.0000 (0.0000)  time: 1.8525  data: 0.0002  max mem: 30405
Epoch: [66]  [ 30/159]  eta: 0:13:27  lr: 0.000031  min_lr: 0.000031  loss: 0.0033 (0.0032)  weight_decay: 0.0500 (0.0500)  grad_norm: 0.0000 (0.0000)  time: 1.7447  data: 0.0002  max mem: 30405
Epoch: [66]  [ 40/159]  eta: 0:10:11  lr: 0.000031  min_lr: 0.000031  loss: 0.0032 (0.0032)  weight_decay: 0.0500 (0.0500)  grad_norm: 0.0000 (0.0000)  time: 1.6967  data: 0.0002  max mem: 30405
Epoch: [66]  [ 50/159]  eta: 0:08:06  lr: 0.000031  min_lr: 0.000031  loss: 0.0032 (0.0032)  weight_decay: 0.0500 (0.0500)  grad_norm: 0.0000 (0.0000)  time: 1.6747  data: 0.0003  max mem: 30405
Epoch: [66]  [ 60/159]  eta: 0:06:36  lr: 0.000031  min_lr: 0.000031  loss: 0.0033 (0.0032)  weight_decay: 0.0500 (0.0500)  grad_norm: 0.0000 (0.0000)  time: 1.6940  data: 0.0002  max mem: 30405
Epoch: [66]  [ 70/159]  eta: 0:05:27  lr: 0.000031  min_lr: 0.000031  loss: 0.0033 (0.0032)  weight_decay: 0.0500 (0.0500)  grad_norm: 0.0000 (0.0000)  time: 1.6841  data: 0.0002  max mem: 30405
Epoch: [66]  [ 80/159]  eta: 0:04:31  lr: 0.000030  min_lr: 0.000030  loss: 0.0032 (0.0032)  weight_decay: 0.0500 (0.0500)  grad_norm: 0.0000 (0.0000)  time: 1.6770  data: 0.0002  max mem: 30405
Epoch: [66]  [ 90/159]  eta: 0:03:43  lr: 0.000030  min_lr: 0.000030  loss: 0.0033 (0.0032)  weight_decay: 0.0500 (0.0500)  grad_norm: 0.0000 (0.0000)  time: 1.6856  data: 0.0002  max mem: 30405
Epoch: [66]  [100/159]  eta: 0:03:02  lr: 0.000030  min_lr: 0.000030  loss: 0.0033 (0.0032)  weight_decay: 0.0500 (0.0500)  grad_norm: 0.0000 (0.0000)  time: 1.6867  data: 0.0002  max mem: 30405
Epoch: [66]  [110/159]  eta: 0:02:25  lr: 0.000030  min_lr: 0.000030  loss: 0.0033 (0.0032)  weight_decay: 0.0500 (0.0500)  grad_norm: 0.0000 (0.0000)  time: 1.6928  data: 0.0002  max mem: 30405
Epoch: [66]  [120/159]  eta: 0:01:51  lr: 0.000030  min_lr: 0.000030  loss: 0.0033 (0.0032)  weight_decay: 0.0500 (0.0500)  grad_norm: 0.0000 (0.0000)  time: 1.7058  data: 0.0002  max mem: 30405
Epoch: [66]  [130/159]  eta: 0:01:20  lr: 0.000030  min_lr: 0.000030  loss: 0.0033 (0.0032)  weight_decay: 0.0500 (0.0500)  grad_norm: 0.0000 (0.0000)  time: 1.7062  data: 0.0002  max mem: 30405
Epoch: [66]  [140/159]  eta: 0:00:51  lr: 0.000030  min_lr: 0.000030  loss: 0.0032 (0.0032)  weight_decay: 0.0500 (0.0500)  grad_norm: 0.0000 (0.0000)  time: 1.6856  data: 0.0002  max mem: 30405
Epoch: [66]  [150/159]  eta: 0:00:23  lr: 0.000030  min_lr: 0.000030  loss: 0.0032 (0.0032)  weight_decay: 0.0500 (0.0500)  grad_norm: 0.0000 (0.0000)  time: 1.6597  data: 0.0002  max mem: 30405
Epoch: [66]  [158/159]  eta: 0:00:02  lr: 0.000030  min_lr: 0.000030  loss: 0.0032 (0.0032)  weight_decay: 0.0500 (0.0500)  grad_norm: 0.0000 (0.0000)  time: 1.6740  data: 0.0002  max mem: 30405
Epoch: [66] Total time: 0:06:50 (2.5840 s / it)
Averaged stats: lr: 0.000030  min_lr: 0.000030  loss: 0.0032 (0.0032)  weight_decay: 0.0500 (0.0500)  grad_norm: 0.0000 (0.0000)
Epoch: [67]  [  0/159]  eta: 5:45:42  lr: 0.000030  min_lr: 0.000030  loss: 0.0039 (0.0039)  weight_decay: 0.0500 (0.0500)  grad_norm: 0.0000 (0.0000)  time: 130.4538  data: 129.5202  max mem: 30405
Epoch: [67]  [ 10/159]  eta: 0:36:49  lr: 0.000030  min_lr: 0.000030  loss: 0.0032 (0.0033)  weight_decay: 0.0500 (0.0500)  grad_norm: 0.0000 (0.0000)  time: 14.8319  data: 12.7453  max mem: 30405
Epoch: [67]  [ 20/159]  eta: 0:19:50  lr: 0.000029  min_lr: 0.000029  loss: 0.0032 (0.0033)  weight_decay: 0.0500 (0.0500)  grad_norm: 0.0000 (0.0000)  time: 2.4721  data: 0.5340  max mem: 30405
Epoch: [67]  [ 30/159]  eta: 0:13:38  lr: 0.000029  min_lr: 0.000029  loss: 0.0032 (0.0033)  weight_decay: 0.0500 (0.0500)  grad_norm: 0.0000 (0.0000)  time: 1.6751  data: 0.0002  max mem: 30405
Epoch: [67]  [ 40/159]  eta: 0:10:17  lr: 0.000029  min_lr: 0.000029  loss: 0.0032 (0.0033)  weight_decay: 0.0500 (0.0500)  grad_norm: 0.0000 (0.0000)  time: 1.6470  data: 0.0003  max mem: 30405
Epoch: [67]  [ 50/159]  eta: 0:08:09  lr: 0.000029  min_lr: 0.000029  loss: 0.0032 (0.0033)  weight_decay: 0.0500 (0.0500)  grad_norm: 0.0000 (0.0000)  time: 1.6118  data: 0.0004  max mem: 30405
Epoch: [67]  [ 60/159]  eta: 0:06:37  lr: 0.000029  min_lr: 0.000029  loss: 0.0032 (0.0033)  weight_decay: 0.0500 (0.0500)  grad_norm: 0.0000 (0.0000)  time: 1.6182  data: 0.0002  max mem: 30405
Epoch: [67]  [ 70/159]  eta: 0:05:27  lr: 0.000029  min_lr: 0.000029  loss: 0.0033 (0.0032)  weight_decay: 0.0500 (0.0500)  grad_norm: 0.0000 (0.0000)  time: 1.6228  data: 0.0002  max mem: 30405
Epoch: [67]  [ 80/159]  eta: 0:04:30  lr: 0.000029  min_lr: 0.000029  loss: 0.0032 (0.0032)  weight_decay: 0.0500 (0.0500)  grad_norm: 0.0000 (0.0000)  time: 1.6174  data: 0.0003  max mem: 30405
Epoch: [67]  [ 90/159]  eta: 0:03:42  lr: 0.000029  min_lr: 0.000029  loss: 0.0032 (0.0032)  weight_decay: 0.0500 (0.0500)  grad_norm: 0.0000 (0.0000)  time: 1.6144  data: 0.0002  max mem: 30405
Epoch: [67]  [100/159]  eta: 0:03:01  lr: 0.000029  min_lr: 0.000029  loss: 0.0033 (0.0032)  weight_decay: 0.0500 (0.0500)  grad_norm: 0.0000 (0.0000)  time: 1.6556  data: 0.0002  max mem: 30405
Epoch: [67]  [110/159]  eta: 0:02:24  lr: 0.000029  min_lr: 0.000029  loss: 0.0033 (0.0032)  weight_decay: 0.0500 (0.0500)  grad_norm: 0.0000 (0.0000)  time: 1.6427  data: 0.0002  max mem: 30405
Epoch: [67]  [120/159]  eta: 0:01:50  lr: 0.000028  min_lr: 0.000028  loss: 0.0033 (0.0032)  weight_decay: 0.0500 (0.0500)  grad_norm: 0.0000 (0.0000)  time: 1.5961  data: 0.0002  max mem: 30405
Epoch: [67]  [130/159]  eta: 0:01:19  lr: 0.000028  min_lr: 0.000028  loss: 0.0033 (0.0032)  weight_decay: 0.0500 (0.0500)  grad_norm: 0.0000 (0.0000)  time: 1.5984  data: 0.0002  max mem: 30405
Epoch: [67]  [140/159]  eta: 0:00:50  lr: 0.000028  min_lr: 0.000028  loss: 0.0031 (0.0032)  weight_decay: 0.0500 (0.0500)  grad_norm: 0.0000 (0.0000)  time: 1.6137  data: 0.0002  max mem: 30405
Epoch: [67]  [150/159]  eta: 0:00:23  lr: 0.000028  min_lr: 0.000028  loss: 0.0032 (0.0032)  weight_decay: 0.0500 (0.0500)  grad_norm: 0.0000 (0.0000)  time: 1.6251  data: 0.0002  max mem: 30405
Epoch: [67]  [158/159]  eta: 0:00:02  lr: 0.000028  min_lr: 0.000028  loss: 0.0033 (0.0032)  weight_decay: 0.0500 (0.0500)  grad_norm: 0.0000 (0.0000)  time: 1.6466  data: 0.0002  max mem: 30405
Epoch: [67] Total time: 0:06:45 (2.5509 s / it)
Averaged stats: lr: 0.000028  min_lr: 0.000028  loss: 0.0033 (0.0032)  weight_decay: 0.0500 (0.0500)  grad_norm: 0.0000 (0.0000)
Epoch: [68]  [  0/159]  eta: 6:03:52  lr: 0.000028  min_lr: 0.000028  loss: 0.0031 (0.0031)  weight_decay: 0.0500 (0.0500)  grad_norm: 0.0000 (0.0000)  time: 137.3113  data: 117.9356  max mem: 30405
Epoch: [68]  [ 10/159]  eta: 0:35:50  lr: 0.000028  min_lr: 0.000028  loss: 0.0032 (0.0032)  weight_decay: 0.0500 (0.0500)  grad_norm: 0.0000 (0.0000)  time: 14.4338  data: 10.7216  max mem: 30405
Epoch: [68]  [ 20/159]  eta: 0:19:28  lr: 0.000028  min_lr: 0.000028  loss: 0.0031 (0.0032)  weight_decay: 0.0500 (0.0500)  grad_norm: 0.0000 (0.0000)  time: 1.9648  data: 0.0003  max mem: 30405
Epoch: [68]  [ 30/159]  eta: 0:13:23  lr: 0.000028  min_lr: 0.000028  loss: 0.0031 (0.0032)  weight_decay: 0.0500 (0.0500)  grad_norm: 0.0000 (0.0000)  time: 1.7122  data: 0.0003  max mem: 30405
Epoch: [68]  [ 40/159]  eta: 0:10:08  lr: 0.000028  min_lr: 0.000028  loss: 0.0032 (0.0032)  weight_decay: 0.0500 (0.0500)  grad_norm: 0.0000 (0.0000)  time: 1.6460  data: 0.0002  max mem: 30405
Epoch: [68]  [ 50/159]  eta: 0:08:02  lr: 0.000028  min_lr: 0.000028  loss: 0.0032 (0.0032)  weight_decay: 0.0500 (0.0500)  grad_norm: 0.0000 (0.0000)  time: 1.6462  data: 0.0002  max mem: 30405
Epoch: [68]  [ 60/159]  eta: 0:06:33  lr: 0.000027  min_lr: 0.000027  loss: 0.0033 (0.0032)  weight_decay: 0.0500 (0.0500)  grad_norm: 0.0000 (0.0000)  time: 1.6595  data: 0.0002  max mem: 30405
Epoch: [68]  [ 70/159]  eta: 0:05:25  lr: 0.000027  min_lr: 0.000027  loss: 0.0033 (0.0032)  weight_decay: 0.0500 (0.0500)  grad_norm: 0.0000 (0.0000)  time: 1.6846  data: 0.0002  max mem: 30405
Epoch: [68]  [ 80/159]  eta: 0:04:29  lr: 0.000027  min_lr: 0.000027  loss: 0.0033 (0.0032)  weight_decay: 0.0500 (0.0500)  grad_norm: 0.0000 (0.0000)  time: 1.6843  data: 0.0002  max mem: 30405
Epoch: [68]  [ 90/159]  eta: 0:03:41  lr: 0.000027  min_lr: 0.000027  loss: 0.0031 (0.0032)  weight_decay: 0.0500 (0.0500)  grad_norm: 0.0000 (0.0000)  time: 1.6532  data: 0.0002  max mem: 30405
Epoch: [68]  [100/159]  eta: 0:03:00  lr: 0.000027  min_lr: 0.000027  loss: 0.0031 (0.0032)  weight_decay: 0.0500 (0.0500)  grad_norm: 0.0000 (0.0000)  time: 1.6605  data: 0.0002  max mem: 30405
Epoch: [68]  [110/159]  eta: 0:02:24  lr: 0.000027  min_lr: 0.000027  loss: 0.0032 (0.0032)  weight_decay: 0.0500 (0.0500)  grad_norm: 0.0000 (0.0000)  time: 1.6756  data: 0.0002  max mem: 30405
Epoch: [68]  [120/159]  eta: 0:01:50  lr: 0.000027  min_lr: 0.000027  loss: 0.0033 (0.0032)  weight_decay: 0.0500 (0.0500)  grad_norm: 0.0000 (0.0000)  time: 1.6674  data: 0.0002  max mem: 30405
Epoch: [68]  [130/159]  eta: 0:01:19  lr: 0.000027  min_lr: 0.000027  loss: 0.0032 (0.0032)  weight_decay: 0.0500 (0.0500)  grad_norm: 0.0000 (0.0000)  time: 1.6669  data: 0.0002  max mem: 30405
Epoch: [68]  [140/159]  eta: 0:00:50  lr: 0.000027  min_lr: 0.000027  loss: 0.0032 (0.0032)  weight_decay: 0.0500 (0.0500)  grad_norm: 0.0000 (0.0000)  time: 1.6614  data: 0.0003  max mem: 30405
Epoch: [68]  [150/159]  eta: 0:00:23  lr: 0.000027  min_lr: 0.000027  loss: 0.0032 (0.0032)  weight_decay: 0.0500 (0.0500)  grad_norm: 0.0000 (0.0000)  time: 1.6755  data: 0.0003  max mem: 30405
Epoch: [68]  [158/159]  eta: 0:00:02  lr: 0.000027  min_lr: 0.000027  loss: 0.0032 (0.0032)  weight_decay: 0.0500 (0.0500)  grad_norm: 0.0000 (0.0000)  time: 1.6709  data: 0.0002  max mem: 30405
Epoch: [68] Total time: 0:06:47 (2.5606 s / it)
Averaged stats: lr: 0.000027  min_lr: 0.000027  loss: 0.0032 (0.0032)  weight_decay: 0.0500 (0.0500)  grad_norm: 0.0000 (0.0000)
Epoch: [69]  [  0/159]  eta: 5:29:29  lr: 0.000027  min_lr: 0.000027  loss: 0.0034 (0.0034)  weight_decay: 0.0500 (0.0500)  grad_norm: 0.0000 (0.0000)  time: 124.3354  data: 91.8154  max mem: 30405
Epoch: [69]  [ 10/159]  eta: 0:33:40  lr: 0.000026  min_lr: 0.000026  loss: 0.0033 (0.0033)  weight_decay: 0.0500 (0.0500)  grad_norm: 0.0000 (0.0000)  time: 13.5624  data: 8.3471  max mem: 30405
Epoch: [69]  [ 20/159]  eta: 0:18:30  lr: 0.000026  min_lr: 0.000026  loss: 0.0032 (0.0033)  weight_decay: 0.0500 (0.0500)  grad_norm: 0.0000 (0.0000)  time: 2.1706  data: 0.0003  max mem: 30405
Epoch: [69]  [ 30/159]  eta: 0:12:49  lr: 0.000026  min_lr: 0.000026  loss: 0.0032 (0.0033)  weight_decay: 0.0500 (0.0500)  grad_norm: 0.0000 (0.0000)  time: 1.7811  data: 0.0003  max mem: 30405
Epoch: [69]  [ 40/159]  eta: 0:09:45  lr: 0.000026  min_lr: 0.000026  loss: 0.0033 (0.0033)  weight_decay: 0.0500 (0.0500)  grad_norm: 0.0000 (0.0000)  time: 1.6966  data: 0.0002  max mem: 30405
Epoch: [69]  [ 50/159]  eta: 0:07:47  lr: 0.000026  min_lr: 0.000026  loss: 0.0033 (0.0033)  weight_decay: 0.0500 (0.0500)  grad_norm: 0.0000 (0.0000)  time: 1.6891  data: 0.0002  max mem: 30405
Epoch: [69]  [ 60/159]  eta: 0:06:21  lr: 0.000026  min_lr: 0.000026  loss: 0.0033 (0.0033)  weight_decay: 0.0500 (0.0500)  grad_norm: 0.0000 (0.0000)  time: 1.6827  data: 0.0002  max mem: 30405
Epoch: [69]  [ 70/159]  eta: 0:05:16  lr: 0.000026  min_lr: 0.000026  loss: 0.0033 (0.0033)  weight_decay: 0.0500 (0.0500)  grad_norm: 0.0000 (0.0000)  time: 1.6895  data: 0.0002  max mem: 30405
Epoch: [69]  [ 80/159]  eta: 0:04:22  lr: 0.000026  min_lr: 0.000026  loss: 0.0032 (0.0033)  weight_decay: 0.0500 (0.0500)  grad_norm: 0.0000 (0.0000)  time: 1.7069  data: 0.0002  max mem: 30405
Epoch: [69]  [ 90/159]  eta: 0:03:37  lr: 0.000026  min_lr: 0.000026  loss: 0.0032 (0.0033)  weight_decay: 0.0500 (0.0500)  grad_norm: 0.0000 (0.0000)  time: 1.7024  data: 0.0002  max mem: 30405
Epoch: [69]  [100/159]  eta: 0:02:57  lr: 0.000026  min_lr: 0.000026  loss: 0.0032 (0.0033)  weight_decay: 0.0500 (0.0500)  grad_norm: 0.0000 (0.0000)  time: 1.6986  data: 0.0002  max mem: 30405
Epoch: [69]  [110/159]  eta: 0:02:21  lr: 0.000025  min_lr: 0.000025  loss: 0.0032 (0.0033)  weight_decay: 0.0500 (0.0500)  grad_norm: 0.0000 (0.0000)  time: 1.6881  data: 0.0002  max mem: 30405
Epoch: [69]  [120/159]  eta: 0:01:48  lr: 0.000025  min_lr: 0.000025  loss: 0.0032 (0.0033)  weight_decay: 0.0500 (0.0500)  grad_norm: 0.0000 (0.0000)  time: 1.7061  data: 0.0002  max mem: 30405
Epoch: [69]  [130/159]  eta: 0:01:18  lr: 0.000025  min_lr: 0.000025  loss: 0.0033 (0.0033)  weight_decay: 0.0500 (0.0500)  grad_norm: 0.0000 (0.0000)  time: 1.7088  data: 0.0003  max mem: 30405
Epoch: [69]  [140/159]  eta: 0:00:50  lr: 0.000025  min_lr: 0.000025  loss: 0.0033 (0.0033)  weight_decay: 0.0500 (0.0500)  grad_norm: 0.0000 (0.0000)  time: 1.7004  data: 0.0002  max mem: 30405
Epoch: [69]  [150/159]  eta: 0:00:23  lr: 0.000025  min_lr: 0.000025  loss: 0.0032 (0.0033)  weight_decay: 0.0500 (0.0500)  grad_norm: 0.0000 (0.0000)  time: 1.7209  data: 0.0002  max mem: 30405
Epoch: [69]  [158/159]  eta: 0:00:02  lr: 0.000025  min_lr: 0.000025  loss: 0.0032 (0.0033)  weight_decay: 0.0500 (0.0500)  grad_norm: 0.0000 (0.0000)  time: 1.6879  data: 0.0002  max mem: 30405
Epoch: [69] Total time: 0:06:43 (2.5355 s / it)
Averaged stats: lr: 0.000025  min_lr: 0.000025  loss: 0.0032 (0.0032)  weight_decay: 0.0500 (0.0500)  grad_norm: 0.0000 (0.0000)
Epoch: [70]  [  0/159]  eta: 5:37:11  lr: 0.000025  min_lr: 0.000025  loss: 0.0030 (0.0030)  weight_decay: 0.0500 (0.0500)  grad_norm: 0.0000 (0.0000)  time: 127.2446  data: 108.8205  max mem: 30405
Epoch: [70]  [ 10/159]  eta: 0:36:02  lr: 0.000025  min_lr: 0.000025  loss: 0.0032 (0.0032)  weight_decay: 0.0500 (0.0500)  grad_norm: 0.0000 (0.0000)  time: 14.5120  data: 9.8949  max mem: 30405
Epoch: [70]  [ 20/159]  eta: 0:19:27  lr: 0.000025  min_lr: 0.000025  loss: 0.0032 (0.0032)  weight_decay: 0.0500 (0.0500)  grad_norm: 0.0000 (0.0000)  time: 2.4599  data: 0.0012  max mem: 30405
Epoch: [70]  [ 30/159]  eta: 0:13:23  lr: 0.000025  min_lr: 0.000025  loss: 0.0032 (0.0032)  weight_decay: 0.0500 (0.0500)  grad_norm: 0.0000 (0.0000)  time: 1.6788  data: 0.0002  max mem: 30405
Epoch: [70]  [ 40/159]  eta: 0:10:11  lr: 0.000025  min_lr: 0.000025  loss: 0.0033 (0.0032)  weight_decay: 0.0500 (0.0500)  grad_norm: 0.0000 (0.0000)  time: 1.7037  data: 0.0002  max mem: 30405
Epoch: [70]  [ 50/159]  eta: 0:08:05  lr: 0.000025  min_lr: 0.000025  loss: 0.0032 (0.0032)  weight_decay: 0.0500 (0.0500)  grad_norm: 0.0000 (0.0000)  time: 1.7026  data: 0.0002  max mem: 30405
Epoch: [70]  [ 60/159]  eta: 0:06:35  lr: 0.000024  min_lr: 0.000024  loss: 0.0031 (0.0032)  weight_decay: 0.0500 (0.0500)  grad_norm: 0.0000 (0.0000)  time: 1.6592  data: 0.0002  max mem: 30405
Epoch: [70]  [ 70/159]  eta: 0:05:26  lr: 0.000024  min_lr: 0.000024  loss: 0.0030 (0.0032)  weight_decay: 0.0500 (0.0500)  grad_norm: 0.0000 (0.0000)  time: 1.6674  data: 0.0002  max mem: 30405
Epoch: [70]  [ 80/159]  eta: 0:04:30  lr: 0.000024  min_lr: 0.000024  loss: 0.0031 (0.0032)  weight_decay: 0.0500 (0.0500)  grad_norm: 0.0000 (0.0000)  time: 1.6889  data: 0.0002  max mem: 30405
Epoch: [70]  [ 90/159]  eta: 0:03:43  lr: 0.000024  min_lr: 0.000024  loss: 0.0031 (0.0032)  weight_decay: 0.0500 (0.0500)  grad_norm: 0.0000 (0.0000)  time: 1.6955  data: 0.0002  max mem: 30405
Epoch: [70]  [100/159]  eta: 0:03:01  lr: 0.000024  min_lr: 0.000024  loss: 0.0033 (0.0032)  weight_decay: 0.0500 (0.0500)  grad_norm: 0.0000 (0.0000)  time: 1.6644  data: 0.0002  max mem: 30405
Epoch: [70]  [110/159]  eta: 0:02:24  lr: 0.000024  min_lr: 0.000024  loss: 0.0033 (0.0032)  weight_decay: 0.0500 (0.0500)  grad_norm: 0.0000 (0.0000)  time: 1.6599  data: 0.0002  max mem: 30405
Epoch: [70]  [120/159]  eta: 0:01:51  lr: 0.000024  min_lr: 0.000024  loss: 0.0032 (0.0032)  weight_decay: 0.0500 (0.0500)  grad_norm: 0.0000 (0.0000)  time: 1.6869  data: 0.0002  max mem: 30405
Epoch: [70]  [130/159]  eta: 0:01:19  lr: 0.000024  min_lr: 0.000024  loss: 0.0032 (0.0032)  weight_decay: 0.0500 (0.0500)  grad_norm: 0.0000 (0.0000)  time: 1.6764  data: 0.0002  max mem: 30405
Epoch: [70]  [140/159]  eta: 0:00:50  lr: 0.000024  min_lr: 0.000024  loss: 0.0032 (0.0032)  weight_decay: 0.0500 (0.0500)  grad_norm: 0.0000 (0.0000)  time: 1.6823  data: 0.0002  max mem: 30405
Epoch: [70]  [150/159]  eta: 0:00:23  lr: 0.000024  min_lr: 0.000024  loss: 0.0032 (0.0032)  weight_decay: 0.0500 (0.0500)  grad_norm: 0.0000 (0.0000)  time: 1.6787  data: 0.0003  max mem: 30405
Epoch: [70]  [158/159]  eta: 0:00:02  lr: 0.000024  min_lr: 0.000024  loss: 0.0032 (0.0032)  weight_decay: 0.0500 (0.0500)  grad_norm: 0.0000 (0.0000)  time: 1.6943  data: 0.0003  max mem: 30405
Epoch: [70] Total time: 0:06:49 (2.5770 s / it)
Averaged stats: lr: 0.000024  min_lr: 0.000024  loss: 0.0032 (0.0032)  weight_decay: 0.0500 (0.0500)  grad_norm: 0.0000 (0.0000)
[Eval]   [0/2]  eta: 0:00:23  loss: 0.0034 (0.0034)  time: 11.8481  data: 10.6483  max mem: 30405
[Eval]   [1/2]  eta: 0:00:06  loss: 0.0033 (0.0034)  time: 6.2194  data: 5.3243  max mem: 30405
[Eval]  Total time: 0:00:12 (6.3903 s / it)
Eval averaged stats: loss: 0.0033 (0.0032)
Logged 9 eval images
Epoch: [71]  [  0/159]  eta: 4:56:39  lr: 0.000024  min_lr: 0.000024  loss: 0.0030 (0.0030)  weight_decay: 0.0500 (0.0500)  grad_norm: 0.0000 (0.0000)  time: 111.9494  data: 92.3594  max mem: 30405
Epoch: [71]  [ 10/159]  eta: 0:32:03  lr: 0.000023  min_lr: 0.000023  loss: 0.0033 (0.0032)  weight_decay: 0.0500 (0.0500)  grad_norm: 0.0000 (0.0000)  time: 12.9086  data: 8.3965  max mem: 30405
Epoch: [71]  [ 20/159]  eta: 0:17:30  lr: 0.000023  min_lr: 0.000023  loss: 0.0032 (0.0032)  weight_decay: 0.0500 (0.0500)  grad_norm: 0.0000 (0.0000)  time: 2.3410  data: 0.0002  max mem: 30405
Epoch: [71]  [ 30/159]  eta: 0:12:10  lr: 0.000023  min_lr: 0.000023  loss: 0.0031 (0.0032)  weight_decay: 0.0500 (0.0500)  grad_norm: 0.0000 (0.0000)  time: 1.6799  data: 0.0002  max mem: 30405
Epoch: [71]  [ 40/159]  eta: 0:09:18  lr: 0.000023  min_lr: 0.000023  loss: 0.0031 (0.0032)  weight_decay: 0.0500 (0.0500)  grad_norm: 0.0000 (0.0000)  time: 1.6778  data: 0.0002  max mem: 30405
Epoch: [71]  [ 50/159]  eta: 0:07:27  lr: 0.000023  min_lr: 0.000023  loss: 0.0032 (0.0032)  weight_decay: 0.0500 (0.0500)  grad_norm: 0.0000 (0.0000)  time: 1.6946  data: 0.0002  max mem: 30405
Epoch: [71]  [ 60/159]  eta: 0:06:07  lr: 0.000023  min_lr: 0.000023  loss: 0.0032 (0.0032)  weight_decay: 0.0500 (0.0500)  grad_norm: 0.0000 (0.0000)  time: 1.7101  data: 0.0002  max mem: 30405
Epoch: [71]  [ 70/159]  eta: 0:05:04  lr: 0.000023  min_lr: 0.000023  loss: 0.0033 (0.0032)  weight_decay: 0.0500 (0.0500)  grad_norm: 0.0000 (0.0000)  time: 1.6911  data: 0.0005  max mem: 30405
Epoch: [71]  [ 80/159]  eta: 0:04:14  lr: 0.000023  min_lr: 0.000023  loss: 0.0034 (0.0032)  weight_decay: 0.0500 (0.0500)  grad_norm: 0.0000 (0.0000)  time: 1.6970  data: 0.0005  max mem: 30405
Epoch: [71]  [ 90/159]  eta: 0:03:30  lr: 0.000023  min_lr: 0.000023  loss: 0.0033 (0.0033)  weight_decay: 0.0500 (0.0500)  grad_norm: 0.0000 (0.0000)  time: 1.6951  data: 0.0020  max mem: 30405
Epoch: [71]  [100/159]  eta: 0:02:51  lr: 0.000023  min_lr: 0.000023  loss: 0.0032 (0.0032)  weight_decay: 0.0500 (0.0500)  grad_norm: 0.0000 (0.0000)  time: 1.6708  data: 0.0020  max mem: 30405
Epoch: [71]  [110/159]  eta: 0:02:17  lr: 0.000022  min_lr: 0.000022  loss: 0.0033 (0.0033)  weight_decay: 0.0500 (0.0500)  grad_norm: 0.0000 (0.0000)  time: 1.6887  data: 0.0002  max mem: 30405
Epoch: [71]  [120/159]  eta: 0:01:45  lr: 0.000022  min_lr: 0.000022  loss: 0.0033 (0.0032)  weight_decay: 0.0500 (0.0500)  grad_norm: 0.0000 (0.0000)  time: 1.6926  data: 0.0002  max mem: 30405
Epoch: [71]  [130/159]  eta: 0:01:16  lr: 0.000022  min_lr: 0.000022  loss: 0.0031 (0.0032)  weight_decay: 0.0500 (0.0500)  grad_norm: 0.0000 (0.0000)  time: 1.6844  data: 0.0002  max mem: 30405
Epoch: [71]  [140/159]  eta: 0:00:48  lr: 0.000022  min_lr: 0.000022  loss: 0.0032 (0.0032)  weight_decay: 0.0500 (0.0500)  grad_norm: 0.0000 (0.0000)  time: 1.6915  data: 0.0002  max mem: 30405
Epoch: [71]  [150/159]  eta: 0:00:22  lr: 0.000022  min_lr: 0.000022  loss: 0.0031 (0.0032)  weight_decay: 0.0500 (0.0500)  grad_norm: 0.0000 (0.0000)  time: 1.6885  data: 0.0002  max mem: 30405
Epoch: [71]  [158/159]  eta: 0:00:02  lr: 0.000022  min_lr: 0.000022  loss: 0.0031 (0.0032)  weight_decay: 0.0500 (0.0500)  grad_norm: 0.0000 (0.0000)  time: 1.6940  data: 0.0002  max mem: 30405
Epoch: [71] Total time: 0:06:33 (2.4733 s / it)
Averaged stats: lr: 0.000022  min_lr: 0.000022  loss: 0.0031 (0.0032)  weight_decay: 0.0500 (0.0500)  grad_norm: 0.0000 (0.0000)
Epoch: [72]  [  0/159]  eta: 5:39:49  lr: 0.000022  min_lr: 0.000022  loss: 0.0030 (0.0030)  weight_decay: 0.0500 (0.0500)  grad_norm: 0.0000 (0.0000)  time: 128.2382  data: 115.0805  max mem: 30405
Epoch: [72]  [ 10/159]  eta: 0:34:47  lr: 0.000022  min_lr: 0.000022  loss: 0.0032 (0.0031)  weight_decay: 0.0500 (0.0500)  grad_norm: 0.0000 (0.0000)  time: 14.0086  data: 10.8764  max mem: 30405
Epoch: [72]  [ 20/159]  eta: 0:18:56  lr: 0.000022  min_lr: 0.000022  loss: 0.0032 (0.0032)  weight_decay: 0.0500 (0.0500)  grad_norm: 0.0000 (0.0000)  time: 2.1748  data: 0.2281  max mem: 30405
Epoch: [72]  [ 30/159]  eta: 0:13:05  lr: 0.000022  min_lr: 0.000022  loss: 0.0032 (0.0032)  weight_decay: 0.0500 (0.0500)  grad_norm: 0.0000 (0.0000)  time: 1.7340  data: 0.0002  max mem: 30405
Epoch: [72]  [ 40/159]  eta: 0:09:55  lr: 0.000022  min_lr: 0.000022  loss: 0.0032 (0.0032)  weight_decay: 0.0500 (0.0500)  grad_norm: 0.0000 (0.0000)  time: 1.6781  data: 0.0002  max mem: 30405
Epoch: [72]  [ 50/159]  eta: 0:07:53  lr: 0.000022  min_lr: 0.000022  loss: 0.0033 (0.0032)  weight_decay: 0.0500 (0.0500)  grad_norm: 0.0000 (0.0000)  time: 1.6451  data: 0.0002  max mem: 30405
Epoch: [72]  [ 60/159]  eta: 0:06:26  lr: 0.000021  min_lr: 0.000021  loss: 0.0033 (0.0032)  weight_decay: 0.0500 (0.0500)  grad_norm: 0.0000 (0.0000)  time: 1.6502  data: 0.0002  max mem: 30405
Epoch: [72]  [ 70/159]  eta: 0:05:19  lr: 0.000021  min_lr: 0.000021  loss: 0.0032 (0.0032)  weight_decay: 0.0500 (0.0500)  grad_norm: 0.0000 (0.0000)  time: 1.6704  data: 0.0002  max mem: 30405
Epoch: [72]  [ 80/159]  eta: 0:04:25  lr: 0.000021  min_lr: 0.000021  loss: 0.0032 (0.0032)  weight_decay: 0.0500 (0.0500)  grad_norm: 0.0000 (0.0000)  time: 1.7031  data: 0.0002  max mem: 30405
Epoch: [72]  [ 90/159]  eta: 0:03:38  lr: 0.000021  min_lr: 0.000021  loss: 0.0033 (0.0032)  weight_decay: 0.0500 (0.0500)  grad_norm: 0.0000 (0.0000)  time: 1.6854  data: 0.0002  max mem: 30405
Epoch: [72]  [100/159]  eta: 0:02:58  lr: 0.000021  min_lr: 0.000021  loss: 0.0033 (0.0032)  weight_decay: 0.0500 (0.0500)  grad_norm: 0.0000 (0.0000)  time: 1.6732  data: 0.0002  max mem: 30405
Epoch: [72]  [110/159]  eta: 0:02:22  lr: 0.000021  min_lr: 0.000021  loss: 0.0033 (0.0032)  weight_decay: 0.0500 (0.0500)  grad_norm: 0.0000 (0.0000)  time: 1.6875  data: 0.0002  max mem: 30405
Epoch: [72]  [120/159]  eta: 0:01:49  lr: 0.000021  min_lr: 0.000021  loss: 0.0031 (0.0032)  weight_decay: 0.0500 (0.0500)  grad_norm: 0.0000 (0.0000)  time: 1.6717  data: 0.0002  max mem: 30405
Epoch: [72]  [130/159]  eta: 0:01:18  lr: 0.000021  min_lr: 0.000021  loss: 0.0033 (0.0032)  weight_decay: 0.0500 (0.0500)  grad_norm: 0.0000 (0.0000)  time: 1.6831  data: 0.0002  max mem: 30405
Epoch: [72]  [140/159]  eta: 0:00:50  lr: 0.000021  min_lr: 0.000021  loss: 0.0033 (0.0032)  weight_decay: 0.0500 (0.0500)  grad_norm: 0.0000 (0.0000)  time: 1.7001  data: 0.0002  max mem: 30405
Epoch: [72]  [150/159]  eta: 0:00:23  lr: 0.000021  min_lr: 0.000021  loss: 0.0032 (0.0032)  weight_decay: 0.0500 (0.0500)  grad_norm: 0.0000 (0.0000)  time: 1.7084  data: 0.0002  max mem: 30405
Epoch: [72]  [158/159]  eta: 0:00:02  lr: 0.000021  min_lr: 0.000021  loss: 0.0032 (0.0032)  weight_decay: 0.0500 (0.0500)  grad_norm: 0.0000 (0.0000)  time: 1.7228  data: 0.0002  max mem: 30405
Epoch: [72] Total time: 0:06:45 (2.5487 s / it)
Averaged stats: lr: 0.000021  min_lr: 0.000021  loss: 0.0032 (0.0032)  weight_decay: 0.0500 (0.0500)  grad_norm: 0.0000 (0.0000)
Epoch: [73]  [  0/159]  eta: 4:56:31  lr: 0.000021  min_lr: 0.000021  loss: 0.0032 (0.0032)  weight_decay: 0.0500 (0.0500)  grad_norm: 0.0000 (0.0000)  time: 111.8978  data: 101.1800  max mem: 30405
Epoch: [73]  [ 10/159]  eta: 0:34:33  lr: 0.000021  min_lr: 0.000021  loss: 0.0032 (0.0032)  weight_decay: 0.0500 (0.0500)  grad_norm: 0.0000 (0.0000)  time: 13.9145  data: 11.0677  max mem: 30405
Epoch: [73]  [ 20/159]  eta: 0:18:43  lr: 0.000020  min_lr: 0.000020  loss: 0.0031 (0.0032)  weight_decay: 0.0500 (0.0500)  grad_norm: 0.0000 (0.0000)  time: 2.8908  data: 1.0283  max mem: 30405
Epoch: [73]  [ 30/159]  eta: 0:12:56  lr: 0.000020  min_lr: 0.000020  loss: 0.0032 (0.0033)  weight_decay: 0.0500 (0.0500)  grad_norm: 0.0000 (0.0000)  time: 1.6753  data: 0.0003  max mem: 30405
Epoch: [73]  [ 40/159]  eta: 0:09:51  lr: 0.000020  min_lr: 0.000020  loss: 0.0032 (0.0033)  weight_decay: 0.0500 (0.0500)  grad_norm: 0.0000 (0.0000)  time: 1.6995  data: 0.0002  max mem: 30405
Epoch: [73]  [ 50/159]  eta: 0:07:51  lr: 0.000020  min_lr: 0.000020  loss: 0.0031 (0.0032)  weight_decay: 0.0500 (0.0500)  grad_norm: 0.0000 (0.0000)  time: 1.7028  data: 0.0002  max mem: 30405
Epoch: [73]  [ 60/159]  eta: 0:06:25  lr: 0.000020  min_lr: 0.000020  loss: 0.0031 (0.0032)  weight_decay: 0.0500 (0.0500)  grad_norm: 0.0000 (0.0000)  time: 1.6760  data: 0.0002  max mem: 30405
Epoch: [73]  [ 70/159]  eta: 0:05:18  lr: 0.000020  min_lr: 0.000020  loss: 0.0031 (0.0032)  weight_decay: 0.0500 (0.0500)  grad_norm: 0.0000 (0.0000)  time: 1.6819  data: 0.0002  max mem: 30405
Epoch: [73]  [ 80/159]  eta: 0:04:24  lr: 0.000020  min_lr: 0.000020  loss: 0.0031 (0.0032)  weight_decay: 0.0500 (0.0500)  grad_norm: 0.0000 (0.0000)  time: 1.6823  data: 0.0002  max mem: 30405
Epoch: [73]  [ 90/159]  eta: 0:03:38  lr: 0.000020  min_lr: 0.000020  loss: 0.0032 (0.0032)  weight_decay: 0.0500 (0.0500)  grad_norm: 0.0000 (0.0000)  time: 1.6736  data: 0.0002  max mem: 30405
Epoch: [73]  [100/159]  eta: 0:02:57  lr: 0.000020  min_lr: 0.000020  loss: 0.0032 (0.0032)  weight_decay: 0.0500 (0.0500)  grad_norm: 0.0000 (0.0000)  time: 1.6705  data: 0.0002  max mem: 30405
Epoch: [73]  [110/159]  eta: 0:02:21  lr: 0.000020  min_lr: 0.000020  loss: 0.0033 (0.0032)  weight_decay: 0.0500 (0.0500)  grad_norm: 0.0000 (0.0000)  time: 1.6690  data: 0.0002  max mem: 30405
Epoch: [73]  [120/159]  eta: 0:01:48  lr: 0.000020  min_lr: 0.000020  loss: 0.0033 (0.0032)  weight_decay: 0.0500 (0.0500)  grad_norm: 0.0000 (0.0000)  time: 1.6847  data: 0.0003  max mem: 30405
Epoch: [73]  [130/159]  eta: 0:01:18  lr: 0.000019  min_lr: 0.000019  loss: 0.0032 (0.0032)  weight_decay: 0.0500 (0.0500)  grad_norm: 0.0000 (0.0000)  time: 1.6742  data: 0.0002  max mem: 30405
Epoch: [73]  [140/159]  eta: 0:00:50  lr: 0.000019  min_lr: 0.000019  loss: 0.0032 (0.0032)  weight_decay: 0.0500 (0.0500)  grad_norm: 0.0000 (0.0000)  time: 1.6686  data: 0.0002  max mem: 30405
Epoch: [73]  [150/159]  eta: 0:00:23  lr: 0.000019  min_lr: 0.000019  loss: 0.0033 (0.0032)  weight_decay: 0.0500 (0.0500)  grad_norm: 0.0000 (0.0000)  time: 1.6684  data: 0.0002  max mem: 30405
Epoch: [73]  [158/159]  eta: 0:00:02  lr: 0.000019  min_lr: 0.000019  loss: 0.0032 (0.0032)  weight_decay: 0.0500 (0.0500)  grad_norm: 0.0000 (0.0000)  time: 1.6740  data: 0.0002  max mem: 30405
Epoch: [73] Total time: 0:06:42 (2.5319 s / it)
Averaged stats: lr: 0.000019  min_lr: 0.000019  loss: 0.0032 (0.0032)  weight_decay: 0.0500 (0.0500)  grad_norm: 0.0000 (0.0000)
Epoch: [74]  [  0/159]  eta: 5:20:41  lr: 0.000019  min_lr: 0.000019  loss: 0.0035 (0.0035)  weight_decay: 0.0500 (0.0500)  grad_norm: 0.0000 (0.0000)  time: 121.0167  data: 78.6946  max mem: 30405
Epoch: [74]  [ 10/159]  eta: 0:33:37  lr: 0.000019  min_lr: 0.000019  loss: 0.0032 (0.0033)  weight_decay: 0.0500 (0.0500)  grad_norm: 0.0000 (0.0000)  time: 13.5398  data: 7.1543  max mem: 30405
Epoch: [74]  [ 20/159]  eta: 0:18:19  lr: 0.000019  min_lr: 0.000019  loss: 0.0032 (0.0032)  weight_decay: 0.0500 (0.0500)  grad_norm: 0.0000 (0.0000)  time: 2.2512  data: 0.0003  max mem: 30405
Epoch: [74]  [ 30/159]  eta: 0:12:40  lr: 0.000019  min_lr: 0.000019  loss: 0.0032 (0.0032)  weight_decay: 0.0500 (0.0500)  grad_norm: 0.0000 (0.0000)  time: 1.6861  data: 0.0002  max mem: 30405
Epoch: [74]  [ 40/159]  eta: 0:09:38  lr: 0.000019  min_lr: 0.000019  loss: 0.0032 (0.0032)  weight_decay: 0.0500 (0.0500)  grad_norm: 0.0000 (0.0000)  time: 1.6703  data: 0.0002  max mem: 30405
Epoch: [74]  [ 50/159]  eta: 0:07:42  lr: 0.000019  min_lr: 0.000019  loss: 0.0032 (0.0032)  weight_decay: 0.0500 (0.0500)  grad_norm: 0.0000 (0.0000)  time: 1.6824  data: 0.0002  max mem: 30405
Epoch: [74]  [ 60/159]  eta: 0:06:18  lr: 0.000019  min_lr: 0.000019  loss: 0.0033 (0.0032)  weight_decay: 0.0500 (0.0500)  grad_norm: 0.0000 (0.0000)  time: 1.6957  data: 0.0002  max mem: 30405
Epoch: [74]  [ 70/159]  eta: 0:05:13  lr: 0.000019  min_lr: 0.000019  loss: 0.0033 (0.0032)  weight_decay: 0.0500 (0.0500)  grad_norm: 0.0000 (0.0000)  time: 1.6892  data: 0.0002  max mem: 30405
Epoch: [74]  [ 80/159]  eta: 0:04:20  lr: 0.000019  min_lr: 0.000019  loss: 0.0033 (0.0032)  weight_decay: 0.0500 (0.0500)  grad_norm: 0.0000 (0.0000)  time: 1.6767  data: 0.0003  max mem: 30405
Epoch: [74]  [ 90/159]  eta: 0:03:35  lr: 0.000018  min_lr: 0.000018  loss: 0.0032 (0.0032)  weight_decay: 0.0500 (0.0500)  grad_norm: 0.0000 (0.0000)  time: 1.6838  data: 0.0003  max mem: 30405
Epoch: [74]  [100/159]  eta: 0:02:55  lr: 0.000018  min_lr: 0.000018  loss: 0.0032 (0.0032)  weight_decay: 0.0500 (0.0500)  grad_norm: 0.0000 (0.0000)  time: 1.6828  data: 0.0003  max mem: 30405
Epoch: [74]  [110/159]  eta: 0:02:20  lr: 0.000018  min_lr: 0.000018  loss: 0.0032 (0.0032)  weight_decay: 0.0500 (0.0500)  grad_norm: 0.0000 (0.0000)  time: 1.6925  data: 0.0003  max mem: 30405
Epoch: [74]  [120/159]  eta: 0:01:47  lr: 0.000018  min_lr: 0.000018  loss: 0.0033 (0.0032)  weight_decay: 0.0500 (0.0500)  grad_norm: 0.0000 (0.0000)  time: 1.7262  data: 0.0005  max mem: 30405
Epoch: [74]  [130/159]  eta: 0:01:17  lr: 0.000018  min_lr: 0.000018  loss: 0.0034 (0.0033)  weight_decay: 0.0500 (0.0500)  grad_norm: 0.0000 (0.0000)  time: 1.7272  data: 0.0005  max mem: 30405
Epoch: [74]  [140/159]  eta: 0:00:49  lr: 0.000018  min_lr: 0.000018  loss: 0.0033 (0.0033)  weight_decay: 0.0500 (0.0500)  grad_norm: 0.0000 (0.0000)  time: 1.7065  data: 0.0002  max mem: 30405
Epoch: [74]  [150/159]  eta: 0:00:23  lr: 0.000018  min_lr: 0.000018  loss: 0.0033 (0.0033)  weight_decay: 0.0500 (0.0500)  grad_norm: 0.0000 (0.0000)  time: 1.7340  data: 0.0002  max mem: 30405
Epoch: [74]  [158/159]  eta: 0:00:02  lr: 0.000018  min_lr: 0.000018  loss: 0.0033 (0.0033)  weight_decay: 0.0500 (0.0500)  grad_norm: 0.0000 (0.0000)  time: 1.7552  data: 0.0002  max mem: 30405
Epoch: [74] Total time: 0:06:41 (2.5282 s / it)
Averaged stats: lr: 0.000018  min_lr: 0.000018  loss: 0.0033 (0.0032)  weight_decay: 0.0500 (0.0500)  grad_norm: 0.0000 (0.0000)
Epoch: [75]  [  0/159]  eta: 6:27:55  lr: 0.000018  min_lr: 0.000018  loss: 0.0035 (0.0035)  weight_decay: 0.0500 (0.0500)  grad_norm: 0.0000 (0.0000)  time: 146.3837  data: 109.7274  max mem: 30405
Epoch: [75]  [ 10/159]  eta: 0:37:30  lr: 0.000018  min_lr: 0.000018  loss: 0.0033 (0.0033)  weight_decay: 0.0500 (0.0500)  grad_norm: 0.0000 (0.0000)  time: 15.1055  data: 9.9755  max mem: 30405
Epoch: [75]  [ 20/159]  eta: 0:20:13  lr: 0.000018  min_lr: 0.000018  loss: 0.0033 (0.0033)  weight_decay: 0.0500 (0.0500)  grad_norm: 0.0000 (0.0000)  time: 1.8452  data: 0.0003  max mem: 30405
Epoch: [75]  [ 30/159]  eta: 0:13:54  lr: 0.000018  min_lr: 0.000018  loss: 0.0033 (0.0033)  weight_decay: 0.0500 (0.0500)  grad_norm: 0.0000 (0.0000)  time: 1.7187  data: 0.0002  max mem: 30405
Epoch: [75]  [ 40/159]  eta: 0:10:33  lr: 0.000018  min_lr: 0.000018  loss: 0.0032 (0.0033)  weight_decay: 0.0500 (0.0500)  grad_norm: 0.0000 (0.0000)  time: 1.7502  data: 0.0002  max mem: 30405
Epoch: [75]  [ 50/159]  eta: 0:08:23  lr: 0.000017  min_lr: 0.000017  loss: 0.0032 (0.0033)  weight_decay: 0.0500 (0.0500)  grad_norm: 0.0000 (0.0000)  time: 1.7560  data: 0.0002  max mem: 30405
Epoch: [75]  [ 60/159]  eta: 0:06:50  lr: 0.000017  min_lr: 0.000017  loss: 0.0032 (0.0033)  weight_decay: 0.0500 (0.0500)  grad_norm: 0.0000 (0.0000)  time: 1.7322  data: 0.0002  max mem: 30405
Epoch: [75]  [ 70/159]  eta: 0:05:38  lr: 0.000017  min_lr: 0.000017  loss: 0.0033 (0.0033)  weight_decay: 0.0500 (0.0500)  grad_norm: 0.0000 (0.0000)  time: 1.7328  data: 0.0002  max mem: 30405
Epoch: [75]  [ 80/159]  eta: 0:04:40  lr: 0.000017  min_lr: 0.000017  loss: 0.0032 (0.0032)  weight_decay: 0.0500 (0.0500)  grad_norm: 0.0000 (0.0000)  time: 1.7446  data: 0.0003  max mem: 30405
Epoch: [75]  [ 90/159]  eta: 0:03:51  lr: 0.000017  min_lr: 0.000017  loss: 0.0032 (0.0033)  weight_decay: 0.0500 (0.0500)  grad_norm: 0.0000 (0.0000)  time: 1.7313  data: 0.0003  max mem: 30405
Epoch: [75]  [100/159]  eta: 0:03:08  lr: 0.000017  min_lr: 0.000017  loss: 0.0032 (0.0033)  weight_decay: 0.0500 (0.0500)  grad_norm: 0.0000 (0.0000)  time: 1.7108  data: 0.0002  max mem: 30405
Epoch: [75]  [110/159]  eta: 0:02:29  lr: 0.000017  min_lr: 0.000017  loss: 0.0032 (0.0033)  weight_decay: 0.0500 (0.0500)  grad_norm: 0.0000 (0.0000)  time: 1.6626  data: 0.0002  max mem: 30405
Epoch: [75]  [120/159]  eta: 0:01:54  lr: 0.000017  min_lr: 0.000017  loss: 0.0032 (0.0032)  weight_decay: 0.0500 (0.0500)  grad_norm: 0.0000 (0.0000)  time: 1.6440  data: 0.0002  max mem: 30405
Epoch: [75]  [130/159]  eta: 0:01:22  lr: 0.000017  min_lr: 0.000017  loss: 0.0031 (0.0032)  weight_decay: 0.0500 (0.0500)  grad_norm: 0.0000 (0.0000)  time: 1.6667  data: 0.0003  max mem: 30405
Epoch: [75]  [140/159]  eta: 0:00:52  lr: 0.000017  min_lr: 0.000017  loss: 0.0032 (0.0032)  weight_decay: 0.0500 (0.0500)  grad_norm: 0.0000 (0.0000)  time: 1.6438  data: 0.0003  max mem: 30405
Epoch: [75]  [150/159]  eta: 0:00:24  lr: 0.000017  min_lr: 0.000017  loss: 0.0032 (0.0032)  weight_decay: 0.0500 (0.0500)  grad_norm: 0.0000 (0.0000)  time: 1.6438  data: 0.0002  max mem: 30405
Epoch: [75]  [158/159]  eta: 0:00:02  lr: 0.000017  min_lr: 0.000017  loss: 0.0032 (0.0032)  weight_decay: 0.0500 (0.0500)  grad_norm: 0.0000 (0.0000)  time: 1.6600  data: 0.0002  max mem: 30405
Epoch: [75] Total time: 0:06:58 (2.6350 s / it)
Averaged stats: lr: 0.000017  min_lr: 0.000017  loss: 0.0032 (0.0032)  weight_decay: 0.0500 (0.0500)  grad_norm: 0.0000 (0.0000)
[Eval] Image Metrics:  [0/2]  eta: 0:00:15    time: 7.8713  data: 7.1779  max mem: 30405
[Eval] Image Metrics:  [1/2]  eta: 0:00:03    time: 3.9906  data: 3.5893  max mem: 30405
[Eval] Image Metrics: Total time: 0:00:08 (4.3790 s / it)
[Eval] Metric Results: [Eval] MSE: 0.0000 (0.0000)  [Eval] MAE: 0.0000 (0.0000)  [Eval] PSNR: 47.0051 (47.0051)  [Eval] MS-SSIM: 0.9991 (0.9991)
Epoch: [76]  [  0/159]  eta: 4:34:31  lr: 0.000017  min_lr: 0.000017  loss: 0.0026 (0.0026)  weight_decay: 0.0500 (0.0500)  grad_norm: 0.0000 (0.0000)  time: 103.5965  data: 86.9465  max mem: 30405
Epoch: [76]  [ 10/159]  eta: 0:32:01  lr: 0.000016  min_lr: 0.000016  loss: 0.0033 (0.0032)  weight_decay: 0.0500 (0.0500)  grad_norm: 0.0000 (0.0000)  time: 12.8975  data: 7.9045  max mem: 30405
Epoch: [76]  [ 20/159]  eta: 0:17:32  lr: 0.000016  min_lr: 0.000016  loss: 0.0032 (0.0032)  weight_decay: 0.0500 (0.0500)  grad_norm: 0.0000 (0.0000)  time: 2.7739  data: 0.0003  max mem: 30405
Epoch: [76]  [ 30/159]  eta: 0:12:15  lr: 0.000016  min_lr: 0.000016  loss: 0.0032 (0.0032)  weight_decay: 0.0500 (0.0500)  grad_norm: 0.0000 (0.0000)  time: 1.7390  data: 0.0002  max mem: 30405
Epoch: [76]  [ 40/159]  eta: 0:09:21  lr: 0.000016  min_lr: 0.000016  loss: 0.0032 (0.0032)  weight_decay: 0.0500 (0.0500)  grad_norm: 0.0000 (0.0000)  time: 1.7267  data: 0.0002  max mem: 30405
Epoch: [76]  [ 50/159]  eta: 0:07:30  lr: 0.000016  min_lr: 0.000016  loss: 0.0032 (0.0032)  weight_decay: 0.0500 (0.0500)  grad_norm: 0.0000 (0.0000)  time: 1.7013  data: 0.0003  max mem: 30405
Epoch: [76]  [ 60/159]  eta: 0:06:10  lr: 0.000016  min_lr: 0.000016  loss: 0.0032 (0.0032)  weight_decay: 0.0500 (0.0500)  grad_norm: 0.0000 (0.0000)  time: 1.7250  data: 0.0003  max mem: 30405
Epoch: [76]  [ 70/159]  eta: 0:05:07  lr: 0.000016  min_lr: 0.000016  loss: 0.0032 (0.0032)  weight_decay: 0.0500 (0.0500)  grad_norm: 0.0000 (0.0000)  time: 1.7208  data: 0.0002  max mem: 30405
Epoch: [76]  [ 80/159]  eta: 0:04:15  lr: 0.000016  min_lr: 0.000016  loss: 0.0031 (0.0032)  weight_decay: 0.0500 (0.0500)  grad_norm: 0.0000 (0.0000)  time: 1.7034  data: 0.0002  max mem: 30405
Epoch: [76]  [ 90/159]  eta: 0:03:31  lr: 0.000016  min_lr: 0.000016  loss: 0.0031 (0.0032)  weight_decay: 0.0500 (0.0500)  grad_norm: 0.0000 (0.0000)  time: 1.7194  data: 0.0002  max mem: 30405
Epoch: [76]  [100/159]  eta: 0:02:53  lr: 0.000016  min_lr: 0.000016  loss: 0.0032 (0.0032)  weight_decay: 0.0500 (0.0500)  grad_norm: 0.0000 (0.0000)  time: 1.7212  data: 0.0002  max mem: 30405
Epoch: [76]  [110/159]  eta: 0:02:18  lr: 0.000016  min_lr: 0.000016  loss: 0.0032 (0.0032)  weight_decay: 0.0500 (0.0500)  grad_norm: 0.0000 (0.0000)  time: 1.7262  data: 0.0031  max mem: 30405
Epoch: [76]  [120/159]  eta: 0:01:46  lr: 0.000016  min_lr: 0.000016  loss: 0.0032 (0.0032)  weight_decay: 0.0500 (0.0500)  grad_norm: 0.0000 (0.0000)  time: 1.7368  data: 0.0031  max mem: 30405
Epoch: [76]  [130/159]  eta: 0:01:17  lr: 0.000015  min_lr: 0.000015  loss: 0.0033 (0.0032)  weight_decay: 0.0500 (0.0500)  grad_norm: 0.0000 (0.0000)  time: 1.7368  data: 0.0002  max mem: 30405
Epoch: [76]  [140/159]  eta: 0:00:49  lr: 0.000015  min_lr: 0.000015  loss: 0.0033 (0.0032)  weight_decay: 0.0500 (0.0500)  grad_norm: 0.0000 (0.0000)  time: 1.7424  data: 0.0002  max mem: 30405
Epoch: [76]  [150/159]  eta: 0:00:22  lr: 0.000015  min_lr: 0.000015  loss: 0.0032 (0.0032)  weight_decay: 0.0500 (0.0500)  grad_norm: 0.0000 (0.0000)  time: 1.7436  data: 0.0003  max mem: 30405
Epoch: [76]  [158/159]  eta: 0:00:02  lr: 0.000015  min_lr: 0.000015  loss: 0.0032 (0.0032)  weight_decay: 0.0500 (0.0500)  grad_norm: 0.0000 (0.0000)  time: 1.7443  data: 0.0003  max mem: 30405
Epoch: [76] Total time: 0:06:38 (2.5080 s / it)
Averaged stats: lr: 0.000015  min_lr: 0.000015  loss: 0.0032 (0.0032)  weight_decay: 0.0500 (0.0500)  grad_norm: 0.0000 (0.0000)
Epoch: [77]  [  0/159]  eta: 5:24:53  lr: 0.000015  min_lr: 0.000015  loss: 0.0032 (0.0032)  weight_decay: 0.0500 (0.0500)  grad_norm: 0.0000 (0.0000)  time: 122.6015  data: 70.0743  max mem: 30405
Epoch: [77]  [ 10/159]  eta: 0:35:02  lr: 0.000015  min_lr: 0.000015  loss: 0.0032 (0.0032)  weight_decay: 0.0500 (0.0500)  grad_norm: 0.0000 (0.0000)  time: 14.1127  data: 6.3707  max mem: 30405
Epoch: [77]  [ 20/159]  eta: 0:19:02  lr: 0.000015  min_lr: 0.000015  loss: 0.0032 (0.0032)  weight_decay: 0.0500 (0.0500)  grad_norm: 0.0000 (0.0000)  time: 2.5040  data: 0.0003  max mem: 30405
Epoch: [77]  [ 30/159]  eta: 0:13:09  lr: 0.000015  min_lr: 0.000015  loss: 0.0032 (0.0032)  weight_decay: 0.0500 (0.0500)  grad_norm: 0.0000 (0.0000)  time: 1.7271  data: 0.0002  max mem: 30405
Epoch: [77]  [ 40/159]  eta: 0:10:00  lr: 0.000015  min_lr: 0.000015  loss: 0.0032 (0.0032)  weight_decay: 0.0500 (0.0500)  grad_norm: 0.0000 (0.0000)  time: 1.7090  data: 0.0002  max mem: 30405
Epoch: [77]  [ 50/159]  eta: 0:07:58  lr: 0.000015  min_lr: 0.000015  loss: 0.0032 (0.0032)  weight_decay: 0.0500 (0.0500)  grad_norm: 0.0000 (0.0000)  time: 1.7134  data: 0.0002  max mem: 30405
Epoch: [77]  [ 60/159]  eta: 0:06:31  lr: 0.000015  min_lr: 0.000015  loss: 0.0033 (0.0032)  weight_decay: 0.0500 (0.0500)  grad_norm: 0.0000 (0.0000)  time: 1.7204  data: 0.0003  max mem: 30405
Epoch: [77]  [ 70/159]  eta: 0:05:23  lr: 0.000015  min_lr: 0.000015  loss: 0.0033 (0.0032)  weight_decay: 0.0500 (0.0500)  grad_norm: 0.0000 (0.0000)  time: 1.7103  data: 0.0003  max mem: 30405
Epoch: [77]  [ 80/159]  eta: 0:04:28  lr: 0.000015  min_lr: 0.000015  loss: 0.0033 (0.0032)  weight_decay: 0.0500 (0.0500)  grad_norm: 0.0000 (0.0000)  time: 1.6821  data: 0.0003  max mem: 30405
Epoch: [77]  [ 90/159]  eta: 0:03:41  lr: 0.000015  min_lr: 0.000015  loss: 0.0033 (0.0032)  weight_decay: 0.0500 (0.0500)  grad_norm: 0.0000 (0.0000)  time: 1.6764  data: 0.0003  max mem: 30405
Epoch: [77]  [100/159]  eta: 0:03:00  lr: 0.000014  min_lr: 0.000014  loss: 0.0031 (0.0032)  weight_decay: 0.0500 (0.0500)  grad_norm: 0.0000 (0.0000)  time: 1.6789  data: 0.0002  max mem: 30405
Epoch: [77]  [110/159]  eta: 0:02:23  lr: 0.000014  min_lr: 0.000014  loss: 0.0032 (0.0032)  weight_decay: 0.0500 (0.0500)  grad_norm: 0.0000 (0.0000)  time: 1.6730  data: 0.0002  max mem: 30405
Epoch: [77]  [120/159]  eta: 0:01:50  lr: 0.000014  min_lr: 0.000014  loss: 0.0032 (0.0032)  weight_decay: 0.0500 (0.0500)  grad_norm: 0.0000 (0.0000)  time: 1.6644  data: 0.0002  max mem: 30405
Epoch: [77]  [130/159]  eta: 0:01:19  lr: 0.000014  min_lr: 0.000014  loss: 0.0032 (0.0033)  weight_decay: 0.0500 (0.0500)  grad_norm: 0.0000 (0.0000)  time: 1.6731  data: 0.0005  max mem: 30405
Epoch: [77]  [140/159]  eta: 0:00:50  lr: 0.000014  min_lr: 0.000014  loss: 0.0033 (0.0033)  weight_decay: 0.0500 (0.0500)  grad_norm: 0.0000 (0.0000)  time: 1.6758  data: 0.0005  max mem: 30405
Epoch: [77]  [150/159]  eta: 0:00:23  lr: 0.000014  min_lr: 0.000014  loss: 0.0032 (0.0032)  weight_decay: 0.0500 (0.0500)  grad_norm: 0.0000 (0.0000)  time: 1.6632  data: 0.0003  max mem: 30405
Epoch: [77]  [158/159]  eta: 0:00:02  lr: 0.000014  min_lr: 0.000014  loss: 0.0032 (0.0032)  weight_decay: 0.0500 (0.0500)  grad_norm: 0.0000 (0.0000)  time: 1.6716  data: 0.0003  max mem: 30405
Epoch: [77] Total time: 0:06:46 (2.5568 s / it)
Averaged stats: lr: 0.000014  min_lr: 0.000014  loss: 0.0032 (0.0032)  weight_decay: 0.0500 (0.0500)  grad_norm: 0.0000 (0.0000)
Epoch: [78]  [  0/159]  eta: 5:53:32  lr: 0.000014  min_lr: 0.000014  loss: 0.0035 (0.0035)  weight_decay: 0.0500 (0.0500)  grad_norm: 0.0000 (0.0000)  time: 133.4126  data: 71.9812  max mem: 30405
Epoch: [78]  [ 10/159]  eta: 0:35:16  lr: 0.000014  min_lr: 0.000014  loss: 0.0032 (0.0031)  weight_decay: 0.0500 (0.0500)  grad_norm: 0.0000 (0.0000)  time: 14.2066  data: 6.5440  max mem: 30405
Epoch: [78]  [ 20/159]  eta: 0:19:04  lr: 0.000014  min_lr: 0.000014  loss: 0.0032 (0.0032)  weight_decay: 0.0500 (0.0500)  grad_norm: 0.0000 (0.0000)  time: 1.9753  data: 0.0002  max mem: 30405
Epoch: [78]  [ 30/159]  eta: 0:13:11  lr: 0.000014  min_lr: 0.000014  loss: 0.0032 (0.0032)  weight_decay: 0.0500 (0.0500)  grad_norm: 0.0000 (0.0000)  time: 1.6968  data: 0.0002  max mem: 30405
Epoch: [78]  [ 40/159]  eta: 0:10:00  lr: 0.000014  min_lr: 0.000014  loss: 0.0032 (0.0032)  weight_decay: 0.0500 (0.0500)  grad_norm: 0.0000 (0.0000)  time: 1.7014  data: 0.0002  max mem: 30405
Epoch: [78]  [ 50/159]  eta: 0:07:58  lr: 0.000014  min_lr: 0.000014  loss: 0.0032 (0.0032)  weight_decay: 0.0500 (0.0500)  grad_norm: 0.0000 (0.0000)  time: 1.6847  data: 0.0002  max mem: 30405
Epoch: [78]  [ 60/159]  eta: 0:06:30  lr: 0.000014  min_lr: 0.000014  loss: 0.0031 (0.0032)  weight_decay: 0.0500 (0.0500)  grad_norm: 0.0000 (0.0000)  time: 1.6761  data: 0.0002  max mem: 30405
Epoch: [78]  [ 70/159]  eta: 0:05:22  lr: 0.000014  min_lr: 0.000014  loss: 0.0032 (0.0032)  weight_decay: 0.0500 (0.0500)  grad_norm: 0.0000 (0.0000)  time: 1.6765  data: 0.0002  max mem: 30405
Epoch: [78]  [ 80/159]  eta: 0:04:27  lr: 0.000013  min_lr: 0.000013  loss: 0.0033 (0.0032)  weight_decay: 0.0500 (0.0500)  grad_norm: 0.0000 (0.0000)  time: 1.6911  data: 0.0002  max mem: 30405
Epoch: [78]  [ 90/159]  eta: 0:03:40  lr: 0.000013  min_lr: 0.000013  loss: 0.0033 (0.0032)  weight_decay: 0.0500 (0.0500)  grad_norm: 0.0000 (0.0000)  time: 1.6751  data: 0.0002  max mem: 30405
Epoch: [78]  [100/159]  eta: 0:02:59  lr: 0.000013  min_lr: 0.000013  loss: 0.0032 (0.0032)  weight_decay: 0.0500 (0.0500)  grad_norm: 0.0000 (0.0000)  time: 1.6854  data: 0.0003  max mem: 30405
Epoch: [78]  [110/159]  eta: 0:02:23  lr: 0.000013  min_lr: 0.000013  loss: 0.0032 (0.0032)  weight_decay: 0.0500 (0.0500)  grad_norm: 0.0000 (0.0000)  time: 1.6925  data: 0.0002  max mem: 30405
Epoch: [78]  [120/159]  eta: 0:01:50  lr: 0.000013  min_lr: 0.000013  loss: 0.0033 (0.0032)  weight_decay: 0.0500 (0.0500)  grad_norm: 0.0000 (0.0000)  time: 1.6773  data: 0.0002  max mem: 30405
Epoch: [78]  [130/159]  eta: 0:01:19  lr: 0.000013  min_lr: 0.000013  loss: 0.0031 (0.0032)  weight_decay: 0.0500 (0.0500)  grad_norm: 0.0000 (0.0000)  time: 1.6764  data: 0.0002  max mem: 30405
Epoch: [78]  [140/159]  eta: 0:00:50  lr: 0.000013  min_lr: 0.000013  loss: 0.0031 (0.0032)  weight_decay: 0.0500 (0.0500)  grad_norm: 0.0000 (0.0000)  time: 1.6923  data: 0.0002  max mem: 30405
Epoch: [78]  [150/159]  eta: 0:00:23  lr: 0.000013  min_lr: 0.000013  loss: 0.0032 (0.0032)  weight_decay: 0.0500 (0.0500)  grad_norm: 0.0000 (0.0000)  time: 1.6968  data: 0.0002  max mem: 30405
Epoch: [78]  [158/159]  eta: 0:00:02  lr: 0.000013  min_lr: 0.000013  loss: 0.0032 (0.0032)  weight_decay: 0.0500 (0.0500)  grad_norm: 0.0000 (0.0000)  time: 1.6834  data: 0.0002  max mem: 30405
Epoch: [78] Total time: 0:06:46 (2.5579 s / it)
Averaged stats: lr: 0.000013  min_lr: 0.000013  loss: 0.0032 (0.0032)  weight_decay: 0.0500 (0.0500)  grad_norm: 0.0000 (0.0000)
Epoch: [79]  [  0/159]  eta: 4:56:00  lr: 0.000013  min_lr: 0.000013  loss: 0.0034 (0.0034)  weight_decay: 0.0500 (0.0500)  grad_norm: 0.0000 (0.0000)  time: 111.6986  data: 73.4000  max mem: 30405
Epoch: [79]  [ 10/159]  eta: 0:33:05  lr: 0.000013  min_lr: 0.000013  loss: 0.0032 (0.0032)  weight_decay: 0.0500 (0.0500)  grad_norm: 0.0000 (0.0000)  time: 13.3234  data: 6.6730  max mem: 30405
Epoch: [79]  [ 20/159]  eta: 0:17:59  lr: 0.000013  min_lr: 0.000013  loss: 0.0032 (0.0032)  weight_decay: 0.0500 (0.0500)  grad_norm: 0.0000 (0.0000)  time: 2.5709  data: 0.0002  max mem: 30405
Epoch: [79]  [ 30/159]  eta: 0:12:28  lr: 0.000013  min_lr: 0.000013  loss: 0.0033 (0.0032)  weight_decay: 0.0500 (0.0500)  grad_norm: 0.0000 (0.0000)  time: 1.6617  data: 0.0002  max mem: 30405
Epoch: [79]  [ 40/159]  eta: 0:09:30  lr: 0.000013  min_lr: 0.000013  loss: 0.0033 (0.0032)  weight_decay: 0.0500 (0.0500)  grad_norm: 0.0000 (0.0000)  time: 1.6692  data: 0.0002  max mem: 30405
Epoch: [79]  [ 50/159]  eta: 0:07:35  lr: 0.000012  min_lr: 0.000012  loss: 0.0033 (0.0032)  weight_decay: 0.0500 (0.0500)  grad_norm: 0.0000 (0.0000)  time: 1.6743  data: 0.0002  max mem: 30405
Epoch: [79]  [ 60/159]  eta: 0:06:13  lr: 0.000012  min_lr: 0.000012  loss: 0.0033 (0.0032)  weight_decay: 0.0500 (0.0500)  grad_norm: 0.0000 (0.0000)  time: 1.6684  data: 0.0002  max mem: 30405
Epoch: [79]  [ 70/159]  eta: 0:05:08  lr: 0.000012  min_lr: 0.000012  loss: 0.0031 (0.0032)  weight_decay: 0.0500 (0.0500)  grad_norm: 0.0000 (0.0000)  time: 1.6437  data: 0.0002  max mem: 30405
Epoch: [79]  [ 80/159]  eta: 0:04:16  lr: 0.000012  min_lr: 0.000012  loss: 0.0032 (0.0032)  weight_decay: 0.0500 (0.0500)  grad_norm: 0.0000 (0.0000)  time: 1.6501  data: 0.0003  max mem: 30405
Epoch: [79]  [ 90/159]  eta: 0:03:32  lr: 0.000012  min_lr: 0.000012  loss: 0.0032 (0.0032)  weight_decay: 0.0500 (0.0500)  grad_norm: 0.0000 (0.0000)  time: 1.6745  data: 0.0002  max mem: 30405
Epoch: [79]  [100/159]  eta: 0:02:52  lr: 0.000012  min_lr: 0.000012  loss: 0.0033 (0.0032)  weight_decay: 0.0500 (0.0500)  grad_norm: 0.0000 (0.0000)  time: 1.6604  data: 0.0002  max mem: 30405
Epoch: [79]  [110/159]  eta: 0:02:17  lr: 0.000012  min_lr: 0.000012  loss: 0.0033 (0.0032)  weight_decay: 0.0500 (0.0500)  grad_norm: 0.0000 (0.0000)  time: 1.6254  data: 0.0002  max mem: 30405
Epoch: [79]  [120/159]  eta: 0:01:46  lr: 0.000012  min_lr: 0.000012  loss: 0.0031 (0.0032)  weight_decay: 0.0500 (0.0500)  grad_norm: 0.0000 (0.0000)  time: 1.6578  data: 0.0002  max mem: 30405
Epoch: [79]  [130/159]  eta: 0:01:16  lr: 0.000012  min_lr: 0.000012  loss: 0.0032 (0.0032)  weight_decay: 0.0500 (0.0500)  grad_norm: 0.0000 (0.0000)  time: 1.6943  data: 0.0003  max mem: 30405
Epoch: [79]  [140/159]  eta: 0:00:48  lr: 0.000012  min_lr: 0.000012  loss: 0.0032 (0.0032)  weight_decay: 0.0500 (0.0500)  grad_norm: 0.0000 (0.0000)  time: 1.6527  data: 0.0003  max mem: 30405
Epoch: [79]  [150/159]  eta: 0:00:22  lr: 0.000012  min_lr: 0.000012  loss: 0.0032 (0.0032)  weight_decay: 0.0500 (0.0500)  grad_norm: 0.0000 (0.0000)  time: 1.6521  data: 0.0002  max mem: 30405
Epoch: [79]  [158/159]  eta: 0:00:02  lr: 0.000012  min_lr: 0.000012  loss: 0.0032 (0.0032)  weight_decay: 0.0500 (0.0500)  grad_norm: 0.0000 (0.0000)  time: 1.6676  data: 0.0002  max mem: 30405
Epoch: [79] Total time: 0:06:33 (2.4763 s / it)
Averaged stats: lr: 0.000012  min_lr: 0.000012  loss: 0.0032 (0.0032)  weight_decay: 0.0500 (0.0500)  grad_norm: 0.0000 (0.0000)
Epoch: [80]  [  0/159]  eta: 5:07:51  lr: 0.000012  min_lr: 0.000012  loss: 0.0033 (0.0033)  weight_decay: 0.0500 (0.0500)  grad_norm: 0.0000 (0.0000)  time: 116.1735  data: 78.6925  max mem: 30405
Epoch: [80]  [ 10/159]  eta: 0:31:12  lr: 0.000012  min_lr: 0.000012  loss: 0.0032 (0.0032)  weight_decay: 0.0500 (0.0500)  grad_norm: 0.0000 (0.0000)  time: 12.5701  data: 7.1542  max mem: 30405
Epoch: [80]  [ 20/159]  eta: 0:17:06  lr: 0.000012  min_lr: 0.000012  loss: 0.0033 (0.0033)  weight_decay: 0.0500 (0.0500)  grad_norm: 0.0000 (0.0000)  time: 1.9422  data: 0.0003  max mem: 30405
Epoch: [80]  [ 30/159]  eta: 0:11:56  lr: 0.000011  min_lr: 0.000011  loss: 0.0033 (0.0033)  weight_decay: 0.0500 (0.0500)  grad_norm: 0.0000 (0.0000)  time: 1.6907  data: 0.0002  max mem: 30405
Epoch: [80]  [ 40/159]  eta: 0:09:07  lr: 0.000011  min_lr: 0.000011  loss: 0.0033 (0.0033)  weight_decay: 0.0500 (0.0500)  grad_norm: 0.0000 (0.0000)  time: 1.6740  data: 0.0002  max mem: 30405
Epoch: [80]  [ 50/159]  eta: 0:07:18  lr: 0.000011  min_lr: 0.000011  loss: 0.0032 (0.0033)  weight_decay: 0.0500 (0.0500)  grad_norm: 0.0000 (0.0000)  time: 1.6529  data: 0.0002  max mem: 30405
Epoch: [80]  [ 60/159]  eta: 0:06:00  lr: 0.000011  min_lr: 0.000011  loss: 0.0032 (0.0033)  weight_decay: 0.0500 (0.0500)  grad_norm: 0.0000 (0.0000)  time: 1.6756  data: 0.0002  max mem: 30405
Epoch: [80]  [ 70/159]  eta: 0:04:59  lr: 0.000011  min_lr: 0.000011  loss: 0.0032 (0.0033)  weight_decay: 0.0500 (0.0500)  grad_norm: 0.0000 (0.0000)  time: 1.6922  data: 0.0002  max mem: 30405
Epoch: [80]  [ 80/159]  eta: 0:04:09  lr: 0.000011  min_lr: 0.000011  loss: 0.0033 (0.0033)  weight_decay: 0.0500 (0.0500)  grad_norm: 0.0000 (0.0000)  time: 1.7096  data: 0.0002  max mem: 30405
Epoch: [80]  [ 90/159]  eta: 0:03:27  lr: 0.000011  min_lr: 0.000011  loss: 0.0033 (0.0033)  weight_decay: 0.0500 (0.0500)  grad_norm: 0.0000 (0.0000)  time: 1.7100  data: 0.0002  max mem: 30405
Epoch: [80]  [100/159]  eta: 0:02:49  lr: 0.000011  min_lr: 0.000011  loss: 0.0032 (0.0033)  weight_decay: 0.0500 (0.0500)  grad_norm: 0.0000 (0.0000)  time: 1.6936  data: 0.0002  max mem: 30405
Epoch: [80]  [110/159]  eta: 0:02:15  lr: 0.000011  min_lr: 0.000011  loss: 0.0032 (0.0032)  weight_decay: 0.0500 (0.0500)  grad_norm: 0.0000 (0.0000)  time: 1.6831  data: 0.0002  max mem: 30405
Epoch: [80]  [120/159]  eta: 0:01:44  lr: 0.000011  min_lr: 0.000011  loss: 0.0032 (0.0032)  weight_decay: 0.0500 (0.0500)  grad_norm: 0.0000 (0.0000)  time: 1.6826  data: 0.0002  max mem: 30405
Epoch: [80]  [130/159]  eta: 0:01:15  lr: 0.000011  min_lr: 0.000011  loss: 0.0032 (0.0032)  weight_decay: 0.0500 (0.0500)  grad_norm: 0.0000 (0.0000)  time: 1.6907  data: 0.0003  max mem: 30405
Epoch: [80]  [140/159]  eta: 0:00:48  lr: 0.000011  min_lr: 0.000011  loss: 0.0032 (0.0032)  weight_decay: 0.0500 (0.0500)  grad_norm: 0.0000 (0.0000)  time: 1.7052  data: 0.0002  max mem: 30405
Epoch: [80]  [150/159]  eta: 0:00:22  lr: 0.000011  min_lr: 0.000011  loss: 0.0032 (0.0032)  weight_decay: 0.0500 (0.0500)  grad_norm: 0.0000 (0.0000)  time: 1.7143  data: 0.0002  max mem: 30405
Epoch: [80]  [158/159]  eta: 0:00:02  lr: 0.000011  min_lr: 0.000011  loss: 0.0031 (0.0032)  weight_decay: 0.0500 (0.0500)  grad_norm: 0.0000 (0.0000)  time: 1.6816  data: 0.0002  max mem: 30405
Epoch: [80] Total time: 0:06:29 (2.4493 s / it)
Averaged stats: lr: 0.000011  min_lr: 0.000011  loss: 0.0031 (0.0032)  weight_decay: 0.0500 (0.0500)  grad_norm: 0.0000 (0.0000)
[Eval]   [0/2]  eta: 0:00:21  loss: 0.0031 (0.0031)  time: 10.7984  data: 10.0217  max mem: 30405
[Eval]   [1/2]  eta: 0:00:05  loss: 0.0031 (0.0031)  time: 5.8906  data: 5.0110  max mem: 30405
[Eval]  Total time: 0:00:12 (6.2129 s / it)
Eval averaged stats: loss: 0.0031 (0.0032)
Logged 9 eval images
Epoch: [81]  [  0/159]  eta: 5:18:35  lr: 0.000011  min_lr: 0.000011  loss: 0.0035 (0.0035)  weight_decay: 0.0500 (0.0500)  grad_norm: 0.0000 (0.0000)  time: 120.2245  data: 83.7571  max mem: 30405
Epoch: [81]  [ 10/159]  eta: 0:33:33  lr: 0.000011  min_lr: 0.000011  loss: 0.0031 (0.0031)  weight_decay: 0.0500 (0.0500)  grad_norm: 0.0000 (0.0000)  time: 13.5106  data: 7.6787  max mem: 30405
Epoch: [81]  [ 20/159]  eta: 0:18:13  lr: 0.000010  min_lr: 0.000010  loss: 0.0031 (0.0032)  weight_decay: 0.0500 (0.0500)  grad_norm: 0.0000 (0.0000)  time: 2.2479  data: 0.0355  max mem: 30405
Epoch: [81]  [ 30/159]  eta: 0:12:38  lr: 0.000010  min_lr: 0.000010  loss: 0.0032 (0.0032)  weight_decay: 0.0500 (0.0500)  grad_norm: 0.0000 (0.0000)  time: 1.6839  data: 0.0002  max mem: 30405
Epoch: [81]  [ 40/159]  eta: 0:09:38  lr: 0.000010  min_lr: 0.000010  loss: 0.0032 (0.0032)  weight_decay: 0.0500 (0.0500)  grad_norm: 0.0000 (0.0000)  time: 1.7025  data: 0.0003  max mem: 30405
Epoch: [81]  [ 50/159]  eta: 0:07:42  lr: 0.000010  min_lr: 0.000010  loss: 0.0033 (0.0032)  weight_decay: 0.0500 (0.0500)  grad_norm: 0.0000 (0.0000)  time: 1.6941  data: 0.0003  max mem: 30405
Epoch: [81]  [ 60/159]  eta: 0:06:18  lr: 0.000010  min_lr: 0.000010  loss: 0.0033 (0.0032)  weight_decay: 0.0500 (0.0500)  grad_norm: 0.0000 (0.0000)  time: 1.6889  data: 0.0002  max mem: 30405
Epoch: [81]  [ 70/159]  eta: 0:05:13  lr: 0.000010  min_lr: 0.000010  loss: 0.0032 (0.0032)  weight_decay: 0.0500 (0.0500)  grad_norm: 0.0000 (0.0000)  time: 1.7070  data: 0.0002  max mem: 30405
Epoch: [81]  [ 80/159]  eta: 0:04:20  lr: 0.000010  min_lr: 0.000010  loss: 0.0032 (0.0032)  weight_decay: 0.0500 (0.0500)  grad_norm: 0.0000 (0.0000)  time: 1.7143  data: 0.0002  max mem: 30405
Epoch: [81]  [ 90/159]  eta: 0:03:35  lr: 0.000010  min_lr: 0.000010  loss: 0.0032 (0.0032)  weight_decay: 0.0500 (0.0500)  grad_norm: 0.0000 (0.0000)  time: 1.6962  data: 0.0002  max mem: 30405
Epoch: [81]  [100/159]  eta: 0:02:56  lr: 0.000010  min_lr: 0.000010  loss: 0.0032 (0.0032)  weight_decay: 0.0500 (0.0500)  grad_norm: 0.0000 (0.0000)  time: 1.7122  data: 0.0002  max mem: 30405
Epoch: [81]  [110/159]  eta: 0:02:20  lr: 0.000010  min_lr: 0.000010  loss: 0.0032 (0.0032)  weight_decay: 0.0500 (0.0500)  grad_norm: 0.0000 (0.0000)  time: 1.7168  data: 0.0002  max mem: 30405
Epoch: [81]  [120/159]  eta: 0:01:48  lr: 0.000010  min_lr: 0.000010  loss: 0.0032 (0.0032)  weight_decay: 0.0500 (0.0500)  grad_norm: 0.0000 (0.0000)  time: 1.6871  data: 0.0002  max mem: 30405
Epoch: [81]  [130/159]  eta: 0:01:17  lr: 0.000010  min_lr: 0.000010  loss: 0.0032 (0.0032)  weight_decay: 0.0500 (0.0500)  grad_norm: 0.0000 (0.0000)  time: 1.6783  data: 0.0002  max mem: 30405
Epoch: [81]  [140/159]  eta: 0:00:49  lr: 0.000010  min_lr: 0.000010  loss: 0.0033 (0.0032)  weight_decay: 0.0500 (0.0500)  grad_norm: 0.0000 (0.0000)  time: 1.7007  data: 0.0002  max mem: 30405
Epoch: [81]  [150/159]  eta: 0:00:22  lr: 0.000010  min_lr: 0.000010  loss: 0.0032 (0.0032)  weight_decay: 0.0500 (0.0500)  grad_norm: 0.0000 (0.0000)  time: 1.6871  data: 0.0002  max mem: 30405
Epoch: [81]  [158/159]  eta: 0:00:02  lr: 0.000010  min_lr: 0.000010  loss: 0.0031 (0.0032)  weight_decay: 0.0500 (0.0500)  grad_norm: 0.0000 (0.0000)  time: 1.6729  data: 0.0002  max mem: 30405
Epoch: [81] Total time: 0:06:40 (2.5187 s / it)
Averaged stats: lr: 0.000010  min_lr: 0.000010  loss: 0.0031 (0.0032)  weight_decay: 0.0500 (0.0500)  grad_norm: 0.0000 (0.0000)
Epoch: [82]  [  0/159]  eta: 4:41:03  lr: 0.000010  min_lr: 0.000010  loss: 0.0031 (0.0031)  weight_decay: 0.0500 (0.0500)  grad_norm: 0.0000 (0.0000)  time: 106.0595  data: 80.0187  max mem: 30405
Epoch: [82]  [ 10/159]  eta: 0:30:31  lr: 0.000009  min_lr: 0.000009  loss: 0.0032 (0.0032)  weight_decay: 0.0500 (0.0500)  grad_norm: 0.0000 (0.0000)  time: 12.2928  data: 7.6309  max mem: 30405
Epoch: [82]  [ 20/159]  eta: 0:16:54  lr: 0.000009  min_lr: 0.000009  loss: 0.0032 (0.0031)  weight_decay: 0.0500 (0.0500)  grad_norm: 0.0000 (0.0000)  time: 2.3609  data: 0.1961  max mem: 30405
Epoch: [82]  [ 30/159]  eta: 0:11:47  lr: 0.000009  min_lr: 0.000009  loss: 0.0031 (0.0031)  weight_decay: 0.0500 (0.0500)  grad_norm: 0.0000 (0.0000)  time: 1.7379  data: 0.0002  max mem: 30405
Epoch: [82]  [ 40/159]  eta: 0:09:01  lr: 0.000009  min_lr: 0.000009  loss: 0.0031 (0.0032)  weight_decay: 0.0500 (0.0500)  grad_norm: 0.0000 (0.0000)  time: 1.6718  data: 0.0002  max mem: 30405
Epoch: [82]  [ 50/159]  eta: 0:07:15  lr: 0.000009  min_lr: 0.000009  loss: 0.0032 (0.0032)  weight_decay: 0.0500 (0.0500)  grad_norm: 0.0000 (0.0000)  time: 1.6852  data: 0.0002  max mem: 30405
Epoch: [82]  [ 60/159]  eta: 0:05:57  lr: 0.000009  min_lr: 0.000009  loss: 0.0032 (0.0032)  weight_decay: 0.0500 (0.0500)  grad_norm: 0.0000 (0.0000)  time: 1.6909  data: 0.0002  max mem: 30405
Epoch: [82]  [ 70/159]  eta: 0:04:57  lr: 0.000009  min_lr: 0.000009  loss: 0.0032 (0.0032)  weight_decay: 0.0500 (0.0500)  grad_norm: 0.0000 (0.0000)  time: 1.6763  data: 0.0002  max mem: 30405
Epoch: [82]  [ 80/159]  eta: 0:04:07  lr: 0.000009  min_lr: 0.000009  loss: 0.0032 (0.0032)  weight_decay: 0.0500 (0.0500)  grad_norm: 0.0000 (0.0000)  time: 1.6705  data: 0.0002  max mem: 30405
Epoch: [82]  [ 90/159]  eta: 0:03:25  lr: 0.000009  min_lr: 0.000009  loss: 0.0032 (0.0032)  weight_decay: 0.0500 (0.0500)  grad_norm: 0.0000 (0.0000)  time: 1.6975  data: 0.0002  max mem: 30405
Epoch: [82]  [100/159]  eta: 0:02:48  lr: 0.000009  min_lr: 0.000009  loss: 0.0032 (0.0032)  weight_decay: 0.0500 (0.0500)  grad_norm: 0.0000 (0.0000)  time: 1.7123  data: 0.0002  max mem: 30405
Epoch: [82]  [110/159]  eta: 0:02:14  lr: 0.000009  min_lr: 0.000009  loss: 0.0032 (0.0032)  weight_decay: 0.0500 (0.0500)  grad_norm: 0.0000 (0.0000)  time: 1.6893  data: 0.0002  max mem: 30405
Epoch: [82]  [120/159]  eta: 0:01:43  lr: 0.000009  min_lr: 0.000009  loss: 0.0032 (0.0032)  weight_decay: 0.0500 (0.0500)  grad_norm: 0.0000 (0.0000)  time: 1.6825  data: 0.0002  max mem: 30405
Epoch: [82]  [130/159]  eta: 0:01:14  lr: 0.000009  min_lr: 0.000009  loss: 0.0031 (0.0032)  weight_decay: 0.0500 (0.0500)  grad_norm: 0.0000 (0.0000)  time: 1.6895  data: 0.0002  max mem: 30405
Epoch: [82]  [140/159]  eta: 0:00:47  lr: 0.000009  min_lr: 0.000009  loss: 0.0032 (0.0032)  weight_decay: 0.0500 (0.0500)  grad_norm: 0.0000 (0.0000)  time: 1.6874  data: 0.0002  max mem: 30405
Epoch: [82]  [150/159]  eta: 0:00:22  lr: 0.000009  min_lr: 0.000009  loss: 0.0032 (0.0032)  weight_decay: 0.0500 (0.0500)  grad_norm: 0.0000 (0.0000)  time: 1.6736  data: 0.0011  max mem: 30405
Epoch: [82]  [158/159]  eta: 0:00:02  lr: 0.000009  min_lr: 0.000009  loss: 0.0031 (0.0032)  weight_decay: 0.0500 (0.0500)  grad_norm: 0.0000 (0.0000)  time: 1.6806  data: 0.0011  max mem: 30405
Epoch: [82] Total time: 0:06:27 (2.4341 s / it)
Averaged stats: lr: 0.000009  min_lr: 0.000009  loss: 0.0031 (0.0032)  weight_decay: 0.0500 (0.0500)  grad_norm: 0.0000 (0.0000)
Epoch: [83]  [  0/159]  eta: 4:25:25  lr: 0.000009  min_lr: 0.000009  loss: 0.0033 (0.0033)  weight_decay: 0.0500 (0.0500)  grad_norm: 0.0000 (0.0000)  time: 100.1621  data: 87.5529  max mem: 30405
Epoch: [83]  [ 10/159]  eta: 0:28:57  lr: 0.000008  min_lr: 0.000008  loss: 0.0033 (0.0032)  weight_decay: 0.0500 (0.0500)  grad_norm: 0.0000 (0.0000)  time: 11.6605  data: 7.9596  max mem: 30405
Epoch: [83]  [ 20/159]  eta: 0:15:57  lr: 0.000008  min_lr: 0.000008  loss: 0.0032 (0.0032)  weight_decay: 0.0500 (0.0500)  grad_norm: 0.0000 (0.0000)  time: 2.2263  data: 0.0006  max mem: 30405
Epoch: [83]  [ 30/159]  eta: 0:11:11  lr: 0.000008  min_lr: 0.000008  loss: 0.0032 (0.0032)  weight_decay: 0.0500 (0.0500)  grad_norm: 0.0000 (0.0000)  time: 1.6528  data: 0.0005  max mem: 30405
Epoch: [83]  [ 40/159]  eta: 0:08:39  lr: 0.000008  min_lr: 0.000008  loss: 0.0032 (0.0032)  weight_decay: 0.0500 (0.0500)  grad_norm: 0.0000 (0.0000)  time: 1.7095  data: 0.0002  max mem: 30405
Epoch: [83]  [ 50/159]  eta: 0:06:58  lr: 0.000008  min_lr: 0.000008  loss: 0.0032 (0.0032)  weight_decay: 0.0500 (0.0500)  grad_norm: 0.0000 (0.0000)  time: 1.7173  data: 0.0002  max mem: 30405
Epoch: [83]  [ 60/159]  eta: 0:05:45  lr: 0.000008  min_lr: 0.000008  loss: 0.0032 (0.0032)  weight_decay: 0.0500 (0.0500)  grad_norm: 0.0000 (0.0000)  time: 1.6934  data: 0.0002  max mem: 30405
Epoch: [83]  [ 70/159]  eta: 0:04:48  lr: 0.000008  min_lr: 0.000008  loss: 0.0032 (0.0032)  weight_decay: 0.0500 (0.0500)  grad_norm: 0.0000 (0.0000)  time: 1.7253  data: 0.0002  max mem: 30405
Epoch: [83]  [ 80/159]  eta: 0:04:00  lr: 0.000008  min_lr: 0.000008  loss: 0.0033 (0.0032)  weight_decay: 0.0500 (0.0500)  grad_norm: 0.0000 (0.0000)  time: 1.7027  data: 0.0002  max mem: 30405
Epoch: [83]  [ 90/159]  eta: 0:03:20  lr: 0.000008  min_lr: 0.000008  loss: 0.0033 (0.0032)  weight_decay: 0.0500 (0.0500)  grad_norm: 0.0000 (0.0000)  time: 1.6962  data: 0.0002  max mem: 30405
Epoch: [83]  [100/159]  eta: 0:02:44  lr: 0.000008  min_lr: 0.000008  loss: 0.0033 (0.0032)  weight_decay: 0.0500 (0.0500)  grad_norm: 0.0000 (0.0000)  time: 1.7173  data: 0.0002  max mem: 30405
Epoch: [83]  [110/159]  eta: 0:02:11  lr: 0.000008  min_lr: 0.000008  loss: 0.0032 (0.0032)  weight_decay: 0.0500 (0.0500)  grad_norm: 0.0000 (0.0000)  time: 1.7137  data: 0.0002  max mem: 30405
Epoch: [83]  [120/159]  eta: 0:01:41  lr: 0.000008  min_lr: 0.000008  loss: 0.0032 (0.0032)  weight_decay: 0.0500 (0.0500)  grad_norm: 0.0000 (0.0000)  time: 1.7184  data: 0.0002  max mem: 30405
Epoch: [83]  [130/159]  eta: 0:01:13  lr: 0.000008  min_lr: 0.000008  loss: 0.0033 (0.0032)  weight_decay: 0.0500 (0.0500)  grad_norm: 0.0000 (0.0000)  time: 1.7194  data: 0.0003  max mem: 30405
Epoch: [83]  [140/159]  eta: 0:00:47  lr: 0.000008  min_lr: 0.000008  loss: 0.0032 (0.0032)  weight_decay: 0.0500 (0.0500)  grad_norm: 0.0000 (0.0000)  time: 1.7213  data: 0.0003  max mem: 30405
Epoch: [83]  [150/159]  eta: 0:00:21  lr: 0.000008  min_lr: 0.000008  loss: 0.0032 (0.0032)  weight_decay: 0.0500 (0.0500)  grad_norm: 0.0000 (0.0000)  time: 1.7027  data: 0.0003  max mem: 30405
Epoch: [83]  [158/159]  eta: 0:00:02  lr: 0.000008  min_lr: 0.000008  loss: 0.0033 (0.0032)  weight_decay: 0.0500 (0.0500)  grad_norm: 0.0000 (0.0000)  time: 1.6903  data: 0.0002  max mem: 30405
Epoch: [83] Total time: 0:06:21 (2.3981 s / it)
Averaged stats: lr: 0.000008  min_lr: 0.000008  loss: 0.0033 (0.0032)  weight_decay: 0.0500 (0.0500)  grad_norm: 0.0000 (0.0000)
Epoch: [84]  [  0/159]  eta: 5:07:56  lr: 0.000008  min_lr: 0.000008  loss: 0.0034 (0.0034)  weight_decay: 0.0500 (0.0500)  grad_norm: 0.0000 (0.0000)  time: 116.2023  data: 100.2995  max mem: 30405
Epoch: [84]  [ 10/159]  eta: 0:33:03  lr: 0.000008  min_lr: 0.000008  loss: 0.0032 (0.0033)  weight_decay: 0.0500 (0.0500)  grad_norm: 0.0000 (0.0000)  time: 13.3143  data: 9.2908  max mem: 30405
Epoch: [84]  [ 20/159]  eta: 0:18:06  lr: 0.000007  min_lr: 0.000007  loss: 0.0032 (0.0032)  weight_decay: 0.0500 (0.0500)  grad_norm: 0.0000 (0.0000)  time: 2.4001  data: 0.0951  max mem: 30405
Epoch: [84]  [ 30/159]  eta: 0:12:33  lr: 0.000007  min_lr: 0.000007  loss: 0.0032 (0.0032)  weight_decay: 0.0500 (0.0500)  grad_norm: 0.0000 (0.0000)  time: 1.7282  data: 0.0005  max mem: 30405
Epoch: [84]  [ 40/159]  eta: 0:09:34  lr: 0.000007  min_lr: 0.000007  loss: 0.0032 (0.0032)  weight_decay: 0.0500 (0.0500)  grad_norm: 0.0000 (0.0000)  time: 1.6828  data: 0.0005  max mem: 30405
Epoch: [84]  [ 50/159]  eta: 0:07:39  lr: 0.000007  min_lr: 0.000007  loss: 0.0032 (0.0032)  weight_decay: 0.0500 (0.0500)  grad_norm: 0.0000 (0.0000)  time: 1.6932  data: 0.0002  max mem: 30405
Epoch: [84]  [ 60/159]  eta: 0:06:16  lr: 0.000007  min_lr: 0.000007  loss: 0.0033 (0.0032)  weight_decay: 0.0500 (0.0500)  grad_norm: 0.0000 (0.0000)  time: 1.6924  data: 0.0002  max mem: 30405
Epoch: [84]  [ 70/159]  eta: 0:05:11  lr: 0.000007  min_lr: 0.000007  loss: 0.0033 (0.0032)  weight_decay: 0.0500 (0.0500)  grad_norm: 0.0000 (0.0000)  time: 1.6920  data: 0.0002  max mem: 30405
Epoch: [84]  [ 80/159]  eta: 0:04:19  lr: 0.000007  min_lr: 0.000007  loss: 0.0032 (0.0032)  weight_decay: 0.0500 (0.0500)  grad_norm: 0.0000 (0.0000)  time: 1.7062  data: 0.0002  max mem: 30405
Epoch: [84]  [ 90/159]  eta: 0:03:34  lr: 0.000007  min_lr: 0.000007  loss: 0.0032 (0.0032)  weight_decay: 0.0500 (0.0500)  grad_norm: 0.0000 (0.0000)  time: 1.6853  data: 0.0002  max mem: 30405
Epoch: [84]  [100/159]  eta: 0:02:54  lr: 0.000007  min_lr: 0.000007  loss: 0.0032 (0.0032)  weight_decay: 0.0500 (0.0500)  grad_norm: 0.0000 (0.0000)  time: 1.6742  data: 0.0002  max mem: 30405
Epoch: [84]  [110/159]  eta: 0:02:19  lr: 0.000007  min_lr: 0.000007  loss: 0.0031 (0.0032)  weight_decay: 0.0500 (0.0500)  grad_norm: 0.0000 (0.0000)  time: 1.6814  data: 0.0002  max mem: 30405
Epoch: [84]  [120/159]  eta: 0:01:47  lr: 0.000007  min_lr: 0.000007  loss: 0.0032 (0.0032)  weight_decay: 0.0500 (0.0500)  grad_norm: 0.0000 (0.0000)  time: 1.6876  data: 0.0002  max mem: 30405
Epoch: [84]  [130/159]  eta: 0:01:17  lr: 0.000007  min_lr: 0.000007  loss: 0.0031 (0.0032)  weight_decay: 0.0500 (0.0500)  grad_norm: 0.0000 (0.0000)  time: 1.6767  data: 0.0002  max mem: 30405
Epoch: [84]  [140/159]  eta: 0:00:49  lr: 0.000007  min_lr: 0.000007  loss: 0.0032 (0.0032)  weight_decay: 0.0500 (0.0500)  grad_norm: 0.0000 (0.0000)  time: 1.6633  data: 0.0002  max mem: 30405
Epoch: [84]  [150/159]  eta: 0:00:22  lr: 0.000007  min_lr: 0.000007  loss: 0.0033 (0.0032)  weight_decay: 0.0500 (0.0500)  grad_norm: 0.0000 (0.0000)  time: 1.6692  data: 0.0002  max mem: 30405
Epoch: [84]  [158/159]  eta: 0:00:02  lr: 0.000007  min_lr: 0.000007  loss: 0.0032 (0.0032)  weight_decay: 0.0500 (0.0500)  grad_norm: 0.0000 (0.0000)  time: 1.6788  data: 0.0002  max mem: 30405
Epoch: [84] Total time: 0:06:37 (2.5007 s / it)
Averaged stats: lr: 0.000007  min_lr: 0.000007  loss: 0.0032 (0.0032)  weight_decay: 0.0500 (0.0500)  grad_norm: 0.0000 (0.0000)
Epoch: [85]  [  0/159]  eta: 3:42:01  lr: 0.000007  min_lr: 0.000007  loss: 0.0030 (0.0030)  weight_decay: 0.0500 (0.0500)  grad_norm: 0.0000 (0.0000)  time: 83.7834  data: 65.3568  max mem: 30405
Epoch: [85]  [ 10/159]  eta: 0:25:08  lr: 0.000007  min_lr: 0.000007  loss: 0.0033 (0.0033)  weight_decay: 0.0500 (0.0500)  grad_norm: 0.0000 (0.0000)  time: 10.1254  data: 5.9418  max mem: 30405
Epoch: [85]  [ 20/159]  eta: 0:14:05  lr: 0.000007  min_lr: 0.000007  loss: 0.0032 (0.0032)  weight_decay: 0.0500 (0.0500)  grad_norm: 0.0000 (0.0000)  time: 2.1952  data: 0.0002  max mem: 30405
Epoch: [85]  [ 30/159]  eta: 0:10:01  lr: 0.000007  min_lr: 0.000007  loss: 0.0031 (0.0032)  weight_decay: 0.0500 (0.0500)  grad_norm: 0.0000 (0.0000)  time: 1.6596  data: 0.0002  max mem: 30405
Epoch: [85]  [ 40/159]  eta: 0:07:48  lr: 0.000006  min_lr: 0.000006  loss: 0.0032 (0.0032)  weight_decay: 0.0500 (0.0500)  grad_norm: 0.0000 (0.0000)  time: 1.6815  data: 0.0002  max mem: 30405
Epoch: [85]  [ 50/159]  eta: 0:06:21  lr: 0.000006  min_lr: 0.000006  loss: 0.0032 (0.0032)  weight_decay: 0.0500 (0.0500)  grad_norm: 0.0000 (0.0000)  time: 1.7068  data: 0.0002  max mem: 30405
Epoch: [85]  [ 60/159]  eta: 0:05:17  lr: 0.000006  min_lr: 0.000006  loss: 0.0032 (0.0032)  weight_decay: 0.0500 (0.0500)  grad_norm: 0.0000 (0.0000)  time: 1.7239  data: 0.0002  max mem: 30405
Epoch: [85]  [ 70/159]  eta: 0:04:25  lr: 0.000006  min_lr: 0.000006  loss: 0.0033 (0.0032)  weight_decay: 0.0500 (0.0500)  grad_norm: 0.0000 (0.0000)  time: 1.6653  data: 0.0002  max mem: 30405
Epoch: [85]  [ 80/159]  eta: 0:03:42  lr: 0.000006  min_lr: 0.000006  loss: 0.0031 (0.0032)  weight_decay: 0.0500 (0.0500)  grad_norm: 0.0000 (0.0000)  time: 1.6405  data: 0.0002  max mem: 30405
Epoch: [85]  [ 90/159]  eta: 0:03:06  lr: 0.000006  min_lr: 0.000006  loss: 0.0031 (0.0032)  weight_decay: 0.0500 (0.0500)  grad_norm: 0.0000 (0.0000)  time: 1.6928  data: 0.0002  max mem: 30405
Epoch: [85]  [100/159]  eta: 0:02:33  lr: 0.000006  min_lr: 0.000006  loss: 0.0032 (0.0032)  weight_decay: 0.0500 (0.0500)  grad_norm: 0.0000 (0.0000)  time: 1.7152  data: 0.0002  max mem: 30405
Epoch: [85]  [110/159]  eta: 0:02:03  lr: 0.000006  min_lr: 0.000006  loss: 0.0032 (0.0032)  weight_decay: 0.0500 (0.0500)  grad_norm: 0.0000 (0.0000)  time: 1.6842  data: 0.0002  max mem: 30405
Epoch: [85]  [120/159]  eta: 0:01:35  lr: 0.000006  min_lr: 0.000006  loss: 0.0032 (0.0032)  weight_decay: 0.0500 (0.0500)  grad_norm: 0.0000 (0.0000)  time: 1.6641  data: 0.0002  max mem: 30405
Epoch: [85]  [130/159]  eta: 0:01:09  lr: 0.000006  min_lr: 0.000006  loss: 0.0031 (0.0032)  weight_decay: 0.0500 (0.0500)  grad_norm: 0.0000 (0.0000)  time: 1.6946  data: 0.0002  max mem: 30405
Epoch: [85]  [140/159]  eta: 0:00:44  lr: 0.000006  min_lr: 0.000006  loss: 0.0032 (0.0032)  weight_decay: 0.0500 (0.0500)  grad_norm: 0.0000 (0.0000)  time: 1.6960  data: 0.0002  max mem: 30405
Epoch: [85]  [150/159]  eta: 0:00:20  lr: 0.000006  min_lr: 0.000006  loss: 0.0032 (0.0032)  weight_decay: 0.0500 (0.0500)  grad_norm: 0.0000 (0.0000)  time: 1.6708  data: 0.0002  max mem: 30405
Epoch: [85]  [158/159]  eta: 0:00:02  lr: 0.000006  min_lr: 0.000006  loss: 0.0032 (0.0032)  weight_decay: 0.0500 (0.0500)  grad_norm: 0.0000 (0.0000)  time: 1.6614  data: 0.0002  max mem: 30405
Epoch: [85] Total time: 0:06:00 (2.2703 s / it)
Averaged stats: lr: 0.000006  min_lr: 0.000006  loss: 0.0032 (0.0032)  weight_decay: 0.0500 (0.0500)  grad_norm: 0.0000 (0.0000)
Epoch: [86]  [  0/159]  eta: 5:11:15  lr: 0.000006  min_lr: 0.000006  loss: 0.0035 (0.0035)  weight_decay: 0.0500 (0.0500)  grad_norm: 0.0000 (0.0000)  time: 117.4565  data: 59.4305  max mem: 30405
Epoch: [86]  [ 10/159]  eta: 0:31:44  lr: 0.000006  min_lr: 0.000006  loss: 0.0032 (0.0032)  weight_decay: 0.0500 (0.0500)  grad_norm: 0.0000 (0.0000)  time: 12.7804  data: 5.4031  max mem: 30405
Epoch: [86]  [ 20/159]  eta: 0:17:19  lr: 0.000006  min_lr: 0.000006  loss: 0.0031 (0.0032)  weight_decay: 0.0500 (0.0500)  grad_norm: 0.0000 (0.0000)  time: 1.9802  data: 0.0003  max mem: 30405
Epoch: [86]  [ 30/159]  eta: 0:12:04  lr: 0.000006  min_lr: 0.000006  loss: 0.0031 (0.0032)  weight_decay: 0.0500 (0.0500)  grad_norm: 0.0000 (0.0000)  time: 1.6779  data: 0.0002  max mem: 30405
Epoch: [86]  [ 40/159]  eta: 0:09:14  lr: 0.000006  min_lr: 0.000006  loss: 0.0032 (0.0031)  weight_decay: 0.0500 (0.0500)  grad_norm: 0.0000 (0.0000)  time: 1.6943  data: 0.0002  max mem: 30405
Epoch: [86]  [ 50/159]  eta: 0:07:23  lr: 0.000006  min_lr: 0.000006  loss: 0.0032 (0.0032)  weight_decay: 0.0500 (0.0500)  grad_norm: 0.0000 (0.0000)  time: 1.6796  data: 0.0002  max mem: 30405
Epoch: [86]  [ 60/159]  eta: 0:06:04  lr: 0.000006  min_lr: 0.000006  loss: 0.0032 (0.0032)  weight_decay: 0.0500 (0.0500)  grad_norm: 0.0000 (0.0000)  time: 1.6737  data: 0.0002  max mem: 30405
Epoch: [86]  [ 70/159]  eta: 0:05:02  lr: 0.000005  min_lr: 0.000005  loss: 0.0032 (0.0032)  weight_decay: 0.0500 (0.0500)  grad_norm: 0.0000 (0.0000)  time: 1.6807  data: 0.0002  max mem: 30405
Epoch: [86]  [ 80/159]  eta: 0:04:11  lr: 0.000005  min_lr: 0.000005  loss: 0.0032 (0.0032)  weight_decay: 0.0500 (0.0500)  grad_norm: 0.0000 (0.0000)  time: 1.6783  data: 0.0002  max mem: 30405
Epoch: [86]  [ 90/159]  eta: 0:03:28  lr: 0.000005  min_lr: 0.000005  loss: 0.0032 (0.0032)  weight_decay: 0.0500 (0.0500)  grad_norm: 0.0000 (0.0000)  time: 1.6773  data: 0.0002  max mem: 30405
Epoch: [86]  [100/159]  eta: 0:02:50  lr: 0.000005  min_lr: 0.000005  loss: 0.0033 (0.0032)  weight_decay: 0.0500 (0.0500)  grad_norm: 0.0000 (0.0000)  time: 1.7198  data: 0.0002  max mem: 30405
Epoch: [86]  [110/159]  eta: 0:02:16  lr: 0.000005  min_lr: 0.000005  loss: 0.0033 (0.0032)  weight_decay: 0.0500 (0.0500)  grad_norm: 0.0000 (0.0000)  time: 1.7227  data: 0.0002  max mem: 30405
Epoch: [86]  [120/159]  eta: 0:01:45  lr: 0.000005  min_lr: 0.000005  loss: 0.0034 (0.0032)  weight_decay: 0.0500 (0.0500)  grad_norm: 0.0000 (0.0000)  time: 1.7167  data: 0.0002  max mem: 30405
Epoch: [86]  [130/159]  eta: 0:01:16  lr: 0.000005  min_lr: 0.000005  loss: 0.0032 (0.0032)  weight_decay: 0.0500 (0.0500)  grad_norm: 0.0000 (0.0000)  time: 1.7325  data: 0.0002  max mem: 30405
Epoch: [86]  [140/159]  eta: 0:00:48  lr: 0.000005  min_lr: 0.000005  loss: 0.0031 (0.0032)  weight_decay: 0.0500 (0.0500)  grad_norm: 0.0000 (0.0000)  time: 1.7116  data: 0.0002  max mem: 30405
Epoch: [86]  [150/159]  eta: 0:00:22  lr: 0.000005  min_lr: 0.000005  loss: 0.0032 (0.0032)  weight_decay: 0.0500 (0.0500)  grad_norm: 0.0000 (0.0000)  time: 1.7138  data: 0.0002  max mem: 30405
Epoch: [86]  [158/159]  eta: 0:00:02  lr: 0.000005  min_lr: 0.000005  loss: 0.0033 (0.0032)  weight_decay: 0.0500 (0.0500)  grad_norm: 0.0000 (0.0000)  time: 1.7306  data: 0.0002  max mem: 30405
Epoch: [86] Total time: 0:06:33 (2.4723 s / it)
Averaged stats: lr: 0.000005  min_lr: 0.000005  loss: 0.0033 (0.0032)  weight_decay: 0.0500 (0.0500)  grad_norm: 0.0000 (0.0000)
Epoch: [87]  [  0/159]  eta: 5:21:25  lr: 0.000005  min_lr: 0.000005  loss: 0.0032 (0.0032)  weight_decay: 0.0500 (0.0500)  grad_norm: 0.0000 (0.0000)  time: 121.2932  data: 82.4502  max mem: 30405
Epoch: [87]  [ 10/159]  eta: 0:34:18  lr: 0.000005  min_lr: 0.000005  loss: 0.0031 (0.0032)  weight_decay: 0.0500 (0.0500)  grad_norm: 0.0000 (0.0000)  time: 13.8161  data: 7.4957  max mem: 30405
Epoch: [87]  [ 20/159]  eta: 0:18:44  lr: 0.000005  min_lr: 0.000005  loss: 0.0031 (0.0031)  weight_decay: 0.0500 (0.0500)  grad_norm: 0.0000 (0.0000)  time: 2.4292  data: 0.0003  max mem: 30405
Epoch: [87]  [ 30/159]  eta: 0:12:59  lr: 0.000005  min_lr: 0.000005  loss: 0.0031 (0.0031)  weight_decay: 0.0500 (0.0500)  grad_norm: 0.0000 (0.0000)  time: 1.7650  data: 0.0002  max mem: 30405
Epoch: [87]  [ 40/159]  eta: 0:09:53  lr: 0.000005  min_lr: 0.000005  loss: 0.0032 (0.0032)  weight_decay: 0.0500 (0.0500)  grad_norm: 0.0000 (0.0000)  time: 1.7373  data: 0.0002  max mem: 30405
Epoch: [87]  [ 50/159]  eta: 0:07:54  lr: 0.000005  min_lr: 0.000005  loss: 0.0032 (0.0032)  weight_decay: 0.0500 (0.0500)  grad_norm: 0.0000 (0.0000)  time: 1.7409  data: 0.0002  max mem: 30405
Epoch: [87]  [ 60/159]  eta: 0:06:28  lr: 0.000005  min_lr: 0.000005  loss: 0.0032 (0.0032)  weight_decay: 0.0500 (0.0500)  grad_norm: 0.0000 (0.0000)  time: 1.7375  data: 0.0002  max mem: 30405
Epoch: [87]  [ 70/159]  eta: 0:05:21  lr: 0.000005  min_lr: 0.000005  loss: 0.0033 (0.0032)  weight_decay: 0.0500 (0.0500)  grad_norm: 0.0000 (0.0000)  time: 1.7284  data: 0.0002  max mem: 30405
Epoch: [87]  [ 80/159]  eta: 0:04:27  lr: 0.000005  min_lr: 0.000005  loss: 0.0033 (0.0032)  weight_decay: 0.0500 (0.0500)  grad_norm: 0.0000 (0.0000)  time: 1.7247  data: 0.0002  max mem: 30405
Epoch: [87]  [ 90/159]  eta: 0:03:40  lr: 0.000005  min_lr: 0.000005  loss: 0.0033 (0.0032)  weight_decay: 0.0500 (0.0500)  grad_norm: 0.0000 (0.0000)  time: 1.7030  data: 0.0002  max mem: 30405
