job is starting on gpuc04.delta.ncsa.illinois.edu
| distributed init (rank 0): env://, gpu 0
| distributed init (rank 6): env://, gpu 6
| distributed init (rank 7): env://, gpu 7
| distributed init (rank 5): env://, gpu 5
| distributed init (rank 3): env://, gpu 3
| distributed init (rank 1): env://, gpu 1
| distributed init (rank 4): env://, gpu 4
| distributed init (rank 2): env://, gpu 2
dataset_train size = 40780
dataset_val size = 416
Namespace(run_name='model/pretrain/S_MAE_rgb-depth-caption', batch_size=48, full_img_size=673, eff_img_size=673, target_size=224, mask_proportion=0.6, patch_size=32, epochs=500, accum_iter=1, save_ckpt_freq=100, model='sarformer_s_mae', dtype='bf16', cond_domains=['rgb', 'depth', 'caption'], loss_type='bce', distance_type='euclidean', objective='mae', crop_std=1e+16, hflip=0.5, vflip=0.5, finetune='', opt='adamw', opt_eps=1e-08, opt_betas=[0.9, 0.99], compute_grad_norm=True, clip_grad=None, skip_grad=None, momentum=0.9, weight_decay=0.05, weight_decay_end=None, blr=0.0001, min_blr=0.0, lr_and_wd_scheduler='cosine', warmup_epochs=50, cooldown_epochs=10, eval_data_path='/scratch/bdej/cohanlon/data/eval', num_eval_metrics_samples=416, num_logged_images=9, eval_batch_size=None, eval_freq=50, eval_metric_freq=10, eval_image_log_freq=50, dist_eval=True, eval_only=False, output_dir='/scratch/bdej/cohanlon/checkpoints/sarformer/model/pretrain/S_MAE_rgb-depth-caption', device='cuda', seed=0, resume='', auto_resume=False, start_epoch=0, num_workers=110, pin_mem=True, show_user_warnings=False, log_wandb=True, wandb_project='model', wandb_entity='sarformer', wandb_run_name='pretrain/S_MAE_rgb-depth-caption', dist_url='env://', print_all=False, warmup_lr=1e-06, min_lr=0.0, eval_metrics_freq=100, data_path='/scratch/bdej/cohanlon/data/train', config_path='cfgs/sarformer/model/pretrain/S_MAE_rgb-depth-caption.yaml', rank=0, world_size=8, gpu=0, distributed=True, dist_backend='nccl', all_domains=['rgb', 'depth', 'caption', 'mask'])
Creating model: sarformer_s_mae conditioned on ['rgb', 'depth', 'caption']
Model = SARFormer(
  (seq_encoder): T5EncoderModel(
    (shared): Embedding(32128, 512)
    (encoder): T5Stack(
      (embed_tokens): Embedding(32128, 512)
      (block): ModuleList(
        (0): T5Block(
          (layer): ModuleList(
            (0): T5LayerSelfAttention(
              (SelfAttention): T5Attention(
                (q): Linear(in_features=512, out_features=384, bias=False)
                (k): Linear(in_features=512, out_features=384, bias=False)
                (v): Linear(in_features=512, out_features=384, bias=False)
                (o): Linear(in_features=384, out_features=512, bias=False)
                (relative_attention_bias): Embedding(32, 6)
              )
              (layer_norm): T5LayerNorm()
              (dropout): Dropout(p=0.1, inplace=False)
            )
            (1): T5LayerFF(
              (DenseReluDense): T5DenseGatedActDense(
                (wi_0): Linear(in_features=512, out_features=1024, bias=False)
                (wi_1): Linear(in_features=512, out_features=1024, bias=False)
                (wo): Linear(in_features=1024, out_features=512, bias=False)
                (dropout): Dropout(p=0.1, inplace=False)
                (act): NewGELUActivation()
              )
              (layer_norm): T5LayerNorm()
              (dropout): Dropout(p=0.1, inplace=False)
            )
          )
        )
        (1-7): 7 x T5Block(
          (layer): ModuleList(
            (0): T5LayerSelfAttention(
              (SelfAttention): T5Attention(
                (q): Linear(in_features=512, out_features=384, bias=False)
                (k): Linear(in_features=512, out_features=384, bias=False)
                (v): Linear(in_features=512, out_features=384, bias=False)
                (o): Linear(in_features=384, out_features=512, bias=False)
              )
              (layer_norm): T5LayerNorm()
              (dropout): Dropout(p=0.1, inplace=False)
            )
            (1): T5LayerFF(
              (DenseReluDense): T5DenseGatedActDense(
                (wi_0): Linear(in_features=512, out_features=1024, bias=False)
                (wi_1): Linear(in_features=512, out_features=1024, bias=False)
                (wo): Linear(in_features=1024, out_features=512, bias=False)
                (dropout): Dropout(p=0.1, inplace=False)
                (act): NewGELUActivation()
              )
              (layer_norm): T5LayerNorm()
              (dropout): Dropout(p=0.1, inplace=False)
            )
          )
        )
      )
      (final_layer_norm): T5LayerNorm()
      (dropout): Dropout(p=0.1, inplace=False)
    )
  )
  (backbone): PatchedConvNeXtUNet(
    (in_proj): Linear(in_features=64, out_features=64, bias=True)
    (down_blocks): ModuleList(
      (0): ConditionedSequential(
        (0): ConvNeXtV2Block(
          (skip_proj): Identity()
          (dwconv): Conv2d(64, 64, kernel_size=(7, 7), stride=(1, 1), padding=(3, 3), groups=64)
          (norm): LayerNorm((64,), eps=1e-06, elementwise_affine=True)
          (pwconv1): Linear(in_features=64, out_features=256, bias=True)
          (act): SiLU()
          (grn): GRN()
          (pwconv2): Linear(in_features=256, out_features=64, bias=True)
          (drop_path): Identity()
        )
        (1): ConvNeXtV2Block(
          (skip_proj): Identity()
          (dwconv): Conv2d(64, 64, kernel_size=(7, 7), stride=(1, 1), padding=(3, 3), groups=64)
          (norm): LayerNorm((64,), eps=1e-06, elementwise_affine=True)
          (pwconv1): Linear(in_features=64, out_features=256, bias=True)
          (act): SiLU()
          (grn): GRN()
          (pwconv2): Linear(in_features=256, out_features=64, bias=True)
          (drop_path): Identity()
        )
        (2): ConvNeXtV2Block(
          (skip_proj): Identity()
          (dwconv): Conv2d(64, 64, kernel_size=(7, 7), stride=(1, 1), padding=(3, 3), groups=64)
          (norm): LayerNorm((64,), eps=1e-06, elementwise_affine=True)
          (pwconv1): Linear(in_features=64, out_features=256, bias=True)
          (act): SiLU()
          (grn): GRN()
          (pwconv2): Linear(in_features=256, out_features=64, bias=True)
          (drop_path): Identity()
        )
        (3): ConvNeXtV2Block(
          (skip_proj): Identity()
          (dwconv): Conv2d(64, 64, kernel_size=(7, 7), stride=(1, 1), padding=(3, 3), groups=64)
          (norm): LayerNorm((64,), eps=1e-06, elementwise_affine=True)
          (pwconv1): Linear(in_features=64, out_features=256, bias=True)
          (act): SiLU()
          (grn): GRN()
          (pwconv2): Linear(in_features=256, out_features=64, bias=True)
          (drop_path): Identity()
        )
        (4): ConvNeXtV2Block(
          (skip_proj): Linear(in_features=64, out_features=128, bias=True)
          (dwconv): Conv2d(64, 64, kernel_size=(7, 7), stride=(1, 1), padding=(3, 3), groups=64)
          (norm): LayerNorm((64,), eps=1e-06, elementwise_affine=True)
          (pwconv1): Linear(in_features=64, out_features=256, bias=True)
          (act): SiLU()
          (grn): GRN()
          (pwconv2): Linear(in_features=256, out_features=128, bias=True)
          (drop_path): Identity()
        )
        (5): NormCrossAttentionBlock(
          (q): Linear(in_features=128, out_features=128, bias=True)
          (kv): Linear(in_features=512, out_features=256, bias=True)
          (attn_drop): Dropout(p=0.0, inplace=False)
          (proj): Linear(in_features=128, out_features=128, bias=True)
          (proj_drop): Dropout(p=0.0, inplace=False)
          (q_norm): LayerNorm((16,), eps=1e-05, elementwise_affine=True)
          (k_norm): LayerNorm((16,), eps=1e-05, elementwise_affine=True)
        )
      )
      (1): ConditionedSequential(
        (0): Downsample(
          scale_factor=0.5
          (pool): AvgPool2d(kernel_size=2, stride=2, padding=0)
        )
        (1): ConvNeXtV2Block(
          (skip_proj): Identity()
          (dwconv): Conv2d(128, 128, kernel_size=(7, 7), stride=(1, 1), padding=(3, 3), groups=128)
          (norm): LayerNorm((128,), eps=1e-06, elementwise_affine=True)
          (pwconv1): Linear(in_features=128, out_features=512, bias=True)
          (act): SiLU()
          (grn): GRN()
          (pwconv2): Linear(in_features=512, out_features=128, bias=True)
          (drop_path): Identity()
        )
        (2): ConvNeXtV2Block(
          (skip_proj): Identity()
          (dwconv): Conv2d(128, 128, kernel_size=(7, 7), stride=(1, 1), padding=(3, 3), groups=128)
          (norm): LayerNorm((128,), eps=1e-06, elementwise_affine=True)
          (pwconv1): Linear(in_features=128, out_features=512, bias=True)
          (act): SiLU()
          (grn): GRN()
          (pwconv2): Linear(in_features=512, out_features=128, bias=True)
          (drop_path): Identity()
        )
        (3): ConvNeXtV2Block(
          (skip_proj): Identity()
          (dwconv): Conv2d(128, 128, kernel_size=(7, 7), stride=(1, 1), padding=(3, 3), groups=128)
          (norm): LayerNorm((128,), eps=1e-06, elementwise_affine=True)
          (pwconv1): Linear(in_features=128, out_features=512, bias=True)
          (act): SiLU()
          (grn): GRN()
          (pwconv2): Linear(in_features=512, out_features=128, bias=True)
          (drop_path): Identity()
        )
        (4): ConvNeXtV2Block(
          (skip_proj): Identity()
          (dwconv): Conv2d(128, 128, kernel_size=(7, 7), stride=(1, 1), padding=(3, 3), groups=128)
          (norm): LayerNorm((128,), eps=1e-06, elementwise_affine=True)
          (pwconv1): Linear(in_features=128, out_features=512, bias=True)
          (act): SiLU()
          (grn): GRN()
          (pwconv2): Linear(in_features=512, out_features=128, bias=True)
          (drop_path): Identity()
        )
        (5): ConvNeXtV2Block(
          (skip_proj): Linear(in_features=128, out_features=256, bias=True)
          (dwconv): Conv2d(128, 128, kernel_size=(7, 7), stride=(1, 1), padding=(3, 3), groups=128)
          (norm): LayerNorm((128,), eps=1e-06, elementwise_affine=True)
          (pwconv1): Linear(in_features=128, out_features=512, bias=True)
          (act): SiLU()
          (grn): GRN()
          (pwconv2): Linear(in_features=512, out_features=256, bias=True)
          (drop_path): Identity()
        )
        (6): NormCrossAttentionBlock(
          (q): Linear(in_features=256, out_features=256, bias=True)
          (kv): Linear(in_features=512, out_features=512, bias=True)
          (attn_drop): Dropout(p=0.0, inplace=False)
          (proj): Linear(in_features=256, out_features=256, bias=True)
          (proj_drop): Dropout(p=0.0, inplace=False)
          (q_norm): LayerNorm((32,), eps=1e-05, elementwise_affine=True)
          (k_norm): LayerNorm((32,), eps=1e-05, elementwise_affine=True)
        )
      )
      (2): ConditionedSequential(
        (0): Downsample(
          scale_factor=0.5
          (pool): AvgPool2d(kernel_size=2, stride=2, padding=0)
        )
        (1): ConvNeXtV2Block(
          (skip_proj): Identity()
          (dwconv): Conv2d(256, 256, kernel_size=(7, 7), stride=(1, 1), padding=(3, 3), groups=256)
          (norm): LayerNorm((256,), eps=1e-06, elementwise_affine=True)
          (pwconv1): Linear(in_features=256, out_features=1024, bias=True)
          (act): SiLU()
          (grn): GRN()
          (pwconv2): Linear(in_features=1024, out_features=256, bias=True)
          (drop_path): Identity()
        )
        (2): ConvNeXtV2Block(
          (skip_proj): Identity()
          (dwconv): Conv2d(256, 256, kernel_size=(7, 7), stride=(1, 1), padding=(3, 3), groups=256)
          (norm): LayerNorm((256,), eps=1e-06, elementwise_affine=True)
          (pwconv1): Linear(in_features=256, out_features=1024, bias=True)
          (act): SiLU()
          (grn): GRN()
          (pwconv2): Linear(in_features=1024, out_features=256, bias=True)
          (drop_path): Identity()
        )
        (3): ConvNeXtV2Block(
          (skip_proj): Identity()
          (dwconv): Conv2d(256, 256, kernel_size=(7, 7), stride=(1, 1), padding=(3, 3), groups=256)
          (norm): LayerNorm((256,), eps=1e-06, elementwise_affine=True)
          (pwconv1): Linear(in_features=256, out_features=1024, bias=True)
          (act): SiLU()
          (grn): GRN()
          (pwconv2): Linear(in_features=1024, out_features=256, bias=True)
          (drop_path): Identity()
        )
        (4): ConvNeXtV2Block(
          (skip_proj): Identity()
          (dwconv): Conv2d(256, 256, kernel_size=(7, 7), stride=(1, 1), padding=(3, 3), groups=256)
          (norm): LayerNorm((256,), eps=1e-06, elementwise_affine=True)
          (pwconv1): Linear(in_features=256, out_features=1024, bias=True)
          (act): SiLU()
          (grn): GRN()
          (pwconv2): Linear(in_features=1024, out_features=256, bias=True)
          (drop_path): Identity()
        )
        (5): ConvNeXtV2Block(
          (skip_proj): Linear(in_features=256, out_features=512, bias=True)
          (dwconv): Conv2d(256, 256, kernel_size=(7, 7), stride=(1, 1), padding=(3, 3), groups=256)
          (norm): LayerNorm((256,), eps=1e-06, elementwise_affine=True)
          (pwconv1): Linear(in_features=256, out_features=1024, bias=True)
          (act): SiLU()
          (grn): GRN()
          (pwconv2): Linear(in_features=1024, out_features=512, bias=True)
          (drop_path): Identity()
        )
        (6): NormCrossAttentionBlock(
          (q): Linear(in_features=512, out_features=512, bias=True)
          (kv): Linear(in_features=512, out_features=1024, bias=True)
          (attn_drop): Dropout(p=0.0, inplace=False)
          (proj): Linear(in_features=512, out_features=512, bias=True)
          (proj_drop): Dropout(p=0.0, inplace=False)
          (q_norm): LayerNorm((64,), eps=1e-05, elementwise_affine=True)
          (k_norm): LayerNorm((64,), eps=1e-05, elementwise_affine=True)
        )
      )
    )
    (middle_block): ConditionedSequential(
      (0): Downsample(
        scale_factor=0.5
        (pool): AvgPool2d(kernel_size=2, stride=2, padding=0)
      )
      (1): ConvNeXtV2Block(
        (skip_proj): Identity()
        (dwconv): Conv2d(512, 512, kernel_size=(7, 7), stride=(1, 1), padding=(3, 3), groups=512)
        (norm): LayerNorm((512,), eps=1e-06, elementwise_affine=True)
        (pwconv1): Linear(in_features=512, out_features=2048, bias=True)
        (act): SiLU()
        (grn): GRN()
        (pwconv2): Linear(in_features=2048, out_features=512, bias=True)
        (drop_path): Identity()
      )
      (2): ConvNeXtV2Block(
        (skip_proj): Identity()
        (dwconv): Conv2d(512, 512, kernel_size=(7, 7), stride=(1, 1), padding=(3, 3), groups=512)
        (norm): LayerNorm((512,), eps=1e-06, elementwise_affine=True)
        (pwconv1): Linear(in_features=512, out_features=2048, bias=True)
        (act): SiLU()
        (grn): GRN()
        (pwconv2): Linear(in_features=2048, out_features=512, bias=True)
        (drop_path): Identity()
      )
      (3): ConvNeXtV2Block(
        (skip_proj): Identity()
        (dwconv): Conv2d(512, 512, kernel_size=(7, 7), stride=(1, 1), padding=(3, 3), groups=512)
        (norm): LayerNorm((512,), eps=1e-06, elementwise_affine=True)
        (pwconv1): Linear(in_features=512, out_features=2048, bias=True)
        (act): SiLU()
        (grn): GRN()
        (pwconv2): Linear(in_features=2048, out_features=512, bias=True)
        (drop_path): Identity()
      )
      (4): ConvNeXtV2Block(
        (skip_proj): Identity()
        (dwconv): Conv2d(512, 512, kernel_size=(7, 7), stride=(1, 1), padding=(3, 3), groups=512)
        (norm): LayerNorm((512,), eps=1e-06, elementwise_affine=True)
        (pwconv1): Linear(in_features=512, out_features=2048, bias=True)
        (act): SiLU()
        (grn): GRN()
        (pwconv2): Linear(in_features=2048, out_features=512, bias=True)
        (drop_path): Identity()
      )
      (5): ConvNeXtV2Block(
        (skip_proj): Linear(in_features=512, out_features=1024, bias=True)
        (dwconv): Conv2d(512, 512, kernel_size=(7, 7), stride=(1, 1), padding=(3, 3), groups=512)
        (norm): LayerNorm((512,), eps=1e-06, elementwise_affine=True)
        (pwconv1): Linear(in_features=512, out_features=2048, bias=True)
        (act): SiLU()
        (grn): GRN()
        (pwconv2): Linear(in_features=2048, out_features=1024, bias=True)
        (drop_path): Identity()
      )
      (6): NormCrossAttentionBlock(
        (q): Linear(in_features=1024, out_features=1024, bias=True)
        (kv): Linear(in_features=512, out_features=2048, bias=True)
        (attn_drop): Dropout(p=0.0, inplace=False)
        (proj): Linear(in_features=1024, out_features=1024, bias=True)
        (proj_drop): Dropout(p=0.0, inplace=False)
        (q_norm): LayerNorm((128,), eps=1e-05, elementwise_affine=True)
        (k_norm): LayerNorm((128,), eps=1e-05, elementwise_affine=True)
      )
      (7): ConvNeXtV2Block(
        (skip_proj): Identity()
        (dwconv): Conv2d(1024, 1024, kernel_size=(7, 7), stride=(1, 1), padding=(3, 3), groups=1024)
        (norm): LayerNorm((1024,), eps=1e-06, elementwise_affine=True)
        (pwconv1): Linear(in_features=1024, out_features=4096, bias=True)
        (act): SiLU()
        (grn): GRN()
        (pwconv2): Linear(in_features=4096, out_features=1024, bias=True)
        (drop_path): Identity()
      )
      (8): ConvNeXtV2Block(
        (skip_proj): Identity()
        (dwconv): Conv2d(1024, 1024, kernel_size=(7, 7), stride=(1, 1), padding=(3, 3), groups=1024)
        (norm): LayerNorm((1024,), eps=1e-06, elementwise_affine=True)
        (pwconv1): Linear(in_features=1024, out_features=4096, bias=True)
        (act): SiLU()
        (grn): GRN()
        (pwconv2): Linear(in_features=4096, out_features=1024, bias=True)
        (drop_path): Identity()
      )
      (9): ConvNeXtV2Block(
        (skip_proj): Identity()
        (dwconv): Conv2d(1024, 1024, kernel_size=(7, 7), stride=(1, 1), padding=(3, 3), groups=1024)
        (norm): LayerNorm((1024,), eps=1e-06, elementwise_affine=True)
        (pwconv1): Linear(in_features=1024, out_features=4096, bias=True)
        (act): SiLU()
        (grn): GRN()
        (pwconv2): Linear(in_features=4096, out_features=1024, bias=True)
        (drop_path): Identity()
      )
      (10): ConvNeXtV2Block(
        (skip_proj): Identity()
        (dwconv): Conv2d(1024, 1024, kernel_size=(7, 7), stride=(1, 1), padding=(3, 3), groups=1024)
        (norm): LayerNorm((1024,), eps=1e-06, elementwise_affine=True)
        (pwconv1): Linear(in_features=1024, out_features=4096, bias=True)
        (act): SiLU()
        (grn): GRN()
        (pwconv2): Linear(in_features=4096, out_features=1024, bias=True)
        (drop_path): Identity()
      )
      (11): ConvNeXtV2Block(
        (skip_proj): Linear(in_features=1024, out_features=512, bias=True)
        (dwconv): Conv2d(1024, 1024, kernel_size=(7, 7), stride=(1, 1), padding=(3, 3), groups=1024)
        (norm): LayerNorm((1024,), eps=1e-06, elementwise_affine=True)
        (pwconv1): Linear(in_features=1024, out_features=4096, bias=True)
        (act): SiLU()
        (grn): GRN()
        (pwconv2): Linear(in_features=4096, out_features=512, bias=True)
        (drop_path): Identity()
      )
      (12): Upsample(scale_factor=2.0, mode=nearest)
    )
    (up_blocks): ModuleList(
      (0): ConditionedSequential(
        (0): ConvNeXtV2Block(
          (skip_proj): Linear(in_features=1024, out_features=512, bias=True)
          (dwconv): Conv2d(1024, 1024, kernel_size=(7, 7), stride=(1, 1), padding=(3, 3), groups=1024)
          (norm): LayerNorm((1024,), eps=1e-06, elementwise_affine=True)
          (pwconv1): Linear(in_features=1024, out_features=4096, bias=True)
          (act): SiLU()
          (grn): GRN()
          (pwconv2): Linear(in_features=4096, out_features=512, bias=True)
          (drop_path): Identity()
        )
        (1): ConvNeXtV2Block(
          (skip_proj): Identity()
          (dwconv): Conv2d(512, 512, kernel_size=(7, 7), stride=(1, 1), padding=(3, 3), groups=512)
          (norm): LayerNorm((512,), eps=1e-06, elementwise_affine=True)
          (pwconv1): Linear(in_features=512, out_features=2048, bias=True)
          (act): SiLU()
          (grn): GRN()
          (pwconv2): Linear(in_features=2048, out_features=512, bias=True)
          (drop_path): Identity()
        )
        (2): ConvNeXtV2Block(
          (skip_proj): Identity()
          (dwconv): Conv2d(512, 512, kernel_size=(7, 7), stride=(1, 1), padding=(3, 3), groups=512)
          (norm): LayerNorm((512,), eps=1e-06, elementwise_affine=True)
          (pwconv1): Linear(in_features=512, out_features=2048, bias=True)
          (act): SiLU()
          (grn): GRN()
          (pwconv2): Linear(in_features=2048, out_features=512, bias=True)
          (drop_path): Identity()
        )
        (3): ConvNeXtV2Block(
          (skip_proj): Identity()
          (dwconv): Conv2d(512, 512, kernel_size=(7, 7), stride=(1, 1), padding=(3, 3), groups=512)
          (norm): LayerNorm((512,), eps=1e-06, elementwise_affine=True)
          (pwconv1): Linear(in_features=512, out_features=2048, bias=True)
          (act): SiLU()
          (grn): GRN()
          (pwconv2): Linear(in_features=2048, out_features=512, bias=True)
          (drop_path): Identity()
        )
        (4): ConvNeXtV2Block(
          (skip_proj): Linear(in_features=512, out_features=256, bias=True)
          (dwconv): Conv2d(512, 512, kernel_size=(7, 7), stride=(1, 1), padding=(3, 3), groups=512)
          (norm): LayerNorm((512,), eps=1e-06, elementwise_affine=True)
          (pwconv1): Linear(in_features=512, out_features=2048, bias=True)
          (act): SiLU()
          (grn): GRN()
          (pwconv2): Linear(in_features=2048, out_features=256, bias=True)
          (drop_path): Identity()
        )
        (5): NormCrossAttentionBlock(
          (q): Linear(in_features=256, out_features=256, bias=True)
          (kv): Linear(in_features=512, out_features=512, bias=True)
          (attn_drop): Dropout(p=0.0, inplace=False)
          (proj): Linear(in_features=256, out_features=256, bias=True)
          (proj_drop): Dropout(p=0.0, inplace=False)
          (q_norm): LayerNorm((32,), eps=1e-05, elementwise_affine=True)
          (k_norm): LayerNorm((32,), eps=1e-05, elementwise_affine=True)
        )
        (6): Upsample(scale_factor=2.0, mode=nearest)
      )
      (1): ConditionedSequential(
        (0): ConvNeXtV2Block(
          (skip_proj): Linear(in_features=512, out_features=256, bias=True)
          (dwconv): Conv2d(512, 512, kernel_size=(7, 7), stride=(1, 1), padding=(3, 3), groups=512)
          (norm): LayerNorm((512,), eps=1e-06, elementwise_affine=True)
          (pwconv1): Linear(in_features=512, out_features=2048, bias=True)
          (act): SiLU()
          (grn): GRN()
          (pwconv2): Linear(in_features=2048, out_features=256, bias=True)
          (drop_path): Identity()
        )
        (1): ConvNeXtV2Block(
          (skip_proj): Identity()
          (dwconv): Conv2d(256, 256, kernel_size=(7, 7), stride=(1, 1), padding=(3, 3), groups=256)
          (norm): LayerNorm((256,), eps=1e-06, elementwise_affine=True)
          (pwconv1): Linear(in_features=256, out_features=1024, bias=True)
          (act): SiLU()
          (grn): GRN()
          (pwconv2): Linear(in_features=1024, out_features=256, bias=True)
          (drop_path): Identity()
        )
        (2): ConvNeXtV2Block(
          (skip_proj): Identity()
          (dwconv): Conv2d(256, 256, kernel_size=(7, 7), stride=(1, 1), padding=(3, 3), groups=256)
          (norm): LayerNorm((256,), eps=1e-06, elementwise_affine=True)
          (pwconv1): Linear(in_features=256, out_features=1024, bias=True)
          (act): SiLU()
          (grn): GRN()
          (pwconv2): Linear(in_features=1024, out_features=256, bias=True)
          (drop_path): Identity()
        )
        (3): ConvNeXtV2Block(
          (skip_proj): Identity()
          (dwconv): Conv2d(256, 256, kernel_size=(7, 7), stride=(1, 1), padding=(3, 3), groups=256)
          (norm): LayerNorm((256,), eps=1e-06, elementwise_affine=True)
          (pwconv1): Linear(in_features=256, out_features=1024, bias=True)
          (act): SiLU()
          (grn): GRN()
          (pwconv2): Linear(in_features=1024, out_features=256, bias=True)
          (drop_path): Identity()
        )
        (4): ConvNeXtV2Block(
          (skip_proj): Linear(in_features=256, out_features=128, bias=True)
          (dwconv): Conv2d(256, 256, kernel_size=(7, 7), stride=(1, 1), padding=(3, 3), groups=256)
          (norm): LayerNorm((256,), eps=1e-06, elementwise_affine=True)
          (pwconv1): Linear(in_features=256, out_features=1024, bias=True)
          (act): SiLU()
          (grn): GRN()
          (pwconv2): Linear(in_features=1024, out_features=128, bias=True)
          (drop_path): Identity()
        )
        (5): NormCrossAttentionBlock(
          (q): Linear(in_features=128, out_features=128, bias=True)
          (kv): Linear(in_features=512, out_features=256, bias=True)
          (attn_drop): Dropout(p=0.0, inplace=False)
          (proj): Linear(in_features=128, out_features=128, bias=True)
          (proj_drop): Dropout(p=0.0, inplace=False)
          (q_norm): LayerNorm((16,), eps=1e-05, elementwise_affine=True)
          (k_norm): LayerNorm((16,), eps=1e-05, elementwise_affine=True)
        )
        (6): Upsample(scale_factor=2.0, mode=nearest)
      )
      (2): ConditionedSequential(
        (0): ConvNeXtV2Block(
          (skip_proj): Linear(in_features=256, out_features=128, bias=True)
          (dwconv): Conv2d(256, 256, kernel_size=(7, 7), stride=(1, 1), padding=(3, 3), groups=256)
          (norm): LayerNorm((256,), eps=1e-06, elementwise_affine=True)
          (pwconv1): Linear(in_features=256, out_features=1024, bias=True)
          (act): SiLU()
          (grn): GRN()
          (pwconv2): Linear(in_features=1024, out_features=128, bias=True)
          (drop_path): Identity()
        )
        (1): ConvNeXtV2Block(
          (skip_proj): Identity()
          (dwconv): Conv2d(128, 128, kernel_size=(7, 7), stride=(1, 1), padding=(3, 3), groups=128)
          (norm): LayerNorm((128,), eps=1e-06, elementwise_affine=True)
          (pwconv1): Linear(in_features=128, out_features=512, bias=True)
          (act): SiLU()
          (grn): GRN()
          (pwconv2): Linear(in_features=512, out_features=128, bias=True)
          (drop_path): Identity()
        )
        (2): ConvNeXtV2Block(
          (skip_proj): Identity()
          (dwconv): Conv2d(128, 128, kernel_size=(7, 7), stride=(1, 1), padding=(3, 3), groups=128)
          (norm): LayerNorm((128,), eps=1e-06, elementwise_affine=True)
          (pwconv1): Linear(in_features=128, out_features=512, bias=True)
          (act): SiLU()
          (grn): GRN()
          (pwconv2): Linear(in_features=512, out_features=128, bias=True)
          (drop_path): Identity()
        )
        (3): ConvNeXtV2Block(
          (skip_proj): Identity()
          (dwconv): Conv2d(128, 128, kernel_size=(7, 7), stride=(1, 1), padding=(3, 3), groups=128)
          (norm): LayerNorm((128,), eps=1e-06, elementwise_affine=True)
          (pwconv1): Linear(in_features=128, out_features=512, bias=True)
          (act): SiLU()
          (grn): GRN()
          (pwconv2): Linear(in_features=512, out_features=128, bias=True)
          (drop_path): Identity()
        )
        (4): ConvNeXtV2Block(
          (skip_proj): Linear(in_features=128, out_features=64, bias=True)
          (dwconv): Conv2d(128, 128, kernel_size=(7, 7), stride=(1, 1), padding=(3, 3), groups=128)
          (norm): LayerNorm((128,), eps=1e-06, elementwise_affine=True)
          (pwconv1): Linear(in_features=128, out_features=512, bias=True)
          (act): SiLU()
          (grn): GRN()
          (pwconv2): Linear(in_features=512, out_features=64, bias=True)
          (drop_path): Identity()
        )
        (5): NormCrossAttentionBlock(
          (q): Linear(in_features=64, out_features=64, bias=True)
          (kv): Linear(in_features=512, out_features=128, bias=True)
          (attn_drop): Dropout(p=0.0, inplace=False)
          (proj): Linear(in_features=64, out_features=64, bias=True)
          (proj_drop): Dropout(p=0.0, inplace=False)
          (q_norm): LayerNorm((8,), eps=1e-05, elementwise_affine=True)
          (k_norm): LayerNorm((8,), eps=1e-05, elementwise_affine=True)
        )
      )
    )
    (norm): LayerNorm((64,), eps=1e-06, elementwise_affine=True)
    (out_proj): Linear(in_features=64, out_features=64, bias=True)
  )
)
Number of params: 82.22352 M
LR = 0.00015000
Min LR = 0.00000000
Total (effective) batch size = 384
Accumulate grad iterations = 1
Number of training steps = 106
Number of training examples per epoch = 40704
Param groups = {
  "decay": {
    "weight_decay": 0.05,
    "params": [
      "backbone.in_proj.weight",
      "backbone.down_blocks.0.0.dwconv.weight",
      "backbone.down_blocks.0.0.pwconv1.weight",
      "backbone.down_blocks.0.0.pwconv2.weight",
      "backbone.down_blocks.0.1.dwconv.weight",
      "backbone.down_blocks.0.1.pwconv1.weight",
      "backbone.down_blocks.0.1.pwconv2.weight",
      "backbone.down_blocks.0.2.dwconv.weight",
      "backbone.down_blocks.0.2.pwconv1.weight",
      "backbone.down_blocks.0.2.pwconv2.weight",
      "backbone.down_blocks.0.3.dwconv.weight",
      "backbone.down_blocks.0.3.pwconv1.weight",
      "backbone.down_blocks.0.3.pwconv2.weight",
      "backbone.down_blocks.0.4.skip_proj.weight",
      "backbone.down_blocks.0.4.dwconv.weight",
      "backbone.down_blocks.0.4.pwconv1.weight",
      "backbone.down_blocks.0.4.pwconv2.weight",
      "backbone.down_blocks.0.5.q.weight",
      "backbone.down_blocks.0.5.kv.weight",
      "backbone.down_blocks.0.5.proj.weight",
      "backbone.down_blocks.1.1.dwconv.weight",
      "backbone.down_blocks.1.1.pwconv1.weight",
      "backbone.down_blocks.1.1.pwconv2.weight",
      "backbone.down_blocks.1.2.dwconv.weight",
      "backbone.down_blocks.1.2.pwconv1.weight",
      "backbone.down_blocks.1.2.pwconv2.weight",
      "backbone.down_blocks.1.3.dwconv.weight",
      "backbone.down_blocks.1.3.pwconv1.weight",
      "backbone.down_blocks.1.3.pwconv2.weight",
      "backbone.down_blocks.1.4.dwconv.weight",
      "backbone.down_blocks.1.4.pwconv1.weight",
      "backbone.down_blocks.1.4.pwconv2.weight",
      "backbone.down_blocks.1.5.skip_proj.weight",
      "backbone.down_blocks.1.5.dwconv.weight",
      "backbone.down_blocks.1.5.pwconv1.weight",
      "backbone.down_blocks.1.5.pwconv2.weight",
      "backbone.down_blocks.1.6.q.weight",
      "backbone.down_blocks.1.6.kv.weight",
      "backbone.down_blocks.1.6.proj.weight",
      "backbone.down_blocks.2.1.dwconv.weight",
      "backbone.down_blocks.2.1.pwconv1.weight",
      "backbone.down_blocks.2.1.pwconv2.weight",
      "backbone.down_blocks.2.2.dwconv.weight",
      "backbone.down_blocks.2.2.pwconv1.weight",
      "backbone.down_blocks.2.2.pwconv2.weight",
      "backbone.down_blocks.2.3.dwconv.weight",
      "backbone.down_blocks.2.3.pwconv1.weight",
      "backbone.down_blocks.2.3.pwconv2.weight",
      "backbone.down_blocks.2.4.dwconv.weight",
      "backbone.down_blocks.2.4.pwconv1.weight",
      "backbone.down_blocks.2.4.pwconv2.weight",
      "backbone.down_blocks.2.5.skip_proj.weight",
      "backbone.down_blocks.2.5.dwconv.weight",
      "backbone.down_blocks.2.5.pwconv1.weight",
      "backbone.down_blocks.2.5.pwconv2.weight",
      "backbone.down_blocks.2.6.q.weight",
      "backbone.down_blocks.2.6.kv.weight",
      "backbone.down_blocks.2.6.proj.weight",
      "backbone.middle_block.1.dwconv.weight",
      "backbone.middle_block.1.pwconv1.weight",
      "backbone.middle_block.1.pwconv2.weight",
      "backbone.middle_block.2.dwconv.weight",
      "backbone.middle_block.2.pwconv1.weight",
      "backbone.middle_block.2.pwconv2.weight",
      "backbone.middle_block.3.dwconv.weight",
      "backbone.middle_block.3.pwconv1.weight",
      "backbone.middle_block.3.pwconv2.weight",
      "backbone.middle_block.4.dwconv.weight",
      "backbone.middle_block.4.pwconv1.weight",
      "backbone.middle_block.4.pwconv2.weight",
      "backbone.middle_block.5.skip_proj.weight",
      "backbone.middle_block.5.dwconv.weight",
      "backbone.middle_block.5.pwconv1.weight",
      "backbone.middle_block.5.pwconv2.weight",
      "backbone.middle_block.6.q.weight",
      "backbone.middle_block.6.kv.weight",
      "backbone.middle_block.6.proj.weight",
      "backbone.middle_block.7.dwconv.weight",
      "backbone.middle_block.7.pwconv1.weight",
      "backbone.middle_block.7.pwconv2.weight",
      "backbone.middle_block.8.dwconv.weight",
      "backbone.middle_block.8.pwconv1.weight",
      "backbone.middle_block.8.pwconv2.weight",
      "backbone.middle_block.9.dwconv.weight",
      "backbone.middle_block.9.pwconv1.weight",
      "backbone.middle_block.9.pwconv2.weight",
      "backbone.middle_block.10.dwconv.weight",
      "backbone.middle_block.10.pwconv1.weight",
      "backbone.middle_block.10.pwconv2.weight",
      "backbone.middle_block.11.skip_proj.weight",
      "backbone.middle_block.11.dwconv.weight",
      "backbone.middle_block.11.pwconv1.weight",
      "backbone.middle_block.11.pwconv2.weight",
      "backbone.up_blocks.0.0.skip_proj.weight",
      "backbone.up_blocks.0.0.dwconv.weight",
      "backbone.up_blocks.0.0.pwconv1.weight",
      "backbone.up_blocks.0.0.pwconv2.weight",
      "backbone.up_blocks.0.1.dwconv.weight",
      "backbone.up_blocks.0.1.pwconv1.weight",
      "backbone.up_blocks.0.1.pwconv2.weight",
      "backbone.up_blocks.0.2.dwconv.weight",
      "backbone.up_blocks.0.2.pwconv1.weight",
      "backbone.up_blocks.0.2.pwconv2.weight",
      "backbone.up_blocks.0.3.dwconv.weight",
      "backbone.up_blocks.0.3.pwconv1.weight",
      "backbone.up_blocks.0.3.pwconv2.weight",
      "backbone.up_blocks.0.4.skip_proj.weight",
      "backbone.up_blocks.0.4.dwconv.weight",
      "backbone.up_blocks.0.4.pwconv1.weight",
      "backbone.up_blocks.0.4.pwconv2.weight",
      "backbone.up_blocks.0.5.q.weight",
      "backbone.up_blocks.0.5.kv.weight",
      "backbone.up_blocks.0.5.proj.weight",
      "backbone.up_blocks.1.0.skip_proj.weight",
      "backbone.up_blocks.1.0.dwconv.weight",
      "backbone.up_blocks.1.0.pwconv1.weight",
      "backbone.up_blocks.1.0.pwconv2.weight",
      "backbone.up_blocks.1.1.dwconv.weight",
      "backbone.up_blocks.1.1.pwconv1.weight",
      "backbone.up_blocks.1.1.pwconv2.weight",
      "backbone.up_blocks.1.2.dwconv.weight",
      "backbone.up_blocks.1.2.pwconv1.weight",
      "backbone.up_blocks.1.2.pwconv2.weight",
      "backbone.up_blocks.1.3.dwconv.weight",
      "backbone.up_blocks.1.3.pwconv1.weight",
      "backbone.up_blocks.1.3.pwconv2.weight",
      "backbone.up_blocks.1.4.skip_proj.weight",
      "backbone.up_blocks.1.4.dwconv.weight",
      "backbone.up_blocks.1.4.pwconv1.weight",
      "backbone.up_blocks.1.4.pwconv2.weight",
      "backbone.up_blocks.1.5.q.weight",
      "backbone.up_blocks.1.5.kv.weight",
      "backbone.up_blocks.1.5.proj.weight",
      "backbone.up_blocks.2.0.skip_proj.weight",
      "backbone.up_blocks.2.0.dwconv.weight",
      "backbone.up_blocks.2.0.pwconv1.weight",
      "backbone.up_blocks.2.0.pwconv2.weight",
      "backbone.up_blocks.2.1.dwconv.weight",
      "backbone.up_blocks.2.1.pwconv1.weight",
      "backbone.up_blocks.2.1.pwconv2.weight",
      "backbone.up_blocks.2.2.dwconv.weight",
      "backbone.up_blocks.2.2.pwconv1.weight",
      "backbone.up_blocks.2.2.pwconv2.weight",
      "backbone.up_blocks.2.3.dwconv.weight",
      "backbone.up_blocks.2.3.pwconv1.weight",
      "backbone.up_blocks.2.3.pwconv2.weight",
      "backbone.up_blocks.2.4.skip_proj.weight",
      "backbone.up_blocks.2.4.dwconv.weight",
      "backbone.up_blocks.2.4.pwconv1.weight",
      "backbone.up_blocks.2.4.pwconv2.weight",
      "backbone.up_blocks.2.5.q.weight",
      "backbone.up_blocks.2.5.kv.weight",
      "backbone.up_blocks.2.5.proj.weight",
      "backbone.out_proj.weight"
    ],
    "lr_scale": 1.0
  },
  "no_decay": {
    "weight_decay": 0.0,
    "params": [
      "backbone.in_proj.bias",
      "backbone.down_blocks.0.0.dwconv.bias",
      "backbone.down_blocks.0.0.norm.weight",
      "backbone.down_blocks.0.0.norm.bias",
      "backbone.down_blocks.0.0.pwconv1.bias",
      "backbone.down_blocks.0.0.grn.gamma",
      "backbone.down_blocks.0.0.grn.beta",
      "backbone.down_blocks.0.0.pwconv2.bias",
      "backbone.down_blocks.0.1.dwconv.bias",
      "backbone.down_blocks.0.1.norm.weight",
      "backbone.down_blocks.0.1.norm.bias",
      "backbone.down_blocks.0.1.pwconv1.bias",
      "backbone.down_blocks.0.1.grn.gamma",
      "backbone.down_blocks.0.1.grn.beta",
      "backbone.down_blocks.0.1.pwconv2.bias",
      "backbone.down_blocks.0.2.dwconv.bias",
      "backbone.down_blocks.0.2.norm.weight",
      "backbone.down_blocks.0.2.norm.bias",
      "backbone.down_blocks.0.2.pwconv1.bias",
      "backbone.down_blocks.0.2.grn.gamma",
      "backbone.down_blocks.0.2.grn.beta",
      "backbone.down_blocks.0.2.pwconv2.bias",
      "backbone.down_blocks.0.3.dwconv.bias",
      "backbone.down_blocks.0.3.norm.weight",
      "backbone.down_blocks.0.3.norm.bias",
      "backbone.down_blocks.0.3.pwconv1.bias",
      "backbone.down_blocks.0.3.grn.gamma",
      "backbone.down_blocks.0.3.grn.beta",
      "backbone.down_blocks.0.3.pwconv2.bias",
      "backbone.down_blocks.0.4.skip_proj.bias",
      "backbone.down_blocks.0.4.dwconv.bias",
      "backbone.down_blocks.0.4.norm.weight",
      "backbone.down_blocks.0.4.norm.bias",
      "backbone.down_blocks.0.4.pwconv1.bias",
      "backbone.down_blocks.0.4.grn.gamma",
      "backbone.down_blocks.0.4.grn.beta",
      "backbone.down_blocks.0.4.pwconv2.bias",
      "backbone.down_blocks.0.5.q.bias",
      "backbone.down_blocks.0.5.kv.bias",
      "backbone.down_blocks.0.5.proj.bias",
      "backbone.down_blocks.0.5.q_norm.weight",
      "backbone.down_blocks.0.5.q_norm.bias",
      "backbone.down_blocks.0.5.k_norm.weight",
      "backbone.down_blocks.0.5.k_norm.bias",
      "backbone.down_blocks.1.1.dwconv.bias",
      "backbone.down_blocks.1.1.norm.weight",
      "backbone.down_blocks.1.1.norm.bias",
      "backbone.down_blocks.1.1.pwconv1.bias",
      "backbone.down_blocks.1.1.grn.gamma",
      "backbone.down_blocks.1.1.grn.beta",
      "backbone.down_blocks.1.1.pwconv2.bias",
      "backbone.down_blocks.1.2.dwconv.bias",
      "backbone.down_blocks.1.2.norm.weight",
      "backbone.down_blocks.1.2.norm.bias",
      "backbone.down_blocks.1.2.pwconv1.bias",
      "backbone.down_blocks.1.2.grn.gamma",
      "backbone.down_blocks.1.2.grn.beta",
      "backbone.down_blocks.1.2.pwconv2.bias",
      "backbone.down_blocks.1.3.dwconv.bias",
      "backbone.down_blocks.1.3.norm.weight",
      "backbone.down_blocks.1.3.norm.bias",
      "backbone.down_blocks.1.3.pwconv1.bias",
      "backbone.down_blocks.1.3.grn.gamma",
      "backbone.down_blocks.1.3.grn.beta",
      "backbone.down_blocks.1.3.pwconv2.bias",
      "backbone.down_blocks.1.4.dwconv.bias",
      "backbone.down_blocks.1.4.norm.weight",
      "backbone.down_blocks.1.4.norm.bias",
      "backbone.down_blocks.1.4.pwconv1.bias",
      "backbone.down_blocks.1.4.grn.gamma",
      "backbone.down_blocks.1.4.grn.beta",
      "backbone.down_blocks.1.4.pwconv2.bias",
      "backbone.down_blocks.1.5.skip_proj.bias",
      "backbone.down_blocks.1.5.dwconv.bias",
      "backbone.down_blocks.1.5.norm.weight",
      "backbone.down_blocks.1.5.norm.bias",
      "backbone.down_blocks.1.5.pwconv1.bias",
      "backbone.down_blocks.1.5.grn.gamma",
      "backbone.down_blocks.1.5.grn.beta",
      "backbone.down_blocks.1.5.pwconv2.bias",
      "backbone.down_blocks.1.6.q.bias",
      "backbone.down_blocks.1.6.kv.bias",
      "backbone.down_blocks.1.6.proj.bias",
      "backbone.down_blocks.1.6.q_norm.weight",
      "backbone.down_blocks.1.6.q_norm.bias",
      "backbone.down_blocks.1.6.k_norm.weight",
      "backbone.down_blocks.1.6.k_norm.bias",
      "backbone.down_blocks.2.1.dwconv.bias",
      "backbone.down_blocks.2.1.norm.weight",
      "backbone.down_blocks.2.1.norm.bias",
      "backbone.down_blocks.2.1.pwconv1.bias",
      "backbone.down_blocks.2.1.grn.gamma",
      "backbone.down_blocks.2.1.grn.beta",
      "backbone.down_blocks.2.1.pwconv2.bias",
      "backbone.down_blocks.2.2.dwconv.bias",
      "backbone.down_blocks.2.2.norm.weight",
      "backbone.down_blocks.2.2.norm.bias",
      "backbone.down_blocks.2.2.pwconv1.bias",
      "backbone.down_blocks.2.2.grn.gamma",
      "backbone.down_blocks.2.2.grn.beta",
      "backbone.down_blocks.2.2.pwconv2.bias",
      "backbone.down_blocks.2.3.dwconv.bias",
      "backbone.down_blocks.2.3.norm.weight",
      "backbone.down_blocks.2.3.norm.bias",
      "backbone.down_blocks.2.3.pwconv1.bias",
      "backbone.down_blocks.2.3.grn.gamma",
      "backbone.down_blocks.2.3.grn.beta",
      "backbone.down_blocks.2.3.pwconv2.bias",
      "backbone.down_blocks.2.4.dwconv.bias",
      "backbone.down_blocks.2.4.norm.weight",
      "backbone.down_blocks.2.4.norm.bias",
      "backbone.down_blocks.2.4.pwconv1.bias",
      "backbone.down_blocks.2.4.grn.gamma",
      "backbone.down_blocks.2.4.grn.beta",
      "backbone.down_blocks.2.4.pwconv2.bias",
      "backbone.down_blocks.2.5.skip_proj.bias",
      "backbone.down_blocks.2.5.dwconv.bias",
      "backbone.down_blocks.2.5.norm.weight",
      "backbone.down_blocks.2.5.norm.bias",
      "backbone.down_blocks.2.5.pwconv1.bias",
      "backbone.down_blocks.2.5.grn.gamma",
      "backbone.down_blocks.2.5.grn.beta",
      "backbone.down_blocks.2.5.pwconv2.bias",
      "backbone.down_blocks.2.6.q.bias",
      "backbone.down_blocks.2.6.kv.bias",
      "backbone.down_blocks.2.6.proj.bias",
      "backbone.down_blocks.2.6.q_norm.weight",
      "backbone.down_blocks.2.6.q_norm.bias",
      "backbone.down_blocks.2.6.k_norm.weight",
      "backbone.down_blocks.2.6.k_norm.bias",
      "backbone.middle_block.1.dwconv.bias",
      "backbone.middle_block.1.norm.weight",
      "backbone.middle_block.1.norm.bias",
      "backbone.middle_block.1.pwconv1.bias",
      "backbone.middle_block.1.grn.gamma",
      "backbone.middle_block.1.grn.beta",
      "backbone.middle_block.1.pwconv2.bias",
      "backbone.middle_block.2.dwconv.bias",
      "backbone.middle_block.2.norm.weight",
      "backbone.middle_block.2.norm.bias",
      "backbone.middle_block.2.pwconv1.bias",
      "backbone.middle_block.2.grn.gamma",
      "backbone.middle_block.2.grn.beta",
      "backbone.middle_block.2.pwconv2.bias",
      "backbone.middle_block.3.dwconv.bias",
      "backbone.middle_block.3.norm.weight",
      "backbone.middle_block.3.norm.bias",
      "backbone.middle_block.3.pwconv1.bias",
      "backbone.middle_block.3.grn.gamma",
      "backbone.middle_block.3.grn.beta",
      "backbone.middle_block.3.pwconv2.bias",
      "backbone.middle_block.4.dwconv.bias",
      "backbone.middle_block.4.norm.weight",
      "backbone.middle_block.4.norm.bias",
      "backbone.middle_block.4.pwconv1.bias",
      "backbone.middle_block.4.grn.gamma",
      "backbone.middle_block.4.grn.beta",
      "backbone.middle_block.4.pwconv2.bias",
      "backbone.middle_block.5.skip_proj.bias",
      "backbone.middle_block.5.dwconv.bias",
      "backbone.middle_block.5.norm.weight",
      "backbone.middle_block.5.norm.bias",
      "backbone.middle_block.5.pwconv1.bias",
      "backbone.middle_block.5.grn.gamma",
      "backbone.middle_block.5.grn.beta",
      "backbone.middle_block.5.pwconv2.bias",
      "backbone.middle_block.6.q.bias",
      "backbone.middle_block.6.kv.bias",
      "backbone.middle_block.6.proj.bias",
      "backbone.middle_block.6.q_norm.weight",
      "backbone.middle_block.6.q_norm.bias",
      "backbone.middle_block.6.k_norm.weight",
      "backbone.middle_block.6.k_norm.bias",
      "backbone.middle_block.7.dwconv.bias",
      "backbone.middle_block.7.norm.weight",
      "backbone.middle_block.7.norm.bias",
      "backbone.middle_block.7.pwconv1.bias",
      "backbone.middle_block.7.grn.gamma",
      "backbone.middle_block.7.grn.beta",
      "backbone.middle_block.7.pwconv2.bias",
      "backbone.middle_block.8.dwconv.bias",
      "backbone.middle_block.8.norm.weight",
      "backbone.middle_block.8.norm.bias",
      "backbone.middle_block.8.pwconv1.bias",
      "backbone.middle_block.8.grn.gamma",
      "backbone.middle_block.8.grn.beta",
      "backbone.middle_block.8.pwconv2.bias",
      "backbone.middle_block.9.dwconv.bias",
      "backbone.middle_block.9.norm.weight",
      "backbone.middle_block.9.norm.bias",
      "backbone.middle_block.9.pwconv1.bias",
      "backbone.middle_block.9.grn.gamma",
      "backbone.middle_block.9.grn.beta",
      "backbone.middle_block.9.pwconv2.bias",
      "backbone.middle_block.10.dwconv.bias",
      "backbone.middle_block.10.norm.weight",
      "backbone.middle_block.10.norm.bias",
      "backbone.middle_block.10.pwconv1.bias",
      "backbone.middle_block.10.grn.gamma",
      "backbone.middle_block.10.grn.beta",
      "backbone.middle_block.10.pwconv2.bias",
      "backbone.middle_block.11.skip_proj.bias",
      "backbone.middle_block.11.dwconv.bias",
      "backbone.middle_block.11.norm.weight",
      "backbone.middle_block.11.norm.bias",
      "backbone.middle_block.11.pwconv1.bias",
      "backbone.middle_block.11.grn.gamma",
      "backbone.middle_block.11.grn.beta",
      "backbone.middle_block.11.pwconv2.bias",
      "backbone.up_blocks.0.0.skip_proj.bias",
      "backbone.up_blocks.0.0.dwconv.bias",
      "backbone.up_blocks.0.0.norm.weight",
      "backbone.up_blocks.0.0.norm.bias",
      "backbone.up_blocks.0.0.pwconv1.bias",
      "backbone.up_blocks.0.0.grn.gamma",
      "backbone.up_blocks.0.0.grn.beta",
      "backbone.up_blocks.0.0.pwconv2.bias",
      "backbone.up_blocks.0.1.dwconv.bias",
      "backbone.up_blocks.0.1.norm.weight",
      "backbone.up_blocks.0.1.norm.bias",
      "backbone.up_blocks.0.1.pwconv1.bias",
      "backbone.up_blocks.0.1.grn.gamma",
      "backbone.up_blocks.0.1.grn.beta",
      "backbone.up_blocks.0.1.pwconv2.bias",
      "backbone.up_blocks.0.2.dwconv.bias",
      "backbone.up_blocks.0.2.norm.weight",
      "backbone.up_blocks.0.2.norm.bias",
      "backbone.up_blocks.0.2.pwconv1.bias",
      "backbone.up_blocks.0.2.grn.gamma",
      "backbone.up_blocks.0.2.grn.beta",
      "backbone.up_blocks.0.2.pwconv2.bias",
      "backbone.up_blocks.0.3.dwconv.bias",
      "backbone.up_blocks.0.3.norm.weight",
      "backbone.up_blocks.0.3.norm.bias",
      "backbone.up_blocks.0.3.pwconv1.bias",
      "backbone.up_blocks.0.3.grn.gamma",
      "backbone.up_blocks.0.3.grn.beta",
      "backbone.up_blocks.0.3.pwconv2.bias",
      "backbone.up_blocks.0.4.skip_proj.bias",
      "backbone.up_blocks.0.4.dwconv.bias",
      "backbone.up_blocks.0.4.norm.weight",
      "backbone.up_blocks.0.4.norm.bias",
      "backbone.up_blocks.0.4.pwconv1.bias",
      "backbone.up_blocks.0.4.grn.gamma",
      "backbone.up_blocks.0.4.grn.beta",
      "backbone.up_blocks.0.4.pwconv2.bias",
      "backbone.up_blocks.0.5.q.bias",
      "backbone.up_blocks.0.5.kv.bias",
      "backbone.up_blocks.0.5.proj.bias",
      "backbone.up_blocks.0.5.q_norm.weight",
      "backbone.up_blocks.0.5.q_norm.bias",
      "backbone.up_blocks.0.5.k_norm.weight",
      "backbone.up_blocks.0.5.k_norm.bias",
      "backbone.up_blocks.1.0.skip_proj.bias",
      "backbone.up_blocks.1.0.dwconv.bias",
      "backbone.up_blocks.1.0.norm.weight",
      "backbone.up_blocks.1.0.norm.bias",
      "backbone.up_blocks.1.0.pwconv1.bias",
      "backbone.up_blocks.1.0.grn.gamma",
      "backbone.up_blocks.1.0.grn.beta",
      "backbone.up_blocks.1.0.pwconv2.bias",
      "backbone.up_blocks.1.1.dwconv.bias",
      "backbone.up_blocks.1.1.norm.weight",
      "backbone.up_blocks.1.1.norm.bias",
      "backbone.up_blocks.1.1.pwconv1.bias",
      "backbone.up_blocks.1.1.grn.gamma",
      "backbone.up_blocks.1.1.grn.beta",
      "backbone.up_blocks.1.1.pwconv2.bias",
      "backbone.up_blocks.1.2.dwconv.bias",
      "backbone.up_blocks.1.2.norm.weight",
      "backbone.up_blocks.1.2.norm.bias",
      "backbone.up_blocks.1.2.pwconv1.bias",
      "backbone.up_blocks.1.2.grn.gamma",
      "backbone.up_blocks.1.2.grn.beta",
      "backbone.up_blocks.1.2.pwconv2.bias",
      "backbone.up_blocks.1.3.dwconv.bias",
      "backbone.up_blocks.1.3.norm.weight",
      "backbone.up_blocks.1.3.norm.bias",
      "backbone.up_blocks.1.3.pwconv1.bias",
      "backbone.up_blocks.1.3.grn.gamma",
      "backbone.up_blocks.1.3.grn.beta",
      "backbone.up_blocks.1.3.pwconv2.bias",
      "backbone.up_blocks.1.4.skip_proj.bias",
      "backbone.up_blocks.1.4.dwconv.bias",
      "backbone.up_blocks.1.4.norm.weight",
      "backbone.up_blocks.1.4.norm.bias",
      "backbone.up_blocks.1.4.pwconv1.bias",
      "backbone.up_blocks.1.4.grn.gamma",
      "backbone.up_blocks.1.4.grn.beta",
      "backbone.up_blocks.1.4.pwconv2.bias",
      "backbone.up_blocks.1.5.q.bias",
      "backbone.up_blocks.1.5.kv.bias",
      "backbone.up_blocks.1.5.proj.bias",
      "backbone.up_blocks.1.5.q_norm.weight",
      "backbone.up_blocks.1.5.q_norm.bias",
      "backbone.up_blocks.1.5.k_norm.weight",
      "backbone.up_blocks.1.5.k_norm.bias",
      "backbone.up_blocks.2.0.skip_proj.bias",
      "backbone.up_blocks.2.0.dwconv.bias",
      "backbone.up_blocks.2.0.norm.weight",
      "backbone.up_blocks.2.0.norm.bias",
      "backbone.up_blocks.2.0.pwconv1.bias",
      "backbone.up_blocks.2.0.grn.gamma",
      "backbone.up_blocks.2.0.grn.beta",
      "backbone.up_blocks.2.0.pwconv2.bias",
      "backbone.up_blocks.2.1.dwconv.bias",
      "backbone.up_blocks.2.1.norm.weight",
      "backbone.up_blocks.2.1.norm.bias",
      "backbone.up_blocks.2.1.pwconv1.bias",
      "backbone.up_blocks.2.1.grn.gamma",
      "backbone.up_blocks.2.1.grn.beta",
      "backbone.up_blocks.2.1.pwconv2.bias",
      "backbone.up_blocks.2.2.dwconv.bias",
      "backbone.up_blocks.2.2.norm.weight",
      "backbone.up_blocks.2.2.norm.bias",
      "backbone.up_blocks.2.2.pwconv1.bias",
      "backbone.up_blocks.2.2.grn.gamma",
      "backbone.up_blocks.2.2.grn.beta",
      "backbone.up_blocks.2.2.pwconv2.bias",
      "backbone.up_blocks.2.3.dwconv.bias",
      "backbone.up_blocks.2.3.norm.weight",
      "backbone.up_blocks.2.3.norm.bias",
      "backbone.up_blocks.2.3.pwconv1.bias",
      "backbone.up_blocks.2.3.grn.gamma",
      "backbone.up_blocks.2.3.grn.beta",
      "backbone.up_blocks.2.3.pwconv2.bias",
      "backbone.up_blocks.2.4.skip_proj.bias",
      "backbone.up_blocks.2.4.dwconv.bias",
      "backbone.up_blocks.2.4.norm.weight",
      "backbone.up_blocks.2.4.norm.bias",
      "backbone.up_blocks.2.4.pwconv1.bias",
      "backbone.up_blocks.2.4.grn.gamma",
      "backbone.up_blocks.2.4.grn.beta",
      "backbone.up_blocks.2.4.pwconv2.bias",
      "backbone.up_blocks.2.5.q.bias",
      "backbone.up_blocks.2.5.kv.bias",
      "backbone.up_blocks.2.5.proj.bias",
      "backbone.up_blocks.2.5.q_norm.weight",
      "backbone.up_blocks.2.5.q_norm.bias",
      "backbone.up_blocks.2.5.k_norm.weight",
      "backbone.up_blocks.2.5.k_norm.bias",
      "backbone.norm.weight",
      "backbone.norm.bias",
      "backbone.out_proj.bias"
    ],
    "lr_scale": 1.0
  }
}
optimizer settings: {'lr': 0.00015000000000000001, 'weight_decay': 0.0, 'eps': 1e-08, 'betas': [0.9, 0.99]}
Set warmup steps = 5300
Set warmup steps = 0
Max WD = 0.0500000, Min WD = 0.0500000
Start training for 500 epochs
Epoch: [0]  [  0/106]  eta: 3:25:06  lr: 0.000000  min_lr: 0.000000  loss: 0.3324 (0.3324)  weight_decay: 0.0500 (0.0500)  grad_norm: 0.2169 (0.2169)  time: 116.1032  data: 90.4201  max mem: 31667
Epoch: [0]  [ 10/106]  eta: 0:18:51  lr: 0.000000  min_lr: 0.000000  loss: 0.3322 (0.3322)  weight_decay: 0.0500 (0.0500)  grad_norm: 0.2161 (0.2161)  time: 11.7823  data: 8.2203  max mem: 32283
Epoch: [0]  [ 20/106]  eta: 0:09:25  lr: 0.000001  min_lr: 0.000001  loss: 0.3316 (0.3316)  weight_decay: 0.0500 (0.0500)  grad_norm: 0.2157 (0.2157)  time: 1.0968  data: 0.0003  max mem: 32284
Epoch: [0]  [ 30/106]  eta: 0:05:57  lr: 0.000001  min_lr: 0.000001  loss: 0.3299 (0.3306)  weight_decay: 0.0500 (0.0500)  grad_norm: 0.2144 (0.2150)  time: 0.8191  data: 0.0002  max mem: 32284
Epoch: [0]  [ 40/106]  eta: 0:04:07  lr: 0.000001  min_lr: 0.000001  loss: 0.3269 (0.3293)  weight_decay: 0.0500 (0.0500)  grad_norm: 0.2119 (0.2141)  time: 0.7913  data: 0.0002  max mem: 32284
Epoch: [0]  [ 50/106]  eta: 0:02:57  lr: 0.000001  min_lr: 0.000001  loss: 0.3230 (0.3276)  weight_decay: 0.0500 (0.0500)  grad_norm: 0.2099 (0.2130)  time: 0.7780  data: 0.0001  max mem: 32284
Epoch: [0]  [ 60/106]  eta: 0:02:07  lr: 0.000002  min_lr: 0.000002  loss: 0.3176 (0.3256)  weight_decay: 0.0500 (0.0500)  grad_norm: 0.2071 (0.2118)  time: 0.7672  data: 0.0001  max mem: 32284
Epoch: [0]  [ 70/106]  eta: 0:01:29  lr: 0.000002  min_lr: 0.000002  loss: 0.3123 (0.3232)  weight_decay: 0.0500 (0.0500)  grad_norm: 0.2043 (0.2105)  time: 0.7678  data: 0.0002  max mem: 32284
Epoch: [0]  [ 80/106]  eta: 0:00:59  lr: 0.000002  min_lr: 0.000002  loss: 0.3058 (0.3207)  weight_decay: 0.0500 (0.0500)  grad_norm: 0.2013 (0.2093)  time: 0.7659  data: 0.0002  max mem: 32284
Epoch: [0]  [ 90/106]  eta: 0:00:33  lr: 0.000003  min_lr: 0.000003  loss: 0.2982 (0.3178)  weight_decay: 0.0500 (0.0500)  grad_norm: 0.1995 (0.2082)  time: 0.7983  data: 0.0001  max mem: 32284
Epoch: [0]  [100/106]  eta: 0:00:11  lr: 0.000003  min_lr: 0.000003  loss: 0.2910 (0.3149)  weight_decay: 0.0500 (0.0500)  grad_norm: 0.1980 (0.2071)  time: 0.8092  data: 0.0001  max mem: 32284
Epoch: [0]  [105/106]  eta: 0:00:01  lr: 0.000003  min_lr: 0.000003  loss: 0.2874 (0.3133)  weight_decay: 0.0500 (0.0500)  grad_norm: 0.1973 (0.2066)  time: 0.7887  data: 0.0001  max mem: 32284
Epoch: [0] Total time: 0:03:25 (1.9425 s / it)
Averaged stats: lr: 0.000003  min_lr: 0.000003  loss: 0.2874 (0.3134)  weight_decay: 0.0500 (0.0500)  grad_norm: 0.1973 (0.2066)
[Eval]   [0/2]  eta: 0:00:21  loss: 0.2813 (0.2813)  time: 10.6483  data: 10.4128  max mem: 32284
[Eval]   [1/2]  eta: 0:00:05  loss: 0.2805 (0.2809)  time: 5.5757  data: 5.2065  max mem: 32284
[Eval]  Total time: 0:00:11 (5.7873 s / it)
Eval averaged stats: loss: 0.2805 (0.2811)
[Eval] Image Metrics:  [0/2]  eta: 0:00:09    time: 4.5377  data: 3.7846  max mem: 32284
[Eval] Image Metrics:  [1/2]  eta: 0:00:02    time: 2.4935  data: 1.8924  max mem: 32284
[Eval] Image Metrics: Total time: 0:00:05 (2.8762 s / it)
[Eval] Metric Results: [Eval] MSE: 0.2400 (0.2400)  [Eval] MAE: 0.3671 (0.3671)  [Eval] PSNR: 6.1987 (6.1987)  [Eval] MS-SSIM: nan (nan)
Logged 9 eval images
Epoch: [1]  [  0/106]  eta: 1:28:32  lr: 0.000003  min_lr: 0.000003  loss: 0.2799 (0.2799)  weight_decay: 0.0500 (0.0500)  grad_norm: 0.1962 (0.1962)  time: 50.1163  data: 48.7560  max mem: 32286
Epoch: [1]  [ 10/106]  eta: 0:08:32  lr: 0.000003  min_lr: 0.000003  loss: 0.2763 (0.2760)  weight_decay: 0.0500 (0.0500)  grad_norm: 0.1955 (0.1955)  time: 5.3350  data: 4.4326  max mem: 32286
Epoch: [1]  [ 20/106]  eta: 0:04:29  lr: 0.000004  min_lr: 0.000004  loss: 0.2704 (0.2718)  weight_decay: 0.0500 (0.0500)  grad_norm: 0.1950 (0.1952)  time: 0.7835  data: 0.0003  max mem: 32286
Epoch: [1]  [ 30/106]  eta: 0:02:58  lr: 0.000004  min_lr: 0.000004  loss: 0.2621 (0.2676)  weight_decay: 0.0500 (0.0500)  grad_norm: 0.1945 (0.1949)  time: 0.6996  data: 0.0002  max mem: 32286
Epoch: [1]  [ 40/106]  eta: 0:02:08  lr: 0.000004  min_lr: 0.000004  loss: 0.2546 (0.2634)  weight_decay: 0.0500 (0.0500)  grad_norm: 0.1939 (0.1946)  time: 0.6890  data: 0.0002  max mem: 32286
Epoch: [1]  [ 50/106]  eta: 0:01:34  lr: 0.000004  min_lr: 0.000004  loss: 0.2457 (0.2590)  weight_decay: 0.0500 (0.0500)  grad_norm: 0.1934 (0.1943)  time: 0.6878  data: 0.0002  max mem: 32286
Epoch: [1]  [ 60/106]  eta: 0:01:10  lr: 0.000005  min_lr: 0.000005  loss: 0.2348 (0.2544)  weight_decay: 0.0500 (0.0500)  grad_norm: 0.1931 (0.1941)  time: 0.6863  data: 0.0001  max mem: 32286
Epoch: [1]  [ 70/106]  eta: 0:00:50  lr: 0.000005  min_lr: 0.000005  loss: 0.2259 (0.2497)  weight_decay: 0.0500 (0.0500)  grad_norm: 0.1925 (0.1938)  time: 0.6861  data: 0.0001  max mem: 32286
Epoch: [1]  [ 80/106]  eta: 0:00:34  lr: 0.000005  min_lr: 0.000005  loss: 0.2157 (0.2449)  weight_decay: 0.0500 (0.0500)  grad_norm: 0.1915 (0.1934)  time: 0.6865  data: 0.0001  max mem: 32286
Epoch: [1]  [ 90/106]  eta: 0:00:20  lr: 0.000006  min_lr: 0.000006  loss: 0.2034 (0.2399)  weight_decay: 0.0500 (0.0500)  grad_norm: 0.1903 (0.1930)  time: 0.6861  data: 0.0001  max mem: 32286
Epoch: [1]  [100/106]  eta: 0:00:07  lr: 0.000006  min_lr: 0.000006  loss: 0.1938 (0.2348)  weight_decay: 0.0500 (0.0500)  grad_norm: 0.1886 (0.1925)  time: 0.6870  data: 0.0001  max mem: 32286
Epoch: [1]  [105/106]  eta: 0:00:01  lr: 0.000006  min_lr: 0.000006  loss: 0.1877 (0.2323)  weight_decay: 0.0500 (0.0500)  grad_norm: 0.1879 (0.1922)  time: 0.6885  data: 0.0001  max mem: 32286
Epoch: [1] Total time: 0:02:05 (1.1825 s / it)
Averaged stats: lr: 0.000006  min_lr: 0.000006  loss: 0.1877 (0.2323)  weight_decay: 0.0500 (0.0500)  grad_norm: 0.1879 (0.1922)
Epoch: [2]  [  0/106]  eta: 1:56:45  lr: 0.000006  min_lr: 0.000006  loss: 0.1769 (0.1769)  weight_decay: 0.0500 (0.0500)  grad_norm: 0.1855 (0.1855)  time: 66.0900  data: 61.0606  max mem: 32286
Epoch: [2]  [ 10/106]  eta: 0:10:52  lr: 0.000006  min_lr: 0.000006  loss: 0.1716 (0.1711)  weight_decay: 0.0500 (0.0500)  grad_norm: 0.1843 (0.1845)  time: 6.7989  data: 5.5512  max mem: 32286
Epoch: [2]  [ 20/106]  eta: 0:05:36  lr: 0.000007  min_lr: 0.000007  loss: 0.1639 (0.1655)  weight_decay: 0.0500 (0.0500)  grad_norm: 0.1828 (0.1832)  time: 0.8005  data: 0.0002  max mem: 32286
Epoch: [2]  [ 30/106]  eta: 0:03:38  lr: 0.000007  min_lr: 0.000007  loss: 0.1532 (0.1598)  weight_decay: 0.0500 (0.0500)  grad_norm: 0.1806 (0.1820)  time: 0.7160  data: 0.0002  max mem: 32286
Epoch: [2]  [ 40/106]  eta: 0:02:34  lr: 0.000007  min_lr: 0.000007  loss: 0.1429 (0.1544)  weight_decay: 0.0500 (0.0500)  grad_norm: 0.1783 (0.1807)  time: 0.7073  data: 0.0002  max mem: 32286
Epoch: [2]  [ 50/106]  eta: 0:01:53  lr: 0.000007  min_lr: 0.000007  loss: 0.1321 (0.1490)  weight_decay: 0.0500 (0.0500)  grad_norm: 0.1754 (0.1796)  time: 0.7020  data: 0.0002  max mem: 32286
Epoch: [2]  [ 60/106]  eta: 0:01:22  lr: 0.000008  min_lr: 0.000008  loss: 0.1207 (0.1436)  weight_decay: 0.0500 (0.0500)  grad_norm: 0.1736 (0.1784)  time: 0.6896  data: 0.0002  max mem: 32286
Epoch: [2]  [ 70/106]  eta: 0:00:59  lr: 0.000008  min_lr: 0.000008  loss: 0.1107 (0.1383)  weight_decay: 0.0500 (0.0500)  grad_norm: 0.1712 (0.1773)  time: 0.6898  data: 0.0002  max mem: 32286
Epoch: [2]  [ 80/106]  eta: 0:00:39  lr: 0.000008  min_lr: 0.000008  loss: 0.1014 (0.1332)  weight_decay: 0.0500 (0.0500)  grad_norm: 0.1697 (0.1762)  time: 0.6889  data: 0.0001  max mem: 32286
Epoch: [2]  [ 90/106]  eta: 0:00:22  lr: 0.000009  min_lr: 0.000009  loss: 0.0911 (0.1282)  weight_decay: 0.0500 (0.0500)  grad_norm: 0.1671 (0.1751)  time: 0.6877  data: 0.0002  max mem: 32286
Epoch: [2]  [100/106]  eta: 0:00:08  lr: 0.000009  min_lr: 0.000009  loss: 0.0831 (0.1234)  weight_decay: 0.0500 (0.0500)  grad_norm: 0.1643 (0.1739)  time: 0.6879  data: 0.0002  max mem: 32286
Epoch: [2]  [105/106]  eta: 0:00:01  lr: 0.000009  min_lr: 0.000009  loss: 0.0794 (0.1211)  weight_decay: 0.0500 (0.0500)  grad_norm: 0.1631 (0.1733)  time: 0.6880  data: 0.0001  max mem: 32286
Epoch: [2] Total time: 0:02:22 (1.3425 s / it)
Averaged stats: lr: 0.000009  min_lr: 0.000009  loss: 0.0794 (0.1212)  weight_decay: 0.0500 (0.0500)  grad_norm: 0.1631 (0.1733)
Epoch: [3]  [  0/106]  eta: 1:54:06  lr: 0.000009  min_lr: 0.000009  loss: 0.0713 (0.0713)  weight_decay: 0.0500 (0.0500)  grad_norm: 0.1594 (0.1594)  time: 64.5877  data: 60.5714  max mem: 32286
Epoch: [3]  [ 10/106]  eta: 0:10:52  lr: 0.000009  min_lr: 0.000009  loss: 0.0686 (0.0683)  weight_decay: 0.0500 (0.0500)  grad_norm: 0.1578 (0.1576)  time: 6.7988  data: 5.7060  max mem: 32286
Epoch: [3]  [ 20/106]  eta: 0:05:36  lr: 0.000010  min_lr: 0.000010  loss: 0.0638 (0.0650)  weight_decay: 0.0500 (0.0500)  grad_norm: 0.1551 (0.1554)  time: 0.8735  data: 0.1099  max mem: 32286
Epoch: [3]  [ 30/106]  eta: 0:03:38  lr: 0.000010  min_lr: 0.000010  loss: 0.0578 (0.0618)  weight_decay: 0.0500 (0.0500)  grad_norm: 0.1503 (0.1530)  time: 0.7185  data: 0.0002  max mem: 32286
Epoch: [3]  [ 40/106]  eta: 0:02:34  lr: 0.000010  min_lr: 0.000010  loss: 0.0527 (0.0590)  weight_decay: 0.0500 (0.0500)  grad_norm: 0.1449 (0.1503)  time: 0.7084  data: 0.0002  max mem: 32286
Epoch: [3]  [ 50/106]  eta: 0:01:53  lr: 0.000010  min_lr: 0.000010  loss: 0.0476 (0.0563)  weight_decay: 0.0500 (0.0500)  grad_norm: 0.1386 (0.1475)  time: 0.6985  data: 0.0001  max mem: 32286
Epoch: [3]  [ 60/106]  eta: 0:01:22  lr: 0.000011  min_lr: 0.000011  loss: 0.0427 (0.0537)  weight_decay: 0.0500 (0.0500)  grad_norm: 0.1326 (0.1446)  time: 0.6902  data: 0.0001  max mem: 32286
Epoch: [3]  [ 70/106]  eta: 0:00:59  lr: 0.000011  min_lr: 0.000011  loss: 0.0385 (0.0514)  weight_decay: 0.0500 (0.0500)  grad_norm: 0.1265 (0.1417)  time: 0.6905  data: 0.0001  max mem: 32286
Epoch: [3]  [ 80/106]  eta: 0:00:39  lr: 0.000011  min_lr: 0.000011  loss: 0.0349 (0.0492)  weight_decay: 0.0500 (0.0500)  grad_norm: 0.1206 (0.1388)  time: 0.6902  data: 0.0001  max mem: 32286
Epoch: [3]  [ 90/106]  eta: 0:00:22  lr: 0.000012  min_lr: 0.000012  loss: 0.0314 (0.0471)  weight_decay: 0.0500 (0.0500)  grad_norm: 0.1147 (0.1358)  time: 0.6903  data: 0.0001  max mem: 32286
Epoch: [3]  [100/106]  eta: 0:00:08  lr: 0.000012  min_lr: 0.000012  loss: 0.0287 (0.0452)  weight_decay: 0.0500 (0.0500)  grad_norm: 0.1092 (0.1330)  time: 0.6910  data: 0.0001  max mem: 32286
Epoch: [3]  [105/106]  eta: 0:00:01  lr: 0.000012  min_lr: 0.000012  loss: 0.0273 (0.0442)  weight_decay: 0.0500 (0.0500)  grad_norm: 0.1064 (0.1315)  time: 0.6905  data: 0.0001  max mem: 32286
Epoch: [3] Total time: 0:02:22 (1.3428 s / it)
Averaged stats: lr: 0.000012  min_lr: 0.000012  loss: 0.0273 (0.0443)  weight_decay: 0.0500 (0.0500)  grad_norm: 0.1064 (0.1315)
Epoch: [4]  [  0/106]  eta: 1:54:18  lr: 0.000012  min_lr: 0.000012  loss: 0.0247 (0.0247)  weight_decay: 0.0500 (0.0500)  grad_norm: 0.1011 (0.1011)  time: 64.6989  data: 59.1922  max mem: 32286
Epoch: [4]  [ 10/106]  eta: 0:10:38  lr: 0.000012  min_lr: 0.000012  loss: 0.0241 (0.0238)  weight_decay: 0.0500 (0.0500)  grad_norm: 0.0986 (0.0988)  time: 6.6467  data: 5.3813  max mem: 32286
Epoch: [4]  [ 20/106]  eta: 0:05:29  lr: 0.000013  min_lr: 0.000013  loss: 0.0226 (0.0229)  weight_decay: 0.0500 (0.0500)  grad_norm: 0.0958 (0.0963)  time: 0.7846  data: 0.0002  max mem: 32286
Epoch: [4]  [ 30/106]  eta: 0:03:34  lr: 0.000013  min_lr: 0.000013  loss: 0.0209 (0.0219)  weight_decay: 0.0500 (0.0500)  grad_norm: 0.0912 (0.0939)  time: 0.7103  data: 0.0002  max mem: 32286
Epoch: [4]  [ 40/106]  eta: 0:02:31  lr: 0.000013  min_lr: 0.000013  loss: 0.0191 (0.0211)  weight_decay: 0.0500 (0.0500)  grad_norm: 0.0863 (0.0916)  time: 0.6935  data: 0.0002  max mem: 32286
Epoch: [4]  [ 50/106]  eta: 0:01:52  lr: 0.000013  min_lr: 0.000013  loss: 0.0176 (0.0202)  weight_decay: 0.0500 (0.0500)  grad_norm: 0.0820 (0.0893)  time: 0.7393  data: 0.0002  max mem: 32286
Epoch: [4]  [ 60/106]  eta: 0:01:22  lr: 0.000014  min_lr: 0.000014  loss: 0.0160 (0.0194)  weight_decay: 0.0500 (0.0500)  grad_norm: 0.0776 (0.0871)  time: 0.7737  data: 0.0001  max mem: 32286
Epoch: [4]  [ 70/106]  eta: 0:00:59  lr: 0.000014  min_lr: 0.000014  loss: 0.0146 (0.0187)  weight_decay: 0.0500 (0.0500)  grad_norm: 0.0734 (0.0849)  time: 0.7386  data: 0.0001  max mem: 32286
Epoch: [4]  [ 80/106]  eta: 0:00:39  lr: 0.000014  min_lr: 0.000014  loss: 0.0136 (0.0180)  weight_decay: 0.0500 (0.0500)  grad_norm: 0.0694 (0.0828)  time: 0.7084  data: 0.0001  max mem: 32286
Epoch: [4]  [ 90/106]  eta: 0:00:23  lr: 0.000015  min_lr: 0.000015  loss: 0.0124 (0.0173)  weight_decay: 0.0500 (0.0500)  grad_norm: 0.0655 (0.0807)  time: 0.6984  data: 0.0001  max mem: 32286
Epoch: [4]  [100/106]  eta: 0:00:08  lr: 0.000015  min_lr: 0.000015  loss: 0.0115 (0.0167)  weight_decay: 0.0500 (0.0500)  grad_norm: 0.0617 (0.0787)  time: 0.6942  data: 0.0002  max mem: 32286
Epoch: [4]  [105/106]  eta: 0:00:01  lr: 0.000015  min_lr: 0.000015  loss: 0.0109 (0.0164)  weight_decay: 0.0500 (0.0500)  grad_norm: 0.0601 (0.0777)  time: 0.6956  data: 0.0002  max mem: 32286
Epoch: [4] Total time: 0:02:22 (1.3445 s / it)
Averaged stats: lr: 0.000015  min_lr: 0.000015  loss: 0.0109 (0.0164)  weight_decay: 0.0500 (0.0500)  grad_norm: 0.0601 (0.0777)
Epoch: [5]  [  0/106]  eta: 1:54:18  lr: 0.000015  min_lr: 0.000015  loss: 0.0100 (0.0100)  weight_decay: 0.0500 (0.0500)  grad_norm: 0.0567 (0.0567)  time: 64.6981  data: 63.5420  max mem: 32286
Epoch: [5]  [ 10/106]  eta: 0:10:29  lr: 0.000015  min_lr: 0.000015  loss: 0.0098 (0.0097)  weight_decay: 0.0500 (0.0500)  grad_norm: 0.0545 (0.0548)  time: 6.5551  data: 5.7767  max mem: 32286
Epoch: [5]  [ 20/106]  eta: 0:05:24  lr: 0.000016  min_lr: 0.000016  loss: 0.0092 (0.0094)  weight_decay: 0.0500 (0.0500)  grad_norm: 0.0531 (0.0531)  time: 0.7274  data: 0.0002  max mem: 32286
Epoch: [5]  [ 30/106]  eta: 0:03:32  lr: 0.000016  min_lr: 0.000016  loss: 0.0085 (0.0090)  weight_decay: 0.0500 (0.0500)  grad_norm: 0.0506 (0.0522)  time: 0.7230  data: 0.0002  max mem: 32286
Epoch: [5]  [ 40/106]  eta: 0:02:30  lr: 0.000016  min_lr: 0.000016  loss: 0.0080 (0.0087)  weight_decay: 0.0500 (0.0500)  grad_norm: 0.0489 (0.0508)  time: 0.7150  data: 0.0002  max mem: 32286
Epoch: [5]  [ 50/106]  eta: 0:01:50  lr: 0.000016  min_lr: 0.000016  loss: 0.0074 (0.0084)  weight_decay: 0.0500 (0.0500)  grad_norm: 0.0440 (0.0492)  time: 0.6977  data: 0.0002  max mem: 32286
Epoch: [5]  [ 60/106]  eta: 0:01:21  lr: 0.000017  min_lr: 0.000017  loss: 0.0068 (0.0081)  weight_decay: 0.0500 (0.0500)  grad_norm: 0.0408 (0.0476)  time: 0.6963  data: 0.0002  max mem: 32286
Epoch: [5]  [ 70/106]  eta: 0:00:58  lr: 0.000017  min_lr: 0.000017  loss: 0.0063 (0.0078)  weight_decay: 0.0500 (0.0500)  grad_norm: 0.0379 (0.0461)  time: 0.6945  data: 0.0002  max mem: 32286
Epoch: [5]  [ 80/106]  eta: 0:00:38  lr: 0.000017  min_lr: 0.000017  loss: 0.0059 (0.0075)  weight_decay: 0.0500 (0.0500)  grad_norm: 0.0359 (0.0447)  time: 0.6918  data: 0.0001  max mem: 32286
Epoch: [5]  [ 90/106]  eta: 0:00:22  lr: 0.000018  min_lr: 0.000018  loss: 0.0054 (0.0073)  weight_decay: 0.0500 (0.0500)  grad_norm: 0.0330 (0.0433)  time: 0.6928  data: 0.0001  max mem: 32286
Epoch: [5]  [100/106]  eta: 0:00:08  lr: 0.000018  min_lr: 0.000018  loss: 0.0050 (0.0070)  weight_decay: 0.0500 (0.0500)  grad_norm: 0.0317 (0.0421)  time: 0.6966  data: 0.0002  max mem: 32286
Epoch: [5]  [105/106]  eta: 0:00:01  lr: 0.000018  min_lr: 0.000018  loss: 0.0048 (0.0069)  weight_decay: 0.0500 (0.0500)  grad_norm: 0.0302 (0.0415)  time: 0.6966  data: 0.0002  max mem: 32286
Epoch: [5] Total time: 0:02:19 (1.3203 s / it)
Averaged stats: lr: 0.000018  min_lr: 0.000018  loss: 0.0048 (0.0069)  weight_decay: 0.0500 (0.0500)  grad_norm: 0.0302 (0.0415)
Epoch: [6]  [  0/106]  eta: 1:53:00  lr: 0.000018  min_lr: 0.000018  loss: 0.0044 (0.0044)  weight_decay: 0.0500 (0.0500)  grad_norm: 0.0286 (0.0286)  time: 63.9647  data: 60.4007  max mem: 32286
Epoch: [6]  [ 10/106]  eta: 0:10:27  lr: 0.000018  min_lr: 0.000018  loss: 0.0044 (0.0044)  weight_decay: 0.0500 (0.0500)  grad_norm: 0.0279 (0.0276)  time: 6.5336  data: 5.4912  max mem: 32286
Epoch: [6]  [ 20/106]  eta: 0:05:23  lr: 0.000019  min_lr: 0.000019  loss: 0.0042 (0.0042)  weight_decay: 0.0500 (0.0500)  grad_norm: 0.0264 (0.0268)  time: 0.7550  data: 0.0002  max mem: 32286
Epoch: [6]  [ 30/106]  eta: 0:03:30  lr: 0.000019  min_lr: 0.000019  loss: 0.0039 (0.0041)  weight_decay: 0.0500 (0.0500)  grad_norm: 0.0239 (0.0255)  time: 0.7075  data: 0.0002  max mem: 32286
Epoch: [6]  [ 40/106]  eta: 0:02:29  lr: 0.000019  min_lr: 0.000019  loss: 0.0037 (0.0040)  weight_decay: 0.0500 (0.0500)  grad_norm: 0.0221 (0.0245)  time: 0.6967  data: 0.0002  max mem: 32286
Epoch: [6]  [ 50/106]  eta: 0:01:49  lr: 0.000019  min_lr: 0.000019  loss: 0.0035 (0.0038)  weight_decay: 0.0500 (0.0500)  grad_norm: 0.0221 (0.0245)  time: 0.7013  data: 0.0001  max mem: 32286
Epoch: [6]  [ 60/106]  eta: 0:01:20  lr: 0.000020  min_lr: 0.000020  loss: 0.0032 (0.0037)  weight_decay: 0.0500 (0.0500)  grad_norm: 0.0211 (0.0238)  time: 0.7006  data: 0.0001  max mem: 32286
Epoch: [6]  [ 70/106]  eta: 0:00:57  lr: 0.000020  min_lr: 0.000020  loss: 0.0030 (0.0036)  weight_decay: 0.0500 (0.0500)  grad_norm: 0.0193 (0.0232)  time: 0.6948  data: 0.0001  max mem: 32286
Epoch: [6]  [ 80/106]  eta: 0:00:38  lr: 0.000020  min_lr: 0.000020  loss: 0.0029 (0.0035)  weight_decay: 0.0500 (0.0500)  grad_norm: 0.0179 (0.0225)  time: 0.6939  data: 0.0002  max mem: 32286
Epoch: [6]  [ 90/106]  eta: 0:00:22  lr: 0.000021  min_lr: 0.000021  loss: 0.0027 (0.0034)  weight_decay: 0.0500 (0.0500)  grad_norm: 0.0176 (0.0219)  time: 0.6943  data: 0.0002  max mem: 32286
Epoch: [6]  [100/106]  eta: 0:00:08  lr: 0.000021  min_lr: 0.000021  loss: 0.0025 (0.0033)  weight_decay: 0.0500 (0.0500)  grad_norm: 0.0176 (0.0215)  time: 0.6918  data: 0.0001  max mem: 32286
Epoch: [6]  [105/106]  eta: 0:00:01  lr: 0.000021  min_lr: 0.000021  loss: 0.0024 (0.0033)  weight_decay: 0.0500 (0.0500)  grad_norm: 0.0176 (0.0213)  time: 0.6915  data: 0.0001  max mem: 32286
Epoch: [6] Total time: 0:02:19 (1.3138 s / it)
Averaged stats: lr: 0.000021  min_lr: 0.000021  loss: 0.0024 (0.0033)  weight_decay: 0.0500 (0.0500)  grad_norm: 0.0176 (0.0213)
Epoch: [7]  [  0/106]  eta: 1:58:16  lr: 0.000021  min_lr: 0.000021  loss: 0.0023 (0.0023)  weight_decay: 0.0500 (0.0500)  grad_norm: 0.0156 (0.0156)  time: 66.9451  data: 51.2162  max mem: 32286
Epoch: [7]  [ 10/106]  eta: 0:10:53  lr: 0.000021  min_lr: 0.000021  loss: 0.0023 (0.0023)  weight_decay: 0.0500 (0.0500)  grad_norm: 0.0209 (0.0212)  time: 6.8027  data: 4.6562  max mem: 32286
Epoch: [7]  [ 20/106]  eta: 0:05:36  lr: 0.000022  min_lr: 0.000022  loss: 0.0022 (0.0022)  weight_decay: 0.0500 (0.0500)  grad_norm: 0.0180 (0.0190)  time: 0.7585  data: 0.0001  max mem: 32286
Epoch: [7]  [ 30/106]  eta: 0:03:38  lr: 0.000022  min_lr: 0.000022  loss: 0.0020 (0.0021)  weight_decay: 0.0500 (0.0500)  grad_norm: 0.0155 (0.0177)  time: 0.7151  data: 0.0001  max mem: 32286
Epoch: [7]  [ 40/106]  eta: 0:02:34  lr: 0.000022  min_lr: 0.000022  loss: 0.0020 (0.0021)  weight_decay: 0.0500 (0.0500)  grad_norm: 0.0151 (0.0172)  time: 0.6983  data: 0.0001  max mem: 32286
Epoch: [7]  [ 50/106]  eta: 0:01:53  lr: 0.000022  min_lr: 0.000022  loss: 0.0019 (0.0020)  weight_decay: 0.0500 (0.0500)  grad_norm: 0.0139 (0.0165)  time: 0.6929  data: 0.0001  max mem: 32286
Epoch: [7]  [ 60/106]  eta: 0:01:22  lr: 0.000023  min_lr: 0.000023  loss: 0.0017 (0.0020)  weight_decay: 0.0500 (0.0500)  grad_norm: 0.0152 (0.0165)  time: 0.6905  data: 0.0001  max mem: 32286
Epoch: [7]  [ 70/106]  eta: 0:00:59  lr: 0.000023  min_lr: 0.000023  loss: 0.0016 (0.0019)  weight_decay: 0.0500 (0.0500)  grad_norm: 0.0170 (0.0167)  time: 0.6897  data: 0.0001  max mem: 32286
Epoch: [7]  [ 80/106]  eta: 0:00:39  lr: 0.000023  min_lr: 0.000023  loss: 0.0016 (0.0019)  weight_decay: 0.0500 (0.0500)  grad_norm: 0.0149 (0.0164)  time: 0.6913  data: 0.0001  max mem: 32286
Epoch: [7]  [ 90/106]  eta: 0:00:22  lr: 0.000024  min_lr: 0.000024  loss: 0.0015 (0.0018)  weight_decay: 0.0500 (0.0500)  grad_norm: 0.0143 (0.0160)  time: 0.6959  data: 0.0001  max mem: 32286
Epoch: [7]  [100/106]  eta: 0:00:08  lr: 0.000024  min_lr: 0.000024  loss: 0.0014 (0.0018)  weight_decay: 0.0500 (0.0500)  grad_norm: 0.0121 (0.0161)  time: 0.6937  data: 0.0001  max mem: 32286
Epoch: [7]  [105/106]  eta: 0:00:01  lr: 0.000024  min_lr: 0.000024  loss: 0.0014 (0.0018)  weight_decay: 0.0500 (0.0500)  grad_norm: 0.0121 (0.0167)  time: 0.6924  data: 0.0001  max mem: 32286
Epoch: [7] Total time: 0:02:22 (1.3407 s / it)
Averaged stats: lr: 0.000024  min_lr: 0.000024  loss: 0.0014 (0.0018)  weight_decay: 0.0500 (0.0500)  grad_norm: 0.0121 (0.0167)
Epoch: [8]  [  0/106]  eta: 1:54:22  lr: 0.000024  min_lr: 0.000024  loss: 0.0012 (0.0012)  weight_decay: 0.0500 (0.0500)  grad_norm: 0.0230 (0.0230)  time: 64.7391  data: 48.6053  max mem: 32286
Epoch: [8]  [ 10/106]  eta: 0:10:35  lr: 0.000024  min_lr: 0.000024  loss: 0.0012 (0.0012)  weight_decay: 0.0500 (0.0500)  grad_norm: 0.0154 (0.0159)  time: 6.6155  data: 4.4189  max mem: 32286
Epoch: [8]  [ 20/106]  eta: 0:05:30  lr: 0.000025  min_lr: 0.000025  loss: 0.0012 (0.0012)  weight_decay: 0.0500 (0.0500)  grad_norm: 0.0128 (0.0138)  time: 0.7973  data: 0.0002  max mem: 32286
Epoch: [8]  [ 30/106]  eta: 0:03:35  lr: 0.000025  min_lr: 0.000025  loss: 0.0011 (0.0012)  weight_decay: 0.0500 (0.0500)  grad_norm: 0.0108 (0.0129)  time: 0.7548  data: 0.0002  max mem: 32286
Epoch: [8]  [ 40/106]  eta: 0:02:32  lr: 0.000025  min_lr: 0.000025  loss: 0.0011 (0.0011)  weight_decay: 0.0500 (0.0500)  grad_norm: 0.0115 (0.0126)  time: 0.7080  data: 0.0002  max mem: 32286
Epoch: [8]  [ 50/106]  eta: 0:01:51  lr: 0.000025  min_lr: 0.000025  loss: 0.0010 (0.0011)  weight_decay: 0.0500 (0.0500)  grad_norm: 0.0124 (0.0133)  time: 0.6936  data: 0.0001  max mem: 32286
Epoch: [8]  [ 60/106]  eta: 0:01:21  lr: 0.000026  min_lr: 0.000026  loss: 0.0010 (0.0011)  weight_decay: 0.0500 (0.0500)  grad_norm: 0.0142 (0.0141)  time: 0.6909  data: 0.0001  max mem: 32286
Epoch: [8]  [ 70/106]  eta: 0:00:58  lr: 0.000026  min_lr: 0.000026  loss: 0.0009 (0.0010)  weight_decay: 0.0500 (0.0500)  grad_norm: 0.0125 (0.0138)  time: 0.6904  data: 0.0001  max mem: 32286
Epoch: [8]  [ 80/106]  eta: 0:00:39  lr: 0.000026  min_lr: 0.000026  loss: 0.0008 (0.0010)  weight_decay: 0.0500 (0.0500)  grad_norm: 0.0121 (0.0139)  time: 0.6888  data: 0.0001  max mem: 32286
Epoch: [8]  [ 90/106]  eta: 0:00:22  lr: 0.000027  min_lr: 0.000027  loss: 0.0008 (0.0010)  weight_decay: 0.0500 (0.0500)  grad_norm: 0.0119 (0.0135)  time: 0.6900  data: 0.0001  max mem: 32286
Epoch: [8]  [100/106]  eta: 0:00:08  lr: 0.000027  min_lr: 0.000027  loss: 0.0008 (0.0010)  weight_decay: 0.0500 (0.0500)  grad_norm: 0.0125 (0.0142)  time: 0.6909  data: 0.0001  max mem: 32286
Epoch: [8]  [105/106]  eta: 0:00:01  lr: 0.000027  min_lr: 0.000027  loss: 0.0007 (0.0010)  weight_decay: 0.0500 (0.0500)  grad_norm: 0.0150 (0.0142)  time: 0.6912  data: 0.0001  max mem: 32286
Epoch: [8] Total time: 0:02:20 (1.3287 s / it)
Averaged stats: lr: 0.000027  min_lr: 0.000027  loss: 0.0007 (0.0010)  weight_decay: 0.0500 (0.0500)  grad_norm: 0.0150 (0.0142)
Epoch: [9]  [  0/106]  eta: 1:56:30  lr: 0.000027  min_lr: 0.000027  loss: 0.0006 (0.0006)  weight_decay: 0.0500 (0.0500)  grad_norm: 0.0083 (0.0083)  time: 65.9496  data: 51.8652  max mem: 32286
Epoch: [9]  [ 10/106]  eta: 0:10:38  lr: 0.000027  min_lr: 0.000027  loss: 0.0007 (0.0007)  weight_decay: 0.0500 (0.0500)  grad_norm: 0.0098 (0.0099)  time: 6.6461  data: 4.7152  max mem: 32286
Epoch: [9]  [ 20/106]  eta: 0:05:28  lr: 0.000028  min_lr: 0.000028  loss: 0.0006 (0.0006)  weight_decay: 0.0500 (0.0500)  grad_norm: 0.0092 (0.0095)  time: 0.7118  data: 0.0002  max mem: 32286
Epoch: [9]  [ 30/106]  eta: 0:03:33  lr: 0.000028  min_lr: 0.000028  loss: 0.0006 (0.0007)  weight_decay: 0.0500 (0.0500)  grad_norm: 0.0112 (0.0146)  time: 0.7000  data: 0.0001  max mem: 32286
Epoch: [9]  [ 40/106]  eta: 0:02:31  lr: 0.000028  min_lr: 0.000028  loss: 0.0006 (0.0006)  weight_decay: 0.0500 (0.0500)  grad_norm: 0.0181 (0.0146)  time: 0.6938  data: 0.0001  max mem: 32286
Epoch: [9]  [ 50/106]  eta: 0:01:50  lr: 0.000028  min_lr: 0.000028  loss: 0.0006 (0.0006)  weight_decay: 0.0500 (0.0500)  grad_norm: 0.0115 (0.0136)  time: 0.6930  data: 0.0001  max mem: 32286
Epoch: [9]  [ 60/106]  eta: 0:01:21  lr: 0.000029  min_lr: 0.000029  loss: 0.0005 (0.0006)  weight_decay: 0.0500 (0.0500)  grad_norm: 0.0083 (0.0127)  time: 0.6910  data: 0.0001  max mem: 32286
Epoch: [9]  [ 70/106]  eta: 0:00:58  lr: 0.000029  min_lr: 0.000029  loss: 0.0005 (0.0006)  weight_decay: 0.0500 (0.0500)  grad_norm: 0.0080 (0.0121)  time: 0.6915  data: 0.0001  max mem: 32286
Epoch: [9]  [ 80/106]  eta: 0:00:39  lr: 0.000029  min_lr: 0.000029  loss: 0.0005 (0.0006)  weight_decay: 0.0500 (0.0500)  grad_norm: 0.0121 (0.0131)  time: 0.7003  data: 0.0001  max mem: 32286
Epoch: [9]  [ 90/106]  eta: 0:00:22  lr: 0.000030  min_lr: 0.000030  loss: 0.0005 (0.0006)  weight_decay: 0.0500 (0.0500)  grad_norm: 0.0142 (0.0129)  time: 0.7088  data: 0.0001  max mem: 32286
Epoch: [9]  [100/106]  eta: 0:00:08  lr: 0.000030  min_lr: 0.000030  loss: 0.0004 (0.0005)  weight_decay: 0.0500 (0.0500)  grad_norm: 0.0086 (0.0124)  time: 0.7094  data: 0.0001  max mem: 32286
Epoch: [9]  [105/106]  eta: 0:00:01  lr: 0.000030  min_lr: 0.000030  loss: 0.0004 (0.0005)  weight_decay: 0.0500 (0.0500)  grad_norm: 0.0090 (0.0123)  time: 0.7071  data: 0.0001  max mem: 32286
Epoch: [9] Total time: 0:02:20 (1.3282 s / it)
Averaged stats: lr: 0.000030  min_lr: 0.000030  loss: 0.0004 (0.0005)  weight_decay: 0.0500 (0.0500)  grad_norm: 0.0090 (0.0123)
Epoch: [10]  [  0/106]  eta: 1:57:10  lr: 0.000030  min_lr: 0.000030  loss: 0.0004 (0.0004)  weight_decay: 0.0500 (0.0500)  grad_norm: 0.0165 (0.0165)  time: 66.3235  data: 45.4908  max mem: 32286
Epoch: [10]  [ 10/106]  eta: 0:10:43  lr: 0.000030  min_lr: 0.000030  loss: 0.0004 (0.0004)  weight_decay: 0.0500 (0.0500)  grad_norm: 0.0165 (0.0161)  time: 6.7047  data: 4.1357  max mem: 32286
Epoch: [10]  [ 20/106]  eta: 0:05:30  lr: 0.000031  min_lr: 0.000031  loss: 0.0004 (0.0004)  weight_decay: 0.0500 (0.0500)  grad_norm: 0.0130 (0.0134)  time: 0.7194  data: 0.0001  max mem: 32286
Epoch: [10]  [ 30/106]  eta: 0:03:34  lr: 0.000031  min_lr: 0.000031  loss: 0.0004 (0.0004)  weight_decay: 0.0500 (0.0500)  grad_norm: 0.0092 (0.0122)  time: 0.6949  data: 0.0001  max mem: 32286
Epoch: [10]  [ 40/106]  eta: 0:02:32  lr: 0.000031  min_lr: 0.000031  loss: 0.0004 (0.0004)  weight_decay: 0.0500 (0.0500)  grad_norm: 0.0111 (0.0131)  time: 0.6938  data: 0.0001  max mem: 32286
Epoch: [10]  [ 50/106]  eta: 0:01:51  lr: 0.000031  min_lr: 0.000031  loss: 0.0004 (0.0004)  weight_decay: 0.0500 (0.0500)  grad_norm: 0.0149 (0.0134)  time: 0.6917  data: 0.0001  max mem: 32286
Epoch: [10]  [ 60/106]  eta: 0:01:21  lr: 0.000032  min_lr: 0.000032  loss: 0.0003 (0.0004)  weight_decay: 0.0500 (0.0500)  grad_norm: 0.0101 (0.0126)  time: 0.6897  data: 0.0001  max mem: 32286
Epoch: [10]  [ 70/106]  eta: 0:00:58  lr: 0.000032  min_lr: 0.000032  loss: 0.0003 (0.0003)  weight_decay: 0.0500 (0.0500)  grad_norm: 0.0105 (0.0129)  time: 0.6914  data: 0.0001  max mem: 32286
Epoch: [10]  [ 80/106]  eta: 0:00:39  lr: 0.000032  min_lr: 0.000032  loss: 0.0003 (0.0003)  weight_decay: 0.0500 (0.0500)  grad_norm: 0.0126 (0.0128)  time: 0.6919  data: 0.0001  max mem: 32286
Epoch: [10]  [ 90/106]  eta: 0:00:22  lr: 0.000033  min_lr: 0.000033  loss: 0.0003 (0.0003)  weight_decay: 0.0500 (0.0500)  grad_norm: 0.0093 (0.0124)  time: 0.6907  data: 0.0001  max mem: 32286
Epoch: [10]  [100/106]  eta: 0:00:08  lr: 0.000033  min_lr: 0.000033  loss: 0.0003 (0.0003)  weight_decay: 0.0500 (0.0500)  grad_norm: 0.0099 (0.0129)  time: 0.6922  data: 0.0001  max mem: 32286
Epoch: [10]  [105/106]  eta: 0:00:01  lr: 0.000033  min_lr: 0.000033  loss: 0.0003 (0.0003)  weight_decay: 0.0500 (0.0500)  grad_norm: 0.0136 (0.0130)  time: 0.6922  data: 0.0001  max mem: 32286
Epoch: [10] Total time: 0:02:20 (1.3266 s / it)
Averaged stats: lr: 0.000033  min_lr: 0.000033  loss: 0.0003 (0.0003)  weight_decay: 0.0500 (0.0500)  grad_norm: 0.0136 (0.0130)
Epoch: [11]  [  0/106]  eta: 1:53:08  lr: 0.000033  min_lr: 0.000033  loss: 0.0003 (0.0003)  weight_decay: 0.0500 (0.0500)  grad_norm: 0.0131 (0.0131)  time: 64.0428  data: 62.0831  max mem: 32286
Epoch: [11]  [ 10/106]  eta: 0:10:24  lr: 0.000033  min_lr: 0.000033  loss: 0.0003 (0.0003)  weight_decay: 0.0500 (0.0500)  grad_norm: 0.0116 (0.0107)  time: 6.5025  data: 5.6441  max mem: 32286
Epoch: [11]  [ 20/106]  eta: 0:05:21  lr: 0.000034  min_lr: 0.000034  loss: 0.0003 (0.0003)  weight_decay: 0.0500 (0.0500)  grad_norm: 0.0118 (0.0120)  time: 0.7203  data: 0.0002  max mem: 32286
Epoch: [11]  [ 30/106]  eta: 0:03:29  lr: 0.000034  min_lr: 0.000034  loss: 0.0002 (0.0002)  weight_decay: 0.0500 (0.0500)  grad_norm: 0.0117 (0.0116)  time: 0.6915  data: 0.0001  max mem: 32286
Epoch: [11]  [ 40/106]  eta: 0:02:28  lr: 0.000034  min_lr: 0.000034  loss: 0.0002 (0.0002)  weight_decay: 0.0500 (0.0500)  grad_norm: 0.0086 (0.0107)  time: 0.6906  data: 0.0002  max mem: 32286
Epoch: [11]  [ 50/106]  eta: 0:01:48  lr: 0.000034  min_lr: 0.000034  loss: 0.0002 (0.0002)  weight_decay: 0.0500 (0.0500)  grad_norm: 0.0094 (0.0128)  time: 0.6900  data: 0.0002  max mem: 32286
Epoch: [11]  [ 60/106]  eta: 0:01:19  lr: 0.000035  min_lr: 0.000035  loss: 0.0002 (0.0002)  weight_decay: 0.0500 (0.0500)  grad_norm: 0.0161 (0.0131)  time: 0.6907  data: 0.0001  max mem: 32286
Epoch: [11]  [ 70/106]  eta: 0:00:57  lr: 0.000035  min_lr: 0.000035  loss: 0.0002 (0.0002)  weight_decay: 0.0500 (0.0500)  grad_norm: 0.0104 (0.0124)  time: 0.6969  data: 0.0001  max mem: 32286
Epoch: [11]  [ 80/106]  eta: 0:00:38  lr: 0.000035  min_lr: 0.000035  loss: 0.0002 (0.0002)  weight_decay: 0.0500 (0.0500)  grad_norm: 0.0081 (0.0119)  time: 0.6966  data: 0.0001  max mem: 32286
Epoch: [11]  [ 90/106]  eta: 0:00:22  lr: 0.000036  min_lr: 0.000036  loss: 0.0002 (0.0002)  weight_decay: 0.0500 (0.0500)  grad_norm: 0.0090 (0.0119)  time: 0.6911  data: 0.0001  max mem: 32286
Epoch: [11]  [100/106]  eta: 0:00:07  lr: 0.000036  min_lr: 0.000036  loss: 0.0002 (0.0002)  weight_decay: 0.0500 (0.0500)  grad_norm: 0.0101 (0.0116)  time: 0.6901  data: 0.0001  max mem: 32286
Epoch: [11]  [105/106]  eta: 0:00:01  lr: 0.000036  min_lr: 0.000036  loss: 0.0002 (0.0002)  weight_decay: 0.0500 (0.0500)  grad_norm: 0.0106 (0.0116)  time: 0.6902  data: 0.0001  max mem: 32286
Epoch: [11] Total time: 0:02:18 (1.3053 s / it)
Averaged stats: lr: 0.000036  min_lr: 0.000036  loss: 0.0002 (0.0002)  weight_decay: 0.0500 (0.0500)  grad_norm: 0.0106 (0.0116)
Epoch: [12]  [  0/106]  eta: 1:54:09  lr: 0.000036  min_lr: 0.000036  loss: 0.0002 (0.0002)  weight_decay: 0.0500 (0.0500)  grad_norm: 0.0160 (0.0160)  time: 64.6191  data: 59.9397  max mem: 32286
Epoch: [12]  [ 10/106]  eta: 0:10:28  lr: 0.000036  min_lr: 0.000036  loss: 0.0002 (0.0002)  weight_decay: 0.0500 (0.0500)  grad_norm: 0.0166 (0.0174)  time: 6.5439  data: 5.4492  max mem: 32286
Epoch: [12]  [ 20/106]  eta: 0:05:23  lr: 0.000037  min_lr: 0.000037  loss: 0.0002 (0.0002)  weight_decay: 0.0500 (0.0500)  grad_norm: 0.0125 (0.0139)  time: 0.7212  data: 0.0002  max mem: 32286
Epoch: [12]  [ 30/106]  eta: 0:03:30  lr: 0.000037  min_lr: 0.000037  loss: 0.0002 (0.0002)  weight_decay: 0.0500 (0.0500)  grad_norm: 0.0079 (0.0117)  time: 0.6989  data: 0.0001  max mem: 32286
Epoch: [12]  [ 40/106]  eta: 0:02:29  lr: 0.000037  min_lr: 0.000037  loss: 0.0002 (0.0002)  weight_decay: 0.0500 (0.0500)  grad_norm: 0.0082 (0.0133)  time: 0.6926  data: 0.0001  max mem: 32286
Epoch: [12]  [ 50/106]  eta: 0:01:49  lr: 0.000037  min_lr: 0.000037  loss: 0.0002 (0.0002)  weight_decay: 0.0500 (0.0500)  grad_norm: 0.0138 (0.0130)  time: 0.6918  data: 0.0001  max mem: 32286
Epoch: [12]  [ 60/106]  eta: 0:01:20  lr: 0.000038  min_lr: 0.000038  loss: 0.0002 (0.0002)  weight_decay: 0.0500 (0.0500)  grad_norm: 0.0094 (0.0122)  time: 0.6900  data: 0.0001  max mem: 32286
Epoch: [12]  [ 70/106]  eta: 0:00:57  lr: 0.000038  min_lr: 0.000038  loss: 0.0001 (0.0002)  weight_decay: 0.0500 (0.0500)  grad_norm: 0.0059 (0.0112)  time: 0.6905  data: 0.0002  max mem: 32286
Epoch: [12]  [ 80/106]  eta: 0:00:38  lr: 0.000038  min_lr: 0.000038  loss: 0.0001 (0.0002)  weight_decay: 0.0500 (0.0500)  grad_norm: 0.0060 (0.0120)  time: 0.6912  data: 0.0001  max mem: 32286
Epoch: [12]  [ 90/106]  eta: 0:00:22  lr: 0.000039  min_lr: 0.000039  loss: 0.0002 (0.0002)  weight_decay: 0.0500 (0.0500)  grad_norm: 0.0145 (0.0122)  time: 0.6908  data: 0.0001  max mem: 32286
Epoch: [12]  [100/106]  eta: 0:00:07  lr: 0.000039  min_lr: 0.000039  loss: 0.0001 (0.0002)  weight_decay: 0.0500 (0.0500)  grad_norm: 0.0099 (0.0119)  time: 0.6901  data: 0.0002  max mem: 32286
Epoch: [12]  [105/106]  eta: 0:00:01  lr: 0.000039  min_lr: 0.000039  loss: 0.0001 (0.0002)  weight_decay: 0.0500 (0.0500)  grad_norm: 0.0086 (0.0116)  time: 0.6900  data: 0.0002  max mem: 32286
Epoch: [12] Total time: 0:02:18 (1.3109 s / it)
Averaged stats: lr: 0.000039  min_lr: 0.000039  loss: 0.0001 (0.0002)  weight_decay: 0.0500 (0.0500)  grad_norm: 0.0086 (0.0116)
Epoch: [13]  [  0/106]  eta: 1:54:04  lr: 0.000039  min_lr: 0.000039  loss: 0.0001 (0.0001)  weight_decay: 0.0500 (0.0500)  grad_norm: 0.0071 (0.0071)  time: 64.5728  data: 54.1540  max mem: 32286
Epoch: [13]  [ 10/106]  eta: 0:10:29  lr: 0.000039  min_lr: 0.000039  loss: 0.0001 (0.0001)  weight_decay: 0.0500 (0.0500)  grad_norm: 0.0118 (0.0121)  time: 6.5564  data: 4.9233  max mem: 32286
Epoch: [13]  [ 20/106]  eta: 0:05:23  lr: 0.000040  min_lr: 0.000040  loss: 0.0001 (0.0001)  weight_decay: 0.0500 (0.0500)  grad_norm: 0.0118 (0.0121)  time: 0.7252  data: 0.0002  max mem: 32286
Epoch: [13]  [ 30/106]  eta: 0:03:30  lr: 0.000040  min_lr: 0.000040  loss: 0.0001 (0.0001)  weight_decay: 0.0500 (0.0500)  grad_norm: 0.0101 (0.0112)  time: 0.6944  data: 0.0002  max mem: 32286
Epoch: [13]  [ 40/106]  eta: 0:02:29  lr: 0.000040  min_lr: 0.000040  loss: 0.0001 (0.0001)  weight_decay: 0.0500 (0.0500)  grad_norm: 0.0103 (0.0116)  time: 0.6934  data: 0.0002  max mem: 32286
Epoch: [13]  [ 50/106]  eta: 0:01:49  lr: 0.000040  min_lr: 0.000040  loss: 0.0001 (0.0001)  weight_decay: 0.0500 (0.0500)  grad_norm: 0.0082 (0.0108)  time: 0.6923  data: 0.0001  max mem: 32286
Epoch: [13]  [ 60/106]  eta: 0:01:20  lr: 0.000041  min_lr: 0.000041  loss: 0.0001 (0.0001)  weight_decay: 0.0500 (0.0500)  grad_norm: 0.0084 (0.0108)  time: 0.6900  data: 0.0001  max mem: 32286
Epoch: [13]  [ 70/106]  eta: 0:00:57  lr: 0.000041  min_lr: 0.000041  loss: 0.0001 (0.0001)  weight_decay: 0.0500 (0.0500)  grad_norm: 0.0130 (0.0117)  time: 0.6885  data: 0.0001  max mem: 32286
Epoch: [13]  [ 80/106]  eta: 0:00:38  lr: 0.000041  min_lr: 0.000041  loss: 0.0001 (0.0001)  weight_decay: 0.0500 (0.0500)  grad_norm: 0.0135 (0.0117)  time: 0.6906  data: 0.0001  max mem: 32286
Epoch: [13]  [ 90/106]  eta: 0:00:22  lr: 0.000042  min_lr: 0.000042  loss: 0.0001 (0.0001)  weight_decay: 0.0500 (0.0500)  grad_norm: 0.0097 (0.0112)  time: 0.6921  data: 0.0002  max mem: 32286
Epoch: [13]  [100/106]  eta: 0:00:07  lr: 0.000042  min_lr: 0.000042  loss: 0.0001 (0.0001)  weight_decay: 0.0500 (0.0500)  grad_norm: 0.0061 (0.0107)  time: 0.6902  data: 0.0002  max mem: 32286
Epoch: [13]  [105/106]  eta: 0:00:01  lr: 0.000042  min_lr: 0.000042  loss: 0.0001 (0.0001)  weight_decay: 0.0500 (0.0500)  grad_norm: 0.0061 (0.0108)  time: 0.6890  data: 0.0002  max mem: 32286
Epoch: [13] Total time: 0:02:19 (1.3114 s / it)
Averaged stats: lr: 0.000042  min_lr: 0.000042  loss: 0.0001 (0.0001)  weight_decay: 0.0500 (0.0500)  grad_norm: 0.0061 (0.0108)
Epoch: [14]  [  0/106]  eta: 1:55:17  lr: 0.000042  min_lr: 0.000042  loss: 0.0002 (0.0002)  weight_decay: 0.0500 (0.0500)  grad_norm: 0.0224 (0.0224)  time: 65.2578  data: 59.7039  max mem: 32286
Epoch: [14]  [ 10/106]  eta: 0:10:31  lr: 0.000042  min_lr: 0.000042  loss: 0.0001 (0.0001)  weight_decay: 0.0500 (0.0500)  grad_norm: 0.0116 (0.0132)  time: 6.5827  data: 5.4278  max mem: 32286
Epoch: [14]  [ 20/106]  eta: 0:05:25  lr: 0.000043  min_lr: 0.000043  loss: 0.0001 (0.0001)  weight_decay: 0.0500 (0.0500)  grad_norm: 0.0093 (0.0106)  time: 0.7102  data: 0.0002  max mem: 32286
Epoch: [14]  [ 30/106]  eta: 0:03:31  lr: 0.000043  min_lr: 0.000043  loss: 0.0001 (0.0001)  weight_decay: 0.0500 (0.0500)  grad_norm: 0.0093 (0.0124)  time: 0.6997  data: 0.0002  max mem: 32286
Epoch: [14]  [ 40/106]  eta: 0:02:30  lr: 0.000043  min_lr: 0.000043  loss: 0.0001 (0.0001)  weight_decay: 0.0500 (0.0500)  grad_norm: 0.0120 (0.0121)  time: 0.6944  data: 0.0001  max mem: 32286
Epoch: [14]  [ 50/106]  eta: 0:01:50  lr: 0.000043  min_lr: 0.000043  loss: 0.0001 (0.0001)  weight_decay: 0.0500 (0.0500)  grad_norm: 0.0073 (0.0110)  time: 0.6941  data: 0.0001  max mem: 32286
Epoch: [14]  [ 60/106]  eta: 0:01:21  lr: 0.000044  min_lr: 0.000044  loss: 0.0001 (0.0001)  weight_decay: 0.0500 (0.0500)  grad_norm: 0.0073 (0.0109)  time: 0.7212  data: 0.0001  max mem: 32286
Epoch: [14]  [ 70/106]  eta: 0:00:58  lr: 0.000044  min_lr: 0.000044  loss: 0.0001 (0.0001)  weight_decay: 0.0500 (0.0500)  grad_norm: 0.0103 (0.0109)  time: 0.7572  data: 0.0001  max mem: 32286
Epoch: [14]  [ 80/106]  eta: 0:00:39  lr: 0.000044  min_lr: 0.000044  loss: 0.0001 (0.0001)  weight_decay: 0.0500 (0.0500)  grad_norm: 0.0106 (0.0108)  time: 0.7340  data: 0.0001  max mem: 32286
Epoch: [14]  [ 90/106]  eta: 0:00:22  lr: 0.000045  min_lr: 0.000045  loss: 0.0001 (0.0001)  weight_decay: 0.0500 (0.0500)  grad_norm: 0.0106 (0.0108)  time: 0.6970  data: 0.0001  max mem: 32286
Epoch: [14]  [100/106]  eta: 0:00:08  lr: 0.000045  min_lr: 0.000045  loss: 0.0001 (0.0001)  weight_decay: 0.0500 (0.0500)  grad_norm: 0.0101 (0.0109)  time: 0.6906  data: 0.0001  max mem: 32286
Epoch: [14]  [105/106]  eta: 0:00:01  lr: 0.000045  min_lr: 0.000045  loss: 0.0001 (0.0001)  weight_decay: 0.0500 (0.0500)  grad_norm: 0.0100 (0.0108)  time: 0.6900  data: 0.0001  max mem: 32286
Epoch: [14] Total time: 0:02:20 (1.3297 s / it)
Averaged stats: lr: 0.000045  min_lr: 0.000045  loss: 0.0001 (0.0001)  weight_decay: 0.0500 (0.0500)  grad_norm: 0.0100 (0.0108)
Epoch: [15]  [  0/106]  eta: 1:57:30  lr: 0.000045  min_lr: 0.000045  loss: 0.0001 (0.0001)  weight_decay: 0.0500 (0.0500)  grad_norm: 0.0078 (0.0078)  time: 66.5184  data: 54.8506  max mem: 32286
Epoch: [15]  [ 10/106]  eta: 0:10:46  lr: 0.000045  min_lr: 0.000045  loss: 0.0001 (0.0001)  weight_decay: 0.0500 (0.0500)  grad_norm: 0.0087 (0.0090)  time: 6.7394  data: 4.9866  max mem: 32286
Epoch: [15]  [ 20/106]  eta: 0:05:32  lr: 0.000046  min_lr: 0.000046  loss: 0.0001 (0.0001)  weight_decay: 0.0500 (0.0500)  grad_norm: 0.0118 (0.0115)  time: 0.7315  data: 0.0002  max mem: 32286
Epoch: [15]  [ 30/106]  eta: 0:03:35  lr: 0.000046  min_lr: 0.000046  loss: 0.0001 (0.0001)  weight_decay: 0.0500 (0.0500)  grad_norm: 0.0110 (0.0104)  time: 0.6983  data: 0.0001  max mem: 32286
Epoch: [15]  [ 40/106]  eta: 0:02:32  lr: 0.000046  min_lr: 0.000046  loss: 0.0001 (0.0001)  weight_decay: 0.0500 (0.0500)  grad_norm: 0.0070 (0.0095)  time: 0.6936  data: 0.0001  max mem: 32286
Epoch: [15]  [ 50/106]  eta: 0:01:51  lr: 0.000046  min_lr: 0.000046  loss: 0.0001 (0.0001)  weight_decay: 0.0500 (0.0500)  grad_norm: 0.0079 (0.0108)  time: 0.6908  data: 0.0001  max mem: 32286
Epoch: [15]  [ 60/106]  eta: 0:01:22  lr: 0.000047  min_lr: 0.000047  loss: 0.0001 (0.0001)  weight_decay: 0.0500 (0.0500)  grad_norm: 0.0118 (0.0108)  time: 0.6903  data: 0.0001  max mem: 32286
Epoch: [15]  [ 70/106]  eta: 0:00:58  lr: 0.000047  min_lr: 0.000047  loss: 0.0001 (0.0001)  weight_decay: 0.0500 (0.0500)  grad_norm: 0.0105 (0.0106)  time: 0.6905  data: 0.0001  max mem: 32286
Epoch: [15]  [ 80/106]  eta: 0:00:39  lr: 0.000047  min_lr: 0.000047  loss: 0.0001 (0.0001)  weight_decay: 0.0500 (0.0500)  grad_norm: 0.0097 (0.0105)  time: 0.6899  data: 0.0001  max mem: 32286
Epoch: [15]  [ 90/106]  eta: 0:00:22  lr: 0.000048  min_lr: 0.000048  loss: 0.0001 (0.0001)  weight_decay: 0.0500 (0.0500)  grad_norm: 0.0097 (0.0104)  time: 0.6899  data: 0.0001  max mem: 32286
Epoch: [15]  [100/106]  eta: 0:00:08  lr: 0.000048  min_lr: 0.000048  loss: 0.0001 (0.0001)  weight_decay: 0.0500 (0.0500)  grad_norm: 0.0094 (0.0103)  time: 0.6901  data: 0.0001  max mem: 32286
Epoch: [15]  [105/106]  eta: 0:00:01  lr: 0.000048  min_lr: 0.000048  loss: 0.0001 (0.0001)  weight_decay: 0.0500 (0.0500)  grad_norm: 0.0095 (0.0102)  time: 0.6906  data: 0.0001  max mem: 32286
Epoch: [15] Total time: 0:02:21 (1.3314 s / it)
Averaged stats: lr: 0.000048  min_lr: 0.000048  loss: 0.0001 (0.0001)  weight_decay: 0.0500 (0.0500)  grad_norm: 0.0095 (0.0102)
Epoch: [16]  [  0/106]  eta: 1:53:17  lr: 0.000048  min_lr: 0.000048  loss: 0.0001 (0.0001)  weight_decay: 0.0500 (0.0500)  grad_norm: 0.0070 (0.0070)  time: 64.1295  data: 61.6194  max mem: 32286
Epoch: [16]  [ 10/106]  eta: 0:10:21  lr: 0.000048  min_lr: 0.000048  loss: 0.0001 (0.0001)  weight_decay: 0.0500 (0.0500)  grad_norm: 0.0102 (0.0100)  time: 6.4721  data: 5.6019  max mem: 32286
Epoch: [16]  [ 20/106]  eta: 0:05:19  lr: 0.000049  min_lr: 0.000049  loss: 0.0001 (0.0001)  weight_decay: 0.0500 (0.0500)  grad_norm: 0.0102 (0.0106)  time: 0.7005  data: 0.0002  max mem: 32286
Epoch: [16]  [ 30/106]  eta: 0:03:28  lr: 0.000049  min_lr: 0.000049  loss: 0.0001 (0.0001)  weight_decay: 0.0500 (0.0500)  grad_norm: 0.0093 (0.0104)  time: 0.6947  data: 0.0001  max mem: 32286
Epoch: [16]  [ 40/106]  eta: 0:02:28  lr: 0.000049  min_lr: 0.000049  loss: 0.0001 (0.0001)  weight_decay: 0.0500 (0.0500)  grad_norm: 0.0068 (0.0092)  time: 0.6939  data: 0.0001  max mem: 32286
Epoch: [16]  [ 50/106]  eta: 0:01:48  lr: 0.000049  min_lr: 0.000049  loss: 0.0001 (0.0001)  weight_decay: 0.0500 (0.0500)  grad_norm: 0.0066 (0.0100)  time: 0.6922  data: 0.0001  max mem: 32286
Epoch: [16]  [ 60/106]  eta: 0:01:19  lr: 0.000050  min_lr: 0.000050  loss: 0.0001 (0.0001)  weight_decay: 0.0500 (0.0500)  grad_norm: 0.0145 (0.0109)  time: 0.6914  data: 0.0001  max mem: 32286
Epoch: [16]  [ 70/106]  eta: 0:00:57  lr: 0.000050  min_lr: 0.000050  loss: 0.0001 (0.0001)  weight_decay: 0.0500 (0.0500)  grad_norm: 0.0105 (0.0105)  time: 0.6913  data: 0.0002  max mem: 32286
Epoch: [16]  [ 80/106]  eta: 0:00:38  lr: 0.000050  min_lr: 0.000050  loss: 0.0001 (0.0001)  weight_decay: 0.0500 (0.0500)  grad_norm: 0.0060 (0.0099)  time: 0.6906  data: 0.0001  max mem: 32286
Epoch: [16]  [ 90/106]  eta: 0:00:22  lr: 0.000051  min_lr: 0.000051  loss: 0.0001 (0.0001)  weight_decay: 0.0500 (0.0500)  grad_norm: 0.0059 (0.0098)  time: 0.6915  data: 0.0001  max mem: 32286
Epoch: [16]  [100/106]  eta: 0:00:07  lr: 0.000051  min_lr: 0.000051  loss: 0.0001 (0.0001)  weight_decay: 0.0500 (0.0500)  grad_norm: 0.0116 (0.0104)  time: 0.6909  data: 0.0001  max mem: 32286
Epoch: [16]  [105/106]  eta: 0:00:01  lr: 0.000051  min_lr: 0.000051  loss: 0.0001 (0.0001)  weight_decay: 0.0500 (0.0500)  grad_norm: 0.0116 (0.0103)  time: 0.6893  data: 0.0001  max mem: 32286
Epoch: [16] Total time: 0:02:17 (1.3017 s / it)
Averaged stats: lr: 0.000051  min_lr: 0.000051  loss: 0.0001 (0.0001)  weight_decay: 0.0500 (0.0500)  grad_norm: 0.0116 (0.0103)
Epoch: [17]  [  0/106]  eta: 1:51:36  lr: 0.000051  min_lr: 0.000051  loss: 0.0001 (0.0001)  weight_decay: 0.0500 (0.0500)  grad_norm: 0.0094 (0.0094)  time: 63.1774  data: 55.7218  max mem: 32286
Epoch: [17]  [ 10/106]  eta: 0:10:17  lr: 0.000051  min_lr: 0.000051  loss: 0.0000 (0.0001)  weight_decay: 0.0500 (0.0500)  grad_norm: 0.0060 (0.0063)  time: 6.4340  data: 5.0658  max mem: 32286
Epoch: [17]  [ 20/106]  eta: 0:05:18  lr: 0.000052  min_lr: 0.000052  loss: 0.0000 (0.0000)  weight_decay: 0.0500 (0.0500)  grad_norm: 0.0050 (0.0054)  time: 0.7270  data: 0.0002  max mem: 32286
Epoch: [17]  [ 30/106]  eta: 0:03:27  lr: 0.000052  min_lr: 0.000052  loss: 0.0000 (0.0001)  weight_decay: 0.0500 (0.0500)  grad_norm: 0.0050 (0.0081)  time: 0.6930  data: 0.0002  max mem: 32286
Epoch: [17]  [ 40/106]  eta: 0:02:27  lr: 0.000052  min_lr: 0.000052  loss: 0.0001 (0.0001)  weight_decay: 0.0500 (0.0500)  grad_norm: 0.0116 (0.0095)  time: 0.6906  data: 0.0002  max mem: 32286
Epoch: [17]  [ 50/106]  eta: 0:01:48  lr: 0.000052  min_lr: 0.000052  loss: 0.0001 (0.0001)  weight_decay: 0.0500 (0.0500)  grad_norm: 0.0083 (0.0092)  time: 0.7036  data: 0.0001  max mem: 32286
Epoch: [17]  [ 60/106]  eta: 0:01:19  lr: 0.000053  min_lr: 0.000053  loss: 0.0000 (0.0001)  weight_decay: 0.0500 (0.0500)  grad_norm: 0.0065 (0.0087)  time: 0.7047  data: 0.0001  max mem: 32286
Epoch: [17]  [ 70/106]  eta: 0:00:57  lr: 0.000053  min_lr: 0.000053  loss: 0.0000 (0.0001)  weight_decay: 0.0500 (0.0500)  grad_norm: 0.0069 (0.0087)  time: 0.6908  data: 0.0002  max mem: 32286
Epoch: [17]  [ 80/106]  eta: 0:00:38  lr: 0.000053  min_lr: 0.000053  loss: 0.0001 (0.0001)  weight_decay: 0.0500 (0.0500)  grad_norm: 0.0086 (0.0087)  time: 0.6895  data: 0.0002  max mem: 32286
Epoch: [17]  [ 90/106]  eta: 0:00:22  lr: 0.000054  min_lr: 0.000054  loss: 0.0001 (0.0001)  weight_decay: 0.0500 (0.0500)  grad_norm: 0.0088 (0.0089)  time: 0.6890  data: 0.0001  max mem: 32286
Epoch: [17]  [100/106]  eta: 0:00:07  lr: 0.000054  min_lr: 0.000054  loss: 0.0001 (0.0001)  weight_decay: 0.0500 (0.0500)  grad_norm: 0.0092 (0.0089)  time: 0.6888  data: 0.0001  max mem: 32286
Epoch: [17]  [105/106]  eta: 0:00:01  lr: 0.000054  min_lr: 0.000054  loss: 0.0001 (0.0001)  weight_decay: 0.0500 (0.0500)  grad_norm: 0.0078 (0.0088)  time: 0.6882  data: 0.0001  max mem: 32286
Epoch: [17] Total time: 0:02:17 (1.2996 s / it)
Averaged stats: lr: 0.000054  min_lr: 0.000054  loss: 0.0001 (0.0001)  weight_decay: 0.0500 (0.0500)  grad_norm: 0.0078 (0.0088)
Epoch: [18]  [  0/106]  eta: 1:54:15  lr: 0.000054  min_lr: 0.000054  loss: 0.0000 (0.0000)  weight_decay: 0.0500 (0.0500)  grad_norm: 0.0079 (0.0079)  time: 64.6718  data: 59.5867  max mem: 32286
Epoch: [18]  [ 10/106]  eta: 0:10:25  lr: 0.000054  min_lr: 0.000054  loss: 0.0001 (0.0001)  weight_decay: 0.0500 (0.0500)  grad_norm: 0.0099 (0.0096)  time: 6.5139  data: 5.4171  max mem: 32286
Epoch: [18]  [ 20/106]  eta: 0:05:22  lr: 0.000055  min_lr: 0.000055  loss: 0.0001 (0.0001)  weight_decay: 0.0500 (0.0500)  grad_norm: 0.0096 (0.0095)  time: 0.6981  data: 0.0002  max mem: 32286
Epoch: [18]  [ 30/106]  eta: 0:03:29  lr: 0.000055  min_lr: 0.000055  loss: 0.0001 (0.0001)  weight_decay: 0.0500 (0.0500)  grad_norm: 0.0090 (0.0089)  time: 0.6957  data: 0.0001  max mem: 32286
Epoch: [18]  [ 40/106]  eta: 0:02:28  lr: 0.000055  min_lr: 0.000055  loss: 0.0000 (0.0001)  weight_decay: 0.0500 (0.0500)  grad_norm: 0.0069 (0.0083)  time: 0.6918  data: 0.0001  max mem: 32286
Epoch: [18]  [ 50/106]  eta: 0:01:50  lr: 0.000055  min_lr: 0.000055  loss: 0.0000 (0.0001)  weight_decay: 0.0500 (0.0500)  grad_norm: 0.0081 (0.0089)  time: 0.7459  data: 0.0001  max mem: 32286
Epoch: [18]  [ 60/106]  eta: 0:01:21  lr: 0.000056  min_lr: 0.000056  loss: 0.0001 (0.0001)  weight_decay: 0.0500 (0.0500)  grad_norm: 0.0126 (0.0096)  time: 0.8097  data: 0.0001  max mem: 32286
Epoch: [18]  [ 70/106]  eta: 0:00:59  lr: 0.000056  min_lr: 0.000056  loss: 0.0001 (0.0001)  weight_decay: 0.0500 (0.0500)  grad_norm: 0.0117 (0.0096)  time: 0.8015  data: 0.0001  max mem: 32286
Epoch: [18]  [ 80/106]  eta: 0:00:39  lr: 0.000056  min_lr: 0.000056  loss: 0.0000 (0.0001)  weight_decay: 0.0500 (0.0500)  grad_norm: 0.0068 (0.0090)  time: 0.7886  data: 0.0001  max mem: 32286
Epoch: [18]  [ 90/106]  eta: 0:00:23  lr: 0.000057  min_lr: 0.000057  loss: 0.0000 (0.0001)  weight_decay: 0.0500 (0.0500)  grad_norm: 0.0048 (0.0086)  time: 0.7845  data: 0.0001  max mem: 32286
Epoch: [18]  [100/106]  eta: 0:00:08  lr: 0.000057  min_lr: 0.000057  loss: 0.0000 (0.0001)  weight_decay: 0.0500 (0.0500)  grad_norm: 0.0088 (0.0090)  time: 0.7814  data: 0.0001  max mem: 32286
Epoch: [18]  [105/106]  eta: 0:00:01  lr: 0.000057  min_lr: 0.000057  loss: 0.0001 (0.0001)  weight_decay: 0.0500 (0.0500)  grad_norm: 0.0101 (0.0090)  time: 0.7796  data: 0.0001  max mem: 32286
Epoch: [18] Total time: 0:02:25 (1.3681 s / it)
Averaged stats: lr: 0.000057  min_lr: 0.000057  loss: 0.0001 (0.0001)  weight_decay: 0.0500 (0.0500)  grad_norm: 0.0101 (0.0090)
Epoch: [19]  [  0/106]  eta: 1:53:40  lr: 0.000057  min_lr: 0.000057  loss: 0.0001 (0.0001)  weight_decay: 0.0500 (0.0500)  grad_norm: 0.0097 (0.0097)  time: 64.3461  data: 53.7519  max mem: 32286
Epoch: [19]  [ 10/106]  eta: 0:10:23  lr: 0.000057  min_lr: 0.000057  loss: 0.0000 (0.0000)  weight_decay: 0.0500 (0.0500)  grad_norm: 0.0087 (0.0083)  time: 6.4900  data: 4.8867  max mem: 32286
Epoch: [19]  [ 20/106]  eta: 0:05:20  lr: 0.000058  min_lr: 0.000058  loss: 0.0000 (0.0000)  weight_decay: 0.0500 (0.0500)  grad_norm: 0.0064 (0.0069)  time: 0.7004  data: 0.0002  max mem: 32286
Epoch: [19]  [ 30/106]  eta: 0:03:29  lr: 0.000058  min_lr: 0.000058  loss: 0.0000 (0.0001)  weight_decay: 0.0500 (0.0500)  grad_norm: 0.0075 (0.0091)  time: 0.6947  data: 0.0001  max mem: 32286
Epoch: [19]  [ 40/106]  eta: 0:02:28  lr: 0.000058  min_lr: 0.000058  loss: 0.0001 (0.0001)  weight_decay: 0.0500 (0.0500)  grad_norm: 0.0109 (0.0092)  time: 0.6918  data: 0.0001  max mem: 32286
Epoch: [19]  [ 50/106]  eta: 0:01:48  lr: 0.000058  min_lr: 0.000058  loss: 0.0000 (0.0000)  weight_decay: 0.0500 (0.0500)  grad_norm: 0.0064 (0.0085)  time: 0.6916  data: 0.0001  max mem: 32286
Epoch: [19]  [ 60/106]  eta: 0:01:19  lr: 0.000059  min_lr: 0.000059  loss: 0.0000 (0.0000)  weight_decay: 0.0500 (0.0500)  grad_norm: 0.0060 (0.0084)  time: 0.6908  data: 0.0001  max mem: 32286
Epoch: [19]  [ 70/106]  eta: 0:00:57  lr: 0.000059  min_lr: 0.000059  loss: 0.0001 (0.0000)  weight_decay: 0.0500 (0.0500)  grad_norm: 0.0097 (0.0087)  time: 0.6895  data: 0.0001  max mem: 32286
Epoch: [19]  [ 80/106]  eta: 0:00:38  lr: 0.000059  min_lr: 0.000059  loss: 0.0000 (0.0000)  weight_decay: 0.0500 (0.0500)  grad_norm: 0.0078 (0.0085)  time: 0.7162  data: 0.0001  max mem: 32286
Epoch: [19]  [ 90/106]  eta: 0:00:22  lr: 0.000060  min_lr: 0.000060  loss: 0.0000 (0.0000)  weight_decay: 0.0500 (0.0500)  grad_norm: 0.0077 (0.0089)  time: 0.7195  data: 0.0001  max mem: 32286
Epoch: [19]  [100/106]  eta: 0:00:07  lr: 0.000060  min_lr: 0.000060  loss: 0.0000 (0.0000)  weight_decay: 0.0500 (0.0500)  grad_norm: 0.0098 (0.0089)  time: 0.6941  data: 0.0001  max mem: 32286
Epoch: [19]  [105/106]  eta: 0:00:01  lr: 0.000060  min_lr: 0.000060  loss: 0.0000 (0.0000)  weight_decay: 0.0500 (0.0500)  grad_norm: 0.0080 (0.0088)  time: 0.6929  data: 0.0001  max mem: 32286
Epoch: [19] Total time: 0:02:18 (1.3109 s / it)
Averaged stats: lr: 0.000060  min_lr: 0.000060  loss: 0.0000 (0.0000)  weight_decay: 0.0500 (0.0500)  grad_norm: 0.0080 (0.0088)
Epoch: [20]  [  0/106]  eta: 1:52:59  lr: 0.000060  min_lr: 0.000060  loss: 0.0000 (0.0000)  weight_decay: 0.0500 (0.0500)  grad_norm: 0.0061 (0.0061)  time: 63.9610  data: 56.3340  max mem: 32286
Epoch: [20]  [ 10/106]  eta: 0:10:19  lr: 0.000060  min_lr: 0.000060  loss: 0.0000 (0.0000)  weight_decay: 0.0500 (0.0500)  grad_norm: 0.0064 (0.0071)  time: 6.4503  data: 5.1214  max mem: 32286
Epoch: [20]  [ 20/106]  eta: 0:05:19  lr: 0.000061  min_lr: 0.000061  loss: 0.0000 (0.0000)  weight_decay: 0.0500 (0.0500)  grad_norm: 0.0079 (0.0091)  time: 0.6975  data: 0.0002  max mem: 32286
Epoch: [20]  [ 30/106]  eta: 0:03:27  lr: 0.000061  min_lr: 0.000061  loss: 0.0000 (0.0000)  weight_decay: 0.0500 (0.0500)  grad_norm: 0.0074 (0.0081)  time: 0.6937  data: 0.0001  max mem: 32286
Epoch: [20]  [ 40/106]  eta: 0:02:27  lr: 0.000061  min_lr: 0.000061  loss: 0.0000 (0.0000)  weight_decay: 0.0500 (0.0500)  grad_norm: 0.0058 (0.0078)  time: 0.6927  data: 0.0001  max mem: 32286
Epoch: [20]  [ 50/106]  eta: 0:01:48  lr: 0.000061  min_lr: 0.000061  loss: 0.0000 (0.0000)  weight_decay: 0.0500 (0.0500)  grad_norm: 0.0080 (0.0085)  time: 0.6906  data: 0.0001  max mem: 32286
Epoch: [20]  [ 60/106]  eta: 0:01:19  lr: 0.000062  min_lr: 0.000062  loss: 0.0000 (0.0000)  weight_decay: 0.0500 (0.0500)  grad_norm: 0.0093 (0.0086)  time: 0.6881  data: 0.0001  max mem: 32286
Epoch: [20]  [ 70/106]  eta: 0:00:57  lr: 0.000062  min_lr: 0.000062  loss: 0.0000 (0.0000)  weight_decay: 0.0500 (0.0500)  grad_norm: 0.0064 (0.0082)  time: 0.6906  data: 0.0001  max mem: 32286
Epoch: [20]  [ 80/106]  eta: 0:00:38  lr: 0.000062  min_lr: 0.000062  loss: 0.0000 (0.0000)  weight_decay: 0.0500 (0.0500)  grad_norm: 0.0060 (0.0085)  time: 0.6917  data: 0.0001  max mem: 32286
Epoch: [20]  [ 90/106]  eta: 0:00:22  lr: 0.000063  min_lr: 0.000063  loss: 0.0000 (0.0000)  weight_decay: 0.0500 (0.0500)  grad_norm: 0.0082 (0.0084)  time: 0.6899  data: 0.0001  max mem: 32286
Epoch: [20]  [100/106]  eta: 0:00:07  lr: 0.000063  min_lr: 0.000063  loss: 0.0000 (0.0000)  weight_decay: 0.0500 (0.0500)  grad_norm: 0.0067 (0.0082)  time: 0.6892  data: 0.0001  max mem: 32286
Epoch: [20]  [105/106]  eta: 0:00:01  lr: 0.000063  min_lr: 0.000063  loss: 0.0000 (0.0000)  weight_decay: 0.0500 (0.0500)  grad_norm: 0.0068 (0.0083)  time: 0.6895  data: 0.0001  max mem: 32286
Epoch: [20] Total time: 0:02:17 (1.2991 s / it)
Averaged stats: lr: 0.000063  min_lr: 0.000063  loss: 0.0000 (0.0000)  weight_decay: 0.0500 (0.0500)  grad_norm: 0.0068 (0.0083)
Epoch: [21]  [  0/106]  eta: 1:52:29  lr: 0.000063  min_lr: 0.000063  loss: 0.0000 (0.0000)  weight_decay: 0.0500 (0.0500)  grad_norm: 0.0103 (0.0103)  time: 63.6786  data: 60.0306  max mem: 32286
Epoch: [21]  [ 10/106]  eta: 0:10:17  lr: 0.000063  min_lr: 0.000063  loss: 0.0000 (0.0000)  weight_decay: 0.0500 (0.0500)  grad_norm: 0.0094 (0.0089)  time: 6.4298  data: 5.4575  max mem: 32286
Epoch: [21]  [ 20/106]  eta: 0:05:18  lr: 0.000064  min_lr: 0.000064  loss: 0.0000 (0.0000)  weight_decay: 0.0500 (0.0500)  grad_norm: 0.0080 (0.0083)  time: 0.7040  data: 0.0002  max mem: 32286
Epoch: [21]  [ 30/106]  eta: 0:03:27  lr: 0.000064  min_lr: 0.000064  loss: 0.0000 (0.0000)  weight_decay: 0.0500 (0.0500)  grad_norm: 0.0081 (0.0083)  time: 0.6966  data: 0.0001  max mem: 32286
Epoch: [21]  [ 40/106]  eta: 0:02:27  lr: 0.000064  min_lr: 0.000064  loss: 0.0000 (0.0000)  weight_decay: 0.0500 (0.0500)  grad_norm: 0.0087 (0.0089)  time: 0.6921  data: 0.0001  max mem: 32286
Epoch: [21]  [ 50/106]  eta: 0:01:48  lr: 0.000064  min_lr: 0.000064  loss: 0.0000 (0.0000)  weight_decay: 0.0500 (0.0500)  grad_norm: 0.0089 (0.0086)  time: 0.6917  data: 0.0001  max mem: 32286
Epoch: [21]  [ 60/106]  eta: 0:01:19  lr: 0.000065  min_lr: 0.000065  loss: 0.0000 (0.0000)  weight_decay: 0.0500 (0.0500)  grad_norm: 0.0067 (0.0083)  time: 0.6894  data: 0.0001  max mem: 32286
Epoch: [21]  [ 70/106]  eta: 0:00:56  lr: 0.000065  min_lr: 0.000065  loss: 0.0000 (0.0000)  weight_decay: 0.0500 (0.0500)  grad_norm: 0.0092 (0.0086)  time: 0.6898  data: 0.0001  max mem: 32286
Epoch: [21]  [ 80/106]  eta: 0:00:38  lr: 0.000065  min_lr: 0.000065  loss: 0.0000 (0.0000)  weight_decay: 0.0500 (0.0500)  grad_norm: 0.0092 (0.0085)  time: 0.6910  data: 0.0001  max mem: 32286
Epoch: [21]  [ 90/106]  eta: 0:00:22  lr: 0.000066  min_lr: 0.000066  loss: 0.0000 (0.0000)  weight_decay: 0.0500 (0.0500)  grad_norm: 0.0064 (0.0082)  time: 0.6898  data: 0.0001  max mem: 32286
Epoch: [21]  [100/106]  eta: 0:00:07  lr: 0.000066  min_lr: 0.000066  loss: 0.0000 (0.0000)  weight_decay: 0.0500 (0.0500)  grad_norm: 0.0057 (0.0083)  time: 0.6888  data: 0.0001  max mem: 32286
Epoch: [21]  [105/106]  eta: 0:00:01  lr: 0.000066  min_lr: 0.000066  loss: 0.0000 (0.0000)  weight_decay: 0.0500 (0.0500)  grad_norm: 0.0076 (0.0084)  time: 0.6906  data: 0.0001  max mem: 32286
Epoch: [21] Total time: 0:02:17 (1.2985 s / it)
Averaged stats: lr: 0.000066  min_lr: 0.000066  loss: 0.0000 (0.0000)  weight_decay: 0.0500 (0.0500)  grad_norm: 0.0076 (0.0084)
Epoch: [22]  [  0/106]  eta: 1:55:50  lr: 0.000066  min_lr: 0.000066  loss: 0.0000 (0.0000)  weight_decay: 0.0500 (0.0500)  grad_norm: 0.0097 (0.0097)  time: 65.5665  data: 49.1069  max mem: 32286
Epoch: [22]  [ 10/106]  eta: 0:10:33  lr: 0.000066  min_lr: 0.000066  loss: 0.0000 (0.0000)  weight_decay: 0.0500 (0.0500)  grad_norm: 0.0074 (0.0075)  time: 6.5973  data: 4.4644  max mem: 32286
Epoch: [22]  [ 20/106]  eta: 0:05:25  lr: 0.000067  min_lr: 0.000067  loss: 0.0000 (0.0000)  weight_decay: 0.0500 (0.0500)  grad_norm: 0.0088 (0.0094)  time: 0.6973  data: 0.0002  max mem: 32286
Epoch: [22]  [ 30/106]  eta: 0:03:31  lr: 0.000067  min_lr: 0.000067  loss: 0.0000 (0.0000)  weight_decay: 0.0500 (0.0500)  grad_norm: 0.0091 (0.0090)  time: 0.6916  data: 0.0001  max mem: 32286
Epoch: [22]  [ 40/106]  eta: 0:02:30  lr: 0.000067  min_lr: 0.000067  loss: 0.0000 (0.0000)  weight_decay: 0.0500 (0.0500)  grad_norm: 0.0065 (0.0083)  time: 0.6895  data: 0.0001  max mem: 32286
Epoch: [22]  [ 50/106]  eta: 0:01:50  lr: 0.000067  min_lr: 0.000067  loss: 0.0000 (0.0000)  weight_decay: 0.0500 (0.0500)  grad_norm: 0.0059 (0.0079)  time: 0.6910  data: 0.0001  max mem: 32286
Epoch: [22]  [ 60/106]  eta: 0:01:20  lr: 0.000068  min_lr: 0.000068  loss: 0.0000 (0.0000)  weight_decay: 0.0500 (0.0500)  grad_norm: 0.0094 (0.0086)  time: 0.6892  data: 0.0001  max mem: 32286
Epoch: [22]  [ 70/106]  eta: 0:00:57  lr: 0.000068  min_lr: 0.000068  loss: 0.0000 (0.0000)  weight_decay: 0.0500 (0.0500)  grad_norm: 0.0082 (0.0083)  time: 0.6868  data: 0.0001  max mem: 32286
Epoch: [22]  [ 80/106]  eta: 0:00:38  lr: 0.000068  min_lr: 0.000068  loss: 0.0000 (0.0000)  weight_decay: 0.0500 (0.0500)  grad_norm: 0.0052 (0.0079)  time: 0.6894  data: 0.0001  max mem: 32286
Epoch: [22]  [ 90/106]  eta: 0:00:22  lr: 0.000069  min_lr: 0.000069  loss: 0.0000 (0.0000)  weight_decay: 0.0500 (0.0500)  grad_norm: 0.0062 (0.0081)  time: 0.6895  data: 0.0001  max mem: 32286
Epoch: [22]  [100/106]  eta: 0:00:07  lr: 0.000069  min_lr: 0.000069  loss: 0.0000 (0.0000)  weight_decay: 0.0500 (0.0500)  grad_norm: 0.0099 (0.0082)  time: 0.6869  data: 0.0001  max mem: 32286
Epoch: [22]  [105/106]  eta: 0:00:01  lr: 0.000069  min_lr: 0.000069  loss: 0.0000 (0.0000)  weight_decay: 0.0500 (0.0500)  grad_norm: 0.0092 (0.0082)  time: 0.6865  data: 0.0001  max mem: 32286
Epoch: [22] Total time: 0:02:19 (1.3132 s / it)
Averaged stats: lr: 0.000069  min_lr: 0.000069  loss: 0.0000 (0.0000)  weight_decay: 0.0500 (0.0500)  grad_norm: 0.0092 (0.0082)
Epoch: [23]  [  0/106]  eta: 1:52:18  lr: 0.000069  min_lr: 0.000069  loss: 0.0000 (0.0000)  weight_decay: 0.0500 (0.0500)  grad_norm: 0.0087 (0.0087)  time: 63.5750  data: 62.7423  max mem: 32286
Epoch: [23]  [ 10/106]  eta: 0:10:15  lr: 0.000069  min_lr: 0.000069  loss: 0.0000 (0.0000)  weight_decay: 0.0500 (0.0500)  grad_norm: 0.0066 (0.0067)  time: 6.4162  data: 5.7040  max mem: 32286
Epoch: [23]  [ 20/106]  eta: 0:05:17  lr: 0.000070  min_lr: 0.000070  loss: 0.0000 (0.0000)  weight_decay: 0.0500 (0.0500)  grad_norm: 0.0066 (0.0072)  time: 0.6986  data: 0.0002  max mem: 32286
Epoch: [23]  [ 30/106]  eta: 0:03:27  lr: 0.000070  min_lr: 0.000070  loss: 0.0000 (0.0000)  weight_decay: 0.0500 (0.0500)  grad_norm: 0.0092 (0.0084)  time: 0.6955  data: 0.0002  max mem: 32286
Epoch: [23]  [ 40/106]  eta: 0:02:27  lr: 0.000070  min_lr: 0.000070  loss: 0.0000 (0.0000)  weight_decay: 0.0500 (0.0500)  grad_norm: 0.0082 (0.0080)  time: 0.6934  data: 0.0002  max mem: 32286
Epoch: [23]  [ 50/106]  eta: 0:01:47  lr: 0.000070  min_lr: 0.000070  loss: 0.0000 (0.0000)  weight_decay: 0.0500 (0.0500)  grad_norm: 0.0063 (0.0079)  time: 0.6916  data: 0.0002  max mem: 32286
Epoch: [23]  [ 60/106]  eta: 0:01:19  lr: 0.000071  min_lr: 0.000071  loss: 0.0000 (0.0000)  weight_decay: 0.0500 (0.0500)  grad_norm: 0.0070 (0.0078)  time: 0.6897  data: 0.0001  max mem: 32286
Epoch: [23]  [ 70/106]  eta: 0:00:56  lr: 0.000071  min_lr: 0.000071  loss: 0.0000 (0.0000)  weight_decay: 0.0500 (0.0500)  grad_norm: 0.0066 (0.0076)  time: 0.6903  data: 0.0001  max mem: 32286
Epoch: [23]  [ 80/106]  eta: 0:00:38  lr: 0.000071  min_lr: 0.000071  loss: 0.0000 (0.0000)  weight_decay: 0.0500 (0.0500)  grad_norm: 0.0083 (0.0080)  time: 0.6918  data: 0.0001  max mem: 32286
Epoch: [23]  [ 90/106]  eta: 0:00:22  lr: 0.000072  min_lr: 0.000072  loss: 0.0000 (0.0000)  weight_decay: 0.0500 (0.0500)  grad_norm: 0.0085 (0.0079)  time: 0.6904  data: 0.0001  max mem: 32286
Epoch: [23]  [100/106]  eta: 0:00:07  lr: 0.000072  min_lr: 0.000072  loss: 0.0000 (0.0000)  weight_decay: 0.0500 (0.0500)  grad_norm: 0.0074 (0.0079)  time: 0.6893  data: 0.0001  max mem: 32286
Epoch: [23]  [105/106]  eta: 0:00:01  lr: 0.000072  min_lr: 0.000072  loss: 0.0000 (0.0000)  weight_decay: 0.0500 (0.0500)  grad_norm: 0.0074 (0.0080)  time: 0.6906  data: 0.0001  max mem: 32286
Epoch: [23] Total time: 0:02:17 (1.2972 s / it)
Averaged stats: lr: 0.000072  min_lr: 0.000072  loss: 0.0000 (0.0000)  weight_decay: 0.0500 (0.0500)  grad_norm: 0.0074 (0.0080)
Epoch: [24]  [  0/106]  eta: 1:53:29  lr: 0.000072  min_lr: 0.000072  loss: 0.0000 (0.0000)  weight_decay: 0.0500 (0.0500)  grad_norm: 0.0061 (0.0061)  time: 64.2448  data: 57.5776  max mem: 32286
Epoch: [24]  [ 10/106]  eta: 0:10:42  lr: 0.000072  min_lr: 0.000072  loss: 0.0000 (0.0000)  weight_decay: 0.0500 (0.0500)  grad_norm: 0.0075 (0.0073)  time: 6.6943  data: 5.2345  max mem: 32286
Epoch: [24]  [ 20/106]  eta: 0:05:30  lr: 0.000073  min_lr: 0.000073  loss: 0.0000 (0.0000)  weight_decay: 0.0500 (0.0500)  grad_norm: 0.0067 (0.0067)  time: 0.8170  data: 0.0002  max mem: 32286
Epoch: [24]  [ 30/106]  eta: 0:03:34  lr: 0.000073  min_lr: 0.000073  loss: 0.0000 (0.0000)  weight_decay: 0.0500 (0.0500)  grad_norm: 0.0067 (0.0075)  time: 0.6942  data: 0.0001  max mem: 32286
Epoch: [24]  [ 40/106]  eta: 0:02:31  lr: 0.000073  min_lr: 0.000073  loss: 0.0000 (0.0000)  weight_decay: 0.0500 (0.0500)  grad_norm: 0.0088 (0.0077)  time: 0.6919  data: 0.0001  max mem: 32286
Epoch: [24]  [ 50/106]  eta: 0:01:51  lr: 0.000073  min_lr: 0.000073  loss: 0.0000 (0.0000)  weight_decay: 0.0500 (0.0500)  grad_norm: 0.0061 (0.0072)  time: 0.6899  data: 0.0001  max mem: 32286
Epoch: [24]  [ 60/106]  eta: 0:01:21  lr: 0.000074  min_lr: 0.000074  loss: 0.0000 (0.0000)  weight_decay: 0.0500 (0.0500)  grad_norm: 0.0063 (0.0079)  time: 0.6903  data: 0.0001  max mem: 32286
Epoch: [24]  [ 70/106]  eta: 0:00:58  lr: 0.000074  min_lr: 0.000074  loss: 0.0000 (0.0000)  weight_decay: 0.0500 (0.0500)  grad_norm: 0.0089 (0.0080)  time: 0.6901  data: 0.0001  max mem: 32286
Epoch: [24]  [ 80/106]  eta: 0:00:39  lr: 0.000074  min_lr: 0.000074  loss: 0.0000 (0.0000)  weight_decay: 0.0500 (0.0500)  grad_norm: 0.0067 (0.0078)  time: 0.7230  data: 0.0001  max mem: 32286
Epoch: [24]  [ 90/106]  eta: 0:00:22  lr: 0.000075  min_lr: 0.000075  loss: 0.0000 (0.0000)  weight_decay: 0.0500 (0.0500)  grad_norm: 0.0041 (0.0073)  time: 0.7608  data: 0.0001  max mem: 32286
Epoch: [24]  [100/106]  eta: 0:00:08  lr: 0.000075  min_lr: 0.000075  loss: 0.0000 (0.0000)  weight_decay: 0.0500 (0.0500)  grad_norm: 0.0047 (0.0075)  time: 0.7366  data: 0.0001  max mem: 32286
Epoch: [24]  [105/106]  eta: 0:00:01  lr: 0.000075  min_lr: 0.000075  loss: 0.0000 (0.0000)  weight_decay: 0.0500 (0.0500)  grad_norm: 0.0066 (0.0074)  time: 0.7123  data: 0.0001  max mem: 32286
Epoch: [24] Total time: 0:02:22 (1.3397 s / it)
Averaged stats: lr: 0.000075  min_lr: 0.000075  loss: 0.0000 (0.0000)  weight_decay: 0.0500 (0.0500)  grad_norm: 0.0066 (0.0074)
Epoch: [25]  [  0/106]  eta: 1:53:58  lr: 0.000075  min_lr: 0.000075  loss: 0.0000 (0.0000)  weight_decay: 0.0500 (0.0500)  grad_norm: 0.0046 (0.0046)  time: 64.5156  data: 52.3958  max mem: 32286
Epoch: [25]  [ 10/106]  eta: 0:10:26  lr: 0.000075  min_lr: 0.000075  loss: 0.0000 (0.0001)  weight_decay: 0.0500 (0.0500)  grad_norm: 0.0057 (0.0099)  time: 6.5240  data: 4.7634  max mem: 32286
Epoch: [25]  [ 20/106]  eta: 0:05:22  lr: 0.000076  min_lr: 0.000076  loss: 0.0000 (0.0001)  weight_decay: 0.0500 (0.0500)  grad_norm: 0.0086 (0.0105)  time: 0.7091  data: 0.0001  max mem: 32286
Epoch: [25]  [ 30/106]  eta: 0:03:29  lr: 0.000076  min_lr: 0.000076  loss: 0.0000 (0.0000)  weight_decay: 0.0500 (0.0500)  grad_norm: 0.0074 (0.0092)  time: 0.6926  data: 0.0001  max mem: 32286
Epoch: [25]  [ 40/106]  eta: 0:02:28  lr: 0.000076  min_lr: 0.000076  loss: 0.0000 (0.0000)  weight_decay: 0.0500 (0.0500)  grad_norm: 0.0047 (0.0080)  time: 0.6915  data: 0.0001  max mem: 32286
Epoch: [25]  [ 50/106]  eta: 0:01:49  lr: 0.000076  min_lr: 0.000076  loss: 0.0000 (0.0000)  weight_decay: 0.0500 (0.0500)  grad_norm: 0.0046 (0.0078)  time: 0.6900  data: 0.0001  max mem: 32286
Epoch: [25]  [ 60/106]  eta: 0:01:20  lr: 0.000077  min_lr: 0.000077  loss: 0.0000 (0.0000)  weight_decay: 0.0500 (0.0500)  grad_norm: 0.0071 (0.0076)  time: 0.6900  data: 0.0001  max mem: 32286
Epoch: [25]  [ 70/106]  eta: 0:00:57  lr: 0.000077  min_lr: 0.000077  loss: 0.0000 (0.0000)  weight_decay: 0.0500 (0.0500)  grad_norm: 0.0075 (0.0078)  time: 0.6901  data: 0.0001  max mem: 32286
Epoch: [25]  [ 80/106]  eta: 0:00:38  lr: 0.000077  min_lr: 0.000077  loss: 0.0000 (0.0000)  weight_decay: 0.0500 (0.0500)  grad_norm: 0.0067 (0.0075)  time: 0.6939  data: 0.0001  max mem: 32286
Epoch: [25]  [ 90/106]  eta: 0:00:22  lr: 0.000078  min_lr: 0.000078  loss: 0.0000 (0.0000)  weight_decay: 0.0500 (0.0500)  grad_norm: 0.0058 (0.0075)  time: 0.6940  data: 0.0001  max mem: 32286
Epoch: [25]  [100/106]  eta: 0:00:07  lr: 0.000078  min_lr: 0.000078  loss: 0.0000 (0.0000)  weight_decay: 0.0500 (0.0500)  grad_norm: 0.0060 (0.0073)  time: 0.6903  data: 0.0001  max mem: 32286
Epoch: [25]  [105/106]  eta: 0:00:01  lr: 0.000078  min_lr: 0.000078  loss: 0.0000 (0.0000)  weight_decay: 0.0500 (0.0500)  grad_norm: 0.0059 (0.0072)  time: 0.6900  data: 0.0001  max mem: 32286
Epoch: [25] Total time: 0:02:18 (1.3074 s / it)
Averaged stats: lr: 0.000078  min_lr: 0.000078  loss: 0.0000 (0.0000)  weight_decay: 0.0500 (0.0500)  grad_norm: 0.0059 (0.0072)
Epoch: [26]  [  0/106]  eta: 1:51:31  lr: 0.000078  min_lr: 0.000078  loss: 0.0000 (0.0000)  weight_decay: 0.0500 (0.0500)  grad_norm: 0.0069 (0.0069)  time: 63.1262  data: 46.8973  max mem: 32286
Epoch: [26]  [ 10/106]  eta: 0:10:23  lr: 0.000078  min_lr: 0.000078  loss: 0.0001 (0.0001)  weight_decay: 0.0500 (0.0500)  grad_norm: 0.0108 (0.0113)  time: 6.4915  data: 4.2636  max mem: 32286
Epoch: [26]  [ 20/106]  eta: 0:05:20  lr: 0.000079  min_lr: 0.000079  loss: 0.0000 (0.0000)  weight_decay: 0.0500 (0.0500)  grad_norm: 0.0091 (0.0094)  time: 0.7598  data: 0.0002  max mem: 32286
Epoch: [26]  [ 30/106]  eta: 0:03:28  lr: 0.000079  min_lr: 0.000079  loss: 0.0000 (0.0000)  weight_decay: 0.0500 (0.0500)  grad_norm: 0.0050 (0.0078)  time: 0.6920  data: 0.0001  max mem: 32286
Epoch: [26]  [ 40/106]  eta: 0:02:28  lr: 0.000079  min_lr: 0.000079  loss: 0.0000 (0.0000)  weight_decay: 0.0500 (0.0500)  grad_norm: 0.0045 (0.0073)  time: 0.6911  data: 0.0001  max mem: 32286
Epoch: [26]  [ 50/106]  eta: 0:01:48  lr: 0.000079  min_lr: 0.000079  loss: 0.0000 (0.0000)  weight_decay: 0.0500 (0.0500)  grad_norm: 0.0076 (0.0080)  time: 0.6906  data: 0.0001  max mem: 32286
Epoch: [26]  [ 60/106]  eta: 0:01:19  lr: 0.000080  min_lr: 0.000080  loss: 0.0000 (0.0000)  weight_decay: 0.0500 (0.0500)  grad_norm: 0.0087 (0.0080)  time: 0.6912  data: 0.0001  max mem: 32286
Epoch: [26]  [ 70/106]  eta: 0:00:57  lr: 0.000080  min_lr: 0.000080  loss: 0.0000 (0.0000)  weight_decay: 0.0500 (0.0500)  grad_norm: 0.0055 (0.0075)  time: 0.6916  data: 0.0001  max mem: 32286
Epoch: [26]  [ 80/106]  eta: 0:00:38  lr: 0.000080  min_lr: 0.000080  loss: 0.0000 (0.0000)  weight_decay: 0.0500 (0.0500)  grad_norm: 0.0043 (0.0071)  time: 0.6905  data: 0.0001  max mem: 32286
Epoch: [26]  [ 90/106]  eta: 0:00:22  lr: 0.000081  min_lr: 0.000081  loss: 0.0000 (0.0000)  weight_decay: 0.0500 (0.0500)  grad_norm: 0.0049 (0.0073)  time: 0.6889  data: 0.0001  max mem: 32286
Epoch: [26]  [100/106]  eta: 0:00:07  lr: 0.000081  min_lr: 0.000081  loss: 0.0000 (0.0000)  weight_decay: 0.0500 (0.0500)  grad_norm: 0.0082 (0.0075)  time: 0.6902  data: 0.0001  max mem: 32286
Epoch: [26]  [105/106]  eta: 0:00:01  lr: 0.000081  min_lr: 0.000081  loss: 0.0000 (0.0000)  weight_decay: 0.0500 (0.0500)  grad_norm: 0.0082 (0.0074)  time: 0.6895  data: 0.0001  max mem: 32286
Epoch: [26] Total time: 0:02:18 (1.3019 s / it)
Averaged stats: lr: 0.000081  min_lr: 0.000081  loss: 0.0000 (0.0000)  weight_decay: 0.0500 (0.0500)  grad_norm: 0.0082 (0.0074)
Epoch: [27]  [  0/106]  eta: 1:53:33  lr: 0.000081  min_lr: 0.000081  loss: 0.0000 (0.0000)  weight_decay: 0.0500 (0.0500)  grad_norm: 0.0040 (0.0040)  time: 64.2804  data: 60.4278  max mem: 32286
Epoch: [27]  [ 10/106]  eta: 0:10:22  lr: 0.000081  min_lr: 0.000081  loss: 0.0000 (0.0000)  weight_decay: 0.0500 (0.0500)  grad_norm: 0.0063 (0.0062)  time: 6.4809  data: 5.4937  max mem: 32286
Epoch: [27]  [ 20/106]  eta: 0:05:20  lr: 0.000082  min_lr: 0.000082  loss: 0.0000 (0.0000)  weight_decay: 0.0500 (0.0500)  grad_norm: 0.0057 (0.0055)  time: 0.7032  data: 0.0002  max mem: 32286
Epoch: [27]  [ 30/106]  eta: 0:03:29  lr: 0.000082  min_lr: 0.000082  loss: 0.0000 (0.0000)  weight_decay: 0.0500 (0.0500)  grad_norm: 0.0065 (0.0063)  time: 0.6997  data: 0.0001  max mem: 32286
Epoch: [27]  [ 40/106]  eta: 0:02:28  lr: 0.000082  min_lr: 0.000082  loss: 0.0000 (0.0000)  weight_decay: 0.0500 (0.0500)  grad_norm: 0.0075 (0.0070)  time: 0.6919  data: 0.0001  max mem: 32286
Epoch: [27]  [ 50/106]  eta: 0:01:48  lr: 0.000082  min_lr: 0.000082  loss: 0.0000 (0.0000)  weight_decay: 0.0500 (0.0500)  grad_norm: 0.0072 (0.0069)  time: 0.6905  data: 0.0001  max mem: 32286
Epoch: [27]  [ 60/106]  eta: 0:01:19  lr: 0.000083  min_lr: 0.000083  loss: 0.0000 (0.0000)  weight_decay: 0.0500 (0.0500)  grad_norm: 0.0053 (0.0066)  time: 0.6929  data: 0.0001  max mem: 32286
Epoch: [27]  [ 70/106]  eta: 0:00:57  lr: 0.000083  min_lr: 0.000083  loss: 0.0000 (0.0000)  weight_decay: 0.0500 (0.0500)  grad_norm: 0.0062 (0.0071)  time: 0.6923  data: 0.0001  max mem: 32286
Epoch: [27]  [ 80/106]  eta: 0:00:38  lr: 0.000083  min_lr: 0.000083  loss: 0.0000 (0.0000)  weight_decay: 0.0500 (0.0500)  grad_norm: 0.0070 (0.0069)  time: 0.6897  data: 0.0001  max mem: 32286
Epoch: [27]  [ 90/106]  eta: 0:00:22  lr: 0.000084  min_lr: 0.000084  loss: 0.0000 (0.0000)  weight_decay: 0.0500 (0.0500)  grad_norm: 0.0070 (0.0071)  time: 0.6895  data: 0.0001  max mem: 32286
Epoch: [27]  [100/106]  eta: 0:00:07  lr: 0.000084  min_lr: 0.000084  loss: 0.0000 (0.0000)  weight_decay: 0.0500 (0.0500)  grad_norm: 0.0081 (0.0072)  time: 0.6915  data: 0.0001  max mem: 32286
Epoch: [27]  [105/106]  eta: 0:00:01  lr: 0.000084  min_lr: 0.000084  loss: 0.0000 (0.0000)  weight_decay: 0.0500 (0.0500)  grad_norm: 0.0074 (0.0072)  time: 0.6914  data: 0.0001  max mem: 32286
Epoch: [27] Total time: 0:02:18 (1.3046 s / it)
Averaged stats: lr: 0.000084  min_lr: 0.000084  loss: 0.0000 (0.0000)  weight_decay: 0.0500 (0.0500)  grad_norm: 0.0074 (0.0072)
Epoch: [28]  [  0/106]  eta: 1:53:53  lr: 0.000084  min_lr: 0.000084  loss: 0.0000 (0.0000)  weight_decay: 0.0500 (0.0500)  grad_norm: 0.0045 (0.0045)  time: 64.4697  data: 61.5665  max mem: 32286
Epoch: [28]  [ 10/106]  eta: 0:10:52  lr: 0.000084  min_lr: 0.000084  loss: 0.0000 (0.0000)  weight_decay: 0.0500 (0.0500)  grad_norm: 0.0050 (0.0053)  time: 6.7991  data: 5.5971  max mem: 32286
Epoch: [28]  [ 20/106]  eta: 0:05:34  lr: 0.000085  min_lr: 0.000085  loss: 0.0000 (0.0000)  weight_decay: 0.0500 (0.0500)  grad_norm: 0.0061 (0.0059)  time: 0.8615  data: 0.0002  max mem: 32286
Epoch: [28]  [ 30/106]  eta: 0:03:37  lr: 0.000085  min_lr: 0.000085  loss: 0.0000 (0.0000)  weight_decay: 0.0500 (0.0500)  grad_norm: 0.0067 (0.0063)  time: 0.6899  data: 0.0002  max mem: 32286
Epoch: [28]  [ 40/106]  eta: 0:02:33  lr: 0.000085  min_lr: 0.000085  loss: 0.0000 (0.0000)  weight_decay: 0.0500 (0.0500)  grad_norm: 0.0077 (0.0075)  time: 0.6889  data: 0.0001  max mem: 32286
Epoch: [28]  [ 50/106]  eta: 0:01:52  lr: 0.000085  min_lr: 0.000085  loss: 0.0000 (0.0000)  weight_decay: 0.0500 (0.0500)  grad_norm: 0.0066 (0.0070)  time: 0.6896  data: 0.0001  max mem: 32286
Epoch: [28]  [ 60/106]  eta: 0:01:22  lr: 0.000086  min_lr: 0.000086  loss: 0.0000 (0.0000)  weight_decay: 0.0500 (0.0500)  grad_norm: 0.0041 (0.0065)  time: 0.6899  data: 0.0001  max mem: 32286
Epoch: [28]  [ 70/106]  eta: 0:00:58  lr: 0.000086  min_lr: 0.000086  loss: 0.0000 (0.0000)  weight_decay: 0.0500 (0.0500)  grad_norm: 0.0040 (0.0063)  time: 0.6902  data: 0.0001  max mem: 32286
Epoch: [28]  [ 80/106]  eta: 0:00:39  lr: 0.000086  min_lr: 0.000086  loss: 0.0000 (0.0000)  weight_decay: 0.0500 (0.0500)  grad_norm: 0.0075 (0.0066)  time: 0.6900  data: 0.0001  max mem: 32286
Epoch: [28]  [ 90/106]  eta: 0:00:22  lr: 0.000087  min_lr: 0.000087  loss: 0.0000 (0.0000)  weight_decay: 0.0500 (0.0500)  grad_norm: 0.0076 (0.0066)  time: 0.6884  data: 0.0001  max mem: 32286
Epoch: [28]  [100/106]  eta: 0:00:08  lr: 0.000087  min_lr: 0.000087  loss: 0.0000 (0.0000)  weight_decay: 0.0500 (0.0500)  grad_norm: 0.0062 (0.0065)  time: 0.6878  data: 0.0001  max mem: 32286
Epoch: [28]  [105/106]  eta: 0:00:01  lr: 0.000087  min_lr: 0.000087  loss: 0.0000 (0.0000)  weight_decay: 0.0500 (0.0500)  grad_norm: 0.0063 (0.0066)  time: 0.6879  data: 0.0001  max mem: 32286
Epoch: [28] Total time: 0:02:21 (1.3354 s / it)
Averaged stats: lr: 0.000087  min_lr: 0.000087  loss: 0.0000 (0.0000)  weight_decay: 0.0500 (0.0500)  grad_norm: 0.0063 (0.0066)
Epoch: [29]  [  0/106]  eta: 2:32:08  lr: 0.000087  min_lr: 0.000087  loss: 0.0000 (0.0000)  weight_decay: 0.0500 (0.0500)  grad_norm: 0.0081 (0.0081)  time: 86.1172  data: 56.1668  max mem: 32286
Epoch: [29]  [ 10/106]  eta: 0:13:43  lr: 0.000087  min_lr: 0.000087  loss: 0.0000 (0.0000)  weight_decay: 0.0500 (0.0500)  grad_norm: 0.0072 (0.0068)  time: 8.5794  data: 5.1063  max mem: 32286
Epoch: [29]  [ 20/106]  eta: 0:06:58  lr: 0.000088  min_lr: 0.000088  loss: 0.0000 (0.0000)  weight_decay: 0.0500 (0.0500)  grad_norm: 0.0050 (0.0058)  time: 0.8029  data: 0.0002  max mem: 32286
Epoch: [29]  [ 30/106]  eta: 0:04:27  lr: 0.000088  min_lr: 0.000088  loss: 0.0000 (0.0000)  weight_decay: 0.0500 (0.0500)  grad_norm: 0.0051 (0.0071)  time: 0.7378  data: 0.0001  max mem: 32286
Epoch: [29]  [ 40/106]  eta: 0:03:06  lr: 0.000088  min_lr: 0.000088  loss: 0.0000 (0.0000)  weight_decay: 0.0500 (0.0500)  grad_norm: 0.0090 (0.0075)  time: 0.6949  data: 0.0001  max mem: 32286
Epoch: [29]  [ 50/106]  eta: 0:02:15  lr: 0.000088  min_lr: 0.000088  loss: 0.0000 (0.0000)  weight_decay: 0.0500 (0.0500)  grad_norm: 0.0057 (0.0070)  time: 0.7028  data: 0.0001  max mem: 32286
Epoch: [29]  [ 60/106]  eta: 0:01:38  lr: 0.000089  min_lr: 0.000089  loss: 0.0000 (0.0000)  weight_decay: 0.0500 (0.0500)  grad_norm: 0.0051 (0.0068)  time: 0.7007  data: 0.0001  max mem: 32286
Epoch: [29]  [ 70/106]  eta: 0:01:09  lr: 0.000089  min_lr: 0.000089  loss: 0.0000 (0.0000)  weight_decay: 0.0500 (0.0500)  grad_norm: 0.0056 (0.0067)  time: 0.6895  data: 0.0001  max mem: 32286
Epoch: [29]  [ 80/106]  eta: 0:00:46  lr: 0.000089  min_lr: 0.000089  loss: 0.0000 (0.0000)  weight_decay: 0.0500 (0.0500)  grad_norm: 0.0075 (0.0072)  time: 0.6892  data: 0.0001  max mem: 32286
Epoch: [29]  [ 90/106]  eta: 0:00:26  lr: 0.000090  min_lr: 0.000090  loss: 0.0000 (0.0000)  weight_decay: 0.0500 (0.0500)  grad_norm: 0.0068 (0.0070)  time: 0.6887  data: 0.0001  max mem: 32286
Epoch: [29]  [100/106]  eta: 0:00:09  lr: 0.000090  min_lr: 0.000090  loss: 0.0000 (0.0000)  weight_decay: 0.0500 (0.0500)  grad_norm: 0.0042 (0.0067)  time: 0.6888  data: 0.0001  max mem: 32286
Epoch: [29]  [105/106]  eta: 0:00:01  lr: 0.000090  min_lr: 0.000090  loss: 0.0000 (0.0000)  weight_decay: 0.0500 (0.0500)  grad_norm: 0.0044 (0.0067)  time: 0.6899  data: 0.0001  max mem: 32286
Epoch: [29] Total time: 0:02:42 (1.5311 s / it)
Averaged stats: lr: 0.000090  min_lr: 0.000090  loss: 0.0000 (0.0000)  weight_decay: 0.0500 (0.0500)  grad_norm: 0.0044 (0.0067)
Epoch: [30]  [  0/106]  eta: 1:53:10  lr: 0.000090  min_lr: 0.000090  loss: 0.0000 (0.0000)  weight_decay: 0.0500 (0.0500)  grad_norm: 0.0090 (0.0090)  time: 64.0654  data: 56.0578  max mem: 32286
Epoch: [30]  [ 10/106]  eta: 0:10:20  lr: 0.000090  min_lr: 0.000090  loss: 0.0000 (0.0000)  weight_decay: 0.0500 (0.0500)  grad_norm: 0.0075 (0.0072)  time: 6.4624  data: 5.0963  max mem: 32286
Epoch: [30]  [ 20/106]  eta: 0:05:19  lr: 0.000091  min_lr: 0.000091  loss: 0.0000 (0.0000)  weight_decay: 0.0500 (0.0500)  grad_norm: 0.0082 (0.0078)  time: 0.6988  data: 0.0002  max mem: 32286
Epoch: [30]  [ 30/106]  eta: 0:03:28  lr: 0.000091  min_lr: 0.000091  loss: 0.0000 (0.0000)  weight_decay: 0.0500 (0.0500)  grad_norm: 0.0056 (0.0068)  time: 0.6931  data: 0.0001  max mem: 32286
Epoch: [30]  [ 40/106]  eta: 0:02:27  lr: 0.000091  min_lr: 0.000091  loss: 0.0000 (0.0000)  weight_decay: 0.0500 (0.0500)  grad_norm: 0.0056 (0.0070)  time: 0.6909  data: 0.0001  max mem: 32286
Epoch: [30]  [ 50/106]  eta: 0:01:48  lr: 0.000091  min_lr: 0.000091  loss: 0.0000 (0.0000)  weight_decay: 0.0500 (0.0500)  grad_norm: 0.0059 (0.0067)  time: 0.6904  data: 0.0001  max mem: 32286
Epoch: [30]  [ 60/106]  eta: 0:01:19  lr: 0.000092  min_lr: 0.000092  loss: 0.0000 (0.0000)  weight_decay: 0.0500 (0.0500)  grad_norm: 0.0062 (0.0071)  time: 0.6896  data: 0.0001  max mem: 32286
Epoch: [30]  [ 70/106]  eta: 0:00:57  lr: 0.000092  min_lr: 0.000092  loss: 0.0000 (0.0000)  weight_decay: 0.0500 (0.0500)  grad_norm: 0.0073 (0.0070)  time: 0.6900  data: 0.0001  max mem: 32286
Epoch: [30]  [ 80/106]  eta: 0:00:38  lr: 0.000092  min_lr: 0.000092  loss: 0.0000 (0.0000)  weight_decay: 0.0500 (0.0500)  grad_norm: 0.0043 (0.0066)  time: 0.6899  data: 0.0001  max mem: 32286
Epoch: [30]  [ 90/106]  eta: 0:00:22  lr: 0.000093  min_lr: 0.000093  loss: 0.0000 (0.0000)  weight_decay: 0.0500 (0.0500)  grad_norm: 0.0047 (0.0069)  time: 0.6897  data: 0.0001  max mem: 32286
Epoch: [30]  [100/106]  eta: 0:00:07  lr: 0.000093  min_lr: 0.000093  loss: 0.0000 (0.0000)  weight_decay: 0.0500 (0.0500)  grad_norm: 0.0071 (0.0068)  time: 0.6895  data: 0.0001  max mem: 32286
Epoch: [30]  [105/106]  eta: 0:00:01  lr: 0.000093  min_lr: 0.000093  loss: 0.0000 (0.0000)  weight_decay: 0.0500 (0.0500)  grad_norm: 0.0060 (0.0067)  time: 0.6903  data: 0.0001  max mem: 32286
Epoch: [30] Total time: 0:02:17 (1.3004 s / it)
Averaged stats: lr: 0.000093  min_lr: 0.000093  loss: 0.0000 (0.0000)  weight_decay: 0.0500 (0.0500)  grad_norm: 0.0060 (0.0067)
Epoch: [31]  [  0/106]  eta: 1:51:30  lr: 0.000093  min_lr: 0.000093  loss: 0.0000 (0.0000)  weight_decay: 0.0500 (0.0500)  grad_norm: 0.0046 (0.0046)  time: 63.1192  data: 60.6075  max mem: 32286
Epoch: [31]  [ 10/106]  eta: 0:10:14  lr: 0.000093  min_lr: 0.000093  loss: 0.0000 (0.0000)  weight_decay: 0.0500 (0.0500)  grad_norm: 0.0067 (0.0067)  time: 6.4030  data: 5.5100  max mem: 32286
Epoch: [31]  [ 20/106]  eta: 0:05:16  lr: 0.000094  min_lr: 0.000094  loss: 0.0000 (0.0000)  weight_decay: 0.0500 (0.0500)  grad_norm: 0.0084 (0.0076)  time: 0.7125  data: 0.0002  max mem: 32286
Epoch: [31]  [ 30/106]  eta: 0:03:26  lr: 0.000094  min_lr: 0.000094  loss: 0.0000 (0.0000)  weight_decay: 0.0500 (0.0500)  grad_norm: 0.0056 (0.0067)  time: 0.6929  data: 0.0002  max mem: 32286
Epoch: [31]  [ 40/106]  eta: 0:02:26  lr: 0.000094  min_lr: 0.000094  loss: 0.0000 (0.0000)  weight_decay: 0.0500 (0.0500)  grad_norm: 0.0044 (0.0064)  time: 0.6935  data: 0.0002  max mem: 32286
Epoch: [31]  [ 50/106]  eta: 0:01:47  lr: 0.000094  min_lr: 0.000094  loss: 0.0000 (0.0000)  weight_decay: 0.0500 (0.0500)  grad_norm: 0.0069 (0.0069)  time: 0.6933  data: 0.0001  max mem: 32286
Epoch: [31]  [ 60/106]  eta: 0:01:19  lr: 0.000095  min_lr: 0.000095  loss: 0.0000 (0.0000)  weight_decay: 0.0500 (0.0500)  grad_norm: 0.0069 (0.0067)  time: 0.6906  data: 0.0001  max mem: 32286
Epoch: [31]  [ 70/106]  eta: 0:00:56  lr: 0.000095  min_lr: 0.000095  loss: 0.0000 (0.0000)  weight_decay: 0.0500 (0.0500)  grad_norm: 0.0047 (0.0064)  time: 0.6888  data: 0.0001  max mem: 32286
Epoch: [31]  [ 80/106]  eta: 0:00:38  lr: 0.000095  min_lr: 0.000095  loss: 0.0000 (0.0000)  weight_decay: 0.0500 (0.0500)  grad_norm: 0.0048 (0.0065)  time: 0.6902  data: 0.0001  max mem: 32286
Epoch: [31]  [ 90/106]  eta: 0:00:22  lr: 0.000096  min_lr: 0.000096  loss: 0.0000 (0.0000)  weight_decay: 0.0500 (0.0500)  grad_norm: 0.0077 (0.0067)  time: 0.6902  data: 0.0001  max mem: 32286
Epoch: [31]  [100/106]  eta: 0:00:07  lr: 0.000096  min_lr: 0.000096  loss: 0.0000 (0.0000)  weight_decay: 0.0500 (0.0500)  grad_norm: 0.0067 (0.0066)  time: 0.6889  data: 0.0001  max mem: 32286
Epoch: [31]  [105/106]  eta: 0:00:01  lr: 0.000096  min_lr: 0.000096  loss: 0.0000 (0.0000)  weight_decay: 0.0500 (0.0500)  grad_norm: 0.0053 (0.0065)  time: 0.6889  data: 0.0001  max mem: 32286
Epoch: [31] Total time: 0:02:17 (1.2953 s / it)
Averaged stats: lr: 0.000096  min_lr: 0.000096  loss: 0.0000 (0.0000)  weight_decay: 0.0500 (0.0500)  grad_norm: 0.0053 (0.0065)
Epoch: [32]  [  0/106]  eta: 1:52:41  lr: 0.000096  min_lr: 0.000096  loss: 0.0000 (0.0000)  weight_decay: 0.0500 (0.0500)  grad_norm: 0.0040 (0.0040)  time: 63.7841  data: 62.2657  max mem: 32286
Epoch: [32]  [ 10/106]  eta: 0:10:17  lr: 0.000096  min_lr: 0.000096  loss: 0.0000 (0.0000)  weight_decay: 0.0500 (0.0500)  grad_norm: 0.0063 (0.0074)  time: 6.4368  data: 5.6607  max mem: 32286
Epoch: [32]  [ 20/106]  eta: 0:05:18  lr: 0.000097  min_lr: 0.000097  loss: 0.0000 (0.0000)  weight_decay: 0.0500 (0.0500)  grad_norm: 0.0071 (0.0073)  time: 0.6983  data: 0.0002  max mem: 32286
Epoch: [32]  [ 30/106]  eta: 0:03:27  lr: 0.000097  min_lr: 0.000097  loss: 0.0000 (0.0000)  weight_decay: 0.0500 (0.0500)  grad_norm: 0.0055 (0.0066)  time: 0.6923  data: 0.0001  max mem: 32286
Epoch: [32]  [ 40/106]  eta: 0:02:27  lr: 0.000097  min_lr: 0.000097  loss: 0.0000 (0.0000)  weight_decay: 0.0500 (0.0500)  grad_norm: 0.0051 (0.0064)  time: 0.6904  data: 0.0001  max mem: 32286
Epoch: [32]  [ 50/106]  eta: 0:01:48  lr: 0.000097  min_lr: 0.000097  loss: 0.0000 (0.0000)  weight_decay: 0.0500 (0.0500)  grad_norm: 0.0062 (0.0064)  time: 0.6896  data: 0.0001  max mem: 32286
Epoch: [32]  [ 60/106]  eta: 0:01:19  lr: 0.000098  min_lr: 0.000098  loss: 0.0000 (0.0000)  weight_decay: 0.0500 (0.0500)  grad_norm: 0.0066 (0.0064)  time: 0.6886  data: 0.0001  max mem: 32286
Epoch: [32]  [ 70/106]  eta: 0:00:56  lr: 0.000098  min_lr: 0.000098  loss: 0.0000 (0.0000)  weight_decay: 0.0500 (0.0500)  grad_norm: 0.0066 (0.0066)  time: 0.6897  data: 0.0001  max mem: 32286
Epoch: [32]  [ 80/106]  eta: 0:00:38  lr: 0.000098  min_lr: 0.000098  loss: 0.0000 (0.0000)  weight_decay: 0.0500 (0.0500)  grad_norm: 0.0069 (0.0068)  time: 0.6898  data: 0.0001  max mem: 32286
Epoch: [32]  [ 90/106]  eta: 0:00:22  lr: 0.000099  min_lr: 0.000099  loss: 0.0000 (0.0000)  weight_decay: 0.0500 (0.0500)  grad_norm: 0.0056 (0.0065)  time: 0.6886  data: 0.0001  max mem: 32286
Epoch: [32]  [100/106]  eta: 0:00:07  lr: 0.000099  min_lr: 0.000099  loss: 0.0000 (0.0000)  weight_decay: 0.0500 (0.0500)  grad_norm: 0.0050 (0.0065)  time: 0.6873  data: 0.0001  max mem: 32286
Epoch: [32]  [105/106]  eta: 0:00:01  lr: 0.000099  min_lr: 0.000099  loss: 0.0000 (0.0000)  weight_decay: 0.0500 (0.0500)  grad_norm: 0.0057 (0.0065)  time: 0.6881  data: 0.0001  max mem: 32286
Epoch: [32] Total time: 0:02:17 (1.2968 s / it)
Averaged stats: lr: 0.000099  min_lr: 0.000099  loss: 0.0000 (0.0000)  weight_decay: 0.0500 (0.0500)  grad_norm: 0.0057 (0.0065)
Epoch: [33]  [  0/106]  eta: 1:52:40  lr: 0.000099  min_lr: 0.000099  loss: 0.0000 (0.0000)  weight_decay: 0.0500 (0.0500)  grad_norm: 0.0082 (0.0082)  time: 63.7769  data: 50.6259  max mem: 32286
Epoch: [33]  [ 10/106]  eta: 0:10:39  lr: 0.000099  min_lr: 0.000099  loss: 0.0000 (0.0000)  weight_decay: 0.0500 (0.0500)  grad_norm: 0.0073 (0.0073)  time: 6.6616  data: 4.6025  max mem: 32286
Epoch: [33]  [ 20/106]  eta: 0:05:32  lr: 0.000100  min_lr: 0.000100  loss: 0.0000 (0.0000)  weight_decay: 0.0500 (0.0500)  grad_norm: 0.0058 (0.0060)  time: 0.8651  data: 0.0002  max mem: 32286
Epoch: [33]  [ 30/106]  eta: 0:03:36  lr: 0.000100  min_lr: 0.000100  loss: 0.0000 (0.0000)  weight_decay: 0.0500 (0.0500)  grad_norm: 0.0055 (0.0063)  time: 0.7532  data: 0.0001  max mem: 32286
Epoch: [33]  [ 40/106]  eta: 0:02:33  lr: 0.000100  min_lr: 0.000100  loss: 0.0000 (0.0000)  weight_decay: 0.0500 (0.0500)  grad_norm: 0.0065 (0.0064)  time: 0.7155  data: 0.0001  max mem: 32286
Epoch: [33]  [ 50/106]  eta: 0:01:52  lr: 0.000100  min_lr: 0.000100  loss: 0.0000 (0.0000)  weight_decay: 0.0500 (0.0500)  grad_norm: 0.0057 (0.0062)  time: 0.7011  data: 0.0001  max mem: 32286
Epoch: [33]  [ 60/106]  eta: 0:01:22  lr: 0.000101  min_lr: 0.000101  loss: 0.0000 (0.0000)  weight_decay: 0.0500 (0.0500)  grad_norm: 0.0059 (0.0062)  time: 0.6969  data: 0.0001  max mem: 32286
Epoch: [33]  [ 70/106]  eta: 0:00:58  lr: 0.000101  min_lr: 0.000101  loss: 0.0000 (0.0000)  weight_decay: 0.0500 (0.0500)  grad_norm: 0.0066 (0.0064)  time: 0.6948  data: 0.0001  max mem: 32286
Epoch: [33]  [ 80/106]  eta: 0:00:39  lr: 0.000101  min_lr: 0.000101  loss: 0.0000 (0.0000)  weight_decay: 0.0500 (0.0500)  grad_norm: 0.0068 (0.0065)  time: 0.6929  data: 0.0001  max mem: 32286
Epoch: [33]  [ 90/106]  eta: 0:00:22  lr: 0.000102  min_lr: 0.000102  loss: 0.0000 (0.0000)  weight_decay: 0.0500 (0.0500)  grad_norm: 0.0064 (0.0064)  time: 0.6906  data: 0.0001  max mem: 32286
Epoch: [33]  [100/106]  eta: 0:00:08  lr: 0.000102  min_lr: 0.000102  loss: 0.0000 (0.0000)  weight_decay: 0.0500 (0.0500)  grad_norm: 0.0059 (0.0064)  time: 0.6896  data: 0.0001  max mem: 32286
Epoch: [33]  [105/106]  eta: 0:00:01  lr: 0.000102  min_lr: 0.000102  loss: 0.0000 (0.0000)  weight_decay: 0.0500 (0.0500)  grad_norm: 0.0059 (0.0064)  time: 0.6913  data: 0.0001  max mem: 32286
Epoch: [33] Total time: 0:02:21 (1.3360 s / it)
Averaged stats: lr: 0.000102  min_lr: 0.000102  loss: 0.0000 (0.0000)  weight_decay: 0.0500 (0.0500)  grad_norm: 0.0059 (0.0064)
Epoch: [34]  [  0/106]  eta: 1:55:11  lr: 0.000102  min_lr: 0.000102  loss: 0.0000 (0.0000)  weight_decay: 0.0500 (0.0500)  grad_norm: 0.0062 (0.0062)  time: 65.2015  data: 59.8041  max mem: 32286
Epoch: [34]  [ 10/106]  eta: 0:10:52  lr: 0.000102  min_lr: 0.000102  loss: 0.0000 (0.0000)  weight_decay: 0.0500 (0.0500)  grad_norm: 0.0054 (0.0055)  time: 6.7989  data: 5.4369  max mem: 32286
Epoch: [34]  [ 20/106]  eta: 0:05:38  lr: 0.000103  min_lr: 0.000103  loss: 0.0000 (0.0000)  weight_decay: 0.0500 (0.0500)  grad_norm: 0.0060 (0.0071)  time: 0.8769  data: 0.0002  max mem: 32286
Epoch: [34]  [ 30/106]  eta: 0:03:40  lr: 0.000103  min_lr: 0.000103  loss: 0.0000 (0.0000)  weight_decay: 0.0500 (0.0500)  grad_norm: 0.0063 (0.0067)  time: 0.7570  data: 0.0001  max mem: 32286
Epoch: [34]  [ 40/106]  eta: 0:02:36  lr: 0.000103  min_lr: 0.000103  loss: 0.0000 (0.0000)  weight_decay: 0.0500 (0.0500)  grad_norm: 0.0046 (0.0061)  time: 0.7089  data: 0.0001  max mem: 32286
Epoch: [34]  [ 50/106]  eta: 0:01:53  lr: 0.000103  min_lr: 0.000103  loss: 0.0000 (0.0000)  weight_decay: 0.0500 (0.0500)  grad_norm: 0.0066 (0.0073)  time: 0.6943  data: 0.0001  max mem: 32286
Epoch: [34]  [ 60/106]  eta: 0:01:23  lr: 0.000104  min_lr: 0.000104  loss: 0.0000 (0.0000)  weight_decay: 0.0500 (0.0500)  grad_norm: 0.0082 (0.0072)  time: 0.6916  data: 0.0001  max mem: 32286
Epoch: [34]  [ 70/106]  eta: 0:00:59  lr: 0.000104  min_lr: 0.000104  loss: 0.0000 (0.0000)  weight_decay: 0.0500 (0.0500)  grad_norm: 0.0049 (0.0067)  time: 0.6927  data: 0.0001  max mem: 32286
Epoch: [34]  [ 80/106]  eta: 0:00:39  lr: 0.000104  min_lr: 0.000104  loss: 0.0000 (0.0000)  weight_decay: 0.0500 (0.0500)  grad_norm: 0.0034 (0.0063)  time: 0.6923  data: 0.0001  max mem: 32286
Epoch: [34]  [ 90/106]  eta: 0:00:23  lr: 0.000105  min_lr: 0.000105  loss: 0.0000 (0.0000)  weight_decay: 0.0500 (0.0500)  grad_norm: 0.0036 (0.0061)  time: 0.6922  data: 0.0001  max mem: 32286
Epoch: [34]  [100/106]  eta: 0:00:08  lr: 0.000105  min_lr: 0.000105  loss: 0.0000 (0.0000)  weight_decay: 0.0500 (0.0500)  grad_norm: 0.0058 (0.0064)  time: 0.6929  data: 0.0001  max mem: 32286
Epoch: [34]  [105/106]  eta: 0:00:01  lr: 0.000105  min_lr: 0.000105  loss: 0.0000 (0.0000)  weight_decay: 0.0500 (0.0500)  grad_norm: 0.0070 (0.0064)  time: 0.6935  data: 0.0001  max mem: 32286
Epoch: [34] Total time: 0:02:23 (1.3516 s / it)
Averaged stats: lr: 0.000105  min_lr: 0.000105  loss: 0.0000 (0.0000)  weight_decay: 0.0500 (0.0500)  grad_norm: 0.0070 (0.0064)
Epoch: [35]  [  0/106]  eta: 1:53:07  lr: 0.000105  min_lr: 0.000105  loss: 0.0000 (0.0000)  weight_decay: 0.0500 (0.0500)  grad_norm: 0.0061 (0.0061)  time: 64.0303  data: 63.2607  max mem: 32286
Epoch: [35]  [ 10/106]  eta: 0:10:22  lr: 0.000105  min_lr: 0.000105  loss: 0.0000 (0.0000)  weight_decay: 0.0500 (0.0500)  grad_norm: 0.0049 (0.0048)  time: 6.4845  data: 5.7511  max mem: 32286
Epoch: [35]  [ 20/106]  eta: 0:05:21  lr: 0.000106  min_lr: 0.000106  loss: 0.0000 (0.0000)  weight_decay: 0.0500 (0.0500)  grad_norm: 0.0052 (0.0066)  time: 0.7198  data: 0.0001  max mem: 32286
Epoch: [35]  [ 30/106]  eta: 0:03:29  lr: 0.000106  min_lr: 0.000106  loss: 0.0000 (0.0000)  weight_decay: 0.0500 (0.0500)  grad_norm: 0.0063 (0.0064)  time: 0.7010  data: 0.0001  max mem: 32286
Epoch: [35]  [ 40/106]  eta: 0:02:28  lr: 0.000106  min_lr: 0.000106  loss: 0.0000 (0.0000)  weight_decay: 0.0500 (0.0500)  grad_norm: 0.0045 (0.0058)  time: 0.6915  data: 0.0001  max mem: 32286
Epoch: [35]  [ 50/106]  eta: 0:01:48  lr: 0.000106  min_lr: 0.000106  loss: 0.0000 (0.0000)  weight_decay: 0.0500 (0.0500)  grad_norm: 0.0032 (0.0053)  time: 0.6910  data: 0.0001  max mem: 32286
Epoch: [35]  [ 60/106]  eta: 0:01:20  lr: 0.000107  min_lr: 0.000107  loss: 0.0000 (0.0000)  weight_decay: 0.0500 (0.0500)  grad_norm: 0.0035 (0.0059)  time: 0.6920  data: 0.0001  max mem: 32286
Epoch: [35]  [ 70/106]  eta: 0:00:57  lr: 0.000107  min_lr: 0.000107  loss: 0.0000 (0.0000)  weight_decay: 0.0500 (0.0500)  grad_norm: 0.0065 (0.0058)  time: 0.6924  data: 0.0001  max mem: 32286
Epoch: [35]  [ 80/106]  eta: 0:00:38  lr: 0.000107  min_lr: 0.000107  loss: 0.0000 (0.0000)  weight_decay: 0.0500 (0.0500)  grad_norm: 0.0041 (0.0056)  time: 0.6909  data: 0.0001  max mem: 32286
Epoch: [35]  [ 90/106]  eta: 0:00:22  lr: 0.000108  min_lr: 0.000108  loss: 0.0000 (0.0000)  weight_decay: 0.0500 (0.0500)  grad_norm: 0.0047 (0.0060)  time: 0.6898  data: 0.0001  max mem: 32286
Epoch: [35]  [100/106]  eta: 0:00:07  lr: 0.000108  min_lr: 0.000108  loss: 0.0000 (0.0000)  weight_decay: 0.0500 (0.0500)  grad_norm: 0.0069 (0.0060)  time: 0.6907  data: 0.0001  max mem: 32286
Epoch: [35]  [105/106]  eta: 0:00:01  lr: 0.000108  min_lr: 0.000108  loss: 0.0000 (0.0000)  weight_decay: 0.0500 (0.0500)  grad_norm: 0.0060 (0.0059)  time: 0.6910  data: 0.0001  max mem: 32286
Epoch: [35] Total time: 0:02:18 (1.3056 s / it)
Averaged stats: lr: 0.000108  min_lr: 0.000108  loss: 0.0000 (0.0000)  weight_decay: 0.0500 (0.0500)  grad_norm: 0.0060 (0.0059)
Epoch: [36]  [  0/106]  eta: 1:56:13  lr: 0.000108  min_lr: 0.000108  loss: 0.0000 (0.0000)  weight_decay: 0.0500 (0.0500)  grad_norm: 0.0042 (0.0042)  time: 65.7924  data: 60.3448  max mem: 32286
Epoch: [36]  [ 10/106]  eta: 0:10:48  lr: 0.000108  min_lr: 0.000108  loss: 0.0000 (0.0000)  weight_decay: 0.0500 (0.0500)  grad_norm: 0.0051 (0.0047)  time: 6.7565  data: 5.4861  max mem: 32286
Epoch: [36]  [ 20/106]  eta: 0:05:38  lr: 0.000109  min_lr: 0.000109  loss: 0.0000 (0.0000)  weight_decay: 0.0500 (0.0500)  grad_norm: 0.0049 (0.0049)  time: 0.8384  data: 0.0002  max mem: 32286
Epoch: [36]  [ 30/106]  eta: 0:03:40  lr: 0.000109  min_lr: 0.000109  loss: 0.0000 (0.0000)  weight_decay: 0.0500 (0.0500)  grad_norm: 0.0060 (0.0054)  time: 0.7850  data: 0.0001  max mem: 32286
Epoch: [36]  [ 40/106]  eta: 0:02:36  lr: 0.000109  min_lr: 0.000109  loss: 0.0000 (0.0000)  weight_decay: 0.0500 (0.0500)  grad_norm: 0.0066 (0.0056)  time: 0.7261  data: 0.0001  max mem: 32286
Epoch: [36]  [ 50/106]  eta: 0:01:54  lr: 0.000109  min_lr: 0.000109  loss: 0.0000 (0.0000)  weight_decay: 0.0500 (0.0500)  grad_norm: 0.0066 (0.0059)  time: 0.6993  data: 0.0001  max mem: 32286
Epoch: [36]  [ 60/106]  eta: 0:01:23  lr: 0.000110  min_lr: 0.000110  loss: 0.0000 (0.0000)  weight_decay: 0.0500 (0.0500)  grad_norm: 0.0054 (0.0056)  time: 0.6920  data: 0.0001  max mem: 32286
Epoch: [36]  [ 70/106]  eta: 0:00:59  lr: 0.000110  min_lr: 0.000110  loss: 0.0000 (0.0000)  weight_decay: 0.0500 (0.0500)  grad_norm: 0.0047 (0.0057)  time: 0.6917  data: 0.0001  max mem: 32286
Epoch: [36]  [ 80/106]  eta: 0:00:40  lr: 0.000110  min_lr: 0.000110  loss: 0.0000 (0.0000)  weight_decay: 0.0500 (0.0500)  grad_norm: 0.0063 (0.0058)  time: 0.6909  data: 0.0001  max mem: 32286
Epoch: [36]  [ 90/106]  eta: 0:00:23  lr: 0.000111  min_lr: 0.000111  loss: 0.0000 (0.0000)  weight_decay: 0.0500 (0.0500)  grad_norm: 0.0062 (0.0060)  time: 0.6912  data: 0.0001  max mem: 32286
Epoch: [36]  [100/106]  eta: 0:00:08  lr: 0.000111  min_lr: 0.000111  loss: 0.0000 (0.0000)  weight_decay: 0.0500 (0.0500)  grad_norm: 0.0050 (0.0058)  time: 0.6914  data: 0.0001  max mem: 32286
Epoch: [36]  [105/106]  eta: 0:00:01  lr: 0.000111  min_lr: 0.000111  loss: 0.0000 (0.0000)  weight_decay: 0.0500 (0.0500)  grad_norm: 0.0047 (0.0058)  time: 0.6910  data: 0.0001  max mem: 32286
Epoch: [36] Total time: 0:02:23 (1.3517 s / it)
Averaged stats: lr: 0.000111  min_lr: 0.000111  loss: 0.0000 (0.0000)  weight_decay: 0.0500 (0.0500)  grad_norm: 0.0047 (0.0058)
Epoch: [37]  [  0/106]  eta: 1:54:08  lr: 0.000111  min_lr: 0.000111  loss: 0.0000 (0.0000)  weight_decay: 0.0500 (0.0500)  grad_norm: 0.0060 (0.0060)  time: 64.6101  data: 60.3067  max mem: 32286
Epoch: [37]  [ 10/106]  eta: 0:10:25  lr: 0.000111  min_lr: 0.000111  loss: 0.0000 (0.0000)  weight_decay: 0.0500 (0.0500)  grad_norm: 0.0060 (0.0059)  time: 6.5151  data: 5.4826  max mem: 32286
Epoch: [37]  [ 20/106]  eta: 0:05:21  lr: 0.000112  min_lr: 0.000112  loss: 0.0000 (0.0000)  weight_decay: 0.0500 (0.0500)  grad_norm: 0.0052 (0.0056)  time: 0.7003  data: 0.0002  max mem: 32286
Epoch: [37]  [ 30/106]  eta: 0:03:29  lr: 0.000112  min_lr: 0.000112  loss: 0.0000 (0.0000)  weight_decay: 0.0500 (0.0500)  grad_norm: 0.0074 (0.0069)  time: 0.6932  data: 0.0001  max mem: 32286
Epoch: [37]  [ 40/106]  eta: 0:02:28  lr: 0.000112  min_lr: 0.000112  loss: 0.0000 (0.0000)  weight_decay: 0.0500 (0.0500)  grad_norm: 0.0071 (0.0066)  time: 0.6914  data: 0.0001  max mem: 32286
Epoch: [37]  [ 50/106]  eta: 0:01:49  lr: 0.000112  min_lr: 0.000112  loss: 0.0000 (0.0000)  weight_decay: 0.0500 (0.0500)  grad_norm: 0.0042 (0.0060)  time: 0.6904  data: 0.0001  max mem: 32286
Epoch: [37]  [ 60/106]  eta: 0:01:20  lr: 0.000113  min_lr: 0.000113  loss: 0.0000 (0.0000)  weight_decay: 0.0500 (0.0500)  grad_norm: 0.0038 (0.0058)  time: 0.6891  data: 0.0001  max mem: 32286
Epoch: [37]  [ 70/106]  eta: 0:00:57  lr: 0.000113  min_lr: 0.000113  loss: 0.0000 (0.0000)  weight_decay: 0.0500 (0.0500)  grad_norm: 0.0047 (0.0057)  time: 0.6895  data: 0.0001  max mem: 32286
Epoch: [37]  [ 80/106]  eta: 0:00:38  lr: 0.000113  min_lr: 0.000113  loss: 0.0000 (0.0000)  weight_decay: 0.0500 (0.0500)  grad_norm: 0.0053 (0.0057)  time: 0.6897  data: 0.0001  max mem: 32286
Epoch: [37]  [ 90/106]  eta: 0:00:22  lr: 0.000114  min_lr: 0.000114  loss: 0.0000 (0.0000)  weight_decay: 0.0500 (0.0500)  grad_norm: 0.0064 (0.0059)  time: 0.6887  data: 0.0001  max mem: 32286
Epoch: [37]  [100/106]  eta: 0:00:07  lr: 0.000114  min_lr: 0.000114  loss: 0.0000 (0.0000)  weight_decay: 0.0500 (0.0500)  grad_norm: 0.0071 (0.0060)  time: 0.6890  data: 0.0001  max mem: 32286
Epoch: [37]  [105/106]  eta: 0:00:01  lr: 0.000114  min_lr: 0.000114  loss: 0.0000 (0.0000)  weight_decay: 0.0500 (0.0500)  grad_norm: 0.0066 (0.0060)  time: 0.6901  data: 0.0001  max mem: 32286
Epoch: [37] Total time: 0:02:18 (1.3062 s / it)
Averaged stats: lr: 0.000114  min_lr: 0.000114  loss: 0.0000 (0.0000)  weight_decay: 0.0500 (0.0500)  grad_norm: 0.0066 (0.0060)
Epoch: [38]  [  0/106]  eta: 1:53:57  lr: 0.000114  min_lr: 0.000114  loss: 0.0000 (0.0000)  weight_decay: 0.0500 (0.0500)  grad_norm: 0.0052 (0.0052)  time: 64.5078  data: 46.3638  max mem: 32286
Epoch: [38]  [ 10/106]  eta: 0:10:24  lr: 0.000114  min_lr: 0.000114  loss: 0.0000 (0.0000)  weight_decay: 0.0500 (0.0500)  grad_norm: 0.0050 (0.0049)  time: 6.5025  data: 4.2151  max mem: 32286
Epoch: [38]  [ 20/106]  eta: 0:05:21  lr: 0.000115  min_lr: 0.000115  loss: 0.0000 (0.0000)  weight_decay: 0.0500 (0.0500)  grad_norm: 0.0053 (0.0053)  time: 0.6951  data: 0.0002  max mem: 32286
Epoch: [38]  [ 30/106]  eta: 0:03:29  lr: 0.000115  min_lr: 0.000115  loss: 0.0000 (0.0000)  weight_decay: 0.0500 (0.0500)  grad_norm: 0.0057 (0.0060)  time: 0.6896  data: 0.0001  max mem: 32286
Epoch: [38]  [ 40/106]  eta: 0:02:28  lr: 0.000115  min_lr: 0.000115  loss: 0.0000 (0.0000)  weight_decay: 0.0500 (0.0500)  grad_norm: 0.0052 (0.0056)  time: 0.6902  data: 0.0001  max mem: 32286
Epoch: [38]  [ 50/106]  eta: 0:01:48  lr: 0.000115  min_lr: 0.000115  loss: 0.0000 (0.0000)  weight_decay: 0.0500 (0.0500)  grad_norm: 0.0053 (0.0058)  time: 0.6902  data: 0.0001  max mem: 32286
Epoch: [38]  [ 60/106]  eta: 0:01:19  lr: 0.000116  min_lr: 0.000116  loss: 0.0000 (0.0000)  weight_decay: 0.0500 (0.0500)  grad_norm: 0.0073 (0.0062)  time: 0.6899  data: 0.0001  max mem: 32286
Epoch: [38]  [ 70/106]  eta: 0:00:57  lr: 0.000116  min_lr: 0.000116  loss: 0.0000 (0.0000)  weight_decay: 0.0500 (0.0500)  grad_norm: 0.0054 (0.0059)  time: 0.6893  data: 0.0001  max mem: 32286
Epoch: [38]  [ 80/106]  eta: 0:00:38  lr: 0.000116  min_lr: 0.000116  loss: 0.0000 (0.0000)  weight_decay: 0.0500 (0.0500)  grad_norm: 0.0038 (0.0057)  time: 0.6887  data: 0.0001  max mem: 32286
Epoch: [38]  [ 90/106]  eta: 0:00:22  lr: 0.000117  min_lr: 0.000117  loss: 0.0000 (0.0000)  weight_decay: 0.0500 (0.0500)  grad_norm: 0.0039 (0.0058)  time: 0.6885  data: 0.0001  max mem: 32286
Epoch: [38]  [100/106]  eta: 0:00:07  lr: 0.000117  min_lr: 0.000117  loss: 0.0000 (0.0000)  weight_decay: 0.0500 (0.0500)  grad_norm: 0.0062 (0.0059)  time: 0.6888  data: 0.0001  max mem: 32286
Epoch: [38]  [105/106]  eta: 0:00:01  lr: 0.000117  min_lr: 0.000117  loss: 0.0000 (0.0000)  weight_decay: 0.0500 (0.0500)  grad_norm: 0.0062 (0.0058)  time: 0.6898  data: 0.0001  max mem: 32286
Epoch: [38] Total time: 0:02:18 (1.3043 s / it)
Averaged stats: lr: 0.000117  min_lr: 0.000117  loss: 0.0000 (0.0000)  weight_decay: 0.0500 (0.0500)  grad_norm: 0.0062 (0.0058)
Epoch: [39]  [  0/106]  eta: 1:56:48  lr: 0.000117  min_lr: 0.000117  loss: 0.0000 (0.0000)  weight_decay: 0.0500 (0.0500)  grad_norm: 0.0044 (0.0044)  time: 66.1220  data: 60.5491  max mem: 32286
Epoch: [39]  [ 10/106]  eta: 0:10:37  lr: 0.000117  min_lr: 0.000117  loss: 0.0000 (0.0000)  weight_decay: 0.0500 (0.0500)  grad_norm: 0.0051 (0.0048)  time: 6.6445  data: 5.5046  max mem: 32286
Epoch: [39]  [ 20/106]  eta: 0:05:27  lr: 0.000118  min_lr: 0.000118  loss: 0.0000 (0.0000)  weight_decay: 0.0500 (0.0500)  grad_norm: 0.0052 (0.0064)  time: 0.6938  data: 0.0002  max mem: 32286
Epoch: [39]  [ 30/106]  eta: 0:03:33  lr: 0.000118  min_lr: 0.000118  loss: 0.0000 (0.0000)  weight_decay: 0.0500 (0.0500)  grad_norm: 0.0063 (0.0063)  time: 0.6907  data: 0.0002  max mem: 32286
Epoch: [39]  [ 40/106]  eta: 0:02:31  lr: 0.000118  min_lr: 0.000118  loss: 0.0000 (0.0000)  weight_decay: 0.0500 (0.0500)  grad_norm: 0.0049 (0.0059)  time: 0.6908  data: 0.0002  max mem: 32286
Epoch: [39]  [ 50/106]  eta: 0:01:50  lr: 0.000118  min_lr: 0.000118  loss: 0.0000 (0.0000)  weight_decay: 0.0500 (0.0500)  grad_norm: 0.0055 (0.0063)  time: 0.6901  data: 0.0001  max mem: 32286
Epoch: [39]  [ 60/106]  eta: 0:01:21  lr: 0.000119  min_lr: 0.000119  loss: 0.0000 (0.0000)  weight_decay: 0.0500 (0.0500)  grad_norm: 0.0063 (0.0062)  time: 0.6901  data: 0.0002  max mem: 32286
Epoch: [39]  [ 70/106]  eta: 0:00:58  lr: 0.000119  min_lr: 0.000119  loss: 0.0000 (0.0000)  weight_decay: 0.0500 (0.0500)  grad_norm: 0.0046 (0.0059)  time: 0.6898  data: 0.0002  max mem: 32286
Epoch: [39]  [ 80/106]  eta: 0:00:38  lr: 0.000119  min_lr: 0.000119  loss: 0.0000 (0.0000)  weight_decay: 0.0500 (0.0500)  grad_norm: 0.0046 (0.0059)  time: 0.6884  data: 0.0001  max mem: 32286
Epoch: [39]  [ 90/106]  eta: 0:00:22  lr: 0.000120  min_lr: 0.000120  loss: 0.0000 (0.0000)  weight_decay: 0.0500 (0.0500)  grad_norm: 0.0055 (0.0059)  time: 0.6896  data: 0.0001  max mem: 32286
Epoch: [39]  [100/106]  eta: 0:00:08  lr: 0.000120  min_lr: 0.000120  loss: 0.0000 (0.0000)  weight_decay: 0.0500 (0.0500)  grad_norm: 0.0047 (0.0057)  time: 0.6893  data: 0.0001  max mem: 32286
Epoch: [39]  [105/106]  eta: 0:00:01  lr: 0.000120  min_lr: 0.000120  loss: 0.0000 (0.0000)  weight_decay: 0.0500 (0.0500)  grad_norm: 0.0046 (0.0057)  time: 0.6897  data: 0.0001  max mem: 32286
Epoch: [39] Total time: 0:02:19 (1.3193 s / it)
Averaged stats: lr: 0.000120  min_lr: 0.000120  loss: 0.0000 (0.0000)  weight_decay: 0.0500 (0.0500)  grad_norm: 0.0046 (0.0057)
Epoch: [40]  [  0/106]  eta: 1:53:53  lr: 0.000120  min_lr: 0.000120  loss: 0.0000 (0.0000)  weight_decay: 0.0500 (0.0500)  grad_norm: 0.0040 (0.0040)  time: 64.4629  data: 61.4060  max mem: 32286
Epoch: [40]  [ 10/106]  eta: 0:10:25  lr: 0.000120  min_lr: 0.000120  loss: 0.0000 (0.0000)  weight_decay: 0.0500 (0.0500)  grad_norm: 0.0061 (0.0069)  time: 6.5147  data: 5.5826  max mem: 32286
Epoch: [40]  [ 20/106]  eta: 0:05:21  lr: 0.000121  min_lr: 0.000121  loss: 0.0000 (0.0000)  weight_decay: 0.0500 (0.0500)  grad_norm: 0.0072 (0.0074)  time: 0.7058  data: 0.0002  max mem: 32286
Epoch: [40]  [ 30/106]  eta: 0:03:29  lr: 0.000121  min_lr: 0.000121  loss: 0.0000 (0.0000)  weight_decay: 0.0500 (0.0500)  grad_norm: 0.0054 (0.0064)  time: 0.6912  data: 0.0002  max mem: 32286
Epoch: [40]  [ 40/106]  eta: 0:02:30  lr: 0.000121  min_lr: 0.000121  loss: 0.0000 (0.0000)  weight_decay: 0.0500 (0.0500)  grad_norm: 0.0036 (0.0057)  time: 0.7388  data: 0.0002  max mem: 32286
Epoch: [40]  [ 50/106]  eta: 0:01:51  lr: 0.000121  min_lr: 0.000121  loss: 0.0000 (0.0000)  weight_decay: 0.0500 (0.0500)  grad_norm: 0.0034 (0.0052)  time: 0.8182  data: 0.0001  max mem: 32286
Epoch: [40]  [ 60/106]  eta: 0:01:22  lr: 0.000122  min_lr: 0.000122  loss: 0.0000 (0.0000)  weight_decay: 0.0500 (0.0500)  grad_norm: 0.0041 (0.0056)  time: 0.7909  data: 0.0001  max mem: 32286
Epoch: [40]  [ 70/106]  eta: 0:00:58  lr: 0.000122  min_lr: 0.000122  loss: 0.0000 (0.0000)  weight_decay: 0.0500 (0.0500)  grad_norm: 0.0061 (0.0057)  time: 0.7253  data: 0.0001  max mem: 32286
Epoch: [40]  [ 80/106]  eta: 0:00:39  lr: 0.000122  min_lr: 0.000122  loss: 0.0000 (0.0000)  weight_decay: 0.0500 (0.0500)  grad_norm: 0.0058 (0.0057)  time: 0.7127  data: 0.0001  max mem: 32286
Epoch: [40]  [ 90/106]  eta: 0:00:22  lr: 0.000123  min_lr: 0.000123  loss: 0.0000 (0.0000)  weight_decay: 0.0500 (0.0500)  grad_norm: 0.0052 (0.0055)  time: 0.7027  data: 0.0001  max mem: 32286
Epoch: [40]  [100/106]  eta: 0:00:08  lr: 0.000123  min_lr: 0.000123  loss: 0.0000 (0.0000)  weight_decay: 0.0500 (0.0500)  grad_norm: 0.0040 (0.0054)  time: 0.7034  data: 0.0001  max mem: 32286
Epoch: [40]  [105/106]  eta: 0:00:01  lr: 0.000123  min_lr: 0.000123  loss: 0.0000 (0.0000)  weight_decay: 0.0500 (0.0500)  grad_norm: 0.0041 (0.0055)  time: 0.7128  data: 0.0001  max mem: 32286
Epoch: [40] Total time: 0:02:22 (1.3432 s / it)
Averaged stats: lr: 0.000123  min_lr: 0.000123  loss: 0.0000 (0.0000)  weight_decay: 0.0500 (0.0500)  grad_norm: 0.0041 (0.0055)
Epoch: [41]  [  0/106]  eta: 1:54:01  lr: 0.000123  min_lr: 0.000123  loss: 0.0000 (0.0000)  weight_decay: 0.0500 (0.0500)  grad_norm: 0.0059 (0.0059)  time: 64.5405  data: 56.0451  max mem: 32286
Epoch: [41]  [ 10/106]  eta: 0:10:24  lr: 0.000123  min_lr: 0.000123  loss: 0.0000 (0.0000)  weight_decay: 0.0500 (0.0500)  grad_norm: 0.0067 (0.0066)  time: 6.5077  data: 5.0951  max mem: 32286
Epoch: [41]  [ 20/106]  eta: 0:05:21  lr: 0.000124  min_lr: 0.000124  loss: 0.0000 (0.0000)  weight_decay: 0.0500 (0.0500)  grad_norm: 0.0056 (0.0057)  time: 0.7002  data: 0.0001  max mem: 32286
Epoch: [41]  [ 30/106]  eta: 0:03:29  lr: 0.000124  min_lr: 0.000124  loss: 0.0000 (0.0000)  weight_decay: 0.0500 (0.0500)  grad_norm: 0.0040 (0.0051)  time: 0.6945  data: 0.0001  max mem: 32286
Epoch: [41]  [ 40/106]  eta: 0:02:28  lr: 0.000124  min_lr: 0.000124  loss: 0.0000 (0.0000)  weight_decay: 0.0500 (0.0500)  grad_norm: 0.0053 (0.0057)  time: 0.7008  data: 0.0001  max mem: 32286
Epoch: [41]  [ 50/106]  eta: 0:01:49  lr: 0.000124  min_lr: 0.000124  loss: 0.0000 (0.0000)  weight_decay: 0.0500 (0.0500)  grad_norm: 0.0065 (0.0058)  time: 0.7090  data: 0.0001  max mem: 32286
Epoch: [41]  [ 60/106]  eta: 0:01:20  lr: 0.000125  min_lr: 0.000125  loss: 0.0000 (0.0000)  weight_decay: 0.0500 (0.0500)  grad_norm: 0.0053 (0.0056)  time: 0.7061  data: 0.0001  max mem: 32286
Epoch: [41]  [ 70/106]  eta: 0:00:57  lr: 0.000125  min_lr: 0.000125  loss: 0.0000 (0.0000)  weight_decay: 0.0500 (0.0500)  grad_norm: 0.0056 (0.0059)  time: 0.6991  data: 0.0001  max mem: 32286
Epoch: [41]  [ 80/106]  eta: 0:00:38  lr: 0.000125  min_lr: 0.000125  loss: 0.0000 (0.0000)  weight_decay: 0.0500 (0.0500)  grad_norm: 0.0055 (0.0057)  time: 0.6960  data: 0.0001  max mem: 32286
Epoch: [41]  [ 90/106]  eta: 0:00:22  lr: 0.000126  min_lr: 0.000126  loss: 0.0000 (0.0000)  weight_decay: 0.0500 (0.0500)  grad_norm: 0.0037 (0.0055)  time: 0.6948  data: 0.0001  max mem: 32286
Epoch: [41]  [100/106]  eta: 0:00:07  lr: 0.000126  min_lr: 0.000126  loss: 0.0000 (0.0000)  weight_decay: 0.0500 (0.0500)  grad_norm: 0.0036 (0.0055)  time: 0.6924  data: 0.0001  max mem: 32286
Epoch: [41]  [105/106]  eta: 0:00:01  lr: 0.000126  min_lr: 0.000126  loss: 0.0000 (0.0000)  weight_decay: 0.0500 (0.0500)  grad_norm: 0.0043 (0.0056)  time: 0.6921  data: 0.0001  max mem: 32286
Epoch: [41] Total time: 0:02:18 (1.3111 s / it)
Averaged stats: lr: 0.000126  min_lr: 0.000126  loss: 0.0000 (0.0000)  weight_decay: 0.0500 (0.0500)  grad_norm: 0.0043 (0.0056)
Epoch: [42]  [  0/106]  eta: 1:54:41  lr: 0.000126  min_lr: 0.000126  loss: 0.0000 (0.0000)  weight_decay: 0.0500 (0.0500)  grad_norm: 0.0092 (0.0092)  time: 64.9222  data: 54.0658  max mem: 32286
Epoch: [42]  [ 10/106]  eta: 0:10:29  lr: 0.000126  min_lr: 0.000126  loss: 0.0000 (0.0000)  weight_decay: 0.0500 (0.0500)  grad_norm: 0.0083 (0.0082)  time: 6.5616  data: 4.9152  max mem: 32286
Epoch: [42]  [ 20/106]  eta: 0:05:24  lr: 0.000127  min_lr: 0.000127  loss: 0.0000 (0.0000)  weight_decay: 0.0500 (0.0500)  grad_norm: 0.0051 (0.0065)  time: 0.7108  data: 0.0001  max mem: 32286
Epoch: [42]  [ 30/106]  eta: 0:03:31  lr: 0.000127  min_lr: 0.000127  loss: 0.0000 (0.0000)  weight_decay: 0.0500 (0.0500)  grad_norm: 0.0039 (0.0053)  time: 0.6970  data: 0.0001  max mem: 32286
Epoch: [42]  [ 40/106]  eta: 0:02:29  lr: 0.000127  min_lr: 0.000127  loss: 0.0000 (0.0000)  weight_decay: 0.0500 (0.0500)  grad_norm: 0.0025 (0.0046)  time: 0.6939  data: 0.0001  max mem: 32286
Epoch: [42]  [ 50/106]  eta: 0:01:49  lr: 0.000127  min_lr: 0.000127  loss: 0.0000 (0.0000)  weight_decay: 0.0500 (0.0500)  grad_norm: 0.0034 (0.0048)  time: 0.6904  data: 0.0001  max mem: 32286
Epoch: [42]  [ 60/106]  eta: 0:01:20  lr: 0.000128  min_lr: 0.000128  loss: 0.0000 (0.0000)  weight_decay: 0.0500 (0.0500)  grad_norm: 0.0063 (0.0054)  time: 0.6933  data: 0.0001  max mem: 32286
Epoch: [42]  [ 70/106]  eta: 0:00:57  lr: 0.000128  min_lr: 0.000128  loss: 0.0000 (0.0000)  weight_decay: 0.0500 (0.0500)  grad_norm: 0.0067 (0.0055)  time: 0.6936  data: 0.0001  max mem: 32286
Epoch: [42]  [ 80/106]  eta: 0:00:38  lr: 0.000128  min_lr: 0.000128  loss: 0.0000 (0.0000)  weight_decay: 0.0500 (0.0500)  grad_norm: 0.0055 (0.0054)  time: 0.6913  data: 0.0001  max mem: 32286
Epoch: [42]  [ 90/106]  eta: 0:00:22  lr: 0.000129  min_lr: 0.000129  loss: 0.0000 (0.0000)  weight_decay: 0.0500 (0.0500)  grad_norm: 0.0047 (0.0053)  time: 0.6917  data: 0.0001  max mem: 32286
Epoch: [42]  [100/106]  eta: 0:00:07  lr: 0.000129  min_lr: 0.000129  loss: 0.0000 (0.0000)  weight_decay: 0.0500 (0.0500)  grad_norm: 0.0048 (0.0054)  time: 0.6940  data: 0.0001  max mem: 32286
Epoch: [42]  [105/106]  eta: 0:00:01  lr: 0.000129  min_lr: 0.000129  loss: 0.0000 (0.0000)  weight_decay: 0.0500 (0.0500)  grad_norm: 0.0046 (0.0054)  time: 0.6942  data: 0.0001  max mem: 32286
Epoch: [42] Total time: 0:02:19 (1.3134 s / it)
Averaged stats: lr: 0.000129  min_lr: 0.000129  loss: 0.0000 (0.0000)  weight_decay: 0.0500 (0.0500)  grad_norm: 0.0046 (0.0054)
Epoch: [43]  [  0/106]  eta: 1:53:20  lr: 0.000129  min_lr: 0.000129  loss: 0.0000 (0.0000)  weight_decay: 0.0500 (0.0500)  grad_norm: 0.0064 (0.0064)  time: 64.1587  data: 58.7205  max mem: 32286
Epoch: [43]  [ 10/106]  eta: 0:10:27  lr: 0.000129  min_lr: 0.000129  loss: 0.0000 (0.0000)  weight_decay: 0.0500 (0.0500)  grad_norm: 0.0045 (0.0045)  time: 6.5347  data: 5.3384  max mem: 32286
Epoch: [43]  [ 20/106]  eta: 0:05:23  lr: 0.000130  min_lr: 0.000130  loss: 0.0000 (0.0000)  weight_decay: 0.0500 (0.0500)  grad_norm: 0.0044 (0.0046)  time: 0.7411  data: 0.0002  max mem: 32286
Epoch: [43]  [ 30/106]  eta: 0:03:30  lr: 0.000130  min_lr: 0.000130  loss: 0.0000 (0.0000)  weight_decay: 0.0500 (0.0500)  grad_norm: 0.0044 (0.0045)  time: 0.7050  data: 0.0002  max mem: 32286
Epoch: [43]  [ 40/106]  eta: 0:02:29  lr: 0.000130  min_lr: 0.000130  loss: 0.0000 (0.0000)  weight_decay: 0.0500 (0.0500)  grad_norm: 0.0053 (0.0054)  time: 0.6981  data: 0.0002  max mem: 32286
Epoch: [43]  [ 50/106]  eta: 0:01:49  lr: 0.000130  min_lr: 0.000130  loss: 0.0000 (0.0000)  weight_decay: 0.0500 (0.0500)  grad_norm: 0.0058 (0.0053)  time: 0.6943  data: 0.0001  max mem: 32286
Epoch: [43]  [ 60/106]  eta: 0:01:20  lr: 0.000131  min_lr: 0.000131  loss: 0.0000 (0.0000)  weight_decay: 0.0500 (0.0500)  grad_norm: 0.0042 (0.0051)  time: 0.6925  data: 0.0001  max mem: 32286
Epoch: [43]  [ 70/106]  eta: 0:00:57  lr: 0.000131  min_lr: 0.000131  loss: 0.0000 (0.0000)  weight_decay: 0.0500 (0.0500)  grad_norm: 0.0042 (0.0054)  time: 0.6936  data: 0.0001  max mem: 32286
Epoch: [43]  [ 80/106]  eta: 0:00:38  lr: 0.000131  min_lr: 0.000131  loss: 0.0000 (0.0000)  weight_decay: 0.0500 (0.0500)  grad_norm: 0.0051 (0.0054)  time: 0.6942  data: 0.0001  max mem: 32286
Epoch: [43]  [ 90/106]  eta: 0:00:22  lr: 0.000132  min_lr: 0.000132  loss: 0.0000 (0.0000)  weight_decay: 0.0500 (0.0500)  grad_norm: 0.0047 (0.0053)  time: 0.6929  data: 0.0001  max mem: 32286
Epoch: [43]  [100/106]  eta: 0:00:07  lr: 0.000132  min_lr: 0.000132  loss: 0.0000 (0.0000)  weight_decay: 0.0500 (0.0500)  grad_norm: 0.0041 (0.0051)  time: 0.6942  data: 0.0001  max mem: 32286
Epoch: [43]  [105/106]  eta: 0:00:01  lr: 0.000132  min_lr: 0.000132  loss: 0.0000 (0.0000)  weight_decay: 0.0500 (0.0500)  grad_norm: 0.0049 (0.0052)  time: 0.6940  data: 0.0001  max mem: 32286
Epoch: [43] Total time: 0:02:19 (1.3143 s / it)
Averaged stats: lr: 0.000132  min_lr: 0.000132  loss: 0.0000 (0.0000)  weight_decay: 0.0500 (0.0500)  grad_norm: 0.0049 (0.0052)
Epoch: [44]  [  0/106]  eta: 1:53:11  lr: 0.000132  min_lr: 0.000132  loss: 0.0000 (0.0000)  weight_decay: 0.0500 (0.0500)  grad_norm: 0.0071 (0.0071)  time: 64.0680  data: 58.0484  max mem: 32286
Epoch: [44]  [ 10/106]  eta: 0:10:25  lr: 0.000132  min_lr: 0.000132  loss: 0.0000 (0.0000)  weight_decay: 0.0500 (0.0500)  grad_norm: 0.0065 (0.0067)  time: 6.5188  data: 5.2773  max mem: 32286
Epoch: [44]  [ 20/106]  eta: 0:05:22  lr: 0.000133  min_lr: 0.000133  loss: 0.0000 (0.0000)  weight_decay: 0.0500 (0.0500)  grad_norm: 0.0054 (0.0056)  time: 0.7297  data: 0.0002  max mem: 32286
Epoch: [44]  [ 30/106]  eta: 0:03:29  lr: 0.000133  min_lr: 0.000133  loss: 0.0000 (0.0000)  weight_decay: 0.0500 (0.0500)  grad_norm: 0.0048 (0.0056)  time: 0.6965  data: 0.0001  max mem: 32286
Epoch: [44]  [ 40/106]  eta: 0:02:29  lr: 0.000133  min_lr: 0.000133  loss: 0.0000 (0.0000)  weight_decay: 0.0500 (0.0500)  grad_norm: 0.0058 (0.0058)  time: 0.7256  data: 0.0001  max mem: 32286
Epoch: [44]  [ 50/106]  eta: 0:01:49  lr: 0.000133  min_lr: 0.000133  loss: 0.0000 (0.0000)  weight_decay: 0.0500 (0.0500)  grad_norm: 0.0051 (0.0055)  time: 0.7249  data: 0.0001  max mem: 32286
Epoch: [44]  [ 60/106]  eta: 0:01:20  lr: 0.000134  min_lr: 0.000134  loss: 0.0000 (0.0000)  weight_decay: 0.0500 (0.0500)  grad_norm: 0.0046 (0.0057)  time: 0.6939  data: 0.0001  max mem: 32286
Epoch: [44]  [ 70/106]  eta: 0:00:57  lr: 0.000134  min_lr: 0.000134  loss: 0.0000 (0.0000)  weight_decay: 0.0500 (0.0500)  grad_norm: 0.0051 (0.0056)  time: 0.6911  data: 0.0001  max mem: 32286
Epoch: [44]  [ 80/106]  eta: 0:00:39  lr: 0.000134  min_lr: 0.000134  loss: 0.0000 (0.0000)  weight_decay: 0.0500 (0.0500)  grad_norm: 0.0050 (0.0055)  time: 0.7575  data: 0.0001  max mem: 32286
Epoch: [44]  [ 90/106]  eta: 0:00:22  lr: 0.000135  min_lr: 0.000135  loss: 0.0000 (0.0000)  weight_decay: 0.0500 (0.0500)  grad_norm: 0.0041 (0.0053)  time: 0.7897  data: 0.0001  max mem: 32286
Epoch: [44]  [100/106]  eta: 0:00:08  lr: 0.000135  min_lr: 0.000135  loss: 0.0000 (0.0000)  weight_decay: 0.0500 (0.0500)  grad_norm: 0.0044 (0.0055)  time: 0.7246  data: 0.0001  max mem: 32286
Epoch: [44]  [105/106]  eta: 0:00:01  lr: 0.000135  min_lr: 0.000135  loss: 0.0000 (0.0000)  weight_decay: 0.0500 (0.0500)  grad_norm: 0.0062 (0.0055)  time: 0.6999  data: 0.0001  max mem: 32286
Epoch: [44] Total time: 0:02:21 (1.3324 s / it)
Averaged stats: lr: 0.000135  min_lr: 0.000135  loss: 0.0000 (0.0000)  weight_decay: 0.0500 (0.0500)  grad_norm: 0.0062 (0.0055)
Epoch: [45]  [  0/106]  eta: 1:52:13  lr: 0.000135  min_lr: 0.000135  loss: 0.0000 (0.0000)  weight_decay: 0.0500 (0.0500)  grad_norm: 0.0048 (0.0048)  time: 63.5217  data: 52.2667  max mem: 32286
Epoch: [45]  [ 10/106]  eta: 0:10:18  lr: 0.000135  min_lr: 0.000135  loss: 0.0000 (0.0000)  weight_decay: 0.0500 (0.0500)  grad_norm: 0.0040 (0.0039)  time: 6.4405  data: 4.7517  max mem: 32286
Epoch: [45]  [ 20/106]  eta: 0:05:19  lr: 0.000136  min_lr: 0.000136  loss: 0.0000 (0.0000)  weight_decay: 0.0500 (0.0500)  grad_norm: 0.0046 (0.0049)  time: 0.7274  data: 0.0001  max mem: 32286
Epoch: [45]  [ 30/106]  eta: 0:03:31  lr: 0.000136  min_lr: 0.000136  loss: 0.0000 (0.0000)  weight_decay: 0.0500 (0.0500)  grad_norm: 0.0057 (0.0050)  time: 0.7766  data: 0.0001  max mem: 32286
Epoch: [45]  [ 40/106]  eta: 0:02:30  lr: 0.000136  min_lr: 0.000136  loss: 0.0000 (0.0000)  weight_decay: 0.0500 (0.0500)  grad_norm: 0.0046 (0.0050)  time: 0.7849  data: 0.0002  max mem: 32286
Epoch: [45]  [ 50/106]  eta: 0:01:50  lr: 0.000136  min_lr: 0.000136  loss: 0.0000 (0.0000)  weight_decay: 0.0500 (0.0500)  grad_norm: 0.0048 (0.0049)  time: 0.7152  data: 0.0002  max mem: 32286
Epoch: [45]  [ 60/106]  eta: 0:01:21  lr: 0.000137  min_lr: 0.000137  loss: 0.0000 (0.0000)  weight_decay: 0.0500 (0.0500)  grad_norm: 0.0047 (0.0049)  time: 0.6910  data: 0.0002  max mem: 32286
Epoch: [45]  [ 70/106]  eta: 0:00:58  lr: 0.000137  min_lr: 0.000137  loss: 0.0000 (0.0000)  weight_decay: 0.0500 (0.0500)  grad_norm: 0.0054 (0.0051)  time: 0.6907  data: 0.0002  max mem: 32286
Epoch: [45]  [ 80/106]  eta: 0:00:38  lr: 0.000137  min_lr: 0.000137  loss: 0.0000 (0.0000)  weight_decay: 0.0500 (0.0500)  grad_norm: 0.0052 (0.0051)  time: 0.6909  data: 0.0002  max mem: 32286
Epoch: [45]  [ 90/106]  eta: 0:00:22  lr: 0.000138  min_lr: 0.000138  loss: 0.0000 (0.0000)  weight_decay: 0.0500 (0.0500)  grad_norm: 0.0048 (0.0051)  time: 0.7401  data: 0.0002  max mem: 32286
Epoch: [45]  [100/106]  eta: 0:00:08  lr: 0.000138  min_lr: 0.000138  loss: 0.0000 (0.0000)  weight_decay: 0.0500 (0.0500)  grad_norm: 0.0050 (0.0050)  time: 0.7643  data: 0.0002  max mem: 32286
Epoch: [45]  [105/106]  eta: 0:00:01  lr: 0.000138  min_lr: 0.000138  loss: 0.0000 (0.0000)  weight_decay: 0.0500 (0.0500)  grad_norm: 0.0050 (0.0050)  time: 0.7522  data: 0.0002  max mem: 32286
Epoch: [45] Total time: 0:02:21 (1.3337 s / it)
Averaged stats: lr: 0.000138  min_lr: 0.000138  loss: 0.0000 (0.0000)  weight_decay: 0.0500 (0.0500)  grad_norm: 0.0050 (0.0050)
Epoch: [46]  [  0/106]  eta: 1:52:01  lr: 0.000138  min_lr: 0.000138  loss: 0.0000 (0.0000)  weight_decay: 0.0500 (0.0500)  grad_norm: 0.0077 (0.0077)  time: 63.4075  data: 59.8345  max mem: 32286
Epoch: [46]  [ 10/106]  eta: 0:10:22  lr: 0.000138  min_lr: 0.000138  loss: 0.0000 (0.0000)  weight_decay: 0.0500 (0.0500)  grad_norm: 0.0091 (0.0096)  time: 6.4860  data: 5.4397  max mem: 32286
Epoch: [46]  [ 20/106]  eta: 0:05:21  lr: 0.000139  min_lr: 0.000139  loss: 0.0000 (0.0000)  weight_decay: 0.0500 (0.0500)  grad_norm: 0.0071 (0.0075)  time: 0.7582  data: 0.0002  max mem: 32286
Epoch: [46]  [ 30/106]  eta: 0:03:29  lr: 0.000139  min_lr: 0.000139  loss: 0.0000 (0.0000)  weight_decay: 0.0500 (0.0500)  grad_norm: 0.0033 (0.0060)  time: 0.7065  data: 0.0001  max mem: 32286
Epoch: [46]  [ 40/106]  eta: 0:02:28  lr: 0.000139  min_lr: 0.000139  loss: 0.0000 (0.0000)  weight_decay: 0.0500 (0.0500)  grad_norm: 0.0023 (0.0051)  time: 0.6919  data: 0.0001  max mem: 32286
Epoch: [46]  [ 50/106]  eta: 0:01:49  lr: 0.000139  min_lr: 0.000139  loss: 0.0000 (0.0000)  weight_decay: 0.0500 (0.0500)  grad_norm: 0.0024 (0.0054)  time: 0.6924  data: 0.0001  max mem: 32286
Epoch: [46]  [ 60/106]  eta: 0:01:20  lr: 0.000140  min_lr: 0.000140  loss: 0.0000 (0.0000)  weight_decay: 0.0500 (0.0500)  grad_norm: 0.0057 (0.0055)  time: 0.6913  data: 0.0001  max mem: 32286
Epoch: [46]  [ 70/106]  eta: 0:00:57  lr: 0.000140  min_lr: 0.000140  loss: 0.0000 (0.0000)  weight_decay: 0.0500 (0.0500)  grad_norm: 0.0049 (0.0053)  time: 0.6915  data: 0.0001  max mem: 32286
Epoch: [46]  [ 80/106]  eta: 0:00:38  lr: 0.000140  min_lr: 0.000140  loss: 0.0000 (0.0000)  weight_decay: 0.0500 (0.0500)  grad_norm: 0.0038 (0.0051)  time: 0.6917  data: 0.0001  max mem: 32286
Epoch: [46]  [ 90/106]  eta: 0:00:22  lr: 0.000141  min_lr: 0.000141  loss: 0.0000 (0.0000)  weight_decay: 0.0500 (0.0500)  grad_norm: 0.0052 (0.0053)  time: 0.6905  data: 0.0001  max mem: 32286
Epoch: [46]  [100/106]  eta: 0:00:07  lr: 0.000141  min_lr: 0.000141  loss: 0.0000 (0.0000)  weight_decay: 0.0500 (0.0500)  grad_norm: 0.0053 (0.0052)  time: 0.6906  data: 0.0001  max mem: 32286
Epoch: [46]  [105/106]  eta: 0:00:01  lr: 0.000141  min_lr: 0.000141  loss: 0.0000 (0.0000)  weight_decay: 0.0500 (0.0500)  grad_norm: 0.0050 (0.0052)  time: 0.6907  data: 0.0001  max mem: 32286
Epoch: [46] Total time: 0:02:18 (1.3071 s / it)
Averaged stats: lr: 0.000141  min_lr: 0.000141  loss: 0.0000 (0.0000)  weight_decay: 0.0500 (0.0500)  grad_norm: 0.0050 (0.0052)
Epoch: [47]  [  0/106]  eta: 1:51:48  lr: 0.000141  min_lr: 0.000141  loss: 0.0000 (0.0000)  weight_decay: 0.0500 (0.0500)  grad_norm: 0.0034 (0.0034)  time: 63.2864  data: 61.8429  max mem: 32286
Epoch: [47]  [ 10/106]  eta: 0:10:17  lr: 0.000141  min_lr: 0.000141  loss: 0.0000 (0.0000)  weight_decay: 0.0500 (0.0500)  grad_norm: 0.0035 (0.0036)  time: 6.4354  data: 5.6223  max mem: 32286
Epoch: [47]  [ 20/106]  eta: 0:05:19  lr: 0.000142  min_lr: 0.000142  loss: 0.0000 (0.0000)  weight_decay: 0.0500 (0.0500)  grad_norm: 0.0042 (0.0047)  time: 0.7424  data: 0.0002  max mem: 32286
Epoch: [47]  [ 30/106]  eta: 0:03:29  lr: 0.000142  min_lr: 0.000142  loss: 0.0000 (0.0000)  weight_decay: 0.0500 (0.0500)  grad_norm: 0.0050 (0.0047)  time: 0.7254  data: 0.0002  max mem: 32286
Epoch: [47]  [ 40/106]  eta: 0:02:28  lr: 0.000142  min_lr: 0.000142  loss: 0.0000 (0.0000)  weight_decay: 0.0500 (0.0500)  grad_norm: 0.0046 (0.0047)  time: 0.7049  data: 0.0002  max mem: 32286
Epoch: [47]  [ 50/106]  eta: 0:01:48  lr: 0.000142  min_lr: 0.000142  loss: 0.0000 (0.0000)  weight_decay: 0.0500 (0.0500)  grad_norm: 0.0058 (0.0053)  time: 0.6929  data: 0.0001  max mem: 32286
Epoch: [47]  [ 60/106]  eta: 0:01:19  lr: 0.000143  min_lr: 0.000143  loss: 0.0000 (0.0000)  weight_decay: 0.0500 (0.0500)  grad_norm: 0.0063 (0.0053)  time: 0.6923  data: 0.0001  max mem: 32286
Epoch: [47]  [ 70/106]  eta: 0:00:57  lr: 0.000143  min_lr: 0.000143  loss: 0.0000 (0.0000)  weight_decay: 0.0500 (0.0500)  grad_norm: 0.0036 (0.0050)  time: 0.6927  data: 0.0001  max mem: 32286
Epoch: [47]  [ 80/106]  eta: 0:00:38  lr: 0.000143  min_lr: 0.000143  loss: 0.0000 (0.0000)  weight_decay: 0.0500 (0.0500)  grad_norm: 0.0034 (0.0049)  time: 0.6912  data: 0.0001  max mem: 32286
Epoch: [47]  [ 90/106]  eta: 0:00:22  lr: 0.000144  min_lr: 0.000144  loss: 0.0000 (0.0000)  weight_decay: 0.0500 (0.0500)  grad_norm: 0.0048 (0.0050)  time: 0.6892  data: 0.0001  max mem: 32286
Epoch: [47]  [100/106]  eta: 0:00:07  lr: 0.000144  min_lr: 0.000144  loss: 0.0000 (0.0000)  weight_decay: 0.0500 (0.0500)  grad_norm: 0.0061 (0.0051)  time: 0.6900  data: 0.0001  max mem: 32286
Epoch: [47]  [105/106]  eta: 0:00:01  lr: 0.000144  min_lr: 0.000144  loss: 0.0000 (0.0000)  weight_decay: 0.0500 (0.0500)  grad_norm: 0.0052 (0.0051)  time: 0.6910  data: 0.0001  max mem: 32286
Epoch: [47] Total time: 0:02:18 (1.3058 s / it)
Averaged stats: lr: 0.000144  min_lr: 0.000144  loss: 0.0000 (0.0000)  weight_decay: 0.0500 (0.0500)  grad_norm: 0.0052 (0.0051)
Epoch: [48]  [  0/106]  eta: 1:53:34  lr: 0.000144  min_lr: 0.000144  loss: 0.0000 (0.0000)  weight_decay: 0.0500 (0.0500)  grad_norm: 0.0042 (0.0042)  time: 64.2894  data: 56.9104  max mem: 32286
Epoch: [48]  [ 10/106]  eta: 0:10:26  lr: 0.000144  min_lr: 0.000144  loss: 0.0000 (0.0000)  weight_decay: 0.0500 (0.0500)  grad_norm: 0.0042 (0.0042)  time: 6.5294  data: 5.1738  max mem: 32286
Epoch: [48]  [ 20/106]  eta: 0:05:22  lr: 0.000145  min_lr: 0.000145  loss: 0.0000 (0.0000)  weight_decay: 0.0500 (0.0500)  grad_norm: 0.0041 (0.0041)  time: 0.7251  data: 0.0002  max mem: 32286
Epoch: [48]  [ 30/106]  eta: 0:03:30  lr: 0.000145  min_lr: 0.000145  loss: 0.0000 (0.0000)  weight_decay: 0.0500 (0.0500)  grad_norm: 0.0051 (0.0053)  time: 0.6959  data: 0.0002  max mem: 32286
Epoch: [48]  [ 40/106]  eta: 0:02:29  lr: 0.000145  min_lr: 0.000145  loss: 0.0000 (0.0000)  weight_decay: 0.0500 (0.0500)  grad_norm: 0.0059 (0.0055)  time: 0.6942  data: 0.0002  max mem: 32286
Epoch: [48]  [ 50/106]  eta: 0:01:49  lr: 0.000145  min_lr: 0.000145  loss: 0.0000 (0.0000)  weight_decay: 0.0500 (0.0500)  grad_norm: 0.0044 (0.0050)  time: 0.6925  data: 0.0001  max mem: 32286
Epoch: [48]  [ 60/106]  eta: 0:01:20  lr: 0.000146  min_lr: 0.000146  loss: 0.0000 (0.0000)  weight_decay: 0.0500 (0.0500)  grad_norm: 0.0029 (0.0047)  time: 0.6909  data: 0.0001  max mem: 32286
Epoch: [48]  [ 70/106]  eta: 0:00:57  lr: 0.000146  min_lr: 0.000146  loss: 0.0000 (0.0000)  weight_decay: 0.0500 (0.0500)  grad_norm: 0.0032 (0.0050)  time: 0.6898  data: 0.0001  max mem: 32286
Epoch: [48]  [ 80/106]  eta: 0:00:38  lr: 0.000146  min_lr: 0.000146  loss: 0.0000 (0.0000)  weight_decay: 0.0500 (0.0500)  grad_norm: 0.0057 (0.0051)  time: 0.7055  data: 0.0001  max mem: 32286
Epoch: [48]  [ 90/106]  eta: 0:00:22  lr: 0.000147  min_lr: 0.000147  loss: 0.0000 (0.0000)  weight_decay: 0.0500 (0.0500)  grad_norm: 0.0040 (0.0049)  time: 0.7065  data: 0.0001  max mem: 32286
Epoch: [48]  [100/106]  eta: 0:00:07  lr: 0.000147  min_lr: 0.000147  loss: 0.0000 (0.0000)  weight_decay: 0.0500 (0.0500)  grad_norm: 0.0032 (0.0047)  time: 0.6905  data: 0.0001  max mem: 32286
Epoch: [48]  [105/106]  eta: 0:00:01  lr: 0.000147  min_lr: 0.000147  loss: 0.0000 (0.0000)  weight_decay: 0.0500 (0.0500)  grad_norm: 0.0034 (0.0048)  time: 0.6893  data: 0.0001  max mem: 32286
Epoch: [48] Total time: 0:02:19 (1.3116 s / it)
Averaged stats: lr: 0.000147  min_lr: 0.000147  loss: 0.0000 (0.0000)  weight_decay: 0.0500 (0.0500)  grad_norm: 0.0034 (0.0048)
Epoch: [49]  [  0/106]  eta: 1:52:37  lr: 0.000147  min_lr: 0.000147  loss: 0.0000 (0.0000)  weight_decay: 0.0500 (0.0500)  grad_norm: 0.0035 (0.0035)  time: 63.7491  data: 54.0748  max mem: 32286
Epoch: [49]  [ 10/106]  eta: 0:10:18  lr: 0.000147  min_lr: 0.000147  loss: 0.0000 (0.0000)  weight_decay: 0.0500 (0.0500)  grad_norm: 0.0061 (0.0056)  time: 6.4427  data: 4.9160  max mem: 32286
Epoch: [49]  [ 20/106]  eta: 0:05:18  lr: 0.000148  min_lr: 0.000148  loss: 0.0000 (0.0000)  weight_decay: 0.0500 (0.0500)  grad_norm: 0.0053 (0.0053)  time: 0.7044  data: 0.0001  max mem: 32286
Epoch: [49]  [ 30/106]  eta: 0:03:27  lr: 0.000148  min_lr: 0.000148  loss: 0.0000 (0.0000)  weight_decay: 0.0500 (0.0500)  grad_norm: 0.0039 (0.0048)  time: 0.6948  data: 0.0001  max mem: 32286
Epoch: [49]  [ 40/106]  eta: 0:02:27  lr: 0.000148  min_lr: 0.000148  loss: 0.0000 (0.0000)  weight_decay: 0.0500 (0.0500)  grad_norm: 0.0040 (0.0047)  time: 0.6931  data: 0.0001  max mem: 32286
Epoch: [49]  [ 50/106]  eta: 0:01:48  lr: 0.000148  min_lr: 0.000148  loss: 0.0000 (0.0000)  weight_decay: 0.0500 (0.0500)  grad_norm: 0.0050 (0.0050)  time: 0.6927  data: 0.0001  max mem: 32286
Epoch: [49]  [ 60/106]  eta: 0:01:19  lr: 0.000149  min_lr: 0.000149  loss: 0.0000 (0.0000)  weight_decay: 0.0500 (0.0500)  grad_norm: 0.0063 (0.0052)  time: 0.6914  data: 0.0001  max mem: 32286
Epoch: [49]  [ 70/106]  eta: 0:00:57  lr: 0.000149  min_lr: 0.000149  loss: 0.0000 (0.0000)  weight_decay: 0.0500 (0.0500)  grad_norm: 0.0051 (0.0052)  time: 0.6908  data: 0.0001  max mem: 32286
Epoch: [49]  [ 80/106]  eta: 0:00:38  lr: 0.000149  min_lr: 0.000149  loss: 0.0000 (0.0000)  weight_decay: 0.0500 (0.0500)  grad_norm: 0.0042 (0.0050)  time: 0.6902  data: 0.0001  max mem: 32286
Epoch: [49]  [ 90/106]  eta: 0:00:22  lr: 0.000150  min_lr: 0.000150  loss: 0.0000 (0.0000)  weight_decay: 0.0500 (0.0500)  grad_norm: 0.0035 (0.0049)  time: 0.6895  data: 0.0001  max mem: 32286
Epoch: [49]  [100/106]  eta: 0:00:07  lr: 0.000150  min_lr: 0.000150  loss: 0.0000 (0.0000)  weight_decay: 0.0500 (0.0500)  grad_norm: 0.0048 (0.0050)  time: 0.6906  data: 0.0001  max mem: 32286
Epoch: [49]  [105/106]  eta: 0:00:01  lr: 0.000150  min_lr: 0.000150  loss: 0.0000 (0.0000)  weight_decay: 0.0500 (0.0500)  grad_norm: 0.0050 (0.0050)  time: 0.6909  data: 0.0001  max mem: 32286
Epoch: [49] Total time: 0:02:17 (1.2991 s / it)
Averaged stats: lr: 0.000150  min_lr: 0.000150  loss: 0.0000 (0.0000)  weight_decay: 0.0500 (0.0500)  grad_norm: 0.0050 (0.0050)
Epoch: [50]  [  0/106]  eta: 1:54:25  lr: 0.000150  min_lr: 0.000150  loss: 0.0000 (0.0000)  weight_decay: 0.0500 (0.0500)  grad_norm: 0.0053 (0.0053)  time: 64.7724  data: 59.5931  max mem: 32286
Epoch: [50]  [ 10/106]  eta: 0:10:33  lr: 0.000150  min_lr: 0.000150  loss: 0.0000 (0.0000)  weight_decay: 0.0500 (0.0500)  grad_norm: 0.0045 (0.0045)  time: 6.6027  data: 5.4177  max mem: 32286
Epoch: [50]  [ 20/106]  eta: 0:05:26  lr: 0.000150  min_lr: 0.000150  loss: 0.0000 (0.0000)  weight_decay: 0.0500 (0.0500)  grad_norm: 0.0045 (0.0045)  time: 0.7432  data: 0.0002  max mem: 32286
Epoch: [50]  [ 30/106]  eta: 0:03:32  lr: 0.000150  min_lr: 0.000150  loss: 0.0000 (0.0000)  weight_decay: 0.0500 (0.0500)  grad_norm: 0.0052 (0.0048)  time: 0.7077  data: 0.0002  max mem: 32286
Epoch: [50]  [ 40/106]  eta: 0:02:30  lr: 0.000150  min_lr: 0.000150  loss: 0.0000 (0.0000)  weight_decay: 0.0500 (0.0500)  grad_norm: 0.0053 (0.0050)  time: 0.7037  data: 0.0002  max mem: 32286
Epoch: [50]  [ 50/106]  eta: 0:01:50  lr: 0.000150  min_lr: 0.000150  loss: 0.0000 (0.0000)  weight_decay: 0.0500 (0.0500)  grad_norm: 0.0052 (0.0049)  time: 0.6913  data: 0.0001  max mem: 32286
Epoch: [50]  [ 60/106]  eta: 0:01:21  lr: 0.000150  min_lr: 0.000150  loss: 0.0000 (0.0000)  weight_decay: 0.0500 (0.0500)  grad_norm: 0.0043 (0.0049)  time: 0.6900  data: 0.0001  max mem: 32286
Epoch: [50]  [ 70/106]  eta: 0:00:58  lr: 0.000150  min_lr: 0.000150  loss: 0.0000 (0.0000)  weight_decay: 0.0500 (0.0500)  grad_norm: 0.0043 (0.0048)  time: 0.6916  data: 0.0001  max mem: 32286
Epoch: [50]  [ 80/106]  eta: 0:00:38  lr: 0.000150  min_lr: 0.000150  loss: 0.0000 (0.0000)  weight_decay: 0.0500 (0.0500)  grad_norm: 0.0042 (0.0047)  time: 0.6913  data: 0.0001  max mem: 32286
Epoch: [50]  [ 90/106]  eta: 0:00:22  lr: 0.000150  min_lr: 0.000150  loss: 0.0000 (0.0000)  weight_decay: 0.0500 (0.0500)  grad_norm: 0.0052 (0.0050)  time: 0.6891  data: 0.0001  max mem: 32286
Epoch: [50]  [100/106]  eta: 0:00:08  lr: 0.000150  min_lr: 0.000150  loss: 0.0000 (0.0000)  weight_decay: 0.0500 (0.0500)  grad_norm: 0.0059 (0.0049)  time: 0.6913  data: 0.0001  max mem: 32286
Epoch: [50]  [105/106]  eta: 0:00:01  lr: 0.000150  min_lr: 0.000150  loss: 0.0000 (0.0000)  weight_decay: 0.0500 (0.0500)  grad_norm: 0.0040 (0.0048)  time: 0.6922  data: 0.0001  max mem: 32286
Epoch: [50] Total time: 0:02:19 (1.3180 s / it)
Averaged stats: lr: 0.000150  min_lr: 0.000150  loss: 0.0000 (0.0000)  weight_decay: 0.0500 (0.0500)  grad_norm: 0.0040 (0.0048)
[Eval]   [0/2]  eta: 0:00:49  loss: 0.0000 (0.0000)  time: 24.7843  data: 24.5426  max mem: 32286
[Eval]   [1/2]  eta: 0:00:12  loss: 0.0000 (0.0000)  time: 12.4116  data: 12.2714  max mem: 32286
[Eval]  Total time: 0:00:25 (12.5340 s / it)
Eval averaged stats: loss: 0.0000 (0.0000)
Logged 9 eval images
Epoch: [51]  [  0/106]  eta: 1:49:05  lr: 0.000150  min_lr: 0.000150  loss: 0.0000 (0.0000)  weight_decay: 0.0500 (0.0500)  grad_norm: 0.0032 (0.0032)  time: 61.7475  data: 60.9845  max mem: 32286
Epoch: [51]  [ 10/106]  eta: 0:10:00  lr: 0.000150  min_lr: 0.000150  loss: 0.0000 (0.0000)  weight_decay: 0.0500 (0.0500)  grad_norm: 0.0046 (0.0052)  time: 6.2597  data: 5.5442  max mem: 32286
Epoch: [51]  [ 20/106]  eta: 0:05:10  lr: 0.000150  min_lr: 0.000150  loss: 0.0000 (0.0000)  weight_decay: 0.0500 (0.0500)  grad_norm: 0.0044 (0.0049)  time: 0.7053  data: 0.0002  max mem: 32286
Epoch: [51]  [ 30/106]  eta: 0:03:22  lr: 0.000150  min_lr: 0.000150  loss: 0.0000 (0.0000)  weight_decay: 0.0500 (0.0500)  grad_norm: 0.0044 (0.0049)  time: 0.6958  data: 0.0002  max mem: 32286
Epoch: [51]  [ 40/106]  eta: 0:02:24  lr: 0.000150  min_lr: 0.000150  loss: 0.0000 (0.0000)  weight_decay: 0.0500 (0.0500)  grad_norm: 0.0047 (0.0048)  time: 0.6925  data: 0.0001  max mem: 32286
Epoch: [51]  [ 50/106]  eta: 0:01:46  lr: 0.000150  min_lr: 0.000150  loss: 0.0000 (0.0000)  weight_decay: 0.0500 (0.0500)  grad_norm: 0.0041 (0.0047)  time: 0.6919  data: 0.0001  max mem: 32286
Epoch: [51]  [ 60/106]  eta: 0:01:18  lr: 0.000150  min_lr: 0.000150  loss: 0.0000 (0.0000)  weight_decay: 0.0500 (0.0500)  grad_norm: 0.0043 (0.0047)  time: 0.6902  data: 0.0001  max mem: 32286
Epoch: [51]  [ 70/106]  eta: 0:00:56  lr: 0.000150  min_lr: 0.000150  loss: 0.0000 (0.0000)  weight_decay: 0.0500 (0.0500)  grad_norm: 0.0041 (0.0046)  time: 0.6934  data: 0.0001  max mem: 32286
Epoch: [51]  [ 80/106]  eta: 0:00:38  lr: 0.000150  min_lr: 0.000150  loss: 0.0000 (0.0000)  weight_decay: 0.0500 (0.0500)  grad_norm: 0.0038 (0.0046)  time: 0.7796  data: 0.0001  max mem: 32286
Epoch: [51]  [ 90/106]  eta: 0:00:22  lr: 0.000150  min_lr: 0.000150  loss: 0.0000 (0.0000)  weight_decay: 0.0500 (0.0500)  grad_norm: 0.0049 (0.0048)  time: 0.7994  data: 0.0001  max mem: 32286
Epoch: [51]  [100/106]  eta: 0:00:07  lr: 0.000150  min_lr: 0.000150  loss: 0.0000 (0.0000)  weight_decay: 0.0500 (0.0500)  grad_norm: 0.0043 (0.0047)  time: 0.7198  data: 0.0001  max mem: 32286
Epoch: [51]  [105/106]  eta: 0:00:01  lr: 0.000150  min_lr: 0.000150  loss: 0.0000 (0.0000)  weight_decay: 0.0500 (0.0500)  grad_norm: 0.0038 (0.0046)  time: 0.7070  data: 0.0001  max mem: 32286
Epoch: [51] Total time: 0:02:18 (1.3032 s / it)
Averaged stats: lr: 0.000150  min_lr: 0.000150  loss: 0.0000 (0.0000)  weight_decay: 0.0500 (0.0500)  grad_norm: 0.0038 (0.0046)
Epoch: [52]  [  0/106]  eta: 1:55:13  lr: 0.000150  min_lr: 0.000150  loss: 0.0000 (0.0000)  weight_decay: 0.0500 (0.0500)  grad_norm: 0.0032 (0.0032)  time: 65.2233  data: 51.2367  max mem: 32286
Epoch: [52]  [ 10/106]  eta: 0:10:40  lr: 0.000150  min_lr: 0.000150  loss: 0.0000 (0.0000)  weight_decay: 0.0500 (0.0500)  grad_norm: 0.0046 (0.0049)  time: 6.6675  data: 4.6580  max mem: 32286
Epoch: [52]  [ 20/106]  eta: 0:05:31  lr: 0.000150  min_lr: 0.000150  loss: 0.0000 (0.0000)  weight_decay: 0.0500 (0.0500)  grad_norm: 0.0054 (0.0053)  time: 0.7886  data: 0.0002  max mem: 32286
Epoch: [52]  [ 30/106]  eta: 0:03:36  lr: 0.000150  min_lr: 0.000150  loss: 0.0000 (0.0000)  weight_decay: 0.0500 (0.0500)  grad_norm: 0.0051 (0.0050)  time: 0.7410  data: 0.0001  max mem: 32286
Epoch: [52]  [ 40/106]  eta: 0:02:33  lr: 0.000150  min_lr: 0.000150  loss: 0.0000 (0.0000)  weight_decay: 0.0500 (0.0500)  grad_norm: 0.0037 (0.0046)  time: 0.7076  data: 0.0001  max mem: 32286
Epoch: [52]  [ 50/106]  eta: 0:01:52  lr: 0.000150  min_lr: 0.000150  loss: 0.0000 (0.0000)  weight_decay: 0.0500 (0.0500)  grad_norm: 0.0036 (0.0046)  time: 0.6971  data: 0.0001  max mem: 32286
Epoch: [52]  [ 60/106]  eta: 0:01:22  lr: 0.000150  min_lr: 0.000150  loss: 0.0000 (0.0000)  weight_decay: 0.0500 (0.0500)  grad_norm: 0.0036 (0.0044)  time: 0.6935  data: 0.0001  max mem: 32286
Epoch: [52]  [ 70/106]  eta: 0:00:58  lr: 0.000150  min_lr: 0.000150  loss: 0.0000 (0.0000)  weight_decay: 0.0500 (0.0500)  grad_norm: 0.0035 (0.0046)  time: 0.6913  data: 0.0001  max mem: 32286
Epoch: [52]  [ 80/106]  eta: 0:00:39  lr: 0.000150  min_lr: 0.000150  loss: 0.0000 (0.0000)  weight_decay: 0.0500 (0.0500)  grad_norm: 0.0053 (0.0048)  time: 0.6917  data: 0.0001  max mem: 32286
Epoch: [52]  [ 90/106]  eta: 0:00:22  lr: 0.000150  min_lr: 0.000150  loss: 0.0000 (0.0000)  weight_decay: 0.0500 (0.0500)  grad_norm: 0.0046 (0.0047)  time: 0.6922  data: 0.0001  max mem: 32286
Epoch: [52]  [100/106]  eta: 0:00:08  lr: 0.000150  min_lr: 0.000150  loss: 0.0000 (0.0000)  weight_decay: 0.0500 (0.0500)  grad_norm: 0.0042 (0.0047)  time: 0.6898  data: 0.0001  max mem: 32286
Epoch: [52]  [105/106]  eta: 0:00:01  lr: 0.000150  min_lr: 0.000150  loss: 0.0000 (0.0000)  weight_decay: 0.0500 (0.0500)  grad_norm: 0.0040 (0.0047)  time: 0.6879  data: 0.0001  max mem: 32286
Epoch: [52] Total time: 0:02:21 (1.3324 s / it)
Averaged stats: lr: 0.000150  min_lr: 0.000150  loss: 0.0000 (0.0000)  weight_decay: 0.0500 (0.0500)  grad_norm: 0.0040 (0.0047)
Epoch: [53]  [  0/106]  eta: 1:53:04  lr: 0.000150  min_lr: 0.000150  loss: 0.0000 (0.0000)  weight_decay: 0.0500 (0.0500)  grad_norm: 0.0034 (0.0034)  time: 64.0037  data: 55.2315  max mem: 32286
Epoch: [53]  [ 10/106]  eta: 0:10:31  lr: 0.000150  min_lr: 0.000150  loss: 0.0000 (0.0000)  weight_decay: 0.0500 (0.0500)  grad_norm: 0.0038 (0.0034)  time: 6.5820  data: 5.0212  max mem: 32286
Epoch: [53]  [ 20/106]  eta: 0:05:28  lr: 0.000150  min_lr: 0.000150  loss: 0.0000 (0.0000)  weight_decay: 0.0500 (0.0500)  grad_norm: 0.0038 (0.0035)  time: 0.8056  data: 0.0002  max mem: 32286
Epoch: [53]  [ 30/106]  eta: 0:03:34  lr: 0.000150  min_lr: 0.000150  loss: 0.0000 (0.0000)  weight_decay: 0.0500 (0.0500)  grad_norm: 0.0041 (0.0042)  time: 0.7446  data: 0.0002  max mem: 32286
Epoch: [53]  [ 40/106]  eta: 0:02:31  lr: 0.000150  min_lr: 0.000150  loss: 0.0000 (0.0000)  weight_decay: 0.0500 (0.0500)  grad_norm: 0.0044 (0.0041)  time: 0.7076  data: 0.0001  max mem: 32286
Epoch: [53]  [ 50/106]  eta: 0:01:51  lr: 0.000150  min_lr: 0.000150  loss: 0.0000 (0.0000)  weight_decay: 0.0500 (0.0500)  grad_norm: 0.0034 (0.0040)  time: 0.6961  data: 0.0001  max mem: 32286
Epoch: [53]  [ 60/106]  eta: 0:01:21  lr: 0.000150  min_lr: 0.000150  loss: 0.0000 (0.0000)  weight_decay: 0.0500 (0.0500)  grad_norm: 0.0040 (0.0043)  time: 0.6910  data: 0.0002  max mem: 32286
Epoch: [53]  [ 70/106]  eta: 0:00:58  lr: 0.000150  min_lr: 0.000150  loss: 0.0000 (0.0000)  weight_decay: 0.0500 (0.0500)  grad_norm: 0.0044 (0.0043)  time: 0.6870  data: 0.0002  max mem: 32286
Epoch: [53]  [ 80/106]  eta: 0:00:39  lr: 0.000150  min_lr: 0.000150  loss: 0.0000 (0.0000)  weight_decay: 0.0500 (0.0500)  grad_norm: 0.0044 (0.0044)  time: 0.6873  data: 0.0001  max mem: 32286
Epoch: [53]  [ 90/106]  eta: 0:00:22  lr: 0.000150  min_lr: 0.000150  loss: 0.0000 (0.0000)  weight_decay: 0.0500 (0.0500)  grad_norm: 0.0039 (0.0043)  time: 0.6877  data: 0.0001  max mem: 32286
Epoch: [53]  [100/106]  eta: 0:00:08  lr: 0.000150  min_lr: 0.000150  loss: 0.0000 (0.0000)  weight_decay: 0.0500 (0.0500)  grad_norm: 0.0034 (0.0042)  time: 0.6873  data: 0.0001  max mem: 32286
Epoch: [53]  [105/106]  eta: 0:00:01  lr: 0.000150  min_lr: 0.000150  loss: 0.0000 (0.0000)  weight_decay: 0.0500 (0.0500)  grad_norm: 0.0033 (0.0041)  time: 0.6872  data: 0.0001  max mem: 32286
Epoch: [53] Total time: 0:02:20 (1.3222 s / it)
Averaged stats: lr: 0.000150  min_lr: 0.000150  loss: 0.0000 (0.0000)  weight_decay: 0.0500 (0.0500)  grad_norm: 0.0033 (0.0041)
Epoch: [54]  [  0/106]  eta: 1:55:26  lr: 0.000150  min_lr: 0.000150  loss: 0.0000 (0.0000)  weight_decay: 0.0500 (0.0500)  grad_norm: 0.0042 (0.0042)  time: 65.3416  data: 54.4185  max mem: 32286
Epoch: [54]  [ 10/106]  eta: 0:10:37  lr: 0.000150  min_lr: 0.000150  loss: 0.0000 (0.0000)  weight_decay: 0.0500 (0.0500)  grad_norm: 0.0059 (0.0058)  time: 6.6392  data: 4.9473  max mem: 32286
Epoch: [54]  [ 20/106]  eta: 0:05:30  lr: 0.000150  min_lr: 0.000150  loss: 0.0000 (0.0000)  weight_decay: 0.0500 (0.0500)  grad_norm: 0.0050 (0.0054)  time: 0.7621  data: 0.0002  max mem: 32286
Epoch: [54]  [ 30/106]  eta: 0:03:34  lr: 0.000150  min_lr: 0.000150  loss: 0.0000 (0.0000)  weight_decay: 0.0500 (0.0500)  grad_norm: 0.0044 (0.0048)  time: 0.7275  data: 0.0001  max mem: 32286
Epoch: [54]  [ 40/106]  eta: 0:02:32  lr: 0.000150  min_lr: 0.000150  loss: 0.0000 (0.0000)  weight_decay: 0.0500 (0.0500)  grad_norm: 0.0038 (0.0046)  time: 0.6953  data: 0.0002  max mem: 32286
Epoch: [54]  [ 50/106]  eta: 0:01:51  lr: 0.000150  min_lr: 0.000150  loss: 0.0000 (0.0000)  weight_decay: 0.0500 (0.0500)  grad_norm: 0.0045 (0.0047)  time: 0.6906  data: 0.0002  max mem: 32286
Epoch: [54]  [ 60/106]  eta: 0:01:21  lr: 0.000150  min_lr: 0.000150  loss: 0.0000 (0.0000)  weight_decay: 0.0500 (0.0500)  grad_norm: 0.0048 (0.0047)  time: 0.6901  data: 0.0001  max mem: 32286
Epoch: [54]  [ 70/106]  eta: 0:00:58  lr: 0.000150  min_lr: 0.000150  loss: 0.0000 (0.0000)  weight_decay: 0.0500 (0.0500)  grad_norm: 0.0047 (0.0048)  time: 0.6901  data: 0.0001  max mem: 32286
Epoch: [54]  [ 80/106]  eta: 0:00:39  lr: 0.000150  min_lr: 0.000150  loss: 0.0000 (0.0000)  weight_decay: 0.0500 (0.0500)  grad_norm: 0.0043 (0.0047)  time: 0.6900  data: 0.0001  max mem: 32286
Epoch: [54]  [ 90/106]  eta: 0:00:22  lr: 0.000150  min_lr: 0.000150  loss: 0.0000 (0.0000)  weight_decay: 0.0500 (0.0500)  grad_norm: 0.0038 (0.0046)  time: 0.6888  data: 0.0001  max mem: 32286
Epoch: [54]  [100/106]  eta: 0:00:08  lr: 0.000150  min_lr: 0.000150  loss: 0.0000 (0.0000)  weight_decay: 0.0500 (0.0500)  grad_norm: 0.0043 (0.0047)  time: 0.6885  data: 0.0001  max mem: 32286
Epoch: [54]  [105/106]  eta: 0:00:01  lr: 0.000150  min_lr: 0.000150  loss: 0.0000 (0.0000)  weight_decay: 0.0500 (0.0500)  grad_norm: 0.0044 (0.0046)  time: 0.6888  data: 0.0001  max mem: 32286
Epoch: [54] Total time: 0:02:20 (1.3252 s / it)
Averaged stats: lr: 0.000150  min_lr: 0.000150  loss: 0.0000 (0.0000)  weight_decay: 0.0500 (0.0500)  grad_norm: 0.0044 (0.0046)
Epoch: [55]  [  0/106]  eta: 1:53:58  lr: 0.000150  min_lr: 0.000150  loss: 0.0000 (0.0000)  weight_decay: 0.0500 (0.0500)  grad_norm: 0.0038 (0.0038)  time: 64.5143  data: 46.9159  max mem: 32286
Epoch: [55]  [ 10/106]  eta: 0:10:24  lr: 0.000150  min_lr: 0.000150  loss: 0.0000 (0.0000)  weight_decay: 0.0500 (0.0500)  grad_norm: 0.0037 (0.0037)  time: 6.5031  data: 4.2652  max mem: 32286
Epoch: [55]  [ 20/106]  eta: 0:05:21  lr: 0.000150  min_lr: 0.000150  loss: 0.0000 (0.0000)  weight_decay: 0.0500 (0.0500)  grad_norm: 0.0040 (0.0042)  time: 0.6980  data: 0.0002  max mem: 32286
Epoch: [55]  [ 30/106]  eta: 0:03:29  lr: 0.000150  min_lr: 0.000150  loss: 0.0000 (0.0000)  weight_decay: 0.0500 (0.0500)  grad_norm: 0.0040 (0.0040)  time: 0.6941  data: 0.0001  max mem: 32286
Epoch: [55]  [ 40/106]  eta: 0:02:28  lr: 0.000150  min_lr: 0.000150  loss: 0.0000 (0.0000)  weight_decay: 0.0500 (0.0500)  grad_norm: 0.0036 (0.0039)  time: 0.6923  data: 0.0001  max mem: 32286
Epoch: [55]  [ 50/106]  eta: 0:01:48  lr: 0.000150  min_lr: 0.000150  loss: 0.0000 (0.0000)  weight_decay: 0.0500 (0.0500)  grad_norm: 0.0040 (0.0040)  time: 0.6906  data: 0.0001  max mem: 32286
Epoch: [55]  [ 60/106]  eta: 0:01:20  lr: 0.000150  min_lr: 0.000150  loss: 0.0000 (0.0000)  weight_decay: 0.0500 (0.0500)  grad_norm: 0.0045 (0.0041)  time: 0.6917  data: 0.0001  max mem: 32286
Epoch: [55]  [ 70/106]  eta: 0:00:57  lr: 0.000150  min_lr: 0.000150  loss: 0.0000 (0.0000)  weight_decay: 0.0500 (0.0500)  grad_norm: 0.0041 (0.0041)  time: 0.6916  data: 0.0001  max mem: 32286
Epoch: [55]  [ 80/106]  eta: 0:00:38  lr: 0.000150  min_lr: 0.000150  loss: 0.0000 (0.0000)  weight_decay: 0.0500 (0.0500)  grad_norm: 0.0041 (0.0042)  time: 0.6897  data: 0.0001  max mem: 32286
Epoch: [55]  [ 90/106]  eta: 0:00:22  lr: 0.000150  min_lr: 0.000150  loss: 0.0000 (0.0000)  weight_decay: 0.0500 (0.0500)  grad_norm: 0.0045 (0.0042)  time: 0.6892  data: 0.0001  max mem: 32286
Epoch: [55]  [100/106]  eta: 0:00:07  lr: 0.000150  min_lr: 0.000150  loss: 0.0000 (0.0000)  weight_decay: 0.0500 (0.0500)  grad_norm: 0.0045 (0.0044)  time: 0.6903  data: 0.0001  max mem: 32286
Epoch: [55]  [105/106]  eta: 0:00:01  lr: 0.000150  min_lr: 0.000150  loss: 0.0000 (0.0000)  weight_decay: 0.0500 (0.0500)  grad_norm: 0.0045 (0.0043)  time: 0.6901  data: 0.0001  max mem: 32286
Epoch: [55] Total time: 0:02:18 (1.3054 s / it)
Averaged stats: lr: 0.000150  min_lr: 0.000150  loss: 0.0000 (0.0000)  weight_decay: 0.0500 (0.0500)  grad_norm: 0.0045 (0.0043)
Epoch: [56]  [  0/106]  eta: 1:52:19  lr: 0.000150  min_lr: 0.000150  loss: 0.0000 (0.0000)  weight_decay: 0.0500 (0.0500)  grad_norm: 0.0024 (0.0024)  time: 63.5832  data: 56.7911  max mem: 32286
Epoch: [56]  [ 10/106]  eta: 0:10:48  lr: 0.000150  min_lr: 0.000150  loss: 0.0000 (0.0000)  weight_decay: 0.0500 (0.0500)  grad_norm: 0.0029 (0.0028)  time: 6.7505  data: 5.1630  max mem: 32286
Epoch: [56]  [ 20/106]  eta: 0:05:37  lr: 0.000150  min_lr: 0.000150  loss: 0.0000 (0.0000)  weight_decay: 0.0500 (0.0500)  grad_norm: 0.0030 (0.0032)  time: 0.9374  data: 0.0001  max mem: 32286
Epoch: [56]  [ 30/106]  eta: 0:03:40  lr: 0.000150  min_lr: 0.000150  loss: 0.0000 (0.0000)  weight_decay: 0.0500 (0.0500)  grad_norm: 0.0040 (0.0035)  time: 0.7892  data: 0.0001  max mem: 32286
Epoch: [56]  [ 40/106]  eta: 0:02:37  lr: 0.000150  min_lr: 0.000150  loss: 0.0000 (0.0000)  weight_decay: 0.0500 (0.0500)  grad_norm: 0.0041 (0.0037)  time: 0.7717  data: 0.0001  max mem: 32286
Epoch: [56]  [ 50/106]  eta: 0:01:55  lr: 0.000150  min_lr: 0.000150  loss: 0.0000 (0.0000)  weight_decay: 0.0500 (0.0500)  grad_norm: 0.0042 (0.0038)  time: 0.7671  data: 0.0001  max mem: 32286
Epoch: [56]  [ 60/106]  eta: 0:01:25  lr: 0.000150  min_lr: 0.000150  loss: 0.0000 (0.0000)  weight_decay: 0.0500 (0.0500)  grad_norm: 0.0042 (0.0038)  time: 0.7587  data: 0.0001  max mem: 32286
Epoch: [56]  [ 70/106]  eta: 0:01:01  lr: 0.000150  min_lr: 0.000150  loss: 0.0000 (0.0000)  weight_decay: 0.0500 (0.0500)  grad_norm: 0.0037 (0.0037)  time: 0.7569  data: 0.0001  max mem: 32286
Epoch: [56]  [ 80/106]  eta: 0:00:41  lr: 0.000150  min_lr: 0.000150  loss: 0.0000 (0.0000)  weight_decay: 0.0500 (0.0500)  grad_norm: 0.0037 (0.0040)  time: 0.7619  data: 0.0001  max mem: 32286
Epoch: [56]  [ 90/106]  eta: 0:00:23  lr: 0.000150  min_lr: 0.000150  loss: 0.0000 (0.0000)  weight_decay: 0.0500 (0.0500)  grad_norm: 0.0053 (0.0042)  time: 0.7572  data: 0.0001  max mem: 32286
Epoch: [56]  [100/106]  eta: 0:00:08  lr: 0.000150  min_lr: 0.000150  loss: 0.0000 (0.0000)  weight_decay: 0.0500 (0.0500)  grad_norm: 0.0044 (0.0041)  time: 0.7205  data: 0.0001  max mem: 32286
Epoch: [56]  [105/106]  eta: 0:00:01  lr: 0.000150  min_lr: 0.000150  loss: 0.0000 (0.0000)  weight_decay: 0.0500 (0.0500)  grad_norm: 0.0036 (0.0041)  time: 0.6931  data: 0.0001  max mem: 32286
Epoch: [56] Total time: 0:02:27 (1.3887 s / it)
Averaged stats: lr: 0.000150  min_lr: 0.000150  loss: 0.0000 (0.0000)  weight_decay: 0.0500 (0.0500)  grad_norm: 0.0036 (0.0041)
Epoch: [57]  [  0/106]  eta: 1:54:56  lr: 0.000150  min_lr: 0.000150  loss: 0.0000 (0.0000)  weight_decay: 0.0500 (0.0500)  grad_norm: 0.0031 (0.0031)  time: 65.0607  data: 51.3410  max mem: 32286
Epoch: [57]  [ 10/106]  eta: 0:10:30  lr: 0.000150  min_lr: 0.000150  loss: 0.0000 (0.0000)  weight_decay: 0.0500 (0.0500)  grad_norm: 0.0036 (0.0035)  time: 6.5641  data: 4.6675  max mem: 32286
Epoch: [57]  [ 20/106]  eta: 0:05:25  lr: 0.000150  min_lr: 0.000150  loss: 0.0000 (0.0000)  weight_decay: 0.0500 (0.0500)  grad_norm: 0.0039 (0.0038)  time: 0.7182  data: 0.0002  max mem: 32286
Epoch: [57]  [ 30/106]  eta: 0:03:31  lr: 0.000150  min_lr: 0.000150  loss: 0.0000 (0.0000)  weight_decay: 0.0500 (0.0500)  grad_norm: 0.0039 (0.0038)  time: 0.7095  data: 0.0001  max mem: 32286
Epoch: [57]  [ 40/106]  eta: 0:02:30  lr: 0.000150  min_lr: 0.000150  loss: 0.0000 (0.0000)  weight_decay: 0.0500 (0.0500)  grad_norm: 0.0037 (0.0038)  time: 0.6958  data: 0.0001  max mem: 32286
Epoch: [57]  [ 50/106]  eta: 0:01:50  lr: 0.000150  min_lr: 0.000150  loss: 0.0000 (0.0000)  weight_decay: 0.0500 (0.0500)  grad_norm: 0.0039 (0.0038)  time: 0.6926  data: 0.0001  max mem: 32286
Epoch: [57]  [ 60/106]  eta: 0:01:20  lr: 0.000150  min_lr: 0.000150  loss: 0.0000 (0.0000)  weight_decay: 0.0500 (0.0500)  grad_norm: 0.0049 (0.0041)  time: 0.6918  data: 0.0001  max mem: 32286
Epoch: [57]  [ 70/106]  eta: 0:00:57  lr: 0.000150  min_lr: 0.000150  loss: 0.0000 (0.0000)  weight_decay: 0.0500 (0.0500)  grad_norm: 0.0042 (0.0040)  time: 0.6929  data: 0.0001  max mem: 32286
Epoch: [57]  [ 80/106]  eta: 0:00:38  lr: 0.000150  min_lr: 0.000150  loss: 0.0000 (0.0000)  weight_decay: 0.0500 (0.0500)  grad_norm: 0.0037 (0.0040)  time: 0.6916  data: 0.0002  max mem: 32286
Epoch: [57]  [ 90/106]  eta: 0:00:22  lr: 0.000150  min_lr: 0.000150  loss: 0.0000 (0.0000)  weight_decay: 0.0500 (0.0500)  grad_norm: 0.0034 (0.0040)  time: 0.6904  data: 0.0001  max mem: 32286
Epoch: [57]  [100/106]  eta: 0:00:08  lr: 0.000150  min_lr: 0.000150  loss: 0.0000 (0.0000)  weight_decay: 0.0500 (0.0500)  grad_norm: 0.0051 (0.0041)  time: 0.6914  data: 0.0001  max mem: 32286
Epoch: [57]  [105/106]  eta: 0:00:01  lr: 0.000150  min_lr: 0.000150  loss: 0.0000 (0.0000)  weight_decay: 0.0500 (0.0500)  grad_norm: 0.0051 (0.0041)  time: 0.6926  data: 0.0001  max mem: 32286
Epoch: [57] Total time: 0:02:19 (1.3160 s / it)
Averaged stats: lr: 0.000150  min_lr: 0.000150  loss: 0.0000 (0.0000)  weight_decay: 0.0500 (0.0500)  grad_norm: 0.0051 (0.0041)
Epoch: [58]  [  0/106]  eta: 1:54:57  lr: 0.000150  min_lr: 0.000150  loss: 0.0000 (0.0000)  weight_decay: 0.0500 (0.0500)  grad_norm: 0.0036 (0.0036)  time: 65.0721  data: 54.6284  max mem: 32286
Epoch: [58]  [ 10/106]  eta: 0:10:38  lr: 0.000150  min_lr: 0.000150  loss: 0.0000 (0.0000)  weight_decay: 0.0500 (0.0500)  grad_norm: 0.0044 (0.0042)  time: 6.6548  data: 4.9664  max mem: 32286
Epoch: [58]  [ 20/106]  eta: 0:05:31  lr: 0.000150  min_lr: 0.000150  loss: 0.0000 (0.0000)  weight_decay: 0.0500 (0.0500)  grad_norm: 0.0039 (0.0038)  time: 0.7998  data: 0.0001  max mem: 32286
Epoch: [58]  [ 30/106]  eta: 0:03:37  lr: 0.000150  min_lr: 0.000150  loss: 0.0000 (0.0000)  weight_decay: 0.0500 (0.0500)  grad_norm: 0.0029 (0.0035)  time: 0.7662  data: 0.0001  max mem: 32286
Epoch: [58]  [ 40/106]  eta: 0:02:33  lr: 0.000150  min_lr: 0.000150  loss: 0.0000 (0.0000)  weight_decay: 0.0500 (0.0500)  grad_norm: 0.0028 (0.0034)  time: 0.7292  data: 0.0001  max mem: 32286
Epoch: [58]  [ 50/106]  eta: 0:01:52  lr: 0.000150  min_lr: 0.000150  loss: 0.0000 (0.0000)  weight_decay: 0.0500 (0.0500)  grad_norm: 0.0041 (0.0037)  time: 0.7060  data: 0.0001  max mem: 32286
Epoch: [58]  [ 60/106]  eta: 0:01:22  lr: 0.000150  min_lr: 0.000150  loss: 0.0000 (0.0000)  weight_decay: 0.0500 (0.0500)  grad_norm: 0.0041 (0.0037)  time: 0.6964  data: 0.0001  max mem: 32286
Epoch: [58]  [ 70/106]  eta: 0:00:59  lr: 0.000150  min_lr: 0.000150  loss: 0.0000 (0.0000)  weight_decay: 0.0500 (0.0500)  grad_norm: 0.0036 (0.0037)  time: 0.6910  data: 0.0001  max mem: 32286
Epoch: [58]  [ 80/106]  eta: 0:00:39  lr: 0.000150  min_lr: 0.000150  loss: 0.0000 (0.0000)  weight_decay: 0.0500 (0.0500)  grad_norm: 0.0040 (0.0038)  time: 0.6879  data: 0.0001  max mem: 32286
Epoch: [58]  [ 90/106]  eta: 0:00:22  lr: 0.000150  min_lr: 0.000150  loss: 0.0000 (0.0000)  weight_decay: 0.0500 (0.0500)  grad_norm: 0.0041 (0.0038)  time: 0.6874  data: 0.0001  max mem: 32286
Epoch: [58]  [100/106]  eta: 0:00:08  lr: 0.000150  min_lr: 0.000150  loss: 0.0000 (0.0000)  weight_decay: 0.0500 (0.0500)  grad_norm: 0.0032 (0.0038)  time: 0.6963  data: 0.0001  max mem: 32286
Epoch: [58]  [105/106]  eta: 0:00:01  lr: 0.000150  min_lr: 0.000150  loss: 0.0000 (0.0000)  weight_decay: 0.0500 (0.0500)  grad_norm: 0.0035 (0.0038)  time: 0.7001  data: 0.0001  max mem: 32286
Epoch: [58] Total time: 0:02:22 (1.3401 s / it)
Averaged stats: lr: 0.000150  min_lr: 0.000150  loss: 0.0000 (0.0000)  weight_decay: 0.0500 (0.0500)  grad_norm: 0.0035 (0.0038)
Epoch: [59]  [  0/106]  eta: 1:55:41  lr: 0.000150  min_lr: 0.000150  loss: 0.0000 (0.0000)  weight_decay: 0.0500 (0.0500)  grad_norm: 0.0036 (0.0036)  time: 65.4866  data: 50.4179  max mem: 32286
Epoch: [59]  [ 10/106]  eta: 0:10:41  lr: 0.000150  min_lr: 0.000150  loss: 0.0000 (0.0000)  weight_decay: 0.0500 (0.0500)  grad_norm: 0.0038 (0.0039)  time: 6.6827  data: 4.5836  max mem: 32286
Epoch: [59]  [ 20/106]  eta: 0:05:31  lr: 0.000150  min_lr: 0.000150  loss: 0.0000 (0.0000)  weight_decay: 0.0500 (0.0500)  grad_norm: 0.0041 (0.0043)  time: 0.7677  data: 0.0001  max mem: 32286
Epoch: [59]  [ 30/106]  eta: 0:03:35  lr: 0.000150  min_lr: 0.000150  loss: 0.0000 (0.0000)  weight_decay: 0.0500 (0.0500)  grad_norm: 0.0039 (0.0041)  time: 0.7195  data: 0.0001  max mem: 32286
Epoch: [59]  [ 40/106]  eta: 0:02:32  lr: 0.000150  min_lr: 0.000150  loss: 0.0000 (0.0000)  weight_decay: 0.0500 (0.0500)  grad_norm: 0.0029 (0.0038)  time: 0.6983  data: 0.0001  max mem: 32286
Epoch: [59]  [ 50/106]  eta: 0:01:51  lr: 0.000150  min_lr: 0.000150  loss: 0.0000 (0.0000)  weight_decay: 0.0500 (0.0500)  grad_norm: 0.0030 (0.0041)  time: 0.6905  data: 0.0001  max mem: 32286
Epoch: [59]  [ 60/106]  eta: 0:01:21  lr: 0.000150  min_lr: 0.000150  loss: 0.0000 (0.0000)  weight_decay: 0.0500 (0.0500)  grad_norm: 0.0041 (0.0040)  time: 0.6904  data: 0.0001  max mem: 32286
Epoch: [59]  [ 70/106]  eta: 0:00:58  lr: 0.000150  min_lr: 0.000150  loss: 0.0000 (0.0000)  weight_decay: 0.0500 (0.0500)  grad_norm: 0.0032 (0.0038)  time: 0.6906  data: 0.0001  max mem: 32286
Epoch: [59]  [ 80/106]  eta: 0:00:39  lr: 0.000150  min_lr: 0.000150  loss: 0.0000 (0.0000)  weight_decay: 0.0500 (0.0500)  grad_norm: 0.0033 (0.0038)  time: 0.6900  data: 0.0001  max mem: 32286
Epoch: [59]  [ 90/106]  eta: 0:00:22  lr: 0.000150  min_lr: 0.000150  loss: 0.0000 (0.0000)  weight_decay: 0.0500 (0.0500)  grad_norm: 0.0037 (0.0038)  time: 0.6891  data: 0.0001  max mem: 32286
Epoch: [59]  [100/106]  eta: 0:00:08  lr: 0.000150  min_lr: 0.000150  loss: 0.0000 (0.0000)  weight_decay: 0.0500 (0.0500)  grad_norm: 0.0036 (0.0038)  time: 0.6900  data: 0.0001  max mem: 32286
Epoch: [59]  [105/106]  eta: 0:00:01  lr: 0.000150  min_lr: 0.000150  loss: 0.0000 (0.0000)  weight_decay: 0.0500 (0.0500)  grad_norm: 0.0037 (0.0039)  time: 0.6905  data: 0.0001  max mem: 32286
Epoch: [59] Total time: 0:02:20 (1.3282 s / it)
Averaged stats: lr: 0.000150  min_lr: 0.000150  loss: 0.0000 (0.0000)  weight_decay: 0.0500 (0.0500)  grad_norm: 0.0037 (0.0039)
Epoch: [60]  [  0/106]  eta: 1:53:34  lr: 0.000150  min_lr: 0.000150  loss: 0.0000 (0.0000)  weight_decay: 0.0500 (0.0500)  grad_norm: 0.0039 (0.0039)  time: 64.2871  data: 53.9302  max mem: 32286
Epoch: [60]  [ 10/106]  eta: 0:10:25  lr: 0.000150  min_lr: 0.000150  loss: 0.0000 (0.0000)  weight_decay: 0.0500 (0.0500)  grad_norm: 0.0031 (0.0032)  time: 6.5112  data: 4.9029  max mem: 32286
Epoch: [60]  [ 20/106]  eta: 0:05:21  lr: 0.000150  min_lr: 0.000150  loss: 0.0000 (0.0000)  weight_decay: 0.0500 (0.0500)  grad_norm: 0.0033 (0.0034)  time: 0.7141  data: 0.0002  max mem: 32286
Epoch: [60]  [ 30/106]  eta: 0:03:29  lr: 0.000150  min_lr: 0.000150  loss: 0.0000 (0.0000)  weight_decay: 0.0500 (0.0500)  grad_norm: 0.0040 (0.0040)  time: 0.6934  data: 0.0002  max mem: 32286
Epoch: [60]  [ 40/106]  eta: 0:02:28  lr: 0.000150  min_lr: 0.000150  loss: 0.0000 (0.0000)  weight_decay: 0.0500 (0.0500)  grad_norm: 0.0043 (0.0040)  time: 0.6912  data: 0.0001  max mem: 32286
Epoch: [60]  [ 50/106]  eta: 0:01:49  lr: 0.000150  min_lr: 0.000150  loss: 0.0000 (0.0000)  weight_decay: 0.0500 (0.0500)  grad_norm: 0.0036 (0.0039)  time: 0.6981  data: 0.0001  max mem: 32286
Epoch: [60]  [ 60/106]  eta: 0:01:20  lr: 0.000150  min_lr: 0.000150  loss: 0.0000 (0.0000)  weight_decay: 0.0500 (0.0500)  grad_norm: 0.0036 (0.0039)  time: 0.7005  data: 0.0001  max mem: 32286
Epoch: [60]  [ 70/106]  eta: 0:00:57  lr: 0.000150  min_lr: 0.000150  loss: 0.0000 (0.0000)  weight_decay: 0.0500 (0.0500)  grad_norm: 0.0041 (0.0038)  time: 0.6930  data: 0.0001  max mem: 32286
Epoch: [60]  [ 80/106]  eta: 0:00:38  lr: 0.000150  min_lr: 0.000150  loss: 0.0000 (0.0000)  weight_decay: 0.0500 (0.0500)  grad_norm: 0.0033 (0.0037)  time: 0.6900  data: 0.0001  max mem: 32286
Epoch: [60]  [ 90/106]  eta: 0:00:22  lr: 0.000150  min_lr: 0.000150  loss: 0.0000 (0.0000)  weight_decay: 0.0500 (0.0500)  grad_norm: 0.0034 (0.0037)  time: 0.6894  data: 0.0001  max mem: 32286
Epoch: [60]  [100/106]  eta: 0:00:07  lr: 0.000150  min_lr: 0.000150  loss: 0.0000 (0.0000)  weight_decay: 0.0500 (0.0500)  grad_norm: 0.0048 (0.0040)  time: 0.6893  data: 0.0001  max mem: 32286
Epoch: [60]  [105/106]  eta: 0:00:01  lr: 0.000150  min_lr: 0.000150  loss: 0.0000 (0.0000)  weight_decay: 0.0500 (0.0500)  grad_norm: 0.0048 (0.0040)  time: 0.6884  data: 0.0001  max mem: 32286
Epoch: [60] Total time: 0:02:18 (1.3071 s / it)
Averaged stats: lr: 0.000150  min_lr: 0.000150  loss: 0.0000 (0.0000)  weight_decay: 0.0500 (0.0500)  grad_norm: 0.0048 (0.0040)
Epoch: [61]  [  0/106]  eta: 1:56:54  lr: 0.000150  min_lr: 0.000150  loss: 0.0000 (0.0000)  weight_decay: 0.0500 (0.0500)  grad_norm: 0.0031 (0.0031)  time: 66.1703  data: 50.8821  max mem: 32286
Epoch: [61]  [ 10/106]  eta: 0:10:41  lr: 0.000150  min_lr: 0.000150  loss: 0.0000 (0.0000)  weight_decay: 0.0500 (0.0500)  grad_norm: 0.0028 (0.0029)  time: 6.6799  data: 4.6258  max mem: 32286
Epoch: [61]  [ 20/106]  eta: 0:05:30  lr: 0.000150  min_lr: 0.000150  loss: 0.0000 (0.0000)  weight_decay: 0.0500 (0.0500)  grad_norm: 0.0026 (0.0026)  time: 0.7307  data: 0.0002  max mem: 32286
Epoch: [61]  [ 30/106]  eta: 0:03:36  lr: 0.000150  min_lr: 0.000150  loss: 0.0000 (0.0000)  weight_decay: 0.0500 (0.0500)  grad_norm: 0.0026 (0.0029)  time: 0.7426  data: 0.0001  max mem: 32286
Epoch: [61]  [ 40/106]  eta: 0:02:34  lr: 0.000150  min_lr: 0.000150  loss: 0.0000 (0.0000)  weight_decay: 0.0500 (0.0500)  grad_norm: 0.0035 (0.0031)  time: 0.7629  data: 0.0001  max mem: 32286
Epoch: [61]  [ 50/106]  eta: 0:01:53  lr: 0.000150  min_lr: 0.000150  loss: 0.0000 (0.0000)  weight_decay: 0.0500 (0.0500)  grad_norm: 0.0037 (0.0032)  time: 0.7566  data: 0.0001  max mem: 32286
Epoch: [61]  [ 60/106]  eta: 0:01:23  lr: 0.000150  min_lr: 0.000150  loss: 0.0000 (0.0000)  weight_decay: 0.0500 (0.0500)  grad_norm: 0.0035 (0.0033)  time: 0.7369  data: 0.0001  max mem: 32286
Epoch: [61]  [ 70/106]  eta: 0:00:59  lr: 0.000150  min_lr: 0.000150  loss: 0.0000 (0.0000)  weight_decay: 0.0500 (0.0500)  grad_norm: 0.0031 (0.0032)  time: 0.7117  data: 0.0001  max mem: 32286
Epoch: [61]  [ 80/106]  eta: 0:00:39  lr: 0.000150  min_lr: 0.000150  loss: 0.0000 (0.0000)  weight_decay: 0.0500 (0.0500)  grad_norm: 0.0036 (0.0035)  time: 0.6905  data: 0.0001  max mem: 32286
Epoch: [61]  [ 90/106]  eta: 0:00:23  lr: 0.000150  min_lr: 0.000150  loss: 0.0000 (0.0000)  weight_decay: 0.0500 (0.0500)  grad_norm: 0.0043 (0.0036)  time: 0.6895  data: 0.0001  max mem: 32286
Epoch: [61]  [100/106]  eta: 0:00:08  lr: 0.000150  min_lr: 0.000150  loss: 0.0000 (0.0000)  weight_decay: 0.0500 (0.0500)  grad_norm: 0.0032 (0.0035)  time: 0.6893  data: 0.0001  max mem: 32286
Epoch: [61]  [105/106]  eta: 0:00:01  lr: 0.000150  min_lr: 0.000150  loss: 0.0000 (0.0000)  weight_decay: 0.0500 (0.0500)  grad_norm: 0.0026 (0.0034)  time: 0.6923  data: 0.0001  max mem: 32286
Epoch: [61] Total time: 0:02:23 (1.3499 s / it)
Averaged stats: lr: 0.000150  min_lr: 0.000150  loss: 0.0000 (0.0000)  weight_decay: 0.0500 (0.0500)  grad_norm: 0.0026 (0.0034)
Epoch: [62]  [  0/106]  eta: 1:55:01  lr: 0.000150  min_lr: 0.000150  loss: 0.0000 (0.0000)  weight_decay: 0.0500 (0.0500)  grad_norm: 0.0015 (0.0015)  time: 65.1074  data: 62.8081  max mem: 32286
Epoch: [62]  [ 10/106]  eta: 0:10:41  lr: 0.000150  min_lr: 0.000150  loss: 0.0000 (0.0000)  weight_decay: 0.0500 (0.0500)  grad_norm: 0.0036 (0.0035)  time: 6.6874  data: 5.7101  max mem: 32286
Epoch: [62]  [ 20/106]  eta: 0:05:30  lr: 0.000150  min_lr: 0.000150  loss: 0.0000 (0.0000)  weight_decay: 0.0500 (0.0500)  grad_norm: 0.0039 (0.0041)  time: 0.7785  data: 0.0002  max mem: 32286
Epoch: [62]  [ 30/106]  eta: 0:03:34  lr: 0.000150  min_lr: 0.000150  loss: 0.0000 (0.0000)  weight_decay: 0.0500 (0.0500)  grad_norm: 0.0032 (0.0037)  time: 0.7034  data: 0.0002  max mem: 32286
Epoch: [62]  [ 40/106]  eta: 0:02:32  lr: 0.000150  min_lr: 0.000150  loss: 0.0000 (0.0000)  weight_decay: 0.0500 (0.0500)  grad_norm: 0.0028 (0.0035)  time: 0.6931  data: 0.0002  max mem: 32286
Epoch: [62]  [ 50/106]  eta: 0:01:51  lr: 0.000150  min_lr: 0.000150  loss: 0.0000 (0.0000)  weight_decay: 0.0500 (0.0500)  grad_norm: 0.0034 (0.0036)  time: 0.6898  data: 0.0002  max mem: 32286
Epoch: [62]  [ 60/106]  eta: 0:01:21  lr: 0.000150  min_lr: 0.000150  loss: 0.0000 (0.0000)  weight_decay: 0.0500 (0.0500)  grad_norm: 0.0031 (0.0035)  time: 0.6885  data: 0.0001  max mem: 32286
Epoch: [62]  [ 70/106]  eta: 0:00:58  lr: 0.000150  min_lr: 0.000150  loss: 0.0000 (0.0000)  weight_decay: 0.0500 (0.0500)  grad_norm: 0.0030 (0.0035)  time: 0.6882  data: 0.0001  max mem: 32286
Epoch: [62]  [ 80/106]  eta: 0:00:39  lr: 0.000150  min_lr: 0.000150  loss: 0.0000 (0.0000)  weight_decay: 0.0500 (0.0500)  grad_norm: 0.0037 (0.0036)  time: 0.6885  data: 0.0001  max mem: 32286
Epoch: [62]  [ 90/106]  eta: 0:00:22  lr: 0.000150  min_lr: 0.000150  loss: 0.0000 (0.0000)  weight_decay: 0.0500 (0.0500)  grad_norm: 0.0037 (0.0036)  time: 0.6890  data: 0.0001  max mem: 32286
Epoch: [62]  [100/106]  eta: 0:00:08  lr: 0.000150  min_lr: 0.000150  loss: 0.0000 (0.0000)  weight_decay: 0.0500 (0.0500)  grad_norm: 0.0036 (0.0035)  time: 0.6894  data: 0.0001  max mem: 32286
Epoch: [62]  [105/106]  eta: 0:00:01  lr: 0.000150  min_lr: 0.000150  loss: 0.0000 (0.0000)  weight_decay: 0.0500 (0.0500)  grad_norm: 0.0034 (0.0035)  time: 0.6892  data: 0.0001  max mem: 32286
Epoch: [62] Total time: 0:02:20 (1.3243 s / it)
Averaged stats: lr: 0.000150  min_lr: 0.000150  loss: 0.0000 (0.0000)  weight_decay: 0.0500 (0.0500)  grad_norm: 0.0034 (0.0035)
Epoch: [63]  [  0/106]  eta: 1:54:31  lr: 0.000150  min_lr: 0.000150  loss: 0.0000 (0.0000)  weight_decay: 0.0500 (0.0500)  grad_norm: 0.0027 (0.0027)  time: 64.8281  data: 53.4401  max mem: 32286
Epoch: [63]  [ 10/106]  eta: 0:10:27  lr: 0.000150  min_lr: 0.000150  loss: 0.0000 (0.0000)  weight_decay: 0.0500 (0.0500)  grad_norm: 0.0045 (0.0045)  time: 6.5379  data: 4.8583  max mem: 32286
Epoch: [63]  [ 20/106]  eta: 0:05:23  lr: 0.000150  min_lr: 0.000150  loss: 0.0000 (0.0000)  weight_decay: 0.0500 (0.0500)  grad_norm: 0.0045 (0.0047)  time: 0.7042  data: 0.0002  max mem: 32286
Epoch: [63]  [ 30/106]  eta: 0:03:30  lr: 0.000150  min_lr: 0.000150  loss: 0.0000 (0.0000)  weight_decay: 0.0500 (0.0500)  grad_norm: 0.0037 (0.0042)  time: 0.6981  data: 0.0002  max mem: 32286
Epoch: [63]  [ 40/106]  eta: 0:02:29  lr: 0.000150  min_lr: 0.000150  loss: 0.0000 (0.0000)  weight_decay: 0.0500 (0.0500)  grad_norm: 0.0026 (0.0037)  time: 0.6941  data: 0.0002  max mem: 32286
Epoch: [63]  [ 50/106]  eta: 0:01:50  lr: 0.000150  min_lr: 0.000150  loss: 0.0000 (0.0000)  weight_decay: 0.0500 (0.0500)  grad_norm: 0.0024 (0.0036)  time: 0.7152  data: 0.0001  max mem: 32286
Epoch: [63]  [ 60/106]  eta: 0:01:21  lr: 0.000150  min_lr: 0.000150  loss: 0.0000 (0.0000)  weight_decay: 0.0500 (0.0500)  grad_norm: 0.0034 (0.0037)  time: 0.7544  data: 0.0001  max mem: 32286
Epoch: [63]  [ 70/106]  eta: 0:00:58  lr: 0.000150  min_lr: 0.000150  loss: 0.0000 (0.0000)  weight_decay: 0.0500 (0.0500)  grad_norm: 0.0039 (0.0038)  time: 0.7357  data: 0.0001  max mem: 32286
Epoch: [63]  [ 80/106]  eta: 0:00:39  lr: 0.000150  min_lr: 0.000150  loss: 0.0000 (0.0000)  weight_decay: 0.0500 (0.0500)  grad_norm: 0.0036 (0.0037)  time: 0.6974  data: 0.0001  max mem: 32286
Epoch: [63]  [ 90/106]  eta: 0:00:22  lr: 0.000150  min_lr: 0.000150  loss: 0.0000 (0.0000)  weight_decay: 0.0500 (0.0500)  grad_norm: 0.0031 (0.0037)  time: 0.6921  data: 0.0001  max mem: 32286
Epoch: [63]  [100/106]  eta: 0:00:08  lr: 0.000150  min_lr: 0.000150  loss: 0.0000 (0.0000)  weight_decay: 0.0500 (0.0500)  grad_norm: 0.0029 (0.0036)  time: 0.6914  data: 0.0001  max mem: 32286
Epoch: [63]  [105/106]  eta: 0:00:01  lr: 0.000150  min_lr: 0.000150  loss: 0.0000 (0.0000)  weight_decay: 0.0500 (0.0500)  grad_norm: 0.0031 (0.0037)  time: 0.6901  data: 0.0001  max mem: 32286
Epoch: [63] Total time: 0:02:20 (1.3233 s / it)
Averaged stats: lr: 0.000150  min_lr: 0.000150  loss: 0.0000 (0.0000)  weight_decay: 0.0500 (0.0500)  grad_norm: 0.0031 (0.0037)
Epoch: [64]  [  0/106]  eta: 1:53:57  lr: 0.000150  min_lr: 0.000150  loss: 0.0000 (0.0000)  weight_decay: 0.0500 (0.0500)  grad_norm: 0.0041 (0.0041)  time: 64.5051  data: 55.7593  max mem: 32286
Epoch: [64]  [ 10/106]  eta: 0:10:26  lr: 0.000150  min_lr: 0.000150  loss: 0.0000 (0.0000)  weight_decay: 0.0500 (0.0500)  grad_norm: 0.0035 (0.0034)  time: 6.5251  data: 5.0692  max mem: 32286
Epoch: [64]  [ 20/106]  eta: 0:05:22  lr: 0.000150  min_lr: 0.000150  loss: 0.0000 (0.0000)  weight_decay: 0.0500 (0.0500)  grad_norm: 0.0033 (0.0033)  time: 0.7135  data: 0.0002  max mem: 32286
Epoch: [64]  [ 30/106]  eta: 0:03:30  lr: 0.000150  min_lr: 0.000150  loss: 0.0000 (0.0000)  weight_decay: 0.0500 (0.0500)  grad_norm: 0.0034 (0.0033)  time: 0.6954  data: 0.0001  max mem: 32286
Epoch: [64]  [ 40/106]  eta: 0:02:29  lr: 0.000150  min_lr: 0.000150  loss: 0.0000 (0.0000)  weight_decay: 0.0500 (0.0500)  grad_norm: 0.0036 (0.0034)  time: 0.6909  data: 0.0001  max mem: 32286
Epoch: [64]  [ 50/106]  eta: 0:01:49  lr: 0.000150  min_lr: 0.000150  loss: 0.0000 (0.0000)  weight_decay: 0.0500 (0.0500)  grad_norm: 0.0037 (0.0035)  time: 0.6898  data: 0.0002  max mem: 32286
Epoch: [64]  [ 60/106]  eta: 0:01:20  lr: 0.000150  min_lr: 0.000150  loss: 0.0000 (0.0000)  weight_decay: 0.0500 (0.0500)  grad_norm: 0.0035 (0.0035)  time: 0.6891  data: 0.0002  max mem: 32286
Epoch: [64]  [ 70/106]  eta: 0:00:57  lr: 0.000150  min_lr: 0.000150  loss: 0.0000 (0.0000)  weight_decay: 0.0500 (0.0500)  grad_norm: 0.0031 (0.0034)  time: 0.6908  data: 0.0001  max mem: 32286
Epoch: [64]  [ 80/106]  eta: 0:00:38  lr: 0.000150  min_lr: 0.000150  loss: 0.0000 (0.0000)  weight_decay: 0.0500 (0.0500)  grad_norm: 0.0028 (0.0034)  time: 0.6902  data: 0.0001  max mem: 32286
Epoch: [64]  [ 90/106]  eta: 0:00:22  lr: 0.000150  min_lr: 0.000150  loss: 0.0000 (0.0000)  weight_decay: 0.0500 (0.0500)  grad_norm: 0.0032 (0.0034)  time: 0.6872  data: 0.0001  max mem: 32286
Epoch: [64]  [100/106]  eta: 0:00:07  lr: 0.000150  min_lr: 0.000150  loss: 0.0000 (0.0000)  weight_decay: 0.0500 (0.0500)  grad_norm: 0.0034 (0.0034)  time: 0.6867  data: 0.0001  max mem: 32286
Epoch: [64]  [105/106]  eta: 0:00:01  lr: 0.000150  min_lr: 0.000150  loss: 0.0000 (0.0000)  weight_decay: 0.0500 (0.0500)  grad_norm: 0.0035 (0.0034)  time: 0.6873  data: 0.0002  max mem: 32286
Epoch: [64] Total time: 0:02:18 (1.3069 s / it)
Averaged stats: lr: 0.000150  min_lr: 0.000150  loss: 0.0000 (0.0000)  weight_decay: 0.0500 (0.0500)  grad_norm: 0.0035 (0.0034)
Epoch: [65]  [  0/106]  eta: 1:53:53  lr: 0.000150  min_lr: 0.000150  loss: 0.0000 (0.0000)  weight_decay: 0.0500 (0.0500)  grad_norm: 0.0031 (0.0031)  time: 64.4654  data: 41.2287  max mem: 32286
Epoch: [65]  [ 10/106]  eta: 0:10:29  lr: 0.000150  min_lr: 0.000150  loss: 0.0000 (0.0000)  weight_decay: 0.0500 (0.0500)  grad_norm: 0.0035 (0.0035)  time: 6.5612  data: 3.7482  max mem: 32286
Epoch: [65]  [ 20/106]  eta: 0:05:24  lr: 0.000150  min_lr: 0.000150  loss: 0.0000 (0.0000)  weight_decay: 0.0500 (0.0500)  grad_norm: 0.0035 (0.0033)  time: 0.7418  data: 0.0001  max mem: 32286
Epoch: [65]  [ 30/106]  eta: 0:03:31  lr: 0.000150  min_lr: 0.000150  loss: 0.0000 (0.0000)  weight_decay: 0.0500 (0.0500)  grad_norm: 0.0038 (0.0035)  time: 0.7063  data: 0.0001  max mem: 32286
Epoch: [65]  [ 40/106]  eta: 0:02:30  lr: 0.000150  min_lr: 0.000150  loss: 0.0000 (0.0000)  weight_decay: 0.0500 (0.0500)  grad_norm: 0.0041 (0.0038)  time: 0.6943  data: 0.0001  max mem: 32286
Epoch: [65]  [ 50/106]  eta: 0:01:49  lr: 0.000150  min_lr: 0.000150  loss: 0.0000 (0.0000)  weight_decay: 0.0500 (0.0500)  grad_norm: 0.0036 (0.0037)  time: 0.6892  data: 0.0001  max mem: 32286
Epoch: [65]  [ 60/106]  eta: 0:01:20  lr: 0.000150  min_lr: 0.000150  loss: 0.0000 (0.0000)  weight_decay: 0.0500 (0.0500)  grad_norm: 0.0030 (0.0035)  time: 0.6929  data: 0.0001  max mem: 32286
Epoch: [65]  [ 70/106]  eta: 0:00:57  lr: 0.000150  min_lr: 0.000150  loss: 0.0000 (0.0000)  weight_decay: 0.0500 (0.0500)  grad_norm: 0.0028 (0.0034)  time: 0.6966  data: 0.0001  max mem: 32286
Epoch: [65]  [ 80/106]  eta: 0:00:38  lr: 0.000150  min_lr: 0.000150  loss: 0.0000 (0.0000)  weight_decay: 0.0500 (0.0500)  grad_norm: 0.0029 (0.0034)  time: 0.6942  data: 0.0001  max mem: 32286
Epoch: [65]  [ 90/106]  eta: 0:00:22  lr: 0.000150  min_lr: 0.000150  loss: 0.0000 (0.0000)  weight_decay: 0.0500 (0.0500)  grad_norm: 0.0032 (0.0036)  time: 0.6904  data: 0.0001  max mem: 32286
Epoch: [65]  [100/106]  eta: 0:00:08  lr: 0.000150  min_lr: 0.000150  loss: 0.0000 (0.0000)  weight_decay: 0.0500 (0.0500)  grad_norm: 0.0042 (0.0037)  time: 0.6889  data: 0.0001  max mem: 32286
Epoch: [65]  [105/106]  eta: 0:00:01  lr: 0.000150  min_lr: 0.000150  loss: 0.0000 (0.0000)  weight_decay: 0.0500 (0.0500)  grad_norm: 0.0035 (0.0036)  time: 0.6885  data: 0.0001  max mem: 32286
Epoch: [65] Total time: 0:02:19 (1.3143 s / it)
Averaged stats: lr: 0.000150  min_lr: 0.000150  loss: 0.0000 (0.0000)  weight_decay: 0.0500 (0.0500)  grad_norm: 0.0035 (0.0036)
Epoch: [66]  [  0/106]  eta: 1:55:30  lr: 0.000150  min_lr: 0.000150  loss: 0.0000 (0.0000)  weight_decay: 0.0500 (0.0500)  grad_norm: 0.0032 (0.0032)  time: 65.3778  data: 44.9669  max mem: 32286
Epoch: [66]  [ 10/106]  eta: 0:10:40  lr: 0.000150  min_lr: 0.000150  loss: 0.0000 (0.0000)  weight_decay: 0.0500 (0.0500)  grad_norm: 0.0023 (0.0022)  time: 6.6763  data: 4.0881  max mem: 32286
Epoch: [66]  [ 20/106]  eta: 0:05:29  lr: 0.000150  min_lr: 0.000150  loss: 0.0000 (0.0000)  weight_decay: 0.0500 (0.0500)  grad_norm: 0.0023 (0.0023)  time: 0.7571  data: 0.0002  max mem: 32286
Epoch: [66]  [ 30/106]  eta: 0:03:38  lr: 0.000150  min_lr: 0.000150  loss: 0.0000 (0.0000)  weight_decay: 0.0500 (0.0500)  grad_norm: 0.0031 (0.0029)  time: 0.7853  data: 0.0001  max mem: 32286
Epoch: [66]  [ 40/106]  eta: 0:02:36  lr: 0.000150  min_lr: 0.000150  loss: 0.0000 (0.0000)  weight_decay: 0.0500 (0.0500)  grad_norm: 0.0037 (0.0031)  time: 0.8309  data: 0.0001  max mem: 32286
Epoch: [66]  [ 50/106]  eta: 0:01:55  lr: 0.000150  min_lr: 0.000150  loss: 0.0000 (0.0000)  weight_decay: 0.0500 (0.0500)  grad_norm: 0.0032 (0.0030)  time: 0.7975  data: 0.0002  max mem: 32286
Epoch: [66]  [ 60/106]  eta: 0:01:25  lr: 0.000149  min_lr: 0.000149  loss: 0.0000 (0.0000)  weight_decay: 0.0500 (0.0500)  grad_norm: 0.0028 (0.0030)  time: 0.7910  data: 0.0002  max mem: 32286
Epoch: [66]  [ 70/106]  eta: 0:01:01  lr: 0.000149  min_lr: 0.000149  loss: 0.0000 (0.0000)  weight_decay: 0.0500 (0.0500)  grad_norm: 0.0029 (0.0029)  time: 0.7983  data: 0.0001  max mem: 32286
Epoch: [66]  [ 80/106]  eta: 0:00:41  lr: 0.000149  min_lr: 0.000149  loss: 0.0000 (0.0000)  weight_decay: 0.0500 (0.0500)  grad_norm: 0.0029 (0.0031)  time: 0.7783  data: 0.0001  max mem: 32286
Epoch: [66]  [ 90/106]  eta: 0:00:23  lr: 0.000149  min_lr: 0.000149  loss: 0.0000 (0.0000)  weight_decay: 0.0500 (0.0500)  grad_norm: 0.0040 (0.0032)  time: 0.7210  data: 0.0001  max mem: 32286
Epoch: [66]  [100/106]  eta: 0:00:08  lr: 0.000149  min_lr: 0.000149  loss: 0.0000 (0.0000)  weight_decay: 0.0500 (0.0500)  grad_norm: 0.0039 (0.0032)  time: 0.6927  data: 0.0001  max mem: 32286
Epoch: [66]  [105/106]  eta: 0:00:01  lr: 0.000149  min_lr: 0.000149  loss: 0.0000 (0.0000)  weight_decay: 0.0500 (0.0500)  grad_norm: 0.0034 (0.0033)  time: 0.6903  data: 0.0001  max mem: 32286
Epoch: [66] Total time: 0:02:26 (1.3865 s / it)
Averaged stats: lr: 0.000149  min_lr: 0.000149  loss: 0.0000 (0.0000)  weight_decay: 0.0500 (0.0500)  grad_norm: 0.0034 (0.0033)
Epoch: [67]  [  0/106]  eta: 1:55:18  lr: 0.000149  min_lr: 0.000149  loss: 0.0000 (0.0000)  weight_decay: 0.0500 (0.0500)  grad_norm: 0.0035 (0.0035)  time: 65.2643  data: 53.1927  max mem: 32286
Epoch: [67]  [ 10/106]  eta: 0:10:33  lr: 0.000149  min_lr: 0.000149  loss: 0.0000 (0.0000)  weight_decay: 0.0500 (0.0500)  grad_norm: 0.0033 (0.0032)  time: 6.5953  data: 4.8359  max mem: 32286
Epoch: [67]  [ 20/106]  eta: 0:05:26  lr: 0.000149  min_lr: 0.000149  loss: 0.0000 (0.0000)  weight_decay: 0.0500 (0.0500)  grad_norm: 0.0031 (0.0031)  time: 0.7184  data: 0.0002  max mem: 32286
Epoch: [67]  [ 30/106]  eta: 0:03:32  lr: 0.000149  min_lr: 0.000149  loss: 0.0000 (0.0000)  weight_decay: 0.0500 (0.0500)  grad_norm: 0.0031 (0.0032)  time: 0.7018  data: 0.0001  max mem: 32286
Epoch: [67]  [ 40/106]  eta: 0:02:30  lr: 0.000149  min_lr: 0.000149  loss: 0.0000 (0.0000)  weight_decay: 0.0500 (0.0500)  grad_norm: 0.0033 (0.0033)  time: 0.6927  data: 0.0002  max mem: 32286
Epoch: [67]  [ 50/106]  eta: 0:01:50  lr: 0.000149  min_lr: 0.000149  loss: 0.0000 (0.0000)  weight_decay: 0.0500 (0.0500)  grad_norm: 0.0029 (0.0032)  time: 0.6893  data: 0.0002  max mem: 32286
Epoch: [67]  [ 60/106]  eta: 0:01:20  lr: 0.000149  min_lr: 0.000149  loss: 0.0000 (0.0000)  weight_decay: 0.0500 (0.0500)  grad_norm: 0.0028 (0.0031)  time: 0.6883  data: 0.0001  max mem: 32286
Epoch: [67]  [ 70/106]  eta: 0:00:57  lr: 0.000149  min_lr: 0.000149  loss: 0.0000 (0.0000)  weight_decay: 0.0500 (0.0500)  grad_norm: 0.0037 (0.0034)  time: 0.6884  data: 0.0001  max mem: 32286
Epoch: [67]  [ 80/106]  eta: 0:00:38  lr: 0.000149  min_lr: 0.000149  loss: 0.0000 (0.0000)  weight_decay: 0.0500 (0.0500)  grad_norm: 0.0037 (0.0034)  time: 0.6882  data: 0.0001  max mem: 32286
Epoch: [67]  [ 90/106]  eta: 0:00:22  lr: 0.000149  min_lr: 0.000149  loss: 0.0000 (0.0000)  weight_decay: 0.0500 (0.0500)  grad_norm: 0.0031 (0.0033)  time: 0.6878  data: 0.0001  max mem: 32286
Epoch: [67]  [100/106]  eta: 0:00:08  lr: 0.000149  min_lr: 0.000149  loss: 0.0000 (0.0000)  weight_decay: 0.0500 (0.0500)  grad_norm: 0.0024 (0.0032)  time: 0.6885  data: 0.0001  max mem: 32286
Epoch: [67]  [105/106]  eta: 0:00:01  lr: 0.000149  min_lr: 0.000149  loss: 0.0000 (0.0000)  weight_decay: 0.0500 (0.0500)  grad_norm: 0.0024 (0.0032)  time: 0.6890  data: 0.0001  max mem: 32286
Epoch: [67] Total time: 0:02:19 (1.3158 s / it)
Averaged stats: lr: 0.000149  min_lr: 0.000149  loss: 0.0000 (0.0000)  weight_decay: 0.0500 (0.0500)  grad_norm: 0.0024 (0.0032)
Epoch: [68]  [  0/106]  eta: 1:53:21  lr: 0.000149  min_lr: 0.000149  loss: 0.0000 (0.0000)  weight_decay: 0.0500 (0.0500)  grad_norm: 0.0033 (0.0033)  time: 64.1605  data: 55.7721  max mem: 32286
Epoch: [68]  [ 10/106]  eta: 0:10:20  lr: 0.000149  min_lr: 0.000149  loss: 0.0000 (0.0000)  weight_decay: 0.0500 (0.0500)  grad_norm: 0.0035 (0.0040)  time: 6.4676  data: 5.0704  max mem: 32286
Epoch: [68]  [ 20/106]  eta: 0:05:19  lr: 0.000149  min_lr: 0.000149  loss: 0.0000 (0.0000)  weight_decay: 0.0500 (0.0500)  grad_norm: 0.0033 (0.0037)  time: 0.6985  data: 0.0002  max mem: 32286
Epoch: [68]  [ 30/106]  eta: 0:03:28  lr: 0.000149  min_lr: 0.000149  loss: 0.0000 (0.0000)  weight_decay: 0.0500 (0.0500)  grad_norm: 0.0028 (0.0033)  time: 0.6937  data: 0.0002  max mem: 32286
Epoch: [68]  [ 40/106]  eta: 0:02:27  lr: 0.000149  min_lr: 0.000149  loss: 0.0000 (0.0000)  weight_decay: 0.0500 (0.0500)  grad_norm: 0.0030 (0.0035)  time: 0.6890  data: 0.0001  max mem: 32286
Epoch: [68]  [ 50/106]  eta: 0:01:48  lr: 0.000149  min_lr: 0.000149  loss: 0.0000 (0.0000)  weight_decay: 0.0500 (0.0500)  grad_norm: 0.0040 (0.0036)  time: 0.6888  data: 0.0001  max mem: 32286
Epoch: [68]  [ 60/106]  eta: 0:01:19  lr: 0.000149  min_lr: 0.000149  loss: 0.0000 (0.0000)  weight_decay: 0.0500 (0.0500)  grad_norm: 0.0033 (0.0035)  time: 0.6875  data: 0.0001  max mem: 32286
Epoch: [68]  [ 70/106]  eta: 0:00:57  lr: 0.000149  min_lr: 0.000149  loss: 0.0000 (0.0000)  weight_decay: 0.0500 (0.0500)  grad_norm: 0.0027 (0.0034)  time: 0.6874  data: 0.0001  max mem: 32286
Epoch: [68]  [ 80/106]  eta: 0:00:38  lr: 0.000149  min_lr: 0.000149  loss: 0.0000 (0.0000)  weight_decay: 0.0500 (0.0500)  grad_norm: 0.0025 (0.0033)  time: 0.6876  data: 0.0001  max mem: 32286
Epoch: [68]  [ 90/106]  eta: 0:00:22  lr: 0.000149  min_lr: 0.000149  loss: 0.0000 (0.0000)  weight_decay: 0.0500 (0.0500)  grad_norm: 0.0030 (0.0035)  time: 0.6868  data: 0.0001  max mem: 32286
Epoch: [68]  [100/106]  eta: 0:00:07  lr: 0.000149  min_lr: 0.000149  loss: 0.0000 (0.0000)  weight_decay: 0.0500 (0.0500)  grad_norm: 0.0039 (0.0035)  time: 0.6871  data: 0.0001  max mem: 32286
Epoch: [68]  [105/106]  eta: 0:00:01  lr: 0.000149  min_lr: 0.000149  loss: 0.0000 (0.0000)  weight_decay: 0.0500 (0.0500)  grad_norm: 0.0029 (0.0034)  time: 0.6877  data: 0.0001  max mem: 32286
Epoch: [68] Total time: 0:02:17 (1.2983 s / it)
Averaged stats: lr: 0.000149  min_lr: 0.000149  loss: 0.0000 (0.0000)  weight_decay: 0.0500 (0.0500)  grad_norm: 0.0029 (0.0034)
Epoch: [69]  [  0/106]  eta: 1:54:59  lr: 0.000149  min_lr: 0.000149  loss: 0.0000 (0.0000)  weight_decay: 0.0500 (0.0500)  grad_norm: 0.0027 (0.0027)  time: 65.0897  data: 55.6182  max mem: 32286
Epoch: [69]  [ 10/106]  eta: 0:10:31  lr: 0.000149  min_lr: 0.000149  loss: 0.0000 (0.0000)  weight_decay: 0.0500 (0.0500)  grad_norm: 0.0023 (0.0023)  time: 6.5822  data: 5.0564  max mem: 32286
Epoch: [69]  [ 20/106]  eta: 0:05:25  lr: 0.000149  min_lr: 0.000149  loss: 0.0000 (0.0000)  weight_decay: 0.0500 (0.0500)  grad_norm: 0.0023 (0.0022)  time: 0.7146  data: 0.0002  max mem: 32286
Epoch: [69]  [ 30/106]  eta: 0:03:31  lr: 0.000149  min_lr: 0.000149  loss: 0.0000 (0.0000)  weight_decay: 0.0500 (0.0500)  grad_norm: 0.0025 (0.0027)  time: 0.6929  data: 0.0001  max mem: 32286
Epoch: [69]  [ 40/106]  eta: 0:02:29  lr: 0.000149  min_lr: 0.000149  loss: 0.0000 (0.0000)  weight_decay: 0.0500 (0.0500)  grad_norm: 0.0030 (0.0028)  time: 0.6885  data: 0.0001  max mem: 32286
Epoch: [69]  [ 50/106]  eta: 0:01:49  lr: 0.000149  min_lr: 0.000149  loss: 0.0000 (0.0000)  weight_decay: 0.0500 (0.0500)  grad_norm: 0.0025 (0.0026)  time: 0.6883  data: 0.0001  max mem: 32286
Epoch: [69]  [ 60/106]  eta: 0:01:20  lr: 0.000149  min_lr: 0.000149  loss: 0.0000 (0.0000)  weight_decay: 0.0500 (0.0500)  grad_norm: 0.0026 (0.0030)  time: 0.6867  data: 0.0001  max mem: 32286
Epoch: [69]  [ 70/106]  eta: 0:00:57  lr: 0.000149  min_lr: 0.000149  loss: 0.0000 (0.0000)  weight_decay: 0.0500 (0.0500)  grad_norm: 0.0036 (0.0030)  time: 0.6867  data: 0.0001  max mem: 32286
Epoch: [69]  [ 80/106]  eta: 0:00:38  lr: 0.000149  min_lr: 0.000149  loss: 0.0000 (0.0000)  weight_decay: 0.0500 (0.0500)  grad_norm: 0.0027 (0.0029)  time: 0.6866  data: 0.0001  max mem: 32286
Epoch: [69]  [ 90/106]  eta: 0:00:22  lr: 0.000149  min_lr: 0.000149  loss: 0.0000 (0.0000)  weight_decay: 0.0500 (0.0500)  grad_norm: 0.0022 (0.0029)  time: 0.6858  data: 0.0001  max mem: 32286
Epoch: [69]  [100/106]  eta: 0:00:07  lr: 0.000149  min_lr: 0.000149  loss: 0.0000 (0.0000)  weight_decay: 0.0500 (0.0500)  grad_norm: 0.0028 (0.0029)  time: 0.6867  data: 0.0001  max mem: 32286
Epoch: [69]  [105/106]  eta: 0:00:01  lr: 0.000149  min_lr: 0.000149  loss: 0.0000 (0.0000)  weight_decay: 0.0500 (0.0500)  grad_norm: 0.0033 (0.0030)  time: 0.6872  data: 0.0001  max mem: 32286
Epoch: [69] Total time: 0:02:18 (1.3110 s / it)
Averaged stats: lr: 0.000149  min_lr: 0.000149  loss: 0.0000 (0.0000)  weight_decay: 0.0500 (0.0500)  grad_norm: 0.0033 (0.0030)
Epoch: [70]  [  0/106]  eta: 1:54:23  lr: 0.000149  min_lr: 0.000149  loss: 0.0000 (0.0000)  weight_decay: 0.0500 (0.0500)  grad_norm: 0.0038 (0.0038)  time: 64.7491  data: 61.6984  max mem: 32286
Epoch: [70]  [ 10/106]  eta: 0:10:27  lr: 0.000149  min_lr: 0.000149  loss: 0.0000 (0.0000)  weight_decay: 0.0500 (0.0500)  grad_norm: 0.0038 (0.0033)  time: 6.5379  data: 5.6091  max mem: 32286
Epoch: [70]  [ 20/106]  eta: 0:05:23  lr: 0.000149  min_lr: 0.000149  loss: 0.0000 (0.0000)  weight_decay: 0.0500 (0.0500)  grad_norm: 0.0028 (0.0030)  time: 0.7098  data: 0.0002  max mem: 32286
Epoch: [70]  [ 30/106]  eta: 0:03:30  lr: 0.000149  min_lr: 0.000149  loss: 0.0000 (0.0000)  weight_decay: 0.0500 (0.0500)  grad_norm: 0.0029 (0.0031)  time: 0.6949  data: 0.0002  max mem: 32286
Epoch: [70]  [ 40/106]  eta: 0:02:29  lr: 0.000149  min_lr: 0.000149  loss: 0.0000 (0.0000)  weight_decay: 0.0500 (0.0500)  grad_norm: 0.0033 (0.0033)  time: 0.6911  data: 0.0001  max mem: 32286
Epoch: [70]  [ 50/106]  eta: 0:01:49  lr: 0.000149  min_lr: 0.000149  loss: 0.0000 (0.0000)  weight_decay: 0.0500 (0.0500)  grad_norm: 0.0032 (0.0032)  time: 0.6913  data: 0.0001  max mem: 32286
Epoch: [70]  [ 60/106]  eta: 0:01:20  lr: 0.000149  min_lr: 0.000149  loss: 0.0000 (0.0000)  weight_decay: 0.0500 (0.0500)  grad_norm: 0.0027 (0.0031)  time: 0.6876  data: 0.0001  max mem: 32286
Epoch: [70]  [ 70/106]  eta: 0:00:57  lr: 0.000149  min_lr: 0.000149  loss: 0.0000 (0.0000)  weight_decay: 0.0500 (0.0500)  grad_norm: 0.0028 (0.0032)  time: 0.6869  data: 0.0002  max mem: 32286
Epoch: [70]  [ 80/106]  eta: 0:00:38  lr: 0.000149  min_lr: 0.000149  loss: 0.0000 (0.0000)  weight_decay: 0.0500 (0.0500)  grad_norm: 0.0032 (0.0031)  time: 0.6857  data: 0.0001  max mem: 32286
Epoch: [70]  [ 90/106]  eta: 0:00:22  lr: 0.000149  min_lr: 0.000149  loss: 0.0000 (0.0000)  weight_decay: 0.0500 (0.0500)  grad_norm: 0.0027 (0.0031)  time: 0.6865  data: 0.0001  max mem: 32286
Epoch: [70]  [100/106]  eta: 0:00:07  lr: 0.000149  min_lr: 0.000149  loss: 0.0000 (0.0000)  weight_decay: 0.0500 (0.0500)  grad_norm: 0.0028 (0.0031)  time: 0.6868  data: 0.0002  max mem: 32286
Epoch: [70]  [105/106]  eta: 0:00:01  lr: 0.000149  min_lr: 0.000149  loss: 0.0000 (0.0000)  weight_decay: 0.0500 (0.0500)  grad_norm: 0.0034 (0.0032)  time: 0.6879  data: 0.0002  max mem: 32286
Epoch: [70] Total time: 0:02:18 (1.3081 s / it)
Averaged stats: lr: 0.000149  min_lr: 0.000149  loss: 0.0000 (0.0000)  weight_decay: 0.0500 (0.0500)  grad_norm: 0.0034 (0.0032)
Epoch: [71]  [  0/106]  eta: 1:53:40  lr: 0.000149  min_lr: 0.000149  loss: 0.0000 (0.0000)  weight_decay: 0.0500 (0.0500)  grad_norm: 0.0030 (0.0030)  time: 64.3445  data: 61.3629  max mem: 32286
Epoch: [71]  [ 10/106]  eta: 0:10:22  lr: 0.000149  min_lr: 0.000149  loss: 0.0000 (0.0000)  weight_decay: 0.0500 (0.0500)  grad_norm: 0.0032 (0.0032)  time: 6.4861  data: 5.5786  max mem: 32286
Epoch: [71]  [ 20/106]  eta: 0:05:20  lr: 0.000149  min_lr: 0.000149  loss: 0.0000 (0.0000)  weight_decay: 0.0500 (0.0500)  grad_norm: 0.0033 (0.0033)  time: 0.6950  data: 0.0002  max mem: 32286
Epoch: [71]  [ 30/106]  eta: 0:03:28  lr: 0.000149  min_lr: 0.000149  loss: 0.0000 (0.0000)  weight_decay: 0.0500 (0.0500)  grad_norm: 0.0031 (0.0031)  time: 0.6917  data: 0.0002  max mem: 32286
Epoch: [71]  [ 40/106]  eta: 0:02:28  lr: 0.000149  min_lr: 0.000149  loss: 0.0000 (0.0000)  weight_decay: 0.0500 (0.0500)  grad_norm: 0.0031 (0.0033)  time: 0.6923  data: 0.0002  max mem: 32286
Epoch: [71]  [ 50/106]  eta: 0:01:48  lr: 0.000149  min_lr: 0.000149  loss: 0.0000 (0.0000)  weight_decay: 0.0500 (0.0500)  grad_norm: 0.0030 (0.0032)  time: 0.6911  data: 0.0001  max mem: 32286
Epoch: [71]  [ 60/106]  eta: 0:01:20  lr: 0.000149  min_lr: 0.000149  loss: 0.0000 (0.0000)  weight_decay: 0.0500 (0.0500)  grad_norm: 0.0023 (0.0031)  time: 0.7395  data: 0.0001  max mem: 32286
Epoch: [71]  [ 70/106]  eta: 0:00:57  lr: 0.000149  min_lr: 0.000149  loss: 0.0000 (0.0000)  weight_decay: 0.0500 (0.0500)  grad_norm: 0.0025 (0.0031)  time: 0.7584  data: 0.0001  max mem: 32286
Epoch: [71]  [ 80/106]  eta: 0:00:38  lr: 0.000149  min_lr: 0.000149  loss: 0.0000 (0.0000)  weight_decay: 0.0500 (0.0500)  grad_norm: 0.0034 (0.0032)  time: 0.7122  data: 0.0001  max mem: 32286
Epoch: [71]  [ 90/106]  eta: 0:00:22  lr: 0.000149  min_lr: 0.000149  loss: 0.0000 (0.0000)  weight_decay: 0.0500 (0.0500)  grad_norm: 0.0032 (0.0032)  time: 0.6931  data: 0.0002  max mem: 32286
Epoch: [71]  [100/106]  eta: 0:00:08  lr: 0.000149  min_lr: 0.000149  loss: 0.0000 (0.0000)  weight_decay: 0.0500 (0.0500)  grad_norm: 0.0023 (0.0031)  time: 0.6912  data: 0.0001  max mem: 32286
Epoch: [71]  [105/106]  eta: 0:00:01  lr: 0.000149  min_lr: 0.000149  loss: 0.0000 (0.0000)  weight_decay: 0.0500 (0.0500)  grad_norm: 0.0023 (0.0032)  time: 0.6905  data: 0.0002  max mem: 32286
Epoch: [71] Total time: 0:02:19 (1.3161 s / it)
Averaged stats: lr: 0.000149  min_lr: 0.000149  loss: 0.0000 (0.0000)  weight_decay: 0.0500 (0.0500)  grad_norm: 0.0023 (0.0032)
Epoch: [72]  [  0/106]  eta: 1:52:19  lr: 0.000149  min_lr: 0.000149  loss: 0.0000 (0.0000)  weight_decay: 0.0500 (0.0500)  grad_norm: 0.0041 (0.0041)  time: 63.5844  data: 48.7008  max mem: 32286
Epoch: [72]  [ 10/106]  eta: 0:10:19  lr: 0.000149  min_lr: 0.000149  loss: 0.0000 (0.0000)  weight_decay: 0.0500 (0.0500)  grad_norm: 0.0033 (0.0032)  time: 6.4548  data: 4.4275  max mem: 32286
Epoch: [72]  [ 20/106]  eta: 0:05:20  lr: 0.000149  min_lr: 0.000149  loss: 0.0000 (0.0000)  weight_decay: 0.0500 (0.0500)  grad_norm: 0.0027 (0.0029)  time: 0.7278  data: 0.0001  max mem: 32286
Epoch: [72]  [ 30/106]  eta: 0:03:28  lr: 0.000149  min_lr: 0.000149  loss: 0.0000 (0.0000)  weight_decay: 0.0500 (0.0500)  grad_norm: 0.0027 (0.0030)  time: 0.7020  data: 0.0001  max mem: 32286
Epoch: [72]  [ 40/106]  eta: 0:02:27  lr: 0.000149  min_lr: 0.000149  loss: 0.0000 (0.0000)  weight_decay: 0.0500 (0.0500)  grad_norm: 0.0034 (0.0032)  time: 0.6887  data: 0.0001  max mem: 32286
Epoch: [72]  [ 50/106]  eta: 0:01:48  lr: 0.000149  min_lr: 0.000149  loss: 0.0000 (0.0000)  weight_decay: 0.0500 (0.0500)  grad_norm: 0.0035 (0.0032)  time: 0.6858  data: 0.0001  max mem: 32286
Epoch: [72]  [ 60/106]  eta: 0:01:19  lr: 0.000149  min_lr: 0.000149  loss: 0.0000 (0.0000)  weight_decay: 0.0500 (0.0500)  grad_norm: 0.0025 (0.0030)  time: 0.6845  data: 0.0001  max mem: 32286
Epoch: [72]  [ 70/106]  eta: 0:00:57  lr: 0.000149  min_lr: 0.000149  loss: 0.0000 (0.0000)  weight_decay: 0.0500 (0.0500)  grad_norm: 0.0022 (0.0030)  time: 0.6860  data: 0.0001  max mem: 32286
Epoch: [72]  [ 80/106]  eta: 0:00:38  lr: 0.000149  min_lr: 0.000149  loss: 0.0000 (0.0000)  weight_decay: 0.0500 (0.0500)  grad_norm: 0.0024 (0.0029)  time: 0.6871  data: 0.0001  max mem: 32286
Epoch: [72]  [ 90/106]  eta: 0:00:22  lr: 0.000149  min_lr: 0.000149  loss: 0.0000 (0.0000)  weight_decay: 0.0500 (0.0500)  grad_norm: 0.0031 (0.0029)  time: 0.6867  data: 0.0001  max mem: 32286
Epoch: [72]  [100/106]  eta: 0:00:07  lr: 0.000149  min_lr: 0.000149  loss: 0.0000 (0.0000)  weight_decay: 0.0500 (0.0500)  grad_norm: 0.0031 (0.0030)  time: 0.6869  data: 0.0001  max mem: 32286
Epoch: [72]  [105/106]  eta: 0:00:01  lr: 0.000149  min_lr: 0.000149  loss: 0.0000 (0.0000)  weight_decay: 0.0500 (0.0500)  grad_norm: 0.0031 (0.0030)  time: 0.6883  data: 0.0001  max mem: 32286
Epoch: [72] Total time: 0:02:17 (1.2994 s / it)
Averaged stats: lr: 0.000149  min_lr: 0.000149  loss: 0.0000 (0.0000)  weight_decay: 0.0500 (0.0500)  grad_norm: 0.0031 (0.0030)
Epoch: [73]  [  0/106]  eta: 1:53:29  lr: 0.000149  min_lr: 0.000149  loss: 0.0000 (0.0000)  weight_decay: 0.0500 (0.0500)  grad_norm: 0.0035 (0.0035)  time: 64.2439  data: 59.4987  max mem: 32286
Epoch: [73]  [ 10/106]  eta: 0:10:21  lr: 0.000149  min_lr: 0.000149  loss: 0.0000 (0.0000)  weight_decay: 0.0500 (0.0500)  grad_norm: 0.0035 (0.0033)  time: 6.4708  data: 5.4091  max mem: 32286
Epoch: [73]  [ 20/106]  eta: 0:05:19  lr: 0.000149  min_lr: 0.000149  loss: 0.0000 (0.0000)  weight_decay: 0.0500 (0.0500)  grad_norm: 0.0030 (0.0031)  time: 0.6936  data: 0.0002  max mem: 32286
Epoch: [73]  [ 30/106]  eta: 0:03:28  lr: 0.000149  min_lr: 0.000149  loss: 0.0000 (0.0000)  weight_decay: 0.0500 (0.0500)  grad_norm: 0.0030 (0.0031)  time: 0.6926  data: 0.0001  max mem: 32286
Epoch: [73]  [ 40/106]  eta: 0:02:27  lr: 0.000149  min_lr: 0.000149  loss: 0.0000 (0.0000)  weight_decay: 0.0500 (0.0500)  grad_norm: 0.0030 (0.0030)  time: 0.6903  data: 0.0001  max mem: 32286
Epoch: [73]  [ 50/106]  eta: 0:01:48  lr: 0.000149  min_lr: 0.000149  loss: 0.0000 (0.0000)  weight_decay: 0.0500 (0.0500)  grad_norm: 0.0030 (0.0031)  time: 0.6884  data: 0.0001  max mem: 32286
Epoch: [73]  [ 60/106]  eta: 0:01:19  lr: 0.000149  min_lr: 0.000149  loss: 0.0000 (0.0000)  weight_decay: 0.0500 (0.0500)  grad_norm: 0.0031 (0.0030)  time: 0.6875  data: 0.0001  max mem: 32286
Epoch: [73]  [ 70/106]  eta: 0:00:57  lr: 0.000149  min_lr: 0.000149  loss: 0.0000 (0.0000)  weight_decay: 0.0500 (0.0500)  grad_norm: 0.0030 (0.0031)  time: 0.6881  data: 0.0001  max mem: 32286
Epoch: [73]  [ 80/106]  eta: 0:00:38  lr: 0.000149  min_lr: 0.000149  loss: 0.0000 (0.0000)  weight_decay: 0.0500 (0.0500)  grad_norm: 0.0037 (0.0032)  time: 0.6880  data: 0.0001  max mem: 32286
Epoch: [73]  [ 90/106]  eta: 0:00:22  lr: 0.000149  min_lr: 0.000149  loss: 0.0000 (0.0000)  weight_decay: 0.0500 (0.0500)  grad_norm: 0.0031 (0.0031)  time: 0.6868  data: 0.0001  max mem: 32286
Epoch: [73]  [100/106]  eta: 0:00:07  lr: 0.000149  min_lr: 0.000149  loss: 0.0000 (0.0000)  weight_decay: 0.0500 (0.0500)  grad_norm: 0.0022 (0.0030)  time: 0.6874  data: 0.0001  max mem: 32286
Epoch: [73]  [105/106]  eta: 0:00:01  lr: 0.000149  min_lr: 0.000149  loss: 0.0000 (0.0000)  weight_decay: 0.0500 (0.0500)  grad_norm: 0.0022 (0.0030)  time: 0.6888  data: 0.0001  max mem: 32286
Epoch: [73] Total time: 0:02:17 (1.2996 s / it)
Averaged stats: lr: 0.000149  min_lr: 0.000149  loss: 0.0000 (0.0000)  weight_decay: 0.0500 (0.0500)  grad_norm: 0.0022 (0.0030)
Epoch: [74]  [  0/106]  eta: 1:52:49  lr: 0.000149  min_lr: 0.000149  loss: 0.0000 (0.0000)  weight_decay: 0.0500 (0.0500)  grad_norm: 0.0019 (0.0019)  time: 63.8613  data: 45.8744  max mem: 32286
Epoch: [74]  [ 10/106]  eta: 0:10:18  lr: 0.000149  min_lr: 0.000149  loss: 0.0000 (0.0000)  weight_decay: 0.0500 (0.0500)  grad_norm: 0.0032 (0.0032)  time: 6.4389  data: 4.1706  max mem: 32286
Epoch: [74]  [ 20/106]  eta: 0:05:18  lr: 0.000149  min_lr: 0.000149  loss: 0.0000 (0.0000)  weight_decay: 0.0500 (0.0500)  grad_norm: 0.0031 (0.0030)  time: 0.6954  data: 0.0002  max mem: 32286
Epoch: [74]  [ 30/106]  eta: 0:03:27  lr: 0.000149  min_lr: 0.000149  loss: 0.0000 (0.0000)  weight_decay: 0.0500 (0.0500)  grad_norm: 0.0026 (0.0029)  time: 0.6922  data: 0.0002  max mem: 32286
Epoch: [74]  [ 40/106]  eta: 0:02:27  lr: 0.000149  min_lr: 0.000149  loss: 0.0000 (0.0000)  weight_decay: 0.0500 (0.0500)  grad_norm: 0.0028 (0.0029)  time: 0.6891  data: 0.0002  max mem: 32286
Epoch: [74]  [ 50/106]  eta: 0:01:48  lr: 0.000149  min_lr: 0.000149  loss: 0.0000 (0.0000)  weight_decay: 0.0500 (0.0500)  grad_norm: 0.0030 (0.0030)  time: 0.6896  data: 0.0002  max mem: 32286
Epoch: [74]  [ 60/106]  eta: 0:01:19  lr: 0.000149  min_lr: 0.000149  loss: 0.0000 (0.0000)  weight_decay: 0.0500 (0.0500)  grad_norm: 0.0030 (0.0030)  time: 0.6916  data: 0.0001  max mem: 32286
Epoch: [74]  [ 70/106]  eta: 0:00:56  lr: 0.000149  min_lr: 0.000149  loss: 0.0000 (0.0000)  weight_decay: 0.0500 (0.0500)  grad_norm: 0.0029 (0.0030)  time: 0.6913  data: 0.0001  max mem: 32286
Epoch: [74]  [ 80/106]  eta: 0:00:38  lr: 0.000149  min_lr: 0.000149  loss: 0.0000 (0.0000)  weight_decay: 0.0500 (0.0500)  grad_norm: 0.0030 (0.0030)  time: 0.6909  data: 0.0001  max mem: 32286
Epoch: [74]  [ 90/106]  eta: 0:00:22  lr: 0.000149  min_lr: 0.000149  loss: 0.0000 (0.0000)  weight_decay: 0.0500 (0.0500)  grad_norm: 0.0030 (0.0030)  time: 0.6906  data: 0.0001  max mem: 32286
Epoch: [74]  [100/106]  eta: 0:00:07  lr: 0.000149  min_lr: 0.000149  loss: 0.0000 (0.0000)  weight_decay: 0.0500 (0.0500)  grad_norm: 0.0026 (0.0030)  time: 0.6918  data: 0.0001  max mem: 32286
Epoch: [74]  [105/106]  eta: 0:00:01  lr: 0.000149  min_lr: 0.000149  loss: 0.0000 (0.0000)  weight_decay: 0.0500 (0.0500)  grad_norm: 0.0024 (0.0029)  time: 0.6921  data: 0.0001  max mem: 32286
Epoch: [74] Total time: 0:02:17 (1.2981 s / it)
Averaged stats: lr: 0.000149  min_lr: 0.000149  loss: 0.0000 (0.0000)  weight_decay: 0.0500 (0.0500)  grad_norm: 0.0024 (0.0029)
Epoch: [75]  [  0/106]  eta: 1:52:27  lr: 0.000149  min_lr: 0.000149  loss: 0.0000 (0.0000)  weight_decay: 0.0500 (0.0500)  grad_norm: 0.0026 (0.0026)  time: 63.6597  data: 52.9102  max mem: 32286
Epoch: [75]  [ 10/106]  eta: 0:10:28  lr: 0.000149  min_lr: 0.000149  loss: 0.0000 (0.0000)  weight_decay: 0.0500 (0.0500)  grad_norm: 0.0035 (0.0034)  time: 6.5516  data: 4.8102  max mem: 32286
Epoch: [75]  [ 20/106]  eta: 0:05:23  lr: 0.000149  min_lr: 0.000149  loss: 0.0000 (0.0000)  weight_decay: 0.0500 (0.0500)  grad_norm: 0.0030 (0.0032)  time: 0.7671  data: 0.0002  max mem: 32286
Epoch: [75]  [ 30/106]  eta: 0:03:30  lr: 0.000149  min_lr: 0.000149  loss: 0.0000 (0.0000)  weight_decay: 0.0500 (0.0500)  grad_norm: 0.0028 (0.0032)  time: 0.6913  data: 0.0001  max mem: 32286
Epoch: [75]  [ 40/106]  eta: 0:02:29  lr: 0.000149  min_lr: 0.000149  loss: 0.0000 (0.0000)  weight_decay: 0.0500 (0.0500)  grad_norm: 0.0028 (0.0032)  time: 0.6871  data: 0.0002  max mem: 32286
Epoch: [75]  [ 50/106]  eta: 0:01:49  lr: 0.000149  min_lr: 0.000149  loss: 0.0000 (0.0000)  weight_decay: 0.0500 (0.0500)  grad_norm: 0.0028 (0.0031)  time: 0.6867  data: 0.0001  max mem: 32286
Epoch: [75]  [ 60/106]  eta: 0:01:20  lr: 0.000149  min_lr: 0.000149  loss: 0.0000 (0.0000)  weight_decay: 0.0500 (0.0500)  grad_norm: 0.0028 (0.0030)  time: 0.6875  data: 0.0001  max mem: 32286
Epoch: [75]  [ 70/106]  eta: 0:00:57  lr: 0.000149  min_lr: 0.000149  loss: 0.0000 (0.0000)  weight_decay: 0.0500 (0.0500)  grad_norm: 0.0032 (0.0031)  time: 0.6864  data: 0.0001  max mem: 32286
Epoch: [75]  [ 80/106]  eta: 0:00:38  lr: 0.000149  min_lr: 0.000149  loss: 0.0000 (0.0000)  weight_decay: 0.0500 (0.0500)  grad_norm: 0.0034 (0.0031)  time: 0.6868  data: 0.0001  max mem: 32286
Epoch: [75]  [ 90/106]  eta: 0:00:22  lr: 0.000149  min_lr: 0.000149  loss: 0.0000 (0.0000)  weight_decay: 0.0500 (0.0500)  grad_norm: 0.0028 (0.0031)  time: 0.6891  data: 0.0001  max mem: 32286
Epoch: [75]  [100/106]  eta: 0:00:07  lr: 0.000149  min_lr: 0.000149  loss: 0.0000 (0.0000)  weight_decay: 0.0500 (0.0500)  grad_norm: 0.0027 (0.0030)  time: 0.6898  data: 0.0001  max mem: 32286
Epoch: [75]  [105/106]  eta: 0:00:01  lr: 0.000149  min_lr: 0.000149  loss: 0.0000 (0.0000)  weight_decay: 0.0500 (0.0500)  grad_norm: 0.0025 (0.0030)  time: 0.6876  data: 0.0001  max mem: 32286
Epoch: [75] Total time: 0:02:18 (1.3086 s / it)
Averaged stats: lr: 0.000149  min_lr: 0.000149  loss: 0.0000 (0.0000)  weight_decay: 0.0500 (0.0500)  grad_norm: 0.0025 (0.0030)
Epoch: [76]  [  0/106]  eta: 1:54:06  lr: 0.000149  min_lr: 0.000149  loss: 0.0000 (0.0000)  weight_decay: 0.0500 (0.0500)  grad_norm: 0.0029 (0.0029)  time: 64.5861  data: 61.1629  max mem: 32286
Epoch: [76]  [ 10/106]  eta: 0:10:24  lr: 0.000149  min_lr: 0.000149  loss: 0.0000 (0.0000)  weight_decay: 0.0500 (0.0500)  grad_norm: 0.0029 (0.0030)  time: 6.5048  data: 5.5604  max mem: 32286
Epoch: [76]  [ 20/106]  eta: 0:05:21  lr: 0.000149  min_lr: 0.000149  loss: 0.0000 (0.0000)  weight_decay: 0.0500 (0.0500)  grad_norm: 0.0028 (0.0029)  time: 0.6944  data: 0.0002  max mem: 32286
Epoch: [76]  [ 30/106]  eta: 0:03:29  lr: 0.000149  min_lr: 0.000149  loss: 0.0000 (0.0000)  weight_decay: 0.0500 (0.0500)  grad_norm: 0.0028 (0.0029)  time: 0.6913  data: 0.0002  max mem: 32286
Epoch: [76]  [ 40/106]  eta: 0:02:28  lr: 0.000149  min_lr: 0.000149  loss: 0.0000 (0.0000)  weight_decay: 0.0500 (0.0500)  grad_norm: 0.0029 (0.0029)  time: 0.6892  data: 0.0002  max mem: 32286
Epoch: [76]  [ 50/106]  eta: 0:01:48  lr: 0.000149  min_lr: 0.000149  loss: 0.0000 (0.0000)  weight_decay: 0.0500 (0.0500)  grad_norm: 0.0028 (0.0028)  time: 0.6894  data: 0.0001  max mem: 32286
Epoch: [76]  [ 60/106]  eta: 0:01:19  lr: 0.000149  min_lr: 0.000149  loss: 0.0000 (0.0000)  weight_decay: 0.0500 (0.0500)  grad_norm: 0.0026 (0.0028)  time: 0.6899  data: 0.0001  max mem: 32286
Epoch: [76]  [ 70/106]  eta: 0:00:57  lr: 0.000149  min_lr: 0.000149  loss: 0.0000 (0.0000)  weight_decay: 0.0500 (0.0500)  grad_norm: 0.0029 (0.0029)  time: 0.6878  data: 0.0001  max mem: 32286
Epoch: [76]  [ 80/106]  eta: 0:00:38  lr: 0.000149  min_lr: 0.000149  loss: 0.0000 (0.0000)  weight_decay: 0.0500 (0.0500)  grad_norm: 0.0032 (0.0029)  time: 0.6870  data: 0.0001  max mem: 32286
Epoch: [76]  [ 90/106]  eta: 0:00:22  lr: 0.000149  min_lr: 0.000149  loss: 0.0000 (0.0000)  weight_decay: 0.0500 (0.0500)  grad_norm: 0.0029 (0.0029)  time: 0.6872  data: 0.0001  max mem: 32286
Epoch: [76]  [100/106]  eta: 0:00:07  lr: 0.000149  min_lr: 0.000149  loss: 0.0000 (0.0000)  weight_decay: 0.0500 (0.0500)  grad_norm: 0.0027 (0.0029)  time: 0.6865  data: 0.0001  max mem: 32286
Epoch: [76]  [105/106]  eta: 0:00:01  lr: 0.000149  min_lr: 0.000149  loss: 0.0000 (0.0000)  weight_decay: 0.0500 (0.0500)  grad_norm: 0.0025 (0.0029)  time: 0.6863  data: 0.0001  max mem: 32286
Epoch: [76] Total time: 0:02:18 (1.3033 s / it)
Averaged stats: lr: 0.000149  min_lr: 0.000149  loss: 0.0000 (0.0000)  weight_decay: 0.0500 (0.0500)  grad_norm: 0.0025 (0.0029)
Epoch: [77]  [  0/106]  eta: 1:53:22  lr: 0.000149  min_lr: 0.000149  loss: 0.0000 (0.0000)  weight_decay: 0.0500 (0.0500)  grad_norm: 0.0024 (0.0024)  time: 64.1700  data: 59.8778  max mem: 32286
Epoch: [77]  [ 10/106]  eta: 0:10:20  lr: 0.000149  min_lr: 0.000149  loss: 0.0000 (0.0000)  weight_decay: 0.0500 (0.0500)  grad_norm: 0.0024 (0.0024)  time: 6.4627  data: 5.4437  max mem: 32286
Epoch: [77]  [ 20/106]  eta: 0:05:19  lr: 0.000149  min_lr: 0.000149  loss: 0.0000 (0.0000)  weight_decay: 0.0500 (0.0500)  grad_norm: 0.0026 (0.0029)  time: 0.6903  data: 0.0002  max mem: 32286
Epoch: [77]  [ 30/106]  eta: 0:03:28  lr: 0.000149  min_lr: 0.000149  loss: 0.0000 (0.0000)  weight_decay: 0.0500 (0.0500)  grad_norm: 0.0031 (0.0030)  time: 0.6894  data: 0.0001  max mem: 32286
Epoch: [77]  [ 40/106]  eta: 0:02:27  lr: 0.000149  min_lr: 0.000149  loss: 0.0000 (0.0000)  weight_decay: 0.0500 (0.0500)  grad_norm: 0.0029 (0.0030)  time: 0.6893  data: 0.0002  max mem: 32286
Epoch: [77]  [ 50/106]  eta: 0:01:48  lr: 0.000149  min_lr: 0.000149  loss: 0.0000 (0.0000)  weight_decay: 0.0500 (0.0500)  grad_norm: 0.0029 (0.0030)  time: 0.6889  data: 0.0001  max mem: 32286
Epoch: [77]  [ 60/106]  eta: 0:01:19  lr: 0.000149  min_lr: 0.000149  loss: 0.0000 (0.0000)  weight_decay: 0.0500 (0.0500)  grad_norm: 0.0030 (0.0030)  time: 0.6883  data: 0.0001  max mem: 32286
Epoch: [77]  [ 70/106]  eta: 0:00:56  lr: 0.000149  min_lr: 0.000149  loss: 0.0000 (0.0000)  weight_decay: 0.0500 (0.0500)  grad_norm: 0.0028 (0.0029)  time: 0.6875  data: 0.0001  max mem: 32286
Epoch: [77]  [ 80/106]  eta: 0:00:38  lr: 0.000149  min_lr: 0.000149  loss: 0.0000 (0.0000)  weight_decay: 0.0500 (0.0500)  grad_norm: 0.0029 (0.0030)  time: 0.6876  data: 0.0001  max mem: 32286
Epoch: [77]  [ 90/106]  eta: 0:00:22  lr: 0.000149  min_lr: 0.000149  loss: 0.0000 (0.0000)  weight_decay: 0.0500 (0.0500)  grad_norm: 0.0029 (0.0029)  time: 0.6873  data: 0.0001  max mem: 32286
Epoch: [77]  [100/106]  eta: 0:00:07  lr: 0.000149  min_lr: 0.000149  loss: 0.0000 (0.0000)  weight_decay: 0.0500 (0.0500)  grad_norm: 0.0026 (0.0029)  time: 0.6876  data: 0.0001  max mem: 32286
Epoch: [77]  [105/106]  eta: 0:00:01  lr: 0.000149  min_lr: 0.000149  loss: 0.0000 (0.0000)  weight_decay: 0.0500 (0.0500)  grad_norm: 0.0026 (0.0029)  time: 0.6873  data: 0.0001  max mem: 32286
Epoch: [77] Total time: 0:02:17 (1.2981 s / it)
Averaged stats: lr: 0.000149  min_lr: 0.000149  loss: 0.0000 (0.0000)  weight_decay: 0.0500 (0.0500)  grad_norm: 0.0026 (0.0029)
Epoch: [78]  [  0/106]  eta: 1:51:32  lr: 0.000149  min_lr: 0.000149  loss: 0.0000 (0.0000)  weight_decay: 0.0500 (0.0500)  grad_norm: 0.0021 (0.0021)  time: 63.1368  data: 61.6314  max mem: 32286
Epoch: [78]  [ 10/106]  eta: 0:10:18  lr: 0.000149  min_lr: 0.000149  loss: 0.0000 (0.0000)  weight_decay: 0.0500 (0.0500)  grad_norm: 0.0026 (0.0028)  time: 6.4394  data: 5.6030  max mem: 32286
Epoch: [78]  [ 20/106]  eta: 0:05:18  lr: 0.000149  min_lr: 0.000149  loss: 0.0000 (0.0000)  weight_decay: 0.0500 (0.0500)  grad_norm: 0.0028 (0.0029)  time: 0.7316  data: 0.0002  max mem: 32286
Epoch: [78]  [ 30/106]  eta: 0:03:31  lr: 0.000149  min_lr: 0.000149  loss: 0.0000 (0.0000)  weight_decay: 0.0500 (0.0500)  grad_norm: 0.0026 (0.0027)  time: 0.7630  data: 0.0002  max mem: 32286
Epoch: [78]  [ 40/106]  eta: 0:02:31  lr: 0.000149  min_lr: 0.000149  loss: 0.0000 (0.0000)  weight_decay: 0.0500 (0.0500)  grad_norm: 0.0025 (0.0029)  time: 0.8137  data: 0.0001  max mem: 32286
Epoch: [78]  [ 50/106]  eta: 0:01:51  lr: 0.000149  min_lr: 0.000149  loss: 0.0000 (0.0000)  weight_decay: 0.0500 (0.0500)  grad_norm: 0.0027 (0.0028)  time: 0.7500  data: 0.0001  max mem: 32286
Epoch: [78]  [ 60/106]  eta: 0:01:21  lr: 0.000149  min_lr: 0.000149  loss: 0.0000 (0.0000)  weight_decay: 0.0500 (0.0500)  grad_norm: 0.0027 (0.0028)  time: 0.6998  data: 0.0001  max mem: 32286
Epoch: [78]  [ 70/106]  eta: 0:00:58  lr: 0.000149  min_lr: 0.000149  loss: 0.0000 (0.0000)  weight_decay: 0.0500 (0.0500)  grad_norm: 0.0027 (0.0028)  time: 0.6920  data: 0.0001  max mem: 32286
Epoch: [78]  [ 80/106]  eta: 0:00:39  lr: 0.000148  min_lr: 0.000148  loss: 0.0000 (0.0000)  weight_decay: 0.0500 (0.0500)  grad_norm: 0.0026 (0.0028)  time: 0.6889  data: 0.0001  max mem: 32286
Epoch: [78]  [ 90/106]  eta: 0:00:22  lr: 0.000148  min_lr: 0.000148  loss: 0.0000 (0.0000)  weight_decay: 0.0500 (0.0500)  grad_norm: 0.0029 (0.0029)  time: 0.6877  data: 0.0002  max mem: 32286
Epoch: [78]  [100/106]  eta: 0:00:08  lr: 0.000148  min_lr: 0.000148  loss: 0.0000 (0.0000)  weight_decay: 0.0500 (0.0500)  grad_norm: 0.0032 (0.0029)  time: 0.6856  data: 0.0002  max mem: 32286
Epoch: [78]  [105/106]  eta: 0:00:01  lr: 0.000148  min_lr: 0.000148  loss: 0.0000 (0.0000)  weight_decay: 0.0500 (0.0500)  grad_norm: 0.0032 (0.0029)  time: 0.6853  data: 0.0002  max mem: 32286
Epoch: [78] Total time: 0:02:20 (1.3236 s / it)
Averaged stats: lr: 0.000148  min_lr: 0.000148  loss: 0.0000 (0.0000)  weight_decay: 0.0500 (0.0500)  grad_norm: 0.0032 (0.0029)
Epoch: [79]  [  0/106]  eta: 3:20:02  lr: 0.000148  min_lr: 0.000148  loss: 0.0000 (0.0000)  weight_decay: 0.0500 (0.0500)  grad_norm: 0.0029 (0.0029)  time: 113.2353  data: 84.6631  max mem: 32286
Epoch: [79]  [ 10/106]  eta: 0:17:30  lr: 0.000148  min_lr: 0.000148  loss: 0.0000 (0.0000)  weight_decay: 0.0500 (0.0500)  grad_norm: 0.0024 (0.0024)  time: 10.9378  data: 7.6968  max mem: 32286
Epoch: [79]  [ 20/106]  eta: 0:08:41  lr: 0.000148  min_lr: 0.000148  loss: 0.0000 (0.0000)  weight_decay: 0.0500 (0.0500)  grad_norm: 0.0024 (0.0024)  time: 0.7042  data: 0.0002  max mem: 32286
Epoch: [79]  [ 30/106]  eta: 0:05:32  lr: 0.000148  min_lr: 0.000148  loss: 0.0000 (0.0000)  weight_decay: 0.0500 (0.0500)  grad_norm: 0.0023 (0.0024)  time: 0.7584  data: 0.0001  max mem: 32286
Epoch: [79]  [ 40/106]  eta: 0:03:49  lr: 0.000148  min_lr: 0.000148  loss: 0.0000 (0.0000)  weight_decay: 0.0500 (0.0500)  grad_norm: 0.0022 (0.0025)  time: 0.7663  data: 0.0001  max mem: 32286
Epoch: [79]  [ 50/106]  eta: 0:02:44  lr: 0.000148  min_lr: 0.000148  loss: 0.0000 (0.0000)  weight_decay: 0.0500 (0.0500)  grad_norm: 0.0033 (0.0027)  time: 0.7082  data: 0.0001  max mem: 32286
Epoch: [79]  [ 60/106]  eta: 0:01:58  lr: 0.000148  min_lr: 0.000148  loss: 0.0000 (0.0000)  weight_decay: 0.0500 (0.0500)  grad_norm: 0.0028 (0.0026)  time: 0.6946  data: 0.0001  max mem: 32286
Epoch: [79]  [ 70/106]  eta: 0:01:22  lr: 0.000148  min_lr: 0.000148  loss: 0.0000 (0.0000)  weight_decay: 0.0500 (0.0500)  grad_norm: 0.0023 (0.0026)  time: 0.6887  data: 0.0001  max mem: 32286
Epoch: [79]  [ 80/106]  eta: 0:00:54  lr: 0.000148  min_lr: 0.000148  loss: 0.0000 (0.0000)  weight_decay: 0.0500 (0.0500)  grad_norm: 0.0022 (0.0026)  time: 0.6885  data: 0.0001  max mem: 32286
Epoch: [79]  [ 90/106]  eta: 0:00:31  lr: 0.000148  min_lr: 0.000148  loss: 0.0000 (0.0000)  weight_decay: 0.0500 (0.0500)  grad_norm: 0.0025 (0.0026)  time: 0.6866  data: 0.0001  max mem: 32286
Epoch: [79]  [100/106]  eta: 0:00:10  lr: 0.000148  min_lr: 0.000148  loss: 0.0000 (0.0000)  weight_decay: 0.0500 (0.0500)  grad_norm: 0.0028 (0.0026)  time: 0.6851  data: 0.0001  max mem: 32286
Epoch: [79]  [105/106]  eta: 0:00:01  lr: 0.000148  min_lr: 0.000148  loss: 0.0000 (0.0000)  weight_decay: 0.0500 (0.0500)  grad_norm: 0.0030 (0.0027)  time: 0.6847  data: 0.0001  max mem: 32286
Epoch: [79] Total time: 0:03:08 (1.7801 s / it)
Averaged stats: lr: 0.000148  min_lr: 0.000148  loss: 0.0000 (0.0000)  weight_decay: 0.0500 (0.0500)  grad_norm: 0.0030 (0.0027)
Epoch: [80]  [  0/106]  eta: 1:53:48  lr: 0.000148  min_lr: 0.000148  loss: 0.0000 (0.0000)  weight_decay: 0.0500 (0.0500)  grad_norm: 0.0036 (0.0036)  time: 64.4164  data: 61.7746  max mem: 32286
Epoch: [80]  [ 10/106]  eta: 0:10:23  lr: 0.000148  min_lr: 0.000148  loss: 0.0000 (0.0000)  weight_decay: 0.0500 (0.0500)  grad_norm: 0.0033 (0.0032)  time: 6.4927  data: 5.6160  max mem: 32286
Epoch: [80]  [ 20/106]  eta: 0:05:21  lr: 0.000148  min_lr: 0.000148  loss: 0.0000 (0.0000)  weight_decay: 0.0500 (0.0500)  grad_norm: 0.0030 (0.0030)  time: 0.6998  data: 0.0002  max mem: 32286
Epoch: [80]  [ 30/106]  eta: 0:03:29  lr: 0.000148  min_lr: 0.000148  loss: 0.0000 (0.0000)  weight_decay: 0.0500 (0.0500)  grad_norm: 0.0025 (0.0028)  time: 0.6946  data: 0.0002  max mem: 32286
Epoch: [80]  [ 40/106]  eta: 0:02:28  lr: 0.000148  min_lr: 0.000148  loss: 0.0000 (0.0000)  weight_decay: 0.0500 (0.0500)  grad_norm: 0.0023 (0.0027)  time: 0.7011  data: 0.0001  max mem: 32286
Epoch: [80]  [ 50/106]  eta: 0:01:50  lr: 0.000148  min_lr: 0.000148  loss: 0.0000 (0.0000)  weight_decay: 0.0500 (0.0500)  grad_norm: 0.0022 (0.0026)  time: 0.7769  data: 0.0001  max mem: 32286
Epoch: [80]  [ 60/106]  eta: 0:01:21  lr: 0.000148  min_lr: 0.000148  loss: 0.0000 (0.0000)  weight_decay: 0.0500 (0.0500)  grad_norm: 0.0026 (0.0027)  time: 0.7969  data: 0.0001  max mem: 32286
Epoch: [80]  [ 70/106]  eta: 0:00:58  lr: 0.000148  min_lr: 0.000148  loss: 0.0000 (0.0000)  weight_decay: 0.0500 (0.0500)  grad_norm: 0.0028 (0.0027)  time: 0.7547  data: 0.0001  max mem: 32286
Epoch: [80]  [ 80/106]  eta: 0:00:39  lr: 0.000148  min_lr: 0.000148  loss: 0.0000 (0.0000)  weight_decay: 0.0500 (0.0500)  grad_norm: 0.0025 (0.0027)  time: 0.7277  data: 0.0001  max mem: 32286
Epoch: [80]  [ 90/106]  eta: 0:00:23  lr: 0.000148  min_lr: 0.000148  loss: 0.0000 (0.0000)  weight_decay: 0.0500 (0.0500)  grad_norm: 0.0025 (0.0027)  time: 0.7446  data: 0.0001  max mem: 32286
Epoch: [80]  [100/106]  eta: 0:00:08  lr: 0.000148  min_lr: 0.000148  loss: 0.0000 (0.0000)  weight_decay: 0.0500 (0.0500)  grad_norm: 0.0023 (0.0026)  time: 0.7601  data: 0.0001  max mem: 32286
Epoch: [80]  [105/106]  eta: 0:00:01  lr: 0.000148  min_lr: 0.000148  loss: 0.0000 (0.0000)  weight_decay: 0.0500 (0.0500)  grad_norm: 0.0024 (0.0027)  time: 0.7529  data: 0.0001  max mem: 32286
Epoch: [80] Total time: 0:02:22 (1.3468 s / it)
Averaged stats: lr: 0.000148  min_lr: 0.000148  loss: 0.0000 (0.0000)  weight_decay: 0.0500 (0.0500)  grad_norm: 0.0024 (0.0027)
Epoch: [81]  [  0/106]  eta: 1:53:20  lr: 0.000148  min_lr: 0.000148  loss: 0.0000 (0.0000)  weight_decay: 0.0500 (0.0500)  grad_norm: 0.0046 (0.0046)  time: 64.1581  data: 53.3676  max mem: 32286
Epoch: [81]  [ 10/106]  eta: 0:10:26  lr: 0.000148  min_lr: 0.000148  loss: 0.0000 (0.0000)  weight_decay: 0.0500 (0.0500)  grad_norm: 0.0031 (0.0034)  time: 6.5264  data: 4.8517  max mem: 32286
Epoch: [81]  [ 20/106]  eta: 0:05:23  lr: 0.000148  min_lr: 0.000148  loss: 0.0000 (0.0000)  weight_decay: 0.0500 (0.0500)  grad_norm: 0.0028 (0.0030)  time: 0.7406  data: 0.0002  max mem: 32286
Epoch: [81]  [ 30/106]  eta: 0:03:30  lr: 0.000148  min_lr: 0.000148  loss: 0.0000 (0.0000)  weight_decay: 0.0500 (0.0500)  grad_norm: 0.0023 (0.0027)  time: 0.7064  data: 0.0001  max mem: 32286
Epoch: [81]  [ 40/106]  eta: 0:02:29  lr: 0.000148  min_lr: 0.000148  loss: 0.0000 (0.0000)  weight_decay: 0.0500 (0.0500)  grad_norm: 0.0024 (0.0026)  time: 0.6965  data: 0.0001  max mem: 32286
Epoch: [81]  [ 50/106]  eta: 0:01:49  lr: 0.000148  min_lr: 0.000148  loss: 0.0000 (0.0000)  weight_decay: 0.0500 (0.0500)  grad_norm: 0.0025 (0.0026)  time: 0.7018  data: 0.0001  max mem: 32286
Epoch: [81]  [ 60/106]  eta: 0:01:20  lr: 0.000148  min_lr: 0.000148  loss: 0.0000 (0.0000)  weight_decay: 0.0500 (0.0500)  grad_norm: 0.0029 (0.0028)  time: 0.6999  data: 0.0001  max mem: 32286
Epoch: [81]  [ 70/106]  eta: 0:00:57  lr: 0.000148  min_lr: 0.000148  loss: 0.0000 (0.0000)  weight_decay: 0.0500 (0.0500)  grad_norm: 0.0028 (0.0027)  time: 0.6935  data: 0.0001  max mem: 32286
Epoch: [81]  [ 80/106]  eta: 0:00:38  lr: 0.000148  min_lr: 0.000148  loss: 0.0000 (0.0000)  weight_decay: 0.0500 (0.0500)  grad_norm: 0.0024 (0.0027)  time: 0.6923  data: 0.0001  max mem: 32286
Epoch: [81]  [ 90/106]  eta: 0:00:22  lr: 0.000148  min_lr: 0.000148  loss: 0.0000 (0.0000)  weight_decay: 0.0500 (0.0500)  grad_norm: 0.0029 (0.0027)  time: 0.6925  data: 0.0001  max mem: 32286
Epoch: [81]  [100/106]  eta: 0:00:07  lr: 0.000148  min_lr: 0.000148  loss: 0.0000 (0.0000)  weight_decay: 0.0500 (0.0500)  grad_norm: 0.0031 (0.0027)  time: 0.6918  data: 0.0001  max mem: 32286
Epoch: [81]  [105/106]  eta: 0:00:01  lr: 0.000148  min_lr: 0.000148  loss: 0.0000 (0.0000)  weight_decay: 0.0500 (0.0500)  grad_norm: 0.0029 (0.0028)  time: 0.6904  data: 0.0001  max mem: 32286
Epoch: [81] Total time: 0:02:19 (1.3136 s / it)
Averaged stats: lr: 0.000148  min_lr: 0.000148  loss: 0.0000 (0.0000)  weight_decay: 0.0500 (0.0500)  grad_norm: 0.0029 (0.0028)
Epoch: [82]  [  0/106]  eta: 1:53:37  lr: 0.000148  min_lr: 0.000148  loss: 0.0000 (0.0000)  weight_decay: 0.0500 (0.0500)  grad_norm: 0.0029 (0.0029)  time: 64.3170  data: 59.7877  max mem: 32286
Epoch: [82]  [ 10/106]  eta: 0:10:34  lr: 0.000148  min_lr: 0.000148  loss: 0.0000 (0.0000)  weight_decay: 0.0500 (0.0500)  grad_norm: 0.0027 (0.0025)  time: 6.6099  data: 5.4354  max mem: 32286
Epoch: [82]  [ 20/106]  eta: 0:05:33  lr: 0.000148  min_lr: 0.000148  loss: 0.0000 (0.0000)  weight_decay: 0.0500 (0.0500)  grad_norm: 0.0027 (0.0027)  time: 0.8501  data: 0.0002  max mem: 32286
Epoch: [82]  [ 30/106]  eta: 0:03:38  lr: 0.000148  min_lr: 0.000148  loss: 0.0000 (0.0000)  weight_decay: 0.0500 (0.0500)  grad_norm: 0.0031 (0.0028)  time: 0.8197  data: 0.0002  max mem: 32286
Epoch: [82]  [ 40/106]  eta: 0:02:35  lr: 0.000148  min_lr: 0.000148  loss: 0.0000 (0.0000)  weight_decay: 0.0500 (0.0500)  grad_norm: 0.0029 (0.0028)  time: 0.7517  data: 0.0002  max mem: 32286
Epoch: [82]  [ 50/106]  eta: 0:01:53  lr: 0.000148  min_lr: 0.000148  loss: 0.0000 (0.0000)  weight_decay: 0.0500 (0.0500)  grad_norm: 0.0027 (0.0028)  time: 0.7185  data: 0.0001  max mem: 32286
Epoch: [82]  [ 60/106]  eta: 0:01:23  lr: 0.000148  min_lr: 0.000148  loss: 0.0000 (0.0000)  weight_decay: 0.0500 (0.0500)  grad_norm: 0.0023 (0.0026)  time: 0.7090  data: 0.0001  max mem: 32286
Epoch: [82]  [ 70/106]  eta: 0:00:59  lr: 0.000148  min_lr: 0.000148  loss: 0.0000 (0.0000)  weight_decay: 0.0500 (0.0500)  grad_norm: 0.0024 (0.0027)  time: 0.7022  data: 0.0001  max mem: 32286
Epoch: [82]  [ 80/106]  eta: 0:00:40  lr: 0.000148  min_lr: 0.000148  loss: 0.0000 (0.0000)  weight_decay: 0.0500 (0.0500)  grad_norm: 0.0026 (0.0027)  time: 0.7196  data: 0.0001  max mem: 32286
Epoch: [82]  [ 90/106]  eta: 0:00:23  lr: 0.000148  min_lr: 0.000148  loss: 0.0000 (0.0000)  weight_decay: 0.0500 (0.0500)  grad_norm: 0.0026 (0.0026)  time: 0.7233  data: 0.0001  max mem: 32286
Epoch: [82]  [100/106]  eta: 0:00:08  lr: 0.000148  min_lr: 0.000148  loss: 0.0000 (0.0000)  weight_decay: 0.0500 (0.0500)  grad_norm: 0.0025 (0.0026)  time: 0.7115  data: 0.0001  max mem: 32286
Epoch: [82]  [105/106]  eta: 0:00:01  lr: 0.000148  min_lr: 0.000148  loss: 0.0000 (0.0000)  weight_decay: 0.0500 (0.0500)  grad_norm: 0.0026 (0.0026)  time: 0.7069  data: 0.0001  max mem: 32286
Epoch: [82] Total time: 0:02:23 (1.3582 s / it)
Averaged stats: lr: 0.000148  min_lr: 0.000148  loss: 0.0000 (0.0000)  weight_decay: 0.0500 (0.0500)  grad_norm: 0.0026 (0.0026)
Epoch: [83]  [  0/106]  eta: 1:55:17  lr: 0.000148  min_lr: 0.000148  loss: 0.0000 (0.0000)  weight_decay: 0.0500 (0.0500)  grad_norm: 0.0024 (0.0024)  time: 65.2596  data: 36.9987  max mem: 32286
Epoch: [83]  [ 10/106]  eta: 0:10:35  lr: 0.000148  min_lr: 0.000148  loss: 0.0000 (0.0000)  weight_decay: 0.0500 (0.0500)  grad_norm: 0.0024 (0.0024)  time: 6.6209  data: 3.3637  max mem: 32286
Epoch: [83]  [ 20/106]  eta: 0:05:27  lr: 0.000148  min_lr: 0.000148  loss: 0.0000 (0.0000)  weight_decay: 0.0500 (0.0500)  grad_norm: 0.0030 (0.0029)  time: 0.7353  data: 0.0002  max mem: 32286
Epoch: [83]  [ 30/106]  eta: 0:03:33  lr: 0.000148  min_lr: 0.000148  loss: 0.0000 (0.0000)  weight_decay: 0.0500 (0.0500)  grad_norm: 0.0030 (0.0028)  time: 0.7047  data: 0.0001  max mem: 32286
Epoch: [83]  [ 40/106]  eta: 0:02:31  lr: 0.000148  min_lr: 0.000148  loss: 0.0000 (0.0000)  weight_decay: 0.0500 (0.0500)  grad_norm: 0.0026 (0.0028)  time: 0.7053  data: 0.0001  max mem: 32286
Epoch: [83]  [ 50/106]  eta: 0:01:51  lr: 0.000148  min_lr: 0.000148  loss: 0.0000 (0.0000)  weight_decay: 0.0500 (0.0500)  grad_norm: 0.0025 (0.0028)  time: 0.7206  data: 0.0001  max mem: 32286
Epoch: [83]  [ 60/106]  eta: 0:01:21  lr: 0.000148  min_lr: 0.000148  loss: 0.0000 (0.0000)  weight_decay: 0.0500 (0.0500)  grad_norm: 0.0025 (0.0028)  time: 0.7134  data: 0.0001  max mem: 32286
Epoch: [83]  [ 70/106]  eta: 0:00:58  lr: 0.000148  min_lr: 0.000148  loss: 0.0000 (0.0000)  weight_decay: 0.0500 (0.0500)  grad_norm: 0.0026 (0.0027)  time: 0.7075  data: 0.0001  max mem: 32286
Epoch: [83]  [ 80/106]  eta: 0:00:39  lr: 0.000148  min_lr: 0.000148  loss: 0.0000 (0.0000)  weight_decay: 0.0500 (0.0500)  grad_norm: 0.0024 (0.0027)  time: 0.7035  data: 0.0001  max mem: 32286
Epoch: [83]  [ 90/106]  eta: 0:00:22  lr: 0.000148  min_lr: 0.000148  loss: 0.0000 (0.0000)  weight_decay: 0.0500 (0.0500)  grad_norm: 0.0023 (0.0026)  time: 0.6922  data: 0.0001  max mem: 32286
Epoch: [83]  [100/106]  eta: 0:00:08  lr: 0.000148  min_lr: 0.000148  loss: 0.0000 (0.0000)  weight_decay: 0.0500 (0.0500)  grad_norm: 0.0023 (0.0026)  time: 0.6909  data: 0.0001  max mem: 32286
Epoch: [83]  [105/106]  eta: 0:00:01  lr: 0.000148  min_lr: 0.000148  loss: 0.0000 (0.0000)  weight_decay: 0.0500 (0.0500)  grad_norm: 0.0024 (0.0027)  time: 0.6907  data: 0.0001  max mem: 32286
Epoch: [83] Total time: 0:02:20 (1.3293 s / it)
Averaged stats: lr: 0.000148  min_lr: 0.000148  loss: 0.0000 (0.0000)  weight_decay: 0.0500 (0.0500)  grad_norm: 0.0024 (0.0027)
Epoch: [84]  [  0/106]  eta: 1:54:48  lr: 0.000148  min_lr: 0.000148  loss: 0.0000 (0.0000)  weight_decay: 0.0500 (0.0500)  grad_norm: 0.0035 (0.0035)  time: 64.9849  data: 54.5532  max mem: 32286
Epoch: [84]  [ 10/106]  eta: 0:10:31  lr: 0.000148  min_lr: 0.000148  loss: 0.0000 (0.0000)  weight_decay: 0.0500 (0.0500)  grad_norm: 0.0034 (0.0032)  time: 6.5802  data: 4.9595  max mem: 32286
Epoch: [84]  [ 20/106]  eta: 0:05:25  lr: 0.000148  min_lr: 0.000148  loss: 0.0000 (0.0000)  weight_decay: 0.0500 (0.0500)  grad_norm: 0.0027 (0.0027)  time: 0.7256  data: 0.0002  max mem: 32286
Epoch: [84]  [ 30/106]  eta: 0:03:32  lr: 0.000148  min_lr: 0.000148  loss: 0.0000 (0.0000)  weight_decay: 0.0500 (0.0500)  grad_norm: 0.0021 (0.0025)  time: 0.7173  data: 0.0001  max mem: 32286
Epoch: [84]  [ 40/106]  eta: 0:02:30  lr: 0.000148  min_lr: 0.000148  loss: 0.0000 (0.0000)  weight_decay: 0.0500 (0.0500)  grad_norm: 0.0024 (0.0026)  time: 0.7087  data: 0.0001  max mem: 32286
Epoch: [84]  [ 50/106]  eta: 0:01:50  lr: 0.000148  min_lr: 0.000148  loss: 0.0000 (0.0000)  weight_decay: 0.0500 (0.0500)  grad_norm: 0.0028 (0.0026)  time: 0.6959  data: 0.0001  max mem: 32286
Epoch: [84]  [ 60/106]  eta: 0:01:21  lr: 0.000148  min_lr: 0.000148  loss: 0.0000 (0.0000)  weight_decay: 0.0500 (0.0500)  grad_norm: 0.0028 (0.0027)  time: 0.6939  data: 0.0001  max mem: 32286
Epoch: [84]  [ 70/106]  eta: 0:00:58  lr: 0.000148  min_lr: 0.000148  loss: 0.0000 (0.0000)  weight_decay: 0.0500 (0.0500)  grad_norm: 0.0030 (0.0027)  time: 0.6916  data: 0.0001  max mem: 32286
Epoch: [84]  [ 80/106]  eta: 0:00:38  lr: 0.000148  min_lr: 0.000148  loss: 0.0000 (0.0000)  weight_decay: 0.0500 (0.0500)  grad_norm: 0.0028 (0.0027)  time: 0.6930  data: 0.0001  max mem: 32286
Epoch: [84]  [ 90/106]  eta: 0:00:22  lr: 0.000148  min_lr: 0.000148  loss: 0.0000 (0.0000)  weight_decay: 0.0500 (0.0500)  grad_norm: 0.0023 (0.0027)  time: 0.6927  data: 0.0001  max mem: 32286
Epoch: [84]  [100/106]  eta: 0:00:08  lr: 0.000148  min_lr: 0.000148  loss: 0.0000 (0.0000)  weight_decay: 0.0500 (0.0500)  grad_norm: 0.0021 (0.0026)  time: 0.6912  data: 0.0001  max mem: 32286
Epoch: [84]  [105/106]  eta: 0:00:01  lr: 0.000148  min_lr: 0.000148  loss: 0.0000 (0.0000)  weight_decay: 0.0500 (0.0500)  grad_norm: 0.0021 (0.0026)  time: 0.6908  data: 0.0001  max mem: 32286
Epoch: [84] Total time: 0:02:19 (1.3189 s / it)
Averaged stats: lr: 0.000148  min_lr: 0.000148  loss: 0.0000 (0.0000)  weight_decay: 0.0500 (0.0500)  grad_norm: 0.0021 (0.0026)
Epoch: [85]  [  0/106]  eta: 1:53:16  lr: 0.000148  min_lr: 0.000148  loss: 0.0000 (0.0000)  weight_decay: 0.0500 (0.0500)  grad_norm: 0.0026 (0.0026)  time: 64.1210  data: 60.9832  max mem: 32286
Epoch: [85]  [ 10/106]  eta: 0:10:32  lr: 0.000148  min_lr: 0.000148  loss: 0.0000 (0.0000)  weight_decay: 0.0500 (0.0500)  grad_norm: 0.0026 (0.0026)  time: 6.5901  data: 5.5441  max mem: 32286
Epoch: [85]  [ 20/106]  eta: 0:05:29  lr: 0.000148  min_lr: 0.000148  loss: 0.0000 (0.0000)  weight_decay: 0.0500 (0.0500)  grad_norm: 0.0028 (0.0030)  time: 0.8116  data: 0.0002  max mem: 32286
Epoch: [85]  [ 30/106]  eta: 0:03:34  lr: 0.000148  min_lr: 0.000148  loss: 0.0000 (0.0000)  weight_decay: 0.0500 (0.0500)  grad_norm: 0.0030 (0.0030)  time: 0.7575  data: 0.0002  max mem: 32286
Epoch: [85]  [ 40/106]  eta: 0:02:32  lr: 0.000148  min_lr: 0.000148  loss: 0.0000 (0.0000)  weight_decay: 0.0500 (0.0500)  grad_norm: 0.0026 (0.0028)  time: 0.7214  data: 0.0001  max mem: 32286
Epoch: [85]  [ 50/106]  eta: 0:01:51  lr: 0.000148  min_lr: 0.000148  loss: 0.0000 (0.0000)  weight_decay: 0.0500 (0.0500)  grad_norm: 0.0021 (0.0027)  time: 0.7096  data: 0.0001  max mem: 32286
Epoch: [85]  [ 60/106]  eta: 0:01:22  lr: 0.000148  min_lr: 0.000148  loss: 0.0000 (0.0000)  weight_decay: 0.0500 (0.0500)  grad_norm: 0.0020 (0.0026)  time: 0.7022  data: 0.0001  max mem: 32286
Epoch: [85]  [ 70/106]  eta: 0:00:58  lr: 0.000148  min_lr: 0.000148  loss: 0.0000 (0.0000)  weight_decay: 0.0500 (0.0500)  grad_norm: 0.0020 (0.0025)  time: 0.6956  data: 0.0001  max mem: 32286
Epoch: [85]  [ 80/106]  eta: 0:00:39  lr: 0.000148  min_lr: 0.000148  loss: 0.0000 (0.0000)  weight_decay: 0.0500 (0.0500)  grad_norm: 0.0025 (0.0026)  time: 0.6931  data: 0.0001  max mem: 32286
Epoch: [85]  [ 90/106]  eta: 0:00:22  lr: 0.000148  min_lr: 0.000148  loss: 0.0000 (0.0000)  weight_decay: 0.0500 (0.0500)  grad_norm: 0.0027 (0.0026)  time: 0.6934  data: 0.0001  max mem: 32286
Epoch: [85]  [100/106]  eta: 0:00:08  lr: 0.000148  min_lr: 0.000148  loss: 0.0000 (0.0000)  weight_decay: 0.0500 (0.0500)  grad_norm: 0.0028 (0.0026)  time: 0.6924  data: 0.0001  max mem: 32286
Epoch: [85]  [105/106]  eta: 0:00:01  lr: 0.000148  min_lr: 0.000148  loss: 0.0000 (0.0000)  weight_decay: 0.0500 (0.0500)  grad_norm: 0.0027 (0.0026)  time: 0.6923  data: 0.0001  max mem: 32286
Epoch: [85] Total time: 0:02:21 (1.3323 s / it)
Averaged stats: lr: 0.000148  min_lr: 0.000148  loss: 0.0000 (0.0000)  weight_decay: 0.0500 (0.0500)  grad_norm: 0.0027 (0.0026)
Epoch: [86]  [  0/106]  eta: 1:55:50  lr: 0.000148  min_lr: 0.000148  loss: 0.0000 (0.0000)  weight_decay: 0.0500 (0.0500)  grad_norm: 0.0018 (0.0018)  time: 65.5680  data: 53.4075  max mem: 32286
Epoch: [86]  [ 10/106]  eta: 0:10:35  lr: 0.000148  min_lr: 0.000148  loss: 0.0000 (0.0000)  weight_decay: 0.0500 (0.0500)  grad_norm: 0.0021 (0.0021)  time: 6.6148  data: 4.8554  max mem: 32286
Epoch: [86]  [ 20/106]  eta: 0:05:26  lr: 0.000148  min_lr: 0.000148  loss: 0.0000 (0.0000)  weight_decay: 0.0500 (0.0500)  grad_norm: 0.0024 (0.0023)  time: 0.7075  data: 0.0002  max mem: 32286
Epoch: [86]  [ 30/106]  eta: 0:03:32  lr: 0.000148  min_lr: 0.000148  loss: 0.0000 (0.0000)  weight_decay: 0.0500 (0.0500)  grad_norm: 0.0027 (0.0026)  time: 0.6932  data: 0.0001  max mem: 32286
Epoch: [86]  [ 40/106]  eta: 0:02:30  lr: 0.000148  min_lr: 0.000148  loss: 0.0000 (0.0000)  weight_decay: 0.0500 (0.0500)  grad_norm: 0.0028 (0.0026)  time: 0.6905  data: 0.0001  max mem: 32286
Epoch: [86]  [ 50/106]  eta: 0:01:50  lr: 0.000148  min_lr: 0.000148  loss: 0.0000 (0.0000)  weight_decay: 0.0500 (0.0500)  grad_norm: 0.0023 (0.0025)  time: 0.6886  data: 0.0001  max mem: 32286
Epoch: [86]  [ 60/106]  eta: 0:01:20  lr: 0.000148  min_lr: 0.000148  loss: 0.0000 (0.0000)  weight_decay: 0.0500 (0.0500)  grad_norm: 0.0023 (0.0025)  time: 0.6872  data: 0.0001  max mem: 32286
Epoch: [86]  [ 70/106]  eta: 0:00:57  lr: 0.000148  min_lr: 0.000148  loss: 0.0000 (0.0000)  weight_decay: 0.0500 (0.0500)  grad_norm: 0.0027 (0.0026)  time: 0.6878  data: 0.0001  max mem: 32286
Epoch: [86]  [ 80/106]  eta: 0:00:38  lr: 0.000148  min_lr: 0.000148  loss: 0.0000 (0.0000)  weight_decay: 0.0500 (0.0500)  grad_norm: 0.0027 (0.0026)  time: 0.6872  data: 0.0001  max mem: 32286
Epoch: [86]  [ 90/106]  eta: 0:00:22  lr: 0.000148  min_lr: 0.000148  loss: 0.0000 (0.0000)  weight_decay: 0.0500 (0.0500)  grad_norm: 0.0026 (0.0026)  time: 0.6864  data: 0.0001  max mem: 32286
Epoch: [86]  [100/106]  eta: 0:00:08  lr: 0.000148  min_lr: 0.000148  loss: 0.0000 (0.0000)  weight_decay: 0.0500 (0.0500)  grad_norm: 0.0025 (0.0026)  time: 0.6873  data: 0.0001  max mem: 32286
Epoch: [86]  [105/106]  eta: 0:00:01  lr: 0.000148  min_lr: 0.000148  loss: 0.0000 (0.0000)  weight_decay: 0.0500 (0.0500)  grad_norm: 0.0024 (0.0025)  time: 0.6874  data: 0.0001  max mem: 32286
Epoch: [86] Total time: 0:02:19 (1.3151 s / it)
Averaged stats: lr: 0.000148  min_lr: 0.000148  loss: 0.0000 (0.0000)  weight_decay: 0.0500 (0.0500)  grad_norm: 0.0024 (0.0025)
Epoch: [87]  [  0/106]  eta: 1:51:32  lr: 0.000148  min_lr: 0.000148  loss: 0.0000 (0.0000)  weight_decay: 0.0500 (0.0500)  grad_norm: 0.0021 (0.0021)  time: 63.1398  data: 60.7184  max mem: 32286
Epoch: [87]  [ 10/106]  eta: 0:10:16  lr: 0.000147  min_lr: 0.000147  loss: 0.0000 (0.0000)  weight_decay: 0.0500 (0.0500)  grad_norm: 0.0026 (0.0025)  time: 6.4224  data: 5.5201  max mem: 32286
Epoch: [87]  [ 20/106]  eta: 0:05:18  lr: 0.000147  min_lr: 0.000147  loss: 0.0000 (0.0000)  weight_decay: 0.0500 (0.0500)  grad_norm: 0.0026 (0.0026)  time: 0.7304  data: 0.0002  max mem: 32286
Epoch: [87]  [ 30/106]  eta: 0:03:27  lr: 0.000147  min_lr: 0.000147  loss: 0.0000 (0.0000)  weight_decay: 0.0500 (0.0500)  grad_norm: 0.0025 (0.0025)  time: 0.6994  data: 0.0002  max mem: 32286
Epoch: [87]  [ 40/106]  eta: 0:02:27  lr: 0.000147  min_lr: 0.000147  loss: 0.0000 (0.0000)  weight_decay: 0.0500 (0.0500)  grad_norm: 0.0025 (0.0025)  time: 0.6896  data: 0.0002  max mem: 32286
Epoch: [87]  [ 50/106]  eta: 0:01:48  lr: 0.000147  min_lr: 0.000147  loss: 0.0000 (0.0000)  weight_decay: 0.0500 (0.0500)  grad_norm: 0.0022 (0.0024)  time: 0.6907  data: 0.0001  max mem: 32286
Epoch: [87]  [ 60/106]  eta: 0:01:19  lr: 0.000147  min_lr: 0.000147  loss: 0.0000 (0.0000)  weight_decay: 0.0500 (0.0500)  grad_norm: 0.0022 (0.0025)  time: 0.6884  data: 0.0001  max mem: 32286
Epoch: [87]  [ 70/106]  eta: 0:00:56  lr: 0.000147  min_lr: 0.000147  loss: 0.0000 (0.0000)  weight_decay: 0.0500 (0.0500)  grad_norm: 0.0031 (0.0026)  time: 0.6869  data: 0.0001  max mem: 32286
Epoch: [87]  [ 80/106]  eta: 0:00:38  lr: 0.000147  min_lr: 0.000147  loss: 0.0000 (0.0000)  weight_decay: 0.0500 (0.0500)  grad_norm: 0.0027 (0.0026)  time: 0.6874  data: 0.0001  max mem: 32286
Epoch: [87]  [ 90/106]  eta: 0:00:22  lr: 0.000147  min_lr: 0.000147  loss: 0.0000 (0.0000)  weight_decay: 0.0500 (0.0500)  grad_norm: 0.0022 (0.0025)  time: 0.6877  data: 0.0001  max mem: 32286
Epoch: [87]  [100/106]  eta: 0:00:07  lr: 0.000147  min_lr: 0.000147  loss: 0.0000 (0.0000)  weight_decay: 0.0500 (0.0500)  grad_norm: 0.0021 (0.0025)  time: 0.6877  data: 0.0001  max mem: 32286
Epoch: [87]  [105/106]  eta: 0:00:01  lr: 0.000147  min_lr: 0.000147  loss: 0.0000 (0.0000)  weight_decay: 0.0500 (0.0500)  grad_norm: 0.0023 (0.0025)  time: 0.6873  data: 0.0001  max mem: 32286
Epoch: [87] Total time: 0:02:17 (1.2958 s / it)
Averaged stats: lr: 0.000147  min_lr: 0.000147  loss: 0.0000 (0.0000)  weight_decay: 0.0500 (0.0500)  grad_norm: 0.0023 (0.0025)
Epoch: [88]  [  0/106]  eta: 1:53:07  lr: 0.000147  min_lr: 0.000147  loss: 0.0000 (0.0000)  weight_decay: 0.0500 (0.0500)  grad_norm: 0.0032 (0.0032)  time: 64.0295  data: 59.8304  max mem: 32286
Epoch: [88]  [ 10/106]  eta: 0:10:19  lr: 0.000147  min_lr: 0.000147  loss: 0.0000 (0.0000)  weight_decay: 0.0500 (0.0500)  grad_norm: 0.0031 (0.0031)  time: 6.4552  data: 5.4393  max mem: 32286
Epoch: [88]  [ 20/106]  eta: 0:05:19  lr: 0.000147  min_lr: 0.000147  loss: 0.0000 (0.0000)  weight_decay: 0.0500 (0.0500)  grad_norm: 0.0027 (0.0028)  time: 0.6954  data: 0.0002  max mem: 32286
Epoch: [88]  [ 30/106]  eta: 0:03:27  lr: 0.000147  min_lr: 0.000147  loss: 0.0000 (0.0000)  weight_decay: 0.0500 (0.0500)  grad_norm: 0.0025 (0.0028)  time: 0.6900  data: 0.0002  max mem: 32286
Epoch: [88]  [ 40/106]  eta: 0:02:27  lr: 0.000147  min_lr: 0.000147  loss: 0.0000 (0.0000)  weight_decay: 0.0500 (0.0500)  grad_norm: 0.0025 (0.0026)  time: 0.6931  data: 0.0001  max mem: 32286
Epoch: [88]  [ 50/106]  eta: 0:01:48  lr: 0.000147  min_lr: 0.000147  loss: 0.0000 (0.0000)  weight_decay: 0.0500 (0.0500)  grad_norm: 0.0023 (0.0025)  time: 0.6949  data: 0.0001  max mem: 32286
Epoch: [88]  [ 60/106]  eta: 0:01:19  lr: 0.000147  min_lr: 0.000147  loss: 0.0000 (0.0000)  weight_decay: 0.0500 (0.0500)  grad_norm: 0.0022 (0.0025)  time: 0.6893  data: 0.0001  max mem: 32286
Epoch: [88]  [ 70/106]  eta: 0:00:57  lr: 0.000147  min_lr: 0.000147  loss: 0.0000 (0.0000)  weight_decay: 0.0500 (0.0500)  grad_norm: 0.0022 (0.0025)  time: 0.6883  data: 0.0001  max mem: 32286
Epoch: [88]  [ 80/106]  eta: 0:00:38  lr: 0.000147  min_lr: 0.000147  loss: 0.0000 (0.0000)  weight_decay: 0.0500 (0.0500)  grad_norm: 0.0027 (0.0025)  time: 0.6890  data: 0.0001  max mem: 32286
Epoch: [88]  [ 90/106]  eta: 0:00:22  lr: 0.000147  min_lr: 0.000147  loss: 0.0000 (0.0000)  weight_decay: 0.0500 (0.0500)  grad_norm: 0.0027 (0.0025)  time: 0.6873  data: 0.0001  max mem: 32286
Epoch: [88]  [100/106]  eta: 0:00:07  lr: 0.000147  min_lr: 0.000147  loss: 0.0000 (0.0000)  weight_decay: 0.0500 (0.0500)  grad_norm: 0.0024 (0.0025)  time: 0.6864  data: 0.0001  max mem: 32286
Epoch: [88]  [105/106]  eta: 0:00:01  lr: 0.000147  min_lr: 0.000147  loss: 0.0000 (0.0000)  weight_decay: 0.0500 (0.0500)  grad_norm: 0.0024 (0.0025)  time: 0.6874  data: 0.0001  max mem: 32286
Epoch: [88] Total time: 0:02:17 (1.2995 s / it)
Averaged stats: lr: 0.000147  min_lr: 0.000147  loss: 0.0000 (0.0000)  weight_decay: 0.0500 (0.0500)  grad_norm: 0.0024 (0.0025)
Epoch: [89]  [  0/106]  eta: 1:57:03  lr: 0.000147  min_lr: 0.000147  loss: 0.0000 (0.0000)  weight_decay: 0.0500 (0.0500)  grad_norm: 0.0035 (0.0035)  time: 66.2567  data: 58.8166  max mem: 32286
Epoch: [89]  [ 10/106]  eta: 0:10:38  lr: 0.000147  min_lr: 0.000147  loss: 0.0000 (0.0000)  weight_decay: 0.0500 (0.0500)  grad_norm: 0.0024 (0.0024)  time: 6.6557  data: 5.3471  max mem: 32286
Epoch: [89]  [ 20/106]  eta: 0:05:28  lr: 0.000147  min_lr: 0.000147  loss: 0.0000 (0.0000)  weight_decay: 0.0500 (0.0500)  grad_norm: 0.0022 (0.0023)  time: 0.6931  data: 0.0001  max mem: 32286
Epoch: [89]  [ 30/106]  eta: 0:03:33  lr: 0.000147  min_lr: 0.000147  loss: 0.0000 (0.0000)  weight_decay: 0.0500 (0.0500)  grad_norm: 0.0022 (0.0023)  time: 0.6901  data: 0.0001  max mem: 32286
Epoch: [89]  [ 40/106]  eta: 0:02:31  lr: 0.000147  min_lr: 0.000147  loss: 0.0000 (0.0000)  weight_decay: 0.0500 (0.0500)  grad_norm: 0.0024 (0.0025)  time: 0.6895  data: 0.0001  max mem: 32286
Epoch: [89]  [ 50/106]  eta: 0:01:50  lr: 0.000147  min_lr: 0.000147  loss: 0.0000 (0.0000)  weight_decay: 0.0500 (0.0500)  grad_norm: 0.0025 (0.0025)  time: 0.6884  data: 0.0001  max mem: 32286
Epoch: [89]  [ 60/106]  eta: 0:01:21  lr: 0.000147  min_lr: 0.000147  loss: 0.0000 (0.0000)  weight_decay: 0.0500 (0.0500)  grad_norm: 0.0025 (0.0025)  time: 0.6894  data: 0.0001  max mem: 32286
Epoch: [89]  [ 70/106]  eta: 0:00:58  lr: 0.000147  min_lr: 0.000147  loss: 0.0000 (0.0000)  weight_decay: 0.0500 (0.0500)  grad_norm: 0.0025 (0.0025)  time: 0.6897  data: 0.0001  max mem: 32286
Epoch: [89]  [ 80/106]  eta: 0:00:38  lr: 0.000147  min_lr: 0.000147  loss: 0.0000 (0.0000)  weight_decay: 0.0500 (0.0500)  grad_norm: 0.0021 (0.0024)  time: 0.6882  data: 0.0002  max mem: 32286
Epoch: [89]  [ 90/106]  eta: 0:00:22  lr: 0.000147  min_lr: 0.000147  loss: 0.0000 (0.0000)  weight_decay: 0.0500 (0.0500)  grad_norm: 0.0022 (0.0024)  time: 0.6885  data: 0.0002  max mem: 32286
Epoch: [89]  [100/106]  eta: 0:00:08  lr: 0.000147  min_lr: 0.000147  loss: 0.0000 (0.0000)  weight_decay: 0.0500 (0.0500)  grad_norm: 0.0023 (0.0024)  time: 0.6893  data: 0.0001  max mem: 32286
Epoch: [89]  [105/106]  eta: 0:00:01  lr: 0.000147  min_lr: 0.000147  loss: 0.0000 (0.0000)  weight_decay: 0.0500 (0.0500)  grad_norm: 0.0024 (0.0024)  time: 0.6893  data: 0.0001  max mem: 32286
Epoch: [89] Total time: 0:02:19 (1.3207 s / it)
Averaged stats: lr: 0.000147  min_lr: 0.000147  loss: 0.0000 (0.0000)  weight_decay: 0.0500 (0.0500)  grad_norm: 0.0024 (0.0024)
Epoch: [90]  [  0/106]  eta: 1:52:48  lr: 0.000147  min_lr: 0.000147  loss: 0.0000 (0.0000)  weight_decay: 0.0500 (0.0500)  grad_norm: 0.0016 (0.0016)  time: 63.8571  data: 58.3439  max mem: 32286
Epoch: [90]  [ 10/106]  eta: 0:10:18  lr: 0.000147  min_lr: 0.000147  loss: 0.0000 (0.0000)  weight_decay: 0.0500 (0.0500)  grad_norm: 0.0020 (0.0020)  time: 6.4389  data: 5.3043  max mem: 32286
Epoch: [90]  [ 20/106]  eta: 0:05:18  lr: 0.000147  min_lr: 0.000147  loss: 0.0000 (0.0000)  weight_decay: 0.0500 (0.0500)  grad_norm: 0.0023 (0.0026)  time: 0.6966  data: 0.0002  max mem: 32286
Epoch: [90]  [ 30/106]  eta: 0:03:27  lr: 0.000147  min_lr: 0.000147  loss: 0.0000 (0.0000)  weight_decay: 0.0500 (0.0500)  grad_norm: 0.0034 (0.0030)  time: 0.6927  data: 0.0001  max mem: 32286
Epoch: [90]  [ 40/106]  eta: 0:02:27  lr: 0.000147  min_lr: 0.000147  loss: 0.0000 (0.0000)  weight_decay: 0.0500 (0.0500)  grad_norm: 0.0025 (0.0028)  time: 0.6885  data: 0.0001  max mem: 32286
Epoch: [90]  [ 50/106]  eta: 0:01:48  lr: 0.000147  min_lr: 0.000147  loss: 0.0000 (0.0000)  weight_decay: 0.0500 (0.0500)  grad_norm: 0.0019 (0.0026)  time: 0.6868  data: 0.0001  max mem: 32286
Epoch: [90]  [ 60/106]  eta: 0:01:19  lr: 0.000147  min_lr: 0.000147  loss: 0.0000 (0.0000)  weight_decay: 0.0500 (0.0500)  grad_norm: 0.0019 (0.0025)  time: 0.6870  data: 0.0002  max mem: 32286
Epoch: [90]  [ 70/106]  eta: 0:00:56  lr: 0.000147  min_lr: 0.000147  loss: 0.0000 (0.0000)  weight_decay: 0.0500 (0.0500)  grad_norm: 0.0023 (0.0025)  time: 0.6870  data: 0.0002  max mem: 32286
Epoch: [90]  [ 80/106]  eta: 0:00:38  lr: 0.000147  min_lr: 0.000147  loss: 0.0000 (0.0000)  weight_decay: 0.0500 (0.0500)  grad_norm: 0.0023 (0.0025)  time: 0.7380  data: 0.0001  max mem: 32286
Epoch: [90]  [ 90/106]  eta: 0:00:22  lr: 0.000147  min_lr: 0.000147  loss: 0.0000 (0.0000)  weight_decay: 0.0500 (0.0500)  grad_norm: 0.0021 (0.0024)  time: 0.7703  data: 0.0001  max mem: 32286
Epoch: [90]  [100/106]  eta: 0:00:07  lr: 0.000147  min_lr: 0.000147  loss: 0.0000 (0.0000)  weight_decay: 0.0500 (0.0500)  grad_norm: 0.0022 (0.0024)  time: 0.7279  data: 0.0001  max mem: 32286
Epoch: [90]  [105/106]  eta: 0:00:01  lr: 0.000147  min_lr: 0.000147  loss: 0.0000 (0.0000)  weight_decay: 0.0500 (0.0500)  grad_norm: 0.0023 (0.0024)  time: 0.7098  data: 0.0001  max mem: 32286
Epoch: [90] Total time: 0:02:19 (1.3138 s / it)
Averaged stats: lr: 0.000147  min_lr: 0.000147  loss: 0.0000 (0.0000)  weight_decay: 0.0500 (0.0500)  grad_norm: 0.0023 (0.0024)
Epoch: [91]  [  0/106]  eta: 1:53:18  lr: 0.000147  min_lr: 0.000147  loss: 0.0000 (0.0000)  weight_decay: 0.0500 (0.0500)  grad_norm: 0.0021 (0.0021)  time: 64.1358  data: 59.2700  max mem: 32286
Epoch: [91]  [ 10/106]  eta: 0:10:22  lr: 0.000147  min_lr: 0.000147  loss: 0.0000 (0.0000)  weight_decay: 0.0500 (0.0500)  grad_norm: 0.0026 (0.0027)  time: 6.4800  data: 5.3884  max mem: 32286
Epoch: [91]  [ 20/106]  eta: 0:05:20  lr: 0.000147  min_lr: 0.000147  loss: 0.0000 (0.0000)  weight_decay: 0.0500 (0.0500)  grad_norm: 0.0025 (0.0026)  time: 0.7006  data: 0.0002  max mem: 32286
Epoch: [91]  [ 30/106]  eta: 0:03:28  lr: 0.000147  min_lr: 0.000147  loss: 0.0000 (0.0000)  weight_decay: 0.0500 (0.0500)  grad_norm: 0.0025 (0.0025)  time: 0.6864  data: 0.0002  max mem: 32286
Epoch: [91]  [ 40/106]  eta: 0:02:27  lr: 0.000147  min_lr: 0.000147  loss: 0.0000 (0.0000)  weight_decay: 0.0500 (0.0500)  grad_norm: 0.0026 (0.0025)  time: 0.6860  data: 0.0001  max mem: 32286
Epoch: [91]  [ 50/106]  eta: 0:01:48  lr: 0.000147  min_lr: 0.000147  loss: 0.0000 (0.0000)  weight_decay: 0.0500 (0.0500)  grad_norm: 0.0026 (0.0025)  time: 0.6846  data: 0.0001  max mem: 32286
Epoch: [91]  [ 60/106]  eta: 0:01:19  lr: 0.000147  min_lr: 0.000147  loss: 0.0000 (0.0000)  weight_decay: 0.0500 (0.0500)  grad_norm: 0.0024 (0.0025)  time: 0.6842  data: 0.0001  max mem: 32286
Epoch: [91]  [ 70/106]  eta: 0:00:56  lr: 0.000147  min_lr: 0.000147  loss: 0.0000 (0.0000)  weight_decay: 0.0500 (0.0500)  grad_norm: 0.0024 (0.0025)  time: 0.6841  data: 0.0001  max mem: 32286
Epoch: [91]  [ 80/106]  eta: 0:00:38  lr: 0.000147  min_lr: 0.000147  loss: 0.0000 (0.0000)  weight_decay: 0.0500 (0.0500)  grad_norm: 0.0024 (0.0025)  time: 0.6904  data: 0.0001  max mem: 32286
Epoch: [91]  [ 90/106]  eta: 0:00:22  lr: 0.000147  min_lr: 0.000147  loss: 0.0000 (0.0000)  weight_decay: 0.0500 (0.0500)  grad_norm: 0.0024 (0.0025)  time: 0.7533  data: 0.0001  max mem: 32286
Epoch: [91]  [100/106]  eta: 0:00:08  lr: 0.000147  min_lr: 0.000147  loss: 0.0000 (0.0000)  weight_decay: 0.0500 (0.0500)  grad_norm: 0.0022 (0.0024)  time: 0.7811  data: 0.0001  max mem: 32286
Epoch: [91]  [105/106]  eta: 0:00:01  lr: 0.000147  min_lr: 0.000147  loss: 0.0000 (0.0000)  weight_decay: 0.0500 (0.0500)  grad_norm: 0.0022 (0.0024)  time: 0.7624  data: 0.0001  max mem: 32286
Epoch: [91] Total time: 0:02:19 (1.3194 s / it)
Averaged stats: lr: 0.000147  min_lr: 0.000147  loss: 0.0000 (0.0000)  weight_decay: 0.0500 (0.0500)  grad_norm: 0.0022 (0.0024)
Epoch: [92]  [  0/106]  eta: 1:55:48  lr: 0.000147  min_lr: 0.000147  loss: 0.0000 (0.0000)  weight_decay: 0.0500 (0.0500)  grad_norm: 0.0024 (0.0024)  time: 65.5544  data: 38.3694  max mem: 32286
Epoch: [92]  [ 10/106]  eta: 0:10:38  lr: 0.000147  min_lr: 0.000147  loss: 0.0000 (0.0000)  weight_decay: 0.0500 (0.0500)  grad_norm: 0.0037 (0.0035)  time: 6.6516  data: 3.4883  max mem: 32286
Epoch: [92]  [ 20/106]  eta: 0:05:30  lr: 0.000147  min_lr: 0.000147  loss: 0.0000 (0.0000)  weight_decay: 0.0500 (0.0500)  grad_norm: 0.0027 (0.0030)  time: 0.7596  data: 0.0002  max mem: 32286
Epoch: [92]  [ 30/106]  eta: 0:03:38  lr: 0.000147  min_lr: 0.000147  loss: 0.0000 (0.0000)  weight_decay: 0.0500 (0.0500)  grad_norm: 0.0022 (0.0027)  time: 0.7946  data: 0.0001  max mem: 32286
Epoch: [92]  [ 40/106]  eta: 0:02:36  lr: 0.000147  min_lr: 0.000147  loss: 0.0000 (0.0000)  weight_decay: 0.0500 (0.0500)  grad_norm: 0.0019 (0.0025)  time: 0.8196  data: 0.0001  max mem: 32286
Epoch: [92]  [ 50/106]  eta: 0:01:55  lr: 0.000147  min_lr: 0.000147  loss: 0.0000 (0.0000)  weight_decay: 0.0500 (0.0500)  grad_norm: 0.0022 (0.0025)  time: 0.8016  data: 0.0001  max mem: 32286
Epoch: [92]  [ 60/106]  eta: 0:01:24  lr: 0.000147  min_lr: 0.000147  loss: 0.0000 (0.0000)  weight_decay: 0.0500 (0.0500)  grad_norm: 0.0023 (0.0025)  time: 0.7587  data: 0.0001  max mem: 32286
Epoch: [92]  [ 70/106]  eta: 0:01:00  lr: 0.000147  min_lr: 0.000147  loss: 0.0000 (0.0000)  weight_decay: 0.0500 (0.0500)  grad_norm: 0.0022 (0.0024)  time: 0.7098  data: 0.0001  max mem: 32286
Epoch: [92]  [ 80/106]  eta: 0:00:40  lr: 0.000147  min_lr: 0.000147  loss: 0.0000 (0.0000)  weight_decay: 0.0500 (0.0500)  grad_norm: 0.0024 (0.0025)  time: 0.6922  data: 0.0001  max mem: 32286
Epoch: [92]  [ 90/106]  eta: 0:00:23  lr: 0.000147  min_lr: 0.000147  loss: 0.0000 (0.0000)  weight_decay: 0.0500 (0.0500)  grad_norm: 0.0024 (0.0025)  time: 0.6864  data: 0.0001  max mem: 32286
Epoch: [92]  [100/106]  eta: 0:00:08  lr: 0.000147  min_lr: 0.000147  loss: 0.0000 (0.0000)  weight_decay: 0.0500 (0.0500)  grad_norm: 0.0020 (0.0024)  time: 0.6852  data: 0.0001  max mem: 32286
Epoch: [92]  [105/106]  eta: 0:00:01  lr: 0.000147  min_lr: 0.000147  loss: 0.0000 (0.0000)  weight_decay: 0.0500 (0.0500)  grad_norm: 0.0021 (0.0024)  time: 0.6843  data: 0.0001  max mem: 32286
Epoch: [92] Total time: 0:02:24 (1.3639 s / it)
Averaged stats: lr: 0.000147  min_lr: 0.000147  loss: 0.0000 (0.0000)  weight_decay: 0.0500 (0.0500)  grad_norm: 0.0021 (0.0024)
Epoch: [93]  [  0/106]  eta: 1:54:15  lr: 0.000147  min_lr: 0.000147  loss: 0.0000 (0.0000)  weight_decay: 0.0500 (0.0500)  grad_norm: 0.0033 (0.0033)  time: 64.6730  data: 59.9328  max mem: 32286
Epoch: [93]  [ 10/106]  eta: 0:10:26  lr: 0.000147  min_lr: 0.000147  loss: 0.0000 (0.0000)  weight_decay: 0.0500 (0.0500)  grad_norm: 0.0030 (0.0029)  time: 6.5300  data: 5.4486  max mem: 32286
Epoch: [93]  [ 20/106]  eta: 0:05:22  lr: 0.000147  min_lr: 0.000147  loss: 0.0000 (0.0000)  weight_decay: 0.0500 (0.0500)  grad_norm: 0.0027 (0.0027)  time: 0.7056  data: 0.0002  max mem: 32286
Epoch: [93]  [ 30/106]  eta: 0:03:30  lr: 0.000147  min_lr: 0.000147  loss: 0.0000 (0.0000)  weight_decay: 0.0500 (0.0500)  grad_norm: 0.0022 (0.0025)  time: 0.6915  data: 0.0002  max mem: 32286
Epoch: [93]  [ 40/106]  eta: 0:02:28  lr: 0.000147  min_lr: 0.000147  loss: 0.0000 (0.0000)  weight_decay: 0.0500 (0.0500)  grad_norm: 0.0021 (0.0025)  time: 0.6872  data: 0.0001  max mem: 32286
Epoch: [93]  [ 50/106]  eta: 0:01:49  lr: 0.000147  min_lr: 0.000147  loss: 0.0000 (0.0000)  weight_decay: 0.0500 (0.0500)  grad_norm: 0.0022 (0.0024)  time: 0.6868  data: 0.0001  max mem: 32286
Epoch: [93]  [ 60/106]  eta: 0:01:20  lr: 0.000147  min_lr: 0.000147  loss: 0.0000 (0.0000)  weight_decay: 0.0500 (0.0500)  grad_norm: 0.0025 (0.0024)  time: 0.6856  data: 0.0001  max mem: 32286
Epoch: [93]  [ 70/106]  eta: 0:00:57  lr: 0.000147  min_lr: 0.000147  loss: 0.0000 (0.0000)  weight_decay: 0.0500 (0.0500)  grad_norm: 0.0027 (0.0024)  time: 0.6850  data: 0.0001  max mem: 32286
Epoch: [93]  [ 80/106]  eta: 0:00:38  lr: 0.000147  min_lr: 0.000147  loss: 0.0000 (0.0000)  weight_decay: 0.0500 (0.0500)  grad_norm: 0.0023 (0.0024)  time: 0.6845  data: 0.0001  max mem: 32286
Epoch: [93]  [ 90/106]  eta: 0:00:22  lr: 0.000147  min_lr: 0.000147  loss: 0.0000 (0.0000)  weight_decay: 0.0500 (0.0500)  grad_norm: 0.0022 (0.0024)  time: 0.6856  data: 0.0001  max mem: 32286
Epoch: [93]  [100/106]  eta: 0:00:07  lr: 0.000146  min_lr: 0.000146  loss: 0.0000 (0.0000)  weight_decay: 0.0500 (0.0500)  grad_norm: 0.0024 (0.0024)  time: 0.6874  data: 0.0001  max mem: 32286
Epoch: [93]  [105/106]  eta: 0:00:01  lr: 0.000146  min_lr: 0.000146  loss: 0.0000 (0.0000)  weight_decay: 0.0500 (0.0500)  grad_norm: 0.0024 (0.0024)  time: 0.6884  data: 0.0001  max mem: 32286
Epoch: [93] Total time: 0:02:18 (1.3051 s / it)
Averaged stats: lr: 0.000146  min_lr: 0.000146  loss: 0.0000 (0.0000)  weight_decay: 0.0500 (0.0500)  grad_norm: 0.0024 (0.0024)
Epoch: [94]  [  0/106]  eta: 1:52:53  lr: 0.000146  min_lr: 0.000146  loss: 0.0000 (0.0000)  weight_decay: 0.0500 (0.0500)  grad_norm: 0.0025 (0.0025)  time: 63.9009  data: 60.0497  max mem: 32286
Epoch: [94]  [ 10/106]  eta: 0:10:30  lr: 0.000146  min_lr: 0.000146  loss: 0.0000 (0.0000)  weight_decay: 0.0500 (0.0500)  grad_norm: 0.0021 (0.0021)  time: 6.5722  data: 5.4594  max mem: 32286
Epoch: [94]  [ 20/106]  eta: 0:05:26  lr: 0.000146  min_lr: 0.000146  loss: 0.0000 (0.0000)  weight_decay: 0.0500 (0.0500)  grad_norm: 0.0018 (0.0019)  time: 0.7892  data: 0.0002  max mem: 32286
Epoch: [94]  [ 30/106]  eta: 0:03:32  lr: 0.000146  min_lr: 0.000146  loss: 0.0000 (0.0000)  weight_decay: 0.0500 (0.0500)  grad_norm: 0.0019 (0.0021)  time: 0.7162  data: 0.0001  max mem: 32286
Epoch: [94]  [ 40/106]  eta: 0:02:30  lr: 0.000146  min_lr: 0.000146  loss: 0.0000 (0.0000)  weight_decay: 0.0500 (0.0500)  grad_norm: 0.0028 (0.0023)  time: 0.6897  data: 0.0001  max mem: 32286
Epoch: [94]  [ 50/106]  eta: 0:01:50  lr: 0.000146  min_lr: 0.000146  loss: 0.0000 (0.0000)  weight_decay: 0.0500 (0.0500)  grad_norm: 0.0025 (0.0023)  time: 0.6867  data: 0.0001  max mem: 32286
Epoch: [94]  [ 60/106]  eta: 0:01:21  lr: 0.000146  min_lr: 0.000146  loss: 0.0000 (0.0000)  weight_decay: 0.0500 (0.0500)  grad_norm: 0.0020 (0.0022)  time: 0.7027  data: 0.0001  max mem: 32286
Epoch: [94]  [ 70/106]  eta: 0:00:58  lr: 0.000146  min_lr: 0.000146  loss: 0.0000 (0.0000)  weight_decay: 0.0500 (0.0500)  grad_norm: 0.0020 (0.0022)  time: 0.7620  data: 0.0001  max mem: 32286
Epoch: [94]  [ 80/106]  eta: 0:00:39  lr: 0.000146  min_lr: 0.000146  loss: 0.0000 (0.0000)  weight_decay: 0.0500 (0.0500)  grad_norm: 0.0022 (0.0023)  time: 0.8136  data: 0.0001  max mem: 32286
Epoch: [94]  [ 90/106]  eta: 0:00:23  lr: 0.000146  min_lr: 0.000146  loss: 0.0000 (0.0000)  weight_decay: 0.0500 (0.0500)  grad_norm: 0.0025 (0.0023)  time: 0.8298  data: 0.0001  max mem: 32286
Epoch: [94]  [100/106]  eta: 0:00:08  lr: 0.000146  min_lr: 0.000146  loss: 0.0000 (0.0000)  weight_decay: 0.0500 (0.0500)  grad_norm: 0.0024 (0.0023)  time: 0.8009  data: 0.0001  max mem: 32286
Epoch: [94]  [105/106]  eta: 0:00:01  lr: 0.000146  min_lr: 0.000146  loss: 0.0000 (0.0000)  weight_decay: 0.0500 (0.0500)  grad_norm: 0.0025 (0.0023)  time: 0.7649  data: 0.0002  max mem: 32286
Epoch: [94] Total time: 0:02:24 (1.3644 s / it)
Averaged stats: lr: 0.000146  min_lr: 0.000146  loss: 0.0000 (0.0000)  weight_decay: 0.0500 (0.0500)  grad_norm: 0.0025 (0.0023)
Epoch: [95]  [  0/106]  eta: 1:53:14  lr: 0.000146  min_lr: 0.000146  loss: 0.0000 (0.0000)  weight_decay: 0.0500 (0.0500)  grad_norm: 0.0021 (0.0021)  time: 64.0952  data: 60.3588  max mem: 32286
Epoch: [95]  [ 10/106]  eta: 0:10:26  lr: 0.000146  min_lr: 0.000146  loss: 0.0000 (0.0000)  weight_decay: 0.0500 (0.0500)  grad_norm: 0.0020 (0.0020)  time: 6.5290  data: 5.4874  max mem: 32286
Epoch: [95]  [ 20/106]  eta: 0:05:22  lr: 0.000146  min_lr: 0.000146  loss: 0.0000 (0.0000)  weight_decay: 0.0500 (0.0500)  grad_norm: 0.0021 (0.0022)  time: 0.7370  data: 0.0002  max mem: 32286
Epoch: [95]  [ 30/106]  eta: 0:03:30  lr: 0.000146  min_lr: 0.000146  loss: 0.0000 (0.0000)  weight_decay: 0.0500 (0.0500)  grad_norm: 0.0026 (0.0023)  time: 0.6982  data: 0.0002  max mem: 32286
Epoch: [95]  [ 40/106]  eta: 0:02:29  lr: 0.000146  min_lr: 0.000146  loss: 0.0000 (0.0000)  weight_decay: 0.0500 (0.0500)  grad_norm: 0.0025 (0.0023)  time: 0.6922  data: 0.0001  max mem: 32286
Epoch: [95]  [ 50/106]  eta: 0:01:49  lr: 0.000146  min_lr: 0.000146  loss: 0.0000 (0.0000)  weight_decay: 0.0500 (0.0500)  grad_norm: 0.0021 (0.0023)  time: 0.6895  data: 0.0001  max mem: 32286
Epoch: [95]  [ 60/106]  eta: 0:01:20  lr: 0.000146  min_lr: 0.000146  loss: 0.0000 (0.0000)  weight_decay: 0.0500 (0.0500)  grad_norm: 0.0021 (0.0023)  time: 0.6885  data: 0.0001  max mem: 32286
Epoch: [95]  [ 70/106]  eta: 0:00:57  lr: 0.000146  min_lr: 0.000146  loss: 0.0000 (0.0000)  weight_decay: 0.0500 (0.0500)  grad_norm: 0.0023 (0.0023)  time: 0.6874  data: 0.0001  max mem: 32286
Epoch: [95]  [ 80/106]  eta: 0:00:38  lr: 0.000146  min_lr: 0.000146  loss: 0.0000 (0.0000)  weight_decay: 0.0500 (0.0500)  grad_norm: 0.0019 (0.0022)  time: 0.6882  data: 0.0001  max mem: 32286
Epoch: [95]  [ 90/106]  eta: 0:00:22  lr: 0.000146  min_lr: 0.000146  loss: 0.0000 (0.0000)  weight_decay: 0.0500 (0.0500)  grad_norm: 0.0022 (0.0023)  time: 0.6879  data: 0.0001  max mem: 32286
Epoch: [95]  [100/106]  eta: 0:00:07  lr: 0.000146  min_lr: 0.000146  loss: 0.0000 (0.0000)  weight_decay: 0.0500 (0.0500)  grad_norm: 0.0024 (0.0023)  time: 0.6880  data: 0.0001  max mem: 32286
Epoch: [95]  [105/106]  eta: 0:00:01  lr: 0.000146  min_lr: 0.000146  loss: 0.0000 (0.0000)  weight_decay: 0.0500 (0.0500)  grad_norm: 0.0020 (0.0023)  time: 0.6884  data: 0.0001  max mem: 32286
Epoch: [95] Total time: 0:02:18 (1.3096 s / it)
Averaged stats: lr: 0.000146  min_lr: 0.000146  loss: 0.0000 (0.0000)  weight_decay: 0.0500 (0.0500)  grad_norm: 0.0020 (0.0023)
Epoch: [96]  [  0/106]  eta: 1:54:43  lr: 0.000146  min_lr: 0.000146  loss: 0.0000 (0.0000)  weight_decay: 0.0500 (0.0500)  grad_norm: 0.0018 (0.0018)  time: 64.9394  data: 58.7807  max mem: 32286
Epoch: [96]  [ 10/106]  eta: 0:10:34  lr: 0.000146  min_lr: 0.000146  loss: 0.0000 (0.0000)  weight_decay: 0.0500 (0.0500)  grad_norm: 0.0018 (0.0020)  time: 6.6088  data: 5.3438  max mem: 32286
Epoch: [96]  [ 20/106]  eta: 0:05:29  lr: 0.000146  min_lr: 0.000146  loss: 0.0000 (0.0000)  weight_decay: 0.0500 (0.0500)  grad_norm: 0.0023 (0.0023)  time: 0.7768  data: 0.0002  max mem: 32286
Epoch: [96]  [ 30/106]  eta: 0:03:35  lr: 0.000146  min_lr: 0.000146  loss: 0.0000 (0.0000)  weight_decay: 0.0500 (0.0500)  grad_norm: 0.0025 (0.0024)  time: 0.7531  data: 0.0002  max mem: 32286
Epoch: [96]  [ 40/106]  eta: 0:02:32  lr: 0.000146  min_lr: 0.000146  loss: 0.0000 (0.0000)  weight_decay: 0.0500 (0.0500)  grad_norm: 0.0022 (0.0023)  time: 0.7172  data: 0.0001  max mem: 32286
Epoch: [96]  [ 50/106]  eta: 0:01:51  lr: 0.000146  min_lr: 0.000146  loss: 0.0000 (0.0000)  weight_decay: 0.0500 (0.0500)  grad_norm: 0.0019 (0.0023)  time: 0.7015  data: 0.0001  max mem: 32286
Epoch: [96]  [ 60/106]  eta: 0:01:21  lr: 0.000146  min_lr: 0.000146  loss: 0.0000 (0.0000)  weight_decay: 0.0500 (0.0500)  grad_norm: 0.0023 (0.0023)  time: 0.6947  data: 0.0001  max mem: 32286
Epoch: [96]  [ 70/106]  eta: 0:00:58  lr: 0.000146  min_lr: 0.000146  loss: 0.0000 (0.0000)  weight_decay: 0.0500 (0.0500)  grad_norm: 0.0025 (0.0023)  time: 0.6929  data: 0.0001  max mem: 32286
Epoch: [96]  [ 80/106]  eta: 0:00:39  lr: 0.000146  min_lr: 0.000146  loss: 0.0000 (0.0000)  weight_decay: 0.0500 (0.0500)  grad_norm: 0.0024 (0.0023)  time: 0.6914  data: 0.0001  max mem: 32286
Epoch: [96]  [ 90/106]  eta: 0:00:22  lr: 0.000146  min_lr: 0.000146  loss: 0.0000 (0.0000)  weight_decay: 0.0500 (0.0500)  grad_norm: 0.0020 (0.0023)  time: 0.6880  data: 0.0001  max mem: 32286
Epoch: [96]  [100/106]  eta: 0:00:08  lr: 0.000146  min_lr: 0.000146  loss: 0.0000 (0.0000)  weight_decay: 0.0500 (0.0500)  grad_norm: 0.0021 (0.0023)  time: 0.6867  data: 0.0001  max mem: 32286
Epoch: [96]  [105/106]  eta: 0:00:01  lr: 0.000146  min_lr: 0.000146  loss: 0.0000 (0.0000)  weight_decay: 0.0500 (0.0500)  grad_norm: 0.0021 (0.0023)  time: 0.6881  data: 0.0001  max mem: 32286
Epoch: [96] Total time: 0:02:21 (1.3316 s / it)
Averaged stats: lr: 0.000146  min_lr: 0.000146  loss: 0.0000 (0.0000)  weight_decay: 0.0500 (0.0500)  grad_norm: 0.0021 (0.0023)
Epoch: [97]  [  0/106]  eta: 1:54:37  lr: 0.000146  min_lr: 0.000146  loss: 0.0000 (0.0000)  weight_decay: 0.0500 (0.0500)  grad_norm: 0.0021 (0.0021)  time: 64.8805  data: 53.3892  max mem: 32286
Epoch: [97]  [ 10/106]  eta: 0:10:27  lr: 0.000146  min_lr: 0.000146  loss: 0.0000 (0.0000)  weight_decay: 0.0500 (0.0500)  grad_norm: 0.0021 (0.0021)  time: 6.5342  data: 4.8537  max mem: 32286
Epoch: [97]  [ 20/106]  eta: 0:05:22  lr: 0.000146  min_lr: 0.000146  loss: 0.0000 (0.0000)  weight_decay: 0.0500 (0.0500)  grad_norm: 0.0021 (0.0022)  time: 0.6975  data: 0.0001  max mem: 32286
Epoch: [97]  [ 30/106]  eta: 0:03:30  lr: 0.000146  min_lr: 0.000146  loss: 0.0000 (0.0000)  weight_decay: 0.0500 (0.0500)  grad_norm: 0.0022 (0.0022)  time: 0.7006  data: 0.0001  max mem: 32286
Epoch: [97]  [ 40/106]  eta: 0:02:29  lr: 0.000146  min_lr: 0.000146  loss: 0.0000 (0.0000)  weight_decay: 0.0500 (0.0500)  grad_norm: 0.0024 (0.0023)  time: 0.7000  data: 0.0001  max mem: 32286
Epoch: [97]  [ 50/106]  eta: 0:01:49  lr: 0.000146  min_lr: 0.000146  loss: 0.0000 (0.0000)  weight_decay: 0.0500 (0.0500)  grad_norm: 0.0025 (0.0023)  time: 0.6934  data: 0.0001  max mem: 32286
Epoch: [97]  [ 60/106]  eta: 0:01:20  lr: 0.000146  min_lr: 0.000146  loss: 0.0000 (0.0000)  weight_decay: 0.0500 (0.0500)  grad_norm: 0.0023 (0.0023)  time: 0.6903  data: 0.0001  max mem: 32286
Epoch: [97]  [ 70/106]  eta: 0:00:57  lr: 0.000146  min_lr: 0.000146  loss: 0.0000 (0.0000)  weight_decay: 0.0500 (0.0500)  grad_norm: 0.0021 (0.0023)  time: 0.6889  data: 0.0001  max mem: 32286
Epoch: [97]  [ 80/106]  eta: 0:00:38  lr: 0.000146  min_lr: 0.000146  loss: 0.0000 (0.0000)  weight_decay: 0.0500 (0.0500)  grad_norm: 0.0020 (0.0023)  time: 0.6894  data: 0.0001  max mem: 32286
Epoch: [97]  [ 90/106]  eta: 0:00:22  lr: 0.000146  min_lr: 0.000146  loss: 0.0000 (0.0000)  weight_decay: 0.0500 (0.0500)  grad_norm: 0.0021 (0.0023)  time: 0.6888  data: 0.0001  max mem: 32286
Epoch: [97]  [100/106]  eta: 0:00:07  lr: 0.000146  min_lr: 0.000146  loss: 0.0000 (0.0000)  weight_decay: 0.0500 (0.0500)  grad_norm: 0.0023 (0.0023)  time: 0.6890  data: 0.0001  max mem: 32286
Epoch: [97]  [105/106]  eta: 0:00:01  lr: 0.000146  min_lr: 0.000146  loss: 0.0000 (0.0000)  weight_decay: 0.0500 (0.0500)  grad_norm: 0.0022 (0.0023)  time: 0.6897  data: 0.0001  max mem: 32286
Epoch: [97] Total time: 0:02:18 (1.3086 s / it)
Averaged stats: lr: 0.000146  min_lr: 0.000146  loss: 0.0000 (0.0000)  weight_decay: 0.0500 (0.0500)  grad_norm: 0.0022 (0.0023)
Epoch: [98]  [  0/106]  eta: 1:54:22  lr: 0.000146  min_lr: 0.000146  loss: 0.0000 (0.0000)  weight_decay: 0.0500 (0.0500)  grad_norm: 0.0020 (0.0020)  time: 64.7403  data: 51.3285  max mem: 32286
Epoch: [98]  [ 10/106]  eta: 0:10:26  lr: 0.000146  min_lr: 0.000146  loss: 0.0000 (0.0000)  weight_decay: 0.0500 (0.0500)  grad_norm: 0.0021 (0.0024)  time: 6.5234  data: 4.6664  max mem: 32286
Epoch: [98]  [ 20/106]  eta: 0:05:22  lr: 0.000146  min_lr: 0.000146  loss: 0.0000 (0.0000)  weight_decay: 0.0500 (0.0500)  grad_norm: 0.0025 (0.0024)  time: 0.6966  data: 0.0002  max mem: 32286
Epoch: [98]  [ 30/106]  eta: 0:03:29  lr: 0.000146  min_lr: 0.000146  loss: 0.0000 (0.0000)  weight_decay: 0.0500 (0.0500)  grad_norm: 0.0021 (0.0023)  time: 0.6910  data: 0.0002  max mem: 32286
Epoch: [98]  [ 40/106]  eta: 0:02:28  lr: 0.000146  min_lr: 0.000146  loss: 0.0000 (0.0000)  weight_decay: 0.0500 (0.0500)  grad_norm: 0.0022 (0.0024)  time: 0.6910  data: 0.0001  max mem: 32286
Epoch: [98]  [ 50/106]  eta: 0:01:49  lr: 0.000146  min_lr: 0.000146  loss: 0.0000 (0.0000)  weight_decay: 0.0500 (0.0500)  grad_norm: 0.0024 (0.0024)  time: 0.6899  data: 0.0001  max mem: 32286
Epoch: [98]  [ 60/106]  eta: 0:01:20  lr: 0.000146  min_lr: 0.000146  loss: 0.0000 (0.0000)  weight_decay: 0.0500 (0.0500)  grad_norm: 0.0021 (0.0023)  time: 0.6887  data: 0.0002  max mem: 32286
Epoch: [98]  [ 70/106]  eta: 0:00:57  lr: 0.000146  min_lr: 0.000146  loss: 0.0000 (0.0000)  weight_decay: 0.0500 (0.0500)  grad_norm: 0.0019 (0.0023)  time: 0.6886  data: 0.0001  max mem: 32286
Epoch: [98]  [ 80/106]  eta: 0:00:38  lr: 0.000146  min_lr: 0.000146  loss: 0.0000 (0.0000)  weight_decay: 0.0500 (0.0500)  grad_norm: 0.0020 (0.0023)  time: 0.6875  data: 0.0001  max mem: 32286
Epoch: [98]  [ 90/106]  eta: 0:00:22  lr: 0.000146  min_lr: 0.000146  loss: 0.0000 (0.0000)  weight_decay: 0.0500 (0.0500)  grad_norm: 0.0023 (0.0023)  time: 0.6876  data: 0.0001  max mem: 32286
Epoch: [98]  [100/106]  eta: 0:00:07  lr: 0.000146  min_lr: 0.000146  loss: 0.0000 (0.0000)  weight_decay: 0.0500 (0.0500)  grad_norm: 0.0024 (0.0023)  time: 0.6883  data: 0.0001  max mem: 32286
Epoch: [98]  [105/106]  eta: 0:00:01  lr: 0.000146  min_lr: 0.000146  loss: 0.0000 (0.0000)  weight_decay: 0.0500 (0.0500)  grad_norm: 0.0024 (0.0023)  time: 0.6878  data: 0.0001  max mem: 32286
Epoch: [98] Total time: 0:02:18 (1.3070 s / it)
Averaged stats: lr: 0.000146  min_lr: 0.000146  loss: 0.0000 (0.0000)  weight_decay: 0.0500 (0.0500)  grad_norm: 0.0024 (0.0023)
Epoch: [99]  [  0/106]  eta: 1:56:18  lr: 0.000146  min_lr: 0.000146  loss: 0.0000 (0.0000)  weight_decay: 0.0500 (0.0500)  grad_norm: 0.0028 (0.0028)  time: 65.8386  data: 55.2324  max mem: 32286
Epoch: [99]  [ 10/106]  eta: 0:10:35  lr: 0.000146  min_lr: 0.000146  loss: 0.0000 (0.0000)  weight_decay: 0.0500 (0.0500)  grad_norm: 0.0024 (0.0025)  time: 6.6205  data: 5.0213  max mem: 32286
Epoch: [99]  [ 20/106]  eta: 0:05:27  lr: 0.000146  min_lr: 0.000146  loss: 0.0000 (0.0000)  weight_decay: 0.0500 (0.0500)  grad_norm: 0.0023 (0.0023)  time: 0.7031  data: 0.0002  max mem: 32286
Epoch: [99]  [ 30/106]  eta: 0:03:33  lr: 0.000146  min_lr: 0.000146  loss: 0.0000 (0.0000)  weight_decay: 0.0500 (0.0500)  grad_norm: 0.0019 (0.0022)  time: 0.7100  data: 0.0001  max mem: 32286
Epoch: [99]  [ 40/106]  eta: 0:02:31  lr: 0.000146  min_lr: 0.000146  loss: 0.0000 (0.0000)  weight_decay: 0.0500 (0.0500)  grad_norm: 0.0016 (0.0021)  time: 0.7020  data: 0.0001  max mem: 32286
Epoch: [99]  [ 50/106]  eta: 0:01:50  lr: 0.000146  min_lr: 0.000146  loss: 0.0000 (0.0000)  weight_decay: 0.0500 (0.0500)  grad_norm: 0.0018 (0.0021)  time: 0.6908  data: 0.0001  max mem: 32286
Epoch: [99]  [ 60/106]  eta: 0:01:21  lr: 0.000146  min_lr: 0.000146  loss: 0.0000 (0.0000)  weight_decay: 0.0500 (0.0500)  grad_norm: 0.0024 (0.0022)  time: 0.6894  data: 0.0001  max mem: 32286
Epoch: [99]  [ 70/106]  eta: 0:00:58  lr: 0.000146  min_lr: 0.000146  loss: 0.0000 (0.0000)  weight_decay: 0.0500 (0.0500)  grad_norm: 0.0023 (0.0022)  time: 0.6879  data: 0.0001  max mem: 32286
Epoch: [99]  [ 80/106]  eta: 0:00:39  lr: 0.000146  min_lr: 0.000146  loss: 0.0000 (0.0000)  weight_decay: 0.0500 (0.0500)  grad_norm: 0.0020 (0.0022)  time: 0.6887  data: 0.0001  max mem: 32286
Epoch: [99]  [ 90/106]  eta: 0:00:22  lr: 0.000146  min_lr: 0.000146  loss: 0.0000 (0.0000)  weight_decay: 0.0500 (0.0500)  grad_norm: 0.0020 (0.0022)  time: 0.6892  data: 0.0001  max mem: 32286
Epoch: [99]  [100/106]  eta: 0:00:08  lr: 0.000145  min_lr: 0.000145  loss: 0.0000 (0.0000)  weight_decay: 0.0500 (0.0500)  grad_norm: 0.0022 (0.0022)  time: 0.6884  data: 0.0001  max mem: 32286
Epoch: [99]  [105/106]  eta: 0:00:01  lr: 0.000145  min_lr: 0.000145  loss: 0.0000 (0.0000)  weight_decay: 0.0500 (0.0500)  grad_norm: 0.0021 (0.0022)  time: 0.6877  data: 0.0001  max mem: 32286
Epoch: [99] Total time: 0:02:19 (1.3185 s / it)
Averaged stats: lr: 0.000145  min_lr: 0.000145  loss: 0.0000 (0.0000)  weight_decay: 0.0500 (0.0500)  grad_norm: 0.0021 (0.0022)
Epoch: [100]  [  0/106]  eta: 1:51:17  lr: 0.000145  min_lr: 0.000145  loss: 0.0000 (0.0000)  weight_decay: 0.0500 (0.0500)  grad_norm: 0.0019 (0.0019)  time: 62.9955  data: 61.9109  max mem: 32286
Epoch: [100]  [ 10/106]  eta: 0:10:10  lr: 0.000145  min_lr: 0.000145  loss: 0.0000 (0.0000)  weight_decay: 0.0500 (0.0500)  grad_norm: 0.0023 (0.0022)  time: 6.3646  data: 5.6284  max mem: 32286
Epoch: [100]  [ 20/106]  eta: 0:05:18  lr: 0.000145  min_lr: 0.000145  loss: 0.0000 (0.0000)  weight_decay: 0.0500 (0.0500)  grad_norm: 0.0021 (0.0021)  time: 0.7415  data: 0.0002  max mem: 32286
Epoch: [100]  [ 30/106]  eta: 0:03:31  lr: 0.000145  min_lr: 0.000145  loss: 0.0000 (0.0000)  weight_decay: 0.0500 (0.0500)  grad_norm: 0.0019 (0.0021)  time: 0.8104  data: 0.0002  max mem: 32286
Epoch: [100]  [ 40/106]  eta: 0:02:31  lr: 0.000145  min_lr: 0.000145  loss: 0.0000 (0.0000)  weight_decay: 0.0500 (0.0500)  grad_norm: 0.0021 (0.0022)  time: 0.8249  data: 0.0001  max mem: 32286
Epoch: [100]  [ 50/106]  eta: 0:01:51  lr: 0.000145  min_lr: 0.000145  loss: 0.0000 (0.0000)  weight_decay: 0.0500 (0.0500)  grad_norm: 0.0024 (0.0022)  time: 0.7804  data: 0.0001  max mem: 32286
Epoch: [100]  [ 60/106]  eta: 0:01:22  lr: 0.000145  min_lr: 0.000145  loss: 0.0000 (0.0000)  weight_decay: 0.0500 (0.0500)  grad_norm: 0.0022 (0.0022)  time: 0.7228  data: 0.0001  max mem: 32286
Epoch: [100]  [ 70/106]  eta: 0:00:58  lr: 0.000145  min_lr: 0.000145  loss: 0.0000 (0.0000)  weight_decay: 0.0500 (0.0500)  grad_norm: 0.0019 (0.0022)  time: 0.6931  data: 0.0001  max mem: 32286
Epoch: [100]  [ 80/106]  eta: 0:00:39  lr: 0.000145  min_lr: 0.000145  loss: 0.0000 (0.0000)  weight_decay: 0.0500 (0.0500)  grad_norm: 0.0018 (0.0021)  time: 0.6903  data: 0.0001  max mem: 32286
Epoch: [100]  [ 90/106]  eta: 0:00:22  lr: 0.000145  min_lr: 0.000145  loss: 0.0000 (0.0000)  weight_decay: 0.0500 (0.0500)  grad_norm: 0.0021 (0.0021)  time: 0.6903  data: 0.0001  max mem: 32286
Epoch: [100]  [100/106]  eta: 0:00:08  lr: 0.000145  min_lr: 0.000145  loss: 0.0000 (0.0000)  weight_decay: 0.0500 (0.0500)  grad_norm: 0.0024 (0.0022)  time: 0.6905  data: 0.0001  max mem: 32286
Epoch: [100]  [105/106]  eta: 0:00:01  lr: 0.000145  min_lr: 0.000145  loss: 0.0000 (0.0000)  weight_decay: 0.0500 (0.0500)  grad_norm: 0.0027 (0.0022)  time: 0.6914  data: 0.0001  max mem: 32286
Epoch: [100] Total time: 0:02:21 (1.3319 s / it)
Averaged stats: lr: 0.000145  min_lr: 0.000145  loss: 0.0000 (0.0000)  weight_decay: 0.0500 (0.0500)  grad_norm: 0.0027 (0.0022)
[Eval]   [0/2]  eta: 0:00:46  loss: 0.0000 (0.0000)  time: 23.2993  data: 23.0666  max mem: 32286
[Eval]   [1/2]  eta: 0:00:11  loss: 0.0000 (0.0000)  time: 11.6677  data: 11.5333  max mem: 32286
[Eval]  Total time: 0:00:23 (11.7821 s / it)
Eval averaged stats: loss: 0.0000 (0.0000)
[Eval] Image Metrics:  [0/2]  eta: 0:00:10    time: 5.0728  data: 3.9247  max mem: 32286
[Eval] Image Metrics:  [1/2]  eta: 0:00:02    time: 2.7876  data: 1.9625  max mem: 32286
[Eval] Image Metrics: Total time: 0:00:06 (3.2021 s / it)
[Eval] Metric Results: [Eval] MSE: 0.0848 (0.0848)  [Eval] MAE: 0.2067 (0.2067)  [Eval] PSNR: 10.7170 (10.7170)  [Eval] MS-SSIM: 0.3970 (0.3970)
Logged 9 eval images
Epoch: [101]  [  0/106]  eta: 1:43:58  lr: 0.000145  min_lr: 0.000145  loss: 0.0000 (0.0000)  weight_decay: 0.0500 (0.0500)  grad_norm: 0.0023 (0.0023)  time: 58.8521  data: 57.6086  max mem: 32286
Epoch: [101]  [ 10/106]  eta: 0:09:53  lr: 0.000145  min_lr: 0.000145  loss: 0.0000 (0.0000)  weight_decay: 0.0500 (0.0500)  grad_norm: 0.0022 (0.0023)  time: 6.1779  data: 5.2373  max mem: 32286
Epoch: [101]  [ 20/106]  eta: 0:05:08  lr: 0.000145  min_lr: 0.000145  loss: 0.0000 (0.0000)  weight_decay: 0.0500 (0.0500)  grad_norm: 0.0022 (0.0023)  time: 0.8246  data: 0.0002  max mem: 32286
Epoch: [101]  [ 30/106]  eta: 0:03:21  lr: 0.000145  min_lr: 0.000145  loss: 0.0000 (0.0000)  weight_decay: 0.0500 (0.0500)  grad_norm: 0.0018 (0.0021)  time: 0.7208  data: 0.0001  max mem: 32286
Epoch: [101]  [ 40/106]  eta: 0:02:23  lr: 0.000145  min_lr: 0.000145  loss: 0.0000 (0.0000)  weight_decay: 0.0500 (0.0500)  grad_norm: 0.0017 (0.0020)  time: 0.7040  data: 0.0001  max mem: 32286
Epoch: [101]  [ 50/106]  eta: 0:01:45  lr: 0.000145  min_lr: 0.000145  loss: 0.0000 (0.0000)  weight_decay: 0.0500 (0.0500)  grad_norm: 0.0018 (0.0020)  time: 0.6993  data: 0.0001  max mem: 32286
Epoch: [101]  [ 60/106]  eta: 0:01:17  lr: 0.000145  min_lr: 0.000145  loss: 0.0000 (0.0000)  weight_decay: 0.0500 (0.0500)  grad_norm: 0.0020 (0.0020)  time: 0.6960  data: 0.0001  max mem: 32286
Epoch: [101]  [ 70/106]  eta: 0:00:55  lr: 0.000145  min_lr: 0.000145  loss: 0.0000 (0.0000)  weight_decay: 0.0500 (0.0500)  grad_norm: 0.0019 (0.0020)  time: 0.6984  data: 0.0001  max mem: 32286
Epoch: [101]  [ 80/106]  eta: 0:00:37  lr: 0.000145  min_lr: 0.000145  loss: 0.0000 (0.0000)  weight_decay: 0.0500 (0.0500)  grad_norm: 0.0021 (0.0021)  time: 0.7018  data: 0.0001  max mem: 32286
Epoch: [101]  [ 90/106]  eta: 0:00:21  lr: 0.000145  min_lr: 0.000145  loss: 0.0000 (0.0000)  weight_decay: 0.0500 (0.0500)  grad_norm: 0.0028 (0.0022)  time: 0.7024  data: 0.0001  max mem: 32286
Epoch: [101]  [100/106]  eta: 0:00:07  lr: 0.000145  min_lr: 0.000145  loss: 0.0000 (0.0000)  weight_decay: 0.0500 (0.0500)  grad_norm: 0.0022 (0.0022)  time: 0.7046  data: 0.0001  max mem: 32286
Epoch: [101]  [105/106]  eta: 0:00:01  lr: 0.000145  min_lr: 0.000145  loss: 0.0000 (0.0000)  weight_decay: 0.0500 (0.0500)  grad_norm: 0.0021 (0.0022)  time: 0.7073  data: 0.0001  max mem: 32286
Epoch: [101] Total time: 0:02:16 (1.2833 s / it)
Averaged stats: lr: 0.000145  min_lr: 0.000145  loss: 0.0000 (0.0000)  weight_decay: 0.0500 (0.0500)  grad_norm: 0.0021 (0.0022)
Epoch: [102]  [  0/106]  eta: 1:54:22  lr: 0.000145  min_lr: 0.000145  loss: 0.0000 (0.0000)  weight_decay: 0.0500 (0.0500)  grad_norm: 0.0017 (0.0017)  time: 64.7384  data: 51.7053  max mem: 32286
Epoch: [102]  [ 10/106]  eta: 0:10:26  lr: 0.000145  min_lr: 0.000145  loss: 0.0000 (0.0000)  weight_decay: 0.0500 (0.0500)  grad_norm: 0.0018 (0.0018)  time: 6.5280  data: 4.7007  max mem: 32286
Epoch: [102]  [ 20/106]  eta: 0:05:24  lr: 0.000145  min_lr: 0.000145  loss: 0.0000 (0.0000)  weight_decay: 0.0500 (0.0500)  grad_norm: 0.0018 (0.0019)  time: 0.7305  data: 0.0002  max mem: 32286
Epoch: [102]  [ 30/106]  eta: 0:03:31  lr: 0.000145  min_lr: 0.000145  loss: 0.0000 (0.0000)  weight_decay: 0.0500 (0.0500)  grad_norm: 0.0020 (0.0020)  time: 0.7256  data: 0.0001  max mem: 32286
Epoch: [102]  [ 40/106]  eta: 0:02:30  lr: 0.000145  min_lr: 0.000145  loss: 0.0000 (0.0000)  weight_decay: 0.0500 (0.0500)  grad_norm: 0.0023 (0.0021)  time: 0.7079  data: 0.0002  max mem: 32286
Epoch: [102]  [ 50/106]  eta: 0:01:50  lr: 0.000145  min_lr: 0.000145  loss: 0.0000 (0.0000)  weight_decay: 0.0500 (0.0500)  grad_norm: 0.0021 (0.0021)  time: 0.7053  data: 0.0002  max mem: 32286
Epoch: [102]  [ 60/106]  eta: 0:01:20  lr: 0.000145  min_lr: 0.000145  loss: 0.0000 (0.0000)  weight_decay: 0.0500 (0.0500)  grad_norm: 0.0019 (0.0020)  time: 0.6910  data: 0.0001  max mem: 32286
Epoch: [102]  [ 70/106]  eta: 0:00:58  lr: 0.000145  min_lr: 0.000145  loss: 0.0000 (0.0000)  weight_decay: 0.0500 (0.0500)  grad_norm: 0.0020 (0.0021)  time: 0.6999  data: 0.0001  max mem: 32286
Epoch: [102]  [ 80/106]  eta: 0:00:38  lr: 0.000145  min_lr: 0.000145  loss: 0.0000 (0.0000)  weight_decay: 0.0500 (0.0500)  grad_norm: 0.0023 (0.0021)  time: 0.6989  data: 0.0001  max mem: 32286
Epoch: [102]  [ 90/106]  eta: 0:00:22  lr: 0.000145  min_lr: 0.000145  loss: 0.0000 (0.0000)  weight_decay: 0.0500 (0.0500)  grad_norm: 0.0021 (0.0021)  time: 0.6869  data: 0.0001  max mem: 32286
Epoch: [102]  [100/106]  eta: 0:00:08  lr: 0.000145  min_lr: 0.000145  loss: 0.0000 (0.0000)  weight_decay: 0.0500 (0.0500)  grad_norm: 0.0019 (0.0021)  time: 0.6871  data: 0.0001  max mem: 32286
Epoch: [102]  [105/106]  eta: 0:00:01  lr: 0.000145  min_lr: 0.000145  loss: 0.0000 (0.0000)  weight_decay: 0.0500 (0.0500)  grad_norm: 0.0018 (0.0021)  time: 0.6876  data: 0.0001  max mem: 32286
Epoch: [102] Total time: 0:02:19 (1.3174 s / it)
Averaged stats: lr: 0.000145  min_lr: 0.000145  loss: 0.0000 (0.0000)  weight_decay: 0.0500 (0.0500)  grad_norm: 0.0018 (0.0021)
Epoch: [103]  [  0/106]  eta: 1:53:08  lr: 0.000145  min_lr: 0.000145  loss: 0.0000 (0.0000)  weight_decay: 0.0500 (0.0500)  grad_norm: 0.0015 (0.0015)  time: 64.0387  data: 52.4296  max mem: 32286
Epoch: [103]  [ 10/106]  eta: 0:10:29  lr: 0.000145  min_lr: 0.000145  loss: 0.0000 (0.0000)  weight_decay: 0.0500 (0.0500)  grad_norm: 0.0025 (0.0025)  time: 6.5529  data: 4.7665  max mem: 32286
Epoch: [103]  [ 20/106]  eta: 0:05:25  lr: 0.000145  min_lr: 0.000145  loss: 0.0000 (0.0000)  weight_decay: 0.0500 (0.0500)  grad_norm: 0.0022 (0.0023)  time: 0.7744  data: 0.0001  max mem: 32286
Epoch: [103]  [ 30/106]  eta: 0:03:32  lr: 0.000145  min_lr: 0.000145  loss: 0.0000 (0.0000)  weight_decay: 0.0500 (0.0500)  grad_norm: 0.0021 (0.0022)  time: 0.7263  data: 0.0001  max mem: 32286
Epoch: [103]  [ 40/106]  eta: 0:02:30  lr: 0.000145  min_lr: 0.000145  loss: 0.0000 (0.0000)  weight_decay: 0.0500 (0.0500)  grad_norm: 0.0018 (0.0021)  time: 0.7051  data: 0.0001  max mem: 32286
Epoch: [103]  [ 50/106]  eta: 0:01:50  lr: 0.000145  min_lr: 0.000145  loss: 0.0000 (0.0000)  weight_decay: 0.0500 (0.0500)  grad_norm: 0.0018 (0.0021)  time: 0.6971  data: 0.0001  max mem: 32286
Epoch: [103]  [ 60/106]  eta: 0:01:21  lr: 0.000145  min_lr: 0.000145  loss: 0.0000 (0.0000)  weight_decay: 0.0500 (0.0500)  grad_norm: 0.0022 (0.0021)  time: 0.6919  data: 0.0001  max mem: 32286
Epoch: [103]  [ 70/106]  eta: 0:00:57  lr: 0.000145  min_lr: 0.000145  loss: 0.0000 (0.0000)  weight_decay: 0.0500 (0.0500)  grad_norm: 0.0022 (0.0021)  time: 0.6918  data: 0.0001  max mem: 32286
Epoch: [103]  [ 80/106]  eta: 0:00:38  lr: 0.000145  min_lr: 0.000145  loss: 0.0000 (0.0000)  weight_decay: 0.0500 (0.0500)  grad_norm: 0.0023 (0.0021)  time: 0.6951  data: 0.0001  max mem: 32286
Epoch: [103]  [ 90/106]  eta: 0:00:22  lr: 0.000145  min_lr: 0.000145  loss: 0.0000 (0.0000)  weight_decay: 0.0500 (0.0500)  grad_norm: 0.0021 (0.0021)  time: 0.6955  data: 0.0001  max mem: 32286
Epoch: [103]  [100/106]  eta: 0:00:08  lr: 0.000145  min_lr: 0.000145  loss: 0.0000 (0.0000)  weight_decay: 0.0500 (0.0500)  grad_norm: 0.0019 (0.0021)  time: 0.6908  data: 0.0001  max mem: 32286
Epoch: [103]  [105/106]  eta: 0:00:01  lr: 0.000145  min_lr: 0.000145  loss: 0.0000 (0.0000)  weight_decay: 0.0500 (0.0500)  grad_norm: 0.0019 (0.0021)  time: 0.6902  data: 0.0001  max mem: 32286
Epoch: [103] Total time: 0:02:19 (1.3188 s / it)
Averaged stats: lr: 0.000145  min_lr: 0.000145  loss: 0.0000 (0.0000)  weight_decay: 0.0500 (0.0500)  grad_norm: 0.0019 (0.0021)
Epoch: [104]  [  0/106]  eta: 1:51:48  lr: 0.000145  min_lr: 0.000145  loss: 0.0000 (0.0000)  weight_decay: 0.0500 (0.0500)  grad_norm: 0.0019 (0.0019)  time: 63.2895  data: 47.8376  max mem: 32286
Epoch: [104]  [ 10/106]  eta: 0:10:17  lr: 0.000145  min_lr: 0.000145  loss: 0.0000 (0.0000)  weight_decay: 0.0500 (0.0500)  grad_norm: 0.0020 (0.0020)  time: 6.4289  data: 4.3490  max mem: 32286
Epoch: [104]  [ 20/106]  eta: 0:05:18  lr: 0.000145  min_lr: 0.000145  loss: 0.0000 (0.0000)  weight_decay: 0.0500 (0.0500)  grad_norm: 0.0024 (0.0023)  time: 0.7245  data: 0.0001  max mem: 32286
Epoch: [104]  [ 30/106]  eta: 0:03:27  lr: 0.000145  min_lr: 0.000145  loss: 0.0000 (0.0000)  weight_decay: 0.0500 (0.0500)  grad_norm: 0.0028 (0.0025)  time: 0.6984  data: 0.0001  max mem: 32286
Epoch: [104]  [ 40/106]  eta: 0:02:27  lr: 0.000145  min_lr: 0.000145  loss: 0.0000 (0.0000)  weight_decay: 0.0500 (0.0500)  grad_norm: 0.0024 (0.0024)  time: 0.6894  data: 0.0001  max mem: 32286
Epoch: [104]  [ 50/106]  eta: 0:01:48  lr: 0.000145  min_lr: 0.000145  loss: 0.0000 (0.0000)  weight_decay: 0.0500 (0.0500)  grad_norm: 0.0019 (0.0023)  time: 0.6889  data: 0.0001  max mem: 32286
Epoch: [104]  [ 60/106]  eta: 0:01:19  lr: 0.000145  min_lr: 0.000145  loss: 0.0000 (0.0000)  weight_decay: 0.0500 (0.0500)  grad_norm: 0.0018 (0.0022)  time: 0.6874  data: 0.0002  max mem: 32286
Epoch: [104]  [ 70/106]  eta: 0:00:56  lr: 0.000145  min_lr: 0.000145  loss: 0.0000 (0.0000)  weight_decay: 0.0500 (0.0500)  grad_norm: 0.0019 (0.0022)  time: 0.6864  data: 0.0002  max mem: 32286
Epoch: [104]  [ 80/106]  eta: 0:00:38  lr: 0.000145  min_lr: 0.000145  loss: 0.0000 (0.0000)  weight_decay: 0.0500 (0.0500)  grad_norm: 0.0019 (0.0021)  time: 0.6899  data: 0.0001  max mem: 32286
Epoch: [104]  [ 90/106]  eta: 0:00:22  lr: 0.000145  min_lr: 0.000145  loss: 0.0000 (0.0000)  weight_decay: 0.0500 (0.0500)  grad_norm: 0.0020 (0.0021)  time: 0.6911  data: 0.0001  max mem: 32286
Epoch: [104]  [100/106]  eta: 0:00:07  lr: 0.000145  min_lr: 0.000145  loss: 0.0000 (0.0000)  weight_decay: 0.0500 (0.0500)  grad_norm: 0.0023 (0.0022)  time: 0.6887  data: 0.0001  max mem: 32286
Epoch: [104]  [105/106]  eta: 0:00:01  lr: 0.000145  min_lr: 0.000145  loss: 0.0000 (0.0000)  weight_decay: 0.0500 (0.0500)  grad_norm: 0.0023 (0.0022)  time: 0.6885  data: 0.0002  max mem: 32286
Epoch: [104] Total time: 0:02:17 (1.2979 s / it)
Averaged stats: lr: 0.000145  min_lr: 0.000145  loss: 0.0000 (0.0000)  weight_decay: 0.0500 (0.0500)  grad_norm: 0.0023 (0.0022)
Epoch: [105]  [  0/106]  eta: 1:53:48  lr: 0.000145  min_lr: 0.000145  loss: 0.0000 (0.0000)  weight_decay: 0.0500 (0.0500)  grad_norm: 0.0022 (0.0022)  time: 64.4222  data: 49.7894  max mem: 32286
Epoch: [105]  [ 10/106]  eta: 0:10:23  lr: 0.000145  min_lr: 0.000145  loss: 0.0000 (0.0000)  weight_decay: 0.0500 (0.0500)  grad_norm: 0.0022 (0.0022)  time: 6.4941  data: 4.5265  max mem: 32286
Epoch: [105]  [ 20/106]  eta: 0:05:20  lr: 0.000145  min_lr: 0.000145  loss: 0.0000 (0.0000)  weight_decay: 0.0500 (0.0500)  grad_norm: 0.0022 (0.0022)  time: 0.6968  data: 0.0001  max mem: 32286
Epoch: [105]  [ 30/106]  eta: 0:03:29  lr: 0.000144  min_lr: 0.000144  loss: 0.0000 (0.0000)  weight_decay: 0.0500 (0.0500)  grad_norm: 0.0020 (0.0021)  time: 0.6914  data: 0.0001  max mem: 32286
Epoch: [105]  [ 40/106]  eta: 0:02:28  lr: 0.000144  min_lr: 0.000144  loss: 0.0000 (0.0000)  weight_decay: 0.0500 (0.0500)  grad_norm: 0.0020 (0.0021)  time: 0.6895  data: 0.0002  max mem: 32286
Epoch: [105]  [ 50/106]  eta: 0:01:48  lr: 0.000144  min_lr: 0.000144  loss: 0.0000 (0.0000)  weight_decay: 0.0500 (0.0500)  grad_norm: 0.0020 (0.0021)  time: 0.6881  data: 0.0001  max mem: 32286
Epoch: [105]  [ 60/106]  eta: 0:01:19  lr: 0.000144  min_lr: 0.000144  loss: 0.0000 (0.0000)  weight_decay: 0.0500 (0.0500)  grad_norm: 0.0018 (0.0020)  time: 0.6872  data: 0.0001  max mem: 32286
Epoch: [105]  [ 70/106]  eta: 0:00:57  lr: 0.000144  min_lr: 0.000144  loss: 0.0000 (0.0000)  weight_decay: 0.0500 (0.0500)  grad_norm: 0.0019 (0.0021)  time: 0.6885  data: 0.0001  max mem: 32286
Epoch: [105]  [ 80/106]  eta: 0:00:38  lr: 0.000144  min_lr: 0.000144  loss: 0.0000 (0.0000)  weight_decay: 0.0500 (0.0500)  grad_norm: 0.0024 (0.0021)  time: 0.6899  data: 0.0001  max mem: 32286
Epoch: [105]  [ 90/106]  eta: 0:00:22  lr: 0.000144  min_lr: 0.000144  loss: 0.0000 (0.0000)  weight_decay: 0.0500 (0.0500)  grad_norm: 0.0022 (0.0021)  time: 0.6891  data: 0.0001  max mem: 32286
Epoch: [105]  [100/106]  eta: 0:00:07  lr: 0.000144  min_lr: 0.000144  loss: 0.0000 (0.0000)  weight_decay: 0.0500 (0.0500)  grad_norm: 0.0021 (0.0022)  time: 0.6883  data: 0.0001  max mem: 32286
Epoch: [105]  [105/106]  eta: 0:00:01  lr: 0.000144  min_lr: 0.000144  loss: 0.0000 (0.0000)  weight_decay: 0.0500 (0.0500)  grad_norm: 0.0021 (0.0022)  time: 0.6881  data: 0.0001  max mem: 32286
Epoch: [105] Total time: 0:02:18 (1.3031 s / it)
Averaged stats: lr: 0.000144  min_lr: 0.000144  loss: 0.0000 (0.0000)  weight_decay: 0.0500 (0.0500)  grad_norm: 0.0021 (0.0022)
Epoch: [106]  [  0/106]  eta: 1:55:33  lr: 0.000144  min_lr: 0.000144  loss: 0.0000 (0.0000)  weight_decay: 0.0500 (0.0500)  grad_norm: 0.0025 (0.0025)  time: 65.4101  data: 50.5162  max mem: 32286
Epoch: [106]  [ 10/106]  eta: 0:10:46  lr: 0.000144  min_lr: 0.000144  loss: 0.0000 (0.0000)  weight_decay: 0.0500 (0.0500)  grad_norm: 0.0021 (0.0021)  time: 6.7371  data: 4.5925  max mem: 32286
Epoch: [106]  [ 20/106]  eta: 0:05:34  lr: 0.000144  min_lr: 0.000144  loss: 0.0000 (0.0000)  weight_decay: 0.0500 (0.0500)  grad_norm: 0.0016 (0.0018)  time: 0.8104  data: 0.0001  max mem: 32286
Epoch: [106]  [ 30/106]  eta: 0:03:37  lr: 0.000144  min_lr: 0.000144  loss: 0.0000 (0.0000)  weight_decay: 0.0500 (0.0500)  grad_norm: 0.0016 (0.0018)  time: 0.7339  data: 0.0001  max mem: 32286
Epoch: [106]  [ 40/106]  eta: 0:02:34  lr: 0.000144  min_lr: 0.000144  loss: 0.0000 (0.0000)  weight_decay: 0.0500 (0.0500)  grad_norm: 0.0018 (0.0019)  time: 0.7105  data: 0.0001  max mem: 32286
Epoch: [106]  [ 50/106]  eta: 0:01:52  lr: 0.000144  min_lr: 0.000144  loss: 0.0000 (0.0000)  weight_decay: 0.0500 (0.0500)  grad_norm: 0.0023 (0.0020)  time: 0.7009  data: 0.0001  max mem: 32286
Epoch: [106]  [ 60/106]  eta: 0:01:22  lr: 0.000144  min_lr: 0.000144  loss: 0.0000 (0.0000)  weight_decay: 0.0500 (0.0500)  grad_norm: 0.0021 (0.0020)  time: 0.6956  data: 0.0001  max mem: 32286
Epoch: [106]  [ 70/106]  eta: 0:00:59  lr: 0.000144  min_lr: 0.000144  loss: 0.0000 (0.0000)  weight_decay: 0.0500 (0.0500)  grad_norm: 0.0018 (0.0020)  time: 0.6937  data: 0.0001  max mem: 32286
Epoch: [106]  [ 80/106]  eta: 0:00:39  lr: 0.000144  min_lr: 0.000144  loss: 0.0000 (0.0000)  weight_decay: 0.0500 (0.0500)  grad_norm: 0.0020 (0.0020)  time: 0.6924  data: 0.0001  max mem: 32286
Epoch: [106]  [ 90/106]  eta: 0:00:22  lr: 0.000144  min_lr: 0.000144  loss: 0.0000 (0.0000)  weight_decay: 0.0500 (0.0500)  grad_norm: 0.0023 (0.0021)  time: 0.6895  data: 0.0001  max mem: 32286
Epoch: [106]  [100/106]  eta: 0:00:08  lr: 0.000144  min_lr: 0.000144  loss: 0.0000 (0.0000)  weight_decay: 0.0500 (0.0500)  grad_norm: 0.0023 (0.0021)  time: 0.6884  data: 0.0001  max mem: 32286
Epoch: [106]  [105/106]  eta: 0:00:01  lr: 0.000144  min_lr: 0.000144  loss: 0.0000 (0.0000)  weight_decay: 0.0500 (0.0500)  grad_norm: 0.0021 (0.0021)  time: 0.6888  data: 0.0001  max mem: 32286
Epoch: [106] Total time: 0:02:22 (1.3396 s / it)
Averaged stats: lr: 0.000144  min_lr: 0.000144  loss: 0.0000 (0.0000)  weight_decay: 0.0500 (0.0500)  grad_norm: 0.0021 (0.0021)
Epoch: [107]  [  0/106]  eta: 1:52:26  lr: 0.000144  min_lr: 0.000144  loss: 0.0000 (0.0000)  weight_decay: 0.0500 (0.0500)  grad_norm: 0.0015 (0.0015)  time: 63.6464  data: 46.1758  max mem: 32286
Epoch: [107]  [ 10/106]  eta: 0:10:17  lr: 0.000144  min_lr: 0.000144  loss: 0.0000 (0.0000)  weight_decay: 0.0500 (0.0500)  grad_norm: 0.0021 (0.0021)  time: 6.4342  data: 4.1979  max mem: 32286
Epoch: [107]  [ 20/106]  eta: 0:05:18  lr: 0.000144  min_lr: 0.000144  loss: 0.0000 (0.0000)  weight_decay: 0.0500 (0.0500)  grad_norm: 0.0023 (0.0023)  time: 0.7105  data: 0.0001  max mem: 32286
Epoch: [107]  [ 30/106]  eta: 0:03:27  lr: 0.000144  min_lr: 0.000144  loss: 0.0000 (0.0000)  weight_decay: 0.0500 (0.0500)  grad_norm: 0.0021 (0.0021)  time: 0.6997  data: 0.0001  max mem: 32286
Epoch: [107]  [ 40/106]  eta: 0:02:27  lr: 0.000144  min_lr: 0.000144  loss: 0.0000 (0.0000)  weight_decay: 0.0500 (0.0500)  grad_norm: 0.0017 (0.0020)  time: 0.6910  data: 0.0001  max mem: 32286
Epoch: [107]  [ 50/106]  eta: 0:01:48  lr: 0.000144  min_lr: 0.000144  loss: 0.0000 (0.0000)  weight_decay: 0.0500 (0.0500)  grad_norm: 0.0019 (0.0020)  time: 0.6890  data: 0.0001  max mem: 32286
Epoch: [107]  [ 60/106]  eta: 0:01:19  lr: 0.000144  min_lr: 0.000144  loss: 0.0000 (0.0000)  weight_decay: 0.0500 (0.0500)  grad_norm: 0.0019 (0.0020)  time: 0.6869  data: 0.0001  max mem: 32286
Epoch: [107]  [ 70/106]  eta: 0:00:56  lr: 0.000144  min_lr: 0.000144  loss: 0.0000 (0.0000)  weight_decay: 0.0500 (0.0500)  grad_norm: 0.0020 (0.0021)  time: 0.6874  data: 0.0002  max mem: 32286
Epoch: [107]  [ 80/106]  eta: 0:00:38  lr: 0.000144  min_lr: 0.000144  loss: 0.0000 (0.0000)  weight_decay: 0.0500 (0.0500)  grad_norm: 0.0023 (0.0021)  time: 0.6888  data: 0.0002  max mem: 32286
Epoch: [107]  [ 90/106]  eta: 0:00:22  lr: 0.000144  min_lr: 0.000144  loss: 0.0000 (0.0000)  weight_decay: 0.0500 (0.0500)  grad_norm: 0.0023 (0.0021)  time: 0.6879  data: 0.0001  max mem: 32286
Epoch: [107]  [100/106]  eta: 0:00:07  lr: 0.000144  min_lr: 0.000144  loss: 0.0000 (0.0000)  weight_decay: 0.0500 (0.0500)  grad_norm: 0.0019 (0.0021)  time: 0.6873  data: 0.0001  max mem: 32286
Epoch: [107]  [105/106]  eta: 0:00:01  lr: 0.000144  min_lr: 0.000144  loss: 0.0000 (0.0000)  weight_decay: 0.0500 (0.0500)  grad_norm: 0.0017 (0.0021)  time: 0.6878  data: 0.0001  max mem: 32286
Epoch: [107] Total time: 0:02:17 (1.2964 s / it)
Averaged stats: lr: 0.000144  min_lr: 0.000144  loss: 0.0000 (0.0000)  weight_decay: 0.0500 (0.0500)  grad_norm: 0.0017 (0.0021)
Epoch: [108]  [  0/106]  eta: 1:55:27  lr: 0.000144  min_lr: 0.000144  loss: 0.0000 (0.0000)  weight_decay: 0.0500 (0.0500)  grad_norm: 0.0014 (0.0014)  time: 65.3553  data: 55.4529  max mem: 32286
Epoch: [108]  [ 10/106]  eta: 0:10:33  lr: 0.000144  min_lr: 0.000144  loss: 0.0000 (0.0000)  weight_decay: 0.0500 (0.0500)  grad_norm: 0.0014 (0.0014)  time: 6.5976  data: 5.0413  max mem: 32286
Epoch: [108]  [ 20/106]  eta: 0:05:25  lr: 0.000144  min_lr: 0.000144  loss: 0.0000 (0.0000)  weight_decay: 0.0500 (0.0500)  grad_norm: 0.0019 (0.0019)  time: 0.7087  data: 0.0002  max mem: 32286
Epoch: [108]  [ 30/106]  eta: 0:03:31  lr: 0.000144  min_lr: 0.000144  loss: 0.0000 (0.0000)  weight_decay: 0.0500 (0.0500)  grad_norm: 0.0024 (0.0020)  time: 0.6929  data: 0.0001  max mem: 32286
Epoch: [108]  [ 40/106]  eta: 0:02:30  lr: 0.000144  min_lr: 0.000144  loss: 0.0000 (0.0000)  weight_decay: 0.0500 (0.0500)  grad_norm: 0.0023 (0.0021)  time: 0.6898  data: 0.0001  max mem: 32286
Epoch: [108]  [ 50/106]  eta: 0:01:50  lr: 0.000144  min_lr: 0.000144  loss: 0.0000 (0.0000)  weight_decay: 0.0500 (0.0500)  grad_norm: 0.0023 (0.0022)  time: 0.6954  data: 0.0001  max mem: 32286
Epoch: [108]  [ 60/106]  eta: 0:01:20  lr: 0.000144  min_lr: 0.000144  loss: 0.0000 (0.0000)  weight_decay: 0.0500 (0.0500)  grad_norm: 0.0022 (0.0021)  time: 0.6945  data: 0.0001  max mem: 32286
Epoch: [108]  [ 70/106]  eta: 0:00:57  lr: 0.000144  min_lr: 0.000144  loss: 0.0000 (0.0000)  weight_decay: 0.0500 (0.0500)  grad_norm: 0.0019 (0.0021)  time: 0.6870  data: 0.0001  max mem: 32286
Epoch: [108]  [ 80/106]  eta: 0:00:38  lr: 0.000144  min_lr: 0.000144  loss: 0.0000 (0.0000)  weight_decay: 0.0500 (0.0500)  grad_norm: 0.0018 (0.0020)  time: 0.6877  data: 0.0001  max mem: 32286
Epoch: [108]  [ 90/106]  eta: 0:00:22  lr: 0.000144  min_lr: 0.000144  loss: 0.0000 (0.0000)  weight_decay: 0.0500 (0.0500)  grad_norm: 0.0018 (0.0020)  time: 0.6876  data: 0.0001  max mem: 32286
Epoch: [108]  [100/106]  eta: 0:00:08  lr: 0.000144  min_lr: 0.000144  loss: 0.0000 (0.0000)  weight_decay: 0.0500 (0.0500)  grad_norm: 0.0020 (0.0021)  time: 0.6873  data: 0.0001  max mem: 32286
Epoch: [108]  [105/106]  eta: 0:00:01  lr: 0.000144  min_lr: 0.000144  loss: 0.0000 (0.0000)  weight_decay: 0.0500 (0.0500)  grad_norm: 0.0022 (0.0021)  time: 0.6880  data: 0.0001  max mem: 32286
Epoch: [108] Total time: 0:02:19 (1.3141 s / it)
Averaged stats: lr: 0.000144  min_lr: 0.000144  loss: 0.0000 (0.0000)  weight_decay: 0.0500 (0.0500)  grad_norm: 0.0022 (0.0021)
Epoch: [109]  [  0/106]  eta: 1:52:47  lr: 0.000144  min_lr: 0.000144  loss: 0.0000 (0.0000)  weight_decay: 0.0500 (0.0500)  grad_norm: 0.0021 (0.0021)  time: 63.8482  data: 50.0318  max mem: 32286
Epoch: [109]  [ 10/106]  eta: 0:10:23  lr: 0.000144  min_lr: 0.000144  loss: 0.0000 (0.0000)  weight_decay: 0.0500 (0.0500)  grad_norm: 0.0023 (0.0023)  time: 6.4990  data: 4.5485  max mem: 32286
Epoch: [109]  [ 20/106]  eta: 0:05:21  lr: 0.000144  min_lr: 0.000144  loss: 0.0000 (0.0000)  weight_decay: 0.0500 (0.0500)  grad_norm: 0.0023 (0.0022)  time: 0.7275  data: 0.0002  max mem: 32286
Epoch: [109]  [ 30/106]  eta: 0:03:29  lr: 0.000144  min_lr: 0.000144  loss: 0.0000 (0.0000)  weight_decay: 0.0500 (0.0500)  grad_norm: 0.0018 (0.0021)  time: 0.6904  data: 0.0001  max mem: 32286
Epoch: [109]  [ 40/106]  eta: 0:02:28  lr: 0.000144  min_lr: 0.000144  loss: 0.0000 (0.0000)  weight_decay: 0.0500 (0.0500)  grad_norm: 0.0016 (0.0020)  time: 0.6889  data: 0.0001  max mem: 32286
Epoch: [109]  [ 50/106]  eta: 0:01:48  lr: 0.000144  min_lr: 0.000144  loss: 0.0000 (0.0000)  weight_decay: 0.0500 (0.0500)  grad_norm: 0.0021 (0.0020)  time: 0.6888  data: 0.0002  max mem: 32286
Epoch: [109]  [ 60/106]  eta: 0:01:19  lr: 0.000144  min_lr: 0.000144  loss: 0.0000 (0.0000)  weight_decay: 0.0500 (0.0500)  grad_norm: 0.0019 (0.0020)  time: 0.6885  data: 0.0002  max mem: 32286
Epoch: [109]  [ 70/106]  eta: 0:00:57  lr: 0.000144  min_lr: 0.000144  loss: 0.0000 (0.0000)  weight_decay: 0.0500 (0.0500)  grad_norm: 0.0019 (0.0020)  time: 0.6869  data: 0.0001  max mem: 32286
Epoch: [109]  [ 80/106]  eta: 0:00:38  lr: 0.000144  min_lr: 0.000144  loss: 0.0000 (0.0000)  weight_decay: 0.0500 (0.0500)  grad_norm: 0.0020 (0.0020)  time: 0.6866  data: 0.0001  max mem: 32286
Epoch: [109]  [ 90/106]  eta: 0:00:22  lr: 0.000144  min_lr: 0.000144  loss: 0.0000 (0.0000)  weight_decay: 0.0500 (0.0500)  grad_norm: 0.0019 (0.0020)  time: 0.6879  data: 0.0001  max mem: 32286
Epoch: [109]  [100/106]  eta: 0:00:07  lr: 0.000144  min_lr: 0.000144  loss: 0.0000 (0.0000)  weight_decay: 0.0500 (0.0500)  grad_norm: 0.0018 (0.0020)  time: 0.6868  data: 0.0001  max mem: 32286
Epoch: [109]  [105/106]  eta: 0:00:01  lr: 0.000144  min_lr: 0.000144  loss: 0.0000 (0.0000)  weight_decay: 0.0500 (0.0500)  grad_norm: 0.0018 (0.0020)  time: 0.6857  data: 0.0001  max mem: 32286
Epoch: [109] Total time: 0:02:18 (1.3030 s / it)
Averaged stats: lr: 0.000144  min_lr: 0.000144  loss: 0.0000 (0.0000)  weight_decay: 0.0500 (0.0500)  grad_norm: 0.0018 (0.0020)
Epoch: [110]  [  0/106]  eta: 1:53:19  lr: 0.000144  min_lr: 0.000144  loss: 0.0000 (0.0000)  weight_decay: 0.0500 (0.0500)  grad_norm: 0.0018 (0.0018)  time: 64.1446  data: 58.0285  max mem: 32286
Epoch: [110]  [ 10/106]  eta: 0:10:25  lr: 0.000143  min_lr: 0.000143  loss: 0.0000 (0.0000)  weight_decay: 0.0500 (0.0500)  grad_norm: 0.0020 (0.0021)  time: 6.5181  data: 5.2755  max mem: 32286
Epoch: [110]  [ 20/106]  eta: 0:05:22  lr: 0.000143  min_lr: 0.000143  loss: 0.0000 (0.0000)  weight_decay: 0.0500 (0.0500)  grad_norm: 0.0021 (0.0021)  time: 0.7310  data: 0.0002  max mem: 32286
Epoch: [110]  [ 30/106]  eta: 0:03:30  lr: 0.000143  min_lr: 0.000143  loss: 0.0000 (0.0000)  weight_decay: 0.0500 (0.0500)  grad_norm: 0.0019 (0.0020)  time: 0.6986  data: 0.0001  max mem: 32286
Epoch: [110]  [ 40/106]  eta: 0:02:28  lr: 0.000143  min_lr: 0.000143  loss: 0.0000 (0.0000)  weight_decay: 0.0500 (0.0500)  grad_norm: 0.0019 (0.0021)  time: 0.6888  data: 0.0001  max mem: 32286
Epoch: [110]  [ 50/106]  eta: 0:01:49  lr: 0.000143  min_lr: 0.000143  loss: 0.0000 (0.0000)  weight_decay: 0.0500 (0.0500)  grad_norm: 0.0022 (0.0021)  time: 0.6877  data: 0.0001  max mem: 32286
Epoch: [110]  [ 60/106]  eta: 0:01:20  lr: 0.000143  min_lr: 0.000143  loss: 0.0000 (0.0000)  weight_decay: 0.0500 (0.0500)  grad_norm: 0.0022 (0.0022)  time: 0.6888  data: 0.0002  max mem: 32286
Epoch: [110]  [ 70/106]  eta: 0:00:57  lr: 0.000143  min_lr: 0.000143  loss: 0.0000 (0.0000)  weight_decay: 0.0500 (0.0500)  grad_norm: 0.0022 (0.0021)  time: 0.6867  data: 0.0002  max mem: 32286
Epoch: [110]  [ 80/106]  eta: 0:00:38  lr: 0.000143  min_lr: 0.000143  loss: 0.0000 (0.0000)  weight_decay: 0.0500 (0.0500)  grad_norm: 0.0019 (0.0021)  time: 0.6847  data: 0.0001  max mem: 32286
Epoch: [110]  [ 90/106]  eta: 0:00:22  lr: 0.000143  min_lr: 0.000143  loss: 0.0000 (0.0000)  weight_decay: 0.0500 (0.0500)  grad_norm: 0.0015 (0.0020)  time: 0.6884  data: 0.0002  max mem: 32286
Epoch: [110]  [100/106]  eta: 0:00:07  lr: 0.000143  min_lr: 0.000143  loss: 0.0000 (0.0000)  weight_decay: 0.0500 (0.0500)  grad_norm: 0.0016 (0.0020)  time: 0.6889  data: 0.0001  max mem: 32286
Epoch: [110]  [105/106]  eta: 0:00:01  lr: 0.000143  min_lr: 0.000143  loss: 0.0000 (0.0000)  weight_decay: 0.0500 (0.0500)  grad_norm: 0.0021 (0.0021)  time: 0.6864  data: 0.0001  max mem: 32286
Epoch: [110] Total time: 0:02:18 (1.3038 s / it)
Averaged stats: lr: 0.000143  min_lr: 0.000143  loss: 0.0000 (0.0000)  weight_decay: 0.0500 (0.0500)  grad_norm: 0.0021 (0.0021)
Epoch: [111]  [  0/106]  eta: 1:52:44  lr: 0.000143  min_lr: 0.000143  loss: 0.0000 (0.0000)  weight_decay: 0.0500 (0.0500)  grad_norm: 0.0023 (0.0023)  time: 63.8204  data: 59.7324  max mem: 32286
Epoch: [111]  [ 10/106]  eta: 0:10:19  lr: 0.000143  min_lr: 0.000143  loss: 0.0000 (0.0000)  weight_decay: 0.0500 (0.0500)  grad_norm: 0.0025 (0.0026)  time: 6.4512  data: 5.4304  max mem: 32286
Epoch: [111]  [ 20/106]  eta: 0:05:19  lr: 0.000143  min_lr: 0.000143  loss: 0.0000 (0.0000)  weight_decay: 0.0500 (0.0500)  grad_norm: 0.0022 (0.0023)  time: 0.7082  data: 0.0002  max mem: 32286
Epoch: [111]  [ 30/106]  eta: 0:03:28  lr: 0.000143  min_lr: 0.000143  loss: 0.0000 (0.0000)  weight_decay: 0.0500 (0.0500)  grad_norm: 0.0017 (0.0021)  time: 0.6953  data: 0.0002  max mem: 32286
Epoch: [111]  [ 40/106]  eta: 0:02:28  lr: 0.000143  min_lr: 0.000143  loss: 0.0000 (0.0000)  weight_decay: 0.0500 (0.0500)  grad_norm: 0.0017 (0.0021)  time: 0.7039  data: 0.0002  max mem: 32286
Epoch: [111]  [ 50/106]  eta: 0:01:48  lr: 0.000143  min_lr: 0.000143  loss: 0.0000 (0.0000)  weight_decay: 0.0500 (0.0500)  grad_norm: 0.0019 (0.0021)  time: 0.7043  data: 0.0001  max mem: 32286
Epoch: [111]  [ 60/106]  eta: 0:01:19  lr: 0.000143  min_lr: 0.000143  loss: 0.0000 (0.0000)  weight_decay: 0.0500 (0.0500)  grad_norm: 0.0021 (0.0020)  time: 0.6882  data: 0.0001  max mem: 32286
Epoch: [111]  [ 70/106]  eta: 0:00:57  lr: 0.000143  min_lr: 0.000143  loss: 0.0000 (0.0000)  weight_decay: 0.0500 (0.0500)  grad_norm: 0.0018 (0.0020)  time: 0.6874  data: 0.0001  max mem: 32286
Epoch: [111]  [ 80/106]  eta: 0:00:38  lr: 0.000143  min_lr: 0.000143  loss: 0.0000 (0.0000)  weight_decay: 0.0500 (0.0500)  grad_norm: 0.0021 (0.0021)  time: 0.6874  data: 0.0001  max mem: 32286
Epoch: [111]  [ 90/106]  eta: 0:00:22  lr: 0.000143  min_lr: 0.000143  loss: 0.0000 (0.0000)  weight_decay: 0.0500 (0.0500)  grad_norm: 0.0021 (0.0020)  time: 0.6859  data: 0.0001  max mem: 32286
Epoch: [111]  [100/106]  eta: 0:00:07  lr: 0.000143  min_lr: 0.000143  loss: 0.0000 (0.0000)  weight_decay: 0.0500 (0.0500)  grad_norm: 0.0020 (0.0020)  time: 0.6862  data: 0.0001  max mem: 32286
Epoch: [111]  [105/106]  eta: 0:00:01  lr: 0.000143  min_lr: 0.000143  loss: 0.0000 (0.0000)  weight_decay: 0.0500 (0.0500)  grad_norm: 0.0018 (0.0020)  time: 0.6872  data: 0.0001  max mem: 32286
Epoch: [111] Total time: 0:02:17 (1.2994 s / it)
Averaged stats: lr: 0.000143  min_lr: 0.000143  loss: 0.0000 (0.0000)  weight_decay: 0.0500 (0.0500)  grad_norm: 0.0018 (0.0020)
Epoch: [112]  [  0/106]  eta: 1:52:37  lr: 0.000143  min_lr: 0.000143  loss: 0.0000 (0.0000)  weight_decay: 0.0500 (0.0500)  grad_norm: 0.0020 (0.0020)  time: 63.7476  data: 56.2013  max mem: 32286
Epoch: [112]  [ 10/106]  eta: 0:10:31  lr: 0.000143  min_lr: 0.000143  loss: 0.0000 (0.0000)  weight_decay: 0.0500 (0.0500)  grad_norm: 0.0022 (0.0024)  time: 6.5794  data: 5.1094  max mem: 32286
Epoch: [112]  [ 20/106]  eta: 0:05:27  lr: 0.000143  min_lr: 0.000143  loss: 0.0000 (0.0000)  weight_decay: 0.0500 (0.0500)  grad_norm: 0.0022 (0.0022)  time: 0.8092  data: 0.0002  max mem: 32286
Epoch: [112]  [ 30/106]  eta: 0:03:32  lr: 0.000143  min_lr: 0.000143  loss: 0.0000 (0.0000)  weight_decay: 0.0500 (0.0500)  grad_norm: 0.0019 (0.0020)  time: 0.7249  data: 0.0001  max mem: 32286
Epoch: [112]  [ 40/106]  eta: 0:02:31  lr: 0.000143  min_lr: 0.000143  loss: 0.0000 (0.0000)  weight_decay: 0.0500 (0.0500)  grad_norm: 0.0016 (0.0020)  time: 0.6976  data: 0.0001  max mem: 32286
Epoch: [112]  [ 50/106]  eta: 0:01:50  lr: 0.000143  min_lr: 0.000143  loss: 0.0000 (0.0000)  weight_decay: 0.0500 (0.0500)  grad_norm: 0.0023 (0.0022)  time: 0.6945  data: 0.0001  max mem: 32286
Epoch: [112]  [ 60/106]  eta: 0:01:21  lr: 0.000143  min_lr: 0.000143  loss: 0.0000 (0.0000)  weight_decay: 0.0500 (0.0500)  grad_norm: 0.0023 (0.0022)  time: 0.6869  data: 0.0001  max mem: 32286
Epoch: [112]  [ 70/106]  eta: 0:00:58  lr: 0.000143  min_lr: 0.000143  loss: 0.0000 (0.0000)  weight_decay: 0.0500 (0.0500)  grad_norm: 0.0019 (0.0021)  time: 0.6863  data: 0.0001  max mem: 32286
Epoch: [112]  [ 80/106]  eta: 0:00:38  lr: 0.000143  min_lr: 0.000143  loss: 0.0000 (0.0000)  weight_decay: 0.0500 (0.0500)  grad_norm: 0.0015 (0.0020)  time: 0.6862  data: 0.0001  max mem: 32286
Epoch: [112]  [ 90/106]  eta: 0:00:22  lr: 0.000143  min_lr: 0.000143  loss: 0.0000 (0.0000)  weight_decay: 0.0500 (0.0500)  grad_norm: 0.0015 (0.0020)  time: 0.6843  data: 0.0001  max mem: 32286
Epoch: [112]  [100/106]  eta: 0:00:08  lr: 0.000143  min_lr: 0.000143  loss: 0.0000 (0.0000)  weight_decay: 0.0500 (0.0500)  grad_norm: 0.0018 (0.0020)  time: 0.6844  data: 0.0001  max mem: 32286
Epoch: [112]  [105/106]  eta: 0:00:01  lr: 0.000143  min_lr: 0.000143  loss: 0.0000 (0.0000)  weight_decay: 0.0500 (0.0500)  grad_norm: 0.0018 (0.0020)  time: 0.6848  data: 0.0001  max mem: 32286
Epoch: [112] Total time: 0:02:19 (1.3179 s / it)
Averaged stats: lr: 0.000143  min_lr: 0.000143  loss: 0.0000 (0.0000)  weight_decay: 0.0500 (0.0500)  grad_norm: 0.0018 (0.0020)
Epoch: [113]  [  0/106]  eta: 1:55:04  lr: 0.000143  min_lr: 0.000143  loss: 0.0000 (0.0000)  weight_decay: 0.0500 (0.0500)  grad_norm: 0.0017 (0.0017)  time: 65.1382  data: 52.2967  max mem: 32286
Epoch: [113]  [ 10/106]  eta: 0:10:30  lr: 0.000143  min_lr: 0.000143  loss: 0.0000 (0.0000)  weight_decay: 0.0500 (0.0500)  grad_norm: 0.0020 (0.0019)  time: 6.5628  data: 4.7544  max mem: 32286
Epoch: [113]  [ 20/106]  eta: 0:05:24  lr: 0.000143  min_lr: 0.000143  loss: 0.0000 (0.0000)  weight_decay: 0.0500 (0.0500)  grad_norm: 0.0020 (0.0021)  time: 0.7005  data: 0.0002  max mem: 32286
Epoch: [113]  [ 30/106]  eta: 0:03:30  lr: 0.000143  min_lr: 0.000143  loss: 0.0000 (0.0000)  weight_decay: 0.0500 (0.0500)  grad_norm: 0.0022 (0.0021)  time: 0.6932  data: 0.0001  max mem: 32286
Epoch: [113]  [ 40/106]  eta: 0:02:29  lr: 0.000143  min_lr: 0.000143  loss: 0.0000 (0.0000)  weight_decay: 0.0500 (0.0500)  grad_norm: 0.0020 (0.0021)  time: 0.6906  data: 0.0001  max mem: 32286
Epoch: [113]  [ 50/106]  eta: 0:01:49  lr: 0.000143  min_lr: 0.000143  loss: 0.0000 (0.0000)  weight_decay: 0.0500 (0.0500)  grad_norm: 0.0024 (0.0022)  time: 0.6891  data: 0.0001  max mem: 32286
Epoch: [113]  [ 60/106]  eta: 0:01:20  lr: 0.000143  min_lr: 0.000143  loss: 0.0000 (0.0000)  weight_decay: 0.0500 (0.0500)  grad_norm: 0.0021 (0.0022)  time: 0.6874  data: 0.0001  max mem: 32286
Epoch: [113]  [ 70/106]  eta: 0:00:57  lr: 0.000143  min_lr: 0.000143  loss: 0.0000 (0.0000)  weight_decay: 0.0500 (0.0500)  grad_norm: 0.0019 (0.0021)  time: 0.6876  data: 0.0001  max mem: 32286
Epoch: [113]  [ 80/106]  eta: 0:00:38  lr: 0.000143  min_lr: 0.000143  loss: 0.0000 (0.0000)  weight_decay: 0.0500 (0.0500)  grad_norm: 0.0019 (0.0021)  time: 0.6868  data: 0.0001  max mem: 32286
Epoch: [113]  [ 90/106]  eta: 0:00:22  lr: 0.000143  min_lr: 0.000143  loss: 0.0000 (0.0000)  weight_decay: 0.0500 (0.0500)  grad_norm: 0.0016 (0.0020)  time: 0.6871  data: 0.0001  max mem: 32286
Epoch: [113]  [100/106]  eta: 0:00:07  lr: 0.000143  min_lr: 0.000143  loss: 0.0000 (0.0000)  weight_decay: 0.0500 (0.0500)  grad_norm: 0.0016 (0.0020)  time: 0.6897  data: 0.0001  max mem: 32286
Epoch: [113]  [105/106]  eta: 0:00:01  lr: 0.000143  min_lr: 0.000143  loss: 0.0000 (0.0000)  weight_decay: 0.0500 (0.0500)  grad_norm: 0.0017 (0.0020)  time: 0.6896  data: 0.0001  max mem: 32286
Epoch: [113] Total time: 0:02:18 (1.3111 s / it)
Averaged stats: lr: 0.000143  min_lr: 0.000143  loss: 0.0000 (0.0000)  weight_decay: 0.0500 (0.0500)  grad_norm: 0.0017 (0.0020)
Epoch: [114]  [  0/106]  eta: 1:54:06  lr: 0.000143  min_lr: 0.000143  loss: 0.0000 (0.0000)  weight_decay: 0.0500 (0.0500)  grad_norm: 0.0026 (0.0026)  time: 64.5869  data: 36.6864  max mem: 32286
Epoch: [114]  [ 10/106]  eta: 0:10:27  lr: 0.000143  min_lr: 0.000143  loss: 0.0000 (0.0000)  weight_decay: 0.0500 (0.0500)  grad_norm: 0.0022 (0.0021)  time: 6.5314  data: 3.3354  max mem: 32286
Epoch: [114]  [ 20/106]  eta: 0:05:23  lr: 0.000143  min_lr: 0.000143  loss: 0.0000 (0.0000)  weight_decay: 0.0500 (0.0500)  grad_norm: 0.0020 (0.0020)  time: 0.7166  data: 0.0003  max mem: 32286
Epoch: [114]  [ 30/106]  eta: 0:03:33  lr: 0.000143  min_lr: 0.000143  loss: 0.0000 (0.0000)  weight_decay: 0.0500 (0.0500)  grad_norm: 0.0019 (0.0020)  time: 0.7577  data: 0.0003  max mem: 32286
Epoch: [114]  [ 40/106]  eta: 0:02:32  lr: 0.000143  min_lr: 0.000143  loss: 0.0000 (0.0000)  weight_decay: 0.0500 (0.0500)  grad_norm: 0.0017 (0.0019)  time: 0.8049  data: 0.0003  max mem: 32286
Epoch: [114]  [ 50/106]  eta: 0:01:52  lr: 0.000143  min_lr: 0.000143  loss: 0.0000 (0.0000)  weight_decay: 0.0500 (0.0500)  grad_norm: 0.0017 (0.0019)  time: 0.7670  data: 0.0004  max mem: 32286
Epoch: [114]  [ 60/106]  eta: 0:01:22  lr: 0.000143  min_lr: 0.000143  loss: 0.0000 (0.0000)  weight_decay: 0.0500 (0.0500)  grad_norm: 0.0019 (0.0019)  time: 0.7244  data: 0.0003  max mem: 32286
Epoch: [114]  [ 70/106]  eta: 0:00:59  lr: 0.000142  min_lr: 0.000142  loss: 0.0000 (0.0000)  weight_decay: 0.0500 (0.0500)  grad_norm: 0.0020 (0.0019)  time: 0.7101  data: 0.0003  max mem: 32286
Epoch: [114]  [ 80/106]  eta: 0:00:39  lr: 0.000142  min_lr: 0.000142  loss: 0.0000 (0.0000)  weight_decay: 0.0500 (0.0500)  grad_norm: 0.0023 (0.0020)  time: 0.7464  data: 0.0003  max mem: 32286
Epoch: [114]  [ 90/106]  eta: 0:00:23  lr: 0.000142  min_lr: 0.000142  loss: 0.0000 (0.0000)  weight_decay: 0.0500 (0.0500)  grad_norm: 0.0020 (0.0020)  time: 0.7898  data: 0.0003  max mem: 32286
Epoch: [114]  [100/106]  eta: 0:00:08  lr: 0.000142  min_lr: 0.000142  loss: 0.0000 (0.0000)  weight_decay: 0.0500 (0.0500)  grad_norm: 0.0017 (0.0019)  time: 0.7840  data: 0.0003  max mem: 32286
Epoch: [114]  [105/106]  eta: 0:00:01  lr: 0.000142  min_lr: 0.000142  loss: 0.0000 (0.0000)  weight_decay: 0.0500 (0.0500)  grad_norm: 0.0016 (0.0019)  time: 0.7896  data: 0.0003  max mem: 32286
Epoch: [114] Total time: 0:02:25 (1.3699 s / it)
Averaged stats: lr: 0.000142  min_lr: 0.000142  loss: 0.0000 (0.0000)  weight_decay: 0.0500 (0.0500)  grad_norm: 0.0016 (0.0019)
Epoch: [115]  [  0/106]  eta: 1:57:39  lr: 0.000142  min_lr: 0.000142  loss: 0.0000 (0.0000)  weight_decay: 0.0500 (0.0500)  grad_norm: 0.0017 (0.0017)  time: 66.6002  data: 60.6665  max mem: 32286
Epoch: [115]  [ 10/106]  eta: 0:10:52  lr: 0.000142  min_lr: 0.000142  loss: 0.0000 (0.0000)  weight_decay: 0.0500 (0.0500)  grad_norm: 0.0018 (0.0019)  time: 6.7975  data: 5.5155  max mem: 32286
Epoch: [115]  [ 20/106]  eta: 0:05:36  lr: 0.000142  min_lr: 0.000142  loss: 0.0000 (0.0000)  weight_decay: 0.0500 (0.0500)  grad_norm: 0.0020 (0.0021)  time: 0.7732  data: 0.0003  max mem: 32286
Epoch: [115]  [ 30/106]  eta: 0:03:38  lr: 0.000142  min_lr: 0.000142  loss: 0.0000 (0.0000)  weight_decay: 0.0500 (0.0500)  grad_norm: 0.0023 (0.0022)  time: 0.7255  data: 0.0003  max mem: 32286
Epoch: [115]  [ 40/106]  eta: 0:02:35  lr: 0.000142  min_lr: 0.000142  loss: 0.0000 (0.0000)  weight_decay: 0.0500 (0.0500)  grad_norm: 0.0021 (0.0021)  time: 0.7200  data: 0.0002  max mem: 32286
Epoch: [115]  [ 50/106]  eta: 0:01:53  lr: 0.000142  min_lr: 0.000142  loss: 0.0000 (0.0000)  weight_decay: 0.0500 (0.0500)  grad_norm: 0.0019 (0.0021)  time: 0.7239  data: 0.0002  max mem: 32286
Epoch: [115]  [ 60/106]  eta: 0:01:23  lr: 0.000142  min_lr: 0.000142  loss: 0.0000 (0.0000)  weight_decay: 0.0500 (0.0500)  grad_norm: 0.0017 (0.0020)  time: 0.7137  data: 0.0002  max mem: 32286
Epoch: [115]  [ 70/106]  eta: 0:00:59  lr: 0.000142  min_lr: 0.000142  loss: 0.0000 (0.0000)  weight_decay: 0.0500 (0.0500)  grad_norm: 0.0019 (0.0021)  time: 0.6972  data: 0.0002  max mem: 32286
Epoch: [115]  [ 80/106]  eta: 0:00:40  lr: 0.000142  min_lr: 0.000142  loss: 0.0000 (0.0000)  weight_decay: 0.0500 (0.0500)  grad_norm: 0.0024 (0.0021)  time: 0.7037  data: 0.0002  max mem: 32286
Epoch: [115]  [ 90/106]  eta: 0:00:23  lr: 0.000142  min_lr: 0.000142  loss: 0.0000 (0.0000)  weight_decay: 0.0500 (0.0500)  grad_norm: 0.0021 (0.0021)  time: 0.7030  data: 0.0002  max mem: 32286
Epoch: [115]  [100/106]  eta: 0:00:08  lr: 0.000142  min_lr: 0.000142  loss: 0.0000 (0.0000)  weight_decay: 0.0500 (0.0500)  grad_norm: 0.0018 (0.0021)  time: 0.6960  data: 0.0002  max mem: 32286
Epoch: [115]  [105/106]  eta: 0:00:01  lr: 0.000142  min_lr: 0.000142  loss: 0.0000 (0.0000)  weight_decay: 0.0500 (0.0500)  grad_norm: 0.0017 (0.0020)  time: 0.6976  data: 0.0002  max mem: 32286
Epoch: [115] Total time: 0:02:23 (1.3544 s / it)
Averaged stats: lr: 0.000142  min_lr: 0.000142  loss: 0.0000 (0.0000)  weight_decay: 0.0500 (0.0500)  grad_norm: 0.0017 (0.0020)
Epoch: [116]  [  0/106]  eta: 1:55:22  lr: 0.000142  min_lr: 0.000142  loss: 0.0000 (0.0000)  weight_decay: 0.0500 (0.0500)  grad_norm: 0.0017 (0.0017)  time: 65.3092  data: 60.3324  max mem: 32286
Epoch: [116]  [ 10/106]  eta: 0:10:46  lr: 0.000142  min_lr: 0.000142  loss: 0.0000 (0.0000)  weight_decay: 0.0500 (0.0500)  grad_norm: 0.0023 (0.0026)  time: 6.7294  data: 5.4850  max mem: 32286
Epoch: [116]  [ 20/106]  eta: 0:05:36  lr: 0.000142  min_lr: 0.000142  loss: 0.0000 (0.0000)  weight_decay: 0.0500 (0.0500)  grad_norm: 0.0020 (0.0023)  time: 0.8451  data: 0.0002  max mem: 32286
Epoch: [116]  [ 30/106]  eta: 0:03:39  lr: 0.000142  min_lr: 0.000142  loss: 0.0000 (0.0000)  weight_decay: 0.0500 (0.0500)  grad_norm: 0.0018 (0.0021)  time: 0.7777  data: 0.0002  max mem: 32286
Epoch: [116]  [ 40/106]  eta: 0:02:35  lr: 0.000142  min_lr: 0.000142  loss: 0.0000 (0.0000)  weight_decay: 0.0500 (0.0500)  grad_norm: 0.0018 (0.0020)  time: 0.7305  data: 0.0002  max mem: 32286
Epoch: [116]  [ 50/106]  eta: 0:01:53  lr: 0.000142  min_lr: 0.000142  loss: 0.0000 (0.0000)  weight_decay: 0.0500 (0.0500)  grad_norm: 0.0017 (0.0020)  time: 0.7095  data: 0.0002  max mem: 32286
Epoch: [116]  [ 60/106]  eta: 0:01:23  lr: 0.000142  min_lr: 0.000142  loss: 0.0000 (0.0000)  weight_decay: 0.0500 (0.0500)  grad_norm: 0.0016 (0.0019)  time: 0.6946  data: 0.0002  max mem: 32286
Epoch: [116]  [ 70/106]  eta: 0:00:59  lr: 0.000142  min_lr: 0.000142  loss: 0.0000 (0.0000)  weight_decay: 0.0500 (0.0500)  grad_norm: 0.0022 (0.0020)  time: 0.6958  data: 0.0002  max mem: 32286
Epoch: [116]  [ 80/106]  eta: 0:00:40  lr: 0.000142  min_lr: 0.000142  loss: 0.0000 (0.0000)  weight_decay: 0.0500 (0.0500)  grad_norm: 0.0024 (0.0020)  time: 0.6967  data: 0.0002  max mem: 32286
Epoch: [116]  [ 90/106]  eta: 0:00:23  lr: 0.000142  min_lr: 0.000142  loss: 0.0000 (0.0000)  weight_decay: 0.0500 (0.0500)  grad_norm: 0.0018 (0.0020)  time: 0.7077  data: 0.0002  max mem: 32286
Epoch: [116]  [100/106]  eta: 0:00:08  lr: 0.000142  min_lr: 0.000142  loss: 0.0000 (0.0000)  weight_decay: 0.0500 (0.0500)  grad_norm: 0.0017 (0.0020)  time: 0.7147  data: 0.0002  max mem: 32286
Epoch: [116]  [105/106]  eta: 0:00:01  lr: 0.000142  min_lr: 0.000142  loss: 0.0000 (0.0000)  weight_decay: 0.0500 (0.0500)  grad_norm: 0.0018 (0.0020)  time: 0.7024  data: 0.0002  max mem: 32286
Epoch: [116] Total time: 0:02:23 (1.3565 s / it)
Averaged stats: lr: 0.000142  min_lr: 0.000142  loss: 0.0000 (0.0000)  weight_decay: 0.0500 (0.0500)  grad_norm: 0.0018 (0.0020)
Epoch: [117]  [  0/106]  eta: 1:55:09  lr: 0.000142  min_lr: 0.000142  loss: 0.0000 (0.0000)  weight_decay: 0.0500 (0.0500)  grad_norm: 0.0021 (0.0021)  time: 65.1797  data: 57.4724  max mem: 32286
Epoch: [117]  [ 10/106]  eta: 0:10:46  lr: 0.000142  min_lr: 0.000142  loss: 0.0000 (0.0000)  weight_decay: 0.0500 (0.0500)  grad_norm: 0.0018 (0.0018)  time: 6.7393  data: 5.2252  max mem: 32286
Epoch: [117]  [ 20/106]  eta: 0:05:38  lr: 0.000142  min_lr: 0.000142  loss: 0.0000 (0.0000)  weight_decay: 0.0500 (0.0500)  grad_norm: 0.0016 (0.0016)  time: 0.8721  data: 0.0005  max mem: 32286
Epoch: [117]  [ 30/106]  eta: 0:03:40  lr: 0.000142  min_lr: 0.000142  loss: 0.0000 (0.0000)  weight_decay: 0.0500 (0.0500)  grad_norm: 0.0013 (0.0015)  time: 0.7994  data: 0.0005  max mem: 32286
Epoch: [117]  [ 40/106]  eta: 0:02:37  lr: 0.000142  min_lr: 0.000142  loss: 0.0000 (0.0000)  weight_decay: 0.0500 (0.0500)  grad_norm: 0.0014 (0.0017)  time: 0.7457  data: 0.0004  max mem: 32286
Epoch: [117]  [ 50/106]  eta: 0:01:55  lr: 0.000142  min_lr: 0.000142  loss: 0.0000 (0.0000)  weight_decay: 0.0500 (0.0500)  grad_norm: 0.0018 (0.0017)  time: 0.7421  data: 0.0003  max mem: 32286
Epoch: [117]  [ 60/106]  eta: 0:01:24  lr: 0.000142  min_lr: 0.000142  loss: 0.0000 (0.0000)  weight_decay: 0.0500 (0.0500)  grad_norm: 0.0017 (0.0017)  time: 0.7155  data: 0.0003  max mem: 32286
Epoch: [117]  [ 70/106]  eta: 0:01:00  lr: 0.000142  min_lr: 0.000142  loss: 0.0000 (0.0000)  weight_decay: 0.0500 (0.0500)  grad_norm: 0.0019 (0.0018)  time: 0.6883  data: 0.0002  max mem: 32286
Epoch: [117]  [ 80/106]  eta: 0:00:40  lr: 0.000142  min_lr: 0.000142  loss: 0.0000 (0.0000)  weight_decay: 0.0500 (0.0500)  grad_norm: 0.0021 (0.0018)  time: 0.6888  data: 0.0001  max mem: 32286
Epoch: [117]  [ 90/106]  eta: 0:00:23  lr: 0.000142  min_lr: 0.000142  loss: 0.0000 (0.0000)  weight_decay: 0.0500 (0.0500)  grad_norm: 0.0021 (0.0018)  time: 0.7608  data: 0.0002  max mem: 32286
Epoch: [117]  [100/106]  eta: 0:00:08  lr: 0.000142  min_lr: 0.000142  loss: 0.0000 (0.0000)  weight_decay: 0.0500 (0.0500)  grad_norm: 0.0019 (0.0018)  time: 0.8173  data: 0.0003  max mem: 32286
Epoch: [117]  [105/106]  eta: 0:00:01  lr: 0.000142  min_lr: 0.000142  loss: 0.0000 (0.0000)  weight_decay: 0.0500 (0.0500)  grad_norm: 0.0019 (0.0018)  time: 0.8040  data: 0.0003  max mem: 32286
Epoch: [117] Total time: 0:02:27 (1.3872 s / it)
Averaged stats: lr: 0.000142  min_lr: 0.000142  loss: 0.0000 (0.0000)  weight_decay: 0.0500 (0.0500)  grad_norm: 0.0019 (0.0018)
Epoch: [118]  [  0/106]  eta: 1:54:21  lr: 0.000142  min_lr: 0.000142  loss: 0.0000 (0.0000)  weight_decay: 0.0500 (0.0500)  grad_norm: 0.0016 (0.0016)  time: 64.7299  data: 60.0982  max mem: 32286
Epoch: [118]  [ 10/106]  eta: 0:10:26  lr: 0.000142  min_lr: 0.000142  loss: 0.0000 (0.0000)  weight_decay: 0.0500 (0.0500)  grad_norm: 0.0017 (0.0018)  time: 6.5235  data: 5.4637  max mem: 32286
Epoch: [118]  [ 20/106]  eta: 0:05:22  lr: 0.000142  min_lr: 0.000142  loss: 0.0000 (0.0000)  weight_decay: 0.0500 (0.0500)  grad_norm: 0.0019 (0.0019)  time: 0.6985  data: 0.0002  max mem: 32286
Epoch: [118]  [ 30/106]  eta: 0:03:29  lr: 0.000142  min_lr: 0.000142  loss: 0.0000 (0.0000)  weight_decay: 0.0500 (0.0500)  grad_norm: 0.0018 (0.0018)  time: 0.6918  data: 0.0001  max mem: 32286
Epoch: [118]  [ 40/106]  eta: 0:02:28  lr: 0.000142  min_lr: 0.000142  loss: 0.0000 (0.0000)  weight_decay: 0.0500 (0.0500)  grad_norm: 0.0016 (0.0018)  time: 0.6896  data: 0.0001  max mem: 32286
Epoch: [118]  [ 50/106]  eta: 0:01:49  lr: 0.000142  min_lr: 0.000142  loss: 0.0000 (0.0000)  weight_decay: 0.0500 (0.0500)  grad_norm: 0.0017 (0.0018)  time: 0.6883  data: 0.0001  max mem: 32286
Epoch: [118]  [ 60/106]  eta: 0:01:20  lr: 0.000142  min_lr: 0.000142  loss: 0.0000 (0.0000)  weight_decay: 0.0500 (0.0500)  grad_norm: 0.0020 (0.0018)  time: 0.6877  data: 0.0002  max mem: 32286
Epoch: [118]  [ 70/106]  eta: 0:00:57  lr: 0.000142  min_lr: 0.000142  loss: 0.0000 (0.0000)  weight_decay: 0.0500 (0.0500)  grad_norm: 0.0019 (0.0019)  time: 0.6888  data: 0.0002  max mem: 32286
Epoch: [118]  [ 80/106]  eta: 0:00:38  lr: 0.000142  min_lr: 0.000142  loss: 0.0000 (0.0000)  weight_decay: 0.0500 (0.0500)  grad_norm: 0.0019 (0.0019)  time: 0.6883  data: 0.0001  max mem: 32286
Epoch: [118]  [ 90/106]  eta: 0:00:22  lr: 0.000142  min_lr: 0.000142  loss: 0.0000 (0.0000)  weight_decay: 0.0500 (0.0500)  grad_norm: 0.0018 (0.0018)  time: 0.6866  data: 0.0002  max mem: 32286
Epoch: [118]  [100/106]  eta: 0:00:07  lr: 0.000141  min_lr: 0.000141  loss: 0.0000 (0.0000)  weight_decay: 0.0500 (0.0500)  grad_norm: 0.0018 (0.0019)  time: 0.6868  data: 0.0002  max mem: 32286
Epoch: [118]  [105/106]  eta: 0:00:01  lr: 0.000141  min_lr: 0.000141  loss: 0.0000 (0.0000)  weight_decay: 0.0500 (0.0500)  grad_norm: 0.0019 (0.0019)  time: 0.6867  data: 0.0002  max mem: 32286
Epoch: [118] Total time: 0:02:18 (1.3044 s / it)
Averaged stats: lr: 0.000141  min_lr: 0.000141  loss: 0.0000 (0.0000)  weight_decay: 0.0500 (0.0500)  grad_norm: 0.0019 (0.0019)
Epoch: [119]  [  0/106]  eta: 1:54:19  lr: 0.000141  min_lr: 0.000141  loss: 0.0000 (0.0000)  weight_decay: 0.0500 (0.0500)  grad_norm: 0.0018 (0.0018)  time: 64.7087  data: 54.8968  max mem: 32286
Epoch: [119]  [ 10/106]  eta: 0:10:35  lr: 0.000141  min_lr: 0.000141  loss: 0.0000 (0.0000)  weight_decay: 0.0500 (0.0500)  grad_norm: 0.0019 (0.0019)  time: 6.6167  data: 4.9908  max mem: 32286
Epoch: [119]  [ 20/106]  eta: 0:05:28  lr: 0.000141  min_lr: 0.000141  loss: 0.0000 (0.0000)  weight_decay: 0.0500 (0.0500)  grad_norm: 0.0018 (0.0018)  time: 0.7731  data: 0.0002  max mem: 32286
Epoch: [119]  [ 30/106]  eta: 0:03:33  lr: 0.000141  min_lr: 0.000141  loss: 0.0000 (0.0000)  weight_decay: 0.0500 (0.0500)  grad_norm: 0.0018 (0.0019)  time: 0.7192  data: 0.0002  max mem: 32286
Epoch: [119]  [ 40/106]  eta: 0:02:31  lr: 0.000141  min_lr: 0.000141  loss: 0.0000 (0.0000)  weight_decay: 0.0500 (0.0500)  grad_norm: 0.0018 (0.0018)  time: 0.6947  data: 0.0001  max mem: 32286
Epoch: [119]  [ 50/106]  eta: 0:01:50  lr: 0.000141  min_lr: 0.000141  loss: 0.0000 (0.0000)  weight_decay: 0.0500 (0.0500)  grad_norm: 0.0017 (0.0018)  time: 0.6883  data: 0.0001  max mem: 32286
Epoch: [119]  [ 60/106]  eta: 0:01:21  lr: 0.000141  min_lr: 0.000141  loss: 0.0000 (0.0000)  weight_decay: 0.0500 (0.0500)  grad_norm: 0.0018 (0.0018)  time: 0.6890  data: 0.0001  max mem: 32286
Epoch: [119]  [ 70/106]  eta: 0:00:58  lr: 0.000141  min_lr: 0.000141  loss: 0.0000 (0.0000)  weight_decay: 0.0500 (0.0500)  grad_norm: 0.0019 (0.0019)  time: 0.6912  data: 0.0002  max mem: 32286
Epoch: [119]  [ 80/106]  eta: 0:00:39  lr: 0.000141  min_lr: 0.000141  loss: 0.0000 (0.0000)  weight_decay: 0.0500 (0.0500)  grad_norm: 0.0020 (0.0019)  time: 0.6900  data: 0.0002  max mem: 32286
Epoch: [119]  [ 90/106]  eta: 0:00:22  lr: 0.000141  min_lr: 0.000141  loss: 0.0000 (0.0000)  weight_decay: 0.0500 (0.0500)  grad_norm: 0.0021 (0.0019)  time: 0.6896  data: 0.0001  max mem: 32286
Epoch: [119]  [100/106]  eta: 0:00:08  lr: 0.000141  min_lr: 0.000141  loss: 0.0000 (0.0000)  weight_decay: 0.0500 (0.0500)  grad_norm: 0.0021 (0.0019)  time: 0.6908  data: 0.0001  max mem: 32286
Epoch: [119]  [105/106]  eta: 0:00:01  lr: 0.000141  min_lr: 0.000141  loss: 0.0000 (0.0000)  weight_decay: 0.0500 (0.0500)  grad_norm: 0.0018 (0.0019)  time: 0.6908  data: 0.0001  max mem: 32286
Epoch: [119] Total time: 0:02:20 (1.3209 s / it)
Averaged stats: lr: 0.000141  min_lr: 0.000141  loss: 0.0000 (0.0000)  weight_decay: 0.0500 (0.0500)  grad_norm: 0.0018 (0.0019)
Epoch: [120]  [  0/106]  eta: 1:55:51  lr: 0.000141  min_lr: 0.000141  loss: 0.0000 (0.0000)  weight_decay: 0.0500 (0.0500)  grad_norm: 0.0018 (0.0018)  time: 65.5777  data: 57.4042  max mem: 32286
Epoch: [120]  [ 10/106]  eta: 0:10:34  lr: 0.000141  min_lr: 0.000141  loss: 0.0000 (0.0000)  weight_decay: 0.0500 (0.0500)  grad_norm: 0.0015 (0.0015)  time: 6.6134  data: 5.2188  max mem: 32286
Epoch: [120]  [ 20/106]  eta: 0:05:26  lr: 0.000141  min_lr: 0.000141  loss: 0.0000 (0.0000)  weight_decay: 0.0500 (0.0500)  grad_norm: 0.0016 (0.0016)  time: 0.7091  data: 0.0002  max mem: 32286
Epoch: [120]  [ 30/106]  eta: 0:03:32  lr: 0.000141  min_lr: 0.000141  loss: 0.0000 (0.0000)  weight_decay: 0.0500 (0.0500)  grad_norm: 0.0019 (0.0017)  time: 0.6960  data: 0.0001  max mem: 32286
Epoch: [120]  [ 40/106]  eta: 0:02:30  lr: 0.000141  min_lr: 0.000141  loss: 0.0000 (0.0000)  weight_decay: 0.0500 (0.0500)  grad_norm: 0.0018 (0.0017)  time: 0.6915  data: 0.0001  max mem: 32286
Epoch: [120]  [ 50/106]  eta: 0:01:50  lr: 0.000141  min_lr: 0.000141  loss: 0.0000 (0.0000)  weight_decay: 0.0500 (0.0500)  grad_norm: 0.0016 (0.0017)  time: 0.6902  data: 0.0001  max mem: 32286
Epoch: [120]  [ 60/106]  eta: 0:01:20  lr: 0.000141  min_lr: 0.000141  loss: 0.0000 (0.0000)  weight_decay: 0.0500 (0.0500)  grad_norm: 0.0016 (0.0017)  time: 0.6890  data: 0.0001  max mem: 32286
Epoch: [120]  [ 70/106]  eta: 0:00:57  lr: 0.000141  min_lr: 0.000141  loss: 0.0000 (0.0000)  weight_decay: 0.0500 (0.0500)  grad_norm: 0.0018 (0.0018)  time: 0.6901  data: 0.0002  max mem: 32286
Epoch: [120]  [ 80/106]  eta: 0:00:39  lr: 0.000141  min_lr: 0.000141  loss: 0.0000 (0.0000)  weight_decay: 0.0500 (0.0500)  grad_norm: 0.0024 (0.0019)  time: 0.7415  data: 0.0002  max mem: 32286
Epoch: [120]  [ 90/106]  eta: 0:00:22  lr: 0.000141  min_lr: 0.000141  loss: 0.0000 (0.0000)  weight_decay: 0.0500 (0.0500)  grad_norm: 0.0025 (0.0020)  time: 0.7859  data: 0.0002  max mem: 32286
Epoch: [120]  [100/106]  eta: 0:00:08  lr: 0.000141  min_lr: 0.000141  loss: 0.0000 (0.0000)  weight_decay: 0.0500 (0.0500)  grad_norm: 0.0021 (0.0019)  time: 0.7452  data: 0.0002  max mem: 32286
Epoch: [120]  [105/106]  eta: 0:00:01  lr: 0.000141  min_lr: 0.000141  loss: 0.0000 (0.0000)  weight_decay: 0.0500 (0.0500)  grad_norm: 0.0017 (0.0019)  time: 0.7345  data: 0.0002  max mem: 32286
Epoch: [120] Total time: 0:02:21 (1.3391 s / it)
Averaged stats: lr: 0.000141  min_lr: 0.000141  loss: 0.0000 (0.0000)  weight_decay: 0.0500 (0.0500)  grad_norm: 0.0017 (0.0019)
Epoch: [121]  [  0/106]  eta: 1:56:28  lr: 0.000141  min_lr: 0.000141  loss: 0.0000 (0.0000)  weight_decay: 0.0500 (0.0500)  grad_norm: 0.0015 (0.0015)  time: 65.9278  data: 56.1729  max mem: 32286
Epoch: [121]  [ 10/106]  eta: 0:10:36  lr: 0.000141  min_lr: 0.000141  loss: 0.0000 (0.0000)  weight_decay: 0.0500 (0.0500)  grad_norm: 0.0015 (0.0015)  time: 6.6266  data: 5.1068  max mem: 32286
Epoch: [121]  [ 20/106]  eta: 0:05:26  lr: 0.000141  min_lr: 0.000141  loss: 0.0000 (0.0000)  weight_decay: 0.0500 (0.0500)  grad_norm: 0.0015 (0.0015)  time: 0.6949  data: 0.0002  max mem: 32286
Epoch: [121]  [ 30/106]  eta: 0:03:32  lr: 0.000141  min_lr: 0.000141  loss: 0.0000 (0.0000)  weight_decay: 0.0500 (0.0500)  grad_norm: 0.0014 (0.0015)  time: 0.6922  data: 0.0002  max mem: 32286
Epoch: [121]  [ 40/106]  eta: 0:02:30  lr: 0.000141  min_lr: 0.000141  loss: 0.0000 (0.0000)  weight_decay: 0.0500 (0.0500)  grad_norm: 0.0016 (0.0015)  time: 0.6906  data: 0.0002  max mem: 32286
Epoch: [121]  [ 50/106]  eta: 0:01:50  lr: 0.000141  min_lr: 0.000141  loss: 0.0000 (0.0000)  weight_decay: 0.0500 (0.0500)  grad_norm: 0.0019 (0.0017)  time: 0.6893  data: 0.0001  max mem: 32286
Epoch: [121]  [ 60/106]  eta: 0:01:21  lr: 0.000141  min_lr: 0.000141  loss: 0.0000 (0.0000)  weight_decay: 0.0500 (0.0500)  grad_norm: 0.0021 (0.0018)  time: 0.6905  data: 0.0001  max mem: 32286
Epoch: [121]  [ 70/106]  eta: 0:00:57  lr: 0.000141  min_lr: 0.000141  loss: 0.0000 (0.0000)  weight_decay: 0.0500 (0.0500)  grad_norm: 0.0019 (0.0018)  time: 0.6909  data: 0.0001  max mem: 32286
Epoch: [121]  [ 80/106]  eta: 0:00:38  lr: 0.000141  min_lr: 0.000141  loss: 0.0000 (0.0000)  weight_decay: 0.0500 (0.0500)  grad_norm: 0.0016 (0.0017)  time: 0.6899  data: 0.0001  max mem: 32286
Epoch: [121]  [ 90/106]  eta: 0:00:22  lr: 0.000141  min_lr: 0.000141  loss: 0.0000 (0.0000)  weight_decay: 0.0500 (0.0500)  grad_norm: 0.0017 (0.0018)  time: 0.6905  data: 0.0001  max mem: 32286
Epoch: [121]  [100/106]  eta: 0:00:08  lr: 0.000141  min_lr: 0.000141  loss: 0.0000 (0.0000)  weight_decay: 0.0500 (0.0500)  grad_norm: 0.0019 (0.0018)  time: 0.6921  data: 0.0001  max mem: 32286
Epoch: [121]  [105/106]  eta: 0:00:01  lr: 0.000141  min_lr: 0.000141  loss: 0.0000 (0.0000)  weight_decay: 0.0500 (0.0500)  grad_norm: 0.0019 (0.0018)  time: 0.6919  data: 0.0001  max mem: 32286
Epoch: [121] Total time: 0:02:19 (1.3193 s / it)
Averaged stats: lr: 0.000141  min_lr: 0.000141  loss: 0.0000 (0.0000)  weight_decay: 0.0500 (0.0500)  grad_norm: 0.0019 (0.0018)
Epoch: [122]  [  0/106]  eta: 1:58:38  lr: 0.000141  min_lr: 0.000141  loss: 0.0000 (0.0000)  weight_decay: 0.0500 (0.0500)  grad_norm: 0.0017 (0.0017)  time: 67.1590  data: 59.3225  max mem: 32286
Epoch: [122]  [ 10/106]  eta: 0:10:55  lr: 0.000141  min_lr: 0.000141  loss: 0.0000 (0.0000)  weight_decay: 0.0500 (0.0500)  grad_norm: 0.0017 (0.0017)  time: 6.8255  data: 5.3931  max mem: 32286
Epoch: [122]  [ 20/106]  eta: 0:05:37  lr: 0.000141  min_lr: 0.000141  loss: 0.0000 (0.0000)  weight_decay: 0.0500 (0.0500)  grad_norm: 0.0018 (0.0018)  time: 0.7658  data: 0.0002  max mem: 32286
Epoch: [122]  [ 30/106]  eta: 0:03:39  lr: 0.000141  min_lr: 0.000141  loss: 0.0000 (0.0000)  weight_decay: 0.0500 (0.0500)  grad_norm: 0.0020 (0.0019)  time: 0.7165  data: 0.0001  max mem: 32286
Epoch: [122]  [ 40/106]  eta: 0:02:34  lr: 0.000141  min_lr: 0.000141  loss: 0.0000 (0.0000)  weight_decay: 0.0500 (0.0500)  grad_norm: 0.0020 (0.0019)  time: 0.6901  data: 0.0001  max mem: 32286
Epoch: [122]  [ 50/106]  eta: 0:01:53  lr: 0.000141  min_lr: 0.000141  loss: 0.0000 (0.0000)  weight_decay: 0.0500 (0.0500)  grad_norm: 0.0018 (0.0019)  time: 0.6879  data: 0.0002  max mem: 32286
Epoch: [122]  [ 60/106]  eta: 0:01:22  lr: 0.000141  min_lr: 0.000141  loss: 0.0000 (0.0000)  weight_decay: 0.0500 (0.0500)  grad_norm: 0.0018 (0.0019)  time: 0.6889  data: 0.0002  max mem: 32286
Epoch: [122]  [ 70/106]  eta: 0:00:59  lr: 0.000141  min_lr: 0.000141  loss: 0.0000 (0.0000)  weight_decay: 0.0500 (0.0500)  grad_norm: 0.0017 (0.0018)  time: 0.6876  data: 0.0001  max mem: 32286
Epoch: [122]  [ 80/106]  eta: 0:00:39  lr: 0.000141  min_lr: 0.000141  loss: 0.0000 (0.0000)  weight_decay: 0.0500 (0.0500)  grad_norm: 0.0020 (0.0019)  time: 0.6870  data: 0.0001  max mem: 32286
Epoch: [122]  [ 90/106]  eta: 0:00:22  lr: 0.000141  min_lr: 0.000141  loss: 0.0000 (0.0000)  weight_decay: 0.0500 (0.0500)  grad_norm: 0.0021 (0.0019)  time: 0.6877  data: 0.0001  max mem: 32286
Epoch: [122]  [100/106]  eta: 0:00:08  lr: 0.000140  min_lr: 0.000140  loss: 0.0000 (0.0000)  weight_decay: 0.0500 (0.0500)  grad_norm: 0.0020 (0.0019)  time: 0.6880  data: 0.0001  max mem: 32286
Epoch: [122]  [105/106]  eta: 0:00:01  lr: 0.000140  min_lr: 0.000140  loss: 0.0000 (0.0000)  weight_decay: 0.0500 (0.0500)  grad_norm: 0.0020 (0.0019)  time: 0.6880  data: 0.0001  max mem: 32286
Epoch: [122] Total time: 0:02:22 (1.3426 s / it)
Averaged stats: lr: 0.000140  min_lr: 0.000140  loss: 0.0000 (0.0000)  weight_decay: 0.0500 (0.0500)  grad_norm: 0.0020 (0.0019)
Epoch: [123]  [  0/106]  eta: 1:54:17  lr: 0.000140  min_lr: 0.000140  loss: 0.0000 (0.0000)  weight_decay: 0.0500 (0.0500)  grad_norm: 0.0018 (0.0018)  time: 64.6969  data: 52.1875  max mem: 32286
Epoch: [123]  [ 10/106]  eta: 0:10:38  lr: 0.000140  min_lr: 0.000140  loss: 0.0000 (0.0000)  weight_decay: 0.0500 (0.0500)  grad_norm: 0.0016 (0.0017)  time: 6.6501  data: 4.7446  max mem: 32286
Epoch: [123]  [ 20/106]  eta: 0:05:34  lr: 0.000140  min_lr: 0.000140  loss: 0.0000 (0.0000)  weight_decay: 0.0500 (0.0500)  grad_norm: 0.0015 (0.0016)  time: 0.8522  data: 0.0003  max mem: 32286
Epoch: [123]  [ 30/106]  eta: 0:03:40  lr: 0.000140  min_lr: 0.000140  loss: 0.0000 (0.0000)  weight_decay: 0.0500 (0.0500)  grad_norm: 0.0016 (0.0017)  time: 0.8393  data: 0.0003  max mem: 32286
Epoch: [123]  [ 40/106]  eta: 0:02:37  lr: 0.000140  min_lr: 0.000140  loss: 0.0000 (0.0000)  weight_decay: 0.0500 (0.0500)  grad_norm: 0.0021 (0.0018)  time: 0.7952  data: 0.0002  max mem: 32286
Epoch: [123]  [ 50/106]  eta: 0:01:55  lr: 0.000140  min_lr: 0.000140  loss: 0.0000 (0.0000)  weight_decay: 0.0500 (0.0500)  grad_norm: 0.0021 (0.0019)  time: 0.7842  data: 0.0003  max mem: 32286
Epoch: [123]  [ 60/106]  eta: 0:01:25  lr: 0.000140  min_lr: 0.000140  loss: 0.0000 (0.0000)  weight_decay: 0.0500 (0.0500)  grad_norm: 0.0019 (0.0019)  time: 0.8145  data: 0.0004  max mem: 32286
Epoch: [123]  [ 70/106]  eta: 0:01:01  lr: 0.000140  min_lr: 0.000140  loss: 0.0000 (0.0000)  weight_decay: 0.0500 (0.0500)  grad_norm: 0.0019 (0.0019)  time: 0.7918  data: 0.0004  max mem: 32286
Epoch: [123]  [ 80/106]  eta: 0:00:41  lr: 0.000140  min_lr: 0.000140  loss: 0.0000 (0.0000)  weight_decay: 0.0500 (0.0500)  grad_norm: 0.0015 (0.0018)  time: 0.7634  data: 0.0003  max mem: 32286
Epoch: [123]  [ 90/106]  eta: 0:00:24  lr: 0.000140  min_lr: 0.000140  loss: 0.0000 (0.0000)  weight_decay: 0.0500 (0.0500)  grad_norm: 0.0015 (0.0018)  time: 0.7687  data: 0.0002  max mem: 32286
Epoch: [123]  [100/106]  eta: 0:00:08  lr: 0.000140  min_lr: 0.000140  loss: 0.0000 (0.0000)  weight_decay: 0.0500 (0.0500)  grad_norm: 0.0017 (0.0018)  time: 0.7594  data: 0.0002  max mem: 32286
Epoch: [123]  [105/106]  eta: 0:00:01  lr: 0.000140  min_lr: 0.000140  loss: 0.0000 (0.0000)  weight_decay: 0.0500 (0.0500)  grad_norm: 0.0017 (0.0018)  time: 0.7833  data: 0.0002  max mem: 32286
Epoch: [123] Total time: 0:02:29 (1.4145 s / it)
Averaged stats: lr: 0.000140  min_lr: 0.000140  loss: 0.0000 (0.0000)  weight_decay: 0.0500 (0.0500)  grad_norm: 0.0017 (0.0018)
Epoch: [124]  [  0/106]  eta: 1:54:08  lr: 0.000140  min_lr: 0.000140  loss: 0.0000 (0.0000)  weight_decay: 0.0500 (0.0500)  grad_norm: 0.0022 (0.0022)  time: 64.6064  data: 62.0019  max mem: 32286
Epoch: [124]  [ 10/106]  eta: 0:10:25  lr: 0.000140  min_lr: 0.000140  loss: 0.0000 (0.0000)  weight_decay: 0.0500 (0.0500)  grad_norm: 0.0019 (0.0019)  time: 6.5173  data: 5.6368  max mem: 32286
Epoch: [124]  [ 20/106]  eta: 0:05:22  lr: 0.000140  min_lr: 0.000140  loss: 0.0000 (0.0000)  weight_decay: 0.0500 (0.0500)  grad_norm: 0.0019 (0.0019)  time: 0.7021  data: 0.0003  max mem: 32286
Epoch: [124]  [ 30/106]  eta: 0:03:29  lr: 0.000140  min_lr: 0.000140  loss: 0.0000 (0.0000)  weight_decay: 0.0500 (0.0500)  grad_norm: 0.0019 (0.0019)  time: 0.6934  data: 0.0002  max mem: 32286
Epoch: [124]  [ 40/106]  eta: 0:02:28  lr: 0.000140  min_lr: 0.000140  loss: 0.0000 (0.0000)  weight_decay: 0.0500 (0.0500)  grad_norm: 0.0017 (0.0018)  time: 0.6908  data: 0.0002  max mem: 32286
Epoch: [124]  [ 50/106]  eta: 0:01:49  lr: 0.000140  min_lr: 0.000140  loss: 0.0000 (0.0000)  weight_decay: 0.0500 (0.0500)  grad_norm: 0.0016 (0.0018)  time: 0.6882  data: 0.0002  max mem: 32286
Epoch: [124]  [ 60/106]  eta: 0:01:20  lr: 0.000140  min_lr: 0.000140  loss: 0.0000 (0.0000)  weight_decay: 0.0500 (0.0500)  grad_norm: 0.0018 (0.0019)  time: 0.6879  data: 0.0001  max mem: 32286
Epoch: [124]  [ 70/106]  eta: 0:00:57  lr: 0.000140  min_lr: 0.000140  loss: 0.0000 (0.0000)  weight_decay: 0.0500 (0.0500)  grad_norm: 0.0020 (0.0019)  time: 0.6885  data: 0.0001  max mem: 32286
Epoch: [124]  [ 80/106]  eta: 0:00:38  lr: 0.000140  min_lr: 0.000140  loss: 0.0000 (0.0000)  weight_decay: 0.0500 (0.0500)  grad_norm: 0.0017 (0.0018)  time: 0.6874  data: 0.0001  max mem: 32286
Epoch: [124]  [ 90/106]  eta: 0:00:22  lr: 0.000140  min_lr: 0.000140  loss: 0.0000 (0.0000)  weight_decay: 0.0500 (0.0500)  grad_norm: 0.0016 (0.0018)  time: 0.6893  data: 0.0002  max mem: 32286
Epoch: [124]  [100/106]  eta: 0:00:07  lr: 0.000140  min_lr: 0.000140  loss: 0.0000 (0.0000)  weight_decay: 0.0500 (0.0500)  grad_norm: 0.0019 (0.0018)  time: 0.6907  data: 0.0002  max mem: 32286
Epoch: [124]  [105/106]  eta: 0:00:01  lr: 0.000140  min_lr: 0.000140  loss: 0.0000 (0.0000)  weight_decay: 0.0500 (0.0500)  grad_norm: 0.0018 (0.0018)  time: 0.6895  data: 0.0002  max mem: 32286
Epoch: [124] Total time: 0:02:18 (1.3067 s / it)
Averaged stats: lr: 0.000140  min_lr: 0.000140  loss: 0.0000 (0.0000)  weight_decay: 0.0500 (0.0500)  grad_norm: 0.0018 (0.0018)
Epoch: [125]  [  0/106]  eta: 1:54:25  lr: 0.000140  min_lr: 0.000140  loss: 0.0000 (0.0000)  weight_decay: 0.0500 (0.0500)  grad_norm: 0.0016 (0.0016)  time: 64.7678  data: 59.6861  max mem: 32286
Epoch: [125]  [ 10/106]  eta: 0:10:28  lr: 0.000140  min_lr: 0.000140  loss: 0.0000 (0.0000)  weight_decay: 0.0500 (0.0500)  grad_norm: 0.0020 (0.0021)  time: 6.5469  data: 5.4262  max mem: 32286
Epoch: [125]  [ 20/106]  eta: 0:05:23  lr: 0.000140  min_lr: 0.000140  loss: 0.0000 (0.0000)  weight_decay: 0.0500 (0.0500)  grad_norm: 0.0020 (0.0020)  time: 0.7075  data: 0.0002  max mem: 32286
Epoch: [125]  [ 30/106]  eta: 0:03:30  lr: 0.000140  min_lr: 0.000140  loss: 0.0000 (0.0000)  weight_decay: 0.0500 (0.0500)  grad_norm: 0.0017 (0.0018)  time: 0.6908  data: 0.0002  max mem: 32286
Epoch: [125]  [ 40/106]  eta: 0:02:29  lr: 0.000140  min_lr: 0.000140  loss: 0.0000 (0.0000)  weight_decay: 0.0500 (0.0500)  grad_norm: 0.0016 (0.0018)  time: 0.6905  data: 0.0002  max mem: 32286
Epoch: [125]  [ 50/106]  eta: 0:01:49  lr: 0.000140  min_lr: 0.000140  loss: 0.0000 (0.0000)  weight_decay: 0.0500 (0.0500)  grad_norm: 0.0016 (0.0018)  time: 0.6890  data: 0.0002  max mem: 32286
Epoch: [125]  [ 60/106]  eta: 0:01:20  lr: 0.000140  min_lr: 0.000140  loss: 0.0000 (0.0000)  weight_decay: 0.0500 (0.0500)  grad_norm: 0.0019 (0.0018)  time: 0.6891  data: 0.0001  max mem: 32286
Epoch: [125]  [ 70/106]  eta: 0:00:57  lr: 0.000140  min_lr: 0.000140  loss: 0.0000 (0.0000)  weight_decay: 0.0500 (0.0500)  grad_norm: 0.0019 (0.0018)  time: 0.6894  data: 0.0001  max mem: 32286
Epoch: [125]  [ 80/106]  eta: 0:00:38  lr: 0.000140  min_lr: 0.000140  loss: 0.0000 (0.0000)  weight_decay: 0.0500 (0.0500)  grad_norm: 0.0018 (0.0018)  time: 0.6887  data: 0.0001  max mem: 32286
Epoch: [125]  [ 90/106]  eta: 0:00:22  lr: 0.000140  min_lr: 0.000140  loss: 0.0000 (0.0000)  weight_decay: 0.0500 (0.0500)  grad_norm: 0.0017 (0.0018)  time: 0.6894  data: 0.0001  max mem: 32286
Epoch: [125]  [100/106]  eta: 0:00:07  lr: 0.000140  min_lr: 0.000140  loss: 0.0000 (0.0000)  weight_decay: 0.0500 (0.0500)  grad_norm: 0.0017 (0.0018)  time: 0.6905  data: 0.0002  max mem: 32286
Epoch: [125]  [105/106]  eta: 0:00:01  lr: 0.000140  min_lr: 0.000140  loss: 0.0000 (0.0000)  weight_decay: 0.0500 (0.0500)  grad_norm: 0.0019 (0.0018)  time: 0.6890  data: 0.0002  max mem: 32286
Epoch: [125] Total time: 0:02:18 (1.3094 s / it)
Averaged stats: lr: 0.000140  min_lr: 0.000140  loss: 0.0000 (0.0000)  weight_decay: 0.0500 (0.0500)  grad_norm: 0.0019 (0.0018)
Epoch: [126]  [  0/106]  eta: 1:53:34  lr: 0.000140  min_lr: 0.000140  loss: 0.0000 (0.0000)  weight_decay: 0.0500 (0.0500)  grad_norm: 0.0017 (0.0017)  time: 64.2863  data: 60.7587  max mem: 32286
Epoch: [126]  [ 10/106]  eta: 0:10:22  lr: 0.000140  min_lr: 0.000140  loss: 0.0000 (0.0000)  weight_decay: 0.0500 (0.0500)  grad_norm: 0.0017 (0.0017)  time: 6.4799  data: 5.5237  max mem: 32286
Epoch: [126]  [ 20/106]  eta: 0:05:20  lr: 0.000140  min_lr: 0.000140  loss: 0.0000 (0.0000)  weight_decay: 0.0500 (0.0500)  grad_norm: 0.0017 (0.0017)  time: 0.6960  data: 0.0002  max mem: 32286
Epoch: [126]  [ 30/106]  eta: 0:03:28  lr: 0.000140  min_lr: 0.000140  loss: 0.0000 (0.0000)  weight_decay: 0.0500 (0.0500)  grad_norm: 0.0018 (0.0018)  time: 0.6915  data: 0.0001  max mem: 32286
Epoch: [126]  [ 40/106]  eta: 0:02:28  lr: 0.000140  min_lr: 0.000140  loss: 0.0000 (0.0000)  weight_decay: 0.0500 (0.0500)  grad_norm: 0.0019 (0.0018)  time: 0.6889  data: 0.0001  max mem: 32286
Epoch: [126]  [ 50/106]  eta: 0:01:48  lr: 0.000140  min_lr: 0.000140  loss: 0.0000 (0.0000)  weight_decay: 0.0500 (0.0500)  grad_norm: 0.0020 (0.0019)  time: 0.6886  data: 0.0001  max mem: 32286
Epoch: [126]  [ 60/106]  eta: 0:01:19  lr: 0.000140  min_lr: 0.000140  loss: 0.0000 (0.0000)  weight_decay: 0.0500 (0.0500)  grad_norm: 0.0021 (0.0019)  time: 0.6899  data: 0.0001  max mem: 32286
Epoch: [126]  [ 70/106]  eta: 0:00:57  lr: 0.000140  min_lr: 0.000140  loss: 0.0000 (0.0000)  weight_decay: 0.0500 (0.0500)  grad_norm: 0.0017 (0.0018)  time: 0.6891  data: 0.0001  max mem: 32286
Epoch: [126]  [ 80/106]  eta: 0:00:38  lr: 0.000139  min_lr: 0.000139  loss: 0.0000 (0.0000)  weight_decay: 0.0500 (0.0500)  grad_norm: 0.0016 (0.0018)  time: 0.6889  data: 0.0001  max mem: 32286
Epoch: [126]  [ 90/106]  eta: 0:00:22  lr: 0.000139  min_lr: 0.000139  loss: 0.0000 (0.0000)  weight_decay: 0.0500 (0.0500)  grad_norm: 0.0018 (0.0018)  time: 0.6889  data: 0.0001  max mem: 32286
Epoch: [126]  [100/106]  eta: 0:00:07  lr: 0.000139  min_lr: 0.000139  loss: 0.0000 (0.0000)  weight_decay: 0.0500 (0.0500)  grad_norm: 0.0021 (0.0019)  time: 0.6892  data: 0.0001  max mem: 32286
Epoch: [126]  [105/106]  eta: 0:00:01  lr: 0.000139  min_lr: 0.000139  loss: 0.0000 (0.0000)  weight_decay: 0.0500 (0.0500)  grad_norm: 0.0022 (0.0019)  time: 0.6897  data: 0.0001  max mem: 32286
Epoch: [126] Total time: 0:02:18 (1.3023 s / it)
Averaged stats: lr: 0.000139  min_lr: 0.000139  loss: 0.0000 (0.0000)  weight_decay: 0.0500 (0.0500)  grad_norm: 0.0022 (0.0019)
Epoch: [127]  [  0/106]  eta: 1:54:16  lr: 0.000139  min_lr: 0.000139  loss: 0.0000 (0.0000)  weight_decay: 0.0500 (0.0500)  grad_norm: 0.0018 (0.0018)  time: 64.6796  data: 53.8984  max mem: 32286
Epoch: [127]  [ 10/106]  eta: 0:10:27  lr: 0.000139  min_lr: 0.000139  loss: 0.0000 (0.0000)  weight_decay: 0.0500 (0.0500)  grad_norm: 0.0017 (0.0016)  time: 6.5352  data: 4.9000  max mem: 32286
Epoch: [127]  [ 20/106]  eta: 0:05:23  lr: 0.000139  min_lr: 0.000139  loss: 0.0000 (0.0000)  weight_decay: 0.0500 (0.0500)  grad_norm: 0.0016 (0.0016)  time: 0.7150  data: 0.0002  max mem: 32286
Epoch: [127]  [ 30/106]  eta: 0:03:30  lr: 0.000139  min_lr: 0.000139  loss: 0.0000 (0.0000)  weight_decay: 0.0500 (0.0500)  grad_norm: 0.0015 (0.0015)  time: 0.7008  data: 0.0001  max mem: 32286
Epoch: [127]  [ 40/106]  eta: 0:02:29  lr: 0.000139  min_lr: 0.000139  loss: 0.0000 (0.0000)  weight_decay: 0.0500 (0.0500)  grad_norm: 0.0015 (0.0016)  time: 0.6913  data: 0.0002  max mem: 32286
Epoch: [127]  [ 50/106]  eta: 0:01:49  lr: 0.000139  min_lr: 0.000139  loss: 0.0000 (0.0000)  weight_decay: 0.0500 (0.0500)  grad_norm: 0.0018 (0.0017)  time: 0.6886  data: 0.0002  max mem: 32286
Epoch: [127]  [ 60/106]  eta: 0:01:21  lr: 0.000139  min_lr: 0.000139  loss: 0.0000 (0.0000)  weight_decay: 0.0500 (0.0500)  grad_norm: 0.0018 (0.0017)  time: 0.7415  data: 0.0002  max mem: 32286
Epoch: [127]  [ 70/106]  eta: 0:00:58  lr: 0.000139  min_lr: 0.000139  loss: 0.0000 (0.0000)  weight_decay: 0.0500 (0.0500)  grad_norm: 0.0018 (0.0017)  time: 0.7922  data: 0.0003  max mem: 32286
Epoch: [127]  [ 80/106]  eta: 0:00:39  lr: 0.000139  min_lr: 0.000139  loss: 0.0000 (0.0000)  weight_decay: 0.0500 (0.0500)  grad_norm: 0.0018 (0.0018)  time: 0.7923  data: 0.0003  max mem: 32286
Epoch: [127]  [ 90/106]  eta: 0:00:23  lr: 0.000139  min_lr: 0.000139  loss: 0.0000 (0.0000)  weight_decay: 0.0500 (0.0500)  grad_norm: 0.0016 (0.0018)  time: 0.7993  data: 0.0003  max mem: 32286
Epoch: [127]  [100/106]  eta: 0:00:08  lr: 0.000139  min_lr: 0.000139  loss: 0.0000 (0.0000)  weight_decay: 0.0500 (0.0500)  grad_norm: 0.0014 (0.0017)  time: 0.7945  data: 0.0003  max mem: 32286
Epoch: [127]  [105/106]  eta: 0:00:01  lr: 0.000139  min_lr: 0.000139  loss: 0.0000 (0.0000)  weight_decay: 0.0500 (0.0500)  grad_norm: 0.0014 (0.0017)  time: 0.7864  data: 0.0002  max mem: 32286
Epoch: [127] Total time: 0:02:24 (1.3607 s / it)
Averaged stats: lr: 0.000139  min_lr: 0.000139  loss: 0.0000 (0.0000)  weight_decay: 0.0500 (0.0500)  grad_norm: 0.0014 (0.0017)
Epoch: [128]  [  0/106]  eta: 1:55:00  lr: 0.000139  min_lr: 0.000139  loss: 0.0000 (0.0000)  weight_decay: 0.0500 (0.0500)  grad_norm: 0.0015 (0.0015)  time: 65.0970  data: 61.4308  max mem: 32286
Epoch: [128]  [ 10/106]  eta: 0:10:29  lr: 0.000139  min_lr: 0.000139  loss: 0.0000 (0.0000)  weight_decay: 0.0500 (0.0500)  grad_norm: 0.0016 (0.0016)  time: 6.5570  data: 5.5848  max mem: 32286
Epoch: [128]  [ 20/106]  eta: 0:05:25  lr: 0.000139  min_lr: 0.000139  loss: 0.0000 (0.0000)  weight_decay: 0.0500 (0.0500)  grad_norm: 0.0018 (0.0022)  time: 0.7183  data: 0.0002  max mem: 32286
Epoch: [128]  [ 30/106]  eta: 0:03:33  lr: 0.000139  min_lr: 0.000139  loss: 0.0000 (0.0000)  weight_decay: 0.0500 (0.0500)  grad_norm: 0.0023 (0.0021)  time: 0.7544  data: 0.0002  max mem: 32286
Epoch: [128]  [ 40/106]  eta: 0:02:33  lr: 0.000139  min_lr: 0.000139  loss: 0.0000 (0.0000)  weight_decay: 0.0500 (0.0500)  grad_norm: 0.0017 (0.0020)  time: 0.7970  data: 0.0002  max mem: 32286
Epoch: [128]  [ 50/106]  eta: 0:01:52  lr: 0.000139  min_lr: 0.000139  loss: 0.0000 (0.0000)  weight_decay: 0.0500 (0.0500)  grad_norm: 0.0015 (0.0018)  time: 0.7841  data: 0.0002  max mem: 32286
Epoch: [128]  [ 60/106]  eta: 0:01:22  lr: 0.000139  min_lr: 0.000139  loss: 0.0000 (0.0000)  weight_decay: 0.0500 (0.0500)  grad_norm: 0.0016 (0.0018)  time: 0.7297  data: 0.0002  max mem: 32286
Epoch: [128]  [ 70/106]  eta: 0:00:59  lr: 0.000139  min_lr: 0.000139  loss: 0.0000 (0.0000)  weight_decay: 0.0500 (0.0500)  grad_norm: 0.0017 (0.0018)  time: 0.7039  data: 0.0002  max mem: 32286
Epoch: [128]  [ 80/106]  eta: 0:00:39  lr: 0.000139  min_lr: 0.000139  loss: 0.0000 (0.0000)  weight_decay: 0.0500 (0.0500)  grad_norm: 0.0017 (0.0018)  time: 0.6946  data: 0.0001  max mem: 32286
Epoch: [128]  [ 90/106]  eta: 0:00:22  lr: 0.000139  min_lr: 0.000139  loss: 0.0000 (0.0000)  weight_decay: 0.0500 (0.0500)  grad_norm: 0.0019 (0.0018)  time: 0.6912  data: 0.0001  max mem: 32286
Epoch: [128]  [100/106]  eta: 0:00:08  lr: 0.000139  min_lr: 0.000139  loss: 0.0000 (0.0000)  weight_decay: 0.0500 (0.0500)  grad_norm: 0.0018 (0.0018)  time: 0.6914  data: 0.0002  max mem: 32286
Epoch: [128]  [105/106]  eta: 0:00:01  lr: 0.000139  min_lr: 0.000139  loss: 0.0000 (0.0000)  weight_decay: 0.0500 (0.0500)  grad_norm: 0.0017 (0.0018)  time: 0.6921  data: 0.0002  max mem: 32286
Epoch: [128] Total time: 0:02:22 (1.3451 s / it)
Averaged stats: lr: 0.000139  min_lr: 0.000139  loss: 0.0000 (0.0000)  weight_decay: 0.0500 (0.0500)  grad_norm: 0.0017 (0.0018)
Epoch: [129]  [  0/106]  eta: 3:17:22  lr: 0.000139  min_lr: 0.000139  loss: 0.0000 (0.0000)  weight_decay: 0.0500 (0.0500)  grad_norm: 0.0018 (0.0018)  time: 111.7254  data: 102.6300  max mem: 32286
Epoch: [129]  [ 10/106]  eta: 0:17:37  lr: 0.000139  min_lr: 0.000139  loss: 0.0000 (0.0000)  weight_decay: 0.0500 (0.0500)  grad_norm: 0.0019 (0.0020)  time: 11.0198  data: 9.3302  max mem: 32286
Epoch: [129]  [ 20/106]  eta: 0:08:44  lr: 0.000139  min_lr: 0.000139  loss: 0.0000 (0.0000)  weight_decay: 0.0500 (0.0500)  grad_norm: 0.0020 (0.0020)  time: 0.8211  data: 0.0002  max mem: 32286
Epoch: [129]  [ 30/106]  eta: 0:05:30  lr: 0.000139  min_lr: 0.000139  loss: 0.0000 (0.0000)  weight_decay: 0.0500 (0.0500)  grad_norm: 0.0019 (0.0020)  time: 0.6893  data: 0.0002  max mem: 32286
Epoch: [129]  [ 40/106]  eta: 0:03:48  lr: 0.000139  min_lr: 0.000139  loss: 0.0000 (0.0000)  weight_decay: 0.0500 (0.0500)  grad_norm: 0.0018 (0.0019)  time: 0.6841  data: 0.0001  max mem: 32286
Epoch: [129]  [ 50/106]  eta: 0:02:43  lr: 0.000139  min_lr: 0.000139  loss: 0.0000 (0.0000)  weight_decay: 0.0500 (0.0500)  grad_norm: 0.0015 (0.0018)  time: 0.6842  data: 0.0001  max mem: 32286
Epoch: [129]  [ 60/106]  eta: 0:01:57  lr: 0.000139  min_lr: 0.000139  loss: 0.0000 (0.0000)  weight_decay: 0.0500 (0.0500)  grad_norm: 0.0014 (0.0017)  time: 0.6853  data: 0.0002  max mem: 32286
Epoch: [129]  [ 70/106]  eta: 0:01:22  lr: 0.000139  min_lr: 0.000139  loss: 0.0000 (0.0000)  weight_decay: 0.0500 (0.0500)  grad_norm: 0.0014 (0.0017)  time: 0.6841  data: 0.0002  max mem: 32286
Epoch: [129]  [ 80/106]  eta: 0:00:54  lr: 0.000139  min_lr: 0.000139  loss: 0.0000 (0.0000)  weight_decay: 0.0500 (0.0500)  grad_norm: 0.0017 (0.0017)  time: 0.6830  data: 0.0001  max mem: 32286
Epoch: [129]  [ 90/106]  eta: 0:00:30  lr: 0.000139  min_lr: 0.000139  loss: 0.0000 (0.0000)  weight_decay: 0.0500 (0.0500)  grad_norm: 0.0018 (0.0018)  time: 0.6848  data: 0.0002  max mem: 32286
Epoch: [129]  [100/106]  eta: 0:00:10  lr: 0.000139  min_lr: 0.000139  loss: 0.0000 (0.0000)  weight_decay: 0.0500 (0.0500)  grad_norm: 0.0017 (0.0017)  time: 0.6842  data: 0.0001  max mem: 32286
Epoch: [129]  [105/106]  eta: 0:00:01  lr: 0.000139  min_lr: 0.000139  loss: 0.0000 (0.0000)  weight_decay: 0.0500 (0.0500)  grad_norm: 0.0016 (0.0017)  time: 0.6823  data: 0.0001  max mem: 32286
Epoch: [129] Total time: 0:03:07 (1.7697 s / it)
Averaged stats: lr: 0.000139  min_lr: 0.000139  loss: 0.0000 (0.0000)  weight_decay: 0.0500 (0.0500)  grad_norm: 0.0016 (0.0017)
Epoch: [130]  [  0/106]  eta: 1:56:05  lr: 0.000139  min_lr: 0.000139  loss: 0.0000 (0.0000)  weight_decay: 0.0500 (0.0500)  grad_norm: 0.0018 (0.0018)  time: 65.7139  data: 54.3498  max mem: 32286
Epoch: [130]  [ 10/106]  eta: 0:10:34  lr: 0.000139  min_lr: 0.000139  loss: 0.0000 (0.0000)  weight_decay: 0.0500 (0.0500)  grad_norm: 0.0018 (0.0018)  time: 6.6044  data: 4.9411  max mem: 32286
Epoch: [130]  [ 20/106]  eta: 0:05:25  lr: 0.000139  min_lr: 0.000139  loss: 0.0000 (0.0000)  weight_decay: 0.0500 (0.0500)  grad_norm: 0.0021 (0.0020)  time: 0.6925  data: 0.0002  max mem: 32286
Epoch: [130]  [ 30/106]  eta: 0:03:31  lr: 0.000139  min_lr: 0.000139  loss: 0.0000 (0.0000)  weight_decay: 0.0500 (0.0500)  grad_norm: 0.0019 (0.0019)  time: 0.6906  data: 0.0001  max mem: 32286
Epoch: [130]  [ 40/106]  eta: 0:02:30  lr: 0.000138  min_lr: 0.000138  loss: 0.0000 (0.0000)  weight_decay: 0.0500 (0.0500)  grad_norm: 0.0017 (0.0019)  time: 0.6881  data: 0.0001  max mem: 32286
Epoch: [130]  [ 50/106]  eta: 0:01:51  lr: 0.000138  min_lr: 0.000138  loss: 0.0000 (0.0000)  weight_decay: 0.0500 (0.0500)  grad_norm: 0.0017 (0.0018)  time: 0.7538  data: 0.0002  max mem: 32286
Epoch: [130]  [ 60/106]  eta: 0:01:22  lr: 0.000138  min_lr: 0.000138  loss: 0.0000 (0.0000)  weight_decay: 0.0500 (0.0500)  grad_norm: 0.0017 (0.0018)  time: 0.8313  data: 0.0004  max mem: 32286
Epoch: [130]  [ 70/106]  eta: 0:00:59  lr: 0.000138  min_lr: 0.000138  loss: 0.0000 (0.0000)  weight_decay: 0.0500 (0.0500)  grad_norm: 0.0017 (0.0018)  time: 0.8330  data: 0.0004  max mem: 32286
Epoch: [130]  [ 80/106]  eta: 0:00:40  lr: 0.000138  min_lr: 0.000138  loss: 0.0000 (0.0000)  weight_decay: 0.0500 (0.0500)  grad_norm: 0.0018 (0.0018)  time: 0.8146  data: 0.0003  max mem: 32286
Epoch: [130]  [ 90/106]  eta: 0:00:23  lr: 0.000138  min_lr: 0.000138  loss: 0.0000 (0.0000)  weight_decay: 0.0500 (0.0500)  grad_norm: 0.0018 (0.0018)  time: 0.7909  data: 0.0003  max mem: 32286
Epoch: [130]  [100/106]  eta: 0:00:08  lr: 0.000138  min_lr: 0.000138  loss: 0.0000 (0.0000)  weight_decay: 0.0500 (0.0500)  grad_norm: 0.0018 (0.0018)  time: 0.7893  data: 0.0003  max mem: 32286
Epoch: [130]  [105/106]  eta: 0:00:01  lr: 0.000138  min_lr: 0.000138  loss: 0.0000 (0.0000)  weight_decay: 0.0500 (0.0500)  grad_norm: 0.0017 (0.0018)  time: 0.7931  data: 0.0003  max mem: 32286
Epoch: [130] Total time: 0:02:27 (1.3876 s / it)
Averaged stats: lr: 0.000138  min_lr: 0.000138  loss: 0.0000 (0.0000)  weight_decay: 0.0500 (0.0500)  grad_norm: 0.0017 (0.0018)
Epoch: [131]  [  0/106]  eta: 1:52:31  lr: 0.000138  min_lr: 0.000138  loss: 0.0000 (0.0000)  weight_decay: 0.0500 (0.0500)  grad_norm: 0.0014 (0.0014)  time: 63.6898  data: 61.7720  max mem: 32286
Epoch: [131]  [ 10/106]  eta: 0:10:26  lr: 0.000138  min_lr: 0.000138  loss: 0.0000 (0.0000)  weight_decay: 0.0500 (0.0500)  grad_norm: 0.0015 (0.0014)  time: 6.5293  data: 5.6159  max mem: 32286
Epoch: [131]  [ 20/106]  eta: 0:05:22  lr: 0.000138  min_lr: 0.000138  loss: 0.0000 (0.0000)  weight_decay: 0.0500 (0.0500)  grad_norm: 0.0015 (0.0015)  time: 0.7513  data: 0.0002  max mem: 32286
Epoch: [131]  [ 30/106]  eta: 0:03:29  lr: 0.000138  min_lr: 0.000138  loss: 0.0000 (0.0000)  weight_decay: 0.0500 (0.0500)  grad_norm: 0.0018 (0.0017)  time: 0.6873  data: 0.0001  max mem: 32286
Epoch: [131]  [ 40/106]  eta: 0:02:28  lr: 0.000138  min_lr: 0.000138  loss: 0.0000 (0.0000)  weight_decay: 0.0500 (0.0500)  grad_norm: 0.0019 (0.0017)  time: 0.6859  data: 0.0001  max mem: 32286
Epoch: [131]  [ 50/106]  eta: 0:01:49  lr: 0.000138  min_lr: 0.000138  loss: 0.0000 (0.0000)  weight_decay: 0.0500 (0.0500)  grad_norm: 0.0018 (0.0017)  time: 0.6852  data: 0.0001  max mem: 32286
Epoch: [131]  [ 60/106]  eta: 0:01:20  lr: 0.000138  min_lr: 0.000138  loss: 0.0000 (0.0000)  weight_decay: 0.0500 (0.0500)  grad_norm: 0.0017 (0.0017)  time: 0.6833  data: 0.0001  max mem: 32286
Epoch: [131]  [ 70/106]  eta: 0:00:57  lr: 0.000138  min_lr: 0.000138  loss: 0.0000 (0.0000)  weight_decay: 0.0500 (0.0500)  grad_norm: 0.0017 (0.0017)  time: 0.6855  data: 0.0001  max mem: 32286
Epoch: [131]  [ 80/106]  eta: 0:00:38  lr: 0.000138  min_lr: 0.000138  loss: 0.0000 (0.0000)  weight_decay: 0.0500 (0.0500)  grad_norm: 0.0018 (0.0017)  time: 0.6866  data: 0.0001  max mem: 32286
Epoch: [131]  [ 90/106]  eta: 0:00:22  lr: 0.000138  min_lr: 0.000138  loss: 0.0000 (0.0000)  weight_decay: 0.0500 (0.0500)  grad_norm: 0.0017 (0.0017)  time: 0.6833  data: 0.0001  max mem: 32286
Epoch: [131]  [100/106]  eta: 0:00:07  lr: 0.000138  min_lr: 0.000138  loss: 0.0000 (0.0000)  weight_decay: 0.0500 (0.0500)  grad_norm: 0.0018 (0.0018)  time: 0.6835  data: 0.0001  max mem: 32286
Epoch: [131]  [105/106]  eta: 0:00:01  lr: 0.000138  min_lr: 0.000138  loss: 0.0000 (0.0000)  weight_decay: 0.0500 (0.0500)  grad_norm: 0.0019 (0.0018)  time: 0.6841  data: 0.0001  max mem: 32286
Epoch: [131] Total time: 0:02:18 (1.3024 s / it)
Averaged stats: lr: 0.000138  min_lr: 0.000138  loss: 0.0000 (0.0000)  weight_decay: 0.0500 (0.0500)  grad_norm: 0.0019 (0.0018)
Epoch: [132]  [  0/106]  eta: 1:54:30  lr: 0.000138  min_lr: 0.000138  loss: 0.0000 (0.0000)  weight_decay: 0.0500 (0.0500)  grad_norm: 0.0017 (0.0017)  time: 64.8159  data: 55.7314  max mem: 32286
Epoch: [132]  [ 10/106]  eta: 0:10:29  lr: 0.000138  min_lr: 0.000138  loss: 0.0000 (0.0000)  weight_decay: 0.0500 (0.0500)  grad_norm: 0.0015 (0.0015)  time: 6.5581  data: 5.0667  max mem: 32286
Epoch: [132]  [ 20/106]  eta: 0:05:23  lr: 0.000138  min_lr: 0.000138  loss: 0.0000 (0.0000)  weight_decay: 0.0500 (0.0500)  grad_norm: 0.0016 (0.0017)  time: 0.7119  data: 0.0002  max mem: 32286
Epoch: [132]  [ 30/106]  eta: 0:03:32  lr: 0.000138  min_lr: 0.000138  loss: 0.0000 (0.0000)  weight_decay: 0.0500 (0.0500)  grad_norm: 0.0019 (0.0018)  time: 0.7199  data: 0.0002  max mem: 32286
Epoch: [132]  [ 40/106]  eta: 0:02:32  lr: 0.000138  min_lr: 0.000138  loss: 0.0000 (0.0000)  weight_decay: 0.0500 (0.0500)  grad_norm: 0.0018 (0.0018)  time: 0.7817  data: 0.0003  max mem: 32286
Epoch: [132]  [ 50/106]  eta: 0:01:51  lr: 0.000138  min_lr: 0.000138  loss: 0.0000 (0.0000)  weight_decay: 0.0500 (0.0500)  grad_norm: 0.0015 (0.0017)  time: 0.7722  data: 0.0002  max mem: 32286
Epoch: [132]  [ 60/106]  eta: 0:01:22  lr: 0.000138  min_lr: 0.000138  loss: 0.0000 (0.0000)  weight_decay: 0.0500 (0.0500)  grad_norm: 0.0015 (0.0017)  time: 0.7138  data: 0.0001  max mem: 32286
Epoch: [132]  [ 70/106]  eta: 0:00:58  lr: 0.000138  min_lr: 0.000138  loss: 0.0000 (0.0000)  weight_decay: 0.0500 (0.0500)  grad_norm: 0.0015 (0.0016)  time: 0.6938  data: 0.0001  max mem: 32286
Epoch: [132]  [ 80/106]  eta: 0:00:39  lr: 0.000138  min_lr: 0.000138  loss: 0.0000 (0.0000)  weight_decay: 0.0500 (0.0500)  grad_norm: 0.0016 (0.0017)  time: 0.6886  data: 0.0001  max mem: 32286
Epoch: [132]  [ 90/106]  eta: 0:00:22  lr: 0.000138  min_lr: 0.000138  loss: 0.0000 (0.0000)  weight_decay: 0.0500 (0.0500)  grad_norm: 0.0021 (0.0018)  time: 0.6896  data: 0.0001  max mem: 32286
Epoch: [132]  [100/106]  eta: 0:00:08  lr: 0.000138  min_lr: 0.000138  loss: 0.0000 (0.0000)  weight_decay: 0.0500 (0.0500)  grad_norm: 0.0021 (0.0018)  time: 0.6893  data: 0.0001  max mem: 32286
Epoch: [132]  [105/106]  eta: 0:00:01  lr: 0.000138  min_lr: 0.000138  loss: 0.0000 (0.0000)  weight_decay: 0.0500 (0.0500)  grad_norm: 0.0019 (0.0018)  time: 0.6894  data: 0.0001  max mem: 32286
Epoch: [132] Total time: 0:02:21 (1.3321 s / it)
Averaged stats: lr: 0.000138  min_lr: 0.000138  loss: 0.0000 (0.0000)  weight_decay: 0.0500 (0.0500)  grad_norm: 0.0019 (0.0018)
Epoch: [133]  [  0/106]  eta: 1:54:07  lr: 0.000138  min_lr: 0.000138  loss: 0.0000 (0.0000)  weight_decay: 0.0500 (0.0500)  grad_norm: 0.0019 (0.0019)  time: 64.5991  data: 60.8647  max mem: 32286
Epoch: [133]  [ 10/106]  eta: 0:10:24  lr: 0.000138  min_lr: 0.000138  loss: 0.0000 (0.0000)  weight_decay: 0.0500 (0.0500)  grad_norm: 0.0014 (0.0015)  time: 6.5070  data: 5.5333  max mem: 32286
Epoch: [133]  [ 20/106]  eta: 0:05:21  lr: 0.000138  min_lr: 0.000138  loss: 0.0000 (0.0000)  weight_decay: 0.0500 (0.0500)  grad_norm: 0.0013 (0.0014)  time: 0.6943  data: 0.0002  max mem: 32286
Epoch: [133]  [ 30/106]  eta: 0:03:29  lr: 0.000138  min_lr: 0.000138  loss: 0.0000 (0.0000)  weight_decay: 0.0500 (0.0500)  grad_norm: 0.0013 (0.0013)  time: 0.6910  data: 0.0001  max mem: 32286
Epoch: [133]  [ 40/106]  eta: 0:02:28  lr: 0.000138  min_lr: 0.000138  loss: 0.0000 (0.0000)  weight_decay: 0.0500 (0.0500)  grad_norm: 0.0014 (0.0015)  time: 0.6893  data: 0.0001  max mem: 32286
Epoch: [133]  [ 50/106]  eta: 0:01:48  lr: 0.000138  min_lr: 0.000138  loss: 0.0000 (0.0000)  weight_decay: 0.0500 (0.0500)  grad_norm: 0.0021 (0.0016)  time: 0.6862  data: 0.0001  max mem: 32286
Epoch: [133]  [ 60/106]  eta: 0:01:19  lr: 0.000138  min_lr: 0.000138  loss: 0.0000 (0.0000)  weight_decay: 0.0500 (0.0500)  grad_norm: 0.0020 (0.0017)  time: 0.6867  data: 0.0001  max mem: 32286
Epoch: [133]  [ 70/106]  eta: 0:00:57  lr: 0.000138  min_lr: 0.000138  loss: 0.0000 (0.0000)  weight_decay: 0.0500 (0.0500)  grad_norm: 0.0016 (0.0016)  time: 0.6869  data: 0.0002  max mem: 32286
Epoch: [133]  [ 80/106]  eta: 0:00:38  lr: 0.000138  min_lr: 0.000138  loss: 0.0000 (0.0000)  weight_decay: 0.0500 (0.0500)  grad_norm: 0.0014 (0.0016)  time: 0.6859  data: 0.0002  max mem: 32286
Epoch: [133]  [ 90/106]  eta: 0:00:22  lr: 0.000138  min_lr: 0.000138  loss: 0.0000 (0.0000)  weight_decay: 0.0500 (0.0500)  grad_norm: 0.0015 (0.0016)  time: 0.6858  data: 0.0001  max mem: 32286
Epoch: [133]  [100/106]  eta: 0:00:07  lr: 0.000137  min_lr: 0.000137  loss: 0.0000 (0.0000)  weight_decay: 0.0500 (0.0500)  grad_norm: 0.0016 (0.0016)  time: 0.6871  data: 0.0002  max mem: 32286
Epoch: [133]  [105/106]  eta: 0:00:01  lr: 0.000137  min_lr: 0.000137  loss: 0.0000 (0.0000)  weight_decay: 0.0500 (0.0500)  grad_norm: 0.0016 (0.0016)  time: 0.6895  data: 0.0002  max mem: 32286
Epoch: [133] Total time: 0:02:18 (1.3032 s / it)
Averaged stats: lr: 0.000137  min_lr: 0.000137  loss: 0.0000 (0.0000)  weight_decay: 0.0500 (0.0500)  grad_norm: 0.0016 (0.0016)
Epoch: [134]  [  0/106]  eta: 1:56:09  lr: 0.000137  min_lr: 0.000137  loss: 0.0000 (0.0000)  weight_decay: 0.0500 (0.0500)  grad_norm: 0.0014 (0.0014)  time: 65.7471  data: 57.2810  max mem: 32286
Epoch: [134]  [ 10/106]  eta: 0:10:35  lr: 0.000137  min_lr: 0.000137  loss: 0.0000 (0.0000)  weight_decay: 0.0500 (0.0500)  grad_norm: 0.0021 (0.0020)  time: 6.6188  data: 5.2076  max mem: 32286
Epoch: [134]  [ 20/106]  eta: 0:05:26  lr: 0.000137  min_lr: 0.000137  loss: 0.0000 (0.0000)  weight_decay: 0.0500 (0.0500)  grad_norm: 0.0018 (0.0019)  time: 0.7002  data: 0.0002  max mem: 32286
Epoch: [134]  [ 30/106]  eta: 0:03:32  lr: 0.000137  min_lr: 0.000137  loss: 0.0000 (0.0000)  weight_decay: 0.0500 (0.0500)  grad_norm: 0.0016 (0.0018)  time: 0.7031  data: 0.0002  max mem: 32286
Epoch: [134]  [ 40/106]  eta: 0:02:31  lr: 0.000137  min_lr: 0.000137  loss: 0.0000 (0.0000)  weight_decay: 0.0500 (0.0500)  grad_norm: 0.0016 (0.0018)  time: 0.7088  data: 0.0001  max mem: 32286
Epoch: [134]  [ 50/106]  eta: 0:01:50  lr: 0.000137  min_lr: 0.000137  loss: 0.0000 (0.0000)  weight_decay: 0.0500 (0.0500)  grad_norm: 0.0016 (0.0018)  time: 0.7020  data: 0.0001  max mem: 32286
Epoch: [134]  [ 60/106]  eta: 0:01:21  lr: 0.000137  min_lr: 0.000137  loss: 0.0000 (0.0000)  weight_decay: 0.0500 (0.0500)  grad_norm: 0.0018 (0.0018)  time: 0.6949  data: 0.0001  max mem: 32286
Epoch: [134]  [ 70/106]  eta: 0:00:58  lr: 0.000137  min_lr: 0.000137  loss: 0.0000 (0.0000)  weight_decay: 0.0500 (0.0500)  grad_norm: 0.0019 (0.0018)  time: 0.6915  data: 0.0001  max mem: 32286
Epoch: [134]  [ 80/106]  eta: 0:00:39  lr: 0.000137  min_lr: 0.000137  loss: 0.0000 (0.0000)  weight_decay: 0.0500 (0.0500)  grad_norm: 0.0018 (0.0018)  time: 0.6915  data: 0.0001  max mem: 32286
Epoch: [134]  [ 90/106]  eta: 0:00:22  lr: 0.000137  min_lr: 0.000137  loss: 0.0000 (0.0000)  weight_decay: 0.0500 (0.0500)  grad_norm: 0.0016 (0.0018)  time: 0.6941  data: 0.0001  max mem: 32286
Epoch: [134]  [100/106]  eta: 0:00:08  lr: 0.000137  min_lr: 0.000137  loss: 0.0000 (0.0000)  weight_decay: 0.0500 (0.0500)  grad_norm: 0.0016 (0.0017)  time: 0.6925  data: 0.0001  max mem: 32286
Epoch: [134]  [105/106]  eta: 0:00:01  lr: 0.000137  min_lr: 0.000137  loss: 0.0000 (0.0000)  weight_decay: 0.0500 (0.0500)  grad_norm: 0.0016 (0.0017)  time: 0.6905  data: 0.0001  max mem: 32286
Epoch: [134] Total time: 0:02:20 (1.3226 s / it)
Averaged stats: lr: 0.000137  min_lr: 0.000137  loss: 0.0000 (0.0000)  weight_decay: 0.0500 (0.0500)  grad_norm: 0.0016 (0.0017)
Epoch: [135]  [  0/106]  eta: 1:55:33  lr: 0.000137  min_lr: 0.000137  loss: 0.0000 (0.0000)  weight_decay: 0.0500 (0.0500)  grad_norm: 0.0019 (0.0019)  time: 65.4062  data: 61.7930  max mem: 32286
Epoch: [135]  [ 10/106]  eta: 0:10:31  lr: 0.000137  min_lr: 0.000137  loss: 0.0000 (0.0000)  weight_decay: 0.0500 (0.0500)  grad_norm: 0.0019 (0.0018)  time: 6.5820  data: 5.6177  max mem: 32286
Epoch: [135]  [ 20/106]  eta: 0:05:25  lr: 0.000137  min_lr: 0.000137  loss: 0.0000 (0.0000)  weight_decay: 0.0500 (0.0500)  grad_norm: 0.0020 (0.0019)  time: 0.6990  data: 0.0002  max mem: 32286
Epoch: [135]  [ 30/106]  eta: 0:03:34  lr: 0.000137  min_lr: 0.000137  loss: 0.0000 (0.0000)  weight_decay: 0.0500 (0.0500)  grad_norm: 0.0021 (0.0019)  time: 0.7568  data: 0.0002  max mem: 32286
Epoch: [135]  [ 40/106]  eta: 0:02:34  lr: 0.000137  min_lr: 0.000137  loss: 0.0000 (0.0000)  weight_decay: 0.0500 (0.0500)  grad_norm: 0.0018 (0.0019)  time: 0.8168  data: 0.0003  max mem: 32286
Epoch: [135]  [ 50/106]  eta: 0:01:53  lr: 0.000137  min_lr: 0.000137  loss: 0.0000 (0.0000)  weight_decay: 0.0500 (0.0500)  grad_norm: 0.0017 (0.0018)  time: 0.7808  data: 0.0003  max mem: 32286
Epoch: [135]  [ 60/106]  eta: 0:01:23  lr: 0.000137  min_lr: 0.000137  loss: 0.0000 (0.0000)  weight_decay: 0.0500 (0.0500)  grad_norm: 0.0016 (0.0018)  time: 0.7266  data: 0.0002  max mem: 32286
Epoch: [135]  [ 70/106]  eta: 0:00:59  lr: 0.000137  min_lr: 0.000137  loss: 0.0000 (0.0000)  weight_decay: 0.0500 (0.0500)  grad_norm: 0.0016 (0.0018)  time: 0.6988  data: 0.0001  max mem: 32286
Epoch: [135]  [ 80/106]  eta: 0:00:39  lr: 0.000137  min_lr: 0.000137  loss: 0.0000 (0.0000)  weight_decay: 0.0500 (0.0500)  grad_norm: 0.0016 (0.0018)  time: 0.6859  data: 0.0001  max mem: 32286
Epoch: [135]  [ 90/106]  eta: 0:00:23  lr: 0.000137  min_lr: 0.000137  loss: 0.0000 (0.0000)  weight_decay: 0.0500 (0.0500)  grad_norm: 0.0020 (0.0018)  time: 0.6858  data: 0.0001  max mem: 32286
Epoch: [135]  [100/106]  eta: 0:00:08  lr: 0.000137  min_lr: 0.000137  loss: 0.0000 (0.0000)  weight_decay: 0.0500 (0.0500)  grad_norm: 0.0021 (0.0019)  time: 0.6901  data: 0.0001  max mem: 32286
Epoch: [135]  [105/106]  eta: 0:00:01  lr: 0.000137  min_lr: 0.000137  loss: 0.0000 (0.0000)  weight_decay: 0.0500 (0.0500)  grad_norm: 0.0019 (0.0019)  time: 0.6923  data: 0.0002  max mem: 32286
Epoch: [135] Total time: 0:02:22 (1.3427 s / it)
Averaged stats: lr: 0.000137  min_lr: 0.000137  loss: 0.0000 (0.0000)  weight_decay: 0.0500 (0.0500)  grad_norm: 0.0019 (0.0019)
Epoch: [136]  [  0/106]  eta: 1:55:26  lr: 0.000137  min_lr: 0.000137  loss: 0.0000 (0.0000)  weight_decay: 0.0500 (0.0500)  grad_norm: 0.0014 (0.0014)  time: 65.3400  data: 58.0568  max mem: 32286
Epoch: [136]  [ 10/106]  eta: 0:10:30  lr: 0.000137  min_lr: 0.000137  loss: 0.0000 (0.0000)  weight_decay: 0.0500 (0.0500)  grad_norm: 0.0015 (0.0015)  time: 6.5719  data: 5.2781  max mem: 32286
Epoch: [136]  [ 20/106]  eta: 0:05:24  lr: 0.000137  min_lr: 0.000137  loss: 0.0000 (0.0000)  weight_decay: 0.0500 (0.0500)  grad_norm: 0.0015 (0.0015)  time: 0.6931  data: 0.0002  max mem: 32286
Epoch: [136]  [ 30/106]  eta: 0:03:30  lr: 0.000137  min_lr: 0.000137  loss: 0.0000 (0.0000)  weight_decay: 0.0500 (0.0500)  grad_norm: 0.0015 (0.0015)  time: 0.6877  data: 0.0002  max mem: 32286
Epoch: [136]  [ 40/106]  eta: 0:02:29  lr: 0.000137  min_lr: 0.000137  loss: 0.0000 (0.0000)  weight_decay: 0.0500 (0.0500)  grad_norm: 0.0017 (0.0016)  time: 0.6869  data: 0.0002  max mem: 32286
Epoch: [136]  [ 50/106]  eta: 0:01:49  lr: 0.000137  min_lr: 0.000137  loss: 0.0000 (0.0000)  weight_decay: 0.0500 (0.0500)  grad_norm: 0.0019 (0.0017)  time: 0.6873  data: 0.0001  max mem: 32286
Epoch: [136]  [ 60/106]  eta: 0:01:20  lr: 0.000137  min_lr: 0.000137  loss: 0.0000 (0.0000)  weight_decay: 0.0500 (0.0500)  grad_norm: 0.0019 (0.0017)  time: 0.6846  data: 0.0001  max mem: 32286
Epoch: [136]  [ 70/106]  eta: 0:00:57  lr: 0.000137  min_lr: 0.000137  loss: 0.0000 (0.0000)  weight_decay: 0.0500 (0.0500)  grad_norm: 0.0019 (0.0017)  time: 0.6840  data: 0.0001  max mem: 32286
Epoch: [136]  [ 80/106]  eta: 0:00:38  lr: 0.000137  min_lr: 0.000137  loss: 0.0000 (0.0000)  weight_decay: 0.0500 (0.0500)  grad_norm: 0.0016 (0.0017)  time: 0.6845  data: 0.0001  max mem: 32286
Epoch: [136]  [ 90/106]  eta: 0:00:22  lr: 0.000137  min_lr: 0.000137  loss: 0.0000 (0.0000)  weight_decay: 0.0500 (0.0500)  grad_norm: 0.0014 (0.0017)  time: 0.6846  data: 0.0001  max mem: 32286
Epoch: [136]  [100/106]  eta: 0:00:07  lr: 0.000137  min_lr: 0.000137  loss: 0.0000 (0.0000)  weight_decay: 0.0500 (0.0500)  grad_norm: 0.0014 (0.0017)  time: 0.6847  data: 0.0001  max mem: 32286
Epoch: [136]  [105/106]  eta: 0:00:01  lr: 0.000137  min_lr: 0.000137  loss: 0.0000 (0.0000)  weight_decay: 0.0500 (0.0500)  grad_norm: 0.0015 (0.0016)  time: 0.6846  data: 0.0001  max mem: 32286
Epoch: [136] Total time: 0:02:18 (1.3088 s / it)
Averaged stats: lr: 0.000137  min_lr: 0.000137  loss: 0.0000 (0.0000)  weight_decay: 0.0500 (0.0500)  grad_norm: 0.0015 (0.0016)
Epoch: [137]  [  0/106]  eta: 1:54:47  lr: 0.000137  min_lr: 0.000137  loss: 0.0000 (0.0000)  weight_decay: 0.0500 (0.0500)  grad_norm: 0.0020 (0.0020)  time: 64.9730  data: 61.9372  max mem: 32286
Epoch: [137]  [ 10/106]  eta: 0:10:37  lr: 0.000137  min_lr: 0.000137  loss: 0.0000 (0.0000)  weight_decay: 0.0500 (0.0500)  grad_norm: 0.0017 (0.0016)  time: 6.6458  data: 5.6308  max mem: 32286
Epoch: [137]  [ 20/106]  eta: 0:05:32  lr: 0.000137  min_lr: 0.000137  loss: 0.0000 (0.0000)  weight_decay: 0.0500 (0.0500)  grad_norm: 0.0016 (0.0016)  time: 0.8138  data: 0.0002  max mem: 32286
Epoch: [137]  [ 30/106]  eta: 0:03:37  lr: 0.000137  min_lr: 0.000137  loss: 0.0000 (0.0000)  weight_decay: 0.0500 (0.0500)  grad_norm: 0.0016 (0.0017)  time: 0.7728  data: 0.0001  max mem: 32286
Epoch: [137]  [ 40/106]  eta: 0:02:33  lr: 0.000136  min_lr: 0.000136  loss: 0.0000 (0.0000)  weight_decay: 0.0500 (0.0500)  grad_norm: 0.0019 (0.0018)  time: 0.7096  data: 0.0001  max mem: 32286
Epoch: [137]  [ 50/106]  eta: 0:01:52  lr: 0.000136  min_lr: 0.000136  loss: 0.0000 (0.0000)  weight_decay: 0.0500 (0.0500)  grad_norm: 0.0020 (0.0018)  time: 0.6890  data: 0.0001  max mem: 32286
Epoch: [137]  [ 60/106]  eta: 0:01:22  lr: 0.000136  min_lr: 0.000136  loss: 0.0000 (0.0000)  weight_decay: 0.0500 (0.0500)  grad_norm: 0.0019 (0.0018)  time: 0.6893  data: 0.0001  max mem: 32286
Epoch: [137]  [ 70/106]  eta: 0:00:58  lr: 0.000136  min_lr: 0.000136  loss: 0.0000 (0.0000)  weight_decay: 0.0500 (0.0500)  grad_norm: 0.0018 (0.0018)  time: 0.6896  data: 0.0001  max mem: 32286
Epoch: [137]  [ 80/106]  eta: 0:00:39  lr: 0.000136  min_lr: 0.000136  loss: 0.0000 (0.0000)  weight_decay: 0.0500 (0.0500)  grad_norm: 0.0016 (0.0018)  time: 0.6888  data: 0.0001  max mem: 32286
Epoch: [137]  [ 90/106]  eta: 0:00:22  lr: 0.000136  min_lr: 0.000136  loss: 0.0000 (0.0000)  weight_decay: 0.0500 (0.0500)  grad_norm: 0.0017 (0.0018)  time: 0.6893  data: 0.0001  max mem: 32286
Epoch: [137]  [100/106]  eta: 0:00:08  lr: 0.000136  min_lr: 0.000136  loss: 0.0000 (0.0000)  weight_decay: 0.0500 (0.0500)  grad_norm: 0.0016 (0.0017)  time: 0.6962  data: 0.0001  max mem: 32286
Epoch: [137]  [105/106]  eta: 0:00:01  lr: 0.000136  min_lr: 0.000136  loss: 0.0000 (0.0000)  weight_decay: 0.0500 (0.0500)  grad_norm: 0.0015 (0.0017)  time: 0.6983  data: 0.0001  max mem: 32286
Epoch: [137] Total time: 0:02:21 (1.3357 s / it)
Averaged stats: lr: 0.000136  min_lr: 0.000136  loss: 0.0000 (0.0000)  weight_decay: 0.0500 (0.0500)  grad_norm: 0.0015 (0.0017)
Epoch: [138]  [  0/106]  eta: 1:54:20  lr: 0.000136  min_lr: 0.000136  loss: 0.0000 (0.0000)  weight_decay: 0.0500 (0.0500)  grad_norm: 0.0016 (0.0016)  time: 64.7232  data: 63.3350  max mem: 32286
Epoch: [138]  [ 10/106]  eta: 0:10:27  lr: 0.000136  min_lr: 0.000136  loss: 0.0000 (0.0000)  weight_decay: 0.0500 (0.0500)  grad_norm: 0.0018 (0.0018)  time: 6.5411  data: 5.7579  max mem: 32286
Epoch: [138]  [ 20/106]  eta: 0:05:23  lr: 0.000136  min_lr: 0.000136  loss: 0.0000 (0.0000)  weight_decay: 0.0500 (0.0500)  grad_norm: 0.0018 (0.0018)  time: 0.7121  data: 0.0002  max mem: 32286
Epoch: [138]  [ 30/106]  eta: 0:03:30  lr: 0.000136  min_lr: 0.000136  loss: 0.0000 (0.0000)  weight_decay: 0.0500 (0.0500)  grad_norm: 0.0018 (0.0019)  time: 0.6975  data: 0.0002  max mem: 32286
Epoch: [138]  [ 40/106]  eta: 0:02:29  lr: 0.000136  min_lr: 0.000136  loss: 0.0000 (0.0000)  weight_decay: 0.0500 (0.0500)  grad_norm: 0.0018 (0.0019)  time: 0.6936  data: 0.0002  max mem: 32286
Epoch: [138]  [ 50/106]  eta: 0:01:49  lr: 0.000136  min_lr: 0.000136  loss: 0.0000 (0.0000)  weight_decay: 0.0500 (0.0500)  grad_norm: 0.0018 (0.0019)  time: 0.6910  data: 0.0001  max mem: 32286
Epoch: [138]  [ 60/106]  eta: 0:01:20  lr: 0.000136  min_lr: 0.000136  loss: 0.0000 (0.0000)  weight_decay: 0.0500 (0.0500)  grad_norm: 0.0017 (0.0018)  time: 0.6897  data: 0.0001  max mem: 32286
Epoch: [138]  [ 70/106]  eta: 0:00:57  lr: 0.000136  min_lr: 0.000136  loss: 0.0000 (0.0000)  weight_decay: 0.0500 (0.0500)  grad_norm: 0.0015 (0.0018)  time: 0.6893  data: 0.0001  max mem: 32286
Epoch: [138]  [ 80/106]  eta: 0:00:38  lr: 0.000136  min_lr: 0.000136  loss: 0.0000 (0.0000)  weight_decay: 0.0500 (0.0500)  grad_norm: 0.0013 (0.0017)  time: 0.6880  data: 0.0001  max mem: 32286
Epoch: [138]  [ 90/106]  eta: 0:00:22  lr: 0.000136  min_lr: 0.000136  loss: 0.0000 (0.0000)  weight_decay: 0.0500 (0.0500)  grad_norm: 0.0013 (0.0017)  time: 0.6888  data: 0.0001  max mem: 32286
Epoch: [138]  [100/106]  eta: 0:00:07  lr: 0.000136  min_lr: 0.000136  loss: 0.0000 (0.0000)  weight_decay: 0.0500 (0.0500)  grad_norm: 0.0016 (0.0017)  time: 0.6889  data: 0.0001  max mem: 32286
Epoch: [138]  [105/106]  eta: 0:00:01  lr: 0.000136  min_lr: 0.000136  loss: 0.0000 (0.0000)  weight_decay: 0.0500 (0.0500)  grad_norm: 0.0018 (0.0017)  time: 0.6884  data: 0.0002  max mem: 32286
Epoch: [138] Total time: 0:02:18 (1.3109 s / it)
Averaged stats: lr: 0.000136  min_lr: 0.000136  loss: 0.0000 (0.0000)  weight_decay: 0.0500 (0.0500)  grad_norm: 0.0018 (0.0017)
Epoch: [139]  [  0/106]  eta: 1:54:26  lr: 0.000136  min_lr: 0.000136  loss: 0.0000 (0.0000)  weight_decay: 0.0500 (0.0500)  grad_norm: 0.0019 (0.0019)  time: 64.7786  data: 54.8161  max mem: 32286
Epoch: [139]  [ 10/106]  eta: 0:10:29  lr: 0.000136  min_lr: 0.000136  loss: 0.0000 (0.0000)  weight_decay: 0.0500 (0.0500)  grad_norm: 0.0017 (0.0017)  time: 6.5536  data: 4.9834  max mem: 32286
Epoch: [139]  [ 20/106]  eta: 0:05:23  lr: 0.000136  min_lr: 0.000136  loss: 0.0000 (0.0000)  weight_decay: 0.0500 (0.0500)  grad_norm: 0.0017 (0.0017)  time: 0.7150  data: 0.0002  max mem: 32286
Epoch: [139]  [ 30/106]  eta: 0:03:30  lr: 0.000136  min_lr: 0.000136  loss: 0.0000 (0.0000)  weight_decay: 0.0500 (0.0500)  grad_norm: 0.0015 (0.0016)  time: 0.6944  data: 0.0002  max mem: 32286
Epoch: [139]  [ 40/106]  eta: 0:02:29  lr: 0.000136  min_lr: 0.000136  loss: 0.0000 (0.0000)  weight_decay: 0.0500 (0.0500)  grad_norm: 0.0016 (0.0017)  time: 0.6896  data: 0.0002  max mem: 32286
Epoch: [139]  [ 50/106]  eta: 0:01:49  lr: 0.000136  min_lr: 0.000136  loss: 0.0000 (0.0000)  weight_decay: 0.0500 (0.0500)  grad_norm: 0.0016 (0.0016)  time: 0.6874  data: 0.0002  max mem: 32286
Epoch: [139]  [ 60/106]  eta: 0:01:20  lr: 0.000136  min_lr: 0.000136  loss: 0.0000 (0.0000)  weight_decay: 0.0500 (0.0500)  grad_norm: 0.0016 (0.0017)  time: 0.6877  data: 0.0001  max mem: 32286
Epoch: [139]  [ 70/106]  eta: 0:00:57  lr: 0.000136  min_lr: 0.000136  loss: 0.0000 (0.0000)  weight_decay: 0.0500 (0.0500)  grad_norm: 0.0021 (0.0017)  time: 0.6901  data: 0.0001  max mem: 32286
Epoch: [139]  [ 80/106]  eta: 0:00:38  lr: 0.000136  min_lr: 0.000136  loss: 0.0000 (0.0000)  weight_decay: 0.0500 (0.0500)  grad_norm: 0.0020 (0.0017)  time: 0.6890  data: 0.0001  max mem: 32286
Epoch: [139]  [ 90/106]  eta: 0:00:22  lr: 0.000136  min_lr: 0.000136  loss: 0.0000 (0.0000)  weight_decay: 0.0500 (0.0500)  grad_norm: 0.0016 (0.0017)  time: 0.6882  data: 0.0001  max mem: 32286
Epoch: [139]  [100/106]  eta: 0:00:07  lr: 0.000136  min_lr: 0.000136  loss: 0.0000 (0.0000)  weight_decay: 0.0500 (0.0500)  grad_norm: 0.0016 (0.0017)  time: 0.6891  data: 0.0001  max mem: 32286
Epoch: [139]  [105/106]  eta: 0:00:01  lr: 0.000136  min_lr: 0.000136  loss: 0.0000 (0.0000)  weight_decay: 0.0500 (0.0500)  grad_norm: 0.0017 (0.0017)  time: 0.6895  data: 0.0001  max mem: 32286
Epoch: [139] Total time: 0:02:18 (1.3078 s / it)
Averaged stats: lr: 0.000136  min_lr: 0.000136  loss: 0.0000 (0.0000)  weight_decay: 0.0500 (0.0500)  grad_norm: 0.0017 (0.0017)
Epoch: [140]  [  0/106]  eta: 1:54:53  lr: 0.000136  min_lr: 0.000136  loss: 0.0000 (0.0000)  weight_decay: 0.0500 (0.0500)  grad_norm: 0.0017 (0.0017)  time: 65.0347  data: 57.5596  max mem: 32286
Epoch: [140]  [ 10/106]  eta: 0:10:32  lr: 0.000136  min_lr: 0.000136  loss: 0.0000 (0.0000)  weight_decay: 0.0500 (0.0500)  grad_norm: 0.0015 (0.0015)  time: 6.5846  data: 5.2329  max mem: 32286
Epoch: [140]  [ 20/106]  eta: 0:05:25  lr: 0.000136  min_lr: 0.000136  loss: 0.0000 (0.0000)  weight_decay: 0.0500 (0.0500)  grad_norm: 0.0015 (0.0015)  time: 0.7284  data: 0.0002  max mem: 32286
Epoch: [140]  [ 30/106]  eta: 0:03:32  lr: 0.000136  min_lr: 0.000136  loss: 0.0000 (0.0000)  weight_decay: 0.0500 (0.0500)  grad_norm: 0.0015 (0.0015)  time: 0.7100  data: 0.0002  max mem: 32286
Epoch: [140]  [ 40/106]  eta: 0:02:30  lr: 0.000136  min_lr: 0.000136  loss: 0.0000 (0.0000)  weight_decay: 0.0500 (0.0500)  grad_norm: 0.0016 (0.0016)  time: 0.6987  data: 0.0002  max mem: 32286
Epoch: [140]  [ 50/106]  eta: 0:01:50  lr: 0.000136  min_lr: 0.000136  loss: 0.0000 (0.0000)  weight_decay: 0.0500 (0.0500)  grad_norm: 0.0020 (0.0017)  time: 0.7052  data: 0.0002  max mem: 32286
Epoch: [140]  [ 60/106]  eta: 0:01:21  lr: 0.000136  min_lr: 0.000136  loss: 0.0000 (0.0000)  weight_decay: 0.0500 (0.0500)  grad_norm: 0.0018 (0.0017)  time: 0.7040  data: 0.0002  max mem: 32286
Epoch: [140]  [ 70/106]  eta: 0:00:58  lr: 0.000135  min_lr: 0.000135  loss: 0.0000 (0.0000)  weight_decay: 0.0500 (0.0500)  grad_norm: 0.0016 (0.0017)  time: 0.6937  data: 0.0002  max mem: 32286
Epoch: [140]  [ 80/106]  eta: 0:00:39  lr: 0.000135  min_lr: 0.000135  loss: 0.0000 (0.0000)  weight_decay: 0.0500 (0.0500)  grad_norm: 0.0015 (0.0017)  time: 0.6960  data: 0.0001  max mem: 32286
Epoch: [140]  [ 90/106]  eta: 0:00:22  lr: 0.000135  min_lr: 0.000135  loss: 0.0000 (0.0000)  weight_decay: 0.0500 (0.0500)  grad_norm: 0.0017 (0.0017)  time: 0.6957  data: 0.0002  max mem: 32286
Epoch: [140]  [100/106]  eta: 0:00:08  lr: 0.000135  min_lr: 0.000135  loss: 0.0000 (0.0000)  weight_decay: 0.0500 (0.0500)  grad_norm: 0.0018 (0.0017)  time: 0.6920  data: 0.0002  max mem: 32286
Epoch: [140]  [105/106]  eta: 0:00:01  lr: 0.000135  min_lr: 0.000135  loss: 0.0000 (0.0000)  weight_decay: 0.0500 (0.0500)  grad_norm: 0.0017 (0.0017)  time: 0.6928  data: 0.0002  max mem: 32286
Epoch: [140] Total time: 0:02:20 (1.3223 s / it)
Averaged stats: lr: 0.000135  min_lr: 0.000135  loss: 0.0000 (0.0000)  weight_decay: 0.0500 (0.0500)  grad_norm: 0.0017 (0.0017)
Epoch: [141]  [  0/106]  eta: 1:53:13  lr: 0.000135  min_lr: 0.000135  loss: 0.0000 (0.0000)  weight_decay: 0.0500 (0.0500)  grad_norm: 0.0018 (0.0018)  time: 64.0888  data: 58.4527  max mem: 32286
Epoch: [141]  [ 10/106]  eta: 0:10:21  lr: 0.000135  min_lr: 0.000135  loss: 0.0000 (0.0000)  weight_decay: 0.0500 (0.0500)  grad_norm: 0.0015 (0.0015)  time: 6.4714  data: 5.3141  max mem: 32286
Epoch: [141]  [ 20/106]  eta: 0:05:19  lr: 0.000135  min_lr: 0.000135  loss: 0.0000 (0.0000)  weight_decay: 0.0500 (0.0500)  grad_norm: 0.0014 (0.0015)  time: 0.7008  data: 0.0002  max mem: 32286
Epoch: [141]  [ 30/106]  eta: 0:03:28  lr: 0.000135  min_lr: 0.000135  loss: 0.0000 (0.0000)  weight_decay: 0.0500 (0.0500)  grad_norm: 0.0016 (0.0017)  time: 0.6960  data: 0.0002  max mem: 32286
Epoch: [141]  [ 40/106]  eta: 0:02:28  lr: 0.000135  min_lr: 0.000135  loss: 0.0000 (0.0000)  weight_decay: 0.0500 (0.0500)  grad_norm: 0.0017 (0.0017)  time: 0.6974  data: 0.0002  max mem: 32286
Epoch: [141]  [ 50/106]  eta: 0:01:48  lr: 0.000135  min_lr: 0.000135  loss: 0.0000 (0.0000)  weight_decay: 0.0500 (0.0500)  grad_norm: 0.0016 (0.0017)  time: 0.6938  data: 0.0002  max mem: 32286
Epoch: [141]  [ 60/106]  eta: 0:01:19  lr: 0.000135  min_lr: 0.000135  loss: 0.0000 (0.0000)  weight_decay: 0.0500 (0.0500)  grad_norm: 0.0015 (0.0017)  time: 0.6955  data: 0.0001  max mem: 32286
Epoch: [141]  [ 70/106]  eta: 0:00:57  lr: 0.000135  min_lr: 0.000135  loss: 0.0000 (0.0000)  weight_decay: 0.0500 (0.0500)  grad_norm: 0.0015 (0.0016)  time: 0.6956  data: 0.0001  max mem: 32286
Epoch: [141]  [ 80/106]  eta: 0:00:38  lr: 0.000135  min_lr: 0.000135  loss: 0.0000 (0.0000)  weight_decay: 0.0500 (0.0500)  grad_norm: 0.0013 (0.0016)  time: 0.6930  data: 0.0001  max mem: 32286
Epoch: [141]  [ 90/106]  eta: 0:00:22  lr: 0.000135  min_lr: 0.000135  loss: 0.0000 (0.0000)  weight_decay: 0.0500 (0.0500)  grad_norm: 0.0014 (0.0016)  time: 0.6925  data: 0.0001  max mem: 32286
Epoch: [141]  [100/106]  eta: 0:00:07  lr: 0.000135  min_lr: 0.000135  loss: 0.0000 (0.0000)  weight_decay: 0.0500 (0.0500)  grad_norm: 0.0019 (0.0016)  time: 0.6951  data: 0.0001  max mem: 32286
Epoch: [141]  [105/106]  eta: 0:00:01  lr: 0.000135  min_lr: 0.000135  loss: 0.0000 (0.0000)  weight_decay: 0.0500 (0.0500)  grad_norm: 0.0019 (0.0016)  time: 0.6972  data: 0.0001  max mem: 32286
Epoch: [141] Total time: 0:02:18 (1.3037 s / it)
Averaged stats: lr: 0.000135  min_lr: 0.000135  loss: 0.0000 (0.0000)  weight_decay: 0.0500 (0.0500)  grad_norm: 0.0019 (0.0016)
Epoch: [142]  [  0/106]  eta: 1:52:14  lr: 0.000135  min_lr: 0.000135  loss: 0.0000 (0.0000)  weight_decay: 0.0500 (0.0500)  grad_norm: 0.0022 (0.0022)  time: 63.5313  data: 54.2262  max mem: 32286
Epoch: [142]  [ 10/106]  eta: 0:10:19  lr: 0.000135  min_lr: 0.000135  loss: 0.0000 (0.0000)  weight_decay: 0.0500 (0.0500)  grad_norm: 0.0020 (0.0020)  time: 6.4530  data: 4.9299  max mem: 32286
Epoch: [142]  [ 20/106]  eta: 0:05:19  lr: 0.000135  min_lr: 0.000135  loss: 0.0000 (0.0000)  weight_decay: 0.0500 (0.0500)  grad_norm: 0.0015 (0.0017)  time: 0.7286  data: 0.0002  max mem: 32286
Epoch: [142]  [ 30/106]  eta: 0:03:28  lr: 0.000135  min_lr: 0.000135  loss: 0.0000 (0.0000)  weight_decay: 0.0500 (0.0500)  grad_norm: 0.0015 (0.0018)  time: 0.7046  data: 0.0002  max mem: 32286
Epoch: [142]  [ 40/106]  eta: 0:02:28  lr: 0.000135  min_lr: 0.000135  loss: 0.0000 (0.0000)  weight_decay: 0.0500 (0.0500)  grad_norm: 0.0019 (0.0018)  time: 0.6973  data: 0.0002  max mem: 32286
Epoch: [142]  [ 50/106]  eta: 0:01:48  lr: 0.000135  min_lr: 0.000135  loss: 0.0000 (0.0000)  weight_decay: 0.0500 (0.0500)  grad_norm: 0.0019 (0.0018)  time: 0.6932  data: 0.0001  max mem: 32286
Epoch: [142]  [ 60/106]  eta: 0:01:19  lr: 0.000135  min_lr: 0.000135  loss: 0.0000 (0.0000)  weight_decay: 0.0500 (0.0500)  grad_norm: 0.0014 (0.0017)  time: 0.6924  data: 0.0001  max mem: 32286
Epoch: [142]  [ 70/106]  eta: 0:00:57  lr: 0.000135  min_lr: 0.000135  loss: 0.0000 (0.0000)  weight_decay: 0.0500 (0.0500)  grad_norm: 0.0013 (0.0017)  time: 0.6955  data: 0.0001  max mem: 32286
Epoch: [142]  [ 80/106]  eta: 0:00:38  lr: 0.000135  min_lr: 0.000135  loss: 0.0000 (0.0000)  weight_decay: 0.0500 (0.0500)  grad_norm: 0.0015 (0.0017)  time: 0.6928  data: 0.0001  max mem: 32286
Epoch: [142]  [ 90/106]  eta: 0:00:22  lr: 0.000135  min_lr: 0.000135  loss: 0.0000 (0.0000)  weight_decay: 0.0500 (0.0500)  grad_norm: 0.0016 (0.0017)  time: 0.6914  data: 0.0001  max mem: 32286
Epoch: [142]  [100/106]  eta: 0:00:07  lr: 0.000135  min_lr: 0.000135  loss: 0.0000 (0.0000)  weight_decay: 0.0500 (0.0500)  grad_norm: 0.0016 (0.0017)  time: 0.6921  data: 0.0001  max mem: 32286
Epoch: [142]  [105/106]  eta: 0:00:01  lr: 0.000135  min_lr: 0.000135  loss: 0.0000 (0.0000)  weight_decay: 0.0500 (0.0500)  grad_norm: 0.0014 (0.0017)  time: 0.6908  data: 0.0001  max mem: 32286
Epoch: [142] Total time: 0:02:18 (1.3043 s / it)
Averaged stats: lr: 0.000135  min_lr: 0.000135  loss: 0.0000 (0.0000)  weight_decay: 0.0500 (0.0500)  grad_norm: 0.0014 (0.0017)
Epoch: [143]  [  0/106]  eta: 1:55:52  lr: 0.000135  min_lr: 0.000135  loss: 0.0000 (0.0000)  weight_decay: 0.0500 (0.0500)  grad_norm: 0.0014 (0.0014)  time: 65.5887  data: 56.4245  max mem: 32286
Epoch: [143]  [ 10/106]  eta: 0:10:46  lr: 0.000135  min_lr: 0.000135  loss: 0.0000 (0.0000)  weight_decay: 0.0500 (0.0500)  grad_norm: 0.0014 (0.0014)  time: 6.7393  data: 5.1297  max mem: 32286
Epoch: [143]  [ 20/106]  eta: 0:05:36  lr: 0.000135  min_lr: 0.000135  loss: 0.0000 (0.0000)  weight_decay: 0.0500 (0.0500)  grad_norm: 0.0014 (0.0015)  time: 0.8324  data: 0.0002  max mem: 32286
Epoch: [143]  [ 30/106]  eta: 0:03:40  lr: 0.000135  min_lr: 0.000135  loss: 0.0000 (0.0000)  weight_decay: 0.0500 (0.0500)  grad_norm: 0.0016 (0.0016)  time: 0.7936  data: 0.0001  max mem: 32286
Epoch: [143]  [ 40/106]  eta: 0:02:37  lr: 0.000135  min_lr: 0.000135  loss: 0.0000 (0.0000)  weight_decay: 0.0500 (0.0500)  grad_norm: 0.0016 (0.0016)  time: 0.7761  data: 0.0001  max mem: 32286
Epoch: [143]  [ 50/106]  eta: 0:01:56  lr: 0.000135  min_lr: 0.000135  loss: 0.0000 (0.0000)  weight_decay: 0.0500 (0.0500)  grad_norm: 0.0017 (0.0017)  time: 0.7839  data: 0.0001  max mem: 32286
Epoch: [143]  [ 60/106]  eta: 0:01:25  lr: 0.000135  min_lr: 0.000135  loss: 0.0000 (0.0000)  weight_decay: 0.0500 (0.0500)  grad_norm: 0.0017 (0.0016)  time: 0.8062  data: 0.0001  max mem: 32286
Epoch: [143]  [ 70/106]  eta: 0:01:01  lr: 0.000135  min_lr: 0.000135  loss: 0.0000 (0.0000)  weight_decay: 0.0500 (0.0500)  grad_norm: 0.0016 (0.0016)  time: 0.8218  data: 0.0001  max mem: 32286
Epoch: [143]  [ 80/106]  eta: 0:00:41  lr: 0.000134  min_lr: 0.000134  loss: 0.0000 (0.0000)  weight_decay: 0.0500 (0.0500)  grad_norm: 0.0016 (0.0016)  time: 0.8104  data: 0.0001  max mem: 32286
Epoch: [143]  [ 90/106]  eta: 0:00:24  lr: 0.000134  min_lr: 0.000134  loss: 0.0000 (0.0000)  weight_decay: 0.0500 (0.0500)  grad_norm: 0.0017 (0.0016)  time: 0.7901  data: 0.0001  max mem: 32286
Epoch: [143]  [100/106]  eta: 0:00:08  lr: 0.000134  min_lr: 0.000134  loss: 0.0000 (0.0000)  weight_decay: 0.0500 (0.0500)  grad_norm: 0.0019 (0.0017)  time: 0.7477  data: 0.0001  max mem: 32286
Epoch: [143]  [105/106]  eta: 0:00:01  lr: 0.000134  min_lr: 0.000134  loss: 0.0000 (0.0000)  weight_decay: 0.0500 (0.0500)  grad_norm: 0.0018 (0.0017)  time: 0.7336  data: 0.0001  max mem: 32286
Epoch: [143] Total time: 0:02:29 (1.4136 s / it)
Averaged stats: lr: 0.000134  min_lr: 0.000134  loss: 0.0000 (0.0000)  weight_decay: 0.0500 (0.0500)  grad_norm: 0.0018 (0.0017)
Epoch: [144]  [  0/106]  eta: 1:55:25  lr: 0.000134  min_lr: 0.000134  loss: 0.0000 (0.0000)  weight_decay: 0.0500 (0.0500)  grad_norm: 0.0016 (0.0016)  time: 65.3387  data: 53.2404  max mem: 32286
Epoch: [144]  [ 10/106]  eta: 0:10:46  lr: 0.000134  min_lr: 0.000134  loss: 0.0000 (0.0000)  weight_decay: 0.0500 (0.0500)  grad_norm: 0.0018 (0.0018)  time: 6.7334  data: 4.8402  max mem: 32286
Epoch: [144]  [ 20/106]  eta: 0:05:34  lr: 0.000134  min_lr: 0.000134  loss: 0.0000 (0.0000)  weight_decay: 0.0500 (0.0500)  grad_norm: 0.0018 (0.0018)  time: 0.8127  data: 0.0002  max mem: 32286
Epoch: [144]  [ 30/106]  eta: 0:03:37  lr: 0.000134  min_lr: 0.000134  loss: 0.0000 (0.0000)  weight_decay: 0.0500 (0.0500)  grad_norm: 0.0014 (0.0016)  time: 0.7404  data: 0.0001  max mem: 32286
Epoch: [144]  [ 40/106]  eta: 0:02:34  lr: 0.000134  min_lr: 0.000134  loss: 0.0000 (0.0000)  weight_decay: 0.0500 (0.0500)  grad_norm: 0.0013 (0.0016)  time: 0.7152  data: 0.0001  max mem: 32286
Epoch: [144]  [ 50/106]  eta: 0:01:52  lr: 0.000134  min_lr: 0.000134  loss: 0.0000 (0.0000)  weight_decay: 0.0500 (0.0500)  grad_norm: 0.0017 (0.0016)  time: 0.6986  data: 0.0001  max mem: 32286
Epoch: [144]  [ 60/106]  eta: 0:01:22  lr: 0.000134  min_lr: 0.000134  loss: 0.0000 (0.0000)  weight_decay: 0.0500 (0.0500)  grad_norm: 0.0017 (0.0016)  time: 0.7014  data: 0.0001  max mem: 32286
Epoch: [144]  [ 70/106]  eta: 0:00:59  lr: 0.000134  min_lr: 0.000134  loss: 0.0000 (0.0000)  weight_decay: 0.0500 (0.0500)  grad_norm: 0.0016 (0.0016)  time: 0.7110  data: 0.0001  max mem: 32286
Epoch: [144]  [ 80/106]  eta: 0:00:39  lr: 0.000134  min_lr: 0.000134  loss: 0.0000 (0.0000)  weight_decay: 0.0500 (0.0500)  grad_norm: 0.0017 (0.0016)  time: 0.7065  data: 0.0001  max mem: 32286
Epoch: [144]  [ 90/106]  eta: 0:00:23  lr: 0.000134  min_lr: 0.000134  loss: 0.0000 (0.0000)  weight_decay: 0.0500 (0.0500)  grad_norm: 0.0017 (0.0017)  time: 0.6944  data: 0.0001  max mem: 32286
Epoch: [144]  [100/106]  eta: 0:00:08  lr: 0.000134  min_lr: 0.000134  loss: 0.0000 (0.0000)  weight_decay: 0.0500 (0.0500)  grad_norm: 0.0016 (0.0016)  time: 0.6919  data: 0.0001  max mem: 32286
Epoch: [144]  [105/106]  eta: 0:00:01  lr: 0.000134  min_lr: 0.000134  loss: 0.0000 (0.0000)  weight_decay: 0.0500 (0.0500)  grad_norm: 0.0015 (0.0016)  time: 0.6919  data: 0.0001  max mem: 32286
Epoch: [144] Total time: 0:02:22 (1.3443 s / it)
Averaged stats: lr: 0.000134  min_lr: 0.000134  loss: 0.0000 (0.0000)  weight_decay: 0.0500 (0.0500)  grad_norm: 0.0015 (0.0016)
Epoch: [145]  [  0/106]  eta: 1:54:51  lr: 0.000134  min_lr: 0.000134  loss: 0.0000 (0.0000)  weight_decay: 0.0500 (0.0500)  grad_norm: 0.0015 (0.0015)  time: 65.0152  data: 56.5753  max mem: 32286
Epoch: [145]  [ 10/106]  eta: 0:10:42  lr: 0.000134  min_lr: 0.000134  loss: 0.0000 (0.0000)  weight_decay: 0.0500 (0.0500)  grad_norm: 0.0017 (0.0017)  time: 6.6889  data: 5.1434  max mem: 32286
Epoch: [145]  [ 20/106]  eta: 0:05:34  lr: 0.000134  min_lr: 0.000134  loss: 0.0000 (0.0000)  weight_decay: 0.0500 (0.0500)  grad_norm: 0.0017 (0.0016)  time: 0.8305  data: 0.0002  max mem: 32286
Epoch: [145]  [ 30/106]  eta: 0:03:40  lr: 0.000134  min_lr: 0.000134  loss: 0.0000 (0.0000)  weight_decay: 0.0500 (0.0500)  grad_norm: 0.0016 (0.0016)  time: 0.8273  data: 0.0002  max mem: 32286
Epoch: [145]  [ 40/106]  eta: 0:02:37  lr: 0.000134  min_lr: 0.000134  loss: 0.0000 (0.0000)  weight_decay: 0.0500 (0.0500)  grad_norm: 0.0017 (0.0016)  time: 0.8002  data: 0.0002  max mem: 32286
Epoch: [145]  [ 50/106]  eta: 0:01:55  lr: 0.000134  min_lr: 0.000134  loss: 0.0000 (0.0000)  weight_decay: 0.0500 (0.0500)  grad_norm: 0.0018 (0.0017)  time: 0.7652  data: 0.0002  max mem: 32286
Epoch: [145]  [ 60/106]  eta: 0:01:25  lr: 0.000134  min_lr: 0.000134  loss: 0.0000 (0.0000)  weight_decay: 0.0500 (0.0500)  grad_norm: 0.0018 (0.0017)  time: 0.7708  data: 0.0002  max mem: 32286
Epoch: [145]  [ 70/106]  eta: 0:01:01  lr: 0.000134  min_lr: 0.000134  loss: 0.0000 (0.0000)  weight_decay: 0.0500 (0.0500)  grad_norm: 0.0018 (0.0017)  time: 0.7548  data: 0.0002  max mem: 32286
Epoch: [145]  [ 80/106]  eta: 0:00:41  lr: 0.000134  min_lr: 0.000134  loss: 0.0000 (0.0000)  weight_decay: 0.0500 (0.0500)  grad_norm: 0.0018 (0.0017)  time: 0.7483  data: 0.0001  max mem: 32286
Epoch: [145]  [ 90/106]  eta: 0:00:23  lr: 0.000134  min_lr: 0.000134  loss: 0.0000 (0.0000)  weight_decay: 0.0500 (0.0500)  grad_norm: 0.0016 (0.0017)  time: 0.7382  data: 0.0001  max mem: 32286
Epoch: [145]  [100/106]  eta: 0:00:08  lr: 0.000134  min_lr: 0.000134  loss: 0.0000 (0.0000)  weight_decay: 0.0500 (0.0500)  grad_norm: 0.0016 (0.0017)  time: 0.7307  data: 0.0002  max mem: 32286
Epoch: [145]  [105/106]  eta: 0:00:01  lr: 0.000134  min_lr: 0.000134  loss: 0.0000 (0.0000)  weight_decay: 0.0500 (0.0500)  grad_norm: 0.0018 (0.0017)  time: 0.7413  data: 0.0002  max mem: 32286
Epoch: [145] Total time: 0:02:27 (1.3944 s / it)
Averaged stats: lr: 0.000134  min_lr: 0.000134  loss: 0.0000 (0.0000)  weight_decay: 0.0500 (0.0500)  grad_norm: 0.0018 (0.0017)
Epoch: [146]  [  0/106]  eta: 1:54:17  lr: 0.000134  min_lr: 0.000134  loss: 0.0000 (0.0000)  weight_decay: 0.0500 (0.0500)  grad_norm: 0.0023 (0.0023)  time: 64.6931  data: 61.6630  max mem: 32286
Epoch: [146]  [ 10/106]  eta: 0:10:38  lr: 0.000134  min_lr: 0.000134  loss: 0.0000 (0.0000)  weight_decay: 0.0500 (0.0500)  grad_norm: 0.0015 (0.0017)  time: 6.6466  data: 5.6059  max mem: 32286
Epoch: [146]  [ 20/106]  eta: 0:05:32  lr: 0.000134  min_lr: 0.000134  loss: 0.0000 (0.0000)  weight_decay: 0.0500 (0.0500)  grad_norm: 0.0015 (0.0016)  time: 0.8262  data: 0.0002  max mem: 32286
Epoch: [146]  [ 30/106]  eta: 0:03:37  lr: 0.000134  min_lr: 0.000134  loss: 0.0000 (0.0000)  weight_decay: 0.0500 (0.0500)  grad_norm: 0.0015 (0.0016)  time: 0.7760  data: 0.0002  max mem: 32286
Epoch: [146]  [ 40/106]  eta: 0:02:34  lr: 0.000134  min_lr: 0.000134  loss: 0.0000 (0.0000)  weight_decay: 0.0500 (0.0500)  grad_norm: 0.0016 (0.0016)  time: 0.7379  data: 0.0001  max mem: 32286
Epoch: [146]  [ 50/106]  eta: 0:01:53  lr: 0.000134  min_lr: 0.000134  loss: 0.0000 (0.0000)  weight_decay: 0.0500 (0.0500)  grad_norm: 0.0020 (0.0017)  time: 0.7264  data: 0.0001  max mem: 32286
Epoch: [146]  [ 60/106]  eta: 0:01:23  lr: 0.000134  min_lr: 0.000134  loss: 0.0000 (0.0000)  weight_decay: 0.0500 (0.0500)  grad_norm: 0.0017 (0.0017)  time: 0.7158  data: 0.0001  max mem: 32286
Epoch: [146]  [ 70/106]  eta: 0:00:59  lr: 0.000134  min_lr: 0.000134  loss: 0.0000 (0.0000)  weight_decay: 0.0500 (0.0500)  grad_norm: 0.0014 (0.0016)  time: 0.7118  data: 0.0001  max mem: 32286
Epoch: [146]  [ 80/106]  eta: 0:00:39  lr: 0.000134  min_lr: 0.000134  loss: 0.0000 (0.0000)  weight_decay: 0.0500 (0.0500)  grad_norm: 0.0013 (0.0016)  time: 0.7073  data: 0.0001  max mem: 32286
Epoch: [146]  [ 90/106]  eta: 0:00:23  lr: 0.000133  min_lr: 0.000133  loss: 0.0000 (0.0000)  weight_decay: 0.0500 (0.0500)  grad_norm: 0.0013 (0.0015)  time: 0.6996  data: 0.0001  max mem: 32286
Epoch: [146]  [100/106]  eta: 0:00:08  lr: 0.000133  min_lr: 0.000133  loss: 0.0000 (0.0000)  weight_decay: 0.0500 (0.0500)  grad_norm: 0.0013 (0.0015)  time: 0.7605  data: 0.0001  max mem: 32286
Epoch: [146]  [105/106]  eta: 0:00:01  lr: 0.000133  min_lr: 0.000133  loss: 0.0000 (0.0000)  weight_decay: 0.0500 (0.0500)  grad_norm: 0.0013 (0.0016)  time: 0.7970  data: 0.0001  max mem: 32286
Epoch: [146] Total time: 0:02:25 (1.3687 s / it)
Averaged stats: lr: 0.000133  min_lr: 0.000133  loss: 0.0000 (0.0000)  weight_decay: 0.0500 (0.0500)  grad_norm: 0.0013 (0.0016)
Epoch: [147]  [  0/106]  eta: 1:58:22  lr: 0.000133  min_lr: 0.000133  loss: 0.0000 (0.0000)  weight_decay: 0.0500 (0.0500)  grad_norm: 0.0027 (0.0027)  time: 67.0068  data: 59.6516  max mem: 32286
Epoch: [147]  [ 10/106]  eta: 0:10:45  lr: 0.000133  min_lr: 0.000133  loss: 0.0000 (0.0000)  weight_decay: 0.0500 (0.0500)  grad_norm: 0.0021 (0.0022)  time: 6.7218  data: 5.4231  max mem: 32286
Epoch: [147]  [ 20/106]  eta: 0:05:31  lr: 0.000133  min_lr: 0.000133  loss: 0.0000 (0.0000)  weight_decay: 0.0500 (0.0500)  grad_norm: 0.0020 (0.0020)  time: 0.6916  data: 0.0002  max mem: 32286
Epoch: [147]  [ 30/106]  eta: 0:03:35  lr: 0.000133  min_lr: 0.000133  loss: 0.0000 (0.0000)  weight_decay: 0.0500 (0.0500)  grad_norm: 0.0016 (0.0018)  time: 0.6896  data: 0.0001  max mem: 32286
Epoch: [147]  [ 40/106]  eta: 0:02:34  lr: 0.000133  min_lr: 0.000133  loss: 0.0000 (0.0000)  weight_decay: 0.0500 (0.0500)  grad_norm: 0.0014 (0.0017)  time: 0.7488  data: 0.0001  max mem: 32286
Epoch: [147]  [ 50/106]  eta: 0:01:53  lr: 0.000133  min_lr: 0.000133  loss: 0.0000 (0.0000)  weight_decay: 0.0500 (0.0500)  grad_norm: 0.0014 (0.0017)  time: 0.7862  data: 0.0001  max mem: 32286
Epoch: [147]  [ 60/106]  eta: 0:01:23  lr: 0.000133  min_lr: 0.000133  loss: 0.0000 (0.0000)  weight_decay: 0.0500 (0.0500)  grad_norm: 0.0018 (0.0017)  time: 0.7418  data: 0.0001  max mem: 32286
Epoch: [147]  [ 70/106]  eta: 0:00:59  lr: 0.000133  min_lr: 0.000133  loss: 0.0000 (0.0000)  weight_decay: 0.0500 (0.0500)  grad_norm: 0.0016 (0.0017)  time: 0.7100  data: 0.0001  max mem: 32286
Epoch: [147]  [ 80/106]  eta: 0:00:40  lr: 0.000133  min_lr: 0.000133  loss: 0.0000 (0.0000)  weight_decay: 0.0500 (0.0500)  grad_norm: 0.0015 (0.0017)  time: 0.6986  data: 0.0001  max mem: 32286
Epoch: [147]  [ 90/106]  eta: 0:00:23  lr: 0.000133  min_lr: 0.000133  loss: 0.0000 (0.0000)  weight_decay: 0.0500 (0.0500)  grad_norm: 0.0017 (0.0017)  time: 0.6956  data: 0.0001  max mem: 32286
Epoch: [147]  [100/106]  eta: 0:00:08  lr: 0.000133  min_lr: 0.000133  loss: 0.0000 (0.0000)  weight_decay: 0.0500 (0.0500)  grad_norm: 0.0016 (0.0016)  time: 0.6922  data: 0.0001  max mem: 32286
Epoch: [147]  [105/106]  eta: 0:00:01  lr: 0.000133  min_lr: 0.000133  loss: 0.0000 (0.0000)  weight_decay: 0.0500 (0.0500)  grad_norm: 0.0014 (0.0016)  time: 0.6891  data: 0.0001  max mem: 32286
Epoch: [147] Total time: 0:02:23 (1.3498 s / it)
Averaged stats: lr: 0.000133  min_lr: 0.000133  loss: 0.0000 (0.0000)  weight_decay: 0.0500 (0.0500)  grad_norm: 0.0014 (0.0016)
Epoch: [148]  [  0/106]  eta: 1:54:17  lr: 0.000133  min_lr: 0.000133  loss: 0.0000 (0.0000)  weight_decay: 0.0500 (0.0500)  grad_norm: 0.0017 (0.0017)  time: 64.6930  data: 60.7213  max mem: 32286
Epoch: [148]  [ 10/106]  eta: 0:10:25  lr: 0.000133  min_lr: 0.000133  loss: 0.0000 (0.0000)  weight_decay: 0.0500 (0.0500)  grad_norm: 0.0016 (0.0015)  time: 6.5170  data: 5.5203  max mem: 32286
Epoch: [148]  [ 20/106]  eta: 0:05:22  lr: 0.000133  min_lr: 0.000133  loss: 0.0000 (0.0000)  weight_decay: 0.0500 (0.0500)  grad_norm: 0.0014 (0.0014)  time: 0.6975  data: 0.0002  max mem: 32286
Epoch: [148]  [ 30/106]  eta: 0:03:29  lr: 0.000133  min_lr: 0.000133  loss: 0.0000 (0.0000)  weight_decay: 0.0500 (0.0500)  grad_norm: 0.0014 (0.0014)  time: 0.6951  data: 0.0001  max mem: 32286
Epoch: [148]  [ 40/106]  eta: 0:02:30  lr: 0.000133  min_lr: 0.000133  loss: 0.0000 (0.0000)  weight_decay: 0.0500 (0.0500)  grad_norm: 0.0016 (0.0015)  time: 0.7403  data: 0.0001  max mem: 32286
Epoch: [148]  [ 50/106]  eta: 0:01:50  lr: 0.000133  min_lr: 0.000133  loss: 0.0000 (0.0000)  weight_decay: 0.0500 (0.0500)  grad_norm: 0.0018 (0.0016)  time: 0.7467  data: 0.0001  max mem: 32286
Epoch: [148]  [ 60/106]  eta: 0:01:21  lr: 0.000133  min_lr: 0.000133  loss: 0.0000 (0.0000)  weight_decay: 0.0500 (0.0500)  grad_norm: 0.0017 (0.0016)  time: 0.7037  data: 0.0001  max mem: 32286
Epoch: [148]  [ 70/106]  eta: 0:00:58  lr: 0.000133  min_lr: 0.000133  loss: 0.0000 (0.0000)  weight_decay: 0.0500 (0.0500)  grad_norm: 0.0016 (0.0016)  time: 0.6992  data: 0.0001  max mem: 32286
Epoch: [148]  [ 80/106]  eta: 0:00:38  lr: 0.000133  min_lr: 0.000133  loss: 0.0000 (0.0000)  weight_decay: 0.0500 (0.0500)  grad_norm: 0.0015 (0.0016)  time: 0.6952  data: 0.0001  max mem: 32286
Epoch: [148]  [ 90/106]  eta: 0:00:22  lr: 0.000133  min_lr: 0.000133  loss: 0.0000 (0.0000)  weight_decay: 0.0500 (0.0500)  grad_norm: 0.0014 (0.0016)  time: 0.6898  data: 0.0001  max mem: 32286
Epoch: [148]  [100/106]  eta: 0:00:08  lr: 0.000133  min_lr: 0.000133  loss: 0.0000 (0.0000)  weight_decay: 0.0500 (0.0500)  grad_norm: 0.0015 (0.0016)  time: 0.6883  data: 0.0001  max mem: 32286
Epoch: [148]  [105/106]  eta: 0:00:01  lr: 0.000133  min_lr: 0.000133  loss: 0.0000 (0.0000)  weight_decay: 0.0500 (0.0500)  grad_norm: 0.0015 (0.0016)  time: 0.6884  data: 0.0001  max mem: 32286
Epoch: [148] Total time: 0:02:19 (1.3190 s / it)
Averaged stats: lr: 0.000133  min_lr: 0.000133  loss: 0.0000 (0.0000)  weight_decay: 0.0500 (0.0500)  grad_norm: 0.0015 (0.0016)
Epoch: [149]  [  0/106]  eta: 1:53:05  lr: 0.000133  min_lr: 0.000133  loss: 0.0000 (0.0000)  weight_decay: 0.0500 (0.0500)  grad_norm: 0.0020 (0.0020)  time: 64.0118  data: 58.1436  max mem: 32286
Epoch: [149]  [ 10/106]  eta: 0:10:27  lr: 0.000133  min_lr: 0.000133  loss: 0.0000 (0.0000)  weight_decay: 0.0500 (0.0500)  grad_norm: 0.0017 (0.0016)  time: 6.5365  data: 5.2860  max mem: 32286
Epoch: [149]  [ 20/106]  eta: 0:05:26  lr: 0.000133  min_lr: 0.000133  loss: 0.0000 (0.0000)  weight_decay: 0.0500 (0.0500)  grad_norm: 0.0017 (0.0017)  time: 0.7802  data: 0.0002  max mem: 32286
Epoch: [149]  [ 30/106]  eta: 0:03:32  lr: 0.000133  min_lr: 0.000133  loss: 0.0000 (0.0000)  weight_decay: 0.0500 (0.0500)  grad_norm: 0.0017 (0.0017)  time: 0.7458  data: 0.0002  max mem: 32286
Epoch: [149]  [ 40/106]  eta: 0:02:31  lr: 0.000133  min_lr: 0.000133  loss: 0.0000 (0.0000)  weight_decay: 0.0500 (0.0500)  grad_norm: 0.0016 (0.0017)  time: 0.7107  data: 0.0002  max mem: 32286
Epoch: [149]  [ 50/106]  eta: 0:01:50  lr: 0.000133  min_lr: 0.000133  loss: 0.0000 (0.0000)  weight_decay: 0.0500 (0.0500)  grad_norm: 0.0018 (0.0017)  time: 0.6993  data: 0.0001  max mem: 32286
Epoch: [149]  [ 60/106]  eta: 0:01:21  lr: 0.000133  min_lr: 0.000133  loss: 0.0000 (0.0000)  weight_decay: 0.0500 (0.0500)  grad_norm: 0.0015 (0.0017)  time: 0.7224  data: 0.0002  max mem: 32286
Epoch: [149]  [ 70/106]  eta: 0:00:58  lr: 0.000133  min_lr: 0.000133  loss: 0.0000 (0.0000)  weight_decay: 0.0500 (0.0500)  grad_norm: 0.0014 (0.0016)  time: 0.7446  data: 0.0002  max mem: 32286
Epoch: [149]  [ 80/106]  eta: 0:00:39  lr: 0.000133  min_lr: 0.000133  loss: 0.0000 (0.0000)  weight_decay: 0.0500 (0.0500)  grad_norm: 0.0014 (0.0016)  time: 0.7216  data: 0.0001  max mem: 32286
Epoch: [149]  [ 90/106]  eta: 0:00:22  lr: 0.000133  min_lr: 0.000133  loss: 0.0000 (0.0000)  weight_decay: 0.0500 (0.0500)  grad_norm: 0.0014 (0.0016)  time: 0.6960  data: 0.0001  max mem: 32286
Epoch: [149]  [100/106]  eta: 0:00:08  lr: 0.000132  min_lr: 0.000132  loss: 0.0000 (0.0000)  weight_decay: 0.0500 (0.0500)  grad_norm: 0.0016 (0.0016)  time: 0.6899  data: 0.0001  max mem: 32286
Epoch: [149]  [105/106]  eta: 0:00:01  lr: 0.000132  min_lr: 0.000132  loss: 0.0000 (0.0000)  weight_decay: 0.0500 (0.0500)  grad_norm: 0.0014 (0.0016)  time: 0.6892  data: 0.0001  max mem: 32286
Epoch: [149] Total time: 0:02:20 (1.3293 s / it)
Averaged stats: lr: 0.000132  min_lr: 0.000132  loss: 0.0000 (0.0000)  weight_decay: 0.0500 (0.0500)  grad_norm: 0.0014 (0.0016)
Epoch: [150]  [  0/106]  eta: 1:53:17  lr: 0.000132  min_lr: 0.000132  loss: 0.0000 (0.0000)  weight_decay: 0.0500 (0.0500)  grad_norm: 0.0018 (0.0018)  time: 64.1295  data: 56.5834  max mem: 32286
Epoch: [150]  [ 10/106]  eta: 0:10:20  lr: 0.000132  min_lr: 0.000132  loss: 0.0000 (0.0000)  weight_decay: 0.0500 (0.0500)  grad_norm: 0.0016 (0.0016)  time: 6.4635  data: 5.1442  max mem: 32286
Epoch: [150]  [ 20/106]  eta: 0:05:20  lr: 0.000132  min_lr: 0.000132  loss: 0.0000 (0.0000)  weight_decay: 0.0500 (0.0500)  grad_norm: 0.0016 (0.0016)  time: 0.7064  data: 0.0002  max mem: 32286
Epoch: [150]  [ 30/106]  eta: 0:03:28  lr: 0.000132  min_lr: 0.000132  loss: 0.0000 (0.0000)  weight_decay: 0.0500 (0.0500)  grad_norm: 0.0016 (0.0016)  time: 0.7033  data: 0.0002  max mem: 32286
Epoch: [150]  [ 40/106]  eta: 0:02:28  lr: 0.000132  min_lr: 0.000132  loss: 0.0000 (0.0000)  weight_decay: 0.0500 (0.0500)  grad_norm: 0.0016 (0.0016)  time: 0.6892  data: 0.0001  max mem: 32286
Epoch: [150]  [ 50/106]  eta: 0:01:48  lr: 0.000132  min_lr: 0.000132  loss: 0.0000 (0.0000)  weight_decay: 0.0500 (0.0500)  grad_norm: 0.0016 (0.0016)  time: 0.6866  data: 0.0001  max mem: 32286
Epoch: [150]  [ 60/106]  eta: 0:01:19  lr: 0.000132  min_lr: 0.000132  loss: 0.0000 (0.0000)  weight_decay: 0.0500 (0.0500)  grad_norm: 0.0017 (0.0017)  time: 0.6855  data: 0.0001  max mem: 32286
Epoch: [150]  [ 70/106]  eta: 0:00:57  lr: 0.000132  min_lr: 0.000132  loss: 0.0000 (0.0000)  weight_decay: 0.0500 (0.0500)  grad_norm: 0.0016 (0.0016)  time: 0.6850  data: 0.0001  max mem: 32286
Epoch: [150]  [ 80/106]  eta: 0:00:38  lr: 0.000132  min_lr: 0.000132  loss: 0.0000 (0.0000)  weight_decay: 0.0500 (0.0500)  grad_norm: 0.0015 (0.0016)  time: 0.6858  data: 0.0001  max mem: 32286
Epoch: [150]  [ 90/106]  eta: 0:00:22  lr: 0.000132  min_lr: 0.000132  loss: 0.0000 (0.0000)  weight_decay: 0.0500 (0.0500)  grad_norm: 0.0014 (0.0016)  time: 0.6869  data: 0.0001  max mem: 32286
Epoch: [150]  [100/106]  eta: 0:00:07  lr: 0.000132  min_lr: 0.000132  loss: 0.0000 (0.0000)  weight_decay: 0.0500 (0.0500)  grad_norm: 0.0014 (0.0016)  time: 0.6860  data: 0.0001  max mem: 32286
Epoch: [150]  [105/106]  eta: 0:00:01  lr: 0.000132  min_lr: 0.000132  loss: 0.0000 (0.0000)  weight_decay: 0.0500 (0.0500)  grad_norm: 0.0015 (0.0016)  time: 0.6865  data: 0.0001  max mem: 32286
Epoch: [150] Total time: 0:02:17 (1.3005 s / it)
Averaged stats: lr: 0.000132  min_lr: 0.000132  loss: 0.0000 (0.0000)  weight_decay: 0.0500 (0.0500)  grad_norm: 0.0015 (0.0016)
[Eval]   [0/2]  eta: 0:00:58  loss: 0.0000 (0.0000)  time: 29.2277  data: 28.9730  max mem: 32286
[Eval]   [1/2]  eta: 0:00:14  loss: 0.0000 (0.0000)  time: 14.6335  data: 14.4866  max mem: 32286
[Eval]  Total time: 0:00:29 (14.7457 s / it)
Eval averaged stats: loss: 0.0000 (0.0000)
Logged 9 eval images
Epoch: [151]  [  0/106]  eta: 1:35:20  lr: 0.000132  min_lr: 0.000132  loss: 0.0000 (0.0000)  weight_decay: 0.0500 (0.0500)  grad_norm: 0.0017 (0.0017)  time: 53.9701  data: 52.2979  max mem: 32286
Epoch: [151]  [ 10/106]  eta: 0:09:53  lr: 0.000132  min_lr: 0.000132  loss: 0.0000 (0.0000)  weight_decay: 0.0500 (0.0500)  grad_norm: 0.0016 (0.0016)  time: 6.1867  data: 5.2906  max mem: 32286
Epoch: [151]  [ 20/106]  eta: 0:05:07  lr: 0.000132  min_lr: 0.000132  loss: 0.0000 (0.0000)  weight_decay: 0.0500 (0.0500)  grad_norm: 0.0016 (0.0016)  time: 1.0508  data: 0.2950  max mem: 32286
Epoch: [151]  [ 30/106]  eta: 0:03:21  lr: 0.000132  min_lr: 0.000132  loss: 0.0000 (0.0000)  weight_decay: 0.0500 (0.0500)  grad_norm: 0.0017 (0.0017)  time: 0.6999  data: 0.0003  max mem: 32286
Epoch: [151]  [ 40/106]  eta: 0:02:23  lr: 0.000132  min_lr: 0.000132  loss: 0.0000 (0.0000)  weight_decay: 0.0500 (0.0500)  grad_norm: 0.0019 (0.0017)  time: 0.7009  data: 0.0002  max mem: 32286
Epoch: [151]  [ 50/106]  eta: 0:01:45  lr: 0.000132  min_lr: 0.000132  loss: 0.0000 (0.0000)  weight_decay: 0.0500 (0.0500)  grad_norm: 0.0020 (0.0018)  time: 0.6933  data: 0.0002  max mem: 32286
Epoch: [151]  [ 60/106]  eta: 0:01:17  lr: 0.000132  min_lr: 0.000132  loss: 0.0000 (0.0000)  weight_decay: 0.0500 (0.0500)  grad_norm: 0.0018 (0.0018)  time: 0.6880  data: 0.0002  max mem: 32286
Epoch: [151]  [ 70/106]  eta: 0:00:55  lr: 0.000132  min_lr: 0.000132  loss: 0.0000 (0.0000)  weight_decay: 0.0500 (0.0500)  grad_norm: 0.0015 (0.0017)  time: 0.6850  data: 0.0002  max mem: 32286
Epoch: [151]  [ 80/106]  eta: 0:00:37  lr: 0.000132  min_lr: 0.000132  loss: 0.0000 (0.0000)  weight_decay: 0.0500 (0.0500)  grad_norm: 0.0015 (0.0017)  time: 0.6851  data: 0.0001  max mem: 32286
Epoch: [151]  [ 90/106]  eta: 0:00:21  lr: 0.000132  min_lr: 0.000132  loss: 0.0000 (0.0000)  weight_decay: 0.0500 (0.0500)  grad_norm: 0.0015 (0.0017)  time: 0.6853  data: 0.0001  max mem: 32286
Epoch: [151]  [100/106]  eta: 0:00:07  lr: 0.000132  min_lr: 0.000132  loss: 0.0000 (0.0000)  weight_decay: 0.0500 (0.0500)  grad_norm: 0.0015 (0.0017)  time: 0.6860  data: 0.0001  max mem: 32286
Epoch: [151]  [105/106]  eta: 0:00:01  lr: 0.000132  min_lr: 0.000132  loss: 0.0000 (0.0000)  weight_decay: 0.0500 (0.0500)  grad_norm: 0.0015 (0.0017)  time: 0.6857  data: 0.0001  max mem: 32286
Epoch: [151] Total time: 0:02:14 (1.2710 s / it)
Averaged stats: lr: 0.000132  min_lr: 0.000132  loss: 0.0000 (0.0000)  weight_decay: 0.0500 (0.0500)  grad_norm: 0.0015 (0.0017)
Epoch: [152]  [  0/106]  eta: 1:53:41  lr: 0.000132  min_lr: 0.000132  loss: 0.0000 (0.0000)  weight_decay: 0.0500 (0.0500)  grad_norm: 0.0013 (0.0013)  time: 64.3492  data: 55.3945  max mem: 32286
Epoch: [152]  [ 10/106]  eta: 0:10:27  lr: 0.000132  min_lr: 0.000132  loss: 0.0000 (0.0000)  weight_decay: 0.0500 (0.0500)  grad_norm: 0.0016 (0.0017)  time: 6.5315  data: 5.0360  max mem: 32286
Epoch: [152]  [ 20/106]  eta: 0:05:22  lr: 0.000132  min_lr: 0.000132  loss: 0.0000 (0.0000)  weight_decay: 0.0500 (0.0500)  grad_norm: 0.0016 (0.0017)  time: 0.7211  data: 0.0001  max mem: 32286
Epoch: [152]  [ 30/106]  eta: 0:03:29  lr: 0.000132  min_lr: 0.000132  loss: 0.0000 (0.0000)  weight_decay: 0.0500 (0.0500)  grad_norm: 0.0017 (0.0017)  time: 0.6896  data: 0.0001  max mem: 32286
Epoch: [152]  [ 40/106]  eta: 0:02:28  lr: 0.000132  min_lr: 0.000132  loss: 0.0000 (0.0000)  weight_decay: 0.0500 (0.0500)  grad_norm: 0.0016 (0.0016)  time: 0.6860  data: 0.0001  max mem: 32286
Epoch: [152]  [ 50/106]  eta: 0:01:49  lr: 0.000132  min_lr: 0.000132  loss: 0.0000 (0.0000)  weight_decay: 0.0500 (0.0500)  grad_norm: 0.0015 (0.0017)  time: 0.6841  data: 0.0001  max mem: 32286
Epoch: [152]  [ 60/106]  eta: 0:01:20  lr: 0.000132  min_lr: 0.000132  loss: 0.0000 (0.0000)  weight_decay: 0.0500 (0.0500)  grad_norm: 0.0016 (0.0016)  time: 0.6844  data: 0.0001  max mem: 32286
Epoch: [152]  [ 70/106]  eta: 0:00:57  lr: 0.000132  min_lr: 0.000132  loss: 0.0000 (0.0000)  weight_decay: 0.0500 (0.0500)  grad_norm: 0.0015 (0.0016)  time: 0.6853  data: 0.0001  max mem: 32286
Epoch: [152]  [ 80/106]  eta: 0:00:38  lr: 0.000132  min_lr: 0.000132  loss: 0.0000 (0.0000)  weight_decay: 0.0500 (0.0500)  grad_norm: 0.0015 (0.0016)  time: 0.6836  data: 0.0001  max mem: 32286
Epoch: [152]  [ 90/106]  eta: 0:00:22  lr: 0.000131  min_lr: 0.000131  loss: 0.0000 (0.0000)  weight_decay: 0.0500 (0.0500)  grad_norm: 0.0014 (0.0016)  time: 0.6828  data: 0.0001  max mem: 32286
Epoch: [152]  [100/106]  eta: 0:00:07  lr: 0.000131  min_lr: 0.000131  loss: 0.0000 (0.0000)  weight_decay: 0.0500 (0.0500)  grad_norm: 0.0015 (0.0016)  time: 0.6835  data: 0.0001  max mem: 32286
Epoch: [152]  [105/106]  eta: 0:00:01  lr: 0.000131  min_lr: 0.000131  loss: 0.0000 (0.0000)  weight_decay: 0.0500 (0.0500)  grad_norm: 0.0016 (0.0016)  time: 0.6836  data: 0.0001  max mem: 32286
Epoch: [152] Total time: 0:02:18 (1.3042 s / it)
Averaged stats: lr: 0.000131  min_lr: 0.000131  loss: 0.0000 (0.0000)  weight_decay: 0.0500 (0.0500)  grad_norm: 0.0016 (0.0016)
Epoch: [153]  [  0/106]  eta: 1:52:14  lr: 0.000131  min_lr: 0.000131  loss: 0.0000 (0.0000)  weight_decay: 0.0500 (0.0500)  grad_norm: 0.0018 (0.0018)  time: 63.5294  data: 55.8334  max mem: 32286
Epoch: [153]  [ 10/106]  eta: 0:10:21  lr: 0.000131  min_lr: 0.000131  loss: 0.0000 (0.0000)  weight_decay: 0.0500 (0.0500)  grad_norm: 0.0015 (0.0015)  time: 6.4690  data: 5.0759  max mem: 32286
Epoch: [153]  [ 20/106]  eta: 0:05:19  lr: 0.000131  min_lr: 0.000131  loss: 0.0000 (0.0000)  weight_decay: 0.0500 (0.0500)  grad_norm: 0.0015 (0.0015)  time: 0.7260  data: 0.0002  max mem: 32286
Epoch: [153]  [ 30/106]  eta: 0:03:28  lr: 0.000131  min_lr: 0.000131  loss: 0.0000 (0.0000)  weight_decay: 0.0500 (0.0500)  grad_norm: 0.0015 (0.0015)  time: 0.6893  data: 0.0002  max mem: 32286
Epoch: [153]  [ 40/106]  eta: 0:02:27  lr: 0.000131  min_lr: 0.000131  loss: 0.0000 (0.0000)  weight_decay: 0.0500 (0.0500)  grad_norm: 0.0016 (0.0015)  time: 0.6894  data: 0.0001  max mem: 32286
Epoch: [153]  [ 50/106]  eta: 0:01:48  lr: 0.000131  min_lr: 0.000131  loss: 0.0000 (0.0000)  weight_decay: 0.0500 (0.0500)  grad_norm: 0.0016 (0.0015)  time: 0.6880  data: 0.0001  max mem: 32286
Epoch: [153]  [ 60/106]  eta: 0:01:19  lr: 0.000131  min_lr: 0.000131  loss: 0.0000 (0.0000)  weight_decay: 0.0500 (0.0500)  grad_norm: 0.0016 (0.0015)  time: 0.6861  data: 0.0001  max mem: 32286
Epoch: [153]  [ 70/106]  eta: 0:00:57  lr: 0.000131  min_lr: 0.000131  loss: 0.0000 (0.0000)  weight_decay: 0.0500 (0.0500)  grad_norm: 0.0016 (0.0015)  time: 0.6864  data: 0.0001  max mem: 32286
Epoch: [153]  [ 80/106]  eta: 0:00:38  lr: 0.000131  min_lr: 0.000131  loss: 0.0000 (0.0000)  weight_decay: 0.0500 (0.0500)  grad_norm: 0.0015 (0.0015)  time: 0.6861  data: 0.0001  max mem: 32286
Epoch: [153]  [ 90/106]  eta: 0:00:22  lr: 0.000131  min_lr: 0.000131  loss: 0.0000 (0.0000)  weight_decay: 0.0500 (0.0500)  grad_norm: 0.0015 (0.0015)  time: 0.6859  data: 0.0001  max mem: 32286
Epoch: [153]  [100/106]  eta: 0:00:07  lr: 0.000131  min_lr: 0.000131  loss: 0.0000 (0.0000)  weight_decay: 0.0500 (0.0500)  grad_norm: 0.0016 (0.0015)  time: 0.6867  data: 0.0001  max mem: 32286
Epoch: [153]  [105/106]  eta: 0:00:01  lr: 0.000131  min_lr: 0.000131  loss: 0.0000 (0.0000)  weight_decay: 0.0500 (0.0500)  grad_norm: 0.0017 (0.0015)  time: 0.6868  data: 0.0001  max mem: 32286
Epoch: [153] Total time: 0:02:17 (1.2976 s / it)
Averaged stats: lr: 0.000131  min_lr: 0.000131  loss: 0.0000 (0.0000)  weight_decay: 0.0500 (0.0500)  grad_norm: 0.0017 (0.0015)
Epoch: [154]  [  0/106]  eta: 1:51:57  lr: 0.000131  min_lr: 0.000131  loss: 0.0000 (0.0000)  weight_decay: 0.0500 (0.0500)  grad_norm: 0.0016 (0.0016)  time: 63.3743  data: 48.0390  max mem: 32286
Epoch: [154]  [ 10/106]  eta: 0:10:16  lr: 0.000131  min_lr: 0.000131  loss: 0.0000 (0.0000)  weight_decay: 0.0500 (0.0500)  grad_norm: 0.0016 (0.0016)  time: 6.4230  data: 4.3673  max mem: 32286
Epoch: [154]  [ 20/106]  eta: 0:05:17  lr: 0.000131  min_lr: 0.000131  loss: 0.0000 (0.0000)  weight_decay: 0.0500 (0.0500)  grad_norm: 0.0017 (0.0016)  time: 0.7101  data: 0.0002  max mem: 32286
Epoch: [154]  [ 30/106]  eta: 0:03:27  lr: 0.000131  min_lr: 0.000131  loss: 0.0000 (0.0000)  weight_decay: 0.0500 (0.0500)  grad_norm: 0.0017 (0.0017)  time: 0.6905  data: 0.0001  max mem: 32286
Epoch: [154]  [ 40/106]  eta: 0:02:27  lr: 0.000131  min_lr: 0.000131  loss: 0.0000 (0.0000)  weight_decay: 0.0500 (0.0500)  grad_norm: 0.0016 (0.0016)  time: 0.6906  data: 0.0001  max mem: 32286
Epoch: [154]  [ 50/106]  eta: 0:01:47  lr: 0.000131  min_lr: 0.000131  loss: 0.0000 (0.0000)  weight_decay: 0.0500 (0.0500)  grad_norm: 0.0014 (0.0016)  time: 0.6889  data: 0.0001  max mem: 32286
Epoch: [154]  [ 60/106]  eta: 0:01:19  lr: 0.000131  min_lr: 0.000131  loss: 0.0000 (0.0000)  weight_decay: 0.0500 (0.0500)  grad_norm: 0.0014 (0.0016)  time: 0.6850  data: 0.0001  max mem: 32286
Epoch: [154]  [ 70/106]  eta: 0:00:56  lr: 0.000131  min_lr: 0.000131  loss: 0.0000 (0.0000)  weight_decay: 0.0500 (0.0500)  grad_norm: 0.0016 (0.0016)  time: 0.6860  data: 0.0001  max mem: 32286
Epoch: [154]  [ 80/106]  eta: 0:00:38  lr: 0.000131  min_lr: 0.000131  loss: 0.0000 (0.0000)  weight_decay: 0.0500 (0.0500)  grad_norm: 0.0016 (0.0016)  time: 0.6857  data: 0.0001  max mem: 32286
Epoch: [154]  [ 90/106]  eta: 0:00:22  lr: 0.000131  min_lr: 0.000131  loss: 0.0000 (0.0000)  weight_decay: 0.0500 (0.0500)  grad_norm: 0.0015 (0.0016)  time: 0.6840  data: 0.0001  max mem: 32286
Epoch: [154]  [100/106]  eta: 0:00:07  lr: 0.000131  min_lr: 0.000131  loss: 0.0000 (0.0000)  weight_decay: 0.0500 (0.0500)  grad_norm: 0.0015 (0.0016)  time: 0.6840  data: 0.0001  max mem: 32286
Epoch: [154]  [105/106]  eta: 0:00:01  lr: 0.000131  min_lr: 0.000131  loss: 0.0000 (0.0000)  weight_decay: 0.0500 (0.0500)  grad_norm: 0.0016 (0.0016)  time: 0.6840  data: 0.0001  max mem: 32286
Epoch: [154] Total time: 0:02:17 (1.2936 s / it)
Averaged stats: lr: 0.000131  min_lr: 0.000131  loss: 0.0000 (0.0000)  weight_decay: 0.0500 (0.0500)  grad_norm: 0.0016 (0.0016)
Epoch: [155]  [  0/106]  eta: 1:55:25  lr: 0.000131  min_lr: 0.000131  loss: 0.0000 (0.0000)  weight_decay: 0.0500 (0.0500)  grad_norm: 0.0021 (0.0021)  time: 65.3390  data: 58.1643  max mem: 32286
Epoch: [155]  [ 10/106]  eta: 0:10:36  lr: 0.000131  min_lr: 0.000131  loss: 0.0000 (0.0000)  weight_decay: 0.0500 (0.0500)  grad_norm: 0.0018 (0.0018)  time: 6.6323  data: 5.2879  max mem: 32286
Epoch: [155]  [ 20/106]  eta: 0:05:27  lr: 0.000131  min_lr: 0.000131  loss: 0.0000 (0.0000)  weight_decay: 0.0500 (0.0500)  grad_norm: 0.0017 (0.0017)  time: 0.7268  data: 0.0002  max mem: 32286
Epoch: [155]  [ 30/106]  eta: 0:03:32  lr: 0.000131  min_lr: 0.000131  loss: 0.0000 (0.0000)  weight_decay: 0.0500 (0.0500)  grad_norm: 0.0014 (0.0016)  time: 0.6898  data: 0.0001  max mem: 32286
Epoch: [155]  [ 40/106]  eta: 0:02:30  lr: 0.000131  min_lr: 0.000131  loss: 0.0000 (0.0000)  weight_decay: 0.0500 (0.0500)  grad_norm: 0.0015 (0.0016)  time: 0.6865  data: 0.0001  max mem: 32286
Epoch: [155]  [ 50/106]  eta: 0:01:50  lr: 0.000131  min_lr: 0.000131  loss: 0.0000 (0.0000)  weight_decay: 0.0500 (0.0500)  grad_norm: 0.0017 (0.0016)  time: 0.6862  data: 0.0001  max mem: 32286
Epoch: [155]  [ 60/106]  eta: 0:01:20  lr: 0.000131  min_lr: 0.000131  loss: 0.0000 (0.0000)  weight_decay: 0.0500 (0.0500)  grad_norm: 0.0015 (0.0016)  time: 0.6874  data: 0.0001  max mem: 32286
Epoch: [155]  [ 70/106]  eta: 0:00:57  lr: 0.000131  min_lr: 0.000131  loss: 0.0000 (0.0000)  weight_decay: 0.0500 (0.0500)  grad_norm: 0.0015 (0.0016)  time: 0.6864  data: 0.0001  max mem: 32286
Epoch: [155]  [ 80/106]  eta: 0:00:38  lr: 0.000130  min_lr: 0.000130  loss: 0.0000 (0.0000)  weight_decay: 0.0500 (0.0500)  grad_norm: 0.0014 (0.0015)  time: 0.6856  data: 0.0001  max mem: 32286
Epoch: [155]  [ 90/106]  eta: 0:00:22  lr: 0.000130  min_lr: 0.000130  loss: 0.0000 (0.0000)  weight_decay: 0.0500 (0.0500)  grad_norm: 0.0013 (0.0015)  time: 0.6860  data: 0.0001  max mem: 32286
Epoch: [155]  [100/106]  eta: 0:00:08  lr: 0.000130  min_lr: 0.000130  loss: 0.0000 (0.0000)  weight_decay: 0.0500 (0.0500)  grad_norm: 0.0013 (0.0015)  time: 0.6856  data: 0.0001  max mem: 32286
Epoch: [155]  [105/106]  eta: 0:00:01  lr: 0.000130  min_lr: 0.000130  loss: 0.0000 (0.0000)  weight_decay: 0.0500 (0.0500)  grad_norm: 0.0014 (0.0015)  time: 0.6849  data: 0.0001  max mem: 32286
Epoch: [155] Total time: 0:02:19 (1.3152 s / it)
Averaged stats: lr: 0.000130  min_lr: 0.000130  loss: 0.0000 (0.0000)  weight_decay: 0.0500 (0.0500)  grad_norm: 0.0014 (0.0015)
