job is starting on gpuc04.delta.ncsa.illinois.edu
| distributed init (rank 0): env://, gpu 0
| distributed init (rank 1): env://, gpu 1
| distributed init (rank 6): env://, gpu 6
| distributed init (rank 7): env://, gpu 7
| distributed init (rank 4): env://, gpu 4
| distributed init (rank 2): env://, gpu 2
| distributed init (rank 5): env://, gpu 5
| distributed init (rank 3): env://, gpu 3
dataset_train size = 40780
dataset_val size = 416
Namespace(run_name='model/finetune/S_MAE_instability_rgb-depth-caption', batch_size=32, full_img_size=673, eff_img_size=447, target_size=224, mask_proportion=0.6, patch_size=None, epochs=100, accum_iter=1, save_ckpt_freq=100, model='sarformer_s', dtype='bf16', cond_domains=['rgb', 'depth', 'caption'], loss_type='mse', distance_type='euclidean', objective='lpl', hflip=0.0, vflip=0.0, finetune='/scratch/bdej/cohanlon/checkpoints/sarformer/model/pretrain/S_MAE_rgb-depth-caption/checkpoint-final.pth', opt='adamw', opt_eps=1e-08, opt_betas=[0.9, 0.99], compute_grad_norm=True, clip_grad=None, skip_grad=None, momentum=0.9, weight_decay=0.05, weight_decay_end=None, blr=0.0001, min_blr=0.0, lr_and_wd_scheduler='cosine', warmup_epochs=10, cooldown_epochs=10, eval_data_path='/scratch/bdej/cohanlon/data/eval', num_eval_metrics_samples=416, num_logged_images=9, eval_batch_size=None, eval_freq=10, eval_metric_freq=10, eval_image_log_freq=20, dist_eval=True, eval_only=False, output_dir='/scratch/bdej/cohanlon/checkpoints/sarformer/model/finetune/S_MAE_instability_rgb-depth-caption', device='cuda', seed=0, start_epoch=0, num_workers=110, pin_mem=True, show_user_warnings=False, log_wandb=True, wandb_project='model', wandb_entity='sarformer', wandb_run_name='finetune/S_MAE_instability_rgb-depth-caption', dist_url='env://', print_all=False, warmup_lr=1e-06, min_lr=0.0, crop_std='1e3', eval_metrics_freq=10, data_path='/scratch/bdej/cohanlon/data/train', config_path='cfgs/sarformer/model/finetune/S_MAE_instability_rgb-depth-caption.yaml', rank=0, world_size=8, gpu=0, distributed=True, dist_backend='nccl', all_domains=['rgb', 'depth', 'caption', 'target_distribution'], is_pretraining=False)
Creating model: sarformer_s conditioned on ['rgb', 'depth', 'caption']
_IncompatibleKeys(missing_keys=['backbone.out_proj.weight', 'backbone.out_proj.bias'], unexpected_keys=[])
Model = SARFormer(
  (seq_encoder): T5EncoderModel(
    (shared): Embedding(32128, 512)
    (encoder): T5Stack(
      (embed_tokens): Embedding(32128, 512)
      (block): ModuleList(
        (0): T5Block(
          (layer): ModuleList(
            (0): T5LayerSelfAttention(
              (SelfAttention): T5Attention(
                (q): Linear(in_features=512, out_features=384, bias=False)
                (k): Linear(in_features=512, out_features=384, bias=False)
                (v): Linear(in_features=512, out_features=384, bias=False)
                (o): Linear(in_features=384, out_features=512, bias=False)
                (relative_attention_bias): Embedding(32, 6)
              )
              (layer_norm): T5LayerNorm()
              (dropout): Dropout(p=0.1, inplace=False)
            )
            (1): T5LayerFF(
              (DenseReluDense): T5DenseGatedActDense(
                (wi_0): Linear(in_features=512, out_features=1024, bias=False)
                (wi_1): Linear(in_features=512, out_features=1024, bias=False)
                (wo): Linear(in_features=1024, out_features=512, bias=False)
                (dropout): Dropout(p=0.1, inplace=False)
                (act): NewGELUActivation()
              )
              (layer_norm): T5LayerNorm()
              (dropout): Dropout(p=0.1, inplace=False)
            )
          )
        )
        (1-7): 7 x T5Block(
          (layer): ModuleList(
            (0): T5LayerSelfAttention(
              (SelfAttention): T5Attention(
                (q): Linear(in_features=512, out_features=384, bias=False)
                (k): Linear(in_features=512, out_features=384, bias=False)
                (v): Linear(in_features=512, out_features=384, bias=False)
                (o): Linear(in_features=384, out_features=512, bias=False)
              )
              (layer_norm): T5LayerNorm()
              (dropout): Dropout(p=0.1, inplace=False)
            )
            (1): T5LayerFF(
              (DenseReluDense): T5DenseGatedActDense(
                (wi_0): Linear(in_features=512, out_features=1024, bias=False)
                (wi_1): Linear(in_features=512, out_features=1024, bias=False)
                (wo): Linear(in_features=1024, out_features=512, bias=False)
                (dropout): Dropout(p=0.1, inplace=False)
                (act): NewGELUActivation()
              )
              (layer_norm): T5LayerNorm()
              (dropout): Dropout(p=0.1, inplace=False)
            )
          )
        )
      )
      (final_layer_norm): T5LayerNorm()
      (dropout): Dropout(p=0.1, inplace=False)
    )
  )
  (backbone): PatchedConvNeXtUNet(
    (in_proj): Linear(in_features=64, out_features=64, bias=True)
    (down_blocks): ModuleList(
      (0): ConditionedSequential(
        (0): ConvNeXtV2Block(
          (skip_proj): Identity()
          (dwconv): Conv2d(64, 64, kernel_size=(7, 7), stride=(1, 1), padding=(3, 3), groups=64)
          (norm): LayerNorm((64,), eps=1e-06, elementwise_affine=True)
          (pwconv1): Linear(in_features=64, out_features=256, bias=True)
          (act): SiLU()
          (grn): GRN()
          (pwconv2): Linear(in_features=256, out_features=64, bias=True)
          (drop_path): Identity()
        )
        (1): ConvNeXtV2Block(
          (skip_proj): Identity()
          (dwconv): Conv2d(64, 64, kernel_size=(7, 7), stride=(1, 1), padding=(3, 3), groups=64)
          (norm): LayerNorm((64,), eps=1e-06, elementwise_affine=True)
          (pwconv1): Linear(in_features=64, out_features=256, bias=True)
          (act): SiLU()
          (grn): GRN()
          (pwconv2): Linear(in_features=256, out_features=64, bias=True)
          (drop_path): Identity()
        )
        (2): ConvNeXtV2Block(
          (skip_proj): Identity()
          (dwconv): Conv2d(64, 64, kernel_size=(7, 7), stride=(1, 1), padding=(3, 3), groups=64)
          (norm): LayerNorm((64,), eps=1e-06, elementwise_affine=True)
          (pwconv1): Linear(in_features=64, out_features=256, bias=True)
          (act): SiLU()
          (grn): GRN()
          (pwconv2): Linear(in_features=256, out_features=64, bias=True)
          (drop_path): Identity()
        )
        (3): ConvNeXtV2Block(
          (skip_proj): Identity()
          (dwconv): Conv2d(64, 64, kernel_size=(7, 7), stride=(1, 1), padding=(3, 3), groups=64)
          (norm): LayerNorm((64,), eps=1e-06, elementwise_affine=True)
          (pwconv1): Linear(in_features=64, out_features=256, bias=True)
          (act): SiLU()
          (grn): GRN()
          (pwconv2): Linear(in_features=256, out_features=64, bias=True)
          (drop_path): Identity()
        )
        (4): ConvNeXtV2Block(
          (skip_proj): Linear(in_features=64, out_features=128, bias=True)
          (dwconv): Conv2d(64, 64, kernel_size=(7, 7), stride=(1, 1), padding=(3, 3), groups=64)
          (norm): LayerNorm((64,), eps=1e-06, elementwise_affine=True)
          (pwconv1): Linear(in_features=64, out_features=256, bias=True)
          (act): SiLU()
          (grn): GRN()
          (pwconv2): Linear(in_features=256, out_features=128, bias=True)
          (drop_path): Identity()
        )
        (5): NormCrossAttentionBlock(
          (q): Linear(in_features=128, out_features=128, bias=True)
          (kv): Linear(in_features=512, out_features=256, bias=True)
          (attn_drop): Dropout(p=0.0, inplace=False)
          (proj): Linear(in_features=128, out_features=128, bias=True)
          (proj_drop): Dropout(p=0.0, inplace=False)
          (q_norm): LayerNorm((16,), eps=1e-05, elementwise_affine=True)
          (k_norm): LayerNorm((16,), eps=1e-05, elementwise_affine=True)
        )
      )
      (1): ConditionedSequential(
        (0): Downsample(
          scale_factor=0.5
          (pool): AvgPool2d(kernel_size=2, stride=2, padding=0)
        )
        (1): ConvNeXtV2Block(
          (skip_proj): Identity()
          (dwconv): Conv2d(128, 128, kernel_size=(7, 7), stride=(1, 1), padding=(3, 3), groups=128)
          (norm): LayerNorm((128,), eps=1e-06, elementwise_affine=True)
          (pwconv1): Linear(in_features=128, out_features=512, bias=True)
          (act): SiLU()
          (grn): GRN()
          (pwconv2): Linear(in_features=512, out_features=128, bias=True)
          (drop_path): Identity()
        )
        (2): ConvNeXtV2Block(
          (skip_proj): Identity()
          (dwconv): Conv2d(128, 128, kernel_size=(7, 7), stride=(1, 1), padding=(3, 3), groups=128)
          (norm): LayerNorm((128,), eps=1e-06, elementwise_affine=True)
          (pwconv1): Linear(in_features=128, out_features=512, bias=True)
          (act): SiLU()
          (grn): GRN()
          (pwconv2): Linear(in_features=512, out_features=128, bias=True)
          (drop_path): Identity()
        )
        (3): ConvNeXtV2Block(
          (skip_proj): Identity()
          (dwconv): Conv2d(128, 128, kernel_size=(7, 7), stride=(1, 1), padding=(3, 3), groups=128)
          (norm): LayerNorm((128,), eps=1e-06, elementwise_affine=True)
          (pwconv1): Linear(in_features=128, out_features=512, bias=True)
          (act): SiLU()
          (grn): GRN()
          (pwconv2): Linear(in_features=512, out_features=128, bias=True)
          (drop_path): Identity()
        )
        (4): ConvNeXtV2Block(
          (skip_proj): Identity()
          (dwconv): Conv2d(128, 128, kernel_size=(7, 7), stride=(1, 1), padding=(3, 3), groups=128)
          (norm): LayerNorm((128,), eps=1e-06, elementwise_affine=True)
          (pwconv1): Linear(in_features=128, out_features=512, bias=True)
          (act): SiLU()
          (grn): GRN()
          (pwconv2): Linear(in_features=512, out_features=128, bias=True)
          (drop_path): Identity()
        )
        (5): ConvNeXtV2Block(
          (skip_proj): Linear(in_features=128, out_features=256, bias=True)
          (dwconv): Conv2d(128, 128, kernel_size=(7, 7), stride=(1, 1), padding=(3, 3), groups=128)
          (norm): LayerNorm((128,), eps=1e-06, elementwise_affine=True)
          (pwconv1): Linear(in_features=128, out_features=512, bias=True)
          (act): SiLU()
          (grn): GRN()
          (pwconv2): Linear(in_features=512, out_features=256, bias=True)
          (drop_path): Identity()
        )
        (6): NormCrossAttentionBlock(
          (q): Linear(in_features=256, out_features=256, bias=True)
          (kv): Linear(in_features=512, out_features=512, bias=True)
          (attn_drop): Dropout(p=0.0, inplace=False)
          (proj): Linear(in_features=256, out_features=256, bias=True)
          (proj_drop): Dropout(p=0.0, inplace=False)
          (q_norm): LayerNorm((32,), eps=1e-05, elementwise_affine=True)
          (k_norm): LayerNorm((32,), eps=1e-05, elementwise_affine=True)
        )
      )
      (2): ConditionedSequential(
        (0): Downsample(
          scale_factor=0.5
          (pool): AvgPool2d(kernel_size=2, stride=2, padding=0)
        )
        (1): ConvNeXtV2Block(
          (skip_proj): Identity()
          (dwconv): Conv2d(256, 256, kernel_size=(7, 7), stride=(1, 1), padding=(3, 3), groups=256)
          (norm): LayerNorm((256,), eps=1e-06, elementwise_affine=True)
          (pwconv1): Linear(in_features=256, out_features=1024, bias=True)
          (act): SiLU()
          (grn): GRN()
          (pwconv2): Linear(in_features=1024, out_features=256, bias=True)
          (drop_path): Identity()
        )
        (2): ConvNeXtV2Block(
          (skip_proj): Identity()
          (dwconv): Conv2d(256, 256, kernel_size=(7, 7), stride=(1, 1), padding=(3, 3), groups=256)
          (norm): LayerNorm((256,), eps=1e-06, elementwise_affine=True)
          (pwconv1): Linear(in_features=256, out_features=1024, bias=True)
          (act): SiLU()
          (grn): GRN()
          (pwconv2): Linear(in_features=1024, out_features=256, bias=True)
          (drop_path): Identity()
        )
        (3): ConvNeXtV2Block(
          (skip_proj): Identity()
          (dwconv): Conv2d(256, 256, kernel_size=(7, 7), stride=(1, 1), padding=(3, 3), groups=256)
          (norm): LayerNorm((256,), eps=1e-06, elementwise_affine=True)
          (pwconv1): Linear(in_features=256, out_features=1024, bias=True)
          (act): SiLU()
          (grn): GRN()
          (pwconv2): Linear(in_features=1024, out_features=256, bias=True)
          (drop_path): Identity()
        )
        (4): ConvNeXtV2Block(
          (skip_proj): Identity()
          (dwconv): Conv2d(256, 256, kernel_size=(7, 7), stride=(1, 1), padding=(3, 3), groups=256)
          (norm): LayerNorm((256,), eps=1e-06, elementwise_affine=True)
          (pwconv1): Linear(in_features=256, out_features=1024, bias=True)
          (act): SiLU()
          (grn): GRN()
          (pwconv2): Linear(in_features=1024, out_features=256, bias=True)
          (drop_path): Identity()
        )
        (5): ConvNeXtV2Block(
          (skip_proj): Linear(in_features=256, out_features=512, bias=True)
          (dwconv): Conv2d(256, 256, kernel_size=(7, 7), stride=(1, 1), padding=(3, 3), groups=256)
          (norm): LayerNorm((256,), eps=1e-06, elementwise_affine=True)
          (pwconv1): Linear(in_features=256, out_features=1024, bias=True)
          (act): SiLU()
          (grn): GRN()
          (pwconv2): Linear(in_features=1024, out_features=512, bias=True)
          (drop_path): Identity()
        )
        (6): NormCrossAttentionBlock(
          (q): Linear(in_features=512, out_features=512, bias=True)
          (kv): Linear(in_features=512, out_features=1024, bias=True)
          (attn_drop): Dropout(p=0.0, inplace=False)
          (proj): Linear(in_features=512, out_features=512, bias=True)
          (proj_drop): Dropout(p=0.0, inplace=False)
          (q_norm): LayerNorm((64,), eps=1e-05, elementwise_affine=True)
          (k_norm): LayerNorm((64,), eps=1e-05, elementwise_affine=True)
        )
      )
    )
    (middle_block): ConditionedSequential(
      (0): Downsample(
        scale_factor=0.5
        (pool): AvgPool2d(kernel_size=2, stride=2, padding=0)
      )
      (1): ConvNeXtV2Block(
        (skip_proj): Identity()
        (dwconv): Conv2d(512, 512, kernel_size=(7, 7), stride=(1, 1), padding=(3, 3), groups=512)
        (norm): LayerNorm((512,), eps=1e-06, elementwise_affine=True)
        (pwconv1): Linear(in_features=512, out_features=2048, bias=True)
        (act): SiLU()
        (grn): GRN()
        (pwconv2): Linear(in_features=2048, out_features=512, bias=True)
        (drop_path): Identity()
      )
      (2): ConvNeXtV2Block(
        (skip_proj): Identity()
        (dwconv): Conv2d(512, 512, kernel_size=(7, 7), stride=(1, 1), padding=(3, 3), groups=512)
        (norm): LayerNorm((512,), eps=1e-06, elementwise_affine=True)
        (pwconv1): Linear(in_features=512, out_features=2048, bias=True)
        (act): SiLU()
        (grn): GRN()
        (pwconv2): Linear(in_features=2048, out_features=512, bias=True)
        (drop_path): Identity()
      )
      (3): ConvNeXtV2Block(
        (skip_proj): Identity()
        (dwconv): Conv2d(512, 512, kernel_size=(7, 7), stride=(1, 1), padding=(3, 3), groups=512)
        (norm): LayerNorm((512,), eps=1e-06, elementwise_affine=True)
        (pwconv1): Linear(in_features=512, out_features=2048, bias=True)
        (act): SiLU()
        (grn): GRN()
        (pwconv2): Linear(in_features=2048, out_features=512, bias=True)
        (drop_path): Identity()
      )
      (4): ConvNeXtV2Block(
        (skip_proj): Identity()
        (dwconv): Conv2d(512, 512, kernel_size=(7, 7), stride=(1, 1), padding=(3, 3), groups=512)
        (norm): LayerNorm((512,), eps=1e-06, elementwise_affine=True)
        (pwconv1): Linear(in_features=512, out_features=2048, bias=True)
        (act): SiLU()
        (grn): GRN()
        (pwconv2): Linear(in_features=2048, out_features=512, bias=True)
        (drop_path): Identity()
      )
      (5): ConvNeXtV2Block(
        (skip_proj): Linear(in_features=512, out_features=1024, bias=True)
        (dwconv): Conv2d(512, 512, kernel_size=(7, 7), stride=(1, 1), padding=(3, 3), groups=512)
        (norm): LayerNorm((512,), eps=1e-06, elementwise_affine=True)
        (pwconv1): Linear(in_features=512, out_features=2048, bias=True)
        (act): SiLU()
        (grn): GRN()
        (pwconv2): Linear(in_features=2048, out_features=1024, bias=True)
        (drop_path): Identity()
      )
      (6): NormCrossAttentionBlock(
        (q): Linear(in_features=1024, out_features=1024, bias=True)
        (kv): Linear(in_features=512, out_features=2048, bias=True)
        (attn_drop): Dropout(p=0.0, inplace=False)
        (proj): Linear(in_features=1024, out_features=1024, bias=True)
        (proj_drop): Dropout(p=0.0, inplace=False)
        (q_norm): LayerNorm((128,), eps=1e-05, elementwise_affine=True)
        (k_norm): LayerNorm((128,), eps=1e-05, elementwise_affine=True)
      )
      (7): ConvNeXtV2Block(
        (skip_proj): Identity()
        (dwconv): Conv2d(1024, 1024, kernel_size=(7, 7), stride=(1, 1), padding=(3, 3), groups=1024)
        (norm): LayerNorm((1024,), eps=1e-06, elementwise_affine=True)
        (pwconv1): Linear(in_features=1024, out_features=4096, bias=True)
        (act): SiLU()
        (grn): GRN()
        (pwconv2): Linear(in_features=4096, out_features=1024, bias=True)
        (drop_path): Identity()
      )
      (8): ConvNeXtV2Block(
        (skip_proj): Identity()
        (dwconv): Conv2d(1024, 1024, kernel_size=(7, 7), stride=(1, 1), padding=(3, 3), groups=1024)
        (norm): LayerNorm((1024,), eps=1e-06, elementwise_affine=True)
        (pwconv1): Linear(in_features=1024, out_features=4096, bias=True)
        (act): SiLU()
        (grn): GRN()
        (pwconv2): Linear(in_features=4096, out_features=1024, bias=True)
        (drop_path): Identity()
      )
      (9): ConvNeXtV2Block(
        (skip_proj): Identity()
        (dwconv): Conv2d(1024, 1024, kernel_size=(7, 7), stride=(1, 1), padding=(3, 3), groups=1024)
        (norm): LayerNorm((1024,), eps=1e-06, elementwise_affine=True)
        (pwconv1): Linear(in_features=1024, out_features=4096, bias=True)
        (act): SiLU()
        (grn): GRN()
        (pwconv2): Linear(in_features=4096, out_features=1024, bias=True)
        (drop_path): Identity()
      )
      (10): ConvNeXtV2Block(
        (skip_proj): Identity()
        (dwconv): Conv2d(1024, 1024, kernel_size=(7, 7), stride=(1, 1), padding=(3, 3), groups=1024)
        (norm): LayerNorm((1024,), eps=1e-06, elementwise_affine=True)
        (pwconv1): Linear(in_features=1024, out_features=4096, bias=True)
        (act): SiLU()
        (grn): GRN()
        (pwconv2): Linear(in_features=4096, out_features=1024, bias=True)
        (drop_path): Identity()
      )
      (11): ConvNeXtV2Block(
        (skip_proj): Linear(in_features=1024, out_features=512, bias=True)
        (dwconv): Conv2d(1024, 1024, kernel_size=(7, 7), stride=(1, 1), padding=(3, 3), groups=1024)
        (norm): LayerNorm((1024,), eps=1e-06, elementwise_affine=True)
        (pwconv1): Linear(in_features=1024, out_features=4096, bias=True)
        (act): SiLU()
        (grn): GRN()
        (pwconv2): Linear(in_features=4096, out_features=512, bias=True)
        (drop_path): Identity()
      )
      (12): Upsample(scale_factor=2.0, mode=nearest)
    )
    (up_blocks): ModuleList(
      (0): ConditionedSequential(
        (0): ConvNeXtV2Block(
          (skip_proj): Linear(in_features=1024, out_features=512, bias=True)
          (dwconv): Conv2d(1024, 1024, kernel_size=(7, 7), stride=(1, 1), padding=(3, 3), groups=1024)
          (norm): LayerNorm((1024,), eps=1e-06, elementwise_affine=True)
          (pwconv1): Linear(in_features=1024, out_features=4096, bias=True)
          (act): SiLU()
          (grn): GRN()
          (pwconv2): Linear(in_features=4096, out_features=512, bias=True)
          (drop_path): Identity()
        )
        (1): ConvNeXtV2Block(
          (skip_proj): Identity()
          (dwconv): Conv2d(512, 512, kernel_size=(7, 7), stride=(1, 1), padding=(3, 3), groups=512)
          (norm): LayerNorm((512,), eps=1e-06, elementwise_affine=True)
          (pwconv1): Linear(in_features=512, out_features=2048, bias=True)
          (act): SiLU()
          (grn): GRN()
          (pwconv2): Linear(in_features=2048, out_features=512, bias=True)
          (drop_path): Identity()
        )
        (2): ConvNeXtV2Block(
          (skip_proj): Identity()
          (dwconv): Conv2d(512, 512, kernel_size=(7, 7), stride=(1, 1), padding=(3, 3), groups=512)
          (norm): LayerNorm((512,), eps=1e-06, elementwise_affine=True)
          (pwconv1): Linear(in_features=512, out_features=2048, bias=True)
          (act): SiLU()
          (grn): GRN()
          (pwconv2): Linear(in_features=2048, out_features=512, bias=True)
          (drop_path): Identity()
        )
        (3): ConvNeXtV2Block(
          (skip_proj): Identity()
          (dwconv): Conv2d(512, 512, kernel_size=(7, 7), stride=(1, 1), padding=(3, 3), groups=512)
          (norm): LayerNorm((512,), eps=1e-06, elementwise_affine=True)
          (pwconv1): Linear(in_features=512, out_features=2048, bias=True)
          (act): SiLU()
          (grn): GRN()
          (pwconv2): Linear(in_features=2048, out_features=512, bias=True)
          (drop_path): Identity()
        )
        (4): ConvNeXtV2Block(
          (skip_proj): Linear(in_features=512, out_features=256, bias=True)
          (dwconv): Conv2d(512, 512, kernel_size=(7, 7), stride=(1, 1), padding=(3, 3), groups=512)
          (norm): LayerNorm((512,), eps=1e-06, elementwise_affine=True)
          (pwconv1): Linear(in_features=512, out_features=2048, bias=True)
          (act): SiLU()
          (grn): GRN()
          (pwconv2): Linear(in_features=2048, out_features=256, bias=True)
          (drop_path): Identity()
        )
        (5): NormCrossAttentionBlock(
          (q): Linear(in_features=256, out_features=256, bias=True)
          (kv): Linear(in_features=512, out_features=512, bias=True)
          (attn_drop): Dropout(p=0.0, inplace=False)
          (proj): Linear(in_features=256, out_features=256, bias=True)
          (proj_drop): Dropout(p=0.0, inplace=False)
          (q_norm): LayerNorm((32,), eps=1e-05, elementwise_affine=True)
          (k_norm): LayerNorm((32,), eps=1e-05, elementwise_affine=True)
        )
        (6): Upsample(scale_factor=2.0, mode=nearest)
      )
      (1): ConditionedSequential(
        (0): ConvNeXtV2Block(
          (skip_proj): Linear(in_features=512, out_features=256, bias=True)
          (dwconv): Conv2d(512, 512, kernel_size=(7, 7), stride=(1, 1), padding=(3, 3), groups=512)
          (norm): LayerNorm((512,), eps=1e-06, elementwise_affine=True)
          (pwconv1): Linear(in_features=512, out_features=2048, bias=True)
          (act): SiLU()
          (grn): GRN()
          (pwconv2): Linear(in_features=2048, out_features=256, bias=True)
          (drop_path): Identity()
        )
        (1): ConvNeXtV2Block(
          (skip_proj): Identity()
          (dwconv): Conv2d(256, 256, kernel_size=(7, 7), stride=(1, 1), padding=(3, 3), groups=256)
          (norm): LayerNorm((256,), eps=1e-06, elementwise_affine=True)
          (pwconv1): Linear(in_features=256, out_features=1024, bias=True)
          (act): SiLU()
          (grn): GRN()
          (pwconv2): Linear(in_features=1024, out_features=256, bias=True)
          (drop_path): Identity()
        )
        (2): ConvNeXtV2Block(
          (skip_proj): Identity()
          (dwconv): Conv2d(256, 256, kernel_size=(7, 7), stride=(1, 1), padding=(3, 3), groups=256)
          (norm): LayerNorm((256,), eps=1e-06, elementwise_affine=True)
          (pwconv1): Linear(in_features=256, out_features=1024, bias=True)
          (act): SiLU()
          (grn): GRN()
          (pwconv2): Linear(in_features=1024, out_features=256, bias=True)
          (drop_path): Identity()
        )
        (3): ConvNeXtV2Block(
          (skip_proj): Identity()
          (dwconv): Conv2d(256, 256, kernel_size=(7, 7), stride=(1, 1), padding=(3, 3), groups=256)
          (norm): LayerNorm((256,), eps=1e-06, elementwise_affine=True)
          (pwconv1): Linear(in_features=256, out_features=1024, bias=True)
          (act): SiLU()
          (grn): GRN()
          (pwconv2): Linear(in_features=1024, out_features=256, bias=True)
          (drop_path): Identity()
        )
        (4): ConvNeXtV2Block(
          (skip_proj): Linear(in_features=256, out_features=128, bias=True)
          (dwconv): Conv2d(256, 256, kernel_size=(7, 7), stride=(1, 1), padding=(3, 3), groups=256)
          (norm): LayerNorm((256,), eps=1e-06, elementwise_affine=True)
          (pwconv1): Linear(in_features=256, out_features=1024, bias=True)
          (act): SiLU()
          (grn): GRN()
          (pwconv2): Linear(in_features=1024, out_features=128, bias=True)
          (drop_path): Identity()
        )
        (5): NormCrossAttentionBlock(
          (q): Linear(in_features=128, out_features=128, bias=True)
          (kv): Linear(in_features=512, out_features=256, bias=True)
          (attn_drop): Dropout(p=0.0, inplace=False)
          (proj): Linear(in_features=128, out_features=128, bias=True)
          (proj_drop): Dropout(p=0.0, inplace=False)
          (q_norm): LayerNorm((16,), eps=1e-05, elementwise_affine=True)
          (k_norm): LayerNorm((16,), eps=1e-05, elementwise_affine=True)
        )
        (6): Upsample(scale_factor=2.0, mode=nearest)
      )
      (2): ConditionedSequential(
        (0): ConvNeXtV2Block(
          (skip_proj): Linear(in_features=256, out_features=128, bias=True)
          (dwconv): Conv2d(256, 256, kernel_size=(7, 7), stride=(1, 1), padding=(3, 3), groups=256)
          (norm): LayerNorm((256,), eps=1e-06, elementwise_affine=True)
          (pwconv1): Linear(in_features=256, out_features=1024, bias=True)
          (act): SiLU()
          (grn): GRN()
          (pwconv2): Linear(in_features=1024, out_features=128, bias=True)
          (drop_path): Identity()
        )
        (1): ConvNeXtV2Block(
          (skip_proj): Identity()
          (dwconv): Conv2d(128, 128, kernel_size=(7, 7), stride=(1, 1), padding=(3, 3), groups=128)
          (norm): LayerNorm((128,), eps=1e-06, elementwise_affine=True)
          (pwconv1): Linear(in_features=128, out_features=512, bias=True)
          (act): SiLU()
          (grn): GRN()
          (pwconv2): Linear(in_features=512, out_features=128, bias=True)
          (drop_path): Identity()
        )
        (2): ConvNeXtV2Block(
          (skip_proj): Identity()
          (dwconv): Conv2d(128, 128, kernel_size=(7, 7), stride=(1, 1), padding=(3, 3), groups=128)
          (norm): LayerNorm((128,), eps=1e-06, elementwise_affine=True)
          (pwconv1): Linear(in_features=128, out_features=512, bias=True)
          (act): SiLU()
          (grn): GRN()
          (pwconv2): Linear(in_features=512, out_features=128, bias=True)
          (drop_path): Identity()
        )
        (3): ConvNeXtV2Block(
          (skip_proj): Identity()
          (dwconv): Conv2d(128, 128, kernel_size=(7, 7), stride=(1, 1), padding=(3, 3), groups=128)
          (norm): LayerNorm((128,), eps=1e-06, elementwise_affine=True)
          (pwconv1): Linear(in_features=128, out_features=512, bias=True)
          (act): SiLU()
          (grn): GRN()
          (pwconv2): Linear(in_features=512, out_features=128, bias=True)
          (drop_path): Identity()
        )
        (4): ConvNeXtV2Block(
          (skip_proj): Linear(in_features=128, out_features=64, bias=True)
          (dwconv): Conv2d(128, 128, kernel_size=(7, 7), stride=(1, 1), padding=(3, 3), groups=128)
          (norm): LayerNorm((128,), eps=1e-06, elementwise_affine=True)
          (pwconv1): Linear(in_features=128, out_features=512, bias=True)
          (act): SiLU()
          (grn): GRN()
          (pwconv2): Linear(in_features=512, out_features=64, bias=True)
          (drop_path): Identity()
        )
        (5): NormCrossAttentionBlock(
          (q): Linear(in_features=64, out_features=64, bias=True)
          (kv): Linear(in_features=512, out_features=128, bias=True)
          (attn_drop): Dropout(p=0.0, inplace=False)
          (proj): Linear(in_features=64, out_features=64, bias=True)
          (proj_drop): Dropout(p=0.0, inplace=False)
          (q_norm): LayerNorm((8,), eps=1e-05, elementwise_affine=True)
          (k_norm): LayerNorm((8,), eps=1e-05, elementwise_affine=True)
        )
      )
    )
    (norm): LayerNorm((64,), eps=1e-06, elementwise_affine=True)
    (out_proj): Linear(in_features=64, out_features=16, bias=True)
  )
)
Number of params: 117.5532 M
LR = 0.00010000
Min LR = 0.00000000
Total (effective) batch size = 256
Accumulate grad iterations = 1
Number of training steps = 159
Number of training examples per epoch = 40704
Param groups = {
  "decay": {
    "weight_decay": 0.05,
    "params": [
      "seq_encoder.shared.weight",
      "seq_encoder.encoder.block.0.layer.0.SelfAttention.q.weight",
      "seq_encoder.encoder.block.0.layer.0.SelfAttention.k.weight",
      "seq_encoder.encoder.block.0.layer.0.SelfAttention.v.weight",
      "seq_encoder.encoder.block.0.layer.0.SelfAttention.o.weight",
      "seq_encoder.encoder.block.0.layer.0.SelfAttention.relative_attention_bias.weight",
      "seq_encoder.encoder.block.0.layer.1.DenseReluDense.wi_0.weight",
      "seq_encoder.encoder.block.0.layer.1.DenseReluDense.wi_1.weight",
      "seq_encoder.encoder.block.0.layer.1.DenseReluDense.wo.weight",
      "seq_encoder.encoder.block.1.layer.0.SelfAttention.q.weight",
      "seq_encoder.encoder.block.1.layer.0.SelfAttention.k.weight",
      "seq_encoder.encoder.block.1.layer.0.SelfAttention.v.weight",
      "seq_encoder.encoder.block.1.layer.0.SelfAttention.o.weight",
      "seq_encoder.encoder.block.1.layer.1.DenseReluDense.wi_0.weight",
      "seq_encoder.encoder.block.1.layer.1.DenseReluDense.wi_1.weight",
      "seq_encoder.encoder.block.1.layer.1.DenseReluDense.wo.weight",
      "seq_encoder.encoder.block.2.layer.0.SelfAttention.q.weight",
      "seq_encoder.encoder.block.2.layer.0.SelfAttention.k.weight",
      "seq_encoder.encoder.block.2.layer.0.SelfAttention.v.weight",
      "seq_encoder.encoder.block.2.layer.0.SelfAttention.o.weight",
      "seq_encoder.encoder.block.2.layer.1.DenseReluDense.wi_0.weight",
      "seq_encoder.encoder.block.2.layer.1.DenseReluDense.wi_1.weight",
      "seq_encoder.encoder.block.2.layer.1.DenseReluDense.wo.weight",
      "seq_encoder.encoder.block.3.layer.0.SelfAttention.q.weight",
      "seq_encoder.encoder.block.3.layer.0.SelfAttention.k.weight",
      "seq_encoder.encoder.block.3.layer.0.SelfAttention.v.weight",
      "seq_encoder.encoder.block.3.layer.0.SelfAttention.o.weight",
      "seq_encoder.encoder.block.3.layer.1.DenseReluDense.wi_0.weight",
      "seq_encoder.encoder.block.3.layer.1.DenseReluDense.wi_1.weight",
      "seq_encoder.encoder.block.3.layer.1.DenseReluDense.wo.weight",
      "seq_encoder.encoder.block.4.layer.0.SelfAttention.q.weight",
      "seq_encoder.encoder.block.4.layer.0.SelfAttention.k.weight",
      "seq_encoder.encoder.block.4.layer.0.SelfAttention.v.weight",
      "seq_encoder.encoder.block.4.layer.0.SelfAttention.o.weight",
      "seq_encoder.encoder.block.4.layer.1.DenseReluDense.wi_0.weight",
      "seq_encoder.encoder.block.4.layer.1.DenseReluDense.wi_1.weight",
      "seq_encoder.encoder.block.4.layer.1.DenseReluDense.wo.weight",
      "seq_encoder.encoder.block.5.layer.0.SelfAttention.q.weight",
      "seq_encoder.encoder.block.5.layer.0.SelfAttention.k.weight",
      "seq_encoder.encoder.block.5.layer.0.SelfAttention.v.weight",
      "seq_encoder.encoder.block.5.layer.0.SelfAttention.o.weight",
      "seq_encoder.encoder.block.5.layer.1.DenseReluDense.wi_0.weight",
      "seq_encoder.encoder.block.5.layer.1.DenseReluDense.wi_1.weight",
      "seq_encoder.encoder.block.5.layer.1.DenseReluDense.wo.weight",
      "seq_encoder.encoder.block.6.layer.0.SelfAttention.q.weight",
      "seq_encoder.encoder.block.6.layer.0.SelfAttention.k.weight",
      "seq_encoder.encoder.block.6.layer.0.SelfAttention.v.weight",
      "seq_encoder.encoder.block.6.layer.0.SelfAttention.o.weight",
      "seq_encoder.encoder.block.6.layer.1.DenseReluDense.wi_0.weight",
      "seq_encoder.encoder.block.6.layer.1.DenseReluDense.wi_1.weight",
      "seq_encoder.encoder.block.6.layer.1.DenseReluDense.wo.weight",
      "seq_encoder.encoder.block.7.layer.0.SelfAttention.q.weight",
      "seq_encoder.encoder.block.7.layer.0.SelfAttention.k.weight",
      "seq_encoder.encoder.block.7.layer.0.SelfAttention.v.weight",
      "seq_encoder.encoder.block.7.layer.0.SelfAttention.o.weight",
      "seq_encoder.encoder.block.7.layer.1.DenseReluDense.wi_0.weight",
      "seq_encoder.encoder.block.7.layer.1.DenseReluDense.wi_1.weight",
      "seq_encoder.encoder.block.7.layer.1.DenseReluDense.wo.weight",
      "backbone.in_proj.weight",
      "backbone.down_blocks.0.0.dwconv.weight",
      "backbone.down_blocks.0.0.pwconv1.weight",
      "backbone.down_blocks.0.0.pwconv2.weight",
      "backbone.down_blocks.0.1.dwconv.weight",
      "backbone.down_blocks.0.1.pwconv1.weight",
      "backbone.down_blocks.0.1.pwconv2.weight",
      "backbone.down_blocks.0.2.dwconv.weight",
      "backbone.down_blocks.0.2.pwconv1.weight",
      "backbone.down_blocks.0.2.pwconv2.weight",
      "backbone.down_blocks.0.3.dwconv.weight",
      "backbone.down_blocks.0.3.pwconv1.weight",
      "backbone.down_blocks.0.3.pwconv2.weight",
      "backbone.down_blocks.0.4.skip_proj.weight",
      "backbone.down_blocks.0.4.dwconv.weight",
      "backbone.down_blocks.0.4.pwconv1.weight",
      "backbone.down_blocks.0.4.pwconv2.weight",
      "backbone.down_blocks.0.5.q.weight",
      "backbone.down_blocks.0.5.kv.weight",
      "backbone.down_blocks.0.5.proj.weight",
      "backbone.down_blocks.1.1.dwconv.weight",
      "backbone.down_blocks.1.1.pwconv1.weight",
      "backbone.down_blocks.1.1.pwconv2.weight",
      "backbone.down_blocks.1.2.dwconv.weight",
      "backbone.down_blocks.1.2.pwconv1.weight",
      "backbone.down_blocks.1.2.pwconv2.weight",
      "backbone.down_blocks.1.3.dwconv.weight",
      "backbone.down_blocks.1.3.pwconv1.weight",
      "backbone.down_blocks.1.3.pwconv2.weight",
      "backbone.down_blocks.1.4.dwconv.weight",
      "backbone.down_blocks.1.4.pwconv1.weight",
      "backbone.down_blocks.1.4.pwconv2.weight",
      "backbone.down_blocks.1.5.skip_proj.weight",
      "backbone.down_blocks.1.5.dwconv.weight",
      "backbone.down_blocks.1.5.pwconv1.weight",
      "backbone.down_blocks.1.5.pwconv2.weight",
      "backbone.down_blocks.1.6.q.weight",
      "backbone.down_blocks.1.6.kv.weight",
      "backbone.down_blocks.1.6.proj.weight",
      "backbone.down_blocks.2.1.dwconv.weight",
      "backbone.down_blocks.2.1.pwconv1.weight",
      "backbone.down_blocks.2.1.pwconv2.weight",
      "backbone.down_blocks.2.2.dwconv.weight",
      "backbone.down_blocks.2.2.pwconv1.weight",
      "backbone.down_blocks.2.2.pwconv2.weight",
      "backbone.down_blocks.2.3.dwconv.weight",
      "backbone.down_blocks.2.3.pwconv1.weight",
      "backbone.down_blocks.2.3.pwconv2.weight",
      "backbone.down_blocks.2.4.dwconv.weight",
      "backbone.down_blocks.2.4.pwconv1.weight",
      "backbone.down_blocks.2.4.pwconv2.weight",
      "backbone.down_blocks.2.5.skip_proj.weight",
      "backbone.down_blocks.2.5.dwconv.weight",
      "backbone.down_blocks.2.5.pwconv1.weight",
      "backbone.down_blocks.2.5.pwconv2.weight",
      "backbone.down_blocks.2.6.q.weight",
      "backbone.down_blocks.2.6.kv.weight",
      "backbone.down_blocks.2.6.proj.weight",
      "backbone.middle_block.1.dwconv.weight",
      "backbone.middle_block.1.pwconv1.weight",
      "backbone.middle_block.1.pwconv2.weight",
      "backbone.middle_block.2.dwconv.weight",
      "backbone.middle_block.2.pwconv1.weight",
      "backbone.middle_block.2.pwconv2.weight",
      "backbone.middle_block.3.dwconv.weight",
      "backbone.middle_block.3.pwconv1.weight",
      "backbone.middle_block.3.pwconv2.weight",
      "backbone.middle_block.4.dwconv.weight",
      "backbone.middle_block.4.pwconv1.weight",
      "backbone.middle_block.4.pwconv2.weight",
      "backbone.middle_block.5.skip_proj.weight",
      "backbone.middle_block.5.dwconv.weight",
      "backbone.middle_block.5.pwconv1.weight",
      "backbone.middle_block.5.pwconv2.weight",
      "backbone.middle_block.6.q.weight",
      "backbone.middle_block.6.kv.weight",
      "backbone.middle_block.6.proj.weight",
      "backbone.middle_block.7.dwconv.weight",
      "backbone.middle_block.7.pwconv1.weight",
      "backbone.middle_block.7.pwconv2.weight",
      "backbone.middle_block.8.dwconv.weight",
      "backbone.middle_block.8.pwconv1.weight",
      "backbone.middle_block.8.pwconv2.weight",
      "backbone.middle_block.9.dwconv.weight",
      "backbone.middle_block.9.pwconv1.weight",
      "backbone.middle_block.9.pwconv2.weight",
      "backbone.middle_block.10.dwconv.weight",
      "backbone.middle_block.10.pwconv1.weight",
      "backbone.middle_block.10.pwconv2.weight",
      "backbone.middle_block.11.skip_proj.weight",
      "backbone.middle_block.11.dwconv.weight",
      "backbone.middle_block.11.pwconv1.weight",
      "backbone.middle_block.11.pwconv2.weight",
      "backbone.up_blocks.0.0.skip_proj.weight",
      "backbone.up_blocks.0.0.dwconv.weight",
      "backbone.up_blocks.0.0.pwconv1.weight",
      "backbone.up_blocks.0.0.pwconv2.weight",
      "backbone.up_blocks.0.1.dwconv.weight",
      "backbone.up_blocks.0.1.pwconv1.weight",
      "backbone.up_blocks.0.1.pwconv2.weight",
      "backbone.up_blocks.0.2.dwconv.weight",
      "backbone.up_blocks.0.2.pwconv1.weight",
      "backbone.up_blocks.0.2.pwconv2.weight",
      "backbone.up_blocks.0.3.dwconv.weight",
      "backbone.up_blocks.0.3.pwconv1.weight",
      "backbone.up_blocks.0.3.pwconv2.weight",
      "backbone.up_blocks.0.4.skip_proj.weight",
      "backbone.up_blocks.0.4.dwconv.weight",
      "backbone.up_blocks.0.4.pwconv1.weight",
      "backbone.up_blocks.0.4.pwconv2.weight",
      "backbone.up_blocks.0.5.q.weight",
      "backbone.up_blocks.0.5.kv.weight",
      "backbone.up_blocks.0.5.proj.weight",
      "backbone.up_blocks.1.0.skip_proj.weight",
      "backbone.up_blocks.1.0.dwconv.weight",
      "backbone.up_blocks.1.0.pwconv1.weight",
      "backbone.up_blocks.1.0.pwconv2.weight",
      "backbone.up_blocks.1.1.dwconv.weight",
      "backbone.up_blocks.1.1.pwconv1.weight",
      "backbone.up_blocks.1.1.pwconv2.weight",
      "backbone.up_blocks.1.2.dwconv.weight",
      "backbone.up_blocks.1.2.pwconv1.weight",
      "backbone.up_blocks.1.2.pwconv2.weight",
      "backbone.up_blocks.1.3.dwconv.weight",
      "backbone.up_blocks.1.3.pwconv1.weight",
      "backbone.up_blocks.1.3.pwconv2.weight",
      "backbone.up_blocks.1.4.skip_proj.weight",
      "backbone.up_blocks.1.4.dwconv.weight",
      "backbone.up_blocks.1.4.pwconv1.weight",
      "backbone.up_blocks.1.4.pwconv2.weight",
      "backbone.up_blocks.1.5.q.weight",
      "backbone.up_blocks.1.5.kv.weight",
      "backbone.up_blocks.1.5.proj.weight",
      "backbone.up_blocks.2.0.skip_proj.weight",
      "backbone.up_blocks.2.0.dwconv.weight",
      "backbone.up_blocks.2.0.pwconv1.weight",
      "backbone.up_blocks.2.0.pwconv2.weight",
      "backbone.up_blocks.2.1.dwconv.weight",
      "backbone.up_blocks.2.1.pwconv1.weight",
      "backbone.up_blocks.2.1.pwconv2.weight",
      "backbone.up_blocks.2.2.dwconv.weight",
      "backbone.up_blocks.2.2.pwconv1.weight",
      "backbone.up_blocks.2.2.pwconv2.weight",
      "backbone.up_blocks.2.3.dwconv.weight",
      "backbone.up_blocks.2.3.pwconv1.weight",
      "backbone.up_blocks.2.3.pwconv2.weight",
      "backbone.up_blocks.2.4.skip_proj.weight",
      "backbone.up_blocks.2.4.dwconv.weight",
      "backbone.up_blocks.2.4.pwconv1.weight",
      "backbone.up_blocks.2.4.pwconv2.weight",
      "backbone.up_blocks.2.5.q.weight",
      "backbone.up_blocks.2.5.kv.weight",
      "backbone.up_blocks.2.5.proj.weight",
      "backbone.out_proj.weight"
    ],
    "lr_scale": 1.0
  },
  "no_decay": {
    "weight_decay": 0.0,
    "params": [
      "seq_encoder.encoder.block.0.layer.0.layer_norm.weight",
      "seq_encoder.encoder.block.0.layer.1.layer_norm.weight",
      "seq_encoder.encoder.block.1.layer.0.layer_norm.weight",
      "seq_encoder.encoder.block.1.layer.1.layer_norm.weight",
      "seq_encoder.encoder.block.2.layer.0.layer_norm.weight",
      "seq_encoder.encoder.block.2.layer.1.layer_norm.weight",
      "seq_encoder.encoder.block.3.layer.0.layer_norm.weight",
      "seq_encoder.encoder.block.3.layer.1.layer_norm.weight",
      "seq_encoder.encoder.block.4.layer.0.layer_norm.weight",
      "seq_encoder.encoder.block.4.layer.1.layer_norm.weight",
      "seq_encoder.encoder.block.5.layer.0.layer_norm.weight",
      "seq_encoder.encoder.block.5.layer.1.layer_norm.weight",
      "seq_encoder.encoder.block.6.layer.0.layer_norm.weight",
      "seq_encoder.encoder.block.6.layer.1.layer_norm.weight",
      "seq_encoder.encoder.block.7.layer.0.layer_norm.weight",
      "seq_encoder.encoder.block.7.layer.1.layer_norm.weight",
      "seq_encoder.encoder.final_layer_norm.weight",
      "backbone.in_proj.bias",
      "backbone.down_blocks.0.0.dwconv.bias",
      "backbone.down_blocks.0.0.norm.weight",
      "backbone.down_blocks.0.0.norm.bias",
      "backbone.down_blocks.0.0.pwconv1.bias",
      "backbone.down_blocks.0.0.grn.gamma",
      "backbone.down_blocks.0.0.grn.beta",
      "backbone.down_blocks.0.0.pwconv2.bias",
      "backbone.down_blocks.0.1.dwconv.bias",
      "backbone.down_blocks.0.1.norm.weight",
      "backbone.down_blocks.0.1.norm.bias",
      "backbone.down_blocks.0.1.pwconv1.bias",
      "backbone.down_blocks.0.1.grn.gamma",
      "backbone.down_blocks.0.1.grn.beta",
      "backbone.down_blocks.0.1.pwconv2.bias",
      "backbone.down_blocks.0.2.dwconv.bias",
      "backbone.down_blocks.0.2.norm.weight",
      "backbone.down_blocks.0.2.norm.bias",
      "backbone.down_blocks.0.2.pwconv1.bias",
      "backbone.down_blocks.0.2.grn.gamma",
      "backbone.down_blocks.0.2.grn.beta",
      "backbone.down_blocks.0.2.pwconv2.bias",
      "backbone.down_blocks.0.3.dwconv.bias",
      "backbone.down_blocks.0.3.norm.weight",
      "backbone.down_blocks.0.3.norm.bias",
      "backbone.down_blocks.0.3.pwconv1.bias",
      "backbone.down_blocks.0.3.grn.gamma",
      "backbone.down_blocks.0.3.grn.beta",
      "backbone.down_blocks.0.3.pwconv2.bias",
      "backbone.down_blocks.0.4.skip_proj.bias",
      "backbone.down_blocks.0.4.dwconv.bias",
      "backbone.down_blocks.0.4.norm.weight",
      "backbone.down_blocks.0.4.norm.bias",
      "backbone.down_blocks.0.4.pwconv1.bias",
      "backbone.down_blocks.0.4.grn.gamma",
      "backbone.down_blocks.0.4.grn.beta",
      "backbone.down_blocks.0.4.pwconv2.bias",
      "backbone.down_blocks.0.5.q.bias",
      "backbone.down_blocks.0.5.kv.bias",
      "backbone.down_blocks.0.5.proj.bias",
      "backbone.down_blocks.0.5.q_norm.weight",
      "backbone.down_blocks.0.5.q_norm.bias",
      "backbone.down_blocks.0.5.k_norm.weight",
      "backbone.down_blocks.0.5.k_norm.bias",
      "backbone.down_blocks.1.1.dwconv.bias",
      "backbone.down_blocks.1.1.norm.weight",
      "backbone.down_blocks.1.1.norm.bias",
      "backbone.down_blocks.1.1.pwconv1.bias",
      "backbone.down_blocks.1.1.grn.gamma",
      "backbone.down_blocks.1.1.grn.beta",
      "backbone.down_blocks.1.1.pwconv2.bias",
      "backbone.down_blocks.1.2.dwconv.bias",
      "backbone.down_blocks.1.2.norm.weight",
      "backbone.down_blocks.1.2.norm.bias",
      "backbone.down_blocks.1.2.pwconv1.bias",
      "backbone.down_blocks.1.2.grn.gamma",
      "backbone.down_blocks.1.2.grn.beta",
      "backbone.down_blocks.1.2.pwconv2.bias",
      "backbone.down_blocks.1.3.dwconv.bias",
      "backbone.down_blocks.1.3.norm.weight",
      "backbone.down_blocks.1.3.norm.bias",
      "backbone.down_blocks.1.3.pwconv1.bias",
      "backbone.down_blocks.1.3.grn.gamma",
      "backbone.down_blocks.1.3.grn.beta",
      "backbone.down_blocks.1.3.pwconv2.bias",
      "backbone.down_blocks.1.4.dwconv.bias",
      "backbone.down_blocks.1.4.norm.weight",
      "backbone.down_blocks.1.4.norm.bias",
      "backbone.down_blocks.1.4.pwconv1.bias",
      "backbone.down_blocks.1.4.grn.gamma",
      "backbone.down_blocks.1.4.grn.beta",
      "backbone.down_blocks.1.4.pwconv2.bias",
      "backbone.down_blocks.1.5.skip_proj.bias",
      "backbone.down_blocks.1.5.dwconv.bias",
      "backbone.down_blocks.1.5.norm.weight",
      "backbone.down_blocks.1.5.norm.bias",
      "backbone.down_blocks.1.5.pwconv1.bias",
      "backbone.down_blocks.1.5.grn.gamma",
      "backbone.down_blocks.1.5.grn.beta",
      "backbone.down_blocks.1.5.pwconv2.bias",
      "backbone.down_blocks.1.6.q.bias",
      "backbone.down_blocks.1.6.kv.bias",
      "backbone.down_blocks.1.6.proj.bias",
      "backbone.down_blocks.1.6.q_norm.weight",
      "backbone.down_blocks.1.6.q_norm.bias",
      "backbone.down_blocks.1.6.k_norm.weight",
      "backbone.down_blocks.1.6.k_norm.bias",
      "backbone.down_blocks.2.1.dwconv.bias",
      "backbone.down_blocks.2.1.norm.weight",
      "backbone.down_blocks.2.1.norm.bias",
      "backbone.down_blocks.2.1.pwconv1.bias",
      "backbone.down_blocks.2.1.grn.gamma",
      "backbone.down_blocks.2.1.grn.beta",
      "backbone.down_blocks.2.1.pwconv2.bias",
      "backbone.down_blocks.2.2.dwconv.bias",
      "backbone.down_blocks.2.2.norm.weight",
      "backbone.down_blocks.2.2.norm.bias",
      "backbone.down_blocks.2.2.pwconv1.bias",
      "backbone.down_blocks.2.2.grn.gamma",
      "backbone.down_blocks.2.2.grn.beta",
      "backbone.down_blocks.2.2.pwconv2.bias",
      "backbone.down_blocks.2.3.dwconv.bias",
      "backbone.down_blocks.2.3.norm.weight",
      "backbone.down_blocks.2.3.norm.bias",
      "backbone.down_blocks.2.3.pwconv1.bias",
      "backbone.down_blocks.2.3.grn.gamma",
      "backbone.down_blocks.2.3.grn.beta",
      "backbone.down_blocks.2.3.pwconv2.bias",
      "backbone.down_blocks.2.4.dwconv.bias",
      "backbone.down_blocks.2.4.norm.weight",
      "backbone.down_blocks.2.4.norm.bias",
      "backbone.down_blocks.2.4.pwconv1.bias",
      "backbone.down_blocks.2.4.grn.gamma",
      "backbone.down_blocks.2.4.grn.beta",
      "backbone.down_blocks.2.4.pwconv2.bias",
      "backbone.down_blocks.2.5.skip_proj.bias",
      "backbone.down_blocks.2.5.dwconv.bias",
      "backbone.down_blocks.2.5.norm.weight",
      "backbone.down_blocks.2.5.norm.bias",
      "backbone.down_blocks.2.5.pwconv1.bias",
      "backbone.down_blocks.2.5.grn.gamma",
      "backbone.down_blocks.2.5.grn.beta",
      "backbone.down_blocks.2.5.pwconv2.bias",
      "backbone.down_blocks.2.6.q.bias",
      "backbone.down_blocks.2.6.kv.bias",
      "backbone.down_blocks.2.6.proj.bias",
      "backbone.down_blocks.2.6.q_norm.weight",
      "backbone.down_blocks.2.6.q_norm.bias",
      "backbone.down_blocks.2.6.k_norm.weight",
      "backbone.down_blocks.2.6.k_norm.bias",
      "backbone.middle_block.1.dwconv.bias",
      "backbone.middle_block.1.norm.weight",
      "backbone.middle_block.1.norm.bias",
      "backbone.middle_block.1.pwconv1.bias",
      "backbone.middle_block.1.grn.gamma",
      "backbone.middle_block.1.grn.beta",
      "backbone.middle_block.1.pwconv2.bias",
      "backbone.middle_block.2.dwconv.bias",
      "backbone.middle_block.2.norm.weight",
      "backbone.middle_block.2.norm.bias",
      "backbone.middle_block.2.pwconv1.bias",
      "backbone.middle_block.2.grn.gamma",
      "backbone.middle_block.2.grn.beta",
      "backbone.middle_block.2.pwconv2.bias",
      "backbone.middle_block.3.dwconv.bias",
      "backbone.middle_block.3.norm.weight",
      "backbone.middle_block.3.norm.bias",
      "backbone.middle_block.3.pwconv1.bias",
      "backbone.middle_block.3.grn.gamma",
      "backbone.middle_block.3.grn.beta",
      "backbone.middle_block.3.pwconv2.bias",
      "backbone.middle_block.4.dwconv.bias",
      "backbone.middle_block.4.norm.weight",
      "backbone.middle_block.4.norm.bias",
      "backbone.middle_block.4.pwconv1.bias",
      "backbone.middle_block.4.grn.gamma",
      "backbone.middle_block.4.grn.beta",
      "backbone.middle_block.4.pwconv2.bias",
      "backbone.middle_block.5.skip_proj.bias",
      "backbone.middle_block.5.dwconv.bias",
      "backbone.middle_block.5.norm.weight",
      "backbone.middle_block.5.norm.bias",
      "backbone.middle_block.5.pwconv1.bias",
      "backbone.middle_block.5.grn.gamma",
      "backbone.middle_block.5.grn.beta",
      "backbone.middle_block.5.pwconv2.bias",
      "backbone.middle_block.6.q.bias",
      "backbone.middle_block.6.kv.bias",
      "backbone.middle_block.6.proj.bias",
      "backbone.middle_block.6.q_norm.weight",
      "backbone.middle_block.6.q_norm.bias",
      "backbone.middle_block.6.k_norm.weight",
      "backbone.middle_block.6.k_norm.bias",
      "backbone.middle_block.7.dwconv.bias",
      "backbone.middle_block.7.norm.weight",
      "backbone.middle_block.7.norm.bias",
      "backbone.middle_block.7.pwconv1.bias",
      "backbone.middle_block.7.grn.gamma",
      "backbone.middle_block.7.grn.beta",
      "backbone.middle_block.7.pwconv2.bias",
      "backbone.middle_block.8.dwconv.bias",
      "backbone.middle_block.8.norm.weight",
      "backbone.middle_block.8.norm.bias",
      "backbone.middle_block.8.pwconv1.bias",
      "backbone.middle_block.8.grn.gamma",
      "backbone.middle_block.8.grn.beta",
      "backbone.middle_block.8.pwconv2.bias",
      "backbone.middle_block.9.dwconv.bias",
      "backbone.middle_block.9.norm.weight",
      "backbone.middle_block.9.norm.bias",
      "backbone.middle_block.9.pwconv1.bias",
      "backbone.middle_block.9.grn.gamma",
      "backbone.middle_block.9.grn.beta",
      "backbone.middle_block.9.pwconv2.bias",
      "backbone.middle_block.10.dwconv.bias",
      "backbone.middle_block.10.norm.weight",
      "backbone.middle_block.10.norm.bias",
      "backbone.middle_block.10.pwconv1.bias",
      "backbone.middle_block.10.grn.gamma",
      "backbone.middle_block.10.grn.beta",
      "backbone.middle_block.10.pwconv2.bias",
      "backbone.middle_block.11.skip_proj.bias",
      "backbone.middle_block.11.dwconv.bias",
      "backbone.middle_block.11.norm.weight",
      "backbone.middle_block.11.norm.bias",
      "backbone.middle_block.11.pwconv1.bias",
      "backbone.middle_block.11.grn.gamma",
      "backbone.middle_block.11.grn.beta",
      "backbone.middle_block.11.pwconv2.bias",
      "backbone.up_blocks.0.0.skip_proj.bias",
      "backbone.up_blocks.0.0.dwconv.bias",
      "backbone.up_blocks.0.0.norm.weight",
      "backbone.up_blocks.0.0.norm.bias",
      "backbone.up_blocks.0.0.pwconv1.bias",
      "backbone.up_blocks.0.0.grn.gamma",
      "backbone.up_blocks.0.0.grn.beta",
      "backbone.up_blocks.0.0.pwconv2.bias",
      "backbone.up_blocks.0.1.dwconv.bias",
      "backbone.up_blocks.0.1.norm.weight",
      "backbone.up_blocks.0.1.norm.bias",
      "backbone.up_blocks.0.1.pwconv1.bias",
      "backbone.up_blocks.0.1.grn.gamma",
      "backbone.up_blocks.0.1.grn.beta",
      "backbone.up_blocks.0.1.pwconv2.bias",
      "backbone.up_blocks.0.2.dwconv.bias",
      "backbone.up_blocks.0.2.norm.weight",
      "backbone.up_blocks.0.2.norm.bias",
      "backbone.up_blocks.0.2.pwconv1.bias",
      "backbone.up_blocks.0.2.grn.gamma",
      "backbone.up_blocks.0.2.grn.beta",
      "backbone.up_blocks.0.2.pwconv2.bias",
      "backbone.up_blocks.0.3.dwconv.bias",
      "backbone.up_blocks.0.3.norm.weight",
      "backbone.up_blocks.0.3.norm.bias",
      "backbone.up_blocks.0.3.pwconv1.bias",
      "backbone.up_blocks.0.3.grn.gamma",
      "backbone.up_blocks.0.3.grn.beta",
      "backbone.up_blocks.0.3.pwconv2.bias",
      "backbone.up_blocks.0.4.skip_proj.bias",
      "backbone.up_blocks.0.4.dwconv.bias",
      "backbone.up_blocks.0.4.norm.weight",
      "backbone.up_blocks.0.4.norm.bias",
      "backbone.up_blocks.0.4.pwconv1.bias",
      "backbone.up_blocks.0.4.grn.gamma",
      "backbone.up_blocks.0.4.grn.beta",
      "backbone.up_blocks.0.4.pwconv2.bias",
      "backbone.up_blocks.0.5.q.bias",
      "backbone.up_blocks.0.5.kv.bias",
      "backbone.up_blocks.0.5.proj.bias",
      "backbone.up_blocks.0.5.q_norm.weight",
      "backbone.up_blocks.0.5.q_norm.bias",
      "backbone.up_blocks.0.5.k_norm.weight",
      "backbone.up_blocks.0.5.k_norm.bias",
      "backbone.up_blocks.1.0.skip_proj.bias",
      "backbone.up_blocks.1.0.dwconv.bias",
      "backbone.up_blocks.1.0.norm.weight",
      "backbone.up_blocks.1.0.norm.bias",
      "backbone.up_blocks.1.0.pwconv1.bias",
      "backbone.up_blocks.1.0.grn.gamma",
      "backbone.up_blocks.1.0.grn.beta",
      "backbone.up_blocks.1.0.pwconv2.bias",
      "backbone.up_blocks.1.1.dwconv.bias",
      "backbone.up_blocks.1.1.norm.weight",
      "backbone.up_blocks.1.1.norm.bias",
      "backbone.up_blocks.1.1.pwconv1.bias",
      "backbone.up_blocks.1.1.grn.gamma",
      "backbone.up_blocks.1.1.grn.beta",
      "backbone.up_blocks.1.1.pwconv2.bias",
      "backbone.up_blocks.1.2.dwconv.bias",
      "backbone.up_blocks.1.2.norm.weight",
      "backbone.up_blocks.1.2.norm.bias",
      "backbone.up_blocks.1.2.pwconv1.bias",
      "backbone.up_blocks.1.2.grn.gamma",
      "backbone.up_blocks.1.2.grn.beta",
      "backbone.up_blocks.1.2.pwconv2.bias",
      "backbone.up_blocks.1.3.dwconv.bias",
      "backbone.up_blocks.1.3.norm.weight",
      "backbone.up_blocks.1.3.norm.bias",
      "backbone.up_blocks.1.3.pwconv1.bias",
      "backbone.up_blocks.1.3.grn.gamma",
      "backbone.up_blocks.1.3.grn.beta",
      "backbone.up_blocks.1.3.pwconv2.bias",
      "backbone.up_blocks.1.4.skip_proj.bias",
      "backbone.up_blocks.1.4.dwconv.bias",
      "backbone.up_blocks.1.4.norm.weight",
      "backbone.up_blocks.1.4.norm.bias",
      "backbone.up_blocks.1.4.pwconv1.bias",
      "backbone.up_blocks.1.4.grn.gamma",
      "backbone.up_blocks.1.4.grn.beta",
      "backbone.up_blocks.1.4.pwconv2.bias",
      "backbone.up_blocks.1.5.q.bias",
      "backbone.up_blocks.1.5.kv.bias",
      "backbone.up_blocks.1.5.proj.bias",
      "backbone.up_blocks.1.5.q_norm.weight",
      "backbone.up_blocks.1.5.q_norm.bias",
      "backbone.up_blocks.1.5.k_norm.weight",
      "backbone.up_blocks.1.5.k_norm.bias",
      "backbone.up_blocks.2.0.skip_proj.bias",
      "backbone.up_blocks.2.0.dwconv.bias",
      "backbone.up_blocks.2.0.norm.weight",
      "backbone.up_blocks.2.0.norm.bias",
      "backbone.up_blocks.2.0.pwconv1.bias",
      "backbone.up_blocks.2.0.grn.gamma",
      "backbone.up_blocks.2.0.grn.beta",
      "backbone.up_blocks.2.0.pwconv2.bias",
      "backbone.up_blocks.2.1.dwconv.bias",
      "backbone.up_blocks.2.1.norm.weight",
      "backbone.up_blocks.2.1.norm.bias",
      "backbone.up_blocks.2.1.pwconv1.bias",
      "backbone.up_blocks.2.1.grn.gamma",
      "backbone.up_blocks.2.1.grn.beta",
      "backbone.up_blocks.2.1.pwconv2.bias",
      "backbone.up_blocks.2.2.dwconv.bias",
      "backbone.up_blocks.2.2.norm.weight",
      "backbone.up_blocks.2.2.norm.bias",
      "backbone.up_blocks.2.2.pwconv1.bias",
      "backbone.up_blocks.2.2.grn.gamma",
      "backbone.up_blocks.2.2.grn.beta",
      "backbone.up_blocks.2.2.pwconv2.bias",
      "backbone.up_blocks.2.3.dwconv.bias",
      "backbone.up_blocks.2.3.norm.weight",
      "backbone.up_blocks.2.3.norm.bias",
      "backbone.up_blocks.2.3.pwconv1.bias",
      "backbone.up_blocks.2.3.grn.gamma",
      "backbone.up_blocks.2.3.grn.beta",
      "backbone.up_blocks.2.3.pwconv2.bias",
      "backbone.up_blocks.2.4.skip_proj.bias",
      "backbone.up_blocks.2.4.dwconv.bias",
      "backbone.up_blocks.2.4.norm.weight",
      "backbone.up_blocks.2.4.norm.bias",
      "backbone.up_blocks.2.4.pwconv1.bias",
      "backbone.up_blocks.2.4.grn.gamma",
      "backbone.up_blocks.2.4.grn.beta",
      "backbone.up_blocks.2.4.pwconv2.bias",
      "backbone.up_blocks.2.5.q.bias",
      "backbone.up_blocks.2.5.kv.bias",
      "backbone.up_blocks.2.5.proj.bias",
      "backbone.up_blocks.2.5.q_norm.weight",
      "backbone.up_blocks.2.5.q_norm.bias",
      "backbone.up_blocks.2.5.k_norm.weight",
      "backbone.up_blocks.2.5.k_norm.bias",
      "backbone.norm.weight",
      "backbone.norm.bias",
      "backbone.out_proj.bias"
    ],
    "lr_scale": 1.0
  }
}
optimizer settings: {'lr': 0.0001, 'weight_decay': 0.0, 'eps': 1e-08, 'betas': [0.9, 0.99]}
Set warmup steps = 1590
Set warmup steps = 0
Max WD = 0.0500000, Min WD = 0.0500000
Start training for 100 epochs
Epoch: [0]  [  0/159]  eta: 4:37:08  lr: 0.000000  min_lr: 0.000000  loss: 1.0000 (1.0000)  weight_decay: 0.0500 (0.0500)  grad_norm: 0.0001 (0.0001)  time: 104.5849  data: 68.4203  max mem: 29507
Epoch: [0]  [ 10/159]  eta: 0:25:21  lr: 0.000001  min_lr: 0.000001  loss: 1.0000 (1.0000)  weight_decay: 0.0500 (0.0500)  grad_norm: 0.0001 (0.0001)  time: 10.2084  data: 6.2202  max mem: 30410
Epoch: [0]  [ 20/159]  eta: 0:13:06  lr: 0.000001  min_lr: 0.000001  loss: 1.0000 (1.0000)  weight_decay: 0.0500 (0.0500)  grad_norm: 0.0001 (0.0001)  time: 0.7090  data: 0.0002  max mem: 30410
Epoch: [0]  [ 30/159]  eta: 0:08:39  lr: 0.000002  min_lr: 0.000002  loss: 1.0000 (1.0000)  weight_decay: 0.0500 (0.0500)  grad_norm: 0.0001 (0.0001)  time: 0.6278  data: 0.0002  max mem: 30410
Epoch: [0]  [ 40/159]  eta: 0:06:19  lr: 0.000003  min_lr: 0.000003  loss: 1.0000 (1.0000)  weight_decay: 0.0500 (0.0500)  grad_norm: 0.0001 (0.0001)  time: 0.6031  data: 0.0002  max mem: 30410
Epoch: [0]  [ 50/159]  eta: 0:04:52  lr: 0.000003  min_lr: 0.000003  loss: 1.0000 (1.0000)  weight_decay: 0.0500 (0.0500)  grad_norm: 0.0001 (0.0001)  time: 0.5992  data: 0.0002  max mem: 30410
Epoch: [0]  [ 60/159]  eta: 0:03:51  lr: 0.000004  min_lr: 0.000004  loss: 1.0000 (1.0000)  weight_decay: 0.0500 (0.0500)  grad_norm: 0.0001 (0.0001)  time: 0.5987  data: 0.0001  max mem: 30410
Epoch: [0]  [ 70/159]  eta: 0:03:06  lr: 0.000004  min_lr: 0.000004  loss: 1.0000 (1.0000)  weight_decay: 0.0500 (0.0500)  grad_norm: 0.0001 (0.0001)  time: 0.5998  data: 0.0001  max mem: 30410
Epoch: [0]  [ 80/159]  eta: 0:02:31  lr: 0.000005  min_lr: 0.000005  loss: 1.0000 (1.0000)  weight_decay: 0.0500 (0.0500)  grad_norm: 0.0001 (0.0001)  time: 0.6017  data: 0.0001  max mem: 30410
Epoch: [0]  [ 90/159]  eta: 0:02:01  lr: 0.000006  min_lr: 0.000006  loss: 1.0000 (1.0000)  weight_decay: 0.0500 (0.0500)  grad_norm: 0.0001 (0.0001)  time: 0.5991  data: 0.0001  max mem: 30410
Epoch: [0]  [100/159]  eta: 0:01:37  lr: 0.000006  min_lr: 0.000006  loss: 1.0000 (1.0000)  weight_decay: 0.0500 (0.0500)  grad_norm: 0.0001 (0.0001)  time: 0.5986  data: 0.0001  max mem: 30410
Epoch: [0]  [110/159]  eta: 0:01:16  lr: 0.000007  min_lr: 0.000007  loss: 1.0000 (1.0000)  weight_decay: 0.0500 (0.0500)  grad_norm: 0.0001 (0.0001)  time: 0.6001  data: 0.0001  max mem: 30410
Epoch: [0]  [120/159]  eta: 0:00:57  lr: 0.000008  min_lr: 0.000008  loss: 1.0000 (1.0000)  weight_decay: 0.0500 (0.0500)  grad_norm: 0.0000 (0.0001)  time: 0.5999  data: 0.0001  max mem: 30410
Epoch: [0]  [130/159]  eta: 0:00:40  lr: 0.000008  min_lr: 0.000008  loss: 1.0000 (1.0000)  weight_decay: 0.0500 (0.0500)  grad_norm: 0.0000 (0.0001)  time: 0.6048  data: 0.0001  max mem: 30410
Epoch: [0]  [140/159]  eta: 0:00:25  lr: 0.000009  min_lr: 0.000009  loss: 1.0000 (1.0000)  weight_decay: 0.0500 (0.0500)  grad_norm: 0.0000 (0.0001)  time: 0.6715  data: 0.0001  max mem: 30410
Epoch: [0]  [150/159]  eta: 0:00:11  lr: 0.000009  min_lr: 0.000009  loss: 1.0000 (1.0000)  weight_decay: 0.0500 (0.0500)  grad_norm: 0.0000 (0.0001)  time: 0.7135  data: 0.0001  max mem: 30410
Epoch: [0]  [158/159]  eta: 0:00:01  lr: 0.000010  min_lr: 0.000010  loss: 1.0000 (1.0000)  weight_decay: 0.0500 (0.0500)  grad_norm: 0.0000 (0.0001)  time: 0.6876  data: 0.0001  max mem: 30410
Epoch: [0] Total time: 0:03:27 (1.3043 s / it)
Averaged stats: lr: 0.000010  min_lr: 0.000010  loss: 1.0000 (1.0000)  weight_decay: 0.0500 (0.0500)  grad_norm: 0.0000 (0.0001)
[Eval]   [0/2]  eta: 0:00:10  loss: 1.0000 (1.0000)  time: 5.2633  data: 5.0991  max mem: 30410
[Eval]   [1/2]  eta: 0:00:03  loss: 1.0000 (1.0000)  time: 3.0069  data: 2.5496  max mem: 30410
[Eval]  Total time: 0:00:06 (3.2591 s / it)
Eval averaged stats: loss: 1.0000 (1.0000)
[Eval] Image Metrics:  [0/2]  eta: 0:00:13    time: 6.5684  data: 5.2738  max mem: 30410
[Eval] Image Metrics:  [1/2]  eta: 0:00:03    time: 3.5246  data: 2.6370  max mem: 30410
[Eval] Image Metrics: Total time: 0:00:07 (3.8757 s / it)
[Eval] Metric Results: [Eval] MSE: 0.0000 (0.0000)  [Eval] MAE: 0.0000 (0.0000)  [Eval] PSNR: 47.0050 (47.0050)  [Eval] MS-SSIM: 0.9991 (0.9991)
Logged 9 eval images
Epoch: [1]  [  0/159]  eta: 1:45:44  lr: 0.000010  min_lr: 0.000010  loss: 1.0000 (1.0000)  weight_decay: 0.0500 (0.0500)  grad_norm: 0.0000 (0.0000)  time: 39.9050  data: 38.8494  max mem: 30410
Epoch: [1]  [ 10/159]  eta: 0:11:39  lr: 0.000011  min_lr: 0.000011  loss: 1.0000 (1.0000)  weight_decay: 0.0500 (0.0500)  grad_norm: 0.0000 (0.0000)  time: 4.6915  data: 3.7063  max mem: 30410
Epoch: [1]  [ 20/159]  eta: 0:06:24  lr: 0.000011  min_lr: 0.000011  loss: 1.0000 (1.0000)  weight_decay: 0.0500 (0.0500)  grad_norm: 0.0000 (0.0000)  time: 0.9118  data: 0.0961  max mem: 30410
Epoch: [1]  [ 30/159]  eta: 0:04:31  lr: 0.000012  min_lr: 0.000012  loss: 1.0000 (1.0000)  weight_decay: 0.0500 (0.0500)  grad_norm: 0.0000 (0.0000)  time: 0.6842  data: 0.0002  max mem: 30410
Epoch: [1]  [ 40/159]  eta: 0:03:30  lr: 0.000013  min_lr: 0.000013  loss: 1.0000 (1.0000)  weight_decay: 0.0500 (0.0500)  grad_norm: 0.0000 (0.0000)  time: 0.7120  data: 0.0002  max mem: 30410
Epoch: [1]  [ 50/159]  eta: 0:02:49  lr: 0.000013  min_lr: 0.000013  loss: 1.0000 (1.0000)  weight_decay: 0.0500 (0.0500)  grad_norm: 0.0000 (0.0000)  time: 0.6894  data: 0.0002  max mem: 30410
Epoch: [1]  [ 60/159]  eta: 0:02:19  lr: 0.000014  min_lr: 0.000014  loss: 1.0000 (1.0000)  weight_decay: 0.0500 (0.0500)  grad_norm: 0.0000 (0.0000)  time: 0.6797  data: 0.0001  max mem: 30410
Epoch: [1]  [ 70/159]  eta: 0:01:57  lr: 0.000014  min_lr: 0.000014  loss: 1.0000 (1.0000)  weight_decay: 0.0500 (0.0500)  grad_norm: 0.0000 (0.0000)  time: 0.7177  data: 0.0001  max mem: 30410
Epoch: [1]  [ 80/159]  eta: 0:01:37  lr: 0.000015  min_lr: 0.000015  loss: 1.0000 (1.0000)  weight_decay: 0.0500 (0.0500)  grad_norm: 0.0000 (0.0000)  time: 0.7223  data: 0.0001  max mem: 30410
Epoch: [1]  [ 90/159]  eta: 0:01:21  lr: 0.000016  min_lr: 0.000016  loss: 1.0000 (1.0000)  weight_decay: 0.0500 (0.0500)  grad_norm: 0.0000 (0.0000)  time: 0.6937  data: 0.0001  max mem: 30410
Epoch: [1]  [100/159]  eta: 0:01:06  lr: 0.000016  min_lr: 0.000016  loss: 1.0000 (1.0000)  weight_decay: 0.0500 (0.0500)  grad_norm: 0.0001 (0.0000)  time: 0.6953  data: 0.0001  max mem: 30410
Epoch: [1]  [110/159]  eta: 0:00:53  lr: 0.000017  min_lr: 0.000017  loss: 1.0000 (1.0000)  weight_decay: 0.0500 (0.0500)  grad_norm: 0.0001 (0.0000)  time: 0.6994  data: 0.0001  max mem: 30410
Epoch: [1]  [120/159]  eta: 0:00:41  lr: 0.000018  min_lr: 0.000018  loss: 1.0000 (1.0000)  weight_decay: 0.0500 (0.0500)  grad_norm: 0.0001 (0.0000)  time: 0.7110  data: 0.0001  max mem: 30410
Epoch: [1]  [130/159]  eta: 0:00:29  lr: 0.000018  min_lr: 0.000018  loss: 1.0000 (1.0000)  weight_decay: 0.0500 (0.0500)  grad_norm: 0.0001 (0.0000)  time: 0.7027  data: 0.0001  max mem: 30410
Epoch: [1]  [140/159]  eta: 0:00:19  lr: 0.000019  min_lr: 0.000019  loss: 1.0000 (1.0000)  weight_decay: 0.0500 (0.0500)  grad_norm: 0.0001 (0.0000)  time: 0.6776  data: 0.0001  max mem: 30410
Epoch: [1]  [150/159]  eta: 0:00:08  lr: 0.000019  min_lr: 0.000019  loss: 1.0000 (1.0000)  weight_decay: 0.0500 (0.0500)  grad_norm: 0.0001 (0.0001)  time: 0.6701  data: 0.0001  max mem: 30410
Epoch: [1]  [158/159]  eta: 0:00:00  lr: 0.000020  min_lr: 0.000020  loss: 1.0000 (1.0000)  weight_decay: 0.0500 (0.0500)  grad_norm: 0.0001 (0.0001)  time: 0.6666  data: 0.0001  max mem: 30410
Epoch: [1] Total time: 0:02:35 (0.9768 s / it)
Averaged stats: lr: 0.000020  min_lr: 0.000020  loss: 1.0000 (1.0000)  weight_decay: 0.0500 (0.0500)  grad_norm: 0.0001 (0.0001)
Epoch: [2]  [  0/159]  eta: 2:11:40  lr: 0.000020  min_lr: 0.000020  loss: 1.0000 (1.0000)  weight_decay: 0.0500 (0.0500)  grad_norm: 0.0001 (0.0001)  time: 49.6873  data: 44.8125  max mem: 30410
Epoch: [2]  [ 10/159]  eta: 0:13:29  lr: 0.000021  min_lr: 0.000021  loss: 1.0000 (1.0000)  weight_decay: 0.0500 (0.0500)  grad_norm: 0.0001 (0.0001)  time: 5.4314  data: 4.0743  max mem: 30410
Epoch: [2]  [ 20/159]  eta: 0:07:26  lr: 0.000021  min_lr: 0.000021  loss: 1.0000 (1.0000)  weight_decay: 0.0500 (0.0500)  grad_norm: 0.0001 (0.0001)  time: 0.8864  data: 0.0004  max mem: 30410
Epoch: [2]  [ 30/159]  eta: 0:05:05  lr: 0.000022  min_lr: 0.000022  loss: 1.0000 (1.0000)  weight_decay: 0.0500 (0.0500)  grad_norm: 0.0001 (0.0001)  time: 0.6873  data: 0.0003  max mem: 30410
Epoch: [2]  [ 40/159]  eta: 0:03:50  lr: 0.000023  min_lr: 0.000023  loss: 1.0000 (1.0000)  weight_decay: 0.0500 (0.0500)  grad_norm: 0.0001 (0.0001)  time: 0.6075  data: 0.0002  max mem: 30410
Epoch: [2]  [ 50/159]  eta: 0:03:02  lr: 0.000023  min_lr: 0.000023  loss: 1.0000 (1.0000)  weight_decay: 0.0500 (0.0500)  grad_norm: 0.0001 (0.0001)  time: 0.6066  data: 0.0002  max mem: 30410
Epoch: [2]  [ 60/159]  eta: 0:02:28  lr: 0.000024  min_lr: 0.000024  loss: 1.0000 (1.0000)  weight_decay: 0.0500 (0.0500)  grad_norm: 0.0001 (0.0001)  time: 0.6062  data: 0.0001  max mem: 30410
Epoch: [2]  [ 70/159]  eta: 0:02:02  lr: 0.000024  min_lr: 0.000024  loss: 1.0000 (1.0000)  weight_decay: 0.0500 (0.0500)  grad_norm: 0.0001 (0.0001)  time: 0.6078  data: 0.0001  max mem: 30410
Epoch: [2]  [ 80/159]  eta: 0:01:41  lr: 0.000025  min_lr: 0.000025  loss: 1.0000 (1.0000)  weight_decay: 0.0500 (0.0500)  grad_norm: 0.0001 (0.0001)  time: 0.6078  data: 0.0001  max mem: 30410
Epoch: [2]  [ 90/159]  eta: 0:01:23  lr: 0.000026  min_lr: 0.000026  loss: 1.0000 (1.0000)  weight_decay: 0.0500 (0.0500)  grad_norm: 0.0001 (0.0001)  time: 0.6068  data: 0.0001  max mem: 30410
Epoch: [2]  [100/159]  eta: 0:01:07  lr: 0.000026  min_lr: 0.000026  loss: 1.0000 (1.0000)  weight_decay: 0.0500 (0.0500)  grad_norm: 0.0001 (0.0001)  time: 0.6072  data: 0.0001  max mem: 30410
Epoch: [2]  [110/159]  eta: 0:00:53  lr: 0.000027  min_lr: 0.000027  loss: 1.0000 (1.0000)  weight_decay: 0.0500 (0.0500)  grad_norm: 0.0001 (0.0001)  time: 0.6110  data: 0.0001  max mem: 30410
Epoch: [2]  [120/159]  eta: 0:00:41  lr: 0.000028  min_lr: 0.000028  loss: 1.0000 (1.0000)  weight_decay: 0.0500 (0.0500)  grad_norm: 0.0001 (0.0001)  time: 0.6221  data: 0.0001  max mem: 30410
Epoch: [2]  [130/159]  eta: 0:00:29  lr: 0.000028  min_lr: 0.000028  loss: 1.0000 (1.0000)  weight_decay: 0.0500 (0.0500)  grad_norm: 0.0001 (0.0001)  time: 0.6193  data: 0.0001  max mem: 30410
Epoch: [2]  [140/159]  eta: 0:00:18  lr: 0.000029  min_lr: 0.000029  loss: 1.0000 (1.0000)  weight_decay: 0.0500 (0.0500)  grad_norm: 0.0001 (0.0001)  time: 0.6094  data: 0.0001  max mem: 30410
Epoch: [2]  [150/159]  eta: 0:00:08  lr: 0.000029  min_lr: 0.000029  loss: 1.0000 (1.0000)  weight_decay: 0.0500 (0.0500)  grad_norm: 0.0001 (0.0001)  time: 0.6102  data: 0.0001  max mem: 30410
Epoch: [2]  [158/159]  eta: 0:00:00  lr: 0.000030  min_lr: 0.000030  loss: 1.0000 (1.0000)  weight_decay: 0.0500 (0.0500)  grad_norm: 0.0001 (0.0001)  time: 0.6104  data: 0.0001  max mem: 30410
Epoch: [2] Total time: 0:02:32 (0.9613 s / it)
Averaged stats: lr: 0.000030  min_lr: 0.000030  loss: 1.0000 (1.0000)  weight_decay: 0.0500 (0.0500)  grad_norm: 0.0001 (0.0001)
Epoch: [3]  [  0/159]  eta: 2:17:34  lr: 0.000030  min_lr: 0.000030  loss: 1.0000 (1.0000)  weight_decay: 0.0500 (0.0500)  grad_norm: 0.0001 (0.0001)  time: 51.9129  data: 50.4941  max mem: 30410
Epoch: [3]  [ 10/159]  eta: 0:14:11  lr: 0.000031  min_lr: 0.000031  loss: 1.0000 (1.0000)  weight_decay: 0.0500 (0.0500)  grad_norm: 0.0001 (0.0001)  time: 5.7138  data: 4.6307  max mem: 30410
Epoch: [3]  [ 20/159]  eta: 0:07:45  lr: 0.000031  min_lr: 0.000031  loss: 1.0000 (1.0000)  weight_decay: 0.0500 (0.0500)  grad_norm: 0.0001 (0.0001)  time: 0.9240  data: 0.0223  max mem: 30410
Epoch: [3]  [ 30/159]  eta: 0:05:19  lr: 0.000032  min_lr: 0.000032  loss: 1.0000 (1.0000)  weight_decay: 0.0500 (0.0500)  grad_norm: 0.0001 (0.0001)  time: 0.6931  data: 0.0002  max mem: 30410
Epoch: [3]  [ 40/159]  eta: 0:04:01  lr: 0.000033  min_lr: 0.000033  loss: 1.0000 (1.0000)  weight_decay: 0.0500 (0.0500)  grad_norm: 0.0001 (0.0001)  time: 0.6321  data: 0.0001  max mem: 30410
Epoch: [3]  [ 50/159]  eta: 0:03:10  lr: 0.000033  min_lr: 0.000033  loss: 1.0000 (1.0000)  weight_decay: 0.0500 (0.0500)  grad_norm: 0.0001 (0.0001)  time: 0.6188  data: 0.0001  max mem: 30410
Epoch: [3]  [ 60/159]  eta: 0:02:34  lr: 0.000034  min_lr: 0.000034  loss: 1.0000 (1.0000)  weight_decay: 0.0500 (0.0500)  grad_norm: 0.0001 (0.0001)  time: 0.6074  data: 0.0001  max mem: 30410
Epoch: [3]  [ 70/159]  eta: 0:02:06  lr: 0.000034  min_lr: 0.000034  loss: 1.0000 (1.0000)  weight_decay: 0.0500 (0.0500)  grad_norm: 0.0001 (0.0001)  time: 0.6076  data: 0.0001  max mem: 30410
Epoch: [3]  [ 80/159]  eta: 0:01:44  lr: 0.000035  min_lr: 0.000035  loss: 1.0000 (1.0000)  weight_decay: 0.0500 (0.0500)  grad_norm: 0.0001 (0.0001)  time: 0.6060  data: 0.0001  max mem: 30410
Epoch: [3]  [ 90/159]  eta: 0:01:25  lr: 0.000036  min_lr: 0.000036  loss: 1.0000 (1.0000)  weight_decay: 0.0500 (0.0500)  grad_norm: 0.0001 (0.0001)  time: 0.6062  data: 0.0001  max mem: 30410
Epoch: [3]  [100/159]  eta: 0:01:09  lr: 0.000036  min_lr: 0.000036  loss: 1.0000 (1.0000)  weight_decay: 0.0500 (0.0500)  grad_norm: 0.0001 (0.0001)  time: 0.6077  data: 0.0001  max mem: 30410
Epoch: [3]  [110/159]  eta: 0:00:55  lr: 0.000037  min_lr: 0.000037  loss: 1.0000 (1.0000)  weight_decay: 0.0500 (0.0500)  grad_norm: 0.0001 (0.0001)  time: 0.6066  data: 0.0001  max mem: 30410
Epoch: [3]  [120/159]  eta: 0:00:42  lr: 0.000038  min_lr: 0.000038  loss: 1.0000 (1.0000)  weight_decay: 0.0500 (0.0500)  grad_norm: 0.0001 (0.0001)  time: 0.6051  data: 0.0001  max mem: 30410
Epoch: [3]  [130/159]  eta: 0:00:30  lr: 0.000038  min_lr: 0.000038  loss: 1.0000 (1.0000)  weight_decay: 0.0500 (0.0500)  grad_norm: 0.0001 (0.0001)  time: 0.6052  data: 0.0001  max mem: 30410
Epoch: [3]  [140/159]  eta: 0:00:19  lr: 0.000039  min_lr: 0.000039  loss: 1.0000 (1.0000)  weight_decay: 0.0500 (0.0500)  grad_norm: 0.0001 (0.0001)  time: 0.6045  data: 0.0001  max mem: 30410
Epoch: [3]  [150/159]  eta: 0:00:08  lr: 0.000039  min_lr: 0.000039  loss: 1.0000 (1.0000)  weight_decay: 0.0500 (0.0500)  grad_norm: 0.0001 (0.0001)  time: 0.6033  data: 0.0001  max mem: 30410
Epoch: [3]  [158/159]  eta: 0:00:00  lr: 0.000040  min_lr: 0.000040  loss: 1.0000 (1.0000)  weight_decay: 0.0500 (0.0500)  grad_norm: 0.0001 (0.0001)  time: 0.6026  data: 0.0001  max mem: 30410
Epoch: [3] Total time: 0:02:35 (0.9795 s / it)
Averaged stats: lr: 0.000040  min_lr: 0.000040  loss: 1.0000 (1.0000)  weight_decay: 0.0500 (0.0500)  grad_norm: 0.0001 (0.0001)
Epoch: [4]  [  0/159]  eta: 2:13:22  lr: 0.000040  min_lr: 0.000040  loss: 1.0000 (1.0000)  weight_decay: 0.0500 (0.0500)  grad_norm: 0.0001 (0.0001)  time: 50.3302  data: 44.8922  max mem: 30410
Epoch: [4]  [ 10/159]  eta: 0:13:31  lr: 0.000041  min_lr: 0.000041  loss: 1.0000 (1.0000)  weight_decay: 0.0500 (0.0500)  grad_norm: 0.0001 (0.0001)  time: 5.4439  data: 4.0820  max mem: 30410
Epoch: [4]  [ 20/159]  eta: 0:07:28  lr: 0.000041  min_lr: 0.000041  loss: 1.0000 (1.0000)  weight_decay: 0.0500 (0.0500)  grad_norm: 0.0001 (0.0001)  time: 0.8705  data: 0.0006  max mem: 30410
Epoch: [4]  [ 30/159]  eta: 0:05:07  lr: 0.000042  min_lr: 0.000042  loss: 1.0000 (1.0000)  weight_decay: 0.0500 (0.0500)  grad_norm: 0.0001 (0.0001)  time: 0.6996  data: 0.0002  max mem: 30410
Epoch: [4]  [ 40/159]  eta: 0:03:52  lr: 0.000043  min_lr: 0.000043  loss: 1.0000 (1.0000)  weight_decay: 0.0500 (0.0500)  grad_norm: 0.0001 (0.0001)  time: 0.6111  data: 0.0001  max mem: 30410
Epoch: [4]  [ 50/159]  eta: 0:03:04  lr: 0.000043  min_lr: 0.000043  loss: 1.0000 (1.0000)  weight_decay: 0.0500 (0.0500)  grad_norm: 0.0001 (0.0001)  time: 0.6130  data: 0.0001  max mem: 30410
Epoch: [4]  [ 60/159]  eta: 0:02:29  lr: 0.000044  min_lr: 0.000044  loss: 1.0000 (1.0000)  weight_decay: 0.0500 (0.0500)  grad_norm: 0.0001 (0.0001)  time: 0.6115  data: 0.0001  max mem: 30410
Epoch: [4]  [ 70/159]  eta: 0:02:03  lr: 0.000044  min_lr: 0.000044  loss: 1.0000 (1.0000)  weight_decay: 0.0500 (0.0500)  grad_norm: 0.0001 (0.0001)  time: 0.6091  data: 0.0001  max mem: 30410
Epoch: [4]  [ 80/159]  eta: 0:01:41  lr: 0.000045  min_lr: 0.000045  loss: 1.0000 (1.0000)  weight_decay: 0.0500 (0.0500)  grad_norm: 0.0001 (0.0001)  time: 0.6076  data: 0.0001  max mem: 30410
Epoch: [4]  [ 90/159]  eta: 0:01:23  lr: 0.000046  min_lr: 0.000046  loss: 1.0000 (1.0000)  weight_decay: 0.0500 (0.0500)  grad_norm: 0.0001 (0.0001)  time: 0.6020  data: 0.0001  max mem: 30410
Epoch: [4]  [100/159]  eta: 0:01:08  lr: 0.000046  min_lr: 0.000046  loss: 1.0000 (1.0000)  weight_decay: 0.0500 (0.0500)  grad_norm: 0.0001 (0.0001)  time: 0.6049  data: 0.0001  max mem: 30410
Epoch: [4]  [110/159]  eta: 0:00:54  lr: 0.000047  min_lr: 0.000047  loss: 1.0000 (1.0000)  weight_decay: 0.0500 (0.0500)  grad_norm: 0.0001 (0.0001)  time: 0.6066  data: 0.0001  max mem: 30410
Epoch: [4]  [120/159]  eta: 0:00:41  lr: 0.000048  min_lr: 0.000048  loss: 1.0000 (1.0000)  weight_decay: 0.0500 (0.0500)  grad_norm: 0.0001 (0.0001)  time: 0.6038  data: 0.0001  max mem: 30410
Epoch: [4]  [130/159]  eta: 0:00:29  lr: 0.000048  min_lr: 0.000048  loss: 1.0000 (1.0000)  weight_decay: 0.0500 (0.0500)  grad_norm: 0.0001 (0.0001)  time: 0.6025  data: 0.0001  max mem: 30410
Epoch: [4]  [140/159]  eta: 0:00:18  lr: 0.000049  min_lr: 0.000049  loss: 1.0000 (1.0000)  weight_decay: 0.0500 (0.0500)  grad_norm: 0.0002 (0.0001)  time: 0.6027  data: 0.0001  max mem: 30410
Epoch: [4]  [150/159]  eta: 0:00:08  lr: 0.000049  min_lr: 0.000049  loss: 1.0000 (1.0000)  weight_decay: 0.0500 (0.0500)  grad_norm: 0.0002 (0.0001)  time: 0.6035  data: 0.0001  max mem: 30410
Epoch: [4]  [158/159]  eta: 0:00:00  lr: 0.000050  min_lr: 0.000050  loss: 1.0000 (1.0000)  weight_decay: 0.0500 (0.0500)  grad_norm: 0.0002 (0.0001)  time: 0.6037  data: 0.0001  max mem: 30410
Epoch: [4] Total time: 0:02:32 (0.9602 s / it)
Averaged stats: lr: 0.000050  min_lr: 0.000050  loss: 1.0000 (1.0000)  weight_decay: 0.0500 (0.0500)  grad_norm: 0.0002 (0.0001)
Epoch: [5]  [  0/159]  eta: 2:21:29  lr: 0.000050  min_lr: 0.000050  loss: 1.0000 (1.0000)  weight_decay: 0.0500 (0.0500)  grad_norm: 0.0002 (0.0002)  time: 53.3900  data: 48.9865  max mem: 30410
Epoch: [5]  [ 10/159]  eta: 0:14:19  lr: 0.000051  min_lr: 0.000051  loss: 1.0000 (1.0000)  weight_decay: 0.0500 (0.0500)  grad_norm: 0.0002 (0.0002)  time: 5.7680  data: 4.4538  max mem: 30410
Epoch: [5]  [ 20/159]  eta: 0:07:54  lr: 0.000051  min_lr: 0.000051  loss: 1.0000 (1.0000)  weight_decay: 0.0500 (0.0500)  grad_norm: 0.0002 (0.0002)  time: 0.9147  data: 0.0004  max mem: 30410
Epoch: [5]  [ 30/159]  eta: 0:05:26  lr: 0.000052  min_lr: 0.000052  loss: 1.0000 (1.0000)  weight_decay: 0.0500 (0.0500)  grad_norm: 0.0001 (0.0002)  time: 0.7476  data: 0.0002  max mem: 30410
Epoch: [5]  [ 40/159]  eta: 0:04:07  lr: 0.000053  min_lr: 0.000053  loss: 1.0000 (1.0000)  weight_decay: 0.0500 (0.0500)  grad_norm: 0.0002 (0.0002)  time: 0.6780  data: 0.0001  max mem: 30410
Epoch: [5]  [ 50/159]  eta: 0:03:15  lr: 0.000053  min_lr: 0.000053  loss: 1.0000 (1.0000)  weight_decay: 0.0500 (0.0500)  grad_norm: 0.0002 (0.0002)  time: 0.6619  data: 0.0001  max mem: 30410
Epoch: [5]  [ 60/159]  eta: 0:02:39  lr: 0.000054  min_lr: 0.000054  loss: 1.0000 (1.0000)  weight_decay: 0.0500 (0.0500)  grad_norm: 0.0001 (0.0002)  time: 0.6387  data: 0.0001  max mem: 30410
Epoch: [5]  [ 70/159]  eta: 0:02:10  lr: 0.000054  min_lr: 0.000054  loss: 1.0000 (1.0000)  weight_decay: 0.0500 (0.0500)  grad_norm: 0.0001 (0.0002)  time: 0.6322  data: 0.0001  max mem: 30410
Epoch: [5]  [ 80/159]  eta: 0:01:47  lr: 0.000055  min_lr: 0.000055  loss: 1.0000 (1.0000)  weight_decay: 0.0500 (0.0500)  grad_norm: 0.0002 (0.0002)  time: 0.6233  data: 0.0001  max mem: 30410
Epoch: [5]  [ 90/159]  eta: 0:01:28  lr: 0.000056  min_lr: 0.000056  loss: 1.0000 (1.0000)  weight_decay: 0.0500 (0.0500)  grad_norm: 0.0002 (0.0002)  time: 0.6140  data: 0.0001  max mem: 30410
Epoch: [5]  [100/159]  eta: 0:01:11  lr: 0.000056  min_lr: 0.000056  loss: 1.0000 (1.0000)  weight_decay: 0.0500 (0.0500)  grad_norm: 0.0002 (0.0002)  time: 0.5952  data: 0.0001  max mem: 30410
Epoch: [5]  [110/159]  eta: 0:00:56  lr: 0.000057  min_lr: 0.000057  loss: 1.0000 (1.0000)  weight_decay: 0.0500 (0.0500)  grad_norm: 0.0002 (0.0002)  time: 0.5833  data: 0.0001  max mem: 30410
Epoch: [5]  [120/159]  eta: 0:00:43  lr: 0.000058  min_lr: 0.000058  loss: 1.0000 (1.0000)  weight_decay: 0.0500 (0.0500)  grad_norm: 0.0001 (0.0002)  time: 0.5856  data: 0.0001  max mem: 30410
Epoch: [5]  [130/159]  eta: 0:00:30  lr: 0.000058  min_lr: 0.000058  loss: 1.0000 (1.0000)  weight_decay: 0.0500 (0.0500)  grad_norm: 0.0001 (0.0002)  time: 0.5878  data: 0.0002  max mem: 30410
Epoch: [5]  [140/159]  eta: 0:00:19  lr: 0.000059  min_lr: 0.000059  loss: 1.0000 (1.0000)  weight_decay: 0.0500 (0.0500)  grad_norm: 0.0002 (0.0002)  time: 0.5872  data: 0.0002  max mem: 30410
Epoch: [5]  [150/159]  eta: 0:00:09  lr: 0.000059  min_lr: 0.000059  loss: 1.0000 (1.0000)  weight_decay: 0.0500 (0.0500)  grad_norm: 0.0001 (0.0002)  time: 0.5841  data: 0.0001  max mem: 30410
Epoch: [5]  [158/159]  eta: 0:00:00  lr: 0.000060  min_lr: 0.000060  loss: 1.0000 (1.0000)  weight_decay: 0.0500 (0.0500)  grad_norm: 0.0001 (0.0002)  time: 0.5831  data: 0.0001  max mem: 30410
Epoch: [5] Total time: 0:02:37 (0.9919 s / it)
Averaged stats: lr: 0.000060  min_lr: 0.000060  loss: 1.0000 (1.0000)  weight_decay: 0.0500 (0.0500)  grad_norm: 0.0001 (0.0002)
Epoch: [6]  [  0/159]  eta: 2:26:28  lr: 0.000060  min_lr: 0.000060  loss: 1.0000 (1.0000)  weight_decay: 0.0500 (0.0500)  grad_norm: 0.0001 (0.0001)  time: 55.2763  data: 46.5358  max mem: 30410
Epoch: [6]  [ 10/159]  eta: 0:14:28  lr: 0.000061  min_lr: 0.000061  loss: 1.0000 (1.0000)  weight_decay: 0.0500 (0.0500)  grad_norm: 0.0002 (0.0002)  time: 5.8317  data: 4.2309  max mem: 30410
Epoch: [6]  [ 20/159]  eta: 0:07:50  lr: 0.000061  min_lr: 0.000061  loss: 1.0000 (1.0000)  weight_decay: 0.0500 (0.0500)  grad_norm: 0.0002 (0.0002)  time: 0.7901  data: 0.0003  max mem: 30410
Epoch: [6]  [ 30/159]  eta: 0:05:21  lr: 0.000062  min_lr: 0.000062  loss: 1.0000 (1.0000)  weight_decay: 0.0500 (0.0500)  grad_norm: 0.0002 (0.0002)  time: 0.6546  data: 0.0002  max mem: 30410
Epoch: [6]  [ 40/159]  eta: 0:04:01  lr: 0.000063  min_lr: 0.000063  loss: 1.0000 (1.0000)  weight_decay: 0.0500 (0.0500)  grad_norm: 0.0002 (0.0002)  time: 0.6038  data: 0.0002  max mem: 30410
Epoch: [6]  [ 50/159]  eta: 0:03:10  lr: 0.000063  min_lr: 0.000063  loss: 1.0000 (1.0000)  weight_decay: 0.0500 (0.0500)  grad_norm: 0.0002 (0.0002)  time: 0.5884  data: 0.0002  max mem: 30410
Epoch: [6]  [ 60/159]  eta: 0:02:33  lr: 0.000064  min_lr: 0.000064  loss: 1.0000 (1.0000)  weight_decay: 0.0500 (0.0500)  grad_norm: 0.0002 (0.0002)  time: 0.5849  data: 0.0002  max mem: 30410
Epoch: [6]  [ 70/159]  eta: 0:02:06  lr: 0.000064  min_lr: 0.000064  loss: 1.0000 (1.0000)  weight_decay: 0.0500 (0.0500)  grad_norm: 0.0002 (0.0002)  time: 0.5836  data: 0.0002  max mem: 30410
Epoch: [6]  [ 80/159]  eta: 0:01:43  lr: 0.000065  min_lr: 0.000065  loss: 1.0000 (1.0000)  weight_decay: 0.0500 (0.0500)  grad_norm: 0.0002 (0.0002)  time: 0.5884  data: 0.0002  max mem: 30410
Epoch: [6]  [ 90/159]  eta: 0:01:25  lr: 0.000066  min_lr: 0.000066  loss: 1.0000 (1.0000)  weight_decay: 0.0500 (0.0500)  grad_norm: 0.0002 (0.0002)  time: 0.5880  data: 0.0002  max mem: 30410
Epoch: [6]  [100/159]  eta: 0:01:09  lr: 0.000066  min_lr: 0.000066  loss: 1.0000 (1.0000)  weight_decay: 0.0500 (0.0500)  grad_norm: 0.0001 (0.0002)  time: 0.5818  data: 0.0002  max mem: 30410
Epoch: [6]  [110/159]  eta: 0:00:54  lr: 0.000067  min_lr: 0.000067  loss: 1.0000 (1.0000)  weight_decay: 0.0500 (0.0500)  grad_norm: 0.0002 (0.0002)  time: 0.5816  data: 0.0002  max mem: 30410
Epoch: [6]  [120/159]  eta: 0:00:41  lr: 0.000068  min_lr: 0.000068  loss: 1.0000 (1.0000)  weight_decay: 0.0500 (0.0500)  grad_norm: 0.0002 (0.0002)  time: 0.5812  data: 0.0002  max mem: 30410
Epoch: [6]  [130/159]  eta: 0:00:30  lr: 0.000068  min_lr: 0.000068  loss: 1.0000 (1.0000)  weight_decay: 0.0500 (0.0500)  grad_norm: 0.0002 (0.0002)  time: 0.5826  data: 0.0002  max mem: 30410
Epoch: [6]  [140/159]  eta: 0:00:19  lr: 0.000069  min_lr: 0.000069  loss: 1.0000 (1.0000)  weight_decay: 0.0500 (0.0500)  grad_norm: 0.0002 (0.0002)  time: 0.5836  data: 0.0002  max mem: 30410
Epoch: [6]  [150/159]  eta: 0:00:08  lr: 0.000069  min_lr: 0.000069  loss: 1.0000 (1.0000)  weight_decay: 0.0500 (0.0500)  grad_norm: 0.0002 (0.0002)  time: 0.5817  data: 0.0002  max mem: 30410
Epoch: [6]  [158/159]  eta: 0:00:00  lr: 0.000070  min_lr: 0.000070  loss: 1.0000 (1.0000)  weight_decay: 0.0500 (0.0500)  grad_norm: 0.0002 (0.0002)  time: 0.5799  data: 0.0002  max mem: 30410
Epoch: [6] Total time: 0:02:33 (0.9640 s / it)
Averaged stats: lr: 0.000070  min_lr: 0.000070  loss: 1.0000 (1.0000)  weight_decay: 0.0500 (0.0500)  grad_norm: 0.0002 (0.0002)
Epoch: [7]  [  0/159]  eta: 2:26:55  lr: 0.000070  min_lr: 0.000070  loss: 1.0000 (1.0000)  weight_decay: 0.0500 (0.0500)  grad_norm: 0.0002 (0.0002)  time: 55.4416  data: 43.9452  max mem: 30410
Epoch: [7]  [ 10/159]  eta: 0:15:07  lr: 0.000071  min_lr: 0.000071  loss: 1.0000 (1.0000)  weight_decay: 0.0500 (0.0500)  grad_norm: 0.0002 (0.0002)  time: 6.0932  data: 3.9968  max mem: 30410
Epoch: [7]  [ 20/159]  eta: 0:08:02  lr: 0.000071  min_lr: 0.000071  loss: 1.0000 (1.0000)  weight_decay: 0.0500 (0.0500)  grad_norm: 0.0002 (0.0002)  time: 0.8748  data: 0.0011  max mem: 30410
Epoch: [7]  [ 30/159]  eta: 0:05:28  lr: 0.000072  min_lr: 0.000072  loss: 1.0000 (1.0000)  weight_decay: 0.0500 (0.0500)  grad_norm: 0.0002 (0.0002)  time: 0.5932  data: 0.0002  max mem: 30410
Epoch: [7]  [ 40/159]  eta: 0:04:06  lr: 0.000073  min_lr: 0.000073  loss: 1.0000 (1.0000)  weight_decay: 0.0500 (0.0500)  grad_norm: 0.0002 (0.0002)  time: 0.5934  data: 0.0002  max mem: 30410
Epoch: [7]  [ 50/159]  eta: 0:03:13  lr: 0.000073  min_lr: 0.000073  loss: 1.0000 (1.0000)  weight_decay: 0.0500 (0.0500)  grad_norm: 0.0002 (0.0002)  time: 0.5922  data: 0.0002  max mem: 30410
Epoch: [7]  [ 60/159]  eta: 0:02:36  lr: 0.000074  min_lr: 0.000074  loss: 1.0000 (1.0000)  weight_decay: 0.0500 (0.0500)  grad_norm: 0.0002 (0.0002)  time: 0.5922  data: 0.0002  max mem: 30410
Epoch: [7]  [ 70/159]  eta: 0:02:08  lr: 0.000074  min_lr: 0.000074  loss: 1.0000 (1.0000)  weight_decay: 0.0500 (0.0500)  grad_norm: 0.0002 (0.0002)  time: 0.5932  data: 0.0002  max mem: 30410
Epoch: [7]  [ 80/159]  eta: 0:01:45  lr: 0.000075  min_lr: 0.000075  loss: 1.0000 (1.0000)  weight_decay: 0.0500 (0.0500)  grad_norm: 0.0002 (0.0002)  time: 0.5930  data: 0.0001  max mem: 30410
Epoch: [7]  [ 90/159]  eta: 0:01:26  lr: 0.000076  min_lr: 0.000076  loss: 1.0000 (1.0000)  weight_decay: 0.0500 (0.0500)  grad_norm: 0.0002 (0.0002)  time: 0.5912  data: 0.0001  max mem: 30410
Epoch: [7]  [100/159]  eta: 0:01:10  lr: 0.000076  min_lr: 0.000076  loss: 1.0000 (1.0000)  weight_decay: 0.0500 (0.0500)  grad_norm: 0.0002 (0.0002)  time: 0.5910  data: 0.0002  max mem: 30410
Epoch: [7]  [110/159]  eta: 0:00:55  lr: 0.000077  min_lr: 0.000077  loss: 1.0000 (1.0000)  weight_decay: 0.0500 (0.0500)  grad_norm: 0.0002 (0.0002)  time: 0.5921  data: 0.0002  max mem: 30410
Epoch: [7]  [120/159]  eta: 0:00:42  lr: 0.000078  min_lr: 0.000078  loss: 1.0000 (1.0000)  weight_decay: 0.0500 (0.0500)  grad_norm: 0.0002 (0.0002)  time: 0.5916  data: 0.0002  max mem: 30410
Epoch: [7]  [130/159]  eta: 0:00:30  lr: 0.000078  min_lr: 0.000078  loss: 1.0000 (1.0000)  weight_decay: 0.0500 (0.0500)  grad_norm: 0.0002 (0.0002)  time: 0.5901  data: 0.0002  max mem: 30410
Epoch: [7]  [140/159]  eta: 0:00:19  lr: 0.000079  min_lr: 0.000079  loss: 1.0000 (1.0000)  weight_decay: 0.0500 (0.0500)  grad_norm: 0.0002 (0.0002)  time: 0.5910  data: 0.0002  max mem: 30410
Epoch: [7]  [150/159]  eta: 0:00:08  lr: 0.000079  min_lr: 0.000079  loss: 1.0000 (1.0000)  weight_decay: 0.0500 (0.0500)  grad_norm: 0.0002 (0.0002)  time: 0.5920  data: 0.0002  max mem: 30410
Epoch: [7]  [158/159]  eta: 0:00:00  lr: 0.000080  min_lr: 0.000080  loss: 1.0000 (1.0000)  weight_decay: 0.0500 (0.0500)  grad_norm: 0.0002 (0.0002)  time: 0.5907  data: 0.0002  max mem: 30410
Epoch: [7] Total time: 0:02:35 (0.9806 s / it)
Averaged stats: lr: 0.000080  min_lr: 0.000080  loss: 1.0000 (1.0000)  weight_decay: 0.0500 (0.0500)  grad_norm: 0.0002 (0.0002)
Epoch: [8]  [  0/159]  eta: 2:15:45  lr: 0.000080  min_lr: 0.000080  loss: 1.0000 (1.0000)  weight_decay: 0.0500 (0.0500)  grad_norm: 0.0002 (0.0002)  time: 51.2325  data: 28.8683  max mem: 30410
Epoch: [8]  [ 10/159]  eta: 0:13:51  lr: 0.000081  min_lr: 0.000081  loss: 1.0000 (1.0000)  weight_decay: 0.0500 (0.0500)  grad_norm: 0.0002 (0.0002)  time: 5.5791  data: 2.6250  max mem: 30410
Epoch: [8]  [ 20/159]  eta: 0:07:34  lr: 0.000081  min_lr: 0.000081  loss: 1.0000 (1.0000)  weight_decay: 0.0500 (0.0500)  grad_norm: 0.0002 (0.0002)  time: 0.8737  data: 0.0005  max mem: 30410
Epoch: [8]  [ 30/159]  eta: 0:05:10  lr: 0.000082  min_lr: 0.000082  loss: 1.0000 (1.0000)  weight_decay: 0.0500 (0.0500)  grad_norm: 0.0002 (0.0002)  time: 0.6603  data: 0.0003  max mem: 30410
Epoch: [8]  [ 40/159]  eta: 0:03:53  lr: 0.000083  min_lr: 0.000083  loss: 1.0000 (1.0000)  weight_decay: 0.0500 (0.0500)  grad_norm: 0.0002 (0.0002)  time: 0.5848  data: 0.0002  max mem: 30410
Epoch: [8]  [ 50/159]  eta: 0:03:04  lr: 0.000083  min_lr: 0.000083  loss: 1.0000 (1.0000)  weight_decay: 0.0500 (0.0500)  grad_norm: 0.0002 (0.0002)  time: 0.5834  data: 0.0002  max mem: 30410
Epoch: [8]  [ 60/159]  eta: 0:02:29  lr: 0.000084  min_lr: 0.000084  loss: 1.0000 (1.0000)  weight_decay: 0.0500 (0.0500)  grad_norm: 0.0002 (0.0002)  time: 0.5898  data: 0.0002  max mem: 30410
Epoch: [8]  [ 70/159]  eta: 0:02:03  lr: 0.000084  min_lr: 0.000084  loss: 1.0000 (1.0000)  weight_decay: 0.0500 (0.0500)  grad_norm: 0.0002 (0.0002)  time: 0.5957  data: 0.0002  max mem: 30410
Epoch: [8]  [ 80/159]  eta: 0:01:41  lr: 0.000085  min_lr: 0.000085  loss: 1.0000 (1.0000)  weight_decay: 0.0500 (0.0500)  grad_norm: 0.0002 (0.0002)  time: 0.5909  data: 0.0002  max mem: 30410
Epoch: [8]  [ 90/159]  eta: 0:01:23  lr: 0.000086  min_lr: 0.000086  loss: 1.0000 (1.0000)  weight_decay: 0.0500 (0.0500)  grad_norm: 0.0002 (0.0002)  time: 0.5824  data: 0.0002  max mem: 30410
Epoch: [8]  [100/159]  eta: 0:01:07  lr: 0.000086  min_lr: 0.000086  loss: 1.0000 (1.0000)  weight_decay: 0.0500 (0.0500)  grad_norm: 0.0002 (0.0002)  time: 0.5803  data: 0.0002  max mem: 30410
Epoch: [8]  [110/159]  eta: 0:00:54  lr: 0.000087  min_lr: 0.000087  loss: 1.0000 (1.0000)  weight_decay: 0.0500 (0.0500)  grad_norm: 0.0002 (0.0002)  time: 0.6335  data: 0.0002  max mem: 30410
Epoch: [8]  [120/159]  eta: 0:00:41  lr: 0.000088  min_lr: 0.000088  loss: 1.0000 (1.0000)  weight_decay: 0.0500 (0.0500)  grad_norm: 0.0002 (0.0002)  time: 0.6743  data: 0.0002  max mem: 30410
Epoch: [8]  [130/159]  eta: 0:00:29  lr: 0.000088  min_lr: 0.000088  loss: 1.0000 (1.0000)  weight_decay: 0.0500 (0.0500)  grad_norm: 0.0002 (0.0002)  time: 0.6419  data: 0.0002  max mem: 30410
Epoch: [8]  [140/159]  eta: 0:00:19  lr: 0.000089  min_lr: 0.000089  loss: 1.0000 (1.0000)  weight_decay: 0.0500 (0.0500)  grad_norm: 0.0002 (0.0002)  time: 0.6120  data: 0.0001  max mem: 30410
Epoch: [8]  [150/159]  eta: 0:00:08  lr: 0.000089  min_lr: 0.000089  loss: 1.0000 (1.0000)  weight_decay: 0.0500 (0.0500)  grad_norm: 0.0003 (0.0002)  time: 0.5980  data: 0.0001  max mem: 30410
Epoch: [8]  [158/159]  eta: 0:00:00  lr: 0.000090  min_lr: 0.000090  loss: 1.0000 (1.0000)  weight_decay: 0.0500 (0.0500)  grad_norm: 0.0002 (0.0002)  time: 0.5913  data: 0.0002  max mem: 30410
Epoch: [8] Total time: 0:02:33 (0.9636 s / it)
Averaged stats: lr: 0.000090  min_lr: 0.000090  loss: 1.0000 (1.0000)  weight_decay: 0.0500 (0.0500)  grad_norm: 0.0002 (0.0002)
Epoch: [9]  [  0/159]  eta: 2:14:48  lr: 0.000090  min_lr: 0.000090  loss: 1.0000 (1.0000)  weight_decay: 0.0500 (0.0500)  grad_norm: 0.0002 (0.0002)  time: 50.8724  data: 44.3273  max mem: 30410
Epoch: [9]  [ 10/159]  eta: 0:13:58  lr: 0.000091  min_lr: 0.000091  loss: 1.0000 (1.0000)  weight_decay: 0.0500 (0.0500)  grad_norm: 0.0003 (0.0003)  time: 5.6244  data: 4.0306  max mem: 30410
Epoch: [9]  [ 20/159]  eta: 0:07:41  lr: 0.000091  min_lr: 0.000091  loss: 1.0000 (1.0000)  weight_decay: 0.0500 (0.0500)  grad_norm: 0.0002 (0.0002)  time: 0.9423  data: 0.0006  max mem: 30410
Epoch: [9]  [ 30/159]  eta: 0:05:15  lr: 0.000092  min_lr: 0.000092  loss: 1.0000 (1.0000)  weight_decay: 0.0500 (0.0500)  grad_norm: 0.0002 (0.0002)  time: 0.6964  data: 0.0003  max mem: 30410
Epoch: [9]  [ 40/159]  eta: 0:03:56  lr: 0.000093  min_lr: 0.000093  loss: 1.0000 (1.0000)  weight_decay: 0.0500 (0.0500)  grad_norm: 0.0002 (0.0002)  time: 0.5946  data: 0.0002  max mem: 30410
Epoch: [9]  [ 50/159]  eta: 0:03:06  lr: 0.000093  min_lr: 0.000093  loss: 1.0000 (1.0000)  weight_decay: 0.0500 (0.0500)  grad_norm: 0.0002 (0.0002)  time: 0.5814  data: 0.0002  max mem: 30410
Epoch: [9]  [ 60/159]  eta: 0:02:31  lr: 0.000094  min_lr: 0.000094  loss: 1.0000 (1.0000)  weight_decay: 0.0500 (0.0500)  grad_norm: 0.0002 (0.0002)  time: 0.5814  data: 0.0002  max mem: 30410
Epoch: [9]  [ 70/159]  eta: 0:02:04  lr: 0.000094  min_lr: 0.000094  loss: 1.0000 (1.0000)  weight_decay: 0.0500 (0.0500)  grad_norm: 0.0002 (0.0002)  time: 0.5816  data: 0.0002  max mem: 30410
Epoch: [9]  [ 80/159]  eta: 0:01:42  lr: 0.000095  min_lr: 0.000095  loss: 1.0000 (1.0000)  weight_decay: 0.0500 (0.0500)  grad_norm: 0.0002 (0.0002)  time: 0.5811  data: 0.0002  max mem: 30410
Epoch: [9]  [ 90/159]  eta: 0:01:23  lr: 0.000096  min_lr: 0.000096  loss: 1.0000 (1.0000)  weight_decay: 0.0500 (0.0500)  grad_norm: 0.0002 (0.0002)  time: 0.5804  data: 0.0002  max mem: 30410
Epoch: [9]  [100/159]  eta: 0:01:08  lr: 0.000096  min_lr: 0.000096  loss: 1.0000 (1.0000)  weight_decay: 0.0500 (0.0500)  grad_norm: 0.0002 (0.0002)  time: 0.5817  data: 0.0002  max mem: 30410
Epoch: [9]  [110/159]  eta: 0:00:53  lr: 0.000097  min_lr: 0.000097  loss: 1.0000 (1.0000)  weight_decay: 0.0500 (0.0500)  grad_norm: 0.0002 (0.0002)  time: 0.5819  data: 0.0002  max mem: 30410
Epoch: [9]  [120/159]  eta: 0:00:41  lr: 0.000098  min_lr: 0.000098  loss: 1.0000 (1.0000)  weight_decay: 0.0500 (0.0500)  grad_norm: 0.0002 (0.0002)  time: 0.5804  data: 0.0002  max mem: 30410
Epoch: [9]  [130/159]  eta: 0:00:29  lr: 0.000098  min_lr: 0.000098  loss: 1.0000 (1.0000)  weight_decay: 0.0500 (0.0500)  grad_norm: 0.0003 (0.0002)  time: 0.5805  data: 0.0002  max mem: 30410
Epoch: [9]  [140/159]  eta: 0:00:18  lr: 0.000099  min_lr: 0.000099  loss: 1.0000 (1.0000)  weight_decay: 0.0500 (0.0500)  grad_norm: 0.0003 (0.0002)  time: 0.5816  data: 0.0002  max mem: 30410
Epoch: [9]  [150/159]  eta: 0:00:08  lr: 0.000099  min_lr: 0.000099  loss: 1.0000 (1.0000)  weight_decay: 0.0500 (0.0500)  grad_norm: 0.0003 (0.0002)  time: 0.5819  data: 0.0002  max mem: 30410
Epoch: [9]  [158/159]  eta: 0:00:00  lr: 0.000100  min_lr: 0.000100  loss: 1.0000 (1.0000)  weight_decay: 0.0500 (0.0500)  grad_norm: 0.0002 (0.0002)  time: 0.5815  data: 0.0002  max mem: 30410
Epoch: [9] Total time: 0:02:31 (0.9532 s / it)
Averaged stats: lr: 0.000100  min_lr: 0.000100  loss: 1.0000 (1.0000)  weight_decay: 0.0500 (0.0500)  grad_norm: 0.0002 (0.0002)
Epoch: [10]  [  0/159]  eta: 2:20:15  lr: 0.000100  min_lr: 0.000100  loss: 1.0000 (1.0000)  weight_decay: 0.0500 (0.0500)  grad_norm: 0.0003 (0.0003)  time: 52.9253  data: 44.1008  max mem: 30410
Epoch: [10]  [ 10/159]  eta: 0:14:04  lr: 0.000100  min_lr: 0.000100  loss: 1.0000 (1.0000)  weight_decay: 0.0500 (0.0500)  grad_norm: 0.0003 (0.0003)  time: 5.6647  data: 4.0097  max mem: 30410
Epoch: [10]  [ 20/159]  eta: 0:07:41  lr: 0.000100  min_lr: 0.000100  loss: 1.0000 (1.0000)  weight_decay: 0.0500 (0.0500)  grad_norm: 0.0003 (0.0003)  time: 0.8367  data: 0.0005  max mem: 30410
Epoch: [10]  [ 30/159]  eta: 0:05:20  lr: 0.000100  min_lr: 0.000100  loss: 1.0000 (1.0000)  weight_decay: 0.0500 (0.0500)  grad_norm: 0.0002 (0.0003)  time: 0.7402  data: 0.0003  max mem: 30410
Epoch: [10]  [ 40/159]  eta: 0:04:03  lr: 0.000100  min_lr: 0.000100  loss: 1.0000 (1.0000)  weight_decay: 0.0500 (0.0500)  grad_norm: 0.0003 (0.0003)  time: 0.7102  data: 0.0002  max mem: 30410
Epoch: [10]  [ 50/159]  eta: 0:03:12  lr: 0.000100  min_lr: 0.000100  loss: 1.0000 (1.0000)  weight_decay: 0.0500 (0.0500)  grad_norm: 0.0003 (0.0003)  time: 0.6555  data: 0.0002  max mem: 30410
Epoch: [10]  [ 60/159]  eta: 0:02:36  lr: 0.000100  min_lr: 0.000100  loss: 1.0000 (1.0000)  weight_decay: 0.0500 (0.0500)  grad_norm: 0.0002 (0.0003)  time: 0.6230  data: 0.0002  max mem: 30410
Epoch: [10]  [ 70/159]  eta: 0:02:08  lr: 0.000100  min_lr: 0.000100  loss: 1.0000 (1.0000)  weight_decay: 0.0500 (0.0500)  grad_norm: 0.0003 (0.0003)  time: 0.6021  data: 0.0002  max mem: 30410
Epoch: [10]  [ 80/159]  eta: 0:01:45  lr: 0.000100  min_lr: 0.000100  loss: 1.0000 (1.0000)  weight_decay: 0.0500 (0.0500)  grad_norm: 0.0003 (0.0003)  time: 0.5913  data: 0.0002  max mem: 30410
Epoch: [10]  [ 90/159]  eta: 0:01:26  lr: 0.000100  min_lr: 0.000100  loss: 1.0000 (1.0000)  weight_decay: 0.0500 (0.0500)  grad_norm: 0.0003 (0.0003)  time: 0.5856  data: 0.0001  max mem: 30410
Epoch: [10]  [100/159]  eta: 0:01:09  lr: 0.000100  min_lr: 0.000100  loss: 1.0000 (1.0000)  weight_decay: 0.0500 (0.0500)  grad_norm: 0.0003 (0.0003)  time: 0.5816  data: 0.0001  max mem: 30410
Epoch: [10]  [110/159]  eta: 0:00:55  lr: 0.000100  min_lr: 0.000100  loss: 1.0000 (1.0000)  weight_decay: 0.0500 (0.0500)  grad_norm: 0.0003 (0.0003)  time: 0.5807  data: 0.0002  max mem: 30410
Epoch: [10]  [120/159]  eta: 0:00:42  lr: 0.000100  min_lr: 0.000100  loss: 1.0000 (1.0000)  weight_decay: 0.0500 (0.0500)  grad_norm: 0.0003 (0.0003)  time: 0.5810  data: 0.0002  max mem: 30410
Epoch: [10]  [130/159]  eta: 0:00:30  lr: 0.000100  min_lr: 0.000100  loss: 1.0000 (1.0000)  weight_decay: 0.0500 (0.0500)  grad_norm: 0.0003 (0.0003)  time: 0.5820  data: 0.0002  max mem: 30410
Epoch: [10]  [140/159]  eta: 0:00:19  lr: 0.000100  min_lr: 0.000100  loss: 1.0000 (1.0000)  weight_decay: 0.0500 (0.0500)  grad_norm: 0.0003 (0.0003)  time: 0.5817  data: 0.0002  max mem: 30410
Epoch: [10]  [150/159]  eta: 0:00:08  lr: 0.000100  min_lr: 0.000100  loss: 1.0000 (1.0000)  weight_decay: 0.0500 (0.0500)  grad_norm: 0.0003 (0.0003)  time: 0.5813  data: 0.0002  max mem: 30410
Epoch: [10]  [158/159]  eta: 0:00:00  lr: 0.000100  min_lr: 0.000100  loss: 1.0000 (1.0000)  weight_decay: 0.0500 (0.0500)  grad_norm: 0.0003 (0.0003)  time: 0.5814  data: 0.0002  max mem: 30410
Epoch: [10] Total time: 0:02:34 (0.9733 s / it)
Averaged stats: lr: 0.000100  min_lr: 0.000100  loss: 1.0000 (1.0000)  weight_decay: 0.0500 (0.0500)  grad_norm: 0.0003 (0.0003)
[Eval]   [0/2]  eta: 0:00:10  loss: 1.0000 (1.0000)  time: 5.3432  data: 5.1849  max mem: 30410
[Eval]   [1/2]  eta: 0:00:02  loss: 1.0000 (1.0000)  time: 2.7159  data: 2.5925  max mem: 30410
[Eval]  Total time: 0:00:05 (2.9165 s / it)
Eval averaged stats: loss: 1.0000 (1.0000)
[Eval] Image Metrics:  [0/2]  eta: 0:00:12    time: 6.1458  data: 5.1306  max mem: 30410
[Eval] Image Metrics:  [1/2]  eta: 0:00:03    time: 3.1294  data: 2.5655  max mem: 30410
[Eval] Image Metrics: Total time: 0:00:07 (3.5160 s / it)
[Eval] Metric Results: [Eval] MSE: 0.0000 (0.0000)  [Eval] MAE: 0.0000 (0.0000)  [Eval] PSNR: 47.0051 (47.0051)  [Eval] MS-SSIM: 0.9991 (0.9991)
Epoch: [11]  [  0/159]  eta: 2:28:02  lr: 0.000100  min_lr: 0.000100  loss: 1.0000 (1.0000)  weight_decay: 0.0500 (0.0500)  grad_norm: 0.0003 (0.0003)  time: 55.8641  data: 46.1185  max mem: 30410
Epoch: [11]  [ 10/159]  eta: 0:15:13  lr: 0.000100  min_lr: 0.000100  loss: 1.0000 (1.0000)  weight_decay: 0.0500 (0.0500)  grad_norm: 0.0003 (0.0003)  time: 6.1337  data: 4.1928  max mem: 30410
Epoch: [11]  [ 20/159]  eta: 0:08:07  lr: 0.000100  min_lr: 0.000100  loss: 1.0000 (1.0000)  weight_decay: 0.0500 (0.0500)  grad_norm: 0.0003 (0.0003)  time: 0.8920  data: 0.0002  max mem: 30410
Epoch: [11]  [ 30/159]  eta: 0:05:32  lr: 0.000100  min_lr: 0.000100  loss: 1.0000 (1.0000)  weight_decay: 0.0500 (0.0500)  grad_norm: 0.0003 (0.0003)  time: 0.6158  data: 0.0001  max mem: 30410
Epoch: [11]  [ 40/159]  eta: 0:04:09  lr: 0.000100  min_lr: 0.000100  loss: 1.0000 (1.0000)  weight_decay: 0.0500 (0.0500)  grad_norm: 0.0003 (0.0003)  time: 0.6063  data: 0.0001  max mem: 30410
Epoch: [11]  [ 50/159]  eta: 0:03:16  lr: 0.000100  min_lr: 0.000100  loss: 1.0000 (1.0000)  weight_decay: 0.0500 (0.0500)  grad_norm: 0.0003 (0.0003)  time: 0.6078  data: 0.0001  max mem: 30410
Epoch: [11]  [ 60/159]  eta: 0:02:41  lr: 0.000100  min_lr: 0.000100  loss: 1.0000 (1.0000)  weight_decay: 0.0500 (0.0500)  grad_norm: 0.0004 (0.0004)  time: 0.6807  data: 0.0001  max mem: 30410
Epoch: [11]  [ 70/159]  eta: 0:02:12  lr: 0.000100  min_lr: 0.000100  loss: 1.0000 (1.0000)  weight_decay: 0.0500 (0.0500)  grad_norm: 0.0004 (0.0004)  time: 0.7015  data: 0.0001  max mem: 30410
Epoch: [11]  [ 80/159]  eta: 0:01:49  lr: 0.000100  min_lr: 0.000100  loss: 1.0000 (1.0000)  weight_decay: 0.0500 (0.0500)  grad_norm: 0.0004 (0.0004)  time: 0.6458  data: 0.0001  max mem: 30410
Epoch: [11]  [ 90/159]  eta: 0:01:29  lr: 0.000100  min_lr: 0.000100  loss: 1.0000 (1.0000)  weight_decay: 0.0500 (0.0500)  grad_norm: 0.0003 (0.0004)  time: 0.6279  data: 0.0001  max mem: 30410
Epoch: [11]  [100/159]  eta: 0:01:12  lr: 0.000100  min_lr: 0.000100  loss: 1.0000 (1.0000)  weight_decay: 0.0500 (0.0500)  grad_norm: 0.0003 (0.0004)  time: 0.6179  data: 0.0001  max mem: 30410
Epoch: [11]  [110/159]  eta: 0:00:57  lr: 0.000100  min_lr: 0.000100  loss: 1.0000 (1.0000)  weight_decay: 0.0500 (0.0500)  grad_norm: 0.0003 (0.0003)  time: 0.6271  data: 0.0001  max mem: 30410
Epoch: [11]  [120/159]  eta: 0:00:44  lr: 0.000100  min_lr: 0.000100  loss: 1.0000 (1.0000)  weight_decay: 0.0500 (0.0500)  grad_norm: 0.0003 (0.0003)  time: 0.6242  data: 0.0001  max mem: 30410
Epoch: [11]  [130/159]  eta: 0:00:31  lr: 0.000100  min_lr: 0.000100  loss: 1.0000 (1.0000)  weight_decay: 0.0500 (0.0500)  grad_norm: 0.0003 (0.0003)  time: 0.6090  data: 0.0001  max mem: 30410
Epoch: [11]  [140/159]  eta: 0:00:20  lr: 0.000100  min_lr: 0.000100  loss: 1.0000 (1.0000)  weight_decay: 0.0500 (0.0500)  grad_norm: 0.0003 (0.0003)  time: 0.6049  data: 0.0001  max mem: 30410
Epoch: [11]  [150/159]  eta: 0:00:09  lr: 0.000100  min_lr: 0.000100  loss: 1.0000 (1.0000)  weight_decay: 0.0500 (0.0500)  grad_norm: 0.0003 (0.0004)  time: 0.6033  data: 0.0001  max mem: 30410
Epoch: [11]  [158/159]  eta: 0:00:01  lr: 0.000100  min_lr: 0.000100  loss: 1.0000 (1.0000)  weight_decay: 0.0500 (0.0500)  grad_norm: 0.0003 (0.0004)  time: 0.6110  data: 0.0001  max mem: 30410
Epoch: [11] Total time: 0:02:41 (1.0162 s / it)
Averaged stats: lr: 0.000100  min_lr: 0.000100  loss: 1.0000 (1.0000)  weight_decay: 0.0500 (0.0500)  grad_norm: 0.0003 (0.0004)
Epoch: [12]  [  0/159]  eta: 2:19:03  lr: 0.000100  min_lr: 0.000100  loss: 1.0000 (1.0000)  weight_decay: 0.0500 (0.0500)  grad_norm: 0.0004 (0.0004)  time: 52.4777  data: 33.8340  max mem: 30410
Epoch: [12]  [ 10/159]  eta: 0:14:21  lr: 0.000100  min_lr: 0.000100  loss: 1.0000 (1.0000)  weight_decay: 0.0500 (0.0500)  grad_norm: 0.0004 (0.0004)  time: 5.7839  data: 3.0773  max mem: 30410
Epoch: [12]  [ 20/159]  eta: 0:07:51  lr: 0.000100  min_lr: 0.000100  loss: 1.0000 (1.0000)  weight_decay: 0.0500 (0.0500)  grad_norm: 0.0004 (0.0004)  time: 0.9405  data: 0.0009  max mem: 30410
Epoch: [12]  [ 30/159]  eta: 0:05:29  lr: 0.000100  min_lr: 0.000100  loss: 1.0000 (1.0000)  weight_decay: 0.0500 (0.0500)  grad_norm: 0.0004 (0.0004)  time: 0.7752  data: 0.0002  max mem: 30410
Epoch: [12]  [ 40/159]  eta: 0:04:10  lr: 0.000100  min_lr: 0.000100  loss: 1.0000 (1.0000)  weight_decay: 0.0500 (0.0500)  grad_norm: 0.0004 (0.0004)  time: 0.7484  data: 0.0001  max mem: 30410
Epoch: [12]  [ 50/159]  eta: 0:03:20  lr: 0.000100  min_lr: 0.000100  loss: 1.0000 (1.0000)  weight_decay: 0.0500 (0.0500)  grad_norm: 0.0004 (0.0004)  time: 0.7270  data: 0.0001  max mem: 30410
Epoch: [12]  [ 60/159]  eta: 0:02:44  lr: 0.000100  min_lr: 0.000100  loss: 1.0000 (1.0000)  weight_decay: 0.0500 (0.0500)  grad_norm: 0.0004 (0.0004)  time: 0.7654  data: 0.0001  max mem: 30410
Epoch: [12]  [ 70/159]  eta: 0:02:16  lr: 0.000100  min_lr: 0.000100  loss: 1.0000 (1.0000)  weight_decay: 0.0500 (0.0500)  grad_norm: 0.0005 (0.0004)  time: 0.7422  data: 0.0001  max mem: 30410
Epoch: [12]  [ 80/159]  eta: 0:01:53  lr: 0.000100  min_lr: 0.000100  loss: 1.0000 (1.0000)  weight_decay: 0.0500 (0.0500)  grad_norm: 0.0005 (0.0004)  time: 0.7276  data: 0.0001  max mem: 30410
Epoch: [12]  [ 90/159]  eta: 0:01:33  lr: 0.000100  min_lr: 0.000100  loss: 1.0000 (1.0000)  weight_decay: 0.0500 (0.0500)  grad_norm: 0.0004 (0.0004)  time: 0.7656  data: 0.0001  max mem: 30410
Epoch: [12]  [100/159]  eta: 0:01:16  lr: 0.000100  min_lr: 0.000100  loss: 1.0000 (1.0000)  weight_decay: 0.0500 (0.0500)  grad_norm: 0.0004 (0.0004)  time: 0.7628  data: 0.0001  max mem: 30410
Epoch: [12]  [110/159]  eta: 0:01:01  lr: 0.000100  min_lr: 0.000100  loss: 1.0000 (1.0000)  weight_decay: 0.0500 (0.0500)  grad_norm: 0.0003 (0.0004)  time: 0.7517  data: 0.0001  max mem: 30410
Epoch: [12]  [120/159]  eta: 0:00:46  lr: 0.000100  min_lr: 0.000100  loss: 1.0000 (1.0000)  weight_decay: 0.0500 (0.0500)  grad_norm: 0.0004 (0.0004)  time: 0.7217  data: 0.0001  max mem: 30410
Epoch: [12]  [130/159]  eta: 0:00:33  lr: 0.000100  min_lr: 0.000100  loss: 1.0000 (1.0000)  weight_decay: 0.0500 (0.0500)  grad_norm: 0.0004 (0.0004)  time: 0.6922  data: 0.0001  max mem: 30410
Epoch: [12]  [140/159]  eta: 0:00:21  lr: 0.000100  min_lr: 0.000100  loss: 1.0000 (1.0000)  weight_decay: 0.0500 (0.0500)  grad_norm: 0.0005 (0.0004)  time: 0.6848  data: 0.0001  max mem: 30410
Epoch: [12]  [150/159]  eta: 0:00:09  lr: 0.000100  min_lr: 0.000100  loss: 1.0000 (1.0000)  weight_decay: 0.0500 (0.0500)  grad_norm: 0.0005 (0.0004)  time: 0.7257  data: 0.0001  max mem: 30410
Epoch: [12]  [158/159]  eta: 0:00:01  lr: 0.000100  min_lr: 0.000100  loss: 1.0000 (1.0000)  weight_decay: 0.0500 (0.0500)  grad_norm: 0.0005 (0.0004)  time: 0.7504  data: 0.0001  max mem: 30410
Epoch: [12] Total time: 0:02:54 (1.0968 s / it)
Averaged stats: lr: 0.000100  min_lr: 0.000100  loss: 1.0000 (1.0000)  weight_decay: 0.0500 (0.0500)  grad_norm: 0.0005 (0.0004)
Epoch: [13]  [  0/159]  eta: 2:23:18  lr: 0.000100  min_lr: 0.000100  loss: 1.0000 (1.0000)  weight_decay: 0.0500 (0.0500)  grad_norm: 0.0004 (0.0004)  time: 54.0774  data: 35.2405  max mem: 30410
Epoch: [13]  [ 10/159]  eta: 0:14:32  lr: 0.000100  min_lr: 0.000100  loss: 1.0000 (1.0000)  weight_decay: 0.0500 (0.0500)  grad_norm: 0.0004 (0.0006)  time: 5.8574  data: 3.2041  max mem: 30410
Epoch: [13]  [ 20/159]  eta: 0:07:54  lr: 0.000100  min_lr: 0.000100  loss: 1.0000 (1.0000)  weight_decay: 0.0500 (0.0500)  grad_norm: 0.0004 (0.0005)  time: 0.8771  data: 0.0003  max mem: 30410
Epoch: [13]  [ 30/159]  eta: 0:05:27  lr: 0.000100  min_lr: 0.000100  loss: 1.0000 (1.0000)  weight_decay: 0.0500 (0.0500)  grad_norm: 0.0004 (0.0005)  time: 0.7165  data: 0.0001  max mem: 30410
Epoch: [13]  [ 40/159]  eta: 0:04:09  lr: 0.000100  min_lr: 0.000100  loss: 1.0000 (1.0000)  weight_decay: 0.0500 (0.0500)  grad_norm: 0.0004 (0.0005)  time: 0.7162  data: 0.0001  max mem: 30410
Epoch: [13]  [ 50/159]  eta: 0:03:17  lr: 0.000100  min_lr: 0.000100  loss: 1.0000 (1.0000)  weight_decay: 0.0500 (0.0500)  grad_norm: 0.0005 (0.0005)  time: 0.6937  data: 0.0001  max mem: 30410
Epoch: [13]  [ 60/159]  eta: 0:02:41  lr: 0.000100  min_lr: 0.000100  loss: 1.0000 (1.0000)  weight_decay: 0.0500 (0.0500)  grad_norm: 0.0005 (0.0005)  time: 0.6673  data: 0.0001  max mem: 30410
Epoch: [13]  [ 70/159]  eta: 0:02:12  lr: 0.000100  min_lr: 0.000100  loss: 1.0000 (1.0000)  weight_decay: 0.0500 (0.0500)  grad_norm: 0.0004 (0.0005)  time: 0.6566  data: 0.0001  max mem: 30410
Epoch: [13]  [ 80/159]  eta: 0:01:49  lr: 0.000100  min_lr: 0.000100  loss: 1.0000 (1.0000)  weight_decay: 0.0500 (0.0500)  grad_norm: 0.0005 (0.0005)  time: 0.6418  data: 0.0001  max mem: 30410
Epoch: [13]  [ 90/159]  eta: 0:01:29  lr: 0.000100  min_lr: 0.000100  loss: 1.0000 (1.0000)  weight_decay: 0.0500 (0.0500)  grad_norm: 0.0006 (0.0005)  time: 0.6155  data: 0.0001  max mem: 30410
Epoch: [13]  [100/159]  eta: 0:01:12  lr: 0.000100  min_lr: 0.000100  loss: 1.0000 (1.0000)  weight_decay: 0.0500 (0.0500)  grad_norm: 0.0006 (0.0005)  time: 0.5963  data: 0.0001  max mem: 30410
Epoch: [13]  [110/159]  eta: 0:00:57  lr: 0.000100  min_lr: 0.000100  loss: 1.0000 (1.0000)  weight_decay: 0.0500 (0.0500)  grad_norm: 0.0005 (0.0005)  time: 0.6470  data: 0.0001  max mem: 30410
Epoch: [13]  [120/159]  eta: 0:00:44  lr: 0.000100  min_lr: 0.000100  loss: 1.0000 (1.0000)  weight_decay: 0.0500 (0.0500)  grad_norm: 0.0005 (0.0005)  time: 0.6684  data: 0.0002  max mem: 30410
Epoch: [13]  [130/159]  eta: 0:00:31  lr: 0.000100  min_lr: 0.000100  loss: 1.0000 (1.0000)  weight_decay: 0.0500 (0.0500)  grad_norm: 0.0005 (0.0005)  time: 0.6236  data: 0.0001  max mem: 30410
Epoch: [13]  [140/159]  eta: 0:00:20  lr: 0.000100  min_lr: 0.000100  loss: 1.0000 (1.0000)  weight_decay: 0.0500 (0.0500)  grad_norm: 0.0006 (0.0005)  time: 0.6039  data: 0.0001  max mem: 30410
Epoch: [13]  [150/159]  eta: 0:00:09  lr: 0.000100  min_lr: 0.000100  loss: 1.0000 (1.0000)  weight_decay: 0.0500 (0.0500)  grad_norm: 0.0005 (0.0005)  time: 0.5973  data: 0.0001  max mem: 30410
Epoch: [13]  [158/159]  eta: 0:00:01  lr: 0.000100  min_lr: 0.000100  loss: 1.0000 (1.0000)  weight_decay: 0.0500 (0.0500)  grad_norm: 0.0005 (0.0005)  time: 0.5946  data: 0.0001  max mem: 30410
Epoch: [13] Total time: 0:02:41 (1.0157 s / it)
Averaged stats: lr: 0.000100  min_lr: 0.000100  loss: 1.0000 (1.0000)  weight_decay: 0.0500 (0.0500)  grad_norm: 0.0005 (0.0005)
Epoch: [14]  [  0/159]  eta: 2:12:31  lr: 0.000100  min_lr: 0.000100  loss: 1.0000 (1.0000)  weight_decay: 0.0500 (0.0500)  grad_norm: 0.0007 (0.0007)  time: 50.0090  data: 43.9463  max mem: 30410
Epoch: [14]  [ 10/159]  eta: 0:13:46  lr: 0.000099  min_lr: 0.000099  loss: 1.0000 (1.0000)  weight_decay: 0.0500 (0.0500)  grad_norm: 0.0004 (0.0005)  time: 5.5448  data: 3.9954  max mem: 30410
Epoch: [14]  [ 20/159]  eta: 0:07:32  lr: 0.000099  min_lr: 0.000099  loss: 1.0000 (1.0000)  weight_decay: 0.0500 (0.0500)  grad_norm: 0.0004 (0.0005)  time: 0.9181  data: 0.0003  max mem: 30410
Epoch: [14]  [ 30/159]  eta: 0:05:10  lr: 0.000099  min_lr: 0.000099  loss: 1.0000 (1.0000)  weight_decay: 0.0500 (0.0500)  grad_norm: 0.0005 (0.0006)  time: 0.6858  data: 0.0002  max mem: 30410
Epoch: [14]  [ 40/159]  eta: 0:03:54  lr: 0.000099  min_lr: 0.000099  loss: 1.0000 (1.0000)  weight_decay: 0.0500 (0.0500)  grad_norm: 0.0006 (0.0006)  time: 0.6163  data: 0.0001  max mem: 30410
Epoch: [14]  [ 50/159]  eta: 0:03:05  lr: 0.000099  min_lr: 0.000099  loss: 1.0000 (1.0000)  weight_decay: 0.0500 (0.0500)  grad_norm: 0.0006 (0.0006)  time: 0.5963  data: 0.0001  max mem: 30410
Epoch: [14]  [ 60/159]  eta: 0:02:30  lr: 0.000099  min_lr: 0.000099  loss: 1.0000 (1.0000)  weight_decay: 0.0500 (0.0500)  grad_norm: 0.0005 (0.0006)  time: 0.6008  data: 0.0001  max mem: 30410
Epoch: [14]  [ 70/159]  eta: 0:02:03  lr: 0.000099  min_lr: 0.000099  loss: 1.0000 (1.0000)  weight_decay: 0.0500 (0.0500)  grad_norm: 0.0006 (0.0006)  time: 0.6011  data: 0.0001  max mem: 30410
Epoch: [14]  [ 80/159]  eta: 0:01:42  lr: 0.000099  min_lr: 0.000099  loss: 1.0000 (1.0000)  weight_decay: 0.0500 (0.0500)  grad_norm: 0.0006 (0.0006)  time: 0.5949  data: 0.0001  max mem: 30410
Epoch: [14]  [ 90/159]  eta: 0:01:23  lr: 0.000099  min_lr: 0.000099  loss: 1.0000 (1.0000)  weight_decay: 0.0500 (0.0500)  grad_norm: 0.0006 (0.0006)  time: 0.5953  data: 0.0001  max mem: 30410
Epoch: [14]  [100/159]  eta: 0:01:08  lr: 0.000099  min_lr: 0.000099  loss: 1.0000 (1.0000)  weight_decay: 0.0500 (0.0500)  grad_norm: 0.0006 (0.0006)  time: 0.5948  data: 0.0001  max mem: 30410
Epoch: [14]  [110/159]  eta: 0:00:54  lr: 0.000099  min_lr: 0.000099  loss: 1.0000 (1.0000)  weight_decay: 0.0500 (0.0500)  grad_norm: 0.0006 (0.0006)  time: 0.5946  data: 0.0002  max mem: 30410
Epoch: [14]  [120/159]  eta: 0:00:41  lr: 0.000099  min_lr: 0.000099  loss: 1.0000 (1.0000)  weight_decay: 0.0500 (0.0500)  grad_norm: 0.0006 (0.0006)  time: 0.5959  data: 0.0002  max mem: 30410
Epoch: [14]  [130/159]  eta: 0:00:29  lr: 0.000099  min_lr: 0.000099  loss: 1.0000 (1.0000)  weight_decay: 0.0500 (0.0500)  grad_norm: 0.0006 (0.0006)  time: 0.5989  data: 0.0001  max mem: 30410
Epoch: [14]  [140/159]  eta: 0:00:18  lr: 0.000099  min_lr: 0.000099  loss: 1.0000 (1.0000)  weight_decay: 0.0500 (0.0500)  grad_norm: 0.0007 (0.0007)  time: 0.5989  data: 0.0001  max mem: 30410
Epoch: [14]  [150/159]  eta: 0:00:08  lr: 0.000099  min_lr: 0.000099  loss: 1.0000 (1.0000)  weight_decay: 0.0500 (0.0500)  grad_norm: 0.0006 (0.0007)  time: 0.5971  data: 0.0001  max mem: 30410
Epoch: [14]  [158/159]  eta: 0:00:00  lr: 0.000099  min_lr: 0.000099  loss: 1.0000 (1.0000)  weight_decay: 0.0500 (0.0500)  grad_norm: 0.0006 (0.0007)  time: 0.5972  data: 0.0001  max mem: 30410
Epoch: [14] Total time: 0:02:32 (0.9584 s / it)
Averaged stats: lr: 0.000099  min_lr: 0.000099  loss: 1.0000 (1.0000)  weight_decay: 0.0500 (0.0500)  grad_norm: 0.0006 (0.0007)
Epoch: [15]  [  0/159]  eta: 2:18:17  lr: 0.000099  min_lr: 0.000099  loss: 0.9999 (0.9999)  weight_decay: 0.0500 (0.0500)  grad_norm: 0.0007 (0.0007)  time: 52.1873  data: 44.9260  max mem: 30410
Epoch: [15]  [ 10/159]  eta: 0:14:24  lr: 0.000099  min_lr: 0.000099  loss: 1.0000 (1.0000)  weight_decay: 0.0500 (0.0500)  grad_norm: 0.0007 (0.0007)  time: 5.8034  data: 4.0845  max mem: 30410
Epoch: [15]  [ 20/159]  eta: 0:07:51  lr: 0.000099  min_lr: 0.000099  loss: 1.0000 (1.0000)  weight_decay: 0.0500 (0.0500)  grad_norm: 0.0006 (0.0007)  time: 0.9523  data: 0.0003  max mem: 30410
Epoch: [15]  [ 30/159]  eta: 0:05:21  lr: 0.000099  min_lr: 0.000099  loss: 1.0000 (1.0000)  weight_decay: 0.0500 (0.0500)  grad_norm: 0.0006 (0.0007)  time: 0.6672  data: 0.0002  max mem: 30410
Epoch: [15]  [ 40/159]  eta: 0:04:01  lr: 0.000099  min_lr: 0.000099  loss: 1.0000 (1.0000)  weight_decay: 0.0500 (0.0500)  grad_norm: 0.0007 (0.0008)  time: 0.5962  data: 0.0002  max mem: 30410
Epoch: [15]  [ 50/159]  eta: 0:03:10  lr: 0.000099  min_lr: 0.000099  loss: 1.0000 (1.0000)  weight_decay: 0.0500 (0.0500)  grad_norm: 0.0007 (0.0008)  time: 0.5957  data: 0.0002  max mem: 30410
Epoch: [15]  [ 60/159]  eta: 0:02:34  lr: 0.000099  min_lr: 0.000099  loss: 1.0000 (1.0000)  weight_decay: 0.0500 (0.0500)  grad_norm: 0.0007 (0.0008)  time: 0.5929  data: 0.0002  max mem: 30410
Epoch: [15]  [ 70/159]  eta: 0:02:06  lr: 0.000099  min_lr: 0.000099  loss: 1.0000 (1.0000)  weight_decay: 0.0500 (0.0500)  grad_norm: 0.0007 (0.0007)  time: 0.5909  data: 0.0001  max mem: 30410
Epoch: [15]  [ 80/159]  eta: 0:01:44  lr: 0.000099  min_lr: 0.000099  loss: 1.0000 (1.0000)  weight_decay: 0.0500 (0.0500)  grad_norm: 0.0006 (0.0007)  time: 0.5896  data: 0.0001  max mem: 30410
Epoch: [15]  [ 90/159]  eta: 0:01:25  lr: 0.000099  min_lr: 0.000099  loss: 1.0000 (1.0000)  weight_decay: 0.0500 (0.0500)  grad_norm: 0.0007 (0.0007)  time: 0.5900  data: 0.0001  max mem: 30410
Epoch: [15]  [100/159]  eta: 0:01:09  lr: 0.000099  min_lr: 0.000099  loss: 1.0000 (1.0000)  weight_decay: 0.0500 (0.0500)  grad_norm: 0.0007 (0.0007)  time: 0.5887  data: 0.0001  max mem: 30410
Epoch: [15]  [110/159]  eta: 0:00:54  lr: 0.000099  min_lr: 0.000099  loss: 1.0000 (1.0000)  weight_decay: 0.0500 (0.0500)  grad_norm: 0.0008 (0.0007)  time: 0.5876  data: 0.0002  max mem: 30410
Epoch: [15]  [120/159]  eta: 0:00:42  lr: 0.000099  min_lr: 0.000099  loss: 1.0000 (1.0000)  weight_decay: 0.0500 (0.0500)  grad_norm: 0.0008 (0.0007)  time: 0.5884  data: 0.0001  max mem: 30410
Epoch: [15]  [130/159]  eta: 0:00:30  lr: 0.000099  min_lr: 0.000099  loss: 1.0000 (1.0000)  weight_decay: 0.0500 (0.0500)  grad_norm: 0.0007 (0.0007)  time: 0.5915  data: 0.0001  max mem: 30410
Epoch: [15]  [140/159]  eta: 0:00:19  lr: 0.000099  min_lr: 0.000099  loss: 1.0000 (1.0000)  weight_decay: 0.0500 (0.0500)  grad_norm: 0.0008 (0.0008)  time: 0.5937  data: 0.0001  max mem: 30410
Epoch: [15]  [150/159]  eta: 0:00:08  lr: 0.000099  min_lr: 0.000099  loss: 1.0000 (1.0000)  weight_decay: 0.0500 (0.0500)  grad_norm: 0.0008 (0.0008)  time: 0.5918  data: 0.0001  max mem: 30410
Epoch: [15]  [158/159]  eta: 0:00:00  lr: 0.000099  min_lr: 0.000099  loss: 1.0000 (1.0000)  weight_decay: 0.0500 (0.0500)  grad_norm: 0.0007 (0.0008)  time: 0.5903  data: 0.0001  max mem: 30410
Epoch: [15] Total time: 0:02:34 (0.9686 s / it)
Averaged stats: lr: 0.000099  min_lr: 0.000099  loss: 1.0000 (1.0000)  weight_decay: 0.0500 (0.0500)  grad_norm: 0.0007 (0.0008)
Epoch: [16]  [  0/159]  eta: 2:12:57  lr: 0.000099  min_lr: 0.000099  loss: 0.9999 (0.9999)  weight_decay: 0.0500 (0.0500)  grad_norm: 0.0020 (0.0020)  time: 50.1732  data: 35.4950  max mem: 30410
Epoch: [16]  [ 10/159]  eta: 0:13:44  lr: 0.000099  min_lr: 0.000099  loss: 1.0000 (1.0000)  weight_decay: 0.0500 (0.0500)  grad_norm: 0.0008 (0.0010)  time: 5.5322  data: 3.2271  max mem: 30410
Epoch: [16]  [ 20/159]  eta: 0:07:34  lr: 0.000099  min_lr: 0.000099  loss: 1.0000 (1.0000)  weight_decay: 0.0500 (0.0500)  grad_norm: 0.0008 (0.0009)  time: 0.9274  data: 0.0003  max mem: 30410
Epoch: [16]  [ 30/159]  eta: 0:05:12  lr: 0.000099  min_lr: 0.000099  loss: 1.0000 (1.0000)  weight_decay: 0.0500 (0.0500)  grad_norm: 0.0009 (0.0010)  time: 0.7091  data: 0.0002  max mem: 30410
Epoch: [16]  [ 40/159]  eta: 0:03:55  lr: 0.000099  min_lr: 0.000099  loss: 1.0000 (1.0000)  weight_decay: 0.0500 (0.0500)  grad_norm: 0.0010 (0.0011)  time: 0.6178  data: 0.0001  max mem: 30410
Epoch: [16]  [ 50/159]  eta: 0:03:05  lr: 0.000099  min_lr: 0.000099  loss: 1.0000 (1.0000)  weight_decay: 0.0500 (0.0500)  grad_norm: 0.0008 (0.0010)  time: 0.5971  data: 0.0001  max mem: 30410
Epoch: [16]  [ 60/159]  eta: 0:02:31  lr: 0.000099  min_lr: 0.000099  loss: 1.0000 (1.0000)  weight_decay: 0.0500 (0.0500)  grad_norm: 0.0007 (0.0010)  time: 0.5989  data: 0.0001  max mem: 30410
Epoch: [16]  [ 70/159]  eta: 0:02:04  lr: 0.000099  min_lr: 0.000099  loss: 1.0000 (1.0000)  weight_decay: 0.0500 (0.0500)  grad_norm: 0.0009 (0.0010)  time: 0.6014  data: 0.0001  max mem: 30410
Epoch: [16]  [ 80/159]  eta: 0:01:42  lr: 0.000099  min_lr: 0.000099  loss: 1.0000 (1.0000)  weight_decay: 0.0500 (0.0500)  grad_norm: 0.0010 (0.0010)  time: 0.5925  data: 0.0001  max mem: 30410
Epoch: [16]  [ 90/159]  eta: 0:01:24  lr: 0.000099  min_lr: 0.000099  loss: 1.0000 (1.0000)  weight_decay: 0.0500 (0.0500)  grad_norm: 0.0007 (0.0009)  time: 0.5902  data: 0.0001  max mem: 30410
Epoch: [16]  [100/159]  eta: 0:01:08  lr: 0.000099  min_lr: 0.000099  loss: 1.0000 (1.0000)  weight_decay: 0.0500 (0.0500)  grad_norm: 0.0009 (0.0009)  time: 0.5891  data: 0.0001  max mem: 30410
Epoch: [16]  [110/159]  eta: 0:00:54  lr: 0.000099  min_lr: 0.000099  loss: 1.0000 (1.0000)  weight_decay: 0.0500 (0.0500)  grad_norm: 0.0009 (0.0009)  time: 0.5880  data: 0.0001  max mem: 30410
Epoch: [16]  [120/159]  eta: 0:00:41  lr: 0.000099  min_lr: 0.000099  loss: 1.0000 (1.0000)  weight_decay: 0.0500 (0.0500)  grad_norm: 0.0008 (0.0009)  time: 0.5902  data: 0.0001  max mem: 30410
Epoch: [16]  [130/159]  eta: 0:00:29  lr: 0.000099  min_lr: 0.000099  loss: 1.0000 (1.0000)  weight_decay: 0.0500 (0.0500)  grad_norm: 0.0008 (0.0010)  time: 0.5917  data: 0.0001  max mem: 30410
Epoch: [16]  [140/159]  eta: 0:00:18  lr: 0.000099  min_lr: 0.000099  loss: 1.0000 (1.0000)  weight_decay: 0.0500 (0.0500)  grad_norm: 0.0008 (0.0009)  time: 0.5899  data: 0.0001  max mem: 30410
Epoch: [16]  [150/159]  eta: 0:00:08  lr: 0.000099  min_lr: 0.000099  loss: 1.0000 (1.0000)  weight_decay: 0.0500 (0.0500)  grad_norm: 0.0008 (0.0009)  time: 0.5892  data: 0.0001  max mem: 30410
Epoch: [16]  [158/159]  eta: 0:00:00  lr: 0.000099  min_lr: 0.000099  loss: 1.0000 (1.0000)  weight_decay: 0.0500 (0.0500)  grad_norm: 0.0008 (0.0009)  time: 0.5893  data: 0.0001  max mem: 30410
Epoch: [16] Total time: 0:02:32 (0.9563 s / it)
Averaged stats: lr: 0.000099  min_lr: 0.000099  loss: 1.0000 (1.0000)  weight_decay: 0.0500 (0.0500)  grad_norm: 0.0008 (0.0009)
Epoch: [17]  [  0/159]  eta: 2:18:20  lr: 0.000099  min_lr: 0.000099  loss: 0.9999 (0.9999)  weight_decay: 0.0500 (0.0500)  grad_norm: 0.0015 (0.0015)  time: 52.2020  data: 45.8428  max mem: 30410
Epoch: [17]  [ 10/159]  eta: 0:13:47  lr: 0.000098  min_lr: 0.000098  loss: 1.0000 (1.0000)  weight_decay: 0.0500 (0.0500)  grad_norm: 0.0010 (0.0012)  time: 5.5525  data: 4.1680  max mem: 30410
Epoch: [17]  [ 20/159]  eta: 0:07:30  lr: 0.000098  min_lr: 0.000098  loss: 1.0000 (0.9999)  weight_decay: 0.0500 (0.0500)  grad_norm: 0.0010 (0.0012)  time: 0.7936  data: 0.0004  max mem: 30410
Epoch: [17]  [ 30/159]  eta: 0:05:08  lr: 0.000098  min_lr: 0.000098  loss: 1.0000 (1.0000)  weight_decay: 0.0500 (0.0500)  grad_norm: 0.0011 (0.0012)  time: 0.6470  data: 0.0002  max mem: 30410
Epoch: [17]  [ 40/159]  eta: 0:03:51  lr: 0.000098  min_lr: 0.000098  loss: 1.0000 (1.0000)  weight_decay: 0.0500 (0.0500)  grad_norm: 0.0010 (0.0011)  time: 0.5919  data: 0.0001  max mem: 30410
Epoch: [17]  [ 50/159]  eta: 0:03:03  lr: 0.000098  min_lr: 0.000098  loss: 1.0000 (1.0000)  weight_decay: 0.0500 (0.0500)  grad_norm: 0.0009 (0.0011)  time: 0.5904  data: 0.0001  max mem: 30410
Epoch: [17]  [ 60/159]  eta: 0:02:28  lr: 0.000098  min_lr: 0.000098  loss: 1.0000 (1.0000)  weight_decay: 0.0500 (0.0500)  grad_norm: 0.0009 (0.0011)  time: 0.5900  data: 0.0001  max mem: 30410
Epoch: [17]  [ 70/159]  eta: 0:02:02  lr: 0.000098  min_lr: 0.000098  loss: 1.0000 (1.0000)  weight_decay: 0.0500 (0.0500)  grad_norm: 0.0011 (0.0012)  time: 0.5887  data: 0.0001  max mem: 30410
Epoch: [17]  [ 80/159]  eta: 0:01:40  lr: 0.000098  min_lr: 0.000098  loss: 1.0000 (1.0000)  weight_decay: 0.0500 (0.0500)  grad_norm: 0.0014 (0.0012)  time: 0.5899  data: 0.0001  max mem: 30410
Epoch: [17]  [ 90/159]  eta: 0:01:22  lr: 0.000098  min_lr: 0.000098  loss: 1.0000 (1.0000)  weight_decay: 0.0500 (0.0500)  grad_norm: 0.0010 (0.0012)  time: 0.5895  data: 0.0001  max mem: 30410
Epoch: [17]  [100/159]  eta: 0:01:07  lr: 0.000098  min_lr: 0.000098  loss: 1.0000 (1.0000)  weight_decay: 0.0500 (0.0500)  grad_norm: 0.0009 (0.0011)  time: 0.5881  data: 0.0001  max mem: 30410
Epoch: [17]  [110/159]  eta: 0:00:53  lr: 0.000098  min_lr: 0.000098  loss: 1.0000 (1.0000)  weight_decay: 0.0500 (0.0500)  grad_norm: 0.0012 (0.0012)  time: 0.5885  data: 0.0001  max mem: 30410
Epoch: [17]  [120/159]  eta: 0:00:40  lr: 0.000098  min_lr: 0.000098  loss: 1.0000 (1.0000)  weight_decay: 0.0500 (0.0500)  grad_norm: 0.0012 (0.0012)  time: 0.5896  data: 0.0001  max mem: 30410
Epoch: [17]  [130/159]  eta: 0:00:29  lr: 0.000098  min_lr: 0.000098  loss: 1.0000 (1.0000)  weight_decay: 0.0500 (0.0500)  grad_norm: 0.0012 (0.0012)  time: 0.5893  data: 0.0001  max mem: 30410
Epoch: [17]  [140/159]  eta: 0:00:18  lr: 0.000098  min_lr: 0.000098  loss: 1.0000 (1.0000)  weight_decay: 0.0500 (0.0500)  grad_norm: 0.0011 (0.0012)  time: 0.5881  data: 0.0001  max mem: 30410
Epoch: [17]  [150/159]  eta: 0:00:08  lr: 0.000098  min_lr: 0.000098  loss: 1.0000 (1.0000)  weight_decay: 0.0500 (0.0500)  grad_norm: 0.0010 (0.0012)  time: 0.5882  data: 0.0001  max mem: 30410
Epoch: [17]  [158/159]  eta: 0:00:00  lr: 0.000098  min_lr: 0.000098  loss: 1.0000 (1.0000)  weight_decay: 0.0500 (0.0500)  grad_norm: 0.0009 (0.0012)  time: 0.5895  data: 0.0001  max mem: 30410
Epoch: [17] Total time: 0:02:30 (0.9479 s / it)
Averaged stats: lr: 0.000098  min_lr: 0.000098  loss: 1.0000 (1.0000)  weight_decay: 0.0500 (0.0500)  grad_norm: 0.0009 (0.0012)
Epoch: [18]  [  0/159]  eta: 2:09:20  lr: 0.000098  min_lr: 0.000098  loss: 0.9999 (0.9999)  weight_decay: 0.0500 (0.0500)  grad_norm: 0.0010 (0.0010)  time: 48.8055  data: 42.2991  max mem: 30410
Epoch: [18]  [ 10/159]  eta: 0:13:27  lr: 0.000098  min_lr: 0.000098  loss: 1.0000 (1.0000)  weight_decay: 0.0500 (0.0500)  grad_norm: 0.0014 (0.0020)  time: 5.4181  data: 3.8458  max mem: 30410
Epoch: [18]  [ 20/159]  eta: 0:07:26  lr: 0.000098  min_lr: 0.000098  loss: 1.0000 (1.0000)  weight_decay: 0.0500 (0.0500)  grad_norm: 0.0014 (0.0018)  time: 0.9341  data: 0.0005  max mem: 30410
Epoch: [18]  [ 30/159]  eta: 0:05:05  lr: 0.000098  min_lr: 0.000098  loss: 1.0000 (1.0000)  weight_decay: 0.0500 (0.0500)  grad_norm: 0.0010 (0.0015)  time: 0.6936  data: 0.0003  max mem: 30410
Epoch: [18]  [ 40/159]  eta: 0:03:50  lr: 0.000098  min_lr: 0.000098  loss: 1.0000 (1.0000)  weight_decay: 0.0500 (0.0500)  grad_norm: 0.0009 (0.0014)  time: 0.5943  data: 0.0001  max mem: 30410
Epoch: [18]  [ 50/159]  eta: 0:03:02  lr: 0.000098  min_lr: 0.000098  loss: 1.0000 (1.0000)  weight_decay: 0.0500 (0.0500)  grad_norm: 0.0010 (0.0014)  time: 0.5904  data: 0.0001  max mem: 30410
Epoch: [18]  [ 60/159]  eta: 0:02:27  lr: 0.000098  min_lr: 0.000098  loss: 1.0000 (1.0000)  weight_decay: 0.0500 (0.0500)  grad_norm: 0.0011 (0.0014)  time: 0.5905  data: 0.0001  max mem: 30410
Epoch: [18]  [ 70/159]  eta: 0:02:01  lr: 0.000098  min_lr: 0.000098  loss: 1.0000 (1.0000)  weight_decay: 0.0500 (0.0500)  grad_norm: 0.0011 (0.0014)  time: 0.5925  data: 0.0001  max mem: 30410
Epoch: [18]  [ 80/159]  eta: 0:01:40  lr: 0.000098  min_lr: 0.000098  loss: 1.0000 (1.0000)  weight_decay: 0.0500 (0.0500)  grad_norm: 0.0011 (0.0014)  time: 0.5923  data: 0.0001  max mem: 30410
Epoch: [18]  [ 90/159]  eta: 0:01:22  lr: 0.000098  min_lr: 0.000098  loss: 1.0000 (1.0000)  weight_decay: 0.0500 (0.0500)  grad_norm: 0.0011 (0.0013)  time: 0.5900  data: 0.0001  max mem: 30410
Epoch: [18]  [100/159]  eta: 0:01:07  lr: 0.000098  min_lr: 0.000098  loss: 1.0000 (1.0000)  weight_decay: 0.0500 (0.0500)  grad_norm: 0.0012 (0.0013)  time: 0.5906  data: 0.0001  max mem: 30410
Epoch: [18]  [110/159]  eta: 0:00:53  lr: 0.000098  min_lr: 0.000098  loss: 1.0000 (1.0000)  weight_decay: 0.0500 (0.0500)  grad_norm: 0.0013 (0.0013)  time: 0.5905  data: 0.0001  max mem: 30410
Epoch: [18]  [120/159]  eta: 0:00:40  lr: 0.000098  min_lr: 0.000098  loss: 1.0000 (1.0000)  weight_decay: 0.0500 (0.0500)  grad_norm: 0.0015 (0.0013)  time: 0.5895  data: 0.0001  max mem: 30410
Epoch: [18]  [130/159]  eta: 0:00:29  lr: 0.000098  min_lr: 0.000098  loss: 1.0000 (1.0000)  weight_decay: 0.0500 (0.0500)  grad_norm: 0.0012 (0.0013)  time: 0.5891  data: 0.0001  max mem: 30410
Epoch: [18]  [140/159]  eta: 0:00:18  lr: 0.000098  min_lr: 0.000098  loss: 1.0000 (1.0000)  weight_decay: 0.0500 (0.0500)  grad_norm: 0.0012 (0.0013)  time: 0.5903  data: 0.0001  max mem: 30410
Epoch: [18]  [150/159]  eta: 0:00:08  lr: 0.000098  min_lr: 0.000098  loss: 1.0000 (1.0000)  weight_decay: 0.0500 (0.0500)  grad_norm: 0.0010 (0.0013)  time: 0.5909  data: 0.0001  max mem: 30410
Epoch: [18]  [158/159]  eta: 0:00:00  lr: 0.000098  min_lr: 0.000098  loss: 1.0000 (1.0000)  weight_decay: 0.0500 (0.0500)  grad_norm: 0.0010 (0.0013)  time: 0.5893  data: 0.0001  max mem: 30410
Epoch: [18] Total time: 0:02:30 (0.9453 s / it)
Averaged stats: lr: 0.000098  min_lr: 0.000098  loss: 1.0000 (1.0000)  weight_decay: 0.0500 (0.0500)  grad_norm: 0.0010 (0.0013)
Epoch: [19]  [  0/159]  eta: 2:11:51  lr: 0.000098  min_lr: 0.000098  loss: 0.9998 (0.9998)  weight_decay: 0.0500 (0.0500)  grad_norm: 0.0048 (0.0048)  time: 49.7576  data: 44.5608  max mem: 30410
Epoch: [19]  [ 10/159]  eta: 0:13:30  lr: 0.000098  min_lr: 0.000098  loss: 0.9999 (0.9999)  weight_decay: 0.0500 (0.0500)  grad_norm: 0.0015 (0.0018)  time: 5.4382  data: 4.0514  max mem: 30410
Epoch: [19]  [ 20/159]  eta: 0:07:28  lr: 0.000097  min_lr: 0.000097  loss: 1.0000 (1.0000)  weight_decay: 0.0500 (0.0500)  grad_norm: 0.0011 (0.0015)  time: 0.8987  data: 0.0004  max mem: 30410
Epoch: [19]  [ 30/159]  eta: 0:05:06  lr: 0.000097  min_lr: 0.000097  loss: 1.0000 (1.0000)  weight_decay: 0.0500 (0.0500)  grad_norm: 0.0010 (0.0013)  time: 0.6868  data: 0.0002  max mem: 30410
Epoch: [19]  [ 40/159]  eta: 0:03:50  lr: 0.000097  min_lr: 0.000097  loss: 1.0000 (1.0000)  weight_decay: 0.0500 (0.0500)  grad_norm: 0.0011 (0.0013)  time: 0.5808  data: 0.0002  max mem: 30410
Epoch: [19]  [ 50/159]  eta: 0:03:01  lr: 0.000097  min_lr: 0.000097  loss: 1.0000 (1.0000)  weight_decay: 0.0500 (0.0500)  grad_norm: 0.0011 (0.0013)  time: 0.5796  data: 0.0001  max mem: 30410
Epoch: [19]  [ 60/159]  eta: 0:02:27  lr: 0.000097  min_lr: 0.000097  loss: 1.0000 (1.0000)  weight_decay: 0.0500 (0.0500)  grad_norm: 0.0013 (0.0014)  time: 0.5801  data: 0.0001  max mem: 30410
Epoch: [19]  [ 70/159]  eta: 0:02:01  lr: 0.000097  min_lr: 0.000097  loss: 1.0000 (1.0000)  weight_decay: 0.0500 (0.0500)  grad_norm: 0.0013 (0.0013)  time: 0.5795  data: 0.0002  max mem: 30410
Epoch: [19]  [ 80/159]  eta: 0:01:40  lr: 0.000097  min_lr: 0.000097  loss: 1.0000 (1.0000)  weight_decay: 0.0500 (0.0500)  grad_norm: 0.0011 (0.0014)  time: 0.5791  data: 0.0002  max mem: 30410
Epoch: [19]  [ 90/159]  eta: 0:01:22  lr: 0.000097  min_lr: 0.000097  loss: 1.0000 (1.0000)  weight_decay: 0.0500 (0.0500)  grad_norm: 0.0011 (0.0014)  time: 0.5779  data: 0.0001  max mem: 30410
Epoch: [19]  [100/159]  eta: 0:01:06  lr: 0.000097  min_lr: 0.000097  loss: 1.0000 (1.0000)  weight_decay: 0.0500 (0.0500)  grad_norm: 0.0015 (0.0014)  time: 0.5771  data: 0.0001  max mem: 30410
Epoch: [19]  [110/159]  eta: 0:00:52  lr: 0.000097  min_lr: 0.000097  loss: 1.0000 (1.0000)  weight_decay: 0.0500 (0.0500)  grad_norm: 0.0013 (0.0014)  time: 0.5781  data: 0.0001  max mem: 30410
Epoch: [19]  [120/159]  eta: 0:00:40  lr: 0.000097  min_lr: 0.000097  loss: 1.0000 (1.0000)  weight_decay: 0.0500 (0.0500)  grad_norm: 0.0011 (0.0014)  time: 0.5799  data: 0.0001  max mem: 30410
Epoch: [19]  [130/159]  eta: 0:00:29  lr: 0.000097  min_lr: 0.000097  loss: 1.0000 (1.0000)  weight_decay: 0.0500 (0.0500)  grad_norm: 0.0012 (0.0014)  time: 0.5794  data: 0.0001  max mem: 30410
Epoch: [19]  [140/159]  eta: 0:00:18  lr: 0.000097  min_lr: 0.000097  loss: 0.9999 (1.0000)  weight_decay: 0.0500 (0.0500)  grad_norm: 0.0016 (0.0014)  time: 0.5775  data: 0.0001  max mem: 30410
Epoch: [19]  [150/159]  eta: 0:00:08  lr: 0.000097  min_lr: 0.000097  loss: 1.0000 (1.0000)  weight_decay: 0.0500 (0.0500)  grad_norm: 0.0017 (0.0014)  time: 0.5773  data: 0.0001  max mem: 30410
Epoch: [19]  [158/159]  eta: 0:00:00  lr: 0.000097  min_lr: 0.000097  loss: 1.0000 (1.0000)  weight_decay: 0.0500 (0.0500)  grad_norm: 0.0015 (0.0014)  time: 0.5776  data: 0.0001  max mem: 30410
Epoch: [19] Total time: 0:02:28 (0.9369 s / it)
Averaged stats: lr: 0.000097  min_lr: 0.000097  loss: 1.0000 (1.0000)  weight_decay: 0.0500 (0.0500)  grad_norm: 0.0015 (0.0014)
Epoch: [20]  [  0/159]  eta: 2:13:38  lr: 0.000097  min_lr: 0.000097  loss: 0.9999 (0.9999)  weight_decay: 0.0500 (0.0500)  grad_norm: 0.0029 (0.0029)  time: 50.4336  data: 44.6133  max mem: 30410
Epoch: [20]  [ 10/159]  eta: 0:13:50  lr: 0.000097  min_lr: 0.000097  loss: 0.9999 (0.9999)  weight_decay: 0.0500 (0.0500)  grad_norm: 0.0017 (0.0019)  time: 5.5762  data: 4.0561  max mem: 30410
Epoch: [20]  [ 20/159]  eta: 0:07:34  lr: 0.000097  min_lr: 0.000097  loss: 1.0000 (0.9999)  weight_decay: 0.0500 (0.0500)  grad_norm: 0.0013 (0.0016)  time: 0.9099  data: 0.0003  max mem: 30410
Epoch: [20]  [ 30/159]  eta: 0:05:10  lr: 0.000097  min_lr: 0.000097  loss: 1.0000 (0.9999)  weight_decay: 0.0500 (0.0500)  grad_norm: 0.0011 (0.0014)  time: 0.6613  data: 0.0002  max mem: 30410
Epoch: [20]  [ 40/159]  eta: 0:03:53  lr: 0.000097  min_lr: 0.000097  loss: 1.0000 (1.0000)  weight_decay: 0.0500 (0.0500)  grad_norm: 0.0011 (0.0014)  time: 0.5927  data: 0.0002  max mem: 30410
Epoch: [20]  [ 50/159]  eta: 0:03:04  lr: 0.000097  min_lr: 0.000097  loss: 1.0000 (1.0000)  weight_decay: 0.0500 (0.0500)  grad_norm: 0.0015 (0.0014)  time: 0.5865  data: 0.0002  max mem: 30410
Epoch: [20]  [ 60/159]  eta: 0:02:29  lr: 0.000097  min_lr: 0.000097  loss: 1.0000 (1.0000)  weight_decay: 0.0500 (0.0500)  grad_norm: 0.0018 (0.0016)  time: 0.5823  data: 0.0001  max mem: 30410
Epoch: [20]  [ 70/159]  eta: 0:02:02  lr: 0.000097  min_lr: 0.000097  loss: 1.0000 (1.0000)  weight_decay: 0.0500 (0.0500)  grad_norm: 0.0021 (0.0017)  time: 0.5814  data: 0.0001  max mem: 30410
Epoch: [20]  [ 80/159]  eta: 0:01:41  lr: 0.000097  min_lr: 0.000097  loss: 1.0000 (1.0000)  weight_decay: 0.0500 (0.0500)  grad_norm: 0.0021 (0.0018)  time: 0.5776  data: 0.0001  max mem: 30410
Epoch: [20]  [ 90/159]  eta: 0:01:22  lr: 0.000097  min_lr: 0.000097  loss: 0.9999 (1.0000)  weight_decay: 0.0500 (0.0500)  grad_norm: 0.0013 (0.0017)  time: 0.5760  data: 0.0001  max mem: 30410
Epoch: [20]  [100/159]  eta: 0:01:07  lr: 0.000097  min_lr: 0.000097  loss: 1.0000 (1.0000)  weight_decay: 0.0500 (0.0500)  grad_norm: 0.0014 (0.0017)  time: 0.5766  data: 0.0001  max mem: 30410
Epoch: [20]  [110/159]  eta: 0:00:53  lr: 0.000097  min_lr: 0.000097  loss: 1.0000 (1.0000)  weight_decay: 0.0500 (0.0500)  grad_norm: 0.0017 (0.0018)  time: 0.5777  data: 0.0001  max mem: 30410
Epoch: [20]  [120/159]  eta: 0:00:40  lr: 0.000097  min_lr: 0.000097  loss: 1.0000 (1.0000)  weight_decay: 0.0500 (0.0500)  grad_norm: 0.0017 (0.0018)  time: 0.5768  data: 0.0001  max mem: 30410
Epoch: [20]  [130/159]  eta: 0:00:29  lr: 0.000096  min_lr: 0.000096  loss: 1.0000 (1.0000)  weight_decay: 0.0500 (0.0500)  grad_norm: 0.0016 (0.0018)  time: 0.5759  data: 0.0001  max mem: 30410
Epoch: [20]  [140/159]  eta: 0:00:18  lr: 0.000096  min_lr: 0.000096  loss: 1.0000 (1.0000)  weight_decay: 0.0500 (0.0500)  grad_norm: 0.0023 (0.0018)  time: 0.5759  data: 0.0001  max mem: 30410
Epoch: [20]  [150/159]  eta: 0:00:08  lr: 0.000096  min_lr: 0.000096  loss: 1.0000 (1.0000)  weight_decay: 0.0500 (0.0500)  grad_norm: 0.0023 (0.0019)  time: 0.5765  data: 0.0001  max mem: 30410
Epoch: [20]  [158/159]  eta: 0:00:00  lr: 0.000096  min_lr: 0.000096  loss: 1.0000 (1.0000)  weight_decay: 0.0500 (0.0500)  grad_norm: 0.0019 (0.0019)  time: 0.5814  data: 0.0001  max mem: 30410
Epoch: [20] Total time: 0:02:29 (0.9430 s / it)
Averaged stats: lr: 0.000096  min_lr: 0.000096  loss: 1.0000 (1.0000)  weight_decay: 0.0500 (0.0500)  grad_norm: 0.0019 (0.0019)
[Eval]   [0/2]  eta: 0:00:10  loss: 0.9999 (0.9999)  time: 5.0231  data: 4.8592  max mem: 30410
[Eval]   [1/2]  eta: 0:00:02  loss: 0.9999 (1.0000)  time: 2.5614  data: 2.4297  max mem: 30410
[Eval]  Total time: 0:00:05 (2.8551 s / it)
Eval averaged stats: loss: 0.9999 (1.0000)
[Eval] Image Metrics:  [0/2]  eta: 0:00:11    time: 5.8418  data: 5.2452  max mem: 30410
[Eval] Image Metrics:  [1/2]  eta: 0:00:02    time: 2.9740  data: 2.6227  max mem: 30410
[Eval] Image Metrics: Total time: 0:00:06 (3.3738 s / it)
[Eval] Metric Results: [Eval] MSE: 0.0000 (0.0000)  [Eval] MAE: 0.0000 (0.0000)  [Eval] PSNR: 47.0051 (47.0051)  [Eval] MS-SSIM: 0.9991 (0.9991)
Logged 9 eval images
Epoch: [21]  [  0/159]  eta: 1:49:12  lr: 0.000096  min_lr: 0.000096  loss: 0.9999 (0.9999)  weight_decay: 0.0500 (0.0500)  grad_norm: 0.0041 (0.0041)  time: 41.2100  data: 40.2889  max mem: 30410
Epoch: [21]  [ 10/159]  eta: 0:11:41  lr: 0.000096  min_lr: 0.000096  loss: 1.0000 (0.9999)  weight_decay: 0.0500 (0.0500)  grad_norm: 0.0019 (0.0023)  time: 4.7092  data: 3.7540  max mem: 30410
Epoch: [21]  [ 20/159]  eta: 0:06:23  lr: 0.000096  min_lr: 0.000096  loss: 1.0000 (1.0000)  weight_decay: 0.0500 (0.0500)  grad_norm: 0.0016 (0.0019)  time: 0.8379  data: 0.0503  max mem: 30410
Epoch: [21]  [ 30/159]  eta: 0:04:26  lr: 0.000096  min_lr: 0.000096  loss: 1.0000 (1.0000)  weight_decay: 0.0500 (0.0500)  grad_norm: 0.0013 (0.0019)  time: 0.6142  data: 0.0002  max mem: 30410
Epoch: [21]  [ 40/159]  eta: 0:03:23  lr: 0.000096  min_lr: 0.000096  loss: 1.0000 (0.9999)  weight_decay: 0.0500 (0.0500)  grad_norm: 0.0017 (0.0019)  time: 0.6081  data: 0.0002  max mem: 30410
Epoch: [21]  [ 50/159]  eta: 0:02:45  lr: 0.000096  min_lr: 0.000096  loss: 1.0000 (1.0000)  weight_decay: 0.0500 (0.0500)  grad_norm: 0.0018 (0.0019)  time: 0.6652  data: 0.0001  max mem: 30410
Epoch: [21]  [ 60/159]  eta: 0:02:17  lr: 0.000096  min_lr: 0.000096  loss: 1.0000 (1.0000)  weight_decay: 0.0500 (0.0500)  grad_norm: 0.0019 (0.0020)  time: 0.7187  data: 0.0001  max mem: 30410
Epoch: [21]  [ 70/159]  eta: 0:01:54  lr: 0.000096  min_lr: 0.000096  loss: 1.0000 (1.0000)  weight_decay: 0.0500 (0.0500)  grad_norm: 0.0018 (0.0020)  time: 0.6816  data: 0.0001  max mem: 30410
Epoch: [21]  [ 80/159]  eta: 0:01:34  lr: 0.000096  min_lr: 0.000096  loss: 1.0000 (0.9999)  weight_decay: 0.0500 (0.0500)  grad_norm: 0.0020 (0.0020)  time: 0.6267  data: 0.0001  max mem: 30410
Epoch: [21]  [ 90/159]  eta: 0:01:17  lr: 0.000096  min_lr: 0.000096  loss: 1.0000 (0.9999)  weight_decay: 0.0500 (0.0500)  grad_norm: 0.0020 (0.0020)  time: 0.5924  data: 0.0001  max mem: 30410
Epoch: [21]  [100/159]  eta: 0:01:03  lr: 0.000096  min_lr: 0.000096  loss: 1.0000 (1.0000)  weight_decay: 0.0500 (0.0500)  grad_norm: 0.0019 (0.0021)  time: 0.5827  data: 0.0001  max mem: 30410
Epoch: [21]  [110/159]  eta: 0:00:50  lr: 0.000096  min_lr: 0.000096  loss: 1.0000 (1.0000)  weight_decay: 0.0500 (0.0500)  grad_norm: 0.0023 (0.0021)  time: 0.5797  data: 0.0002  max mem: 30410
Epoch: [21]  [120/159]  eta: 0:00:38  lr: 0.000096  min_lr: 0.000096  loss: 1.0000 (1.0000)  weight_decay: 0.0500 (0.0500)  grad_norm: 0.0021 (0.0022)  time: 0.5765  data: 0.0002  max mem: 30410
Epoch: [21]  [130/159]  eta: 0:00:27  lr: 0.000096  min_lr: 0.000096  loss: 1.0000 (0.9999)  weight_decay: 0.0500 (0.0500)  grad_norm: 0.0021 (0.0022)  time: 0.5759  data: 0.0001  max mem: 30410
Epoch: [21]  [140/159]  eta: 0:00:17  lr: 0.000096  min_lr: 0.000096  loss: 1.0000 (0.9999)  weight_decay: 0.0500 (0.0500)  grad_norm: 0.0021 (0.0023)  time: 0.5768  data: 0.0001  max mem: 30410
Epoch: [21]  [150/159]  eta: 0:00:08  lr: 0.000096  min_lr: 0.000096  loss: 1.0000 (0.9999)  weight_decay: 0.0500 (0.0500)  grad_norm: 0.0025 (0.0023)  time: 0.5767  data: 0.0001  max mem: 30410
Epoch: [21]  [158/159]  eta: 0:00:00  lr: 0.000096  min_lr: 0.000096  loss: 1.0000 (0.9999)  weight_decay: 0.0500 (0.0500)  grad_norm: 0.0022 (0.0023)  time: 0.5762  data: 0.0001  max mem: 30410
Epoch: [21] Total time: 0:02:23 (0.9027 s / it)
Averaged stats: lr: 0.000096  min_lr: 0.000096  loss: 1.0000 (0.9999)  weight_decay: 0.0500 (0.0500)  grad_norm: 0.0022 (0.0023)
Epoch: [22]  [  0/159]  eta: 2:17:17  lr: 0.000096  min_lr: 0.000096  loss: 0.9999 (0.9999)  weight_decay: 0.0500 (0.0500)  grad_norm: 0.0026 (0.0026)  time: 51.8097  data: 26.2904  max mem: 30410
Epoch: [22]  [ 10/159]  eta: 0:14:04  lr: 0.000096  min_lr: 0.000096  loss: 0.9999 (0.9999)  weight_decay: 0.0500 (0.0500)  grad_norm: 0.0024 (0.0025)  time: 5.6689  data: 2.3903  max mem: 30410
Epoch: [22]  [ 20/159]  eta: 0:07:42  lr: 0.000096  min_lr: 0.000096  loss: 0.9999 (0.9999)  weight_decay: 0.0500 (0.0500)  grad_norm: 0.0022 (0.0024)  time: 0.9060  data: 0.0003  max mem: 30410
Epoch: [22]  [ 30/159]  eta: 0:05:17  lr: 0.000096  min_lr: 0.000096  loss: 1.0000 (0.9999)  weight_decay: 0.0500 (0.0500)  grad_norm: 0.0021 (0.0024)  time: 0.6985  data: 0.0003  max mem: 30410
Epoch: [22]  [ 40/159]  eta: 0:03:58  lr: 0.000095  min_lr: 0.000095  loss: 1.0000 (0.9999)  weight_decay: 0.0500 (0.0500)  grad_norm: 0.0020 (0.0023)  time: 0.6202  data: 0.0001  max mem: 30410
Epoch: [22]  [ 50/159]  eta: 0:03:08  lr: 0.000095  min_lr: 0.000095  loss: 1.0000 (0.9999)  weight_decay: 0.0500 (0.0500)  grad_norm: 0.0018 (0.0022)  time: 0.5944  data: 0.0002  max mem: 30410
Epoch: [22]  [ 60/159]  eta: 0:02:32  lr: 0.000095  min_lr: 0.000095  loss: 1.0000 (0.9999)  weight_decay: 0.0500 (0.0500)  grad_norm: 0.0019 (0.0022)  time: 0.5850  data: 0.0002  max mem: 30410
Epoch: [22]  [ 70/159]  eta: 0:02:05  lr: 0.000095  min_lr: 0.000095  loss: 1.0000 (0.9999)  weight_decay: 0.0500 (0.0500)  grad_norm: 0.0020 (0.0022)  time: 0.5933  data: 0.0001  max mem: 30410
Epoch: [22]  [ 80/159]  eta: 0:01:44  lr: 0.000095  min_lr: 0.000095  loss: 1.0000 (0.9999)  weight_decay: 0.0500 (0.0500)  grad_norm: 0.0020 (0.0022)  time: 0.6588  data: 0.0002  max mem: 30410
Epoch: [22]  [ 90/159]  eta: 0:01:26  lr: 0.000095  min_lr: 0.000095  loss: 1.0000 (0.9999)  weight_decay: 0.0500 (0.0500)  grad_norm: 0.0016 (0.0021)  time: 0.6989  data: 0.0002  max mem: 30410
Epoch: [22]  [100/159]  eta: 0:01:10  lr: 0.000095  min_lr: 0.000095  loss: 1.0000 (0.9999)  weight_decay: 0.0500 (0.0500)  grad_norm: 0.0016 (0.0021)  time: 0.6606  data: 0.0002  max mem: 30410
Epoch: [22]  [110/159]  eta: 0:00:55  lr: 0.000095  min_lr: 0.000095  loss: 1.0000 (0.9999)  weight_decay: 0.0500 (0.0500)  grad_norm: 0.0024 (0.0022)  time: 0.6242  data: 0.0002  max mem: 30410
Epoch: [22]  [120/159]  eta: 0:00:42  lr: 0.000095  min_lr: 0.000095  loss: 1.0000 (0.9999)  weight_decay: 0.0500 (0.0500)  grad_norm: 0.0025 (0.0022)  time: 0.6047  data: 0.0002  max mem: 30410
Epoch: [22]  [130/159]  eta: 0:00:30  lr: 0.000095  min_lr: 0.000095  loss: 1.0000 (0.9999)  weight_decay: 0.0500 (0.0500)  grad_norm: 0.0020 (0.0022)  time: 0.6057  data: 0.0002  max mem: 30410
Epoch: [22]  [140/159]  eta: 0:00:19  lr: 0.000095  min_lr: 0.000095  loss: 0.9999 (0.9999)  weight_decay: 0.0500 (0.0500)  grad_norm: 0.0019 (0.0023)  time: 0.6064  data: 0.0002  max mem: 30410
Epoch: [22]  [150/159]  eta: 0:00:08  lr: 0.000095  min_lr: 0.000095  loss: 1.0000 (0.9999)  weight_decay: 0.0500 (0.0500)  grad_norm: 0.0021 (0.0023)  time: 0.5917  data: 0.0002  max mem: 30410
Epoch: [22]  [158/159]  eta: 0:00:00  lr: 0.000095  min_lr: 0.000095  loss: 1.0000 (0.9999)  weight_decay: 0.0500 (0.0500)  grad_norm: 0.0024 (0.0024)  time: 0.5848  data: 0.0002  max mem: 30410
Epoch: [22] Total time: 0:02:36 (0.9841 s / it)
Averaged stats: lr: 0.000095  min_lr: 0.000095  loss: 1.0000 (0.9999)  weight_decay: 0.0500 (0.0500)  grad_norm: 0.0024 (0.0024)
Epoch: [23]  [  0/159]  eta: 2:19:28  lr: 0.000095  min_lr: 0.000095  loss: 0.9998 (0.9998)  weight_decay: 0.0500 (0.0500)  grad_norm: 0.0025 (0.0025)  time: 52.6307  data: 42.0924  max mem: 30410
Epoch: [23]  [ 10/159]  eta: 0:13:56  lr: 0.000095  min_lr: 0.000095  loss: 1.0000 (0.9999)  weight_decay: 0.0500 (0.0500)  grad_norm: 0.0025 (0.0036)  time: 5.6158  data: 3.8270  max mem: 30410
Epoch: [23]  [ 20/159]  eta: 0:07:37  lr: 0.000095  min_lr: 0.000095  loss: 1.0000 (0.9999)  weight_decay: 0.0500 (0.0500)  grad_norm: 0.0026 (0.0036)  time: 0.8277  data: 0.0004  max mem: 30410
Epoch: [23]  [ 30/159]  eta: 0:05:12  lr: 0.000095  min_lr: 0.000095  loss: 1.0000 (0.9999)  weight_decay: 0.0500 (0.0500)  grad_norm: 0.0025 (0.0031)  time: 0.6665  data: 0.0002  max mem: 30410
Epoch: [23]  [ 40/159]  eta: 0:03:54  lr: 0.000095  min_lr: 0.000095  loss: 1.0000 (0.9999)  weight_decay: 0.0500 (0.0500)  grad_norm: 0.0021 (0.0032)  time: 0.5868  data: 0.0002  max mem: 30410
Epoch: [23]  [ 50/159]  eta: 0:03:05  lr: 0.000095  min_lr: 0.000095  loss: 1.0000 (0.9999)  weight_decay: 0.0500 (0.0500)  grad_norm: 0.0021 (0.0030)  time: 0.5799  data: 0.0002  max mem: 30410
Epoch: [23]  [ 60/159]  eta: 0:02:30  lr: 0.000095  min_lr: 0.000095  loss: 1.0000 (0.9999)  weight_decay: 0.0500 (0.0500)  grad_norm: 0.0017 (0.0029)  time: 0.5787  data: 0.0002  max mem: 30410
Epoch: [23]  [ 70/159]  eta: 0:02:03  lr: 0.000095  min_lr: 0.000095  loss: 1.0000 (1.0000)  weight_decay: 0.0500 (0.0500)  grad_norm: 0.0022 (0.0029)  time: 0.5793  data: 0.0002  max mem: 30410
Epoch: [23]  [ 80/159]  eta: 0:01:41  lr: 0.000095  min_lr: 0.000095  loss: 1.0000 (0.9999)  weight_decay: 0.0500 (0.0500)  grad_norm: 0.0022 (0.0029)  time: 0.5802  data: 0.0001  max mem: 30410
Epoch: [23]  [ 90/159]  eta: 0:01:23  lr: 0.000094  min_lr: 0.000094  loss: 0.9999 (0.9999)  weight_decay: 0.0500 (0.0500)  grad_norm: 0.0019 (0.0028)  time: 0.5793  data: 0.0001  max mem: 30410
Epoch: [23]  [100/159]  eta: 0:01:07  lr: 0.000094  min_lr: 0.000094  loss: 1.0000 (0.9999)  weight_decay: 0.0500 (0.0500)  grad_norm: 0.0023 (0.0029)  time: 0.5778  data: 0.0001  max mem: 30410
Epoch: [23]  [110/159]  eta: 0:00:53  lr: 0.000094  min_lr: 0.000094  loss: 1.0000 (0.9999)  weight_decay: 0.0500 (0.0500)  grad_norm: 0.0023 (0.0029)  time: 0.5794  data: 0.0001  max mem: 30410
Epoch: [23]  [120/159]  eta: 0:00:41  lr: 0.000094  min_lr: 0.000094  loss: 1.0000 (0.9999)  weight_decay: 0.0500 (0.0500)  grad_norm: 0.0022 (0.0028)  time: 0.5803  data: 0.0001  max mem: 30410
Epoch: [23]  [130/159]  eta: 0:00:29  lr: 0.000094  min_lr: 0.000094  loss: 1.0000 (0.9999)  weight_decay: 0.0500 (0.0500)  grad_norm: 0.0029 (0.0030)  time: 0.5785  data: 0.0001  max mem: 30410
Epoch: [23]  [140/159]  eta: 0:00:18  lr: 0.000094  min_lr: 0.000094  loss: 1.0000 (0.9999)  weight_decay: 0.0500 (0.0500)  grad_norm: 0.0031 (0.0031)  time: 0.5776  data: 0.0002  max mem: 30410
Epoch: [23]  [150/159]  eta: 0:00:08  lr: 0.000094  min_lr: 0.000094  loss: 1.0000 (0.9999)  weight_decay: 0.0500 (0.0500)  grad_norm: 0.0039 (0.0031)  time: 0.5792  data: 0.0002  max mem: 30410
Epoch: [23]  [158/159]  eta: 0:00:00  lr: 0.000094  min_lr: 0.000094  loss: 1.0000 (0.9999)  weight_decay: 0.0500 (0.0500)  grad_norm: 0.0027 (0.0031)  time: 0.5798  data: 0.0002  max mem: 30410
Epoch: [23] Total time: 0:02:30 (0.9452 s / it)
Averaged stats: lr: 0.000094  min_lr: 0.000094  loss: 1.0000 (0.9999)  weight_decay: 0.0500 (0.0500)  grad_norm: 0.0027 (0.0031)
Epoch: [24]  [  0/159]  eta: 2:20:15  lr: 0.000094  min_lr: 0.000094  loss: 0.9999 (0.9999)  weight_decay: 0.0500 (0.0500)  grad_norm: 0.0020 (0.0020)  time: 52.9254  data: 45.4982  max mem: 30410
Epoch: [24]  [ 10/159]  eta: 0:14:22  lr: 0.000094  min_lr: 0.000094  loss: 0.9999 (0.9999)  weight_decay: 0.0500 (0.0500)  grad_norm: 0.0026 (0.0027)  time: 5.7866  data: 4.1367  max mem: 30410
Epoch: [24]  [ 20/159]  eta: 0:07:44  lr: 0.000094  min_lr: 0.000094  loss: 1.0000 (0.9999)  weight_decay: 0.0500 (0.0500)  grad_norm: 0.0025 (0.0024)  time: 0.8640  data: 0.0004  max mem: 30410
Epoch: [24]  [ 30/159]  eta: 0:05:16  lr: 0.000094  min_lr: 0.000094  loss: 1.0000 (0.9999)  weight_decay: 0.0500 (0.0500)  grad_norm: 0.0021 (0.0027)  time: 0.6166  data: 0.0002  max mem: 30410
Epoch: [24]  [ 40/159]  eta: 0:03:57  lr: 0.000094  min_lr: 0.000094  loss: 1.0000 (0.9999)  weight_decay: 0.0500 (0.0500)  grad_norm: 0.0026 (0.0027)  time: 0.5778  data: 0.0001  max mem: 30410
Epoch: [24]  [ 50/159]  eta: 0:03:07  lr: 0.000094  min_lr: 0.000094  loss: 1.0000 (0.9999)  weight_decay: 0.0500 (0.0500)  grad_norm: 0.0027 (0.0028)  time: 0.5780  data: 0.0001  max mem: 30410
Epoch: [24]  [ 60/159]  eta: 0:02:31  lr: 0.000094  min_lr: 0.000094  loss: 1.0000 (0.9999)  weight_decay: 0.0500 (0.0500)  grad_norm: 0.0020 (0.0027)  time: 0.5781  data: 0.0001  max mem: 30410
Epoch: [24]  [ 70/159]  eta: 0:02:04  lr: 0.000094  min_lr: 0.000094  loss: 1.0000 (0.9999)  weight_decay: 0.0500 (0.0500)  grad_norm: 0.0018 (0.0026)  time: 0.5776  data: 0.0001  max mem: 30410
Epoch: [24]  [ 80/159]  eta: 0:01:42  lr: 0.000094  min_lr: 0.000094  loss: 0.9999 (0.9999)  weight_decay: 0.0500 (0.0500)  grad_norm: 0.0021 (0.0027)  time: 0.5766  data: 0.0002  max mem: 30410
Epoch: [24]  [ 90/159]  eta: 0:01:23  lr: 0.000094  min_lr: 0.000094  loss: 0.9999 (0.9999)  weight_decay: 0.0500 (0.0500)  grad_norm: 0.0027 (0.0028)  time: 0.5762  data: 0.0002  max mem: 30410
Epoch: [24]  [100/159]  eta: 0:01:07  lr: 0.000094  min_lr: 0.000094  loss: 1.0000 (0.9999)  weight_decay: 0.0500 (0.0500)  grad_norm: 0.0040 (0.0030)  time: 0.5770  data: 0.0002  max mem: 30410
Epoch: [24]  [110/159]  eta: 0:00:53  lr: 0.000094  min_lr: 0.000094  loss: 1.0000 (0.9999)  weight_decay: 0.0500 (0.0500)  grad_norm: 0.0035 (0.0032)  time: 0.5780  data: 0.0002  max mem: 30410
Epoch: [24]  [120/159]  eta: 0:00:41  lr: 0.000094  min_lr: 0.000094  loss: 1.0000 (0.9999)  weight_decay: 0.0500 (0.0500)  grad_norm: 0.0025 (0.0032)  time: 0.5780  data: 0.0002  max mem: 30410
Epoch: [24]  [130/159]  eta: 0:00:29  lr: 0.000093  min_lr: 0.000093  loss: 1.0000 (0.9999)  weight_decay: 0.0500 (0.0500)  grad_norm: 0.0026 (0.0032)  time: 0.5782  data: 0.0001  max mem: 30410
Epoch: [24]  [140/159]  eta: 0:00:18  lr: 0.000093  min_lr: 0.000093  loss: 1.0000 (0.9999)  weight_decay: 0.0500 (0.0500)  grad_norm: 0.0022 (0.0031)  time: 0.5781  data: 0.0002  max mem: 30410
Epoch: [24]  [150/159]  eta: 0:00:08  lr: 0.000093  min_lr: 0.000093  loss: 1.0000 (0.9999)  weight_decay: 0.0500 (0.0500)  grad_norm: 0.0021 (0.0031)  time: 0.5761  data: 0.0002  max mem: 30410
Epoch: [24]  [158/159]  eta: 0:00:00  lr: 0.000093  min_lr: 0.000093  loss: 1.0000 (0.9999)  weight_decay: 0.0500 (0.0500)  grad_norm: 0.0023 (0.0031)  time: 0.5761  data: 0.0002  max mem: 30410
Epoch: [24] Total time: 0:02:31 (0.9502 s / it)
Averaged stats: lr: 0.000093  min_lr: 0.000093  loss: 1.0000 (0.9999)  weight_decay: 0.0500 (0.0500)  grad_norm: 0.0023 (0.0031)
Epoch: [25]  [  0/159]  eta: 2:14:53  lr: 0.000093  min_lr: 0.000093  loss: 0.9997 (0.9997)  weight_decay: 0.0500 (0.0500)  grad_norm: 0.0048 (0.0048)  time: 50.9004  data: 48.8144  max mem: 30410
Epoch: [25]  [ 10/159]  eta: 0:13:50  lr: 0.000093  min_lr: 0.000093  loss: 0.9999 (0.9999)  weight_decay: 0.0500 (0.0500)  grad_norm: 0.0026 (0.0034)  time: 5.5766  data: 4.4381  max mem: 30410
Epoch: [25]  [ 20/159]  eta: 0:07:33  lr: 0.000093  min_lr: 0.000093  loss: 0.9999 (0.9999)  weight_decay: 0.0500 (0.0500)  grad_norm: 0.0027 (0.0034)  time: 0.8790  data: 0.0004  max mem: 30410
Epoch: [25]  [ 30/159]  eta: 0:05:09  lr: 0.000093  min_lr: 0.000093  loss: 1.0000 (0.9999)  weight_decay: 0.0500 (0.0500)  grad_norm: 0.0030 (0.0033)  time: 0.6480  data: 0.0002  max mem: 30410
Epoch: [25]  [ 40/159]  eta: 0:03:52  lr: 0.000093  min_lr: 0.000093  loss: 1.0000 (0.9999)  weight_decay: 0.0500 (0.0500)  grad_norm: 0.0027 (0.0031)  time: 0.5807  data: 0.0002  max mem: 30410
Epoch: [25]  [ 50/159]  eta: 0:03:03  lr: 0.000093  min_lr: 0.000093  loss: 1.0000 (0.9999)  weight_decay: 0.0500 (0.0500)  grad_norm: 0.0026 (0.0032)  time: 0.5792  data: 0.0002  max mem: 30410
Epoch: [25]  [ 60/159]  eta: 0:02:28  lr: 0.000093  min_lr: 0.000093  loss: 1.0000 (0.9999)  weight_decay: 0.0500 (0.0500)  grad_norm: 0.0028 (0.0031)  time: 0.5793  data: 0.0002  max mem: 30410
Epoch: [25]  [ 70/159]  eta: 0:02:02  lr: 0.000093  min_lr: 0.000093  loss: 1.0000 (0.9999)  weight_decay: 0.0500 (0.0500)  grad_norm: 0.0029 (0.0032)  time: 0.5788  data: 0.0002  max mem: 30410
Epoch: [25]  [ 80/159]  eta: 0:01:40  lr: 0.000093  min_lr: 0.000093  loss: 0.9999 (0.9999)  weight_decay: 0.0500 (0.0500)  grad_norm: 0.0028 (0.0032)  time: 0.5778  data: 0.0002  max mem: 30410
Epoch: [25]  [ 90/159]  eta: 0:01:22  lr: 0.000093  min_lr: 0.000093  loss: 0.9999 (0.9999)  weight_decay: 0.0500 (0.0500)  grad_norm: 0.0027 (0.0031)  time: 0.5758  data: 0.0002  max mem: 30410
Epoch: [25]  [100/159]  eta: 0:01:07  lr: 0.000093  min_lr: 0.000093  loss: 1.0000 (0.9999)  weight_decay: 0.0500 (0.0500)  grad_norm: 0.0028 (0.0032)  time: 0.5756  data: 0.0001  max mem: 30410
Epoch: [25]  [110/159]  eta: 0:00:53  lr: 0.000093  min_lr: 0.000093  loss: 1.0000 (0.9999)  weight_decay: 0.0500 (0.0500)  grad_norm: 0.0030 (0.0032)  time: 0.5780  data: 0.0001  max mem: 30410
Epoch: [25]  [120/159]  eta: 0:00:40  lr: 0.000093  min_lr: 0.000093  loss: 1.0000 (0.9999)  weight_decay: 0.0500 (0.0500)  grad_norm: 0.0035 (0.0032)  time: 0.5775  data: 0.0002  max mem: 30410
Epoch: [25]  [130/159]  eta: 0:00:29  lr: 0.000093  min_lr: 0.000093  loss: 1.0000 (0.9999)  weight_decay: 0.0500 (0.0500)  grad_norm: 0.0031 (0.0033)  time: 0.5758  data: 0.0001  max mem: 30410
Epoch: [25]  [140/159]  eta: 0:00:18  lr: 0.000093  min_lr: 0.000093  loss: 1.0000 (0.9999)  weight_decay: 0.0500 (0.0500)  grad_norm: 0.0028 (0.0032)  time: 0.5756  data: 0.0001  max mem: 30410
Epoch: [25]  [150/159]  eta: 0:00:08  lr: 0.000092  min_lr: 0.000092  loss: 1.0000 (0.9999)  weight_decay: 0.0500 (0.0500)  grad_norm: 0.0030 (0.0033)  time: 0.5767  data: 0.0002  max mem: 30410
Epoch: [25]  [158/159]  eta: 0:00:00  lr: 0.000092  min_lr: 0.000092  loss: 1.0000 (0.9999)  weight_decay: 0.0500 (0.0500)  grad_norm: 0.0030 (0.0033)  time: 0.5778  data: 0.0002  max mem: 30410
Epoch: [25] Total time: 0:02:29 (0.9400 s / it)
Averaged stats: lr: 0.000092  min_lr: 0.000092  loss: 1.0000 (0.9999)  weight_decay: 0.0500 (0.0500)  grad_norm: 0.0030 (0.0033)
Epoch: [26]  [  0/159]  eta: 2:11:49  lr: 0.000092  min_lr: 0.000092  loss: 0.9999 (0.9999)  weight_decay: 0.0500 (0.0500)  grad_norm: 0.0019 (0.0019)  time: 49.7449  data: 46.2746  max mem: 30410
Epoch: [26]  [ 10/159]  eta: 0:13:31  lr: 0.000092  min_lr: 0.000092  loss: 0.9999 (0.9999)  weight_decay: 0.0500 (0.0500)  grad_norm: 0.0031 (0.0032)  time: 5.4475  data: 4.2080  max mem: 30410
Epoch: [26]  [ 20/159]  eta: 0:07:29  lr: 0.000092  min_lr: 0.000092  loss: 0.9999 (0.9999)  weight_decay: 0.0500 (0.0500)  grad_norm: 0.0027 (0.0030)  time: 0.9057  data: 0.0009  max mem: 30410
Epoch: [26]  [ 30/159]  eta: 0:05:06  lr: 0.000092  min_lr: 0.000092  loss: 1.0000 (0.9999)  weight_decay: 0.0500 (0.0500)  grad_norm: 0.0023 (0.0029)  time: 0.6882  data: 0.0003  max mem: 30410
Epoch: [26]  [ 40/159]  eta: 0:03:50  lr: 0.000092  min_lr: 0.000092  loss: 1.0000 (0.9999)  weight_decay: 0.0500 (0.0500)  grad_norm: 0.0037 (0.0032)  time: 0.5812  data: 0.0001  max mem: 30410
Epoch: [26]  [ 50/159]  eta: 0:03:02  lr: 0.000092  min_lr: 0.000092  loss: 1.0000 (0.9999)  weight_decay: 0.0500 (0.0500)  grad_norm: 0.0040 (0.0034)  time: 0.5784  data: 0.0001  max mem: 30410
Epoch: [26]  [ 60/159]  eta: 0:02:27  lr: 0.000092  min_lr: 0.000092  loss: 1.0000 (0.9999)  weight_decay: 0.0500 (0.0500)  grad_norm: 0.0039 (0.0034)  time: 0.5775  data: 0.0001  max mem: 30410
Epoch: [26]  [ 70/159]  eta: 0:02:01  lr: 0.000092  min_lr: 0.000092  loss: 1.0000 (0.9999)  weight_decay: 0.0500 (0.0500)  grad_norm: 0.0031 (0.0034)  time: 0.5771  data: 0.0001  max mem: 30410
Epoch: [26]  [ 80/159]  eta: 0:01:40  lr: 0.000092  min_lr: 0.000092  loss: 1.0000 (0.9999)  weight_decay: 0.0500 (0.0500)  grad_norm: 0.0031 (0.0036)  time: 0.5762  data: 0.0001  max mem: 30410
Epoch: [26]  [ 90/159]  eta: 0:01:22  lr: 0.000092  min_lr: 0.000092  loss: 1.0000 (0.9999)  weight_decay: 0.0500 (0.0500)  grad_norm: 0.0038 (0.0036)  time: 0.5759  data: 0.0001  max mem: 30410
Epoch: [26]  [100/159]  eta: 0:01:06  lr: 0.000092  min_lr: 0.000092  loss: 1.0000 (0.9999)  weight_decay: 0.0500 (0.0500)  grad_norm: 0.0037 (0.0037)  time: 0.5755  data: 0.0001  max mem: 30410
Epoch: [26]  [110/159]  eta: 0:00:52  lr: 0.000092  min_lr: 0.000092  loss: 1.0000 (0.9999)  weight_decay: 0.0500 (0.0500)  grad_norm: 0.0034 (0.0036)  time: 0.5760  data: 0.0002  max mem: 30410
Epoch: [26]  [120/159]  eta: 0:00:40  lr: 0.000092  min_lr: 0.000092  loss: 1.0000 (0.9999)  weight_decay: 0.0500 (0.0500)  grad_norm: 0.0032 (0.0036)  time: 0.5749  data: 0.0001  max mem: 30410
Epoch: [26]  [130/159]  eta: 0:00:29  lr: 0.000092  min_lr: 0.000092  loss: 1.0000 (0.9999)  weight_decay: 0.0500 (0.0500)  grad_norm: 0.0032 (0.0036)  time: 0.5747  data: 0.0001  max mem: 30410
Epoch: [26]  [140/159]  eta: 0:00:18  lr: 0.000092  min_lr: 0.000092  loss: 1.0000 (0.9999)  weight_decay: 0.0500 (0.0500)  grad_norm: 0.0031 (0.0036)  time: 0.5756  data: 0.0001  max mem: 30410
Epoch: [26]  [150/159]  eta: 0:00:08  lr: 0.000092  min_lr: 0.000092  loss: 1.0000 (0.9999)  weight_decay: 0.0500 (0.0500)  grad_norm: 0.0035 (0.0037)  time: 0.5753  data: 0.0001  max mem: 30410
Epoch: [26]  [158/159]  eta: 0:00:00  lr: 0.000091  min_lr: 0.000091  loss: 1.0000 (0.9999)  weight_decay: 0.0500 (0.0500)  grad_norm: 0.0039 (0.0037)  time: 0.5746  data: 0.0002  max mem: 30410
Epoch: [26] Total time: 0:02:28 (0.9357 s / it)
Averaged stats: lr: 0.000091  min_lr: 0.000091  loss: 1.0000 (0.9999)  weight_decay: 0.0500 (0.0500)  grad_norm: 0.0039 (0.0037)
Epoch: [27]  [  0/159]  eta: 2:24:27  lr: 0.000091  min_lr: 0.000091  loss: 0.9998 (0.9998)  weight_decay: 0.0500 (0.0500)  grad_norm: 0.0028 (0.0028)  time: 54.5129  data: 30.1021  max mem: 30410
Epoch: [27]  [ 10/159]  eta: 0:14:47  lr: 0.000091  min_lr: 0.000091  loss: 0.9998 (0.9998)  weight_decay: 0.0500 (0.0500)  grad_norm: 0.0040 (0.0046)  time: 5.9549  data: 2.7372  max mem: 30410
Epoch: [27]  [ 20/159]  eta: 0:07:55  lr: 0.000091  min_lr: 0.000091  loss: 0.9999 (0.9999)  weight_decay: 0.0500 (0.0500)  grad_norm: 0.0040 (0.0052)  time: 0.8664  data: 0.0004  max mem: 30410
Epoch: [27]  [ 30/159]  eta: 0:05:23  lr: 0.000091  min_lr: 0.000091  loss: 1.0000 (0.9999)  weight_decay: 0.0500 (0.0500)  grad_norm: 0.0038 (0.0048)  time: 0.6139  data: 0.0002  max mem: 30410
Epoch: [27]  [ 40/159]  eta: 0:04:02  lr: 0.000091  min_lr: 0.000091  loss: 1.0000 (0.9999)  weight_decay: 0.0500 (0.0500)  grad_norm: 0.0036 (0.0047)  time: 0.5908  data: 0.0002  max mem: 30410
Epoch: [27]  [ 50/159]  eta: 0:03:11  lr: 0.000091  min_lr: 0.000091  loss: 1.0000 (0.9999)  weight_decay: 0.0500 (0.0500)  grad_norm: 0.0035 (0.0048)  time: 0.5806  data: 0.0001  max mem: 30410
Epoch: [27]  [ 60/159]  eta: 0:02:34  lr: 0.000091  min_lr: 0.000091  loss: 1.0000 (0.9999)  weight_decay: 0.0500 (0.0500)  grad_norm: 0.0035 (0.0047)  time: 0.5764  data: 0.0001  max mem: 30410
Epoch: [27]  [ 70/159]  eta: 0:02:06  lr: 0.000091  min_lr: 0.000091  loss: 1.0000 (0.9999)  weight_decay: 0.0500 (0.0500)  grad_norm: 0.0027 (0.0043)  time: 0.5772  data: 0.0001  max mem: 30410
Epoch: [27]  [ 80/159]  eta: 0:01:44  lr: 0.000091  min_lr: 0.000091  loss: 1.0000 (0.9999)  weight_decay: 0.0500 (0.0500)  grad_norm: 0.0026 (0.0042)  time: 0.5756  data: 0.0002  max mem: 30410
Epoch: [27]  [ 90/159]  eta: 0:01:25  lr: 0.000091  min_lr: 0.000091  loss: 0.9999 (0.9999)  weight_decay: 0.0500 (0.0500)  grad_norm: 0.0033 (0.0042)  time: 0.5765  data: 0.0001  max mem: 30410
Epoch: [27]  [100/159]  eta: 0:01:09  lr: 0.000091  min_lr: 0.000091  loss: 1.0000 (0.9999)  weight_decay: 0.0500 (0.0500)  grad_norm: 0.0034 (0.0042)  time: 0.5772  data: 0.0001  max mem: 30410
Epoch: [27]  [110/159]  eta: 0:00:54  lr: 0.000091  min_lr: 0.000091  loss: 1.0000 (0.9999)  weight_decay: 0.0500 (0.0500)  grad_norm: 0.0036 (0.0042)  time: 0.5761  data: 0.0002  max mem: 30410
Epoch: [27]  [120/159]  eta: 0:00:41  lr: 0.000091  min_lr: 0.000091  loss: 1.0000 (0.9999)  weight_decay: 0.0500 (0.0500)  grad_norm: 0.0028 (0.0041)  time: 0.5757  data: 0.0002  max mem: 30410
Epoch: [27]  [130/159]  eta: 0:00:30  lr: 0.000091  min_lr: 0.000091  loss: 1.0000 (0.9999)  weight_decay: 0.0500 (0.0500)  grad_norm: 0.0027 (0.0040)  time: 0.5767  data: 0.0002  max mem: 30410
Epoch: [27]  [140/159]  eta: 0:00:19  lr: 0.000091  min_lr: 0.000091  loss: 1.0000 (0.9999)  weight_decay: 0.0500 (0.0500)  grad_norm: 0.0030 (0.0040)  time: 0.5770  data: 0.0002  max mem: 30410
Epoch: [27]  [150/159]  eta: 0:00:08  lr: 0.000091  min_lr: 0.000091  loss: 1.0000 (0.9999)  weight_decay: 0.0500 (0.0500)  grad_norm: 0.0030 (0.0039)  time: 0.5763  data: 0.0001  max mem: 30410
Epoch: [27]  [158/159]  eta: 0:00:00  lr: 0.000090  min_lr: 0.000090  loss: 1.0000 (0.9999)  weight_decay: 0.0500 (0.0500)  grad_norm: 0.0029 (0.0039)  time: 0.5759  data: 0.0001  max mem: 30410
Epoch: [27] Total time: 0:02:32 (0.9616 s / it)
Averaged stats: lr: 0.000090  min_lr: 0.000090  loss: 1.0000 (0.9999)  weight_decay: 0.0500 (0.0500)  grad_norm: 0.0029 (0.0039)
Epoch: [28]  [  0/159]  eta: 2:17:31  lr: 0.000090  min_lr: 0.000090  loss: 1.0000 (1.0000)  weight_decay: 0.0500 (0.0500)  grad_norm: 0.0076 (0.0076)  time: 51.8966  data: 46.9598  max mem: 30410
Epoch: [28]  [ 10/159]  eta: 0:14:05  lr: 0.000090  min_lr: 0.000090  loss: 1.0000 (0.9999)  weight_decay: 0.0500 (0.0500)  grad_norm: 0.0035 (0.0038)  time: 5.6767  data: 4.2699  max mem: 30410
Epoch: [28]  [ 20/159]  eta: 0:07:39  lr: 0.000090  min_lr: 0.000090  loss: 1.0000 (0.9999)  weight_decay: 0.0500 (0.0500)  grad_norm: 0.0035 (0.0039)  time: 0.8757  data: 0.0007  max mem: 30410
Epoch: [28]  [ 30/159]  eta: 0:05:12  lr: 0.000090  min_lr: 0.000090  loss: 1.0000 (0.9999)  weight_decay: 0.0500 (0.0500)  grad_norm: 0.0041 (0.0043)  time: 0.6383  data: 0.0003  max mem: 30410
Epoch: [28]  [ 40/159]  eta: 0:03:55  lr: 0.000090  min_lr: 0.000090  loss: 1.0000 (0.9999)  weight_decay: 0.0500 (0.0500)  grad_norm: 0.0041 (0.0042)  time: 0.5797  data: 0.0002  max mem: 30410
Epoch: [28]  [ 50/159]  eta: 0:03:05  lr: 0.000090  min_lr: 0.000090  loss: 1.0000 (0.9999)  weight_decay: 0.0500 (0.0500)  grad_norm: 0.0037 (0.0042)  time: 0.5780  data: 0.0002  max mem: 30410
Epoch: [28]  [ 60/159]  eta: 0:02:30  lr: 0.000090  min_lr: 0.000090  loss: 1.0000 (0.9999)  weight_decay: 0.0500 (0.0500)  grad_norm: 0.0041 (0.0043)  time: 0.5767  data: 0.0002  max mem: 30410
Epoch: [28]  [ 70/159]  eta: 0:02:04  lr: 0.000090  min_lr: 0.000090  loss: 1.0000 (0.9999)  weight_decay: 0.0500 (0.0500)  grad_norm: 0.0041 (0.0044)  time: 0.6210  data: 0.0001  max mem: 30410
Epoch: [28]  [ 80/159]  eta: 0:01:43  lr: 0.000090  min_lr: 0.000090  loss: 1.0000 (0.9999)  weight_decay: 0.0500 (0.0500)  grad_norm: 0.0038 (0.0044)  time: 0.6655  data: 0.0001  max mem: 30410
Epoch: [28]  [ 90/159]  eta: 0:01:25  lr: 0.000090  min_lr: 0.000090  loss: 0.9999 (0.9999)  weight_decay: 0.0500 (0.0500)  grad_norm: 0.0035 (0.0044)  time: 0.6506  data: 0.0002  max mem: 30410
Epoch: [28]  [100/159]  eta: 0:01:09  lr: 0.000090  min_lr: 0.000090  loss: 1.0000 (0.9999)  weight_decay: 0.0500 (0.0500)  grad_norm: 0.0043 (0.0046)  time: 0.6226  data: 0.0002  max mem: 30410
Epoch: [28]  [110/159]  eta: 0:00:54  lr: 0.000090  min_lr: 0.000090  loss: 1.0000 (0.9999)  weight_decay: 0.0500 (0.0500)  grad_norm: 0.0043 (0.0046)  time: 0.5985  data: 0.0002  max mem: 30410
Epoch: [28]  [120/159]  eta: 0:00:41  lr: 0.000090  min_lr: 0.000090  loss: 1.0000 (0.9999)  weight_decay: 0.0500 (0.0500)  grad_norm: 0.0039 (0.0045)  time: 0.5872  data: 0.0002  max mem: 30410
Epoch: [28]  [130/159]  eta: 0:00:30  lr: 0.000090  min_lr: 0.000090  loss: 1.0000 (0.9999)  weight_decay: 0.0500 (0.0500)  grad_norm: 0.0035 (0.0045)  time: 0.5897  data: 0.0002  max mem: 30410
Epoch: [28]  [140/159]  eta: 0:00:19  lr: 0.000090  min_lr: 0.000090  loss: 1.0000 (0.9999)  weight_decay: 0.0500 (0.0500)  grad_norm: 0.0035 (0.0045)  time: 0.5869  data: 0.0001  max mem: 30410
Epoch: [28]  [150/159]  eta: 0:00:08  lr: 0.000089  min_lr: 0.000089  loss: 1.0000 (0.9999)  weight_decay: 0.0500 (0.0500)  grad_norm: 0.0041 (0.0045)  time: 0.5805  data: 0.0001  max mem: 30410
Epoch: [28]  [158/159]  eta: 0:00:00  lr: 0.000089  min_lr: 0.000089  loss: 1.0000 (0.9999)  weight_decay: 0.0500 (0.0500)  grad_norm: 0.0042 (0.0045)  time: 0.5777  data: 0.0001  max mem: 30410
Epoch: [28] Total time: 0:02:33 (0.9644 s / it)
Averaged stats: lr: 0.000089  min_lr: 0.000089  loss: 1.0000 (0.9999)  weight_decay: 0.0500 (0.0500)  grad_norm: 0.0042 (0.0045)
Epoch: [29]  [  0/159]  eta: 2:10:14  lr: 0.000089  min_lr: 0.000089  loss: 0.9999 (0.9999)  weight_decay: 0.0500 (0.0500)  grad_norm: 0.0035 (0.0035)  time: 49.1476  data: 43.7158  max mem: 30410
Epoch: [29]  [ 10/159]  eta: 0:13:57  lr: 0.000089  min_lr: 0.000089  loss: 0.9999 (0.9999)  weight_decay: 0.0500 (0.0500)  grad_norm: 0.0032 (0.0039)  time: 5.6181  data: 3.9745  max mem: 30410
Epoch: [29]  [ 20/159]  eta: 0:07:44  lr: 0.000089  min_lr: 0.000089  loss: 0.9999 (0.9999)  weight_decay: 0.0500 (0.0500)  grad_norm: 0.0032 (0.0042)  time: 1.0543  data: 0.0003  max mem: 30410
Epoch: [29]  [ 30/159]  eta: 0:05:23  lr: 0.000089  min_lr: 0.000089  loss: 1.0000 (0.9999)  weight_decay: 0.0500 (0.0500)  grad_norm: 0.0039 (0.0044)  time: 0.7933  data: 0.0002  max mem: 30410
Epoch: [29]  [ 40/159]  eta: 0:04:06  lr: 0.000089  min_lr: 0.000089  loss: 1.0000 (0.9999)  weight_decay: 0.0500 (0.0500)  grad_norm: 0.0042 (0.0045)  time: 0.7322  data: 0.0001  max mem: 30410
Epoch: [29]  [ 50/159]  eta: 0:03:16  lr: 0.000089  min_lr: 0.000089  loss: 1.0000 (0.9999)  weight_decay: 0.0500 (0.0500)  grad_norm: 0.0050 (0.0046)  time: 0.7179  data: 0.0001  max mem: 30410
Epoch: [29]  [ 60/159]  eta: 0:02:40  lr: 0.000089  min_lr: 0.000089  loss: 1.0000 (0.9999)  weight_decay: 0.0500 (0.0500)  grad_norm: 0.0057 (0.0049)  time: 0.7064  data: 0.0001  max mem: 30410
Epoch: [29]  [ 70/159]  eta: 0:02:13  lr: 0.000089  min_lr: 0.000089  loss: 1.0000 (0.9999)  weight_decay: 0.0500 (0.0500)  grad_norm: 0.0054 (0.0050)  time: 0.7207  data: 0.0001  max mem: 30410
Epoch: [29]  [ 80/159]  eta: 0:01:50  lr: 0.000089  min_lr: 0.000089  loss: 0.9999 (0.9999)  weight_decay: 0.0500 (0.0500)  grad_norm: 0.0048 (0.0050)  time: 0.7329  data: 0.0001  max mem: 30410
Epoch: [29]  [ 90/159]  eta: 0:01:31  lr: 0.000089  min_lr: 0.000089  loss: 0.9998 (0.9999)  weight_decay: 0.0500 (0.0500)  grad_norm: 0.0041 (0.0049)  time: 0.7284  data: 0.0002  max mem: 30410
Epoch: [29]  [100/159]  eta: 0:01:14  lr: 0.000089  min_lr: 0.000089  loss: 0.9999 (0.9999)  weight_decay: 0.0500 (0.0500)  grad_norm: 0.0049 (0.0051)  time: 0.7284  data: 0.0001  max mem: 30410
Epoch: [29]  [110/159]  eta: 0:00:59  lr: 0.000089  min_lr: 0.000089  loss: 1.0000 (0.9999)  weight_decay: 0.0500 (0.0500)  grad_norm: 0.0060 (0.0054)  time: 0.7158  data: 0.0001  max mem: 30410
Epoch: [29]  [120/159]  eta: 0:00:45  lr: 0.000089  min_lr: 0.000089  loss: 1.0000 (0.9999)  weight_decay: 0.0500 (0.0500)  grad_norm: 0.0059 (0.0055)  time: 0.7036  data: 0.0001  max mem: 30410
Epoch: [29]  [130/159]  eta: 0:00:32  lr: 0.000089  min_lr: 0.000089  loss: 1.0000 (0.9999)  weight_decay: 0.0500 (0.0500)  grad_norm: 0.0040 (0.0054)  time: 0.6569  data: 0.0001  max mem: 30410
Epoch: [29]  [140/159]  eta: 0:00:20  lr: 0.000088  min_lr: 0.000088  loss: 1.0000 (0.9999)  weight_decay: 0.0500 (0.0500)  grad_norm: 0.0044 (0.0055)  time: 0.6016  data: 0.0002  max mem: 30410
Epoch: [29]  [150/159]  eta: 0:00:09  lr: 0.000088  min_lr: 0.000088  loss: 1.0000 (0.9999)  weight_decay: 0.0500 (0.0500)  grad_norm: 0.0045 (0.0055)  time: 0.5838  data: 0.0002  max mem: 30410
Epoch: [29]  [158/159]  eta: 0:00:01  lr: 0.000088  min_lr: 0.000088  loss: 1.0000 (0.9999)  weight_decay: 0.0500 (0.0500)  grad_norm: 0.0045 (0.0055)  time: 0.5792  data: 0.0002  max mem: 30410
Epoch: [29] Total time: 0:02:45 (1.0437 s / it)
Averaged stats: lr: 0.000088  min_lr: 0.000088  loss: 1.0000 (0.9999)  weight_decay: 0.0500 (0.0500)  grad_norm: 0.0045 (0.0055)
Epoch: [30]  [  0/159]  eta: 2:19:18  lr: 0.000088  min_lr: 0.000088  loss: 0.9998 (0.9998)  weight_decay: 0.0500 (0.0500)  grad_norm: 0.0044 (0.0044)  time: 52.5715  data: 46.3270  max mem: 30410
Epoch: [30]  [ 10/159]  eta: 0:14:03  lr: 0.000088  min_lr: 0.000088  loss: 0.9999 (0.9998)  weight_decay: 0.0500 (0.0500)  grad_norm: 0.0045 (0.0044)  time: 5.6604  data: 4.2118  max mem: 30410
Epoch: [30]  [ 20/159]  eta: 0:07:40  lr: 0.000088  min_lr: 0.000088  loss: 0.9999 (0.9998)  weight_decay: 0.0500 (0.0500)  grad_norm: 0.0042 (0.0042)  time: 0.8511  data: 0.0003  max mem: 30410
Epoch: [30]  [ 30/159]  eta: 0:05:15  lr: 0.000088  min_lr: 0.000088  loss: 1.0000 (0.9999)  weight_decay: 0.0500 (0.0500)  grad_norm: 0.0040 (0.0042)  time: 0.6723  data: 0.0002  max mem: 30410
Epoch: [30]  [ 40/159]  eta: 0:03:57  lr: 0.000088  min_lr: 0.000088  loss: 1.0000 (0.9999)  weight_decay: 0.0500 (0.0500)  grad_norm: 0.0040 (0.0043)  time: 0.6189  data: 0.0001  max mem: 30410
Epoch: [30]  [ 50/159]  eta: 0:03:07  lr: 0.000088  min_lr: 0.000088  loss: 1.0000 (0.9999)  weight_decay: 0.0500 (0.0500)  grad_norm: 0.0040 (0.0047)  time: 0.6053  data: 0.0001  max mem: 30410
Epoch: [30]  [ 60/159]  eta: 0:02:32  lr: 0.000088  min_lr: 0.000088  loss: 1.0000 (0.9999)  weight_decay: 0.0500 (0.0500)  grad_norm: 0.0048 (0.0050)  time: 0.5851  data: 0.0002  max mem: 30410
Epoch: [30]  [ 70/159]  eta: 0:02:04  lr: 0.000088  min_lr: 0.000088  loss: 1.0000 (0.9999)  weight_decay: 0.0500 (0.0500)  grad_norm: 0.0052 (0.0052)  time: 0.5816  data: 0.0002  max mem: 30410
Epoch: [30]  [ 80/159]  eta: 0:01:42  lr: 0.000088  min_lr: 0.000088  loss: 1.0000 (0.9999)  weight_decay: 0.0500 (0.0500)  grad_norm: 0.0060 (0.0060)  time: 0.5783  data: 0.0001  max mem: 30410
Epoch: [30]  [ 90/159]  eta: 0:01:24  lr: 0.000088  min_lr: 0.000088  loss: 0.9999 (0.9999)  weight_decay: 0.0500 (0.0500)  grad_norm: 0.0044 (0.0061)  time: 0.5782  data: 0.0001  max mem: 30410
Epoch: [30]  [100/159]  eta: 0:01:08  lr: 0.000088  min_lr: 0.000088  loss: 1.0000 (0.9999)  weight_decay: 0.0500 (0.0500)  grad_norm: 0.0058 (0.0062)  time: 0.6242  data: 0.0001  max mem: 30410
Epoch: [30]  [110/159]  eta: 0:00:54  lr: 0.000088  min_lr: 0.000088  loss: 1.0000 (0.9999)  weight_decay: 0.0500 (0.0500)  grad_norm: 0.0059 (0.0062)  time: 0.6431  data: 0.0002  max mem: 30410
Epoch: [30]  [120/159]  eta: 0:00:41  lr: 0.000087  min_lr: 0.000087  loss: 1.0000 (0.9999)  weight_decay: 0.0500 (0.0500)  grad_norm: 0.0054 (0.0063)  time: 0.6039  data: 0.0002  max mem: 30410
Epoch: [30]  [130/159]  eta: 0:00:30  lr: 0.000087  min_lr: 0.000087  loss: 1.0000 (0.9999)  weight_decay: 0.0500 (0.0500)  grad_norm: 0.0054 (0.0063)  time: 0.5895  data: 0.0001  max mem: 30410
Epoch: [30]  [140/159]  eta: 0:00:19  lr: 0.000087  min_lr: 0.000087  loss: 1.0000 (0.9999)  weight_decay: 0.0500 (0.0500)  grad_norm: 0.0051 (0.0063)  time: 0.5830  data: 0.0001  max mem: 30410
Epoch: [30]  [150/159]  eta: 0:00:08  lr: 0.000087  min_lr: 0.000087  loss: 1.0000 (0.9999)  weight_decay: 0.0500 (0.0500)  grad_norm: 0.0040 (0.0062)  time: 0.5788  data: 0.0001  max mem: 30410
Epoch: [30]  [158/159]  eta: 0:00:00  lr: 0.000087  min_lr: 0.000087  loss: 1.0000 (0.9999)  weight_decay: 0.0500 (0.0500)  grad_norm: 0.0038 (0.0061)  time: 0.5777  data: 0.0001  max mem: 30410
Epoch: [30] Total time: 0:02:33 (0.9630 s / it)
Averaged stats: lr: 0.000087  min_lr: 0.000087  loss: 1.0000 (0.9999)  weight_decay: 0.0500 (0.0500)  grad_norm: 0.0038 (0.0061)
[Eval]   [0/2]  eta: 0:00:14  loss: 0.9999 (0.9999)  time: 7.1118  data: 6.9492  max mem: 30410
[Eval]   [1/2]  eta: 0:00:03  loss: 0.9999 (1.0000)  time: 3.6070  data: 3.4747  max mem: 30410
[Eval]  Total time: 0:00:07 (3.9755 s / it)
Eval averaged stats: loss: 0.9999 (1.0000)
[Eval] Image Metrics:  [0/2]  eta: 0:00:12    time: 6.0735  data: 5.1363  max mem: 30410
[Eval] Image Metrics:  [1/2]  eta: 0:00:03    time: 3.0871  data: 2.5683  max mem: 30410
[Eval] Image Metrics: Total time: 0:00:06 (3.4427 s / it)
[Eval] Metric Results: [Eval] MSE: 0.0000 (0.0000)  [Eval] MAE: 0.0000 (0.0000)  [Eval] PSNR: 47.0054 (47.0054)  [Eval] MS-SSIM: 0.9991 (0.9991)
Epoch: [31]  [  0/159]  eta: 2:16:52  lr: 0.000087  min_lr: 0.000087  loss: 1.0000 (1.0000)  weight_decay: 0.0500 (0.0500)  grad_norm: 0.0066 (0.0066)  time: 51.6538  data: 38.7181  max mem: 30410
Epoch: [31]  [ 10/159]  eta: 0:13:57  lr: 0.000087  min_lr: 0.000087  loss: 1.0000 (0.9999)  weight_decay: 0.0500 (0.0500)  grad_norm: 0.0047 (0.0046)  time: 5.6224  data: 3.5201  max mem: 30410
Epoch: [31]  [ 20/159]  eta: 0:07:44  lr: 0.000087  min_lr: 0.000087  loss: 0.9999 (0.9998)  weight_decay: 0.0500 (0.0500)  grad_norm: 0.0047 (0.0050)  time: 0.9278  data: 0.0003  max mem: 30410
Epoch: [31]  [ 30/159]  eta: 0:05:21  lr: 0.000087  min_lr: 0.000087  loss: 1.0000 (0.9999)  weight_decay: 0.0500 (0.0500)  grad_norm: 0.0047 (0.0056)  time: 0.7711  data: 0.0002  max mem: 30410
Epoch: [31]  [ 40/159]  eta: 0:04:02  lr: 0.000087  min_lr: 0.000087  loss: 1.0000 (0.9999)  weight_decay: 0.0500 (0.0500)  grad_norm: 0.0052 (0.0058)  time: 0.6698  data: 0.0002  max mem: 30410
Epoch: [31]  [ 50/159]  eta: 0:03:11  lr: 0.000087  min_lr: 0.000087  loss: 1.0000 (0.9999)  weight_decay: 0.0500 (0.0500)  grad_norm: 0.0056 (0.0060)  time: 0.6215  data: 0.0001  max mem: 30410
Epoch: [31]  [ 60/159]  eta: 0:02:35  lr: 0.000087  min_lr: 0.000087  loss: 1.0000 (0.9999)  weight_decay: 0.0500 (0.0500)  grad_norm: 0.0063 (0.0060)  time: 0.6020  data: 0.0001  max mem: 30410
Epoch: [31]  [ 70/159]  eta: 0:02:07  lr: 0.000087  min_lr: 0.000087  loss: 1.0000 (0.9999)  weight_decay: 0.0500 (0.0500)  grad_norm: 0.0044 (0.0058)  time: 0.5909  data: 0.0001  max mem: 30410
Epoch: [31]  [ 80/159]  eta: 0:01:44  lr: 0.000087  min_lr: 0.000087  loss: 1.0000 (0.9999)  weight_decay: 0.0500 (0.0500)  grad_norm: 0.0046 (0.0058)  time: 0.5845  data: 0.0001  max mem: 30410
Epoch: [31]  [ 90/159]  eta: 0:01:25  lr: 0.000086  min_lr: 0.000086  loss: 0.9999 (0.9999)  weight_decay: 0.0500 (0.0500)  grad_norm: 0.0049 (0.0056)  time: 0.5794  data: 0.0001  max mem: 30410
Epoch: [31]  [100/159]  eta: 0:01:09  lr: 0.000086  min_lr: 0.000086  loss: 0.9999 (0.9999)  weight_decay: 0.0500 (0.0500)  grad_norm: 0.0052 (0.0057)  time: 0.5767  data: 0.0001  max mem: 30410
Epoch: [31]  [110/159]  eta: 0:00:55  lr: 0.000086  min_lr: 0.000086  loss: 1.0000 (0.9999)  weight_decay: 0.0500 (0.0500)  grad_norm: 0.0072 (0.0060)  time: 0.5766  data: 0.0001  max mem: 30410
Epoch: [31]  [120/159]  eta: 0:00:42  lr: 0.000086  min_lr: 0.000086  loss: 1.0000 (0.9999)  weight_decay: 0.0500 (0.0500)  grad_norm: 0.0057 (0.0060)  time: 0.5757  data: 0.0001  max mem: 30410
Epoch: [31]  [130/159]  eta: 0:00:30  lr: 0.000086  min_lr: 0.000086  loss: 1.0000 (0.9999)  weight_decay: 0.0500 (0.0500)  grad_norm: 0.0052 (0.0060)  time: 0.5749  data: 0.0001  max mem: 30410
Epoch: [31]  [140/159]  eta: 0:00:19  lr: 0.000086  min_lr: 0.000086  loss: 1.0000 (0.9999)  weight_decay: 0.0500 (0.0500)  grad_norm: 0.0049 (0.0059)  time: 0.5760  data: 0.0001  max mem: 30410
Epoch: [31]  [150/159]  eta: 0:00:08  lr: 0.000086  min_lr: 0.000086  loss: 1.0000 (0.9999)  weight_decay: 0.0500 (0.0500)  grad_norm: 0.0047 (0.0059)  time: 0.5906  data: 0.0001  max mem: 30410
Epoch: [31]  [158/159]  eta: 0:00:00  lr: 0.000086  min_lr: 0.000086  loss: 1.0000 (0.9999)  weight_decay: 0.0500 (0.0500)  grad_norm: 0.0060 (0.0060)  time: 0.6030  data: 0.0002  max mem: 30410
Epoch: [31] Total time: 0:02:34 (0.9687 s / it)
Averaged stats: lr: 0.000086  min_lr: 0.000086  loss: 1.0000 (0.9999)  weight_decay: 0.0500 (0.0500)  grad_norm: 0.0060 (0.0060)
Epoch: [32]  [  0/159]  eta: 2:15:21  lr: 0.000086  min_lr: 0.000086  loss: 0.9999 (0.9999)  weight_decay: 0.0500 (0.0500)  grad_norm: 0.0066 (0.0066)  time: 51.0765  data: 37.2110  max mem: 30410
Epoch: [32]  [ 10/159]  eta: 0:13:36  lr: 0.000086  min_lr: 0.000086  loss: 0.9999 (0.9999)  weight_decay: 0.0500 (0.0500)  grad_norm: 0.0060 (0.0070)  time: 5.4801  data: 3.3831  max mem: 30410
Epoch: [32]  [ 20/159]  eta: 0:07:30  lr: 0.000086  min_lr: 0.000086  loss: 0.9999 (0.9998)  weight_decay: 0.0500 (0.0500)  grad_norm: 0.0052 (0.0066)  time: 0.8494  data: 0.0002  max mem: 30410
Epoch: [32]  [ 30/159]  eta: 0:05:07  lr: 0.000086  min_lr: 0.000086  loss: 1.0000 (0.9998)  weight_decay: 0.0500 (0.0500)  grad_norm: 0.0052 (0.0061)  time: 0.6802  data: 0.0002  max mem: 30410
Epoch: [32]  [ 40/159]  eta: 0:03:51  lr: 0.000086  min_lr: 0.000086  loss: 1.0000 (0.9998)  weight_decay: 0.0500 (0.0500)  grad_norm: 0.0052 (0.0062)  time: 0.5801  data: 0.0002  max mem: 30410
Epoch: [32]  [ 50/159]  eta: 0:03:02  lr: 0.000086  min_lr: 0.000086  loss: 1.0000 (0.9998)  weight_decay: 0.0500 (0.0500)  grad_norm: 0.0059 (0.0064)  time: 0.5763  data: 0.0002  max mem: 30410
Epoch: [32]  [ 60/159]  eta: 0:02:27  lr: 0.000086  min_lr: 0.000086  loss: 1.0000 (0.9998)  weight_decay: 0.0500 (0.0500)  grad_norm: 0.0070 (0.0067)  time: 0.5751  data: 0.0002  max mem: 30410
Epoch: [32]  [ 70/159]  eta: 0:02:01  lr: 0.000085  min_lr: 0.000085  loss: 1.0000 (0.9998)  weight_decay: 0.0500 (0.0500)  grad_norm: 0.0070 (0.0068)  time: 0.5760  data: 0.0002  max mem: 30410
Epoch: [32]  [ 80/159]  eta: 0:01:40  lr: 0.000085  min_lr: 0.000085  loss: 1.0000 (0.9998)  weight_decay: 0.0500 (0.0500)  grad_norm: 0.0060 (0.0067)  time: 0.5747  data: 0.0001  max mem: 30410
Epoch: [32]  [ 90/159]  eta: 0:01:22  lr: 0.000085  min_lr: 0.000085  loss: 0.9999 (0.9998)  weight_decay: 0.0500 (0.0500)  grad_norm: 0.0057 (0.0066)  time: 0.5733  data: 0.0001  max mem: 30410
Epoch: [32]  [100/159]  eta: 0:01:06  lr: 0.000085  min_lr: 0.000085  loss: 0.9999 (0.9998)  weight_decay: 0.0500 (0.0500)  grad_norm: 0.0051 (0.0066)  time: 0.5743  data: 0.0001  max mem: 30410
Epoch: [32]  [110/159]  eta: 0:00:52  lr: 0.000085  min_lr: 0.000085  loss: 1.0000 (0.9998)  weight_decay: 0.0500 (0.0500)  grad_norm: 0.0050 (0.0065)  time: 0.5749  data: 0.0001  max mem: 30410
Epoch: [32]  [120/159]  eta: 0:00:40  lr: 0.000085  min_lr: 0.000085  loss: 1.0000 (0.9998)  weight_decay: 0.0500 (0.0500)  grad_norm: 0.0050 (0.0064)  time: 0.5746  data: 0.0001  max mem: 30410
Epoch: [32]  [130/159]  eta: 0:00:29  lr: 0.000085  min_lr: 0.000085  loss: 1.0000 (0.9998)  weight_decay: 0.0500 (0.0500)  grad_norm: 0.0044 (0.0063)  time: 0.5740  data: 0.0001  max mem: 30410
Epoch: [32]  [140/159]  eta: 0:00:18  lr: 0.000085  min_lr: 0.000085  loss: 1.0000 (0.9998)  weight_decay: 0.0500 (0.0500)  grad_norm: 0.0051 (0.0065)  time: 0.5738  data: 0.0001  max mem: 30410
Epoch: [32]  [150/159]  eta: 0:00:08  lr: 0.000085  min_lr: 0.000085  loss: 1.0000 (0.9998)  weight_decay: 0.0500 (0.0500)  grad_norm: 0.0066 (0.0066)  time: 0.5747  data: 0.0001  max mem: 30410
Epoch: [32]  [158/159]  eta: 0:00:00  lr: 0.000085  min_lr: 0.000085  loss: 1.0000 (0.9998)  weight_decay: 0.0500 (0.0500)  grad_norm: 0.0066 (0.0067)  time: 0.5741  data: 0.0001  max mem: 30410
Epoch: [32] Total time: 0:02:28 (0.9351 s / it)
Averaged stats: lr: 0.000085  min_lr: 0.000085  loss: 1.0000 (0.9999)  weight_decay: 0.0500 (0.0500)  grad_norm: 0.0066 (0.0067)
Epoch: [33]  [  0/159]  eta: 2:17:40  lr: 0.000085  min_lr: 0.000085  loss: 0.9998 (0.9998)  weight_decay: 0.0500 (0.0500)  grad_norm: 0.0050 (0.0050)  time: 51.9544  data: 48.0889  max mem: 30410
Epoch: [33]  [ 10/159]  eta: 0:13:50  lr: 0.000085  min_lr: 0.000085  loss: 0.9999 (0.9998)  weight_decay: 0.0500 (0.0500)  grad_norm: 0.0052 (0.0069)  time: 5.5762  data: 4.3720  max mem: 30410
Epoch: [33]  [ 20/159]  eta: 0:07:33  lr: 0.000085  min_lr: 0.000085  loss: 1.0000 (0.9998)  weight_decay: 0.0500 (0.0500)  grad_norm: 0.0047 (0.0063)  time: 0.8275  data: 0.0003  max mem: 30410
Epoch: [33]  [ 30/159]  eta: 0:05:09  lr: 0.000084  min_lr: 0.000084  loss: 1.0000 (0.9999)  weight_decay: 0.0500 (0.0500)  grad_norm: 0.0047 (0.0067)  time: 0.6509  data: 0.0002  max mem: 30410
Epoch: [33]  [ 40/159]  eta: 0:03:52  lr: 0.000084  min_lr: 0.000084  loss: 1.0000 (0.9999)  weight_decay: 0.0500 (0.0500)  grad_norm: 0.0054 (0.0063)  time: 0.5837  data: 0.0002  max mem: 30410
Epoch: [33]  [ 50/159]  eta: 0:03:03  lr: 0.000084  min_lr: 0.000084  loss: 1.0000 (0.9999)  weight_decay: 0.0500 (0.0500)  grad_norm: 0.0051 (0.0064)  time: 0.5795  data: 0.0002  max mem: 30410
Epoch: [33]  [ 60/159]  eta: 0:02:28  lr: 0.000084  min_lr: 0.000084  loss: 1.0000 (0.9999)  weight_decay: 0.0500 (0.0500)  grad_norm: 0.0061 (0.0063)  time: 0.5773  data: 0.0002  max mem: 30410
Epoch: [33]  [ 70/159]  eta: 0:02:02  lr: 0.000084  min_lr: 0.000084  loss: 1.0000 (0.9999)  weight_decay: 0.0500 (0.0500)  grad_norm: 0.0061 (0.0065)  time: 0.5794  data: 0.0002  max mem: 30410
Epoch: [33]  [ 80/159]  eta: 0:01:40  lr: 0.000084  min_lr: 0.000084  loss: 1.0000 (0.9999)  weight_decay: 0.0500 (0.0500)  grad_norm: 0.0073 (0.0066)  time: 0.5790  data: 0.0001  max mem: 30410
Epoch: [33]  [ 90/159]  eta: 0:01:22  lr: 0.000084  min_lr: 0.000084  loss: 0.9999 (0.9999)  weight_decay: 0.0500 (0.0500)  grad_norm: 0.0072 (0.0066)  time: 0.5770  data: 0.0001  max mem: 30410
Epoch: [33]  [100/159]  eta: 0:01:07  lr: 0.000084  min_lr: 0.000084  loss: 1.0000 (0.9999)  weight_decay: 0.0500 (0.0500)  grad_norm: 0.0057 (0.0066)  time: 0.5769  data: 0.0001  max mem: 30410
Epoch: [33]  [110/159]  eta: 0:00:53  lr: 0.000084  min_lr: 0.000084  loss: 1.0000 (0.9999)  weight_decay: 0.0500 (0.0500)  grad_norm: 0.0055 (0.0066)  time: 0.5760  data: 0.0001  max mem: 30410
Epoch: [33]  [120/159]  eta: 0:00:40  lr: 0.000084  min_lr: 0.000084  loss: 1.0000 (0.9999)  weight_decay: 0.0500 (0.0500)  grad_norm: 0.0071 (0.0067)  time: 0.5757  data: 0.0001  max mem: 30410
Epoch: [33]  [130/159]  eta: 0:00:29  lr: 0.000084  min_lr: 0.000084  loss: 1.0000 (0.9999)  weight_decay: 0.0500 (0.0500)  grad_norm: 0.0074 (0.0068)  time: 0.5760  data: 0.0001  max mem: 30410
Epoch: [33]  [140/159]  eta: 0:00:18  lr: 0.000084  min_lr: 0.000084  loss: 1.0000 (0.9999)  weight_decay: 0.0500 (0.0500)  grad_norm: 0.0060 (0.0067)  time: 0.5756  data: 0.0001  max mem: 30410
Epoch: [33]  [150/159]  eta: 0:00:08  lr: 0.000084  min_lr: 0.000084  loss: 1.0000 (0.9999)  weight_decay: 0.0500 (0.0500)  grad_norm: 0.0044 (0.0067)  time: 0.5772  data: 0.0001  max mem: 30410
Epoch: [33]  [158/159]  eta: 0:00:00  lr: 0.000083  min_lr: 0.000083  loss: 1.0000 (0.9999)  weight_decay: 0.0500 (0.0500)  grad_norm: 0.0049 (0.0069)  time: 0.5776  data: 0.0001  max mem: 30410
Epoch: [33] Total time: 0:02:29 (0.9402 s / it)
Averaged stats: lr: 0.000083  min_lr: 0.000083  loss: 1.0000 (0.9999)  weight_decay: 0.0500 (0.0500)  grad_norm: 0.0049 (0.0069)
Epoch: [34]  [  0/159]  eta: 2:21:23  lr: 0.000083  min_lr: 0.000083  loss: 1.0001 (1.0001)  weight_decay: 0.0500 (0.0500)  grad_norm: 0.0032 (0.0032)  time: 53.3550  data: 41.6747  max mem: 30410
Epoch: [34]  [ 10/159]  eta: 0:14:08  lr: 0.000083  min_lr: 0.000083  loss: 1.0000 (0.9999)  weight_decay: 0.0500 (0.0500)  grad_norm: 0.0048 (0.0059)  time: 5.6933  data: 3.7891  max mem: 30410
Epoch: [34]  [ 20/159]  eta: 0:07:40  lr: 0.000083  min_lr: 0.000083  loss: 0.9999 (0.9997)  weight_decay: 0.0500 (0.0500)  grad_norm: 0.0065 (0.0069)  time: 0.8119  data: 0.0004  max mem: 30410
Epoch: [34]  [ 30/159]  eta: 0:05:14  lr: 0.000083  min_lr: 0.000083  loss: 1.0000 (0.9998)  weight_decay: 0.0500 (0.0500)  grad_norm: 0.0076 (0.0075)  time: 0.6436  data: 0.0002  max mem: 30410
Epoch: [34]  [ 40/159]  eta: 0:03:55  lr: 0.000083  min_lr: 0.000083  loss: 1.0000 (0.9998)  weight_decay: 0.0500 (0.0500)  grad_norm: 0.0070 (0.0076)  time: 0.5838  data: 0.0002  max mem: 30410
Epoch: [34]  [ 50/159]  eta: 0:03:06  lr: 0.000083  min_lr: 0.000083  loss: 1.0000 (0.9998)  weight_decay: 0.0500 (0.0500)  grad_norm: 0.0065 (0.0077)  time: 0.5774  data: 0.0002  max mem: 30410
Epoch: [34]  [ 60/159]  eta: 0:02:30  lr: 0.000083  min_lr: 0.000083  loss: 1.0000 (0.9998)  weight_decay: 0.0500 (0.0500)  grad_norm: 0.0065 (0.0078)  time: 0.5768  data: 0.0002  max mem: 30410
Epoch: [34]  [ 70/159]  eta: 0:02:03  lr: 0.000083  min_lr: 0.000083  loss: 1.0000 (0.9998)  weight_decay: 0.0500 (0.0500)  grad_norm: 0.0076 (0.0078)  time: 0.5758  data: 0.0002  max mem: 30410
Epoch: [34]  [ 80/159]  eta: 0:01:41  lr: 0.000083  min_lr: 0.000083  loss: 0.9998 (0.9998)  weight_decay: 0.0500 (0.0500)  grad_norm: 0.0064 (0.0075)  time: 0.5755  data: 0.0002  max mem: 30410
Epoch: [34]  [ 90/159]  eta: 0:01:23  lr: 0.000083  min_lr: 0.000083  loss: 0.9997 (0.9998)  weight_decay: 0.0500 (0.0500)  grad_norm: 0.0047 (0.0073)  time: 0.5742  data: 0.0002  max mem: 30410
Epoch: [34]  [100/159]  eta: 0:01:07  lr: 0.000083  min_lr: 0.000083  loss: 0.9999 (0.9998)  weight_decay: 0.0500 (0.0500)  grad_norm: 0.0063 (0.0073)  time: 0.5745  data: 0.0002  max mem: 30410
Epoch: [34]  [110/159]  eta: 0:00:53  lr: 0.000083  min_lr: 0.000083  loss: 1.0000 (0.9998)  weight_decay: 0.0500 (0.0500)  grad_norm: 0.0080 (0.0075)  time: 0.5757  data: 0.0002  max mem: 30410
Epoch: [34]  [120/159]  eta: 0:00:41  lr: 0.000082  min_lr: 0.000082  loss: 1.0000 (0.9998)  weight_decay: 0.0500 (0.0500)  grad_norm: 0.0073 (0.0075)  time: 0.5757  data: 0.0002  max mem: 30410
Epoch: [34]  [130/159]  eta: 0:00:29  lr: 0.000082  min_lr: 0.000082  loss: 1.0000 (0.9998)  weight_decay: 0.0500 (0.0500)  grad_norm: 0.0076 (0.0076)  time: 0.5758  data: 0.0002  max mem: 30410
Epoch: [34]  [140/159]  eta: 0:00:18  lr: 0.000082  min_lr: 0.000082  loss: 1.0000 (0.9998)  weight_decay: 0.0500 (0.0500)  grad_norm: 0.0076 (0.0076)  time: 0.5760  data: 0.0002  max mem: 30410
Epoch: [34]  [150/159]  eta: 0:00:08  lr: 0.000082  min_lr: 0.000082  loss: 1.0000 (0.9998)  weight_decay: 0.0500 (0.0500)  grad_norm: 0.0061 (0.0076)  time: 0.5752  data: 0.0002  max mem: 30410
Epoch: [34]  [158/159]  eta: 0:00:00  lr: 0.000082  min_lr: 0.000082  loss: 1.0000 (0.9998)  weight_decay: 0.0500 (0.0500)  grad_norm: 0.0077 (0.0078)  time: 0.5745  data: 0.0002  max mem: 30410
Epoch: [34] Total time: 0:02:30 (0.9458 s / it)
Averaged stats: lr: 0.000082  min_lr: 0.000082  loss: 1.0000 (0.9998)  weight_decay: 0.0500 (0.0500)  grad_norm: 0.0077 (0.0078)
Epoch: [35]  [  0/159]  eta: 2:16:28  lr: 0.000082  min_lr: 0.000082  loss: 0.9994 (0.9994)  weight_decay: 0.0500 (0.0500)  grad_norm: 0.0145 (0.0145)  time: 51.5017  data: 38.5559  max mem: 30410
Epoch: [35]  [ 10/159]  eta: 0:13:48  lr: 0.000082  min_lr: 0.000082  loss: 0.9999 (0.9999)  weight_decay: 0.0500 (0.0500)  grad_norm: 0.0070 (0.0093)  time: 5.5597  data: 3.5057  max mem: 30410
Epoch: [35]  [ 20/159]  eta: 0:07:35  lr: 0.000082  min_lr: 0.000082  loss: 0.9999 (0.9998)  weight_decay: 0.0500 (0.0500)  grad_norm: 0.0069 (0.0081)  time: 0.8623  data: 0.0005  max mem: 30410
Epoch: [35]  [ 30/159]  eta: 0:05:10  lr: 0.000082  min_lr: 0.000082  loss: 1.0000 (0.9998)  weight_decay: 0.0500 (0.0500)  grad_norm: 0.0061 (0.0083)  time: 0.6742  data: 0.0003  max mem: 30410
Epoch: [35]  [ 40/159]  eta: 0:03:53  lr: 0.000082  min_lr: 0.000082  loss: 1.0000 (0.9998)  weight_decay: 0.0500 (0.0500)  grad_norm: 0.0070 (0.0084)  time: 0.5889  data: 0.0002  max mem: 30410
Epoch: [35]  [ 50/159]  eta: 0:03:04  lr: 0.000082  min_lr: 0.000082  loss: 1.0000 (0.9998)  weight_decay: 0.0500 (0.0500)  grad_norm: 0.0083 (0.0085)  time: 0.5846  data: 0.0002  max mem: 30410
Epoch: [35]  [ 60/159]  eta: 0:02:29  lr: 0.000082  min_lr: 0.000082  loss: 1.0000 (0.9999)  weight_decay: 0.0500 (0.0500)  grad_norm: 0.0083 (0.0087)  time: 0.5786  data: 0.0001  max mem: 30410
Epoch: [35]  [ 70/159]  eta: 0:02:02  lr: 0.000082  min_lr: 0.000082  loss: 1.0000 (0.9998)  weight_decay: 0.0500 (0.0500)  grad_norm: 0.0092 (0.0089)  time: 0.5776  data: 0.0001  max mem: 30410
Epoch: [35]  [ 80/159]  eta: 0:01:41  lr: 0.000081  min_lr: 0.000081  loss: 0.9999 (0.9998)  weight_decay: 0.0500 (0.0500)  grad_norm: 0.0092 (0.0088)  time: 0.5767  data: 0.0001  max mem: 30410
Epoch: [35]  [ 90/159]  eta: 0:01:22  lr: 0.000081  min_lr: 0.000081  loss: 0.9998 (0.9998)  weight_decay: 0.0500 (0.0500)  grad_norm: 0.0081 (0.0086)  time: 0.5751  data: 0.0002  max mem: 30410
Epoch: [35]  [100/159]  eta: 0:01:07  lr: 0.000081  min_lr: 0.000081  loss: 0.9999 (0.9998)  weight_decay: 0.0500 (0.0500)  grad_norm: 0.0075 (0.0086)  time: 0.5873  data: 0.0002  max mem: 30410
Epoch: [35]  [110/159]  eta: 0:00:53  lr: 0.000081  min_lr: 0.000081  loss: 1.0000 (0.9998)  weight_decay: 0.0500 (0.0500)  grad_norm: 0.0089 (0.0090)  time: 0.6055  data: 0.0002  max mem: 30410
Epoch: [35]  [120/159]  eta: 0:00:41  lr: 0.000081  min_lr: 0.000081  loss: 1.0000 (0.9998)  weight_decay: 0.0500 (0.0500)  grad_norm: 0.0083 (0.0090)  time: 0.5941  data: 0.0002  max mem: 30410
Epoch: [35]  [130/159]  eta: 0:00:29  lr: 0.000081  min_lr: 0.000081  loss: 1.0000 (0.9998)  weight_decay: 0.0500 (0.0500)  grad_norm: 0.0072 (0.0090)  time: 0.5760  data: 0.0002  max mem: 30410
Epoch: [35]  [140/159]  eta: 0:00:18  lr: 0.000081  min_lr: 0.000081  loss: 1.0000 (0.9998)  weight_decay: 0.0500 (0.0500)  grad_norm: 0.0057 (0.0089)  time: 0.5756  data: 0.0002  max mem: 30410
Epoch: [35]  [150/159]  eta: 0:00:08  lr: 0.000081  min_lr: 0.000081  loss: 1.0000 (0.9998)  weight_decay: 0.0500 (0.0500)  grad_norm: 0.0072 (0.0091)  time: 0.5814  data: 0.0002  max mem: 30410
Epoch: [35]  [158/159]  eta: 0:00:00  lr: 0.000081  min_lr: 0.000081  loss: 1.0000 (0.9998)  weight_decay: 0.0500 (0.0500)  grad_norm: 0.0092 (0.0092)  time: 0.5824  data: 0.0002  max mem: 30410
Epoch: [35] Total time: 0:02:30 (0.9460 s / it)
Averaged stats: lr: 0.000081  min_lr: 0.000081  loss: 1.0000 (0.9998)  weight_decay: 0.0500 (0.0500)  grad_norm: 0.0092 (0.0092)
Epoch: [36]  [  0/159]  eta: 2:13:19  lr: 0.000081  min_lr: 0.000081  loss: 0.9989 (0.9989)  weight_decay: 0.0500 (0.0500)  grad_norm: 0.0157 (0.0157)  time: 50.3116  data: 43.5195  max mem: 30410
Epoch: [36]  [ 10/159]  eta: 0:13:31  lr: 0.000081  min_lr: 0.000081  loss: 0.9999 (0.9995)  weight_decay: 0.0500 (0.0500)  grad_norm: 0.0118 (0.0114)  time: 5.4441  data: 3.9570  max mem: 30410
Epoch: [36]  [ 20/159]  eta: 0:07:28  lr: 0.000081  min_lr: 0.000081  loss: 0.9999 (0.9997)  weight_decay: 0.0500 (0.0500)  grad_norm: 0.0097 (0.0103)  time: 0.8752  data: 0.0005  max mem: 30410
Epoch: [36]  [ 30/159]  eta: 0:05:06  lr: 0.000081  min_lr: 0.000081  loss: 1.0000 (0.9997)  weight_decay: 0.0500 (0.0500)  grad_norm: 0.0058 (0.0088)  time: 0.6862  data: 0.0002  max mem: 30410
Epoch: [36]  [ 40/159]  eta: 0:03:50  lr: 0.000080  min_lr: 0.000080  loss: 1.0000 (0.9998)  weight_decay: 0.0500 (0.0500)  grad_norm: 0.0058 (0.0085)  time: 0.5778  data: 0.0001  max mem: 30410
Epoch: [36]  [ 50/159]  eta: 0:03:01  lr: 0.000080  min_lr: 0.000080  loss: 1.0000 (0.9998)  weight_decay: 0.0500 (0.0500)  grad_norm: 0.0073 (0.0087)  time: 0.5763  data: 0.0002  max mem: 30410
Epoch: [36]  [ 60/159]  eta: 0:02:27  lr: 0.000080  min_lr: 0.000080  loss: 1.0000 (0.9998)  weight_decay: 0.0500 (0.0500)  grad_norm: 0.0093 (0.0089)  time: 0.5754  data: 0.0002  max mem: 30410
Epoch: [36]  [ 70/159]  eta: 0:02:01  lr: 0.000080  min_lr: 0.000080  loss: 1.0000 (0.9998)  weight_decay: 0.0500 (0.0500)  grad_norm: 0.0085 (0.0091)  time: 0.5746  data: 0.0001  max mem: 30410
Epoch: [36]  [ 80/159]  eta: 0:01:39  lr: 0.000080  min_lr: 0.000080  loss: 0.9998 (0.9998)  weight_decay: 0.0500 (0.0500)  grad_norm: 0.0082 (0.0091)  time: 0.5748  data: 0.0001  max mem: 30410
Epoch: [36]  [ 90/159]  eta: 0:01:22  lr: 0.000080  min_lr: 0.000080  loss: 0.9998 (0.9998)  weight_decay: 0.0500 (0.0500)  grad_norm: 0.0078 (0.0091)  time: 0.5759  data: 0.0001  max mem: 30410
Epoch: [36]  [100/159]  eta: 0:01:06  lr: 0.000080  min_lr: 0.000080  loss: 0.9999 (0.9998)  weight_decay: 0.0500 (0.0500)  grad_norm: 0.0088 (0.0091)  time: 0.5769  data: 0.0002  max mem: 30410
Epoch: [36]  [110/159]  eta: 0:00:52  lr: 0.000080  min_lr: 0.000080  loss: 1.0000 (0.9998)  weight_decay: 0.0500 (0.0500)  grad_norm: 0.0097 (0.0091)  time: 0.5768  data: 0.0002  max mem: 30410
Epoch: [36]  [120/159]  eta: 0:00:40  lr: 0.000080  min_lr: 0.000080  loss: 1.0000 (0.9998)  weight_decay: 0.0500 (0.0500)  grad_norm: 0.0087 (0.0090)  time: 0.5751  data: 0.0002  max mem: 30410
Epoch: [36]  [130/159]  eta: 0:00:29  lr: 0.000080  min_lr: 0.000080  loss: 1.0000 (0.9998)  weight_decay: 0.0500 (0.0500)  grad_norm: 0.0081 (0.0090)  time: 0.5753  data: 0.0001  max mem: 30410
Epoch: [36]  [140/159]  eta: 0:00:18  lr: 0.000080  min_lr: 0.000080  loss: 1.0000 (0.9998)  weight_decay: 0.0500 (0.0500)  grad_norm: 0.0078 (0.0090)  time: 0.5766  data: 0.0001  max mem: 30410
Epoch: [36]  [150/159]  eta: 0:00:08  lr: 0.000079  min_lr: 0.000079  loss: 1.0000 (0.9998)  weight_decay: 0.0500 (0.0500)  grad_norm: 0.0078 (0.0090)  time: 0.5766  data: 0.0001  max mem: 30410
Epoch: [36]  [158/159]  eta: 0:00:00  lr: 0.000079  min_lr: 0.000079  loss: 1.0000 (0.9998)  weight_decay: 0.0500 (0.0500)  grad_norm: 0.0078 (0.0093)  time: 0.5764  data: 0.0001  max mem: 30410
Epoch: [36] Total time: 0:02:28 (0.9338 s / it)
Averaged stats: lr: 0.000079  min_lr: 0.000079  loss: 1.0000 (0.9998)  weight_decay: 0.0500 (0.0500)  grad_norm: 0.0078 (0.0093)
Epoch: [37]  [  0/159]  eta: 2:22:48  lr: 0.000079  min_lr: 0.000079  loss: 0.9985 (0.9985)  weight_decay: 0.0500 (0.0500)  grad_norm: 0.0098 (0.0098)  time: 53.8897  data: 36.3980  max mem: 30410
Epoch: [37]  [ 10/159]  eta: 0:14:35  lr: 0.000079  min_lr: 0.000079  loss: 0.9999 (0.9997)  weight_decay: 0.0500 (0.0500)  grad_norm: 0.0104 (0.0151)  time: 5.8745  data: 3.3094  max mem: 30410
Epoch: [37]  [ 20/159]  eta: 0:07:48  lr: 0.000079  min_lr: 0.000079  loss: 0.9999 (0.9997)  weight_decay: 0.0500 (0.0500)  grad_norm: 0.0134 (0.0152)  time: 0.8431  data: 0.0003  max mem: 30410
Epoch: [37]  [ 30/159]  eta: 0:05:18  lr: 0.000079  min_lr: 0.000079  loss: 1.0000 (0.9998)  weight_decay: 0.0500 (0.0500)  grad_norm: 0.0101 (0.0135)  time: 0.5953  data: 0.0001  max mem: 30410
Epoch: [37]  [ 40/159]  eta: 0:03:58  lr: 0.000079  min_lr: 0.000079  loss: 1.0000 (0.9998)  weight_decay: 0.0500 (0.0500)  grad_norm: 0.0084 (0.0123)  time: 0.5765  data: 0.0001  max mem: 30410
Epoch: [37]  [ 50/159]  eta: 0:03:08  lr: 0.000079  min_lr: 0.000079  loss: 1.0000 (0.9998)  weight_decay: 0.0500 (0.0500)  grad_norm: 0.0087 (0.0125)  time: 0.5764  data: 0.0001  max mem: 30410
Epoch: [37]  [ 60/159]  eta: 0:02:32  lr: 0.000079  min_lr: 0.000079  loss: 1.0000 (0.9998)  weight_decay: 0.0500 (0.0500)  grad_norm: 0.0097 (0.0121)  time: 0.5765  data: 0.0001  max mem: 30410
Epoch: [37]  [ 70/159]  eta: 0:02:04  lr: 0.000079  min_lr: 0.000079  loss: 1.0000 (0.9998)  weight_decay: 0.0500 (0.0500)  grad_norm: 0.0098 (0.0118)  time: 0.5753  data: 0.0001  max mem: 30410
Epoch: [37]  [ 80/159]  eta: 0:01:42  lr: 0.000079  min_lr: 0.000079  loss: 0.9999 (0.9998)  weight_decay: 0.0500 (0.0500)  grad_norm: 0.0102 (0.0116)  time: 0.5745  data: 0.0001  max mem: 30410
Epoch: [37]  [ 90/159]  eta: 0:01:24  lr: 0.000079  min_lr: 0.000079  loss: 0.9997 (0.9998)  weight_decay: 0.0500 (0.0500)  grad_norm: 0.0095 (0.0115)  time: 0.5747  data: 0.0001  max mem: 30410
Epoch: [37]  [100/159]  eta: 0:01:08  lr: 0.000078  min_lr: 0.000078  loss: 1.0000 (0.9998)  weight_decay: 0.0500 (0.0500)  grad_norm: 0.0114 (0.0117)  time: 0.5763  data: 0.0001  max mem: 30410
Epoch: [37]  [110/159]  eta: 0:00:54  lr: 0.000078  min_lr: 0.000078  loss: 1.0000 (0.9998)  weight_decay: 0.0500 (0.0500)  grad_norm: 0.0111 (0.0116)  time: 0.5760  data: 0.0001  max mem: 30410
Epoch: [37]  [120/159]  eta: 0:00:41  lr: 0.000078  min_lr: 0.000078  loss: 1.0000 (0.9998)  weight_decay: 0.0500 (0.0500)  grad_norm: 0.0080 (0.0113)  time: 0.5743  data: 0.0001  max mem: 30410
Epoch: [37]  [130/159]  eta: 0:00:29  lr: 0.000078  min_lr: 0.000078  loss: 1.0000 (0.9998)  weight_decay: 0.0500 (0.0500)  grad_norm: 0.0080 (0.0112)  time: 0.5743  data: 0.0001  max mem: 30410
Epoch: [37]  [140/159]  eta: 0:00:18  lr: 0.000078  min_lr: 0.000078  loss: 1.0000 (0.9998)  weight_decay: 0.0500 (0.0500)  grad_norm: 0.0092 (0.0114)  time: 0.5757  data: 0.0001  max mem: 30410
Epoch: [37]  [150/159]  eta: 0:00:08  lr: 0.000078  min_lr: 0.000078  loss: 1.0000 (0.9998)  weight_decay: 0.0500 (0.0500)  grad_norm: 0.0105 (0.0114)  time: 0.5760  data: 0.0001  max mem: 30410
Epoch: [37]  [158/159]  eta: 0:00:00  lr: 0.000078  min_lr: 0.000078  loss: 1.0000 (0.9998)  weight_decay: 0.0500 (0.0500)  grad_norm: 0.0094 (0.0113)  time: 0.5756  data: 0.0001  max mem: 30410
Epoch: [37] Total time: 0:02:31 (0.9530 s / it)
Averaged stats: lr: 0.000078  min_lr: 0.000078  loss: 1.0000 (0.9998)  weight_decay: 0.0500 (0.0500)  grad_norm: 0.0094 (0.0113)
Epoch: [38]  [  0/159]  eta: 2:17:43  lr: 0.000078  min_lr: 0.000078  loss: 0.9993 (0.9993)  weight_decay: 0.0500 (0.0500)  grad_norm: 0.0062 (0.0062)  time: 51.9714  data: 45.9450  max mem: 30410
Epoch: [38]  [ 10/159]  eta: 0:13:51  lr: 0.000078  min_lr: 0.000078  loss: 1.0000 (0.9998)  weight_decay: 0.0500 (0.0500)  grad_norm: 0.0089 (0.0090)  time: 5.5829  data: 4.1771  max mem: 30410
Epoch: [38]  [ 20/159]  eta: 0:07:32  lr: 0.000078  min_lr: 0.000078  loss: 1.0000 (0.9998)  weight_decay: 0.0500 (0.0500)  grad_norm: 0.0099 (0.0094)  time: 0.8167  data: 0.0003  max mem: 30410
Epoch: [38]  [ 30/159]  eta: 0:05:08  lr: 0.000078  min_lr: 0.000078  loss: 1.0000 (0.9998)  weight_decay: 0.0500 (0.0500)  grad_norm: 0.0103 (0.0102)  time: 0.6342  data: 0.0002  max mem: 30410
Epoch: [38]  [ 40/159]  eta: 0:03:51  lr: 0.000078  min_lr: 0.000078  loss: 1.0000 (0.9998)  weight_decay: 0.0500 (0.0500)  grad_norm: 0.0107 (0.0101)  time: 0.5793  data: 0.0001  max mem: 30410
Epoch: [38]  [ 50/159]  eta: 0:03:03  lr: 0.000078  min_lr: 0.000078  loss: 1.0000 (0.9998)  weight_decay: 0.0500 (0.0500)  grad_norm: 0.0113 (0.0109)  time: 0.5790  data: 0.0001  max mem: 30410
Epoch: [38]  [ 60/159]  eta: 0:02:28  lr: 0.000077  min_lr: 0.000077  loss: 1.0000 (0.9998)  weight_decay: 0.0500 (0.0500)  grad_norm: 0.0120 (0.0115)  time: 0.5768  data: 0.0001  max mem: 30410
Epoch: [38]  [ 70/159]  eta: 0:02:01  lr: 0.000077  min_lr: 0.000077  loss: 1.0000 (0.9998)  weight_decay: 0.0500 (0.0500)  grad_norm: 0.0140 (0.0124)  time: 0.5750  data: 0.0001  max mem: 30410
Epoch: [38]  [ 80/159]  eta: 0:01:40  lr: 0.000077  min_lr: 0.000077  loss: 0.9998 (0.9998)  weight_decay: 0.0500 (0.0500)  grad_norm: 0.0127 (0.0123)  time: 0.5738  data: 0.0001  max mem: 30410
Epoch: [38]  [ 90/159]  eta: 0:01:22  lr: 0.000077  min_lr: 0.000077  loss: 0.9998 (0.9998)  weight_decay: 0.0500 (0.0500)  grad_norm: 0.0098 (0.0119)  time: 0.5727  data: 0.0001  max mem: 30410
Epoch: [38]  [100/159]  eta: 0:01:06  lr: 0.000077  min_lr: 0.000077  loss: 1.0000 (0.9998)  weight_decay: 0.0500 (0.0500)  grad_norm: 0.0098 (0.0121)  time: 0.5758  data: 0.0001  max mem: 30410
Epoch: [38]  [110/159]  eta: 0:00:53  lr: 0.000077  min_lr: 0.000077  loss: 1.0000 (0.9998)  weight_decay: 0.0500 (0.0500)  grad_norm: 0.0128 (0.0120)  time: 0.5770  data: 0.0001  max mem: 30410
Epoch: [38]  [120/159]  eta: 0:00:40  lr: 0.000077  min_lr: 0.000077  loss: 1.0000 (0.9998)  weight_decay: 0.0500 (0.0500)  grad_norm: 0.0105 (0.0121)  time: 0.5734  data: 0.0001  max mem: 30410
Epoch: [38]  [130/159]  eta: 0:00:29  lr: 0.000077  min_lr: 0.000077  loss: 1.0000 (0.9998)  weight_decay: 0.0500 (0.0500)  grad_norm: 0.0150 (0.0124)  time: 0.5735  data: 0.0001  max mem: 30410
Epoch: [38]  [140/159]  eta: 0:00:18  lr: 0.000077  min_lr: 0.000077  loss: 1.0000 (0.9998)  weight_decay: 0.0500 (0.0500)  grad_norm: 0.0137 (0.0123)  time: 0.5745  data: 0.0001  max mem: 30410
Epoch: [38]  [150/159]  eta: 0:00:08  lr: 0.000077  min_lr: 0.000077  loss: 1.0000 (0.9998)  weight_decay: 0.0500 (0.0500)  grad_norm: 0.0090 (0.0121)  time: 0.5773  data: 0.0001  max mem: 30410
Epoch: [38]  [158/159]  eta: 0:00:00  lr: 0.000077  min_lr: 0.000077  loss: 1.0000 (0.9998)  weight_decay: 0.0500 (0.0500)  grad_norm: 0.0090 (0.0121)  time: 0.5773  data: 0.0002  max mem: 30410
Epoch: [38] Total time: 0:02:29 (0.9377 s / it)
Averaged stats: lr: 0.000077  min_lr: 0.000077  loss: 1.0000 (0.9998)  weight_decay: 0.0500 (0.0500)  grad_norm: 0.0090 (0.0121)
Epoch: [39]  [  0/159]  eta: 2:18:07  lr: 0.000076  min_lr: 0.000076  loss: 1.0000 (1.0000)  weight_decay: 0.0500 (0.0500)  grad_norm: 0.0119 (0.0119)  time: 52.1238  data: 32.9400  max mem: 30410
Epoch: [39]  [ 10/159]  eta: 0:13:48  lr: 0.000076  min_lr: 0.000076  loss: 1.0000 (0.9997)  weight_decay: 0.0500 (0.0500)  grad_norm: 0.0130 (0.0120)  time: 5.5606  data: 2.9949  max mem: 30410
Epoch: [39]  [ 20/159]  eta: 0:07:34  lr: 0.000076  min_lr: 0.000076  loss: 1.0000 (0.9996)  weight_decay: 0.0500 (0.0500)  grad_norm: 0.0111 (0.0124)  time: 0.8273  data: 0.0003  max mem: 30410
Epoch: [39]  [ 30/159]  eta: 0:05:09  lr: 0.000076  min_lr: 0.000076  loss: 1.0000 (0.9997)  weight_decay: 0.0500 (0.0500)  grad_norm: 0.0111 (0.0143)  time: 0.6636  data: 0.0002  max mem: 30410
Epoch: [39]  [ 40/159]  eta: 0:03:52  lr: 0.000076  min_lr: 0.000076  loss: 1.0000 (0.9997)  weight_decay: 0.0500 (0.0500)  grad_norm: 0.0120 (0.0139)  time: 0.5762  data: 0.0002  max mem: 30410
Epoch: [39]  [ 50/159]  eta: 0:03:04  lr: 0.000076  min_lr: 0.000076  loss: 1.0000 (0.9997)  weight_decay: 0.0500 (0.0500)  grad_norm: 0.0111 (0.0133)  time: 0.5847  data: 0.0001  max mem: 30410
Epoch: [39]  [ 60/159]  eta: 0:02:29  lr: 0.000076  min_lr: 0.000076  loss: 1.0000 (0.9997)  weight_decay: 0.0500 (0.0500)  grad_norm: 0.0112 (0.0133)  time: 0.5905  data: 0.0001  max mem: 30410
Epoch: [39]  [ 70/159]  eta: 0:02:02  lr: 0.000076  min_lr: 0.000076  loss: 1.0000 (0.9997)  weight_decay: 0.0500 (0.0500)  grad_norm: 0.0112 (0.0131)  time: 0.5824  data: 0.0001  max mem: 30410
Epoch: [39]  [ 80/159]  eta: 0:01:40  lr: 0.000076  min_lr: 0.000076  loss: 1.0000 (0.9997)  weight_decay: 0.0500 (0.0500)  grad_norm: 0.0112 (0.0129)  time: 0.5766  data: 0.0002  max mem: 30410
Epoch: [39]  [ 90/159]  eta: 0:01:22  lr: 0.000076  min_lr: 0.000076  loss: 0.9997 (0.9997)  weight_decay: 0.0500 (0.0500)  grad_norm: 0.0106 (0.0129)  time: 0.5740  data: 0.0002  max mem: 30410
Epoch: [39]  [100/159]  eta: 0:01:07  lr: 0.000076  min_lr: 0.000076  loss: 0.9997 (0.9997)  weight_decay: 0.0500 (0.0500)  grad_norm: 0.0145 (0.0132)  time: 0.5736  data: 0.0002  max mem: 30410
Epoch: [39]  [110/159]  eta: 0:00:53  lr: 0.000075  min_lr: 0.000075  loss: 1.0000 (0.9997)  weight_decay: 0.0500 (0.0500)  grad_norm: 0.0145 (0.0133)  time: 0.5851  data: 0.0002  max mem: 30410
Epoch: [39]  [120/159]  eta: 0:00:40  lr: 0.000075  min_lr: 0.000075  loss: 1.0000 (0.9997)  weight_decay: 0.0500 (0.0500)  grad_norm: 0.0132 (0.0132)  time: 0.5893  data: 0.0001  max mem: 30410
Epoch: [39]  [130/159]  eta: 0:00:29  lr: 0.000075  min_lr: 0.000075  loss: 1.0000 (0.9997)  weight_decay: 0.0500 (0.0500)  grad_norm: 0.0106 (0.0131)  time: 0.5800  data: 0.0001  max mem: 30410
Epoch: [39]  [140/159]  eta: 0:00:18  lr: 0.000075  min_lr: 0.000075  loss: 1.0000 (0.9997)  weight_decay: 0.0500 (0.0500)  grad_norm: 0.0116 (0.0133)  time: 0.5752  data: 0.0001  max mem: 30410
Epoch: [39]  [150/159]  eta: 0:00:08  lr: 0.000075  min_lr: 0.000075  loss: 1.0000 (0.9997)  weight_decay: 0.0500 (0.0500)  grad_norm: 0.0142 (0.0133)  time: 0.5725  data: 0.0001  max mem: 30410
Epoch: [39]  [158/159]  eta: 0:00:00  lr: 0.000075  min_lr: 0.000075  loss: 1.0000 (0.9997)  weight_decay: 0.0500 (0.0500)  grad_norm: 0.0134 (0.0134)  time: 0.5746  data: 0.0001  max mem: 30410
Epoch: [39] Total time: 0:02:29 (0.9428 s / it)
Averaged stats: lr: 0.000075  min_lr: 0.000075  loss: 1.0000 (0.9998)  weight_decay: 0.0500 (0.0500)  grad_norm: 0.0134 (0.0134)
Epoch: [40]  [  0/159]  eta: 2:12:59  lr: 0.000075  min_lr: 0.000075  loss: 0.9998 (0.9998)  weight_decay: 0.0500 (0.0500)  grad_norm: 0.0214 (0.0214)  time: 50.1879  data: 45.6863  max mem: 30410
Epoch: [40]  [ 10/159]  eta: 0:13:29  lr: 0.000075  min_lr: 0.000075  loss: 1.0000 (0.9996)  weight_decay: 0.0500 (0.0500)  grad_norm: 0.0081 (0.0098)  time: 5.4318  data: 4.1537  max mem: 30410
Epoch: [40]  [ 20/159]  eta: 0:07:27  lr: 0.000075  min_lr: 0.000075  loss: 1.0000 (0.9995)  weight_decay: 0.0500 (0.0500)  grad_norm: 0.0097 (0.0110)  time: 0.8691  data: 0.0003  max mem: 30410
Epoch: [40]  [ 30/159]  eta: 0:05:05  lr: 0.000075  min_lr: 0.000075  loss: 1.0000 (0.9996)  weight_decay: 0.0500 (0.0500)  grad_norm: 0.0123 (0.0115)  time: 0.6814  data: 0.0002  max mem: 30410
Epoch: [40]  [ 40/159]  eta: 0:03:49  lr: 0.000075  min_lr: 0.000075  loss: 1.0000 (0.9997)  weight_decay: 0.0500 (0.0500)  grad_norm: 0.0109 (0.0119)  time: 0.5787  data: 0.0002  max mem: 30410
Epoch: [40]  [ 50/159]  eta: 0:03:01  lr: 0.000075  min_lr: 0.000075  loss: 1.0000 (0.9997)  weight_decay: 0.0500 (0.0500)  grad_norm: 0.0109 (0.0119)  time: 0.5767  data: 0.0002  max mem: 30410
Epoch: [40]  [ 60/159]  eta: 0:02:27  lr: 0.000074  min_lr: 0.000074  loss: 1.0000 (0.9997)  weight_decay: 0.0500 (0.0500)  grad_norm: 0.0129 (0.0125)  time: 0.5751  data: 0.0002  max mem: 30410
Epoch: [40]  [ 70/159]  eta: 0:02:00  lr: 0.000074  min_lr: 0.000074  loss: 1.0000 (0.9997)  weight_decay: 0.0500 (0.0500)  grad_norm: 0.0125 (0.0125)  time: 0.5736  data: 0.0002  max mem: 30410
Epoch: [40]  [ 80/159]  eta: 0:01:39  lr: 0.000074  min_lr: 0.000074  loss: 1.0000 (0.9997)  weight_decay: 0.0500 (0.0500)  grad_norm: 0.0131 (0.0133)  time: 0.5754  data: 0.0002  max mem: 30410
Epoch: [40]  [ 90/159]  eta: 0:01:21  lr: 0.000074  min_lr: 0.000074  loss: 1.0000 (0.9997)  weight_decay: 0.0500 (0.0500)  grad_norm: 0.0161 (0.0138)  time: 0.5741  data: 0.0002  max mem: 30410
Epoch: [40]  [100/159]  eta: 0:01:06  lr: 0.000074  min_lr: 0.000074  loss: 1.0000 (0.9998)  weight_decay: 0.0500 (0.0500)  grad_norm: 0.0190 (0.0144)  time: 0.5734  data: 0.0002  max mem: 30410
Epoch: [40]  [110/159]  eta: 0:00:52  lr: 0.000074  min_lr: 0.000074  loss: 1.0000 (0.9998)  weight_decay: 0.0500 (0.0500)  grad_norm: 0.0123 (0.0141)  time: 0.5749  data: 0.0002  max mem: 30410
Epoch: [40]  [120/159]  eta: 0:00:40  lr: 0.000074  min_lr: 0.000074  loss: 1.0000 (0.9998)  weight_decay: 0.0500 (0.0500)  grad_norm: 0.0115 (0.0141)  time: 0.5733  data: 0.0002  max mem: 30410
Epoch: [40]  [130/159]  eta: 0:00:28  lr: 0.000074  min_lr: 0.000074  loss: 1.0000 (0.9998)  weight_decay: 0.0500 (0.0500)  grad_norm: 0.0118 (0.0143)  time: 0.5719  data: 0.0002  max mem: 30410
Epoch: [40]  [140/159]  eta: 0:00:18  lr: 0.000074  min_lr: 0.000074  loss: 1.0000 (0.9998)  weight_decay: 0.0500 (0.0500)  grad_norm: 0.0143 (0.0145)  time: 0.5737  data: 0.0002  max mem: 30410
Epoch: [40]  [150/159]  eta: 0:00:08  lr: 0.000074  min_lr: 0.000074  loss: 1.0000 (0.9998)  weight_decay: 0.0500 (0.0500)  grad_norm: 0.0143 (0.0147)  time: 0.5761  data: 0.0002  max mem: 30410
Epoch: [40]  [158/159]  eta: 0:00:00  lr: 0.000073  min_lr: 0.000073  loss: 1.0000 (0.9998)  weight_decay: 0.0500 (0.0500)  grad_norm: 0.0126 (0.0147)  time: 0.5757  data: 0.0002  max mem: 30410
Epoch: [40] Total time: 0:02:28 (0.9320 s / it)
Averaged stats: lr: 0.000073  min_lr: 0.000073  loss: 1.0000 (0.9997)  weight_decay: 0.0500 (0.0500)  grad_norm: 0.0126 (0.0147)
[Eval]   [0/2]  eta: 0:00:10  loss: 0.9996 (0.9996)  time: 5.1221  data: 4.9562  max mem: 30410
[Eval]   [1/2]  eta: 0:00:02  loss: 0.9996 (0.9998)  time: 2.6110  data: 2.4781  max mem: 30410
[Eval]  Total time: 0:00:05 (2.9428 s / it)
Eval averaged stats: loss: 0.9996 (0.9996)
[Eval] Image Metrics:  [0/2]  eta: 0:00:12    time: 6.4804  data: 4.9461  max mem: 30410
[Eval] Image Metrics:  [1/2]  eta: 0:00:03    time: 3.2929  data: 2.4731  max mem: 30410
[Eval] Image Metrics: Total time: 0:00:07 (3.7156 s / it)
[Eval] Metric Results: [Eval] MSE: 0.0000 (0.0000)  [Eval] MAE: 0.0000 (0.0000)  [Eval] PSNR: 47.0061 (47.0061)  [Eval] MS-SSIM: 0.9991 (0.9991)
Logged 9 eval images
Epoch: [41]  [  0/159]  eta: 1:43:55  lr: 0.000073  min_lr: 0.000073  loss: 0.9993 (0.9993)  weight_decay: 0.0500 (0.0500)  grad_norm: 0.0081 (0.0081)  time: 39.2142  data: 38.2693  max mem: 30410
Epoch: [41]  [ 10/159]  eta: 0:11:31  lr: 0.000073  min_lr: 0.000073  loss: 0.9996 (0.9995)  weight_decay: 0.0500 (0.0500)  grad_norm: 0.0095 (0.0125)  time: 4.6410  data: 3.8222  max mem: 30410
Epoch: [41]  [ 20/159]  eta: 0:06:22  lr: 0.000073  min_lr: 0.000073  loss: 0.9996 (0.9994)  weight_decay: 0.0500 (0.0500)  grad_norm: 0.0128 (0.0133)  time: 0.9258  data: 0.1888  max mem: 30410
Epoch: [41]  [ 30/159]  eta: 0:04:27  lr: 0.000073  min_lr: 0.000073  loss: 1.0000 (0.9996)  weight_decay: 0.0500 (0.0500)  grad_norm: 0.0116 (0.0130)  time: 0.6651  data: 0.0002  max mem: 30410
Epoch: [41]  [ 40/159]  eta: 0:03:24  lr: 0.000073  min_lr: 0.000073  loss: 1.0000 (0.9996)  weight_decay: 0.0500 (0.0500)  grad_norm: 0.0099 (0.0132)  time: 0.6427  data: 0.0002  max mem: 30410
Epoch: [41]  [ 50/159]  eta: 0:02:43  lr: 0.000073  min_lr: 0.000073  loss: 1.0000 (0.9996)  weight_decay: 0.0500 (0.0500)  grad_norm: 0.0130 (0.0131)  time: 0.6002  data: 0.0002  max mem: 30410
Epoch: [41]  [ 60/159]  eta: 0:02:13  lr: 0.000073  min_lr: 0.000073  loss: 1.0000 (0.9997)  weight_decay: 0.0500 (0.0500)  grad_norm: 0.0113 (0.0129)  time: 0.5752  data: 0.0002  max mem: 30410
Epoch: [41]  [ 70/159]  eta: 0:01:50  lr: 0.000073  min_lr: 0.000073  loss: 1.0000 (0.9997)  weight_decay: 0.0500 (0.0500)  grad_norm: 0.0106 (0.0131)  time: 0.5720  data: 0.0002  max mem: 30410
Epoch: [41]  [ 80/159]  eta: 0:01:31  lr: 0.000073  min_lr: 0.000073  loss: 0.9998 (0.9996)  weight_decay: 0.0500 (0.0500)  grad_norm: 0.0140 (0.0134)  time: 0.5718  data: 0.0002  max mem: 30410
Epoch: [41]  [ 90/159]  eta: 0:01:15  lr: 0.000073  min_lr: 0.000073  loss: 0.9995 (0.9996)  weight_decay: 0.0500 (0.0500)  grad_norm: 0.0143 (0.0134)  time: 0.5732  data: 0.0002  max mem: 30410
Epoch: [41]  [100/159]  eta: 0:01:01  lr: 0.000072  min_lr: 0.000072  loss: 0.9997 (0.9996)  weight_decay: 0.0500 (0.0500)  grad_norm: 0.0135 (0.0135)  time: 0.5721  data: 0.0002  max mem: 30410
Epoch: [41]  [110/159]  eta: 0:00:48  lr: 0.000072  min_lr: 0.000072  loss: 1.0000 (0.9996)  weight_decay: 0.0500 (0.0500)  grad_norm: 0.0125 (0.0134)  time: 0.5712  data: 0.0002  max mem: 30410
Epoch: [41]  [120/159]  eta: 0:00:37  lr: 0.000072  min_lr: 0.000072  loss: 1.0000 (0.9997)  weight_decay: 0.0500 (0.0500)  grad_norm: 0.0132 (0.0135)  time: 0.5718  data: 0.0002  max mem: 30410
Epoch: [41]  [130/159]  eta: 0:00:27  lr: 0.000072  min_lr: 0.000072  loss: 1.0000 (0.9997)  weight_decay: 0.0500 (0.0500)  grad_norm: 0.0139 (0.0138)  time: 0.5734  data: 0.0002  max mem: 30410
Epoch: [41]  [140/159]  eta: 0:00:17  lr: 0.000072  min_lr: 0.000072  loss: 1.0000 (0.9997)  weight_decay: 0.0500 (0.0500)  grad_norm: 0.0134 (0.0140)  time: 0.5732  data: 0.0002  max mem: 30410
Epoch: [41]  [150/159]  eta: 0:00:07  lr: 0.000072  min_lr: 0.000072  loss: 1.0000 (0.9996)  weight_decay: 0.0500 (0.0500)  grad_norm: 0.0131 (0.0138)  time: 0.5714  data: 0.0002  max mem: 30410
Epoch: [41]  [158/159]  eta: 0:00:00  lr: 0.000072  min_lr: 0.000072  loss: 1.0000 (0.9997)  weight_decay: 0.0500 (0.0500)  grad_norm: 0.0113 (0.0140)  time: 0.5715  data: 0.0002  max mem: 30410
Epoch: [41] Total time: 0:02:19 (0.8767 s / it)
Averaged stats: lr: 0.000072  min_lr: 0.000072  loss: 1.0000 (0.9997)  weight_decay: 0.0500 (0.0500)  grad_norm: 0.0113 (0.0140)
Epoch: [42]  [  0/159]  eta: 2:18:02  lr: 0.000072  min_lr: 0.000072  loss: 0.9989 (0.9989)  weight_decay: 0.0500 (0.0500)  grad_norm: 0.0182 (0.0182)  time: 52.0903  data: 18.4906  max mem: 30410
Epoch: [42]  [ 10/159]  eta: 0:14:04  lr: 0.000072  min_lr: 0.000072  loss: 0.9993 (0.9994)  weight_decay: 0.0500 (0.0500)  grad_norm: 0.0169 (0.0187)  time: 5.6660  data: 1.6814  max mem: 30410
Epoch: [42]  [ 20/159]  eta: 0:07:38  lr: 0.000072  min_lr: 0.000072  loss: 0.9997 (0.9995)  weight_decay: 0.0500 (0.0500)  grad_norm: 0.0125 (0.0156)  time: 0.8561  data: 0.0003  max mem: 30410
Epoch: [42]  [ 30/159]  eta: 0:05:12  lr: 0.000072  min_lr: 0.000072  loss: 1.0000 (0.9996)  weight_decay: 0.0500 (0.0500)  grad_norm: 0.0125 (0.0148)  time: 0.6334  data: 0.0002  max mem: 30410
Epoch: [42]  [ 40/159]  eta: 0:03:54  lr: 0.000072  min_lr: 0.000072  loss: 1.0000 (0.9997)  weight_decay: 0.0500 (0.0500)  grad_norm: 0.0108 (0.0143)  time: 0.5778  data: 0.0001  max mem: 30410
Epoch: [42]  [ 50/159]  eta: 0:03:04  lr: 0.000071  min_lr: 0.000071  loss: 1.0000 (0.9996)  weight_decay: 0.0500 (0.0500)  grad_norm: 0.0110 (0.0147)  time: 0.5778  data: 0.0001  max mem: 30410
Epoch: [42]  [ 60/159]  eta: 0:02:29  lr: 0.000071  min_lr: 0.000071  loss: 1.0000 (0.9997)  weight_decay: 0.0500 (0.0500)  grad_norm: 0.0141 (0.0148)  time: 0.5768  data: 0.0001  max mem: 30410
Epoch: [42]  [ 70/159]  eta: 0:02:02  lr: 0.000071  min_lr: 0.000071  loss: 1.0000 (0.9997)  weight_decay: 0.0500 (0.0500)  grad_norm: 0.0129 (0.0146)  time: 0.5761  data: 0.0001  max mem: 30410
Epoch: [42]  [ 80/159]  eta: 0:01:41  lr: 0.000071  min_lr: 0.000071  loss: 1.0000 (0.9997)  weight_decay: 0.0500 (0.0500)  grad_norm: 0.0112 (0.0144)  time: 0.5760  data: 0.0001  max mem: 30410
Epoch: [42]  [ 90/159]  eta: 0:01:23  lr: 0.000071  min_lr: 0.000071  loss: 0.9995 (0.9997)  weight_decay: 0.0500 (0.0500)  grad_norm: 0.0152 (0.0147)  time: 0.5755  data: 0.0001  max mem: 30410
Epoch: [42]  [100/159]  eta: 0:01:07  lr: 0.000071  min_lr: 0.000071  loss: 0.9997 (0.9997)  weight_decay: 0.0500 (0.0500)  grad_norm: 0.0171 (0.0151)  time: 0.5768  data: 0.0001  max mem: 30410
Epoch: [42]  [110/159]  eta: 0:00:53  lr: 0.000071  min_lr: 0.000071  loss: 1.0000 (0.9997)  weight_decay: 0.0500 (0.0500)  grad_norm: 0.0172 (0.0153)  time: 0.5789  data: 0.0001  max mem: 30410
Epoch: [42]  [120/159]  eta: 0:00:40  lr: 0.000071  min_lr: 0.000071  loss: 1.0000 (0.9997)  weight_decay: 0.0500 (0.0500)  grad_norm: 0.0127 (0.0151)  time: 0.5793  data: 0.0001  max mem: 30410
Epoch: [42]  [130/159]  eta: 0:00:29  lr: 0.000071  min_lr: 0.000071  loss: 1.0000 (0.9997)  weight_decay: 0.0500 (0.0500)  grad_norm: 0.0119 (0.0150)  time: 0.5773  data: 0.0001  max mem: 30410
Epoch: [42]  [140/159]  eta: 0:00:18  lr: 0.000071  min_lr: 0.000071  loss: 1.0000 (0.9997)  weight_decay: 0.0500 (0.0500)  grad_norm: 0.0122 (0.0150)  time: 0.5753  data: 0.0001  max mem: 30410
Epoch: [42]  [150/159]  eta: 0:00:08  lr: 0.000070  min_lr: 0.000070  loss: 1.0000 (0.9997)  weight_decay: 0.0500 (0.0500)  grad_norm: 0.0110 (0.0150)  time: 0.5762  data: 0.0001  max mem: 30410
Epoch: [42]  [158/159]  eta: 0:00:00  lr: 0.000070  min_lr: 0.000070  loss: 1.0000 (0.9997)  weight_decay: 0.0500 (0.0500)  grad_norm: 0.0122 (0.0152)  time: 0.5777  data: 0.0001  max mem: 30410
Epoch: [42] Total time: 0:02:30 (0.9443 s / it)
Averaged stats: lr: 0.000070  min_lr: 0.000070  loss: 1.0000 (0.9997)  weight_decay: 0.0500 (0.0500)  grad_norm: 0.0122 (0.0152)
Epoch: [43]  [  0/159]  eta: 2:11:11  lr: 0.000070  min_lr: 0.000070  loss: 0.9995 (0.9995)  weight_decay: 0.0500 (0.0500)  grad_norm: 0.0130 (0.0130)  time: 49.5058  data: 45.0109  max mem: 30410
Epoch: [43]  [ 10/159]  eta: 0:13:21  lr: 0.000070  min_lr: 0.000070  loss: 1.0000 (0.9997)  weight_decay: 0.0500 (0.0500)  grad_norm: 0.0130 (0.0137)  time: 5.3760  data: 4.0923  max mem: 30410
Epoch: [43]  [ 20/159]  eta: 0:07:24  lr: 0.000070  min_lr: 0.000070  loss: 1.0000 (0.9997)  weight_decay: 0.0500 (0.0500)  grad_norm: 0.0105 (0.0129)  time: 0.8851  data: 0.0006  max mem: 30410
Epoch: [43]  [ 30/159]  eta: 0:05:03  lr: 0.000070  min_lr: 0.000070  loss: 1.0000 (0.9997)  weight_decay: 0.0500 (0.0500)  grad_norm: 0.0118 (0.0134)  time: 0.6932  data: 0.0004  max mem: 30410
Epoch: [43]  [ 40/159]  eta: 0:03:48  lr: 0.000070  min_lr: 0.000070  loss: 1.0000 (0.9997)  weight_decay: 0.0500 (0.0500)  grad_norm: 0.0125 (0.0134)  time: 0.5775  data: 0.0002  max mem: 30410
Epoch: [43]  [ 50/159]  eta: 0:03:00  lr: 0.000070  min_lr: 0.000070  loss: 1.0000 (0.9996)  weight_decay: 0.0500 (0.0500)  grad_norm: 0.0118 (0.0142)  time: 0.5753  data: 0.0003  max mem: 30410
Epoch: [43]  [ 60/159]  eta: 0:02:26  lr: 0.000070  min_lr: 0.000070  loss: 1.0000 (0.9997)  weight_decay: 0.0500 (0.0500)  grad_norm: 0.0157 (0.0146)  time: 0.5752  data: 0.0002  max mem: 30410
Epoch: [43]  [ 70/159]  eta: 0:02:00  lr: 0.000070  min_lr: 0.000070  loss: 1.0000 (0.9997)  weight_decay: 0.0500 (0.0500)  grad_norm: 0.0144 (0.0146)  time: 0.5760  data: 0.0002  max mem: 30410
Epoch: [43]  [ 80/159]  eta: 0:01:39  lr: 0.000070  min_lr: 0.000070  loss: 0.9999 (0.9997)  weight_decay: 0.0500 (0.0500)  grad_norm: 0.0140 (0.0146)  time: 0.5754  data: 0.0002  max mem: 30410
Epoch: [43]  [ 90/159]  eta: 0:01:21  lr: 0.000069  min_lr: 0.000069  loss: 0.9996 (0.9997)  weight_decay: 0.0500 (0.0500)  grad_norm: 0.0135 (0.0145)  time: 0.5732  data: 0.0002  max mem: 30410
Epoch: [43]  [100/159]  eta: 0:01:06  lr: 0.000069  min_lr: 0.000069  loss: 0.9997 (0.9997)  weight_decay: 0.0500 (0.0500)  grad_norm: 0.0142 (0.0149)  time: 0.5725  data: 0.0001  max mem: 30410
Epoch: [43]  [110/159]  eta: 0:00:52  lr: 0.000069  min_lr: 0.000069  loss: 1.0000 (0.9997)  weight_decay: 0.0500 (0.0500)  grad_norm: 0.0153 (0.0148)  time: 0.5732  data: 0.0002  max mem: 30410
Epoch: [43]  [120/159]  eta: 0:00:40  lr: 0.000069  min_lr: 0.000069  loss: 1.0000 (0.9997)  weight_decay: 0.0500 (0.0500)  grad_norm: 0.0161 (0.0151)  time: 0.5756  data: 0.0002  max mem: 30410
Epoch: [43]  [130/159]  eta: 0:00:28  lr: 0.000069  min_lr: 0.000069  loss: 1.0000 (0.9997)  weight_decay: 0.0500 (0.0500)  grad_norm: 0.0182 (0.0152)  time: 0.5762  data: 0.0002  max mem: 30410
Epoch: [43]  [140/159]  eta: 0:00:18  lr: 0.000069  min_lr: 0.000069  loss: 1.0000 (0.9997)  weight_decay: 0.0500 (0.0500)  grad_norm: 0.0167 (0.0153)  time: 0.5739  data: 0.0001  max mem: 30410
Epoch: [43]  [150/159]  eta: 0:00:08  lr: 0.000069  min_lr: 0.000069  loss: 1.0000 (0.9996)  weight_decay: 0.0500 (0.0500)  grad_norm: 0.0117 (0.0152)  time: 0.5742  data: 0.0002  max mem: 30410
Epoch: [43]  [158/159]  eta: 0:00:00  lr: 0.000069  min_lr: 0.000069  loss: 1.0000 (0.9997)  weight_decay: 0.0500 (0.0500)  grad_norm: 0.0130 (0.0155)  time: 0.5739  data: 0.0002  max mem: 30410
Epoch: [43] Total time: 0:02:27 (0.9297 s / it)
Averaged stats: lr: 0.000069  min_lr: 0.000069  loss: 1.0000 (0.9997)  weight_decay: 0.0500 (0.0500)  grad_norm: 0.0130 (0.0155)
Epoch: [44]  [  0/159]  eta: 2:23:22  lr: 0.000069  min_lr: 0.000069  loss: 0.9990 (0.9990)  weight_decay: 0.0500 (0.0500)  grad_norm: 0.0162 (0.0162)  time: 54.1054  data: 45.0780  max mem: 30410
Epoch: [44]  [ 10/159]  eta: 0:14:32  lr: 0.000069  min_lr: 0.000069  loss: 0.9999 (0.9994)  weight_decay: 0.0500 (0.0500)  grad_norm: 0.0166 (0.0188)  time: 5.8590  data: 4.0985  max mem: 30410
Epoch: [44]  [ 20/159]  eta: 0:07:48  lr: 0.000069  min_lr: 0.000069  loss: 0.9999 (0.9994)  weight_decay: 0.0500 (0.0500)  grad_norm: 0.0152 (0.0167)  time: 0.8321  data: 0.0004  max mem: 30410
Epoch: [44]  [ 30/159]  eta: 0:05:18  lr: 0.000068  min_lr: 0.000068  loss: 1.0000 (0.9995)  weight_decay: 0.0500 (0.0500)  grad_norm: 0.0140 (0.0165)  time: 0.6040  data: 0.0002  max mem: 30410
Epoch: [44]  [ 40/159]  eta: 0:03:58  lr: 0.000068  min_lr: 0.000068  loss: 1.0000 (0.9995)  weight_decay: 0.0500 (0.0500)  grad_norm: 0.0140 (0.0178)  time: 0.5780  data: 0.0002  max mem: 30410
Epoch: [44]  [ 50/159]  eta: 0:03:09  lr: 0.000068  min_lr: 0.000068  loss: 1.0000 (0.9995)  weight_decay: 0.0500 (0.0500)  grad_norm: 0.0187 (0.0182)  time: 0.5997  data: 0.0002  max mem: 30410
Epoch: [44]  [ 60/159]  eta: 0:02:33  lr: 0.000068  min_lr: 0.000068  loss: 1.0000 (0.9995)  weight_decay: 0.0500 (0.0500)  grad_norm: 0.0172 (0.0183)  time: 0.6239  data: 0.0002  max mem: 30410
Epoch: [44]  [ 70/159]  eta: 0:02:06  lr: 0.000068  min_lr: 0.000068  loss: 1.0000 (0.9996)  weight_decay: 0.0500 (0.0500)  grad_norm: 0.0133 (0.0176)  time: 0.6096  data: 0.0001  max mem: 30410
Epoch: [44]  [ 80/159]  eta: 0:01:43  lr: 0.000068  min_lr: 0.000068  loss: 0.9997 (0.9995)  weight_decay: 0.0500 (0.0500)  grad_norm: 0.0123 (0.0179)  time: 0.5882  data: 0.0001  max mem: 30410
Epoch: [44]  [ 90/159]  eta: 0:01:25  lr: 0.000068  min_lr: 0.000068  loss: 0.9995 (0.9996)  weight_decay: 0.0500 (0.0500)  grad_norm: 0.0136 (0.0179)  time: 0.5816  data: 0.0001  max mem: 30410
Epoch: [44]  [100/159]  eta: 0:01:09  lr: 0.000068  min_lr: 0.000068  loss: 1.0000 (0.9996)  weight_decay: 0.0500 (0.0500)  grad_norm: 0.0164 (0.0185)  time: 0.5820  data: 0.0001  max mem: 30410
Epoch: [44]  [110/159]  eta: 0:00:54  lr: 0.000068  min_lr: 0.000068  loss: 1.0000 (0.9996)  weight_decay: 0.0500 (0.0500)  grad_norm: 0.0191 (0.0186)  time: 0.5974  data: 0.0002  max mem: 30410
Epoch: [44]  [120/159]  eta: 0:00:42  lr: 0.000068  min_lr: 0.000068  loss: 1.0000 (0.9996)  weight_decay: 0.0500 (0.0500)  grad_norm: 0.0165 (0.0184)  time: 0.6114  data: 0.0002  max mem: 30410
Epoch: [44]  [130/159]  eta: 0:00:30  lr: 0.000067  min_lr: 0.000067  loss: 1.0000 (0.9996)  weight_decay: 0.0500 (0.0500)  grad_norm: 0.0142 (0.0181)  time: 0.6080  data: 0.0002  max mem: 30410
Epoch: [44]  [140/159]  eta: 0:00:19  lr: 0.000067  min_lr: 0.000067  loss: 1.0000 (0.9996)  weight_decay: 0.0500 (0.0500)  grad_norm: 0.0150 (0.0183)  time: 0.6008  data: 0.0002  max mem: 30410
Epoch: [44]  [150/159]  eta: 0:00:08  lr: 0.000067  min_lr: 0.000067  loss: 1.0000 (0.9996)  weight_decay: 0.0500 (0.0500)  grad_norm: 0.0184 (0.0183)  time: 0.5894  data: 0.0002  max mem: 30410
Epoch: [44]  [158/159]  eta: 0:00:00  lr: 0.000067  min_lr: 0.000067  loss: 1.0000 (0.9996)  weight_decay: 0.0500 (0.0500)  grad_norm: 0.0168 (0.0182)  time: 0.5868  data: 0.0002  max mem: 30410
Epoch: [44] Total time: 0:02:34 (0.9699 s / it)
Averaged stats: lr: 0.000067  min_lr: 0.000067  loss: 1.0000 (0.9997)  weight_decay: 0.0500 (0.0500)  grad_norm: 0.0168 (0.0182)
Epoch: [45]  [  0/159]  eta: 2:18:38  lr: 0.000067  min_lr: 0.000067  loss: 0.9987 (0.9987)  weight_decay: 0.0500 (0.0500)  grad_norm: 0.0228 (0.0228)  time: 52.3196  data: 44.4228  max mem: 30410
Epoch: [45]  [ 10/159]  eta: 0:14:03  lr: 0.000067  min_lr: 0.000067  loss: 0.9999 (0.9996)  weight_decay: 0.0500 (0.0500)  grad_norm: 0.0140 (0.0153)  time: 5.6604  data: 4.0388  max mem: 30410
Epoch: [45]  [ 20/159]  eta: 0:07:38  lr: 0.000067  min_lr: 0.000067  loss: 0.9999 (0.9996)  weight_decay: 0.0500 (0.0500)  grad_norm: 0.0140 (0.0161)  time: 0.8495  data: 0.0003  max mem: 30410
Epoch: [45]  [ 30/159]  eta: 0:05:12  lr: 0.000067  min_lr: 0.000067  loss: 1.0000 (0.9996)  weight_decay: 0.0500 (0.0500)  grad_norm: 0.0168 (0.0164)  time: 0.6438  data: 0.0002  max mem: 30410
Epoch: [45]  [ 40/159]  eta: 0:03:54  lr: 0.000067  min_lr: 0.000067  loss: 1.0000 (0.9996)  weight_decay: 0.0500 (0.0500)  grad_norm: 0.0157 (0.0161)  time: 0.5813  data: 0.0002  max mem: 30410
Epoch: [45]  [ 50/159]  eta: 0:03:05  lr: 0.000067  min_lr: 0.000067  loss: 1.0000 (0.9996)  weight_decay: 0.0500 (0.0500)  grad_norm: 0.0150 (0.0163)  time: 0.5790  data: 0.0001  max mem: 30410
Epoch: [45]  [ 60/159]  eta: 0:02:30  lr: 0.000066  min_lr: 0.000066  loss: 1.0000 (0.9997)  weight_decay: 0.0500 (0.0500)  grad_norm: 0.0188 (0.0172)  time: 0.5772  data: 0.0001  max mem: 30410
Epoch: [45]  [ 70/159]  eta: 0:02:03  lr: 0.000066  min_lr: 0.000066  loss: 1.0000 (0.9997)  weight_decay: 0.0500 (0.0500)  grad_norm: 0.0193 (0.0177)  time: 0.5788  data: 0.0001  max mem: 30410
Epoch: [45]  [ 80/159]  eta: 0:01:41  lr: 0.000066  min_lr: 0.000066  loss: 1.0000 (0.9997)  weight_decay: 0.0500 (0.0500)  grad_norm: 0.0182 (0.0178)  time: 0.5782  data: 0.0001  max mem: 30410
Epoch: [45]  [ 90/159]  eta: 0:01:23  lr: 0.000066  min_lr: 0.000066  loss: 0.9996 (0.9996)  weight_decay: 0.0500 (0.0500)  grad_norm: 0.0185 (0.0182)  time: 0.5748  data: 0.0001  max mem: 30410
Epoch: [45]  [100/159]  eta: 0:01:07  lr: 0.000066  min_lr: 0.000066  loss: 0.9997 (0.9997)  weight_decay: 0.0500 (0.0500)  grad_norm: 0.0211 (0.0185)  time: 0.5758  data: 0.0001  max mem: 30410
Epoch: [45]  [110/159]  eta: 0:00:53  lr: 0.000066  min_lr: 0.000066  loss: 1.0000 (0.9997)  weight_decay: 0.0500 (0.0500)  grad_norm: 0.0182 (0.0183)  time: 0.5776  data: 0.0002  max mem: 30410
Epoch: [45]  [120/159]  eta: 0:00:40  lr: 0.000066  min_lr: 0.000066  loss: 1.0000 (0.9997)  weight_decay: 0.0500 (0.0500)  grad_norm: 0.0178 (0.0186)  time: 0.5773  data: 0.0001  max mem: 30410
Epoch: [45]  [130/159]  eta: 0:00:29  lr: 0.000066  min_lr: 0.000066  loss: 1.0000 (0.9996)  weight_decay: 0.0500 (0.0500)  grad_norm: 0.0189 (0.0186)  time: 0.5766  data: 0.0001  max mem: 30410
Epoch: [45]  [140/159]  eta: 0:00:18  lr: 0.000066  min_lr: 0.000066  loss: 1.0000 (0.9996)  weight_decay: 0.0500 (0.0500)  grad_norm: 0.0189 (0.0188)  time: 0.5763  data: 0.0001  max mem: 30410
Epoch: [45]  [150/159]  eta: 0:00:08  lr: 0.000066  min_lr: 0.000066  loss: 1.0000 (0.9996)  weight_decay: 0.0500 (0.0500)  grad_norm: 0.0167 (0.0187)  time: 0.5765  data: 0.0002  max mem: 30410
Epoch: [45]  [158/159]  eta: 0:00:00  lr: 0.000065  min_lr: 0.000065  loss: 1.0000 (0.9996)  weight_decay: 0.0500 (0.0500)  grad_norm: 0.0166 (0.0191)  time: 0.5758  data: 0.0002  max mem: 30410
Epoch: [45] Total time: 0:02:30 (0.9456 s / it)
Averaged stats: lr: 0.000065  min_lr: 0.000065  loss: 1.0000 (0.9996)  weight_decay: 0.0500 (0.0500)  grad_norm: 0.0166 (0.0191)
Epoch: [46]  [  0/159]  eta: 2:15:42  lr: 0.000065  min_lr: 0.000065  loss: 1.0000 (1.0000)  weight_decay: 0.0500 (0.0500)  grad_norm: 0.0164 (0.0164)  time: 51.2136  data: 38.9671  max mem: 30410
Epoch: [46]  [ 10/159]  eta: 0:13:36  lr: 0.000065  min_lr: 0.000065  loss: 0.9998 (0.9995)  weight_decay: 0.0500 (0.0500)  grad_norm: 0.0164 (0.0180)  time: 5.4789  data: 3.5427  max mem: 30410
Epoch: [46]  [ 20/159]  eta: 0:07:32  lr: 0.000065  min_lr: 0.000065  loss: 0.9998 (0.9996)  weight_decay: 0.0500 (0.0500)  grad_norm: 0.0166 (0.0186)  time: 0.8544  data: 0.0002  max mem: 30410
Epoch: [46]  [ 30/159]  eta: 0:05:08  lr: 0.000065  min_lr: 0.000065  loss: 1.0000 (0.9996)  weight_decay: 0.0500 (0.0500)  grad_norm: 0.0161 (0.0176)  time: 0.6912  data: 0.0002  max mem: 30410
Epoch: [46]  [ 40/159]  eta: 0:03:51  lr: 0.000065  min_lr: 0.000065  loss: 1.0000 (0.9996)  weight_decay: 0.0500 (0.0500)  grad_norm: 0.0171 (0.0184)  time: 0.5769  data: 0.0002  max mem: 30410
Epoch: [46]  [ 50/159]  eta: 0:03:02  lr: 0.000065  min_lr: 0.000065  loss: 0.9997 (0.9995)  weight_decay: 0.0500 (0.0500)  grad_norm: 0.0171 (0.0177)  time: 0.5765  data: 0.0002  max mem: 30410
Epoch: [46]  [ 60/159]  eta: 0:02:28  lr: 0.000065  min_lr: 0.000065  loss: 1.0000 (0.9996)  weight_decay: 0.0500 (0.0500)  grad_norm: 0.0159 (0.0184)  time: 0.5763  data: 0.0001  max mem: 30410
Epoch: [46]  [ 70/159]  eta: 0:02:01  lr: 0.000065  min_lr: 0.000065  loss: 1.0000 (0.9996)  weight_decay: 0.0500 (0.0500)  grad_norm: 0.0170 (0.0183)  time: 0.5738  data: 0.0001  max mem: 30410
Epoch: [46]  [ 80/159]  eta: 0:01:40  lr: 0.000065  min_lr: 0.000065  loss: 0.9997 (0.9996)  weight_decay: 0.0500 (0.0500)  grad_norm: 0.0170 (0.0181)  time: 0.5744  data: 0.0002  max mem: 30410
Epoch: [46]  [ 90/159]  eta: 0:01:22  lr: 0.000065  min_lr: 0.000065  loss: 0.9998 (0.9996)  weight_decay: 0.0500 (0.0500)  grad_norm: 0.0152 (0.0180)  time: 0.5743  data: 0.0002  max mem: 30410
Epoch: [46]  [100/159]  eta: 0:01:06  lr: 0.000064  min_lr: 0.000064  loss: 1.0000 (0.9996)  weight_decay: 0.0500 (0.0500)  grad_norm: 0.0183 (0.0182)  time: 0.5735  data: 0.0002  max mem: 30410
Epoch: [46]  [110/159]  eta: 0:00:53  lr: 0.000064  min_lr: 0.000064  loss: 1.0000 (0.9996)  weight_decay: 0.0500 (0.0500)  grad_norm: 0.0203 (0.0187)  time: 0.5744  data: 0.0002  max mem: 30410
Epoch: [46]  [120/159]  eta: 0:00:40  lr: 0.000064  min_lr: 0.000064  loss: 1.0000 (0.9997)  weight_decay: 0.0500 (0.0500)  grad_norm: 0.0176 (0.0187)  time: 0.5747  data: 0.0002  max mem: 30410
Epoch: [46]  [130/159]  eta: 0:00:29  lr: 0.000064  min_lr: 0.000064  loss: 1.0000 (0.9996)  weight_decay: 0.0500 (0.0500)  grad_norm: 0.0176 (0.0191)  time: 0.5734  data: 0.0002  max mem: 30410
Epoch: [46]  [140/159]  eta: 0:00:18  lr: 0.000064  min_lr: 0.000064  loss: 1.0000 (0.9996)  weight_decay: 0.0500 (0.0500)  grad_norm: 0.0185 (0.0190)  time: 0.5721  data: 0.0002  max mem: 30410
Epoch: [46]  [150/159]  eta: 0:00:08  lr: 0.000064  min_lr: 0.000064  loss: 1.0000 (0.9996)  weight_decay: 0.0500 (0.0500)  grad_norm: 0.0218 (0.0193)  time: 0.5734  data: 0.0002  max mem: 30410
Epoch: [46]  [158/159]  eta: 0:00:00  lr: 0.000064  min_lr: 0.000064  loss: 1.0000 (0.9996)  weight_decay: 0.0500 (0.0500)  grad_norm: 0.0202 (0.0193)  time: 0.5745  data: 0.0002  max mem: 30410
Epoch: [46] Total time: 0:02:28 (0.9347 s / it)
Averaged stats: lr: 0.000064  min_lr: 0.000064  loss: 1.0000 (0.9996)  weight_decay: 0.0500 (0.0500)  grad_norm: 0.0202 (0.0193)
Epoch: [47]  [  0/159]  eta: 2:18:18  lr: 0.000064  min_lr: 0.000064  loss: 0.9974 (0.9974)  weight_decay: 0.0500 (0.0500)  grad_norm: 0.0503 (0.0503)  time: 52.1909  data: 32.8964  max mem: 30410
Epoch: [47]  [ 10/159]  eta: 0:13:56  lr: 0.000064  min_lr: 0.000064  loss: 0.9998 (0.9992)  weight_decay: 0.0500 (0.0500)  grad_norm: 0.0183 (0.0252)  time: 5.6121  data: 2.9912  max mem: 30410
Epoch: [47]  [ 20/159]  eta: 0:07:42  lr: 0.000064  min_lr: 0.000064  loss: 0.9998 (0.9993)  weight_decay: 0.0500 (0.0500)  grad_norm: 0.0185 (0.0246)  time: 0.8850  data: 0.0004  max mem: 30410
Epoch: [47]  [ 30/159]  eta: 0:05:19  lr: 0.000063  min_lr: 0.000063  loss: 1.0000 (0.9995)  weight_decay: 0.0500 (0.0500)  grad_norm: 0.0170 (0.0215)  time: 0.7535  data: 0.0002  max mem: 30410
Epoch: [47]  [ 40/159]  eta: 0:04:00  lr: 0.000063  min_lr: 0.000063  loss: 1.0000 (0.9995)  weight_decay: 0.0500 (0.0500)  grad_norm: 0.0146 (0.0205)  time: 0.6477  data: 0.0002  max mem: 30410
Epoch: [47]  [ 50/159]  eta: 0:03:09  lr: 0.000063  min_lr: 0.000063  loss: 0.9999 (0.9995)  weight_decay: 0.0500 (0.0500)  grad_norm: 0.0166 (0.0208)  time: 0.5952  data: 0.0002  max mem: 30410
Epoch: [47]  [ 60/159]  eta: 0:02:33  lr: 0.000063  min_lr: 0.000063  loss: 1.0000 (0.9996)  weight_decay: 0.0500 (0.0500)  grad_norm: 0.0196 (0.0209)  time: 0.5830  data: 0.0002  max mem: 30410
Epoch: [47]  [ 70/159]  eta: 0:02:05  lr: 0.000063  min_lr: 0.000063  loss: 1.0000 (0.9996)  weight_decay: 0.0500 (0.0500)  grad_norm: 0.0172 (0.0202)  time: 0.5803  data: 0.0002  max mem: 30410
Epoch: [47]  [ 80/159]  eta: 0:01:43  lr: 0.000063  min_lr: 0.000063  loss: 1.0000 (0.9996)  weight_decay: 0.0500 (0.0500)  grad_norm: 0.0168 (0.0202)  time: 0.5782  data: 0.0002  max mem: 30410
Epoch: [47]  [ 90/159]  eta: 0:01:24  lr: 0.000063  min_lr: 0.000063  loss: 0.9996 (0.9995)  weight_decay: 0.0500 (0.0500)  grad_norm: 0.0204 (0.0202)  time: 0.5761  data: 0.0002  max mem: 30410
Epoch: [47]  [100/159]  eta: 0:01:08  lr: 0.000063  min_lr: 0.000063  loss: 1.0000 (0.9996)  weight_decay: 0.0500 (0.0500)  grad_norm: 0.0202 (0.0205)  time: 0.5767  data: 0.0002  max mem: 30410
Epoch: [47]  [110/159]  eta: 0:00:54  lr: 0.000063  min_lr: 0.000063  loss: 1.0000 (0.9996)  weight_decay: 0.0500 (0.0500)  grad_norm: 0.0205 (0.0207)  time: 0.5756  data: 0.0002  max mem: 30410
Epoch: [47]  [120/159]  eta: 0:00:41  lr: 0.000063  min_lr: 0.000063  loss: 1.0000 (0.9996)  weight_decay: 0.0500 (0.0500)  grad_norm: 0.0160 (0.0206)  time: 0.5750  data: 0.0002  max mem: 30410
Epoch: [47]  [130/159]  eta: 0:00:29  lr: 0.000062  min_lr: 0.000062  loss: 1.0000 (0.9996)  weight_decay: 0.0500 (0.0500)  grad_norm: 0.0144 (0.0208)  time: 0.5767  data: 0.0002  max mem: 30410
Epoch: [47]  [140/159]  eta: 0:00:18  lr: 0.000062  min_lr: 0.000062  loss: 1.0000 (0.9996)  weight_decay: 0.0500 (0.0500)  grad_norm: 0.0199 (0.0206)  time: 0.5764  data: 0.0002  max mem: 30410
Epoch: [47]  [150/159]  eta: 0:00:08  lr: 0.000062  min_lr: 0.000062  loss: 1.0000 (0.9996)  weight_decay: 0.0500 (0.0500)  grad_norm: 0.0170 (0.0205)  time: 0.5758  data: 0.0002  max mem: 30410
Epoch: [47]  [158/159]  eta: 0:00:00  lr: 0.000062  min_lr: 0.000062  loss: 1.0000 (0.9996)  weight_decay: 0.0500 (0.0500)  grad_norm: 0.0162 (0.0203)  time: 0.5751  data: 0.0002  max mem: 30410
Epoch: [47] Total time: 0:02:32 (0.9577 s / it)
Averaged stats: lr: 0.000062  min_lr: 0.000062  loss: 1.0000 (0.9996)  weight_decay: 0.0500 (0.0500)  grad_norm: 0.0162 (0.0203)
Epoch: [48]  [  0/159]  eta: 2:12:50  lr: 0.000062  min_lr: 0.000062  loss: 0.9991 (0.9991)  weight_decay: 0.0500 (0.0500)  grad_norm: 0.0125 (0.0125)  time: 50.1268  data: 29.8080  max mem: 30410
Epoch: [48]  [ 10/159]  eta: 0:13:31  lr: 0.000062  min_lr: 0.000062  loss: 0.9997 (0.9995)  weight_decay: 0.0500 (0.0500)  grad_norm: 0.0125 (0.0141)  time: 5.4481  data: 2.7104  max mem: 30410
Epoch: [48]  [ 20/159]  eta: 0:07:28  lr: 0.000062  min_lr: 0.000062  loss: 0.9998 (0.9993)  weight_decay: 0.0500 (0.0500)  grad_norm: 0.0164 (0.0161)  time: 0.8789  data: 0.0004  max mem: 30410
Epoch: [48]  [ 30/159]  eta: 0:05:07  lr: 0.000062  min_lr: 0.000062  loss: 1.0000 (0.9994)  weight_decay: 0.0500 (0.0500)  grad_norm: 0.0175 (0.0172)  time: 0.6928  data: 0.0002  max mem: 30410
Epoch: [48]  [ 40/159]  eta: 0:03:51  lr: 0.000062  min_lr: 0.000062  loss: 1.0000 (0.9994)  weight_decay: 0.0500 (0.0500)  grad_norm: 0.0196 (0.0184)  time: 0.5990  data: 0.0001  max mem: 30410
Epoch: [48]  [ 50/159]  eta: 0:03:04  lr: 0.000062  min_lr: 0.000062  loss: 0.9996 (0.9994)  weight_decay: 0.0500 (0.0500)  grad_norm: 0.0229 (0.0198)  time: 0.6201  data: 0.0001  max mem: 30410
Epoch: [48]  [ 60/159]  eta: 0:02:30  lr: 0.000061  min_lr: 0.000061  loss: 1.0000 (0.9995)  weight_decay: 0.0500 (0.0500)  grad_norm: 0.0209 (0.0203)  time: 0.6513  data: 0.0001  max mem: 30410
Epoch: [48]  [ 70/159]  eta: 0:02:03  lr: 0.000061  min_lr: 0.000061  loss: 1.0000 (0.9996)  weight_decay: 0.0500 (0.0500)  grad_norm: 0.0194 (0.0204)  time: 0.6335  data: 0.0001  max mem: 30410
Epoch: [48]  [ 80/159]  eta: 0:01:42  lr: 0.000061  min_lr: 0.000061  loss: 0.9999 (0.9995)  weight_decay: 0.0500 (0.0500)  grad_norm: 0.0218 (0.0211)  time: 0.6106  data: 0.0001  max mem: 30410
Epoch: [48]  [ 90/159]  eta: 0:01:24  lr: 0.000061  min_lr: 0.000061  loss: 0.9995 (0.9995)  weight_decay: 0.0500 (0.0500)  grad_norm: 0.0222 (0.0210)  time: 0.5977  data: 0.0001  max mem: 30410
Epoch: [48]  [100/159]  eta: 0:01:08  lr: 0.000061  min_lr: 0.000061  loss: 0.9999 (0.9995)  weight_decay: 0.0500 (0.0500)  grad_norm: 0.0222 (0.0215)  time: 0.5860  data: 0.0001  max mem: 30410
Epoch: [48]  [110/159]  eta: 0:00:54  lr: 0.000061  min_lr: 0.000061  loss: 1.0000 (0.9996)  weight_decay: 0.0500 (0.0500)  grad_norm: 0.0228 (0.0216)  time: 0.5825  data: 0.0001  max mem: 30410
Epoch: [48]  [120/159]  eta: 0:00:41  lr: 0.000061  min_lr: 0.000061  loss: 1.0000 (0.9996)  weight_decay: 0.0500 (0.0500)  grad_norm: 0.0173 (0.0213)  time: 0.5797  data: 0.0001  max mem: 30410
Epoch: [48]  [130/159]  eta: 0:00:29  lr: 0.000061  min_lr: 0.000061  loss: 1.0000 (0.9995)  weight_decay: 0.0500 (0.0500)  grad_norm: 0.0178 (0.0214)  time: 0.5772  data: 0.0001  max mem: 30410
Epoch: [48]  [140/159]  eta: 0:00:18  lr: 0.000061  min_lr: 0.000061  loss: 1.0000 (0.9995)  weight_decay: 0.0500 (0.0500)  grad_norm: 0.0229 (0.0214)  time: 0.5779  data: 0.0001  max mem: 30410
Epoch: [48]  [150/159]  eta: 0:00:08  lr: 0.000060  min_lr: 0.000060  loss: 1.0000 (0.9995)  weight_decay: 0.0500 (0.0500)  grad_norm: 0.0223 (0.0213)  time: 0.5790  data: 0.0001  max mem: 30410
Epoch: [48]  [158/159]  eta: 0:00:00  lr: 0.000060  min_lr: 0.000060  loss: 1.0000 (0.9995)  weight_decay: 0.0500 (0.0500)  grad_norm: 0.0188 (0.0213)  time: 0.5794  data: 0.0001  max mem: 30410
Epoch: [48] Total time: 0:02:31 (0.9527 s / it)
Averaged stats: lr: 0.000060  min_lr: 0.000060  loss: 1.0000 (0.9996)  weight_decay: 0.0500 (0.0500)  grad_norm: 0.0188 (0.0213)
Epoch: [49]  [  0/159]  eta: 2:18:18  lr: 0.000060  min_lr: 0.000060  loss: 0.9999 (0.9999)  weight_decay: 0.0500 (0.0500)  grad_norm: 0.0208 (0.0208)  time: 52.1942  data: 30.7999  max mem: 30410
Epoch: [49]  [ 10/159]  eta: 0:13:57  lr: 0.000060  min_lr: 0.000060  loss: 0.9999 (0.9995)  weight_decay: 0.0500 (0.0500)  grad_norm: 0.0192 (0.0334)  time: 5.6199  data: 2.8003  max mem: 30410
Epoch: [49]  [ 20/159]  eta: 0:07:37  lr: 0.000060  min_lr: 0.000060  loss: 0.9996 (0.9992)  weight_decay: 0.0500 (0.0500)  grad_norm: 0.0192 (0.0282)  time: 0.8460  data: 0.0003  max mem: 30410
Epoch: [49]  [ 30/159]  eta: 0:05:11  lr: 0.000060  min_lr: 0.000060  loss: 1.0000 (0.9993)  weight_decay: 0.0500 (0.0500)  grad_norm: 0.0225 (0.0271)  time: 0.6557  data: 0.0002  max mem: 30410
Epoch: [49]  [ 40/159]  eta: 0:03:54  lr: 0.000060  min_lr: 0.000060  loss: 1.0000 (0.9993)  weight_decay: 0.0500 (0.0500)  grad_norm: 0.0204 (0.0255)  time: 0.5796  data: 0.0001  max mem: 30410
Epoch: [49]  [ 50/159]  eta: 0:03:04  lr: 0.000060  min_lr: 0.000060  loss: 1.0000 (0.9993)  weight_decay: 0.0500 (0.0500)  grad_norm: 0.0192 (0.0249)  time: 0.5764  data: 0.0001  max mem: 30410
Epoch: [49]  [ 60/159]  eta: 0:02:29  lr: 0.000060  min_lr: 0.000060  loss: 1.0000 (0.9994)  weight_decay: 0.0500 (0.0500)  grad_norm: 0.0204 (0.0246)  time: 0.5757  data: 0.0001  max mem: 30410
Epoch: [49]  [ 70/159]  eta: 0:02:02  lr: 0.000060  min_lr: 0.000060  loss: 1.0000 (0.9994)  weight_decay: 0.0500 (0.0500)  grad_norm: 0.0215 (0.0257)  time: 0.5773  data: 0.0001  max mem: 30410
Epoch: [49]  [ 80/159]  eta: 0:01:42  lr: 0.000060  min_lr: 0.000060  loss: 1.0000 (0.9994)  weight_decay: 0.0500 (0.0500)  grad_norm: 0.0235 (0.0250)  time: 0.6218  data: 0.0001  max mem: 30410
Epoch: [49]  [ 90/159]  eta: 0:01:24  lr: 0.000059  min_lr: 0.000059  loss: 0.9997 (0.9994)  weight_decay: 0.0500 (0.0500)  grad_norm: 0.0220 (0.0245)  time: 0.6498  data: 0.0001  max mem: 30410
Epoch: [49]  [100/159]  eta: 0:01:08  lr: 0.000059  min_lr: 0.000059  loss: 0.9999 (0.9995)  weight_decay: 0.0500 (0.0500)  grad_norm: 0.0251 (0.0248)  time: 0.6563  data: 0.0002  max mem: 30410
Epoch: [49]  [110/159]  eta: 0:00:55  lr: 0.000059  min_lr: 0.000059  loss: 1.0000 (0.9995)  weight_decay: 0.0500 (0.0500)  grad_norm: 0.0252 (0.0245)  time: 0.7018  data: 0.0002  max mem: 30410
Epoch: [49]  [120/159]  eta: 0:00:42  lr: 0.000059  min_lr: 0.000059  loss: 1.0000 (0.9995)  weight_decay: 0.0500 (0.0500)  grad_norm: 0.0201 (0.0241)  time: 0.7336  data: 0.0001  max mem: 30410
Epoch: [49]  [130/159]  eta: 0:00:30  lr: 0.000059  min_lr: 0.000059  loss: 1.0000 (0.9995)  weight_decay: 0.0500 (0.0500)  grad_norm: 0.0205 (0.0241)  time: 0.7334  data: 0.0001  max mem: 30410
Epoch: [49]  [140/159]  eta: 0:00:19  lr: 0.000059  min_lr: 0.000059  loss: 1.0000 (0.9995)  weight_decay: 0.0500 (0.0500)  grad_norm: 0.0251 (0.0241)  time: 0.6904  data: 0.0001  max mem: 30410
Epoch: [49]  [150/159]  eta: 0:00:09  lr: 0.000059  min_lr: 0.000059  loss: 1.0000 (0.9995)  weight_decay: 0.0500 (0.0500)  grad_norm: 0.0251 (0.0245)  time: 0.6412  data: 0.0001  max mem: 30410
Epoch: [49]  [158/159]  eta: 0:00:00  lr: 0.000059  min_lr: 0.000059  loss: 1.0000 (0.9995)  weight_decay: 0.0500 (0.0500)  grad_norm: 0.0227 (0.0246)  time: 0.6228  data: 0.0001  max mem: 30410
Epoch: [49] Total time: 0:02:38 (0.9989 s / it)
Averaged stats: lr: 0.000059  min_lr: 0.000059  loss: 1.0000 (0.9995)  weight_decay: 0.0500 (0.0500)  grad_norm: 0.0227 (0.0246)
Epoch: [50]  [  0/159]  eta: 2:13:23  lr: 0.000059  min_lr: 0.000059  loss: 0.9993 (0.9993)  weight_decay: 0.0500 (0.0500)  grad_norm: 0.0158 (0.0158)  time: 50.3366  data: 34.8823  max mem: 30410
Epoch: [50]  [ 10/159]  eta: 0:13:33  lr: 0.000059  min_lr: 0.000059  loss: 1.0000 (0.9994)  weight_decay: 0.0500 (0.0500)  grad_norm: 0.0173 (0.0184)  time: 5.4569  data: 3.1715  max mem: 30410
Epoch: [50]  [ 20/159]  eta: 0:07:32  lr: 0.000058  min_lr: 0.000058  loss: 0.9999 (0.9993)  weight_decay: 0.0500 (0.0500)  grad_norm: 0.0189 (0.0204)  time: 0.9001  data: 0.0003  max mem: 30410
Epoch: [50]  [ 30/159]  eta: 0:05:13  lr: 0.000058  min_lr: 0.000058  loss: 1.0000 (0.9994)  weight_decay: 0.0500 (0.0500)  grad_norm: 0.0213 (0.0215)  time: 0.7613  data: 0.0002  max mem: 30410
Epoch: [50]  [ 40/159]  eta: 0:03:56  lr: 0.000058  min_lr: 0.000058  loss: 1.0000 (0.9995)  weight_decay: 0.0500 (0.0500)  grad_norm: 0.0208 (0.0208)  time: 0.6643  data: 0.0002  max mem: 30410
Epoch: [50]  [ 50/159]  eta: 0:03:07  lr: 0.000058  min_lr: 0.000058  loss: 1.0000 (0.9995)  weight_decay: 0.0500 (0.0500)  grad_norm: 0.0185 (0.0217)  time: 0.6258  data: 0.0002  max mem: 30410
Epoch: [50]  [ 60/159]  eta: 0:02:31  lr: 0.000058  min_lr: 0.000058  loss: 1.0000 (0.9996)  weight_decay: 0.0500 (0.0500)  grad_norm: 0.0297 (0.0233)  time: 0.5998  data: 0.0002  max mem: 30410
Epoch: [50]  [ 70/159]  eta: 0:02:04  lr: 0.000058  min_lr: 0.000058  loss: 1.0000 (0.9996)  weight_decay: 0.0500 (0.0500)  grad_norm: 0.0271 (0.0234)  time: 0.5886  data: 0.0002  max mem: 30410
Epoch: [50]  [ 80/159]  eta: 0:01:42  lr: 0.000058  min_lr: 0.000058  loss: 0.9996 (0.9995)  weight_decay: 0.0500 (0.0500)  grad_norm: 0.0264 (0.0243)  time: 0.5836  data: 0.0002  max mem: 30410
Epoch: [50]  [ 90/159]  eta: 0:01:24  lr: 0.000058  min_lr: 0.000058  loss: 0.9994 (0.9995)  weight_decay: 0.0500 (0.0500)  grad_norm: 0.0208 (0.0238)  time: 0.5793  data: 0.0002  max mem: 30410
Epoch: [50]  [100/159]  eta: 0:01:08  lr: 0.000058  min_lr: 0.000058  loss: 0.9996 (0.9995)  weight_decay: 0.0500 (0.0500)  grad_norm: 0.0208 (0.0242)  time: 0.5778  data: 0.0001  max mem: 30410
Epoch: [50]  [110/159]  eta: 0:00:54  lr: 0.000057  min_lr: 0.000057  loss: 1.0000 (0.9995)  weight_decay: 0.0500 (0.0500)  grad_norm: 0.0177 (0.0238)  time: 0.5743  data: 0.0001  max mem: 30410
Epoch: [50]  [120/159]  eta: 0:00:41  lr: 0.000057  min_lr: 0.000057  loss: 1.0000 (0.9995)  weight_decay: 0.0500 (0.0500)  grad_norm: 0.0217 (0.0240)  time: 0.5743  data: 0.0001  max mem: 30410
Epoch: [50]  [130/159]  eta: 0:00:29  lr: 0.000057  min_lr: 0.000057  loss: 1.0000 (0.9995)  weight_decay: 0.0500 (0.0500)  grad_norm: 0.0240 (0.0240)  time: 0.5724  data: 0.0001  max mem: 30410
Epoch: [50]  [140/159]  eta: 0:00:18  lr: 0.000057  min_lr: 0.000057  loss: 1.0000 (0.9995)  weight_decay: 0.0500 (0.0500)  grad_norm: 0.0239 (0.0240)  time: 0.5739  data: 0.0001  max mem: 30410
Epoch: [50]  [150/159]  eta: 0:00:08  lr: 0.000057  min_lr: 0.000057  loss: 1.0000 (0.9995)  weight_decay: 0.0500 (0.0500)  grad_norm: 0.0192 (0.0236)  time: 0.5754  data: 0.0001  max mem: 30410
Epoch: [50]  [158/159]  eta: 0:00:00  lr: 0.000057  min_lr: 0.000057  loss: 1.0000 (0.9995)  weight_decay: 0.0500 (0.0500)  grad_norm: 0.0192 (0.0235)  time: 0.5739  data: 0.0001  max mem: 30410
Epoch: [50] Total time: 0:02:31 (0.9525 s / it)
Averaged stats: lr: 0.000057  min_lr: 0.000057  loss: 1.0000 (0.9995)  weight_decay: 0.0500 (0.0500)  grad_norm: 0.0192 (0.0235)
[Eval]   [0/2]  eta: 0:00:09  loss: 0.9991 (0.9991)  time: 4.9950  data: 4.8315  max mem: 30410
[Eval]   [1/2]  eta: 0:00:02  loss: 0.9991 (0.9996)  time: 2.5425  data: 2.4158  max mem: 30410
[Eval]  Total time: 0:00:05 (2.8827 s / it)
Eval averaged stats: loss: 0.9991 (0.9998)
[Eval] Image Metrics:  [0/2]  eta: 0:00:13    time: 6.5626  data: 5.1776  max mem: 30410
[Eval] Image Metrics:  [1/2]  eta: 0:00:03    time: 3.3391  data: 2.5889  max mem: 30410
[Eval] Image Metrics: Total time: 0:00:07 (3.7375 s / it)
[Eval] Metric Results: [Eval] MSE: 0.0000 (0.0000)  [Eval] MAE: 0.0000 (0.0000)  [Eval] PSNR: 47.0054 (47.0054)  [Eval] MS-SSIM: 0.9991 (0.9991)
Epoch: [51]  [  0/159]  eta: 2:15:28  lr: 0.000057  min_lr: 0.000057  loss: 0.9977 (0.9977)  weight_decay: 0.0500 (0.0500)  grad_norm: 0.0223 (0.0223)  time: 51.1224  data: 44.6581  max mem: 30410
Epoch: [51]  [ 10/159]  eta: 0:13:48  lr: 0.000057  min_lr: 0.000057  loss: 0.9993 (0.9992)  weight_decay: 0.0500 (0.0500)  grad_norm: 0.0237 (0.0248)  time: 5.5601  data: 4.0604  max mem: 30410
Epoch: [51]  [ 20/159]  eta: 0:07:34  lr: 0.000057  min_lr: 0.000057  loss: 1.0000 (0.9993)  weight_decay: 0.0500 (0.0500)  grad_norm: 0.0238 (0.0256)  time: 0.8741  data: 0.0004  max mem: 30410
Epoch: [51]  [ 30/159]  eta: 0:05:09  lr: 0.000057  min_lr: 0.000057  loss: 1.0000 (0.9994)  weight_decay: 0.0500 (0.0500)  grad_norm: 0.0229 (0.0243)  time: 0.6663  data: 0.0002  max mem: 30410
Epoch: [51]  [ 40/159]  eta: 0:03:53  lr: 0.000057  min_lr: 0.000057  loss: 1.0000 (0.9994)  weight_decay: 0.0500 (0.0500)  grad_norm: 0.0213 (0.0246)  time: 0.5902  data: 0.0002  max mem: 30410
Epoch: [51]  [ 50/159]  eta: 0:03:04  lr: 0.000056  min_lr: 0.000056  loss: 1.0000 (0.9995)  weight_decay: 0.0500 (0.0500)  grad_norm: 0.0211 (0.0248)  time: 0.5882  data: 0.0002  max mem: 30410
Epoch: [51]  [ 60/159]  eta: 0:02:30  lr: 0.000056  min_lr: 0.000056  loss: 1.0000 (0.9995)  weight_decay: 0.0500 (0.0500)  grad_norm: 0.0225 (0.0251)  time: 0.6172  data: 0.0001  max mem: 30410
Epoch: [51]  [ 70/159]  eta: 0:02:05  lr: 0.000056  min_lr: 0.000056  loss: 1.0000 (0.9995)  weight_decay: 0.0500 (0.0500)  grad_norm: 0.0225 (0.0244)  time: 0.7009  data: 0.0001  max mem: 30410
Epoch: [51]  [ 80/159]  eta: 0:01:44  lr: 0.000056  min_lr: 0.000056  loss: 0.9998 (0.9995)  weight_decay: 0.0500 (0.0500)  grad_norm: 0.0220 (0.0249)  time: 0.7348  data: 0.0001  max mem: 30410
Epoch: [51]  [ 90/159]  eta: 0:01:26  lr: 0.000056  min_lr: 0.000056  loss: 0.9994 (0.9995)  weight_decay: 0.0500 (0.0500)  grad_norm: 0.0201 (0.0248)  time: 0.6790  data: 0.0001  max mem: 30410
Epoch: [51]  [100/159]  eta: 0:01:10  lr: 0.000056  min_lr: 0.000056  loss: 0.9998 (0.9995)  weight_decay: 0.0500 (0.0500)  grad_norm: 0.0210 (0.0246)  time: 0.6352  data: 0.0002  max mem: 30410
Epoch: [51]  [110/159]  eta: 0:00:55  lr: 0.000056  min_lr: 0.000056  loss: 1.0000 (0.9995)  weight_decay: 0.0500 (0.0500)  grad_norm: 0.0215 (0.0243)  time: 0.6350  data: 0.0002  max mem: 30410
Epoch: [51]  [120/159]  eta: 0:00:43  lr: 0.000056  min_lr: 0.000056  loss: 1.0000 (0.9995)  weight_decay: 0.0500 (0.0500)  grad_norm: 0.0231 (0.0247)  time: 0.6742  data: 0.0001  max mem: 30410
Epoch: [51]  [130/159]  eta: 0:00:31  lr: 0.000056  min_lr: 0.000056  loss: 1.0000 (0.9995)  weight_decay: 0.0500 (0.0500)  grad_norm: 0.0270 (0.0247)  time: 0.6832  data: 0.0001  max mem: 30410
Epoch: [51]  [140/159]  eta: 0:00:19  lr: 0.000055  min_lr: 0.000055  loss: 1.0000 (0.9995)  weight_decay: 0.0500 (0.0500)  grad_norm: 0.0259 (0.0248)  time: 0.6364  data: 0.0001  max mem: 30410
Epoch: [51]  [150/159]  eta: 0:00:09  lr: 0.000055  min_lr: 0.000055  loss: 1.0000 (0.9995)  weight_decay: 0.0500 (0.0500)  grad_norm: 0.0234 (0.0249)  time: 0.6081  data: 0.0001  max mem: 30410
Epoch: [51]  [158/159]  eta: 0:00:00  lr: 0.000055  min_lr: 0.000055  loss: 1.0000 (0.9995)  weight_decay: 0.0500 (0.0500)  grad_norm: 0.0224 (0.0247)  time: 0.6500  data: 0.0001  max mem: 30410
Epoch: [51] Total time: 0:02:39 (1.0027 s / it)
Averaged stats: lr: 0.000055  min_lr: 0.000055  loss: 1.0000 (0.9995)  weight_decay: 0.0500 (0.0500)  grad_norm: 0.0224 (0.0247)
Epoch: [52]  [  0/159]  eta: 2:26:13  lr: 0.000055  min_lr: 0.000055  loss: 0.9987 (0.9987)  weight_decay: 0.0500 (0.0500)  grad_norm: 0.0139 (0.0139)  time: 55.1767  data: 26.4501  max mem: 30410
Epoch: [52]  [ 10/159]  eta: 0:14:46  lr: 0.000055  min_lr: 0.000055  loss: 0.9991 (0.9993)  weight_decay: 0.0500 (0.0500)  grad_norm: 0.0224 (0.0221)  time: 5.9469  data: 2.4049  max mem: 30410
Epoch: [52]  [ 20/159]  eta: 0:07:53  lr: 0.000055  min_lr: 0.000055  loss: 0.9998 (0.9991)  weight_decay: 0.0500 (0.0500)  grad_norm: 0.0224 (0.0241)  time: 0.8150  data: 0.0003  max mem: 30410
Epoch: [52]  [ 30/159]  eta: 0:05:21  lr: 0.000055  min_lr: 0.000055  loss: 1.0000 (0.9993)  weight_decay: 0.0500 (0.0500)  grad_norm: 0.0217 (0.0232)  time: 0.5940  data: 0.0001  max mem: 30410
Epoch: [52]  [ 40/159]  eta: 0:04:01  lr: 0.000055  min_lr: 0.000055  loss: 1.0000 (0.9993)  weight_decay: 0.0500 (0.0500)  grad_norm: 0.0216 (0.0236)  time: 0.5821  data: 0.0002  max mem: 30410
Epoch: [52]  [ 50/159]  eta: 0:03:10  lr: 0.000055  min_lr: 0.000055  loss: 1.0000 (0.9994)  weight_decay: 0.0500 (0.0500)  grad_norm: 0.0207 (0.0230)  time: 0.5808  data: 0.0002  max mem: 30410
Epoch: [52]  [ 60/159]  eta: 0:02:33  lr: 0.000055  min_lr: 0.000055  loss: 1.0000 (0.9994)  weight_decay: 0.0500 (0.0500)  grad_norm: 0.0232 (0.0231)  time: 0.5781  data: 0.0002  max mem: 30410
Epoch: [52]  [ 70/159]  eta: 0:02:05  lr: 0.000054  min_lr: 0.000054  loss: 1.0000 (0.9995)  weight_decay: 0.0500 (0.0500)  grad_norm: 0.0231 (0.0237)  time: 0.5767  data: 0.0002  max mem: 30410
Epoch: [52]  [ 80/159]  eta: 0:01:43  lr: 0.000054  min_lr: 0.000054  loss: 0.9999 (0.9995)  weight_decay: 0.0500 (0.0500)  grad_norm: 0.0231 (0.0242)  time: 0.5762  data: 0.0001  max mem: 30410
Epoch: [52]  [ 90/159]  eta: 0:01:25  lr: 0.000054  min_lr: 0.000054  loss: 0.9996 (0.9994)  weight_decay: 0.0500 (0.0500)  grad_norm: 0.0237 (0.0243)  time: 0.5991  data: 0.0002  max mem: 30410
Epoch: [52]  [100/159]  eta: 0:01:09  lr: 0.000054  min_lr: 0.000054  loss: 0.9999 (0.9995)  weight_decay: 0.0500 (0.0500)  grad_norm: 0.0279 (0.0252)  time: 0.6317  data: 0.0002  max mem: 30410
Epoch: [52]  [110/159]  eta: 0:00:55  lr: 0.000054  min_lr: 0.000054  loss: 1.0000 (0.9995)  weight_decay: 0.0500 (0.0500)  grad_norm: 0.0293 (0.0258)  time: 0.6222  data: 0.0002  max mem: 30410
Epoch: [52]  [120/159]  eta: 0:00:42  lr: 0.000054  min_lr: 0.000054  loss: 1.0000 (0.9995)  weight_decay: 0.0500 (0.0500)  grad_norm: 0.0223 (0.0258)  time: 0.5919  data: 0.0002  max mem: 30410
Epoch: [52]  [130/159]  eta: 0:00:30  lr: 0.000054  min_lr: 0.000054  loss: 1.0000 (0.9995)  weight_decay: 0.0500 (0.0500)  grad_norm: 0.0252 (0.0262)  time: 0.5779  data: 0.0002  max mem: 30410
Epoch: [52]  [140/159]  eta: 0:00:19  lr: 0.000054  min_lr: 0.000054  loss: 1.0000 (0.9995)  weight_decay: 0.0500 (0.0500)  grad_norm: 0.0283 (0.0265)  time: 0.5772  data: 0.0002  max mem: 30410
Epoch: [52]  [150/159]  eta: 0:00:08  lr: 0.000054  min_lr: 0.000054  loss: 1.0000 (0.9995)  weight_decay: 0.0500 (0.0500)  grad_norm: 0.0205 (0.0260)  time: 0.5776  data: 0.0002  max mem: 30410
Epoch: [52]  [158/159]  eta: 0:00:00  lr: 0.000053  min_lr: 0.000053  loss: 1.0000 (0.9995)  weight_decay: 0.0500 (0.0500)  grad_norm: 0.0239 (0.0263)  time: 0.5777  data: 0.0002  max mem: 30410
Epoch: [52] Total time: 0:02:33 (0.9678 s / it)
Averaged stats: lr: 0.000053  min_lr: 0.000053  loss: 1.0000 (0.9995)  weight_decay: 0.0500 (0.0500)  grad_norm: 0.0239 (0.0263)
Epoch: [53]  [  0/159]  eta: 2:15:21  lr: 0.000053  min_lr: 0.000053  loss: 0.9970 (0.9970)  weight_decay: 0.0500 (0.0500)  grad_norm: 0.0199 (0.0199)  time: 51.0780  data: 39.5581  max mem: 30410
Epoch: [53]  [ 10/159]  eta: 0:13:43  lr: 0.000053  min_lr: 0.000053  loss: 0.9981 (0.9985)  weight_decay: 0.0500 (0.0500)  grad_norm: 0.0231 (0.0241)  time: 5.5258  data: 3.5965  max mem: 30410
Epoch: [53]  [ 20/159]  eta: 0:07:29  lr: 0.000053  min_lr: 0.000053  loss: 0.9991 (0.9988)  weight_decay: 0.0500 (0.0500)  grad_norm: 0.0231 (0.0255)  time: 0.8445  data: 0.0003  max mem: 30410
Epoch: [53]  [ 30/159]  eta: 0:05:08  lr: 0.000053  min_lr: 0.000053  loss: 1.0000 (0.9990)  weight_decay: 0.0500 (0.0500)  grad_norm: 0.0279 (0.0287)  time: 0.6680  data: 0.0002  max mem: 30410
Epoch: [53]  [ 40/159]  eta: 0:03:56  lr: 0.000053  min_lr: 0.000053  loss: 1.0000 (0.9991)  weight_decay: 0.0500 (0.0500)  grad_norm: 0.0266 (0.0270)  time: 0.6716  data: 0.0002  max mem: 30410
Epoch: [53]  [ 50/159]  eta: 0:03:07  lr: 0.000053  min_lr: 0.000053  loss: 1.0000 (0.9992)  weight_decay: 0.0500 (0.0500)  grad_norm: 0.0231 (0.0263)  time: 0.6867  data: 0.0002  max mem: 30410
Epoch: [53]  [ 60/159]  eta: 0:02:32  lr: 0.000053  min_lr: 0.000053  loss: 1.0000 (0.9993)  weight_decay: 0.0500 (0.0500)  grad_norm: 0.0274 (0.0264)  time: 0.6194  data: 0.0001  max mem: 30410
Epoch: [53]  [ 70/159]  eta: 0:02:04  lr: 0.000053  min_lr: 0.000053  loss: 1.0000 (0.9993)  weight_decay: 0.0500 (0.0500)  grad_norm: 0.0258 (0.0256)  time: 0.5849  data: 0.0002  max mem: 30410
Epoch: [53]  [ 80/159]  eta: 0:01:42  lr: 0.000053  min_lr: 0.000053  loss: 1.0000 (0.9993)  weight_decay: 0.0500 (0.0500)  grad_norm: 0.0197 (0.0262)  time: 0.5774  data: 0.0002  max mem: 30410
Epoch: [53]  [ 90/159]  eta: 0:01:24  lr: 0.000053  min_lr: 0.000053  loss: 0.9996 (0.9993)  weight_decay: 0.0500 (0.0500)  grad_norm: 0.0245 (0.0260)  time: 0.5750  data: 0.0001  max mem: 30410
Epoch: [53]  [100/159]  eta: 0:01:08  lr: 0.000052  min_lr: 0.000052  loss: 0.9998 (0.9993)  weight_decay: 0.0500 (0.0500)  grad_norm: 0.0263 (0.0263)  time: 0.5753  data: 0.0001  max mem: 30410
Epoch: [53]  [110/159]  eta: 0:00:54  lr: 0.000052  min_lr: 0.000052  loss: 1.0000 (0.9994)  weight_decay: 0.0500 (0.0500)  grad_norm: 0.0279 (0.0263)  time: 0.5760  data: 0.0001  max mem: 30410
Epoch: [53]  [120/159]  eta: 0:00:41  lr: 0.000052  min_lr: 0.000052  loss: 1.0000 (0.9994)  weight_decay: 0.0500 (0.0500)  grad_norm: 0.0253 (0.0263)  time: 0.5752  data: 0.0001  max mem: 30410
Epoch: [53]  [130/159]  eta: 0:00:29  lr: 0.000052  min_lr: 0.000052  loss: 1.0000 (0.9993)  weight_decay: 0.0500 (0.0500)  grad_norm: 0.0288 (0.0263)  time: 0.5765  data: 0.0001  max mem: 30410
Epoch: [53]  [140/159]  eta: 0:00:18  lr: 0.000052  min_lr: 0.000052  loss: 1.0000 (0.9994)  weight_decay: 0.0500 (0.0500)  grad_norm: 0.0288 (0.0265)  time: 0.5759  data: 0.0001  max mem: 30410
Epoch: [53]  [150/159]  eta: 0:00:08  lr: 0.000052  min_lr: 0.000052  loss: 1.0000 (0.9994)  weight_decay: 0.0500 (0.0500)  grad_norm: 0.0259 (0.0266)  time: 0.5745  data: 0.0001  max mem: 30410
Epoch: [53]  [158/159]  eta: 0:00:00  lr: 0.000052  min_lr: 0.000052  loss: 0.9998 (0.9994)  weight_decay: 0.0500 (0.0500)  grad_norm: 0.0226 (0.0266)  time: 0.5753  data: 0.0002  max mem: 30410
Epoch: [53] Total time: 0:02:31 (0.9530 s / it)
Averaged stats: lr: 0.000052  min_lr: 0.000052  loss: 0.9998 (0.9994)  weight_decay: 0.0500 (0.0500)  grad_norm: 0.0226 (0.0266)
Epoch: [54]  [  0/159]  eta: 2:16:57  lr: 0.000052  min_lr: 0.000052  loss: 0.9969 (0.9969)  weight_decay: 0.0500 (0.0500)  grad_norm: 0.0244 (0.0244)  time: 51.6804  data: 46.5796  max mem: 30410
Epoch: [54]  [ 10/159]  eta: 0:13:56  lr: 0.000052  min_lr: 0.000052  loss: 0.9993 (0.9989)  weight_decay: 0.0500 (0.0500)  grad_norm: 0.0244 (0.0228)  time: 5.6169  data: 4.2348  max mem: 30410
Epoch: [54]  [ 20/159]  eta: 0:07:35  lr: 0.000052  min_lr: 0.000052  loss: 0.9993 (0.9990)  weight_decay: 0.0500 (0.0500)  grad_norm: 0.0220 (0.0216)  time: 0.8571  data: 0.0003  max mem: 30410
Epoch: [54]  [ 30/159]  eta: 0:05:11  lr: 0.000051  min_lr: 0.000051  loss: 1.0000 (0.9992)  weight_decay: 0.0500 (0.0500)  grad_norm: 0.0220 (0.0217)  time: 0.6541  data: 0.0002  max mem: 30410
Epoch: [54]  [ 40/159]  eta: 0:03:54  lr: 0.000051  min_lr: 0.000051  loss: 1.0000 (0.9992)  weight_decay: 0.0500 (0.0500)  grad_norm: 0.0242 (0.0250)  time: 0.6061  data: 0.0002  max mem: 30410
Epoch: [54]  [ 50/159]  eta: 0:03:05  lr: 0.000051  min_lr: 0.000051  loss: 1.0000 (0.9992)  weight_decay: 0.0500 (0.0500)  grad_norm: 0.0244 (0.0257)  time: 0.5945  data: 0.0002  max mem: 30410
Epoch: [54]  [ 60/159]  eta: 0:02:30  lr: 0.000051  min_lr: 0.000051  loss: 1.0000 (0.9993)  weight_decay: 0.0500 (0.0500)  grad_norm: 0.0275 (0.0274)  time: 0.5778  data: 0.0002  max mem: 30410
Epoch: [54]  [ 70/159]  eta: 0:02:03  lr: 0.000051  min_lr: 0.000051  loss: 1.0000 (0.9994)  weight_decay: 0.0500 (0.0500)  grad_norm: 0.0304 (0.0282)  time: 0.5760  data: 0.0002  max mem: 30410
Epoch: [54]  [ 80/159]  eta: 0:01:41  lr: 0.000051  min_lr: 0.000051  loss: 1.0000 (0.9994)  weight_decay: 0.0500 (0.0500)  grad_norm: 0.0277 (0.0287)  time: 0.5772  data: 0.0002  max mem: 30410
Epoch: [54]  [ 90/159]  eta: 0:01:23  lr: 0.000051  min_lr: 0.000051  loss: 0.9988 (0.9993)  weight_decay: 0.0500 (0.0500)  grad_norm: 0.0257 (0.0289)  time: 0.5760  data: 0.0002  max mem: 30410
Epoch: [54]  [100/159]  eta: 0:01:07  lr: 0.000051  min_lr: 0.000051  loss: 0.9995 (0.9993)  weight_decay: 0.0500 (0.0500)  grad_norm: 0.0313 (0.0298)  time: 0.5756  data: 0.0002  max mem: 30410
Epoch: [54]  [110/159]  eta: 0:00:53  lr: 0.000051  min_lr: 0.000051  loss: 1.0000 (0.9993)  weight_decay: 0.0500 (0.0500)  grad_norm: 0.0271 (0.0298)  time: 0.6074  data: 0.0002  max mem: 30410
Epoch: [54]  [120/159]  eta: 0:00:41  lr: 0.000050  min_lr: 0.000050  loss: 1.0000 (0.9994)  weight_decay: 0.0500 (0.0500)  grad_norm: 0.0218 (0.0301)  time: 0.6349  data: 0.0002  max mem: 30410
Epoch: [54]  [130/159]  eta: 0:00:29  lr: 0.000050  min_lr: 0.000050  loss: 1.0000 (0.9993)  weight_decay: 0.0500 (0.0500)  grad_norm: 0.0290 (0.0301)  time: 0.6143  data: 0.0002  max mem: 30410
Epoch: [54]  [140/159]  eta: 0:00:18  lr: 0.000050  min_lr: 0.000050  loss: 1.0000 (0.9993)  weight_decay: 0.0500 (0.0500)  grad_norm: 0.0281 (0.0308)  time: 0.5913  data: 0.0002  max mem: 30410
Epoch: [54]  [150/159]  eta: 0:00:08  lr: 0.000050  min_lr: 0.000050  loss: 1.0000 (0.9993)  weight_decay: 0.0500 (0.0500)  grad_norm: 0.0235 (0.0305)  time: 0.5827  data: 0.0002  max mem: 30410
Epoch: [54]  [158/159]  eta: 0:00:00  lr: 0.000050  min_lr: 0.000050  loss: 1.0000 (0.9993)  weight_decay: 0.0500 (0.0500)  grad_norm: 0.0235 (0.0307)  time: 0.5798  data: 0.0002  max mem: 30410
Epoch: [54] Total time: 0:02:31 (0.9556 s / it)
Averaged stats: lr: 0.000050  min_lr: 0.000050  loss: 1.0000 (0.9994)  weight_decay: 0.0500 (0.0500)  grad_norm: 0.0235 (0.0307)
Epoch: [55]  [  0/159]  eta: 2:20:21  lr: 0.000050  min_lr: 0.000050  loss: 0.9980 (0.9980)  weight_decay: 0.0500 (0.0500)  grad_norm: 0.0256 (0.0256)  time: 52.9636  data: 34.3827  max mem: 30410
Epoch: [55]  [ 10/159]  eta: 0:14:03  lr: 0.000050  min_lr: 0.000050  loss: 0.9998 (0.9992)  weight_decay: 0.0500 (0.0500)  grad_norm: 0.0259 (0.0291)  time: 5.6610  data: 3.1263  max mem: 30410
Epoch: [55]  [ 20/159]  eta: 0:07:45  lr: 0.000050  min_lr: 0.000050  loss: 0.9998 (0.9991)  weight_decay: 0.0500 (0.0500)  grad_norm: 0.0239 (0.0265)  time: 0.8711  data: 0.0004  max mem: 30410
Epoch: [55]  [ 30/159]  eta: 0:05:21  lr: 0.000050  min_lr: 0.000050  loss: 1.0000 (0.9994)  weight_decay: 0.0500 (0.0500)  grad_norm: 0.0225 (0.0269)  time: 0.7529  data: 0.0002  max mem: 30410
Epoch: [55]  [ 40/159]  eta: 0:04:02  lr: 0.000050  min_lr: 0.000050  loss: 1.0000 (0.9993)  weight_decay: 0.0500 (0.0500)  grad_norm: 0.0268 (0.0273)  time: 0.6650  data: 0.0002  max mem: 30410
Epoch: [55]  [ 50/159]  eta: 0:03:11  lr: 0.000049  min_lr: 0.000049  loss: 0.9999 (0.9994)  weight_decay: 0.0500 (0.0500)  grad_norm: 0.0251 (0.0273)  time: 0.6088  data: 0.0002  max mem: 30410
Epoch: [55]  [ 60/159]  eta: 0:02:34  lr: 0.000049  min_lr: 0.000049  loss: 1.0000 (0.9994)  weight_decay: 0.0500 (0.0500)  grad_norm: 0.0223 (0.0270)  time: 0.5809  data: 0.0002  max mem: 30410
Epoch: [55]  [ 70/159]  eta: 0:02:07  lr: 0.000049  min_lr: 0.000049  loss: 1.0000 (0.9994)  weight_decay: 0.0500 (0.0500)  grad_norm: 0.0239 (0.0270)  time: 0.6087  data: 0.0002  max mem: 30410
Epoch: [55]  [ 80/159]  eta: 0:01:45  lr: 0.000049  min_lr: 0.000049  loss: 0.9994 (0.9994)  weight_decay: 0.0500 (0.0500)  grad_norm: 0.0239 (0.0276)  time: 0.6279  data: 0.0001  max mem: 30410
Epoch: [55]  [ 90/159]  eta: 0:01:26  lr: 0.000049  min_lr: 0.000049  loss: 0.9993 (0.9994)  weight_decay: 0.0500 (0.0500)  grad_norm: 0.0237 (0.0277)  time: 0.6068  data: 0.0001  max mem: 30410
Epoch: [55]  [100/159]  eta: 0:01:09  lr: 0.000049  min_lr: 0.000049  loss: 1.0000 (0.9994)  weight_decay: 0.0500 (0.0500)  grad_norm: 0.0295 (0.0285)  time: 0.5900  data: 0.0001  max mem: 30410
Epoch: [55]  [110/159]  eta: 0:00:55  lr: 0.000049  min_lr: 0.000049  loss: 1.0000 (0.9994)  weight_decay: 0.0500 (0.0500)  grad_norm: 0.0318 (0.0288)  time: 0.5813  data: 0.0002  max mem: 30410
Epoch: [55]  [120/159]  eta: 0:00:42  lr: 0.000049  min_lr: 0.000049  loss: 1.0000 (0.9994)  weight_decay: 0.0500 (0.0500)  grad_norm: 0.0328 (0.0290)  time: 0.5777  data: 0.0002  max mem: 30410
Epoch: [55]  [130/159]  eta: 0:00:30  lr: 0.000049  min_lr: 0.000049  loss: 1.0000 (0.9994)  weight_decay: 0.0500 (0.0500)  grad_norm: 0.0321 (0.0292)  time: 0.5757  data: 0.0001  max mem: 30410
Epoch: [55]  [140/159]  eta: 0:00:19  lr: 0.000048  min_lr: 0.000048  loss: 1.0000 (0.9994)  weight_decay: 0.0500 (0.0500)  grad_norm: 0.0266 (0.0293)  time: 0.5970  data: 0.0002  max mem: 30410
Epoch: [55]  [150/159]  eta: 0:00:08  lr: 0.000048  min_lr: 0.000048  loss: 1.0000 (0.9994)  weight_decay: 0.0500 (0.0500)  grad_norm: 0.0249 (0.0292)  time: 0.5983  data: 0.0002  max mem: 30410
Epoch: [55]  [158/159]  eta: 0:00:00  lr: 0.000048  min_lr: 0.000048  loss: 1.0000 (0.9994)  weight_decay: 0.0500 (0.0500)  grad_norm: 0.0272 (0.0292)  time: 0.5781  data: 0.0002  max mem: 30410
Epoch: [55] Total time: 0:02:34 (0.9733 s / it)
Averaged stats: lr: 0.000048  min_lr: 0.000048  loss: 1.0000 (0.9994)  weight_decay: 0.0500 (0.0500)  grad_norm: 0.0272 (0.0292)
Epoch: [56]  [  0/159]  eta: 2:17:13  lr: 0.000048  min_lr: 0.000048  loss: 0.9988 (0.9988)  weight_decay: 0.0500 (0.0500)  grad_norm: 0.0178 (0.0178)  time: 51.7828  data: 42.8687  max mem: 30410
Epoch: [56]  [ 10/159]  eta: 0:13:49  lr: 0.000048  min_lr: 0.000048  loss: 0.9998 (0.9992)  weight_decay: 0.0500 (0.0500)  grad_norm: 0.0278 (0.0319)  time: 5.5700  data: 3.8974  max mem: 30410
Epoch: [56]  [ 20/159]  eta: 0:07:43  lr: 0.000048  min_lr: 0.000048  loss: 1.0000 (0.9994)  weight_decay: 0.0500 (0.0500)  grad_norm: 0.0278 (0.0304)  time: 0.9114  data: 0.0004  max mem: 30410
Epoch: [56]  [ 30/159]  eta: 0:05:21  lr: 0.000048  min_lr: 0.000048  loss: 1.0000 (0.9995)  weight_decay: 0.0500 (0.0500)  grad_norm: 0.0283 (0.0312)  time: 0.8052  data: 0.0003  max mem: 30410
Epoch: [56]  [ 40/159]  eta: 0:04:03  lr: 0.000048  min_lr: 0.000048  loss: 1.0000 (0.9995)  weight_decay: 0.0500 (0.0500)  grad_norm: 0.0269 (0.0304)  time: 0.6961  data: 0.0002  max mem: 30410
Epoch: [56]  [ 50/159]  eta: 0:03:12  lr: 0.000048  min_lr: 0.000048  loss: 1.0000 (0.9996)  weight_decay: 0.0500 (0.0500)  grad_norm: 0.0256 (0.0299)  time: 0.6410  data: 0.0002  max mem: 30410
Epoch: [56]  [ 60/159]  eta: 0:02:36  lr: 0.000048  min_lr: 0.000048  loss: 1.0000 (0.9996)  weight_decay: 0.0500 (0.0500)  grad_norm: 0.0284 (0.0298)  time: 0.6187  data: 0.0002  max mem: 30410
Epoch: [56]  [ 70/159]  eta: 0:02:09  lr: 0.000047  min_lr: 0.000047  loss: 1.0000 (0.9996)  weight_decay: 0.0500 (0.0500)  grad_norm: 0.0231 (0.0297)  time: 0.6507  data: 0.0002  max mem: 30410
Epoch: [56]  [ 80/159]  eta: 0:01:46  lr: 0.000047  min_lr: 0.000047  loss: 0.9998 (0.9995)  weight_decay: 0.0500 (0.0500)  grad_norm: 0.0250 (0.0292)  time: 0.6564  data: 0.0001  max mem: 30410
Epoch: [56]  [ 90/159]  eta: 0:01:27  lr: 0.000047  min_lr: 0.000047  loss: 0.9992 (0.9995)  weight_decay: 0.0500 (0.0500)  grad_norm: 0.0259 (0.0288)  time: 0.6042  data: 0.0002  max mem: 30410
Epoch: [56]  [100/159]  eta: 0:01:10  lr: 0.000047  min_lr: 0.000047  loss: 1.0000 (0.9995)  weight_decay: 0.0500 (0.0500)  grad_norm: 0.0284 (0.0294)  time: 0.5831  data: 0.0002  max mem: 30410
Epoch: [56]  [110/159]  eta: 0:00:55  lr: 0.000047  min_lr: 0.000047  loss: 1.0000 (0.9996)  weight_decay: 0.0500 (0.0500)  grad_norm: 0.0290 (0.0295)  time: 0.5777  data: 0.0002  max mem: 30410
Epoch: [56]  [120/159]  eta: 0:00:42  lr: 0.000047  min_lr: 0.000047  loss: 1.0000 (0.9996)  weight_decay: 0.0500 (0.0500)  grad_norm: 0.0274 (0.0295)  time: 0.5753  data: 0.0002  max mem: 30410
Epoch: [56]  [130/159]  eta: 0:00:30  lr: 0.000047  min_lr: 0.000047  loss: 1.0000 (0.9995)  weight_decay: 0.0500 (0.0500)  grad_norm: 0.0276 (0.0296)  time: 0.5747  data: 0.0002  max mem: 30410
Epoch: [56]  [140/159]  eta: 0:00:19  lr: 0.000047  min_lr: 0.000047  loss: 1.0000 (0.9995)  weight_decay: 0.0500 (0.0500)  grad_norm: 0.0277 (0.0295)  time: 0.5739  data: 0.0002  max mem: 30410
Epoch: [56]  [150/159]  eta: 0:00:08  lr: 0.000047  min_lr: 0.000047  loss: 1.0000 (0.9995)  weight_decay: 0.0500 (0.0500)  grad_norm: 0.0219 (0.0292)  time: 0.5740  data: 0.0002  max mem: 30410
Epoch: [56]  [158/159]  eta: 0:00:00  lr: 0.000047  min_lr: 0.000047  loss: 1.0000 (0.9995)  weight_decay: 0.0500 (0.0500)  grad_norm: 0.0268 (0.0294)  time: 0.5730  data: 0.0002  max mem: 30410
Epoch: [56] Total time: 0:02:35 (0.9792 s / it)
Averaged stats: lr: 0.000047  min_lr: 0.000047  loss: 1.0000 (0.9994)  weight_decay: 0.0500 (0.0500)  grad_norm: 0.0268 (0.0294)
Epoch: [57]  [  0/159]  eta: 2:08:53  lr: 0.000047  min_lr: 0.000047  loss: 0.9987 (0.9987)  weight_decay: 0.0500 (0.0500)  grad_norm: 0.0274 (0.0274)  time: 48.6400  data: 44.9509  max mem: 30410
Epoch: [57]  [ 10/159]  eta: 0:13:37  lr: 0.000046  min_lr: 0.000046  loss: 0.9989 (0.9989)  weight_decay: 0.0500 (0.0500)  grad_norm: 0.0274 (0.0292)  time: 5.4884  data: 4.0868  max mem: 30410
Epoch: [57]  [ 20/159]  eta: 0:07:32  lr: 0.000046  min_lr: 0.000046  loss: 0.9987 (0.9989)  weight_decay: 0.0500 (0.0500)  grad_norm: 0.0273 (0.0282)  time: 0.9866  data: 0.0003  max mem: 30410
Epoch: [57]  [ 30/159]  eta: 0:05:08  lr: 0.000046  min_lr: 0.000046  loss: 1.0000 (0.9990)  weight_decay: 0.0500 (0.0500)  grad_norm: 0.0267 (0.0275)  time: 0.6924  data: 0.0002  max mem: 30410
Epoch: [57]  [ 40/159]  eta: 0:03:52  lr: 0.000046  min_lr: 0.000046  loss: 1.0000 (0.9991)  weight_decay: 0.0500 (0.0500)  grad_norm: 0.0267 (0.0283)  time: 0.5806  data: 0.0002  max mem: 30410
Epoch: [57]  [ 50/159]  eta: 0:03:03  lr: 0.000046  min_lr: 0.000046  loss: 1.0000 (0.9993)  weight_decay: 0.0500 (0.0500)  grad_norm: 0.0266 (0.0282)  time: 0.5773  data: 0.0002  max mem: 30410
Epoch: [57]  [ 60/159]  eta: 0:02:28  lr: 0.000046  min_lr: 0.000046  loss: 1.0000 (0.9993)  weight_decay: 0.0500 (0.0500)  grad_norm: 0.0303 (0.0289)  time: 0.5771  data: 0.0002  max mem: 30410
Epoch: [57]  [ 70/159]  eta: 0:02:01  lr: 0.000046  min_lr: 0.000046  loss: 1.0000 (0.9993)  weight_decay: 0.0500 (0.0500)  grad_norm: 0.0303 (0.0293)  time: 0.5760  data: 0.0001  max mem: 30410
Epoch: [57]  [ 80/159]  eta: 0:01:40  lr: 0.000046  min_lr: 0.000046  loss: 1.0000 (0.9993)  weight_decay: 0.0500 (0.0500)  grad_norm: 0.0297 (0.0298)  time: 0.5767  data: 0.0001  max mem: 30410
Epoch: [57]  [ 90/159]  eta: 0:01:22  lr: 0.000046  min_lr: 0.000046  loss: 0.9988 (0.9993)  weight_decay: 0.0500 (0.0500)  grad_norm: 0.0298 (0.0297)  time: 0.5757  data: 0.0001  max mem: 30410
Epoch: [57]  [100/159]  eta: 0:01:06  lr: 0.000045  min_lr: 0.000045  loss: 0.9988 (0.9993)  weight_decay: 0.0500 (0.0500)  grad_norm: 0.0322 (0.0309)  time: 0.5756  data: 0.0001  max mem: 30410
Epoch: [57]  [110/159]  eta: 0:00:53  lr: 0.000045  min_lr: 0.000045  loss: 1.0000 (0.9993)  weight_decay: 0.0500 (0.0500)  grad_norm: 0.0362 (0.0312)  time: 0.5771  data: 0.0001  max mem: 30410
Epoch: [57]  [120/159]  eta: 0:00:41  lr: 0.000045  min_lr: 0.000045  loss: 1.0000 (0.9993)  weight_decay: 0.0500 (0.0500)  grad_norm: 0.0309 (0.0313)  time: 0.6514  data: 0.0002  max mem: 30410
Epoch: [57]  [130/159]  eta: 0:00:29  lr: 0.000045  min_lr: 0.000045  loss: 1.0000 (0.9992)  weight_decay: 0.0500 (0.0500)  grad_norm: 0.0289 (0.0312)  time: 0.6763  data: 0.0002  max mem: 30410
Epoch: [57]  [140/159]  eta: 0:00:18  lr: 0.000045  min_lr: 0.000045  loss: 1.0000 (0.9993)  weight_decay: 0.0500 (0.0500)  grad_norm: 0.0277 (0.0309)  time: 0.6020  data: 0.0001  max mem: 30410
Epoch: [57]  [150/159]  eta: 0:00:08  lr: 0.000045  min_lr: 0.000045  loss: 1.0000 (0.9993)  weight_decay: 0.0500 (0.0500)  grad_norm: 0.0277 (0.0312)  time: 0.5761  data: 0.0001  max mem: 30410
Epoch: [57]  [158/159]  eta: 0:00:00  lr: 0.000045  min_lr: 0.000045  loss: 1.0000 (0.9993)  weight_decay: 0.0500 (0.0500)  grad_norm: 0.0350 (0.0315)  time: 0.5753  data: 0.0001  max mem: 30410
Epoch: [57] Total time: 0:02:31 (0.9511 s / it)
Averaged stats: lr: 0.000045  min_lr: 0.000045  loss: 1.0000 (0.9994)  weight_decay: 0.0500 (0.0500)  grad_norm: 0.0350 (0.0315)
Epoch: [58]  [  0/159]  eta: 2:15:35  lr: 0.000045  min_lr: 0.000045  loss: 0.9980 (0.9980)  weight_decay: 0.0500 (0.0500)  grad_norm: 0.0186 (0.0186)  time: 51.1643  data: 45.9535  max mem: 30410
Epoch: [58]  [ 10/159]  eta: 0:13:42  lr: 0.000045  min_lr: 0.000045  loss: 0.9989 (0.9990)  weight_decay: 0.0500 (0.0500)  grad_norm: 0.0315 (0.0333)  time: 5.5203  data: 4.1795  max mem: 30410
Epoch: [58]  [ 20/159]  eta: 0:07:40  lr: 0.000045  min_lr: 0.000045  loss: 0.9989 (0.9989)  weight_decay: 0.0500 (0.0500)  grad_norm: 0.0315 (0.0312)  time: 0.9177  data: 0.0011  max mem: 30410
Epoch: [58]  [ 30/159]  eta: 0:05:15  lr: 0.000044  min_lr: 0.000044  loss: 1.0000 (0.9991)  weight_decay: 0.0500 (0.0500)  grad_norm: 0.0250 (0.0293)  time: 0.7555  data: 0.0002  max mem: 30410
Epoch: [58]  [ 40/159]  eta: 0:03:57  lr: 0.000044  min_lr: 0.000044  loss: 1.0000 (0.9992)  weight_decay: 0.0500 (0.0500)  grad_norm: 0.0250 (0.0297)  time: 0.6160  data: 0.0002  max mem: 30410
Epoch: [58]  [ 50/159]  eta: 0:03:07  lr: 0.000044  min_lr: 0.000044  loss: 1.0000 (0.9992)  weight_decay: 0.0500 (0.0500)  grad_norm: 0.0279 (0.0290)  time: 0.5909  data: 0.0002  max mem: 30410
Epoch: [58]  [ 60/159]  eta: 0:02:31  lr: 0.000044  min_lr: 0.000044  loss: 1.0000 (0.9993)  weight_decay: 0.0500 (0.0500)  grad_norm: 0.0327 (0.0307)  time: 0.5787  data: 0.0001  max mem: 30410
Epoch: [58]  [ 70/159]  eta: 0:02:04  lr: 0.000044  min_lr: 0.000044  loss: 1.0000 (0.9993)  weight_decay: 0.0500 (0.0500)  grad_norm: 0.0405 (0.0327)  time: 0.5747  data: 0.0001  max mem: 30410
Epoch: [58]  [ 80/159]  eta: 0:01:42  lr: 0.000044  min_lr: 0.000044  loss: 0.9995 (0.9993)  weight_decay: 0.0500 (0.0500)  grad_norm: 0.0418 (0.0338)  time: 0.5743  data: 0.0002  max mem: 30410
Epoch: [58]  [ 90/159]  eta: 0:01:23  lr: 0.000044  min_lr: 0.000044  loss: 0.9993 (0.9992)  weight_decay: 0.0500 (0.0500)  grad_norm: 0.0323 (0.0333)  time: 0.5743  data: 0.0002  max mem: 30410
Epoch: [58]  [100/159]  eta: 0:01:07  lr: 0.000044  min_lr: 0.000044  loss: 1.0000 (0.9992)  weight_decay: 0.0500 (0.0500)  grad_norm: 0.0323 (0.0340)  time: 0.5739  data: 0.0001  max mem: 30410
Epoch: [58]  [110/159]  eta: 0:00:53  lr: 0.000044  min_lr: 0.000044  loss: 1.0000 (0.9992)  weight_decay: 0.0500 (0.0500)  grad_norm: 0.0362 (0.0341)  time: 0.5736  data: 0.0002  max mem: 30410
Epoch: [58]  [120/159]  eta: 0:00:41  lr: 0.000043  min_lr: 0.000043  loss: 1.0000 (0.9993)  weight_decay: 0.0500 (0.0500)  grad_norm: 0.0281 (0.0337)  time: 0.5734  data: 0.0002  max mem: 30410
Epoch: [58]  [130/159]  eta: 0:00:29  lr: 0.000043  min_lr: 0.000043  loss: 1.0000 (0.9992)  weight_decay: 0.0500 (0.0500)  grad_norm: 0.0282 (0.0339)  time: 0.5739  data: 0.0002  max mem: 30410
Epoch: [58]  [140/159]  eta: 0:00:18  lr: 0.000043  min_lr: 0.000043  loss: 1.0000 (0.9993)  weight_decay: 0.0500 (0.0500)  grad_norm: 0.0318 (0.0337)  time: 0.5735  data: 0.0002  max mem: 30410
Epoch: [58]  [150/159]  eta: 0:00:08  lr: 0.000043  min_lr: 0.000043  loss: 1.0000 (0.9992)  weight_decay: 0.0500 (0.0500)  grad_norm: 0.0273 (0.0333)  time: 0.5726  data: 0.0002  max mem: 30410
Epoch: [58]  [158/159]  eta: 0:00:00  lr: 0.000043  min_lr: 0.000043  loss: 1.0000 (0.9993)  weight_decay: 0.0500 (0.0500)  grad_norm: 0.0233 (0.0331)  time: 0.5724  data: 0.0002  max mem: 30410
Epoch: [58] Total time: 0:02:30 (0.9484 s / it)
Averaged stats: lr: 0.000043  min_lr: 0.000043  loss: 1.0000 (0.9993)  weight_decay: 0.0500 (0.0500)  grad_norm: 0.0233 (0.0331)
Epoch: [59]  [  0/159]  eta: 2:20:52  lr: 0.000043  min_lr: 0.000043  loss: 0.9973 (0.9973)  weight_decay: 0.0500 (0.0500)  grad_norm: 0.0338 (0.0338)  time: 53.1621  data: 43.7615  max mem: 30410
Epoch: [59]  [ 10/159]  eta: 0:14:36  lr: 0.000043  min_lr: 0.000043  loss: 0.9988 (0.9986)  weight_decay: 0.0500 (0.0500)  grad_norm: 0.0338 (0.0362)  time: 5.8834  data: 3.9787  max mem: 30410
Epoch: [59]  [ 20/159]  eta: 0:07:50  lr: 0.000043  min_lr: 0.000043  loss: 0.9989 (0.9987)  weight_decay: 0.0500 (0.0500)  grad_norm: 0.0266 (0.0303)  time: 0.8991  data: 0.0003  max mem: 30410
Epoch: [59]  [ 30/159]  eta: 0:05:20  lr: 0.000043  min_lr: 0.000043  loss: 1.0000 (0.9990)  weight_decay: 0.0500 (0.0500)  grad_norm: 0.0252 (0.0307)  time: 0.6189  data: 0.0002  max mem: 30410
Epoch: [59]  [ 40/159]  eta: 0:04:00  lr: 0.000043  min_lr: 0.000043  loss: 1.0000 (0.9992)  weight_decay: 0.0500 (0.0500)  grad_norm: 0.0260 (0.0301)  time: 0.5882  data: 0.0002  max mem: 30410
Epoch: [59]  [ 50/159]  eta: 0:03:12  lr: 0.000042  min_lr: 0.000042  loss: 0.9999 (0.9992)  weight_decay: 0.0500 (0.0500)  grad_norm: 0.0260 (0.0289)  time: 0.6495  data: 0.0001  max mem: 30410
Epoch: [59]  [ 60/159]  eta: 0:02:38  lr: 0.000042  min_lr: 0.000042  loss: 1.0000 (0.9993)  weight_decay: 0.0500 (0.0500)  grad_norm: 0.0267 (0.0288)  time: 0.7383  data: 0.0001  max mem: 30410
Epoch: [59]  [ 70/159]  eta: 0:02:11  lr: 0.000042  min_lr: 0.000042  loss: 1.0000 (0.9993)  weight_decay: 0.0500 (0.0500)  grad_norm: 0.0350 (0.0310)  time: 0.7475  data: 0.0002  max mem: 30410
Epoch: [59]  [ 80/159]  eta: 0:01:48  lr: 0.000042  min_lr: 0.000042  loss: 0.9997 (0.9993)  weight_decay: 0.0500 (0.0500)  grad_norm: 0.0426 (0.0319)  time: 0.7030  data: 0.0002  max mem: 30410
Epoch: [59]  [ 90/159]  eta: 0:01:29  lr: 0.000042  min_lr: 0.000042  loss: 0.9990 (0.9992)  weight_decay: 0.0500 (0.0500)  grad_norm: 0.0309 (0.0326)  time: 0.6579  data: 0.0002  max mem: 30410
Epoch: [59]  [100/159]  eta: 0:01:12  lr: 0.000042  min_lr: 0.000042  loss: 0.9993 (0.9993)  weight_decay: 0.0500 (0.0500)  grad_norm: 0.0391 (0.0339)  time: 0.6383  data: 0.0002  max mem: 30410
Epoch: [59]  [110/159]  eta: 0:00:57  lr: 0.000042  min_lr: 0.000042  loss: 1.0000 (0.9993)  weight_decay: 0.0500 (0.0500)  grad_norm: 0.0392 (0.0340)  time: 0.6164  data: 0.0002  max mem: 30410
Epoch: [59]  [120/159]  eta: 0:00:43  lr: 0.000042  min_lr: 0.000042  loss: 1.0000 (0.9993)  weight_decay: 0.0500 (0.0500)  grad_norm: 0.0368 (0.0342)  time: 0.5900  data: 0.0002  max mem: 30410
Epoch: [59]  [130/159]  eta: 0:00:31  lr: 0.000042  min_lr: 0.000042  loss: 1.0000 (0.9992)  weight_decay: 0.0500 (0.0500)  grad_norm: 0.0375 (0.0344)  time: 0.5768  data: 0.0002  max mem: 30410
Epoch: [59]  [140/159]  eta: 0:00:20  lr: 0.000042  min_lr: 0.000042  loss: 1.0000 (0.9993)  weight_decay: 0.0500 (0.0500)  grad_norm: 0.0367 (0.0351)  time: 0.6506  data: 0.0002  max mem: 30410
Epoch: [59]  [150/159]  eta: 0:00:09  lr: 0.000041  min_lr: 0.000041  loss: 1.0000 (0.9993)  weight_decay: 0.0500 (0.0500)  grad_norm: 0.0296 (0.0348)  time: 0.6759  data: 0.0002  max mem: 30410
Epoch: [59]  [158/159]  eta: 0:00:01  lr: 0.000041  min_lr: 0.000041  loss: 1.0000 (0.9993)  weight_decay: 0.0500 (0.0500)  grad_norm: 0.0238 (0.0346)  time: 0.6198  data: 0.0002  max mem: 30410
Epoch: [59] Total time: 0:02:41 (1.0152 s / it)
Averaged stats: lr: 0.000041  min_lr: 0.000041  loss: 1.0000 (0.9993)  weight_decay: 0.0500 (0.0500)  grad_norm: 0.0238 (0.0346)
Epoch: [60]  [  0/159]  eta: 2:20:25  lr: 0.000041  min_lr: 0.000041  loss: 0.9973 (0.9973)  weight_decay: 0.0500 (0.0500)  grad_norm: 0.0125 (0.0125)  time: 52.9920  data: 32.4557  max mem: 30410
Epoch: [60]  [ 10/159]  eta: 0:14:01  lr: 0.000041  min_lr: 0.000041  loss: 0.9994 (0.9988)  weight_decay: 0.0500 (0.0500)  grad_norm: 0.0413 (0.0381)  time: 5.6495  data: 2.9508  max mem: 30410
Epoch: [60]  [ 20/159]  eta: 0:07:39  lr: 0.000041  min_lr: 0.000041  loss: 0.9998 (0.9988)  weight_decay: 0.0500 (0.0500)  grad_norm: 0.0404 (0.0362)  time: 0.8227  data: 0.0003  max mem: 30410
Epoch: [60]  [ 30/159]  eta: 0:05:21  lr: 0.000041  min_lr: 0.000041  loss: 1.0000 (0.9990)  weight_decay: 0.0500 (0.0500)  grad_norm: 0.0311 (0.0345)  time: 0.7519  data: 0.0002  max mem: 30410
Epoch: [60]  [ 40/159]  eta: 0:04:03  lr: 0.000041  min_lr: 0.000041  loss: 1.0000 (0.9991)  weight_decay: 0.0500 (0.0500)  grad_norm: 0.0305 (0.0338)  time: 0.7260  data: 0.0001  max mem: 30410
Epoch: [60]  [ 50/159]  eta: 0:03:12  lr: 0.000041  min_lr: 0.000041  loss: 1.0000 (0.9992)  weight_decay: 0.0500 (0.0500)  grad_norm: 0.0308 (0.0351)  time: 0.6492  data: 0.0001  max mem: 30410
Epoch: [60]  [ 60/159]  eta: 0:02:35  lr: 0.000041  min_lr: 0.000041  loss: 1.0000 (0.9992)  weight_decay: 0.0500 (0.0500)  grad_norm: 0.0363 (0.0351)  time: 0.5988  data: 0.0001  max mem: 30410
Epoch: [60]  [ 70/159]  eta: 0:02:07  lr: 0.000041  min_lr: 0.000041  loss: 1.0000 (0.9993)  weight_decay: 0.0500 (0.0500)  grad_norm: 0.0258 (0.0337)  time: 0.5773  data: 0.0001  max mem: 30410
Epoch: [60]  [ 80/159]  eta: 0:01:44  lr: 0.000040  min_lr: 0.000040  loss: 1.0000 (0.9993)  weight_decay: 0.0500 (0.0500)  grad_norm: 0.0295 (0.0340)  time: 0.5759  data: 0.0001  max mem: 30410
Epoch: [60]  [ 90/159]  eta: 0:01:25  lr: 0.000040  min_lr: 0.000040  loss: 0.9997 (0.9993)  weight_decay: 0.0500 (0.0500)  grad_norm: 0.0341 (0.0344)  time: 0.5752  data: 0.0002  max mem: 30410
Epoch: [60]  [100/159]  eta: 0:01:09  lr: 0.000040  min_lr: 0.000040  loss: 0.9989 (0.9993)  weight_decay: 0.0500 (0.0500)  grad_norm: 0.0386 (0.0355)  time: 0.5759  data: 0.0002  max mem: 30410
Epoch: [60]  [110/159]  eta: 0:00:55  lr: 0.000040  min_lr: 0.000040  loss: 1.0000 (0.9993)  weight_decay: 0.0500 (0.0500)  grad_norm: 0.0377 (0.0354)  time: 0.5988  data: 0.0002  max mem: 30410
Epoch: [60]  [120/159]  eta: 0:00:42  lr: 0.000040  min_lr: 0.000040  loss: 1.0000 (0.9993)  weight_decay: 0.0500 (0.0500)  grad_norm: 0.0335 (0.0366)  time: 0.6508  data: 0.0002  max mem: 30410
Epoch: [60]  [130/159]  eta: 0:00:30  lr: 0.000040  min_lr: 0.000040  loss: 1.0000 (0.9993)  weight_decay: 0.0500 (0.0500)  grad_norm: 0.0366 (0.0367)  time: 0.6485  data: 0.0002  max mem: 30410
Epoch: [60]  [140/159]  eta: 0:00:19  lr: 0.000040  min_lr: 0.000040  loss: 1.0000 (0.9993)  weight_decay: 0.0500 (0.0500)  grad_norm: 0.0347 (0.0363)  time: 0.6074  data: 0.0002  max mem: 30410
Epoch: [60]  [150/159]  eta: 0:00:08  lr: 0.000040  min_lr: 0.000040  loss: 1.0000 (0.9993)  weight_decay: 0.0500 (0.0500)  grad_norm: 0.0293 (0.0359)  time: 0.5889  data: 0.0002  max mem: 30410
Epoch: [60]  [158/159]  eta: 0:00:00  lr: 0.000040  min_lr: 0.000040  loss: 0.9999 (0.9993)  weight_decay: 0.0500 (0.0500)  grad_norm: 0.0321 (0.0360)  time: 0.5793  data: 0.0002  max mem: 30410
Epoch: [60] Total time: 0:02:35 (0.9800 s / it)
Averaged stats: lr: 0.000040  min_lr: 0.000040  loss: 0.9999 (0.9993)  weight_decay: 0.0500 (0.0500)  grad_norm: 0.0321 (0.0360)
[Eval]   [0/2]  eta: 0:00:10  loss: 0.9992 (0.9992)  time: 5.1174  data: 4.9570  max mem: 30410
[Eval]   [1/2]  eta: 0:00:02  loss: 0.9992 (0.9996)  time: 2.6097  data: 2.4786  max mem: 30410
[Eval]  Total time: 0:00:05 (2.9278 s / it)
Eval averaged stats: loss: 0.9992 (0.9997)
[Eval] Image Metrics:  [0/2]  eta: 0:00:11    time: 5.9551  data: 5.0945  max mem: 30410
[Eval] Image Metrics:  [1/2]  eta: 0:00:03    time: 3.0300  data: 2.5473  max mem: 30410
[Eval] Image Metrics: Total time: 0:00:06 (3.3524 s / it)
[Eval] Metric Results: [Eval] MSE: 0.0000 (0.0000)  [Eval] MAE: 0.0000 (0.0000)  [Eval] PSNR: 47.0074 (47.0074)  [Eval] MS-SSIM: 0.9992 (0.9992)
Logged 9 eval images
Epoch: [61]  [  0/159]  eta: 2:00:08  lr: 0.000040  min_lr: 0.000040  loss: 0.9991 (0.9991)  weight_decay: 0.0500 (0.0500)  grad_norm: 0.0182 (0.0182)  time: 45.3392  data: 44.4388  max mem: 30410
Epoch: [61]  [ 10/159]  eta: 0:12:15  lr: 0.000039  min_lr: 0.000039  loss: 0.9991 (0.9992)  weight_decay: 0.0500 (0.0500)  grad_norm: 0.0266 (0.0266)  time: 4.9377  data: 4.0403  max mem: 30410
Epoch: [61]  [ 20/159]  eta: 0:06:44  lr: 0.000039  min_lr: 0.000039  loss: 0.9991 (0.9989)  weight_decay: 0.0500 (0.0500)  grad_norm: 0.0269 (0.0308)  time: 0.7896  data: 0.0003  max mem: 30410
Epoch: [61]  [ 30/159]  eta: 0:04:38  lr: 0.000039  min_lr: 0.000039  loss: 1.0000 (0.9991)  weight_decay: 0.0500 (0.0500)  grad_norm: 0.0302 (0.0314)  time: 0.6324  data: 0.0002  max mem: 30410
Epoch: [61]  [ 40/159]  eta: 0:03:31  lr: 0.000039  min_lr: 0.000039  loss: 1.0000 (0.9990)  weight_decay: 0.0500 (0.0500)  grad_norm: 0.0318 (0.0371)  time: 0.5815  data: 0.0001  max mem: 30410
Epoch: [61]  [ 50/159]  eta: 0:02:47  lr: 0.000039  min_lr: 0.000039  loss: 0.9997 (0.9991)  weight_decay: 0.0500 (0.0500)  grad_norm: 0.0350 (0.0368)  time: 0.5789  data: 0.0001  max mem: 30410
Epoch: [61]  [ 60/159]  eta: 0:02:16  lr: 0.000039  min_lr: 0.000039  loss: 1.0000 (0.9991)  weight_decay: 0.0500 (0.0500)  grad_norm: 0.0399 (0.0387)  time: 0.5779  data: 0.0001  max mem: 30410
Epoch: [61]  [ 70/159]  eta: 0:01:52  lr: 0.000039  min_lr: 0.000039  loss: 1.0000 (0.9992)  weight_decay: 0.0500 (0.0500)  grad_norm: 0.0406 (0.0387)  time: 0.5783  data: 0.0001  max mem: 30410
Epoch: [61]  [ 80/159]  eta: 0:01:33  lr: 0.000039  min_lr: 0.000039  loss: 0.9998 (0.9991)  weight_decay: 0.0500 (0.0500)  grad_norm: 0.0414 (0.0394)  time: 0.5774  data: 0.0001  max mem: 30410
Epoch: [61]  [ 90/159]  eta: 0:01:17  lr: 0.000039  min_lr: 0.000039  loss: 0.9984 (0.9991)  weight_decay: 0.0500 (0.0500)  grad_norm: 0.0341 (0.0391)  time: 0.5772  data: 0.0001  max mem: 30410
Epoch: [61]  [100/159]  eta: 0:01:02  lr: 0.000039  min_lr: 0.000039  loss: 0.9998 (0.9992)  weight_decay: 0.0500 (0.0500)  grad_norm: 0.0367 (0.0398)  time: 0.5785  data: 0.0001  max mem: 30410
Epoch: [61]  [110/159]  eta: 0:00:49  lr: 0.000038  min_lr: 0.000038  loss: 1.0000 (0.9992)  weight_decay: 0.0500 (0.0500)  grad_norm: 0.0377 (0.0395)  time: 0.5800  data: 0.0002  max mem: 30410
Epoch: [61]  [120/159]  eta: 0:00:38  lr: 0.000038  min_lr: 0.000038  loss: 1.0000 (0.9992)  weight_decay: 0.0500 (0.0500)  grad_norm: 0.0316 (0.0387)  time: 0.5789  data: 0.0001  max mem: 30410
Epoch: [61]  [130/159]  eta: 0:00:27  lr: 0.000038  min_lr: 0.000038  loss: 1.0000 (0.9992)  weight_decay: 0.0500 (0.0500)  grad_norm: 0.0349 (0.0387)  time: 0.5764  data: 0.0001  max mem: 30410
Epoch: [61]  [140/159]  eta: 0:00:17  lr: 0.000038  min_lr: 0.000038  loss: 1.0000 (0.9992)  weight_decay: 0.0500 (0.0500)  grad_norm: 0.0387 (0.0398)  time: 0.5758  data: 0.0001  max mem: 30410
Epoch: [61]  [150/159]  eta: 0:00:08  lr: 0.000038  min_lr: 0.000038  loss: 1.0000 (0.9992)  weight_decay: 0.0500 (0.0500)  grad_norm: 0.0331 (0.0396)  time: 0.5767  data: 0.0001  max mem: 30410
Epoch: [61]  [158/159]  eta: 0:00:00  lr: 0.000038  min_lr: 0.000038  loss: 1.0000 (0.9992)  weight_decay: 0.0500 (0.0500)  grad_norm: 0.0304 (0.0392)  time: 0.5768  data: 0.0001  max mem: 30410
Epoch: [61] Total time: 0:02:22 (0.8939 s / it)
Averaged stats: lr: 0.000038  min_lr: 0.000038  loss: 1.0000 (0.9992)  weight_decay: 0.0500 (0.0500)  grad_norm: 0.0304 (0.0392)
Epoch: [62]  [  0/159]  eta: 2:16:08  lr: 0.000038  min_lr: 0.000038  loss: 0.9967 (0.9967)  weight_decay: 0.0500 (0.0500)  grad_norm: 0.0314 (0.0314)  time: 51.3717  data: 44.9635  max mem: 30410
Epoch: [62]  [ 10/159]  eta: 0:13:51  lr: 0.000038  min_lr: 0.000038  loss: 1.0000 (0.9989)  weight_decay: 0.0500 (0.0500)  grad_norm: 0.0294 (0.0346)  time: 5.5812  data: 4.0879  max mem: 30410
Epoch: [62]  [ 20/159]  eta: 0:07:34  lr: 0.000038  min_lr: 0.000038  loss: 0.9998 (0.9986)  weight_decay: 0.0500 (0.0500)  grad_norm: 0.0294 (0.0325)  time: 0.8668  data: 0.0003  max mem: 30410
Epoch: [62]  [ 30/159]  eta: 0:05:10  lr: 0.000038  min_lr: 0.000038  loss: 1.0000 (0.9988)  weight_decay: 0.0500 (0.0500)  grad_norm: 0.0264 (0.0325)  time: 0.6555  data: 0.0002  max mem: 30410
Epoch: [62]  [ 40/159]  eta: 0:03:52  lr: 0.000037  min_lr: 0.000037  loss: 1.0000 (0.9987)  weight_decay: 0.0500 (0.0500)  grad_norm: 0.0325 (0.0340)  time: 0.5780  data: 0.0002  max mem: 30410
Epoch: [62]  [ 50/159]  eta: 0:03:03  lr: 0.000037  min_lr: 0.000037  loss: 0.9996 (0.9989)  weight_decay: 0.0500 (0.0500)  grad_norm: 0.0350 (0.0355)  time: 0.5785  data: 0.0003  max mem: 30410
Epoch: [62]  [ 60/159]  eta: 0:02:29  lr: 0.000037  min_lr: 0.000037  loss: 1.0000 (0.9990)  weight_decay: 0.0500 (0.0500)  grad_norm: 0.0449 (0.0375)  time: 0.5780  data: 0.0003  max mem: 30410
Epoch: [62]  [ 70/159]  eta: 0:02:02  lr: 0.000037  min_lr: 0.000037  loss: 1.0000 (0.9991)  weight_decay: 0.0500 (0.0500)  grad_norm: 0.0362 (0.0376)  time: 0.5756  data: 0.0002  max mem: 30410
Epoch: [62]  [ 80/159]  eta: 0:01:40  lr: 0.000037  min_lr: 0.000037  loss: 0.9998 (0.9991)  weight_decay: 0.0500 (0.0500)  grad_norm: 0.0307 (0.0371)  time: 0.5764  data: 0.0002  max mem: 30410
Epoch: [62]  [ 90/159]  eta: 0:01:22  lr: 0.000037  min_lr: 0.000037  loss: 0.9988 (0.9991)  weight_decay: 0.0500 (0.0500)  grad_norm: 0.0303 (0.0367)  time: 0.5759  data: 0.0002  max mem: 30410
Epoch: [62]  [100/159]  eta: 0:01:07  lr: 0.000037  min_lr: 0.000037  loss: 0.9993 (0.9991)  weight_decay: 0.0500 (0.0500)  grad_norm: 0.0352 (0.0372)  time: 0.5752  data: 0.0002  max mem: 30410
Epoch: [62]  [110/159]  eta: 0:00:53  lr: 0.000037  min_lr: 0.000037  loss: 1.0000 (0.9991)  weight_decay: 0.0500 (0.0500)  grad_norm: 0.0322 (0.0367)  time: 0.5756  data: 0.0002  max mem: 30410
Epoch: [62]  [120/159]  eta: 0:00:40  lr: 0.000037  min_lr: 0.000037  loss: 1.0000 (0.9991)  weight_decay: 0.0500 (0.0500)  grad_norm: 0.0291 (0.0365)  time: 0.5763  data: 0.0002  max mem: 30410
Epoch: [62]  [130/159]  eta: 0:00:29  lr: 0.000037  min_lr: 0.000037  loss: 1.0000 (0.9991)  weight_decay: 0.0500 (0.0500)  grad_norm: 0.0329 (0.0367)  time: 0.5762  data: 0.0002  max mem: 30410
Epoch: [62]  [140/159]  eta: 0:00:18  lr: 0.000036  min_lr: 0.000036  loss: 1.0000 (0.9991)  weight_decay: 0.0500 (0.0500)  grad_norm: 0.0354 (0.0376)  time: 0.5761  data: 0.0002  max mem: 30410
Epoch: [62]  [150/159]  eta: 0:00:08  lr: 0.000036  min_lr: 0.000036  loss: 1.0000 (0.9991)  weight_decay: 0.0500 (0.0500)  grad_norm: 0.0360 (0.0379)  time: 0.5757  data: 0.0001  max mem: 30410
Epoch: [62]  [158/159]  eta: 0:00:00  lr: 0.000036  min_lr: 0.000036  loss: 0.9999 (0.9991)  weight_decay: 0.0500 (0.0500)  grad_norm: 0.0305 (0.0381)  time: 0.5758  data: 0.0001  max mem: 30410
Epoch: [62] Total time: 0:02:29 (0.9406 s / it)
Averaged stats: lr: 0.000036  min_lr: 0.000036  loss: 0.9999 (0.9992)  weight_decay: 0.0500 (0.0500)  grad_norm: 0.0305 (0.0381)
Epoch: [63]  [  0/159]  eta: 2:17:41  lr: 0.000036  min_lr: 0.000036  loss: 0.9958 (0.9958)  weight_decay: 0.0500 (0.0500)  grad_norm: 0.0362 (0.0362)  time: 51.9583  data: 38.5047  max mem: 30410
Epoch: [63]  [ 10/159]  eta: 0:14:04  lr: 0.000036  min_lr: 0.000036  loss: 0.9997 (0.9991)  weight_decay: 0.0500 (0.0500)  grad_norm: 0.0297 (0.0324)  time: 5.6694  data: 3.5007  max mem: 30410
Epoch: [63]  [ 20/159]  eta: 0:07:44  lr: 0.000036  min_lr: 0.000036  loss: 0.9998 (0.9988)  weight_decay: 0.0500 (0.0500)  grad_norm: 0.0301 (0.0347)  time: 0.9093  data: 0.0003  max mem: 30410
Epoch: [63]  [ 30/159]  eta: 0:05:16  lr: 0.000036  min_lr: 0.000036  loss: 1.0000 (0.9991)  weight_decay: 0.0500 (0.0500)  grad_norm: 0.0385 (0.0350)  time: 0.6796  data: 0.0002  max mem: 30410
Epoch: [63]  [ 40/159]  eta: 0:03:57  lr: 0.000036  min_lr: 0.000036  loss: 1.0000 (0.9990)  weight_decay: 0.0500 (0.0500)  grad_norm: 0.0387 (0.0370)  time: 0.5805  data: 0.0002  max mem: 30410
Epoch: [63]  [ 50/159]  eta: 0:03:07  lr: 0.000036  min_lr: 0.000036  loss: 0.9999 (0.9991)  weight_decay: 0.0500 (0.0500)  grad_norm: 0.0399 (0.0375)  time: 0.5789  data: 0.0002  max mem: 30410
Epoch: [63]  [ 60/159]  eta: 0:02:31  lr: 0.000036  min_lr: 0.000036  loss: 1.0000 (0.9991)  weight_decay: 0.0500 (0.0500)  grad_norm: 0.0344 (0.0378)  time: 0.5830  data: 0.0002  max mem: 30410
Epoch: [63]  [ 70/159]  eta: 0:02:04  lr: 0.000035  min_lr: 0.000035  loss: 1.0000 (0.9992)  weight_decay: 0.0500 (0.0500)  grad_norm: 0.0313 (0.0368)  time: 0.5843  data: 0.0002  max mem: 30410
Epoch: [63]  [ 80/159]  eta: 0:01:42  lr: 0.000035  min_lr: 0.000035  loss: 0.9992 (0.9992)  weight_decay: 0.0500 (0.0500)  grad_norm: 0.0305 (0.0361)  time: 0.5783  data: 0.0002  max mem: 30410
Epoch: [63]  [ 90/159]  eta: 0:01:23  lr: 0.000035  min_lr: 0.000035  loss: 0.9990 (0.9991)  weight_decay: 0.0500 (0.0500)  grad_norm: 0.0315 (0.0355)  time: 0.5754  data: 0.0002  max mem: 30410
Epoch: [63]  [100/159]  eta: 0:01:08  lr: 0.000035  min_lr: 0.000035  loss: 0.9999 (0.9992)  weight_decay: 0.0500 (0.0500)  grad_norm: 0.0368 (0.0391)  time: 0.5751  data: 0.0002  max mem: 30410
Epoch: [63]  [110/159]  eta: 0:00:54  lr: 0.000035  min_lr: 0.000035  loss: 1.0000 (0.9992)  weight_decay: 0.0500 (0.0500)  grad_norm: 0.0382 (0.0392)  time: 0.5819  data: 0.0002  max mem: 30410
Epoch: [63]  [120/159]  eta: 0:00:41  lr: 0.000035  min_lr: 0.000035  loss: 1.0000 (0.9992)  weight_decay: 0.0500 (0.0500)  grad_norm: 0.0370 (0.0395)  time: 0.5929  data: 0.0002  max mem: 30410
Epoch: [63]  [130/159]  eta: 0:00:29  lr: 0.000035  min_lr: 0.000035  loss: 1.0000 (0.9992)  weight_decay: 0.0500 (0.0500)  grad_norm: 0.0349 (0.0392)  time: 0.5888  data: 0.0002  max mem: 30410
Epoch: [63]  [140/159]  eta: 0:00:18  lr: 0.000035  min_lr: 0.000035  loss: 1.0000 (0.9992)  weight_decay: 0.0500 (0.0500)  grad_norm: 0.0368 (0.0392)  time: 0.5786  data: 0.0002  max mem: 30410
Epoch: [63]  [150/159]  eta: 0:00:08  lr: 0.000035  min_lr: 0.000035  loss: 1.0000 (0.9993)  weight_decay: 0.0500 (0.0500)  grad_norm: 0.0364 (0.0385)  time: 0.5772  data: 0.0002  max mem: 30410
Epoch: [63]  [158/159]  eta: 0:00:00  lr: 0.000035  min_lr: 0.000035  loss: 1.0000 (0.9993)  weight_decay: 0.0500 (0.0500)  grad_norm: 0.0325 (0.0390)  time: 0.5764  data: 0.0002  max mem: 30410
Epoch: [63] Total time: 0:02:31 (0.9525 s / it)
Averaged stats: lr: 0.000035  min_lr: 0.000035  loss: 1.0000 (0.9992)  weight_decay: 0.0500 (0.0500)  grad_norm: 0.0325 (0.0390)
Epoch: [64]  [  0/159]  eta: 2:16:38  lr: 0.000035  min_lr: 0.000035  loss: 0.9969 (0.9969)  weight_decay: 0.0500 (0.0500)  grad_norm: 0.0430 (0.0430)  time: 51.5639  data: 46.5577  max mem: 30410
Epoch: [64]  [ 10/159]  eta: 0:13:49  lr: 0.000034  min_lr: 0.000034  loss: 0.9991 (0.9988)  weight_decay: 0.0500 (0.0500)  grad_norm: 0.0392 (0.0456)  time: 5.5647  data: 4.2338  max mem: 30410
Epoch: [64]  [ 20/159]  eta: 0:07:37  lr: 0.000034  min_lr: 0.000034  loss: 0.9999 (0.9989)  weight_decay: 0.0500 (0.0500)  grad_norm: 0.0368 (0.0415)  time: 0.8777  data: 0.0008  max mem: 30410
Epoch: [64]  [ 30/159]  eta: 0:05:11  lr: 0.000034  min_lr: 0.000034  loss: 1.0000 (0.9991)  weight_decay: 0.0500 (0.0500)  grad_norm: 0.0297 (0.0386)  time: 0.6829  data: 0.0002  max mem: 30410
Epoch: [64]  [ 40/159]  eta: 0:03:54  lr: 0.000034  min_lr: 0.000034  loss: 1.0000 (0.9991)  weight_decay: 0.0500 (0.0500)  grad_norm: 0.0340 (0.0404)  time: 0.5861  data: 0.0002  max mem: 30410
Epoch: [64]  [ 50/159]  eta: 0:03:06  lr: 0.000034  min_lr: 0.000034  loss: 0.9999 (0.9991)  weight_decay: 0.0500 (0.0500)  grad_norm: 0.0361 (0.0400)  time: 0.6251  data: 0.0002  max mem: 30410
Epoch: [64]  [ 60/159]  eta: 0:02:31  lr: 0.000034  min_lr: 0.000034  loss: 1.0000 (0.9992)  weight_decay: 0.0500 (0.0500)  grad_norm: 0.0362 (0.0403)  time: 0.6282  data: 0.0002  max mem: 30410
Epoch: [64]  [ 70/159]  eta: 0:02:04  lr: 0.000034  min_lr: 0.000034  loss: 1.0000 (0.9991)  weight_decay: 0.0500 (0.0500)  grad_norm: 0.0353 (0.0398)  time: 0.5964  data: 0.0002  max mem: 30410
Epoch: [64]  [ 80/159]  eta: 0:01:42  lr: 0.000034  min_lr: 0.000034  loss: 0.9995 (0.9991)  weight_decay: 0.0500 (0.0500)  grad_norm: 0.0353 (0.0402)  time: 0.5842  data: 0.0002  max mem: 30410
Epoch: [64]  [ 90/159]  eta: 0:01:24  lr: 0.000034  min_lr: 0.000034  loss: 0.9989 (0.9991)  weight_decay: 0.0500 (0.0500)  grad_norm: 0.0454 (0.0407)  time: 0.5776  data: 0.0002  max mem: 30410
Epoch: [64]  [100/159]  eta: 0:01:08  lr: 0.000034  min_lr: 0.000034  loss: 0.9989 (0.9991)  weight_decay: 0.0500 (0.0500)  grad_norm: 0.0511 (0.0418)  time: 0.5762  data: 0.0002  max mem: 30410
Epoch: [64]  [110/159]  eta: 0:00:54  lr: 0.000033  min_lr: 0.000033  loss: 1.0000 (0.9991)  weight_decay: 0.0500 (0.0500)  grad_norm: 0.0384 (0.0415)  time: 0.5759  data: 0.0002  max mem: 30410
Epoch: [64]  [120/159]  eta: 0:00:41  lr: 0.000033  min_lr: 0.000033  loss: 1.0000 (0.9991)  weight_decay: 0.0500 (0.0500)  grad_norm: 0.0365 (0.0410)  time: 0.5742  data: 0.0002  max mem: 30410
Epoch: [64]  [130/159]  eta: 0:00:29  lr: 0.000033  min_lr: 0.000033  loss: 1.0000 (0.9991)  weight_decay: 0.0500 (0.0500)  grad_norm: 0.0365 (0.0410)  time: 0.5733  data: 0.0002  max mem: 30410
Epoch: [64]  [140/159]  eta: 0:00:18  lr: 0.000033  min_lr: 0.000033  loss: 1.0000 (0.9991)  weight_decay: 0.0500 (0.0500)  grad_norm: 0.0348 (0.0405)  time: 0.5855  data: 0.0002  max mem: 30410
Epoch: [64]  [150/159]  eta: 0:00:08  lr: 0.000033  min_lr: 0.000033  loss: 1.0000 (0.9991)  weight_decay: 0.0500 (0.0500)  grad_norm: 0.0367 (0.0403)  time: 0.5890  data: 0.0002  max mem: 30410
Epoch: [64]  [158/159]  eta: 0:00:00  lr: 0.000033  min_lr: 0.000033  loss: 0.9990 (0.9991)  weight_decay: 0.0500 (0.0500)  grad_norm: 0.0390 (0.0407)  time: 0.5805  data: 0.0002  max mem: 30410
Epoch: [64] Total time: 0:02:31 (0.9526 s / it)
Averaged stats: lr: 0.000033  min_lr: 0.000033  loss: 0.9990 (0.9991)  weight_decay: 0.0500 (0.0500)  grad_norm: 0.0390 (0.0407)
Epoch: [65]  [  0/159]  eta: 2:17:11  lr: 0.000033  min_lr: 0.000033  loss: 0.9968 (0.9968)  weight_decay: 0.0500 (0.0500)  grad_norm: 0.0279 (0.0279)  time: 51.7692  data: 45.0905  max mem: 30410
Epoch: [65]  [ 10/159]  eta: 0:13:55  lr: 0.000033  min_lr: 0.000033  loss: 0.9993 (0.9988)  weight_decay: 0.0500 (0.0500)  grad_norm: 0.0349 (0.0395)  time: 5.6085  data: 4.0994  max mem: 30410
Epoch: [65]  [ 20/159]  eta: 0:07:41  lr: 0.000033  min_lr: 0.000033  loss: 0.9993 (0.9985)  weight_decay: 0.0500 (0.0500)  grad_norm: 0.0349 (0.0382)  time: 0.8941  data: 0.0003  max mem: 30410
Epoch: [65]  [ 30/159]  eta: 0:05:19  lr: 0.000033  min_lr: 0.000033  loss: 1.0000 (0.9988)  weight_decay: 0.0500 (0.0500)  grad_norm: 0.0374 (0.0399)  time: 0.7504  data: 0.0002  max mem: 30410
Epoch: [65]  [ 40/159]  eta: 0:04:01  lr: 0.000032  min_lr: 0.000032  loss: 1.0000 (0.9989)  weight_decay: 0.0500 (0.0500)  grad_norm: 0.0341 (0.0394)  time: 0.6773  data: 0.0002  max mem: 30410
Epoch: [65]  [ 50/159]  eta: 0:03:12  lr: 0.000032  min_lr: 0.000032  loss: 0.9997 (0.9990)  weight_decay: 0.0500 (0.0500)  grad_norm: 0.0322 (0.0384)  time: 0.6767  data: 0.0001  max mem: 30410
Epoch: [65]  [ 60/159]  eta: 0:02:38  lr: 0.000032  min_lr: 0.000032  loss: 1.0000 (0.9991)  weight_decay: 0.0500 (0.0500)  grad_norm: 0.0299 (0.0376)  time: 0.7378  data: 0.0001  max mem: 30410
Epoch: [65]  [ 70/159]  eta: 0:02:11  lr: 0.000032  min_lr: 0.000032  loss: 1.0000 (0.9991)  weight_decay: 0.0500 (0.0500)  grad_norm: 0.0332 (0.0391)  time: 0.7330  data: 0.0001  max mem: 30410
Epoch: [65]  [ 80/159]  eta: 0:01:48  lr: 0.000032  min_lr: 0.000032  loss: 1.0000 (0.9991)  weight_decay: 0.0500 (0.0500)  grad_norm: 0.0357 (0.0389)  time: 0.6698  data: 0.0002  max mem: 30410
Epoch: [65]  [ 90/159]  eta: 0:01:29  lr: 0.000032  min_lr: 0.000032  loss: 0.9993 (0.9991)  weight_decay: 0.0500 (0.0500)  grad_norm: 0.0474 (0.0402)  time: 0.6411  data: 0.0002  max mem: 30410
Epoch: [65]  [100/159]  eta: 0:01:12  lr: 0.000032  min_lr: 0.000032  loss: 0.9997 (0.9991)  weight_decay: 0.0500 (0.0500)  grad_norm: 0.0505 (0.0416)  time: 0.6330  data: 0.0002  max mem: 30410
Epoch: [65]  [110/159]  eta: 0:00:57  lr: 0.000032  min_lr: 0.000032  loss: 1.0000 (0.9991)  weight_decay: 0.0500 (0.0500)  grad_norm: 0.0379 (0.0409)  time: 0.6172  data: 0.0002  max mem: 30410
Epoch: [65]  [120/159]  eta: 0:00:43  lr: 0.000032  min_lr: 0.000032  loss: 1.0000 (0.9991)  weight_decay: 0.0500 (0.0500)  grad_norm: 0.0304 (0.0405)  time: 0.5965  data: 0.0002  max mem: 30410
Epoch: [65]  [130/159]  eta: 0:00:31  lr: 0.000032  min_lr: 0.000032  loss: 1.0000 (0.9991)  weight_decay: 0.0500 (0.0500)  grad_norm: 0.0380 (0.0412)  time: 0.5870  data: 0.0002  max mem: 30410
Epoch: [65]  [140/159]  eta: 0:00:19  lr: 0.000031  min_lr: 0.000031  loss: 1.0000 (0.9991)  weight_decay: 0.0500 (0.0500)  grad_norm: 0.0380 (0.0407)  time: 0.5824  data: 0.0002  max mem: 30410
Epoch: [65]  [150/159]  eta: 0:00:09  lr: 0.000031  min_lr: 0.000031  loss: 1.0000 (0.9991)  weight_decay: 0.0500 (0.0500)  grad_norm: 0.0299 (0.0405)  time: 0.5781  data: 0.0002  max mem: 30410
Epoch: [65]  [158/159]  eta: 0:00:00  lr: 0.000031  min_lr: 0.000031  loss: 0.9998 (0.9991)  weight_decay: 0.0500 (0.0500)  grad_norm: 0.0408 (0.0405)  time: 0.6136  data: 0.0002  max mem: 30410
Epoch: [65] Total time: 0:02:39 (1.0058 s / it)
Averaged stats: lr: 0.000031  min_lr: 0.000031  loss: 0.9998 (0.9991)  weight_decay: 0.0500 (0.0500)  grad_norm: 0.0408 (0.0405)
Epoch: [66]  [  0/159]  eta: 2:11:23  lr: 0.000031  min_lr: 0.000031  loss: 0.9990 (0.9990)  weight_decay: 0.0500 (0.0500)  grad_norm: 0.0404 (0.0404)  time: 49.5831  data: 46.0074  max mem: 30410
Epoch: [66]  [ 10/159]  eta: 0:13:25  lr: 0.000031  min_lr: 0.000031  loss: 1.0000 (0.9993)  weight_decay: 0.0500 (0.0500)  grad_norm: 0.0302 (0.0357)  time: 5.4055  data: 4.1830  max mem: 30410
Epoch: [66]  [ 20/159]  eta: 0:07:23  lr: 0.000031  min_lr: 0.000031  loss: 1.0000 (0.9990)  weight_decay: 0.0500 (0.0500)  grad_norm: 0.0324 (0.0386)  time: 0.8691  data: 0.0004  max mem: 30410
Epoch: [66]  [ 30/159]  eta: 0:05:02  lr: 0.000031  min_lr: 0.000031  loss: 1.0000 (0.9992)  weight_decay: 0.0500 (0.0500)  grad_norm: 0.0342 (0.0395)  time: 0.6652  data: 0.0002  max mem: 30410
Epoch: [66]  [ 40/159]  eta: 0:03:47  lr: 0.000031  min_lr: 0.000031  loss: 1.0000 (0.9992)  weight_decay: 0.0500 (0.0500)  grad_norm: 0.0355 (0.0386)  time: 0.5790  data: 0.0002  max mem: 30410
Epoch: [66]  [ 50/159]  eta: 0:03:00  lr: 0.000031  min_lr: 0.000031  loss: 0.9997 (0.9992)  weight_decay: 0.0500 (0.0500)  grad_norm: 0.0382 (0.0386)  time: 0.5770  data: 0.0002  max mem: 30410
Epoch: [66]  [ 60/159]  eta: 0:02:26  lr: 0.000031  min_lr: 0.000031  loss: 1.0000 (0.9993)  weight_decay: 0.0500 (0.0500)  grad_norm: 0.0374 (0.0395)  time: 0.5754  data: 0.0001  max mem: 30410
Epoch: [66]  [ 70/159]  eta: 0:02:01  lr: 0.000031  min_lr: 0.000031  loss: 1.0000 (0.9993)  weight_decay: 0.0500 (0.0500)  grad_norm: 0.0480 (0.0407)  time: 0.6147  data: 0.0002  max mem: 30410
Epoch: [66]  [ 80/159]  eta: 0:01:40  lr: 0.000030  min_lr: 0.000030  loss: 0.9998 (0.9992)  weight_decay: 0.0500 (0.0500)  grad_norm: 0.0459 (0.0418)  time: 0.6734  data: 0.0002  max mem: 30410
Epoch: [66]  [ 90/159]  eta: 0:01:23  lr: 0.000030  min_lr: 0.000030  loss: 0.9989 (0.9992)  weight_decay: 0.0500 (0.0500)  grad_norm: 0.0452 (0.0421)  time: 0.6794  data: 0.0002  max mem: 30410
Epoch: [66]  [100/159]  eta: 0:01:07  lr: 0.000030  min_lr: 0.000030  loss: 0.9991 (0.9992)  weight_decay: 0.0500 (0.0500)  grad_norm: 0.0472 (0.0422)  time: 0.6248  data: 0.0002  max mem: 30410
Epoch: [66]  [110/159]  eta: 0:00:53  lr: 0.000030  min_lr: 0.000030  loss: 1.0000 (0.9992)  weight_decay: 0.0500 (0.0500)  grad_norm: 0.0472 (0.0423)  time: 0.5801  data: 0.0002  max mem: 30410
Epoch: [66]  [120/159]  eta: 0:00:41  lr: 0.000030  min_lr: 0.000030  loss: 1.0000 (0.9992)  weight_decay: 0.0500 (0.0500)  grad_norm: 0.0356 (0.0424)  time: 0.5777  data: 0.0002  max mem: 30410
Epoch: [66]  [130/159]  eta: 0:00:29  lr: 0.000030  min_lr: 0.000030  loss: 0.9999 (0.9992)  weight_decay: 0.0500 (0.0500)  grad_norm: 0.0373 (0.0423)  time: 0.5771  data: 0.0001  max mem: 30410
Epoch: [66]  [140/159]  eta: 0:00:18  lr: 0.000030  min_lr: 0.000030  loss: 0.9999 (0.9992)  weight_decay: 0.0500 (0.0500)  grad_norm: 0.0435 (0.0429)  time: 0.5755  data: 0.0002  max mem: 30410
Epoch: [66]  [150/159]  eta: 0:00:08  lr: 0.000030  min_lr: 0.000030  loss: 1.0000 (0.9992)  weight_decay: 0.0500 (0.0500)  grad_norm: 0.0420 (0.0425)  time: 0.5747  data: 0.0002  max mem: 30410
Epoch: [66]  [158/159]  eta: 0:00:00  lr: 0.000030  min_lr: 0.000030  loss: 1.0000 (0.9992)  weight_decay: 0.0500 (0.0500)  grad_norm: 0.0417 (0.0423)  time: 0.5734  data: 0.0001  max mem: 30410
Epoch: [66] Total time: 0:02:30 (0.9471 s / it)
Averaged stats: lr: 0.000030  min_lr: 0.000030  loss: 1.0000 (0.9991)  weight_decay: 0.0500 (0.0500)  grad_norm: 0.0417 (0.0423)
Epoch: [67]  [  0/159]  eta: 2:17:41  lr: 0.000030  min_lr: 0.000030  loss: 0.9966 (0.9966)  weight_decay: 0.0500 (0.0500)  grad_norm: 0.0219 (0.0219)  time: 51.9594  data: 37.3035  max mem: 30410
Epoch: [67]  [ 10/159]  eta: 0:13:44  lr: 0.000030  min_lr: 0.000030  loss: 0.9988 (0.9986)  weight_decay: 0.0500 (0.0500)  grad_norm: 0.0377 (0.0406)  time: 5.5357  data: 3.3915  max mem: 30410
Epoch: [67]  [ 20/159]  eta: 0:07:32  lr: 0.000029  min_lr: 0.000029  loss: 0.9997 (0.9985)  weight_decay: 0.0500 (0.0500)  grad_norm: 0.0362 (0.0387)  time: 0.8223  data: 0.0003  max mem: 30410
Epoch: [67]  [ 30/159]  eta: 0:05:08  lr: 0.000029  min_lr: 0.000029  loss: 1.0000 (0.9987)  weight_decay: 0.0500 (0.0500)  grad_norm: 0.0346 (0.0398)  time: 0.6671  data: 0.0002  max mem: 30410
Epoch: [67]  [ 40/159]  eta: 0:03:52  lr: 0.000029  min_lr: 0.000029  loss: 1.0000 (0.9989)  weight_decay: 0.0500 (0.0500)  grad_norm: 0.0437 (0.0408)  time: 0.5827  data: 0.0002  max mem: 30410
Epoch: [67]  [ 50/159]  eta: 0:03:03  lr: 0.000029  min_lr: 0.000029  loss: 1.0000 (0.9989)  weight_decay: 0.0500 (0.0500)  grad_norm: 0.0459 (0.0420)  time: 0.5790  data: 0.0002  max mem: 30410
Epoch: [67]  [ 60/159]  eta: 0:02:28  lr: 0.000029  min_lr: 0.000029  loss: 1.0000 (0.9990)  weight_decay: 0.0500 (0.0500)  grad_norm: 0.0410 (0.0436)  time: 0.5759  data: 0.0002  max mem: 30410
Epoch: [67]  [ 70/159]  eta: 0:02:02  lr: 0.000029  min_lr: 0.000029  loss: 1.0000 (0.9991)  weight_decay: 0.0500 (0.0500)  grad_norm: 0.0410 (0.0434)  time: 0.5775  data: 0.0002  max mem: 30410
Epoch: [67]  [ 80/159]  eta: 0:01:40  lr: 0.000029  min_lr: 0.000029  loss: 0.9998 (0.9991)  weight_decay: 0.0500 (0.0500)  grad_norm: 0.0503 (0.0454)  time: 0.5794  data: 0.0002  max mem: 30410
Epoch: [67]  [ 90/159]  eta: 0:01:22  lr: 0.000029  min_lr: 0.000029  loss: 0.9991 (0.9991)  weight_decay: 0.0500 (0.0500)  grad_norm: 0.0533 (0.0451)  time: 0.6012  data: 0.0002  max mem: 30410
Epoch: [67]  [100/159]  eta: 0:01:07  lr: 0.000029  min_lr: 0.000029  loss: 0.9991 (0.9991)  weight_decay: 0.0500 (0.0500)  grad_norm: 0.0380 (0.0459)  time: 0.6386  data: 0.0002  max mem: 30410
Epoch: [67]  [110/159]  eta: 0:00:53  lr: 0.000029  min_lr: 0.000029  loss: 1.0000 (0.9991)  weight_decay: 0.0500 (0.0500)  grad_norm: 0.0488 (0.0466)  time: 0.6334  data: 0.0002  max mem: 30410
Epoch: [67]  [120/159]  eta: 0:00:41  lr: 0.000028  min_lr: 0.000028  loss: 1.0000 (0.9991)  weight_decay: 0.0500 (0.0500)  grad_norm: 0.0445 (0.0464)  time: 0.6031  data: 0.0002  max mem: 30410
Epoch: [67]  [130/159]  eta: 0:00:29  lr: 0.000028  min_lr: 0.000028  loss: 1.0000 (0.9991)  weight_decay: 0.0500 (0.0500)  grad_norm: 0.0541 (0.0472)  time: 0.6415  data: 0.0002  max mem: 30410
Epoch: [67]  [140/159]  eta: 0:00:19  lr: 0.000028  min_lr: 0.000028  loss: 1.0000 (0.9990)  weight_decay: 0.0500 (0.0500)  grad_norm: 0.0541 (0.0470)  time: 0.6525  data: 0.0002  max mem: 30410
Epoch: [67]  [150/159]  eta: 0:00:08  lr: 0.000028  min_lr: 0.000028  loss: 1.0000 (0.9991)  weight_decay: 0.0500 (0.0500)  grad_norm: 0.0375 (0.0465)  time: 0.5949  data: 0.0002  max mem: 30410
Epoch: [67]  [158/159]  eta: 0:00:00  lr: 0.000028  min_lr: 0.000028  loss: 1.0000 (0.9990)  weight_decay: 0.0500 (0.0500)  grad_norm: 0.0414 (0.0467)  time: 0.6023  data: 0.0002  max mem: 30410
Epoch: [67] Total time: 0:02:33 (0.9625 s / it)
Averaged stats: lr: 0.000028  min_lr: 0.000028  loss: 1.0000 (0.9990)  weight_decay: 0.0500 (0.0500)  grad_norm: 0.0414 (0.0467)
Epoch: [68]  [  0/159]  eta: 2:17:43  lr: 0.000028  min_lr: 0.000028  loss: 0.9990 (0.9990)  weight_decay: 0.0500 (0.0500)  grad_norm: 0.0969 (0.0969)  time: 51.9729  data: 47.9688  max mem: 30410
Epoch: [68]  [ 10/159]  eta: 0:13:58  lr: 0.000028  min_lr: 0.000028  loss: 0.9990 (0.9988)  weight_decay: 0.0500 (0.0500)  grad_norm: 0.0421 (0.0482)  time: 5.6252  data: 4.3612  max mem: 30410
Epoch: [68]  [ 20/159]  eta: 0:07:37  lr: 0.000028  min_lr: 0.000028  loss: 0.9992 (0.9984)  weight_decay: 0.0500 (0.0500)  grad_norm: 0.0413 (0.0460)  time: 0.8545  data: 0.0004  max mem: 30410
Epoch: [68]  [ 30/159]  eta: 0:05:11  lr: 0.000028  min_lr: 0.000028  loss: 1.0000 (0.9988)  weight_decay: 0.0500 (0.0500)  grad_norm: 0.0366 (0.0445)  time: 0.6497  data: 0.0003  max mem: 30410
Epoch: [68]  [ 40/159]  eta: 0:03:54  lr: 0.000028  min_lr: 0.000028  loss: 1.0000 (0.9989)  weight_decay: 0.0500 (0.0500)  grad_norm: 0.0428 (0.0449)  time: 0.5803  data: 0.0002  max mem: 30410
Epoch: [68]  [ 50/159]  eta: 0:03:04  lr: 0.000028  min_lr: 0.000028  loss: 1.0000 (0.9990)  weight_decay: 0.0500 (0.0500)  grad_norm: 0.0471 (0.0460)  time: 0.5787  data: 0.0001  max mem: 30410
Epoch: [68]  [ 60/159]  eta: 0:02:29  lr: 0.000027  min_lr: 0.000027  loss: 1.0000 (0.9990)  weight_decay: 0.0500 (0.0500)  grad_norm: 0.0462 (0.0473)  time: 0.5779  data: 0.0001  max mem: 30410
Epoch: [68]  [ 70/159]  eta: 0:02:02  lr: 0.000027  min_lr: 0.000027  loss: 1.0000 (0.9990)  weight_decay: 0.0500 (0.0500)  grad_norm: 0.0440 (0.0468)  time: 0.5788  data: 0.0002  max mem: 30410
Epoch: [68]  [ 80/159]  eta: 0:01:41  lr: 0.000027  min_lr: 0.000027  loss: 0.9992 (0.9990)  weight_decay: 0.0500 (0.0500)  grad_norm: 0.0491 (0.0472)  time: 0.5775  data: 0.0002  max mem: 30410
Epoch: [68]  [ 90/159]  eta: 0:01:23  lr: 0.000027  min_lr: 0.000027  loss: 0.9978 (0.9988)  weight_decay: 0.0500 (0.0500)  grad_norm: 0.0469 (0.0464)  time: 0.5759  data: 0.0002  max mem: 30410
Epoch: [68]  [100/159]  eta: 0:01:07  lr: 0.000027  min_lr: 0.000027  loss: 0.9978 (0.9989)  weight_decay: 0.0500 (0.0500)  grad_norm: 0.0469 (0.0483)  time: 0.5778  data: 0.0002  max mem: 30410
Epoch: [68]  [110/159]  eta: 0:00:53  lr: 0.000027  min_lr: 0.000027  loss: 1.0000 (0.9989)  weight_decay: 0.0500 (0.0500)  grad_norm: 0.0582 (0.0485)  time: 0.5789  data: 0.0002  max mem: 30410
Epoch: [68]  [120/159]  eta: 0:00:40  lr: 0.000027  min_lr: 0.000027  loss: 1.0000 (0.9989)  weight_decay: 0.0500 (0.0500)  grad_norm: 0.0473 (0.0493)  time: 0.5776  data: 0.0002  max mem: 30410
Epoch: [68]  [130/159]  eta: 0:00:29  lr: 0.000027  min_lr: 0.000027  loss: 1.0000 (0.9988)  weight_decay: 0.0500 (0.0500)  grad_norm: 0.0509 (0.0507)  time: 0.5760  data: 0.0002  max mem: 30410
Epoch: [68]  [140/159]  eta: 0:00:18  lr: 0.000027  min_lr: 0.000027  loss: 1.0000 (0.9988)  weight_decay: 0.0500 (0.0500)  grad_norm: 0.0546 (0.0516)  time: 0.5764  data: 0.0002  max mem: 30410
Epoch: [68]  [150/159]  eta: 0:00:08  lr: 0.000027  min_lr: 0.000027  loss: 1.0000 (0.9988)  weight_decay: 0.0500 (0.0500)  grad_norm: 0.0604 (0.0517)  time: 0.5771  data: 0.0002  max mem: 30410
Epoch: [68]  [158/159]  eta: 0:00:00  lr: 0.000027  min_lr: 0.000027  loss: 1.0000 (0.9988)  weight_decay: 0.0500 (0.0500)  grad_norm: 0.0448 (0.0515)  time: 0.5766  data: 0.0002  max mem: 30410
Epoch: [68] Total time: 0:02:29 (0.9429 s / it)
Averaged stats: lr: 0.000027  min_lr: 0.000027  loss: 1.0000 (0.9990)  weight_decay: 0.0500 (0.0500)  grad_norm: 0.0448 (0.0515)
Epoch: [69]  [  0/159]  eta: 2:16:40  lr: 0.000027  min_lr: 0.000027  loss: 0.9982 (0.9982)  weight_decay: 0.0500 (0.0500)  grad_norm: 0.0496 (0.0496)  time: 51.5737  data: 46.0490  max mem: 30410
Epoch: [69]  [ 10/159]  eta: 0:13:43  lr: 0.000026  min_lr: 0.000026  loss: 0.9985 (0.9985)  weight_decay: 0.0500 (0.0500)  grad_norm: 0.0457 (0.0457)  time: 5.5240  data: 4.1866  max mem: 30410
Epoch: [69]  [ 20/159]  eta: 0:07:32  lr: 0.000026  min_lr: 0.000026  loss: 0.9990 (0.9983)  weight_decay: 0.0500 (0.0500)  grad_norm: 0.0457 (0.0470)  time: 0.8411  data: 0.0004  max mem: 30410
Epoch: [69]  [ 30/159]  eta: 0:05:10  lr: 0.000026  min_lr: 0.000026  loss: 1.0000 (0.9986)  weight_decay: 0.0500 (0.0500)  grad_norm: 0.0482 (0.0468)  time: 0.6949  data: 0.0003  max mem: 30410
Epoch: [69]  [ 40/159]  eta: 0:03:53  lr: 0.000026  min_lr: 0.000026  loss: 1.0000 (0.9988)  weight_decay: 0.0500 (0.0500)  grad_norm: 0.0430 (0.0458)  time: 0.6066  data: 0.0002  max mem: 30410
Epoch: [69]  [ 50/159]  eta: 0:03:05  lr: 0.000026  min_lr: 0.000026  loss: 1.0000 (0.9988)  weight_decay: 0.0500 (0.0500)  grad_norm: 0.0445 (0.0462)  time: 0.5964  data: 0.0002  max mem: 30410
Epoch: [69]  [ 60/159]  eta: 0:02:29  lr: 0.000026  min_lr: 0.000026  loss: 1.0000 (0.9989)  weight_decay: 0.0500 (0.0500)  grad_norm: 0.0358 (0.0456)  time: 0.5928  data: 0.0002  max mem: 30410
Epoch: [69]  [ 70/159]  eta: 0:02:03  lr: 0.000026  min_lr: 0.000026  loss: 1.0000 (0.9989)  weight_decay: 0.0500 (0.0500)  grad_norm: 0.0343 (0.0449)  time: 0.5800  data: 0.0001  max mem: 30410
Epoch: [69]  [ 80/159]  eta: 0:01:41  lr: 0.000026  min_lr: 0.000026  loss: 0.9987 (0.9989)  weight_decay: 0.0500 (0.0500)  grad_norm: 0.0345 (0.0444)  time: 0.5776  data: 0.0001  max mem: 30410
Epoch: [69]  [ 90/159]  eta: 0:01:23  lr: 0.000026  min_lr: 0.000026  loss: 0.9985 (0.9988)  weight_decay: 0.0500 (0.0500)  grad_norm: 0.0396 (0.0443)  time: 0.5758  data: 0.0001  max mem: 30410
Epoch: [69]  [100/159]  eta: 0:01:07  lr: 0.000026  min_lr: 0.000026  loss: 0.9986 (0.9989)  weight_decay: 0.0500 (0.0500)  grad_norm: 0.0429 (0.0440)  time: 0.5757  data: 0.0001  max mem: 30410
Epoch: [69]  [110/159]  eta: 0:00:53  lr: 0.000025  min_lr: 0.000025  loss: 1.0000 (0.9990)  weight_decay: 0.0500 (0.0500)  grad_norm: 0.0350 (0.0436)  time: 0.5747  data: 0.0001  max mem: 30410
Epoch: [69]  [120/159]  eta: 0:00:40  lr: 0.000025  min_lr: 0.000025  loss: 1.0000 (0.9990)  weight_decay: 0.0500 (0.0500)  grad_norm: 0.0350 (0.0433)  time: 0.5743  data: 0.0001  max mem: 30410
Epoch: [69]  [130/159]  eta: 0:00:29  lr: 0.000025  min_lr: 0.000025  loss: 1.0000 (0.9989)  weight_decay: 0.0500 (0.0500)  grad_norm: 0.0426 (0.0437)  time: 0.5741  data: 0.0001  max mem: 30410
Epoch: [69]  [140/159]  eta: 0:00:18  lr: 0.000025  min_lr: 0.000025  loss: 1.0000 (0.9989)  weight_decay: 0.0500 (0.0500)  grad_norm: 0.0424 (0.0438)  time: 0.5747  data: 0.0001  max mem: 30410
Epoch: [69]  [150/159]  eta: 0:00:08  lr: 0.000025  min_lr: 0.000025  loss: 1.0000 (0.9989)  weight_decay: 0.0500 (0.0500)  grad_norm: 0.0385 (0.0437)  time: 0.5753  data: 0.0001  max mem: 30410
Epoch: [69]  [158/159]  eta: 0:00:00  lr: 0.000025  min_lr: 0.000025  loss: 1.0000 (0.9989)  weight_decay: 0.0500 (0.0500)  grad_norm: 0.0385 (0.0441)  time: 0.5769  data: 0.0001  max mem: 30410
Epoch: [69] Total time: 0:02:29 (0.9431 s / it)
Averaged stats: lr: 0.000025  min_lr: 0.000025  loss: 1.0000 (0.9990)  weight_decay: 0.0500 (0.0500)  grad_norm: 0.0385 (0.0441)
Epoch: [70]  [  0/159]  eta: 2:18:43  lr: 0.000025  min_lr: 0.000025  loss: 0.9976 (0.9976)  weight_decay: 0.0500 (0.0500)  grad_norm: 0.0308 (0.0308)  time: 52.3479  data: 45.8111  max mem: 30410
Epoch: [70]  [ 10/159]  eta: 0:13:59  lr: 0.000025  min_lr: 0.000025  loss: 0.9986 (0.9985)  weight_decay: 0.0500 (0.0500)  grad_norm: 0.0334 (0.0380)  time: 5.6334  data: 4.1649  max mem: 30410
Epoch: [70]  [ 20/159]  eta: 0:07:34  lr: 0.000025  min_lr: 0.000025  loss: 0.9986 (0.9981)  weight_decay: 0.0500 (0.0500)  grad_norm: 0.0397 (0.0421)  time: 0.8189  data: 0.0003  max mem: 30410
Epoch: [70]  [ 30/159]  eta: 0:05:12  lr: 0.000025  min_lr: 0.000025  loss: 1.0000 (0.9986)  weight_decay: 0.0500 (0.0500)  grad_norm: 0.0397 (0.0410)  time: 0.6505  data: 0.0002  max mem: 30410
Epoch: [70]  [ 40/159]  eta: 0:03:56  lr: 0.000025  min_lr: 0.000025  loss: 1.0000 (0.9987)  weight_decay: 0.0500 (0.0500)  grad_norm: 0.0388 (0.0440)  time: 0.6404  data: 0.0002  max mem: 30410
Epoch: [70]  [ 50/159]  eta: 0:03:07  lr: 0.000025  min_lr: 0.000025  loss: 0.9999 (0.9986)  weight_decay: 0.0500 (0.0500)  grad_norm: 0.0432 (0.0438)  time: 0.6393  data: 0.0002  max mem: 30410
Epoch: [70]  [ 60/159]  eta: 0:02:33  lr: 0.000024  min_lr: 0.000024  loss: 1.0000 (0.9988)  weight_decay: 0.0500 (0.0500)  grad_norm: 0.0432 (0.0452)  time: 0.6467  data: 0.0002  max mem: 30410
Epoch: [70]  [ 70/159]  eta: 0:02:06  lr: 0.000024  min_lr: 0.000024  loss: 1.0000 (0.9989)  weight_decay: 0.0500 (0.0500)  grad_norm: 0.0524 (0.0463)  time: 0.6542  data: 0.0002  max mem: 30410
Epoch: [70]  [ 80/159]  eta: 0:01:44  lr: 0.000024  min_lr: 0.000024  loss: 0.9994 (0.9989)  weight_decay: 0.0500 (0.0500)  grad_norm: 0.0524 (0.0468)  time: 0.6200  data: 0.0002  max mem: 30410
Epoch: [70]  [ 90/159]  eta: 0:01:25  lr: 0.000024  min_lr: 0.000024  loss: 0.9985 (0.9988)  weight_decay: 0.0500 (0.0500)  grad_norm: 0.0458 (0.0486)  time: 0.5930  data: 0.0002  max mem: 30410
Epoch: [70]  [100/159]  eta: 0:01:09  lr: 0.000024  min_lr: 0.000024  loss: 0.9990 (0.9989)  weight_decay: 0.0500 (0.0500)  grad_norm: 0.0670 (0.0500)  time: 0.5807  data: 0.0002  max mem: 30410
Epoch: [70]  [110/159]  eta: 0:00:54  lr: 0.000024  min_lr: 0.000024  loss: 1.0000 (0.9989)  weight_decay: 0.0500 (0.0500)  grad_norm: 0.0442 (0.0490)  time: 0.5773  data: 0.0002  max mem: 30410
Epoch: [70]  [120/159]  eta: 0:00:42  lr: 0.000024  min_lr: 0.000024  loss: 1.0000 (0.9990)  weight_decay: 0.0500 (0.0500)  grad_norm: 0.0442 (0.0494)  time: 0.6354  data: 0.0002  max mem: 30410
Epoch: [70]  [130/159]  eta: 0:00:30  lr: 0.000024  min_lr: 0.000024  loss: 1.0000 (0.9989)  weight_decay: 0.0500 (0.0500)  grad_norm: 0.0485 (0.0491)  time: 0.6713  data: 0.0002  max mem: 30410
Epoch: [70]  [140/159]  eta: 0:00:19  lr: 0.000024  min_lr: 0.000024  loss: 1.0000 (0.9990)  weight_decay: 0.0500 (0.0500)  grad_norm: 0.0446 (0.0495)  time: 0.6301  data: 0.0002  max mem: 30410
Epoch: [70]  [150/159]  eta: 0:00:08  lr: 0.000024  min_lr: 0.000024  loss: 1.0000 (0.9990)  weight_decay: 0.0500 (0.0500)  grad_norm: 0.0478 (0.0494)  time: 0.6040  data: 0.0002  max mem: 30410
Epoch: [70]  [158/159]  eta: 0:00:00  lr: 0.000024  min_lr: 0.000024  loss: 0.9998 (0.9990)  weight_decay: 0.0500 (0.0500)  grad_norm: 0.0463 (0.0492)  time: 0.6099  data: 0.0002  max mem: 30410
Epoch: [70] Total time: 0:02:35 (0.9810 s / it)
Averaged stats: lr: 0.000024  min_lr: 0.000024  loss: 0.9998 (0.9989)  weight_decay: 0.0500 (0.0500)  grad_norm: 0.0463 (0.0492)
[Eval]   [0/2]  eta: 0:00:10  loss: 0.9990 (0.9990)  time: 5.0010  data: 4.8406  max mem: 30410
[Eval]   [1/2]  eta: 0:00:02  loss: 0.9990 (0.9995)  time: 2.5446  data: 2.4204  max mem: 30410
[Eval]  Total time: 0:00:05 (2.8060 s / it)
Eval averaged stats: loss: 0.9990 (0.9998)
[Eval] Image Metrics:  [0/2]  eta: 0:00:11    time: 5.7612  data: 4.9859  max mem: 30410
[Eval] Image Metrics:  [1/2]  eta: 0:00:02    time: 2.9367  data: 2.4930  max mem: 30410
[Eval] Image Metrics: Total time: 0:00:06 (3.3166 s / it)
[Eval] Metric Results: [Eval] MSE: 0.0000 (0.0000)  [Eval] MAE: 0.0000 (0.0000)  [Eval] PSNR: 47.0074 (47.0074)  [Eval] MS-SSIM: 0.9992 (0.9992)
Epoch: [71]  [  0/159]  eta: 2:11:36  lr: 0.000024  min_lr: 0.000024  loss: 0.9965 (0.9965)  weight_decay: 0.0500 (0.0500)  grad_norm: 0.0944 (0.0944)  time: 49.6619  data: 44.9502  max mem: 30410
Epoch: [71]  [ 10/159]  eta: 0:13:41  lr: 0.000023  min_lr: 0.000023  loss: 0.9995 (0.9985)  weight_decay: 0.0500 (0.0500)  grad_norm: 0.0516 (0.0503)  time: 5.5123  data: 4.1815  max mem: 30410
Epoch: [71]  [ 20/159]  eta: 0:07:32  lr: 0.000023  min_lr: 0.000023  loss: 0.9995 (0.9985)  weight_decay: 0.0500 (0.0500)  grad_norm: 0.0421 (0.0515)  time: 0.9375  data: 0.0526  max mem: 30410
Epoch: [71]  [ 30/159]  eta: 0:05:14  lr: 0.000023  min_lr: 0.000023  loss: 1.0000 (0.9987)  weight_decay: 0.0500 (0.0500)  grad_norm: 0.0397 (0.0476)  time: 0.7516  data: 0.0003  max mem: 30410
Epoch: [71]  [ 40/159]  eta: 0:04:02  lr: 0.000023  min_lr: 0.000023  loss: 1.0000 (0.9987)  weight_decay: 0.0500 (0.0500)  grad_norm: 0.0384 (0.0470)  time: 0.7594  data: 0.0002  max mem: 30410
Epoch: [71]  [ 50/159]  eta: 0:03:14  lr: 0.000023  min_lr: 0.000023  loss: 1.0000 (0.9988)  weight_decay: 0.0500 (0.0500)  grad_norm: 0.0428 (0.0472)  time: 0.7725  data: 0.0002  max mem: 30410
Epoch: [71]  [ 60/159]  eta: 0:02:39  lr: 0.000023  min_lr: 0.000023  loss: 1.0000 (0.9989)  weight_decay: 0.0500 (0.0500)  grad_norm: 0.0472 (0.0479)  time: 0.7311  data: 0.0001  max mem: 30410
Epoch: [71]  [ 70/159]  eta: 0:02:11  lr: 0.000023  min_lr: 0.000023  loss: 1.0000 (0.9989)  weight_decay: 0.0500 (0.0500)  grad_norm: 0.0462 (0.0473)  time: 0.6783  data: 0.0002  max mem: 30410
Epoch: [71]  [ 80/159]  eta: 0:01:48  lr: 0.000023  min_lr: 0.000023  loss: 0.9993 (0.9988)  weight_decay: 0.0500 (0.0500)  grad_norm: 0.0451 (0.0476)  time: 0.6356  data: 0.0002  max mem: 30410
Epoch: [71]  [ 90/159]  eta: 0:01:28  lr: 0.000023  min_lr: 0.000023  loss: 0.9980 (0.9987)  weight_decay: 0.0500 (0.0500)  grad_norm: 0.0524 (0.0477)  time: 0.6224  data: 0.0001  max mem: 30410
Epoch: [71]  [100/159]  eta: 0:01:11  lr: 0.000023  min_lr: 0.000023  loss: 0.9995 (0.9988)  weight_decay: 0.0500 (0.0500)  grad_norm: 0.0548 (0.0492)  time: 0.5988  data: 0.0001  max mem: 30410
Epoch: [71]  [110/159]  eta: 0:00:56  lr: 0.000022  min_lr: 0.000022  loss: 1.0000 (0.9989)  weight_decay: 0.0500 (0.0500)  grad_norm: 0.0392 (0.0483)  time: 0.5773  data: 0.0002  max mem: 30410
Epoch: [71]  [120/159]  eta: 0:00:43  lr: 0.000022  min_lr: 0.000022  loss: 1.0000 (0.9989)  weight_decay: 0.0500 (0.0500)  grad_norm: 0.0360 (0.0478)  time: 0.5758  data: 0.0002  max mem: 30410
Epoch: [71]  [130/159]  eta: 0:00:31  lr: 0.000022  min_lr: 0.000022  loss: 1.0000 (0.9988)  weight_decay: 0.0500 (0.0500)  grad_norm: 0.0447 (0.0479)  time: 0.5769  data: 0.0002  max mem: 30410
Epoch: [71]  [140/159]  eta: 0:00:19  lr: 0.000022  min_lr: 0.000022  loss: 1.0000 (0.9989)  weight_decay: 0.0500 (0.0500)  grad_norm: 0.0490 (0.0476)  time: 0.5770  data: 0.0001  max mem: 30410
Epoch: [71]  [150/159]  eta: 0:00:09  lr: 0.000022  min_lr: 0.000022  loss: 1.0000 (0.9989)  weight_decay: 0.0500 (0.0500)  grad_norm: 0.0350 (0.0471)  time: 0.5745  data: 0.0002  max mem: 30410
Epoch: [71]  [158/159]  eta: 0:00:00  lr: 0.000022  min_lr: 0.000022  loss: 1.0000 (0.9989)  weight_decay: 0.0500 (0.0500)  grad_norm: 0.0414 (0.0472)  time: 0.5761  data: 0.0001  max mem: 30410
Epoch: [71] Total time: 0:02:37 (0.9914 s / it)
Averaged stats: lr: 0.000022  min_lr: 0.000022  loss: 1.0000 (0.9989)  weight_decay: 0.0500 (0.0500)  grad_norm: 0.0414 (0.0472)
Epoch: [72]  [  0/159]  eta: 2:15:53  lr: 0.000022  min_lr: 0.000022  loss: 0.9967 (0.9967)  weight_decay: 0.0500 (0.0500)  grad_norm: 0.0457 (0.0457)  time: 51.2800  data: 37.6592  max mem: 30410
Epoch: [72]  [ 10/159]  eta: 0:13:40  lr: 0.000022  min_lr: 0.000022  loss: 0.9983 (0.9982)  weight_decay: 0.0500 (0.0500)  grad_norm: 0.0450 (0.0468)  time: 5.5055  data: 3.4238  max mem: 30410
Epoch: [72]  [ 20/159]  eta: 0:07:30  lr: 0.000022  min_lr: 0.000022  loss: 0.9998 (0.9983)  weight_decay: 0.0500 (0.0500)  grad_norm: 0.0381 (0.0449)  time: 0.8377  data: 0.0002  max mem: 30410
Epoch: [72]  [ 30/159]  eta: 0:05:11  lr: 0.000022  min_lr: 0.000022  loss: 1.0000 (0.9984)  weight_decay: 0.0500 (0.0500)  grad_norm: 0.0381 (0.0466)  time: 0.7136  data: 0.0002  max mem: 30410
Epoch: [72]  [ 40/159]  eta: 0:03:55  lr: 0.000022  min_lr: 0.000022  loss: 1.0000 (0.9987)  weight_decay: 0.0500 (0.0500)  grad_norm: 0.0415 (0.0486)  time: 0.6474  data: 0.0002  max mem: 30410
Epoch: [72]  [ 50/159]  eta: 0:03:05  lr: 0.000022  min_lr: 0.000022  loss: 0.9997 (0.9985)  weight_decay: 0.0500 (0.0500)  grad_norm: 0.0418 (0.0492)  time: 0.6008  data: 0.0002  max mem: 30410
Epoch: [72]  [ 60/159]  eta: 0:02:30  lr: 0.000021  min_lr: 0.000021  loss: 1.0000 (0.9987)  weight_decay: 0.0500 (0.0500)  grad_norm: 0.0494 (0.0507)  time: 0.5827  data: 0.0003  max mem: 30410
Epoch: [72]  [ 70/159]  eta: 0:02:03  lr: 0.000021  min_lr: 0.000021  loss: 1.0000 (0.9987)  weight_decay: 0.0500 (0.0500)  grad_norm: 0.0494 (0.0507)  time: 0.5779  data: 0.0003  max mem: 30410
Epoch: [72]  [ 80/159]  eta: 0:01:42  lr: 0.000021  min_lr: 0.000021  loss: 0.9994 (0.9987)  weight_decay: 0.0500 (0.0500)  grad_norm: 0.0496 (0.0508)  time: 0.6214  data: 0.0002  max mem: 30410
Epoch: [72]  [ 90/159]  eta: 0:01:24  lr: 0.000021  min_lr: 0.000021  loss: 0.9978 (0.9986)  weight_decay: 0.0500 (0.0500)  grad_norm: 0.0560 (0.0521)  time: 0.6616  data: 0.0002  max mem: 30410
Epoch: [72]  [100/159]  eta: 0:01:08  lr: 0.000021  min_lr: 0.000021  loss: 0.9983 (0.9987)  weight_decay: 0.0500 (0.0500)  grad_norm: 0.0574 (0.0530)  time: 0.6385  data: 0.0002  max mem: 30410
Epoch: [72]  [110/159]  eta: 0:00:54  lr: 0.000021  min_lr: 0.000021  loss: 1.0000 (0.9987)  weight_decay: 0.0500 (0.0500)  grad_norm: 0.0490 (0.0525)  time: 0.6110  data: 0.0002  max mem: 30410
Epoch: [72]  [120/159]  eta: 0:00:41  lr: 0.000021  min_lr: 0.000021  loss: 1.0000 (0.9987)  weight_decay: 0.0500 (0.0500)  grad_norm: 0.0407 (0.0519)  time: 0.5944  data: 0.0003  max mem: 30410
Epoch: [72]  [130/159]  eta: 0:00:30  lr: 0.000021  min_lr: 0.000021  loss: 1.0000 (0.9987)  weight_decay: 0.0500 (0.0500)  grad_norm: 0.0532 (0.0532)  time: 0.5836  data: 0.0002  max mem: 30410
Epoch: [72]  [140/159]  eta: 0:00:19  lr: 0.000021  min_lr: 0.000021  loss: 1.0000 (0.9987)  weight_decay: 0.0500 (0.0500)  grad_norm: 0.0561 (0.0528)  time: 0.5836  data: 0.0002  max mem: 30410
Epoch: [72]  [150/159]  eta: 0:00:08  lr: 0.000021  min_lr: 0.000021  loss: 1.0000 (0.9987)  weight_decay: 0.0500 (0.0500)  grad_norm: 0.0411 (0.0525)  time: 0.5819  data: 0.0002  max mem: 30410
Epoch: [72]  [158/159]  eta: 0:00:00  lr: 0.000021  min_lr: 0.000021  loss: 1.0000 (0.9987)  weight_decay: 0.0500 (0.0500)  grad_norm: 0.0434 (0.0527)  time: 0.5773  data: 0.0002  max mem: 30410
Epoch: [72] Total time: 0:02:33 (0.9628 s / it)
Averaged stats: lr: 0.000021  min_lr: 0.000021  loss: 1.0000 (0.9988)  weight_decay: 0.0500 (0.0500)  grad_norm: 0.0434 (0.0527)
Epoch: [73]  [  0/159]  eta: 2:27:16  lr: 0.000021  min_lr: 0.000021  loss: 0.9954 (0.9954)  weight_decay: 0.0500 (0.0500)  grad_norm: 0.0351 (0.0351)  time: 55.5780  data: 45.6094  max mem: 30410
Epoch: [73]  [ 10/159]  eta: 0:15:05  lr: 0.000021  min_lr: 0.000021  loss: 0.9983 (0.9983)  weight_decay: 0.0500 (0.0500)  grad_norm: 0.0389 (0.0475)  time: 6.0789  data: 4.1526  max mem: 30410
Epoch: [73]  [ 20/159]  eta: 0:08:02  lr: 0.000020  min_lr: 0.000020  loss: 0.9999 (0.9984)  weight_decay: 0.0500 (0.0500)  grad_norm: 0.0389 (0.0427)  time: 0.8686  data: 0.0035  max mem: 30410
Epoch: [73]  [ 30/159]  eta: 0:05:28  lr: 0.000020  min_lr: 0.000020  loss: 1.0000 (0.9987)  weight_decay: 0.0500 (0.0500)  grad_norm: 0.0370 (0.0417)  time: 0.6057  data: 0.0002  max mem: 30410
Epoch: [73]  [ 40/159]  eta: 0:04:07  lr: 0.000020  min_lr: 0.000020  loss: 1.0000 (0.9988)  weight_decay: 0.0500 (0.0500)  grad_norm: 0.0396 (0.0440)  time: 0.6104  data: 0.0002  max mem: 30410
Epoch: [73]  [ 50/159]  eta: 0:03:15  lr: 0.000020  min_lr: 0.000020  loss: 1.0000 (0.9989)  weight_decay: 0.0500 (0.0500)  grad_norm: 0.0500 (0.0463)  time: 0.6148  data: 0.0002  max mem: 30410
Epoch: [73]  [ 60/159]  eta: 0:02:37  lr: 0.000020  min_lr: 0.000020  loss: 1.0000 (0.9989)  weight_decay: 0.0500 (0.0500)  grad_norm: 0.0464 (0.0472)  time: 0.6061  data: 0.0002  max mem: 30410
Epoch: [73]  [ 70/159]  eta: 0:02:09  lr: 0.000020  min_lr: 0.000020  loss: 1.0000 (0.9990)  weight_decay: 0.0500 (0.0500)  grad_norm: 0.0451 (0.0469)  time: 0.5925  data: 0.0002  max mem: 30410
Epoch: [73]  [ 80/159]  eta: 0:01:46  lr: 0.000020  min_lr: 0.000020  loss: 0.9992 (0.9989)  weight_decay: 0.0500 (0.0500)  grad_norm: 0.0451 (0.0484)  time: 0.5810  data: 0.0001  max mem: 30410
Epoch: [73]  [ 90/159]  eta: 0:01:27  lr: 0.000020  min_lr: 0.000020  loss: 0.9978 (0.9988)  weight_decay: 0.0500 (0.0500)  grad_norm: 0.0414 (0.0483)  time: 0.5914  data: 0.0002  max mem: 30410
Epoch: [73]  [100/159]  eta: 0:01:11  lr: 0.000020  min_lr: 0.000020  loss: 0.9984 (0.9988)  weight_decay: 0.0500 (0.0500)  grad_norm: 0.0457 (0.0497)  time: 0.6735  data: 0.0002  max mem: 30410
Epoch: [73]  [110/159]  eta: 0:00:56  lr: 0.000020  min_lr: 0.000020  loss: 1.0000 (0.9989)  weight_decay: 0.0500 (0.0500)  grad_norm: 0.0452 (0.0491)  time: 0.6967  data: 0.0002  max mem: 30410
Epoch: [73]  [120/159]  eta: 0:00:43  lr: 0.000020  min_lr: 0.000020  loss: 1.0000 (0.9989)  weight_decay: 0.0500 (0.0500)  grad_norm: 0.0410 (0.0489)  time: 0.6545  data: 0.0002  max mem: 30410
Epoch: [73]  [130/159]  eta: 0:00:31  lr: 0.000019  min_lr: 0.000019  loss: 1.0000 (0.9988)  weight_decay: 0.0500 (0.0500)  grad_norm: 0.0374 (0.0486)  time: 0.7198  data: 0.0002  max mem: 30410
Epoch: [73]  [140/159]  eta: 0:00:20  lr: 0.000019  min_lr: 0.000019  loss: 1.0000 (0.9989)  weight_decay: 0.0500 (0.0500)  grad_norm: 0.0481 (0.0495)  time: 0.7698  data: 0.0002  max mem: 30410
Epoch: [73]  [150/159]  eta: 0:00:09  lr: 0.000019  min_lr: 0.000019  loss: 1.0000 (0.9988)  weight_decay: 0.0500 (0.0500)  grad_norm: 0.0481 (0.0492)  time: 0.7256  data: 0.0001  max mem: 30410
Epoch: [73]  [158/159]  eta: 0:00:01  lr: 0.000019  min_lr: 0.000019  loss: 1.0000 (0.9988)  weight_decay: 0.0500 (0.0500)  grad_norm: 0.0481 (0.0496)  time: 0.7029  data: 0.0001  max mem: 30410
Epoch: [73] Total time: 0:02:44 (1.0364 s / it)
Averaged stats: lr: 0.000019  min_lr: 0.000019  loss: 1.0000 (0.9988)  weight_decay: 0.0500 (0.0500)  grad_norm: 0.0481 (0.0496)
Epoch: [74]  [  0/159]  eta: 2:12:39  lr: 0.000019  min_lr: 0.000019  loss: 0.9967 (0.9967)  weight_decay: 0.0500 (0.0500)  grad_norm: 0.0472 (0.0472)  time: 50.0599  data: 43.6721  max mem: 30410
Epoch: [74]  [ 10/159]  eta: 0:13:19  lr: 0.000019  min_lr: 0.000019  loss: 0.9983 (0.9983)  weight_decay: 0.0500 (0.0500)  grad_norm: 0.0472 (0.0468)  time: 5.3630  data: 3.9705  max mem: 30410
Epoch: [74]  [ 20/159]  eta: 0:07:21  lr: 0.000019  min_lr: 0.000019  loss: 0.9983 (0.9984)  weight_decay: 0.0500 (0.0500)  grad_norm: 0.0422 (0.0462)  time: 0.8321  data: 0.0003  max mem: 30410
Epoch: [74]  [ 30/159]  eta: 0:05:04  lr: 0.000019  min_lr: 0.000019  loss: 0.9999 (0.9985)  weight_decay: 0.0500 (0.0500)  grad_norm: 0.0371 (0.0475)  time: 0.7087  data: 0.0002  max mem: 30410
Epoch: [74]  [ 40/159]  eta: 0:03:53  lr: 0.000019  min_lr: 0.000019  loss: 1.0000 (0.9987)  weight_decay: 0.0500 (0.0500)  grad_norm: 0.0422 (0.0472)  time: 0.6878  data: 0.0002  max mem: 30410
Epoch: [74]  [ 50/159]  eta: 0:03:06  lr: 0.000019  min_lr: 0.000019  loss: 1.0000 (0.9986)  weight_decay: 0.0500 (0.0500)  grad_norm: 0.0442 (0.0481)  time: 0.7144  data: 0.0002  max mem: 30410
Epoch: [74]  [ 60/159]  eta: 0:02:32  lr: 0.000019  min_lr: 0.000019  loss: 1.0000 (0.9988)  weight_decay: 0.0500 (0.0500)  grad_norm: 0.0576 (0.0499)  time: 0.6641  data: 0.0002  max mem: 30410
Epoch: [74]  [ 70/159]  eta: 0:02:05  lr: 0.000019  min_lr: 0.000019  loss: 1.0000 (0.9988)  weight_decay: 0.0500 (0.0500)  grad_norm: 0.0532 (0.0504)  time: 0.6161  data: 0.0003  max mem: 30410
Epoch: [74]  [ 80/159]  eta: 0:01:43  lr: 0.000019  min_lr: 0.000019  loss: 0.9989 (0.9988)  weight_decay: 0.0500 (0.0500)  grad_norm: 0.0499 (0.0512)  time: 0.5970  data: 0.0003  max mem: 30410
Epoch: [74]  [ 90/159]  eta: 0:01:24  lr: 0.000018  min_lr: 0.000018  loss: 0.9981 (0.9987)  weight_decay: 0.0500 (0.0500)  grad_norm: 0.0511 (0.0512)  time: 0.5885  data: 0.0002  max mem: 30410
Epoch: [74]  [100/159]  eta: 0:01:08  lr: 0.000018  min_lr: 0.000018  loss: 0.9983 (0.9987)  weight_decay: 0.0500 (0.0500)  grad_norm: 0.0585 (0.0530)  time: 0.5862  data: 0.0002  max mem: 30410
Epoch: [74]  [110/159]  eta: 0:00:54  lr: 0.000018  min_lr: 0.000018  loss: 1.0000 (0.9988)  weight_decay: 0.0500 (0.0500)  grad_norm: 0.0539 (0.0529)  time: 0.5813  data: 0.0002  max mem: 30410
Epoch: [74]  [120/159]  eta: 0:00:41  lr: 0.000018  min_lr: 0.000018  loss: 1.0000 (0.9988)  weight_decay: 0.0500 (0.0500)  grad_norm: 0.0455 (0.0532)  time: 0.5783  data: 0.0002  max mem: 30410
Epoch: [74]  [130/159]  eta: 0:00:29  lr: 0.000018  min_lr: 0.000018  loss: 1.0000 (0.9987)  weight_decay: 0.0500 (0.0500)  grad_norm: 0.0451 (0.0530)  time: 0.5771  data: 0.0002  max mem: 30410
Epoch: [74]  [140/159]  eta: 0:00:19  lr: 0.000018  min_lr: 0.000018  loss: 1.0000 (0.9987)  weight_decay: 0.0500 (0.0500)  grad_norm: 0.0451 (0.0530)  time: 0.6336  data: 0.0002  max mem: 30410
Epoch: [74]  [150/159]  eta: 0:00:08  lr: 0.000018  min_lr: 0.000018  loss: 1.0000 (0.9987)  weight_decay: 0.0500 (0.0500)  grad_norm: 0.0477 (0.0530)  time: 0.6824  data: 0.0002  max mem: 30410
Epoch: [74]  [158/159]  eta: 0:00:00  lr: 0.000018  min_lr: 0.000018  loss: 1.0000 (0.9987)  weight_decay: 0.0500 (0.0500)  grad_norm: 0.0515 (0.0530)  time: 0.6790  data: 0.0002  max mem: 30410
Epoch: [74] Total time: 0:02:35 (0.9750 s / it)
Averaged stats: lr: 0.000018  min_lr: 0.000018  loss: 1.0000 (0.9988)  weight_decay: 0.0500 (0.0500)  grad_norm: 0.0515 (0.0530)
Epoch: [75]  [  0/159]  eta: 2:19:09  lr: 0.000018  min_lr: 0.000018  loss: 0.9982 (0.9982)  weight_decay: 0.0500 (0.0500)  grad_norm: 0.0820 (0.0820)  time: 52.5103  data: 38.4656  max mem: 30410
Epoch: [75]  [ 10/159]  eta: 0:14:22  lr: 0.000018  min_lr: 0.000018  loss: 0.9982 (0.9984)  weight_decay: 0.0500 (0.0500)  grad_norm: 0.0509 (0.0542)  time: 5.7908  data: 3.4972  max mem: 30410
Epoch: [75]  [ 20/159]  eta: 0:07:56  lr: 0.000018  min_lr: 0.000018  loss: 0.9984 (0.9984)  weight_decay: 0.0500 (0.0500)  grad_norm: 0.0462 (0.0507)  time: 0.9750  data: 0.0003  max mem: 30410
Epoch: [75]  [ 30/159]  eta: 0:05:28  lr: 0.000018  min_lr: 0.000018  loss: 1.0000 (0.9984)  weight_decay: 0.0500 (0.0500)  grad_norm: 0.0376 (0.0511)  time: 0.7645  data: 0.0003  max mem: 30410
Epoch: [75]  [ 40/159]  eta: 0:04:07  lr: 0.000018  min_lr: 0.000018  loss: 1.0000 (0.9986)  weight_decay: 0.0500 (0.0500)  grad_norm: 0.0376 (0.0497)  time: 0.6601  data: 0.0002  max mem: 30410
Epoch: [75]  [ 50/159]  eta: 0:03:14  lr: 0.000017  min_lr: 0.000017  loss: 1.0000 (0.9986)  weight_decay: 0.0500 (0.0500)  grad_norm: 0.0418 (0.0511)  time: 0.6104  data: 0.0002  max mem: 30410
Epoch: [75]  [ 60/159]  eta: 0:02:37  lr: 0.000017  min_lr: 0.000017  loss: 1.0000 (0.9987)  weight_decay: 0.0500 (0.0500)  grad_norm: 0.0462 (0.0522)  time: 0.5886  data: 0.0002  max mem: 30410
Epoch: [75]  [ 70/159]  eta: 0:02:08  lr: 0.000017  min_lr: 0.000017  loss: 1.0000 (0.9987)  weight_decay: 0.0500 (0.0500)  grad_norm: 0.0462 (0.0516)  time: 0.5783  data: 0.0002  max mem: 30410
Epoch: [75]  [ 80/159]  eta: 0:01:45  lr: 0.000017  min_lr: 0.000017  loss: 0.9995 (0.9987)  weight_decay: 0.0500 (0.0500)  grad_norm: 0.0503 (0.0533)  time: 0.5779  data: 0.0002  max mem: 30410
Epoch: [75]  [ 90/159]  eta: 0:01:26  lr: 0.000017  min_lr: 0.000017  loss: 0.9984 (0.9987)  weight_decay: 0.0500 (0.0500)  grad_norm: 0.0503 (0.0529)  time: 0.5778  data: 0.0002  max mem: 30410
Epoch: [75]  [100/159]  eta: 0:01:10  lr: 0.000017  min_lr: 0.000017  loss: 0.9988 (0.9987)  weight_decay: 0.0500 (0.0500)  grad_norm: 0.0474 (0.0541)  time: 0.5786  data: 0.0002  max mem: 30410
Epoch: [75]  [110/159]  eta: 0:00:55  lr: 0.000017  min_lr: 0.000017  loss: 1.0000 (0.9988)  weight_decay: 0.0500 (0.0500)  grad_norm: 0.0545 (0.0543)  time: 0.5786  data: 0.0002  max mem: 30410
Epoch: [75]  [120/159]  eta: 0:00:42  lr: 0.000017  min_lr: 0.000017  loss: 1.0000 (0.9988)  weight_decay: 0.0500 (0.0500)  grad_norm: 0.0515 (0.0547)  time: 0.5780  data: 0.0002  max mem: 30410
Epoch: [75]  [130/159]  eta: 0:00:30  lr: 0.000017  min_lr: 0.000017  loss: 1.0000 (0.9987)  weight_decay: 0.0500 (0.0500)  grad_norm: 0.0494 (0.0556)  time: 0.6482  data: 0.0002  max mem: 30410
Epoch: [75]  [140/159]  eta: 0:00:19  lr: 0.000017  min_lr: 0.000017  loss: 1.0000 (0.9987)  weight_decay: 0.0500 (0.0500)  grad_norm: 0.0491 (0.0553)  time: 0.6609  data: 0.0002  max mem: 30410
Epoch: [75]  [150/159]  eta: 0:00:08  lr: 0.000017  min_lr: 0.000017  loss: 1.0000 (0.9987)  weight_decay: 0.0500 (0.0500)  grad_norm: 0.0453 (0.0551)  time: 0.5910  data: 0.0002  max mem: 30410
Epoch: [75]  [158/159]  eta: 0:00:00  lr: 0.000017  min_lr: 0.000017  loss: 0.9986 (0.9987)  weight_decay: 0.0500 (0.0500)  grad_norm: 0.0517 (0.0555)  time: 0.5793  data: 0.0002  max mem: 30410
Epoch: [75] Total time: 0:02:36 (0.9844 s / it)
Averaged stats: lr: 0.000017  min_lr: 0.000017  loss: 0.9986 (0.9987)  weight_decay: 0.0500 (0.0500)  grad_norm: 0.0517 (0.0555)
Epoch: [76]  [  0/159]  eta: 2:20:21  lr: 0.000017  min_lr: 0.000017  loss: 0.9961 (0.9961)  weight_decay: 0.0500 (0.0500)  grad_norm: 0.0768 (0.0768)  time: 52.9651  data: 44.5411  max mem: 30410
Epoch: [76]  [ 10/159]  eta: 0:14:04  lr: 0.000016  min_lr: 0.000016  loss: 0.9988 (0.9980)  weight_decay: 0.0500 (0.0500)  grad_norm: 0.0623 (0.0647)  time: 5.6672  data: 4.0495  max mem: 30410
Epoch: [76]  [ 20/159]  eta: 0:07:37  lr: 0.000016  min_lr: 0.000016  loss: 0.9996 (0.9980)  weight_decay: 0.0500 (0.0500)  grad_norm: 0.0604 (0.0616)  time: 0.8088  data: 0.0003  max mem: 30410
Epoch: [76]  [ 30/159]  eta: 0:05:16  lr: 0.000016  min_lr: 0.000016  loss: 1.0000 (0.9983)  weight_decay: 0.0500 (0.0500)  grad_norm: 0.0492 (0.0574)  time: 0.6879  data: 0.0002  max mem: 30410
Epoch: [76]  [ 40/159]  eta: 0:04:00  lr: 0.000016  min_lr: 0.000016  loss: 1.0000 (0.9984)  weight_decay: 0.0500 (0.0500)  grad_norm: 0.0433 (0.0560)  time: 0.6906  data: 0.0002  max mem: 30410
Epoch: [76]  [ 50/159]  eta: 0:03:10  lr: 0.000016  min_lr: 0.000016  loss: 1.0000 (0.9984)  weight_decay: 0.0500 (0.0500)  grad_norm: 0.0467 (0.0563)  time: 0.6595  data: 0.0002  max mem: 30410
Epoch: [76]  [ 60/159]  eta: 0:02:34  lr: 0.000016  min_lr: 0.000016  loss: 1.0000 (0.9985)  weight_decay: 0.0500 (0.0500)  grad_norm: 0.0521 (0.0560)  time: 0.6178  data: 0.0001  max mem: 30410
Epoch: [76]  [ 70/159]  eta: 0:02:06  lr: 0.000016  min_lr: 0.000016  loss: 1.0000 (0.9986)  weight_decay: 0.0500 (0.0500)  grad_norm: 0.0521 (0.0554)  time: 0.5969  data: 0.0002  max mem: 30410
Epoch: [76]  [ 80/159]  eta: 0:01:44  lr: 0.000016  min_lr: 0.000016  loss: 0.9990 (0.9986)  weight_decay: 0.0500 (0.0500)  grad_norm: 0.0545 (0.0563)  time: 0.5867  data: 0.0002  max mem: 30410
Epoch: [76]  [ 90/159]  eta: 0:01:25  lr: 0.000016  min_lr: 0.000016  loss: 0.9984 (0.9986)  weight_decay: 0.0500 (0.0500)  grad_norm: 0.0487 (0.0548)  time: 0.5803  data: 0.0002  max mem: 30410
Epoch: [76]  [100/159]  eta: 0:01:09  lr: 0.000016  min_lr: 0.000016  loss: 0.9992 (0.9986)  weight_decay: 0.0500 (0.0500)  grad_norm: 0.0487 (0.0565)  time: 0.5811  data: 0.0002  max mem: 30410
Epoch: [76]  [110/159]  eta: 0:00:54  lr: 0.000016  min_lr: 0.000016  loss: 1.0000 (0.9986)  weight_decay: 0.0500 (0.0500)  grad_norm: 0.0609 (0.0565)  time: 0.5810  data: 0.0001  max mem: 30410
Epoch: [76]  [120/159]  eta: 0:00:41  lr: 0.000016  min_lr: 0.000016  loss: 1.0000 (0.9987)  weight_decay: 0.0500 (0.0500)  grad_norm: 0.0527 (0.0563)  time: 0.5783  data: 0.0001  max mem: 30410
Epoch: [76]  [130/159]  eta: 0:00:30  lr: 0.000015  min_lr: 0.000015  loss: 1.0000 (0.9986)  weight_decay: 0.0500 (0.0500)  grad_norm: 0.0580 (0.0572)  time: 0.5781  data: 0.0001  max mem: 30410
Epoch: [76]  [140/159]  eta: 0:00:19  lr: 0.000015  min_lr: 0.000015  loss: 1.0000 (0.9986)  weight_decay: 0.0500 (0.0500)  grad_norm: 0.0622 (0.0572)  time: 0.5787  data: 0.0001  max mem: 30410
Epoch: [76]  [150/159]  eta: 0:00:08  lr: 0.000015  min_lr: 0.000015  loss: 1.0000 (0.9986)  weight_decay: 0.0500 (0.0500)  grad_norm: 0.0540 (0.0571)  time: 0.5797  data: 0.0002  max mem: 30410
Epoch: [76]  [158/159]  eta: 0:00:00  lr: 0.000015  min_lr: 0.000015  loss: 1.0000 (0.9987)  weight_decay: 0.0500 (0.0500)  grad_norm: 0.0616 (0.0583)  time: 0.5784  data: 0.0002  max mem: 30410
Epoch: [76] Total time: 0:02:33 (0.9641 s / it)
Averaged stats: lr: 0.000015  min_lr: 0.000015  loss: 1.0000 (0.9986)  weight_decay: 0.0500 (0.0500)  grad_norm: 0.0616 (0.0583)
Epoch: [77]  [  0/159]  eta: 2:15:31  lr: 0.000015  min_lr: 0.000015  loss: 0.9972 (0.9972)  weight_decay: 0.0500 (0.0500)  grad_norm: 0.0279 (0.0279)  time: 51.1426  data: 36.3328  max mem: 30410
Epoch: [77]  [ 10/159]  eta: 0:13:45  lr: 0.000015  min_lr: 0.000015  loss: 0.9983 (0.9982)  weight_decay: 0.0500 (0.0500)  grad_norm: 0.0421 (0.0501)  time: 5.5377  data: 3.3037  max mem: 30410
Epoch: [77]  [ 20/159]  eta: 0:07:32  lr: 0.000015  min_lr: 0.000015  loss: 0.9983 (0.9981)  weight_decay: 0.0500 (0.0500)  grad_norm: 0.0441 (0.0526)  time: 0.8603  data: 0.0005  max mem: 30410
Epoch: [77]  [ 30/159]  eta: 0:05:08  lr: 0.000015  min_lr: 0.000015  loss: 1.0000 (0.9985)  weight_decay: 0.0500 (0.0500)  grad_norm: 0.0441 (0.0508)  time: 0.6636  data: 0.0002  max mem: 30410
Epoch: [77]  [ 40/159]  eta: 0:03:52  lr: 0.000015  min_lr: 0.000015  loss: 1.0000 (0.9985)  weight_decay: 0.0500 (0.0500)  grad_norm: 0.0458 (0.0518)  time: 0.5815  data: 0.0002  max mem: 30410
Epoch: [77]  [ 50/159]  eta: 0:03:03  lr: 0.000015  min_lr: 0.000015  loss: 1.0000 (0.9986)  weight_decay: 0.0500 (0.0500)  grad_norm: 0.0458 (0.0528)  time: 0.5790  data: 0.0002  max mem: 30410
Epoch: [77]  [ 60/159]  eta: 0:02:28  lr: 0.000015  min_lr: 0.000015  loss: 1.0000 (0.9987)  weight_decay: 0.0500 (0.0500)  grad_norm: 0.0566 (0.0539)  time: 0.5783  data: 0.0002  max mem: 30410
Epoch: [77]  [ 70/159]  eta: 0:02:02  lr: 0.000015  min_lr: 0.000015  loss: 1.0000 (0.9988)  weight_decay: 0.0500 (0.0500)  grad_norm: 0.0493 (0.0526)  time: 0.5782  data: 0.0002  max mem: 30410
Epoch: [77]  [ 80/159]  eta: 0:01:40  lr: 0.000015  min_lr: 0.000015  loss: 0.9983 (0.9987)  weight_decay: 0.0500 (0.0500)  grad_norm: 0.0465 (0.0530)  time: 0.5780  data: 0.0002  max mem: 30410
Epoch: [77]  [ 90/159]  eta: 0:01:22  lr: 0.000015  min_lr: 0.000015  loss: 0.9982 (0.9986)  weight_decay: 0.0500 (0.0500)  grad_norm: 0.0497 (0.0525)  time: 0.5773  data: 0.0002  max mem: 30410
Epoch: [77]  [100/159]  eta: 0:01:06  lr: 0.000014  min_lr: 0.000014  loss: 0.9990 (0.9986)  weight_decay: 0.0500 (0.0500)  grad_norm: 0.0473 (0.0538)  time: 0.5780  data: 0.0002  max mem: 30410
Epoch: [77]  [110/159]  eta: 0:00:53  lr: 0.000014  min_lr: 0.000014  loss: 1.0000 (0.9987)  weight_decay: 0.0500 (0.0500)  grad_norm: 0.0671 (0.0557)  time: 0.5785  data: 0.0002  max mem: 30410
Epoch: [77]  [120/159]  eta: 0:00:40  lr: 0.000014  min_lr: 0.000014  loss: 1.0000 (0.9987)  weight_decay: 0.0500 (0.0500)  grad_norm: 0.0638 (0.0558)  time: 0.5902  data: 0.0002  max mem: 30410
Epoch: [77]  [130/159]  eta: 0:00:29  lr: 0.000014  min_lr: 0.000014  loss: 1.0000 (0.9986)  weight_decay: 0.0500 (0.0500)  grad_norm: 0.0549 (0.0571)  time: 0.6688  data: 0.0002  max mem: 30410
Epoch: [77]  [140/159]  eta: 0:00:18  lr: 0.000014  min_lr: 0.000014  loss: 1.0000 (0.9986)  weight_decay: 0.0500 (0.0500)  grad_norm: 0.0549 (0.0575)  time: 0.6793  data: 0.0002  max mem: 30410
Epoch: [77]  [150/159]  eta: 0:00:08  lr: 0.000014  min_lr: 0.000014  loss: 1.0000 (0.9986)  weight_decay: 0.0500 (0.0500)  grad_norm: 0.0535 (0.0577)  time: 0.6144  data: 0.0002  max mem: 30410
Epoch: [77]  [158/159]  eta: 0:00:00  lr: 0.000014  min_lr: 0.000014  loss: 0.9994 (0.9986)  weight_decay: 0.0500 (0.0500)  grad_norm: 0.0535 (0.0582)  time: 0.6034  data: 0.0002  max mem: 30410
Epoch: [77] Total time: 0:02:32 (0.9564 s / it)
Averaged stats: lr: 0.000014  min_lr: 0.000014  loss: 0.9994 (0.9986)  weight_decay: 0.0500 (0.0500)  grad_norm: 0.0535 (0.0582)
Epoch: [78]  [  0/159]  eta: 2:13:40  lr: 0.000014  min_lr: 0.000014  loss: 0.9939 (0.9939)  weight_decay: 0.0500 (0.0500)  grad_norm: 0.0748 (0.0748)  time: 50.4413  data: 45.7156  max mem: 30410
Epoch: [78]  [ 10/159]  eta: 0:13:43  lr: 0.000014  min_lr: 0.000014  loss: 0.9976 (0.9976)  weight_decay: 0.0500 (0.0500)  grad_norm: 0.0419 (0.0623)  time: 5.5265  data: 4.1566  max mem: 30410
Epoch: [78]  [ 20/159]  eta: 0:07:40  lr: 0.000014  min_lr: 0.000014  loss: 0.9986 (0.9977)  weight_decay: 0.0500 (0.0500)  grad_norm: 0.0504 (0.0605)  time: 0.9538  data: 0.0004  max mem: 30410
Epoch: [78]  [ 30/159]  eta: 0:05:19  lr: 0.000014  min_lr: 0.000014  loss: 1.0000 (0.9982)  weight_decay: 0.0500 (0.0500)  grad_norm: 0.0540 (0.0593)  time: 0.7977  data: 0.0002  max mem: 30410
Epoch: [78]  [ 40/159]  eta: 0:04:03  lr: 0.000014  min_lr: 0.000014  loss: 1.0000 (0.9983)  weight_decay: 0.0500 (0.0500)  grad_norm: 0.0567 (0.0621)  time: 0.7184  data: 0.0002  max mem: 30410
Epoch: [78]  [ 50/159]  eta: 0:03:15  lr: 0.000014  min_lr: 0.000014  loss: 0.9999 (0.9983)  weight_decay: 0.0500 (0.0500)  grad_norm: 0.0583 (0.0627)  time: 0.7307  data: 0.0002  max mem: 30410
Epoch: [78]  [ 60/159]  eta: 0:02:39  lr: 0.000014  min_lr: 0.000014  loss: 1.0000 (0.9985)  weight_decay: 0.0500 (0.0500)  grad_norm: 0.0597 (0.0653)  time: 0.7047  data: 0.0002  max mem: 30410
Epoch: [78]  [ 70/159]  eta: 0:02:11  lr: 0.000014  min_lr: 0.000014  loss: 1.0000 (0.9985)  weight_decay: 0.0500 (0.0500)  grad_norm: 0.0616 (0.0642)  time: 0.6598  data: 0.0002  max mem: 30410
Epoch: [78]  [ 80/159]  eta: 0:01:48  lr: 0.000013  min_lr: 0.000013  loss: 0.9988 (0.9985)  weight_decay: 0.0500 (0.0500)  grad_norm: 0.0606 (0.0647)  time: 0.6716  data: 0.0001  max mem: 30410
Epoch: [78]  [ 90/159]  eta: 0:01:29  lr: 0.000013  min_lr: 0.000013  loss: 0.9984 (0.9986)  weight_decay: 0.0500 (0.0500)  grad_norm: 0.0606 (0.0644)  time: 0.6565  data: 0.0002  max mem: 30410
Epoch: [78]  [100/159]  eta: 0:01:12  lr: 0.000013  min_lr: 0.000013  loss: 0.9999 (0.9986)  weight_decay: 0.0500 (0.0500)  grad_norm: 0.0692 (0.0656)  time: 0.6186  data: 0.0002  max mem: 30410
Epoch: [78]  [110/159]  eta: 0:00:57  lr: 0.000013  min_lr: 0.000013  loss: 1.0000 (0.9986)  weight_decay: 0.0500 (0.0500)  grad_norm: 0.0538 (0.0648)  time: 0.6022  data: 0.0002  max mem: 30410
Epoch: [78]  [120/159]  eta: 0:00:43  lr: 0.000013  min_lr: 0.000013  loss: 1.0000 (0.9987)  weight_decay: 0.0500 (0.0500)  grad_norm: 0.0546 (0.0654)  time: 0.5919  data: 0.0002  max mem: 30410
Epoch: [78]  [130/159]  eta: 0:00:31  lr: 0.000013  min_lr: 0.000013  loss: 1.0000 (0.9986)  weight_decay: 0.0500 (0.0500)  grad_norm: 0.0688 (0.0653)  time: 0.5862  data: 0.0001  max mem: 30410
Epoch: [78]  [140/159]  eta: 0:00:19  lr: 0.000013  min_lr: 0.000013  loss: 1.0000 (0.9987)  weight_decay: 0.0500 (0.0500)  grad_norm: 0.0537 (0.0645)  time: 0.5804  data: 0.0001  max mem: 30410
Epoch: [78]  [150/159]  eta: 0:00:09  lr: 0.000013  min_lr: 0.000013  loss: 1.0000 (0.9987)  weight_decay: 0.0500 (0.0500)  grad_norm: 0.0565 (0.0640)  time: 0.5770  data: 0.0001  max mem: 30410
Epoch: [78]  [158/159]  eta: 0:00:00  lr: 0.000013  min_lr: 0.000013  loss: 1.0000 (0.9987)  weight_decay: 0.0500 (0.0500)  grad_norm: 0.0598 (0.0645)  time: 0.5754  data: 0.0001  max mem: 30410
Epoch: [78] Total time: 0:02:38 (0.9986 s / it)
Averaged stats: lr: 0.000013  min_lr: 0.000013  loss: 1.0000 (0.9986)  weight_decay: 0.0500 (0.0500)  grad_norm: 0.0598 (0.0645)
Epoch: [79]  [  0/159]  eta: 2:18:11  lr: 0.000013  min_lr: 0.000013  loss: 0.9976 (0.9976)  weight_decay: 0.0500 (0.0500)  grad_norm: 0.0531 (0.0531)  time: 52.1462  data: 40.6781  max mem: 30410
Epoch: [79]  [ 10/159]  eta: 0:14:00  lr: 0.000013  min_lr: 0.000013  loss: 0.9985 (0.9987)  weight_decay: 0.0500 (0.0500)  grad_norm: 0.0531 (0.0640)  time: 5.6439  data: 3.6983  max mem: 30410
Epoch: [79]  [ 20/159]  eta: 0:07:42  lr: 0.000013  min_lr: 0.000013  loss: 0.9985 (0.9982)  weight_decay: 0.0500 (0.0500)  grad_norm: 0.0478 (0.0569)  time: 0.8887  data: 0.0003  max mem: 30410
Epoch: [79]  [ 30/159]  eta: 0:05:22  lr: 0.000013  min_lr: 0.000013  loss: 0.9999 (0.9985)  weight_decay: 0.0500 (0.0500)  grad_norm: 0.0499 (0.0605)  time: 0.7708  data: 0.0002  max mem: 30410
Epoch: [79]  [ 40/159]  eta: 0:04:05  lr: 0.000013  min_lr: 0.000013  loss: 1.0000 (0.9985)  weight_decay: 0.0500 (0.0500)  grad_norm: 0.0653 (0.0626)  time: 0.7288  data: 0.0002  max mem: 30410
Epoch: [79]  [ 50/159]  eta: 0:03:16  lr: 0.000012  min_lr: 0.000012  loss: 1.0000 (0.9985)  weight_decay: 0.0500 (0.0500)  grad_norm: 0.0682 (0.0652)  time: 0.7108  data: 0.0002  max mem: 30410
Epoch: [79]  [ 60/159]  eta: 0:02:39  lr: 0.000012  min_lr: 0.000012  loss: 1.0000 (0.9987)  weight_decay: 0.0500 (0.0500)  grad_norm: 0.0605 (0.0645)  time: 0.6856  data: 0.0002  max mem: 30410
Epoch: [79]  [ 70/159]  eta: 0:02:11  lr: 0.000012  min_lr: 0.000012  loss: 1.0000 (0.9988)  weight_decay: 0.0500 (0.0500)  grad_norm: 0.0532 (0.0636)  time: 0.6411  data: 0.0002  max mem: 30410
Epoch: [79]  [ 80/159]  eta: 0:01:48  lr: 0.000012  min_lr: 0.000012  loss: 1.0000 (0.9987)  weight_decay: 0.0500 (0.0500)  grad_norm: 0.0509 (0.0642)  time: 0.6272  data: 0.0002  max mem: 30410
Epoch: [79]  [ 90/159]  eta: 0:01:29  lr: 0.000012  min_lr: 0.000012  loss: 0.9978 (0.9987)  weight_decay: 0.0500 (0.0500)  grad_norm: 0.0540 (0.0637)  time: 0.6746  data: 0.0001  max mem: 30410
Epoch: [79]  [100/159]  eta: 0:01:12  lr: 0.000012  min_lr: 0.000012  loss: 0.9987 (0.9987)  weight_decay: 0.0500 (0.0500)  grad_norm: 0.0512 (0.0639)  time: 0.6685  data: 0.0001  max mem: 30410
Epoch: [79]  [110/159]  eta: 0:00:57  lr: 0.000012  min_lr: 0.000012  loss: 1.0000 (0.9987)  weight_decay: 0.0500 (0.0500)  grad_norm: 0.0512 (0.0628)  time: 0.6067  data: 0.0002  max mem: 30410
Epoch: [79]  [120/159]  eta: 0:00:43  lr: 0.000012  min_lr: 0.000012  loss: 1.0000 (0.9987)  weight_decay: 0.0500 (0.0500)  grad_norm: 0.0500 (0.0626)  time: 0.6055  data: 0.0002  max mem: 30410
Epoch: [79]  [130/159]  eta: 0:00:31  lr: 0.000012  min_lr: 0.000012  loss: 1.0000 (0.9986)  weight_decay: 0.0500 (0.0500)  grad_norm: 0.0460 (0.0620)  time: 0.6071  data: 0.0002  max mem: 30410
Epoch: [79]  [140/159]  eta: 0:00:19  lr: 0.000012  min_lr: 0.000012  loss: 1.0000 (0.9987)  weight_decay: 0.0500 (0.0500)  grad_norm: 0.0511 (0.0613)  time: 0.6055  data: 0.0002  max mem: 30410
Epoch: [79]  [150/159]  eta: 0:00:09  lr: 0.000012  min_lr: 0.000012  loss: 1.0000 (0.9986)  weight_decay: 0.0500 (0.0500)  grad_norm: 0.0414 (0.0602)  time: 0.6106  data: 0.0002  max mem: 30410
Epoch: [79]  [158/159]  eta: 0:00:01  lr: 0.000012  min_lr: 0.000012  loss: 1.0000 (0.9986)  weight_decay: 0.0500 (0.0500)  grad_norm: 0.0563 (0.0612)  time: 0.6116  data: 0.0001  max mem: 30410
Epoch: [79] Total time: 0:02:40 (1.0095 s / it)
Averaged stats: lr: 0.000012  min_lr: 0.000012  loss: 1.0000 (0.9986)  weight_decay: 0.0500 (0.0500)  grad_norm: 0.0563 (0.0612)
Epoch: [80]  [  0/159]  eta: 2:16:43  lr: 0.000012  min_lr: 0.000012  loss: 0.9946 (0.9946)  weight_decay: 0.0500 (0.0500)  grad_norm: 0.0592 (0.0592)  time: 51.5913  data: 37.3587  max mem: 30410
Epoch: [80]  [ 10/159]  eta: 0:13:56  lr: 0.000012  min_lr: 0.000012  loss: 0.9978 (0.9982)  weight_decay: 0.0500 (0.0500)  grad_norm: 0.0559 (0.0591)  time: 5.6157  data: 3.3965  max mem: 30410
Epoch: [80]  [ 20/159]  eta: 0:07:45  lr: 0.000012  min_lr: 0.000012  loss: 0.9987 (0.9981)  weight_decay: 0.0500 (0.0500)  grad_norm: 0.0500 (0.0555)  time: 0.9389  data: 0.0003  max mem: 30410
Epoch: [80]  [ 30/159]  eta: 0:05:22  lr: 0.000011  min_lr: 0.000011  loss: 1.0000 (0.9985)  weight_decay: 0.0500 (0.0500)  grad_norm: 0.0501 (0.0567)  time: 0.7852  data: 0.0002  max mem: 30410
Epoch: [80]  [ 40/159]  eta: 0:04:04  lr: 0.000011  min_lr: 0.000011  loss: 1.0000 (0.9984)  weight_decay: 0.0500 (0.0500)  grad_norm: 0.0527 (0.0616)  time: 0.6882  data: 0.0001  max mem: 30410
Epoch: [80]  [ 50/159]  eta: 0:03:13  lr: 0.000011  min_lr: 0.000011  loss: 0.9978 (0.9984)  weight_decay: 0.0500 (0.0500)  grad_norm: 0.0527 (0.0603)  time: 0.6617  data: 0.0001  max mem: 30410
Epoch: [80]  [ 60/159]  eta: 0:02:37  lr: 0.000011  min_lr: 0.000011  loss: 1.0000 (0.9985)  weight_decay: 0.0500 (0.0500)  grad_norm: 0.0541 (0.0614)  time: 0.6308  data: 0.0002  max mem: 30410
Epoch: [80]  [ 70/159]  eta: 0:02:08  lr: 0.000011  min_lr: 0.000011  loss: 1.0000 (0.9986)  weight_decay: 0.0500 (0.0500)  grad_norm: 0.0504 (0.0624)  time: 0.6024  data: 0.0002  max mem: 30410
Epoch: [80]  [ 80/159]  eta: 0:01:46  lr: 0.000011  min_lr: 0.000011  loss: 0.9985 (0.9986)  weight_decay: 0.0500 (0.0500)  grad_norm: 0.0473 (0.0611)  time: 0.6004  data: 0.0002  max mem: 30410
Epoch: [80]  [ 90/159]  eta: 0:01:26  lr: 0.000011  min_lr: 0.000011  loss: 0.9983 (0.9986)  weight_decay: 0.0500 (0.0500)  grad_norm: 0.0513 (0.0608)  time: 0.5984  data: 0.0002  max mem: 30410
Epoch: [80]  [100/159]  eta: 0:01:11  lr: 0.000011  min_lr: 0.000011  loss: 0.9979 (0.9986)  weight_decay: 0.0500 (0.0500)  grad_norm: 0.0544 (0.0605)  time: 0.6774  data: 0.0002  max mem: 30410
Epoch: [80]  [110/159]  eta: 0:00:57  lr: 0.000011  min_lr: 0.000011  loss: 1.0000 (0.9986)  weight_decay: 0.0500 (0.0500)  grad_norm: 0.0544 (0.0607)  time: 0.7205  data: 0.0002  max mem: 30410
Epoch: [80]  [120/159]  eta: 0:00:43  lr: 0.000011  min_lr: 0.000011  loss: 1.0000 (0.9987)  weight_decay: 0.0500 (0.0500)  grad_norm: 0.0726 (0.0617)  time: 0.6623  data: 0.0002  max mem: 30410
Epoch: [80]  [130/159]  eta: 0:00:31  lr: 0.000011  min_lr: 0.000011  loss: 1.0000 (0.9986)  weight_decay: 0.0500 (0.0500)  grad_norm: 0.0707 (0.0623)  time: 0.6338  data: 0.0002  max mem: 30410
Epoch: [80]  [140/159]  eta: 0:00:20  lr: 0.000011  min_lr: 0.000011  loss: 1.0000 (0.9987)  weight_decay: 0.0500 (0.0500)  grad_norm: 0.0667 (0.0632)  time: 0.6937  data: 0.0002  max mem: 30410
Epoch: [80]  [150/159]  eta: 0:00:09  lr: 0.000011  min_lr: 0.000011  loss: 1.0000 (0.9986)  weight_decay: 0.0500 (0.0500)  grad_norm: 0.0595 (0.0626)  time: 0.7611  data: 0.0002  max mem: 30410
Epoch: [80]  [158/159]  eta: 0:00:01  lr: 0.000011  min_lr: 0.000011  loss: 0.9989 (0.9986)  weight_decay: 0.0500 (0.0500)  grad_norm: 0.0548 (0.0626)  time: 0.7445  data: 0.0002  max mem: 30410
Epoch: [80] Total time: 0:02:43 (1.0306 s / it)
Averaged stats: lr: 0.000011  min_lr: 0.000011  loss: 0.9989 (0.9986)  weight_decay: 0.0500 (0.0500)  grad_norm: 0.0548 (0.0626)
[Eval]   [0/2]  eta: 0:00:10  loss: 0.9977 (0.9977)  time: 5.1751  data: 5.0140  max mem: 30410
[Eval]   [1/2]  eta: 0:00:02  loss: 0.9977 (0.9988)  time: 2.6341  data: 2.5071  max mem: 30410
[Eval]  Total time: 0:00:05 (2.8202 s / it)
Eval averaged stats: loss: 0.9977 (0.9996)
[Eval] Image Metrics:  [0/2]  eta: 0:00:12    time: 6.4232  data: 5.6626  max mem: 30410
[Eval] Image Metrics:  [1/2]  eta: 0:00:03    time: 3.2617  data: 2.8320  max mem: 30410
[Eval] Image Metrics: Total time: 0:00:07 (3.6645 s / it)
[Eval] Metric Results: [Eval] MSE: 0.0000 (0.0000)  [Eval] MAE: 0.0000 (0.0000)  [Eval] PSNR: 47.0080 (47.0080)  [Eval] MS-SSIM: 0.9991 (0.9991)
Logged 9 eval images
Epoch: [81]  [  0/159]  eta: 1:36:51  lr: 0.000011  min_lr: 0.000011  loss: 0.9959 (0.9959)  weight_decay: 0.0500 (0.0500)  grad_norm: 0.0732 (0.0732)  time: 36.5516  data: 35.4099  max mem: 30410
Epoch: [81]  [ 10/159]  eta: 0:10:42  lr: 0.000011  min_lr: 0.000011  loss: 0.9974 (0.9978)  weight_decay: 0.0500 (0.0500)  grad_norm: 0.0611 (0.0735)  time: 4.3121  data: 3.4401  max mem: 30410
Epoch: [81]  [ 20/159]  eta: 0:06:04  lr: 0.000010  min_lr: 0.000010  loss: 0.9984 (0.9980)  weight_decay: 0.0500 (0.0500)  grad_norm: 0.0574 (0.0655)  time: 0.9282  data: 0.1216  max mem: 30410
Epoch: [81]  [ 30/159]  eta: 0:04:16  lr: 0.000010  min_lr: 0.000010  loss: 1.0000 (0.9983)  weight_decay: 0.0500 (0.0500)  grad_norm: 0.0583 (0.0668)  time: 0.7110  data: 0.0002  max mem: 30410
Epoch: [81]  [ 40/159]  eta: 0:03:20  lr: 0.000010  min_lr: 0.000010  loss: 1.0000 (0.9984)  weight_decay: 0.0500 (0.0500)  grad_norm: 0.0583 (0.0654)  time: 0.6954  data: 0.0002  max mem: 30410
Epoch: [81]  [ 50/159]  eta: 0:02:43  lr: 0.000010  min_lr: 0.000010  loss: 0.9984 (0.9984)  weight_decay: 0.0500 (0.0500)  grad_norm: 0.0524 (0.0670)  time: 0.7313  data: 0.0001  max mem: 30410
Epoch: [81]  [ 60/159]  eta: 0:02:16  lr: 0.000010  min_lr: 0.000010  loss: 1.0000 (0.9986)  weight_decay: 0.0500 (0.0500)  grad_norm: 0.0623 (0.0677)  time: 0.7397  data: 0.0001  max mem: 30410
Epoch: [81]  [ 70/159]  eta: 0:01:54  lr: 0.000010  min_lr: 0.000010  loss: 1.0000 (0.9987)  weight_decay: 0.0500 (0.0500)  grad_norm: 0.0591 (0.0659)  time: 0.7546  data: 0.0002  max mem: 30410
Epoch: [81]  [ 80/159]  eta: 0:01:36  lr: 0.000010  min_lr: 0.000010  loss: 1.0000 (0.9987)  weight_decay: 0.0500 (0.0500)  grad_norm: 0.0469 (0.0667)  time: 0.7340  data: 0.0002  max mem: 30410
Epoch: [81]  [ 90/159]  eta: 0:01:20  lr: 0.000010  min_lr: 0.000010  loss: 0.9976 (0.9986)  weight_decay: 0.0500 (0.0500)  grad_norm: 0.0602 (0.0670)  time: 0.7243  data: 0.0002  max mem: 30410
Epoch: [81]  [100/159]  eta: 0:01:06  lr: 0.000010  min_lr: 0.000010  loss: 0.9980 (0.9986)  weight_decay: 0.0500 (0.0500)  grad_norm: 0.0657 (0.0672)  time: 0.7244  data: 0.0001  max mem: 30410
Epoch: [81]  [110/159]  eta: 0:00:53  lr: 0.000010  min_lr: 0.000010  loss: 1.0000 (0.9986)  weight_decay: 0.0500 (0.0500)  grad_norm: 0.0705 (0.0675)  time: 0.7182  data: 0.0001  max mem: 30410
Epoch: [81]  [120/159]  eta: 0:00:40  lr: 0.000010  min_lr: 0.000010  loss: 1.0000 (0.9986)  weight_decay: 0.0500 (0.0500)  grad_norm: 0.0705 (0.0678)  time: 0.6789  data: 0.0002  max mem: 30410
Epoch: [81]  [130/159]  eta: 0:00:29  lr: 0.000010  min_lr: 0.000010  loss: 1.0000 (0.9985)  weight_decay: 0.0500 (0.0500)  grad_norm: 0.0629 (0.0679)  time: 0.6566  data: 0.0002  max mem: 30410
Epoch: [81]  [140/159]  eta: 0:00:18  lr: 0.000010  min_lr: 0.000010  loss: 1.0000 (0.9986)  weight_decay: 0.0500 (0.0500)  grad_norm: 0.0614 (0.0681)  time: 0.6617  data: 0.0002  max mem: 30410
Epoch: [81]  [150/159]  eta: 0:00:08  lr: 0.000010  min_lr: 0.000010  loss: 1.0000 (0.9986)  weight_decay: 0.0500 (0.0500)  grad_norm: 0.0641 (0.0675)  time: 0.6309  data: 0.0002  max mem: 30410
Epoch: [81]  [158/159]  eta: 0:00:00  lr: 0.000010  min_lr: 0.000010  loss: 1.0000 (0.9986)  weight_decay: 0.0500 (0.0500)  grad_norm: 0.0614 (0.0676)  time: 0.6142  data: 0.0002  max mem: 30410
Epoch: [81] Total time: 0:02:32 (0.9561 s / it)
Averaged stats: lr: 0.000010  min_lr: 0.000010  loss: 1.0000 (0.9985)  weight_decay: 0.0500 (0.0500)  grad_norm: 0.0614 (0.0676)
Epoch: [82]  [  0/159]  eta: 2:16:44  lr: 0.000010  min_lr: 0.000010  loss: 0.9952 (0.9952)  weight_decay: 0.0500 (0.0500)  grad_norm: 0.0494 (0.0494)  time: 51.6027  data: 39.9129  max mem: 30410
Epoch: [82]  [ 10/159]  eta: 0:13:37  lr: 0.000009  min_lr: 0.000009  loss: 0.9984 (0.9980)  weight_decay: 0.0500 (0.0500)  grad_norm: 0.0615 (0.0626)  time: 5.4839  data: 3.6287  max mem: 30410
Epoch: [82]  [ 20/159]  eta: 0:07:29  lr: 0.000009  min_lr: 0.000009  loss: 0.9985 (0.9979)  weight_decay: 0.0500 (0.0500)  grad_norm: 0.0554 (0.0596)  time: 0.8146  data: 0.0007  max mem: 30410
Epoch: [82]  [ 30/159]  eta: 0:05:07  lr: 0.000009  min_lr: 0.000009  loss: 1.0000 (0.9980)  weight_decay: 0.0500 (0.0500)  grad_norm: 0.0576 (0.0604)  time: 0.6784  data: 0.0006  max mem: 30410
Epoch: [82]  [ 40/159]  eta: 0:03:51  lr: 0.000009  min_lr: 0.000009  loss: 1.0000 (0.9982)  weight_decay: 0.0500 (0.0500)  grad_norm: 0.0576 (0.0602)  time: 0.5984  data: 0.0002  max mem: 30410
Epoch: [82]  [ 50/159]  eta: 0:03:03  lr: 0.000009  min_lr: 0.000009  loss: 0.9998 (0.9983)  weight_decay: 0.0500 (0.0500)  grad_norm: 0.0515 (0.0619)  time: 0.5969  data: 0.0002  max mem: 30410
Epoch: [82]  [ 60/159]  eta: 0:02:30  lr: 0.000009  min_lr: 0.000009  loss: 1.0000 (0.9984)  weight_decay: 0.0500 (0.0500)  grad_norm: 0.0604 (0.0623)  time: 0.6501  data: 0.0002  max mem: 30410
Epoch: [82]  [ 70/159]  eta: 0:02:04  lr: 0.000009  min_lr: 0.000009  loss: 1.0000 (0.9984)  weight_decay: 0.0500 (0.0500)  grad_norm: 0.0545 (0.0601)  time: 0.6810  data: 0.0002  max mem: 30410
Epoch: [82]  [ 80/159]  eta: 0:01:43  lr: 0.000009  min_lr: 0.000009  loss: 0.9995 (0.9984)  weight_decay: 0.0500 (0.0500)  grad_norm: 0.0545 (0.0600)  time: 0.6569  data: 0.0002  max mem: 30410
Epoch: [82]  [ 90/159]  eta: 0:01:25  lr: 0.000009  min_lr: 0.000009  loss: 0.9981 (0.9984)  weight_decay: 0.0500 (0.0500)  grad_norm: 0.0580 (0.0597)  time: 0.6485  data: 0.0002  max mem: 30410
Epoch: [82]  [100/159]  eta: 0:01:09  lr: 0.000009  min_lr: 0.000009  loss: 0.9986 (0.9985)  weight_decay: 0.0500 (0.0500)  grad_norm: 0.0615 (0.0616)  time: 0.6683  data: 0.0002  max mem: 30410
Epoch: [82]  [110/159]  eta: 0:00:55  lr: 0.000009  min_lr: 0.000009  loss: 1.0000 (0.9985)  weight_decay: 0.0500 (0.0500)  grad_norm: 0.0722 (0.0632)  time: 0.7105  data: 0.0002  max mem: 30410
Epoch: [82]  [120/159]  eta: 0:00:43  lr: 0.000009  min_lr: 0.000009  loss: 1.0000 (0.9985)  weight_decay: 0.0500 (0.0500)  grad_norm: 0.0715 (0.0632)  time: 0.7102  data: 0.0002  max mem: 30410
Epoch: [82]  [130/159]  eta: 0:00:31  lr: 0.000009  min_lr: 0.000009  loss: 1.0000 (0.9984)  weight_decay: 0.0500 (0.0500)  grad_norm: 0.0613 (0.0631)  time: 0.7000  data: 0.0001  max mem: 30410
Epoch: [82]  [140/159]  eta: 0:00:19  lr: 0.000009  min_lr: 0.000009  loss: 1.0000 (0.9985)  weight_decay: 0.0500 (0.0500)  grad_norm: 0.0565 (0.0629)  time: 0.6975  data: 0.0002  max mem: 30410
Epoch: [82]  [150/159]  eta: 0:00:09  lr: 0.000009  min_lr: 0.000009  loss: 1.0000 (0.9984)  weight_decay: 0.0500 (0.0500)  grad_norm: 0.0504 (0.0623)  time: 0.7004  data: 0.0002  max mem: 30410
Epoch: [82]  [158/159]  eta: 0:00:01  lr: 0.000009  min_lr: 0.000009  loss: 1.0000 (0.9985)  weight_decay: 0.0500 (0.0500)  grad_norm: 0.0538 (0.0625)  time: 0.7204  data: 0.0002  max mem: 30410
Epoch: [82] Total time: 0:02:41 (1.0177 s / it)
Averaged stats: lr: 0.000009  min_lr: 0.000009  loss: 1.0000 (0.9984)  weight_decay: 0.0500 (0.0500)  grad_norm: 0.0538 (0.0625)
Epoch: [83]  [  0/159]  eta: 2:15:23  lr: 0.000009  min_lr: 0.000009  loss: 0.9960 (0.9960)  weight_decay: 0.0500 (0.0500)  grad_norm: 0.0507 (0.0507)  time: 51.0887  data: 45.5010  max mem: 30410
Epoch: [83]  [ 10/159]  eta: 0:13:59  lr: 0.000008  min_lr: 0.000008  loss: 0.9998 (0.9984)  weight_decay: 0.0500 (0.0500)  grad_norm: 0.0569 (0.0622)  time: 5.6340  data: 4.1369  max mem: 30410
Epoch: [83]  [ 20/159]  eta: 0:07:35  lr: 0.000008  min_lr: 0.000008  loss: 0.9995 (0.9980)  weight_decay: 0.0500 (0.0500)  grad_norm: 0.0597 (0.0673)  time: 0.8828  data: 0.0004  max mem: 30410
Epoch: [83]  [ 30/159]  eta: 0:05:11  lr: 0.000008  min_lr: 0.000008  loss: 1.0000 (0.9984)  weight_decay: 0.0500 (0.0500)  grad_norm: 0.0565 (0.0641)  time: 0.6405  data: 0.0002  max mem: 30410
Epoch: [83]  [ 40/159]  eta: 0:03:54  lr: 0.000008  min_lr: 0.000008  loss: 1.0000 (0.9985)  weight_decay: 0.0500 (0.0500)  grad_norm: 0.0565 (0.0630)  time: 0.6086  data: 0.0002  max mem: 30410
Epoch: [83]  [ 50/159]  eta: 0:03:07  lr: 0.000008  min_lr: 0.000008  loss: 1.0000 (0.9986)  weight_decay: 0.0500 (0.0500)  grad_norm: 0.0573 (0.0611)  time: 0.6518  data: 0.0002  max mem: 30410
Epoch: [83]  [ 60/159]  eta: 0:02:33  lr: 0.000008  min_lr: 0.000008  loss: 1.0000 (0.9987)  weight_decay: 0.0500 (0.0500)  grad_norm: 0.0548 (0.0601)  time: 0.6918  data: 0.0002  max mem: 30410
Epoch: [83]  [ 70/159]  eta: 0:02:06  lr: 0.000008  min_lr: 0.000008  loss: 1.0000 (0.9988)  weight_decay: 0.0500 (0.0500)  grad_norm: 0.0548 (0.0596)  time: 0.6647  data: 0.0002  max mem: 30410
Epoch: [83]  [ 80/159]  eta: 0:01:44  lr: 0.000008  min_lr: 0.000008  loss: 1.0000 (0.9987)  weight_decay: 0.0500 (0.0500)  grad_norm: 0.0622 (0.0602)  time: 0.6146  data: 0.0002  max mem: 30410
Epoch: [83]  [ 90/159]  eta: 0:01:27  lr: 0.000008  min_lr: 0.000008  loss: 0.9976 (0.9986)  weight_decay: 0.0500 (0.0500)  grad_norm: 0.0678 (0.0608)  time: 0.6927  data: 0.0002  max mem: 30410
Epoch: [83]  [100/159]  eta: 0:01:11  lr: 0.000008  min_lr: 0.000008  loss: 0.9975 (0.9986)  weight_decay: 0.0500 (0.0500)  grad_norm: 0.0708 (0.0624)  time: 0.7797  data: 0.0002  max mem: 30410
Epoch: [83]  [110/159]  eta: 0:00:57  lr: 0.000008  min_lr: 0.000008  loss: 1.0000 (0.9987)  weight_decay: 0.0500 (0.0500)  grad_norm: 0.0659 (0.0623)  time: 0.7243  data: 0.0002  max mem: 30410
Epoch: [83]  [120/159]  eta: 0:00:44  lr: 0.000008  min_lr: 0.000008  loss: 1.0000 (0.9987)  weight_decay: 0.0500 (0.0500)  grad_norm: 0.0519 (0.0622)  time: 0.7102  data: 0.0002  max mem: 30410
Epoch: [83]  [130/159]  eta: 0:00:31  lr: 0.000008  min_lr: 0.000008  loss: 1.0000 (0.9986)  weight_decay: 0.0500 (0.0500)  grad_norm: 0.0559 (0.0632)  time: 0.6895  data: 0.0002  max mem: 30410
Epoch: [83]  [140/159]  eta: 0:00:20  lr: 0.000008  min_lr: 0.000008  loss: 1.0000 (0.9986)  weight_decay: 0.0500 (0.0500)  grad_norm: 0.0559 (0.0632)  time: 0.6449  data: 0.0002  max mem: 30410
Epoch: [83]  [150/159]  eta: 0:00:09  lr: 0.000008  min_lr: 0.000008  loss: 1.0000 (0.9986)  weight_decay: 0.0500 (0.0500)  grad_norm: 0.0548 (0.0628)  time: 0.7021  data: 0.0002  max mem: 30410
Epoch: [83]  [158/159]  eta: 0:00:01  lr: 0.000008  min_lr: 0.000008  loss: 0.9999 (0.9986)  weight_decay: 0.0500 (0.0500)  grad_norm: 0.0548 (0.0634)  time: 0.7503  data: 0.0001  max mem: 30410
Epoch: [83] Total time: 0:02:44 (1.0345 s / it)
Averaged stats: lr: 0.000008  min_lr: 0.000008  loss: 0.9999 (0.9985)  weight_decay: 0.0500 (0.0500)  grad_norm: 0.0548 (0.0634)
Epoch: [84]  [  0/159]  eta: 2:27:09  lr: 0.000008  min_lr: 0.000008  loss: 0.9968 (0.9968)  weight_decay: 0.0500 (0.0500)  grad_norm: 0.0328 (0.0328)  time: 55.5292  data: 44.4734  max mem: 30410
Epoch: [84]  [ 10/159]  eta: 0:15:00  lr: 0.000008  min_lr: 0.000008  loss: 1.0000 (0.9983)  weight_decay: 0.0500 (0.0500)  grad_norm: 0.0506 (0.0492)  time: 6.0403  data: 4.0434  max mem: 30410
Epoch: [84]  [ 20/159]  eta: 0:07:59  lr: 0.000007  min_lr: 0.000007  loss: 0.9995 (0.9980)  weight_decay: 0.0500 (0.0500)  grad_norm: 0.0533 (0.0542)  time: 0.8448  data: 0.0003  max mem: 30410
Epoch: [84]  [ 30/159]  eta: 0:05:25  lr: 0.000007  min_lr: 0.000007  loss: 1.0000 (0.9984)  weight_decay: 0.0500 (0.0500)  grad_norm: 0.0550 (0.0579)  time: 0.5926  data: 0.0002  max mem: 30410
Epoch: [84]  [ 40/159]  eta: 0:04:04  lr: 0.000007  min_lr: 0.000007  loss: 1.0000 (0.9985)  weight_decay: 0.0500 (0.0500)  grad_norm: 0.0562 (0.0559)  time: 0.5871  data: 0.0002  max mem: 30410
Epoch: [84]  [ 50/159]  eta: 0:03:12  lr: 0.000007  min_lr: 0.000007  loss: 1.0000 (0.9984)  weight_decay: 0.0500 (0.0500)  grad_norm: 0.0544 (0.0611)  time: 0.5868  data: 0.0002  max mem: 30410
Epoch: [84]  [ 60/159]  eta: 0:02:35  lr: 0.000007  min_lr: 0.000007  loss: 1.0000 (0.9985)  weight_decay: 0.0500 (0.0500)  grad_norm: 0.0544 (0.0611)  time: 0.5863  data: 0.0002  max mem: 30410
Epoch: [84]  [ 70/159]  eta: 0:02:08  lr: 0.000007  min_lr: 0.000007  loss: 1.0000 (0.9985)  weight_decay: 0.0500 (0.0500)  grad_norm: 0.0504 (0.0613)  time: 0.6211  data: 0.0002  max mem: 30410
Epoch: [84]  [ 80/159]  eta: 0:01:46  lr: 0.000007  min_lr: 0.000007  loss: 0.9985 (0.9985)  weight_decay: 0.0500 (0.0500)  grad_norm: 0.0572 (0.0624)  time: 0.6466  data: 0.0002  max mem: 30410
Epoch: [84]  [ 90/159]  eta: 0:01:27  lr: 0.000007  min_lr: 0.000007  loss: 0.9982 (0.9984)  weight_decay: 0.0500 (0.0500)  grad_norm: 0.0590 (0.0624)  time: 0.6391  data: 0.0002  max mem: 30410
Epoch: [84]  [100/159]  eta: 0:01:10  lr: 0.000007  min_lr: 0.000007  loss: 0.9984 (0.9985)  weight_decay: 0.0500 (0.0500)  grad_norm: 0.0608 (0.0637)  time: 0.6223  data: 0.0002  max mem: 30410
Epoch: [84]  [110/159]  eta: 0:00:56  lr: 0.000007  min_lr: 0.000007  loss: 1.0000 (0.9986)  weight_decay: 0.0500 (0.0500)  grad_norm: 0.0590 (0.0626)  time: 0.5969  data: 0.0002  max mem: 30410
Epoch: [84]  [120/159]  eta: 0:00:42  lr: 0.000007  min_lr: 0.000007  loss: 1.0000 (0.9986)  weight_decay: 0.0500 (0.0500)  grad_norm: 0.0572 (0.0635)  time: 0.5892  data: 0.0002  max mem: 30410
Epoch: [84]  [130/159]  eta: 0:00:30  lr: 0.000007  min_lr: 0.000007  loss: 1.0000 (0.9984)  weight_decay: 0.0500 (0.0500)  grad_norm: 0.0681 (0.0646)  time: 0.5902  data: 0.0002  max mem: 30410
Epoch: [84]  [140/159]  eta: 0:00:19  lr: 0.000007  min_lr: 0.000007  loss: 1.0000 (0.9985)  weight_decay: 0.0500 (0.0500)  grad_norm: 0.0666 (0.0651)  time: 0.5929  data: 0.0002  max mem: 30410
Epoch: [84]  [150/159]  eta: 0:00:08  lr: 0.000007  min_lr: 0.000007  loss: 1.0000 (0.9984)  weight_decay: 0.0500 (0.0500)  grad_norm: 0.0601 (0.0649)  time: 0.5992  data: 0.0002  max mem: 30410
Epoch: [84]  [158/159]  eta: 0:00:00  lr: 0.000007  min_lr: 0.000007  loss: 1.0000 (0.9984)  weight_decay: 0.0500 (0.0500)  grad_norm: 0.0587 (0.0655)  time: 0.6276  data: 0.0002  max mem: 30410
Epoch: [84] Total time: 0:02:37 (0.9911 s / it)
Averaged stats: lr: 0.000007  min_lr: 0.000007  loss: 1.0000 (0.9984)  weight_decay: 0.0500 (0.0500)  grad_norm: 0.0587 (0.0655)
Epoch: [85]  [  0/159]  eta: 2:14:39  lr: 0.000007  min_lr: 0.000007  loss: 0.9904 (0.9904)  weight_decay: 0.0500 (0.0500)  grad_norm: 0.0750 (0.0750)  time: 50.8146  data: 47.5243  max mem: 30410
Epoch: [85]  [ 10/159]  eta: 0:13:25  lr: 0.000007  min_lr: 0.000007  loss: 0.9973 (0.9972)  weight_decay: 0.0500 (0.0500)  grad_norm: 0.0750 (0.0720)  time: 5.4040  data: 4.3208  max mem: 30410
Epoch: [85]  [ 20/159]  eta: 0:07:24  lr: 0.000007  min_lr: 0.000007  loss: 0.9991 (0.9975)  weight_decay: 0.0500 (0.0500)  grad_norm: 0.0723 (0.0752)  time: 0.8165  data: 0.0004  max mem: 30410
Epoch: [85]  [ 30/159]  eta: 0:05:08  lr: 0.000007  min_lr: 0.000007  loss: 1.0000 (0.9979)  weight_decay: 0.0500 (0.0500)  grad_norm: 0.0586 (0.0698)  time: 0.7318  data: 0.0002  max mem: 30410
Epoch: [85]  [ 40/159]  eta: 0:03:55  lr: 0.000006  min_lr: 0.000006  loss: 1.0000 (0.9980)  weight_decay: 0.0500 (0.0500)  grad_norm: 0.0574 (0.0690)  time: 0.6990  data: 0.0002  max mem: 30410
Epoch: [85]  [ 50/159]  eta: 0:03:07  lr: 0.000006  min_lr: 0.000006  loss: 0.9996 (0.9981)  weight_decay: 0.0500 (0.0500)  grad_norm: 0.0553 (0.0674)  time: 0.6928  data: 0.0001  max mem: 30410
Epoch: [85]  [ 60/159]  eta: 0:02:34  lr: 0.000006  min_lr: 0.000006  loss: 1.0000 (0.9983)  weight_decay: 0.0500 (0.0500)  grad_norm: 0.0522 (0.0652)  time: 0.6937  data: 0.0002  max mem: 30410
Epoch: [85]  [ 70/159]  eta: 0:02:07  lr: 0.000006  min_lr: 0.000006  loss: 1.0000 (0.9985)  weight_decay: 0.0500 (0.0500)  grad_norm: 0.0554 (0.0644)  time: 0.6737  data: 0.0002  max mem: 30410
Epoch: [85]  [ 80/159]  eta: 0:01:44  lr: 0.000006  min_lr: 0.000006  loss: 0.9991 (0.9984)  weight_decay: 0.0500 (0.0500)  grad_norm: 0.0656 (0.0647)  time: 0.6308  data: 0.0002  max mem: 30410
Epoch: [85]  [ 90/159]  eta: 0:01:26  lr: 0.000006  min_lr: 0.000006  loss: 0.9976 (0.9984)  weight_decay: 0.0500 (0.0500)  grad_norm: 0.0745 (0.0652)  time: 0.6208  data: 0.0002  max mem: 30410
Epoch: [85]  [100/159]  eta: 0:01:09  lr: 0.000006  min_lr: 0.000006  loss: 0.9976 (0.9984)  weight_decay: 0.0500 (0.0500)  grad_norm: 0.0774 (0.0666)  time: 0.6072  data: 0.0001  max mem: 30410
Epoch: [85]  [110/159]  eta: 0:00:55  lr: 0.000006  min_lr: 0.000006  loss: 1.0000 (0.9984)  weight_decay: 0.0500 (0.0500)  grad_norm: 0.0655 (0.0658)  time: 0.6304  data: 0.0001  max mem: 30410
Epoch: [85]  [120/159]  eta: 0:00:43  lr: 0.000006  min_lr: 0.000006  loss: 1.0000 (0.9985)  weight_decay: 0.0500 (0.0500)  grad_norm: 0.0553 (0.0664)  time: 0.6831  data: 0.0001  max mem: 30410
Epoch: [85]  [130/159]  eta: 0:00:30  lr: 0.000006  min_lr: 0.000006  loss: 1.0000 (0.9983)  weight_decay: 0.0500 (0.0500)  grad_norm: 0.0641 (0.0675)  time: 0.6757  data: 0.0001  max mem: 30410
Epoch: [85]  [140/159]  eta: 0:00:19  lr: 0.000006  min_lr: 0.000006  loss: 1.0000 (0.9983)  weight_decay: 0.0500 (0.0500)  grad_norm: 0.0737 (0.0680)  time: 0.6413  data: 0.0001  max mem: 30410
Epoch: [85]  [150/159]  eta: 0:00:09  lr: 0.000006  min_lr: 0.000006  loss: 1.0000 (0.9983)  weight_decay: 0.0500 (0.0500)  grad_norm: 0.0556 (0.0668)  time: 0.6934  data: 0.0001  max mem: 30410
Epoch: [85]  [158/159]  eta: 0:00:01  lr: 0.000006  min_lr: 0.000006  loss: 1.0000 (0.9984)  weight_decay: 0.0500 (0.0500)  grad_norm: 0.0556 (0.0670)  time: 0.7489  data: 0.0001  max mem: 30410
Epoch: [85] Total time: 0:02:41 (1.0143 s / it)
Averaged stats: lr: 0.000006  min_lr: 0.000006  loss: 1.0000 (0.9984)  weight_decay: 0.0500 (0.0500)  grad_norm: 0.0556 (0.0670)
Epoch: [86]  [  0/159]  eta: 2:20:50  lr: 0.000006  min_lr: 0.000006  loss: 1.0009 (1.0009)  weight_decay: 0.0500 (0.0500)  grad_norm: 0.0521 (0.0521)  time: 53.1466  data: 46.0816  max mem: 30410
Epoch: [86]  [ 10/159]  eta: 0:14:15  lr: 0.000006  min_lr: 0.000006  loss: 1.0000 (0.9981)  weight_decay: 0.0500 (0.0500)  grad_norm: 0.0735 (0.0810)  time: 5.7394  data: 4.1896  max mem: 30410
Epoch: [86]  [ 20/159]  eta: 0:07:45  lr: 0.000006  min_lr: 0.000006  loss: 0.9996 (0.9979)  weight_decay: 0.0500 (0.0500)  grad_norm: 0.0698 (0.0800)  time: 0.8554  data: 0.0005  max mem: 30410
Epoch: [86]  [ 30/159]  eta: 0:05:17  lr: 0.000006  min_lr: 0.000006  loss: 1.0000 (0.9982)  weight_decay: 0.0500 (0.0500)  grad_norm: 0.0538 (0.0754)  time: 0.6546  data: 0.0005  max mem: 30410
Epoch: [86]  [ 40/159]  eta: 0:03:58  lr: 0.000006  min_lr: 0.000006  loss: 1.0000 (0.9980)  weight_decay: 0.0500 (0.0500)  grad_norm: 0.0521 (0.0725)  time: 0.5926  data: 0.0002  max mem: 30410
Epoch: [86]  [ 50/159]  eta: 0:03:10  lr: 0.000006  min_lr: 0.000006  loss: 0.9991 (0.9981)  weight_decay: 0.0500 (0.0500)  grad_norm: 0.0628 (0.0718)  time: 0.6350  data: 0.0002  max mem: 30410
Epoch: [86]  [ 60/159]  eta: 0:02:36  lr: 0.000006  min_lr: 0.000006  loss: 1.0000 (0.9983)  weight_decay: 0.0500 (0.0500)  grad_norm: 0.0604 (0.0716)  time: 0.7048  data: 0.0002  max mem: 30410
Epoch: [86]  [ 70/159]  eta: 0:02:08  lr: 0.000005  min_lr: 0.000005  loss: 1.0000 (0.9984)  weight_decay: 0.0500 (0.0500)  grad_norm: 0.0588 (0.0700)  time: 0.6715  data: 0.0001  max mem: 30410
Epoch: [86]  [ 80/159]  eta: 0:01:45  lr: 0.000005  min_lr: 0.000005  loss: 0.9987 (0.9984)  weight_decay: 0.0500 (0.0500)  grad_norm: 0.0588 (0.0702)  time: 0.6105  data: 0.0002  max mem: 30410
Epoch: [86]  [ 90/159]  eta: 0:01:27  lr: 0.000005  min_lr: 0.000005  loss: 0.9983 (0.9984)  weight_decay: 0.0500 (0.0500)  grad_norm: 0.0659 (0.0701)  time: 0.6266  data: 0.0002  max mem: 30410
Epoch: [86]  [100/159]  eta: 0:01:10  lr: 0.000005  min_lr: 0.000005  loss: 0.9984 (0.9984)  weight_decay: 0.0500 (0.0500)  grad_norm: 0.0704 (0.0713)  time: 0.6209  data: 0.0002  max mem: 30410
Epoch: [86]  [110/159]  eta: 0:00:56  lr: 0.000005  min_lr: 0.000005  loss: 1.0000 (0.9985)  weight_decay: 0.0500 (0.0500)  grad_norm: 0.0658 (0.0707)  time: 0.6360  data: 0.0002  max mem: 30410
Epoch: [86]  [120/159]  eta: 0:00:43  lr: 0.000005  min_lr: 0.000005  loss: 1.0000 (0.9985)  weight_decay: 0.0500 (0.0500)  grad_norm: 0.0534 (0.0711)  time: 0.7083  data: 0.0002  max mem: 30410
Epoch: [86]  [130/159]  eta: 0:00:31  lr: 0.000005  min_lr: 0.000005  loss: 1.0000 (0.9984)  weight_decay: 0.0500 (0.0500)  grad_norm: 0.0657 (0.0707)  time: 0.7365  data: 0.0002  max mem: 30410
Epoch: [86]  [140/159]  eta: 0:00:20  lr: 0.000005  min_lr: 0.000005  loss: 1.0000 (0.9984)  weight_decay: 0.0500 (0.0500)  grad_norm: 0.0593 (0.0705)  time: 0.7281  data: 0.0002  max mem: 30410
Epoch: [86]  [150/159]  eta: 0:00:09  lr: 0.000005  min_lr: 0.000005  loss: 1.0000 (0.9984)  weight_decay: 0.0500 (0.0500)  grad_norm: 0.0574 (0.0696)  time: 0.7052  data: 0.0002  max mem: 30410
Epoch: [86]  [158/159]  eta: 0:00:01  lr: 0.000005  min_lr: 0.000005  loss: 1.0000 (0.9984)  weight_decay: 0.0500 (0.0500)  grad_norm: 0.0605 (0.0699)  time: 0.6660  data: 0.0002  max mem: 30410
Epoch: [86] Total time: 0:02:42 (1.0228 s / it)
Averaged stats: lr: 0.000005  min_lr: 0.000005  loss: 1.0000 (0.9984)  weight_decay: 0.0500 (0.0500)  grad_norm: 0.0605 (0.0699)
Epoch: [87]  [  0/159]  eta: 2:19:24  lr: 0.000005  min_lr: 0.000005  loss: 0.9953 (0.9953)  weight_decay: 0.0500 (0.0500)  grad_norm: 0.0738 (0.0738)  time: 52.6050  data: 46.2510  max mem: 30410
Epoch: [87]  [ 10/159]  eta: 0:14:01  lr: 0.000005  min_lr: 0.000005  loss: 0.9983 (0.9978)  weight_decay: 0.0500 (0.0500)  grad_norm: 0.0562 (0.0562)  time: 5.6490  data: 4.2049  max mem: 30410
Epoch: [87]  [ 20/159]  eta: 0:07:39  lr: 0.000005  min_lr: 0.000005  loss: 0.9986 (0.9973)  weight_decay: 0.0500 (0.0500)  grad_norm: 0.0515 (0.0575)  time: 0.8425  data: 0.0003  max mem: 30410
Epoch: [87]  [ 30/159]  eta: 0:05:14  lr: 0.000005  min_lr: 0.000005  loss: 0.9999 (0.9977)  weight_decay: 0.0500 (0.0500)  grad_norm: 0.0515 (0.0588)  time: 0.6665  data: 0.0002  max mem: 30410
Epoch: [87]  [ 40/159]  eta: 0:03:58  lr: 0.000005  min_lr: 0.000005  loss: 1.0000 (0.9980)  weight_decay: 0.0500 (0.0500)  grad_norm: 0.0517 (0.0598)  time: 0.6372  data: 0.0002  max mem: 30410
Epoch: [87]  [ 50/159]  eta: 0:03:10  lr: 0.000005  min_lr: 0.000005  loss: 0.9998 (0.9980)  weight_decay: 0.0500 (0.0500)  grad_norm: 0.0552 (0.0605)  time: 0.6816  data: 0.0002  max mem: 30410
Epoch: [87]  [ 60/159]  eta: 0:02:34  lr: 0.000005  min_lr: 0.000005  loss: 1.0000 (0.9982)  weight_decay: 0.0500 (0.0500)  grad_norm: 0.0587 (0.0618)  time: 0.6561  data: 0.0002  max mem: 30410
Epoch: [87]  [ 70/159]  eta: 0:02:06  lr: 0.000005  min_lr: 0.000005  loss: 1.0000 (0.9983)  weight_decay: 0.0500 (0.0500)  grad_norm: 0.0634 (0.0625)  time: 0.6083  data: 0.0001  max mem: 30410
Epoch: [87]  [ 80/159]  eta: 0:01:44  lr: 0.000005  min_lr: 0.000005  loss: 0.9998 (0.9984)  weight_decay: 0.0500 (0.0500)  grad_norm: 0.0611 (0.0630)  time: 0.5927  data: 0.0001  max mem: 30410
Epoch: [87]  [ 90/159]  eta: 0:01:25  lr: 0.000005  min_lr: 0.000005  loss: 0.9979 (0.9983)  weight_decay: 0.0500 (0.0500)  grad_norm: 0.0554 (0.0625)  time: 0.5942  data: 0.0001  max mem: 30410
Epoch: [87]  [100/159]  eta: 0:01:09  lr: 0.000005  min_lr: 0.000005  loss: 0.9978 (0.9983)  weight_decay: 0.0500 (0.0500)  grad_norm: 0.0660 (0.0637)  time: 0.5969  data: 0.0001  max mem: 30410
Epoch: [87]  [110/159]  eta: 0:00:55  lr: 0.000005  min_lr: 0.000005  loss: 1.0000 (0.9984)  weight_decay: 0.0500 (0.0500)  grad_norm: 0.0667 (0.0642)  time: 0.5950  data: 0.0001  max mem: 30410
Epoch: [87]  [120/159]  eta: 0:00:42  lr: 0.000004  min_lr: 0.000004  loss: 1.0000 (0.9984)  weight_decay: 0.0500 (0.0500)  grad_norm: 0.0623 (0.0652)  time: 0.5900  data: 0.0001  max mem: 30410
Epoch: [87]  [130/159]  eta: 0:00:30  lr: 0.000004  min_lr: 0.000004  loss: 1.0000 (0.9983)  weight_decay: 0.0500 (0.0500)  grad_norm: 0.0703 (0.0656)  time: 0.5862  data: 0.0001  max mem: 30410
Epoch: [87]  [140/159]  eta: 0:00:19  lr: 0.000004  min_lr: 0.000004  loss: 1.0000 (0.9983)  weight_decay: 0.0500 (0.0500)  grad_norm: 0.0661 (0.0664)  time: 0.5864  data: 0.0001  max mem: 30410
Epoch: [87]  [150/159]  eta: 0:00:08  lr: 0.000004  min_lr: 0.000004  loss: 1.0000 (0.9983)  weight_decay: 0.0500 (0.0500)  grad_norm: 0.0630 (0.0669)  time: 0.5873  data: 0.0001  max mem: 30410
Epoch: [87]  [158/159]  eta: 0:00:00  lr: 0.000004  min_lr: 0.000004  loss: 1.0000 (0.9983)  weight_decay: 0.0500 (0.0500)  grad_norm: 0.0612 (0.0666)  time: 0.5875  data: 0.0001  max mem: 30410
Epoch: [87] Total time: 0:02:34 (0.9714 s / it)
Averaged stats: lr: 0.000004  min_lr: 0.000004  loss: 1.0000 (0.9984)  weight_decay: 0.0500 (0.0500)  grad_norm: 0.0612 (0.0666)
Epoch: [88]  [  0/159]  eta: 2:16:58  lr: 0.000004  min_lr: 0.000004  loss: 0.9969 (0.9969)  weight_decay: 0.0500 (0.0500)  grad_norm: 0.0538 (0.0538)  time: 51.6867  data: 38.7340  max mem: 30410
Epoch: [88]  [ 10/159]  eta: 0:13:59  lr: 0.000004  min_lr: 0.000004  loss: 0.9980 (0.9976)  weight_decay: 0.0500 (0.0500)  grad_norm: 0.0689 (0.0676)  time: 5.6349  data: 3.5215  max mem: 30410
Epoch: [88]  [ 20/159]  eta: 0:07:38  lr: 0.000004  min_lr: 0.000004  loss: 0.9984 (0.9978)  weight_decay: 0.0500 (0.0500)  grad_norm: 0.0537 (0.0600)  time: 0.8801  data: 0.0002  max mem: 30410
Epoch: [88]  [ 30/159]  eta: 0:05:13  lr: 0.000004  min_lr: 0.000004  loss: 1.0000 (0.9983)  weight_decay: 0.0500 (0.0500)  grad_norm: 0.0504 (0.0590)  time: 0.6715  data: 0.0002  max mem: 30410
Epoch: [88]  [ 40/159]  eta: 0:03:56  lr: 0.000004  min_lr: 0.000004  loss: 1.0000 (0.9984)  weight_decay: 0.0500 (0.0500)  grad_norm: 0.0512 (0.0583)  time: 0.6058  data: 0.0001  max mem: 30410
Epoch: [88]  [ 50/159]  eta: 0:03:08  lr: 0.000004  min_lr: 0.000004  loss: 0.9995 (0.9983)  weight_decay: 0.0500 (0.0500)  grad_norm: 0.0545 (0.0602)  time: 0.6306  data: 0.0001  max mem: 30410
Epoch: [88]  [ 60/159]  eta: 0:02:34  lr: 0.000004  min_lr: 0.000004  loss: 1.0000 (0.9984)  weight_decay: 0.0500 (0.0500)  grad_norm: 0.0656 (0.0624)  time: 0.6973  data: 0.0001  max mem: 30410
Epoch: [88]  [ 70/159]  eta: 0:02:08  lr: 0.000004  min_lr: 0.000004  loss: 1.0000 (0.9985)  weight_decay: 0.0500 (0.0500)  grad_norm: 0.0701 (0.0665)  time: 0.7278  data: 0.0001  max mem: 30410
Epoch: [88]  [ 80/159]  eta: 0:01:47  lr: 0.000004  min_lr: 0.000004  loss: 0.9988 (0.9984)  weight_decay: 0.0500 (0.0500)  grad_norm: 0.0556 (0.0651)  time: 0.7444  data: 0.0001  max mem: 30410
Epoch: [88]  [ 90/159]  eta: 0:01:29  lr: 0.000004  min_lr: 0.000004  loss: 0.9976 (0.9983)  weight_decay: 0.0500 (0.0500)  grad_norm: 0.0537 (0.0643)  time: 0.7601  data: 0.0001  max mem: 30410
Epoch: [88]  [100/159]  eta: 0:01:12  lr: 0.000004  min_lr: 0.000004  loss: 0.9977 (0.9984)  weight_decay: 0.0500 (0.0500)  grad_norm: 0.0577 (0.0651)  time: 0.7304  data: 0.0001  max mem: 30410
Epoch: [88]  [110/159]  eta: 0:00:58  lr: 0.000004  min_lr: 0.000004  loss: 1.0000 (0.9984)  weight_decay: 0.0500 (0.0500)  grad_norm: 0.0539 (0.0647)  time: 0.7048  data: 0.0001  max mem: 30410
Epoch: [88]  [120/159]  eta: 0:00:44  lr: 0.000004  min_lr: 0.000004  loss: 1.0000 (0.9984)  weight_decay: 0.0500 (0.0500)  grad_norm: 0.0539 (0.0647)  time: 0.7118  data: 0.0002  max mem: 30410
Epoch: [88]  [130/159]  eta: 0:00:32  lr: 0.000004  min_lr: 0.000004  loss: 1.0000 (0.9983)  weight_decay: 0.0500 (0.0500)  grad_norm: 0.0698 (0.0652)  time: 0.7060  data: 0.0002  max mem: 30410
Epoch: [88]  [140/159]  eta: 0:00:20  lr: 0.000004  min_lr: 0.000004  loss: 1.0000 (0.9984)  weight_decay: 0.0500 (0.0500)  grad_norm: 0.0568 (0.0648)  time: 0.6847  data: 0.0001  max mem: 30410
Epoch: [88]  [150/159]  eta: 0:00:09  lr: 0.000004  min_lr: 0.000004  loss: 1.0000 (0.9983)  weight_decay: 0.0500 (0.0500)  grad_norm: 0.0568 (0.0648)  time: 0.6852  data: 0.0001  max mem: 30410
Epoch: [88]  [158/159]  eta: 0:00:01  lr: 0.000004  min_lr: 0.000004  loss: 1.0000 (0.9983)  weight_decay: 0.0500 (0.0500)  grad_norm: 0.0664 (0.0660)  time: 0.6968  data: 0.0001  max mem: 30410
Epoch: [88] Total time: 0:02:46 (1.0473 s / it)
Averaged stats: lr: 0.000004  min_lr: 0.000004  loss: 1.0000 (0.9983)  weight_decay: 0.0500 (0.0500)  grad_norm: 0.0664 (0.0660)
Epoch: [89]  [  0/159]  eta: 2:11:27  lr: 0.000004  min_lr: 0.000004  loss: 0.9969 (0.9969)  weight_decay: 0.0500 (0.0500)  grad_norm: 0.0692 (0.0692)  time: 49.6046  data: 44.9687  max mem: 30410
Epoch: [89]  [ 10/159]  eta: 0:13:30  lr: 0.000004  min_lr: 0.000004  loss: 0.9976 (0.9979)  weight_decay: 0.0500 (0.0500)  grad_norm: 0.0692 (0.0761)  time: 5.4377  data: 4.0884  max mem: 30410
Epoch: [89]  [ 20/159]  eta: 0:07:34  lr: 0.000004  min_lr: 0.000004  loss: 0.9989 (0.9974)  weight_decay: 0.0500 (0.0500)  grad_norm: 0.0687 (0.0713)  time: 0.9528  data: 0.0003  max mem: 30410
Epoch: [89]  [ 30/159]  eta: 0:05:12  lr: 0.000004  min_lr: 0.000004  loss: 1.0000 (0.9980)  weight_decay: 0.0500 (0.0500)  grad_norm: 0.0678 (0.0698)  time: 0.7691  data: 0.0002  max mem: 30410
Epoch: [89]  [ 40/159]  eta: 0:04:00  lr: 0.000003  min_lr: 0.000003  loss: 1.0000 (0.9981)  weight_decay: 0.0500 (0.0500)  grad_norm: 0.0572 (0.0667)  time: 0.7027  data: 0.0002  max mem: 30410
Epoch: [89]  [ 50/159]  eta: 0:03:12  lr: 0.000003  min_lr: 0.000003  loss: 0.9998 (0.9983)  weight_decay: 0.0500 (0.0500)  grad_norm: 0.0605 (0.0698)  time: 0.7362  data: 0.0002  max mem: 30410
Epoch: [89]  [ 60/159]  eta: 0:02:37  lr: 0.000003  min_lr: 0.000003  loss: 1.0000 (0.9985)  weight_decay: 0.0500 (0.0500)  grad_norm: 0.0723 (0.0707)  time: 0.7233  data: 0.0001  max mem: 30410
Epoch: [89]  [ 70/159]  eta: 0:02:10  lr: 0.000003  min_lr: 0.000003  loss: 1.0000 (0.9986)  weight_decay: 0.0500 (0.0500)  grad_norm: 0.0706 (0.0710)  time: 0.7279  data: 0.0002  max mem: 30410
Epoch: [89]  [ 80/159]  eta: 0:01:49  lr: 0.000003  min_lr: 0.000003  loss: 0.9979 (0.9985)  weight_decay: 0.0500 (0.0500)  grad_norm: 0.0745 (0.0702)  time: 0.7459  data: 0.0002  max mem: 30410
Epoch: [89]  [ 90/159]  eta: 0:01:30  lr: 0.000003  min_lr: 0.000003  loss: 0.9972 (0.9983)  weight_decay: 0.0500 (0.0500)  grad_norm: 0.0535 (0.0687)  time: 0.7443  data: 0.0002  max mem: 30410
Epoch: [89]  [100/159]  eta: 0:01:13  lr: 0.000003  min_lr: 0.000003  loss: 0.9975 (0.9984)  weight_decay: 0.0500 (0.0500)  grad_norm: 0.0702 (0.0692)  time: 0.7230  data: 0.0002  max mem: 30410
Epoch: [89]  [110/159]  eta: 0:00:59  lr: 0.000003  min_lr: 0.000003  loss: 1.0000 (0.9984)  weight_decay: 0.0500 (0.0500)  grad_norm: 0.0713 (0.0696)  time: 0.7275  data: 0.0002  max mem: 30410
Epoch: [89]  [120/159]  eta: 0:00:45  lr: 0.000003  min_lr: 0.000003  loss: 1.0000 (0.9985)  weight_decay: 0.0500 (0.0500)  grad_norm: 0.0640 (0.0694)  time: 0.7179  data: 0.0002  max mem: 30410
Epoch: [89]  [130/159]  eta: 0:00:32  lr: 0.000003  min_lr: 0.000003  loss: 1.0000 (0.9984)  weight_decay: 0.0500 (0.0500)  grad_norm: 0.0627 (0.0689)  time: 0.6949  data: 0.0002  max mem: 30410
Epoch: [89]  [140/159]  eta: 0:00:20  lr: 0.000003  min_lr: 0.000003  loss: 1.0000 (0.9984)  weight_decay: 0.0500 (0.0500)  grad_norm: 0.0666 (0.0691)  time: 0.6932  data: 0.0002  max mem: 30410
Epoch: [89]  [150/159]  eta: 0:00:09  lr: 0.000003  min_lr: 0.000003  loss: 1.0000 (0.9984)  weight_decay: 0.0500 (0.0500)  grad_norm: 0.0542 (0.0680)  time: 0.7142  data: 0.0002  max mem: 30410
Epoch: [89]  [158/159]  eta: 0:00:01  lr: 0.000003  min_lr: 0.000003  loss: 1.0000 (0.9984)  weight_decay: 0.0500 (0.0500)  grad_norm: 0.0507 (0.0683)  time: 0.7135  data: 0.0001  max mem: 30410
Epoch: [89] Total time: 0:02:48 (1.0615 s / it)
Averaged stats: lr: 0.000003  min_lr: 0.000003  loss: 1.0000 (0.9984)  weight_decay: 0.0500 (0.0500)  grad_norm: 0.0507 (0.0683)
Epoch: [90]  [  0/159]  eta: 2:17:52  lr: 0.000003  min_lr: 0.000003  loss: 0.9966 (0.9966)  weight_decay: 0.0500 (0.0500)  grad_norm: 0.0330 (0.0330)  time: 52.0314  data: 41.9367  max mem: 30410
Epoch: [90]  [ 10/159]  eta: 0:13:53  lr: 0.000003  min_lr: 0.000003  loss: 0.9974 (0.9979)  weight_decay: 0.0500 (0.0500)  grad_norm: 0.0684 (0.0707)  time: 5.5913  data: 3.8129  max mem: 30410
Epoch: [90]  [ 20/159]  eta: 0:07:41  lr: 0.000003  min_lr: 0.000003  loss: 0.9981 (0.9978)  weight_decay: 0.0500 (0.0500)  grad_norm: 0.0687 (0.0691)  time: 0.8832  data: 0.0005  max mem: 30410
Epoch: [90]  [ 30/159]  eta: 0:05:19  lr: 0.000003  min_lr: 0.000003  loss: 1.0000 (0.9982)  weight_decay: 0.0500 (0.0500)  grad_norm: 0.0628 (0.0676)  time: 0.7610  data: 0.0003  max mem: 30410
Epoch: [90]  [ 40/159]  eta: 0:04:01  lr: 0.000003  min_lr: 0.000003  loss: 1.0000 (0.9982)  weight_decay: 0.0500 (0.0500)  grad_norm: 0.0527 (0.0650)  time: 0.6824  data: 0.0001  max mem: 30410
Epoch: [90]  [ 50/159]  eta: 0:03:11  lr: 0.000003  min_lr: 0.000003  loss: 1.0000 (0.9983)  weight_decay: 0.0500 (0.0500)  grad_norm: 0.0527 (0.0664)  time: 0.6486  data: 0.0001  max mem: 30410
Epoch: [90]  [ 60/159]  eta: 0:02:37  lr: 0.000003  min_lr: 0.000003  loss: 1.0000 (0.9984)  weight_decay: 0.0500 (0.0500)  grad_norm: 0.0629 (0.0660)  time: 0.6959  data: 0.0001  max mem: 30410
Epoch: [90]  [ 70/159]  eta: 0:02:10  lr: 0.000003  min_lr: 0.000003  loss: 1.0000 (0.9985)  weight_decay: 0.0500 (0.0500)  grad_norm: 0.0620 (0.0647)  time: 0.7276  data: 0.0002  max mem: 30410
Epoch: [90]  [ 80/159]  eta: 0:01:48  lr: 0.000003  min_lr: 0.000003  loss: 0.9988 (0.9985)  weight_decay: 0.0500 (0.0500)  grad_norm: 0.0529 (0.0649)  time: 0.7017  data: 0.0002  max mem: 30410
Epoch: [90]  [ 90/159]  eta: 0:01:29  lr: 0.000003  min_lr: 0.000003  loss: 0.9975 (0.9983)  weight_decay: 0.0500 (0.0500)  grad_norm: 0.0564 (0.0641)  time: 0.7065  data: 0.0001  max mem: 30410
Epoch: [90]  [100/159]  eta: 0:01:13  lr: 0.000003  min_lr: 0.000003  loss: 0.9979 (0.9984)  weight_decay: 0.0500 (0.0500)  grad_norm: 0.0567 (0.0659)  time: 0.7167  data: 0.0001  max mem: 30410
Epoch: [90]  [110/159]  eta: 0:00:58  lr: 0.000003  min_lr: 0.000003  loss: 1.0000 (0.9984)  weight_decay: 0.0500 (0.0500)  grad_norm: 0.0639 (0.0669)  time: 0.7033  data: 0.0001  max mem: 30410
Epoch: [90]  [120/159]  eta: 0:00:44  lr: 0.000003  min_lr: 0.000003  loss: 1.0000 (0.9985)  weight_decay: 0.0500 (0.0500)  grad_norm: 0.0564 (0.0666)  time: 0.6730  data: 0.0001  max mem: 30410
Epoch: [90]  [130/159]  eta: 0:00:32  lr: 0.000003  min_lr: 0.000003  loss: 1.0000 (0.9984)  weight_decay: 0.0500 (0.0500)  grad_norm: 0.0526 (0.0665)  time: 0.6939  data: 0.0001  max mem: 30410
Epoch: [90]  [140/159]  eta: 0:00:20  lr: 0.000003  min_lr: 0.000003  loss: 1.0000 (0.9984)  weight_decay: 0.0500 (0.0500)  grad_norm: 0.0590 (0.0675)  time: 0.7362  data: 0.0002  max mem: 30410
Epoch: [90]  [150/159]  eta: 0:00:09  lr: 0.000002  min_lr: 0.000002  loss: 1.0000 (0.9984)  weight_decay: 0.0500 (0.0500)  grad_norm: 0.0558 (0.0667)  time: 0.6977  data: 0.0002  max mem: 30410
Epoch: [90]  [158/159]  eta: 0:00:01  lr: 0.000002  min_lr: 0.000002  loss: 1.0000 (0.9984)  weight_decay: 0.0500 (0.0500)  grad_norm: 0.0624 (0.0667)  time: 0.6829  data: 0.0002  max mem: 30410
Epoch: [90] Total time: 0:02:47 (1.0509 s / it)
Averaged stats: lr: 0.000002  min_lr: 0.000002  loss: 1.0000 (0.9983)  weight_decay: 0.0500 (0.0500)  grad_norm: 0.0624 (0.0667)
[Eval]   [0/2]  eta: 0:00:10  loss: 0.9993 (0.9993)  time: 5.2015  data: 5.0402  max mem: 30410
[Eval]   [1/2]  eta: 0:00:02  loss: 0.9993 (0.9996)  time: 2.6517  data: 2.5202  max mem: 30410
[Eval]  Total time: 0:00:05 (2.9342 s / it)
Eval averaged stats: loss: 0.9993 (0.9990)
[Eval] Image Metrics:  [0/2]  eta: 0:00:12    time: 6.1909  data: 5.2040  max mem: 30410
[Eval] Image Metrics:  [1/2]  eta: 0:00:03    time: 3.1501  data: 2.6022  max mem: 30410
[Eval] Image Metrics: Total time: 0:00:07 (3.5150 s / it)
[Eval] Metric Results: [Eval] MSE: 0.0000 (0.0000)  [Eval] MAE: 0.0000 (0.0000)  [Eval] PSNR: 47.0086 (47.0086)  [Eval] MS-SSIM: 0.9991 (0.9991)
Epoch: [91]  [  0/159]  eta: 2:16:54  lr: 0.000002  min_lr: 0.000002  loss: 0.9923 (0.9923)  weight_decay: 0.0500 (0.0500)  grad_norm: 0.0682 (0.0682)  time: 51.6621  data: 36.4947  max mem: 30410
Epoch: [91]  [ 10/159]  eta: 0:14:01  lr: 0.000002  min_lr: 0.000002  loss: 0.9998 (0.9974)  weight_decay: 0.0500 (0.0500)  grad_norm: 0.0641 (0.0597)  time: 5.6448  data: 3.3180  max mem: 30410
Epoch: [91]  [ 20/159]  eta: 0:07:41  lr: 0.000002  min_lr: 0.000002  loss: 0.9998 (0.9975)  weight_decay: 0.0500 (0.0500)  grad_norm: 0.0579 (0.0662)  time: 0.8995  data: 0.0003  max mem: 30410
Epoch: [91]  [ 30/159]  eta: 0:05:15  lr: 0.000002  min_lr: 0.000002  loss: 0.9999 (0.9979)  weight_decay: 0.0500 (0.0500)  grad_norm: 0.0581 (0.0670)  time: 0.6910  data: 0.0002  max mem: 30410
Epoch: [91]  [ 40/159]  eta: 0:03:58  lr: 0.000002  min_lr: 0.000002  loss: 1.0000 (0.9979)  weight_decay: 0.0500 (0.0500)  grad_norm: 0.0588 (0.0669)  time: 0.6200  data: 0.0001  max mem: 30410
Epoch: [91]  [ 50/159]  eta: 0:03:08  lr: 0.000002  min_lr: 0.000002  loss: 1.0000 (0.9981)  weight_decay: 0.0500 (0.0500)  grad_norm: 0.0596 (0.0680)  time: 0.6123  data: 0.0001  max mem: 30410
Epoch: [91]  [ 60/159]  eta: 0:02:33  lr: 0.000002  min_lr: 0.000002  loss: 1.0000 (0.9983)  weight_decay: 0.0500 (0.0500)  grad_norm: 0.0684 (0.0686)  time: 0.6118  data: 0.0001  max mem: 30410
Epoch: [91]  [ 70/159]  eta: 0:02:05  lr: 0.000002  min_lr: 0.000002  loss: 1.0000 (0.9984)  weight_decay: 0.0500 (0.0500)  grad_norm: 0.0660 (0.0682)  time: 0.6101  data: 0.0001  max mem: 30410
Epoch: [91]  [ 80/159]  eta: 0:01:43  lr: 0.000002  min_lr: 0.000002  loss: 0.9988 (0.9984)  weight_decay: 0.0500 (0.0500)  grad_norm: 0.0647 (0.0678)  time: 0.6082  data: 0.0001  max mem: 30410
Epoch: [91]  [ 90/159]  eta: 0:01:25  lr: 0.000002  min_lr: 0.000002  loss: 0.9977 (0.9983)  weight_decay: 0.0500 (0.0500)  grad_norm: 0.0660 (0.0686)  time: 0.6102  data: 0.0001  max mem: 30410
Epoch: [91]  [100/159]  eta: 0:01:09  lr: 0.000002  min_lr: 0.000002  loss: 0.9986 (0.9983)  weight_decay: 0.0500 (0.0500)  grad_norm: 0.0620 (0.0688)  time: 0.6112  data: 0.0001  max mem: 30410
Epoch: [91]  [110/159]  eta: 0:00:55  lr: 0.000002  min_lr: 0.000002  loss: 1.0000 (0.9984)  weight_decay: 0.0500 (0.0500)  grad_norm: 0.0615 (0.0683)  time: 0.6181  data: 0.0001  max mem: 30410
Epoch: [91]  [120/159]  eta: 0:00:42  lr: 0.000002  min_lr: 0.000002  loss: 1.0000 (0.9985)  weight_decay: 0.0500 (0.0500)  grad_norm: 0.0633 (0.0692)  time: 0.6694  data: 0.0001  max mem: 30410
Epoch: [91]  [130/159]  eta: 0:00:30  lr: 0.000002  min_lr: 0.000002  loss: 1.0000 (0.9983)  weight_decay: 0.0500 (0.0500)  grad_norm: 0.0581 (0.0684)  time: 0.7109  data: 0.0001  max mem: 30410
Epoch: [91]  [140/159]  eta: 0:00:19  lr: 0.000002  min_lr: 0.000002  loss: 1.0000 (0.9984)  weight_decay: 0.0500 (0.0500)  grad_norm: 0.0573 (0.0687)  time: 0.7041  data: 0.0001  max mem: 30410
Epoch: [91]  [150/159]  eta: 0:00:09  lr: 0.000002  min_lr: 0.000002  loss: 1.0000 (0.9984)  weight_decay: 0.0500 (0.0500)  grad_norm: 0.0600 (0.0680)  time: 0.6977  data: 0.0001  max mem: 30410
Epoch: [91]  [158/159]  eta: 0:00:00  lr: 0.000002  min_lr: 0.000002  loss: 1.0000 (0.9984)  weight_decay: 0.0500 (0.0500)  grad_norm: 0.0607 (0.0687)  time: 0.7027  data: 0.0001  max mem: 30410
Epoch: [91] Total time: 0:02:39 (1.0062 s / it)
Averaged stats: lr: 0.000002  min_lr: 0.000002  loss: 1.0000 (0.9983)  weight_decay: 0.0500 (0.0500)  grad_norm: 0.0607 (0.0687)
Epoch: [92]  [  0/159]  eta: 2:16:11  lr: 0.000002  min_lr: 0.000002  loss: 0.9952 (0.9952)  weight_decay: 0.0500 (0.0500)  grad_norm: 0.0385 (0.0385)  time: 51.3955  data: 37.6720  max mem: 30410
Epoch: [92]  [ 10/159]  eta: 0:13:45  lr: 0.000002  min_lr: 0.000002  loss: 0.9983 (0.9974)  weight_decay: 0.0500 (0.0500)  grad_norm: 0.0444 (0.0596)  time: 5.5378  data: 3.4251  max mem: 30410
Epoch: [92]  [ 20/159]  eta: 0:07:39  lr: 0.000002  min_lr: 0.000002  loss: 0.9986 (0.9976)  weight_decay: 0.0500 (0.0500)  grad_norm: 0.0592 (0.0645)  time: 0.9038  data: 0.0003  max mem: 30410
Epoch: [92]  [ 30/159]  eta: 0:05:22  lr: 0.000002  min_lr: 0.000002  loss: 1.0000 (0.9978)  weight_decay: 0.0500 (0.0500)  grad_norm: 0.0551 (0.0624)  time: 0.8295  data: 0.0002  max mem: 30410
Epoch: [92]  [ 40/159]  eta: 0:04:05  lr: 0.000002  min_lr: 0.000002  loss: 1.0000 (0.9977)  weight_decay: 0.0500 (0.0500)  grad_norm: 0.0489 (0.0636)  time: 0.7588  data: 0.0002  max mem: 30410
Epoch: [92]  [ 50/159]  eta: 0:03:15  lr: 0.000002  min_lr: 0.000002  loss: 0.9980 (0.9978)  weight_decay: 0.0500 (0.0500)  grad_norm: 0.0545 (0.0629)  time: 0.6961  data: 0.0002  max mem: 30410
Epoch: [92]  [ 60/159]  eta: 0:02:38  lr: 0.000002  min_lr: 0.000002  loss: 1.0000 (0.9978)  weight_decay: 0.0500 (0.0500)  grad_norm: 0.0561 (0.0635)  time: 0.6579  data: 0.0001  max mem: 30410
Epoch: [92]  [ 70/159]  eta: 0:02:10  lr: 0.000002  min_lr: 0.000002  loss: 1.0000 (0.9980)  weight_decay: 0.0500 (0.0500)  grad_norm: 0.0699 (0.0651)  time: 0.6328  data: 0.0001  max mem: 30410
Epoch: [92]  [ 80/159]  eta: 0:01:47  lr: 0.000002  min_lr: 0.000002  loss: 0.9985 (0.9981)  weight_decay: 0.0500 (0.0500)  grad_norm: 0.0686 (0.0656)  time: 0.6243  data: 0.0001  max mem: 30410
Epoch: [92]  [ 90/159]  eta: 0:01:28  lr: 0.000002  min_lr: 0.000002  loss: 0.9976 (0.9979)  weight_decay: 0.0500 (0.0500)  grad_norm: 0.0686 (0.0664)  time: 0.6218  data: 0.0001  max mem: 30410
Epoch: [92]  [100/159]  eta: 0:01:11  lr: 0.000002  min_lr: 0.000002  loss: 0.9983 (0.9980)  weight_decay: 0.0500 (0.0500)  grad_norm: 0.0795 (0.0691)  time: 0.6172  data: 0.0001  max mem: 30410
Epoch: [92]  [110/159]  eta: 0:00:56  lr: 0.000002  min_lr: 0.000002  loss: 1.0000 (0.9981)  weight_decay: 0.0500 (0.0500)  grad_norm: 0.0795 (0.0698)  time: 0.6105  data: 0.0001  max mem: 30410
Epoch: [92]  [120/159]  eta: 0:00:43  lr: 0.000002  min_lr: 0.000002  loss: 1.0000 (0.9981)  weight_decay: 0.0500 (0.0500)  grad_norm: 0.0613 (0.0693)  time: 0.6092  data: 0.0001  max mem: 30410
Epoch: [92]  [130/159]  eta: 0:00:31  lr: 0.000002  min_lr: 0.000002  loss: 1.0000 (0.9981)  weight_decay: 0.0500 (0.0500)  grad_norm: 0.0564 (0.0691)  time: 0.6083  data: 0.0001  max mem: 30410
Epoch: [92]  [140/159]  eta: 0:00:19  lr: 0.000002  min_lr: 0.000002  loss: 1.0000 (0.9982)  weight_decay: 0.0500 (0.0500)  grad_norm: 0.0640 (0.0702)  time: 0.6085  data: 0.0001  max mem: 30410
Epoch: [92]  [150/159]  eta: 0:00:09  lr: 0.000002  min_lr: 0.000002  loss: 1.0000 (0.9982)  weight_decay: 0.0500 (0.0500)  grad_norm: 0.0687 (0.0695)  time: 0.6088  data: 0.0001  max mem: 30410
Epoch: [92]  [158/159]  eta: 0:00:00  lr: 0.000001  min_lr: 0.000001  loss: 1.0000 (0.9982)  weight_decay: 0.0500 (0.0500)  grad_norm: 0.0570 (0.0698)  time: 0.6080  data: 0.0001  max mem: 30410
Epoch: [92] Total time: 0:02:39 (1.0010 s / it)
Averaged stats: lr: 0.000001  min_lr: 0.000001  loss: 1.0000 (0.9984)  weight_decay: 0.0500 (0.0500)  grad_norm: 0.0570 (0.0698)
Epoch: [93]  [  0/159]  eta: 2:16:42  lr: 0.000001  min_lr: 0.000001  loss: 0.9938 (0.9938)  weight_decay: 0.0500 (0.0500)  grad_norm: 0.0785 (0.0785)  time: 51.5850  data: 42.6524  max mem: 30410
Epoch: [93]  [ 10/159]  eta: 0:14:08  lr: 0.000001  min_lr: 0.000001  loss: 0.9973 (0.9972)  weight_decay: 0.0500 (0.0500)  grad_norm: 0.0577 (0.0742)  time: 5.6973  data: 3.8780  max mem: 30410
Epoch: [93]  [ 20/159]  eta: 0:07:55  lr: 0.000001  min_lr: 0.000001  loss: 0.9978 (0.9972)  weight_decay: 0.0500 (0.0500)  grad_norm: 0.0543 (0.0679)  time: 1.0141  data: 0.0004  max mem: 30410
Epoch: [93]  [ 30/159]  eta: 0:05:28  lr: 0.000001  min_lr: 0.000001  loss: 1.0000 (0.9978)  weight_decay: 0.0500 (0.0500)  grad_norm: 0.0543 (0.0700)  time: 0.8111  data: 0.0002  max mem: 30410
Epoch: [93]  [ 40/159]  eta: 0:04:08  lr: 0.000001  min_lr: 0.000001  loss: 1.0000 (0.9979)  weight_decay: 0.0500 (0.0500)  grad_norm: 0.0546 (0.0715)  time: 0.6856  data: 0.0001  max mem: 30410
Epoch: [93]  [ 50/159]  eta: 0:03:15  lr: 0.000001  min_lr: 0.000001  loss: 0.9993 (0.9980)  weight_decay: 0.0500 (0.0500)  grad_norm: 0.0499 (0.0692)  time: 0.6347  data: 0.0001  max mem: 30410
Epoch: [93]  [ 60/159]  eta: 0:02:38  lr: 0.000001  min_lr: 0.000001  loss: 1.0000 (0.9981)  weight_decay: 0.0500 (0.0500)  grad_norm: 0.0530 (0.0692)  time: 0.5994  data: 0.0001  max mem: 30410
Epoch: [93]  [ 70/159]  eta: 0:02:09  lr: 0.000001  min_lr: 0.000001  loss: 1.0000 (0.9983)  weight_decay: 0.0500 (0.0500)  grad_norm: 0.0588 (0.0683)  time: 0.5984  data: 0.0001  max mem: 30410
Epoch: [93]  [ 80/159]  eta: 0:01:46  lr: 0.000001  min_lr: 0.000001  loss: 0.9989 (0.9983)  weight_decay: 0.0500 (0.0500)  grad_norm: 0.0638 (0.0711)  time: 0.5987  data: 0.0001  max mem: 30410
Epoch: [93]  [ 90/159]  eta: 0:01:27  lr: 0.000001  min_lr: 0.000001  loss: 0.9980 (0.9982)  weight_decay: 0.0500 (0.0500)  grad_norm: 0.0721 (0.0702)  time: 0.6008  data: 0.0001  max mem: 30410
Epoch: [93]  [100/159]  eta: 0:01:11  lr: 0.000001  min_lr: 0.000001  loss: 0.9984 (0.9983)  weight_decay: 0.0500 (0.0500)  grad_norm: 0.0721 (0.0709)  time: 0.6014  data: 0.0001  max mem: 30410
Epoch: [93]  [110/159]  eta: 0:00:56  lr: 0.000001  min_lr: 0.000001  loss: 1.0000 (0.9983)  weight_decay: 0.0500 (0.0500)  grad_norm: 0.0603 (0.0699)  time: 0.6000  data: 0.0002  max mem: 30410
Epoch: [93]  [120/159]  eta: 0:00:43  lr: 0.000001  min_lr: 0.000001  loss: 1.0000 (0.9983)  weight_decay: 0.0500 (0.0500)  grad_norm: 0.0551 (0.0687)  time: 0.6008  data: 0.0001  max mem: 30410
Epoch: [93]  [130/159]  eta: 0:00:30  lr: 0.000001  min_lr: 0.000001  loss: 1.0000 (0.9981)  weight_decay: 0.0500 (0.0500)  grad_norm: 0.0551 (0.0689)  time: 0.6023  data: 0.0001  max mem: 30410
Epoch: [93]  [140/159]  eta: 0:00:19  lr: 0.000001  min_lr: 0.000001  loss: 1.0000 (0.9982)  weight_decay: 0.0500 (0.0500)  grad_norm: 0.0653 (0.0694)  time: 0.6003  data: 0.0001  max mem: 30410
Epoch: [93]  [150/159]  eta: 0:00:09  lr: 0.000001  min_lr: 0.000001  loss: 1.0000 (0.9982)  weight_decay: 0.0500 (0.0500)  grad_norm: 0.0734 (0.0699)  time: 0.5996  data: 0.0001  max mem: 30410
Epoch: [93]  [158/159]  eta: 0:00:00  lr: 0.000001  min_lr: 0.000001  loss: 1.0000 (0.9982)  weight_decay: 0.0500 (0.0500)  grad_norm: 0.0734 (0.0703)  time: 0.6012  data: 0.0001  max mem: 30410
Epoch: [93] Total time: 0:02:37 (0.9919 s / it)
Averaged stats: lr: 0.000001  min_lr: 0.000001  loss: 1.0000 (0.9982)  weight_decay: 0.0500 (0.0500)  grad_norm: 0.0734 (0.0703)
Epoch: [94]  [  0/159]  eta: 2:17:24  lr: 0.000001  min_lr: 0.000001  loss: 0.9954 (0.9954)  weight_decay: 0.0500 (0.0500)  grad_norm: 0.0399 (0.0399)  time: 51.8549  data: 43.7245  max mem: 30410
Epoch: [94]  [ 10/159]  eta: 0:14:00  lr: 0.000001  min_lr: 0.000001  loss: 0.9975 (0.9977)  weight_decay: 0.0500 (0.0500)  grad_norm: 0.0568 (0.0849)  time: 5.6418  data: 3.9754  max mem: 30410
Epoch: [94]  [ 20/159]  eta: 0:07:46  lr: 0.000001  min_lr: 0.000001  loss: 0.9987 (0.9974)  weight_decay: 0.0500 (0.0500)  grad_norm: 0.0648 (0.0797)  time: 0.9312  data: 0.0004  max mem: 30410
Epoch: [94]  [ 30/159]  eta: 0:05:22  lr: 0.000001  min_lr: 0.000001  loss: 1.0000 (0.9977)  weight_decay: 0.0500 (0.0500)  grad_norm: 0.0676 (0.0748)  time: 0.7777  data: 0.0002  max mem: 30410
Epoch: [94]  [ 40/159]  eta: 0:04:04  lr: 0.000001  min_lr: 0.000001  loss: 1.0000 (0.9979)  weight_decay: 0.0500 (0.0500)  grad_norm: 0.0653 (0.0716)  time: 0.6924  data: 0.0001  max mem: 30410
Epoch: [94]  [ 50/159]  eta: 0:03:14  lr: 0.000001  min_lr: 0.000001  loss: 0.9997 (0.9980)  weight_decay: 0.0500 (0.0500)  grad_norm: 0.0582 (0.0702)  time: 0.6667  data: 0.0001  max mem: 30410
Epoch: [94]  [ 60/159]  eta: 0:02:39  lr: 0.000001  min_lr: 0.000001  loss: 1.0000 (0.9983)  weight_decay: 0.0500 (0.0500)  grad_norm: 0.0661 (0.0724)  time: 0.7049  data: 0.0001  max mem: 30410
Epoch: [94]  [ 70/159]  eta: 0:02:12  lr: 0.000001  min_lr: 0.000001  loss: 1.0000 (0.9984)  weight_decay: 0.0500 (0.0500)  grad_norm: 0.0742 (0.0707)  time: 0.7268  data: 0.0001  max mem: 30410
Epoch: [94]  [ 80/159]  eta: 0:01:50  lr: 0.000001  min_lr: 0.000001  loss: 0.9996 (0.9983)  weight_decay: 0.0500 (0.0500)  grad_norm: 0.0575 (0.0694)  time: 0.7188  data: 0.0001  max mem: 30410
Epoch: [94]  [ 90/159]  eta: 0:01:30  lr: 0.000001  min_lr: 0.000001  loss: 0.9975 (0.9981)  weight_decay: 0.0500 (0.0500)  grad_norm: 0.0551 (0.0676)  time: 0.7163  data: 0.0001  max mem: 30410
Epoch: [94]  [100/159]  eta: 0:01:14  lr: 0.000001  min_lr: 0.000001  loss: 0.9976 (0.9982)  weight_decay: 0.0500 (0.0500)  grad_norm: 0.0633 (0.0720)  time: 0.7019  data: 0.0001  max mem: 30410
Epoch: [94]  [110/159]  eta: 0:00:59  lr: 0.000001  min_lr: 0.000001  loss: 1.0000 (0.9982)  weight_decay: 0.0500 (0.0500)  grad_norm: 0.0633 (0.0708)  time: 0.7169  data: 0.0001  max mem: 30410
Epoch: [94]  [120/159]  eta: 0:00:45  lr: 0.000001  min_lr: 0.000001  loss: 1.0000 (0.9982)  weight_decay: 0.0500 (0.0500)  grad_norm: 0.0593 (0.0729)  time: 0.7107  data: 0.0001  max mem: 30410
Epoch: [94]  [130/159]  eta: 0:00:32  lr: 0.000001  min_lr: 0.000001  loss: 1.0000 (0.9981)  weight_decay: 0.0500 (0.0500)  grad_norm: 0.0645 (0.0722)  time: 0.6942  data: 0.0001  max mem: 30410
Epoch: [94]  [140/159]  eta: 0:00:20  lr: 0.000001  min_lr: 0.000001  loss: 1.0000 (0.9982)  weight_decay: 0.0500 (0.0500)  grad_norm: 0.0658 (0.0721)  time: 0.6878  data: 0.0001  max mem: 30410
Epoch: [94]  [150/159]  eta: 0:00:09  lr: 0.000001  min_lr: 0.000001  loss: 1.0000 (0.9982)  weight_decay: 0.0500 (0.0500)  grad_norm: 0.0729 (0.0722)  time: 0.6713  data: 0.0001  max mem: 30410
Epoch: [94]  [158/159]  eta: 0:00:01  lr: 0.000001  min_lr: 0.000001  loss: 1.0000 (0.9982)  weight_decay: 0.0500 (0.0500)  grad_norm: 0.0729 (0.0719)  time: 0.6617  data: 0.0001  max mem: 30410
Epoch: [94] Total time: 0:02:47 (1.0556 s / it)
Averaged stats: lr: 0.000001  min_lr: 0.000001  loss: 1.0000 (0.9983)  weight_decay: 0.0500 (0.0500)  grad_norm: 0.0729 (0.0719)
Epoch: [95]  [  0/159]  eta: 2:18:39  lr: 0.000001  min_lr: 0.000001  loss: 0.9980 (0.9980)  weight_decay: 0.0500 (0.0500)  grad_norm: 0.0241 (0.0241)  time: 52.3252  data: 34.4995  max mem: 30410
Epoch: [95]  [ 10/159]  eta: 0:14:22  lr: 0.000001  min_lr: 0.000001  loss: 0.9985 (0.9982)  weight_decay: 0.0500 (0.0500)  grad_norm: 0.0462 (0.0546)  time: 5.7910  data: 3.1371  max mem: 30410
Epoch: [95]  [ 20/159]  eta: 0:07:53  lr: 0.000001  min_lr: 0.000001  loss: 0.9985 (0.9976)  weight_decay: 0.0500 (0.0500)  grad_norm: 0.0616 (0.0719)  time: 0.9589  data: 0.0005  max mem: 30410
Epoch: [95]  [ 30/159]  eta: 0:05:26  lr: 0.000001  min_lr: 0.000001  loss: 0.9998 (0.9980)  weight_decay: 0.0500 (0.0500)  grad_norm: 0.0616 (0.0690)  time: 0.7371  data: 0.0002  max mem: 30410
Epoch: [95]  [ 40/159]  eta: 0:04:07  lr: 0.000001  min_lr: 0.000001  loss: 1.0000 (0.9980)  weight_decay: 0.0500 (0.0500)  grad_norm: 0.0518 (0.0670)  time: 0.6934  data: 0.0002  max mem: 30410
Epoch: [95]  [ 50/159]  eta: 0:03:15  lr: 0.000001  min_lr: 0.000001  loss: 0.9984 (0.9982)  weight_decay: 0.0500 (0.0500)  grad_norm: 0.0580 (0.0655)  time: 0.6575  data: 0.0001  max mem: 30410
Epoch: [95]  [ 60/159]  eta: 0:02:38  lr: 0.000001  min_lr: 0.000001  loss: 1.0000 (0.9984)  weight_decay: 0.0500 (0.0500)  grad_norm: 0.0635 (0.0652)  time: 0.6221  data: 0.0001  max mem: 30410
Epoch: [95]  [ 70/159]  eta: 0:02:10  lr: 0.000001  min_lr: 0.000001  loss: 1.0000 (0.9985)  weight_decay: 0.0500 (0.0500)  grad_norm: 0.0551 (0.0646)  time: 0.6135  data: 0.0001  max mem: 30410
Epoch: [95]  [ 80/159]  eta: 0:01:47  lr: 0.000001  min_lr: 0.000001  loss: 1.0000 (0.9985)  weight_decay: 0.0500 (0.0500)  grad_norm: 0.0510 (0.0646)  time: 0.6043  data: 0.0001  max mem: 30410
Epoch: [95]  [ 90/159]  eta: 0:01:27  lr: 0.000001  min_lr: 0.000001  loss: 0.9966 (0.9982)  weight_decay: 0.0500 (0.0500)  grad_norm: 0.0640 (0.0653)  time: 0.6074  data: 0.0001  max mem: 30410
Epoch: [95]  [100/159]  eta: 0:01:11  lr: 0.000001  min_lr: 0.000001  loss: 0.9963 (0.9982)  weight_decay: 0.0500 (0.0500)  grad_norm: 0.0670 (0.0669)  time: 0.6094  data: 0.0001  max mem: 30410
Epoch: [95]  [110/159]  eta: 0:00:56  lr: 0.000001  min_lr: 0.000001  loss: 1.0000 (0.9983)  weight_decay: 0.0500 (0.0500)  grad_norm: 0.0616 (0.0666)  time: 0.6069  data: 0.0002  max mem: 30410
Epoch: [95]  [120/159]  eta: 0:00:43  lr: 0.000001  min_lr: 0.000001  loss: 1.0000 (0.9983)  weight_decay: 0.0500 (0.0500)  grad_norm: 0.0637 (0.0680)  time: 0.6058  data: 0.0002  max mem: 30410
Epoch: [95]  [130/159]  eta: 0:00:31  lr: 0.000001  min_lr: 0.000001  loss: 1.0000 (0.9982)  weight_decay: 0.0500 (0.0500)  grad_norm: 0.0536 (0.0670)  time: 0.6060  data: 0.0001  max mem: 30410
Epoch: [95]  [140/159]  eta: 0:00:19  lr: 0.000001  min_lr: 0.000001  loss: 1.0000 (0.9982)  weight_decay: 0.0500 (0.0500)  grad_norm: 0.0564 (0.0672)  time: 0.6058  data: 0.0001  max mem: 30410
Epoch: [95]  [150/159]  eta: 0:00:09  lr: 0.000001  min_lr: 0.000001  loss: 1.0000 (0.9982)  weight_decay: 0.0500 (0.0500)  grad_norm: 0.0588 (0.0672)  time: 0.6057  data: 0.0001  max mem: 30410
Epoch: [95]  [158/159]  eta: 0:00:00  lr: 0.000000  min_lr: 0.000000  loss: 1.0000 (0.9982)  weight_decay: 0.0500 (0.0500)  grad_norm: 0.0574 (0.0679)  time: 0.6060  data: 0.0001  max mem: 30410
Epoch: [95] Total time: 0:02:38 (0.9966 s / it)
Averaged stats: lr: 0.000000  min_lr: 0.000000  loss: 1.0000 (0.9983)  weight_decay: 0.0500 (0.0500)  grad_norm: 0.0574 (0.0679)
Epoch: [96]  [  0/159]  eta: 2:14:16  lr: 0.000000  min_lr: 0.000000  loss: 0.9949 (0.9949)  weight_decay: 0.0500 (0.0500)  grad_norm: 0.0825 (0.0825)  time: 50.6719  data: 36.8404  max mem: 30410
Epoch: [96]  [ 10/159]  eta: 0:13:27  lr: 0.000000  min_lr: 0.000000  loss: 0.9967 (0.9974)  weight_decay: 0.0500 (0.0500)  grad_norm: 0.0650 (0.0674)  time: 5.4212  data: 3.3495  max mem: 30410
Epoch: [96]  [ 20/159]  eta: 0:07:28  lr: 0.000000  min_lr: 0.000000  loss: 0.9978 (0.9973)  weight_decay: 0.0500 (0.0500)  grad_norm: 0.0544 (0.0629)  time: 0.8522  data: 0.0003  max mem: 30410
Epoch: [96]  [ 30/159]  eta: 0:05:07  lr: 0.000000  min_lr: 0.000000  loss: 1.0000 (0.9979)  weight_decay: 0.0500 (0.0500)  grad_norm: 0.0528 (0.0592)  time: 0.7095  data: 0.0002  max mem: 30410
Epoch: [96]  [ 40/159]  eta: 0:03:51  lr: 0.000000  min_lr: 0.000000  loss: 1.0000 (0.9978)  weight_decay: 0.0500 (0.0500)  grad_norm: 0.0557 (0.0647)  time: 0.6073  data: 0.0002  max mem: 30410
Epoch: [96]  [ 50/159]  eta: 0:03:03  lr: 0.000000  min_lr: 0.000000  loss: 0.9993 (0.9980)  weight_decay: 0.0500 (0.0500)  grad_norm: 0.0578 (0.0629)  time: 0.6061  data: 0.0002  max mem: 30410
Epoch: [96]  [ 60/159]  eta: 0:02:29  lr: 0.000000  min_lr: 0.000000  loss: 1.0000 (0.9982)  weight_decay: 0.0500 (0.0500)  grad_norm: 0.0553 (0.0638)  time: 0.6038  data: 0.0002  max mem: 30410
Epoch: [96]  [ 70/159]  eta: 0:02:02  lr: 0.000000  min_lr: 0.000000  loss: 1.0000 (0.9983)  weight_decay: 0.0500 (0.0500)  grad_norm: 0.0553 (0.0629)  time: 0.6014  data: 0.0002  max mem: 30410
Epoch: [96]  [ 80/159]  eta: 0:01:41  lr: 0.000000  min_lr: 0.000000  loss: 0.9982 (0.9982)  weight_decay: 0.0500 (0.0500)  grad_norm: 0.0548 (0.0628)  time: 0.6063  data: 0.0001  max mem: 30410
Epoch: [96]  [ 90/159]  eta: 0:01:23  lr: 0.000000  min_lr: 0.000000  loss: 0.9969 (0.9981)  weight_decay: 0.0500 (0.0500)  grad_norm: 0.0637 (0.0633)  time: 0.6066  data: 0.0002  max mem: 30410
Epoch: [96]  [100/159]  eta: 0:01:07  lr: 0.000000  min_lr: 0.000000  loss: 0.9978 (0.9982)  weight_decay: 0.0500 (0.0500)  grad_norm: 0.0678 (0.0683)  time: 0.6050  data: 0.0001  max mem: 30410
Epoch: [96]  [110/159]  eta: 0:00:54  lr: 0.000000  min_lr: 0.000000  loss: 1.0000 (0.9983)  weight_decay: 0.0500 (0.0500)  grad_norm: 0.0724 (0.0681)  time: 0.6237  data: 0.0001  max mem: 30410
Epoch: [96]  [120/159]  eta: 0:00:41  lr: 0.000000  min_lr: 0.000000  loss: 1.0000 (0.9983)  weight_decay: 0.0500 (0.0500)  grad_norm: 0.0724 (0.0687)  time: 0.6598  data: 0.0002  max mem: 30410
Epoch: [96]  [130/159]  eta: 0:00:29  lr: 0.000000  min_lr: 0.000000  loss: 1.0000 (0.9981)  weight_decay: 0.0500 (0.0500)  grad_norm: 0.0636 (0.0687)  time: 0.6417  data: 0.0002  max mem: 30410
Epoch: [96]  [140/159]  eta: 0:00:19  lr: 0.000000  min_lr: 0.000000  loss: 1.0000 (0.9981)  weight_decay: 0.0500 (0.0500)  grad_norm: 0.0643 (0.0691)  time: 0.6065  data: 0.0001  max mem: 30410
Epoch: [96]  [150/159]  eta: 0:00:08  lr: 0.000000  min_lr: 0.000000  loss: 1.0000 (0.9981)  weight_decay: 0.0500 (0.0500)  grad_norm: 0.0660 (0.0692)  time: 0.6067  data: 0.0001  max mem: 30410
Epoch: [96]  [158/159]  eta: 0:00:00  lr: 0.000000  min_lr: 0.000000  loss: 1.0000 (0.9982)  weight_decay: 0.0500 (0.0500)  grad_norm: 0.0508 (0.0685)  time: 0.6093  data: 0.0001  max mem: 30410
Epoch: [96] Total time: 0:02:33 (0.9669 s / it)
Averaged stats: lr: 0.000000  min_lr: 0.000000  loss: 1.0000 (0.9983)  weight_decay: 0.0500 (0.0500)  grad_norm: 0.0508 (0.0685)
Epoch: [97]  [  0/159]  eta: 2:24:11  lr: 0.000000  min_lr: 0.000000  loss: 0.9973 (0.9973)  weight_decay: 0.0500 (0.0500)  grad_norm: 0.0545 (0.0545)  time: 54.4107  data: 45.2461  max mem: 30410
Epoch: [97]  [ 10/159]  eta: 0:14:27  lr: 0.000000  min_lr: 0.000000  loss: 0.9991 (0.9987)  weight_decay: 0.0500 (0.0500)  grad_norm: 0.0558 (0.0649)  time: 5.8230  data: 4.1135  max mem: 30410
Epoch: [97]  [ 20/159]  eta: 0:07:48  lr: 0.000000  min_lr: 0.000000  loss: 0.9991 (0.9981)  weight_decay: 0.0500 (0.0500)  grad_norm: 0.0501 (0.0601)  time: 0.8170  data: 0.0002  max mem: 30410
Epoch: [97]  [ 30/159]  eta: 0:05:19  lr: 0.000000  min_lr: 0.000000  loss: 1.0000 (0.9983)  weight_decay: 0.0500 (0.0500)  grad_norm: 0.0504 (0.0596)  time: 0.6389  data: 0.0001  max mem: 30410
Epoch: [97]  [ 40/159]  eta: 0:04:00  lr: 0.000000  min_lr: 0.000000  loss: 1.0000 (0.9984)  weight_decay: 0.0500 (0.0500)  grad_norm: 0.0585 (0.0609)  time: 0.6076  data: 0.0001  max mem: 30410
Epoch: [97]  [ 50/159]  eta: 0:03:10  lr: 0.000000  min_lr: 0.000000  loss: 1.0000 (0.9984)  weight_decay: 0.0500 (0.0500)  grad_norm: 0.0623 (0.0633)  time: 0.6067  data: 0.0001  max mem: 30410
Epoch: [97]  [ 60/159]  eta: 0:02:34  lr: 0.000000  min_lr: 0.000000  loss: 1.0000 (0.9985)  weight_decay: 0.0500 (0.0500)  grad_norm: 0.0624 (0.0650)  time: 0.6062  data: 0.0001  max mem: 30410
Epoch: [97]  [ 70/159]  eta: 0:02:06  lr: 0.000000  min_lr: 0.000000  loss: 1.0000 (0.9985)  weight_decay: 0.0500 (0.0500)  grad_norm: 0.0618 (0.0634)  time: 0.6038  data: 0.0001  max mem: 30410
Epoch: [97]  [ 80/159]  eta: 0:01:44  lr: 0.000000  min_lr: 0.000000  loss: 0.9998 (0.9985)  weight_decay: 0.0500 (0.0500)  grad_norm: 0.0618 (0.0660)  time: 0.6037  data: 0.0001  max mem: 30410
Epoch: [97]  [ 90/159]  eta: 0:01:25  lr: 0.000000  min_lr: 0.000000  loss: 0.9980 (0.9983)  weight_decay: 0.0500 (0.0500)  grad_norm: 0.0748 (0.0668)  time: 0.6053  data: 0.0001  max mem: 30410
Epoch: [97]  [100/159]  eta: 0:01:09  lr: 0.000000  min_lr: 0.000000  loss: 0.9980 (0.9983)  weight_decay: 0.0500 (0.0500)  grad_norm: 0.0951 (0.0709)  time: 0.6047  data: 0.0001  max mem: 30410
Epoch: [97]  [110/159]  eta: 0:00:55  lr: 0.000000  min_lr: 0.000000  loss: 1.0000 (0.9984)  weight_decay: 0.0500 (0.0500)  grad_norm: 0.0819 (0.0707)  time: 0.6070  data: 0.0001  max mem: 30410
Epoch: [97]  [120/159]  eta: 0:00:42  lr: 0.000000  min_lr: 0.000000  loss: 1.0000 (0.9984)  weight_decay: 0.0500 (0.0500)  grad_norm: 0.0603 (0.0706)  time: 0.6065  data: 0.0001  max mem: 30410
Epoch: [97]  [130/159]  eta: 0:00:30  lr: 0.000000  min_lr: 0.000000  loss: 1.0000 (0.9983)  weight_decay: 0.0500 (0.0500)  grad_norm: 0.0599 (0.0706)  time: 0.6034  data: 0.0001  max mem: 30410
Epoch: [97]  [140/159]  eta: 0:00:19  lr: 0.000000  min_lr: 0.000000  loss: 1.0000 (0.9984)  weight_decay: 0.0500 (0.0500)  grad_norm: 0.0588 (0.0709)  time: 0.6037  data: 0.0001  max mem: 30410
Epoch: [97]  [150/159]  eta: 0:00:08  lr: 0.000000  min_lr: 0.000000  loss: 1.0000 (0.9984)  weight_decay: 0.0500 (0.0500)  grad_norm: 0.0533 (0.0696)  time: 0.6054  data: 0.0001  max mem: 30410
Epoch: [97]  [158/159]  eta: 0:00:00  lr: 0.000000  min_lr: 0.000000  loss: 1.0000 (0.9984)  weight_decay: 0.0500 (0.0500)  grad_norm: 0.0533 (0.0694)  time: 0.6059  data: 0.0001  max mem: 30410
Epoch: [97] Total time: 0:02:35 (0.9772 s / it)
Averaged stats: lr: 0.000000  min_lr: 0.000000  loss: 1.0000 (0.9982)  weight_decay: 0.0500 (0.0500)  grad_norm: 0.0533 (0.0694)
Epoch: [98]  [  0/159]  eta: 2:19:54  lr: 0.000000  min_lr: 0.000000  loss: 0.9978 (0.9978)  weight_decay: 0.0500 (0.0500)  grad_norm: 0.1044 (0.1044)  time: 52.7944  data: 30.3660  max mem: 30410
Epoch: [98]  [ 10/159]  eta: 0:14:03  lr: 0.000000  min_lr: 0.000000  loss: 0.9999 (0.9984)  weight_decay: 0.0500 (0.0500)  grad_norm: 0.0663 (0.0677)  time: 5.6583  data: 2.7609  max mem: 30410
Epoch: [98]  [ 20/159]  eta: 0:07:45  lr: 0.000000  min_lr: 0.000000  loss: 0.9999 (0.9981)  weight_decay: 0.0500 (0.0500)  grad_norm: 0.0613 (0.0638)  time: 0.8791  data: 0.0003  max mem: 30410
Epoch: [98]  [ 30/159]  eta: 0:05:20  lr: 0.000000  min_lr: 0.000000  loss: 1.0000 (0.9984)  weight_decay: 0.0500 (0.0500)  grad_norm: 0.0599 (0.0611)  time: 0.7404  data: 0.0002  max mem: 30410
Epoch: [98]  [ 40/159]  eta: 0:04:01  lr: 0.000000  min_lr: 0.000000  loss: 1.0000 (0.9983)  weight_decay: 0.0500 (0.0500)  grad_norm: 0.0598 (0.0631)  time: 0.6445  data: 0.0001  max mem: 30410
Epoch: [98]  [ 50/159]  eta: 0:03:10  lr: 0.000000  min_lr: 0.000000  loss: 0.9996 (0.9984)  weight_decay: 0.0500 (0.0500)  grad_norm: 0.0642 (0.0657)  time: 0.6144  data: 0.0001  max mem: 30410
Epoch: [98]  [ 60/159]  eta: 0:02:35  lr: 0.000000  min_lr: 0.000000  loss: 1.0000 (0.9984)  weight_decay: 0.0500 (0.0500)  grad_norm: 0.0809 (0.0687)  time: 0.6173  data: 0.0001  max mem: 30410
Epoch: [98]  [ 70/159]  eta: 0:02:07  lr: 0.000000  min_lr: 0.000000  loss: 1.0000 (0.9983)  weight_decay: 0.0500 (0.0500)  grad_norm: 0.0732 (0.0682)  time: 0.6177  data: 0.0001  max mem: 30410
Epoch: [98]  [ 80/159]  eta: 0:01:45  lr: 0.000000  min_lr: 0.000000  loss: 0.9981 (0.9983)  weight_decay: 0.0500 (0.0500)  grad_norm: 0.0689 (0.0681)  time: 0.6077  data: 0.0001  max mem: 30410
Epoch: [98]  [ 90/159]  eta: 0:01:26  lr: 0.000000  min_lr: 0.000000  loss: 0.9978 (0.9982)  weight_decay: 0.0500 (0.0500)  grad_norm: 0.0653 (0.0675)  time: 0.6062  data: 0.0001  max mem: 30410
Epoch: [98]  [100/159]  eta: 0:01:10  lr: 0.000000  min_lr: 0.000000  loss: 0.9981 (0.9982)  weight_decay: 0.0500 (0.0500)  grad_norm: 0.0653 (0.0682)  time: 0.6055  data: 0.0001  max mem: 30410
Epoch: [98]  [110/159]  eta: 0:00:55  lr: 0.000000  min_lr: 0.000000  loss: 1.0000 (0.9983)  weight_decay: 0.0500 (0.0500)  grad_norm: 0.0625 (0.0677)  time: 0.6049  data: 0.0001  max mem: 30410
Epoch: [98]  [120/159]  eta: 0:00:42  lr: 0.000000  min_lr: 0.000000  loss: 1.0000 (0.9983)  weight_decay: 0.0500 (0.0500)  grad_norm: 0.0625 (0.0683)  time: 0.6042  data: 0.0001  max mem: 30410
Epoch: [98]  [130/159]  eta: 0:00:30  lr: 0.000000  min_lr: 0.000000  loss: 1.0000 (0.9982)  weight_decay: 0.0500 (0.0500)  grad_norm: 0.0607 (0.0677)  time: 0.6047  data: 0.0001  max mem: 30410
Epoch: [98]  [140/159]  eta: 0:00:19  lr: 0.000000  min_lr: 0.000000  loss: 1.0000 (0.9982)  weight_decay: 0.0500 (0.0500)  grad_norm: 0.0607 (0.0678)  time: 0.6068  data: 0.0001  max mem: 30410
Epoch: [98]  [150/159]  eta: 0:00:08  lr: 0.000000  min_lr: 0.000000  loss: 1.0000 (0.9983)  weight_decay: 0.0500 (0.0500)  grad_norm: 0.0637 (0.0671)  time: 0.6052  data: 0.0001  max mem: 30410
Epoch: [98]  [158/159]  eta: 0:00:00  lr: 0.000000  min_lr: 0.000000  loss: 1.0000 (0.9983)  weight_decay: 0.0500 (0.0500)  grad_norm: 0.0555 (0.0665)  time: 0.6037  data: 0.0001  max mem: 30410
Epoch: [98] Total time: 0:02:36 (0.9819 s / it)
Averaged stats: lr: 0.000000  min_lr: 0.000000  loss: 1.0000 (0.9983)  weight_decay: 0.0500 (0.0500)  grad_norm: 0.0555 (0.0665)
Epoch: [99]  [  0/159]  eta: 2:18:24  lr: 0.000000  min_lr: 0.000000  loss: 0.9956 (0.9956)  weight_decay: 0.0500 (0.0500)  grad_norm: 0.0560 (0.0560)  time: 52.2277  data: 36.9674  max mem: 30410
Epoch: [99]  [ 10/159]  eta: 0:14:01  lr: 0.000000  min_lr: 0.000000  loss: 0.9995 (0.9973)  weight_decay: 0.0500 (0.0500)  grad_norm: 0.0598 (0.0612)  time: 5.6471  data: 3.3609  max mem: 30410
Epoch: [99]  [ 20/159]  eta: 0:07:39  lr: 0.000000  min_lr: 0.000000  loss: 0.9989 (0.9971)  weight_decay: 0.0500 (0.0500)  grad_norm: 0.0496 (0.0548)  time: 0.8603  data: 0.0002  max mem: 30410
Epoch: [99]  [ 30/159]  eta: 0:05:15  lr: 0.000000  min_lr: 0.000000  loss: 1.0000 (0.9976)  weight_decay: 0.0500 (0.0500)  grad_norm: 0.0484 (0.0583)  time: 0.6859  data: 0.0002  max mem: 30410
Epoch: [99]  [ 40/159]  eta: 0:03:59  lr: 0.000000  min_lr: 0.000000  loss: 1.0000 (0.9976)  weight_decay: 0.0500 (0.0500)  grad_norm: 0.0662 (0.0605)  time: 0.6480  data: 0.0001  max mem: 30410
Epoch: [99]  [ 50/159]  eta: 0:03:10  lr: 0.000000  min_lr: 0.000000  loss: 0.9986 (0.9977)  weight_decay: 0.0500 (0.0500)  grad_norm: 0.0582 (0.0604)  time: 0.6573  data: 0.0001  max mem: 30410
Epoch: [99]  [ 60/159]  eta: 0:02:34  lr: 0.000000  min_lr: 0.000000  loss: 1.0000 (0.9979)  weight_decay: 0.0500 (0.0500)  grad_norm: 0.0538 (0.0602)  time: 0.6545  data: 0.0002  max mem: 30410
Epoch: [99]  [ 70/159]  eta: 0:02:07  lr: 0.000000  min_lr: 0.000000  loss: 1.0000 (0.9980)  weight_decay: 0.0500 (0.0500)  grad_norm: 0.0538 (0.0610)  time: 0.6294  data: 0.0001  max mem: 30410
Epoch: [99]  [ 80/159]  eta: 0:01:44  lr: 0.000000  min_lr: 0.000000  loss: 0.9992 (0.9979)  weight_decay: 0.0500 (0.0500)  grad_norm: 0.0607 (0.0629)  time: 0.6011  data: 0.0001  max mem: 30410
Epoch: [99]  [ 90/159]  eta: 0:01:25  lr: 0.000000  min_lr: 0.000000  loss: 0.9964 (0.9978)  weight_decay: 0.0500 (0.0500)  grad_norm: 0.0645 (0.0630)  time: 0.5918  data: 0.0001  max mem: 30410
Epoch: [99]  [100/159]  eta: 0:01:09  lr: 0.000000  min_lr: 0.000000  loss: 0.9980 (0.9979)  weight_decay: 0.0500 (0.0500)  grad_norm: 0.0526 (0.0626)  time: 0.5910  data: 0.0001  max mem: 30410
Epoch: [99]  [110/159]  eta: 0:00:55  lr: 0.000000  min_lr: 0.000000  loss: 1.0000 (0.9980)  weight_decay: 0.0500 (0.0500)  grad_norm: 0.0608 (0.0628)  time: 0.5916  data: 0.0001  max mem: 30410
Epoch: [99]  [120/159]  eta: 0:00:42  lr: 0.000000  min_lr: 0.000000  loss: 1.0000 (0.9980)  weight_decay: 0.0500 (0.0500)  grad_norm: 0.0608 (0.0624)  time: 0.5909  data: 0.0001  max mem: 30410
Epoch: [99]  [130/159]  eta: 0:00:30  lr: 0.000000  min_lr: 0.000000  loss: 1.0000 (0.9979)  weight_decay: 0.0500 (0.0500)  grad_norm: 0.0581 (0.0627)  time: 0.5907  data: 0.0001  max mem: 30410
Epoch: [99]  [140/159]  eta: 0:00:19  lr: 0.000000  min_lr: 0.000000  loss: 1.0000 (0.9980)  weight_decay: 0.0500 (0.0500)  grad_norm: 0.0563 (0.0627)  time: 0.5901  data: 0.0001  max mem: 30410
Epoch: [99]  [150/159]  eta: 0:00:08  lr: 0.000000  min_lr: 0.000000  loss: 1.0000 (0.9979)  weight_decay: 0.0500 (0.0500)  grad_norm: 0.0530 (0.0627)  time: 0.5906  data: 0.0001  max mem: 30410
Epoch: [99]  [158/159]  eta: 0:00:00  lr: 0.000000  min_lr: 0.000000  loss: 0.9997 (0.9979)  weight_decay: 0.0500 (0.0500)  grad_norm: 0.0546 (0.0633)  time: 0.5911  data: 0.0001  max mem: 30410
Epoch: [99] Total time: 0:02:34 (0.9721 s / it)
Averaged stats: lr: 0.000000  min_lr: 0.000000  loss: 0.9997 (0.9983)  weight_decay: 0.0500 (0.0500)  grad_norm: 0.0546 (0.0633)
[Eval]   [0/2]  eta: 0:00:10  loss: 0.9974 (0.9974)  time: 5.3072  data: 5.1393  max mem: 30410
[Eval]   [1/2]  eta: 0:00:02  loss: 0.9974 (0.9987)  time: 2.7001  data: 2.5697  max mem: 30410
[Eval]  Total time: 0:00:05 (2.8667 s / it)
Eval averaged stats: loss: 0.9974 (0.9995)
[Eval] Image Metrics:  [0/2]  eta: 0:00:12    time: 6.4083  data: 5.6685  max mem: 30410
[Eval] Image Metrics:  [1/2]  eta: 0:00:03    time: 3.2546  data: 2.8343  max mem: 30410
[Eval] Image Metrics: Total time: 0:00:07 (3.6217 s / it)
[Eval] Metric Results: [Eval] MSE: 0.0000 (0.0000)  [Eval] MAE: 0.0000 (0.0000)  [Eval] PSNR: 47.0095 (47.0095)  [Eval] MS-SSIM: 0.9991 (0.9991)
Logged 9 eval images
Training time 4:23:49
